Ad Archive ID,Page Profile URI,Website URL,Facebook,Instagram,TikTok,YouTube,Email,Phone,Twitter,LinkedIn,Pinterest,Page ID,Link URL,Page Name,Facebook AD URL,Body Text,Page Like Count,CTA Text,Content (Caption),Publisher Platform,Start Date,End Date,Videos,Images,Cards Body,Cards Link URL,Cards Caption,Cards CTA Text,Cards Images,Cards Videos
1446957453866620,https://www.facebook.com/vardhmanamrante/,fb.me,https://www.facebook.com/vardhmanamrante/,,,,info@vardhmanamrante.com,+91 62933 88888,,,,813791845364954,http://fb.me/,Vardhman Amrante,https://www.facebook.com/ads/library/?id=1446957453866620,"Chalta Bazaar, Ab Hai Taiyaar!
Get ready for unmatched visibility on the Ludhiana - Chandigarh Highway.

Vardhman City Centre is shaping up as Ludhiana’s next high-impact commercial destination - designed for brands that want footfall, frontage, and fast growth.

Why investors are choosing VCC:
* Highway-facing retail with superb visibility
* Surrounded by 7,00,000+ affluent residents
* 30,000 daily commuters on NH-05
* Ideal for F&B, retail & high-street brands
* Planned infrastructure with ample parking

This isn’t just a commercial space - it’s where footfall turns into revenue.

Don't wait to build your legacy! Invest Today!
www.vardhmanamrante.com
+91 629 338 8888

#VardhmanCityCentre #InvestSmart #Ludhiana #chandigarhroad #NH5Frontage #RetailDreams #LuxurySpaces #FutureFocused #BusinessOpportunities #commercialspace #retailspace",25803,Get quote,fb.me,"FACEBOOK; INSTAGRAM; AUDIENCE_NETWORK",2026-06-10,2026-06-15,HD: https://video.fjai6-1.fna.fbcdn.net/o1/v/t2/f2/m366/AQMUVSugArX6aD1lc2yKkkZZ6HUMQuwuAjfIgon-PSx3GgYKR4Ekoknr3HzBl1EfspeUf4NYW_E41L57Z516i1E-kdW77XexcM6ebqYo2gJthg.mp4?_nc_cat=103&_nc_oc=AdoLXhiwtJSkd-Wizd8TbPWAKDPa44zXJFRUGVNgKYt_TZ3m9dLj84mweT9PskgKGmzO1Q4vdHdGF9a1NY1b4WZP&_nc_sid=b66105&_nc_ht=video.fjai6-1.fna.fbcdn.net&_nc_ohc=pvL60F0Vt2EQ7kNvwGiQ30G&efg=eyJ2ZW5jb2RlX3RhZyI6Inhwdl9wcm9ncmVzc2l2ZS5WSV9VU0VDQVNFX1BST0RVQ1RfVFlQRS4uQzMuNzIwLmRhc2hfaDI2NC1iYXNpYy1nZW4yXzcyMHAiLCJ4cHZfYXNzZXRfaWQiOjE2NzA5MzkyNTA5NDQ1OTIsImFzc2V0X2FnZV9kYXlzIjoxMTUsInZpX3VzZWNhc2VfaWQiOjEwNzk5LCJkdXJhdGlvbl9zIjo0MSwidXJsZ2VuX3NvdXJjZSI6Ind3dyJ9&ccb=17-1&vs=551cd56cf6870180&_nc_vs=HBksFQIYRWZiX2VwaGVtZXJhbC8wQjQ1NzM1RjZCNUUyRUE5QzY5RjRGRjYzMEU4ODZCNV9tdF8xX3ZpZGVvX2Rhc2hpbml0Lm1wNBUAAsgBEgAVAhhAZmJfcGVybWFuZW50L0MwNEUxMjlENjc5QTg2MUNCRTU3Mjg5QjRGOTk0QUFGX2F1ZGlvX2Rhc2hpbml0Lm1wNBUCAsgBEgAoABgAGwKIB3VzZV9vaWwBMRJwcm9ncmVzc2l2ZV9yZWNpcGUBMRUAACagqfPHu-33BRUCKAJDMywXQESPXCj1wo8YGWRhc2hfaDI2NC1iYXNpYy1nZW4yXzcyMHARAHUAZd6oAQA&_nc_gid=0xeXGP4m8TGyY-XiNxVO1Q&_nc_ss=7b289&_nc_zt=28&oh=00_Af9ZZ_JQvlXVPe2kKjSbq6-W8OY0PbsdvOVn-KCwg5f7JA&oe=6A36D251 | SD: https://video.fjai6-1.fna.fbcdn.net/o1/v/t2/f2/m412/AQMvKtEkU7DKgVMJZKVuWFwwliL8MAcaTFZxdPCvRflwCeCKHVkH9T4b-qPfgAVuC1yhcsXZkHoH6A3k4hvmXH7JJLgbjS_Qi01-EUiI9Q.mp4?_nc_cat=110&_nc_oc=AdrWH8KK2NJHwR-z_aGBqlYDrmTrmrbGrBnYmkI06BuZ3bcTRbQAWG2wHJdS7hqNmYl1MVjRDWpppF1JgD1wtaxX&_nc_sid=ef5aa3&_nc_ht=video.fjai6-1.fna.fbcdn.net&_nc_ohc=lPWicEqiQIcQ7kNvwGNZTy5&efg=eyJ2ZW5jb2RlX3RhZyI6Inhwdl9wcm9ncmVzc2l2ZS5WSV9VU0VDQVNFX1BST0RVQ1RfVFlQRS4uQzMuMzYwLnN2ZV9zZCIsInhwdl9hc3NldF9pZCI6MTY3MDkzOTI1MDk0NDU5MiwiYXNzZXRfYWdlX2RheXMiOjExNSwidmlfdXNlY2FzZV9pZCI6MTA3OTksImR1cmF0aW9uX3MiOjQxLCJ1cmxnZW5fc291cmNlIjoid3d3In0%3D&ccb=17-1&_nc_gid=0xeXGP4m8TGyY-XiNxVO1Q&_nc_ss=7b289&_nc_zt=28&oh=00_Af8nzBCr4SiWSANTMGxcfZvxglwX1Aj3Yz1hQLramLrV9w&oe=6A36DC7C | Preview: https://scontent.fjai6-1.fna.fbcdn.net/v/t39.35426-6/651023148_1631962797932497_12431947772378111_n.jpg?_nc_cat=104&ccb=1-7&_nc_sid=c53f8f&_nc_ohc=lk09vg2B7_cQ7kNvwFjK7g6&_nc_oc=AdowW3Agms0nnS1utKzWq4XW2-cOeRq5XHT2_w5Kv8KenSiMkOu06ICdyW9DZ-9K-WKWx9NEFk3Xn7t5BZL3Cmbl&_nc_zt=14&_nc_ht=scontent.fjai6-1.fna&_nc_gid=0xeXGP4m8TGyY-XiNxVO1Q&_nc_ss=7b289&oh=00_Af-HhTrZAKxUsA3ZEVahGeYdD1eW2-wNs8xDA6UIuo1CJw&oe=6A36DDBC,,,,,,,
4297622897155072,https://www.facebook.com/galaxylightstudio/,api.whatsapp.com,https://www.facebook.com/galaxylightstudio/,,,,galaxylight015@gmail.com,+91 76000 04580,,,,110439405130416,https://api.whatsapp.com/send,Galaxy Light Studio,https://www.facebook.com/ads/library/?id=4297622897155072,"Illuminating your space has never looked this good! ✨ Whether you're designing a cozy home or a sleek commercial project, Galaxy Light Studio has the perfect glow for every corner. 💡

From elegant chandeliers to modern magnetic tracks, we bring luxury and functionality together. Check out our wide range of:

Outdoor & Wall Lights 🏠

Designer Hanging & Chandelier Lights 💎

Mirror & Picture Lights 🖼️

Commercial Solutions: Deep Downlights, COB Spots, and Linear Lights 🏢

Visit us today at our

Gandhinagar:-
The Landmark, A-101, opp. Kansar hotel, Kudasan, Gandhinagar, Gujarat 382419

Ahmedabad:-
101, Dream Rise Complex, Science City Rd, opp. The Capital, Sola, Ahmedabad, Gujarat 380060

Himmatnagar:-
G-9 raj priya complex, b/h medistar hospital Sahkari jin cross road,hadiyol, road, Himatnagar, Gujarat 383002

studios and let’s light up your world! 🌟

📞 Contact Us:
+91 76007 67444
+91 76007 67888",593,Send WhatsApp message,api.whatsapp.com,"FACEBOOK; INSTAGRAM; AUDIENCE_NETWORK; MESSENGER; WHATSAPP",2026-06-03,2026-06-15,HD: https://video.fjai6-1.fna.fbcdn.net/o1/v/t2/f2/m69/AQO6zk6ZDFYkcTcYlpu7TwSRPZUlaHJ-YYvLWcQ8nDrHrV1x-xYieQeXdV1JCMTFShhzVqCR26XUNB6FZqtdMkq-.mp4?strext=1&_nc_cat=111&_nc_oc=AdoPt5cnUWKv9l_N1Ro116OtN-hgyABfXhAGF6w7mhq_nTxFvApTxaGAAtUwg6jY3o1NLek_j55nOHGE7Z9GvYdV&_nc_sid=b66105&_nc_ht=video.fjai6-1.fna.fbcdn.net&_nc_ohc=ZCFAuhmLI9QQ7kNvwF9tipE&efg=eyJ2ZW5jb2RlX3RhZyI6Inhwdl9wcm9ncmVzc2l2ZS5WSV9VU0VDQVNFX1BST0RVQ1RfVFlQRS4uQzMuNzIwLmRhc2hfYmFzZWxpbmVfMV92MSIsInhwdl9hc3NldF9pZCI6MTgwMDcwNDc3NzM4NDQ2OTYsImFzc2V0X2FnZV9kYXlzIjo5OSwidmlfdXNlY2FzZV9pZCI6MTAwOTksImR1cmF0aW9uX3MiOjg0LCJ1cmxnZW5fc291cmNlIjoid3d3In0%3D&ccb=17-1&vs=4b7f09184bda1ae3&_nc_vs=HBksFQIYOnBhc3N0aHJvdWdoX2V2ZXJzdG9yZS9HTm1KcENZdFhuZmlSZ0VPQUZjemxOMWUyQjhrYnNwVEFRQUYVAALIARIAFQIYUWlnX3hwdl9wbGFjZW1lbnRfcGVybWFuZW50X3YyL0M2NDA2MjVDNzg5REZGNDg3RUExNTNFOEI0MTRDOUJBX2F1ZGlvX2Rhc2hpbml0Lm1wNBUCAsgBEgAoABgAGwKIB3VzZV9vaWwBMRJwcm9ncmVzc2l2ZV9yZWNpcGUBMRUAACaw05vgkNT8PxUCKAJDMywXQFU1T987ZFoYEmRhc2hfYmFzZWxpbmVfMV92MREAdQBl5p0BAA&_nc_gid=foW0INcM8liS91pYofcv7g&_nc_ss=7b289&_nc_zt=28&oh=00_Af_0AeToeuIaSlEeDJcV5-PF4ll_SFQUcuxFtn26lNywRw&oe=6A36BF2F | SD: https://video.fjai6-1.fna.fbcdn.net/o1/v/t2/f2/m86/AQOecb56KheGOof3vwey3Z3f9Nj6wFJYGwFYdWGHdhnAZ8jUDuX-tGHWJCFM2awWeKbnHPsQzwy84Fo7wUlPq5A.mp4?_nc_cat=109&_nc_oc=AdowN3OYz_p9GHqC9XFG-cER7fW8N7DFEnzEnO4Z-_PgL3Wq5sAeOx5P4-YbnQRD5aHFhdSC7-MMtPKFwBLMTVNT&_nc_sid=b66105&_nc_ht=video.fjai6-1.fna.fbcdn.net&_nc_ohc=CYwe2Nohp8UQ7kNvwGyg2ql&efg=eyJ2ZW5jb2RlX3RhZyI6Inhwdl9wcm9ncmVzc2l2ZS5WSV9VU0VDQVNFX1BST0RVQ1RfVFlQRS4uQzMuMzYwLmRhc2hfYmFzZWxpbmVfM192MSIsInhwdl9hc3NldF9pZCI6MTgwMDcwNDc3NzM4NDQ2OTYsImFzc2V0X2FnZV9kYXlzIjo5OSwidmlfdXNlY2FzZV9pZCI6MTAwOTksImR1cmF0aW9uX3MiOjg0LCJ1cmxnZW5fc291cmNlIjoid3d3In0%3D&ccb=17-1&vs=a74dded88bd181bd&_nc_vs=HBksFQIYRmlnX3hwdl9yZWVsc19wZXJtYW5lbnRfc3JfcHJvZC85MDEwMDA4ODYwODI2NjlfODMxMjA1NTcwNzM3Mjg5NzE3Ny5tcDQVAALIARIAFQIYUWlnX3hwdl9wbGFjZW1lbnRfcGVybWFuZW50X3YyL0M2NDA2MjVDNzg5REZGNDg3RUExNTNFOEI0MTRDOUJBX2F1ZGlvX2Rhc2hpbml0Lm1wNBUCAsgBEgAoABgAGwKIB3VzZV9vaWwBMRJwcm9ncmVzc2l2ZV9yZWNpcGUBMRUAACaw05vgkNT8PxUCKAJDMywXQFU1T987ZFoYEmRhc2hfYmFzZWxpbmVfM192MREAdQBl5p0BAA&_nc_gid=foW0INcM8liS91pYofcv7g&_nc_ss=7b289&_nc_zt=28&oh=00_Af9eVpkC_G94p_VvpbiiEtxEdRbsD0-6S9p9-n1JgiShCw&oe=6A32C5EB | Preview: https://scontent.fjai6-1.fna.fbcdn.net/v/t39.35426-6/715689902_964929829721068_8445023315347232825_n.jpg?_nc_cat=104&ccb=1-7&_nc_sid=c53f8f&_nc_ohc=P6nJTV1j4wAQ7kNvwGu7gi0&_nc_oc=AdpQSRCF74cNDOMOa8up9HDlOrtxx2kyYSKw-SDFgavlSvbtjs8tEB5lYEi7NaZLmDU-OyDPLpOZvWrKDKul6XsA&_nc_zt=14&_nc_ht=scontent.fjai6-1.fna&_nc_gid=foW0INcM8liS91pYofcv7g&_nc_ss=7b289&oh=00_Af9DGkGljxnTGgzin3Wx4T570BJCdS01yC5q9rgSzQaHrg&oe=6A36B5AB,,,,,,,
1969043247051627,https://www.facebook.com/61567395000394/,api.whatsapp.com,https://www.facebook.com/61567395000394/,,,,sunpluscerallp@gmail.com,+91 99132 22344,,,,486085654581137,https://api.whatsapp.com/send,Sunplus Cera LLP,https://www.facebook.com/ads/library/?id=1969043247051627,"𝐃𝐞𝐚𝐥𝐞𝐫𝐬𝐡𝐢𝐩 𝐎𝐟𝐟𝐞𝐫 𝐟𝐨𝐫 𝐒𝐭𝐞𝐩 & 𝐑𝐢𝐬𝐞𝐫 𝐓𝐢𝐥𝐞𝐬!
SUNPLUS brings a special dealership opportunity for ceramic traders & new entrepreneurs.
• 𝗚𝗲𝘁 𝗽𝗿𝗲𝗺𝗶𝘂𝗺 𝗽𝗿𝗼𝗱𝘂𝗰𝘁 𝗿𝗮𝗻𝗴𝗲
• 𝗔𝘁𝘁𝗿𝗮𝗰𝘁𝗶𝘃𝗲 𝗽𝗿𝗼𝗳𝗶𝘁 𝗺𝗮𝗿𝗴𝗶𝗻𝘀
• 𝗙𝗮𝘀𝘁-𝗺𝗼𝘃𝗶𝗻𝗴 𝘀𝘁𝗮𝗶𝗿𝗰𝗮𝘀𝗲 𝘁𝗶𝗹𝗲𝘀

👉 Become an authorized SUNPLUS Dealer now!",2312,Send WhatsApp message,api.whatsapp.com,"FACEBOOK; INSTAGRAM; AUDIENCE_NETWORK; MESSENGER; WHATSAPP",2026-03-20,2026-06-15,HD: https://video.fjai6-1.fna.fbcdn.net/o1/v/t2/f2/m366/AQN0p2ilfWlZVgMBNR8-1jfMzfQwEE68p3C_gs-OLfvNtOgaYH60hh5VKRveG3fslzwdKjcH4NETxSAMXB6U7ule2MQYtew5BZQ2nM8x6mGlTg.mp4?_nc_cat=106&_nc_oc=AdpQ7lstKK9kEXdT9BLRA7Cob2tZpL3Nu-r078e8g36M5yhnxK7Ud3fhdV7JBxF4Fg4wRR-f4t1QqCXax0DzRhXy&_nc_sid=b66105&_nc_ht=video.fjai6-1.fna.fbcdn.net&_nc_ohc=bRiX7EXwCisQ7kNvwH8Pgs_&efg=eyJ2ZW5jb2RlX3RhZyI6Inhwdl9wcm9ncmVzc2l2ZS5WSV9VU0VDQVNFX1BST0RVQ1RfVFlQRS4uQzMuMTI4MC5kYXNoX2gyNjQtYmFzaWMtZ2VuMl83MjBwIiwieHB2X2Fzc2V0X2lkIjo2OTIyNjU3NjY0ODU1NjcsImFzc2V0X2FnZV9kYXlzIjoyNjksInZpX3VzZWNhc2VfaWQiOjEwNzk5LCJkdXJhdGlvbl9zIjo2MSwidXJsZ2VuX3NvdXJjZSI6Ind3dyJ9&ccb=17-1&vs=bd645d59a3229b62&_nc_vs=HBksFQIYRWZiX2VwaGVtZXJhbC9CQzQ0N0VBRTE4MjNBRDg3NjhFRUMzNERBQzM3Qjg5MV9tdF8xX3ZpZGVvX2Rhc2hpbml0Lm1wNBUAAsgBEgAVAhhAZmJfcGVybWFuZW50L0JFNEU5MzM0RjcxMjE1ODBFNjNDMjhENUEyQ0E1QzkxX2F1ZGlvX2Rhc2hpbml0Lm1wNBUCAsgBEgAoABgAGwKIB3VzZV9vaWwBMRJwcm9ncmVzc2l2ZV9yZWNpcGUBMRUAACb--M_xlee6AhUCKAJDMywXQE69cKPXCj0YGWRhc2hfaDI2NC1iYXNpYy1nZW4yXzcyMHARAHUAZd6oAQA&_nc_gid=foW0INcM8liS91pYofcv7g&_nc_ss=7b289&_nc_zt=28&oh=00_Af9OoNmq7ydN3QspBFwDdGKZtFwNEBa6bEU_wEZL11n26A&oe=6A36C372 | SD: https://video.fjai6-1.fna.fbcdn.net/o1/v/t2/f2/m412/AQMcaiV9r5hS87ZASmPAJ-7gprZk2v6LqSbXpqsr9AYNEfpt23ZylKLF9x2uw4Yyrnx_lB8Wt5_B47BSj5WDq7kkr_IjJ9NV1DExHmMY-g.mp4?_nc_cat=108&_nc_oc=AdrgcyEdjo1FGoEPyUG9ebIgDVpkdAM22-UImAAoEHooU0TwZFAWsCFmID2i05IzqIs1pxygjBvuc_tcrGOTD2NY&_nc_sid=ef5aa3&_nc_ht=video.fjai6-1.fna.fbcdn.net&_nc_ohc=QCgIeQVB850Q7kNvwHqlwU1&efg=eyJ2ZW5jb2RlX3RhZyI6Inhwdl9wcm9ncmVzc2l2ZS5WSV9VU0VDQVNFX1BST0RVQ1RfVFlQRS4uQzMuNjQwLnN2ZV9zZCIsInhwdl9hc3NldF9pZCI6NjkyMjY1NzY2NDg1NTY3LCJhc3NldF9hZ2VfZGF5cyI6MjY5LCJ2aV91c2VjYXNlX2lkIjoxMDc5OSwiZHVyYXRpb25fcyI6NjEsInVybGdlbl9zb3VyY2UiOiJ3d3cifQ%3D%3D&ccb=17-1&_nc_gid=foW0INcM8liS91pYofcv7g&_nc_ss=7b289&_nc_zt=28&oh=00_Af9n7mDk0Vxf-bW6GogFmnBqHpUvcLh7BHM95Ufi5AqXNw&oe=6A36E15E | Preview: https://scontent.fjai6-1.fna.fbcdn.net/v/t39.35426-6/655050071_1461910745947612_4044834216261966359_n.jpg?_nc_cat=102&ccb=1-7&_nc_sid=c53f8f&_nc_ohc=bUJDVWdpRPwQ7kNvwFDrwt8&_nc_oc=AdoANG80GGEPxbiF2_HJbuWG0wYqWjj-WaSskeY-F7iQLFR7_l3Q9V1tcEnypeoqd7YSruqZHXAQCfkGFVXxmt73&_nc_zt=14&_nc_ht=scontent.fjai6-1.fna&_nc_gid=foW0INcM8liS91pYofcv7g&_nc_ss=7b289&oh=00_Af9pTiiwdP9rPtoIZ5r5gQ8lgFmdZrR9Muvso5Qmn86Q3w&oe=6A36CD1C,,,,,,,
900626073002928,https://www.facebook.com/61586895480898/,api.whatsapp.com,https://www.facebook.com/61586895480898/,,,,,+91 92945 51838,,,,945385708658645,https://api.whatsapp.com/send,SHREE KUNJ,https://www.facebook.com/ads/library/?id=900626073002928,Jabalpur’s Trusted Construction Partner,11,Send WhatsApp message,api.whatsapp.com,"FACEBOOK; INSTAGRAM; AUDIENCE_NETWORK; MESSENGER; WHATSAPP",2026-05-03,2026-06-15,,,Jabalpur’s Trusted Construction Partner || Jabalpur’s Trusted Construction Partner || Jabalpur’s Trusted Construction Partner || Jabalpur’s Trusted Construction Partner,https://api.whatsapp.com/send || https://api.whatsapp.com/send || https://api.whatsapp.com/send || https://api.whatsapp.com/send,,Send WhatsApp Message || Send WhatsApp Message || Send WhatsApp Message || Send WhatsApp Message,Original: https://scontent.fjai6-1.fna.fbcdn.net/v/t39.35426-6/688991536_1699775714359087_8403590691248204388_n.jpg?_nc_cat=106&ccb=1-7&_nc_sid=c53f8f&_nc_ohc=CEYF_THQ0x8Q7kNvwH-Ag1s&_nc_oc=Ado-MlnfoAQJ3oxPD7BkRXMuE_wTIzFKUfqXGYnWuNUUmhHfGS49uNoNqavl1NwdxHZX1EKN0IWJrkEyXHc-aoo1&_nc_zt=14&_nc_ht=scontent.fjai6-1.fna&_nc_gid=foW0INcM8liS91pYofcv7g&_nc_ss=7b289&oh=00_Af_XiYGAMc7FF_Zgz56-UaQcz--2KuIqncJpXyJOxxzM7g&oe=6A36AE46 | Resized: https://scontent.fjai6-1.fna.fbcdn.net/v/t39.35426-6/688462809_855648940912915_7357233477005078428_n.jpg?stp=dst-jpg_s600x600_tt6&_nc_cat=108&ccb=1-7&_nc_sid=c53f8f&_nc_ohc=4stXsc9zgfYQ7kNvwHZ_EVc&_nc_oc=AdpFm8Mr-ENcSlEC6zI6VEUqMlF3ef_atFI-2gtnxuhOvvOr37w0IUrFidXQI6yjzX0yktveDGbGv1YLHjQ1US8_&_nc_zt=14&_nc_ht=scontent.fjai6-1.fna&_nc_gid=foW0INcM8liS91pYofcv7g&_nc_ss=7b289&oh=00_Af8ceIv-SUdKHT0cUepxi4N_tHfAw6uW8jAc4wARiG_o8A&oe=6A36B1C0 || Original: https://scontent.fjai6-1.fna.fbcdn.net/v/t39.35426-6/684955618_994021829975317_1543251460725816906_n.jpg?_nc_cat=108&ccb=1-7&_nc_sid=c53f8f&_nc_ohc=ImnLNF654r8Q7kNvwHaSGrR&_nc_oc=AdrdRynQpGSoBXgQX9mGqXSiw9U9yZqMhf-S-q3KxEM1DEpOdip5zwhpXxPgdDdjCw2vqHhiun3SYNqWtwR8-wmB&_nc_zt=14&_nc_ht=scontent.fjai6-1.fna&_nc_gid=foW0INcM8liS91pYofcv7g&_nc_ss=7b289&oh=00_Af90TrOp5uUumwnkTGM2pK4zIPqAOgyCwU9emaJafY0bQg&oe=6A36B064 | Resized: https://scontent.fjai6-1.fna.fbcdn.net/v/t39.35426-6/689752566_1669252560746822_9075381025147994162_n.jpg?stp=dst-jpg_s600x600_tt6&_nc_cat=101&ccb=1-7&_nc_sid=c53f8f&_nc_ohc=xWtWiz-50jgQ7kNvwGDHNvv&_nc_oc=Adq-LxbiVo5-C7m_LFjoXAzEvZGO4o4UNwEoh9Rv10UpTNKrZp68dvp7f2v3vZ6nJ70Lvxf9W5jIvz77TNoWHDLs&_nc_zt=14&_nc_ht=scontent.fjai6-1.fna&_nc_gid=foW0INcM8liS91pYofcv7g&_nc_ss=7b289&oh=00_Af_wpYCzv_UUO5xdG-sA-F1z45-_4lrOyNQMgnFUMVTPAw&oe=6A36C340 || Original: https://scontent.fjai6-1.fna.fbcdn.net/v/t39.35426-6/688812015_937488812436490_3219868894895545206_n.jpg?_nc_cat=103&ccb=1-7&_nc_sid=c53f8f&_nc_ohc=o1JFt4nLjOoQ7kNvwG6vgZ6&_nc_oc=AdqZJYFF-G1fWyVRBLRhPOEAMXmrb8v797Luagbrpl7jzdtzULRx6UCgCmkvG6fXQb1YRqryLOUp4WOEY-z6UQ50&_nc_zt=14&_nc_ht=scontent.fjai6-1.fna&_nc_gid=foW0INcM8liS91pYofcv7g&_nc_ss=7b289&oh=00_Af8hne21ebEzTybcwuc2LD8ED3DVXaUIKJN5IDjfLPtiTw&oe=6A36C2F9 | Resized: https://scontent.fjai6-1.fna.fbcdn.net/v/t39.35426-6/688154306_1676115857033958_8752409614781330343_n.jpg?stp=dst-jpg_s600x600_tt6&_nc_cat=101&ccb=1-7&_nc_sid=c53f8f&_nc_ohc=XZ30AMrWvigQ7kNvwFr7fGa&_nc_oc=AdoRhsCrPjbxiYIPeJ_vCvFswRYYh6W51C4geL0Yq0eew-AwiAmVeTkZoOyRZMmdpzHUxND1Vuh_UA20F6l8UuZK&_nc_zt=14&_nc_ht=scontent.fjai6-1.fna&_nc_gid=foW0INcM8liS91pYofcv7g&_nc_ss=7b289&oh=00_Af9ORDxer9u3Kp2OrxSts9QWH5czpnvNWJKwWhjuS7iADQ&oe=6A36C780,HD: https://video.fjai6-1.fna.fbcdn.net/o1/v/t2/f2/m366/AQNYLWEHchfTgrt8P3T1qiOYfEnBhK-wAx8srwYRE0FTmTpxU9uOTOyRhzO0UjyjVJFCw9phDZE_gmQRRhZwvYW4PByX7QPnuVUgqQ90MpHbAA.mp4?_nc_cat=103&_nc_oc=AdpXjwHQrvDmiuDxwBUkZukaeK7lyiRpP_opafIELvb9t41uMfrOgLMdipOGFy-tYoprNKsxVV5101Ku24kgk7kz&_nc_sid=b66105&_nc_ht=video.fjai6-1.fna.fbcdn.net&_nc_ohc=99knYK4it7wQ7kNvwEq6hst&efg=eyJ2ZW5jb2RlX3RhZyI6Inhwdl9wcm9ncmVzc2l2ZS5WSV9VU0VDQVNFX1BST0RVQ1RfVFlQRS4uQzMuNzIwLmRhc2hfaDI2NC1iYXNpYy1nZW4yXzcyMHAiLCJ4cHZfYXNzZXRfaWQiOjE2NTAwODI2NzYyNzYyNTgsImFzc2V0X2FnZV9kYXlzIjo0MywidmlfdXNlY2FzZV9pZCI6MTA3OTksImR1cmF0aW9uX3MiOjQ3LCJ1cmxnZW5fc291cmNlIjoid3d3In0%3D&ccb=17-1&vs=43274826ee5434e6&_nc_vs=HBksFQIYRWZiX2VwaGVtZXJhbC85NjQwQzM3OTNFQjJCMjYwRkUwMDQ4RjdBOTgxQkFBNF9tdF8xX3ZpZGVvX2Rhc2hpbml0Lm1wNBUAAsgBEgAVAhhAZmJfcGVybWFuZW50LzQ1NEE5MTQwMTc1MDU4QTJDRDE3OUExQUYxRkZGNkExX2F1ZGlvX2Rhc2hpbml0Lm1wNBUCAsgBEgAoABgAGwKIB3VzZV9vaWwBMRJwcm9ncmVzc2l2ZV9yZWNpcGUBMRUAACbE8Kf8ua_uBRUCKAJDMywXQEe9cKPXCj0YGWRhc2hfaDI2NC1iYXNpYy1nZW4yXzcyMHARAHUAZd6oAQA&_nc_gid=foW0INcM8liS91pYofcv7g&_nc_ss=7b289&_nc_zt=28&oh=00_Af-7ZgF8_-4ppmHYHuPpdk9hFQjUH6aVmg8RChKBTFaWrA&oe=6A36D561 | SD: https://video.fjai6-1.fna.fbcdn.net/o1/v/t2/f2/m412/AQPZPffpqlOs0dNOLA0-4AF2vsZMYBqg7bfTqdyiWE_e8CmpFQPYCWa9qq0sFKn3pH1VIgTz_evGxmhRzm-3mgBHgWZFVbDT1wKGloKfgQ.mp4?_nc_cat=103&_nc_oc=AdoUGzOn6JZlo_CVybF1fuJLSGiOFBcRPdG5erpl_EFA8U1Hh-ViHSvAboU0ywRI3PIzAYu1NJNAsINKyvFKhqyX&_nc_sid=ef5aa3&_nc_ht=video.fjai6-1.fna.fbcdn.net&_nc_ohc=bRD102FWkTsQ7kNvwHrxFKK&efg=eyJ2ZW5jb2RlX3RhZyI6Inhwdl9wcm9ncmVzc2l2ZS5WSV9VU0VDQVNFX1BST0RVQ1RfVFlQRS4uQzMuMzYwLnN2ZV9zZCIsInhwdl9hc3NldF9pZCI6MTY1MDA4MjY3NjI3NjI1OCwiYXNzZXRfYWdlX2RheXMiOjQzLCJ2aV91c2VjYXNlX2lkIjoxMDc5OSwiZHVyYXRpb25fcyI6NDcsInVybGdlbl9zb3VyY2UiOiJ3d3cifQ%3D%3D&ccb=17-1&_nc_gid=foW0INcM8liS91pYofcv7g&_nc_ss=7b289&_nc_zt=28&oh=00_Af8rXf3aC2QrXiW4t0qTp2WXjeFUJYnyCjkFYtOHWyBE8w&oe=6A36D333 | Preview: https://scontent.fjai6-1.fna.fbcdn.net/v/t39.35426-6/687901690_26428539686773102_5995144352944802740_n.jpg?_nc_cat=100&ccb=1-7&_nc_sid=c53f8f&_nc_ohc=dyodbV8IpiIQ7kNvwH1ZjU5&_nc_oc=AdrnWydW5ZQSxYh74hxGDmLGMb4yTJ97yfpGCNeg8omPOBFbs_yJRBLIBymlcYesvrbT4WpfQywAILXYpR6EUNK4&_nc_zt=14&_nc_ht=scontent.fjai6-1.fna&_nc_gid=foW0INcM8liS91pYofcv7g&_nc_ss=7b289&oh=00_Af-DyFveWPW0GG43IOu_34W2Ope7tKDHHCgOIHhK6W-eyA&oe=6A36B3F5
1532761535042226,https://www.facebook.com/61575426642952/,fb.me,https://www.facebook.com/61575426642952/,,,,,+91 80108 41841,,,,1083764188148286,http://fb.me/,New launch in Delhi NCR,https://www.facebook.com/ads/library/?id=1532761535042226,"Invest 32 Lakhs now and get 48000/- per month 
Get 𝟭𝟮% 𝗮𝘀𝘀𝘂𝗿𝗲𝗱 𝗿𝗲𝘁𝘂𝗿𝗻 𝘁𝗶𝗹𝗹 𝗽𝗼𝘀𝘀𝗲𝘀𝘀𝗶𝗼𝗻.

𝐋𝐨𝐜𝐚𝐭𝐢𝐨𝐧
Sector 19B, Dwarka Delhi, Opp. Bharat Vandana Park
Close to IGI Airports & Dwarka Delhi Metro

Invest in :-
𝐑𝐄𝐓𝐀𝐈𝐋 𝐒𝐇𝐎𝐏𝐒 | 𝐅𝐎𝐎𝐃 𝐂𝐎𝐔𝐑𝐓 | 𝐌𝐔𝐋𝐓𝐈𝐏𝐋𝐄𝐗 | 𝟓-𝐒𝐓𝐀𝐑 𝐇𝐎𝐓𝐄𝐋

𝐏𝐫𝐨𝐣𝐞𝐜𝐭 𝐇𝐢𝐠𝐡𝐥𝐢𝐠𝐡𝐭𝐬
⭐ Reason To Invest Today 👉---

✔️ 12% Assured Return
✔️ 3-year lease guarantee
✔️ 12 Lacs Families Live Nearby  
✔️ 3 min distance from Bharat Vandana Park
✔️ Open Street Market With Fully Air Conditioner
✔️ Payment Plan 50:50
✔️ 30 Acres Of Top Tier Sports Facilities
✔️ Outdoor & Indoor Sports Stadium
✔️ 75,000 sq.ft Sports Arena
✔️75% of Retail Shops on the ground floor
✔️ Asia’s largest golf course 500 - 700 mtr

Click on Get Quote Button and fill your contact details",5,Get quote,fb.me,"FACEBOOK; INSTAGRAM; AUDIENCE_NETWORK",2026-05-20,2026-06-15,HD: https://video.fjai6-1.fna.fbcdn.net/o1/v/t2/f2/m366/AQOKoGYqWR3eQe7H5_e-zdriCycjApYJ2ZBktrxOb2B6D8VVUzcFRx-VIZ5G3uBEFhfT5jTm7SYgUfFV-edDLVX6y-bqaY77nRUE8WR8ikb26g.mp4?_nc_cat=103&_nc_oc=AdpVGJN5xc1HLKbdpaP4_bD-DHe66S3oaiyw3hnryHG0NfgF4_uqIIW8ybIBb_V-sD-E_ZgwMwXpFaSTWBiLqmth&_nc_sid=b66105&_nc_ht=video.fjai6-1.fna.fbcdn.net&_nc_ohc=VW6ZtY0DXFUQ7kNvwHR5l_Q&efg=eyJ2ZW5jb2RlX3RhZyI6Inhwdl9wcm9ncmVzc2l2ZS5WSV9VU0VDQVNFX1BST0RVQ1RfVFlQRS4uQzMuNzIwLmRhc2hfaDI2NC1iYXNpYy1nZW4yXzcyMHAiLCJ4cHZfYXNzZXRfaWQiOjE2Mjk5MjIwMDUwMDY1ODAsImFzc2V0X2FnZV9kYXlzIjo1MywidmlfdXNlY2FzZV9pZCI6MTA3OTksImR1cmF0aW9uX3MiOjY3LCJ1cmxnZW5fc291cmNlIjoid3d3In0%3D&ccb=17-1&vs=348de88aaa8afffb&_nc_vs=HBksFQIYRWZiX2VwaGVtZXJhbC84MDQxMzM0QUI4NzM1RjVFRTQxODE1RDBBQjdERjlCOV9tdF8xX3ZpZGVvX2Rhc2hpbml0Lm1wNBUAAsgBEgAVAhhAZmJfcGVybWFuZW50Lzc0NDNFNzNDQjQ4MTRDMzZFRjk5QzE4OTJCNDk1OUI4X2F1ZGlvX2Rhc2hpbml0Lm1wNBUCAsgBEgAoABgAGwKIB3VzZV9vaWwBMRJwcm9ncmVzc2l2ZV9yZWNpcGUBMRUAACbo4_Wh-ZnlBRUCKAJDMywXQFDIgxJul40YGWRhc2hfaDI2NC1iYXNpYy1nZW4yXzcyMHARAHUAZd6oAQA&_nc_gid=foW0INcM8liS91pYofcv7g&_nc_ss=7b289&_nc_zt=28&oh=00_Af9ayJCunuxuOwJwK7om3xZLV_QzcgnHpqzJ2Gbo7n9rGQ&oe=6A36C231 | SD: https://video.fjai6-1.fna.fbcdn.net/o1/v/t2/f2/m412/AQN1zltQX5-KfKQGXyxNoz239T4LsMIX4dv0xS-V-_9YXj_pzjlCnfY_50PKm5FKmJsQb_t4xbvccEqFJYF6nPAnWfWVjlnM2AOZz32DyA.mp4?_nc_cat=104&_nc_oc=AdoiZSqVHM8QKUUZCvryl1EstqISQwLRMuTApEOm_Y9f0qGgaPRrFGoVQVe_NvKIWFlEjxOeVVrttbHKwxE9Q_qt&_nc_sid=ef5aa3&_nc_ht=video.fjai6-1.fna.fbcdn.net&_nc_ohc=LQEn9MeGKZcQ7kNvwHUwXv6&efg=eyJ2ZW5jb2RlX3RhZyI6Inhwdl9wcm9ncmVzc2l2ZS5WSV9VU0VDQVNFX1BST0RVQ1RfVFlQRS4uQzMuMzYwLnN2ZV9zZCIsInhwdl9hc3NldF9pZCI6MTYyOTkyMjAwNTAwNjU4MCwiYXNzZXRfYWdlX2RheXMiOjUzLCJ2aV91c2VjYXNlX2lkIjoxMDc5OSwiZHVyYXRpb25fcyI6NjcsInVybGdlbl9zb3VyY2UiOiJ3d3cifQ%3D%3D&ccb=17-1&_nc_gid=foW0INcM8liS91pYofcv7g&_nc_ss=7b289&_nc_zt=28&oh=00_Af-80v8BWib-ibbQyerkiijJSWl2yBIDqOImxmL-tVCQog&oe=6A36BC2E | Preview: https://scontent.fjai6-1.fna.fbcdn.net/v/t39.35426-6/703924564_952408850963479_7372308962867157757_n.jpg?_nc_cat=102&ccb=1-7&_nc_sid=c53f8f&_nc_ohc=PvQDZQF0bmMQ7kNvwHmciKG&_nc_oc=AdqMB4k6wgoE0coooxmMvUYk3YPqsEA_uLDZPAH8EIO82TvBoe1ioW1ay_wvOnJ5xyVLG6D-o99qESMziwnPvIDZ&_nc_zt=14&_nc_ht=scontent.fjai6-1.fna&_nc_gid=foW0INcM8liS91pYofcv7g&_nc_ss=7b289&oh=00_Af-hDDsu_bmOiwCfUKT2kNbBbeYAX_tR1Lj7c9_7p6H1nQ&oe=6A36DB74,,,,,,,
1335308341900241,https://www.facebook.com/9thavenue115/,fb.me,https://www.facebook.com/9thavenue115/,,,,,+91 98880 80575,,,,356104270922590,http://fb.me/,9th Avenue,https://www.facebook.com/ads/library/?id=1335308341900241,"9th Avenue doesn’t just create commercial spaces. It builds footfall, visibility, and long-term value.
From double-height showrooms to premium retail shops, lockable office spaces, and modern SOHO units, every corner is designed for growth.

- Pre-leased brands on board
- High rental potential
- Prime location at Sector 115, Kharar-Landra Highway

Invest where business naturally flows.

🌐 Visit: www.9thavenue.net
📞 Call Now: 98880-80575",5822,Get quote,fb.me,"FACEBOOK; INSTAGRAM",2026-06-03,2026-06-15,HD: https://video.fjai6-1.fna.fbcdn.net/o1/v/t2/f2/m367/AQNjRmPKLz9jvTKdWL_nQI68JKzt0I4Refl6FQXlL287Ifcmqcz6auN8e23f1YlnOXdxRwBcm93-CtA9iz2AViUpKjfsMZoC1aKPBUoMmA.mp4?_nc_cat=100&_nc_oc=AdpiklwVJtURSPf2D52G4thJ6omFZGIXduR01_b5zhe7TkpcJRUxvXkNAF_9OC6c6KQJRpDj01lPFu1sFdx7aF8p&_nc_sid=ef5aa3&_nc_ht=video.fjai6-1.fna.fbcdn.net&_nc_ohc=-P_hIdbdFukQ7kNvwGi4qpa&efg=eyJ2ZW5jb2RlX3RhZyI6Inhwdl9wcm9ncmVzc2l2ZS5WSV9VU0VDQVNFX1BST0RVQ1RfVFlQRS4uQzMuNzIwLnByb2dyZXNzaXZlX2gyNjQtYmFzaWMtZ2VuMl83MjBwIiwieHB2X2Fzc2V0X2lkIjoxNzkyOTYyMDc1MDI3NjA5MCwiYXNzZXRfYWdlX2RheXMiOjI2LCJ2aV91c2VjYXNlX2lkIjoxMDA5OSwiZHVyYXRpb25fcyI6NjAsInVybGdlbl9zb3VyY2UiOiJ3d3cifQ%3D%3D&ccb=17-1&_nc_gid=foW0INcM8liS91pYofcv7g&_nc_ss=7b289&_nc_zt=28&oh=00_Af-xEhYeTR62AqSYl3nJYp7n1zXFQOtHsnne33sDzuIjqA&oe=6A36C072 | SD: https://video.fjai6-1.fna.fbcdn.net/o1/v/t2/f2/m367/AQPIO-EQW4boU519XZGKV7MJds0K8EmTVNAMIo15Fzi3qH6ocVuSEJg2VEjf7bDZswIoNb2-s5KcYtREwtaJR9GRxLP6sGXBVuPXvEkU5g.mp4?_nc_cat=110&_nc_oc=AdpMglGzV8cuimp-CJsyoeTZtYyGwLTtctv7Jq1K5MX4rsOMoZ1fQhU2lt6QLCUOl-xQ-8c9W9OE3-EnKSPDsg29&_nc_sid=ef5aa3&_nc_ht=video.fjai6-1.fna.fbcdn.net&_nc_ohc=bN_9yWJbic4Q7kNvwGJD60w&efg=eyJ2ZW5jb2RlX3RhZyI6Inhwdl9wcm9ncmVzc2l2ZS5WSV9VU0VDQVNFX1BST0RVQ1RfVFlQRS4uQzMuMzYwLnByb2dyZXNzaXZlX2gyNjQtYmFzaWMtZ2VuMl8zNjBwIiwieHB2X2Fzc2V0X2lkIjoxNzkyOTYyMDc1MDI3NjA5MCwiYXNzZXRfYWdlX2RheXMiOjI2LCJ2aV91c2VjYXNlX2lkIjoxMDA5OSwiZHVyYXRpb25fcyI6NjAsInVybGdlbl9zb3VyY2UiOiJ3d3cifQ%3D%3D&ccb=17-1&_nc_gid=foW0INcM8liS91pYofcv7g&_nc_ss=7b289&_nc_zt=28&oh=00_Af9myG60MnPEkZw2-_hJxCKZdvB5mIJyCzpJOPDKHhlA4w&oe=6A36CCFC | Preview: https://scontent.fjai6-1.fna.fbcdn.net/v/t39.35426-6/703259736_1326057719612603_8421972664072718809_n.jpg?_nc_cat=111&ccb=1-7&_nc_sid=c53f8f&_nc_ohc=_rjxCoYroqQQ7kNvwEJQ5g5&_nc_oc=Adra8IncNsPjUA7BEnS-BgOksLitU44PLE8S-NfMLWG7Dd5uf_3eZAQWx8pirDESwbai6D2m3MEhR5XyI44NNjwK&_nc_zt=14&_nc_ht=scontent.fjai6-1.fna&_nc_gid=foW0INcM8liS91pYofcv7g&_nc_ss=7b289&oh=00_Af9ZvvPMW8xIVZI2BJsP3v07qRXoWF9PY9FKOWAK77s_Vw&oe=6A36DB94,,,,,,,
1520877719447270,https://www.facebook.com/speedoring/,fb.me,https://www.facebook.com/speedoring/,,,,speedoring@gmail.com,+91 90566 66615,,,,1298918316821027,http://fb.me/,SpeedoRing.com,https://www.facebook.com/ads/library/?id=1520877719447270,"𝗣𝗥𝗘-𝗟𝗘𝗔𝗦𝗘𝗗 𝗖𝗢𝗠𝗠𝗘𝗥𝗖𝗜𝗔𝗟 𝗦𝗛𝗢𝗪𝗥𝗢𝗢𝗠𝗦 𝗙𝗢𝗥 𝗦𝗔𝗟𝗘📍 𝗡𝗛𝟳 𝗣𝗔𝗧𝗜𝗔𝗟𝗔-𝗦𝗔𝗡𝗚𝗥𝗨𝗥 𝗛𝗜𝗚𝗛𝗪𝗔𝗬, 𝗣𝗔𝗧𝗜𝗔𝗟𝗔.𝗛𝗢𝗪𝗥𝗢𝗢𝗠𝗦 𝗙𝗢𝗥 𝗦𝗔𝗟𝗘📍 𝗡𝗛𝟳 𝗣𝗔𝗧𝗜𝗔𝗟𝗔-𝗦𝗔𝗡𝗚𝗥𝗨𝗥 𝗛𝗜𝗚𝗛𝗪𝗔𝗬, 𝗣𝗔𝗧𝗜𝗔𝗟𝗔.
 
Invest in Patiala’s premium pre leased commercial destination with top brands already onboard.

Premium road facing showrooms starting from ₹1.50 Cr* with rental backed investment potential and fixed monthly income opportunity.

McDonald’s • Barista • Guess • American Eagle • Gopal’s & more.

📍 NH 7 Patiala Sangrur Highway

Limited inventory available.
Book your site visit today.",8957,Get quote,fb.me,"FACEBOOK; INSTAGRAM; AUDIENCE_NETWORK",2026-06-02,2026-06-15,HD: https://video.fjai6-1.fna.fbcdn.net/o1/v/t2/f2/m366/AQP4v4op9PyL5Cu7_qxIgVzrZ_CzhBgtd4kx90-husJWaB7FnjCggSPgYKUBBmCkNA0xN3Odrz617GFbrgbNPzzsz77BMSOX_vtNTcQbDAErvA.mp4?_nc_cat=110&_nc_oc=AdolGakGlk5B2gOKmqdfoLcXcw0KUP169EiH_OKz4_vFkPkddQDVayc_dYLj7zp1LLs9oQSgVdak2kAVawIltVNO&_nc_sid=b66105&_nc_ht=video.fjai6-1.fna.fbcdn.net&_nc_ohc=X2IPIaAnRhIQ7kNvwHlZoF6&efg=eyJ2ZW5jb2RlX3RhZyI6Inhwdl9wcm9ncmVzc2l2ZS5WSV9VU0VDQVNFX1BST0RVQ1RfVFlQRS4uQzMuNzIwLmRhc2hfaDI2NC1iYXNpYy1nZW4yXzcyMHAiLCJ4cHZfYXNzZXRfaWQiOjE2NjUxMDU1NzEzNzI1NTYsImFzc2V0X2FnZV9kYXlzIjoxNywidmlfdXNlY2FzZV9pZCI6MTA3OTksImR1cmF0aW9uX3MiOjYyLCJ1cmxnZW5fc291cmNlIjoid3d3In0%3D&ccb=17-1&vs=1a107fb45adaf3db&_nc_vs=HBksFQIYRWZiX2VwaGVtZXJhbC9DRjRDODA3RDM2NkFBQjdDMjU3OTQ1OTRCNkJCQzg4OV9tdF8xX3ZpZGVvX2Rhc2hpbml0Lm1wNBUAAsgBEgAVAhhAZmJfcGVybWFuZW50LzE5NDE5MUI0MjMzMjRGMzI5MzVBMjA1Qjg5QkIyRTk0X2F1ZGlvX2Rhc2hpbml0Lm1wNBUCAsgBEgAoABgAGwKIB3VzZV9vaWwBMRJwcm9ncmVzc2l2ZV9yZWNpcGUBMRUAACaY-MKh85n1BRUCKAJDMywXQE9rhR64UewYGWRhc2hfaDI2NC1iYXNpYy1nZW4yXzcyMHARAHUAZd6oAQA&_nc_gid=foW0INcM8liS91pYofcv7g&_nc_ss=7b289&_nc_zt=28&oh=00_Af_Sl5VJsJyfwHlxea_fHvaoGgIjr6GRBTpraTxGUJpj0Q&oe=6A36CEFE | SD: https://video.fjai6-1.fna.fbcdn.net/o1/v/t2/f2/m412/AQOfyvOMhnJ8QgxTB5MWk1cokpK084BHlDil8_aZpslisUwwHhO57j0_17EWjdyRQdG6nOPg-bQLyTOizbf3EBlKfKH8BZvdUWLDcJZ-gg.mp4?_nc_cat=105&_nc_oc=AdptSXrqBT8GDTF7C71DcSM6ekBS_v5rP3t25BMQWkeDTbFrhVihySJ-d59Nl7cTYDqUYzfmmDhsJAkANBAC9pGb&_nc_sid=ef5aa3&_nc_ht=video.fjai6-1.fna.fbcdn.net&_nc_ohc=F0ahajo6WQwQ7kNvwFvpy7G&efg=eyJ2ZW5jb2RlX3RhZyI6Inhwdl9wcm9ncmVzc2l2ZS5WSV9VU0VDQVNFX1BST0RVQ1RfVFlQRS4uQzMuMzYwLnN2ZV9zZCIsInhwdl9hc3NldF9pZCI6MTY2NTEwNTU3MTM3MjU1NiwiYXNzZXRfYWdlX2RheXMiOjE3LCJ2aV91c2VjYXNlX2lkIjoxMDc5OSwiZHVyYXRpb25fcyI6NjIsInVybGdlbl9zb3VyY2UiOiJ3d3cifQ%3D%3D&ccb=17-1&_nc_gid=foW0INcM8liS91pYofcv7g&_nc_ss=7b289&_nc_zt=28&oh=00_Af8TgcqFTSXSPB1kYTJm4mlbS7vJEhvV_TNdncoly1Htjw&oe=6A36CDB5 | Preview: https://scontent.fjai6-1.fna.fbcdn.net/v/t39.35426-6/714765463_997735066177036_6616643598414918346_n.jpg?_nc_cat=109&ccb=1-7&_nc_sid=c53f8f&_nc_ohc=EA4XsNHwEQIQ7kNvwF4vjp5&_nc_oc=Adpy-6XHgZSrCb5HqZUw22WZtnn1RmFu-V56fLPAvlKi97At0CD0Z1uCSK9iHMWPfVz57SsupN3oapEmUj10AeP7&_nc_zt=14&_nc_ht=scontent.fjai6-1.fna&_nc_gid=foW0INcM8liS91pYofcv7g&_nc_ss=7b289&oh=00_Af_kXxXqQqlDIWBMWNErHnb3wkKrpOAyjt7DUisQxR9e-g&oe=6A36BCD7,,,,,,,
1042641158427450,https://www.facebook.com/granitogres/,instagram.com,https://www.facebook.com/granitogres/,http://instagram.com/granito_gres,,,info@granitogres.in,+91 81119 99124,,,,1637683699629508,http://instagram.com/granito_gres,Granitogres,https://www.facebook.com/ads/library/?id=1042641158427450,"Elevate your space with the Lucento Collection. ✨

Timeless elegance meets modern design with our 1200x1800mm Lucento Crema and Lucento Bianco tiles. Featuring a sophisticated sheen finish, these tiles create seamless, light-filled interiors for any home or commercial project. 🏠☕

Redefine your floors today.

#Granitogres  #FlooringDesign #LuxuryLiving #Architecture #TileTrends",1992,Visit Instagram profile,instagram.com,"FACEBOOK; INSTAGRAM",2026-05-12,2026-06-14,HD: https://video.fjai6-1.fna.fbcdn.net/o1/v/t2/f2/m367/AQMOIFxnFWRKHJTR-ug-tFSvR3shDJC5Ph3LNy46IipFlX_ABxJOh23OdycxVU0lq6dVMU5rKun1f9ZUVjTvNRnLjboChbaoN6yIQEtvKg.mp4?_nc_cat=111&_nc_oc=Adph7aj_p-5vuBZX6mxryxcTrWrJ8XYoIis1NQXZtSZKuPU8CpzwUnoaYHzUG6UesmZxQ6meR2wv4GcrYuFp2YYe&_nc_sid=ef5aa3&_nc_ht=video.fjai6-1.fna.fbcdn.net&_nc_ohc=K6DQFxTAYcsQ7kNvwGdlzsT&efg=eyJ2ZW5jb2RlX3RhZyI6Inhwdl9wcm9ncmVzc2l2ZS5WSV9VU0VDQVNFX1BST0RVQ1RfVFlQRS4uQzMuNzIwLnByb2dyZXNzaXZlX2gyNjQtYmFzaWMtZ2VuMl83MjBwIiwieHB2X2Fzc2V0X2lkIjoxNzk2NDkzNjQwODEwNDY5NiwiYXNzZXRfYWdlX2RheXMiOjM3LCJ2aV91c2VjYXNlX2lkIjoxMDA5OSwiZHVyYXRpb25fcyI6MzAsInVybGdlbl9zb3VyY2UiOiJ3d3cifQ%3D%3D&ccb=17-1&_nc_gid=HjQM2Hoi522kU_E8S-0kVQ&_nc_ss=7b289&_nc_zt=28&oh=00_Af9JktgILQ0CEikBgsVAZr-nnsJP-zFyyrVAaPkj5ASb4A&oe=6A36B6DB | SD: https://video.fjai6-1.fna.fbcdn.net/o1/v/t2/f2/m367/AQOn5kmZZbebDqEB8BWK0VIu2WJm8bs-MrFxmiWxukwgbv_rPkgwLyHzBDqul9fmFKikfpDGO_Q-tsvYXhlO1asjg7NtJWWqCdk2L4RZSA.mp4?_nc_cat=106&_nc_oc=Adrb4bdpcP6AJok9HSjmlAReFHkybPR1YKFMQ9Vyi_mefxX99pscQkd12NA1Y_CKJr9J8pJTXJnETxuJ8DL68i48&_nc_sid=ef5aa3&_nc_ht=video.fjai6-1.fna.fbcdn.net&_nc_ohc=n-6PBFM7FXMQ7kNvwHXKDNn&efg=eyJ2ZW5jb2RlX3RhZyI6Inhwdl9wcm9ncmVzc2l2ZS5WSV9VU0VDQVNFX1BST0RVQ1RfVFlQRS4uQzMuMzYwLnByb2dyZXNzaXZlX2gyNjQtYmFzaWMtZ2VuMl8zNjBwIiwieHB2X2Fzc2V0X2lkIjoxNzk2NDkzNjQwODEwNDY5NiwiYXNzZXRfYWdlX2RheXMiOjM3LCJ2aV91c2VjYXNlX2lkIjoxMDA5OSwiZHVyYXRpb25fcyI6MzAsInVybGdlbl9zb3VyY2UiOiJ3d3cifQ%3D%3D&ccb=17-1&_nc_gid=HjQM2Hoi522kU_E8S-0kVQ&_nc_ss=7b289&_nc_zt=28&oh=00_Af-n8aAqwSq9cBN-xv6Fwxt-YoJqClsdJbA-CPFU_f3arg&oe=6A36BAD8 | Preview: https://scontent.fjai6-1.fna.fbcdn.net/v/t39.35426-6/694666720_1478197853568930_8198500035573912802_n.jpg?_nc_cat=105&ccb=1-7&_nc_sid=c53f8f&_nc_ohc=7TzXf5idmqAQ7kNvwHVLI4x&_nc_oc=AdqtWy4siVsT9_lVQXtSMKsLrNJi5oU1qOk_zH3B_11vgWAodcPvErUPJL9ni1oBbpBPLdujAFpALyHjraTS0-x0&_nc_zt=14&_nc_ht=scontent.fjai6-1.fna&_nc_gid=HjQM2Hoi522kU_E8S-0kVQ&_nc_ss=7b289&oh=00_Af_bvoJgQKibHUkqpxiMPe_4BIrp_TgXq3ZtOmKdA2HinQ&oe=6A36D312,,,,,,,
971390159113154,https://www.facebook.com/omeragroup.in/,,https://www.facebook.com/omeragroup.in/,,,,info@omeragroup.in,+91 81968 01968,,,,310447368827010,,Omera Urban Spaces,https://www.facebook.com/ads/library/?id=971390159113154,"ਸੰਗਰੂਰ ਦੇ Business Owners ਲਈ ਇੱਕ ਸੁਨਹਿਰੀ ਮੌਕਾ ਆਇਆ ਹੈ।

NH-7 Sangrur–Patiala Highway ਤੇ Punjab ਦਾ ਸਭ ਤੋਂ ਵੱਡਾ Commercial Project — Omera Urban Space.

✔ 88 Premium SCOs
✔ Pre-leased Brands 
✔ Multiplex · Food Zone · 600 Ft Highway Frontage
✔ PGI ਤੋਂ ਸਿਰਫ਼ -3.5KM

Limited Units ਬਚੀਆਂ ਹਨ। ਹੁਣੇ Details ਲਓ — ਬਿਲਕੁਲ Free.

𝐎𝐦𝐞𝐫𝐚 𝐆𝐫𝐨𝐮𝐩 
📞 81968-01968
📍 Village Ghabdan, NH7 Sangrur-Patiala Highway",2800,Get quote,,"FACEBOOK; INSTAGRAM; AUDIENCE_NETWORK",2026-05-23,2026-06-15,HD: https://video.fjai6-1.fna.fbcdn.net/o1/v/t2/f2/m366/AQMIHhPyLnhLJknPgv_hEvvMh7QBqaypj7DVUofESKs-KpJaK00Dzcjq8oAM_JCBYgUhjPPigpfs4By4BNkAy_WsZqNUknSmwUNlQVrh9MB7RQ.mp4?_nc_cat=107&_nc_oc=AdovM8PVfxW8-2y8_LA-spllLg10L-hlOA7UVuF1ZSFGDgPRD1DME7sHszUBhMTx3TJRnNwKR-wLPiWTlp9-NZsH&_nc_sid=b66105&_nc_ht=video.fjai6-1.fna.fbcdn.net&_nc_ohc=oSqs3mwGmhMQ7kNvwG1-_SV&efg=eyJ2ZW5jb2RlX3RhZyI6Inhwdl9wcm9ncmVzc2l2ZS5WSV9VU0VDQVNFX1BST0RVQ1RfVFlQRS4uQzMuNzIwLmRhc2hfaDI2NC1iYXNpYy1nZW4yXzcyMHAiLCJ4cHZfYXNzZXRfaWQiOjk0Mzk5MDcwNDY3NTMzOCwiYXNzZXRfYWdlX2RheXMiOjc1LCJ2aV91c2VjYXNlX2lkIjoxMDEyMiwiZHVyYXRpb25fcyI6NDAsInVybGdlbl9zb3VyY2UiOiJ3d3cifQ%3D%3D&ccb=17-1&vs=9bce97029b4b5dbd&_nc_vs=HBksFQIYRWZiX2VwaGVtZXJhbC82QjQzODE4QUM5QzI0Njc1ODc4MDY5RkU1NEU1QkNCOV9tdF8xX3ZpZGVvX2Rhc2hpbml0Lm1wNBUAAsgBEgAVAhhAZmJfcGVybWFuZW50LzJBNEUxRjI3NEZCMkFENzBBQTU0NTU2NkQ0NDhGNEI0X2F1ZGlvX2Rhc2hpbml0Lm1wNBUCAsgBEgAoABgAGwKIB3VzZV9vaWwBMRJwcm9ncmVzc2l2ZV9yZWNpcGUBMRUAACaU6PzpvqOtAxUCKAJDMywXQERMzMzMzM0YGWRhc2hfaDI2NC1iYXNpYy1nZW4yXzcyMHARAHUAZZSeAQA&_nc_gid=HjQM2Hoi522kU_E8S-0kVQ&_nc_ss=7b289&_nc_zt=28&oh=00_Af9RktgH1Fb0FMY77OKpvkd5RFDbMHzNaiOQ12L36pzcKA&oe=6A36B10D | SD: https://video.fjai6-1.fna.fbcdn.net/o1/v/t2/f2/m412/AQMsEg5kJU6Us6nEKbn2shMIIBCXFMja8rdVsUakPQxlnCc36KxiLgBw_v0p4g9vul3NTDCRdntayeQziwiuMrUrJ3Hf2Eagnc12Xc4rIA.mp4?_nc_cat=104&_nc_oc=Adqw9dvczm90hrR6lKVpGLwT6lm__H3Aa_VFJKenGgWon-QTcthBvYYaWKXMNs08JdaxtsQ1L1687NOUcoRGKSPn&_nc_sid=ef5aa3&_nc_ht=video.fjai6-1.fna.fbcdn.net&_nc_ohc=9V_zTOp5m88Q7kNvwGQrOce&efg=eyJ2ZW5jb2RlX3RhZyI6Inhwdl9wcm9ncmVzc2l2ZS5WSV9VU0VDQVNFX1BST0RVQ1RfVFlQRS4uQzMuMzYwLnN2ZV9zZCIsInhwdl9hc3NldF9pZCI6OTQzOTkwNzA0Njc1MzM4LCJhc3NldF9hZ2VfZGF5cyI6NzUsInZpX3VzZWNhc2VfaWQiOjEwMTIyLCJkdXJhdGlvbl9zIjo0MCwidXJsZ2VuX3NvdXJjZSI6Ind3dyJ9&ccb=17-1&_nc_gid=HjQM2Hoi522kU_E8S-0kVQ&_nc_ss=7b289&_nc_zt=28&oh=00_Af81in8KcxuS4rnkpdXuVGhxJhrCiCWj4qe7UhbX7Q-raA&oe=6A36C67E | Preview: https://scontent.fjai6-1.fna.fbcdn.net/v/t39.35426-6/703914789_3049596718562742_7444703567780857608_n.jpg?_nc_cat=108&ccb=1-7&_nc_sid=c53f8f&_nc_ohc=s2IF883jgu0Q7kNvwEpQTEG&_nc_oc=Ado5kqrUkHQQe0HSZytR4tqA5S6q4OzNy4xztc8pn5Ul3PPKGJS8SmRbCDBGl15-T_OFDxUV0IA92qyUJO4pDUL3&_nc_zt=14&_nc_ht=scontent.fjai6-1.fna&_nc_gid=HjQM2Hoi522kU_E8S-0kVQ&_nc_ss=7b289&oh=00_Af_RRxObQI1Oij_u-Php3ZWdK1ovZkHhe-IYDtoxVHJB9w&oe=6A36B903,,,,,,,
1245650860975196,https://www.facebook.com/omeragroup.in/,,https://www.facebook.com/omeragroup.in/,,,,info@omeragroup.in,+91 81968 01968,,,,310447368827010,,Omera Group,https://www.facebook.com/ads/library/?id=1245650860975196,"Punjab ਦੇ Business Owners ਲਈ ਇੱਕ ਸੁਨਹਿਰੀ ਮੌਕਾ ਆਇਆ ਹੈ ।

NH-7 Sangrur–Patiala Highway ਤੇ Punjab ਦਾ ਸਭ ਤੋਂ ਵੱਡਾ Commercial Project — Omera Urban Space.

✔ 88 Premium SCOs
✔ Pre-leased Brands 
✔ Multiplex · Food Zone · 600 Ft Highway Frontage
✔ PGI ਤੋਂ ਸਿਰਫ਼ -3.5KM

Limited Units ਬਚੀਆਂ ਹਨ। ਹੁਣੇ Details ਲਓ — ਬਿਲਕੁਲ Free.

𝐎𝐦𝐞𝐫𝐚 𝐆𝐫𝐨𝐮𝐩 
📞 81968-01968
📍 Village Ghabdan, NH7 Sangrur-Patiala Highway",2800,Get quote,,"FACEBOOK; INSTAGRAM; AUDIENCE_NETWORK",2026-05-06,2026-06-15,HD: https://video.fjai6-1.fna.fbcdn.net/o1/v/t2/f2/m366/AQMIHhPyLnhLJknPgv_hEvvMh7QBqaypj7DVUofESKs-KpJaK00Dzcjq8oAM_JCBYgUhjPPigpfs4By4BNkAy_WsZqNUknSmwUNlQVrh9MB7RQ.mp4?_nc_cat=107&_nc_oc=AdovM8PVfxW8-2y8_LA-spllLg10L-hlOA7UVuF1ZSFGDgPRD1DME7sHszUBhMTx3TJRnNwKR-wLPiWTlp9-NZsH&_nc_sid=b66105&_nc_ht=video.fjai6-1.fna.fbcdn.net&_nc_ohc=oSqs3mwGmhMQ7kNvwG1-_SV&efg=eyJ2ZW5jb2RlX3RhZyI6Inhwdl9wcm9ncmVzc2l2ZS5WSV9VU0VDQVNFX1BST0RVQ1RfVFlQRS4uQzMuNzIwLmRhc2hfaDI2NC1iYXNpYy1nZW4yXzcyMHAiLCJ4cHZfYXNzZXRfaWQiOjk0Mzk5MDcwNDY3NTMzOCwiYXNzZXRfYWdlX2RheXMiOjc1LCJ2aV91c2VjYXNlX2lkIjoxMDEyMiwiZHVyYXRpb25fcyI6NDAsInVybGdlbl9zb3VyY2UiOiJ3d3cifQ%3D%3D&ccb=17-1&vs=9bce97029b4b5dbd&_nc_vs=HBksFQIYRWZiX2VwaGVtZXJhbC82QjQzODE4QUM5QzI0Njc1ODc4MDY5RkU1NEU1QkNCOV9tdF8xX3ZpZGVvX2Rhc2hpbml0Lm1wNBUAAsgBEgAVAhhAZmJfcGVybWFuZW50LzJBNEUxRjI3NEZCMkFENzBBQTU0NTU2NkQ0NDhGNEI0X2F1ZGlvX2Rhc2hpbml0Lm1wNBUCAsgBEgAoABgAGwKIB3VzZV9vaWwBMRJwcm9ncmVzc2l2ZV9yZWNpcGUBMRUAACaU6PzpvqOtAxUCKAJDMywXQERMzMzMzM0YGWRhc2hfaDI2NC1iYXNpYy1nZW4yXzcyMHARAHUAZZSeAQA&_nc_gid=HjQM2Hoi522kU_E8S-0kVQ&_nc_ss=7b289&_nc_zt=28&oh=00_Af9RktgH1Fb0FMY77OKpvkd5RFDbMHzNaiOQ12L36pzcKA&oe=6A36B10D | SD: https://video.fjai6-1.fna.fbcdn.net/o1/v/t2/f2/m412/AQMsEg5kJU6Us6nEKbn2shMIIBCXFMja8rdVsUakPQxlnCc36KxiLgBw_v0p4g9vul3NTDCRdntayeQziwiuMrUrJ3Hf2Eagnc12Xc4rIA.mp4?_nc_cat=104&_nc_oc=Adqw9dvczm90hrR6lKVpGLwT6lm__H3Aa_VFJKenGgWon-QTcthBvYYaWKXMNs08JdaxtsQ1L1687NOUcoRGKSPn&_nc_sid=ef5aa3&_nc_ht=video.fjai6-1.fna.fbcdn.net&_nc_ohc=9V_zTOp5m88Q7kNvwGQrOce&efg=eyJ2ZW5jb2RlX3RhZyI6Inhwdl9wcm9ncmVzc2l2ZS5WSV9VU0VDQVNFX1BST0RVQ1RfVFlQRS4uQzMuMzYwLnN2ZV9zZCIsInhwdl9hc3NldF9pZCI6OTQzOTkwNzA0Njc1MzM4LCJhc3NldF9hZ2VfZGF5cyI6NzUsInZpX3VzZWNhc2VfaWQiOjEwMTIyLCJkdXJhdGlvbl9zIjo0MCwidXJsZ2VuX3NvdXJjZSI6Ind3dyJ9&ccb=17-1&_nc_gid=HjQM2Hoi522kU_E8S-0kVQ&_nc_ss=7b289&_nc_zt=28&oh=00_Af81in8KcxuS4rnkpdXuVGhxJhrCiCWj4qe7UhbX7Q-raA&oe=6A36C67E | Preview: https://scontent.fjai6-1.fna.fbcdn.net/v/t39.35426-6/678250895_1489930479190578_3035924634842875945_n.jpg?_nc_cat=109&ccb=1-7&_nc_sid=c53f8f&_nc_ohc=sbOm8QxVKQ4Q7kNvwFLLzsP&_nc_oc=Ado-tlFslJ3ZUzIQj_74FsRZWx21BmN5f736Y1DlUW0vX7eOUshYx3TMkHCgy3inB_oFXfXecD4Xpfpxiv7TxlIB&_nc_zt=14&_nc_ht=scontent.fjai6-1.fna&_nc_gid=HjQM2Hoi522kU_E8S-0kVQ&_nc_ss=7b289&oh=00_Af99ycjWmudZ_vNR_SypnTb3haXr6KSHVp2RxxNP7ak02A&oe=6A36B97C,,,,,,,
1958068418155297,https://www.facebook.com/Vardhmancitycentre/,fb.me,https://www.facebook.com/Vardhmancitycentre/,,,,vcc@vardhmanamrante.com,+91 98145 55555,,,,108352851393881,http://fb.me/,Vardhman City Centre,https://www.facebook.com/ads/library/?id=1958068418155297,"Vardhman City Centre – Ludhiana’s 1st Organised Commercial Hub 🚨
RERA Approved: PBRERA-LDH42-PC0145

✅ Highway-Facing on NH-5, Chandigarh Road
✅ Only 4 KM from Ludhiana Airport
✅ Best Retail & Commercial Project on Chandigarh Road
✅ Ideal for Cafes, Food Courts, Offices & Showrooms
✅ Ample Parking & High Footfall Zone

📞 Call Now: +91 62933 44444
🌐 vardhmanamrante.com/vardhman-city-centre",595,Get quote,fb.me,"FACEBOOK; INSTAGRAM; AUDIENCE_NETWORK",2026-03-19,2026-06-15,HD: https://video.fjai6-1.fna.fbcdn.net/o1/v/t2/f2/m366/AQNDLzFDjowBoB1Eh1aqpIHn00dQKnhaz1_AHvG_LO3n8hk1wnsPXSAma-WSFGVaW5PsyfT1rTDH6PsJ3F8wtTj9q6Z-cWK5ovtghO0Caxobsg.mp4?_nc_cat=100&_nc_oc=Adrm3WRWPaPb18R-eQMAqHS_3alGR1hzT4Yi_H-tETHH9p-oZNpxyoL2mbyrrzvux3jrdh9BnbWE1nsz2mA4wuJG&_nc_sid=b66105&_nc_ht=video.fjai6-1.fna.fbcdn.net&_nc_ohc=52GSlPwxPUkQ7kNvwEmD13B&efg=eyJ2ZW5jb2RlX3RhZyI6Inhwdl9wcm9ncmVzc2l2ZS5WSV9VU0VDQVNFX1BST0RVQ1RfVFlQRS4uQzMuNzIwLmRhc2hfaDI2NC1iYXNpYy1nZW4yXzcyMHAiLCJ4cHZfYXNzZXRfaWQiOjg2MTc4MjkxMDIyMjM2NCwiYXNzZXRfYWdlX2RheXMiOjkxLCJ2aV91c2VjYXNlX2lkIjoxMDc5OSwiZHVyYXRpb25fcyI6MjYsInVybGdlbl9zb3VyY2UiOiJ3d3cifQ%3D%3D&ccb=17-1&vs=6d068a1e69c75eb2&_nc_vs=HBksFQIYRWZiX2VwaGVtZXJhbC9GQzQ5MzgzNjUwNTREOEFFMjREMkY3MjBCMDA3OTE4OV9tdF8xX3ZpZGVvX2Rhc2hpbml0Lm1wNBUAAsgBEgAVAhhAZmJfcGVybWFuZW50LzhBNDA1RjlDN0FDQzlGM0FEQjY4Qjg2OTREMThBNjk0X2F1ZGlvX2Rhc2hpbml0Lm1wNBUCAsgBEgAoABgAGwKIB3VzZV9vaWwBMRJwcm9ncmVzc2l2ZV9yZWNpcGUBMRUAACa4gOaDr_KHAxUCKAJDMywXQDq7peNT988YGWRhc2hfaDI2NC1iYXNpYy1nZW4yXzcyMHARAHUAZd6oAQA&_nc_gid=sv9lmiZqvwIv9HF_fB5NIw&_nc_ss=7b289&_nc_zt=28&oh=00_Af_JuA5namcewhv2IU5XOgiJFplrgBTQhwrYXtsH2bvDWw&oe=6A36C368 | SD: https://video.fjai6-1.fna.fbcdn.net/o1/v/t2/f2/m412/AQMLojnLUCf8hmnKN3zUAQxsUAB-fg3zB1nWW95mu_N1cmqGAkip3HX_jV-NiE8oAg2WtWK1qmFAk98r3YpL-vjNu0KujUwPzSzUji2bFw.mp4?_nc_cat=100&_nc_oc=AdoLN1fw44pHFcmHleOxkGBiGMc4KFIQyKsZEpTsNWnI8WALF9-XsKty01CoNrtBseEIyNmWtrELhLQPVMZMoTAM&_nc_sid=ef5aa3&_nc_ht=video.fjai6-1.fna.fbcdn.net&_nc_ohc=RzS1BfQ4cfkQ7kNvwGFz66-&efg=eyJ2ZW5jb2RlX3RhZyI6Inhwdl9wcm9ncmVzc2l2ZS5WSV9VU0VDQVNFX1BST0RVQ1RfVFlQRS4uQzMuMzYwLnN2ZV9zZCIsInhwdl9hc3NldF9pZCI6ODYxNzgyOTEwMjIyMzY0LCJhc3NldF9hZ2VfZGF5cyI6OTEsInZpX3VzZWNhc2VfaWQiOjEwNzk5LCJkdXJhdGlvbl9zIjoyNiwidXJsZ2VuX3NvdXJjZSI6Ind3dyJ9&ccb=17-1&_nc_gid=sv9lmiZqvwIv9HF_fB5NIw&_nc_ss=7b289&_nc_zt=28&oh=00_Af_AhaTbPFxBvH7RUVgOKF_qUNR_G5zSkQ1_USdGwOA9Rg&oe=6A36AD42 | Preview: https://scontent.fjai6-1.fna.fbcdn.net/v/t39.35426-6/654441007_939334288587561_181727252565884119_n.jpg?_nc_cat=106&ccb=1-7&_nc_sid=c53f8f&_nc_ohc=QagsD_StjKgQ7kNvwENvQ3B&_nc_oc=AdrCUmqAVCoCG3KVYljmAjxVXJ2ffCEPPtzYA7jnIahdhwQmT-Hor46JWpxCA7DtD4_ODooPZnv5M0VQxtO6mM5K&_nc_zt=14&_nc_ht=scontent.fjai6-1.fna&_nc_gid=sv9lmiZqvwIv9HF_fB5NIw&_nc_ss=7b289&oh=00_Af8rtdYmlnuR84In2g39kdwwjNqEgOE0dDg7w_vRulpyVQ&oe=6A36CEE6,,,,,,,
1481039543774218,https://www.facebook.com/61588989474295/,fb.me,https://www.facebook.com/61588989474295/,,,,vanshsetia111@gmail.com,+91 98100 02629,,,,1071263919407137,http://fb.me/,City Properties Gurgaon,https://www.facebook.com/ads/library/?id=1481039543774218,"Looking for a commercial asset with long-term growth potential?

Introducing The Icon, Faridabad.

A landmark mixed-use destination by Bhumika Realty featuring premium retail, dining, entertainment and hospitality under one iconic address.

✔ Prime NH-19 Location
✔ Maximum Visibility
✔ Consistent Consumer Footfall Potential
✔ Trusted Developer Legacy

Request Brochure & Pricing Today.",3,Get quote,fb.me,"FACEBOOK; INSTAGRAM; AUDIENCE_NETWORK",2026-06-05,2026-06-15,,,"Looking for a commercial asset with long-term growth potential?

Introducing The Icon, Faridabad.

A landmark mixed-use destination by Bhumika Realty featuring premium retail, dining, entertainment and hospitality under one iconic address.

✔ Prime NH-19 Location
✔ Maximum Visibility
✔ Consistent Consumer Footfall Potential
✔ Trusted Developer Legacy

Request Brochure & Pricing Today. || Your Business Needs Visibility.

Your Investment Needs Footfall.

The Icon offers premium commercial spaces at one of Faridabad's most prominent highway-facing locations.

📍 Sector 27A, NH-19
📍 Direct Main Road Visibility
📍 Retail, Food & Entertainment Destination

Limited Inventory Available.

Enquire Today. || Faridabad's Most Strategic Commercial Investment Opportunity Is Here.

Backed by Bhumika Group's 60+ years legacy and ₹4,000 Cr business presence, The Icon is designed to become one of Faridabad's most prominent mixed-use destinations.

✅ NH-19 (Delhi-Mathura Road) Frontage
✅ High Visibility Commercial Spaces
✅ Retail + Food Court + Entertainment Ecosystem
✅ Strong Footfall Potential
✅ Premium Investment Opportunity 

Get Price List, Floor Plans & Investment Details Today.

📞 Book Your Site Visit Now",http://fb.me/ || http://fb.me/ || http://fb.me/,,Get Quote || Get Quote || Get Quote,,HD: https://video.fjai6-1.fna.fbcdn.net/o1/v/t2/f2/m366/AQMa9R3dl-Cg_Bbdg-VsdB-rtjvlHPq5oAjHgUB29gUYstmqxtMBb4qcteYm2rPJwka9_rQ0Nqa3zG52_jUSUuFjytDUG4NrlLRxhqV8rcQdEg.mp4?_nc_cat=111&_nc_oc=AdpF0AsZK6yUaR3Dl3SBiPZQsfgXI74KpkyO3kNrfgSJuJV7N3Fng2zhSqvHrTge0drCkJNHhZdxiRb6zafGZXea&_nc_sid=b66105&_nc_ht=video.fjai6-1.fna.fbcdn.net&_nc_ohc=d-UCEI7OlBEQ7kNvwHNGVUD&efg=eyJ2ZW5jb2RlX3RhZyI6Inhwdl9wcm9ncmVzc2l2ZS5WSV9VU0VDQVNFX1BST0RVQ1RfVFlQRS4uQzMuNzIwLmRhc2hfaDI2NC1iYXNpYy1nZW4yXzcyMHAiLCJ4cHZfYXNzZXRfaWQiOjI2ODI4MjIwODYzNTAzNzYyLCJhc3NldF9hZ2VfZGF5cyI6MTcsInZpX3VzZWNhc2VfaWQiOjEwNzk5LCJkdXJhdGlvbl9zIjo0OSwidXJsZ2VuX3NvdXJjZSI6Ind3dyJ9&ccb=17-1&vs=2ef07b1179177978&_nc_vs=HBksFQIYRWZiX2VwaGVtZXJhbC9GNjRDNDlDRDFDRkI3NzVDNDI2QjQ1NzQzQ0Y0MjQ5RV9tdF8xX3ZpZGVvX2Rhc2hpbml0Lm1wNBUAAsgBEgAVAhhAZmJfcGVybWFuZW50LzcwNEI3RTA5MzQ2ODk5ODI3RURDMjlENjlFODE1MUI1X2F1ZGlvX2Rhc2hpbml0Lm1wNBUCAsgBEgAoABgAGwKIB3VzZV9vaWwBMRJwcm9ncmVzc2l2ZV9yZWNpcGUBMRUAACak9rLo_YeoXxUCKAJDMywXQEiVP3ztkWgYGWRhc2hfaDI2NC1iYXNpYy1nZW4yXzcyMHARAHUAZd6oAQA&_nc_gid=sv9lmiZqvwIv9HF_fB5NIw&_nc_ss=7b289&_nc_zt=28&oh=00_Af9uiA4APxbAZFgzU8VoP53pf1xtoFX9ZW77cJ6nO7tvPA&oe=6A36DC29 | SD: https://video.fjai6-1.fna.fbcdn.net/o1/v/t2/f2/m412/AQOE-3-VR9xDAUHGsB5dtVPdahtyU4zXSNfNpo5WaA1XgP3XJn9YoyLSIK6yhvbmG1-YVnSfUkfaHd9J6FLAVVtddAXVJ1dFMgjpeU5xBQ.mp4?_nc_cat=104&_nc_oc=Adrq0cyjBoSjCP5BJ7QpueqQKuQ9xUvq8K-RoBxyi3U9waIIT8B2wia-gFN8iH-34tCgrKEE42zXQk04NgG53ZOr&_nc_sid=ef5aa3&_nc_ht=video.fjai6-1.fna.fbcdn.net&_nc_ohc=x5LahYIGEE8Q7kNvwFRGzkF&efg=eyJ2ZW5jb2RlX3RhZyI6Inhwdl9wcm9ncmVzc2l2ZS5WSV9VU0VDQVNFX1BST0RVQ1RfVFlQRS4uQzMuMzYwLnN2ZV9zZCIsInhwdl9hc3NldF9pZCI6MjY4MjgyMjA4NjM1MDM3NjIsImFzc2V0X2FnZV9kYXlzIjoxNywidmlfdXNlY2FzZV9pZCI6MTA3OTksImR1cmF0aW9uX3MiOjQ5LCJ1cmxnZW5fc291cmNlIjoid3d3In0%3D&ccb=17-1&_nc_gid=sv9lmiZqvwIv9HF_fB5NIw&_nc_ss=7b289&_nc_zt=28&oh=00_Af8gc8kgM8Bgo3_qto9gpTvOASdSlZhzienh1jtDSZUNiw&oe=6A36B5DA | Preview: https://scontent.fjai6-1.fna.fbcdn.net/v/t39.35426-6/710613080_1691298901995341_7284081629527976821_n.jpg?_nc_cat=111&ccb=1-7&_nc_sid=c53f8f&_nc_ohc=-RQWkxPx-9IQ7kNvwFBOf44&_nc_oc=AdoUEAgulxMwOui5Rn_JoNm1zn7Z9QwXJlkMhvIV3E1EsTnMLt7PrGGn4yWRfaFtqD0d8DINk5W-AIaIba2G_2Vd&_nc_zt=14&_nc_ht=scontent.fjai6-1.fna&_nc_gid=sv9lmiZqvwIv9HF_fB5NIw&_nc_ss=7b289&oh=00_Af9yG5jyZmLcov39TiTqFEjt9kNEKNwIPqCCKdYL3tDvaw&oe=6A36D21B || HD: https://video.fjai6-1.fna.fbcdn.net/o1/v/t2/f2/m366/AQMa9R3dl-Cg_Bbdg-VsdB-rtjvlHPq5oAjHgUB29gUYstmqxtMBb4qcteYm2rPJwka9_rQ0Nqa3zG52_jUSUuFjytDUG4NrlLRxhqV8rcQdEg.mp4?_nc_cat=111&_nc_oc=AdpF0AsZK6yUaR3Dl3SBiPZQsfgXI74KpkyO3kNrfgSJuJV7N3Fng2zhSqvHrTge0drCkJNHhZdxiRb6zafGZXea&_nc_sid=b66105&_nc_ht=video.fjai6-1.fna.fbcdn.net&_nc_ohc=d-UCEI7OlBEQ7kNvwHNGVUD&efg=eyJ2ZW5jb2RlX3RhZyI6Inhwdl9wcm9ncmVzc2l2ZS5WSV9VU0VDQVNFX1BST0RVQ1RfVFlQRS4uQzMuNzIwLmRhc2hfaDI2NC1iYXNpYy1nZW4yXzcyMHAiLCJ4cHZfYXNzZXRfaWQiOjI2ODI4MjIwODYzNTAzNzYyLCJhc3NldF9hZ2VfZGF5cyI6MTcsInZpX3VzZWNhc2VfaWQiOjEwNzk5LCJkdXJhdGlvbl9zIjo0OSwidXJsZ2VuX3NvdXJjZSI6Ind3dyJ9&ccb=17-1&vs=2ef07b1179177978&_nc_vs=HBksFQIYRWZiX2VwaGVtZXJhbC9GNjRDNDlDRDFDRkI3NzVDNDI2QjQ1NzQzQ0Y0MjQ5RV9tdF8xX3ZpZGVvX2Rhc2hpbml0Lm1wNBUAAsgBEgAVAhhAZmJfcGVybWFuZW50LzcwNEI3RTA5MzQ2ODk5ODI3RURDMjlENjlFODE1MUI1X2F1ZGlvX2Rhc2hpbml0Lm1wNBUCAsgBEgAoABgAGwKIB3VzZV9vaWwBMRJwcm9ncmVzc2l2ZV9yZWNpcGUBMRUAACak9rLo_YeoXxUCKAJDMywXQEiVP3ztkWgYGWRhc2hfaDI2NC1iYXNpYy1nZW4yXzcyMHARAHUAZd6oAQA&_nc_gid=sv9lmiZqvwIv9HF_fB5NIw&_nc_ss=7b289&_nc_zt=28&oh=00_Af9uiA4APxbAZFgzU8VoP53pf1xtoFX9ZW77cJ6nO7tvPA&oe=6A36DC29 | SD: https://video.fjai6-1.fna.fbcdn.net/o1/v/t2/f2/m412/AQOE-3-VR9xDAUHGsB5dtVPdahtyU4zXSNfNpo5WaA1XgP3XJn9YoyLSIK6yhvbmG1-YVnSfUkfaHd9J6FLAVVtddAXVJ1dFMgjpeU5xBQ.mp4?_nc_cat=104&_nc_oc=Adrq0cyjBoSjCP5BJ7QpueqQKuQ9xUvq8K-RoBxyi3U9waIIT8B2wia-gFN8iH-34tCgrKEE42zXQk04NgG53ZOr&_nc_sid=ef5aa3&_nc_ht=video.fjai6-1.fna.fbcdn.net&_nc_ohc=x5LahYIGEE8Q7kNvwFRGzkF&efg=eyJ2ZW5jb2RlX3RhZyI6Inhwdl9wcm9ncmVzc2l2ZS5WSV9VU0VDQVNFX1BST0RVQ1RfVFlQRS4uQzMuMzYwLnN2ZV9zZCIsInhwdl9hc3NldF9pZCI6MjY4MjgyMjA4NjM1MDM3NjIsImFzc2V0X2FnZV9kYXlzIjoxNywidmlfdXNlY2FzZV9pZCI6MTA3OTksImR1cmF0aW9uX3MiOjQ5LCJ1cmxnZW5fc291cmNlIjoid3d3In0%3D&ccb=17-1&_nc_gid=sv9lmiZqvwIv9HF_fB5NIw&_nc_ss=7b289&_nc_zt=28&oh=00_Af8gc8kgM8Bgo3_qto9gpTvOASdSlZhzienh1jtDSZUNiw&oe=6A36B5DA | Preview: https://scontent.fjai6-1.fna.fbcdn.net/v/t39.35426-6/710613080_1691298901995341_7284081629527976821_n.jpg?_nc_cat=111&ccb=1-7&_nc_sid=c53f8f&_nc_ohc=-RQWkxPx-9IQ7kNvwFBOf44&_nc_oc=AdoUEAgulxMwOui5Rn_JoNm1zn7Z9QwXJlkMhvIV3E1EsTnMLt7PrGGn4yWRfaFtqD0d8DINk5W-AIaIba2G_2Vd&_nc_zt=14&_nc_ht=scontent.fjai6-1.fna&_nc_gid=sv9lmiZqvwIv9HF_fB5NIw&_nc_ss=7b289&oh=00_Af9yG5jyZmLcov39TiTqFEjt9kNEKNwIPqCCKdYL3tDvaw&oe=6A36D21B || HD: https://video.fjai6-1.fna.fbcdn.net/o1/v/t2/f2/m366/AQMa9R3dl-Cg_Bbdg-VsdB-rtjvlHPq5oAjHgUB29gUYstmqxtMBb4qcteYm2rPJwka9_rQ0Nqa3zG52_jUSUuFjytDUG4NrlLRxhqV8rcQdEg.mp4?_nc_cat=111&_nc_oc=AdpF0AsZK6yUaR3Dl3SBiPZQsfgXI74KpkyO3kNrfgSJuJV7N3Fng2zhSqvHrTge0drCkJNHhZdxiRb6zafGZXea&_nc_sid=b66105&_nc_ht=video.fjai6-1.fna.fbcdn.net&_nc_ohc=d-UCEI7OlBEQ7kNvwHNGVUD&efg=eyJ2ZW5jb2RlX3RhZyI6Inhwdl9wcm9ncmVzc2l2ZS5WSV9VU0VDQVNFX1BST0RVQ1RfVFlQRS4uQzMuNzIwLmRhc2hfaDI2NC1iYXNpYy1nZW4yXzcyMHAiLCJ4cHZfYXNzZXRfaWQiOjI2ODI4MjIwODYzNTAzNzYyLCJhc3NldF9hZ2VfZGF5cyI6MTcsInZpX3VzZWNhc2VfaWQiOjEwNzk5LCJkdXJhdGlvbl9zIjo0OSwidXJsZ2VuX3NvdXJjZSI6Ind3dyJ9&ccb=17-1&vs=2ef07b1179177978&_nc_vs=HBksFQIYRWZiX2VwaGVtZXJhbC9GNjRDNDlDRDFDRkI3NzVDNDI2QjQ1NzQzQ0Y0MjQ5RV9tdF8xX3ZpZGVvX2Rhc2hpbml0Lm1wNBUAAsgBEgAVAhhAZmJfcGVybWFuZW50LzcwNEI3RTA5MzQ2ODk5ODI3RURDMjlENjlFODE1MUI1X2F1ZGlvX2Rhc2hpbml0Lm1wNBUCAsgBEgAoABgAGwKIB3VzZV9vaWwBMRJwcm9ncmVzc2l2ZV9yZWNpcGUBMRUAACak9rLo_YeoXxUCKAJDMywXQEiVP3ztkWgYGWRhc2hfaDI2NC1iYXNpYy1nZW4yXzcyMHARAHUAZd6oAQA&_nc_gid=sv9lmiZqvwIv9HF_fB5NIw&_nc_ss=7b289&_nc_zt=28&oh=00_Af9uiA4APxbAZFgzU8VoP53pf1xtoFX9ZW77cJ6nO7tvPA&oe=6A36DC29 | SD: https://video.fjai6-1.fna.fbcdn.net/o1/v/t2/f2/m412/AQOE-3-VR9xDAUHGsB5dtVPdahtyU4zXSNfNpo5WaA1XgP3XJn9YoyLSIK6yhvbmG1-YVnSfUkfaHd9J6FLAVVtddAXVJ1dFMgjpeU5xBQ.mp4?_nc_cat=104&_nc_oc=Adrq0cyjBoSjCP5BJ7QpueqQKuQ9xUvq8K-RoBxyi3U9waIIT8B2wia-gFN8iH-34tCgrKEE42zXQk04NgG53ZOr&_nc_sid=ef5aa3&_nc_ht=video.fjai6-1.fna.fbcdn.net&_nc_ohc=x5LahYIGEE8Q7kNvwFRGzkF&efg=eyJ2ZW5jb2RlX3RhZyI6Inhwdl9wcm9ncmVzc2l2ZS5WSV9VU0VDQVNFX1BST0RVQ1RfVFlQRS4uQzMuMzYwLnN2ZV9zZCIsInhwdl9hc3NldF9pZCI6MjY4MjgyMjA4NjM1MDM3NjIsImFzc2V0X2FnZV9kYXlzIjoxNywidmlfdXNlY2FzZV9pZCI6MTA3OTksImR1cmF0aW9uX3MiOjQ5LCJ1cmxnZW5fc291cmNlIjoid3d3In0%3D&ccb=17-1&_nc_gid=sv9lmiZqvwIv9HF_fB5NIw&_nc_ss=7b289&_nc_zt=28&oh=00_Af8gc8kgM8Bgo3_qto9gpTvOASdSlZhzienh1jtDSZUNiw&oe=6A36B5DA | Preview: https://scontent.fjai6-1.fna.fbcdn.net/v/t39.35426-6/710613080_1691298901995341_7284081629527976821_n.jpg?_nc_cat=111&ccb=1-7&_nc_sid=c53f8f&_nc_ohc=-RQWkxPx-9IQ7kNvwFBOf44&_nc_oc=AdoUEAgulxMwOui5Rn_JoNm1zn7Z9QwXJlkMhvIV3E1EsTnMLt7PrGGn4yWRfaFtqD0d8DINk5W-AIaIba2G_2Vd&_nc_zt=14&_nc_ht=scontent.fjai6-1.fna&_nc_gid=sv9lmiZqvwIv9HF_fB5NIw&_nc_ss=7b289&oh=00_Af9yG5jyZmLcov39TiTqFEjt9kNEKNwIPqCCKdYL3tDvaw&oe=6A36D21B
4404619423186040,https://www.facebook.com/61577859054280/,fb.me,https://www.facebook.com/61577859054280/,,,,,,,,,615286145011798,http://fb.me/,Commercial Property in Navi Mumbai,https://www.facebook.com/ads/library/?id=4404619423186040,"New Commercial Project in Juinagar 
& 10 mins From International Navi Mumbai Airport",9,Get offer,fb.me,"FACEBOOK; INSTAGRAM; AUDIENCE_NETWORK",2026-06-13,2026-06-15,,,"New Commercial Project in Juinagar 
& 10 mins From International Navi Mumbai Airport || New Commercial Project in Juinagar 
& 10 mins From International Navi Mumbai Airport || New Commercial Project in Juinagar 
& 10 mins From International Navi Mumbai Airport || New Commercial Project in Juinagar 
& 10 mins From International Navi Mumbai Airport",http://fb.me/ || http://fb.me/ || http://fb.me/ || http://fb.me/,,Get Offer || Get Offer || Get Offer || Get Offer,Original: https://scontent.fjai6-1.fna.fbcdn.net/v/t39.35426-6/720456804_1337952765146089_1789682491998415002_n.jpg?_nc_cat=102&ccb=1-7&_nc_sid=c53f8f&_nc_ohc=Hoube6_dB00Q7kNvwFQotZ5&_nc_oc=Adqx9kdHHg-1TYqYZXtviotblGvrP2BcH0KU5M1nA59NvjzkxIH1DJu_mCdM-zI8rHVOv_hAks1S1tsRK4IA17Xm&_nc_zt=14&_nc_ht=scontent.fjai6-1.fna&_nc_gid=sv9lmiZqvwIv9HF_fB5NIw&_nc_ss=7b289&oh=00_Af8-kzlk2BzLf35EFYtvtfxOKZKRAhiZgFVpjL1ayNgZcQ&oe=6A36C0C2 | Resized: https://scontent.fjai6-1.fna.fbcdn.net/v/t39.35426-6/721159749_1558317539143440_5950116144473895391_n.jpg?stp=dst-jpg_s600x600_tt6&_nc_cat=106&ccb=1-7&_nc_sid=c53f8f&_nc_ohc=hQUt2X31wcIQ7kNvwFozUDx&_nc_oc=AdoblAn66LAq8FsMcJ1cGSDrtwTyRTHgNXl7FGTKTt94LHuiqwkPve4mLSgIyc_Q4Mbu2ob3Pnd0zPHZdfH5eSwF&_nc_zt=14&_nc_ht=scontent.fjai6-1.fna&_nc_gid=sv9lmiZqvwIv9HF_fB5NIw&_nc_ss=7b289&oh=00_Af8cmd0rYakHqbx7U_E3ufAtXPdDMTaFV_1UODKGGToqFw&oe=6A36BA7E || Original: https://scontent.fjai6-1.fna.fbcdn.net/v/t39.35426-6/720290742_2107227550216980_1341944658488941906_n.jpg?_nc_cat=102&ccb=1-7&_nc_sid=c53f8f&_nc_ohc=CkNxIrOhUiQQ7kNvwH_t53s&_nc_oc=AdobyvLx8uE3kSkOjblpEiarbm7Cp9irYzjTkW_cS76UGrPf1uxKFyqt7u6qPcuH-M4WydM7j-aqkKL-uZ1IVC9K&_nc_zt=14&_nc_ht=scontent.fjai6-1.fna&_nc_gid=sv9lmiZqvwIv9HF_fB5NIw&_nc_ss=7b289&oh=00_Af_uoO8A5d_NlulYrca4i0Gysyp7QGZiA-3CTMZgdqgxBQ&oe=6A36C1EA | Resized: https://scontent.fjai6-1.fna.fbcdn.net/v/t39.35426-6/722753333_1704342714142913_1191163146208410869_n.jpg?stp=dst-jpg_s600x600_tt6&_nc_cat=111&ccb=1-7&_nc_sid=c53f8f&_nc_ohc=pVp3Oya-DWwQ7kNvwFCruzH&_nc_oc=AdqAgOAlEcb5R_d6ocXmcbRx3p4g6a-yV7IGl2AQtRsyFIQFu9EclVVGZn9rddeONQarwLBXKcuttQ-iIxSKKERG&_nc_zt=14&_nc_ht=scontent.fjai6-1.fna&_nc_gid=sv9lmiZqvwIv9HF_fB5NIw&_nc_ss=7b289&oh=00_Af93o-1QPFhDdiU8yfC_AhoIapF1kRz1wu9EQVlP3oRVyA&oe=6A36CF5E || Original: https://scontent.fjai6-1.fna.fbcdn.net/v/t39.35426-6/723197019_2083888475493605_8675894047159830755_n.jpg?_nc_cat=109&ccb=1-7&_nc_sid=c53f8f&_nc_ohc=CXbl73t5-NsQ7kNvwEivNDj&_nc_oc=Adpjc41L8mruCHQFOZIQkdPAhqMRd4GxJ5PNtNK-ko1bMod9eygmBbVnwFl090T8DuHfIzNk_Kuet-7tWPdlyvZv&_nc_zt=14&_nc_ht=scontent.fjai6-1.fna&_nc_gid=sv9lmiZqvwIv9HF_fB5NIw&_nc_ss=7b289&oh=00_Af9IpoyeVV1yFKo8UNjPe5sEctQ1xRTWaLokjBmGCJB6Sw&oe=6A36C584 | Resized: https://scontent.fjai6-1.fna.fbcdn.net/v/t39.35426-6/722909462_1733469434318251_17091657369745895_n.jpg?stp=dst-jpg_s600x600_tt6&_nc_cat=105&ccb=1-7&_nc_sid=c53f8f&_nc_ohc=PlswYxojNxYQ7kNvwG1sMsL&_nc_oc=AdoUxs0Sx_op-icgdBSDMo0PXuGZkc6zrrxHl0O5lnkVy_0qGg59bxSBDLMRIwvRSbTBtCevfl-aU69qUeOAR2Jj&_nc_zt=14&_nc_ht=scontent.fjai6-1.fna&_nc_gid=sv9lmiZqvwIv9HF_fB5NIw&_nc_ss=7b289&oh=00_Af9vLdA-TegL416sB7BvlXZBgzwTK-X-ZS1aXHHLUohifg&oe=6A36C662 || Original: https://scontent.fjai6-1.fna.fbcdn.net/v/t39.35426-6/721734216_1317400173234685_5324185000349115262_n.jpg?_nc_cat=102&ccb=1-7&_nc_sid=c53f8f&_nc_ohc=eSTBIcWfwRoQ7kNvwH5LSfJ&_nc_oc=AdqQSKd472IRNxTQ4EqHp1GZHo4gXjyQ0T3-6JBlePWaZoeHUaF3sFkEePBxtDoZAXfTgPVIlh3qU8eixhlYd2qY&_nc_zt=14&_nc_ht=scontent.fjai6-1.fna&_nc_gid=sv9lmiZqvwIv9HF_fB5NIw&_nc_ss=7b289&oh=00_Af_HfNX8ia3XHlxI7tqvuqfGmJPOOE3oyr4HUq_Ufddq7Q&oe=6A36AE44 | Resized: https://scontent.fjai6-1.fna.fbcdn.net/v/t39.35426-6/723153908_2068877294012621_5424693046101697425_n.jpg?stp=dst-jpg_s600x600_tt6&_nc_cat=101&ccb=1-7&_nc_sid=c53f8f&_nc_ohc=9aCzT8ShfQwQ7kNvwFyEAPk&_nc_oc=AdrQGeyALo-6Z0vZasaCn54vj1VHumCd_aya9_zYbsF497711UJOTLSw8BFW9eaq_56ZY2bwRFftfi7dylzlj7WE&_nc_zt=14&_nc_ht=scontent.fjai6-1.fna&_nc_gid=sv9lmiZqvwIv9HF_fB5NIw&_nc_ss=7b289&oh=00_Af-wHi6OJWVCB6xJ4tqnE3tAc-R552619GXv2LZdxuNHKg&oe=6A36D817,
3549115335241349,https://www.facebook.com/trinityventuresofficial/,fb.me,https://www.facebook.com/trinityventuresofficial/,,,,mail2trinityventures@gmail.com,+91 74283 77277,,,,108288341734431,http://fb.me/,Trinity Ventures,https://www.facebook.com/ads/library/?id=3549115335241349,"Trinity High Street brings premium commercial spaces starting ₹13,500/sq.ft.
💼 Perfect for business & investors alike.",910,Book now,fb.me,"FACEBOOK; INSTAGRAM; AUDIENCE_NETWORK",2026-06-07,2026-06-15,HD: https://video.fjai6-1.fna.fbcdn.net/o1/v/t2/f2/m366/AQOPZOM-8rqDshneL1SCy_-opDNnv5YoBpYiSzfO2qA-pFA-pRWFvudYh5YVM2aHfB7dJNE7gpIcPB4s8OARcR9lOXdKli7SgvZC1t3OL6o65Q.mp4?_nc_cat=108&_nc_oc=Adqdk1CpExCEo2aPdp9Xpn5ndVo-j6yjqUlDzQ0jKiW77a-5L6btRUjdh3uljRhI__KHyd2Q3gjsevauACQm2lHN&_nc_sid=b66105&_nc_ht=video.fjai6-1.fna.fbcdn.net&_nc_ohc=6VFbhdgputYQ7kNvwGre4of&efg=eyJ2ZW5jb2RlX3RhZyI6Inhwdl9wcm9ncmVzc2l2ZS5WSV9VU0VDQVNFX1BST0RVQ1RfVFlQRS4uQzMuNzIwLmRhc2hfaDI2NC1iYXNpYy1nZW4yXzcyMHAiLCJ4cHZfYXNzZXRfaWQiOjE1MjM4NzAyNDk0MTAyNjIsImFzc2V0X2FnZV9kYXlzIjoxMCwidmlfdXNlY2FzZV9pZCI6MTA3OTksImR1cmF0aW9uX3MiOjM4LCJ1cmxnZW5fc291cmNlIjoid3d3In0%3D&ccb=17-1&vs=705280974e9c8eaa&_nc_vs=HBksFQIYRWZiX2VwaGVtZXJhbC9FQzRGNTQ2NDg4QzAzQjQ4ODQ1RUVDOEU1NzhBMDVBRl9tdF8xX3ZpZGVvX2Rhc2hpbml0Lm1wNBUAAsgBEgAVAhhAZmJfcGVybWFuZW50LzAwNDNGNzIwMkIyMThBNTk1NjYxOTdBQTg1Qjg5OTkxX2F1ZGlvX2Rhc2hpbml0Lm1wNBUCAsgBEgAoABgAGwKIB3VzZV9vaWwBMRJwcm9ncmVzc2l2ZV9yZWNpcGUBMRUAACas-7KO9vy0BRUCKAJDMywXQEMu2RaHKwIYGWRhc2hfaDI2NC1iYXNpYy1nZW4yXzcyMHARAHUAZd6oAQA&_nc_gid=ZezgAuazRCFCI7rcWkCCIg&_nc_ss=7b289&_nc_zt=28&oh=00_Af82wakJAMxGiB2CACz-8Ip3MVI3KLM49bRJnZ9T5wu1zA&oe=6A36BA94 | SD: https://video.fjai6-1.fna.fbcdn.net/o1/v/t2/f2/m412/AQPU6voJuw57XbtaKt9A76-epvOgU_Ot0zY_g4nc5RdMtqnyJJmS7CfDjJFCEntVBZXV0Pim_N5lBoaV30XXu51qhDWE76I4hAB4nzqCLQ.mp4?_nc_cat=100&_nc_oc=Adr0JSQ74hcfGVYnoYpi9mKV5Un7R3Bbde6GwqkhEmgQzscvDBwtG0_prkPFvspgv23iBZ8WSOEujRcanUptO05V&_nc_sid=ef5aa3&_nc_ht=video.fjai6-1.fna.fbcdn.net&_nc_ohc=Q-_2TB8G0D0Q7kNvwG1g1VQ&efg=eyJ2ZW5jb2RlX3RhZyI6Inhwdl9wcm9ncmVzc2l2ZS5WSV9VU0VDQVNFX1BST0RVQ1RfVFlQRS4uQzMuMzYwLnN2ZV9zZCIsInhwdl9hc3NldF9pZCI6MTUyMzg3MDI0OTQxMDI2MiwiYXNzZXRfYWdlX2RheXMiOjEwLCJ2aV91c2VjYXNlX2lkIjoxMDc5OSwiZHVyYXRpb25fcyI6MzgsInVybGdlbl9zb3VyY2UiOiJ3d3cifQ%3D%3D&ccb=17-1&_nc_gid=ZezgAuazRCFCI7rcWkCCIg&_nc_ss=7b289&_nc_zt=28&oh=00_Af-ecKm8mtBh14--xm8hdb5nWyuCjGlJ5ARJieDWkOsdpQ&oe=6A36B552 | Preview: https://scontent.fjai6-1.fna.fbcdn.net/v/t39.35426-6/715670768_2821735394844455_9127410307862646916_n.jpg?_nc_cat=108&ccb=1-7&_nc_sid=c53f8f&_nc_ohc=18YfEql2fksQ7kNvwE-nqBa&_nc_oc=AdpjHLptFSHLJm5OnTWRUWThp1FE1wLeY3ngNFAN4n-I5a7dGpggZBZxqd20zfMAlXtoRFTPr0rxagdubW6VOh_v&_nc_zt=14&_nc_ht=scontent.fjai6-1.fna&_nc_gid=ZezgAuazRCFCI7rcWkCCIg&_nc_ss=7b289&oh=00_Af91iKguTlvtKQZ4yfJt0huIYBTxz5i6jEJ7V3qgyO-HZw&oe=6A36D921,,,,,,,
943778628369882,https://www.facebook.com/inmohart/,fb.me,https://www.facebook.com/inmohart/,,,,,+91 72593 18868,,,,117562781450271,http://fb.me/,Inmoha,https://www.facebook.com/ads/library/?id=943778628369882,"Good design isn’t just about how it looks on day one.

It’s about how it works… every single day after.

At InMoha, we design spaces that go beyond aesthetics—where every detail is intentional, functional, and built around real living. No overlooked corners. No impractical decisions.

If you’re planning your home and want thoughtful interior design, practical luxury spaces, and designs that actually work, start here.",603,Book now,fb.me,"FACEBOOK; INSTAGRAM; AUDIENCE_NETWORK",2026-04-22,2026-06-15,HD: https://video.fjai6-1.fna.fbcdn.net/o1/v/t2/f2/m366/AQOaa_KC2VqhrABSwSqzAN3A-tDYs6E2b6ttoXhsZn8Ttox-I03hxXD9eUebl-nPdd42rSMQZEhWrSIT4tlq3PBL6TKdPmcvtf5wVkwUy8b4YQ.mp4?_nc_cat=110&_nc_oc=Adqiswskb4zAEexp93_3gwvk-GSnCUPXKaR8N0dmBQXukIAmNs45v6wRxOYFWkNNVELXg28BcM7pNsxbfBu1zMQh&_nc_sid=b66105&_nc_ht=video.fjai6-1.fna.fbcdn.net&_nc_ohc=cUNsV-y8gfAQ7kNvwFBOCa2&efg=eyJ2ZW5jb2RlX3RhZyI6Inhwdl9wcm9ncmVzc2l2ZS5WSV9VU0VDQVNFX1BST0RVQ1RfVFlQRS4uQzMuNzIwLmRhc2hfaDI2NC1iYXNpYy1nZW4yXzcyMHAiLCJ4cHZfYXNzZXRfaWQiOjIxNzg1ODk0MDYyMjA0NzQsImFzc2V0X2FnZV9kYXlzIjo1NSwidmlfdXNlY2FzZV9pZCI6MTA3OTksImR1cmF0aW9uX3MiOjQ3LCJ1cmxnZW5fc291cmNlIjoid3d3In0%3D&ccb=17-1&vs=748c61da315fa12f&_nc_vs=HBksFQIYRWZiX2VwaGVtZXJhbC85ODRENTVBRDU4NDdGQTM3MDE3Q0Q3Qzc4OTlBRkVCRF9tdF8xX3ZpZGVvX2Rhc2hpbml0Lm1wNBUAAsgBEgAVAhhAZmJfcGVybWFuZW50LzE5NEQ1MjAwM0FGQjdENzEwRjFERjRFQTg3MzQzMjkxX2F1ZGlvX2Rhc2hpbml0Lm1wNBUCAsgBEgAoABgAGwKIB3VzZV9vaWwBMRJwcm9ncmVzc2l2ZV9yZWNpcGUBMRUAACb0wtr6y9reBxUCKAJDMywXQEeEOVgQYk4YGWRhc2hfaDI2NC1iYXNpYy1nZW4yXzcyMHARAHUAZd6oAQA&_nc_gid=ZezgAuazRCFCI7rcWkCCIg&_nc_ss=7b289&_nc_zt=28&oh=00_Af8liKtaXRyzSCn6b0N2MJh58GQza7s656pWVUtT97SwbQ&oe=6A36B966 | SD: https://video.fjai6-1.fna.fbcdn.net/o1/v/t2/f2/m412/AQMwLnv7OqBp7T_4xyUu6TFxr9kJh7OfaOGnkRAVKMSV_0B64kAIHT2x05xWWdumvP5AgH3GyoCD6Hez-GrcA1j94PK2qnmouW3BKUMcDA.mp4?_nc_cat=111&_nc_oc=AdpRdvTaNSzaWI87GZNySzcQZIZZVbiHD5OvTcOM2suGnvT1Skkz4nz6kp04_NWheMRsFkYd8c4T09hJjUUzC0We&_nc_sid=ef5aa3&_nc_ht=video.fjai6-1.fna.fbcdn.net&_nc_ohc=hxyzopXLSyAQ7kNvwEUp6cB&efg=eyJ2ZW5jb2RlX3RhZyI6Inhwdl9wcm9ncmVzc2l2ZS5WSV9VU0VDQVNFX1BST0RVQ1RfVFlQRS4uQzMuMzYwLnN2ZV9zZCIsInhwdl9hc3NldF9pZCI6MjE3ODU4OTQwNjIyMDQ3NCwiYXNzZXRfYWdlX2RheXMiOjU1LCJ2aV91c2VjYXNlX2lkIjoxMDc5OSwiZHVyYXRpb25fcyI6NDcsInVybGdlbl9zb3VyY2UiOiJ3d3cifQ%3D%3D&ccb=17-1&_nc_gid=ZezgAuazRCFCI7rcWkCCIg&_nc_ss=7b289&_nc_zt=28&oh=00_Af8-NTkrQv4fq1UOH6UBmehRqW7VWSs-UlfrRfDTKHdZCA&oe=6A36AE47 | Preview: https://scontent.fjai6-1.fna.fbcdn.net/v/t39.35426-6/673699078_924469323746340_8321440981050337889_n.jpg?_nc_cat=108&ccb=1-7&_nc_sid=c53f8f&_nc_ohc=x6HRNTkmCQ0Q7kNvwFTXOUy&_nc_oc=Adp1QuMw2fi-gnMa6VLl4WBlc0WgEIrK23klOx8mcDDgsdSGJi4GsKh4iXdtGDBvY6CEFYIMGSr6ZRs-pmkA-R-l&_nc_zt=14&_nc_ht=scontent.fjai6-1.fna&_nc_gid=ZezgAuazRCFCI7rcWkCCIg&_nc_ss=7b289&oh=00_Af-ZmIDmQI1MjLG8N4N4AClmluDJskT4usPAwvEYVtDrJg&oe=6A36C21A,,,,,,,
1000044809074414,https://www.facebook.com/61589419445923/,fb.me,https://www.facebook.com/61589419445923/,,,,,,,,,1184679058052288,http://fb.me/,Spj Developers,https://www.facebook.com/ads/library/?id=1000044809074414,"Location is everything in real estate. 📍

And SPJ Vedatam sits right at the center of it all.

🗺️ 0.1 km from Old Delhi-Gurgaon Road
🗺️ 1.5 km from NH-48
🗺️ 0.5 km from MG Road
🗺️ 15 mins from IFFCO Chowk & Huda City Centre
🗺️ 10 km from IGI Airport
🗺️ Walking distance from DLF Cyber City

5 Lakh+ residents live within 5 km.
Thousands of professionals pass by every single day.

This is not just a shop.
This is a money-making machine at Gurgaon's busiest corner.

💰 Lockable Shop Starting ₹1.5 Cr* | ₹1.5 Lakh Monthly Rental
👇 Enquire now for the full price list.",2,Get quote,fb.me,"FACEBOOK; INSTAGRAM; AUDIENCE_NETWORK",2026-06-08,2026-06-15,HD: https://video.fjai6-1.fna.fbcdn.net/o1/v/t2/f2/m366/AQPFUAIwPOU7mLHxzGk8-pnC8BFbkaxvHyZRC2zML2ja6kP8OSSHoegHBtuWIy6FEp2YN9ZW2MWE-ubkpU4wh8vtUGOxavYAPNng4-69xXYFzw.mp4?_nc_cat=103&_nc_oc=AdqfaANhY7Bq9j-ikUJP5M2qkF_92n1EQ977Cp-SJQnQk3p3jOJF89ra2Y_vXjYmQ1IE-HHu9mSgDE9xktl2yk-v&_nc_sid=b66105&_nc_ht=video.fjai6-1.fna.fbcdn.net&_nc_ohc=ng1mkFQ-hpoQ7kNvwHJINFZ&efg=eyJ2ZW5jb2RlX3RhZyI6Inhwdl9wcm9ncmVzc2l2ZS5WSV9VU0VDQVNFX1BST0RVQ1RfVFlQRS4uQzMuNzIwLmRhc2hfaDI2NC1iYXNpYy1nZW4yXzcyMHAiLCJ4cHZfYXNzZXRfaWQiOjE1MzgwMDIwNDQ0MzI4NjksImFzc2V0X2FnZV9kYXlzIjoxOCwidmlfdXNlY2FzZV9pZCI6MTA3OTksImR1cmF0aW9uX3MiOjYwLCJ1cmxnZW5fc291cmNlIjoid3d3In0%3D&ccb=17-1&vs=a82194c47af50046&_nc_vs=HBksFQIYRWZiX2VwaGVtZXJhbC85MDRFQjg5Q0NERkRGMENGMTJDMzdBMzZEQTIxMUE4Ml9tdF8xX3ZpZGVvX2Rhc2hpbml0Lm1wNBUAAsgBEgAVAhhAZmJfcGVybWFuZW50LzI0NEI0REFDQkQ4MTM2MUZBNzYwNDQyNkFEMjYwQThEX2F1ZGlvX2Rhc2hpbml0Lm1wNBUCAsgBEgAoABgAGwKIB3VzZV9vaWwBMRJwcm9ncmVzc2l2ZV9yZWNpcGUBMRUAACbKx62YwLO7BRUCKAJDMywXQE52p--dsi0YGWRhc2hfaDI2NC1iYXNpYy1nZW4yXzcyMHARAHUAZd6oAQA&_nc_gid=3wv79hDnogi9d91L_pITgg&_nc_ss=7b289&_nc_zt=28&oh=00_Af_BheD3m2OxUbWHHecypGwK-8uQFhHm1PTYnXuYxq27dQ&oe=6A36DD51 | SD: https://video.fjai6-1.fna.fbcdn.net/o1/v/t2/f2/m412/AQOgB5jsCOQodIad2OorQx4_vMiNbmwr3xnNuQIkNPLaoqWE4WyEJJ7Rfzq4A25SptBIRGe-HiKqWfME8WGn1_eDF33t4m7UDoNmsdLDmA.mp4?_nc_cat=107&_nc_oc=Ado7nceg6pjEfOvvvHzeYYBKerJjzmksHGQDg7ascUkzrOf6b1X2pZ8yBI9dZEHyOiLX56U4TFjluFs_JvS1icvG&_nc_sid=ef5aa3&_nc_ht=video.fjai6-1.fna.fbcdn.net&_nc_ohc=SHzqHv0OmKIQ7kNvwFpEw_Y&efg=eyJ2ZW5jb2RlX3RhZyI6Inhwdl9wcm9ncmVzc2l2ZS5WSV9VU0VDQVNFX1BST0RVQ1RfVFlQRS4uQzMuMzYwLnN2ZV9zZCIsInhwdl9hc3NldF9pZCI6MTUzODAwMjA0NDQzMjg2OSwiYXNzZXRfYWdlX2RheXMiOjE4LCJ2aV91c2VjYXNlX2lkIjoxMDc5OSwiZHVyYXRpb25fcyI6NjAsInVybGdlbl9zb3VyY2UiOiJ3d3cifQ%3D%3D&ccb=17-1&_nc_gid=3wv79hDnogi9d91L_pITgg&_nc_ss=7b289&_nc_zt=28&oh=00_Af9lO2ExI56ClEG0_8RRvM2ElFLHn7H2UiED5h8MhN9Pww&oe=6A36D5B7 | Preview: https://scontent.fjai6-1.fna.fbcdn.net/v/t39.35426-6/717317951_1036957265687707_1101965210826326257_n.jpg?_nc_cat=105&ccb=1-7&_nc_sid=c53f8f&_nc_ohc=U4RlDlO-0SgQ7kNvwHYyrFL&_nc_oc=AdqCXBcAnmFnPp-cOs26nwq1RKTZXFH_44_mPw-svtW_KnfmHWiqYWRx4kSHKUtfxtcCW0k9xRncjuN63SIIuGE6&_nc_zt=14&_nc_ht=scontent.fjai6-1.fna&_nc_gid=3wv79hDnogi9d91L_pITgg&_nc_ss=7b289&oh=00_Af8EiS6Zsgh1yWW_m3GfcMQchPfcmjtbhNVdOEMFFV1Vcw&oe=6A36AFA2,,,,,,,
1319430882939016,https://www.facebook.com/61562030896664/,fb.me,https://www.facebook.com/61562030896664/,,,,,+91 98765 43210,,,,387821161078706,http://fb.me/,Elite Architect & Associates,https://www.facebook.com/ads/library/?id=1319430882939016,"🏡 Your Dream Home Deserves Expert Hands!
📐 Elite Architect & Associates — Designing Dreams for 20+ Years

✨ Why Choose Us?
🎯 500+ Homes & Projects Delivered
🎨 2D & 3D Architectural Masterplans
🧭 Vastu-Compliant Designs
🧱 Structural & Material Clarity
🔌 Electrical & Plumbing Blueprints
✅ Residential | Commercial | Renovations

🚨 LIMITED SLOTS OPEN
💥 Book a FREE Consultation Worth ₹2,000 — No Hidden Fees!

📲 Don’t wait. Your perfect home starts with a perfect plan.
Tap “Get Quote” and talk to our experts today!

#ArchitecturalDesign #DreamHome #VastuDesign #HomePlanning #EliteArchitects #FreeConsultation #InteriorDesign #HousePlan #ModernHomeDesign #HomeRenovation",19,Get quote,fb.me,"FACEBOOK; INSTAGRAM",2026-06-08,2026-06-15,HD: https://video.fjai6-1.fna.fbcdn.net/o1/v/t2/f2/m366/AQMrbN3JIZNjUFNxBix2u7Z5nG-Ui1P5BRsI1NfcJWUiO8LkIVygcxuZxz-AqBbjNgqYqCJARsZPPYQMcwnJ7WSH-NDUwR3fgyjn6J-mKcXWQg.mp4?_nc_cat=100&_nc_oc=AdqbghSBcXYfR1xrFHGWyy0Eorz0OTgy6WEOVioKjRIiLZqmAD1qmoUvW5P7QqFJDwkFJXwx8rvxHep_QMwwreDF&_nc_sid=b66105&_nc_ht=video.fjai6-1.fna.fbcdn.net&_nc_ohc=J_qML5kc2sUQ7kNvwEk0yq_&efg=eyJ2ZW5jb2RlX3RhZyI6Inhwdl9wcm9ncmVzc2l2ZS5WSV9VU0VDQVNFX1BST0RVQ1RfVFlQRS4uQzMuNzIwLmRhc2hfaDI2NC1iYXNpYy1nZW4yXzcyMHAiLCJ4cHZfYXNzZXRfaWQiOjE3NDE0NjI4NTY0NTg5MDksImFzc2V0X2FnZV9kYXlzIjoyMjcsInZpX3VzZWNhc2VfaWQiOjEwNzk5LCJkdXJhdGlvbl9zIjo2NywidXJsZ2VuX3NvdXJjZSI6Ind3dyJ9&ccb=17-1&vs=64394d2624ac98ed&_nc_vs=HBksFQIYRWZiX2VwaGVtZXJhbC9ENDQ3OTI0ODNDMDJGRTYxODkxMkYwOTFGQzkyQkZCRl9tdF8xX3ZpZGVvX2Rhc2hpbml0Lm1wNBUAAsgBEgAVAhhAZmJfcGVybWFuZW50LzA3NDk5REUyMzgzMzU5NjNBRUVBNzREOTc0RUMzQ0FGX2F1ZGlvX2Rhc2hpbml0Lm1wNBUCAsgBEgAoABgAGwKIB3VzZV9vaWwBMRJwcm9ncmVzc2l2ZV9yZWNpcGUBMRUAACa6ipevvfaXBhUCKAJDMywXQFDKn752yLQYGWRhc2hfaDI2NC1iYXNpYy1nZW4yXzcyMHARAHUAZd6oAQA&_nc_gid=3wv79hDnogi9d91L_pITgg&_nc_ss=7b289&_nc_zt=28&oh=00_Af8Qnxc0J8lx0Ww1h4KEcGPdD4Tet7A9alt3wjhjZRazaA&oe=6A36ADD4 | SD: https://video.fjai6-1.fna.fbcdn.net/o1/v/t2/f2/m412/AQNeHBuWA9dNctirujQSITlILpG337PgXcJVEpdKwP4Wn07u52lxGiam81fIA0KkXo69Elwyv74t5Wx6BeBxpCKEnK6tlKjY2I5nuGqe6A.mp4?_nc_cat=107&_nc_oc=AdpbP6yHoFrzuY5Es_zkntKta4odp9WyTuPflSPLXc6CWZHyZjlteNXsj-9JNifJPmIaTNyO65-JM191MXpVOre9&_nc_sid=ef5aa3&_nc_ht=video.fjai6-1.fna.fbcdn.net&_nc_ohc=Amm5n2JbtfkQ7kNvwHzQ1GF&efg=eyJ2ZW5jb2RlX3RhZyI6Inhwdl9wcm9ncmVzc2l2ZS5WSV9VU0VDQVNFX1BST0RVQ1RfVFlQRS4uQzMuMzYwLnN2ZV9zZCIsInhwdl9hc3NldF9pZCI6MTc0MTQ2Mjg1NjQ1ODkwOSwiYXNzZXRfYWdlX2RheXMiOjIyNywidmlfdXNlY2FzZV9pZCI6MTA3OTksImR1cmF0aW9uX3MiOjY3LCJ1cmxnZW5fc291cmNlIjoid3d3In0%3D&ccb=17-1&_nc_gid=3wv79hDnogi9d91L_pITgg&_nc_ss=7b289&_nc_zt=28&oh=00_Af92ZMzy5nyCyCypNtUiM3wCWgWFO1Ob0_qmWRJqX7vD2Q&oe=6A36C0C7 | Preview: https://scontent.fjai6-1.fna.fbcdn.net/v/t39.35426-6/716742900_1272268334703173_1089140431339980539_n.jpg?_nc_cat=101&ccb=1-7&_nc_sid=c53f8f&_nc_ohc=PFV4KflHvRoQ7kNvwHl2bqG&_nc_oc=AdoZ-p9Y0JXSjgUdUw4KJcnIhqc1-OPIrXvxXwmJBh0nPS8uxaj1wwKFsxhrXAoBqF4pDaF1CX6DPbckqoZPOwi3&_nc_zt=14&_nc_ht=scontent.fjai6-1.fna&_nc_gid=3wv79hDnogi9d91L_pITgg&_nc_ss=7b289&oh=00_Af_un1xBxCNQ9ZNo_8XO_e0g62jkgfQPo1mhn28OzN-FEg&oe=6A36C6F8,,,,,,,
1661723501718376,https://www.facebook.com/speedoring/,fb.me,https://www.facebook.com/speedoring/,,,,speedoring@gmail.com,+91 90566 66615,,,,1298918316821027,http://fb.me/,SpeedoRing.com,https://www.facebook.com/ads/library/?id=1661723501718376,"𝗖𝗼𝗺𝗺𝗲𝗿𝗰𝗶𝗮𝗹 𝗣𝗹𝗼𝘁𝘀 From ₹95.50 Lacs* & 𝗕𝘂𝗶𝗹𝘁 𝗨𝗽 & 𝗣𝗥𝗘-𝗟𝗘𝗔𝗦𝗘𝗗 𝗖𝗼𝗺𝗺𝗲𝗿𝗰𝗶𝗮𝗹 𝗦𝗵𝗼𝘄𝗿𝗼𝗼𝗺s From ₹1.10 CR*📍𝗖𝗵𝗮𝗻𝗱𝗶𝗴𝗮𝗿𝗵-𝗬𝗮𝗺𝘂𝗻𝗮𝗻𝗮𝗴𝗮𝗿 𝗛𝗶𝗴𝗵𝘄𝗮𝘆, 𝗗𝗲𝗿𝗮𝗯𝗮𝘀𝘀𝗶. 

📍 Location: Chandigarh-Yamunanagar Highway, Derabassi
🚧 Project Type: Commercial Showroom & Plots (Pre-Launch)
📏 Road Width: 120-ft Front + 70-ft Internal Roads
🚘 Visitor Parking | 🛣️ Chandigarh & Highway Access

🔹 Project Features
✅ Located on a wide 100-ft main road
✅ Two-way entry/exit for smooth traffic flow
✅ Near existing residential population (3+ lakh)
✅ Great for retail, office, food outlets, and clinics
✅ CCTV and gated premises with security

🔸 Best Use Cases
✔️ Clinics, Coaching Institutes
✔️ Retail Stores, Cafes, Food Chains
✔️ Offices, Boutiques, and More

🧭 What Makes This Location Valuable
✅ Close to Chandigarh and Zirakpur
✅ Upcoming infrastructure nearby
✅ Strong daily exposure and nearby townships
✅ On a main stretch with regular vehicular movement

Looking for commercial visibility in a developing area with strong surroundings and easy connectivity? Discover plots for showrooms, offices, and retail on a 100-ft-wide road.

Want to explore plot availability, pricing, and sizes? Let us help you!",8957,Get quote,fb.me,"FACEBOOK; INSTAGRAM",2026-06-02,2026-06-15,HD: https://video.fjai6-1.fna.fbcdn.net/o1/v/t2/f2/m366/AQPmgGf89jJiC8LiH6DTp8jr-2a2ep122_C908Ytb9Qcnb1cJvrvgOYFk63YJLs0FaHRMUg_bsTcWJDa5oTeTgyhiR-1TTV6xHW-9HXmx4LoVw.mp4?_nc_cat=105&_nc_oc=AdoJLzeLcodo7eQ163um0aeRwrX-wCyMBkCD6ci_-WHU0pVq9n3F-E6qH-3vsAAPQoA7xivXR4I248AwWH45qu5r&_nc_sid=b66105&_nc_ht=video.fjai6-1.fna.fbcdn.net&_nc_ohc=_QThqypfYT8Q7kNvwGwwEJu&efg=eyJ2ZW5jb2RlX3RhZyI6Inhwdl9wcm9ncmVzc2l2ZS5WSV9VU0VDQVNFX1BST0RVQ1RfVFlQRS4uQzMuNzIwLmRhc2hfaDI2NC1iYXNpYy1nZW4yXzcyMHAiLCJ4cHZfYXNzZXRfaWQiOjE1NTg1NDA0NzU2OTA4MTQsImFzc2V0X2FnZV9kYXlzIjo1NSwidmlfdXNlY2FzZV9pZCI6MTA3OTksImR1cmF0aW9uX3MiOjc0LCJ1cmxnZW5fc291cmNlIjoid3d3In0%3D&ccb=17-1&vs=e087de0b7d05a6b3&_nc_vs=HBksFQIYRWZiX2VwaGVtZXJhbC8yMTRCNzZDMUJCQjRBNDk5RTQ3M0I5Q0M3QTM1ODRCNl9tdF8xX3ZpZGVvX2Rhc2hpbml0Lm1wNBUAAsgBEgAVAhhAZmJfcGVybWFuZW50LzdENEQ0NjU5NEMzQ0Y1MzA3OEMzMEQ3QUU4QTcyMDg4X2F1ZGlvX2Rhc2hpbml0Lm1wNBUCAsgBEgAoABgAGwKIB3VzZV9vaWwBMRJwcm9ncmVzc2l2ZV9yZWNpcGUBMRUAACb8vN-2_97EBRUCKAJDMywXQFK7tkWhysEYGWRhc2hfaDI2NC1iYXNpYy1nZW4yXzcyMHARAHUAZd6oAQA&_nc_gid=3wv79hDnogi9d91L_pITgg&_nc_ss=7b289&_nc_zt=28&oh=00_Af9Hbd30WuKD62YG06fRl9O_hMU5_ES_Vyxz7a_b2_gxVw&oe=6A36CA73 | SD: https://video.fjai6-1.fna.fbcdn.net/o1/v/t2/f2/m412/AQPx2eUBKYNZbgq8PP0KTd2vEwW7S2bonu3d4Fl14c7ndpb0wn-ZUwlysFCum13fIgAqmSEqrhE5CoqAB-2DP5kmVEQMIuWo6oktI7D3tQ.mp4?_nc_cat=104&_nc_oc=AdqojVnz2KH880yyV_EY4W4rTIVpiwTKAHyiIqk2zTaTY9UOH853LFKC5PHQAhoH1uUqedxgL5PawARwYF67nWdC&_nc_sid=ef5aa3&_nc_ht=video.fjai6-1.fna.fbcdn.net&_nc_ohc=rDRP7L5eG1YQ7kNvwF-h5gQ&efg=eyJ2ZW5jb2RlX3RhZyI6Inhwdl9wcm9ncmVzc2l2ZS5WSV9VU0VDQVNFX1BST0RVQ1RfVFlQRS4uQzMuMzYwLnN2ZV9zZCIsInhwdl9hc3NldF9pZCI6MTU1ODU0MDQ3NTY5MDgxNCwiYXNzZXRfYWdlX2RheXMiOjU1LCJ2aV91c2VjYXNlX2lkIjoxMDc5OSwiZHVyYXRpb25fcyI6NzQsInVybGdlbl9zb3VyY2UiOiJ3d3cifQ%3D%3D&ccb=17-1&_nc_gid=3wv79hDnogi9d91L_pITgg&_nc_ss=7b289&_nc_zt=28&oh=00_Af-2dfYBfjFfv6TnPEwUShppnwoQkAESFCMtM9kCetUOLQ&oe=6A36AC96 | Preview: https://scontent.fjai6-1.fna.fbcdn.net/v/t39.35426-6/715772986_747077108462585_5768386877329082300_n.jpg?_nc_cat=108&ccb=1-7&_nc_sid=c53f8f&_nc_ohc=N1yRE2cRf_oQ7kNvwFf8tx8&_nc_oc=AdrNcgg2GlT3UXBqNR7uIQVBD38BK9JqrK6lHlEWeVLIBzB0ECXOKngChWeSj6e1Ss2OhB22RXVs-dmiW8o5b1LH&_nc_zt=14&_nc_ht=scontent.fjai6-1.fna&_nc_gid=3wv79hDnogi9d91L_pITgg&_nc_ss=7b289&oh=00_Af-VtEeW7fljqDig4tTrhXm57GNWW_ue2XDKVBtBxZeNAw&oe=6A36BD9A,,,,,,,
933269153098681,https://www.facebook.com/aajdeveloper/,fb.me,https://www.facebook.com/aajdeveloper/,,,,salesaajdevelopers@gmail.com,+91 99989 78181,,,,1778320242423189,http://fb.me/,Aaj Developers,https://www.facebook.com/ads/library/?id=933269153098681,"1328 sq.ft | 100 sq.yd Showroom Space, Vithalapur
Sell & Rent પર ઉપલબ્ધ પ્રીમિયમ કોમર્શિયલ જગ્યા, Any Showroom, Car Showroom, Bike Showroom અને Bank માટે યોગ્ય પસંદગી.

📲 Contact: +91 9558566310 | +91 9909623666
📍 Address: AAJ Developers, opp. Honda plant, Vithlapur, Gujarat 382120

#aajdevelopers #propertyinvestment #residentialinvestment #smartinvestment 
#investmentproperty #preleasedproperty 

[secure investment, Ahmedabad real estate, pre-leased property, 
commercial real estate, vithlapur, pre-rented office, rental property, 
fixed return, passive income, lease income]",347,Get quote,fb.me,"FACEBOOK; INSTAGRAM",2026-06-02,2026-06-15,,,"1328 sq.ft | 100 sq.yd Showroom Space, Vithalapur
Sell & Rent પર ઉપલબ્ધ પ્રીમિયમ કોમર્શિયલ જગ્યા, Any Showroom, Car Showroom, Bike Showroom અને Bank માટે યોગ્ય પસંદગી.

📲 Contact: +91 9558566310 | +91 9909623666
📍 Address: AAJ Developers, opp. Honda plant, Vithlapur, Gujarat 382120

#aajdevelopers #propertyinvestment #residentialinvestment #smartinvestment 
#investmentproperty #preleasedproperty 

[secure investment, Ahmedabad real estate, pre-leased property, 
commercial real estate, vithlapur, pre-rented office, rental property, 
fixed return, passive income, lease income] || 1328 sq.ft | 100 sq.yd Showroom Space, Vithalapur
Sell & Rent પર ઉપલબ્ધ પ્રીમિયમ કોમર્શિયલ જગ્યા, Any Showroom, Car Showroom, Bike Showroom અને Bank માટે યોગ્ય પસંદગી.

📲 Contact: +91 9558566310 | +91 9909623666
📍 Address: AAJ Developers, opp. Honda plant, Vithlapur, Gujarat 382120

#aajdevelopers #propertyinvestment #residentialinvestment #smartinvestment 
#investmentproperty #preleasedproperty 

[secure investment, Ahmedabad real estate, pre-leased property, 
commercial real estate, vithlapur, pre-rented office, rental property, 
fixed return, passive income, lease income] || 1328 sq.ft | 100 sq.yd Showroom Space, Vithalapur
Sell & Rent પર ઉપલબ્ધ પ્રીમિયમ કોમર્શિયલ જગ્યા, Any Showroom, Car Showroom, Bike Showroom અને Bank માટે યોગ્ય પસંદગી.

📲 Contact: +91 9558566310 | +91 9909623666
📍 Address: AAJ Developers, opp. Honda plant, Vithlapur, Gujarat 382120

#aajdevelopers #propertyinvestment #residentialinvestment #smartinvestment 
#investmentproperty #preleasedproperty 

[secure investment, Ahmedabad real estate, pre-leased property, 
commercial real estate, vithlapur, pre-rented office, rental property, 
fixed return, passive income, lease income] || 1328 sq.ft | 100 sq.yd Showroom Space, Vithalapur
Sell & Rent પર ઉપલબ્ધ પ્રીમિયમ કોમર્શિયલ જગ્યા, Any Showroom, Car Showroom, Bike Showroom અને Bank માટે યોગ્ય પસંદગી.

📲 Contact: +91 9558566310 | +91 9909623666
📍 Address: AAJ Developers, opp. Honda plant, Vithlapur, Gujarat 382120

#aajdevelopers #propertyinvestment #residentialinvestment #smartinvestment 
#investmentproperty #preleasedproperty 

[secure investment, Ahmedabad real estate, pre-leased property, 
commercial real estate, vithlapur, pre-rented office, rental property, 
fixed return, passive income, lease income] || 1328 sq.ft | 100 sq.yd Showroom Space, Vithalapur
Sell & Rent પર ઉપલબ્ધ પ્રીમિયમ કોમર્શિયલ જગ્યા, Any Showroom, Car Showroom, Bike Showroom અને Bank માટે યોગ્ય પસંદગી.

📲 Contact: +91 9558566310 | +91 9909623666
📍 Address: AAJ Developers, opp. Honda plant, Vithlapur, Gujarat 382120

#aajdevelopers #propertyinvestment #residentialinvestment #smartinvestment 
#investmentproperty #preleasedproperty 

[secure investment, Ahmedabad real estate, pre-leased property, 
commercial real estate, vithlapur, pre-rented office, rental property, 
fixed return, passive income, lease income]",http://fb.me/ || http://fb.me/ || http://fb.me/ || http://fb.me/ || http://fb.me/,,Get Quote || Get Quote || Get Quote || Get Quote || Get Quote,Original: https://scontent.fjai6-1.fna.fbcdn.net/v/t39.35426-6/711670967_1393375116184681_6176652847921008949_n.jpg?_nc_cat=106&ccb=1-7&_nc_sid=c53f8f&_nc_ohc=OBU9lbi1n2UQ7kNvwFOQk_e&_nc_oc=AdqgcIjg2DeyyrB8IcfJdwtA0lIBcgXWAVfvsYGg1DBs12a_UNIqw5bpMp0Y6fSBtqM5DNtouY0aFcThQ5fZtDNx&_nc_zt=14&_nc_ht=scontent.fjai6-1.fna&_nc_gid=3wv79hDnogi9d91L_pITgg&_nc_ss=7b289&oh=00_Af8LalJKP-S_3rLYYWaY5f_usER_E_3NapmuvMjo4gFdqw&oe=6A36B251 | Resized: https://scontent.fjai6-1.fna.fbcdn.net/v/t39.35426-6/711655107_1782919746010398_659502660166293756_n.jpg?stp=dst-jpg_s600x600_tt6&_nc_cat=102&ccb=1-7&_nc_sid=c53f8f&_nc_ohc=Mve23qk_7foQ7kNvwEMezDI&_nc_oc=Adoh5NFv0XTM2FGWekYABXpVBTyIS9LnR-HWn6X-TDf2Sjv0Nei33BYiO7_LxMigVo5TdkH4xG_-C1efSi-eOsyU&_nc_zt=14&_nc_ht=scontent.fjai6-1.fna&_nc_gid=3wv79hDnogi9d91L_pITgg&_nc_ss=7b289&oh=00_Af8T5l8ssop9w6KvQjctck9pqeUYyT1XDOKEPIfpbrxVPA&oe=6A36D223 || Original: https://scontent.fjai6-1.fna.fbcdn.net/v/t39.35426-6/711670967_1393375116184681_6176652847921008949_n.jpg?_nc_cat=106&ccb=1-7&_nc_sid=c53f8f&_nc_ohc=OBU9lbi1n2UQ7kNvwFOQk_e&_nc_oc=AdqgcIjg2DeyyrB8IcfJdwtA0lIBcgXWAVfvsYGg1DBs12a_UNIqw5bpMp0Y6fSBtqM5DNtouY0aFcThQ5fZtDNx&_nc_zt=14&_nc_ht=scontent.fjai6-1.fna&_nc_gid=3wv79hDnogi9d91L_pITgg&_nc_ss=7b289&oh=00_Af8LalJKP-S_3rLYYWaY5f_usER_E_3NapmuvMjo4gFdqw&oe=6A36B251 | Resized: https://scontent.fjai6-1.fna.fbcdn.net/v/t39.35426-6/711655107_1782919746010398_659502660166293756_n.jpg?stp=dst-jpg_s600x600_tt6&_nc_cat=102&ccb=1-7&_nc_sid=c53f8f&_nc_ohc=Mve23qk_7foQ7kNvwEMezDI&_nc_oc=Adoh5NFv0XTM2FGWekYABXpVBTyIS9LnR-HWn6X-TDf2Sjv0Nei33BYiO7_LxMigVo5TdkH4xG_-C1efSi-eOsyU&_nc_zt=14&_nc_ht=scontent.fjai6-1.fna&_nc_gid=3wv79hDnogi9d91L_pITgg&_nc_ss=7b289&oh=00_Af8T5l8ssop9w6KvQjctck9pqeUYyT1XDOKEPIfpbrxVPA&oe=6A36D223 || Original: https://scontent.fjai6-1.fna.fbcdn.net/v/t39.35426-6/711565902_877033898788878_5619332081932177044_n.jpg?_nc_cat=101&ccb=1-7&_nc_sid=c53f8f&_nc_ohc=9S1OJVEHQNoQ7kNvwHgauik&_nc_oc=AdoNsnV3C3yGop5SxISqud3pKZ9p2BGRK-bsHL2ImRl2m5PNRKmkYdypjW-E4v5fKSBWeDp1z-ynP2hz0kNfjFyg&_nc_zt=14&_nc_ht=scontent.fjai6-1.fna&_nc_gid=3wv79hDnogi9d91L_pITgg&_nc_ss=7b289&oh=00_Af8KE2Z-9l4MUUXPmcHYNTQXmokZskytnBwYXQMJH4WH0w&oe=6A36DC44 | Resized: https://scontent.fjai6-1.fna.fbcdn.net/v/t39.35426-6/711618816_2026628198265863_3838198317894436886_n.jpg?stp=dst-jpg_s600x600_tt6&_nc_cat=106&ccb=1-7&_nc_sid=c53f8f&_nc_ohc=7li5VfUM7ogQ7kNvwGMKiyy&_nc_oc=AdoL0OboQlqSkAFfmDFTy3zSN2goinBQQBhPjogL6r-etq1BVZLVvHxIY1XNs0m0KW7e2Q91l93IxSF_mLYsMbB-&_nc_zt=14&_nc_ht=scontent.fjai6-1.fna&_nc_gid=3wv79hDnogi9d91L_pITgg&_nc_ss=7b289&oh=00_Af_Qxy4SbdQNFCzUDRb2kIWxcLe8_LHS_vPczUCSV9I3MA&oe=6A36C44B || Original: https://scontent.fjai6-1.fna.fbcdn.net/v/t39.35426-6/711565902_877033898788878_5619332081932177044_n.jpg?_nc_cat=101&ccb=1-7&_nc_sid=c53f8f&_nc_ohc=9S1OJVEHQNoQ7kNvwHgauik&_nc_oc=AdoNsnV3C3yGop5SxISqud3pKZ9p2BGRK-bsHL2ImRl2m5PNRKmkYdypjW-E4v5fKSBWeDp1z-ynP2hz0kNfjFyg&_nc_zt=14&_nc_ht=scontent.fjai6-1.fna&_nc_gid=3wv79hDnogi9d91L_pITgg&_nc_ss=7b289&oh=00_Af8KE2Z-9l4MUUXPmcHYNTQXmokZskytnBwYXQMJH4WH0w&oe=6A36DC44 | Resized: https://scontent.fjai6-1.fna.fbcdn.net/v/t39.35426-6/711618816_2026628198265863_3838198317894436886_n.jpg?stp=dst-jpg_s600x600_tt6&_nc_cat=106&ccb=1-7&_nc_sid=c53f8f&_nc_ohc=7li5VfUM7ogQ7kNvwGMKiyy&_nc_oc=AdoL0OboQlqSkAFfmDFTy3zSN2goinBQQBhPjogL6r-etq1BVZLVvHxIY1XNs0m0KW7e2Q91l93IxSF_mLYsMbB-&_nc_zt=14&_nc_ht=scontent.fjai6-1.fna&_nc_gid=3wv79hDnogi9d91L_pITgg&_nc_ss=7b289&oh=00_Af_Qxy4SbdQNFCzUDRb2kIWxcLe8_LHS_vPczUCSV9I3MA&oe=6A36C44B || Original: https://scontent.fjai6-1.fna.fbcdn.net/v/t39.35426-6/711601928_1285352723320986_9045703490365597585_n.jpg?_nc_cat=100&ccb=1-7&_nc_sid=c53f8f&_nc_ohc=iXK6vZHtjJAQ7kNvwGgVsIw&_nc_oc=Ado-IfQLZ7kws0RoR55zDrWk9rRRirRpCtd8fKcNej3yazLrHkEoj01MlZPyCSzn7lrp8ymLMuicAlbF7MLjy-sI&_nc_zt=14&_nc_ht=scontent.fjai6-1.fna&_nc_gid=3wv79hDnogi9d91L_pITgg&_nc_ss=7b289&oh=00_Af-7ua0obbzDAJjspzRpBuz1gUXjz8wXTbJ6L8H_T9N9cA&oe=6A36DDA8 | Resized: https://scontent.fjai6-1.fna.fbcdn.net/v/t39.35426-6/711566490_1013347817740739_2113696057748715636_n.jpg?stp=dst-jpg_s600x600_tt6&_nc_cat=107&ccb=1-7&_nc_sid=c53f8f&_nc_ohc=oQL2TrsOO-EQ7kNvwGSHJHC&_nc_oc=AdrCAtWU7ZVDKgISRXwpFWTW5Zcp3LJ2GYHkZYHR1YKZFTuguiEWu8jl531gLZtbdEu2DamcwuMdIqVOUEvFT8l-&_nc_zt=14&_nc_ht=scontent.fjai6-1.fna&_nc_gid=3wv79hDnogi9d91L_pITgg&_nc_ss=7b289&oh=00_Af-3fdNA36kVCIeOuq0vIWi66CFwdQKDEi-QE9WPPcIsNA&oe=6A36D425,
4685013285064292,https://www.facebook.com/AVPropertyraipur/,api.whatsapp.com,https://www.facebook.com/AVPropertyraipur/,,,,pankaj.roy0127@gmail.com,+91 79740 31664,,,,101896102144547,https://api.whatsapp.com/send,AV Realities,https://www.facebook.com/ads/library/?id=4685013285064292,"ANAND ARCADE 
COMMERCIAL PROJECT बिल्कुल JAISTAMBH CHOWK पर 
Best suitable for
कॉर्पोरेट आफिस 
कंसल्टिंग फर्म 
CA/अकाउंटिंग फर्म
ट्रैवल एजेंसी 
लॉ फार्म
आईटी ऑफ़िस 
कोचिंग सेंटर
बैक ऑफ़िस 
Amenities
✅ 24×7 सिक्योरिटी & सीसीटीवी
✅ हाई-स्पीड लिफ्ट | ✅ Double Basement पार्किंग
✅ फायर सेफ्टी सिस्टम | ✅ प्रीमियम टॉयलेट | ✅ कॉमन एरिया में पावर बैकअप | ✅  पानी की व्यवस्था | 
Connectivity
ऑन जयस्तंभ चौक",188,Send WhatsApp message,WhatsApp,"FACEBOOK; INSTAGRAM; MESSENGER; WHATSAPP",2026-06-08,2026-06-15,,Original: https://scontent.fjai6-1.fna.fbcdn.net/v/t39.35426-6/719822123_1670441224000095_6807444365832456863_n.jpg?_nc_cat=102&ccb=1-7&_nc_sid=c53f8f&_nc_aid=0&_nc_ohc=f8XcOlXELZkQ7kNvwEjkDR0&_nc_oc=AdqC-UYLW_Qbjz-Sk8TfeRy3S9qU934-pNq6BKYcsymWYeODrZvMsJa0mlOtjocnO8KcMmmuuouQqd08WZI3pMpO&_nc_zt=14&_nc_ht=scontent.fjai6-1.fna&_nc_gid=ER47ailNLR_J1VXNGpqnbg&_nc_ss=7b289&oh=00_Af_GvsBkk6ScbMPsxoNHzFE_yiBCDI2S-yAgBGEYyE8i7Q&oe=6A36D51B | Resized: https://scontent.fjai6-1.fna.fbcdn.net/v/t39.35426-6/717025996_1410908901060232_6808493292997567246_n.jpg?stp=dst-jpg_s600x600_tt6&_nc_cat=103&ccb=1-7&_nc_sid=c53f8f&_nc_ohc=nxyKmjipgjYQ7kNvwGlwenC&_nc_oc=AdqE7biddFiA22nGSLJqvRoj5f6Y7PmtgBgSTIgO5tSLhnHgs95YMTEfhDQaqzyHmgHhzRo88KqjbpV7VusNEx9b&_nc_zt=14&_nc_ht=scontent.fjai6-1.fna&_nc_gid=ER47ailNLR_J1VXNGpqnbg&_nc_ss=7b289&oh=00_Af_Fv_Rvbc-inYldL4Jed3l1vy3xmYn3OrvgVIDCWMb09g&oe=6A36DF59,,,,,,
838433925519451,https://www.facebook.com/61589080389308/,fb.me,https://www.facebook.com/61589080389308/,,,,,,,,,1119182671275475,http://fb.me/,Delhi NCR Commercial Spaces,https://www.facebook.com/ads/library/?id=838433925519451,"🏙️ Just ₹50 Lakhs Investment = Up to ₹75,000 Assured Monthly Rental! 💰

Invest in the newly launched commercial project by Omaxe in Dwarka, Delhi NCR 🇮🇳

✅ Up to 18% Assured Annual Returns
✅ 9 Years Lease Guarantee
✅ Adjacent to International Cricket Stadium 🏏
✅ Massive 4 Lakh+ Daily Footfall 🚶‍♂️🚶‍♀️
✅ Only 8 Minutes from IGI Airport ✈️
✅ Easy 50:50 Payment Plan
✅ Loan Facility from Major Banks 🏦

A premium commercial investment opportunity with high rental potential & strategic location advantage.

📩 Click below to get project details, pricing & availability now!",2,Learn more,fb.me,"FACEBOOK; INSTAGRAM",2026-05-18,2026-06-15,HD: https://video.fjai6-1.fna.fbcdn.net/o1/v/t2/f2/m366/AQPt_kLhcIOGJ9bzRCkZiKB0mcY8cE4g0Mv36QHxyzR0N0qJ1q1insHwuGDUBg_ic4YCnMs8jC6etvfjEF1SrjRH3iCcNEJIgT0FuaWmCG9ffA.mp4?_nc_cat=103&_nc_oc=AdovzRgH1mv5rctzTNbTg5f3quJUROZg_6rXTj_5RNGSx2OSTAOAh78uMO1uAnudGfs5ZK_PO2nGEZbAvo3C6AUo&_nc_sid=b66105&_nc_ht=video.fjai6-1.fna.fbcdn.net&_nc_ohc=RbMmyKqo-A0Q7kNvwFwxq2Y&efg=eyJ2ZW5jb2RlX3RhZyI6Inhwdl9wcm9ncmVzc2l2ZS5WSV9VU0VDQVNFX1BST0RVQ1RfVFlQRS4uQzMuNzIwLmRhc2hfaDI2NC1iYXNpYy1nZW4yXzcyMHAiLCJ4cHZfYXNzZXRfaWQiOjI0NjgyMjE4MDcwMTEzODUsImFzc2V0X2FnZV9kYXlzIjozNywidmlfdXNlY2FzZV9pZCI6MTA3OTksImR1cmF0aW9uX3MiOjMzLCJ1cmxnZW5fc291cmNlIjoid3d3In0%3D&ccb=17-1&vs=8cfc0572086db1d3&_nc_vs=HBksFQIYRWZiX2VwaGVtZXJhbC81MDQwMDFCMDJCNTUzOEZEMDM2QTAxQzNDNzE4QzNBNV9tdF8xX3ZpZGVvX2Rhc2hpbml0Lm1wNBUAAsgBEgAVAhhAZmJfcGVybWFuZW50LzFBNDE4RjJFMjUxRDJDODkxNEFFMTZGODQ1MjM5NTgxX2F1ZGlvX2Rhc2hpbml0Lm1wNBUCAsgBEgAoABgAGwKIB3VzZV9vaWwBMRJwcm9ncmVzc2l2ZV9yZWNpcGUBMRUAACbymMXAtbXiCBUCKAJDMywXQEDEOVgQYk4YGWRhc2hfaDI2NC1iYXNpYy1nZW4yXzcyMHARAHUAZd6oAQA&_nc_gid=ER47ailNLR_J1VXNGpqnbg&_nc_ss=7b289&_nc_zt=28&oh=00_Af929-cPuavSTYU_Qs5C-WQwZ0_tZOQwODZXusLd_gTtLw&oe=6A36DD09 | SD: https://video.fjai6-1.fna.fbcdn.net/o1/v/t2/f2/m412/AQOXKakg5WX6gkK7Z9BvxIAs8xhg9gE8ZC2w1kbnTZ3gudc-EMe5ztecnSSGHzjck7uyqtjfn8bZ_CLLXexFgVDRlT1suKS5j8NWRUd-gQ.mp4?_nc_cat=104&_nc_oc=AdrRlNW9FQHEHFqqcZu5xXihl9pfGeCpOjV1omnicMohtZprhe3RvcZpXmQbxiXK6Ery7RwekL0CjkLTB4AAsLxf&_nc_sid=ef5aa3&_nc_ht=video.fjai6-1.fna.fbcdn.net&_nc_ohc=5uXIr0p6mqwQ7kNvwF43jOR&efg=eyJ2ZW5jb2RlX3RhZyI6Inhwdl9wcm9ncmVzc2l2ZS5WSV9VU0VDQVNFX1BST0RVQ1RfVFlQRS4uQzMuMzYwLnN2ZV9zZCIsInhwdl9hc3NldF9pZCI6MjQ2ODIyMTgwNzAxMTM4NSwiYXNzZXRfYWdlX2RheXMiOjM3LCJ2aV91c2VjYXNlX2lkIjoxMDc5OSwiZHVyYXRpb25fcyI6MzMsInVybGdlbl9zb3VyY2UiOiJ3d3cifQ%3D%3D&ccb=17-1&_nc_gid=ER47ailNLR_J1VXNGpqnbg&_nc_ss=7b289&_nc_zt=28&oh=00_Af8S_HkFRW0aiGqp5LXSICDyk3AR2CslsKl8R3G33Poj0g&oe=6A36CE2A | Preview: https://scontent.fjai6-1.fna.fbcdn.net/v/t39.35426-6/692603812_3156381444564194_1732768289043195846_n.jpg?_nc_cat=102&ccb=1-7&_nc_sid=c53f8f&_nc_ohc=EGjwF7qD07oQ7kNvwFmDprq&_nc_oc=Ado8LBPw_yBKfyRi-nM2BACD2AegovX1Ta9GgEcFb_qxDD9YHSx6A4rVmhnki0FJZ_HgNVzp77h69Rrdtf1IXYqN&_nc_zt=14&_nc_ht=scontent.fjai6-1.fna&_nc_gid=ER47ailNLR_J1VXNGpqnbg&_nc_ss=7b289&oh=00_Af-lznlzuzVRyRC8LKAcyyVIOVALp6kDZC6ZrKHRQzgf5w&oe=6A36C4AD,,,,,,,
1048755177829755,https://www.facebook.com/parksyde.nashik.co/,fb.me,https://www.facebook.com/parksyde.nashik.co/,,,,,,,,,773578835828625,http://fb.me/,Parksyde Nashik,https://www.facebook.com/ads/library/?id=1048755177829755,"🏥 𝐒𝐩𝐚𝐜𝐞𝐬 𝐄𝐱𝐜𝐥𝐮𝐬𝐢𝐯𝐞𝐥𝐲 𝐟𝐨𝐫
𝐇𝐞𝐚𝐥𝐭𝐡𝐜𝐚𝐫𝐞 𝐏𝐫𝐨𝐟𝐞𝐬𝐬𝐢𝐨𝐧𝐚𝐥𝐬👨‍⚕️ 𝐈𝐝𝐞𝐚𝐥 𝐟𝐨𝐫 𝐃𝐨𝐜𝐭𝐨𝐫𝐬
& 𝐂𝐥𝐢𝐧𝐢𝐜𝐬📍𝐏𝐚𝐧𝐜𝐡𝐚𝐯𝐚𝐭𝐢 𝐀𝐧𝐧𝐞𝐱, 𝐍𝐚𝐬𝐡𝐢𝐤🛣️ Just
50 Mtrs from Mumbai–Agra Highway🏘️
Surrounded by Residential Communities

Book Your Site Visit Today!
Click to get More Details.",79,Get quote,fb.me,"FACEBOOK; INSTAGRAM; AUDIENCE_NETWORK",2026-06-11,2026-06-15,HD: https://video.fjai6-1.fna.fbcdn.net/o1/v/t2/f2/m366/AQOYaPaHvbhimUwwNou65pW6grg2ty5HfmDtSGfdoz-Vh0Fukzj7CPeK84mGWkmfSoo7MPp2qNkOO9MXd5zoynp05ILrVzRu_7ahOu7mmrpTeQ.mp4?_nc_cat=109&_nc_oc=AdoXUH3UbmRAxFZBdT5i0bFZkyd0yLFrr-YR3pwAnCvOQ-v38uPGcXzfVpJhydEGkRApqKF1x86cSb6o2g9d13AY&_nc_sid=b66105&_nc_ht=video.fjai6-1.fna.fbcdn.net&_nc_ohc=2ByAGLN61PgQ7kNvwEUqsw3&efg=eyJ2ZW5jb2RlX3RhZyI6Inhwdl9wcm9ncmVzc2l2ZS5WSV9VU0VDQVNFX1BST0RVQ1RfVFlQRS4uQzMuNzIwLmRhc2hfaDI2NC1iYXNpYy1nZW4yXzcyMHAiLCJ4cHZfYXNzZXRfaWQiOjEzNTc2MTg0NjY1ODI4MjAsImFzc2V0X2FnZV9kYXlzIjoyNCwidmlfdXNlY2FzZV9pZCI6MTA3OTksImR1cmF0aW9uX3MiOjYzLCJ1cmxnZW5fc291cmNlIjoid3d3In0%3D&ccb=17-1&vs=14f9df8002e9e527&_nc_vs=HBksFQIYRWZiX2VwaGVtZXJhbC83NzQ1NTM0NzlDQUM4REY1QTg4NDc3MURGODIzMDc4NV9tdF8xX3ZpZGVvX2Rhc2hpbml0Lm1wNBUAAsgBEgAVAhhAZmJfcGVybWFuZW50LzQ3NDVCQjUwMDQ1MTNFNzFCNUY0MjYzQzM3RkVBODlEX2F1ZGlvX2Rhc2hpbml0Lm1wNBUCAsgBEgAoABgAGwKIB3VzZV9vaWwBMRJwcm9ncmVzc2l2ZV9yZWNpcGUBMRUAACbIxIfn5a_pBBUCKAJDMywXQE-KPXCj1woYGWRhc2hfaDI2NC1iYXNpYy1nZW4yXzcyMHARAHUAZd6oAQA&_nc_gid=5UtMRyumpmse7fgE9cWJuA&_nc_ss=7b289&_nc_zt=28&oh=00_Af-ePZk7nXUFPvEhM8yqOJOgep5oLbOfKOuU7mMR0TBO6w&oe=6A36C547 | SD: https://video.fjai6-1.fna.fbcdn.net/o1/v/t2/f2/m412/AQNknPypjAmUW1NrmREPF0FfktW8htRNOdvI2aAIDZwtdrX7-ahOe4dLAHU1V3lLf9hcmz9rQJSWiGJznw-g8Os4JqypdFZyndZsXZw1ig.mp4?_nc_cat=106&_nc_oc=AdpA9YpjekXx9ab-Xc-Ci7RCSAGDnrH-dx3KeCDmUuphnStBKkG5u20weOJfgSobJft2s_HEEs72GMUWgCmO-Qua&_nc_sid=ef5aa3&_nc_ht=video.fjai6-1.fna.fbcdn.net&_nc_ohc=__9l9AKlo0AQ7kNvwHFKsN-&efg=eyJ2ZW5jb2RlX3RhZyI6Inhwdl9wcm9ncmVzc2l2ZS5WSV9VU0VDQVNFX1BST0RVQ1RfVFlQRS4uQzMuMzYwLnN2ZV9zZCIsInhwdl9hc3NldF9pZCI6MTM1NzYxODQ2NjU4MjgyMCwiYXNzZXRfYWdlX2RheXMiOjI0LCJ2aV91c2VjYXNlX2lkIjoxMDc5OSwiZHVyYXRpb25fcyI6NjMsInVybGdlbl9zb3VyY2UiOiJ3d3cifQ%3D%3D&ccb=17-1&_nc_gid=5UtMRyumpmse7fgE9cWJuA&_nc_ss=7b289&_nc_zt=28&oh=00_Af-wdE0MiGsdom4Eyrx6M69PhW6XyvKdy-ySdi3zl_hmSw&oe=6A36C288 | Preview: https://scontent.fjai6-1.fna.fbcdn.net/v/t39.35426-6/705169954_1259429179595929_4347928209897706820_n.jpg?_nc_cat=110&ccb=1-7&_nc_sid=c53f8f&_nc_ohc=qQqbfrDNRUUQ7kNvwEhy33h&_nc_oc=Ado4wz-HGfknsVldOW2FmZM6PJFL7_8pp3bjRbuPGawcD9hWpkYf75inhkTcJcq4OiNKZGEOhgjEOdY8jHWP7JaA&_nc_zt=14&_nc_ht=scontent.fjai6-1.fna&_nc_gid=5UtMRyumpmse7fgE9cWJuA&_nc_ss=7b289&oh=00_Af8P-lD_rGZFMiXAjc4qCkYM2asAKJhLQjkKkfyV1bGpGg&oe=6A36C88D,,,,,,,
4366125643628799,https://www.facebook.com/100095331973432/,fb.me,https://www.facebook.com/100095331973432/,,,,,,,,,103767406148222,http://fb.me/,Pune Commercial Project,https://www.facebook.com/ads/library/?id=4366125643628799,"Restaurant space available for lease in Pimple Saudagar.
Large rooftop + indoor dining setup with parking available.
Ideal for restaurant owners looking to launch or expand their brand.
Enquire now.",37,Get quote,fb.me,"FACEBOOK; INSTAGRAM; AUDIENCE_NETWORK",2026-05-06,2026-06-15,,Original: https://scontent.fjai6-1.fna.fbcdn.net/v/t39.35426-6/690661033_1498951308405044_7164685772055354605_n.jpg?_nc_cat=102&ccb=1-7&_nc_sid=c53f8f&_nc_ohc=4gw70FA0AbIQ7kNvwHdTkLM&_nc_oc=AdqWcGjT-Y677EV4JvGtPvsi6As0idlFZzk5XYPlslBIKx3btqexbEq7M6MkdzGdztl00aA0q1_R47tZpMgCvH62&_nc_zt=14&_nc_ht=scontent.fjai6-1.fna&_nc_gid=G1BgujWmQaRLK5eOvziAbA&_nc_ss=7b289&oh=00_Af8dkJzWMcEhVxHRZb9FZMDeTuZPiaAxdYTk38SMpZvkiw&oe=6A36B0D1 | Resized: https://scontent.fjai6-1.fna.fbcdn.net/v/t39.35426-6/690664631_1258259286474704_5687681138001154826_n.jpg?stp=dst-jpg_s600x600_tt6&_nc_cat=107&ccb=1-7&_nc_sid=c53f8f&_nc_ohc=F4MXhytpgKAQ7kNvwFbNgN6&_nc_oc=AdrKI-Pi_7uvbARyhgVPI31ogB2pp3d6mp2B8kKM1g1OpXQJsOU4RVxWDYldYuZnlhEoaKLThZjsdhZfZr3iFAF9&_nc_zt=14&_nc_ht=scontent.fjai6-1.fna&_nc_gid=G1BgujWmQaRLK5eOvziAbA&_nc_ss=7b289&oh=00_Af9xxvEDNMxvA2_cZdw2uPgpyBzOVZc1BvKycNtWeg_8cA&oe=6A36B2AE,,,,,,
1385602119956572,https://www.facebook.com/61584991723950/,,https://www.facebook.com/61584991723950/,,,,,+91 99066 40164,,,,1006610865873501,,J&K elevators private limited ,https://www.facebook.com/ads/library/?id=1385602119956572,,8332,Send message,,"FACEBOOK; INSTAGRAM; AUDIENCE_NETWORK; MESSENGER",2026-05-08,2026-06-15,HD: https://video.fjai6-1.fna.fbcdn.net/o1/v/t2/f2/m366/AQNE7KkNHdB9VCIJ55WVfJ3cjhuW0dHml-6x5ztG5Br5KDc3JP469l5lTUGZ4b05i8ERUjh0R18vYCaO0cZT9osunleYMhbRXJWNChUrCNuhVg.mp4?_nc_cat=103&_nc_oc=Adop_E9v8KjcaYC4gP0l21G5dqc8C-SlCI2GGb9vDa3g64o5YFP984nJ-WNr5G2TG9Mx5BZMUJTXpbS4TKzCKQCw&_nc_sid=b66105&_nc_ht=video.fjai6-1.fna.fbcdn.net&_nc_ohc=o2SpvWAReKQQ7kNvwHmaois&efg=eyJ2ZW5jb2RlX3RhZyI6Inhwdl9wcm9ncmVzc2l2ZS5WSV9VU0VDQVNFX1BST0RVQ1RfVFlQRS4uQzMuNzIwLmRhc2hfaDI2NC1iYXNpYy1nZW4yXzcyMHAiLCJ4cHZfYXNzZXRfaWQiOjE0MzkzOTg3NTc5NTc5NzQsImFzc2V0X2FnZV9kYXlzIjozOCwidmlfdXNlY2FzZV9pZCI6MTAxMjIsImR1cmF0aW9uX3MiOjcyLCJ1cmxnZW5fc291cmNlIjoid3d3In0%3D&ccb=17-1&vs=c5ab99bff0af92e&_nc_vs=HBksFQIYRWZiX2VwaGVtZXJhbC8yNDQ3MzA0QjQ0MDZGMzhEN0M1MUJEMjMxRTZCMEVBM19tdF8xX3ZpZGVvX2Rhc2hpbml0Lm1wNBUAAsgBEgAVAhhAZmJfcGVybWFuZW50LzI2NDJDRDY1RTcyOTlGN0VGRDcyRkRCMEMyOUU4RTk3X2F1ZGlvX2Rhc2hpbml0Lm1wNBUCAsgBEgAoABgAGwKIB3VzZV9vaWwBMRJwcm9ncmVzc2l2ZV9yZWNpcGUBMRUAACashcS6hMiOBRUCKAJDMywXQFIIgxJul40YGWRhc2hfaDI2NC1iYXNpYy1nZW4yXzcyMHARAHUAZZSeAQA&_nc_gid=KH0EQ1RfxhEigXMAXJw19w&_nc_ss=7b289&_nc_zt=28&oh=00_Af81TVqimG3h6CHgVbVuxtwKyGtmrVV6Bt2JYSCSivc8oA&oe=6A36DF11 | SD: https://video.fjai6-1.fna.fbcdn.net/o1/v/t2/f2/m412/AQNDFBXsUEI71FtNsmFXzYgotuu5O8Jf3PyG4DeHZQgQqwyz4923GGQcBz2cxSn0vAZ7bRHTF7pbivLrP-NnebhD7NkSOYtzK0e7ghlG3A.mp4?_nc_cat=110&_nc_oc=AdqQzPsCg3Z3RKPRqzoS5jDIiTD8X4g8dZePDdr3CBEhC9AKbsCLQufG7V7SdlOr8LTKqf5SRRlDE3oIYZxnrQnz&_nc_sid=ef5aa3&_nc_ht=video.fjai6-1.fna.fbcdn.net&_nc_ohc=Q5je0CFXCsoQ7kNvwEmyEKs&efg=eyJ2ZW5jb2RlX3RhZyI6Inhwdl9wcm9ncmVzc2l2ZS5WSV9VU0VDQVNFX1BST0RVQ1RfVFlQRS4uQzMuMzYwLnN2ZV9zZCIsInhwdl9hc3NldF9pZCI6MTQzOTM5ODc1Nzk1Nzk3NCwiYXNzZXRfYWdlX2RheXMiOjM4LCJ2aV91c2VjYXNlX2lkIjoxMDEyMiwiZHVyYXRpb25fcyI6NzIsInVybGdlbl9zb3VyY2UiOiJ3d3cifQ%3D%3D&ccb=17-1&_nc_gid=KH0EQ1RfxhEigXMAXJw19w&_nc_ss=7b289&_nc_zt=28&oh=00_Af97S6UdMITbjDLtnVnV7cA_jQhGq1YQoAGxyQnzUmVWwA&oe=6A36DC1C | Preview: https://scontent.fjai6-1.fna.fbcdn.net/v/t39.35426-6/690339739_4486078068270354_5089125411480126104_n.jpg?_nc_cat=106&ccb=1-7&_nc_sid=c53f8f&_nc_ohc=C9dX64M_glEQ7kNvwFdUsJ1&_nc_oc=AdqtbEoGYpnF1F38WskrZ19mwfRi305eZbJbpv14OkBasGRX2stZ2-0LweAI2yQekDyx77CH3KCEVbhqApodQWfY&_nc_zt=14&_nc_ht=scontent.fjai6-1.fna&_nc_gid=KH0EQ1RfxhEigXMAXJw19w&_nc_ss=7b289&oh=00_Af89Kgol93TiFcxKxrdpJyU1CGFVLkwbAylSmLe-Z6yCvw&oe=6A36E0AB,,,,,,,
863241169613445,https://www.facebook.com/oasisent1234/,fb.me,https://www.facebook.com/oasisent1234/,,,,pushkaljain1999@gmail.com,+91 70236 09644,,,,215531725557311,http://fb.me/,Oasis Enterprises Bricks,https://www.facebook.com/ads/library/?id=863241169613445,"Why pay extra to dealers and middlemen?

Get premium Fly Ash Bricks directly from the manufacturer at factory rates.

✅ ISI-Grade Quality
✅ High Strength & Durability
✅ Fast Site Delivery
✅ Direct From Plant

Whether you're building a home, apartment, commercial project, or boundary wall, Paras Enterprises delivers quality you can build on.

Get your factory rate quote today.",1270,Learn more,fb.me,"FACEBOOK; INSTAGRAM; AUDIENCE_NETWORK",2026-06-06,2026-06-15,,,"Why pay extra to dealers and middlemen?

Get premium Fly Ash Bricks directly from the manufacturer at factory rates.

✅ ISI-Grade Quality
✅ High Strength & Durability
✅ Fast Site Delivery
✅ Direct From Plant

Whether you're building a home, apartment, commercial project, or boundary wall, Paras Enterprises delivers quality you can build on.

Get your factory rate quote today. || Why pay extra to dealers and middlemen?

Get premium Fly Ash Bricks directly from the manufacturer at factory rates.

✅ ISI-Grade Quality
✅ High Strength & Durability
✅ Fast Site Delivery
✅ Direct From Plant

Whether you're building a home, apartment, commercial project, or boundary wall, Paras Enterprises delivers quality you can build on.

Get your factory rate quote today. || Why pay extra to dealers and middlemen?

Get premium Fly Ash Bricks directly from the manufacturer at factory rates.

✅ ISI-Grade Quality
✅ High Strength & Durability
✅ Fast Site Delivery
✅ Direct From Plant

Whether you're building a home, apartment, commercial project, or boundary wall, Paras Enterprises delivers quality you can build on.

Get your factory rate quote today.",http://fb.me/ || http://fb.me/ || http://fb.me/,,Learn More || Learn More || Learn More,Original: https://scontent.fjai6-1.fna.fbcdn.net/v/t39.35426-6/719139357_27159246510401792_9116720678904000755_n.jpg?_nc_cat=110&ccb=1-7&_nc_sid=c53f8f&_nc_ohc=BnF4bddC_CUQ7kNvwHIETcY&_nc_oc=AdrOldE7fbjz7Q8348GlBiJncV6iUFoUomVu99F1WmKllxSrh2aoi-xrf5Kdx0NnsFL_jAo53VbLz2dBPBBIgmeK&_nc_zt=14&_nc_ht=scontent.fjai6-1.fna&_nc_gid=Esr-tgFmGDN5FhcMwt_Tdg&_nc_ss=7b289&oh=00_Af-KtS553HBT1U-FzMH-n_Im-3DpeQVGLMSB0Uf1RKjqjQ&oe=6A36B8B8 | Resized: https://scontent.fjai6-1.fna.fbcdn.net/v/t39.35426-6/710626184_969207479343680_1714419691071300810_n.jpg?stp=dst-jpg_s600x600_tt6&_nc_cat=107&ccb=1-7&_nc_sid=c53f8f&_nc_ohc=ezjb1HVlGAYQ7kNvwE7yXOE&_nc_oc=Adq2vFSYSCa53ENV3uj6Ji9QLit-f4DhU_IocoO4N1izgE_ONyH_C_PyN0_wmS9ftbCf4US3H80p67lHXuHZyYGc&_nc_zt=14&_nc_ht=scontent.fjai6-1.fna&_nc_gid=Esr-tgFmGDN5FhcMwt_Tdg&_nc_ss=7b289&oh=00_Af9wITJFy5iEB0MZXTNXrrs_kb5bpBDhD7tdGPBW8WELUQ&oe=6A36D2E8 || Original: https://scontent.fjai6-1.fna.fbcdn.net/v/t39.35426-6/718073624_1705694193958844_1304250914297040433_n.jpg?_nc_cat=110&ccb=1-7&_nc_sid=c53f8f&_nc_ohc=ZExmTDkeVdEQ7kNvwFsE--A&_nc_oc=AdpqVIpuzij-rfDyjrWrCSpCJKDaQdmi8LcgsGzt0Z8FXOu30ZWAzM2yvRKff2b6Hg-lvUVkchQSmKNtTlDc3H5V&_nc_zt=14&_nc_ht=scontent.fjai6-1.fna&_nc_gid=Esr-tgFmGDN5FhcMwt_Tdg&_nc_ss=7b289&oh=00_Af8PA_xZZmIp5vIytXlghcxbfyl5GCDAnGEE8FNABpPKug&oe=6A36BF36 | Resized: https://scontent.fjai6-1.fna.fbcdn.net/v/t39.35426-6/710799517_965050139625437_2690463564146525127_n.jpg?stp=dst-jpg_s600x600_tt6&_nc_cat=110&ccb=1-7&_nc_sid=c53f8f&_nc_ohc=NXEmJLr8GhMQ7kNvwH-DyeH&_nc_oc=AdqZ6hltQmwjC6uHRpNl3-AvnQ0MuNJ2yrjdpLVysflQrAdpNI1aAN1Gvib-Kx18rGIkON28aTQsbXka2TY4ZfVh&_nc_zt=14&_nc_ht=scontent.fjai6-1.fna&_nc_gid=Esr-tgFmGDN5FhcMwt_Tdg&_nc_ss=7b289&oh=00_Af8mFUzLYc5c9YrAMdpBAdrdbXomtSae5_94z-R0MjpMEQ&oe=6A36C83B || Original: https://scontent.fjai6-1.fna.fbcdn.net/v/t39.35426-6/717496531_912960161804883_8371720733910128586_n.jpg?_nc_cat=108&ccb=1-7&_nc_sid=c53f8f&_nc_ohc=p-1ULmMxcg0Q7kNvwFXfENe&_nc_oc=AdpLKMuO91Qa4PldI__xaXxkV0SrQJ2mypWy_rr-_9X0czE8_INDe1WBTfCtxJI_CwPtMKIFYOpbZJ1t3MuqxT3w&_nc_zt=14&_nc_ht=scontent.fjai6-1.fna&_nc_gid=Esr-tgFmGDN5FhcMwt_Tdg&_nc_ss=7b289&oh=00_Af-yCPbPjQqcnFuv8ZGYC9EhA3XtZN9U92EQg4jUQ6sWkQ&oe=6A36DFE6 | Resized: https://scontent.fjai6-1.fna.fbcdn.net/v/t39.35426-6/710738089_1009479638208879_6925856287613837187_n.jpg?stp=dst-jpg_s600x600_tt6&_nc_cat=104&ccb=1-7&_nc_sid=c53f8f&_nc_ohc=OKRcht_YFIAQ7kNvwEHMtlr&_nc_oc=AdpATT8PunijwnRMj8MeRuZ4FWvc7a9hGov9mmrjVigJ-36yD4__x4FH1H2HETdpas0oTBBTZBJOEM7DRE6_PbXN&_nc_zt=14&_nc_ht=scontent.fjai6-1.fna&_nc_gid=Esr-tgFmGDN5FhcMwt_Tdg&_nc_ss=7b289&oh=00_Af8B4csWfUH_zC106ibUWsKyuQQ3EnY8ekIqWjjZ1dYnsQ&oe=6A36B3A0,
2111326309816929,https://www.facebook.com/ourikaestates/,fb.me,https://www.facebook.com/ourikaestates/,,,,info@aurikahomes.com,+91 99906 99027,,,,106391159210268,http://fb.me/,Aurika Homes,https://www.facebook.com/ads/library/?id=2111326309816929,"Premium East-Facing Plots in Bareilly
Prices starting from ₹65Lakhs
Approved by Bareilly Development Authority
Bank Loan Available | RERA Approved

✅ Integrated township with all modern amenities in Bareilly
✅ 4-star rated club
✅ Fully equipped gym
✅ 24×7 security with automated boom barriers and CCTV surveillance
✅ Children’s play area
✅ Yoga room
✅ Badminton court
✅ Theme-based parks and lush landscaping
✅ Green and serene surroundings
✅ Cricket pitch
✅ Banquet hall
✅ Two-side open plots
✅ Commercial project

📞 Call: +91 9911555509",13503,Book now,fb.me,"FACEBOOK; INSTAGRAM; AUDIENCE_NETWORK",2026-05-10,2026-06-15,,Original: https://scontent.fjai6-1.fna.fbcdn.net/v/t39.35426-6/697316230_1528281205577014_7477197368229020624_n.jpg?_nc_cat=104&ccb=1-7&_nc_sid=c53f8f&_nc_ohc=QbQAnU-KDdwQ7kNvwFdMCiu&_nc_oc=AdpdK5eLzCBP1zZwvJH_wF59yc3uK7eLGkWQE_pmjM2BL_cBDazu1qokpIY-dep00PV_RfY7X_cKdtfaiy9AP_gy&_nc_zt=14&_nc_ht=scontent.fjai6-1.fna&_nc_gid=Esr-tgFmGDN5FhcMwt_Tdg&_nc_ss=7b289&oh=00_Af88FGXGO7tCgR2YRmG-CFP5ZZ8S5Ejq3IQN0iCXaOqBnQ&oe=6A36CF85 | Resized: https://scontent.fjai6-1.fna.fbcdn.net/v/t39.35426-6/690822160_2038041357092214_2204357397112820925_n.jpg?stp=dst-jpg_s600x600_tt6&_nc_cat=100&ccb=1-7&_nc_sid=c53f8f&_nc_ohc=wxcdbbWiwbUQ7kNvwEUVLEv&_nc_oc=Ado8MQZMF55SnwYIKAcZ0NqzPg85APb60mqDJ1potxQ54IZZGq3LCkhTS3mqgZTr-6YdAG8i_x4klBbdpGsXc8XY&_nc_zt=14&_nc_ht=scontent.fjai6-1.fna&_nc_gid=Esr-tgFmGDN5FhcMwt_Tdg&_nc_ss=7b289&oh=00_Af_XXrdJIBPIBkDQonP7x-fl6ZuJjwlLZXQS06HdF5PhuA&oe=6A36D372,,,,,,
883053234134869,https://www.facebook.com/100095481609818/,fb.me,https://www.facebook.com/100095481609818/,,,,info@sbpgroup.in,,,,,116888341492774,http://fb.me/,SBP Developer,https://www.facebook.com/ads/library/?id=883053234134869,"Premium Commercial Project in Zirakpur (Near Chandigarh)

Discover Punjab’s First Inside-Outside Hybrid Market

💰 Investment Starting From ₹55 Lakhs*

🏢 Professionally Managed Commercial Spaces
✅ Shops & Showrooms Available

🌟 Limited Time Offer

📍 Visit Site Today for Details

📞 Call Us: 708-777-5726

*T&C Apply",3,Get offer,fb.me,"FACEBOOK; INSTAGRAM; AUDIENCE_NETWORK",2026-06-11,2026-06-15,,Original: https://scontent.fjai6-1.fna.fbcdn.net/v/t39.35426-6/721575988_27331698373130054_1777363514647588508_n.jpg?_nc_cat=110&ccb=1-7&_nc_sid=c53f8f&_nc_ohc=UU4GSn0td14Q7kNvwERl4DO&_nc_oc=AdrwkpQ7uVyVZKm1Gq4Msmc88z9_2jzLBIEUXPcrwm288q1hywpMGTgM1fyEbBZu7scdgd6SeIZcKONBRITfrRDH&_nc_zt=14&_nc_ht=scontent.fjai6-1.fna&_nc_gid=Esr-tgFmGDN5FhcMwt_Tdg&_nc_ss=7b289&oh=00_Af9YlHV0sgDpbQYCC4ObT-BTld38CVk0X4QJGKYYe43VMw&oe=6A36CAAF | Resized: https://scontent.fjai6-1.fna.fbcdn.net/v/t39.35426-6/721025437_976616235006134_2076303580320237962_n.jpg?stp=dst-jpg_s600x600_tt6&_nc_cat=107&ccb=1-7&_nc_sid=c53f8f&_nc_ohc=TLGaWwoeOXwQ7kNvwGz4Ek2&_nc_oc=AdoKKS4_-St_pxn0mjuSJwJ3gi5ZJ-gNLlURLFcLLBweqxFmiJwX3OtpZ8UKjvWJfI5bSq1KTDUmZOAunv9NwxW_&_nc_zt=14&_nc_ht=scontent.fjai6-1.fna&_nc_gid=Esr-tgFmGDN5FhcMwt_Tdg&_nc_ss=7b289&oh=00_Af-E8gsyzyLhhQELNhhZLftHrV-gZTKOh8XLmRESJRABXw&oe=6A36C3A7,,,,,,
817646074747552,https://www.facebook.com/61584669445294/,fb.me,https://www.facebook.com/61584669445294/,,,,neelsidhicentrio@gmail.com,+91 96197 92230,,,,923286307527868,http://fb.me/,Neelsidhi Centrio Panvel,https://www.facebook.com/ads/library/?id=817646074747552,"✅ Show Flat Ready 
✅ 1 BHK @ ₹ 75 L* Onwards | 2 BHK @ ₹ 1.03Cr* Onwards | 3 BHK @ 1.39 Cr* Onwards
✅ 500 Mtrs to Panvel Railway Station
✅ 12000 Sq. Ft Recreation
✅ Podium Garden, Children's Play Area, Swimming Pool & Fitness Centre
✅ MahaRERA No PM1270002501591",23,Learn more,fb.me,"FACEBOOK; INSTAGRAM; AUDIENCE_NETWORK",2026-05-05,2026-06-15,HD: https://video.fjai6-1.fna.fbcdn.net/o1/v/t2/f2/m366/AQOxq3BEokNk99kOVA1EXa3u441D2GigTVTDWAGgazjuhz5TtE4Nr1IVVPGulYtno40W0KBujLv5xRLERp33_GbijE0yJVv0SMfRXDjnXGprdA.mp4?_nc_cat=102&_nc_oc=AdqBtKbDmiG81FyNe-w6eQq6DLh2xw-Pdrq1EfZrTtrCC3Q4HQNAKPebc6W2f_eiAfTybJu5Ax0irRjOior4VoTy&_nc_sid=b66105&_nc_ht=video.fjai6-1.fna.fbcdn.net&_nc_ohc=iN7FQcqKAmoQ7kNvwFsg6Ib&efg=eyJ2ZW5jb2RlX3RhZyI6Inhwdl9wcm9ncmVzc2l2ZS5WSV9VU0VDQVNFX1BST0RVQ1RfVFlQRS4uQzMuNzIwLmRhc2hfaDI2NC1iYXNpYy1nZW4yXzcyMHAiLCJ4cHZfYXNzZXRfaWQiOjMxNjIyMTA2NjA2MTgxNTksImFzc2V0X2FnZV9kYXlzIjo5NCwidmlfdXNlY2FzZV9pZCI6MTA3OTksImR1cmF0aW9uX3MiOjU1LCJ1cmxnZW5fc291cmNlIjoid3d3In0%3D&ccb=17-1&vs=7e1f45575a239f69&_nc_vs=HBksFQIYRWZiX2VwaGVtZXJhbC8wMjRCN0NEODgzMkU5NDAzMjUxQjNBN0UyQ0Q1NUM5Rl9tdF8xX3ZpZGVvX2Rhc2hpbml0Lm1wNBUAAsgBEgAVAhhAZmJfcGVybWFuZW50Lzc0NDI5MTFCNTIwNTBBQjczQTI0OUNEN0IxRjg1MzhCX2F1ZGlvX2Rhc2hpbml0Lm1wNBUCAsgBEgAoABgAGwKIB3VzZV9vaWwBMRJwcm9ncmVzc2l2ZV9yZWNpcGUBMRUAACbevoyy8YCeCxUCKAJDMywXQEuAAAAAAAAYGWRhc2hfaDI2NC1iYXNpYy1nZW4yXzcyMHARAHUAZd6oAQA&_nc_gid=Esr-tgFmGDN5FhcMwt_Tdg&_nc_ss=7b289&_nc_zt=28&oh=00_Af8lqDfU5Ltf2734zee7k0GGmaCS9AKY3Lx0uLY46Tgd2A&oe=6A36CA5A | SD: https://video.fjai6-1.fna.fbcdn.net/o1/v/t2/f2/m412/AQMlFa5aQDEJ6rk-cI7gLBlDCj6E5nP4_VHdG_rWlMJcsEipc0gw7AlB4kfSQ8VgeUuCiyetBWCWKrqO-BiakpuPdd-XD6gP3kL48c5qKw.mp4?_nc_cat=107&_nc_oc=AdoDFeT_2ZpVGrKBYNE_JgDU3m2Dp2P2TfP5BaOuWdLHBX6gy2veIRDgVsVZ614Ei2nMmpyxVc8fl2wHwfbAid5j&_nc_sid=ef5aa3&_nc_ht=video.fjai6-1.fna.fbcdn.net&_nc_ohc=N2fLCe7F2LMQ7kNvwEIb-j-&efg=eyJ2ZW5jb2RlX3RhZyI6Inhwdl9wcm9ncmVzc2l2ZS5WSV9VU0VDQVNFX1BST0RVQ1RfVFlQRS4uQzMuMzYwLnN2ZV9zZCIsInhwdl9hc3NldF9pZCI6MzE2MjIxMDY2MDYxODE1OSwiYXNzZXRfYWdlX2RheXMiOjk0LCJ2aV91c2VjYXNlX2lkIjoxMDc5OSwiZHVyYXRpb25fcyI6NTUsInVybGdlbl9zb3VyY2UiOiJ3d3cifQ%3D%3D&ccb=17-1&_nc_gid=Esr-tgFmGDN5FhcMwt_Tdg&_nc_ss=7b289&_nc_zt=28&oh=00_Af8gBDuQ1NkVIZI2_JmktB2BiK9YaTPpf4hBf2JDQWxKJw&oe=6A36ACFB | Preview: https://scontent.fjai6-1.fna.fbcdn.net/v/t39.35426-6/690682043_24996834053348053_145437552590382204_n.jpg?_nc_cat=103&ccb=1-7&_nc_sid=c53f8f&_nc_ohc=kCgTT0lRNmAQ7kNvwEKvI-6&_nc_oc=AdpLsZBQsB9Ro7kM_xQIlPVKINx2GhvsAPXsnVEO_0glHxnQ8WVD9tbKsYMR3sjRVLQki5HHNT5YCMzXvIIbaTFB&_nc_zt=14&_nc_ht=scontent.fjai6-1.fna&_nc_gid=Esr-tgFmGDN5FhcMwt_Tdg&_nc_ss=7b289&oh=00_Af9AbREoiqb73IjmxTVFmov8qS_3te4ExyNLy4fvFsz5FQ&oe=6A36C4B8,,,,,,,
1018663080853291,https://www.facebook.com/61569685148805/,fb.me,https://www.facebook.com/61569685148805/,,,,,,,,,479435005259202,http://fb.me/,Noida Properties,https://www.facebook.com/ads/library/?id=1018663080853291,"**M3M Jewel Crest | Sector 97, Noida**

✨ Luxury Retail. Prime Location. Strong Investment Potential.

🌿 Green-Certified Development
🏆 Iconic Architecture & Premium Design
🛍 High-Street Retail Shops
🍽 Food Court & Fine Dining
🎯 Entertainment & Leisure Zone

💰 Starting from ₹82Lakhs*
📍 Noida Expressway

Limited Inventory Available. Enquire Now!",645,Get quote,fb.me,"FACEBOOK; INSTAGRAM",2026-06-01,2026-06-15,,,"**M3M Jewel Crest | Sector 97, Noida**

✨ Luxury Retail. Prime Location. Strong Investment Potential.

🌿 Green-Certified Development
🏆 Iconic Architecture & Premium Design
🛍 High-Street Retail Shops
🍽 Food Court & Fine Dining
🎯 Entertainment & Leisure Zone

💰 Starting from ₹82Lakhs*
📍 Noida Expressway

Limited Inventory Available. Enquire Now! || **M3M Jewel Crest | Sector 97, Noida**

✨ Luxury Retail. Prime Location. Strong Investment Potential.

🌿 Green-Certified Development
🏆 Iconic Architecture & Premium Design
🛍 High-Street Retail Shops
🍽 Food Court & Fine Dining
🎯 Entertainment & Leisure Zone

💰 Starting from ₹82Lakhs*
📍 Noida Expressway

Limited Inventory Available. Enquire Now! || **M3M Jewel Crest | Sector 97, Noida**

✨ Luxury Retail. Prime Location. Strong Investment Potential.

🌿 Green-Certified Development
🏆 Iconic Architecture & Premium Design
🛍 High-Street Retail Shops
🍽 Food Court & Fine Dining
🎯 Entertainment & Leisure Zone

💰 Starting from ₹82Lakhs*
📍 Noida Expressway

Limited Inventory Available. Enquire Now! || **M3M Jewel Crest | Sector 97, Noida**

✨ Luxury Retail. Prime Location. Strong Investment Potential.

🌿 Green-Certified Development
🏆 Iconic Architecture & Premium Design
🛍 High-Street Retail Shops
🍽 Food Court & Fine Dining
🎯 Entertainment & Leisure Zone

💰 Starting from ₹82Lakhs*
📍 Noida Expressway

Limited Inventory Available. Enquire Now! || **M3M Jewel Crest | Sector 97, Noida**

✨ Luxury Retail. Prime Location. Strong Investment Potential.

🌿 Green-Certified Development
🏆 Iconic Architecture & Premium Design
🛍 High-Street Retail Shops
🍽 Food Court & Fine Dining
🎯 Entertainment & Leisure Zone

💰 Starting from ₹82Lakhs*
📍 Noida Expressway

Limited Inventory Available. Enquire Now! || **M3M Jewel Crest | Sector 97, Noida**

✨ Luxury Retail. Prime Location. Strong Investment Potential.

🌿 Green-Certified Development
🏆 Iconic Architecture & Premium Design
🛍 High-Street Retail Shops
🍽 Food Court & Fine Dining
🎯 Entertainment & Leisure Zone

💰 Starting from ₹82Lakhs*
📍 Noida Expressway

Limited Inventory Available. Enquire Now!",http://fb.me/ || http://fb.me/ || http://fb.me/ || http://fb.me/ || http://fb.me/ || http://fb.me/,,Get Quote || Get Quote || Get Quote || Get Quote || Get Quote || Get Quote,,HD: https://video.fjai6-1.fna.fbcdn.net/o1/v/t2/f2/m366/AQN_6VhNG8ElVIIxFPgox089baD1cRE7mgSiJKI1rjtXvMtU0zH2gp6h7GSV_JmeMDbp_4juWHW5_9NY-mNhk0-dFd5xXjiUBIh2TJcfXKGIFA.mp4?_nc_cat=111&_nc_oc=AdqfrFo6IOehF2WgByOpBiJRT4AKuOs-NVyaeOMR20ALanF1JST3KwDIXNXq1sr1FXf9BZc8IQ94YzvJJF-J2xNq&_nc_sid=b66105&_nc_ht=video.fjai6-1.fna.fbcdn.net&_nc_ohc=jub4Igoqn7YQ7kNvwEKPXu5&efg=eyJ2ZW5jb2RlX3RhZyI6Inhwdl9wcm9ncmVzc2l2ZS5WSV9VU0VDQVNFX1BST0RVQ1RfVFlQRS4uQzMuNzIwLmRhc2hfaDI2NC1iYXNpYy1nZW4yXzcyMHAiLCJ4cHZfYXNzZXRfaWQiOjEwMDA1NjE2MTI2OTc5ODAsImFzc2V0X2FnZV9kYXlzIjoxNiwidmlfdXNlY2FzZV9pZCI6MTA3OTksImR1cmF0aW9uX3MiOjI4LCJ1cmxnZW5fc291cmNlIjoid3d3In0%3D&ccb=17-1&vs=df8ff0034ac05771&_nc_vs=HBksFQIYRWZiX2VwaGVtZXJhbC85NDQyREQ2Q0E4ODU0M0NDRkExQUY5RTM2QTJGMzNCNV9tdF8xX3ZpZGVvX2Rhc2hpbml0Lm1wNBUAAsgBEgAVAhhAZmJfcGVybWFuZW50LzRBNDcyRDQ2Qzc0MDZFNTM1NzVDNjEyQUQ5QkRBODgzX2F1ZGlvX2Rhc2hpbml0Lm1wNBUCAsgBEgAoABgAGwKIB3VzZV9vaWwBMRJwcm9ncmVzc2l2ZV9yZWNpcGUBMRUAACb4xYH4rIDHAxUCKAJDMywXQDwiDEm6XjUYGWRhc2hfaDI2NC1iYXNpYy1nZW4yXzcyMHARAHUAZd6oAQA&_nc_gid=Esr-tgFmGDN5FhcMwt_Tdg&_nc_ss=7b289&_nc_zt=28&oh=00_Af-mInNsYQskOpViD1y0y8E-wRyj0UvlJmhbrEmI5Egvfg&oe=6A36B015 | SD: https://video.fjai6-1.fna.fbcdn.net/o1/v/t2/f2/m412/AQMkzITYX2SWqZ0lUEVD_WjqZv3BnTln7Z5dQ5UdnheSKu-Qi6vNP2ww_XJBIRZADivCON3d8MJSD5LS9QlLuCLx_vlPwjKpcEy9c-Y70g.mp4?_nc_cat=105&_nc_oc=AdqOXrHrNEa74M_sJuq0vtjvX7MCxDZ12u2UttX25e5Jb0_TCZAGoDooQSiMo0tTYdQUea8Q2aCcqN6KvO_rh0TF&_nc_sid=ef5aa3&_nc_ht=video.fjai6-1.fna.fbcdn.net&_nc_ohc=C608rJdCl68Q7kNvwGSAbJS&efg=eyJ2ZW5jb2RlX3RhZyI6Inhwdl9wcm9ncmVzc2l2ZS5WSV9VU0VDQVNFX1BST0RVQ1RfVFlQRS4uQzMuMzYwLnN2ZV9zZCIsInhwdl9hc3NldF9pZCI6MTAwMDU2MTYxMjY5Nzk4MCwiYXNzZXRfYWdlX2RheXMiOjE2LCJ2aV91c2VjYXNlX2lkIjoxMDc5OSwiZHVyYXRpb25fcyI6MjgsInVybGdlbl9zb3VyY2UiOiJ3d3cifQ%3D%3D&ccb=17-1&_nc_gid=Esr-tgFmGDN5FhcMwt_Tdg&_nc_ss=7b289&_nc_zt=28&oh=00_Af-Tm_HBj-ehEs-gs6emBO-a9BMlOMz8pjIHhmufnzx_9A&oe=6A36C799 | Preview: https://scontent.fjai6-1.fna.fbcdn.net/v/t39.35426-6/714830424_1014105624290055_7916325500799305948_n.jpg?_nc_cat=108&ccb=1-7&_nc_sid=c53f8f&_nc_ohc=vDtMZMdd9p0Q7kNvwE5pNl-&_nc_oc=Adr-RmOQOFIu68g4lKBklPYIDDDHfZoi9kChZbXZ19CK1NDF6NayLynGstjSp9zlwQRkz474fc3tHdliUFNzIaBv&_nc_zt=14&_nc_ht=scontent.fjai6-1.fna&_nc_gid=Esr-tgFmGDN5FhcMwt_Tdg&_nc_ss=7b289&oh=00_Af-CsLGrwGoqnTw5I01p-Qyvq9uHvHRk9U6GPw8oq54KsA&oe=6A36D21C || HD: https://video.fjai6-1.fna.fbcdn.net/o1/v/t2/f2/m366/AQN_6VhNG8ElVIIxFPgox089baD1cRE7mgSiJKI1rjtXvMtU0zH2gp6h7GSV_JmeMDbp_4juWHW5_9NY-mNhk0-dFd5xXjiUBIh2TJcfXKGIFA.mp4?_nc_cat=111&_nc_oc=AdqfrFo6IOehF2WgByOpBiJRT4AKuOs-NVyaeOMR20ALanF1JST3KwDIXNXq1sr1FXf9BZc8IQ94YzvJJF-J2xNq&_nc_sid=b66105&_nc_ht=video.fjai6-1.fna.fbcdn.net&_nc_ohc=jub4Igoqn7YQ7kNvwEKPXu5&efg=eyJ2ZW5jb2RlX3RhZyI6Inhwdl9wcm9ncmVzc2l2ZS5WSV9VU0VDQVNFX1BST0RVQ1RfVFlQRS4uQzMuNzIwLmRhc2hfaDI2NC1iYXNpYy1nZW4yXzcyMHAiLCJ4cHZfYXNzZXRfaWQiOjEwMDA1NjE2MTI2OTc5ODAsImFzc2V0X2FnZV9kYXlzIjoxNiwidmlfdXNlY2FzZV9pZCI6MTA3OTksImR1cmF0aW9uX3MiOjI4LCJ1cmxnZW5fc291cmNlIjoid3d3In0%3D&ccb=17-1&vs=df8ff0034ac05771&_nc_vs=HBksFQIYRWZiX2VwaGVtZXJhbC85NDQyREQ2Q0E4ODU0M0NDRkExQUY5RTM2QTJGMzNCNV9tdF8xX3ZpZGVvX2Rhc2hpbml0Lm1wNBUAAsgBEgAVAhhAZmJfcGVybWFuZW50LzRBNDcyRDQ2Qzc0MDZFNTM1NzVDNjEyQUQ5QkRBODgzX2F1ZGlvX2Rhc2hpbml0Lm1wNBUCAsgBEgAoABgAGwKIB3VzZV9vaWwBMRJwcm9ncmVzc2l2ZV9yZWNpcGUBMRUAACb4xYH4rIDHAxUCKAJDMywXQDwiDEm6XjUYGWRhc2hfaDI2NC1iYXNpYy1nZW4yXzcyMHARAHUAZd6oAQA&_nc_gid=Esr-tgFmGDN5FhcMwt_Tdg&_nc_ss=7b289&_nc_zt=28&oh=00_Af-mInNsYQskOpViD1y0y8E-wRyj0UvlJmhbrEmI5Egvfg&oe=6A36B015 | SD: https://video.fjai6-1.fna.fbcdn.net/o1/v/t2/f2/m412/AQMkzITYX2SWqZ0lUEVD_WjqZv3BnTln7Z5dQ5UdnheSKu-Qi6vNP2ww_XJBIRZADivCON3d8MJSD5LS9QlLuCLx_vlPwjKpcEy9c-Y70g.mp4?_nc_cat=105&_nc_oc=AdqOXrHrNEa74M_sJuq0vtjvX7MCxDZ12u2UttX25e5Jb0_TCZAGoDooQSiMo0tTYdQUea8Q2aCcqN6KvO_rh0TF&_nc_sid=ef5aa3&_nc_ht=video.fjai6-1.fna.fbcdn.net&_nc_ohc=C608rJdCl68Q7kNvwGSAbJS&efg=eyJ2ZW5jb2RlX3RhZyI6Inhwdl9wcm9ncmVzc2l2ZS5WSV9VU0VDQVNFX1BST0RVQ1RfVFlQRS4uQzMuMzYwLnN2ZV9zZCIsInhwdl9hc3NldF9pZCI6MTAwMDU2MTYxMjY5Nzk4MCwiYXNzZXRfYWdlX2RheXMiOjE2LCJ2aV91c2VjYXNlX2lkIjoxMDc5OSwiZHVyYXRpb25fcyI6MjgsInVybGdlbl9zb3VyY2UiOiJ3d3cifQ%3D%3D&ccb=17-1&_nc_gid=Esr-tgFmGDN5FhcMwt_Tdg&_nc_ss=7b289&_nc_zt=28&oh=00_Af-Tm_HBj-ehEs-gs6emBO-a9BMlOMz8pjIHhmufnzx_9A&oe=6A36C799 | Preview: https://scontent.fjai6-1.fna.fbcdn.net/v/t39.35426-6/714830424_1014105624290055_7916325500799305948_n.jpg?_nc_cat=108&ccb=1-7&_nc_sid=c53f8f&_nc_ohc=vDtMZMdd9p0Q7kNvwE5pNl-&_nc_oc=Adr-RmOQOFIu68g4lKBklPYIDDDHfZoi9kChZbXZ19CK1NDF6NayLynGstjSp9zlwQRkz474fc3tHdliUFNzIaBv&_nc_zt=14&_nc_ht=scontent.fjai6-1.fna&_nc_gid=Esr-tgFmGDN5FhcMwt_Tdg&_nc_ss=7b289&oh=00_Af-CsLGrwGoqnTw5I01p-Qyvq9uHvHRk9U6GPw8oq54KsA&oe=6A36D21C || HD: https://video.fjai6-1.fna.fbcdn.net/o1/v/t2/f2/m366/AQN_6VhNG8ElVIIxFPgox089baD1cRE7mgSiJKI1rjtXvMtU0zH2gp6h7GSV_JmeMDbp_4juWHW5_9NY-mNhk0-dFd5xXjiUBIh2TJcfXKGIFA.mp4?_nc_cat=111&_nc_oc=AdqfrFo6IOehF2WgByOpBiJRT4AKuOs-NVyaeOMR20ALanF1JST3KwDIXNXq1sr1FXf9BZc8IQ94YzvJJF-J2xNq&_nc_sid=b66105&_nc_ht=video.fjai6-1.fna.fbcdn.net&_nc_ohc=jub4Igoqn7YQ7kNvwEKPXu5&efg=eyJ2ZW5jb2RlX3RhZyI6Inhwdl9wcm9ncmVzc2l2ZS5WSV9VU0VDQVNFX1BST0RVQ1RfVFlQRS4uQzMuNzIwLmRhc2hfaDI2NC1iYXNpYy1nZW4yXzcyMHAiLCJ4cHZfYXNzZXRfaWQiOjEwMDA1NjE2MTI2OTc5ODAsImFzc2V0X2FnZV9kYXlzIjoxNiwidmlfdXNlY2FzZV9pZCI6MTA3OTksImR1cmF0aW9uX3MiOjI4LCJ1cmxnZW5fc291cmNlIjoid3d3In0%3D&ccb=17-1&vs=df8ff0034ac05771&_nc_vs=HBksFQIYRWZiX2VwaGVtZXJhbC85NDQyREQ2Q0E4ODU0M0NDRkExQUY5RTM2QTJGMzNCNV9tdF8xX3ZpZGVvX2Rhc2hpbml0Lm1wNBUAAsgBEgAVAhhAZmJfcGVybWFuZW50LzRBNDcyRDQ2Qzc0MDZFNTM1NzVDNjEyQUQ5QkRBODgzX2F1ZGlvX2Rhc2hpbml0Lm1wNBUCAsgBEgAoABgAGwKIB3VzZV9vaWwBMRJwcm9ncmVzc2l2ZV9yZWNpcGUBMRUAACb4xYH4rIDHAxUCKAJDMywXQDwiDEm6XjUYGWRhc2hfaDI2NC1iYXNpYy1nZW4yXzcyMHARAHUAZd6oAQA&_nc_gid=Esr-tgFmGDN5FhcMwt_Tdg&_nc_ss=7b289&_nc_zt=28&oh=00_Af-mInNsYQskOpViD1y0y8E-wRyj0UvlJmhbrEmI5Egvfg&oe=6A36B015 | SD: https://video.fjai6-1.fna.fbcdn.net/o1/v/t2/f2/m412/AQMkzITYX2SWqZ0lUEVD_WjqZv3BnTln7Z5dQ5UdnheSKu-Qi6vNP2ww_XJBIRZADivCON3d8MJSD5LS9QlLuCLx_vlPwjKpcEy9c-Y70g.mp4?_nc_cat=105&_nc_oc=AdqOXrHrNEa74M_sJuq0vtjvX7MCxDZ12u2UttX25e5Jb0_TCZAGoDooQSiMo0tTYdQUea8Q2aCcqN6KvO_rh0TF&_nc_sid=ef5aa3&_nc_ht=video.fjai6-1.fna.fbcdn.net&_nc_ohc=C608rJdCl68Q7kNvwGSAbJS&efg=eyJ2ZW5jb2RlX3RhZyI6Inhwdl9wcm9ncmVzc2l2ZS5WSV9VU0VDQVNFX1BST0RVQ1RfVFlQRS4uQzMuMzYwLnN2ZV9zZCIsInhwdl9hc3NldF9pZCI6MTAwMDU2MTYxMjY5Nzk4MCwiYXNzZXRfYWdlX2RheXMiOjE2LCJ2aV91c2VjYXNlX2lkIjoxMDc5OSwiZHVyYXRpb25fcyI6MjgsInVybGdlbl9zb3VyY2UiOiJ3d3cifQ%3D%3D&ccb=17-1&_nc_gid=Esr-tgFmGDN5FhcMwt_Tdg&_nc_ss=7b289&_nc_zt=28&oh=00_Af-Tm_HBj-ehEs-gs6emBO-a9BMlOMz8pjIHhmufnzx_9A&oe=6A36C799 | Preview: https://scontent.fjai6-1.fna.fbcdn.net/v/t39.35426-6/714830424_1014105624290055_7916325500799305948_n.jpg?_nc_cat=108&ccb=1-7&_nc_sid=c53f8f&_nc_ohc=vDtMZMdd9p0Q7kNvwE5pNl-&_nc_oc=Adr-RmOQOFIu68g4lKBklPYIDDDHfZoi9kChZbXZ19CK1NDF6NayLynGstjSp9zlwQRkz474fc3tHdliUFNzIaBv&_nc_zt=14&_nc_ht=scontent.fjai6-1.fna&_nc_gid=Esr-tgFmGDN5FhcMwt_Tdg&_nc_ss=7b289&oh=00_Af-CsLGrwGoqnTw5I01p-Qyvq9uHvHRk9U6GPw8oq54KsA&oe=6A36D21C || HD: https://video.fjai6-1.fna.fbcdn.net/o1/v/t2/f2/m366/AQN_6VhNG8ElVIIxFPgox089baD1cRE7mgSiJKI1rjtXvMtU0zH2gp6h7GSV_JmeMDbp_4juWHW5_9NY-mNhk0-dFd5xXjiUBIh2TJcfXKGIFA.mp4?_nc_cat=111&_nc_oc=AdqfrFo6IOehF2WgByOpBiJRT4AKuOs-NVyaeOMR20ALanF1JST3KwDIXNXq1sr1FXf9BZc8IQ94YzvJJF-J2xNq&_nc_sid=b66105&_nc_ht=video.fjai6-1.fna.fbcdn.net&_nc_ohc=jub4Igoqn7YQ7kNvwEKPXu5&efg=eyJ2ZW5jb2RlX3RhZyI6Inhwdl9wcm9ncmVzc2l2ZS5WSV9VU0VDQVNFX1BST0RVQ1RfVFlQRS4uQzMuNzIwLmRhc2hfaDI2NC1iYXNpYy1nZW4yXzcyMHAiLCJ4cHZfYXNzZXRfaWQiOjEwMDA1NjE2MTI2OTc5ODAsImFzc2V0X2FnZV9kYXlzIjoxNiwidmlfdXNlY2FzZV9pZCI6MTA3OTksImR1cmF0aW9uX3MiOjI4LCJ1cmxnZW5fc291cmNlIjoid3d3In0%3D&ccb=17-1&vs=df8ff0034ac05771&_nc_vs=HBksFQIYRWZiX2VwaGVtZXJhbC85NDQyREQ2Q0E4ODU0M0NDRkExQUY5RTM2QTJGMzNCNV9tdF8xX3ZpZGVvX2Rhc2hpbml0Lm1wNBUAAsgBEgAVAhhAZmJfcGVybWFuZW50LzRBNDcyRDQ2Qzc0MDZFNTM1NzVDNjEyQUQ5QkRBODgzX2F1ZGlvX2Rhc2hpbml0Lm1wNBUCAsgBEgAoABgAGwKIB3VzZV9vaWwBMRJwcm9ncmVzc2l2ZV9yZWNpcGUBMRUAACb4xYH4rIDHAxUCKAJDMywXQDwiDEm6XjUYGWRhc2hfaDI2NC1iYXNpYy1nZW4yXzcyMHARAHUAZd6oAQA&_nc_gid=Esr-tgFmGDN5FhcMwt_Tdg&_nc_ss=7b289&_nc_zt=28&oh=00_Af-mInNsYQskOpViD1y0y8E-wRyj0UvlJmhbrEmI5Egvfg&oe=6A36B015 | SD: https://video.fjai6-1.fna.fbcdn.net/o1/v/t2/f2/m412/AQMkzITYX2SWqZ0lUEVD_WjqZv3BnTln7Z5dQ5UdnheSKu-Qi6vNP2ww_XJBIRZADivCON3d8MJSD5LS9QlLuCLx_vlPwjKpcEy9c-Y70g.mp4?_nc_cat=105&_nc_oc=AdqOXrHrNEa74M_sJuq0vtjvX7MCxDZ12u2UttX25e5Jb0_TCZAGoDooQSiMo0tTYdQUea8Q2aCcqN6KvO_rh0TF&_nc_sid=ef5aa3&_nc_ht=video.fjai6-1.fna.fbcdn.net&_nc_ohc=C608rJdCl68Q7kNvwGSAbJS&efg=eyJ2ZW5jb2RlX3RhZyI6Inhwdl9wcm9ncmVzc2l2ZS5WSV9VU0VDQVNFX1BST0RVQ1RfVFlQRS4uQzMuMzYwLnN2ZV9zZCIsInhwdl9hc3NldF9pZCI6MTAwMDU2MTYxMjY5Nzk4MCwiYXNzZXRfYWdlX2RheXMiOjE2LCJ2aV91c2VjYXNlX2lkIjoxMDc5OSwiZHVyYXRpb25fcyI6MjgsInVybGdlbl9zb3VyY2UiOiJ3d3cifQ%3D%3D&ccb=17-1&_nc_gid=Esr-tgFmGDN5FhcMwt_Tdg&_nc_ss=7b289&_nc_zt=28&oh=00_Af-Tm_HBj-ehEs-gs6emBO-a9BMlOMz8pjIHhmufnzx_9A&oe=6A36C799 | Preview: https://scontent.fjai6-1.fna.fbcdn.net/v/t39.35426-6/714830424_1014105624290055_7916325500799305948_n.jpg?_nc_cat=108&ccb=1-7&_nc_sid=c53f8f&_nc_ohc=vDtMZMdd9p0Q7kNvwE5pNl-&_nc_oc=Adr-RmOQOFIu68g4lKBklPYIDDDHfZoi9kChZbXZ19CK1NDF6NayLynGstjSp9zlwQRkz474fc3tHdliUFNzIaBv&_nc_zt=14&_nc_ht=scontent.fjai6-1.fna&_nc_gid=Esr-tgFmGDN5FhcMwt_Tdg&_nc_ss=7b289&oh=00_Af-CsLGrwGoqnTw5I01p-Qyvq9uHvHRk9U6GPw8oq54KsA&oe=6A36D21C || HD: https://video.fjai6-1.fna.fbcdn.net/o1/v/t2/f2/m366/AQO7pg94VG0wjL0iCsPPatmdjzmnxwc5YRbzHVBcC9jmHFNBBNbyPkIoo6By6GizRxHE8qSPp-jv7hDpx78uWvi3XIRprc6r50SAcAcGtPjWmA.mp4?_nc_cat=100&_nc_oc=AdrSsu9gW1j4i13VR-BcKEoADIrExG_7Y4QwT4ooBpyLkOBWewiPkhVpkPuaA4k1azTHcbU_LVuo9sew9xoF2tuP&_nc_sid=b66105&_nc_ht=video.fjai6-1.fna.fbcdn.net&_nc_ohc=U_YZaeMSXCUQ7kNvwG7LhyX&efg=eyJ2ZW5jb2RlX3RhZyI6Inhwdl9wcm9ncmVzc2l2ZS5WSV9VU0VDQVNFX1BST0RVQ1RfVFlQRS4uQzMuNzIwLmRhc2hfaDI2NC1iYXNpYy1nZW4yXzcyMHAiLCJ4cHZfYXNzZXRfaWQiOjIwOTQyNzI3NDQ4MDYyMjAsImFzc2V0X2FnZV9kYXlzIjoxNiwidmlfdXNlY2FzZV9pZCI6MTA3OTksImR1cmF0aW9uX3MiOjUwLCJ1cmxnZW5fc291cmNlIjoid3d3In0%3D&ccb=17-1&vs=362be1b6c975b6f2&_nc_vs=HBksFQIYRWZiX2VwaGVtZXJhbC9EODRCNUExNjJFMUU1MEZDMTY3NjIwMDFEMTg4MjA4MF9tdF8xX3ZpZGVvX2Rhc2hpbml0Lm1wNBUAAsgBEgAVAhhAZmJfcGVybWFuZW50LzBENDkwRDQxQkZERTZCMjc3MzZBMTI2MDY2RjM1RUEwX2F1ZGlvX2Rhc2hpbml0Lm1wNBUCAsgBEgAoABgAGwKIB3VzZV9vaWwBMRJwcm9ncmVzc2l2ZV9yZWNpcGUBMRUAACaY3aLw2664BxUCKAJDMywXQEkAAAAAAAAYGWRhc2hfaDI2NC1iYXNpYy1nZW4yXzcyMHARAHUAZd6oAQA&_nc_gid=Esr-tgFmGDN5FhcMwt_Tdg&_nc_ss=7b289&_nc_zt=28&oh=00_Af87FR3jt835IxPk2D_yhQ2C9qnkl7-j1uvQzAQsBF9IBA&oe=6A36DBB4 | SD: https://video.fjai6-1.fna.fbcdn.net/o1/v/t2/f2/m412/AQNX-0wbi5BqLKWLE1sZWUI58xS6SIr_DOf9yKxNiqWZoPohVKnwltnRtheMxWxv_1YBwMMAYzasbMSvmlizNKWe_254HuIgkLvAvTNZeQ.mp4?_nc_cat=101&_nc_oc=AdouGgzc9E4UCK69OysrxJw2gLAjCdHqSBui2AjaqAfMpe6u5uq77Rptz-CQbtIeJ7ZDbEYMVFjtSVFOmeHT8zGX&_nc_sid=ef5aa3&_nc_ht=video.fjai6-1.fna.fbcdn.net&_nc_ohc=Lv9Gjyj127IQ7kNvwHcJpHX&efg=eyJ2ZW5jb2RlX3RhZyI6Inhwdl9wcm9ncmVzc2l2ZS5WSV9VU0VDQVNFX1BST0RVQ1RfVFlQRS4uQzMuMzYwLnN2ZV9zZCIsInhwdl9hc3NldF9pZCI6MjA5NDI3Mjc0NDgwNjIyMCwiYXNzZXRfYWdlX2RheXMiOjE2LCJ2aV91c2VjYXNlX2lkIjoxMDc5OSwiZHVyYXRpb25fcyI6NTAsInVybGdlbl9zb3VyY2UiOiJ3d3cifQ%3D%3D&ccb=17-1&_nc_gid=Esr-tgFmGDN5FhcMwt_Tdg&_nc_ss=7b289&_nc_zt=28&oh=00_Af8EW6LXJ-Oe7NYilF6IPOr5KSiTg7JjpuD-PEOD1KdiCg&oe=6A36E121 | Preview: https://scontent.fjai6-1.fna.fbcdn.net/v/t39.35426-6/709864203_26896859216672680_4709552187666134274_n.jpg?_nc_cat=100&ccb=1-7&_nc_sid=c53f8f&_nc_ohc=T-qxKXiIJQkQ7kNvwHQS-ey&_nc_oc=AdpPQnf8MH1Yk7vwHFgjhYWynpaVz5R08xQZKJ7GMIz0P-bj02zk8uu1ALASkoUGfRXgrND1zYW5-RNI9vCpBPT1&_nc_zt=14&_nc_ht=scontent.fjai6-1.fna&_nc_gid=Esr-tgFmGDN5FhcMwt_Tdg&_nc_ss=7b289&oh=00_Af-FKIOfk54Q7vzJHZKS8Sk34fqVSbXKS42db7FQPqnpJg&oe=6A36D152 || HD: https://video.fjai6-1.fna.fbcdn.net/o1/v/t2/f2/m366/AQPtrl5mTUs_pfQAHrVXCi1NuvjZvPRcxn5uADxhY5t1dvSg29eQiL3tPGXSHF_VQULkwbfcrxCYVtT8nlX5bMM9SEoqpd9G_0Akgr0klA-YZA.mp4?_nc_cat=104&_nc_oc=Adp3cMrEafCwjzPV1M7M9bTOB4misHJYaRAYz7C9c6-sf7POmhTR8Xithit6Sk_uTLcey9jde8xVyLsyG3joHibU&_nc_sid=b66105&_nc_ht=video.fjai6-1.fna.fbcdn.net&_nc_ohc=xhQeU5hvl64Q7kNvwGl431b&efg=eyJ2ZW5jb2RlX3RhZyI6Inhwdl9wcm9ncmVzc2l2ZS5WSV9VU0VDQVNFX1BST0RVQ1RfVFlQRS4uQzMuNzIwLmRhc2hfaDI2NC1iYXNpYy1nZW4yXzcyMHAiLCJ4cHZfYXNzZXRfaWQiOjE1NzgxMzk4NzA0MDUxMDIsImFzc2V0X2FnZV9kYXlzIjoxNiwidmlfdXNlY2FzZV9pZCI6MTA3OTksImR1cmF0aW9uX3MiOjQxLCJ1cmxnZW5fc291cmNlIjoid3d3In0%3D&ccb=17-1&vs=fd2a531864d2da3c&_nc_vs=HBksFQIYRWZiX2VwaGVtZXJhbC82RTQyRkExNkRCMTMxRUVBMzhCQTNCNkFBNjUzNjhCRF9tdF8xX3ZpZGVvX2Rhc2hpbml0Lm1wNBUAAsgBEgAVAhhAZmJfcGVybWFuZW50LzBCNDc0NjQyOUZDMjlFMDExNDU0MTJGNTRGQjM2RjkxX2F1ZGlvX2Rhc2hpbml0Lm1wNBUCAsgBEgAoABgAGwKIB3VzZV9vaWwBMRJwcm9ncmVzc2l2ZV9yZWNpcGUBMRUAACbch42m6tPNBRUCKAJDMywXQETJeNT987YYGWRhc2hfaDI2NC1iYXNpYy1nZW4yXzcyMHARAHUAZd6oAQA&_nc_gid=Esr-tgFmGDN5FhcMwt_Tdg&_nc_ss=7b289&_nc_zt=28&oh=00_Af89AtfAz4bIfXKHgQHKOXp57zoxn90KgEcoXCiIZukfDQ&oe=6A36E030 | SD: https://video.fjai6-1.fna.fbcdn.net/o1/v/t2/f2/m412/AQP-f3CT0WO7nvuqh3kb3U5Px4OTzfVQrRuQ0evHPqpt7W_UKr-HT52uoCQa1z3oZ-UM9hHFGFnTIrmf3GrDtRBBwBRpr_ExrPV6Qd77Pw.mp4?_nc_cat=109&_nc_oc=Ado8JQm5rKwai412Mu0D5vQMQo5LphazE674mQ_vQADd17P0y12qfAN_EuI4ykggqXKQhQZHJfJ-A03MSXXFKDrf&_nc_sid=ef5aa3&_nc_ht=video.fjai6-1.fna.fbcdn.net&_nc_ohc=G_8-02s4ee4Q7kNvwEsM4YU&efg=eyJ2ZW5jb2RlX3RhZyI6Inhwdl9wcm9ncmVzc2l2ZS5WSV9VU0VDQVNFX1BST0RVQ1RfVFlQRS4uQzMuMzYwLnN2ZV9zZCIsInhwdl9hc3NldF9pZCI6MTU3ODEzOTg3MDQwNTEwMiwiYXNzZXRfYWdlX2RheXMiOjE2LCJ2aV91c2VjYXNlX2lkIjoxMDc5OSwiZHVyYXRpb25fcyI6NDEsInVybGdlbl9zb3VyY2UiOiJ3d3cifQ%3D%3D&ccb=17-1&_nc_gid=Esr-tgFmGDN5FhcMwt_Tdg&_nc_ss=7b289&_nc_zt=28&oh=00_Af_afM-keALtpR3lq2-c38nbJ2Jn0e658-OojCwSk0IE8A&oe=6A36CA05 | Preview: https://scontent.fjai6-1.fna.fbcdn.net/v/t39.35426-6/710216768_1334536955284297_1922539743648017733_n.jpg?_nc_cat=108&ccb=1-7&_nc_sid=c53f8f&_nc_ohc=ieQcoZeii3sQ7kNvwHEQLdk&_nc_oc=Adrok92650qNiX-EOpjHInrQRLktfhckAPYOmBGk0pf6bWesnB4AYIC7sgn1EhuF6T2HJ9EjiHzC__nqSs7y9mGF&_nc_zt=14&_nc_ht=scontent.fjai6-1.fna&_nc_gid=Esr-tgFmGDN5FhcMwt_Tdg&_nc_ss=7b289&oh=00_Af9zylX9Kj_4B1T25cBWGquFz2EWCCenV2sRwJiq7RRChg&oe=6A36BA46
981819511509408,https://www.facebook.com/thelocaltube/,fb.me,https://www.facebook.com/thelocaltube/,,,,thelocaltuberaipur@gmail.com,074711 96195,,,,102189499233502,http://fb.me/,The Local Tube,https://www.facebook.com/ads/library/?id=981819511509408,"Raipur’s newest integrated lifestyle destination is here, and it’s rewriting what Kachna looks like. 🏡🏢✨

Your home. Your office. Your city. All in one address.

Explore Humming Sanjeeva, The Promenade, and JIVA with an on-site visit today!

Contact them at 9062322222 / 9062422222

📍VIDHAN SABHA ROAD, SHANTI SAROVAR, KACHNA RAIPUR

(humming sanjeeva, the promenade, jiva, commercial projects in raipur, residential projects in raipur)",277,Get quote,fb.me,"FACEBOOK; INSTAGRAM",2026-06-08,2026-06-15,HD: https://video.fjai6-1.fna.fbcdn.net/o1/v/t2/f2/m367/AQMieVqs8rgPrRHoeWkWnj0m4NS2CXcQI2UuOnigJqWVAli_s8hLqaYK14w6S9EwkFwdCJi48dTYbf0c-UwQW6vWc2JvivQsnfu1mmO7Rg.mp4?_nc_cat=106&_nc_oc=Adqi9bbsjVWLTqC4CdJIU-xoKkh_NETPHzWQlb5jdUaCVZPjcVUssNkcHBe1iAWmotFpcYX_Z9VO8oVRaul00y0f&_nc_sid=ef5aa3&_nc_ht=video.fjai6-1.fna.fbcdn.net&_nc_ohc=ivW27D8pllgQ7kNvwHStIMY&efg=eyJ2ZW5jb2RlX3RhZyI6Inhwdl9wcm9ncmVzc2l2ZS5WSV9VU0VDQVNFX1BST0RVQ1RfVFlQRS4uQzMuNzIwLnByb2dyZXNzaXZlX2gyNjQtYmFzaWMtZ2VuMl83MjBwIiwieHB2X2Fzc2V0X2lkIjoxMDMwMTEwNDU5MzY1MTI1LCJhc3NldF9hZ2VfZGF5cyI6MTEsInZpX3VzZWNhc2VfaWQiOjEwMDk5LCJkdXJhdGlvbl9zIjo2NywidXJsZ2VuX3NvdXJjZSI6Ind3dyJ9&ccb=17-1&_nc_gid=Esr-tgFmGDN5FhcMwt_Tdg&_nc_ss=7b289&_nc_zt=28&oh=00_Af-ZxM-lmhpHCofplAFw1CA87WjvFYL4iJ_bt-Nfyxmhqw&oe=6A36C294 | SD: https://video.fjai6-1.fna.fbcdn.net/o1/v/t2/f2/m367/AQMFmlC-QaVpDliY7xzGZx1NdlANPF4Zy8eL02mwkVSByjbbpw0jnvLvD0fzEOWBRrBXzsWCsE3gGVJ4TejbzBA7v0pn086-iXlurtf6cA.mp4?_nc_cat=104&_nc_oc=Adp-LIV36iRAAtXBj9KJ9Jj4mbRDokrEhKOOhUSV8L6-Sh7kzGcBTIJxLOpabm93EkxJwZasC0dh3X1pqMHFta5o&_nc_sid=ef5aa3&_nc_ht=video.fjai6-1.fna.fbcdn.net&_nc_ohc=f4R457x5t08Q7kNvwF1MGkj&efg=eyJ2ZW5jb2RlX3RhZyI6Inhwdl9wcm9ncmVzc2l2ZS5WSV9VU0VDQVNFX1BST0RVQ1RfVFlQRS4uQzMuMzYwLnByb2dyZXNzaXZlX2gyNjQtYmFzaWMtZ2VuMl8zNjBwIiwieHB2X2Fzc2V0X2lkIjoxMDMwMTEwNDU5MzY1MTI1LCJhc3NldF9hZ2VfZGF5cyI6MTEsInZpX3VzZWNhc2VfaWQiOjEwMDk5LCJkdXJhdGlvbl9zIjo2NywidXJsZ2VuX3NvdXJjZSI6Ind3dyJ9&ccb=17-1&_nc_gid=Esr-tgFmGDN5FhcMwt_Tdg&_nc_ss=7b289&_nc_zt=28&oh=00_Af_BR6aJuJVOjENatEM_OVSfQiHeHiKhDqRYQIQacsZELw&oe=6A36DDDA | Preview: https://scontent.fjai6-1.fna.fbcdn.net/v/t39.35426-6/718776727_1517659123490839_5481974211425552515_n.jpg?_nc_cat=100&ccb=1-7&_nc_sid=c53f8f&_nc_ohc=JDL-6JEZZ6EQ7kNvwEY2eG9&_nc_oc=AdroyYuLU0stHBw-grN4_zar3oa_23qEMBogHPslQRUuYncUy0qy3RdePzkJG2TirQ886IgsBHgze6N1Dq8LuwjZ&_nc_zt=14&_nc_ht=scontent.fjai6-1.fna&_nc_gid=Esr-tgFmGDN5FhcMwt_Tdg&_nc_ss=7b289&oh=00_Af-m7o9LBehy91VrHAJMdX-rmWiYTzxysMCmlm-VYUodOA&oe=6A36D4CC,,,,,,,
1705998070412788,https://www.facebook.com/61569223222219/,api.whatsapp.com,https://www.facebook.com/61569223222219/,,,,info@grihneev.com,+91 90410 23000,,,,977741315431919,https://api.whatsapp.com/send,GrihNeev Infra,https://www.facebook.com/ads/library/?id=1705998070412788,"🏗️ Build Your Dream with GrihNeev Infra 🏡

Planning to build your dream home or a commercial space in Tricity?
From luxury kothis to commercial & industrial projects — we deliver premium construction with modern design, strong planning, and on-time execution.

📍 Serving: Chandigarh | Mohali | Panchkula | Zirakpur
📞 Call Now: 9041023000
GrihNeev Infra — Trust • Quality • Commitment

#GrihNeevInfra #ConstructionCompany #TricityConstruction #ChandigarhBuilders #MohaliConstruction #PanchkulaBuilders #ZirakpurProjects #LuxuryHomes #CommercialConstruction #IndustrialProjects #DreamHome #KothiConstruction #PremiumQuality #OnTimeDelivery #RealEstateIndia",6,Send WhatsApp message,api.whatsapp.com,"FACEBOOK; INSTAGRAM; AUDIENCE_NETWORK; MESSENGER; WHATSAPP",2026-05-21,2026-06-15,HD: https://video.fjai6-1.fna.fbcdn.net/o1/v/t2/f2/m366/AQOVhixZp6vk_6jacZVqicd77DIoX1xd1bnjFqsbAfoKdbitBYDBi6Yr16NU9oGdsZD_y5_TNbe2wYHtVS3dxm5a-88x8C9jBSWpA7KJ2PFU7w.mp4?_nc_cat=101&_nc_oc=AdqNgZ1Q_Y4doZTV1IvnOWUdPn2bNajUN5Ieg_GqhpwjusD5DquUNHaoWFvRbT01-n793v6TRyPAUmUY2S0M54QI&_nc_sid=b66105&_nc_ht=video.fjai6-1.fna.fbcdn.net&_nc_ohc=TJym4yKIhQ8Q7kNvwGj-nvA&efg=eyJ2ZW5jb2RlX3RhZyI6Inhwdl9wcm9ncmVzc2l2ZS5WSV9VU0VDQVNFX1BST0RVQ1RfVFlQRS4uQzMuNzIwLmRhc2hfaDI2NC1iYXNpYy1nZW4yXzcyMHAiLCJ4cHZfYXNzZXRfaWQiOjIyOTI0NDc2NTQ0OTgzMjQsImFzc2V0X2FnZV9kYXlzIjo1NSwidmlfdXNlY2FzZV9pZCI6MTA3OTksImR1cmF0aW9uX3MiOjU1LCJ1cmxnZW5fc291cmNlIjoid3d3In0%3D&ccb=17-1&vs=84105477d1880a09&_nc_vs=HBksFQIYRWZiX2VwaGVtZXJhbC85MDQ1OEZGNTUwRDc3NkQ4NTExMEU4MTM5MkMyRTQ5RF9tdF8xX3ZpZGVvX2Rhc2hpbml0Lm1wNBUAAsgBEgAVAhhAZmJfcGVybWFuZW50LzlGNDZBMDAwQzJEMzYyMzlENDY1RDU2ODY0NkNDRThBX2F1ZGlvX2Rhc2hpbml0Lm1wNBUCAsgBEgAoABgAGwKIB3VzZV9vaWwBMRJwcm9ncmVzc2l2ZV9yZWNpcGUBMRUAACaowOaBgr6SCBUCKAJDMywXQEvIcrAgxJwYGWRhc2hfaDI2NC1iYXNpYy1nZW4yXzcyMHARAHUAZd6oAQA&_nc_gid=Esr-tgFmGDN5FhcMwt_Tdg&_nc_ss=7b289&_nc_zt=28&oh=00_Af_zPgTL5gmaF_gUyfIDHPJi5drNqvwI7Q4ulyNsG3_r6Q&oe=6A36BD5B | SD: https://video.fjai6-1.fna.fbcdn.net/o1/v/t2/f2/m412/AQOo0u19ctAZ3sVCGi4RZylo5Frw0lPArjDuAqZB_F5E4WIOsqNEWPBNB6J0YSBY77_OUrGSolJ0udyOMWOQq-0IVJHEf_Yz5kO52INWkA.mp4?_nc_cat=108&_nc_oc=Ado3kcBa5alYnQPzFXln2XgAlPFps1Az8PKpzh8lizirxZUEyx6Zj1Q7hXtUnJTAohYIKPr0IQf3mgkC6Lbm9h2v&_nc_sid=ef5aa3&_nc_ht=video.fjai6-1.fna.fbcdn.net&_nc_ohc=AsRWay4c-s8Q7kNvwHXQSbt&efg=eyJ2ZW5jb2RlX3RhZyI6Inhwdl9wcm9ncmVzc2l2ZS5WSV9VU0VDQVNFX1BST0RVQ1RfVFlQRS4uQzMuMzYwLnN2ZV9zZCIsInhwdl9hc3NldF9pZCI6MjI5MjQ0NzY1NDQ5ODMyNCwiYXNzZXRfYWdlX2RheXMiOjU1LCJ2aV91c2VjYXNlX2lkIjoxMDc5OSwiZHVyYXRpb25fcyI6NTUsInVybGdlbl9zb3VyY2UiOiJ3d3cifQ%3D%3D&ccb=17-1&_nc_gid=Esr-tgFmGDN5FhcMwt_Tdg&_nc_ss=7b289&_nc_zt=28&oh=00_Af_KlAnf91weYqceV9bYOFvoJEzqxqBXCON6Mf_oJNTBPQ&oe=6A36BB02 | Preview: https://scontent.fjai6-1.fna.fbcdn.net/v/t39.35426-6/680013073_938792578790547_306573238568403709_n.jpg?_nc_cat=109&ccb=1-7&_nc_sid=c53f8f&_nc_ohc=G85nmERXxGIQ7kNvwGxJmt8&_nc_oc=AdqFhNpDFxaWCSw39NZRuM6W2uxxy2nYvzRsBOvj3Vn6WuqkUre1Y4RbvsiJwcKX7QMgDqvLPMYTipmuRA2sb8aZ&_nc_zt=14&_nc_ht=scontent.fjai6-1.fna&_nc_gid=Esr-tgFmGDN5FhcMwt_Tdg&_nc_ss=7b289&oh=00_Af_6IEr-fwOadUWWTPc6VMYAE1E6s143t1AfCJ6iXPPRoQ&oe=6A36C34A,,,,,,,
976614211803338,https://www.instagram.com/_u/sanasgrouppune,instagram.com,https://www.instagram.com/_u/sanasgrouppune,http://instagram.com/sanasgrouppune,,,,,,,,1136464572877166,http://instagram.com/sanasgrouppune,sanasgrouppune,https://www.facebook.com/ads/library/?id=976614211803338,"Every smart investment begins with one thing: Trust.

Trust in the name behind the project.
Trust in the vision shaping it.
And trust in the legacy that supports it.

With a strong track record of building landmarks, we at Sanas Group bring that assurance to 27 West - a commercial address backed by legacy and built for the future.

27 West is proud to have been awarded by the prestigious ET Business Awards 2024 for Excellence in Commercial Project - Pre-Lease Office Space.

Be present where Pune’s tech economy is shaping the future.

Own your position in a high-growth corridor.
Office Spaces Starting at 5 Cr
Showrooms Starting at 12 Cr

MahaRERA No. P52100054731

Call us at +91 99235 86336 to secure your space.
.
.
[Commercial Real Estate, Pre-leased Office Space, Showrooms for Lease, Balewadi, Office Spaces For Sale, Pune Real Estate, Wealth Building, Investment Strategy, Sanas Group, Real Estate Investment]
.
.
#Balewadi #CommercialRealEstate #RealEstateInvestment #GoldVsRealEstate #RealEstatePune #InvestmentStrategy #PropertyInvestment #WealthBuilding",,Visit Instagram profile,instagram.com,"FACEBOOK; INSTAGRAM",2026-06-11,2026-06-15,HD: https://video.fjai6-1.fna.fbcdn.net/o1/v/t2/f2/m367/AQNsm3rk_PfPsf9HpBskgjbl98JLn0E-lW0eMO6Cdy5zKMZgsEKmQTEAfISv3QwOSFu5t113-4gTPJyNBamGrJgp-PZeY974sL7WJz3wfw.mp4?_nc_cat=108&_nc_oc=Adr_XIUZMJHfgYtoxIZTXB-TeZq0qBGlJjyYNnDkiLDQLI3NcoLnMJpO0-MmMzVzDbKP6zXZEWRbSqwKnHBCS6i6&_nc_sid=ef5aa3&_nc_ht=video.fjai6-1.fna.fbcdn.net&_nc_ohc=AJt9jKPTouAQ7kNvwH0VTUA&efg=eyJ2ZW5jb2RlX3RhZyI6Inhwdl9wcm9ncmVzc2l2ZS5WSV9VU0VDQVNFX1BST0RVQ1RfVFlQRS4uQzMuNzIwLnByb2dyZXNzaXZlX2gyNjQtYmFzaWMtZ2VuMl83MjBwIiwieHB2X2Fzc2V0X2lkIjo0MzQxMDUwNDk5NDUwMzY4LCJhc3NldF9hZ2VfZGF5cyI6NSwidmlfdXNlY2FzZV9pZCI6MTAwOTksImR1cmF0aW9uX3MiOjQ0LCJ1cmxnZW5fc291cmNlIjoid3d3In0%3D&ccb=17-1&_nc_gid=Esr-tgFmGDN5FhcMwt_Tdg&_nc_ss=7b289&_nc_zt=28&oh=00_Af8osYMFDOe-02PgaPlSA48fkNckdmqKsBWyl0P5TPy66g&oe=6A36AE86 | SD: https://video.fjai6-1.fna.fbcdn.net/o1/v/t2/f2/m367/AQOfHMk3GWwKlofqfGaDs9hcPVqUXGxnPEd1JbtIsE0HGnhh9F_pyM6kBa0VTOaGuszBUP8Dza-O2Da61K8yWjs2QBMVCJGLpOl3-mJPRg.mp4?_nc_cat=107&_nc_oc=AdreOPhDBx4mBi6rDcTxumRXFdznNmWnINsj1jVMKoZ0EYoUjrz2Mn3brGo4ccL9KkZJsdYLh2rY-7vCQziysOi1&_nc_sid=ef5aa3&_nc_ht=video.fjai6-1.fna.fbcdn.net&_nc_ohc=cpHfW0gr5kcQ7kNvwGH_R1f&efg=eyJ2ZW5jb2RlX3RhZyI6Inhwdl9wcm9ncmVzc2l2ZS5WSV9VU0VDQVNFX1BST0RVQ1RfVFlQRS4uQzMuMzYwLnByb2dyZXNzaXZlX2gyNjQtYmFzaWMtZ2VuMl8zNjBwIiwieHB2X2Fzc2V0X2lkIjo0MzQxMDUwNDk5NDUwMzY4LCJhc3NldF9hZ2VfZGF5cyI6NSwidmlfdXNlY2FzZV9pZCI6MTAwOTksImR1cmF0aW9uX3MiOjQ0LCJ1cmxnZW5fc291cmNlIjoid3d3In0%3D&ccb=17-1&_nc_gid=Esr-tgFmGDN5FhcMwt_Tdg&_nc_ss=7b289&_nc_zt=28&oh=00_Af-T7Szcj2ZwLVecK584yfpZVv9lq6InD5oA4vpc9lquqA&oe=6A36CA83 | Preview: https://scontent.fjai6-1.fna.fbcdn.net/v/t39.35426-6/721310375_1317172237199953_874125505633861482_n.jpg?_nc_cat=106&ccb=1-7&_nc_sid=c53f8f&_nc_ohc=gfEPOy0vFDkQ7kNvwGPN6rI&_nc_oc=Adoen4SfrqccXwdOpvHzPUuBApYVznXL7hpNXC3T96SNjbhpdFJ5QdYJpTVOokZQZJXZQHCxIgwRrPLdgDT7vWwY&_nc_zt=14&_nc_ht=scontent.fjai6-1.fna&_nc_gid=Esr-tgFmGDN5FhcMwt_Tdg&_nc_ss=7b289&oh=00_Af8qIIrfJAxClWS7MPDRelkj7aFHGOHudGoFCz3i-cfPvA&oe=6A36D631,,,,,,,
1342947337719437,https://www.facebook.com/61569227313678/,api.whatsapp.com,https://www.facebook.com/61569227313678/,,,,,+91 73096 35999,,,,1023448604194319,https://api.whatsapp.com/send,Vardaan Builders & Construction,https://www.facebook.com/ads/library/?id=1342947337719437,"Construction ka tension? Hum sambhalenge 💼

Vardaan Builders & Construction provides end-to-end solutions – design, planning, and construction – all under one roof.

No delays. No compromise on quality. Only trusted results.

Start your project with confidence today",3,Send WhatsApp message,api.whatsapp.com,"FACEBOOK; INSTAGRAM; AUDIENCE_NETWORK; MESSENGER; WHATSAPP",2026-05-26,2026-06-15,HD: https://video.fjai6-1.fna.fbcdn.net/o1/v/t2/f2/m367/AQNir6BnWEVKc2SNOl7OGKweK0DN-FR4OT9QONr1MEhe5VtjbvWvAQNrjdyQi8UVAqRpwz82R6qocI3vMiCM5wvMOjefLRspZ9kek1Ou2g.mp4?_nc_cat=101&_nc_oc=AdqRLBoH3mhsyyIPq_Y9rdcRqY5l_kHCqCD_gZ4EExG6iUP6-hM48KqLPkWkudv9Pn5moQkRRoxDegQ9QUowzBcX&_nc_sid=ef5aa3&_nc_ht=video.fjai6-1.fna.fbcdn.net&_nc_ohc=cRiQFw5DGPAQ7kNvwHXooIo&efg=eyJ2ZW5jb2RlX3RhZyI6Inhwdl9wcm9ncmVzc2l2ZS5WSV9VU0VDQVNFX1BST0RVQ1RfVFlQRS4uQzMuNzIwLnByb2dyZXNzaXZlX2gyNjQtYmFzaWMtZ2VuMl83MjBwIiwieHB2X2Fzc2V0X2lkIjoxNTMwOTQzMDAyMDc4NzAyLCJhc3NldF9hZ2VfZGF5cyI6MjIsInZpX3VzZWNhc2VfaWQiOjEwMDk5LCJkdXJhdGlvbl9zIjo2OSwidXJsZ2VuX3NvdXJjZSI6Ind3dyJ9&ccb=17-1&_nc_gid=apPgvE2MB0hBmZOaLVlb1g&_nc_ss=7b289&_nc_zt=28&oh=00_Af_cef4UHMz56FQWWHHPd3L0X2OAMs-fUBBZqW9OsqcRvg&oe=6A36D431 | SD: https://video.fjai6-1.fna.fbcdn.net/o1/v/t2/f2/m367/AQPgYiD3xAW_Tgqeh5qiXFle6NW7xSHmLguVOU3_THEhdhiXvBA-fXudF0G8G0XRF2_iKbCe2-zQss1TrCH_b-KjclaZFzaF9sAK3J7kDA.mp4?_nc_cat=111&_nc_oc=AdoqfYw4RJcu261eXhKN2OAqBzt2KnPoGMP53Ri56QAXX4xwoEeTpKy0fAwWQTDLUCra_Q6ZSx12FPykP0kUb97f&_nc_sid=ef5aa3&_nc_ht=video.fjai6-1.fna.fbcdn.net&_nc_ohc=ndta6Otqx7kQ7kNvwEx30LD&efg=eyJ2ZW5jb2RlX3RhZyI6Inhwdl9wcm9ncmVzc2l2ZS5WSV9VU0VDQVNFX1BST0RVQ1RfVFlQRS4uQzMuMzYwLnByb2dyZXNzaXZlX2gyNjQtYmFzaWMtZ2VuMl8zNjBwIiwieHB2X2Fzc2V0X2lkIjoxNTMwOTQzMDAyMDc4NzAyLCJhc3NldF9hZ2VfZGF5cyI6MjIsInZpX3VzZWNhc2VfaWQiOjEwMDk5LCJkdXJhdGlvbl9zIjo2OSwidXJsZ2VuX3NvdXJjZSI6Ind3dyJ9&ccb=17-1&_nc_gid=apPgvE2MB0hBmZOaLVlb1g&_nc_ss=7b289&_nc_zt=28&oh=00_Af-DvW8nt8_6hpvvRqom8_ipnoSg_-P4Ii5AApmWVaTM-g&oe=6A36AD8B | Preview: https://scontent.fjai6-1.fna.fbcdn.net/v/t39.35426-6/706154833_1638079753915726_8363351686910731582_n.jpg?_nc_cat=101&ccb=1-7&_nc_sid=c53f8f&_nc_ohc=fqW4lrc1D-QQ7kNvwEz40wx&_nc_oc=Adp0Qowt63VATWRlcsGeYSsLmPOOq7Yn6uWIlyiC1UcnXTm-lYpMMoNOl2ABIrn4w9S5Bnga1e3YKhR69TYAvugP&_nc_zt=14&_nc_ht=scontent.fjai6-1.fna&_nc_gid=apPgvE2MB0hBmZOaLVlb1g&_nc_ss=7b289&oh=00_Af9rRT3_aMkZ2WHHtfe8r-8OgmYjpGNyeRvRRvaJGlRu0g&oe=6A36C8C9,,,,,,,
999248379731347,https://www.facebook.com/thedesignalgo/,fb.me,https://www.facebook.com/thedesignalgo/,,,,connect@thedesignalgo.com,+91 95574 17470,,,,235932600250302,http://fb.me/,The Design Algo Firm,https://www.facebook.com/ads/library/?id=999248379731347,"✨ Transform Your Space with Ease ✨
At The Design Algo Firm, we turn your vision into stunning reality—whether it’s a dream home, a modern office, or a luxury commercial project. From concept to turnkey execution, our expert team ensures world-class design, stress-free construction, and complete budget transparency.

📞 Book your FREE consultation call today and start your journey to a space you’ll truly love.",739,Book now,fb.me,"FACEBOOK; INSTAGRAM; AUDIENCE_NETWORK",2026-05-30,2026-06-15,,,"✨ Transform Your Space with Ease ✨
At The Design Algo Firm, we turn your vision into stunning reality—whether it’s a dream home, a modern office, or a luxury commercial project. From concept to turnkey execution, our expert team ensures world-class design, stress-free construction, and complete budget transparency.

📞 Book your FREE consultation call today and start your journey to a space you’ll truly love. || ✨ Transform Your Space with Ease ✨
At The Design Algo Firm, we turn your vision into stunning reality—whether it’s a dream home, a modern office, or a luxury commercial project. From concept to turnkey execution, our expert team ensures world-class design, stress-free construction, and complete budget transparency.

📞 Book your FREE consultation call today and start your journey to a space you’ll truly love. || ✨ Transform Your Space with Ease ✨
At The Design Algo Firm, we turn your vision into stunning reality—whether it’s a dream home, a modern office, or a luxury commercial project. From concept to turnkey execution, our expert team ensures world-class design, stress-free construction, and complete budget transparency.

📞 Book your FREE consultation call today and start your journey to a space you’ll truly love. || ✨ Transform Your Space with Ease ✨
At The Design Algo Firm, we turn your vision into stunning reality—whether it’s a dream home, a modern office, or a luxury commercial project. From concept to turnkey execution, our expert team ensures world-class design, stress-free construction, and complete budget transparency.

📞 Book your FREE consultation call today and start your journey to a space you’ll truly love.",http://fb.me/ || http://fb.me/ || http://fb.me/ || http://fb.me/,,Book Now || Book Now || Book Now || Book Now,,HD: https://video.fjai6-1.fna.fbcdn.net/o1/v/t2/f2/m366/AQMAleKcsJzVOy9gCaUgRMNEcQ7tkAKi57WgMGcQ4PU2JZl1lmyKCNKdAlXrJcTHMB8bKn-2XOkQzQ4gIO_8I5LjNhph4snMwbe8PgpoHOF3yg.mp4?_nc_cat=106&_nc_oc=Adog3f65iJPwMgV0EzpQD4JOuDD8QIVCftwdPjfKwyQsm_Fv3j0jq7z-tGdzjTr1ywvZjMtlyZjA9KnSxudt-vhz&_nc_sid=b66105&_nc_ht=video.fjai6-1.fna.fbcdn.net&_nc_ohc=9XzBJy92wGQQ7kNvwHjELNO&efg=eyJ2ZW5jb2RlX3RhZyI6Inhwdl9wcm9ncmVzc2l2ZS5WSV9VU0VDQVNFX1BST0RVQ1RfVFlQRS4uQzMuNzIwLmRhc2hfaDI2NC1iYXNpYy1nZW4yXzcyMHAiLCJ4cHZfYXNzZXRfaWQiOjY1MjA2MDQ3MDY3MzU2NCwiYXNzZXRfYWdlX2RheXMiOjMwMCwidmlfdXNlY2FzZV9pZCI6MTA3OTksImR1cmF0aW9uX3MiOjM3LCJ1cmxnZW5fc291cmNlIjoid3d3In0%3D&ccb=17-1&vs=1cdc03686f923152&_nc_vs=HBksFQIYRWZiX2VwaGVtZXJhbC80NzRGRDk1QjE0RUI4MkEzQ0FDMzgxNzIyQzUxMUVCOV9tdF8xX3ZpZGVvX2Rhc2hpbml0Lm1wNBUAAsgBEgAVAhhAZmJfcGVybWFuZW50L0Y0NEY2NUNBOTIxMDU0NDk5NTQwNTMwQzY5NDU4QTk0X2F1ZGlvX2Rhc2hpbml0Lm1wNBUCAsgBEgAoABgAGwKIB3VzZV9vaWwBMRJwcm9ncmVzc2l2ZV9yZWNpcGUBMRUAACa4gtCL9cKoAhUCKAJDMywXQELAAAAAAAAYGWRhc2hfaDI2NC1iYXNpYy1nZW4yXzcyMHARAHUAZd6oAQA&_nc_gid=apPgvE2MB0hBmZOaLVlb1g&_nc_ss=7b289&_nc_zt=28&oh=00_Af9394bzU9xBCktvlbcrB-mW6ocKv3M979g4pGEttNprTQ&oe=6A36B362 | SD: https://video.fjai6-1.fna.fbcdn.net/o1/v/t2/f2/m366/AQN6x9FUga0hXkjEwSiX_4tVMTOo0hwkc6BMvfl64Xlv1s_2hX-A8FtDJpDkOoEveXKYftzzhVZwEiHKlucaoN6k5FNGAyqHYshmR3dqnQ.mp4?_nc_cat=103&_nc_oc=Adolfxbw2ZWjMlUDsBV_aIiIVXuZnshdaN_javI9u4g0NsUMSDxRYv0YjNrWkkGALnxqnXxULWaGN1XabMskU72o&_nc_sid=ef5aa3&_nc_ht=video.fjai6-1.fna.fbcdn.net&_nc_ohc=5yTTqEb_DD0Q7kNvwFOaz4A&efg=eyJ2ZW5jb2RlX3RhZyI6Inhwdl9wcm9ncmVzc2l2ZS5WSV9VU0VDQVNFX1BST0RVQ1RfVFlQRS4uQzMuMzYwLnN2ZV9zZCIsInhwdl9hc3NldF9pZCI6NjUyMDYwNDcwNjczNTY0LCJhc3NldF9hZ2VfZGF5cyI6MzAwLCJ2aV91c2VjYXNlX2lkIjoxMDc5OSwiZHVyYXRpb25fcyI6MzcsInVybGdlbl9zb3VyY2UiOiJ3d3cifQ%3D%3D&ccb=17-1&_nc_gid=apPgvE2MB0hBmZOaLVlb1g&_nc_ss=7b289&_nc_zt=28&oh=00_Af99g0jJQ-6fIOQJJQlBhP07GNv-GumIfpIE0V7-jeeauQ&oe=6A36CE6B | Preview: https://scontent.fjai6-1.fna.fbcdn.net/v/t39.35426-6/709406147_3775907692548386_8406596597197398735_n.jpg?_nc_cat=101&ccb=1-7&_nc_sid=c53f8f&_nc_ohc=732yXiaVV4YQ7kNvwHd0VxS&_nc_oc=AdqUKh_SZPSdlVLS_Q7i8clLGnMq0rmXYTtuGPNaQJZILfh2jwa-eGrcutWdmwCn_hbGpOBq76WTysX-EF30zD6p&_nc_zt=14&_nc_ht=scontent.fjai6-1.fna&_nc_gid=apPgvE2MB0hBmZOaLVlb1g&_nc_ss=7b289&oh=00_Af_wGNENdGBx5BE-P6gYIDPl3XYP0XwQFnLvoWWtQtm1Vw&oe=6A36B69E || HD: https://video.fjai6-1.fna.fbcdn.net/o1/v/t2/f2/m366/AQMsO6cC_qZrXj9SB2QrFuA4qb9Tu-xfBidUVBd8-8Jgat0CcRAv9fjQBFWnvheMdf2ZnJ5CeNUVQciQ3VwpHYitpSd-nTErof6jyCRVsgec3g.mp4?_nc_cat=101&_nc_oc=AdpVPgU4-7DktngYckUatwwwbOLST9QtA0a85GhZRIK8ldoR1QfmUBU4jTTLSquuKoQEhc-a12FVQXJxPUhg_sVL&_nc_sid=b66105&_nc_ht=video.fjai6-1.fna.fbcdn.net&_nc_ohc=UC8w9FqZdRQQ7kNvwF-rhYP&efg=eyJ2ZW5jb2RlX3RhZyI6Inhwdl9wcm9ncmVzc2l2ZS5WSV9VU0VDQVNFX1BST0RVQ1RfVFlQRS4uQzMuMTI4MC5kYXNoX2gyNjQtYmFzaWMtZ2VuMl83MjBwIiwieHB2X2Fzc2V0X2lkIjoxMjkyNzI4NTI4OTAyMTQzLCJhc3NldF9hZ2VfZGF5cyI6MzAwLCJ2aV91c2VjYXNlX2lkIjoxMDc5OSwiZHVyYXRpb25fcyI6MzcsInVybGdlbl9zb3VyY2UiOiJ3d3cifQ%3D%3D&ccb=17-1&vs=b91d2d154a7eb8d&_nc_vs=HBksFQIYRWZiX2VwaGVtZXJhbC9ERDQzQzJDRkI0MDcyRkU2RkVBNjVBRTA3MkQyRkJCNV9tdF8xX3ZpZGVvX2Rhc2hpbml0Lm1wNBUAAsgBEgAVAhhAZmJfcGVybWFuZW50LzQwNEQyQjYzMjA5OEIzMzQzQjI0NTk1MzE0OEI4OUJBX2F1ZGlvX2Rhc2hpbml0Lm1wNBUCAsgBEgAoABgAGwKIB3VzZV9vaWwBMRJwcm9ncmVzc2l2ZV9yZWNpcGUBMRUAACb-34yM2u7LBBUCKAJDMywXQELAAAAAAAAYGWRhc2hfaDI2NC1iYXNpYy1nZW4yXzcyMHARAHUAZd6oAQA&_nc_gid=apPgvE2MB0hBmZOaLVlb1g&_nc_ss=7b289&_nc_zt=28&oh=00_Af9yNspaM1WBTSDT-uJOVMdCaXNgj5oMlHCqf5JNI91HNA&oe=6A36D793 | SD: https://video.fjai6-1.fna.fbcdn.net/o1/v/t2/f2/m366/AQMoCugDVi4gxOvEeDIITD1qVFQwWRh_SGjvrCfW3r7biRe8vWZqhpWl8H6LIewWeh_1jQ5MF0Jz-gZL068eO7XiDGTgCc0VWsLMwEjJlQ.mp4?_nc_cat=102&_nc_oc=Ado8iGXLvlhBTRyHumIWgsYUbcqlMwGtvOfy55jA8oNzxwWRzgnfFtD7M5hSVoJIL9vd6wMYuXqKggQJg4tCR34u&_nc_sid=ef5aa3&_nc_ht=video.fjai6-1.fna.fbcdn.net&_nc_ohc=iImI22X5IQ8Q7kNvwHRwOQd&efg=eyJ2ZW5jb2RlX3RhZyI6Inhwdl9wcm9ncmVzc2l2ZS5WSV9VU0VDQVNFX1BST0RVQ1RfVFlQRS4uQzMuNjQwLnN2ZV9zZCIsInhwdl9hc3NldF9pZCI6MTI5MjcyODUyODkwMjE0MywiYXNzZXRfYWdlX2RheXMiOjMwMCwidmlfdXNlY2FzZV9pZCI6MTA3OTksImR1cmF0aW9uX3MiOjM3LCJ1cmxnZW5fc291cmNlIjoid3d3In0%3D&ccb=17-1&_nc_gid=apPgvE2MB0hBmZOaLVlb1g&_nc_ss=7b289&_nc_zt=28&oh=00_Af923ZMC3l5SNmmqF1Pxfiq1817L55rsXOjWw6XZrQkuzQ&oe=6A36D910 | Preview: https://scontent.fjai6-1.fna.fbcdn.net/v/t39.35426-6/709665127_2562230444219588_6256367690355606443_n.jpg?_nc_cat=110&ccb=1-7&_nc_sid=c53f8f&_nc_ohc=27mtPChwO_MQ7kNvwGaXpOO&_nc_oc=Adob74ouNyvTEUYk7YBKZq6v-yhM2wmeW_UZPGI1afFTS-jEGM7rmKOyU3nwhNjXZlokETSb-x_hlOFqLzvftQLR&_nc_zt=14&_nc_ht=scontent.fjai6-1.fna&_nc_gid=apPgvE2MB0hBmZOaLVlb1g&_nc_ss=7b289&oh=00_Af_x93OpGDtlfQKMRMAp_7iFSbbbPn0ZHhauC3MhWBRMwA&oe=6A36C65B || HD: https://video.fjai6-1.fna.fbcdn.net/o1/v/t2/f2/m366/AQMlyLqCrsyBOnfbpWnnINaWEiZUhYqGIS7OusT4tIRoCD_Kfg0CRnx2ZBXdogDJmfykjlr3WeuononEmOtm5fqXTu0XSAbpx2gSznJVPHVLBg.mp4?_nc_cat=104&_nc_oc=Adq-Zo4O6iyqKuChztuVBH7pF-hSmDB6aMzBalc1sHByAI5PTqWf-exeet-mxg2VV5KNyg53KgXAoLUJ0MXvupVc&_nc_sid=b66105&_nc_ht=video.fjai6-1.fna.fbcdn.net&_nc_ohc=lXayod37cfoQ7kNvwHjkiy0&efg=eyJ2ZW5jb2RlX3RhZyI6Inhwdl9wcm9ncmVzc2l2ZS5WSV9VU0VDQVNFX1BST0RVQ1RfVFlQRS4uQzMuNzIwLmRhc2hfaDI2NC1iYXNpYy1nZW4yXzcyMHAiLCJ4cHZfYXNzZXRfaWQiOjc2NzQyMzgxNTgzNTc1NSwiYXNzZXRfYWdlX2RheXMiOjMwMCwidmlfdXNlY2FzZV9pZCI6MTA3OTksImR1cmF0aW9uX3MiOjM4LCJ1cmxnZW5fc291cmNlIjoid3d3In0%3D&ccb=17-1&vs=b838d088ecef3c55&_nc_vs=HBksFQIYRWZiX2VwaGVtZXJhbC8zRjRENTRCRTlDMThBMUJBQjk1QzlGMTE3RkMzNUFBM19tdF8xX3ZpZGVvX2Rhc2hpbml0Lm1wNBUAAsgBEgAVAhhAZmJfcGVybWFuZW50Lzc0NDEzRUM3MTQ5RjBBNTBFNkIwMjgwNEMxN0U2MDgwX2F1ZGlvX2Rhc2hpbml0Lm1wNBUCAsgBEgAoABgAGwKIB3VzZV9vaWwBMRJwcm9ncmVzc2l2ZV9yZWNpcGUBMRUAACbWgfv--P3cAhUCKAJDMywXQEMd0vGp--cYGWRhc2hfaDI2NC1iYXNpYy1nZW4yXzcyMHARAHUAZd6oAQA&_nc_gid=apPgvE2MB0hBmZOaLVlb1g&_nc_ss=7b289&_nc_zt=28&oh=00_Af9vCkGvcxGqh30fBM01ANt1zPI_iqXw8XZB6VoSlSxYDw&oe=6A36C8A4 | SD: https://video.fjai6-1.fna.fbcdn.net/o1/v/t2/f2/m366/AQP1l-2APml5jqQU5K2B6QgZvVQUstTZlT-4PKOOW0YW9sIxpKlul887Pg2zj87-2M2yDOiNqK0AgmrzGdjEAkt6iSmtIFjevcBdEoWbFg.mp4?_nc_cat=106&_nc_oc=AdpImAUhKrvBc0mNaJwXjhsqcP7VYtKK2ykfSkPkkwPTf32YEh3-eZVp2P9cRPeCxy2XfVnLukwq4X34Um9QJzM8&_nc_sid=ef5aa3&_nc_ht=video.fjai6-1.fna.fbcdn.net&_nc_ohc=MshWaDQSJQ0Q7kNvwHZ15h6&efg=eyJ2ZW5jb2RlX3RhZyI6Inhwdl9wcm9ncmVzc2l2ZS5WSV9VU0VDQVNFX1BST0RVQ1RfVFlQRS4uQzMuMzYwLnN2ZV9zZCIsInhwdl9hc3NldF9pZCI6NzY3NDIzODE1ODM1NzU1LCJhc3NldF9hZ2VfZGF5cyI6MzAwLCJ2aV91c2VjYXNlX2lkIjoxMDc5OSwiZHVyYXRpb25fcyI6MzgsInVybGdlbl9zb3VyY2UiOiJ3d3cifQ%3D%3D&ccb=17-1&_nc_gid=apPgvE2MB0hBmZOaLVlb1g&_nc_ss=7b289&_nc_zt=28&oh=00_Af9WCePxP0vFPY0NJihustL_LaSAsI8TgEZbvN9JWiINeQ&oe=6A36CB84 | Preview: https://scontent.fjai6-1.fna.fbcdn.net/v/t39.35426-6/708300090_1310752287269481_3003832116360843901_n.jpg?_nc_cat=100&ccb=1-7&_nc_sid=c53f8f&_nc_ohc=9KbCjAXlevsQ7kNvwEKjYa0&_nc_oc=AdriWIoKdhhYZ0qq-3uYaP32Fr4hAl14JrVa4aYd9T1U6SaxEfHB8V5aKFsW3JuE6D6TmWzb6F-Au7RmaFV1WIYl&_nc_zt=14&_nc_ht=scontent.fjai6-1.fna&_nc_gid=apPgvE2MB0hBmZOaLVlb1g&_nc_ss=7b289&oh=00_Af_K83DTrOFIrvhLyJ1wMUs6WNh1QJopnRY_bAtzChoDsA&oe=6A36C8E2 || HD: https://video.fjai6-1.fna.fbcdn.net/o1/v/t2/f2/m366/AQMlyLqCrsyBOnfbpWnnINaWEiZUhYqGIS7OusT4tIRoCD_Kfg0CRnx2ZBXdogDJmfykjlr3WeuononEmOtm5fqXTu0XSAbpx2gSznJVPHVLBg.mp4?_nc_cat=104&_nc_oc=Adq-Zo4O6iyqKuChztuVBH7pF-hSmDB6aMzBalc1sHByAI5PTqWf-exeet-mxg2VV5KNyg53KgXAoLUJ0MXvupVc&_nc_sid=b66105&_nc_ht=video.fjai6-1.fna.fbcdn.net&_nc_ohc=lXayod37cfoQ7kNvwHjkiy0&efg=eyJ2ZW5jb2RlX3RhZyI6Inhwdl9wcm9ncmVzc2l2ZS5WSV9VU0VDQVNFX1BST0RVQ1RfVFlQRS4uQzMuNzIwLmRhc2hfaDI2NC1iYXNpYy1nZW4yXzcyMHAiLCJ4cHZfYXNzZXRfaWQiOjc2NzQyMzgxNTgzNTc1NSwiYXNzZXRfYWdlX2RheXMiOjMwMCwidmlfdXNlY2FzZV9pZCI6MTA3OTksImR1cmF0aW9uX3MiOjM4LCJ1cmxnZW5fc291cmNlIjoid3d3In0%3D&ccb=17-1&vs=b838d088ecef3c55&_nc_vs=HBksFQIYRWZiX2VwaGVtZXJhbC8zRjRENTRCRTlDMThBMUJBQjk1QzlGMTE3RkMzNUFBM19tdF8xX3ZpZGVvX2Rhc2hpbml0Lm1wNBUAAsgBEgAVAhhAZmJfcGVybWFuZW50Lzc0NDEzRUM3MTQ5RjBBNTBFNkIwMjgwNEMxN0U2MDgwX2F1ZGlvX2Rhc2hpbml0Lm1wNBUCAsgBEgAoABgAGwKIB3VzZV9vaWwBMRJwcm9ncmVzc2l2ZV9yZWNpcGUBMRUAACbWgfv--P3cAhUCKAJDMywXQEMd0vGp--cYGWRhc2hfaDI2NC1iYXNpYy1nZW4yXzcyMHARAHUAZd6oAQA&_nc_gid=apPgvE2MB0hBmZOaLVlb1g&_nc_ss=7b289&_nc_zt=28&oh=00_Af9vCkGvcxGqh30fBM01ANt1zPI_iqXw8XZB6VoSlSxYDw&oe=6A36C8A4 | SD: https://video.fjai6-1.fna.fbcdn.net/o1/v/t2/f2/m366/AQP1l-2APml5jqQU5K2B6QgZvVQUstTZlT-4PKOOW0YW9sIxpKlul887Pg2zj87-2M2yDOiNqK0AgmrzGdjEAkt6iSmtIFjevcBdEoWbFg.mp4?_nc_cat=106&_nc_oc=AdpImAUhKrvBc0mNaJwXjhsqcP7VYtKK2ykfSkPkkwPTf32YEh3-eZVp2P9cRPeCxy2XfVnLukwq4X34Um9QJzM8&_nc_sid=ef5aa3&_nc_ht=video.fjai6-1.fna.fbcdn.net&_nc_ohc=MshWaDQSJQ0Q7kNvwHZ15h6&efg=eyJ2ZW5jb2RlX3RhZyI6Inhwdl9wcm9ncmVzc2l2ZS5WSV9VU0VDQVNFX1BST0RVQ1RfVFlQRS4uQzMuMzYwLnN2ZV9zZCIsInhwdl9hc3NldF9pZCI6NzY3NDIzODE1ODM1NzU1LCJhc3NldF9hZ2VfZGF5cyI6MzAwLCJ2aV91c2VjYXNlX2lkIjoxMDc5OSwiZHVyYXRpb25fcyI6MzgsInVybGdlbl9zb3VyY2UiOiJ3d3cifQ%3D%3D&ccb=17-1&_nc_gid=apPgvE2MB0hBmZOaLVlb1g&_nc_ss=7b289&_nc_zt=28&oh=00_Af9WCePxP0vFPY0NJihustL_LaSAsI8TgEZbvN9JWiINeQ&oe=6A36CB84 | Preview: https://scontent.fjai6-1.fna.fbcdn.net/v/t39.35426-6/710079252_4499336450386168_7362462650111317762_n.jpg?_nc_cat=100&ccb=1-7&_nc_sid=c53f8f&_nc_ohc=02cSoMmdEZ8Q7kNvwFI0sDl&_nc_oc=AdptPIkccLZ6nOoobAWhLf8vrhRvsgaREn3TmtdPOw7HVFJM6FVpkCxmi_mWr2VZCmw9KEmSQU51mYGdP5UFdnR-&_nc_zt=14&_nc_ht=scontent.fjai6-1.fna&_nc_gid=apPgvE2MB0hBmZOaLVlb1g&_nc_ss=7b289&oh=00_Af9va2usmPVt5o0INKruJIA2UvYDgWtnKTnFXm24v3sENg&oe=6A36DCDC
1016088888064493,https://www.facebook.com/61584097935061/,fb.me,https://www.facebook.com/61584097935061/,,,,,,,,,826706723868310,http://fb.me/,Faridabad Properties,https://www.facebook.com/ads/library/?id=1016088888064493,"Own a premium KIOSK at Omaxe World Street, Sector 79, Faridabad — a rapidly growing high-street retail & business destination.

✅ Investment Starting from ₹26 Lakhs*
✅ Assured Rental Income @ ₹26,000/Month* for 3.5 Years
✅ Prime Ground Floor KIOSK Spaces
✅ RERA Approved Commercial Project
✅ High Footfall & Excellent Visibility

Perfect for investors looking for stable rental income & long-term appreciation in a premium commercial hub.

📍 Prime Location | High Growth Potential | Limited Inventory

📞 Call Now for Details & Site Visit: 9958-221600",72,Get quote,fb.me,"FACEBOOK; INSTAGRAM; AUDIENCE_NETWORK",2026-05-15,2026-06-15,HD: https://video.fjai6-1.fna.fbcdn.net/o1/v/t2/f2/m366/AQM7nGjRbfpjko1DvvrFuysYvGHPiUS3lqVCsL5KT956dbnNA4rnsPgxXXWtcZISLT2y_MsNYwNFnV1696Xd309TnPieUYUhvXaYtQ1NzSGnpg.mp4?_nc_cat=102&_nc_oc=AdpdDMcyVM7Ws1-T9NAtHj6Tk8_zPqhrNlv7Dw2bQ1WyVWTpkre3bFgEDe-4NXlU5JhSGI_wrQc-g_MoFz3nF997&_nc_sid=b66105&_nc_ht=video.fjai6-1.fna.fbcdn.net&_nc_ohc=T-pefd_aTLsQ7kNvwGaw_EZ&efg=eyJ2ZW5jb2RlX3RhZyI6Inhwdl9wcm9ncmVzc2l2ZS5WSV9VU0VDQVNFX1BST0RVQ1RfVFlQRS4uQzMuNzIwLmRhc2hfaDI2NC1iYXNpYy1nZW4yXzcyMHAiLCJ4cHZfYXNzZXRfaWQiOjIxOTQxOTI5NjEzOTg2NDcsImFzc2V0X2FnZV9kYXlzIjozMSwidmlfdXNlY2FzZV9pZCI6MTA3OTksImR1cmF0aW9uX3MiOjE5LCJ1cmxnZW5fc291cmNlIjoid3d3In0%3D&ccb=17-1&vs=3fb4394435c53193&_nc_vs=HBksFQIYRWZiX2VwaGVtZXJhbC9DRjQ0NDFEOERCRENGODJBRTdBMEE2MkE3MkFBQTM4OF9tdF8xX3ZpZGVvX2Rhc2hpbml0Lm1wNBUAAsgBEgAVAhhAZmJfcGVybWFuZW50L0Y5NEE5RkNCNUQzMDc1NEJFMzlDRDgzRTNGQkFCNkIwX2F1ZGlvX2Rhc2hpbml0Lm1wNBUCAsgBEgAoABgAGwKIB3VzZV9vaWwBMRJwcm9ncmVzc2l2ZV9yZWNpcGUBMRUAACbuncPA6-blBxUCKAJDMywXQDP1wo9cKPYYGWRhc2hfaDI2NC1iYXNpYy1nZW4yXzcyMHARAHUAZd6oAQA&_nc_gid=apPgvE2MB0hBmZOaLVlb1g&_nc_ss=7b289&_nc_zt=28&oh=00_Af-RLz3CmsW3Dox8536jIHj7uLFCJsUlhNU5KlWOO5G_Gg&oe=6A36BE02 | SD: https://video.fjai6-1.fna.fbcdn.net/o1/v/t2/f2/m412/AQMxx3tBHaXGs9Ww5qyHI8UrQ4r1Drfp-8qhsj0OP6loyRUc8OtizswmS38F9tTppnEr9tDmEML094Imlk3DlNulnqvrzwphB08qw1ADYg.mp4?_nc_cat=110&_nc_oc=AdrDAWgIbeGgaOTgAkpnhVF64sFTSU9mmdNwuGVqdqX3Gy7MsIOEUWF9fYwjPBHtv6S6N1YmrJYKOaube5J1tnk2&_nc_sid=ef5aa3&_nc_ht=video.fjai6-1.fna.fbcdn.net&_nc_ohc=4QGtyJNzWRcQ7kNvwFs1GCl&efg=eyJ2ZW5jb2RlX3RhZyI6Inhwdl9wcm9ncmVzc2l2ZS5WSV9VU0VDQVNFX1BST0RVQ1RfVFlQRS4uQzMuMzYwLnN2ZV9zZCIsInhwdl9hc3NldF9pZCI6MjE5NDE5Mjk2MTM5ODY0NywiYXNzZXRfYWdlX2RheXMiOjMxLCJ2aV91c2VjYXNlX2lkIjoxMDc5OSwiZHVyYXRpb25fcyI6MTksInVybGdlbl9zb3VyY2UiOiJ3d3cifQ%3D%3D&ccb=17-1&_nc_gid=apPgvE2MB0hBmZOaLVlb1g&_nc_ss=7b289&_nc_zt=28&oh=00_Af8vDZCCSR6uXa-zbluBwxAhSzSfl8aiiMOnf48KcyqncQ&oe=6A36BBEC | Preview: https://scontent.fjai6-1.fna.fbcdn.net/v/t39.35426-6/699649999_1287653886310879_7150806814404598564_n.jpg?_nc_cat=100&ccb=1-7&_nc_sid=c53f8f&_nc_ohc=644brKdg7d0Q7kNvwEFEsIh&_nc_oc=AdoJ5y9IGFNb_Wlvz4YlQA8uWV4t41rxyVOEjAVAbMAJI_W9oly-eIkIp-qfqQI-iDfiZtE5kSqTpwZKR38O3hdH&_nc_zt=14&_nc_ht=scontent.fjai6-1.fna&_nc_gid=apPgvE2MB0hBmZOaLVlb1g&_nc_ss=7b289&oh=00_Af-FN1ST2X5vlOQFrogi-DAzCOgMeyGvIb_Ckz5I7Ccoww&oe=6A36DA67,,,,,,,
974425322149417,https://www.facebook.com/100095689474833/,,https://www.facebook.com/100095689474833/,,,,,,,,,103402332858811,,SM Property Dealers,https://www.facebook.com/ads/library/?id=974425322149417,"BizBay - Ambarnaths # 1 Commercial Project
Offices @ 50L+ | Shops @ 99L+
Upto 20Lacs Price Benefit
1 Min @ Ambarnath Stn W
Kalyan Badlapur Road",4,Send message,,"FACEBOOK; INSTAGRAM; AUDIENCE_NETWORK; MESSENGER",2026-04-12,2026-06-15,HD: https://video.fjai6-1.fna.fbcdn.net/o1/v/t2/f2/m366/AQPQeTZRa5j3XuzZ_j3m5emhPMu1-gMi5gcaizUY6Ls60paSpibHISM1KIGQpjAhGOF_TKDfO6UrTpKBPDI4FtM_7XkkPUgfR0JXKb4chRS1xw.mp4?_nc_cat=107&_nc_oc=AdpBcWdRQOJQUaYSaQAbjCtq2qr8rSHKL5zsMl3aUQ9-2KQ7QVPlHBrDjzDVr8516FbSz9tO68lK-l1fjUwFSebe&_nc_sid=b66105&_nc_ht=video.fjai6-1.fna.fbcdn.net&_nc_ohc=-UEmtgzk8TsQ7kNvwF9wf2M&efg=eyJ2ZW5jb2RlX3RhZyI6Inhwdl9wcm9ncmVzc2l2ZS5WSV9VU0VDQVNFX1BST0RVQ1RfVFlQRS4uQzMuNzIwLmRhc2hfaDI2NC1iYXNpYy1nZW4yXzcyMHAiLCJ4cHZfYXNzZXRfaWQiOjkwMTc2Njg2NTk4MTA3NywiYXNzZXRfYWdlX2RheXMiOjEwNSwidmlfdXNlY2FzZV9pZCI6MTA3OTksImR1cmF0aW9uX3MiOjIxLCJ1cmxnZW5fc291cmNlIjoid3d3In0%3D&ccb=17-1&vs=20a1943783c4a90a&_nc_vs=HBksFQIYRWZiX2VwaGVtZXJhbC8wQTQ5OUFGNUQ5QTkyOEI4MDIyQUQ1Q0Q3M0UwNDU5MV9tdF8xX3ZpZGVvX2Rhc2hpbml0Lm1wNBUAAsgBEgAVAhhAZmJfcGVybWFuZW50L0QyNDhGOUNFRERGQkYwODc3REYxMzUwMUM1MjQzMDlCX2F1ZGlvX2Rhc2hpbml0Lm1wNBUCAsgBEgAoABgAGwKIB3VzZV9vaWwBMRJwcm9ncmVzc2l2ZV9yZWNpcGUBMRUAACaqurzb3omaAxUCKAJDMywXQDUIcrAgxJwYGWRhc2hfaDI2NC1iYXNpYy1nZW4yXzcyMHARAHUAZd6oAQA&_nc_gid=apPgvE2MB0hBmZOaLVlb1g&_nc_ss=7b289&_nc_zt=28&oh=00_Af9dhu8k4LyTC4mQA5W0DUl8nJg7SmtiMvqmIszJHabHpQ&oe=6A36D4CD | SD: https://video.fjai6-1.fna.fbcdn.net/o1/v/t2/f2/m412/AQM-DYlqL7OX1kXRujdQiFz3rdLePl9FYUm0Awz-sL-1RY3Y_4wkS02QhucuQC3VAk0UVRmC2wqL5-iXmEemSuNk_bIdpcA8vTuh9AN6eA.mp4?_nc_cat=103&_nc_oc=Adovg6WCjE-BtTxTRZG7kkGBWf37Y87udAMZqOrq06l_psA4QU2Um-RG-URB83_-p7TwsrVNMQhDBdnZisWf6_FK&_nc_sid=ef5aa3&_nc_ht=video.fjai6-1.fna.fbcdn.net&_nc_ohc=sjrFfF-mUgIQ7kNvwG5DBiE&efg=eyJ2ZW5jb2RlX3RhZyI6Inhwdl9wcm9ncmVzc2l2ZS5WSV9VU0VDQVNFX1BST0RVQ1RfVFlQRS4uQzMuMzYwLnN2ZV9zZCIsInhwdl9hc3NldF9pZCI6OTAxNzY2ODY1OTgxMDc3LCJhc3NldF9hZ2VfZGF5cyI6MTA1LCJ2aV91c2VjYXNlX2lkIjoxMDc5OSwiZHVyYXRpb25fcyI6MjEsInVybGdlbl9zb3VyY2UiOiJ3d3cifQ%3D%3D&ccb=17-1&_nc_gid=apPgvE2MB0hBmZOaLVlb1g&_nc_ss=7b289&_nc_zt=28&oh=00_Af-nC43GPJdOcY0Z11P8AQc8OU1I0uK89jeUnLxuDs7q9Q&oe=6A36DF5B | Preview: https://scontent.fjai6-1.fna.fbcdn.net/v/t39.35426-6/661015717_1292626466297983_4743902852902584573_n.jpg?_nc_cat=104&ccb=1-7&_nc_sid=c53f8f&_nc_ohc=4fPFsUVoPfgQ7kNvwHOHJCJ&_nc_oc=AdrhUFNNb4B3DGcy79OMOikB5bMwhfC-fUb_cPr3SclwAkSLmErlmRc-tzDThdLILvA1GIAakGjUb-e6RzgvDvk0&_nc_zt=14&_nc_ht=scontent.fjai6-1.fna&_nc_gid=apPgvE2MB0hBmZOaLVlb1g&_nc_ss=7b289&oh=00_Af-M8JwaWpzWkSkxCbPdrAKKexNHKNSYMVADlV8CU4Wczg&oe=6A36ADCA,,,,,,,
1524797476097923,https://www.facebook.com/61580718419575/,fb.me,https://www.facebook.com/61580718419575/,,,,,,,,,1053819047812403,http://fb.me/,Dholera World Mark,https://www.facebook.com/ads/library/?id=1524797476097923,"📢 Missed early opportunities in Gurgaon & Noida?

Don’t miss Dholera 👇

India’s first planned smart city is now offering
🏢 Commercial plots starting ₹45 Lakhs

📍 Prime location on Metro & Expressway
✈️ 4.5 km from upcoming International Airport

📈 High-growth zone with upcoming industries & IT hubs

⚠️ Limited early-phase inventory available

👉 Get project details & pricing now",22,Learn more,fb.me,"FACEBOOK; INSTAGRAM",2026-06-09,2026-06-15,,,"📢 Missed early opportunities in Gurgaon & Noida?

Don’t miss Dholera 👇

India’s first planned smart city is now offering
🏢 Commercial plots starting ₹45 Lakhs

📍 Prime location on Metro & Expressway
✈️ 4.5 km from upcoming International Airport

📈 High-growth zone with upcoming industries & IT hubs

⚠️ Limited early-phase inventory available

👉 Get project details & pricing now || 📢 Missed early opportunities in Gurgaon & Noida?

Don’t miss Dholera 👇

India’s first planned smart city is now offering
🏢 Commercial plots starting ₹45 Lakhs

📍 Prime location on Metro & Expressway
✈️ 4.5 km from upcoming International Airport

📈 High-growth zone with upcoming industries & IT hubs

⚠️ Limited early-phase inventory available

👉 Get project details & pricing now",http://fb.me/ || http://fb.me/,,Learn More || Learn More,Original: https://scontent.fjai6-1.fna.fbcdn.net/v/t39.35426-6/720563361_1561516595650107_5355992042303336078_n.jpg?_nc_cat=109&ccb=1-7&_nc_sid=c53f8f&_nc_ohc=XEyN_EftZ_UQ7kNvwG0t64_&_nc_oc=AdpNkCNDZAdhONEQk3KNKBZb9tzU-M5zzZsE7t05oaMnJ91Yi85BYiGLYAJ89ynwZHHGx9d57fpgQQDacyf_tmpC&_nc_zt=14&_nc_ht=scontent.fjai6-1.fna&_nc_gid=apPgvE2MB0hBmZOaLVlb1g&_nc_ss=7b289&oh=00_Af_nbRUtWNGiLcoexD7ddP8kdDdaPWp85C2OL6TivwVQrQ&oe=6A36C586 | Resized: https://scontent.fjai6-1.fna.fbcdn.net/v/t39.35426-6/719427700_1610635913999728_7069198416811961612_n.jpg?stp=dst-jpg_s600x600_tt6&_nc_cat=102&ccb=1-7&_nc_sid=c53f8f&_nc_ohc=SEKIr575-GIQ7kNvwEdmFie&_nc_oc=AdoXLPbhpxekrn8q3y_5E-hb9ePUSrH90Ass4LtalVDoVRBQZLTpyN6m5t2fmFPemhmeYZhuIN08UXgZcnuJj5z4&_nc_zt=14&_nc_ht=scontent.fjai6-1.fna&_nc_gid=apPgvE2MB0hBmZOaLVlb1g&_nc_ss=7b289&oh=00_Af8TryGlkdk5XCOhpU09OwE7ehjx46h2rC61Z5bhCrwzOw&oe=6A36DC4E || Original: https://scontent.fjai6-1.fna.fbcdn.net/v/t39.35426-6/720126093_1022967147382747_1914185615770421343_n.jpg?_nc_cat=101&ccb=1-7&_nc_sid=c53f8f&_nc_ohc=FFkznUyWIJ8Q7kNvwFBf43K&_nc_oc=Adrl7rm8v0fhFb4VwEAuPYDChfROPnmjDQXh3i3ykEk8AALXYKjufCe7FdDfBFa-NrOLuTmsbBix1CazQ-lXMQFC&_nc_zt=14&_nc_ht=scontent.fjai6-1.fna&_nc_gid=apPgvE2MB0hBmZOaLVlb1g&_nc_ss=7b289&oh=00_Af8fSF8MDFr-tq1HI803ZPRj_Nn3rjwsGBbhrjHR1ww6YQ&oe=6A36B70D | Resized: https://scontent.fjai6-1.fna.fbcdn.net/v/t39.35426-6/720267938_999031639286472_8749562058488818517_n.jpg?stp=dst-jpg_s600x600_tt6&_nc_cat=101&ccb=1-7&_nc_sid=c53f8f&_nc_ohc=EoBrwSLxAW8Q7kNvwE3QSvA&_nc_oc=AdqbEBHbXSduQMSTw8rywXCbywfLhl-ntBrUSw72t2jC8QdQdu55Z9n5buzDmBN418DyImurf4KKqfdaEI6N9mqR&_nc_zt=14&_nc_ht=scontent.fjai6-1.fna&_nc_gid=apPgvE2MB0hBmZOaLVlb1g&_nc_ss=7b289&oh=00_Af-iMjUauCWDZxYQmH2_bPYhQb3uIcG7E4-voAdvneBr9A&oe=6A36C1EA,
1012620474609995,https://www.facebook.com/thearchstonerealty/,fb.me,https://www.facebook.com/thearchstonerealty/,,,,info@archstonerealty.in,+91 77100 80203,,,,107223117539828,http://fb.me/,Archstone Realty,https://www.facebook.com/ads/library/?id=1012620474609995,"📍Pushpak Nagar - Navi Mumbai.
 ✅ 1 & 2 BHK starting at just 41 Lakhs*
🚗 FREE PICK AND DROP SERVICE AVAILABLE",699,Get offer,fb.me,"FACEBOOK; INSTAGRAM; AUDIENCE_NETWORK",2026-05-12,2026-06-15,HD: https://video.fjai6-1.fna.fbcdn.net/o1/v/t2/f2/m366/AQMP8umgwRGgoEroFcFsGsYiY7xPK44KbPMEMTx4vWiQjyvOD964a0DN8qDhcbLHXz7nXkGCHbSYhX60TfqfmkD-JtMOK5LthQwC23wHNl-K_w.mp4?_nc_cat=103&_nc_oc=AdriZJeF2Abone2IfUD3yvbBTm7CP4kftn5RbIrv9Wx1wXmorDOECvFZoCLwX0sSkNeBHQp_9k1dKYdyZ_X5CYiX&_nc_sid=b66105&_nc_ht=video.fjai6-1.fna.fbcdn.net&_nc_ohc=mqZEls7zLw0Q7kNvwFjL4fo&efg=eyJ2ZW5jb2RlX3RhZyI6Inhwdl9wcm9ncmVzc2l2ZS5WSV9VU0VDQVNFX1BST0RVQ1RfVFlQRS4uQzMuNzIwLmRhc2hfaDI2NC1iYXNpYy1nZW4yXzcyMHAiLCJ4cHZfYXNzZXRfaWQiOjQwODY1MjkzMTgyNzIzNzMsImFzc2V0X2FnZV9kYXlzIjozMDYsInZpX3VzZWNhc2VfaWQiOjEwNzk5LCJkdXJhdGlvbl9zIjozMiwidXJsZ2VuX3NvdXJjZSI6Ind3dyJ9&ccb=17-1&vs=931e6fdbbf3d686d&_nc_vs=HBksFQIYRWZiX2VwaGVtZXJhbC82QTQwNjQ3NjVDMUU0MjEyNzc5MDE3MjhBOTgyNzY4Ml9tdF8xX3ZpZGVvX2Rhc2hpbml0Lm1wNBUAAsgBEgAVAhhAZmJfcGVybWFuZW50L0U0NDI2NjE3ODZGNzhEOEE0NjlGQjQ3OUI1NTNBNDg2X2F1ZGlvX2Rhc2hpbml0Lm1wNBUCAsgBEgAoABgAGwKIB3VzZV9vaWwBMRJwcm9ncmVzc2l2ZV9yZWNpcGUBMRUAACbq9YmGqKvCDhUCKAJDMywXQEAMzMzMzM0YGWRhc2hfaDI2NC1iYXNpYy1nZW4yXzcyMHARAHUAZd6oAQA&_nc_gid=apPgvE2MB0hBmZOaLVlb1g&_nc_ss=7b289&_nc_zt=28&oh=00_Af9zjccNNt3g3KPNeB6iRpfyWaaCGjgBfEIiVYALrbRLrw&oe=6A36D691 | SD: https://video.fjai6-1.fna.fbcdn.net/o1/v/t2/f2/m412/AQN9TuH66CcSrinUJggbCMdr_LNnFXnzD110gCY4Nwt10ewG10ViyK3bX4p052sOp3fUNvt3DHAol2Wubaclkqlk82Rd8Plsi2Lhhnl9xg.mp4?_nc_cat=104&_nc_oc=Adpl7Ce3bQ-f1LY2YMYEOIxWLGuJ5bel51JXty9-aMSdRl7jdh00ZOWwtu_FjNNUdRE35ud80EJqqbqsEkI7Ijgc&_nc_sid=ef5aa3&_nc_ht=video.fjai6-1.fna.fbcdn.net&_nc_ohc=s_PN8qoSrqAQ7kNvwG42ZUO&efg=eyJ2ZW5jb2RlX3RhZyI6Inhwdl9wcm9ncmVzc2l2ZS5WSV9VU0VDQVNFX1BST0RVQ1RfVFlQRS4uQzMuMzYwLnN2ZV9zZCIsInhwdl9hc3NldF9pZCI6NDA4NjUyOTMxODI3MjM3MywiYXNzZXRfYWdlX2RheXMiOjMwNiwidmlfdXNlY2FzZV9pZCI6MTA3OTksImR1cmF0aW9uX3MiOjMyLCJ1cmxnZW5fc291cmNlIjoid3d3In0%3D&ccb=17-1&_nc_gid=apPgvE2MB0hBmZOaLVlb1g&_nc_ss=7b289&_nc_zt=28&oh=00_Af-vY9MAkrVxEQV1UbjpO0XxchR1vrU60nCQ-5XWzd_URw&oe=6A36D216 | Preview: https://scontent.fjai6-1.fna.fbcdn.net/v/t39.35426-6/699595361_1797961871609715_8491847714488790139_n.jpg?_nc_cat=102&ccb=1-7&_nc_sid=c53f8f&_nc_ohc=nsDWnUY99EMQ7kNvwG85ktK&_nc_oc=AdpjmvXTnhyTx1D1H-AjL2MdKb46aGRD5bgfx79Fqr824mfft9U80AGkmvWXOXplTRjnIvoYIr3DMTOgdXUKxIQH&_nc_zt=14&_nc_ht=scontent.fjai6-1.fna&_nc_gid=apPgvE2MB0hBmZOaLVlb1g&_nc_ss=7b289&oh=00_Af-Oe2SEi1FGFey-78G5mD99ZKSg325yDmd68vk1RcWKHw&oe=6A36CDC5,,,,,,,
4507166439516926,https://www.facebook.com/61577483331372/,api.whatsapp.com,https://www.facebook.com/61577483331372/,,,,,+91 98288 88309,,,,1046736301860371,https://api.whatsapp.com/send,Jaipur Property Hub,https://www.facebook.com/ads/library/?id=4507166439516926,"🏢 80 प्रीमियम शॉप्स का सबसे बड़ा कमर्शियल प्रोजेक्ट
“जयपुर का अगला कमर्शियल हॉटस्पॉट तैयार हो रहा है!”

📍 वैशाली नगर, जयपुर से मात्र 35 KM दूर
💰 सिर्फ ₹17,950 प्रति गज से शुरू

आज सही लोकेशन चुनिए और अपने भविष्य को मजबूत बनाइए।
📞 Limited Inventory – अभी जानकारी लें!",2,Send WhatsApp message,WhatsApp,"FACEBOOK; INSTAGRAM; AUDIENCE_NETWORK",2026-05-30,2026-06-15,,Original: https://scontent.fjai6-1.fna.fbcdn.net/v/t39.35426-6/706489090_1514097743795675_1884573512975244963_n.jpg?_nc_cat=103&ccb=1-7&_nc_sid=c53f8f&_nc_ohc=XyJRD8iu-TEQ7kNvwF9mIWL&_nc_oc=AdpNgFSDHWvGMWcB6TVntvn-IdFYG3W6j_ptB-5uusJLNOaVBYs_kO7UrdZAnZaq33DPdgIZse3WxBA5coKD2t6s&_nc_zt=14&_nc_ht=scontent.fjai6-1.fna&_nc_gid=9KTPgK-8On34xDvOCdi4BA&_nc_ss=7b289&oh=00_Af9F52wkBuoHNj-UPunUaoxliBArIUdRuYSR0lAVlX-oAQ&oe=6A36DF26 | Resized: https://scontent.fjai6-1.fna.fbcdn.net/v/t39.35426-6/708102201_1686854652355631_1724836033487125829_n.jpg?stp=dst-jpg_s600x600_tt6&_nc_cat=108&ccb=1-7&_nc_sid=c53f8f&_nc_ohc=s89LOKwFpY8Q7kNvwGZrADi&_nc_oc=AdppONkU00-58MZ7vRrdRaaFwEUE_HkSHoBKp8e_pEdWMRQv5KrlhGvyzGLDRuykLsC1H6NUAIrgDCEyxDNC-hj3&_nc_zt=14&_nc_ht=scontent.fjai6-1.fna&_nc_gid=9KTPgK-8On34xDvOCdi4BA&_nc_ss=7b289&oh=00_Af8bnSVyKo6EXQJvAFi9zRd7GfTomdX9K24RZYJYmFqyJw&oe=6A36B5B0,,,,,,
2025000145062873,https://www.facebook.com/NewHopeLighting/,,https://www.facebook.com/NewHopeLighting/,,,,471634147@qq.com,+86 132 8660 0661,,,,899631959902505,,New Hope Lighting,https://www.facebook.com/ads/library/?id=2025000145062873,"🏭 Lighting Manufacturer from China

New Hope Lighting is a professional lighting manufacturer located in Hetang Town, Jiangmen City, near the famous lighting hub Guzhen.

We specialize in:

• Chandeliers
• Ceiling Lights
• Wall Lamps
• LED Lighting
• Commercial & Project Lighting

✔ Factory Direct Supply
✔ OEM / ODM Services
✔ Stable Quality & Competitive Price

📩 Looking for a reliable lighting supplier?
Contact us today!

WhatsApp：132 8660 0661",39046,Like Page,,FACEBOOK,2026-03-26,2026-06-14,HD: https://video.fjai6-1.fna.fbcdn.net/o1/v/t2/f2/m366/AQOsYkKkEvtG84gWsPTA4oUIYvCr7HQTr3QqieQVC0aqMph_QRx1BsKnjbddrauAonmHEKDdO6pnQMz9nFIhqy7CKpUuTJFppN4mQ3F3H76AWA.mp4?_nc_cat=111&_nc_oc=AdqdYtoDTSEKQPtOn6t-jjloIC-WYvfQi7UBIaO_6CWLM3ArvK4_TqhhfQGTKpznLtAglOtItDuE7oSBdot10Ob0&_nc_sid=b66105&_nc_ht=video.fjai6-1.fna.fbcdn.net&_nc_ohc=0SX30Z6iV0AQ7kNvwEAmNXL&efg=eyJ2ZW5jb2RlX3RhZyI6Inhwdl9wcm9ncmVzc2l2ZS5WSV9VU0VDQVNFX1BST0RVQ1RfVFlQRS4uQzMuNzIwLmRhc2hfaDI2NC1iYXNpYy1nZW4yXzcyMHAiLCJ4cHZfYXNzZXRfaWQiOjE0NDcwODc5MTAyODI0OTEsImFzc2V0X2FnZV9kYXlzIjo4OSwidmlfdXNlY2FzZV9pZCI6MTA3OTksImR1cmF0aW9uX3MiOjY5LCJ1cmxnZW5fc291cmNlIjoid3d3In0%3D&ccb=17-1&vs=afe4d6e0197a5385&_nc_vs=HBksFQIYRWZiX2VwaGVtZXJhbC8xQjRGM0NCMDYxMzY5QTJBMTdBODEwQzIyQjMyMTdCN19tdF8xX3ZpZGVvX2Rhc2hpbml0Lm1wNBUAAsgBEgAVAhhAZmJfcGVybWFuZW50L0E0NDFDMkQxOTczMjJDOUE0MEIxMEJCNDVCMTk0NjhEX2F1ZGlvX2Rhc2hpbml0Lm1wNBUCAsgBEgAoABgAGwKIB3VzZV9vaWwBMRJwcm9ncmVzc2l2ZV9yZWNpcGUBMRUAACb2k8-NzYeSBRUCKAJDMywXQFFIgxJul40YGWRhc2hfaDI2NC1iYXNpYy1nZW4yXzcyMHARAHUAZd6oAQA&_nc_gid=9KTPgK-8On34xDvOCdi4BA&_nc_ss=7b289&_nc_zt=28&oh=00_Af_VyQ52ljqRrf1cuS48i3jJsGhih-Hkptol8E5-rhw79w&oe=6A36B365 | SD: https://video.fjai6-1.fna.fbcdn.net/o1/v/t2/f2/m412/AQMOp21sAOlbRNgi5yW35-MJdGAW6wZkPqIDMSo7giJtuX7bOOxCZDoPeyLB3lxvOFQr4mGDS_F1834ekhAgrgL8v_RvRO1GGZeBQoXiYw.mp4?_nc_cat=107&_nc_oc=AdpyK5JRluQSKGQU6Tsd5bqLh3VF-7y1Do_I9PjzHAEZ8MqsdTDMLZziEYVtzOuniaEDDi7KiTtPsTK38Cx6n6sS&_nc_sid=ef5aa3&_nc_ht=video.fjai6-1.fna.fbcdn.net&_nc_ohc=vBnCwEH-oaQQ7kNvwEnLrzd&efg=eyJ2ZW5jb2RlX3RhZyI6Inhwdl9wcm9ncmVzc2l2ZS5WSV9VU0VDQVNFX1BST0RVQ1RfVFlQRS4uQzMuMzYwLnN2ZV9zZCIsInhwdl9hc3NldF9pZCI6MTQ0NzA4NzkxMDI4MjQ5MSwiYXNzZXRfYWdlX2RheXMiOjg5LCJ2aV91c2VjYXNlX2lkIjoxMDc5OSwiZHVyYXRpb25fcyI6NjksInVybGdlbl9zb3VyY2UiOiJ3d3cifQ%3D%3D&ccb=17-1&_nc_gid=9KTPgK-8On34xDvOCdi4BA&_nc_ss=7b289&_nc_zt=28&oh=00_Af_7a0yBkq_0PPKMEmiTVNCgAhO1uRliqoToAYbZMuB48w&oe=6A36DCB7 | Preview: https://scontent.fjai6-1.fna.fbcdn.net/v/t39.35426-6/654234371_796567306332239_537270553370554622_n.jpg?_nc_cat=106&ccb=1-7&_nc_sid=c53f8f&_nc_ohc=NSyZfGHREVEQ7kNvwEiBQ8D&_nc_oc=AdrLGMLqBDnfbt17R7G-X5z5xt-nRhNRc-G4gAFXTd0NHho_h-YaiBulq3e0fZDNw1h5PZSpQOg-LYv-xmp9r_RR&_nc_zt=14&_nc_ht=scontent.fjai6-1.fna&_nc_gid=9KTPgK-8On34xDvOCdi4BA&_nc_ss=7b289&oh=00_Af_md-iIpw3iU7EDEy2tlSU796SiZuW074cZUUUYMetxUQ&oe=6A36DD02,,,,,,,
2074772423451430,https://www.facebook.com/100092479728097/,fb.me,https://www.facebook.com/100092479728097/,,,,kashavihomes1@gmail.com,+91 85109 06050,,,,109740348789488,http://fb.me/,Kashavi Homes,https://www.facebook.com/ads/library/?id=2074772423451430,"क्या आपका बिज़नेस किराए के ऑफिस से चल रहा है?

हर महीने बढ़ता किराया और बार-बार शिफ्टिंग की परेशानी छोड़िए। अब अपने बिज़नेस को दीजिए एक स्थायी और प्रोफेशनल पता।

✅ Prime Location – Tech Zone 4, Greater Noida West
✅ Modern Commercial Office Spaces
✅ Growing Business Hub
✅ Better Brand Image & Business Credibility
✅ Long-Term Asset Creation

अपने बिज़नेस के लिए एक ऐसा ऑफिस चुनें जो सिर्फ कार्यस्थल नहीं, बल्कि आपके भविष्य में निवेश हो।

📞 आज ही प्राइस, फ्लोर प्लान और साइट विजिट की जानकारी प्राप्त करें।",273,Learn more,fb.me,"FACEBOOK; INSTAGRAM",2026-05-24,2026-06-15,HD: https://video.fjai6-1.fna.fbcdn.net/o1/v/t2/f2/m366/AQM75mkY23luAoEtsaIR6E6c1L1q2AlawfU0x3AMJQU-546XnmLmZ9Egte3YKGOjNZF4TjSoStoAakMwlZrG7Hr2pFCFGXXGFtLIJchWDxLJ8g.mp4?_nc_cat=102&_nc_oc=Ado32wgye8Hys3cQ-bchzWhyfU7Y6PTDfnfzR6RSb1MxaZ4_J4cDaSO58-bSL2dJNZkoNjZyKoSOrPNCSWH6VwRB&_nc_sid=b66105&_nc_ht=video.fjai6-1.fna.fbcdn.net&_nc_ohc=TaxqRsPrskUQ7kNvwG1CRIr&efg=eyJ2ZW5jb2RlX3RhZyI6Inhwdl9wcm9ncmVzc2l2ZS5WSV9VU0VDQVNFX1BST0RVQ1RfVFlQRS4uQzMuNzIwLmRhc2hfaDI2NC1iYXNpYy1nZW4yXzcyMHAiLCJ4cHZfYXNzZXRfaWQiOjExMDE4NzU0NTg1OTYyODgsImFzc2V0X2FnZV9kYXlzIjoxNzMsInZpX3VzZWNhc2VfaWQiOjEwNzk5LCJkdXJhdGlvbl9zIjozNCwidXJsZ2VuX3NvdXJjZSI6Ind3dyJ9&ccb=17-1&vs=c224562f87073d57&_nc_vs=HBksFQIYRWZiX2VwaGVtZXJhbC85ODQ4Mjk0OEJCNDA1REE2ODRDRUFCM0NFQkYyRDM5Nl9tdF8xX3ZpZGVvX2Rhc2hpbml0Lm1wNBUAAsgBEgAVAhhAZmJfcGVybWFuZW50LzY3NDk2MjhCN0RGNzNENjc5OUJCRUI3QUU1RTVBNUFFX2F1ZGlvX2Rhc2hpbml0Lm1wNBUCAsgBEgAoABgAGwKIB3VzZV9vaWwBMRJwcm9ncmVzc2l2ZV9yZWNpcGUBMRUAACaA9970y4n1AxUCKAJDMywXQEEMzMzMzM0YGWRhc2hfaDI2NC1iYXNpYy1nZW4yXzcyMHARAHUAZd6oAQA&_nc_gid=9KTPgK-8On34xDvOCdi4BA&_nc_ss=7b289&_nc_zt=28&oh=00_Af_6AUhpwgZBeCmmIDqfST1_NHpZmYHZIYs7UNviMPaCmA&oe=6A36BA1A | SD: https://video.fjai6-1.fna.fbcdn.net/o1/v/t2/f2/m412/AQN115-95SUY3CMjZ0rBgax9L-ASnIoy_zT_L6WKbBmpqhKkfivwPjx5qHsWOvmfTCunS-YDu5zqLxw4lqXLdPygF-JymZhDPjPnyIZwaQ.mp4?_nc_cat=109&_nc_oc=Adr7lHbEPywdjkxsLUVEkZ7kPYRMxmAY1d5pdn8kK1NK72xEonfkCjI4_scVFZIF37xwJMWJWKj4hKc8wkUS0t3V&_nc_sid=ef5aa3&_nc_ht=video.fjai6-1.fna.fbcdn.net&_nc_ohc=D80fpAykLhMQ7kNvwEqX17O&efg=eyJ2ZW5jb2RlX3RhZyI6Inhwdl9wcm9ncmVzc2l2ZS5WSV9VU0VDQVNFX1BST0RVQ1RfVFlQRS4uQzMuMzYwLnN2ZV9zZCIsInhwdl9hc3NldF9pZCI6MTEwMTg3NTQ1ODU5NjI4OCwiYXNzZXRfYWdlX2RheXMiOjE3MywidmlfdXNlY2FzZV9pZCI6MTA3OTksImR1cmF0aW9uX3MiOjM0LCJ1cmxnZW5fc291cmNlIjoid3d3In0%3D&ccb=17-1&_nc_gid=9KTPgK-8On34xDvOCdi4BA&_nc_ss=7b289&_nc_zt=28&oh=00_Af9RTNifyyL71e76etTRegv88c6xnFC7l6bAwzfXDg0U8w&oe=6A36D12D | Preview: https://scontent.fjai6-1.fna.fbcdn.net/v/t39.35426-6/706219579_1453061433237883_6148132204234510321_n.jpg?_nc_cat=110&ccb=1-7&_nc_sid=c53f8f&_nc_ohc=i6PxJfKE210Q7kNvwHZI7dL&_nc_oc=AdqhJ6w6O9CnZEmSNqF9JdTIyW88vOLfIyTLQ_JJIE6JVD_n9N7sDXeOsLIHnYriKiwQRGq96uJiz-672aclgUKt&_nc_zt=14&_nc_ht=scontent.fjai6-1.fna&_nc_gid=9KTPgK-8On34xDvOCdi4BA&_nc_ss=7b289&oh=00_Af9STVAoMQeFqlIgGvG59_JjBoWa4ynKQvlqS1DA_a23IA&oe=6A36DEED,,,,,,,
1470666857704250,https://www.facebook.com/Plywoodcentreknp/,api.whatsapp.com,https://www.facebook.com/Plywoodcentreknp/,,,,plywood.centre22@gmail.com,+91 70071 44571,,,,102259665106000,https://api.whatsapp.com/send,Plywoodcentre,https://www.facebook.com/ads/library/?id=1470666857704250,"🏠 Transform Your Space with Premium Quality Plywood!

Looking for durable, termite-resistant, and long-lasting plywood for your home or commercial project? Plywood Centre brings you top-quality plywood at unbeatable prices.

✅ Premium Quality
✅ Strong & Durable
✅ Wide Range of Designs
✅ Best Market Rates

Starting @ Just ₹65/Sq. Ft.*

📍 Visit Plywood Centre Today
📞 Contact Us Now for the Best Deals!",101,Shop now,WhatsApp,"FACEBOOK; INSTAGRAM",2026-06-03,2026-06-15,,Original: https://scontent.fjai6-1.fna.fbcdn.net/v/t39.35426-6/715360523_1230183989059357_8043314851356496919_n.jpg?_nc_cat=101&ccb=1-7&_nc_sid=c53f8f&_nc_ohc=iwJGoGqEIjwQ7kNvwEIBALr&_nc_oc=AdpH7E7C-gLUXKyt2szGnMbi6_SxQ7AnYUr3SIW5tST5BVfQlmAMbFPntjFh1t6Se1FgA1H-y9yAsCZsIkpVfTVD&_nc_zt=14&_nc_ht=scontent.fjai6-1.fna&_nc_gid=9KTPgK-8On34xDvOCdi4BA&_nc_ss=7b289&oh=00_Af-tUXPXFVqGexX1m1JfaQx4vjqLGpaka6iGIsk-7FVM4w&oe=6A36D387 | Resized: https://scontent.fjai6-1.fna.fbcdn.net/v/t39.35426-6/712684537_1757022899074025_393559182199123010_n.jpg?stp=dst-jpg_s600x600_tt6&_nc_cat=101&ccb=1-7&_nc_sid=c53f8f&_nc_ohc=rZVVDzlkxLUQ7kNvwFXuvjI&_nc_oc=AdoKuirzle2TMaIGD8c31eW_J8N7VbYaQX5MUUoIjJOCUlr_iq06IEffXfBonNzMxgBj1BjEBR_b6YKCgUPVnXjT&_nc_zt=14&_nc_ht=scontent.fjai6-1.fna&_nc_gid=9KTPgK-8On34xDvOCdi4BA&_nc_ss=7b289&oh=00_Af_bNPN9EQS04_JDNVjujLoGSkVE8-g1U6ZoOD_QfZCjNw&oe=6A36AE19,,,,,,
1773640084012359,https://www.facebook.com/Reaology/,fb.me,https://www.facebook.com/Reaology/,,,,info@reaology.in,,,,,111242768546800,http://fb.me/,Reaology,https://www.facebook.com/ads/library/?id=1773640084012359,"Own a premium retail shop in Lucknow without blocking your capital.
Start with just 1% monthly payment and secure your space in a high-footfall commercial destination.

Limited inventory available.
📍 Prime Lucknow location
💼 Ideal for brands, investors & business owners

👉 Book a Free Site Visit Today",700,Get quote,fb.me,"FACEBOOK; INSTAGRAM; AUDIENCE_NETWORK",2026-06-13,2026-06-15,,,"Own a premium retail shop in Lucknow without blocking your capital.
Start with just 1% monthly payment and secure your space in a high-footfall commercial destination.

Limited inventory available.
📍 Prime Lucknow location
💼 Ideal for brands, investors & business owners

👉 Book a Free Site Visit Today || Own a premium retail shop in Lucknow without blocking your capital.
Start with just 1% monthly payment and secure your space in a high-footfall commercial destination.

Limited inventory available.
📍 Prime Lucknow location
💼 Ideal for brands, investors & business owners

👉 Book a Free Site Visit Today || Own a premium retail shop in Lucknow without blocking your capital.
Start with just 1% monthly payment and secure your space in a high-footfall commercial destination.

Limited inventory available.
📍 Prime Lucknow location
💼 Ideal for brands, investors & business owners

👉 Book a Free Site Visit Today || Own a premium retail shop in Lucknow without blocking your capital.
Start with just 1% monthly payment and secure your space in a high-footfall commercial destination.

Limited inventory available.
📍 Prime Lucknow location
💼 Ideal for brands, investors & business owners

👉 Book a Free Site Visit Today",http://fb.me/ || http://fb.me/ || http://fb.me/ || http://fb.me/,,Get Quote || Get Quote || Get Quote || Get Quote,Original: https://scontent.fjai6-1.fna.fbcdn.net/v/t39.35426-6/721701202_998815499558106_1513006361745500006_n.jpg?_nc_cat=106&ccb=1-7&_nc_sid=c53f8f&_nc_ohc=oZNQ-Nzc5pQQ7kNvwH9WfFd&_nc_oc=AdoZgvuKLYGyya57W2i4CA75eUbLH8nkLu0YOTuJL4h1wCTme5vnD6NgAUZdAgCjIeZHKd22pajckuudAkUCoeiW&_nc_zt=14&_nc_ht=scontent.fjai6-1.fna&_nc_gid=9KTPgK-8On34xDvOCdi4BA&_nc_ss=7b289&oh=00_Af_fQJUYOOE2h1PJ6JKeHCjW4XPJ_i8ONcLTeOQv9ekxkw&oe=6A36B815 | Resized: https://scontent.fjai6-1.fna.fbcdn.net/v/t39.35426-6/723015073_1678984850091605_7553899247053431937_n.jpg?stp=dst-jpg_s600x600_tt6&_nc_cat=111&ccb=1-7&_nc_sid=c53f8f&_nc_ohc=9B6wF5mFBBoQ7kNvwHNk7qE&_nc_oc=AdoW2S-vjc2g3FPKTOxMAFi6hCMO7PX7XHMYhiYJov4iPqvHTAdwqMnmUwY9CTjBRcTzKRuQUk0YIk-UqRwv4R21&_nc_zt=14&_nc_ht=scontent.fjai6-1.fna&_nc_gid=9KTPgK-8On34xDvOCdi4BA&_nc_ss=7b289&oh=00_Af_zs2leKMufXOOquIzehd_rmMVKjqC9MzKNAq8PegMpMw&oe=6A36CD91 || Original: https://scontent.fjai6-1.fna.fbcdn.net/v/t39.35426-6/722302764_989875250411748_5244512568903333922_n.jpg?_nc_cat=101&ccb=1-7&_nc_sid=c53f8f&_nc_ohc=msgha9eCVS8Q7kNvwGZcNKV&_nc_oc=Adqyn5E608QkRWBHX4R_PDUAzH6AlO-wcSjc4fyEMebVrcj3vJqPrGyBfWDY5oCIZ69rOoqlMkxZR0T7g99-bYps&_nc_zt=14&_nc_ht=scontent.fjai6-1.fna&_nc_gid=9KTPgK-8On34xDvOCdi4BA&_nc_ss=7b289&oh=00_Af8Y2kltYvYGgOyVOY2vzYuK4ET0pE1CpwcG5sbww3bvOA&oe=6A36BF22 | Resized: https://scontent.fjai6-1.fna.fbcdn.net/v/t39.35426-6/722038634_1362940052398639_3407341752482031453_n.jpg?stp=dst-jpg_s600x600_tt6&_nc_cat=102&ccb=1-7&_nc_sid=c53f8f&_nc_ohc=rktv3eO8jcwQ7kNvwGtNOe8&_nc_oc=AdqRoMqRawDcM7qfjoYjtmVTUJck5fDoaY-YmrobjyUfvf8RKLHaUMqJvejXN1CK3QI6z2-H3FfsURfh0DMSKbb5&_nc_zt=14&_nc_ht=scontent.fjai6-1.fna&_nc_gid=9KTPgK-8On34xDvOCdi4BA&_nc_ss=7b289&oh=00_Af8sEQv7QyPwO1no35tfbx4EkLkjxzFaPZ0hTMLiNaDB5g&oe=6A36C5F3 || Original: https://scontent.fjai6-1.fna.fbcdn.net/v/t39.35426-6/722205431_2808316086211241_7465139353572054288_n.jpg?_nc_cat=107&ccb=1-7&_nc_sid=c53f8f&_nc_ohc=cFHkBqm9RewQ7kNvwEhLbpW&_nc_oc=AdpxET6BpmMjuyAfjiG2HmBUKA33xIalXtTsVKBdDhKsMxNOVzwlwCowf9EHkodK300A8yBrExe90sA1_rh_neJ7&_nc_zt=14&_nc_ht=scontent.fjai6-1.fna&_nc_gid=9KTPgK-8On34xDvOCdi4BA&_nc_ss=7b289&oh=00_Af9BuXRXeUwffNAUOdmsln5ZPKuVMbzM0t6zAs0ghaG75g&oe=6A36D64A | Resized: https://scontent.fjai6-1.fna.fbcdn.net/v/t39.35426-6/723162338_880061317797895_6726738469970497101_n.jpg?stp=dst-jpg_s600x600_tt6&_nc_cat=106&ccb=1-7&_nc_sid=c53f8f&_nc_ohc=JeBncK2Ax0MQ7kNvwGVt5YK&_nc_oc=AdoVxtZpWToesef9T4AwoR_6NTxUZ7c0sPcbpA-nDxkaWS9sEZo_PC_vYrmRQ6aiuQiHOulATwgF20MbLVdHXBnn&_nc_zt=14&_nc_ht=scontent.fjai6-1.fna&_nc_gid=9KTPgK-8On34xDvOCdi4BA&_nc_ss=7b289&oh=00_Af_97Kqc6_UQJPUxvugx3Ov3bu0TaeYK1vTX00H80hCK9Q&oe=6A36B51B || Original: https://scontent.fjai6-1.fna.fbcdn.net/v/t39.35426-6/721701202_998815499558106_1513006361745500006_n.jpg?_nc_cat=106&ccb=1-7&_nc_sid=c53f8f&_nc_ohc=oZNQ-Nzc5pQQ7kNvwH9WfFd&_nc_oc=AdoZgvuKLYGyya57W2i4CA75eUbLH8nkLu0YOTuJL4h1wCTme5vnD6NgAUZdAgCjIeZHKd22pajckuudAkUCoeiW&_nc_zt=14&_nc_ht=scontent.fjai6-1.fna&_nc_gid=9KTPgK-8On34xDvOCdi4BA&_nc_ss=7b289&oh=00_Af_fQJUYOOE2h1PJ6JKeHCjW4XPJ_i8ONcLTeOQv9ekxkw&oe=6A36B815 | Resized: https://scontent.fjai6-1.fna.fbcdn.net/v/t39.35426-6/723015073_1678984850091605_7553899247053431937_n.jpg?stp=dst-jpg_s600x600_tt6&_nc_cat=111&ccb=1-7&_nc_sid=c53f8f&_nc_ohc=9B6wF5mFBBoQ7kNvwHNk7qE&_nc_oc=AdoW2S-vjc2g3FPKTOxMAFi6hCMO7PX7XHMYhiYJov4iPqvHTAdwqMnmUwY9CTjBRcTzKRuQUk0YIk-UqRwv4R21&_nc_zt=14&_nc_ht=scontent.fjai6-1.fna&_nc_gid=9KTPgK-8On34xDvOCdi4BA&_nc_ss=7b289&oh=00_Af_zs2leKMufXOOquIzehd_rmMVKjqC9MzKNAq8PegMpMw&oe=6A36CD91,
1330348325959286,https://www.facebook.com/ourikaestates/,fb.me,https://www.facebook.com/ourikaestates/,,,,info@aurikahomes.com,+91 99906 99027,,,,106391159210268,http://fb.me/,Aurika Homes,https://www.facebook.com/ads/library/?id=1330348325959286,"Premium East-Facing Plots in Bareilly
Prices starting from ₹65Lakhs
Approved by Bareilly Development Authority
Bank Loan Available | RERA Approved

✅ Integrated township with all modern amenities in Bareilly
✅ 4-star rated club
✅ Fully equipped gym
✅ 24×7 security with automated boom barriers and CCTV surveillance
✅ Children’s play area
✅ Yoga room
✅ Badminton court
✅ Theme-based parks and lush landscaping
✅ Green and serene surroundings
✅ Cricket pitch
✅ Banquet hall
✅ Two-side open plots
✅ Commercial project

📞 Call: +91 9911555509",13503,Book now,fb.me,"FACEBOOK; INSTAGRAM; AUDIENCE_NETWORK",2026-05-10,2026-06-15,,Original: https://scontent.fjai6-1.fna.fbcdn.net/v/t39.35426-6/696105226_1318549513502888_4170106454756439151_n.jpg?_nc_cat=100&ccb=1-7&_nc_sid=c53f8f&_nc_ohc=X2QBbJQVyi4Q7kNvwGAlvQ5&_nc_oc=AdoXSnCCEoPngyYRdJni7g11hPJOGJUnMEC5tXUivXpJ6XaTYw4-woLC9pK0d7Q8cdZPjPrSTd2lMgdM-Sehkgk7&_nc_zt=14&_nc_ht=scontent.fjai6-1.fna&_nc_gid=u_zzzKZPiklFRatQEVyf4Q&_nc_ss=7b289&oh=00_Af9mTTnXlFLchWCb9n82z_9bq1Fsf8x6jUx20vHJKhBrFQ&oe=6A36CADD | Resized: https://scontent.fjai6-1.fna.fbcdn.net/v/t39.35426-6/698190724_996788989375810_3742527992010284370_n.jpg?stp=dst-jpg_s600x600_tt6&_nc_cat=102&ccb=1-7&_nc_sid=c53f8f&_nc_ohc=nrnQI6ZyAugQ7kNvwE-toL6&_nc_oc=Adr_jS0pKtuvY7UVp-zeDMvJz5fZ55bBfhytbIW_E8FXS4oAYkWj1XFepvcsGrrkmATkg5eY-kdx4xWBhzK6wCjL&_nc_zt=14&_nc_ht=scontent.fjai6-1.fna&_nc_gid=u_zzzKZPiklFRatQEVyf4Q&_nc_ss=7b289&oh=00_Af-CHIlk7orxHat-SNYtra5VTmOpcKrzF8th_LZxvMR6sg&oe=6A36C0A7,,,,,,
2223689865052208,https://www.facebook.com/61579158275155/,fb.me,https://www.facebook.com/61579158275155/,,,,vistatruinfracon@gmail.com,+91 78811 14049,,,,778224282034374,http://fb.me/,Vistatru Infracon,https://www.facebook.com/ads/library/?id=2223689865052208,"Planning a commercial project in Lucknow? The biggest risks to your ROI are cost overruns and delayed handovers.

Partner with a commercial construction company that guarantees transparent pricing, strict timelines, and zero compromises on material quality.

From retail complexes to corporate offices, we build without the headaches.

Tap 'Book Now' to discuss your architectural plans with our engineers.",105,Book now,fb.me,"FACEBOOK; INSTAGRAM",2026-06-01,2026-06-15,HD: https://video.fjai6-1.fna.fbcdn.net/o1/v/t2/f2/m366/AQOOHw2ErIcThYvb-Ly-EmJM2K_1ur39RXUpOMhMxiP2c47GfMDo23-hGurdFVsJ3T-qi-qwteZ5fpfsM-e-gsOvT6K8hdrOuZWoLZ25sEg_NA.mp4?_nc_cat=111&_nc_oc=Adp5zdm8kzK69Q8p35PLaaPVpUAR30A62mAxVnb1vhoX7YWf4_H3v2qk1YujcjL8OthX10_glibMRjHj9Ev6gQSH&_nc_sid=b66105&_nc_ht=video.fjai6-1.fna.fbcdn.net&_nc_ohc=KypmkCkzaqMQ7kNvwHXgBc0&efg=eyJ2ZW5jb2RlX3RhZyI6Inhwdl9wcm9ncmVzc2l2ZS5WSV9VU0VDQVNFX1BST0RVQ1RfVFlQRS4uQzMuNzIwLmRhc2hfaDI2NC1iYXNpYy1nZW4yXzcyMHAiLCJ4cHZfYXNzZXRfaWQiOjE2NTM1MDU0NzU5MTMzOTUsImFzc2V0X2FnZV9kYXlzIjoxNSwidmlfdXNlY2FzZV9pZCI6MTA3OTksImR1cmF0aW9uX3MiOjU3LCJ3YXRjaF90aW1lX3MiOjEwODE5MywidXJsZ2VuX3NvdXJjZSI6Ind3dyJ9&ccb=17-1&vs=b8d9c3873664eab3&_nc_vs=HBksFQIYRWZiX2VwaGVtZXJhbC84NTRBNDdFRDJEN0U2MTJDOEM5NDM2ODJFQjU1NkJCOV9tdF8xX3ZpZGVvX2Rhc2hpbml0Lm1wNBUAAsgBEgAVAhhAZmJfcGVybWFuZW50LzE0NDM2RDY3NkEwRDRFQkQxRTc2NDE3NDJDRUVBN0EzX2F1ZGlvX2Rhc2hpbml0Lm1wNBUCAsgBEgAoABgAGwKIB3VzZV9vaWwBMRJwcm9ncmVzc2l2ZV9yZWNpcGUBMRUAACbmmrXo1_bvBRUCKAJDMywXQEzAAAAAAAAYGWRhc2hfaDI2NC1iYXNpYy1nZW4yXzcyMHARAHUAZd6oAQA&_nc_gid=u_zzzKZPiklFRatQEVyf4Q&_nc_ss=7b289&_nc_zt=28&oh=00_Af-VZtn6cnQLz9AGXn0gggTXVU4tqmRwTi_Fe1vSQsobJQ&oe=6A36B935 | SD: https://video.fjai6-1.fna.fbcdn.net/o1/v/t2/f2/m412/AQPdHyUBwC2Hc6BciJ3RGjEZ7JNOqKO0VSxKx86aq-F5D36EpytQGeKQK4aj5CTQZGYfIdUsxJK8TIAWGx2rC0HiJOwviTW0VauDOtSMbA.mp4?_nc_cat=100&_nc_oc=AdrGZJcwaY8sMthgS75wLsxxyTRK5zstYQafJ4AZ1Xs4G5tvEsxHyYvodqWJjsVLEZ_SbyrWlcSDEhqnHRY7v3W1&_nc_sid=ef5aa3&_nc_ht=video.fjai6-1.fna.fbcdn.net&_nc_ohc=5QAibp8lzNkQ7kNvwH3qEyy&efg=eyJ2ZW5jb2RlX3RhZyI6Inhwdl9wcm9ncmVzc2l2ZS5WSV9VU0VDQVNFX1BST0RVQ1RfVFlQRS4uQzMuMzYwLnN2ZV9zZCIsInhwdl9hc3NldF9pZCI6MTY1MzUwNTQ3NTkxMzM5NSwiYXNzZXRfYWdlX2RheXMiOjE1LCJ2aV91c2VjYXNlX2lkIjoxMDc5OSwiZHVyYXRpb25fcyI6NTcsIndhdGNoX3RpbWVfcyI6MTA4MTkzLCJ1cmxnZW5fc291cmNlIjoid3d3In0%3D&ccb=17-1&_nc_gid=u_zzzKZPiklFRatQEVyf4Q&_nc_ss=7b289&_nc_zt=28&oh=00_Af_12kdRz0isPVpNaNdjOIGlobK5RAv0oxm4GvHEFCU5Dw&oe=6A36D83E | Preview: https://scontent.fjai6-1.fna.fbcdn.net/v/t39.35426-6/712196951_994736183202586_5553853500326140419_n.jpg?_nc_cat=101&ccb=1-7&_nc_sid=c53f8f&_nc_ohc=UBXgAJifONAQ7kNvwGINmWx&_nc_oc=AdqMhLOtlRMBz-9-_9bRHqz99wV5g1hzyZ8T0kTWPPd_OoQId8_1e9ujJZTnUhk-TECuWT4PRpUXap0FUqasS4jq&_nc_zt=14&_nc_ht=scontent.fjai6-1.fna&_nc_gid=u_zzzKZPiklFRatQEVyf4Q&_nc_ss=7b289&oh=00_Af-6InCOe_gS7mOJXwukMzXKWIyt_kG84qtWFbcHD_sVvA&oe=6A36C47D,,,,,,,
1482516953034543,https://www.facebook.com/61556650443770/,api.whatsapp.com,https://www.facebook.com/61556650443770/,,,,goldstonegranites1234@gmail.com,+91 89255 30000,,,,261374603717659,https://api.whatsapp.com/send,Goldstone Granites,https://www.facebook.com/ads/library/?id=1482516953034543,"Upgrade your home with premium Tiles, Granite, Quartz & Natural Stone from Gold Stone Granites.

Explore a huge collection of modern designs, durable surfaces, and elegant finishes at factory-direct prices. Perfect for kitchens, flooring, bathrooms, staircases, and commercial projects.

✅ Premium Quality
✅ Latest Designs
✅ Wholesale & Retail
✅ Best Factory Rates

📞 89255 30000 | 9301339999
📍 Sector 82, JLPL Industrial Area, Mohali",1164,Send WhatsApp message,WhatsApp,"FACEBOOK; INSTAGRAM; AUDIENCE_NETWORK; MESSENGER; WHATSAPP",2026-06-12,2026-06-15,,Original: https://scontent.fjai6-1.fna.fbcdn.net/v/t39.35426-6/720946850_1655435165675530_9106820194527073398_n.jpg?_nc_cat=101&ccb=1-7&_nc_sid=c53f8f&_nc_ohc=AqOzcBzVxf8Q7kNvwHOoB2x&_nc_oc=AdrVXpayWgHj2s7yfgGDqoC_9wIHPM9z7geI0OHlpTT7ob-bvi7dxBdd6stB7EE58TnoclOf3qoq4X5r9Kqzg-_Z&_nc_zt=14&_nc_ht=scontent.fjai6-1.fna&_nc_gid=u_zzzKZPiklFRatQEVyf4Q&_nc_ss=7b289&oh=00_Af908LQce3Md36ChkYkgokGRBT-B2-WjRDkHc7ZBPOm1hw&oe=6A36AD90 | Resized: https://scontent.fjai6-1.fna.fbcdn.net/v/t39.35426-6/721333252_1703974553980539_1441116192273298608_n.jpg?stp=dst-jpg_s600x600_tt6&_nc_cat=104&ccb=1-7&_nc_sid=c53f8f&_nc_ohc=HhZ2fkcxRjYQ7kNvwGP0bby&_nc_oc=AdrOkRLdrafcMBaJ6IKPZzUD0pV6t4O9JYxri7GYS8bxYw1EzNnNc2Z-qmt4h1kWS8MTE3RR6EKVmCIOQZZuNBiC&_nc_zt=14&_nc_ht=scontent.fjai6-1.fna&_nc_gid=u_zzzKZPiklFRatQEVyf4Q&_nc_ss=7b289&oh=00_Af9eciSoVT8YRCIBGK0_kRF7yAQcfEGhgJuT4adpwB7avw&oe=6A36BCAE,,,,,,
980052904996946,https://www.facebook.com/61590274396900/,fb.me,https://www.facebook.com/61590274396900/,,,,dmhomes.india@gmail.com,+7 873 535-61-55,,,,1224902434032574,http://fb.me/,DM HOMES,https://www.facebook.com/ads/library/?id=980052904996946,"🏠 DM Homes
✨ Premium 1,2 & 3 BHK Apartments
📍 Jagatpur, IPIcol Square, Cuttack
🌟 Your Dream Home At A Prime Location

Price Starts From ₹27 Lacs Onwards

✅ RERA Approved Project
🔹 Excellent Connectivity
🔹 Modern Amenities
🔹 Ideal For Families & Investors
🔹 Residential & Commercial Spaces Available

📞 7873536155
📍 IPICOL SQUARE, JAGATPUR, CUTTACK",73,Get quote,fb.me,"FACEBOOK; INSTAGRAM; AUDIENCE_NETWORK",2026-06-08,2026-06-15,,Original: https://scontent.fjai6-1.fna.fbcdn.net/v/t39.35426-6/716610013_1304815441759348_8036420357527183406_n.jpg?_nc_cat=100&ccb=1-7&_nc_sid=c53f8f&_nc_ohc=a3QxJWDRgiIQ7kNvwFcn3VP&_nc_oc=AdpQsMPKx5MJJaCyezoCP_qSpCJ33xy2tgRgl0EGmsFdhpesMLGz7laYsgTwlCFmRNgHIB6rxxKiI1gPigOyIe1l&_nc_zt=14&_nc_ht=scontent.fjai6-1.fna&_nc_gid=u_zzzKZPiklFRatQEVyf4Q&_nc_ss=7b289&oh=00_Af_1S9_ZZ4yy9Pn_e0SFJg7RRhnfOYVJMLZ1qCCpobm1WA&oe=6A36B13F | Resized: https://scontent.fjai6-1.fna.fbcdn.net/v/t39.35426-6/717228734_1707643376893780_8487616665578524020_n.jpg?stp=dst-jpg_s600x600_tt6&_nc_cat=110&ccb=1-7&_nc_sid=c53f8f&_nc_ohc=K0mxt6wiOVcQ7kNvwGrA8EM&_nc_oc=AdpBm_lWEY2G0BZWGLVV3z-OeYMl_Kd0TwMnhG-JfMmzE7aHAr_H2wtuI8FgKKl7ZHoS1JLdvo8PrDndBJBqOnoD&_nc_zt=14&_nc_ht=scontent.fjai6-1.fna&_nc_gid=u_zzzKZPiklFRatQEVyf4Q&_nc_ss=7b289&oh=00_Af8MtNzfLL4AsEZXEfIFSwy3QKal8EcX_NA0Ia8vTuus6w&oe=6A36B0EB,,,,,,
821231710853430,https://www.facebook.com/gurgaoncommercialpropertiess/,fb.me,https://www.facebook.com/gurgaoncommercialpropertiess/,,,,,+91 99999 77154,,,,100588496257198,http://fb.me/,Gurgaon Commercial Properties,https://www.facebook.com/ads/library/?id=821231710853430,"New Launch – Retail Shops, Food Court & Multiplex. SPJ Vedatam, Sector 14, Old Gurgaon — commercial spaces starting from ₹50 Lakhs*

🏢 Sector 14's New Commercial Hub — strategically located in one of Gurgaon's most active markets.

✨ Project Highlights
✅ Premium Food Court & Entertainment Zone
✅ High-Street Retail Shops
✅ Multiplex & Leisure Experience
✅ 3-Level Basement Parking (1,075+ cars)
✅ RERA No. GGM/927/659/2025/30

📍 Location
✅ Sector 14, Old Gurgaon
✅ Easy access to NH-48, Metro & Dwarka Expressway

💰 Commercial spaces starting from ₹50 Lakhs*

📞 Book your free site visit — Call or WhatsApp: 9999977154

*Prices are indicative and subject to change. As per developer scheme & applicable terms.",1,Get quote,fb.me,"FACEBOOK; INSTAGRAM; AUDIENCE_NETWORK",2026-06-06,2026-06-14,,,"New Launch – Retail Shops, Food Court & Multiplex. SPJ Vedatam, Sector 14, Old Gurgaon — commercial spaces starting from ₹50 Lakhs*

🏢 Sector 14's New Commercial Hub — strategically located in one of Gurgaon's most active markets.

✨ Project Highlights
✅ Premium Food Court & Entertainment Zone
✅ High-Street Retail Shops
✅ Multiplex & Leisure Experience
✅ 3-Level Basement Parking (1,075+ cars)
✅ RERA No. GGM/927/659/2025/30

📍 Location
✅ Sector 14, Old Gurgaon
✅ Easy access to NH-48, Metro & Dwarka Expressway

💰 Commercial spaces starting from ₹50 Lakhs*

📞 Book your free site visit — Call or WhatsApp: 9999977154

*Prices are indicative and subject to change. As per developer scheme & applicable terms. || New Launch – Retail Shops, Food Court & Multiplex. SPJ Vedatam, Sector 14, Old Gurgaon — commercial spaces starting from ₹50 Lakhs*

🏢 Sector 14's New Commercial Hub — strategically located in one of Gurgaon's most active markets.

✨ Project Highlights
✅ Premium Food Court & Entertainment Zone
✅ High-Street Retail Shops
✅ Multiplex & Leisure Experience
✅ 3-Level Basement Parking (1,075+ cars)
✅ RERA No. GGM/927/659/2025/30

📍 Location
✅ Sector 14, Old Gurgaon
✅ Easy access to NH-48, Metro & Dwarka Expressway

💰 Commercial spaces starting from ₹50 Lakhs*

📞 Book your free site visit — Call or WhatsApp: 9999977154

*Prices are indicative and subject to change. As per developer scheme & applicable terms. || New Launch – Retail Shops, Food Court & Multiplex. SPJ Vedatam, Sector 14, Old Gurgaon — commercial spaces starting from ₹50 Lakhs*

🏢 Sector 14's New Commercial Hub — strategically located in one of Gurgaon's most active markets.

✨ Project Highlights
✅ Premium Food Court & Entertainment Zone
✅ High-Street Retail Shops
✅ Multiplex & Leisure Experience
✅ 3-Level Basement Parking (1,075+ cars)
✅ RERA No. GGM/927/659/2025/30

📍 Location
✅ Sector 14, Old Gurgaon
✅ Easy access to NH-48, Metro & Dwarka Expressway

💰 Commercial spaces starting from ₹50 Lakhs*

📞 Book your free site visit — Call or WhatsApp: 9999977154

*Prices are indicative and subject to change. As per developer scheme & applicable terms.",http://fb.me/ || http://fb.me/ || http://fb.me/,,Get Quote || Get Quote || Get Quote,Original: https://scontent.fjai6-1.fna.fbcdn.net/v/t39.35426-6/714965985_852027000835178_2919178732132827861_n.jpg?_nc_cat=101&ccb=1-7&_nc_sid=c53f8f&_nc_ohc=2N-rcMChHVcQ7kNvwHlWhJI&_nc_oc=AdqeZzGu1sgJloZt7teWTLiiRnuk7uMZ79KaiBNfd0VFqthyOhQclNOUV5yKoSVpyeWYmd0VBHjQ69pdjHBSP0A7&_nc_zt=14&_nc_ht=scontent.fjai6-1.fna&_nc_gid=BxwiQAmEohTl1geYv-epLA&_nc_ss=7b289&oh=00_Af84L4h2FIwQ6cMEfCVWlI9KcV7yMPNxTYcgao8MW6OD4A&oe=6A36CDD2 | Resized: https://scontent.fjai6-1.fna.fbcdn.net/v/t39.35426-6/716510289_2066040447309311_364093094996341138_n.jpg?stp=dst-jpg_s600x600_tt6&_nc_cat=106&ccb=1-7&_nc_sid=c53f8f&_nc_ohc=uT6t2jlLFM8Q7kNvwEKvio7&_nc_oc=AdrbgYOHrqaPtJSC0R6qj-2eLbgu4bcsOlam0bfjlKQUKc-bXKQuhQ7bHLFTU6SzPq8FT9OaI0y3OcUdDgE0JGYw&_nc_zt=14&_nc_ht=scontent.fjai6-1.fna&_nc_gid=BxwiQAmEohTl1geYv-epLA&_nc_ss=7b289&oh=00_Af9pQmK6LaeCeNb0CocoGn0z1HJc_4PFRM4e-_vajGrj2Q&oe=6A36C85E || Original: https://scontent.fjai6-1.fna.fbcdn.net/v/t39.35426-6/717612493_1459390505937913_1135532178898432228_n.jpg?_nc_cat=111&ccb=1-7&_nc_sid=c53f8f&_nc_ohc=vixS2e7PpfcQ7kNvwF5TPKy&_nc_oc=Adq_MxiPcfGDI5WMGwk6cPN5mUxo9uSzwtFU3n06Y_ol-6TP0Nxwf_leMqJ_DfLaBe9cZG2l07U0LCOeJS4Tsf4O&_nc_zt=14&_nc_ht=scontent.fjai6-1.fna&_nc_gid=BxwiQAmEohTl1geYv-epLA&_nc_ss=7b289&oh=00_Af99pLksO30xNDMjclsbE5d_Z2IRYxZWU3kxkS015d2EeA&oe=6A36C46F | Resized: https://scontent.fjai6-1.fna.fbcdn.net/v/t39.35426-6/715397264_1544799991022249_3952001228938296976_n.jpg?stp=dst-jpg_s600x600_tt6&_nc_cat=107&ccb=1-7&_nc_sid=c53f8f&_nc_ohc=3GtYDxwdhmAQ7kNvwHlW6Zl&_nc_oc=AdqVisHlhwTrE8GslvofdJlsaMQMEVWv-WR1NP8ng8AjOgxEfGR-vqZacA8GsX_09D7Jcz9OaTGoW6kSAmaeOSP1&_nc_zt=14&_nc_ht=scontent.fjai6-1.fna&_nc_gid=BxwiQAmEohTl1geYv-epLA&_nc_ss=7b289&oh=00_Af_C7ZOQsL0SGeMlCWjIR8LPxNdBXzJ1f5nS_WgZORwcuw&oe=6A36B22A || Original: https://scontent.fjai6-1.fna.fbcdn.net/v/t39.35426-6/717256747_979574951667834_4916932529583816923_n.jpg?_nc_cat=101&ccb=1-7&_nc_sid=c53f8f&_nc_ohc=McE2IP9oz0EQ7kNvwFtnt8o&_nc_oc=Adqm2oMUeZnjbIVuPc5d1W7NnswF2xB91YZlXgF3Nh_LpIjybbF_AK09DCO0_5AgKLP-Wo9-fSaMLW0FAyWJPzSK&_nc_zt=14&_nc_ht=scontent.fjai6-1.fna&_nc_gid=BxwiQAmEohTl1geYv-epLA&_nc_ss=7b289&oh=00_Af_DCltyhrZpDs6MZOtaZQt0TCdwbTP7uSX67UMYSWAiDQ&oe=6A36E217 | Resized: https://scontent.fjai6-1.fna.fbcdn.net/v/t39.35426-6/716702579_1980143045948981_8694871803464692073_n.jpg?stp=dst-jpg_s600x600_tt6&_nc_cat=106&ccb=1-7&_nc_sid=c53f8f&_nc_ohc=NvUjIZhKcy4Q7kNvwGQsTRL&_nc_oc=AdqhUDhxgnlU0rLINudO98xMAKHdg9FrAbLQjgl0zMjGHzMr2Z5Z6eXMys30iszEplN5uhg8Ux3aLZGmfLbk37-0&_nc_zt=14&_nc_ht=scontent.fjai6-1.fna&_nc_gid=BxwiQAmEohTl1geYv-epLA&_nc_ss=7b289&oh=00_Af92mruiA_V_1EWvXDBwxSKk4-B1c3A_l0tDAzYYxIcSwQ&oe=6A36B949,
27395317073414790,https://www.facebook.com/61588561611695/,fb.me,https://www.facebook.com/61588561611695/,,,,,,,,,986845654513729,http://fb.me/,Propwell Realtors,https://www.facebook.com/ads/library/?id=27395317073414790,"Looking for a premium office space in the heart of Greater Noida West? This is your opportunity to invest in a landmark commercial destination.

✨ Premium Office Spaces
✨ Special Event Pricing – ₹8,585/sq.ft.*
✨ Prime Location – C04, Sector 16-B, Greater Noida West
✨ High Footfall Mixed-Use Development
✨ Excellent Connectivity & Growth Potential

📞 Book your visit today and secure the best inventory.",18,Get quote,fb.me,"FACEBOOK; INSTAGRAM",2026-06-10,2026-06-14,HD: https://video.fjai6-1.fna.fbcdn.net/o1/v/t2/f2/m366/AQMPeHqQrZKEYDeLsR8miKKnnMMz_dduV5YzT6T-xZAFRJca8vL7A3MRnUaSbj3NsBnxrvlNTR-0S3-hjlk6lwk4UFYcLTG72SPcnDv-ED0MGA.mp4?_nc_cat=106&_nc_oc=AdqVmmBVKIA897h6_nEppcHcyYJ5099QGo12UrfWzhHRGjLcIhKPzXwA919ARALxbciiQxuSpblBZXnRXJgnhWkN&_nc_sid=b66105&_nc_ht=video.fjai6-1.fna.fbcdn.net&_nc_ohc=1IqWJhdptEEQ7kNvwGwW4XV&efg=eyJ2ZW5jb2RlX3RhZyI6Inhwdl9wcm9ncmVzc2l2ZS5WSV9VU0VDQVNFX1BST0RVQ1RfVFlQRS4uQzMuNzIwLmRhc2hfaDI2NC1iYXNpYy1nZW4yXzcyMHAiLCJ4cHZfYXNzZXRfaWQiOjEzMTAwNTA5NjQ1NDc2MTUsImFzc2V0X2FnZV9kYXlzIjo3LCJ2aV91c2VjYXNlX2lkIjoxMDc5OSwiZHVyYXRpb25fcyI6NDYsInVybGdlbl9zb3VyY2UiOiJ3d3cifQ%3D%3D&ccb=17-1&vs=6062a387b7205403&_nc_vs=HBksFQIYRWZiX2VwaGVtZXJhbC8yRDQ4NDI5NzA5NUZBNjA3QTBDRTk1NUJFOTM1MzFCRV9tdF8xX3ZpZGVvX2Rhc2hpbml0Lm1wNBUAAsgBEgAVAhhAZmJfcGVybWFuZW50LzJGNDkzNDM2MjZDNzJGQzEzNzVCRDMxRDQ0MEM2NkJFX2F1ZGlvX2Rhc2hpbml0Lm1wNBUCAsgBEgAoABgAGwKIB3VzZV9vaWwBMRJwcm9ncmVzc2l2ZV9yZWNpcGUBMRUAACa-oImmgN_TBBUCKAJDMywXQEc9cKPXCj0YGWRhc2hfaDI2NC1iYXNpYy1nZW4yXzcyMHARAHUAZd6oAQA&_nc_gid=BxwiQAmEohTl1geYv-epLA&_nc_ss=7b289&_nc_zt=28&oh=00_Af-vTjdhLZlP5c9lJJUrLYOpF6O2KxY57_0I1h5Z_OvXKw&oe=6A36DD52 | SD: https://video.fjai6-1.fna.fbcdn.net/o1/v/t2/f2/m412/AQNVjj5dYWmR7UUCToju_0RqfB5wwu6wDrJBKUIR5diJZ1qwdACmuftGkLP8-WRMfXogr90guM-pSjcyOKapv4zdf5jw66xRzW-8tP9bow.mp4?_nc_cat=106&_nc_oc=AdpnF4OMozjaAmvI_FzYn6AM2BmG1CnwiE23qdT-2aNQg20awaTJOVlUqGhK3BEKNycOI0_mF14Q1XpRl4s4oLNc&_nc_sid=ef5aa3&_nc_ht=video.fjai6-1.fna.fbcdn.net&_nc_ohc=9_DnBiMwXykQ7kNvwE3La7c&efg=eyJ2ZW5jb2RlX3RhZyI6Inhwdl9wcm9ncmVzc2l2ZS5WSV9VU0VDQVNFX1BST0RVQ1RfVFlQRS4uQzMuMzYwLnN2ZV9zZCIsInhwdl9hc3NldF9pZCI6MTMxMDA1MDk2NDU0NzYxNSwiYXNzZXRfYWdlX2RheXMiOjcsInZpX3VzZWNhc2VfaWQiOjEwNzk5LCJkdXJhdGlvbl9zIjo0NiwidXJsZ2VuX3NvdXJjZSI6Ind3dyJ9&ccb=17-1&_nc_gid=BxwiQAmEohTl1geYv-epLA&_nc_ss=7b289&_nc_zt=28&oh=00_Af8ANB1rUtW3WFkTu7FSDAwcz2Ab4tlkWaLEgImdkmkUPQ&oe=6A36B7A0 | Preview: https://scontent.fjai6-1.fna.fbcdn.net/v/t39.35426-6/720282875_1530450901926829_7340905541779972650_n.jpg?_nc_cat=107&ccb=1-7&_nc_sid=c53f8f&_nc_ohc=z0OKGFMfYWsQ7kNvwFCOJPT&_nc_oc=AdptfhR-ukA0Nib5tond9gLw0cm_p8GfuzlOiBrKPfN5odbkwnZddWGW3yKfFawYm8rrAoEp_bvEh7WZOvF4iDxz&_nc_zt=14&_nc_ht=scontent.fjai6-1.fna&_nc_gid=BxwiQAmEohTl1geYv-epLA&_nc_ss=7b289&oh=00_Af9dzw6vyFDwYvqZr_x0eHjuCH4IRHAOz-uKjYC7Ymr6uw&oe=6A36D63E,,,,,,,
939568025792548,https://www.facebook.com/61590496063192/,indhuinfra.com,https://www.facebook.com/61590496063192/,,,,info@indhuinfra.com,"919959094499, 9959094499, +919959094499",,,,1199477866577238,http://indhuinfra.com/,Indhu Infra,https://www.facebook.com/ads/library/?id=939568025792548,"🏗️ Planning your dream home, villa, or commercial project?

Choose a construction partner committed to quality, transparency, and timely project execution. Indhu Infra delivers thoughtfully planned residential, commercial, and turnkey construction solutions with premium materials and experienced professionals.

✅ Residential & Commercial Projects
✅ Villa Construction
✅ Turnkey Solutions
✅ Quality-Focused Execution
✅ On-Time Project Commitment

Build with confidence. Connect with Indhu Infra today.",,Learn more,http://indhuinfra.com/,"FACEBOOK; INSTAGRAM",2026-06-13,2026-06-15,,Original: https://scontent.fjai6-1.fna.fbcdn.net/v/t39.35426-6/723481235_2746679142383199_5589113782928425432_n.jpg?_nc_cat=100&ccb=1-7&_nc_sid=c53f8f&_nc_ohc=zkVhzby83hYQ7kNvwF0ahAb&_nc_oc=AdoYA9Un360aFtodsqA3sqjs-lD374Iqtw4U-8uimdkHGYESfOjFZjsOZ61cDMi3zIvANVdtP0vMSaxQ6CBOa4Ju&_nc_zt=14&_nc_ht=scontent.fjai6-1.fna&_nc_gid=BxwiQAmEohTl1geYv-epLA&_nc_ss=7b289&oh=00_Af9ZrMT1ozPJ6C_t1RZ9bq7Xn0mmihFqEQUG-QwZlsfHOw&oe=6A36BC30 | Resized: https://scontent.fjai6-1.fna.fbcdn.net/v/t39.35426-6/722974321_2214793665937927_2858384792589544812_n.jpg?stp=dst-jpg_s600x600_tt6&_nc_cat=107&ccb=1-7&_nc_sid=c53f8f&_nc_ohc=uwnxG_VwJ1YQ7kNvwHbUZ8E&_nc_oc=Adq5vflmMOKceeDbub2tGMpqKEKLck8T7ldsk5uiHzVuurM7S214HuN7gsw5vIwdfVtPl_XJpPPzxM3KnasHnmJ9&_nc_zt=14&_nc_ht=scontent.fjai6-1.fna&_nc_gid=BxwiQAmEohTl1geYv-epLA&_nc_ss=7b289&oh=00_Af8FH5TogZGT9i4y033wuU43U9FXLZEWN7LqpcTokqH5lw&oe=6A36D402,,,,,,
35241217885522117,https://www.facebook.com/61584669445294/,fb.me,https://www.facebook.com/61584669445294/,,,,neelsidhicentrio@gmail.com,+91 96197 92230,,,,923286307527868,http://fb.me/,Neelsidhi Centrio Panvel,https://www.facebook.com/ads/library/?id=35241217885522117,"✅ Show Flat Ready 
✅ 1 BHK @ ₹ 75 L* Onwards | 2 BHK @ ₹ 1.03Cr* Onwards | 3 BHK @ 1.39 Cr* Onwards
✅ 500 Mtrs to Panvel Railway Station
✅ 12000 Sq. Ft Recreation
✅ Podium Garden, Children's Play Area, Swimming Pool & Fitness Centre
✅ MahaRERA No PM1270002501591",23,Learn more,fb.me,"FACEBOOK; INSTAGRAM; AUDIENCE_NETWORK",2026-05-05,2026-06-15,,,MahaRERA No PM1270002501591 || MahaRERA No PM1270002501591 || MahaRERA No PM1270002501591 || MahaRERA No PM1270002501591 || MahaRERA No PM1270002501591 || MahaRERA No PM1270002501591 || MahaRERA No PM1270002501591,http://fb.me/ || http://fb.me/ || http://fb.me/ || http://fb.me/ || http://fb.me/ || http://fb.me/ || http://fb.me/,fb.me || fb.me || fb.me || fb.me || fb.me || fb.me || fb.me,Learn More || Learn More || Learn More || Learn More || Learn More || Learn More || Learn More,Original: https://scontent.fjai6-1.fna.fbcdn.net/v/t39.35426-6/688843567_1678985889792747_3025813698616325518_n.jpg?_nc_cat=105&ccb=1-7&_nc_sid=c53f8f&_nc_ohc=IicR5P1sZd0Q7kNvwFJe3lB&_nc_oc=Adqr2ERMUhum3nqFypdA4BFm18hFY6fjpdlzGEWRgpM-wg5lGZzxooDCSvYOgg8_xyD8ZOLWnKta3dCmCrKIUZXI&_nc_zt=14&_nc_ht=scontent.fjai6-1.fna&_nc_gid=BxwiQAmEohTl1geYv-epLA&_nc_ss=7b289&oh=00_Af-cu4M7wIdatcaMad1DtcezfvOWp2NfbTcEaWLtuo6XQQ&oe=6A36C67A | Resized: https://scontent.fjai6-1.fna.fbcdn.net/v/t39.35426-6/688585630_1506477857756648_1792044967295687886_n.jpg?stp=dst-jpg_s600x600_tt6&_nc_cat=107&ccb=1-7&_nc_sid=c53f8f&_nc_ohc=Ev8vRUDzTWYQ7kNvwEtUz8I&_nc_oc=AdpS7dWHbNH8DYAlQYDn8g64gsHB-hiim0KD_RsiPGWuA9kXjKejQ_81rV3AuFc1BFTDlrfaaKvWzfp5wToIxMXr&_nc_zt=14&_nc_ht=scontent.fjai6-1.fna&_nc_gid=BxwiQAmEohTl1geYv-epLA&_nc_ss=7b289&oh=00_Af-QgTTl8ZtaBp1PzoE756groZvzI2wTn5tqEPQjoxGKQg&oe=6A36BF43 || Original: https://scontent.fjai6-1.fna.fbcdn.net/v/t39.35426-6/687037386_1264384172518797_1849704946833447192_n.jpg?_nc_cat=104&ccb=1-7&_nc_sid=c53f8f&_nc_ohc=cAogMbhM2JUQ7kNvwEpsmkS&_nc_oc=Adr63PbVnwWQP8K2ZaQR4GrDjA8S8YJZb5715o-LA81G2L0dvclm9MSjve85ge56HNsYuTVAybfe7rQtoXsI323P&_nc_zt=14&_nc_ht=scontent.fjai6-1.fna&_nc_gid=BxwiQAmEohTl1geYv-epLA&_nc_ss=7b289&oh=00_Af8PQiy7bWKlS8mndVvoETw2IRDQcic8tdvcCKh-6H4V9g&oe=6A36C44A | Resized: https://scontent.fjai6-1.fna.fbcdn.net/v/t39.35426-6/687037302_3125068411036917_3613823847299568650_n.jpg?stp=dst-jpg_s600x600_tt6&_nc_cat=104&ccb=1-7&_nc_sid=c53f8f&_nc_ohc=-bqZoZ_cUw4Q7kNvwHSXXrg&_nc_oc=AdoLJmqkVAdXTtG-gwjtTunq4gPVj70YTR6AWbi4vwZbn27ny8Xl8purBhPFfyrg0YqHkD4qvKCFqenQj6SJmfdw&_nc_zt=14&_nc_ht=scontent.fjai6-1.fna&_nc_gid=BxwiQAmEohTl1geYv-epLA&_nc_ss=7b289&oh=00_Af-KQVzD-ucEBukMxNQlbRFer0HycfRmKNepU1T3dsAXTg&oe=6A36B1CF || Original: https://scontent.fjai6-1.fna.fbcdn.net/v/t39.35426-6/687049157_945369914776258_1807189477550346813_n.jpg?_nc_cat=107&ccb=1-7&_nc_sid=c53f8f&_nc_ohc=5mosW5hf2PgQ7kNvwEMfvrv&_nc_oc=Adowa2X5AYy9tViDBzb6As284yijAsSIS3Kcedvt83d8kuflSyOWdOnFqjl50eX2wSGqNLm6GputKEeJ9tvjjOME&_nc_zt=14&_nc_ht=scontent.fjai6-1.fna&_nc_gid=BxwiQAmEohTl1geYv-epLA&_nc_ss=7b289&oh=00_Af9YGSbQBFkDj_xQQvzsRBNdT0cL3mOBxCH995h-1idRxQ&oe=6A36C8B3 | Resized: https://scontent.fjai6-1.fna.fbcdn.net/v/t39.35426-6/688533829_774078365658714_2187839063885305586_n.jpg?stp=dst-jpg_s600x600_tt6&_nc_cat=104&ccb=1-7&_nc_sid=c53f8f&_nc_ohc=QULBO_pggW8Q7kNvwEp8Qu-&_nc_oc=AdrzmzK7-_v7OLsJ6RsNxhVF4lqudb5hqMCGHT1S0tlwyBd-z9rJNN_ROSDOpOKiUt0MOTStuHHX3FGUttEvpBRN&_nc_zt=14&_nc_ht=scontent.fjai6-1.fna&_nc_gid=BxwiQAmEohTl1geYv-epLA&_nc_ss=7b289&oh=00_Af-khlgzyj-3xExV0XT3XkSnJvPoKyxmYAr6W-AdVW91uA&oe=6A36E150 || Original: https://scontent.fjai6-1.fna.fbcdn.net/v/t39.35426-6/687046429_1250253260648351_6922856501019372920_n.jpg?_nc_cat=108&ccb=1-7&_nc_sid=c53f8f&_nc_ohc=Zsp3RHkn2QsQ7kNvwESuKmh&_nc_oc=AdopaVePi_0LL1kZ2Jm7ArRHFXCIDMkk8OhAjWQ8S-dWzBRj0VUxe1mK-FfTvv3xjHpaJz7ZhiduNXM0hF37uPrf&_nc_zt=14&_nc_ht=scontent.fjai6-1.fna&_nc_gid=BxwiQAmEohTl1geYv-epLA&_nc_ss=7b289&oh=00_Af_5okvj684wUHsu1gccKzrU7SNtKTcqQKHFtvPxQpG0VA&oe=6A36D375 | Resized: https://scontent.fjai6-1.fna.fbcdn.net/v/t39.35426-6/688851557_26796997763260997_3753201071399696525_n.jpg?stp=dst-jpg_s600x600_tt6&_nc_cat=101&ccb=1-7&_nc_sid=c53f8f&_nc_ohc=L3Tsev0bIucQ7kNvwGG0yPi&_nc_oc=AdrGTVg2gSlkir2V-A_EPxrNmAoSftRvvxJjDJnm63sDuZLiPU22VqPFE7mXb-bgp-Ty85uC531siaMlMp-09Ic0&_nc_zt=14&_nc_ht=scontent.fjai6-1.fna&_nc_gid=BxwiQAmEohTl1geYv-epLA&_nc_ss=7b289&oh=00_Af_ImuJc8ka7wcRsVDo44oIjBMxHMRkD-WTgW17-2oHfkg&oe=6A36ADF2 || Original: https://scontent.fjai6-1.fna.fbcdn.net/v/t39.35426-6/688688080_1251135307100327_4231185306461620204_n.jpg?_nc_cat=102&ccb=1-7&_nc_sid=c53f8f&_nc_ohc=nnnMMNwkelYQ7kNvwH8MOKq&_nc_oc=Adoam7aO9o7D8R20eoGHJGavzoKMm78VqewYU38onYlg4McusWmK46BwIKt5jmIxrZxVgY9LT1wCRCHQMvXxdCn0&_nc_zt=14&_nc_ht=scontent.fjai6-1.fna&_nc_gid=BxwiQAmEohTl1geYv-epLA&_nc_ss=7b289&oh=00_Af-qvOcoiaqtJIf1ueuD-ePzE7cZyeOndV3GwOKy1QiKxQ&oe=6A36CE22 | Resized: https://scontent.fjai6-1.fna.fbcdn.net/v/t39.35426-6/686933610_26896540453298654_7676790407397342218_n.jpg?stp=dst-jpg_s600x600_tt6&_nc_cat=105&ccb=1-7&_nc_sid=c53f8f&_nc_ohc=ByM-UxxlMyEQ7kNvwHIa5Sy&_nc_oc=AdqMjzX7J7l8Er3o64r9YfcrVGwmCdnkJgBR0xVjxFN_WH6VOzofNTGi3wFz30bp1JJIzvMvWjEfVwKTdD3hZ4-H&_nc_zt=14&_nc_ht=scontent.fjai6-1.fna&_nc_gid=BxwiQAmEohTl1geYv-epLA&_nc_ss=7b289&oh=00_Af-WpvNksUMfL7iMEGDOM8Gq0M3NO-tgyNgkP2IRQJEayw&oe=6A36B3FE || Original: https://scontent.fjai6-1.fna.fbcdn.net/v/t39.35426-6/688356647_1471452943904049_7393708948652413674_n.jpg?_nc_cat=109&ccb=1-7&_nc_sid=c53f8f&_nc_ohc=ajXIZ5E-08sQ7kNvwGbAOYY&_nc_oc=Ado9K7XZRi1jwhL8eKYUfyovGw-znqar749tTAvAOTOqzAkI_sf2pY56PyaRBbCw9QueD1qoM9bDeVGH55s4XZgZ&_nc_zt=14&_nc_ht=scontent.fjai6-1.fna&_nc_gid=BxwiQAmEohTl1geYv-epLA&_nc_ss=7b289&oh=00_Af8r0fMtRc26DnLSdp_6amSjhLBkGDW99EqfD-b2Lxx4qg&oe=6A36AB93 | Resized: https://scontent.fjai6-1.fna.fbcdn.net/v/t39.35426-6/689009090_1298157908354185_2886490197633204288_n.jpg?stp=dst-jpg_s600x600_tt6&_nc_cat=105&ccb=1-7&_nc_sid=c53f8f&_nc_ohc=l5xcLQwN68oQ7kNvwGmXcvo&_nc_oc=Adowy42kA2WEHB-wAvF3k2peSXeeDJ31NMRwomyTiQw7w6iOSeBAfbC5NRHOBp27vtcHOrTfDI-ELBT0UejgLPSb&_nc_zt=14&_nc_ht=scontent.fjai6-1.fna&_nc_gid=BxwiQAmEohTl1geYv-epLA&_nc_ss=7b289&oh=00_Af_j5u0vtAO3WHyw35KGfrtc_t1yBZi2JZtVPa8XIdZsUw&oe=6A36CB5E || Original: https://scontent.fjai6-1.fna.fbcdn.net/v/t39.35426-6/690840269_2055093025389950_4459266219284878355_n.jpg?_nc_cat=101&ccb=1-7&_nc_sid=c53f8f&_nc_ohc=AYaVKVZgm-EQ7kNvwE9xXG9&_nc_oc=Adq-cq6joK0mOToIYHboL1ww6HVxP8swH-beNMqcc7jg_R6wY1qD2yo2cBbVQJF22EEjgihvE35IRZgWrMZLTdiL&_nc_zt=14&_nc_ht=scontent.fjai6-1.fna&_nc_gid=BxwiQAmEohTl1geYv-epLA&_nc_ss=7b289&oh=00_Af-gdw9qYmgy8ZOLPxOpSVULiV5KMCaJDWHq5AfmgiQh3w&oe=6A36ACDF | Resized: https://scontent.fjai6-1.fna.fbcdn.net/v/t39.35426-6/688834989_35810113218586985_3456941368815560012_n.jpg?stp=dst-jpg_s600x600_tt6&_nc_cat=100&ccb=1-7&_nc_sid=c53f8f&_nc_ohc=spG4BzaPhSQQ7kNvwGAo02Q&_nc_oc=AdqN1v_rikAVNpNP4xf1hwipPZ5Y2U87WU7c-ECXoQ5nDitmeJlvbhQpaU944UVNi1oJz0g-s-WU0RMA7HB3H8xD&_nc_zt=14&_nc_ht=scontent.fjai6-1.fna&_nc_gid=BxwiQAmEohTl1geYv-epLA&_nc_ss=7b289&oh=00_Af9cJXC7GQqfLI4BS_bP72IvK3d7c3s9Z5m4lBAzRQs1mg&oe=6A36BA60,
1640250850611818,https://www.facebook.com/TrogonGroup/,instagram.com,https://www.facebook.com/TrogonGroup/,https://www.instagram.com/_u/trogongroup,,,sales@trogongroup.com,+91 99255 60056,,,,100819865247744,https://www.instagram.com/_u/trogongroup,Trogon Group,https://www.facebook.com/ads/library/?id=1640250850611818,"Built for those who don’t follow markets, but shape them.
Welcome to Trogon Twin Towers.

#Trogon #TrogonTwinTowers #twincitynode #AhmedabadRealEstate

[Real Estate Ahmedabad, Commercial Property, Trogon, Luxury office spaces Ahmedabad, Premium commercial project, High-end office spaces]",851,Visit Instagram profile,www.instagram.com,INSTAGRAM,2026-06-11,2026-06-15,HD: https://video.fjai6-1.fna.fbcdn.net/o1/v/t2/f2/m366/AQPgEeYmFUsu5AW3m8qCp4jI0EX-CyxAE4Po7zz8evAXp4z86t0Kfa5HAdwKlwlretdU2BmRc_7F16kbHdzm_suhmcQSdnNzOGWFde_yeOpmVQ.mp4?_nc_cat=105&_nc_oc=Ado5_F_Lk5_XOZV6vy-p8qy735wI_2B3Y-UumyY5GADPineFKKmIOQ_RrGhys0a2cU4d1AGrK_8htQVlt-Wy03Ij&_nc_sid=b66105&_nc_ht=video.fjai6-1.fna.fbcdn.net&_nc_ohc=8V8-quaJmEoQ7kNvwHxdMMq&efg=eyJ2ZW5jb2RlX3RhZyI6Inhwdl9wcm9ncmVzc2l2ZS5WSV9VU0VDQVNFX1BST0RVQ1RfVFlQRS4uQzMuNzIwLmRhc2hfaDI2NC1iYXNpYy1nZW4yXzcyMHAiLCJ4cHZfYXNzZXRfaWQiOjQyODA2NzIyNjU1MTk0OTYsImFzc2V0X2FnZV9kYXlzIjo1LCJ2aV91c2VjYXNlX2lkIjoxMDEzOSwiZHVyYXRpb25fcyI6MjUsInVybGdlbl9zb3VyY2UiOiJ3d3cifQ%3D%3D&ccb=17-1&vs=88058f2c5a840d13&_nc_vs=HBksFQIYRWZiX2VwaGVtZXJhbC8wRTQ3Q0VEMzUzODcyRUQwMjRDRTU4N0NCMzRGNjg5Rl9tdF8xX3ZpZGVvX2Rhc2hpbml0Lm1wNBUAAsgBEgAVAhhAZmJfcGVybWFuZW50LzEzNEY0NzZFRkJGOEJBRjE0RDhFM0JCNjI5NkJERTg0X2F1ZGlvX2Rhc2hpbml0Lm1wNBUCAsgBEgAoABgAGwKIB3VzZV9vaWwBMRJwcm9ncmVzc2l2ZV9yZWNpcGUBMRUAACaQhsrc9c-aDxUCKAJDMywXQDmAAAAAAAAYGWRhc2hfaDI2NC1iYXNpYy1nZW4yXzcyMHARAHUAZbaeAQA&_nc_gid=BxwiQAmEohTl1geYv-epLA&_nc_ss=7b289&_nc_zt=28&oh=00_Af8k0KLfC0wzpOV357mnGKV12Sa2BGjcvipmMwwJS4XIZg&oe=6A36C537 | SD: https://video.fjai6-1.fna.fbcdn.net/o1/v/t2/f2/m412/AQPyiT_uYmdqryAwx95F5B7ccOodpTu7si1G30EQNeETC82CjRq4qMwo1BYBYcpwwLKl9PMB3V1xxUrILOfASEbtwubOhwEoSHebUvPRwg.mp4?_nc_cat=110&_nc_oc=AdrfxrLRxeKG7gpS894IEBxrcV249zi_C2W-ETbIQfU6MwPBVGAlj-9QfJYzE7wvZAcotVEjSm18Z6wmrDU5_BHk&_nc_sid=ef5aa3&_nc_ht=video.fjai6-1.fna.fbcdn.net&_nc_ohc=BdSp-N-sSoMQ7kNvwFzM5-A&efg=eyJ2ZW5jb2RlX3RhZyI6Inhwdl9wcm9ncmVzc2l2ZS5WSV9VU0VDQVNFX1BST0RVQ1RfVFlQRS4uQzMuMzYwLnN2ZV9zZCIsInhwdl9hc3NldF9pZCI6NDI4MDY3MjI2NTUxOTQ5NiwiYXNzZXRfYWdlX2RheXMiOjUsInZpX3VzZWNhc2VfaWQiOjEwMTM5LCJkdXJhdGlvbl9zIjoyNSwidXJsZ2VuX3NvdXJjZSI6Ind3dyJ9&ccb=17-1&_nc_gid=BxwiQAmEohTl1geYv-epLA&_nc_ss=7b289&_nc_zt=28&oh=00_Af-RLec5TDuREhQH7mMtzLD-1oJpxtJS6vMmKPz1MY1qHA&oe=6A36B288 | Preview: https://scontent.fjai6-1.fna.fbcdn.net/v/t39.35426-6/719883814_869071262923490_3916043000357445418_n.jpg?_nc_cat=100&ccb=1-7&_nc_sid=c53f8f&_nc_ohc=Lds5o_iqZOMQ7kNvwHQ3Zjj&_nc_oc=Adp4pYbizyQUAcS4JFDESuoAFNqW1IKbSKhRgO-s3EmCChhmjnsVGw_dPnfo9Fo4D9J7CCAu7TToXpZ9IbCt9kVZ&_nc_zt=14&_nc_ht=scontent.fjai6-1.fna&_nc_gid=BxwiQAmEohTl1geYv-epLA&_nc_ss=7b289&oh=00_Af_45mFcQywr9K3wNFcbDmdbjkbrRNbvm7NOZeQjO2CGkA&oe=6A36C3C1,,,,,,,
836539575850280,https://www.facebook.com/civilbazaarchennai/,api.whatsapp.com,https://www.facebook.com/civilbazaarchennai/,,,,civilbazaarchennai@gmail.com,+91 91599 91590,,,,689331374259922,https://api.whatsapp.com/send,Civil Bazaar,https://www.facebook.com/ads/library/?id=836539575850280,"🏗️ Looking for strong, durable, and cost-effective Fly Ash Bricks for your construction project?

Civil Bazaar supplies premium-quality Fly Ash Bricks for residential, commercial, and industrial projects across Chennai and surrounding areas.

✅ High Compressive Strength
✅ Low Water Absorption
✅ Better Thermal Insulation
✅ Uniform Size & Finish
✅ Eco-Friendly Construction Material
✅ Bulk Orders Available
✅ Fast Site Delivery

Whether you're building a home, apartment, compound wall, or commercial project, get the right quality at the right price.

📍 Chennai | Kanchipuram | Chengalpattu | Thiruvallur

📞 Call / WhatsApp Now: 91599 91590",202,Send WhatsApp message,api.whatsapp.com,"FACEBOOK; INSTAGRAM; AUDIENCE_NETWORK; MESSENGER; WHATSAPP",2026-06-04,2026-06-15,,,  ||   ||   ||   ||   ||   ||   ||   ||  ,https://api.whatsapp.com/send?phone=919159991590&token=eyJhbGciOiJFUzI1NiIsInR5cCI6IkpXVCIsImtpZCI6IjEyNSJ9.eyJleHAiOjE3ODA2NDYyODcsInBob25lIjoiOTE5MTU5OTkxNTkwIn0.EHtFEwT28Q7WP_p-sHZIATz0mMu2vFPeNRXbTCu514GB_iv-dxAPFVXvUdNy5QG_7WMn_9rupLnOp0PaKsuQEw || https://api.whatsapp.com/send?phone=919159991590&token=eyJhbGciOiJFUzI1NiIsInR5cCI6IkpXVCIsImtpZCI6IjEyNSJ9.eyJleHAiOjE3ODA2NDYyODcsInBob25lIjoiOTE5MTU5OTkxNTkwIn0.I7wONxGGqeKBZW2RvrYcAdp64-5BYtITum46goDZdJTC8I5CzYQccdojEWMrqob-uAHKeFLN6WPLtpUodjOXhg || https://api.whatsapp.com/send?phone=919159991590&token=eyJhbGciOiJFUzI1NiIsInR5cCI6IkpXVCIsImtpZCI6IjEyNSJ9.eyJleHAiOjE3ODA2NDYyODcsInBob25lIjoiOTE5MTU5OTkxNTkwIn0.1e9yDHOD7Ijvnhc3Nev-RQJmtHepmt-0IZ8Ic4ZVS7CnNi4Cx7Civ7iYQxel9UHAZgOl0S9P8F0T6Ynw2i_NBw || https://api.whatsapp.com/send?phone=919159991590&token=eyJhbGciOiJFUzI1NiIsInR5cCI6IkpXVCIsImtpZCI6IjEyNSJ9.eyJleHAiOjE3ODA2NDYyODcsInBob25lIjoiOTE5MTU5OTkxNTkwIn0.x-iLdXKYB5A0NF9cUBUGmG-yN7-DaIFtHZxtN6p6R9I_IDUADMaPjghTaVRQ72Y_4YthAtLZSffODFy8kjZg5A || https://api.whatsapp.com/send?phone=919159991590&token=eyJhbGciOiJFUzI1NiIsInR5cCI6IkpXVCIsImtpZCI6IjEyNSJ9.eyJleHAiOjE3ODA2NDYyODcsInBob25lIjoiOTE5MTU5OTkxNTkwIn0.rg7eM_lWy8-D75e9UEnEicvHGo7WH-UtqpBFLnY9bsPDpD7kqnu6gZu_vXcMbaiEayjrK5knc4NowWcAGmL5Rg || https://api.whatsapp.com/send?phone=919159991590&token=eyJhbGciOiJFUzI1NiIsInR5cCI6IkpXVCIsImtpZCI6IjEyNSJ9.eyJleHAiOjE3ODA2NDYyODcsInBob25lIjoiOTE5MTU5OTkxNTkwIn0.Vp6aocXbtCFN4jKyk7F1oOuQ2NS1VWC9LxeuYiJbGbGuXmv-tjZmAW110Y8A-OzIpi2gziYUNTN9jt_MhHzmxw || https://api.whatsapp.com/send?phone=919159991590&token=eyJhbGciOiJFUzI1NiIsInR5cCI6IkpXVCIsImtpZCI6IjEyNSJ9.eyJleHAiOjE3ODA2NDYyODcsInBob25lIjoiOTE5MTU5OTkxNTkwIn0.XkXkR61q_nTiF09tovtA6g-OQpoaitis7g5Bto2fo3yig8t9sdOuSMKGvjZU4VtNWl9vsrCM8mVfeeMyKqf4QQ || https://api.whatsapp.com/send?phone=919159991590&token=eyJhbGciOiJFUzI1NiIsInR5cCI6IkpXVCIsImtpZCI6IjEyNSJ9.eyJleHAiOjE3ODA2NDYyODcsInBob25lIjoiOTE5MTU5OTkxNTkwIn0.dT-oCAbQC08k0KZOMcgfIFSSJBM7oJAXNb1GnJDv_ahB4oTEKp1fnxwXxqVxekQJE4Om7tBnQ-8fqg9AXq43AQ || https://api.whatsapp.com/send?phone=919159991590&token=eyJhbGciOiJFUzI1NiIsInR5cCI6IkpXVCIsImtpZCI6IjEyNSJ9.eyJleHAiOjE3ODA2NDYyODcsInBob25lIjoiOTE5MTU5OTkxNTkwIn0.pgsQ4yoa_fwwSCyP5zU0A1PkDqZUgt_A6F5FkHs5X4_u9S0AfNe7bQaYh2AyRHc-nkKDXTFth2_WcvmMDxMgIQ,api.whatsapp.com || api.whatsapp.com || api.whatsapp.com || api.whatsapp.com || api.whatsapp.com || api.whatsapp.com || api.whatsapp.com || api.whatsapp.com || api.whatsapp.com,Send WhatsApp Message || Send WhatsApp Message || Send WhatsApp Message || Send WhatsApp Message || Send WhatsApp Message || Send WhatsApp Message || Send WhatsApp Message || Send WhatsApp Message || Send WhatsApp Message,Original: https://scontent.fjai6-1.fna.fbcdn.net/v/t39.35426-6/713143833_1921383021908379_7955372060790339418_n.jpg?_nc_cat=108&ccb=1-7&_nc_sid=c53f8f&_nc_ohc=j2ubC32QuEkQ7kNvwGbdj8V&_nc_oc=Adr2ZhnbYy9oGDoz5eWE5hcI945tZ0sN1eHAp-y-YYnv0jHQCb3S-1smmWU1ZFnpunILOTtLExIZmzdidSg03EL1&_nc_zt=14&_nc_ht=scontent.fjai6-1.fna&_nc_gid=BxwiQAmEohTl1geYv-epLA&_nc_ss=7b289&oh=00_Af_4Uj_QbtIjjDKna9XnsI75A0FQ2zljkLuoJ67YV0940w&oe=6A36CEBA | Resized: https://scontent.fjai6-1.fna.fbcdn.net/v/t39.35426-6/715436129_817857391225539_6250248567858072605_n.jpg?stp=dst-jpg_s600x600_tt6&_nc_cat=108&ccb=1-7&_nc_sid=c53f8f&_nc_ohc=bx0yvMLk8W4Q7kNvwG9nxo5&_nc_oc=Ado8BfFIVS2yCDjJuVbYIjv-PGlEYQfmCq3UCuJxaIcntv5jDjDF2_tFGHa6h5pQJHZLj-IrJhKlgefR5mkLBGI6&_nc_zt=14&_nc_ht=scontent.fjai6-1.fna&_nc_gid=BxwiQAmEohTl1geYv-epLA&_nc_ss=7b289&oh=00_Af8oT55l_vKFTEBPguHotrFyvN7_LXpcrj0_tZGPdIX5_g&oe=6A36AB83 || Original: https://scontent.fjai6-1.fna.fbcdn.net/v/t39.35426-6/713143341_1005529281837765_3209098434028137756_n.jpg?_nc_cat=103&ccb=1-7&_nc_sid=c53f8f&_nc_ohc=Aw_Y2-aUerIQ7kNvwGCjCIs&_nc_oc=Adr32Ad18sPxPJXBMeEJw9XDqn3Mi8-P0geOKMhGp4mDtZmVFGK-i3fmsXu74mtm3A1BN_V1FuJhVtECHZ6r1gsT&_nc_zt=14&_nc_ht=scontent.fjai6-1.fna&_nc_gid=BxwiQAmEohTl1geYv-epLA&_nc_ss=7b289&oh=00_Af9MLDaQwDXeckdXz4euouTqbiaPCMw_ULkXqg4H8tRM8g&oe=6A36C5D6 | Resized: https://scontent.fjai6-1.fna.fbcdn.net/v/t39.35426-6/713283717_1035482229141282_2781503697311181943_n.jpg?stp=dst-jpg_s600x600_tt6&_nc_cat=109&ccb=1-7&_nc_sid=c53f8f&_nc_ohc=MoATEkqrT6YQ7kNvwGDmsOS&_nc_oc=AdpFy7AhcMDu-MpfBAEVSqzx8XoNmM444ZNEXvj0RUBWYxCLEZFX9yQ4Oq7K-nUQHXKes7dgp0WcJOPhAc78ze44&_nc_zt=14&_nc_ht=scontent.fjai6-1.fna&_nc_gid=BxwiQAmEohTl1geYv-epLA&_nc_ss=7b289&oh=00_Af9i4xDlORlTV6XWqDiILFE4YKjsrkSsZEqiEFTcit5C7A&oe=6A36C73B || Original: https://scontent.fjai6-1.fna.fbcdn.net/v/t39.35426-6/715957911_27243805921921066_1233763637956574267_n.jpg?_nc_cat=106&ccb=1-7&_nc_sid=c53f8f&_nc_ohc=yAYR4WtSSe0Q7kNvwFSiJlx&_nc_oc=AdoEc8Gj161R1cEy9zjVlTrrliTiTKwftnIAEa2JP_-EDwcZSyozMewmaqUTRHjJrTTVKaHSWA4-UzrRfFuQhUdf&_nc_zt=14&_nc_ht=scontent.fjai6-1.fna&_nc_gid=BxwiQAmEohTl1geYv-epLA&_nc_ss=7b289&oh=00_Af-B0X9LXcSkdk1T-Bue8R33CdYmqhOsQ_wvu4QhXL2gKQ&oe=6A36AE01 | Resized: https://scontent.fjai6-1.fna.fbcdn.net/v/t39.35426-6/715346923_1675369450401344_4912357144871965229_n.jpg?stp=dst-jpg_s600x600_tt6&_nc_cat=107&ccb=1-7&_nc_sid=c53f8f&_nc_ohc=bCejIm4QTkMQ7kNvwHBLjjx&_nc_oc=AdopQqyUfqDQvo7MWQSW49d8sG7K_UD9RSSynQpC-yqLbTsqU1kWpt6b6UnIEfYVeCI0sJTrb3zpQna2Rcm9GWdU&_nc_zt=14&_nc_ht=scontent.fjai6-1.fna&_nc_gid=BxwiQAmEohTl1geYv-epLA&_nc_ss=7b289&oh=00_Af__xG4_xzetZ8BVk633mhfpfruLedxwSkgxpuvjlcVSAQ&oe=6A36B6A4 || Original: https://scontent.fjai6-1.fna.fbcdn.net/v/t39.35426-6/713385757_27570653262538210_2132257405944136660_n.jpg?_nc_cat=101&ccb=1-7&_nc_sid=c53f8f&_nc_ohc=SSBvHNZHyYYQ7kNvwEGR3vg&_nc_oc=AdrDnozEAGXvoZ09Jm6X1xrjwR9JWrr_37O0NJ4vBGkm_4MuGzrVK_5_Kg2V78gTTex03BU_Yy4LlOPU13Sb1lsb&_nc_zt=14&_nc_ht=scontent.fjai6-1.fna&_nc_gid=BxwiQAmEohTl1geYv-epLA&_nc_ss=7b289&oh=00_Af81SyFrmk-J3L0mBP2aL9PhSKBfiQz6DID9PX9hnMkAMA&oe=6A36D4BA | Resized: https://scontent.fjai6-1.fna.fbcdn.net/v/t39.35426-6/714204540_1302539532029268_9113697536558730067_n.jpg?stp=dst-jpg_s600x600_tt6&_nc_cat=105&ccb=1-7&_nc_sid=c53f8f&_nc_ohc=3-3mhiePrzIQ7kNvwF6PnnM&_nc_oc=AdocXReqCwSkNt634iOeyem3JtykZ2op_jm_7KhheKLNKJYEd5RCpEg49DvxNmibYCHUTA2TaBAM6y5k1sGQ9tHu&_nc_zt=14&_nc_ht=scontent.fjai6-1.fna&_nc_gid=BxwiQAmEohTl1geYv-epLA&_nc_ss=7b289&oh=00_Af_EJ0eFm0M7w4JL_qp9PIJDC6kQbfoG3kYV8mV3TJLWPQ&oe=6A36BDCF || Original: https://scontent.fjai6-1.fna.fbcdn.net/v/t39.35426-6/712904752_1536140898246833_2323901295255364735_n.jpg?_nc_cat=107&ccb=1-7&_nc_sid=c53f8f&_nc_ohc=cvWxaKLtsYkQ7kNvwErgOAp&_nc_oc=Adocu0AjPbPEedt55j7AAKuCInILvgt0LjQXAZsAqp3qcFYDapC1EBE5rBpqFM2FwHz8wLHchIkH5TQgSLFRrwJo&_nc_zt=14&_nc_ht=scontent.fjai6-1.fna&_nc_gid=BxwiQAmEohTl1geYv-epLA&_nc_ss=7b289&oh=00_Af80XgOuQgh5HPq3foybzgeUaIUO0pcu_JH2qSfEeE8nvQ&oe=6A36C794 | Resized: https://scontent.fjai6-1.fna.fbcdn.net/v/t39.35426-6/713543976_1619467462487553_806719403793642105_n.jpg?stp=dst-jpg_s600x600_tt6&_nc_cat=103&ccb=1-7&_nc_sid=c53f8f&_nc_ohc=DEubuQb6Tk8Q7kNvwHnPdGi&_nc_oc=AdoNIADnEI_P_D5zQvilwdGRqj_ay1EduXjiNrNvjAMXYTtb-rfYbHMWMbwSupGXaPPB7RmDb_AbhrGz5aKLCF0J&_nc_zt=14&_nc_ht=scontent.fjai6-1.fna&_nc_gid=BxwiQAmEohTl1geYv-epLA&_nc_ss=7b289&oh=00_Af_6aBy1l0H5yvaVmZs5U-5cGY9zHuAhgs44a9hPjLzVXg&oe=6A36C54F || Original: https://scontent.fjai6-1.fna.fbcdn.net/v/t39.35426-6/713183604_1017740097574941_986391670296277002_n.jpg?_nc_cat=105&ccb=1-7&_nc_sid=c53f8f&_nc_ohc=4bm9nIn1AXsQ7kNvwErgxcB&_nc_oc=AdqWy7ETD7-hbuEUiWtn2jOdiwkwn8BMYdmXjUXqUBQOXPJcIxIA8RldrvV5oDaZRV_Ggbl47VZYUf6lgpxiN-H2&_nc_zt=14&_nc_ht=scontent.fjai6-1.fna&_nc_gid=BxwiQAmEohTl1geYv-epLA&_nc_ss=7b289&oh=00_Af96qyeCtcAeCsCj_Ubkn5pLp1ltp6TlGdX8jT8XTdur2A&oe=6A36AC57 | Resized: https://scontent.fjai6-1.fna.fbcdn.net/v/t39.35426-6/714729799_1674178953908267_1805084434367246213_n.jpg?stp=dst-jpg_s600x600_tt6&_nc_cat=106&ccb=1-7&_nc_sid=c53f8f&_nc_ohc=TtXor_q_-dsQ7kNvwHbQIfT&_nc_oc=Adq0PIsAUWhjidNX5C3i8ulnRYoRXEBxcQa5wVPYgU0ncA4xNBQoiAo1IY1OktRagcY0ug9rfMwmS_SLm1XrR8Om&_nc_zt=14&_nc_ht=scontent.fjai6-1.fna&_nc_gid=BxwiQAmEohTl1geYv-epLA&_nc_ss=7b289&oh=00_Af9Ve-jf0vP82jjzAXa8LvALwW8-57clcnyVNMh5ghraNg&oe=6A36C9F7 || Original: https://scontent.fjai6-1.fna.fbcdn.net/v/t39.35426-6/712844442_1289178013379751_7841424434955140461_n.jpg?_nc_cat=108&ccb=1-7&_nc_sid=c53f8f&_nc_ohc=dn-jfuIxHLkQ7kNvwExehVO&_nc_oc=AdpWkAox_HYpe0iEIeMMqzhsIxsE-btgL39yJwwqsiVNoGDhHtyxnuekvR9wv14p-aWJpXCSP8Pj54Lv1BQMJe01&_nc_zt=14&_nc_ht=scontent.fjai6-1.fna&_nc_gid=BxwiQAmEohTl1geYv-epLA&_nc_ss=7b289&oh=00_Af_5fvN5lBVCgigbjeiEsN2ge7E7DHKzjcmmi2ZxqKSMEA&oe=6A36C614 | Resized: https://scontent.fjai6-1.fna.fbcdn.net/v/t39.35426-6/715472414_2219477225454229_7852184834438231816_n.jpg?stp=dst-jpg_s600x600_tt6&_nc_cat=102&ccb=1-7&_nc_sid=c53f8f&_nc_ohc=ptXk30cEOwgQ7kNvwHWoPhP&_nc_oc=AdpWG4n_GCexSFQw4Y4hMMl7Jojyr9AU15SL_NOusgoi0-AsCxsKOdFY8N9CCy0XQLJ1gvTuWVX8YvLTbdCb9DuN&_nc_zt=14&_nc_ht=scontent.fjai6-1.fna&_nc_gid=BxwiQAmEohTl1geYv-epLA&_nc_ss=7b289&oh=00_Af8PXtUxbsAf8J1Y2ILtq7iglu7CyGtMXqrDGcPKO77QXQ&oe=6A36DC67 || Original: https://scontent.fjai6-1.fna.fbcdn.net/v/t39.35426-6/713585907_1330760658985874_6923466551197845330_n.jpg?_nc_cat=103&ccb=1-7&_nc_sid=c53f8f&_nc_ohc=945Sv39ogqoQ7kNvwEmRM-Z&_nc_oc=Adq8zJr4LnZU4PmuzdMUG5su5ZfGW8ThrTuf6DcGyuYMyVbC3RrOKq3OD2khOmSl-5QYVwz4RLOPsxCsSoIZj7Iu&_nc_zt=14&_nc_ht=scontent.fjai6-1.fna&_nc_gid=BxwiQAmEohTl1geYv-epLA&_nc_ss=7b289&oh=00_Af_JTqowWW2xxx6AMHl2xoEWl-A3uO9giuQXwkB1Yqi6QA&oe=6A36D6F3 | Resized: https://scontent.fjai6-1.fna.fbcdn.net/v/t39.35426-6/713424437_981706501386109_832445337321053514_n.jpg?stp=dst-jpg_s600x600_tt6&_nc_cat=107&ccb=1-7&_nc_sid=c53f8f&_nc_ohc=YC2N5tC52nAQ7kNvwHCwjE8&_nc_oc=AdrLDbwut_gSLwq_O423pf5Y_ZSm5EbrBm00_18Bq02qNia1Et-7-KjMk44v0xaH54pWE9fSGTvzp0cWagFOXPX-&_nc_zt=14&_nc_ht=scontent.fjai6-1.fna&_nc_gid=BxwiQAmEohTl1geYv-epLA&_nc_ss=7b289&oh=00_Af-LkS_ngi59ygxbkQe-x7Jf1rQSGEdm71xkLh77RHh4OA&oe=6A36BECA || Original: https://scontent.fjai6-1.fna.fbcdn.net/v/t39.35426-6/713003405_859992903819461_5777781499670769869_n.jpg?_nc_cat=103&ccb=1-7&_nc_sid=c53f8f&_nc_ohc=rjDSOl79BVIQ7kNvwF5LEoY&_nc_oc=AdoYJPLc3A0q6wzAKNT2mg82l6s-W_KBrhu16wIeBz-2ajP7JNuUZIIUTUVckqL5pmUOSjRq0lwyENOxzLoSh7DC&_nc_zt=14&_nc_ht=scontent.fjai6-1.fna&_nc_gid=BxwiQAmEohTl1geYv-epLA&_nc_ss=7b289&oh=00_Af-0iAIxka_eIqoUvQEsZ84mR6jtYU6JTJ7jfyaNH9pA2A&oe=6A36C0E8 | Resized: https://scontent.fjai6-1.fna.fbcdn.net/v/t39.35426-6/712844442_2037785993782263_6148318474106310816_n.jpg?stp=dst-jpg_s600x600_tt6&_nc_cat=103&ccb=1-7&_nc_sid=c53f8f&_nc_ohc=KDFeWWTHS_UQ7kNvwGB1lLw&_nc_oc=AdoyNEJ4pry-vyvhmMf_rnD-z6t8O5YR7Wn7tt1Qh-98BOuNTUZkXGofepx2jDz62Esrw33Fa7CQ_I_wXMj91Diz&_nc_zt=14&_nc_ht=scontent.fjai6-1.fna&_nc_gid=BxwiQAmEohTl1geYv-epLA&_nc_ss=7b289&oh=00_Af-JcQEzy9aTLsm9xXnJOFXBszzOFMwYI-0p-a6Hi9VKgw&oe=6A36B21D,
1361701139221994,https://www.facebook.com/future.stiles.designer.tiles/,instagram.com,https://www.facebook.com/future.stiles.designer.tiles/,http://instagram.com/futurestiles__designertiles,,,saniachaudhary352@gmail.com,+91 97115 58113,,,,110736448760986,http://instagram.com/futurestiles__designertiles,Future stiles,https://www.facebook.com/ads/library/?id=1361701139221994,"✨ DESIGN TODAY, INSPIRE TOMORROW ✨

Turn ordinary walls into extraordinary design statements with our exclusive Wall Highlighter Tile Collection.

Crafted for luxury homes, premium commercial spaces, restaurants, hotels, and designer interiors, these artistic tiles create stunning focal points that leave a lasting impression.

✔ Premium Designer Finishes
✔ Unique Architectural Patterns
✔ Durable & Long Lasting
✔ Ideal for Feature Walls
✔ Pan India Delivery

Whether you're designing a dream home or a signature commercial project, our wall highlighter tiles bring elegance, depth, and sophistication to every space.

📞 Get Expert Design Consultation
💬 WhatsApp Now for Pricing & Catalogue

#FutureStiles #WallHighlighterTiles #DesignerTiles #LuxuryInteriors #FeatureWall #InteriorDesign #ArchitecturalDesign",3223,Visit Instagram profile,instagram.com,"FACEBOOK; INSTAGRAM",2026-06-13,2026-06-15,,Original: https://scontent.fjai6-1.fna.fbcdn.net/v/t39.35426-6/723894817_2270179673752236_135191332111633741_n.jpg?_nc_cat=110&ccb=1-7&_nc_sid=c53f8f&_nc_ohc=PL-O2WvRhYIQ7kNvwGy0BE6&_nc_oc=AdrIFoouQ0zlgDcq-Jhyynxt8P-UW77gBokzQJzVp1xN2OUkIY_IABhRhV-okvFG9u0RO-1B1zqCY1ZcNhfcFg9v&_nc_zt=14&_nc_ht=scontent.fjai6-1.fna&_nc_gid=BxwiQAmEohTl1geYv-epLA&_nc_ss=7b289&oh=00_Af86p8mcr0yce-cKnhnH7i8jUtN1uGkImCfL8DTw_WqKWQ&oe=6A36BA08 | Resized: https://scontent.fjai6-1.fna.fbcdn.net/v/t39.35426-6/722336393_1534238861578853_3175946384887666935_n.jpg?stp=dst-jpg_s600x600_tt6&_nc_cat=104&ccb=1-7&_nc_sid=c53f8f&_nc_ohc=-QyDr39s17MQ7kNvwEnKiI7&_nc_oc=AdpzhoqIq34fnCSu6TPCWLrPxn2dS21dyIhBDwrCdqccfUfpSoNt7Sm8uUhYfGCK8EWu7c-nif4WUkQ_pCTbjvUm&_nc_zt=14&_nc_ht=scontent.fjai6-1.fna&_nc_gid=BxwiQAmEohTl1geYv-epLA&_nc_ss=7b289&oh=00_Af-wiOfExiV7-Ny9CdM8eJm12wDLghsj8satH_pHzWodPQ&oe=6A36D212,,,,,,
1446405964197918,https://www.facebook.com/meera.marblesofficial/,,https://www.facebook.com/meera.marblesofficial/,,,,birlamadhav4@gmail.com,+91 94141 10584,,,,243062768880464,,Meera Marbles,https://www.facebook.com/ads/library/?id=1446405964197918,"Premium Italian & Imported Marbles, 
  CNC Designs, Wall Highlighters & Table Tops
📍Charbhuja Marbles — Borivali & Vile Parle
 📞 9769686688",113,,,"FACEBOOK; INSTAGRAM; AUDIENCE_NETWORK; WHATSAPP; THREADS",2026-06-15,2026-06-15,HD: https://video.fjai6-1.fna.fbcdn.net/o1/v/t2/f2/m367/AQPjsQ0GNdm1yVcaaw4g2JWRQh1PPC6dSfvtZSuNKUV6OaHWb9RS5GXBv4e8IjJwKo1NIbnlC5dhawPX1WKkUMpXp5YGOWFUtzXgfXpBoA.mp4?_nc_cat=103&_nc_oc=AdoIZMqOKzAvXpCLWr54CU3vm20rRGoEFCPUT_ZNpM58Wp4D3q2i80np9oQ8iqTU-rES0_0FyrFQXpE7IhFoN3_a&_nc_sid=ef5aa3&_nc_ht=video.fjai6-1.fna.fbcdn.net&_nc_ohc=kyrNus8QD2cQ7kNvwH8h1F7&efg=eyJ2ZW5jb2RlX3RhZyI6Inhwdl9wcm9ncmVzc2l2ZS5WSV9VU0VDQVNFX1BST0RVQ1RfVFlQRS4uQzMuNzIwLnByb2dyZXNzaXZlX2gyNjQtYmFzaWMtZ2VuMl83MjBwIiwieHB2X2Fzc2V0X2lkIjoxNzI4MjgyNTE1MTk1NjIxLCJhc3NldF9hZ2VfZGF5cyI6MzYsInZpX3VzZWNhc2VfaWQiOjEwMDk5LCJkdXJhdGlvbl9zIjo0NywidXJsZ2VuX3NvdXJjZSI6Ind3dyJ9&ccb=17-1&_nc_gid=s_u8F_YUgA3D_aAvQe-hmQ&_nc_ss=7b289&_nc_zt=28&oh=00_Af-rCrCu0hh9NeRpOUFGeHR6h_37ow-oDup2GdLCEADg4A&oe=6A36D957 | SD: https://video.fjai6-1.fna.fbcdn.net/o1/v/t2/f2/m367/AQNW048Y60xLS18rH7ImrKH8FE7aq09fYzI__IsTGr6co3_CzVBkl0o-wDhvCuY6EARuQS-LExmVnbqb6HcTQ4z3IpnOnPzWQfngj5gGcA.mp4?_nc_cat=100&_nc_oc=Adr9rEFwiLiSjSMqm4hNF5UuDg5Of2U0s6dnxYDDbnMCCC20n-qLi2-qePUFiv6g7UBBx4wmHf16Fv8Db9WF5ugT&_nc_sid=ef5aa3&_nc_ht=video.fjai6-1.fna.fbcdn.net&_nc_ohc=rnnDPA-YkYsQ7kNvwGpIggP&efg=eyJ2ZW5jb2RlX3RhZyI6Inhwdl9wcm9ncmVzc2l2ZS5WSV9VU0VDQVNFX1BST0RVQ1RfVFlQRS4uQzMuMzYwLnByb2dyZXNzaXZlX2gyNjQtYmFzaWMtZ2VuMl8zNjBwIiwieHB2X2Fzc2V0X2lkIjoxNzI4MjgyNTE1MTk1NjIxLCJhc3NldF9hZ2VfZGF5cyI6MzYsInZpX3VzZWNhc2VfaWQiOjEwMDk5LCJkdXJhdGlvbl9zIjo0NywidXJsZ2VuX3NvdXJjZSI6Ind3dyJ9&ccb=17-1&_nc_gid=s_u8F_YUgA3D_aAvQe-hmQ&_nc_ss=7b289&_nc_zt=28&oh=00_Af_vaPAxITZQB6tpmfbdrMOpEydeKrwA3XRF-j8MXv_NvQ&oe=6A36BFEA | Preview: https://scontent.fjai6-1.fna.fbcdn.net/v/t39.35426-6/724261849_1723676958945067_6280269263544568505_n.jpg?_nc_cat=104&ccb=1-7&_nc_sid=c53f8f&_nc_ohc=0dePeGsCD5YQ7kNvwFzfZhr&_nc_oc=AdrP8j_QcdFtVDT5k_lOd17x52Qlw8UEri0nF8vq03o1lk7ZTD9RLkQ6fX4PyIFmIBGMRWCEkknoYoKLzbHJwEnN&_nc_zt=14&_nc_ht=scontent.fjai6-1.fna&_nc_gid=s_u8F_YUgA3D_aAvQe-hmQ&_nc_ss=7b289&oh=00_Af-GPQ__Tjal5DW_-dTIdvYLbEwtZdKlF3FhFdqs9NWpwA&oe=6A36B16A,,,,,,,
1550640953325442,https://www.facebook.com/61590576053843/,,https://www.facebook.com/61590576053843/,,,,info.rikolighting@gmail.com,,,,,1135758082958435,,Riko Lighting,https://www.facebook.com/ads/library/?id=1550640953325442,"Meet RIKO Lighting.

A modern architectural lighting brand where intelligent technology meets timeless design.

We believe lighting is more than illumination. It shapes mood, enhances architecture, creates memorable experiences and improves energy efficiency.

From indoor lighting and outdoor lighting to landscape lighting, facade lighting and smart lighting automation, every solution is designed to elevate the way spaces look, feel and function.

Whether it’s a luxury residence, commercial project, villa, pathway or architectural landmark, RIKO Lighting brings together innovation, aesthetics and intelligent control to create exceptional environments.

Welcome to a new era of intelligent illumination.

[Architectural Lighting, Smart Lighting, Landscape Lighting, Facade Lighting, Indoor Lighting, Outdoor Lighting, Intelligent Lighting Systems, Luxury Lighting, Modern Lighting Design, Energy Efficient Lighting, Smart Home Lighting, Commercial Lighting Solutions]

#RIKOLighting #ArchitecturalLighting #SmartLighting #LightingDesign #LandscapeLighting",2,No button,,"FACEBOOK; INSTAGRAM; AUDIENCE_NETWORK; THREADS",2026-06-14,2026-06-15,,Original: https://scontent.fjai6-1.fna.fbcdn.net/v/t39.35426-6/724164412_1702287607632459_6099726545389457341_n.jpg?_nc_cat=102&ccb=1-7&_nc_sid=c53f8f&_nc_ohc=8JINdQis-fQQ7kNvwHszERx&_nc_oc=AdohS_OMmbSRFXV_H0Y0jPLVTWF-pe_liWZDX8w9uTvwk2_TDOky85WvwwLx0iDuBpR2K2n4TCmtG5dU2n_038Mu&_nc_zt=14&_nc_ht=scontent.fjai6-1.fna&_nc_gid=s_u8F_YUgA3D_aAvQe-hmQ&_nc_ss=7b289&oh=00_Af-Qb0eQqYl69tSOFuxTrCu5JQQAWIAdSblqEkT2ZLiR6A&oe=6A36DFC2 | Resized: https://scontent.fjai6-1.fna.fbcdn.net/v/t39.35426-6/723809176_1660670855221751_790765517082460000_n.jpg?stp=dst-jpg_s600x600_tt6&_nc_cat=103&ccb=1-7&_nc_sid=c53f8f&_nc_ohc=RXJsp1Kpdh4Q7kNvwHMYkMs&_nc_oc=AdqQM-4PpDZS8CcWHjEwVfECsTQDtSVr5hFu8ar2dvwFEdoNFWvRRh9IGH6QL6sKvs7sGgWo2bql8jSsvE8yRZT4&_nc_zt=14&_nc_ht=scontent.fjai6-1.fna&_nc_gid=s_u8F_YUgA3D_aAvQe-hmQ&_nc_ss=7b289&oh=00_Af8HPrzCUHaeSVbLIyy8UHFjBTeHOVAfG95edub6YZNWvg&oe=6A36B733 || Original: https://scontent.fjai6-1.fna.fbcdn.net/v/t39.35426-6/722752948_27198745583087390_1854918409641521425_n.jpg?_nc_cat=107&ccb=1-7&_nc_sid=c53f8f&_nc_ohc=mc5ESsBefK0Q7kNvwF9zjcy&_nc_oc=Adq_wwwCl-mU7yJCb7jB1DyUJYL4v5jy8VM_V7TXYTMYgXuYTQXteyavHOTWdoYlZKo8Pp2F6-lYzVIFlltMyk5g&_nc_zt=14&_nc_ht=scontent.fjai6-1.fna&_nc_gid=s_u8F_YUgA3D_aAvQe-hmQ&_nc_ss=7b289&oh=00_Af828gh0W6eqwkMPe6-m_D5bBhcXj5oiNMNDLur3e11c9w&oe=6A36C683 | Resized: https://scontent.fjai6-1.fna.fbcdn.net/v/t39.35426-6/724158987_3255047388001212_6168234971524242113_n.jpg?stp=dst-jpg_s600x600_tt6&_nc_cat=108&ccb=1-7&_nc_sid=c53f8f&_nc_ohc=9PclqRETJxcQ7kNvwGQLAkm&_nc_oc=AdoKBc3Cr9dn9bWZm1gmX8IF9RJ2pCxSNRqWDpbBeFOLdYG576tmO7wk8iL1wO3myFHup7nMaE8sK4INEF0FHN-2&_nc_zt=14&_nc_ht=scontent.fjai6-1.fna&_nc_gid=s_u8F_YUgA3D_aAvQe-hmQ&_nc_ss=7b289&oh=00_Af_ZasVvg9smYaYXTnjT_xd8xiq9jKqEAKugWbrGjXljKA&oe=6A36D981 || Original: https://scontent.fjai6-1.fna.fbcdn.net/v/t39.35426-6/724175139_2794454870919260_7933342717959191785_n.jpg?_nc_cat=111&ccb=1-7&_nc_sid=c53f8f&_nc_ohc=9LbnPQUd6fsQ7kNvwFn713d&_nc_oc=AdrI1iD0w14A0SaapK_6iPr1t2g7fNWaWaujO8S6NK9GTQXs71xIIRUlOIdcl6WADYUfLP7albc572gkOjqL8Dgw&_nc_zt=14&_nc_ht=scontent.fjai6-1.fna&_nc_gid=s_u8F_YUgA3D_aAvQe-hmQ&_nc_ss=7b289&oh=00_Af-riFC1Pv1g8syQxqGw78BxPKFSsx8ujZKwC8l165SV-g&oe=6A36E00E | Resized: https://scontent.fjai6-1.fna.fbcdn.net/v/t39.35426-6/724596533_2125768301488807_8693578117710065193_n.jpg?stp=dst-jpg_s600x600_tt6&_nc_cat=101&ccb=1-7&_nc_sid=c53f8f&_nc_ohc=g6RlAvIOoYsQ7kNvwFac4AR&_nc_oc=AdpS0uE0eGbMbSOuL130E7ZmoH-SIUF17HFDiLXmwLdbaXFveBxU6V9ZKBW3XsOL6F2nmQSBbEIuJnh_eEQ2aLh-&_nc_zt=14&_nc_ht=scontent.fjai6-1.fna&_nc_gid=s_u8F_YUgA3D_aAvQe-hmQ&_nc_ss=7b289&oh=00_Af-3bDdva0m4ZY4W6pNw6BBPovUnvBtyuOl-EtUT_Mq66g&oe=6A36BEED || Original: https://scontent.fjai6-1.fna.fbcdn.net/v/t39.35426-6/724305857_3009828369221093_6049518374764072500_n.jpg?_nc_cat=101&ccb=1-7&_nc_sid=c53f8f&_nc_ohc=inR1G4FcAy0Q7kNvwHboEW8&_nc_oc=Adok3lKMth0lO-zL8YFLUy_JDyNUlzdNCcTN89z5PLqSpChqpQEUIPsUx1OHQNeRBC66y104gjIKGKWxG3Fk_yag&_nc_zt=14&_nc_ht=scontent.fjai6-1.fna&_nc_gid=s_u8F_YUgA3D_aAvQe-hmQ&_nc_ss=7b289&oh=00_Af8Hyy0GPBuqA0MscytrePpuxGPJxAmpNfu5LDMWWSHxCA&oe=6A36C262 | Resized: https://scontent.fjai6-1.fna.fbcdn.net/v/t39.35426-6/723427876_1357832845772930_494484634142742334_n.jpg?stp=dst-jpg_s600x600_tt6&_nc_cat=106&ccb=1-7&_nc_sid=c53f8f&_nc_ohc=fC5P0x441rkQ7kNvwFiwxe_&_nc_oc=AdosKeAjN44v35lI8fglJvfe1esRFJJHBU9IaKjJuFA8l29gfWu0Feny4uhLkvPuxqPY9ilSZTCEJFMtpYM93E7C&_nc_zt=14&_nc_ht=scontent.fjai6-1.fna&_nc_gid=s_u8F_YUgA3D_aAvQe-hmQ&_nc_ss=7b289&oh=00_Af_MJMSnj9npEVqaehxenrm0Gis6bJ61DQ8bTepkxZXr5w&oe=6A36BFD0 || Original: https://scontent.fjai6-1.fna.fbcdn.net/v/t39.35426-6/719609492_1521751222693391_2131967723976833214_n.jpg?_nc_cat=101&ccb=1-7&_nc_sid=c53f8f&_nc_ohc=tLZ6wGp5YoAQ7kNvwGGrVtW&_nc_oc=AdpreYuYuP2se20H-Np5MpkI1uqAIZpjlzO_z63NTTICyR-Z8AUt_pW9pHaYa2mRvUL3ovYC4p_3vLEvlZrCstuM&_nc_zt=14&_nc_ht=scontent.fjai6-1.fna&_nc_gid=s_u8F_YUgA3D_aAvQe-hmQ&_nc_ss=7b289&oh=00_Af9BX7gEbDFj3nN85vfh-uTS97qGGzvyp8EvIHYWkH2soQ&oe=6A36C1E8 | Resized: https://scontent.fjai6-1.fna.fbcdn.net/v/t39.35426-6/721733721_1894866061129185_1939193519484602_n.jpg?stp=dst-jpg_s600x600_tt6&_nc_cat=108&ccb=1-7&_nc_sid=c53f8f&_nc_ohc=skIhvdPM3XYQ7kNvwExmBU_&_nc_oc=AdqOtrJMnFPk0ne0kfIMx3oPrqW-zIynCqdNdqy4lhWAt1eGiGY9Bc0YrOTq6-HGFWwnuw4r-jJP3_b7A9Js2ofV&_nc_zt=14&_nc_ht=scontent.fjai6-1.fna&_nc_gid=s_u8F_YUgA3D_aAvQe-hmQ&_nc_ss=7b289&oh=00_Af83O09vLRJPSUkWjXFHMnFHvXVveLvE9ht46i7IOHAOvA&oe=6A36B405 || Original: https://scontent.fjai6-1.fna.fbcdn.net/v/t39.35426-6/724170437_1470275144857556_1462332022190675806_n.jpg?_nc_cat=107&ccb=1-7&_nc_sid=c53f8f&_nc_ohc=LRLf_IX5SlsQ7kNvwFRQN8Y&_nc_oc=AdqmOZ9Xc4Pa2HjJ_B2EkaqAyOyGh44ksP6pCwsjmb-iIEH-jrYKvucZ4M-pyrhv9zEIOg675tdqatyfff5pM0lk&_nc_zt=14&_nc_ht=scontent.fjai6-1.fna&_nc_gid=s_u8F_YUgA3D_aAvQe-hmQ&_nc_ss=7b289&oh=00_Af9Y5Y1P9em0lZ4ptmR-zgicG1vs639Jp_npkvrjAcoWbg&oe=6A36C653 | Resized: https://scontent.fjai6-1.fna.fbcdn.net/v/t39.35426-6/721266016_1372296814957680_3181400678522029347_n.jpg?stp=dst-jpg_s600x600_tt6&_nc_cat=107&ccb=1-7&_nc_sid=c53f8f&_nc_ohc=ppMrpjrDBZ0Q7kNvwFAwSXR&_nc_oc=AdqsP2RERVKVrVr_FjdZnvw8vqD-eD4N49sdT10y1l40BHyR8pPEIl0HLvdwq18oFBRs2T9u_MUUgXtF19JtK18b&_nc_zt=14&_nc_ht=scontent.fjai6-1.fna&_nc_gid=s_u8F_YUgA3D_aAvQe-hmQ&_nc_ss=7b289&oh=00_Af9SX8F1Pw5vu1TwE0BBkO58-n6eX1DXlZEBqVd1IKp1ug&oe=6A36CEF6 || Original: https://scontent.fjai6-1.fna.fbcdn.net/v/t39.35426-6/724605976_1193475076207997_7785671146473073114_n.jpg?_nc_cat=103&ccb=1-7&_nc_sid=c53f8f&_nc_ohc=QIx90pIyaMAQ7kNvwFpsgXw&_nc_oc=AdpVOyr-BKSN_GlclLLjTEJhyGxcgF2r3zCB253Z5MtZmcrQkeku9Cf3CpVcXHAPBjMdTSUxwYnbtvjZkyheupNu&_nc_zt=14&_nc_ht=scontent.fjai6-1.fna&_nc_gid=s_u8F_YUgA3D_aAvQe-hmQ&_nc_ss=7b289&oh=00_Af8RcifQNFuD0P1JY6EvGFwPl2wwbocn9bLpvZ3i8xIOUA&oe=6A36E20D | Resized: https://scontent.fjai6-1.fna.fbcdn.net/v/t39.35426-6/720737288_1407460281141392_7015479836909524704_n.jpg?stp=dst-jpg_s600x600_tt6&_nc_cat=108&ccb=1-7&_nc_sid=c53f8f&_nc_ohc=YbL7P908JCYQ7kNvwHcUQVq&_nc_oc=AdqhMr4nJ_xog6K_DBPZjjSgm6DZYCF7rR18cTt3-867n4tidG94LJiyFgOK0sTbqPA-OcNIUPLBBte_bWUyeKSV&_nc_zt=14&_nc_ht=scontent.fjai6-1.fna&_nc_gid=s_u8F_YUgA3D_aAvQe-hmQ&_nc_ss=7b289&oh=00_Af8_jys5kB-1NQxSdcmsu8JzVrB7ztSByG05ypa9Tk8lBg&oe=6A36DB33,,,,,,
943359442019684,https://www.facebook.com/drtechhomes/,fb.me,https://www.facebook.com/drtechhomes/,,,,,+91 79078 03774,,,,2100161813407215,http://fb.me/,DR Tech Homes Pvt Ltd,https://www.facebook.com/ads/library/?id=943359442019684,"Build your dream home or business space with confidence.
DR Tech delivers quality construction, modern design, and on-time completion.

Residential | Commercial | Renovation

Now in Trivandrum & Kochi

Start your Commercial Construction Project with confidence.

  9074735343 | 9496643774 
📞 Contact Now for Consultation

✨ Get Attractive Offers Today
--------------------------------------------------------------------------------------
DR Tech, First Floor, Nanus Complex, 
Nearby Metro Pillar No: 367, Koonamthai, Edappally, Kochi.
--------------------------------------------------------------------------------------
DR Tech, Enchakkal, Trivandrum",1374,See details,fb.me,"FACEBOOK; INSTAGRAM; AUDIENCE_NETWORK",2026-06-06,2026-06-15,HD: https://video.fjai6-1.fna.fbcdn.net/o1/v/t2/f2/m366/AQNDNNTL3FVzxrsb1yQo1r9rGJxmWG2IB7Vib8cAyKjvKGXaATyoRgI9LGA3S20kunxnS9zCvDpgYP8JLI3kHm_hvX3fw8BL47_pHSVIRatb-A.mp4?_nc_cat=109&_nc_oc=Adq03gJXOKmoGRPcClyzaGzr-VGHoTVrjxh2jEwrmXugWR1cVRjzImpDOOfP1Q5JBnWyIL2ET9Sf9hJl8knFdkfD&_nc_sid=b66105&_nc_ht=video.fjai6-1.fna.fbcdn.net&_nc_ohc=1HvvfBPKC0QQ7kNvwG7Nlep&efg=eyJ2ZW5jb2RlX3RhZyI6Inhwdl9wcm9ncmVzc2l2ZS5WSV9VU0VDQVNFX1BST0RVQ1RfVFlQRS4uQzMuNzIwLmRhc2hfaDI2NC1iYXNpYy1nZW4yXzcyMHAiLCJ4cHZfYXNzZXRfaWQiOjE0NzU0MzgxMzM5NzkxNjQsImFzc2V0X2FnZV9kYXlzIjo4MiwidmlfdXNlY2FzZV9pZCI6MTA3OTksImR1cmF0aW9uX3MiOjM0LCJ1cmxnZW5fc291cmNlIjoid3d3In0%3D&ccb=17-1&vs=98ace09f45ae51e&_nc_vs=HBksFQIYRWZiX2VwaGVtZXJhbC9GQzQ0MEM3NTNFMTYwNjBCQjNEQzVBMEVDNTJGMTVBQV9tdF8xX3ZpZGVvX2Rhc2hpbml0Lm1wNBUAAsgBEgAVAhhAZmJfcGVybWFuZW50L0M0NEVFRjE3NUE5OUY2NTkzQTEwRDkxOTY2NTdDOUE0X2F1ZGlvX2Rhc2hpbml0Lm1wNBUCAsgBEgAoABgAGwKIB3VzZV9vaWwBMRJwcm9ncmVzc2l2ZV9yZWNpcGUBMRUAACa4oOnd5vmeBRUCKAJDMywXQEEzMzMzMzMYGWRhc2hfaDI2NC1iYXNpYy1nZW4yXzcyMHARAHUAZd6oAQA&_nc_gid=s_u8F_YUgA3D_aAvQe-hmQ&_nc_ss=7b289&_nc_zt=28&oh=00_Af-UPHJ1QQC7BTIzPPA2heY_FY1PZo7R-WZsZqeDTLiZcQ&oe=6A36C8FB | SD: https://video.fjai6-1.fna.fbcdn.net/o1/v/t2/f2/m412/AQPDSUozirDttvhV-soFaOQMS_OXhoR79Q52Xzi4nstSurw1lmWljgOxDRc6mw72NBCtPYzMoWh3p3tGkWscHaDiBMNDbmRrpXQQXIkQ0Q.mp4?_nc_cat=110&_nc_oc=AdpWjjWZ0vNV1xEDaJRmReJZuwuM3SiCSqMQUzjXgvdCbUEd1hKzo9oHFv6lXAg7ETrjubL_yvzB0JitcIoawTYA&_nc_sid=ef5aa3&_nc_ht=video.fjai6-1.fna.fbcdn.net&_nc_ohc=Bs7xL2QHf-wQ7kNvwGQGwb_&efg=eyJ2ZW5jb2RlX3RhZyI6Inhwdl9wcm9ncmVzc2l2ZS5WSV9VU0VDQVNFX1BST0RVQ1RfVFlQRS4uQzMuMzYwLnN2ZV9zZCIsInhwdl9hc3NldF9pZCI6MTQ3NTQzODEzMzk3OTE2NCwiYXNzZXRfYWdlX2RheXMiOjgyLCJ2aV91c2VjYXNlX2lkIjoxMDc5OSwiZHVyYXRpb25fcyI6MzQsInVybGdlbl9zb3VyY2UiOiJ3d3cifQ%3D%3D&ccb=17-1&_nc_gid=s_u8F_YUgA3D_aAvQe-hmQ&_nc_ss=7b289&_nc_zt=28&oh=00_Af_NNjJEkLueZ5Q9-tP4gu1QWkIdorUD0GaiCbCqzYDbrw&oe=6A36C6E4 | Preview: https://scontent.fjai6-1.fna.fbcdn.net/v/t39.35426-6/710668172_1302286221504136_8930891951608046144_n.jpg?_nc_cat=102&ccb=1-7&_nc_sid=c53f8f&_nc_ohc=_TYu9DJY7KAQ7kNvwEYmRjj&_nc_oc=AdraG8bVKPu9peBOuB1Q4plOluJxuqn0nWkGeJM-NSOF5qI5kxjMj-n2KlCBiHBo2qVEgLtWa20bY9Tn-KDMDW66&_nc_zt=14&_nc_ht=scontent.fjai6-1.fna&_nc_gid=s_u8F_YUgA3D_aAvQe-hmQ&_nc_ss=7b289&oh=00_Af-tae-0bBTI8nJWLHNNDdN5dt8PE-O917in5QeiUQ6i6w&oe=6A36E1F3,,,,,,,
989031687357958,https://www.facebook.com/61589774231892/,thehivemallhapur.com,https://www.facebook.com/61589774231892/,,,,,"+918920667188, 918920667188, 245805002269, +91 89206 67188",,,,1153997197790559,https://thehivemallhapur.com/discovery/,The HiveMall Hapur,https://www.facebook.com/ads/library/?id=989031687357958,"Hapur’s real estate landscape is shifting, and the biggest commercial opportunity of 2026 is officially here. Introducing The Hive Mall—Hapur’s very first luxury high-street retail, multiplex, and food court destination. 🏢✨

Why smart investors are shifting their capital to The Hive:
✅ Pre Leased Showrooms & Food Courts
✅ Low Entry Barrier: Premium retail investment starts at just ₹18 Lakhs*—an entry price you won't find anywhere else in Delhi-NCR for a premium commercial project.
✅ Strategic Hub: Located perfectly next to the Collectorate and District Court with massive daily footfall guaranteed.
✅UPRERA APPROVED

Lock in your steady, lifetime passive rental income before inaugural prices revise.

Contact : 8920667188",1,Learn more,thehivemallhapur.com,"FACEBOOK; INSTAGRAM; AUDIENCE_NETWORK; MESSENGER; THREADS",2026-06-13,2026-06-15,,,"Hapur’s real estate landscape is shifting, and the biggest commercial opportunity of 2026 is officially here. Introducing The Hive Mall—Hapur’s very first luxury high-street retail, multiplex, and food court destination. 🏢✨

Why smart investors are shifting their capital to The Hive:
✅ Pre Leased Showrooms & Food Courts
✅ Low Entry Barrier: Premium retail investment starts at just ₹18 Lakhs*—an entry price you won't find anywhere else in Delhi-NCR for a premium commercial project.
✅ Strategic Hub: Located perfectly next to the Collectorate and District Court with massive daily footfall guaranteed.
✅UPRERA APPROVED

Lock in your steady, lifetime passive rental income before inaugural prices revise.

Contact : 8920667188 || Hapur’s real estate landscape is shifting, and the biggest commercial opportunity of 2026 is officially here. Introducing The Hive Mall—Hapur’s very first luxury high-street retail, multiplex, and food court destination. 🏢✨

Why smart investors are shifting their capital to The Hive:
✅ Pre Leased Showrooms & Food Courts
✅ Low Entry Barrier: Premium retail investment starts at just ₹18 Lakhs*—an entry price you won't find anywhere else in Delhi-NCR for a premium commercial project.
✅ Strategic Hub: Located perfectly next to the Collectorate and District Court with massive daily footfall guaranteed.
✅UPRERA APPROVED

Lock in your steady, lifetime passive rental income before inaugural prices revise.

Contact : 8920667188 || Hapur’s real estate landscape is shifting, and the biggest commercial opportunity of 2026 is officially here. Introducing The Hive Mall—Hapur’s very first luxury high-street retail, multiplex, and food court destination. 🏢✨

Why smart investors are shifting their capital to The Hive:
✅ Pre Leased Showrooms & Food Courts
✅ Low Entry Barrier: Premium retail investment starts at just ₹18 Lakhs*—an entry price you won't find anywhere else in Delhi-NCR for a premium commercial project.
✅ Strategic Hub: Located perfectly next to the Collectorate and District Court with massive daily footfall guaranteed.
✅UPRERA APPROVED

Lock in your steady, lifetime passive rental income before inaugural prices revise.

Contact : 8920667188 || Hapur’s real estate landscape is shifting, and the biggest commercial opportunity of 2026 is officially here. Introducing The Hive Mall—Hapur’s very first luxury high-street retail, multiplex, and food court destination. 🏢✨

Why smart investors are shifting their capital to The Hive:
✅ Pre Leased Showrooms & Food Courts
✅ Low Entry Barrier: Premium retail investment starts at just ₹18 Lakhs*—an entry price you won't find anywhere else in Delhi-NCR for a premium commercial project.
✅ Strategic Hub: Located perfectly next to the Collectorate and District Court with massive daily footfall guaranteed.
✅UPRERA APPROVED

Lock in your steady, lifetime passive rental income before inaugural prices revise.

Contact : 8920667188",https://thehivemallhapur.com/discovery/ || https://thehivemallhapur.com/discovery/ || https://thehivemallhapur.com/discovery/ || https://thehivemallhapur.com/discovery/,,Learn More || Learn More || Learn More || Learn More,Original: https://scontent.fjai6-1.fna.fbcdn.net/v/t39.35426-6/723704571_1921643168549409_6065792661522207579_n.jpg?_nc_cat=103&ccb=1-7&_nc_sid=c53f8f&_nc_ohc=93P7mIyZnHkQ7kNvwF85tTn&_nc_oc=AdqHuSH7N5Vlzs_5xr9_vL4nwxQGhduMfHNtvA3aTihM2ZeH3ucaDN9FgvEPbTCh1f7plwy1ZlqDV5l5JjYVzoWS&_nc_zt=14&_nc_ht=scontent.fjai6-1.fna&_nc_gid=s_u8F_YUgA3D_aAvQe-hmQ&_nc_ss=7b289&oh=00_Af-lTNOCOQDXHFnlEaMmQbBTlll_2rwZj9mh29PIRK1clA&oe=6A36BAEB | Resized: https://scontent.fjai6-1.fna.fbcdn.net/v/t39.35426-6/723573103_2313824062483178_7503582997354515583_n.jpg?stp=dst-jpg_s600x600_tt6&_nc_cat=104&ccb=1-7&_nc_sid=c53f8f&_nc_ohc=4mIIL3WuEvAQ7kNvwGOxGdT&_nc_oc=AdpccsPBHpW01IFf8rEgoETQ7_-wxvmjAQzHymJ2exvHEQfc_XYAF6UHCIVMt87mjaSLtI2Her30K4LCXTb6bC3f&_nc_zt=14&_nc_ht=scontent.fjai6-1.fna&_nc_gid=s_u8F_YUgA3D_aAvQe-hmQ&_nc_ss=7b289&oh=00_Af_BJsf1PmZMxLV1sHgLMAYOLdV6opKU32zkhZcygSSVsg&oe=6A36BE2E || Original: https://scontent.fjai6-1.fna.fbcdn.net/v/t39.35426-6/722097269_2173816790049701_2044451556908643493_n.jpg?_nc_cat=104&ccb=1-7&_nc_sid=c53f8f&_nc_ohc=QranLhoheskQ7kNvwHCmdVv&_nc_oc=AdpXZhM30AvcMK4Ytogqp17LUOO0sEUumdplKWlUu6ywi0Z1ZKhYhzSkKWfFgIaMiyprXiLg_64e8dmGk0ONwIUd&_nc_zt=14&_nc_ht=scontent.fjai6-1.fna&_nc_gid=s_u8F_YUgA3D_aAvQe-hmQ&_nc_ss=7b289&oh=00_Af8T2RkvQNg6vvuZM_hgICIOZHuQWT-jnxGjhF-sVW1Dzg&oe=6A36DDD1 | Resized: https://scontent.fjai6-1.fna.fbcdn.net/v/t39.35426-6/724276434_1339794671426259_139583830304206675_n.jpg?stp=dst-jpg_s600x600_tt6&_nc_cat=104&ccb=1-7&_nc_sid=c53f8f&_nc_ohc=6fnlVR0HvlsQ7kNvwFCZH05&_nc_oc=AdoMY2eCWZP4TeP_Fcm6jPb1gietB7VoJVMKS1kbpmRPYRYslK2dCdWNG7f53dlBPc5iWAphGvGwcDv1WSrMCsJc&_nc_zt=14&_nc_ht=scontent.fjai6-1.fna&_nc_gid=s_u8F_YUgA3D_aAvQe-hmQ&_nc_ss=7b289&oh=00_Af8hwEGL0BE1IBEbe1QFwFe1_Kqp-IOEynRyUvyuJjRjqA&oe=6A36D2CD || Original: https://scontent.fjai6-1.fna.fbcdn.net/v/t39.35426-6/721735498_1476159200483260_844799075418532887_n.jpg?_nc_cat=110&ccb=1-7&_nc_sid=c53f8f&_nc_ohc=OTQnqRyg1M4Q7kNvwFMpqOL&_nc_oc=AdqA6ameqbiusrTO5SvE9dioDPkalVoyA5_LpCESBpY9oxH4iKmDPYC3XeQdzyLZ-jJThXsHuw4OZUE0qNwq3kBA&_nc_zt=14&_nc_ht=scontent.fjai6-1.fna&_nc_gid=s_u8F_YUgA3D_aAvQe-hmQ&_nc_ss=7b289&oh=00_Af9Vf9SsNix7FQTEPdR1HT1-Jg2c45hrWGHXpwCBZh6Q1Q&oe=6A36D520 | Resized: https://scontent.fjai6-1.fna.fbcdn.net/v/t39.35426-6/723613103_1015791680944160_543496427853931850_n.jpg?stp=dst-jpg_s600x600_tt6&_nc_cat=100&ccb=1-7&_nc_sid=c53f8f&_nc_ohc=XIjQ4yNi3ZIQ7kNvwFC2957&_nc_oc=Adr5F2_x96PCjov2KRWnBLGufh9Me2lpEQ1lSeadkCrIyquTwBIc4pPSb9sqRakBFggTXxagOo3h5j9hzOH6WBco&_nc_zt=14&_nc_ht=scontent.fjai6-1.fna&_nc_gid=s_u8F_YUgA3D_aAvQe-hmQ&_nc_ss=7b289&oh=00_Af9u0LqCVVmSfkL7wI6T3up48vz4Pn9tb0x0va9OjPeZ6Q&oe=6A36D049 || Original: https://scontent.fjai6-1.fna.fbcdn.net/v/t39.35426-6/723041287_1504585811160227_118302115084108488_n.jpg?_nc_cat=107&ccb=1-7&_nc_sid=c53f8f&_nc_ohc=nuL-nAaocFAQ7kNvwEO8Nhw&_nc_oc=AdrHbU_H9fjjY2DGMdZ0ACS-RKVBj1BgYGPKojtE6hh0qUzRYmQWF54YmUDBXyCSp-6utKPfSOMkTdFvqYNd_6Wt&_nc_zt=14&_nc_ht=scontent.fjai6-1.fna&_nc_gid=s_u8F_YUgA3D_aAvQe-hmQ&_nc_ss=7b289&oh=00_Af_-OsnqKwfmtFdfpqu-rc-BQAtDkRzcBTQ4Gn6eC9VA0g&oe=6A36ABEA | Resized: https://scontent.fjai6-1.fna.fbcdn.net/v/t39.35426-6/723131401_1253073700047098_3795827327915072781_n.jpg?stp=dst-jpg_s600x600_tt6&_nc_cat=106&ccb=1-7&_nc_sid=c53f8f&_nc_ohc=0u_oy8MkvZ4Q7kNvwHqr-u9&_nc_oc=AdrOdFcYyRwXdQ8bBMmuI-nVPUnjjmgK5FvMIhoKABG9XSpBSbuQPXfRPU5I2WeGdGetmH7_bxa536VjY7dykZip&_nc_zt=14&_nc_ht=scontent.fjai6-1.fna&_nc_gid=s_u8F_YUgA3D_aAvQe-hmQ&_nc_ss=7b289&oh=00_Af-dtP1AL_ZIA9TrhnhjHBmfHMEru2kgDKf6TTMqNp2lTA&oe=6A36DCF5,
959699233701927,https://www.facebook.com/therajbhawan.india/,api.whatsapp.com,https://www.facebook.com/therajbhawan.india/,,,,info@therajbhawan.com,+91 79035 63346,,,,100118752116509,https://api.whatsapp.com/send,The Raj Bhawan,https://www.facebook.com/ads/library/?id=959699233701927,"From basic to luxury ✨
Transform your space with expert interiors 🏡
Get FREE consultation + 3D design today!

📞 Call / WhatsApp Now:
84477 49552 | 99559 96915 | 79035 63346",10157,Get quote,api.whatsapp.com,"FACEBOOK; INSTAGRAM; WHATSAPP",2026-05-23,2026-06-15,HD: https://video.fjai6-1.fna.fbcdn.net/o1/v/t2/f2/m366/AQOg5NeuuS3gP2nBYR1fKEmTwMLS_0U0XTEfKa_xgWmgIQdiqK9CEF7jMNBBeeN5kJThpMdFzuonb868zBylWy3aMGksLUkfFD4wy3qHZy489Q.mp4?_nc_cat=102&_nc_oc=AdpSU1_OzCt9kL60l5B4C6TlnqE7GX6CS-U7LLT2gI_QRayf1ruO0dgGzXDVR5VFpc0tITK8GFe0mUX_cAqwKOSu&_nc_sid=b66105&_nc_ht=video.fjai6-1.fna.fbcdn.net&_nc_ohc=l_MwpqDF_agQ7kNvwEsSkxi&efg=eyJ2ZW5jb2RlX3RhZyI6Inhwdl9wcm9ncmVzc2l2ZS5WSV9VU0VDQVNFX1BST0RVQ1RfVFlQRS4uQzMuNzIwLmRhc2hfaDI2NC1iYXNpYy1nZW4yXzcyMHAiLCJ4cHZfYXNzZXRfaWQiOjk5Mzg3NDE4OTg5MDY2NCwiYXNzZXRfYWdlX2RheXMiOjIzLCJ2aV91c2VjYXNlX2lkIjoxMDc5OSwiZHVyYXRpb25fcyI6NDQsInVybGdlbl9zb3VyY2UiOiJ3d3cifQ%3D%3D&ccb=17-1&vs=d8dec2450c31b700&_nc_vs=HBksFQIYRWZiX2VwaGVtZXJhbC83NzQxOUNBMUQwRkVFMUVCNzcyODhERkQxODI3QkZCMV9tdF8xX3ZpZGVvX2Rhc2hpbml0Lm1wNBUAAsgBEgAVAhhAZmJfcGVybWFuZW50L0RCNEUzMzUwRDEyMzk3QjE2OTNFRjJCNzQwNURGMDkyX2F1ZGlvX2Rhc2hpbml0Lm1wNBUCAsgBEgAoABgAGwKIB3VzZV9vaWwBMRJwcm9ncmVzc2l2ZV9yZWNpcGUBMRUAACbQ0dHgi_vDAxUCKAJDMywXQEZ9LxqfvncYGWRhc2hfaDI2NC1iYXNpYy1nZW4yXzcyMHARAHUAZd6oAQA&_nc_gid=3nw6QMYEmnj__X4hFjERdA&_nc_ss=7b289&_nc_zt=28&oh=00_Af9d8Y1_pzTsm71hqM3iW1eQbJ7y0SXfruJEgDgAMR2CDA&oe=6A36D2E2 | SD: https://video.fjai6-1.fna.fbcdn.net/o1/v/t2/f2/m412/AQMgIQGsjCBmWtrmkMxeQVLIcThYwNTaK_2VfjV6nfXFv8IZQeVKcHqsoLA3cMK4jx9ZdD4ZI-CU01uRUQtKL6V_mxUmQ_QtQy1wRYPR9A.mp4?_nc_cat=103&_nc_oc=AdqnILQyt9oz6VKnPEHm0ZpUJVike_edA9g7j1O3IWjBP2tDbUq8XYnfu_a0RLqq9c629bOJ1L2xjiGeyp_pkEv4&_nc_sid=ef5aa3&_nc_ht=video.fjai6-1.fna.fbcdn.net&_nc_ohc=6YwYqPUwMNwQ7kNvwF7GTzL&efg=eyJ2ZW5jb2RlX3RhZyI6Inhwdl9wcm9ncmVzc2l2ZS5WSV9VU0VDQVNFX1BST0RVQ1RfVFlQRS4uQzMuMzYwLnN2ZV9zZCIsInhwdl9hc3NldF9pZCI6OTkzODc0MTg5ODkwNjY0LCJhc3NldF9hZ2VfZGF5cyI6MjMsInZpX3VzZWNhc2VfaWQiOjEwNzk5LCJkdXJhdGlvbl9zIjo0NCwidXJsZ2VuX3NvdXJjZSI6Ind3dyJ9&ccb=17-1&_nc_gid=3nw6QMYEmnj__X4hFjERdA&_nc_ss=7b289&_nc_zt=28&oh=00_Af8OFecA8L_BTRmEF8PsFK9Np3EcYRSpJXNiVJNBDXj3uQ&oe=6A36C0FB | Preview: https://scontent.fjai6-1.fna.fbcdn.net/v/t39.35426-6/704121192_1967559454647044_1090034038026456515_n.jpg?_nc_cat=105&ccb=1-7&_nc_sid=c53f8f&_nc_ohc=XLghbRFelzUQ7kNvwGDvCsi&_nc_oc=Adptjk6VV7Sol_36GWvcJ35o-RH53OFQddh4OAKWGagFlTlghtAQdhl7Dpix4KDT-HBofWvgnPpxHm8zawZ2oeM3&_nc_zt=14&_nc_ht=scontent.fjai6-1.fna&_nc_gid=3nw6QMYEmnj__X4hFjERdA&_nc_ss=7b289&oh=00_Af9qi5LUPZee1jNsNsS9Ab0EfYJ9eKmDdK8kkh0ds4-Svw&oe=6A36C8BC,,,,,,,
2316358228849503,https://www.facebook.com/Neevilas/,fb.me,https://www.facebook.com/Neevilas/,,,,cbsproperties.sabhapur@gmail.com,+91 80901 00981,,,,104803991444552,http://fb.me/,Neevilas Homes,https://www.facebook.com/ads/library/?id=2316358228849503,"Neevilas Homes Commercial Project – Where your brand levels up – Curious what’s inside?

Step into a space designed to elevate your business presence and attract the right crowd. Premium location, smart design, and growth-ready infrastructure — everything your brand deserves.

📞 For bookings & inquiries: +91 8090100981

#neevilashomes #commercialproject #realestate #commercialplotindelhincr #commercialplots",16155,Learn more,fb.me,"FACEBOOK; INSTAGRAM; AUDIENCE_NETWORK",2025-12-16,2026-06-14,HD: https://video.fjai6-1.fna.fbcdn.net/o1/v/t2/f2/m86/AQNpDj9QONE2Q1lfmvvgFq1m4MIbBs_HcCaAl8ujMW6fCotSEhGnlitVJGHMUrgCGa3s1zmvBSMg9Aoh1dwIix42NipuvOOeYSjf9TI.mp4?_nc_cat=100&_nc_oc=AdpO9jFtSlAF-1hrPJkPUMS3hcHlSgk-zEr1HN-8Jpnxb6aJ1OyZZ0Fnpkyfgs-8zRyfQ8YgxnqOyhekTxVLZ7wD&_nc_sid=b66105&_nc_ht=video.fjai6-1.fna.fbcdn.net&_nc_ohc=2aL3ydxRZyIQ7kNvwH77fS9&efg=eyJ2ZW5jb2RlX3RhZyI6Inhwdl9wcm9ncmVzc2l2ZS5WSV9VU0VDQVNFX1BST0RVQ1RfVFlQRS4uQzMuNzIwLmRhc2hfYmFzZWxpbmVfMV92MSIsInhwdl9hc3NldF9pZCI6MTMzNTE2MDA0ODA5MDI1MywiYXNzZXRfYWdlX2RheXMiOjIwNSwidmlfdXNlY2FzZV9pZCI6MTAwOTksImR1cmF0aW9uX3MiOjcxLCJ1cmxnZW5fc291cmNlIjoid3d3In0%3D&ccb=17-1&vs=2c43bf227213f47a&_nc_vs=HBksFQIYUmlnX3hwdl9yZWVsc19wZXJtYW5lbnRfc3JfcHJvZC9EOTRCMEYwMjRDNjRBQkMwNkZGM0VENDc2NDBBNjg4MV92aWRlb19kYXNoaW5pdC5tcDQVAALIARIAFQIYRmlnX3hwdl9yZWVsc19wZXJtYW5lbnRfc3JfcHJvZC83MDEyOTA0MTkyOTM2MjdfNzYyNzE1MzM5NDgxMjY0NzU5OS5tcDQVAgLIARIAKAAYABsCiAd1c2Vfb2lsATEScHJvZ3Jlc3NpdmVfcmVjaXBlATEVAAAmmvKTxsWU3wQVAigCQzMsF0BR12yLQ5WBGBJkYXNoX2Jhc2VsaW5lXzFfdjERAHUAZeadAQA&_nc_gid=3nw6QMYEmnj__X4hFjERdA&_nc_ss=7b289&_nc_zt=28&oh=00_Af8hf99uOPVp5SBIgN3JcRuKQHHwqmXTW4oCJ5CV5h1Zgg&oe=6A32B8A1 | SD: https://video.fjai6-1.fna.fbcdn.net/o1/v/t2/f2/m86/AQPVliipCmzJM_WYfLNo-F-xw2KyjmuweKyvn3ziLgOjjKIvUxg11Q7d5V5jz3sdiuTESDmtxbA15N1tm9ayoHLKomswTZisiKS1p4U.mp4?_nc_cat=102&_nc_oc=AdoJNFAjjDe3jVantV1wBoeL3z0nf1-OzGgwyIYgpG0Lmk1SCcMUi9WP9uyU1lSZU1dN-f8NqgiWV-mUXg6xmyov&_nc_sid=b66105&_nc_ht=video.fjai6-1.fna.fbcdn.net&_nc_ohc=OW7RblAlHGUQ7kNvwGC_Q3s&efg=eyJ2ZW5jb2RlX3RhZyI6Inhwdl9wcm9ncmVzc2l2ZS5WSV9VU0VDQVNFX1BST0RVQ1RfVFlQRS4uQzMuMzYwLmRhc2hfYmFzZWxpbmVfM192MSIsInhwdl9hc3NldF9pZCI6MTMzNTE2MDA0ODA5MDI1MywiYXNzZXRfYWdlX2RheXMiOjIwNSwidmlfdXNlY2FzZV9pZCI6MTAwOTksImR1cmF0aW9uX3MiOjcxLCJ1cmxnZW5fc291cmNlIjoid3d3In0%3D&ccb=17-1&vs=715642409cd03821&_nc_vs=HBksFQIYUmlnX3hwdl9yZWVsc19wZXJtYW5lbnRfc3JfcHJvZC8xQjQ3OUQxQzZEOTE3NkJDQUI0QjgxQzkyMzc5QTVBMl92aWRlb19kYXNoaW5pdC5tcDQVAALIARIAFQIYRmlnX3hwdl9yZWVsc19wZXJtYW5lbnRfc3JfcHJvZC83MDEyOTA0MTkyOTM2MjdfNzYyNzE1MzM5NDgxMjY0NzU5OS5tcDQVAgLIARIAKAAYABsCiAd1c2Vfb2lsATEScHJvZ3Jlc3NpdmVfcmVjaXBlATEVAAAmmvKTxsWU3wQVAigCQzMsF0BR12yLQ5WBGBJkYXNoX2Jhc2VsaW5lXzNfdjERAHUAZeadAQA&_nc_gid=3nw6QMYEmnj__X4hFjERdA&_nc_ss=7b289&_nc_zt=28&oh=00_Af-uD346h2wCNK0CicZL579EJUcyrQdOhdB0c7V_iRV-5Q&oe=6A32C5E7 | Preview: https://scontent.fjai6-1.fna.fbcdn.net/v/t39.35426-6/590297213_857426846772650_5068800931963206608_n.jpg?_nc_cat=104&ccb=1-7&_nc_sid=c53f8f&_nc_ohc=hYAqrQdEcHoQ7kNvwEfsM1R&_nc_oc=Adpr7T99KqgrKjDK_NAYKWcoS5e48tUyqBoz2A4VfMr4FvBOxoIZyPWMCzRb4r9HYHIP-1bFe2iPJ9YiMUGIerZF&_nc_zt=14&_nc_ht=scontent.fjai6-1.fna&_nc_gid=3nw6QMYEmnj__X4hFjERdA&_nc_ss=7b289&oh=00_Af8blj7_arazlnOWLCtU_PtW4T9RHS0MX2fEwVaaSzD2wA&oe=6A36B127,,,,,,,
1028587729624170,https://www.facebook.com/gpsgroupambernath/,fb.me,https://www.facebook.com/gpsgroupambernath/,,,,,093739 48488,,,,101107229138197,http://fb.me/,GPS Group,https://www.facebook.com/ads/library/?id=1028587729624170,"Own a Premium Commercial Space Just Outside Ambernath Station 🚉

Introducing GPS Business Park — premium shops & offices in Ambernath East designed for businesses that want maximum visibility and customer footfall.

💼 Ideal for Retail | Offices | Investment
💰 Starting from ₹43.80 Lakhs* (All Inclusive)

Limited units available.
📞 9373948488
🌐 www.gpsambernath.com",361,Learn more,fb.me,"FACEBOOK; INSTAGRAM",2026-05-23,2026-06-15,HD: https://video.fjai6-1.fna.fbcdn.net/o1/v/t2/f2/m366/AQPLwI4OjfKXtPubQmNldA4FFoXWh44i4fhT2CurJEGc4Sogyt8xsOSJNpT9jOGU7YiGi_MMF9O8wl0s_NUcS-LiKfQ2QMaCaa7RBVgz5UnPQA.mp4?_nc_cat=101&_nc_oc=AdrnRA1QCGp_8rrSZWt6EweOqdac1hkaB6rICPGIWgUu6gUXpWITjOp_LsWhTPNhZgIk7pIt1qGu5PbrVWIPNx6w&_nc_sid=b66105&_nc_ht=video.fjai6-1.fna.fbcdn.net&_nc_ohc=ye70l1l1s48Q7kNvwGvlA5x&efg=eyJ2ZW5jb2RlX3RhZyI6Inhwdl9wcm9ncmVzc2l2ZS5WSV9VU0VDQVNFX1BST0RVQ1RfVFlQRS4uQzMuNzIwLmRhc2hfaDI2NC1iYXNpYy1nZW4yXzcyMHAiLCJ4cHZfYXNzZXRfaWQiOjE1NTEwOTA3Mzk2ODI5OTUsImFzc2V0X2FnZV9kYXlzIjoyMywidmlfdXNlY2FzZV9pZCI6MTA3OTksImR1cmF0aW9uX3MiOjUyLCJ1cmxnZW5fc291cmNlIjoid3d3In0%3D&ccb=17-1&vs=22bd53231a48f052&_nc_vs=HBksFQIYRWZiX2VwaGVtZXJhbC85MzQyRjBBMDlFNEQ3MThCOTQ3NjU5MjU1M0FDNDg4N19tdF8xX3ZpZGVvX2Rhc2hpbml0Lm1wNBUAAsgBEgAVAhhAZmJfcGVybWFuZW50L0MxNDEyNzkyQTdGRkQ0ODY3NUU3RDEwMkFDRTBERkE1X2F1ZGlvX2Rhc2hpbml0Lm1wNBUCAsgBEgAoABgAGwKIB3VzZV9vaWwBMRJwcm9ncmVzc2l2ZV9yZWNpcGUBMRUAACbm-uzIrq3BBRUCKAJDMywXQEoPXCj1wo8YGWRhc2hfaDI2NC1iYXNpYy1nZW4yXzcyMHARAHUAZd6oAQA&_nc_gid=pPs6LGOk-Q7Lh57amGwQWw&_nc_ss=7b289&_nc_zt=28&oh=00_Af_cngWjoVFrc0hka7or7H64VLHF6Ehf7-dZObBH2Nb1fg&oe=6A36DF37 | SD: https://video.fjai6-1.fna.fbcdn.net/o1/v/t2/f2/m412/AQMS5DO4I6nralb7iEIWCmxu_e3X1YygBflibDKs08vkPpSupt2m99WfrryRuhoe0QXAkaGZpJY486XZpXf7qGw1GR6RaXmaFCLIMwjI4Q.mp4?_nc_cat=107&_nc_oc=AdpbcayRrmenYvRX0VtZ8GcetnYfK-fckWzrTdICqX_9tbBs6toYnYt256FPCfO0zWc7yNpeYLfG5BMlqvH5d1ZW&_nc_sid=ef5aa3&_nc_ht=video.fjai6-1.fna.fbcdn.net&_nc_ohc=eVHvoEKaefsQ7kNvwEED14X&efg=eyJ2ZW5jb2RlX3RhZyI6Inhwdl9wcm9ncmVzc2l2ZS5WSV9VU0VDQVNFX1BST0RVQ1RfVFlQRS4uQzMuMzYwLnN2ZV9zZCIsInhwdl9hc3NldF9pZCI6MTU1MTA5MDczOTY4Mjk5NSwiYXNzZXRfYWdlX2RheXMiOjIzLCJ2aV91c2VjYXNlX2lkIjoxMDc5OSwiZHVyYXRpb25fcyI6NTIsInVybGdlbl9zb3VyY2UiOiJ3d3cifQ%3D%3D&ccb=17-1&_nc_gid=pPs6LGOk-Q7Lh57amGwQWw&_nc_ss=7b289&_nc_zt=28&oh=00_Af9DIQOvH-DIts8qFoE8CTlHLAyjRNgJLTMbikFx1dpQCg&oe=6A36AC3B | Preview: https://scontent.fjai6-1.fna.fbcdn.net/v/t39.35426-6/705061676_1476751763910331_7604706853195821567_n.jpg?_nc_cat=107&ccb=1-7&_nc_sid=c53f8f&_nc_ohc=gksOv0rQE5wQ7kNvwEPX7fc&_nc_oc=AdqlBA9S4Fr0sdrYfRjekC9_O0pqQZPJJEKJ5wM3F_DPUp8_oWP-aJP8AoHOqGyHuHfsoUluGSFy4B0enYgA1AaE&_nc_zt=14&_nc_ht=scontent.fjai6-1.fna&_nc_gid=pPs6LGOk-Q7Lh57amGwQWw&_nc_ss=7b289&oh=00_Af-UtWnDxKXljlAtFvzu1TLUVgBH4_3xO6iTktPHvIVP0A&oe=6A36D72A,,,,,,,
929412363399229,https://www.facebook.com/61586673022569/,fb.me,https://www.facebook.com/61586673022569/,,,,marketing@nextcrown.in,+91 70001 69001,,,,932591996604598,http://fb.me/,Next Crown One,https://www.facebook.com/ads/library/?id=929412363399229,"🏙️ Looking for the best commercial property in Ambernath?
✨ Welcome to Business Royals, Ambernath (W) – a premium commercial project designed for modern businesses and smart investors.

💼 Premium Office Spaces in Ambernath
🛍️ High-Street Shops for Sale
📈 Excellent Investment Opportunity with High Growth Potential
🚉 Prime Location with Great Connectivity
👑 Luxury Commercial Spaces with Modern Infrastructure

✔️ Offices Starting From ₹38 Lakhs*
✔️ Shops Starting From ₹80 Lakhs*
📍 Ambernath West

📞 Book Your Commercial Space Today!

#CommercialProjectAmbernath #CommercialProperty #OfficeSpaceInAmbernath #ShopsInAmbernath #CommercialPropertyInAmbernath",13,Book now,fb.me,"FACEBOOK; INSTAGRAM",2026-05-30,2026-06-15,HD: https://video.fjai6-1.fna.fbcdn.net/o1/v/t2/f2/m367/AQMWTRNMRtgb0iE0o8ipVbQ-vYAuDk7304NO8FEvKVUnrz381t_rblnXn_F-ortwbm13g6ImEPpLmFt1eA0dbWcdkaZnKXvXVtwBPU3Glw.mp4?_nc_cat=101&_nc_oc=AdqL0sR-764xn5jZCTVm4GnYjciv7-XKokD0rQoOkVgk1gQW60LywxYLDeiLA3CsHvqsKVG0C7oAP0kKxHhr4sWC&_nc_sid=ef5aa3&_nc_ht=video.fjai6-1.fna.fbcdn.net&_nc_ohc=kDjueDQd56sQ7kNvwH2Zabr&efg=eyJ2ZW5jb2RlX3RhZyI6Inhwdl9wcm9ncmVzc2l2ZS5WSV9VU0VDQVNFX1BST0RVQ1RfVFlQRS4uQzMuNzIwLnByb2dyZXNzaXZlX2gyNjQtYmFzaWMtZ2VuMl83MjBwIiwieHB2X2Fzc2V0X2lkIjoxNzg4MTk0NjM3MzU3NDY2NiwiYXNzZXRfYWdlX2RheXMiOjI5LCJ2aV91c2VjYXNlX2lkIjoxMDA5OSwiZHVyYXRpb25fcyI6NDAsInVybGdlbl9zb3VyY2UiOiJ3d3cifQ%3D%3D&ccb=17-1&_nc_gid=zO5cVbd_6UO-2qrQyRvISQ&_nc_ss=7b289&_nc_zt=28&oh=00_Af_V59BgGsovIQ5twXMBsRxnDg5QaY-kv7pxM_eHwoyLXw&oe=6A36E0B1 | SD: https://video.fjai6-1.fna.fbcdn.net/o1/v/t2/f2/m367/AQONTc9r_O70SjBn99jeM4nvJw4lTgTAmzcErQkw5VdBVMT7THJC3nLUcMbB2lDPth93Z6Ib-7ObwGUHgc2hNsOsBeGcOjo3jkZ8Bt3yJA.mp4?_nc_cat=106&_nc_oc=AdpEQq-pyllULe2jnsN3iaAt_V40lnBuKQbFyBa0q0P9D1PVJFzPc8uOQyDUzArhsSMC5TuU-Y9ARlxMFv5KQyJE&_nc_sid=ef5aa3&_nc_ht=video.fjai6-1.fna.fbcdn.net&_nc_ohc=oWNJpbmDZr4Q7kNvwG8xKCm&efg=eyJ2ZW5jb2RlX3RhZyI6Inhwdl9wcm9ncmVzc2l2ZS5WSV9VU0VDQVNFX1BST0RVQ1RfVFlQRS4uQzMuMzYwLnByb2dyZXNzaXZlX2gyNjQtYmFzaWMtZ2VuMl8zNjBwIiwieHB2X2Fzc2V0X2lkIjoxNzg4MTk0NjM3MzU3NDY2NiwiYXNzZXRfYWdlX2RheXMiOjI5LCJ2aV91c2VjYXNlX2lkIjoxMDA5OSwiZHVyYXRpb25fcyI6NDAsInVybGdlbl9zb3VyY2UiOiJ3d3cifQ%3D%3D&ccb=17-1&_nc_gid=zO5cVbd_6UO-2qrQyRvISQ&_nc_ss=7b289&_nc_zt=28&oh=00_Af-x-2sNRO8_90Wz4wXNY0ROM8QaSLs7w-IIPAZyJ24sfw&oe=6A36C4BC | Preview: https://scontent.fjai6-1.fna.fbcdn.net/v/t39.35426-6/703979339_1121265830222564_1131317191332343605_n.jpg?_nc_cat=107&ccb=1-7&_nc_sid=c53f8f&_nc_ohc=AhXkRlWUqTwQ7kNvwF8rmtN&_nc_oc=AdoPIxQCTVf1G20PVRvqzERCwnRW0mPcrNljrcZjT86YQqvAKzg6mOvIRY6n2sn3lQrCs8ykVQfX00bEcpwWJTmK&_nc_zt=14&_nc_ht=scontent.fjai6-1.fna&_nc_gid=zO5cVbd_6UO-2qrQyRvISQ&_nc_ss=7b289&oh=00_Af9YCYE49YaiqMAxHA4BZUklNj6QCd5Iryg7ViNNzD3AlQ&oe=6A36D5BE,,,,,,,
932673076049100,https://www.facebook.com/mandatesales/,api.whatsapp.com,https://www.facebook.com/mandatesales/,,,,sales.mandate1@gmail.com,+91 99304 28193,,,,109942124964437,https://api.whatsapp.com/send,Mandate Sales,https://www.facebook.com/ads/library/?id=932673076049100,"Presenting Commercial Project  –Turbhe MIDC

🔑 The Power Address for Smart Investors📍

🚨 Exclusive Pre-Launch Investment Opportunity – Now Open!!!

💼 Premium Commercial Offices Starting at  base value 36 Lakhs+++ 

G+31 Storey Grade A Commercial Complex

💹 Strategic Turbhe  Location | High ROI Potential

✔️ Prime Commercial Zone
✔️ Assured Rental Yield
✔️ Excellent Appreciation Scope
✔️ Limited Pre-Launch Inventory
✔️ Largest Grade A Commercial Complex in Vashi!!!
✔️ Carpet starts from 400 Sqft

🔒 Secure your investment at exclusive pre-launch rates before price revision!!!

📞 Contact us now for pricing, floor plans & priority booking!!! 

099304 28193",102,Send WhatsApp message,WhatsApp,"FACEBOOK; INSTAGRAM; AUDIENCE_NETWORK; MESSENGER; WHATSAPP",2026-04-17,2026-06-15,,Original: https://scontent.fjai6-1.fna.fbcdn.net/v/t39.35426-6/672333964_1506883434170762_620455314163417506_n.jpg?_nc_cat=101&ccb=1-7&_nc_sid=c53f8f&_nc_ohc=JWE4RHlWcI4Q7kNvwHHEK5-&_nc_oc=Ado85E2eTOSUQ_-WpbXFXruPZ3f6IGSdoWIgX05GsCacGGXtowpWF6mOCHi16pu4HAXE4ffK-WaDi5idh1OKaQmW&_nc_zt=14&_nc_ht=scontent.fjai6-1.fna&_nc_gid=dE92Bknyw_UrAOWKr0imSg&_nc_ss=7b289&oh=00_Af_bWGC0iy1Rm4vW9rCWUK6Ygi4l1h74d-7nXSkHTO9NcA&oe=6A36CCDE | Resized: https://scontent.fjai6-1.fna.fbcdn.net/v/t39.35426-6/673822881_931798449856879_4736950046349160032_n.jpg?stp=dst-jpg_s600x600_tt6&_nc_cat=101&ccb=1-7&_nc_sid=c53f8f&_nc_ohc=Hv3Qn0Ygn2gQ7kNvwEfVt-N&_nc_oc=Adpyb5opKQZA8j1Uhe9etpnbkygrABGVFismwJR_YfkE_Z2rmcJB9Li7pBpDV0B45fbPvkUZ7BZbfwuoqeVHjv3k&_nc_zt=14&_nc_ht=scontent.fjai6-1.fna&_nc_gid=dE92Bknyw_UrAOWKr0imSg&_nc_ss=7b289&oh=00_Af-_MNvqQy1TiLrUgKV6mtVjTMV1wpzk7vhYDLd3mofkyg&oe=6A36B395,,,,,,
1576806751121765,https://www.facebook.com/61556650443770/,api.whatsapp.com,https://www.facebook.com/61556650443770/,,,,goldstonegranites1234@gmail.com,+91 89255 30000,,,,261374603717659,https://api.whatsapp.com/send,Goldstone Granites,https://www.facebook.com/ads/library/?id=1576806751121765,"Upgrade your home with premium Tiles, Granite, Quartz & Natural Stone from Gold Stone Granites.

Explore a huge collection of modern designs, durable surfaces, and elegant finishes at factory-direct prices. Perfect for kitchens, flooring, bathrooms, staircases, and commercial projects.

✅ Premium Quality
✅ Latest Designs
✅ Wholesale & Retail
✅ Best Factory Rates

📞 89255 30000 | 9301339999
📍 Sector 82, JLPL Industrial Area, Mohali",1164,Send WhatsApp message,api.whatsapp.com,"FACEBOOK; INSTAGRAM; AUDIENCE_NETWORK; MESSENGER; WHATSAPP",2026-06-05,2026-06-14,HD: https://video.fjai6-1.fna.fbcdn.net/o1/v/t2/f2/m366/AQOsFF5oLbA8hj-YIIhKkVvR_PMcmhqgpEH4aFYiG-QwXc6UejE98xydztCb6h4lu1WMWhok99PVOdsUW6fouPiUX7hd8wqDoB5n5-t38q6VGQ.mp4?_nc_cat=108&_nc_oc=AdoUwU85nu_zSSG03fRwPTlejFDJ5nDkdEdc_47YUEI20HjTU_hrEX8ntDnhDexButjOyeNXVNfXtXp4W8Jo3I01&_nc_sid=b66105&_nc_ht=video.fjai6-1.fna.fbcdn.net&_nc_ohc=Z6VuReNNRT8Q7kNvwFW7Kgx&efg=eyJ2ZW5jb2RlX3RhZyI6Inhwdl9wcm9ncmVzc2l2ZS5WSV9VU0VDQVNFX1BST0RVQ1RfVFlQRS4uQzMuNzIwLmRhc2hfaDI2NC1iYXNpYy1nZW4yXzcyMHAiLCJ4cHZfYXNzZXRfaWQiOjk0MzY5NzQwNTMwNjM2MSwiYXNzZXRfYWdlX2RheXMiOjQ1LCJ2aV91c2VjYXNlX2lkIjoxMDc5OSwiZHVyYXRpb25fcyI6MzQsInVybGdlbl9zb3VyY2UiOiJ3d3cifQ%3D%3D&ccb=17-1&vs=a9b9ea87f93e2730&_nc_vs=HBksFQIYRWZiX2VwaGVtZXJhbC9GMjQzM0Q4MTA3M0RBQkNGNEI1ODQ4Q0RFMjY1QzY5N19tdF8xX3ZpZGVvX2Rhc2hpbml0Lm1wNBUAAsgBEgAVAhhAZmJfcGVybWFuZW50L0M1NDE2MkM4RjA0M0M1RTVDOTdDRDI4QTMwOEJDQjlCX2F1ZGlvX2Rhc2hpbml0Lm1wNBUCAsgBEgAoABgAGwKIB3VzZV9vaWwBMRJwcm9ncmVzc2l2ZV9yZWNpcGUBMRUAACbyl_PJtZKtAxUCKAJDMywXQEEMzMzMzM0YGWRhc2hfaDI2NC1iYXNpYy1nZW4yXzcyMHARAHUAZd6oAQA&_nc_gid=JswfNuOI3UXbf506dYz_eQ&_nc_ss=7b289&_nc_zt=28&oh=00_Af9Jc70VBD5BHOS1jWSFV-LYoxFTKLZmwxrI7Y_eMwMVxw&oe=6A36D90C | SD: https://video.fjai6-1.fna.fbcdn.net/o1/v/t2/f2/m412/AQMk0snLZo0LfONiduiPF1ecII1xPPgenjSuoi34yGWzcupr6ocdzVRJtvpvPIsSn5XB3_PatWhN-f1M_dZO-gossog_G3bdn0XL_Adn_w.mp4?_nc_cat=104&_nc_oc=AdpbjPZIh98kpBW-DoNk7kO--2x7fbGKDBn-R11MMEFGqGq5t-y4fdV5Ud_jleOC54h9sj13a9XvKqiaaPNu6bLB&_nc_sid=ef5aa3&_nc_ht=video.fjai6-1.fna.fbcdn.net&_nc_ohc=wKT21w41DkkQ7kNvwGFRfhS&efg=eyJ2ZW5jb2RlX3RhZyI6Inhwdl9wcm9ncmVzc2l2ZS5WSV9VU0VDQVNFX1BST0RVQ1RfVFlQRS4uQzMuMzYwLnN2ZV9zZCIsInhwdl9hc3NldF9pZCI6OTQzNjk3NDA1MzA2MzYxLCJhc3NldF9hZ2VfZGF5cyI6NDUsInZpX3VzZWNhc2VfaWQiOjEwNzk5LCJkdXJhdGlvbl9zIjozNCwidXJsZ2VuX3NvdXJjZSI6Ind3dyJ9&ccb=17-1&_nc_gid=JswfNuOI3UXbf506dYz_eQ&_nc_ss=7b289&_nc_zt=28&oh=00_Af8d0_xiFib3xiN1QlOPPxoIpbU5Oqyl5H_h_Cc4-8GNoQ&oe=6A36CBCE | Preview: https://scontent.fjai6-1.fna.fbcdn.net/v/t39.35426-6/717201023_2429244887588930_8965356351199818022_n.jpg?_nc_cat=102&ccb=1-7&_nc_sid=c53f8f&_nc_ohc=P3-WVnMsXdQQ7kNvwFBxh_V&_nc_oc=AdossSPzGwBgjUr1qp4jzGsnSUshM8aPtZnF49tWiwrH43SxWQXM2oXmW7YOyiBvT7caUGVscQGn-8aKDUBpeov1&_nc_zt=14&_nc_ht=scontent.fjai6-1.fna&_nc_gid=JswfNuOI3UXbf506dYz_eQ&_nc_ss=7b289&oh=00_Af_VSSPRaffe8us0o7E_X-qMWL7C4nS_xiKGMkd-oODvPw&oe=6A36CDA0,,,,,,,
1499401788063651,https://www.facebook.com/61565167344649/,fb.me,https://www.facebook.com/61565167344649/,,,,thestate@omaxe.com,+91 6759 362 945,,,,355874497618395,http://fb.me/,Omaxe The State,https://www.facebook.com/ads/library/?id=1499401788063651,"Introducing the 𝐎𝐦𝐚𝐱𝐞 𝐒𝐭𝐚𝐭𝐞⚡ Dwarka. Virtual Retail Spaces at Delhi's most connected commercial hub, Sector 19B, Dwarka.

✅ 8 min from IGI Airport 
✅ 5 lakh sq. ft. Food District 
✅ 75% retail on ground floor 
✅ 50:50 Payment Plan 
✅ Designed by 24 global consultants

𝗩𝗶𝗿𝘁𝘂𝗮𝗹 𝗥𝗲𝘁𝗮𝗶𝗹 𝗦𝗽𝗮𝗰𝗲𝘀 𝗳𝗿𝗼𝗺 ₹𝟳𝟳.𝟱 𝗟𝗮𝗸𝗵* | 𝟱𝟬:𝟱𝟬 𝗣𝗹𝗮𝗻 | 𝗦𝗲𝗰𝘁𝗼𝗿 𝟭𝟵𝗕, 𝗗𝘄𝗮𝗿𝗸𝗮. 𝗘𝗻𝗾𝘂𝗶𝗿𝗲 𝘁𝗼𝗱𝗮𝘆📍",54,Learn more,fb.me,"FACEBOOK; INSTAGRAM",2026-05-19,2026-06-15,HD: https://video.fjai6-1.fna.fbcdn.net/o1/v/t2/f2/m366/AQNv2eqf1EkSdnAdAmJefZfOHSO7KUkr-SMWW7LvrwNZdGF2hSgihkcuOwsqbBr5IxXFc-xDtDUlNjDnIBDF0NN-RyvhteGYiaTID9jiCH-xQw.mp4?_nc_cat=102&_nc_oc=AdreWVMl0Yty4Le7eK8vvvIBNLi2qZUh_E3oUdnJHw5PkJjtH8P3lcG4Gv4uDP_nU6B_lUDmZEiCdPz0H-TGhaNo&_nc_sid=b66105&_nc_ht=video.fjai6-1.fna.fbcdn.net&_nc_ohc=KZVec5rAxRcQ7kNvwF5Z1Ro&efg=eyJ2ZW5jb2RlX3RhZyI6Inhwdl9wcm9ncmVzc2l2ZS5WSV9VU0VDQVNFX1BST0RVQ1RfVFlQRS4uQzMuNzIwLmRhc2hfaDI2NC1iYXNpYy1nZW4yXzcyMHAiLCJ4cHZfYXNzZXRfaWQiOjIxNDQ2NzE5ODMwMzkzOTYsImFzc2V0X2FnZV9kYXlzIjoyNywidmlfdXNlY2FzZV9pZCI6MTA3OTksImR1cmF0aW9uX3MiOjczLCJ1cmxnZW5fc291cmNlIjoid3d3In0%3D&ccb=17-1&vs=ed8a8125f5c8dfde&_nc_vs=HBksFQIYRWZiX2VwaGVtZXJhbC8zQzQwRUY4Mzc0QTQ0MTc2MThCODA1OUI1NDE2RDk5NF9tdF8xX3ZpZGVvX2Rhc2hpbml0Lm1wNBUAAsgBEgAVAhhAZmJfcGVybWFuZW50L0MyNEZBOUJFMTRGNzBEQjI0OEJCNUUzNDQ0MjhGRkE1X2F1ZGlvX2Rhc2hpbml0Lm1wNBUCAsgBEgAoABgAGwKIB3VzZV9vaWwBMRJwcm9ncmVzc2l2ZV9yZWNpcGUBMRUAACbIzqu7q6TPBxUCKAJDMywXQFJ90vGp--cYGWRhc2hfaDI2NC1iYXNpYy1nZW4yXzcyMHARAHUAZd6oAQA&_nc_gid=JswfNuOI3UXbf506dYz_eQ&_nc_ss=7b289&_nc_zt=28&oh=00_Af-qQJEFUEAKnFuXCZeQzqUziyfXTXzR_fj69nNvMOt3WQ&oe=6A36D3C6 | SD: https://video.fjai6-1.fna.fbcdn.net/o1/v/t2/f2/m412/AQNMlYnzpqhSjae6HZyRD1yfxHyLDv0cfLKHoLi40LPLbka8-aB_fBuKed_zx93Kz_kJvQ0-L2D2t0aqbbCLQ1k5veGd2FICtgBP8pm31g.mp4?_nc_cat=100&_nc_oc=AdrQej2yz2rL4xnGW9gl1WMpiZvuYcBFxZlRJe-YLdJQGfMBO7EzabA7GEhqODPKWrUqSFPYsLrGfsS9IlNwv268&_nc_sid=ef5aa3&_nc_ht=video.fjai6-1.fna.fbcdn.net&_nc_ohc=j8W39jPkJScQ7kNvwFtbvLE&efg=eyJ2ZW5jb2RlX3RhZyI6Inhwdl9wcm9ncmVzc2l2ZS5WSV9VU0VDQVNFX1BST0RVQ1RfVFlQRS4uQzMuMzYwLnN2ZV9zZCIsInhwdl9hc3NldF9pZCI6MjE0NDY3MTk4MzAzOTM5NiwiYXNzZXRfYWdlX2RheXMiOjI3LCJ2aV91c2VjYXNlX2lkIjoxMDc5OSwiZHVyYXRpb25fcyI6NzMsInVybGdlbl9zb3VyY2UiOiJ3d3cifQ%3D%3D&ccb=17-1&_nc_gid=JswfNuOI3UXbf506dYz_eQ&_nc_ss=7b289&_nc_zt=28&oh=00_Af8DVkCSgdbnoa75b9At82Mv3UmK0eIrqcpehyietCogWA&oe=6A36D94A | Preview: https://scontent.fjai6-1.fna.fbcdn.net/v/t39.35426-6/703026540_1282708773977379_7506371365748324679_n.jpg?_nc_cat=105&ccb=1-7&_nc_sid=c53f8f&_nc_ohc=slb8mXyeidIQ7kNvwEwC6wJ&_nc_oc=AdrQcIC8oBHGBpQkxE1cY1I9g7OOZpMS6sHbOXrlRfZ9qj-4JW8uiFQ_kU3XZlICi5qq8VyUyoq0tEnSPVkcAEEE&_nc_zt=14&_nc_ht=scontent.fjai6-1.fna&_nc_gid=JswfNuOI3UXbf506dYz_eQ&_nc_ss=7b289&oh=00_Af8l-Px1XuOR_uVyv2fz9JcRKjbuMeFis17QEqCncmLDaA&oe=6A36C7F1,,,,,,,
1382425313714872,https://www.facebook.com/speedoring/,fb.me,https://www.facebook.com/speedoring/,,,,speedoring@gmail.com,+91 90566 66615,,,,1298918316821027,http://fb.me/,SpeedoRing.com,https://www.facebook.com/ads/library/?id=1382425313714872,"𝗣𝗿𝗲𝗺𝗶𝘂𝗺 𝗦𝗖𝗢 𝗣𝗹𝗼𝘁𝘀 & 𝗣𝗿𝗲-𝗟𝗲𝗮𝘀𝗲𝗱 𝗦𝗵𝗼𝘄𝗿𝗼𝗼𝗺𝘀 Starting 𝗙𝗿𝗼𝗺 ₹𝟭.𝟬𝟱 𝗖𝗿*📍Sector 115 Mohali, Connected to 𝗣𝗥-𝟲 𝗔𝗶𝗿𝗽𝗼𝗿𝘁 𝗥𝗼𝗮𝗱.

• Investment Starting From ₹1.05 Cr*
• Potential Rental Income
• Premium SCO Plots & Pre-Leased Showrooms
• Massive Frontage & Brand Visibility
• Drive Through Zones
• Food Court & Entertainment Spaces
• Basement & Surface Parking
• Modern Infrastructure & Spacious Public Areas

Introducing Amayra Superia — a premium 12.5 Acre RERA Approved commercial destination designed for modern investors, retailers and growing businesses.

Strategically located in Sector 115 with seamless connectivity to PR-6 Airport Road, this future-ready commercial hub offers premium SCO plots and pre-leased built-up showroom floors with excellent visibility, strong footfall potential and high appreciation opportunities.

Leading brands have already started establishing their presence, creating stronger business opportunities and long-term investment value.

Whether you are looking for rental income, business expansion or future appreciation — Amayra Superia offers an opportunity built for growth.

Schedule Your Site Visit Today.",8957,Get quote,fb.me,"FACEBOOK; INSTAGRAM; AUDIENCE_NETWORK",2026-06-02,2026-06-15,HD: https://video.fjai6-1.fna.fbcdn.net/o1/v/t2/f2/m366/AQMFq69kJ1Pz3YB_nAo7BZQpHK6g1e18tdg3I_mXIxfTVYtBBmxugtBQhr9-4cC-Vhl9LZG4BbFD2Jt6L0p-Mkq7PerLmIyzWwQy6QIsCMdtmw.mp4?_nc_cat=102&_nc_oc=Adr1OyP9XXHUTsegOvrqgksUAAUKLxxozV1Af_HSBc1ALSgU_ZSJ3KCFE6XlI0cP-KkcrL2QYekneDNH2zfCEGlZ&_nc_sid=b66105&_nc_ht=video.fjai6-1.fna.fbcdn.net&_nc_ohc=3FDj57AH2nMQ7kNvwF7MO5y&efg=eyJ2ZW5jb2RlX3RhZyI6Inhwdl9wcm9ncmVzc2l2ZS5WSV9VU0VDQVNFX1BST0RVQ1RfVFlQRS4uQzMuNzIwLmRhc2hfaDI2NC1iYXNpYy1nZW4yXzcyMHAiLCJ4cHZfYXNzZXRfaWQiOjIxMjA2MjMyOTUzODU4NDEsImFzc2V0X2FnZV9kYXlzIjoxNywidmlfdXNlY2FzZV9pZCI6MTA3OTksImR1cmF0aW9uX3MiOjcyLCJ1cmxnZW5fc291cmNlIjoid3d3In0%3D&ccb=17-1&vs=983f20040fab2fc7&_nc_vs=HBksFQIYRWZiX2VwaGVtZXJhbC81RjQzNDUyODk2ODMwQUQ5RkU0OEY2OThEOENDRTlBM19tdF8xX3ZpZGVvX2Rhc2hpbml0Lm1wNBUAAsgBEgAVAhhAZmJfcGVybWFuZW50LzMxNENBOTEyRDYzMzQyRTNGMjU2QjQ4MTREOEFDN0I0X2F1ZGlvX2Rhc2hpbml0Lm1wNBUCAsgBEgAoABgAGwKIB3VzZV9vaWwBMRJwcm9ncmVzc2l2ZV9yZWNpcGUBMRUAACbiw8rjwqzEBxUCKAJDMywXQFIwo9cKPXEYGWRhc2hfaDI2NC1iYXNpYy1nZW4yXzcyMHARAHUAZd6oAQA&_nc_gid=JswfNuOI3UXbf506dYz_eQ&_nc_ss=7b289&_nc_zt=28&oh=00_Af_v6_Xp6KV3wvmc8c48MxuvHCaf_nKNT0otP1bg8VYplQ&oe=6A36B2CE | SD: https://video.fjai6-1.fna.fbcdn.net/o1/v/t2/f2/m412/AQPUcgI9wewmpGtMZjmCbO_25EgCPuItbmbR-Ak8xFQgIWM52FeqZHd25ZphsG22nSd0Ys6_xUWcdMu6wzmBG0OpxpQfvs_RPJgAQEp6Fg.mp4?_nc_cat=109&_nc_oc=AdqzH4AOp9ptM3m49d9AIOz5wlsFC40AGsP_teOiQfWdbasDVpqZOVwpRwiqiWrwTQqSU9Oh069sWy03qPRhU__g&_nc_sid=ef5aa3&_nc_ht=video.fjai6-1.fna.fbcdn.net&_nc_ohc=z68obGkcxHoQ7kNvwF_TsDw&efg=eyJ2ZW5jb2RlX3RhZyI6Inhwdl9wcm9ncmVzc2l2ZS5WSV9VU0VDQVNFX1BST0RVQ1RfVFlQRS4uQzMuMzYwLnN2ZV9zZCIsInhwdl9hc3NldF9pZCI6MjEyMDYyMzI5NTM4NTg0MSwiYXNzZXRfYWdlX2RheXMiOjE3LCJ2aV91c2VjYXNlX2lkIjoxMDc5OSwiZHVyYXRpb25fcyI6NzIsInVybGdlbl9zb3VyY2UiOiJ3d3cifQ%3D%3D&ccb=17-1&_nc_gid=JswfNuOI3UXbf506dYz_eQ&_nc_ss=7b289&_nc_zt=28&oh=00_Af8e23OX4pHQ0KRw7emXO8rg7jENDGJXGh6_-FppgNRjvg&oe=6A36BCD1 | Preview: https://scontent.fjai6-1.fna.fbcdn.net/v/t39.35426-6/711368792_4291021511211752_6748626112421266545_n.jpg?_nc_cat=110&ccb=1-7&_nc_sid=c53f8f&_nc_ohc=OLDFob5uqXQQ7kNvwGOH9Ji&_nc_oc=AdqsSIGuFMQYyuYRBKpjun9qlGeM9cij_lOmX4rIxhWgLgCDHC341JiBVLm9c5kKpwSQEX5Uu6Z9Ad-Lkh4JF_K8&_nc_zt=14&_nc_ht=scontent.fjai6-1.fna&_nc_gid=JswfNuOI3UXbf506dYz_eQ&_nc_ss=7b289&oh=00_Af85BrLJbZJcoXAvwifo3tspupKiWpzF1_Gz4rrJIYRzSQ&oe=6A36D02E,,,,,,,
987371054154912,https://www.facebook.com/omaxedwarka19/,fb.me,https://www.facebook.com/omaxedwarka19/,,,,sales@omaxemalldwarka.com,+91 92509 33111,,,,287499021118515,http://fb.me/,Omaxē Developer,https://www.facebook.com/ads/library/?id=987371054154912,"𝐈𝐧𝐯𝐞𝐬𝐭 𝐓𝐨𝐝𝐚𝐲 IN RETAIL SHOPS NEXT TO ICC APPROVED CRICKET STADIUM. 𝐒𝐞𝐜𝐮𝐫𝐞 𝐋𝐢𝐟𝐞𝐭𝐢𝐦𝐞 𝐌𝐨𝐧𝐭𝐡𝐥𝐲 𝐈𝐧𝐜𝐨𝐦𝐞.
𝑺𝒎𝒂𝒓𝒕 Real estate 𝑰𝒏𝒗𝒆𝒔𝒕𝒎𝒆𝒏𝒕 𝑷𝒍𝒂𝒏

𝑾𝒉𝒚 𝒕𝒉𝒊𝒔 𝒑𝒓𝒐𝒋𝒆𝒄𝒕 𝒔𝒕𝒂𝒏𝒅𝒔 𝒐𝒖𝒕?
• Adjacent to India’s largest indoor and outdoor cricket stadium
• Estimated 20–25 lakh visitors every year
• Upcoming ICC Cricket & FIFA approved  Stadium 
• Premium location opposite Bharat Vandana Park 
• Strong demand for food courts, Retail Shops, gaming and entertainment

𝑷𝒓𝒐𝒋𝒆𝒄𝒕𝒆𝒅 𝒓𝒆𝒕𝒖𝒓𝒏𝒔 :
18% years Loyalty Rebate  + approx. 20% annual appreciation*
𝑳𝒐𝒄𝒂𝒕𝒊𝒐𝒏 : 
Sector 19B, Dwarka, New Delhi

Book your site visit
📞 +91 9250933111

RERA Reg. No.: DLRERA2024P0003
𝑯𝒊𝒈𝒉 𝑹𝒆𝒕𝒖𝒓𝒏𝒔, 𝒁𝒆𝒓𝒐 𝑹𝒊𝒔𝒌, 𝒂𝒏𝒅 𝑴𝒂𝒔𝒔𝒊𝒗𝒆 𝒇𝒐𝒐𝒕𝒇𝒂𝒍𝒍 — 𝑨𝒍𝒍 𝒊𝒏 𝒐𝒏𝒆 𝒍𝒂𝒏𝒅𝒎𝒂𝒓𝒌.",490,Book now,fb.me,"FACEBOOK; INSTAGRAM",2026-06-12,2026-06-15,,,"𝐈𝐧𝐯𝐞𝐬𝐭 𝐓𝐨𝐝𝐚𝐲 IN RETAIL SHOPS NEXT TO ICC APPROVED CRICKET STADIUM. 𝐒𝐞𝐜𝐮𝐫𝐞 𝐋𝐢𝐟𝐞𝐭𝐢𝐦𝐞 𝐌𝐨𝐧𝐭𝐡𝐥𝐲 𝐈𝐧𝐜𝐨𝐦𝐞.
𝑺𝒎𝒂𝒓𝒕 Real estate 𝑰𝒏𝒗𝒆𝒔𝒕𝒎𝒆𝒏𝒕 𝑷𝒍𝒂𝒏

𝑾𝒉𝒚 𝒕𝒉𝒊𝒔 𝒑𝒓𝒐𝒋𝒆𝒄𝒕 𝒔𝒕𝒂𝒏𝒅𝒔 𝒐𝒖𝒕?
• Adjacent to India’s largest indoor and outdoor cricket stadium
• Estimated 20–25 lakh visitors every year
• Upcoming ICC Cricket & FIFA approved  Stadium 
• Premium location opposite Bharat Vandana Park 
• Strong demand for food courts, Retail Shops, gaming and entertainment

𝑷𝒓𝒐𝒋𝒆𝒄𝒕𝒆𝒅 𝒓𝒆𝒕𝒖𝒓𝒏𝒔 :
18% years Loyalty Rebate  + approx. 20% annual appreciation*
𝑳𝒐𝒄𝒂𝒕𝒊𝒐𝒏 : 
Sector 19B, Dwarka, New Delhi

Book your site visit
📞 +91 9250933111

RERA Reg. No.: DLRERA2024P0003
𝑯𝒊𝒈𝒉 𝑹𝒆𝒕𝒖𝒓𝒏𝒔, 𝒁𝒆𝒓𝒐 𝑹𝒊𝒔𝒌, 𝒂𝒏𝒅 𝑴𝒂𝒔𝒔𝒊𝒗𝒆 𝒇𝒐𝒐𝒕𝒇𝒂𝒍𝒍 — 𝑨𝒍𝒍 𝒊𝒏 𝒐𝒏𝒆 𝒍𝒂𝒏𝒅𝒎𝒂𝒓𝒌. || 𝐈𝐧𝐯𝐞𝐬𝐭 𝐓𝐨𝐝𝐚𝐲 IN RETAIL SHOPS NEXT TO ICC APPROVED CRICKET STADIUM. 𝐒𝐞𝐜𝐮𝐫𝐞 𝐋𝐢𝐟𝐞𝐭𝐢𝐦𝐞 𝐌𝐨𝐧𝐭𝐡𝐥𝐲 𝐈𝐧𝐜𝐨𝐦𝐞.
𝑺𝒎𝒂𝒓𝒕 Real estate 𝑰𝒏𝒗𝒆𝒔𝒕𝒎𝒆𝒏𝒕 𝑷𝒍𝒂𝒏

𝑾𝒉𝒚 𝒕𝒉𝒊𝒔 𝒑𝒓𝒐𝒋𝒆𝒄𝒕 𝒔𝒕𝒂𝒏𝒅𝒔 𝒐𝒖𝒕?
• Adjacent to India’s largest indoor and outdoor cricket stadium
• Estimated 20–25 lakh visitors every year
• Upcoming ICC Cricket & FIFA approved  Stadium 
• Premium location opposite Bharat Vandana Park 
• Strong demand for food courts, Retail Shops, gaming and entertainment

𝑷𝒓𝒐𝒋𝒆𝒄𝒕𝒆𝒅 𝒓𝒆𝒕𝒖𝒓𝒏𝒔 :
18% years Loyalty Rebate  + approx. 20% annual appreciation*
𝑳𝒐𝒄𝒂𝒕𝒊𝒐𝒏 : 
Sector 19B, Dwarka, New Delhi

Book your site visit
📞 +91 9250933111

RERA Reg. No.: DLRERA2024P0003
𝑯𝒊𝒈𝒉 𝑹𝒆𝒕𝒖𝒓𝒏𝒔, 𝒁𝒆𝒓𝒐 𝑹𝒊𝒔𝒌, 𝒂𝒏𝒅 𝑴𝒂𝒔𝒔𝒊𝒗𝒆 𝒇𝒐𝒐𝒕𝒇𝒂𝒍𝒍 — 𝑨𝒍𝒍 𝒊𝒏 𝒐𝒏𝒆 𝒍𝒂𝒏𝒅𝒎𝒂𝒓𝒌. || 𝐈𝐧𝐯𝐞𝐬𝐭 𝐓𝐨𝐝𝐚𝐲 IN RETAIL SHOPS NEXT TO ICC APPROVED CRICKET STADIUM. 𝐒𝐞𝐜𝐮𝐫𝐞 𝐋𝐢𝐟𝐞𝐭𝐢𝐦𝐞 𝐌𝐨𝐧𝐭𝐡𝐥𝐲 𝐈𝐧𝐜𝐨𝐦𝐞.
𝑺𝒎𝒂𝒓𝒕 Real estate 𝑰𝒏𝒗𝒆𝒔𝒕𝒎𝒆𝒏𝒕 𝑷𝒍𝒂𝒏

𝑾𝒉𝒚 𝒕𝒉𝒊𝒔 𝒑𝒓𝒐𝒋𝒆𝒄𝒕 𝒔𝒕𝒂𝒏𝒅𝒔 𝒐𝒖𝒕?
• Adjacent to India’s largest indoor and outdoor cricket stadium
• Estimated 20–25 lakh visitors every year
• Upcoming ICC Cricket & FIFA approved  Stadium 
• Premium location opposite Bharat Vandana Park 
• Strong demand for food courts, Retail Shops, gaming and entertainment

𝑷𝒓𝒐𝒋𝒆𝒄𝒕𝒆𝒅 𝒓𝒆𝒕𝒖𝒓𝒏𝒔 :
18% years Loyalty Rebate  + approx. 20% annual appreciation*
𝑳𝒐𝒄𝒂𝒕𝒊𝒐𝒏 : 
Sector 19B, Dwarka, New Delhi

Book your site visit
📞 +91 9250933111

RERA Reg. No.: DLRERA2024P0003
𝑯𝒊𝒈𝒉 𝑹𝒆𝒕𝒖𝒓𝒏𝒔, 𝒁𝒆𝒓𝒐 𝑹𝒊𝒔𝒌, 𝒂𝒏𝒅 𝑴𝒂𝒔𝒔𝒊𝒗𝒆 𝒇𝒐𝒐𝒕𝒇𝒂𝒍𝒍 — 𝑨𝒍𝒍 𝒊𝒏 𝒐𝒏𝒆 𝒍𝒂𝒏𝒅𝒎𝒂𝒓𝒌. || 𝐈𝐧𝐯𝐞𝐬𝐭 𝐓𝐨𝐝𝐚𝐲 IN RETAIL SHOPS NEXT TO ICC APPROVED CRICKET STADIUM. 𝐒𝐞𝐜𝐮𝐫𝐞 𝐋𝐢𝐟𝐞𝐭𝐢𝐦𝐞 𝐌𝐨𝐧𝐭𝐡𝐥𝐲 𝐈𝐧𝐜𝐨𝐦𝐞.
𝑺𝒎𝒂𝒓𝒕 Real estate 𝑰𝒏𝒗𝒆𝒔𝒕𝒎𝒆𝒏𝒕 𝑷𝒍𝒂𝒏

𝑾𝒉𝒚 𝒕𝒉𝒊𝒔 𝒑𝒓𝒐𝒋𝒆𝒄𝒕 𝒔𝒕𝒂𝒏𝒅𝒔 𝒐𝒖𝒕?
• Adjacent to India’s largest indoor and outdoor cricket stadium
• Estimated 20–25 lakh visitors every year
• Upcoming ICC Cricket & FIFA approved  Stadium 
• Premium location opposite Bharat Vandana Park 
• Strong demand for food courts, Retail Shops, gaming and entertainment

𝑷𝒓𝒐𝒋𝒆𝒄𝒕𝒆𝒅 𝒓𝒆𝒕𝒖𝒓𝒏𝒔 :
18% years Loyalty Rebate  + approx. 20% annual appreciation*
𝑳𝒐𝒄𝒂𝒕𝒊𝒐𝒏 : 
Sector 19B, Dwarka, New Delhi

Book your site visit
📞 +91 9250933111

RERA Reg. No.: DLRERA2024P0003
𝑯𝒊𝒈𝒉 𝑹𝒆𝒕𝒖𝒓𝒏𝒔, 𝒁𝒆𝒓𝒐 𝑹𝒊𝒔𝒌, 𝒂𝒏𝒅 𝑴𝒂𝒔𝒔𝒊𝒗𝒆 𝒇𝒐𝒐𝒕𝒇𝒂𝒍𝒍 — 𝑨𝒍𝒍 𝒊𝒏 𝒐𝒏𝒆 𝒍𝒂𝒏𝒅𝒎𝒂𝒓𝒌.",http://fb.me/ || http://fb.me/ || http://fb.me/ || http://fb.me/,,Book Now || Book Now || Book Now || Book Now,Original: https://scontent.fjai6-1.fna.fbcdn.net/v/t39.35426-6/722163552_1512700740403863_1238561852817513915_n.jpg?_nc_cat=102&ccb=1-7&_nc_sid=c53f8f&_nc_ohc=noKwrn6xlPcQ7kNvwGb82j4&_nc_oc=Adq2fUJ70d5Dq4g5UuBiFkIO6PUc5_Qlm4j__GIaroXMb5H6vp7GDBUlSRYbvU8mOcmxeKsZZ3RUDt7ZmQ_iCUs_&_nc_zt=14&_nc_ht=scontent.fjai6-1.fna&_nc_gid=JswfNuOI3UXbf506dYz_eQ&_nc_ss=7b289&oh=00_Af8TjNQMcT1L1pAnolfFW6QpMAzg6Ly2ZccbDBNKvMRGag&oe=6A36B915 | Resized: https://scontent.fjai6-1.fna.fbcdn.net/v/t39.35426-6/723706238_969351339231099_7128604976807555904_n.jpg?stp=dst-jpg_s600x600_tt6&_nc_cat=103&ccb=1-7&_nc_sid=c53f8f&_nc_ohc=SouVRH9D4RsQ7kNvwGFKy87&_nc_oc=AdpWs6_VsqAt4ji_YGkvYDl1G68_3DRCxDDB06TM3kOkUTfNwWsQiFNTGaPItDlOMRMNljTzIqF_BnC-2gRK0Rad&_nc_zt=14&_nc_ht=scontent.fjai6-1.fna&_nc_gid=JswfNuOI3UXbf506dYz_eQ&_nc_ss=7b289&oh=00_Af_6ojVJPUOwcemDXW25CXmtv1Yb1UHhIJn0iK-sOEDx7g&oe=6A36D76B || Original: https://scontent.fjai6-1.fna.fbcdn.net/v/t39.35426-6/723197605_4450868215233556_5893149885577931636_n.jpg?_nc_cat=111&ccb=1-7&_nc_sid=c53f8f&_nc_ohc=r3IxZXvyml0Q7kNvwFC35_O&_nc_oc=AdqKOgaEFpzPgmrFGqZYmc28fIcabv33YaPdNORFdXnnSdi4O0uZ31wwfDQ0l1-RJeMcdlIPACZBfQ7RQ0YVkx46&_nc_zt=14&_nc_ht=scontent.fjai6-1.fna&_nc_gid=JswfNuOI3UXbf506dYz_eQ&_nc_ss=7b289&oh=00_Af-PQs_wfXCqwLHcwH3lQQE57YvxtgRG9x8jtibLYPy5pA&oe=6A36E06A | Resized: https://scontent.fjai6-1.fna.fbcdn.net/v/t39.35426-6/722147751_2059053954965027_3837924744565592827_n.jpg?stp=dst-jpg_s600x600_tt6&_nc_cat=104&ccb=1-7&_nc_sid=c53f8f&_nc_ohc=dyt6wgmh3Q4Q7kNvwHUHIpT&_nc_oc=AdpNcO-AOgDDY17iRwYhDtGEqeRyRdAlDlNRllctIIilpv99IYvfFc4I7oZZ8iO_p9f0y6jrXCG16yNNEeUfu4oD&_nc_zt=14&_nc_ht=scontent.fjai6-1.fna&_nc_gid=JswfNuOI3UXbf506dYz_eQ&_nc_ss=7b289&oh=00_Af9haOxl24Pn3nVC81frBHRDkXfgFMZJgTGotlIF6xTDkQ&oe=6A36AC96 || Original: https://scontent.fjai6-1.fna.fbcdn.net/v/t39.35426-6/722163552_1512700740403863_1238561852817513915_n.jpg?_nc_cat=102&ccb=1-7&_nc_sid=c53f8f&_nc_ohc=noKwrn6xlPcQ7kNvwGb82j4&_nc_oc=Adq2fUJ70d5Dq4g5UuBiFkIO6PUc5_Qlm4j__GIaroXMb5H6vp7GDBUlSRYbvU8mOcmxeKsZZ3RUDt7ZmQ_iCUs_&_nc_zt=14&_nc_ht=scontent.fjai6-1.fna&_nc_gid=JswfNuOI3UXbf506dYz_eQ&_nc_ss=7b289&oh=00_Af8TjNQMcT1L1pAnolfFW6QpMAzg6Ly2ZccbDBNKvMRGag&oe=6A36B915 | Resized: https://scontent.fjai6-1.fna.fbcdn.net/v/t39.35426-6/723706238_969351339231099_7128604976807555904_n.jpg?stp=dst-jpg_s600x600_tt6&_nc_cat=103&ccb=1-7&_nc_sid=c53f8f&_nc_ohc=SouVRH9D4RsQ7kNvwGFKy87&_nc_oc=AdpWs6_VsqAt4ji_YGkvYDl1G68_3DRCxDDB06TM3kOkUTfNwWsQiFNTGaPItDlOMRMNljTzIqF_BnC-2gRK0Rad&_nc_zt=14&_nc_ht=scontent.fjai6-1.fna&_nc_gid=JswfNuOI3UXbf506dYz_eQ&_nc_ss=7b289&oh=00_Af_6ojVJPUOwcemDXW25CXmtv1Yb1UHhIJn0iK-sOEDx7g&oe=6A36D76B || Original: https://scontent.fjai6-1.fna.fbcdn.net/v/t39.35426-6/722163552_1512700740403863_1238561852817513915_n.jpg?_nc_cat=102&ccb=1-7&_nc_sid=c53f8f&_nc_ohc=noKwrn6xlPcQ7kNvwGb82j4&_nc_oc=Adq2fUJ70d5Dq4g5UuBiFkIO6PUc5_Qlm4j__GIaroXMb5H6vp7GDBUlSRYbvU8mOcmxeKsZZ3RUDt7ZmQ_iCUs_&_nc_zt=14&_nc_ht=scontent.fjai6-1.fna&_nc_gid=JswfNuOI3UXbf506dYz_eQ&_nc_ss=7b289&oh=00_Af8TjNQMcT1L1pAnolfFW6QpMAzg6Ly2ZccbDBNKvMRGag&oe=6A36B915 | Resized: https://scontent.fjai6-1.fna.fbcdn.net/v/t39.35426-6/723706238_969351339231099_7128604976807555904_n.jpg?stp=dst-jpg_s600x600_tt6&_nc_cat=103&ccb=1-7&_nc_sid=c53f8f&_nc_ohc=SouVRH9D4RsQ7kNvwGFKy87&_nc_oc=AdpWs6_VsqAt4ji_YGkvYDl1G68_3DRCxDDB06TM3kOkUTfNwWsQiFNTGaPItDlOMRMNljTzIqF_BnC-2gRK0Rad&_nc_zt=14&_nc_ht=scontent.fjai6-1.fna&_nc_gid=JswfNuOI3UXbf506dYz_eQ&_nc_ss=7b289&oh=00_Af_6ojVJPUOwcemDXW25CXmtv1Yb1UHhIJn0iK-sOEDx7g&oe=6A36D76B,
1598282595154515,https://www.facebook.com/timesgroups/,fb.me,https://www.facebook.com/timesgroups/,,,,timessquarearcadegroup@gmail.com,+91 90999 98057,,,,104640534698823,http://fb.me/,Times Square Arcade Group,https://www.facebook.com/ads/library/?id=1598282595154515,"Hi-end Corporate Office Spaces at Thaltej - Zydus Rd.
▪️ Office only iconic tower
▪️ 1875 Sq.Ft. to 12,306 Sq.Ft.
▪️ Only 6 offices per floor
▪️ 191 Premium workspaces
▪️ Most prominent location for business
▪️ Iconic commercial project by most trusted luxury developer",1166,Get quote,fb.me,"FACEBOOK; INSTAGRAM; AUDIENCE_NETWORK",2026-05-31,2026-06-15,HD: https://video.fjai6-1.fna.fbcdn.net/o1/v/t2/f2/m366/AQMrxynzn4vdcU3LbdepOJJQ9J5HBczFXcjfW_GvO7RqaCroMl8ZnKP9kee80GWEt9564l0vPqwBeH5nsBJR7kh2IyECzihTgRjwZqqRlEebKQ.mp4?_nc_cat=102&_nc_oc=AdrOjZ6tNOzujf-dxVHfA33RaYYHEj1j0lgW6xwtApgVwfFj3QZy9iIFE3e4XFMsf-ZE4I2m4-2CwYPMTzDpN-9t&_nc_sid=b66105&_nc_ht=video.fjai6-1.fna.fbcdn.net&_nc_ohc=Df5lnGdv0J8Q7kNvwHFtFu_&efg=eyJ2ZW5jb2RlX3RhZyI6Inhwdl9wcm9ncmVzc2l2ZS5WSV9VU0VDQVNFX1BST0RVQ1RfVFlQRS4uQzMuNzIwLmRhc2hfaDI2NC1iYXNpYy1nZW4yXzcyMHAiLCJ4cHZfYXNzZXRfaWQiOjE2NDQzNDkwOTY4MjUxMjcsImFzc2V0X2FnZV9kYXlzIjoyOCwidmlfdXNlY2FzZV9pZCI6MTA3OTksImR1cmF0aW9uX3MiOjE2LCJ1cmxnZW5fc291cmNlIjoid3d3In0%3D&ccb=17-1&vs=f13f0e50fa845cfa&_nc_vs=HBksFQIYRWZiX2VwaGVtZXJhbC8wNzRDMEI2QjEyRkVCODg4REFCNjhENjk1MDBFMTNBM19tdF8xX3ZpZGVvX2Rhc2hpbml0Lm1wNBUAAsgBEgAVAhhAZmJfcGVybWFuZW50LzZBNDZDMzQyODMyOTBCQUI4N0QwQjUzNTRBNkVDNTk5X2F1ZGlvX2Rhc2hpbml0Lm1wNBUCAsgBEgAoABgAGwKIB3VzZV9vaWwBMRJwcm9ncmVzc2l2ZV9yZWNpcGUBMRUAACbOxOy82-HrBRUCKAJDMywXQDBVP3ztkWgYGWRhc2hfaDI2NC1iYXNpYy1nZW4yXzcyMHARAHUAZd6oAQA&_nc_gid=JswfNuOI3UXbf506dYz_eQ&_nc_ss=7b289&_nc_zt=28&oh=00_Af_zo7jU9xCeelr_ZlMGVtzHtJBcuvYPeHM-UYX1lcsI3w&oe=6A36CB9A | SD: https://video.fjai6-1.fna.fbcdn.net/o1/v/t2/f2/m412/AQNCA-24o7X-PuM9pdz_VgqpXoKDq4T8LjrwhXWL2vXrgoj1wBG0q7kAUgfMZlrsoYo-UYZ9VI_gqwEvZgRmWHvrRPHTlu5DEoaUWn3EFA.mp4?_nc_cat=109&_nc_oc=AdpMXXrZtgwdRNsEC4IglOyYjZlt5Bzh6ijMkdXJ_3iTt1pTqg7WWVGxCGeHxZueTB8jOHaCQYtd-uiHuSSFrgWb&_nc_sid=ef5aa3&_nc_ht=video.fjai6-1.fna.fbcdn.net&_nc_ohc=FEgD8gMZbYoQ7kNvwGhjSiz&efg=eyJ2ZW5jb2RlX3RhZyI6Inhwdl9wcm9ncmVzc2l2ZS5WSV9VU0VDQVNFX1BST0RVQ1RfVFlQRS4uQzMuMzYwLnN2ZV9zZCIsInhwdl9hc3NldF9pZCI6MTY0NDM0OTA5NjgyNTEyNywiYXNzZXRfYWdlX2RheXMiOjI4LCJ2aV91c2VjYXNlX2lkIjoxMDc5OSwiZHVyYXRpb25fcyI6MTYsInVybGdlbl9zb3VyY2UiOiJ3d3cifQ%3D%3D&ccb=17-1&_nc_gid=JswfNuOI3UXbf506dYz_eQ&_nc_ss=7b289&_nc_zt=28&oh=00_Af-TSVQmn794PHHUuZ5cC7rCEAaNMuHUDh_JU-Qm3cw2Bg&oe=6A36C591 | Preview: https://scontent.fjai6-1.fna.fbcdn.net/v/t39.35426-6/711547598_1371439134817605_6379374164331098775_n.jpg?_nc_cat=109&ccb=1-7&_nc_sid=c53f8f&_nc_ohc=idt0gaLjeO0Q7kNvwHFsqaU&_nc_oc=AdrZz12i1DLqovavpUG_yS62G70WhlBPYDhXhlHrKk7WFGZgoQBEfGPwvYu1VqM8uUniBFAWi6p6LTNT6TSWqpid&_nc_zt=14&_nc_ht=scontent.fjai6-1.fna&_nc_gid=JswfNuOI3UXbf506dYz_eQ&_nc_ss=7b289&oh=00_Af_ZxFZFQ9g8lespYJWqL9A2IM1XrcsApIQAEORwaNlLlg&oe=6A36D312,,,,,,,
1424586369712127,https://www.facebook.com/61586202040860/,api.whatsapp.com,https://www.facebook.com/61586202040860/,,,,info@maahiinfra.com,+91 90390 37061,,,,996604326862933,https://api.whatsapp.com/send,Maahi Infra,https://www.facebook.com/ads/library/?id=1424586369712127,"🏢 RAIPURA CHOWK COMMERCIAL DIVERTED PLOTS

🚀 अपने Business को दें Prime Location!

📍 Raipura Chowk में उपलब्ध Commercial Diverted Plots
📏 Size: 575 Sq.ft. से 1450 Sq.ft.

✅ Showroom
✅ Hotel
✅ Restaurant
✅ Office Space
✅ Clinic
✅ Bank / ATM
✅ Coaching Institute
✅ Retail Store

✨ Main Road Connectivity
✨ High Business Potential
✨ Investment के लिए बेहतरीन अवसर

📞 Limited Plots Available!
आज ही जानकारी के लिए Call या WhatsApp करें 9039037064 ।

अपने Business का भविष्य सुरक्षित करें – Raipura Chowk में Commercial Plot बुक करें!

#RaipuraChowk #CommercialPlot #RaipurProperty #BusinessLocation #InvestmentOpportunity #ShowroomPlot #HotelPlot #RestaurantSpace #OfficeSpace #RealEstateRaipur #CommercialLand #PropertyInvestment",48,Send WhatsApp message,api.whatsapp.com,"FACEBOOK; INSTAGRAM",2026-06-10,2026-06-15,HD: https://video.fjai6-1.fna.fbcdn.net/o1/v/t2/f2/m366/AQM_oZRpclNTHWz2pjr8mPPGLJn90sR491uO8JqAO_-InM9KYE7BX2PUFAJqxXDqmOzuu_tU3DdeZu__8Kp6cPn_e9oZ25p6AtjrzQTLoFux8Q.mp4?_nc_cat=105&_nc_oc=Ado_2Rgp4kjxm-TIgNCjmss1g2c61eIcW1-Fza1A_RbZzZ066p1jnclbKn4JN28atTLgX8WLOwwtgdj-ZTrsLfln&_nc_sid=b66105&_nc_ht=video.fjai6-1.fna.fbcdn.net&_nc_ohc=VLnGFUUiNoAQ7kNvwGGxXR-&efg=eyJ2ZW5jb2RlX3RhZyI6Inhwdl9wcm9ncmVzc2l2ZS5WSV9VU0VDQVNFX1BST0RVQ1RfVFlQRS4uQzMuNzIwLmRhc2hfaDI2NC1iYXNpYy1nZW4yXzcyMHAiLCJ4cHZfYXNzZXRfaWQiOjg1OTMxMDcxNzIyNzc2OCwiYXNzZXRfYWdlX2RheXMiOjcsInZpX3VzZWNhc2VfaWQiOjEwNzk5LCJkdXJhdGlvbl9zIjoyOCwidXJsZ2VuX3NvdXJjZSI6Ind3dyJ9&ccb=17-1&vs=fea52fe0e7b06e1f&_nc_vs=HBksFQIYRWZiX2VwaGVtZXJhbC83NjQ5QTI3MjNBMkQ1MjBDNjQ4NTY4NUU0QzAxQ0E4NV9tdF8xX3ZpZGVvX2Rhc2hpbml0Lm1wNBUAAsgBEgAVAhhAZmJfcGVybWFuZW50LzBFNDY2MEVCM0Q1MjVGMTNBNDEyRDkxODBCMEQ3Qjk4X2F1ZGlvX2Rhc2hpbml0Lm1wNBUCAsgBEgAoABgAGwKIB3VzZV9vaWwBMRJwcm9ncmVzc2l2ZV9yZWNpcGUBMRUAACbwy-rgu-KGAxUCKAJDMywXQDyZmZmZmZoYGWRhc2hfaDI2NC1iYXNpYy1nZW4yXzcyMHARAHUAZd6oAQA&_nc_gid=JswfNuOI3UXbf506dYz_eQ&_nc_ss=7b289&_nc_zt=28&oh=00_Af_nekWgxgFUa3gGOrfFFGv35FStPkuM6Z9ZOioY2h819w&oe=6A36BD57 | SD: https://video.fjai6-1.fna.fbcdn.net/o1/v/t2/f2/m412/AQMylan3z2vHTTdea5bObeJxSUms8EEaRUOx7us0R3NncPKJzIqTzb4zkFDNiOyuErBWFSvImR3McEXv4P075fmeojF5G50A4oxGIFdwOQ.mp4?_nc_cat=109&_nc_oc=AdqJCA6ppYRDwLZ1Mml7LP2gFihq8XxFhbaf0FIZlz2lx1f--mrEspkRAFqtdIEVYkGsmasFBHXtwpRlNjG1bs8h&_nc_sid=ef5aa3&_nc_ht=video.fjai6-1.fna.fbcdn.net&_nc_ohc=U-6pnOrL2e8Q7kNvwENM9u1&efg=eyJ2ZW5jb2RlX3RhZyI6Inhwdl9wcm9ncmVzc2l2ZS5WSV9VU0VDQVNFX1BST0RVQ1RfVFlQRS4uQzMuMzYwLnN2ZV9zZCIsInhwdl9hc3NldF9pZCI6ODU5MzEwNzE3MjI3NzY4LCJhc3NldF9hZ2VfZGF5cyI6NywidmlfdXNlY2FzZV9pZCI6MTA3OTksImR1cmF0aW9uX3MiOjI4LCJ1cmxnZW5fc291cmNlIjoid3d3In0%3D&ccb=17-1&_nc_gid=JswfNuOI3UXbf506dYz_eQ&_nc_ss=7b289&_nc_zt=28&oh=00_Af_wDPl25ZmzTsddAtzOTrpSDkuy7gqHg6u7wKy7vliqdA&oe=6A36D0A1 | Preview: https://scontent.fjai6-1.fna.fbcdn.net/v/t39.35426-6/719217535_1497065848574109_1597827635684005483_n.jpg?_nc_cat=101&ccb=1-7&_nc_sid=c53f8f&_nc_ohc=sl4X72WWnMkQ7kNvwHGALaA&_nc_oc=Adr_02KlEiip2PPrn_fu7cAciR3nNUATC5czImawpEmpfJc1G4iGEwx8wAN7tTwKyKV86EgR2qggIr2W0uPW7MSN&_nc_zt=14&_nc_ht=scontent.fjai6-1.fna&_nc_gid=JswfNuOI3UXbf506dYz_eQ&_nc_ss=7b289&oh=00_Af_xyW5FBiXuSpVB4RaXiuN0roJwpsBJqAMtEis9i_4ZsQ&oe=6A36C94D,,,,,,,
4491053654439456,https://www.facebook.com/DormakDoors/,fb.me,https://www.facebook.com/DormakDoors/,,,,info@gmail.com,+91 92514 41025,,,,308168439335321,http://fb.me/,Dormak,https://www.facebook.com/ads/library/?id=4491053654439456,"Planning a hotel, hospital, residential, institutional or commercial project?

Dormak offers project-grade door solutions built for safety, durability and scale. With IFBC-approved fire-rated doors, acoustic performance, premium quality wood, custom designs and superior craftsmanship, Dormak is trusted for serious B2B project requirements.

From 30–120 mins fire-rated protection to termite & moisture resistance, factory-finished quality, bulk supply readiness and end-to-end service — every Dormak door is designed to match modern project standards.

✅ IFBC Approved
✅ Trusted in 100+ Successful Projects
✅ Premium Quality Wood
✅ Custom Designs
✅ Fire-Rated Protection: 30–120 mins
✅ Acoustic Performance
✅ Termite & Moisture Resistant
✅ Bulk Supply Ready
✅ Committed to Timely Delivery

📩 Get a custom quote for your project today.",10056,Get offer,fb.me,"FACEBOOK; INSTAGRAM",2026-05-30,2026-06-15,HD: https://video.fjai6-1.fna.fbcdn.net/o1/v/t2/f2/m366/AQO4nPwwalOwZAhI2lE2NQHDrPYG7dalha5VQeVtIYRJfxaQVtWF-2p3WIMUGkcRjA8GISFvM0uT85-EWAtV7xtojRbTlYWMmZ8pQY2xI1qdAQ.mp4?_nc_cat=105&_nc_oc=AdoU2fyXGxePSuUFI-7GuqIUbD9vPAfew5oUMOGByfzayfDHJ5CjVuHN2lpAU0-_jOeEk0YKcoVGvtmNXD2F19AB&_nc_sid=b66105&_nc_ht=video.fjai6-1.fna.fbcdn.net&_nc_ohc=Gg1SnmKXQdIQ7kNvwHtjyAs&efg=eyJ2ZW5jb2RlX3RhZyI6Inhwdl9wcm9ncmVzc2l2ZS5WSV9VU0VDQVNFX1BST0RVQ1RfVFlQRS4uQzMuNzIwLmRhc2hfaDI2NC1iYXNpYy1nZW4yXzcyMHAiLCJ4cHZfYXNzZXRfaWQiOjE0NDkxNDQwMDk4NTg0ODQsImFzc2V0X2FnZV9kYXlzIjozNCwidmlfdXNlY2FzZV9pZCI6MTA3OTksImR1cmF0aW9uX3MiOjQ3LCJ1cmxnZW5fc291cmNlIjoid3d3In0%3D&ccb=17-1&vs=dc9a8b79a68ea2ab&_nc_vs=HBksFQIYRWZiX2VwaGVtZXJhbC9BOTQxNjA3RjY1OTYzMkYxRTNCRTM5MzlDOEU0M0Y5NF9tdF8xX3ZpZGVvX2Rhc2hpbml0Lm1wNBUAAsgBEgAVAhhAZmJfcGVybWFuZW50LzEwNEI4MkUwNzgwNDlGNzRCRTk0QzUxQUUzOEY0REIwX2F1ZGlvX2Rhc2hpbml0Lm1wNBUCAsgBEgAoABgAGwKIB3VzZV9vaWwBMRJwcm9ncmVzc2l2ZV9yZWNpcGUBMRUAACbo9vyepP-SBRUCKAJDMywXQEemZmZmZmYYGWRhc2hfaDI2NC1iYXNpYy1nZW4yXzcyMHARAHUAZd6oAQA&_nc_gid=JswfNuOI3UXbf506dYz_eQ&_nc_ss=7b289&_nc_zt=28&oh=00_Af_F3-M31WJJgcv-hLl_LGDi5thhMxZTvil7GN6OHema4g&oe=6A36C3F7 | SD: https://video.fjai6-1.fna.fbcdn.net/o1/v/t2/f2/m412/AQM1_TPleIgx8_H53eWPROgOPTMDXin_n475g5J5nLC61iQOzlxI1weg7i3mG4Qh3hTvbN06JZuwyC1Pz-Joz0vjYe-YEyu2XrxqXEz7WQ.mp4?_nc_cat=102&_nc_oc=AdqqdOucSP8FVMTSn1Fz0uDXHGOnnqIBoBl4GleSpMqrDuGpgYKKdBgcqj3rSDzsIHFNN0KMPggSkTHqLAFqCye9&_nc_sid=ef5aa3&_nc_ht=video.fjai6-1.fna.fbcdn.net&_nc_ohc=BNGmsZD3OeUQ7kNvwEVsQh3&efg=eyJ2ZW5jb2RlX3RhZyI6Inhwdl9wcm9ncmVzc2l2ZS5WSV9VU0VDQVNFX1BST0RVQ1RfVFlQRS4uQzMuMzYwLnN2ZV9zZCIsInhwdl9hc3NldF9pZCI6MTQ0OTE0NDAwOTg1ODQ4NCwiYXNzZXRfYWdlX2RheXMiOjM0LCJ2aV91c2VjYXNlX2lkIjoxMDc5OSwiZHVyYXRpb25fcyI6NDcsInVybGdlbl9zb3VyY2UiOiJ3d3cifQ%3D%3D&ccb=17-1&_nc_gid=JswfNuOI3UXbf506dYz_eQ&_nc_ss=7b289&_nc_zt=28&oh=00_Af94-4UEl02tRiDU89-EzbTMfg08Yr4C2P0QKicl1r6Qxw&oe=6A36B0E4 | Preview: https://scontent.fjai6-1.fna.fbcdn.net/v/t39.35426-6/711289389_997552486003946_8931632849990361428_n.jpg?_nc_cat=106&ccb=1-7&_nc_sid=c53f8f&_nc_ohc=UXSOlqa-6pYQ7kNvwG6HGIV&_nc_oc=Adq9t9XKBf199nWZbaJA3yVQ6mPeArN-FF8aqOgomG_FIqw9tNIB6xqIVO4w9Od479cMvvtn13G3w9wTfd1wYUvp&_nc_zt=14&_nc_ht=scontent.fjai6-1.fna&_nc_gid=JswfNuOI3UXbf506dYz_eQ&_nc_ss=7b289&oh=00_Af8loQM2afbR2Qhznjidqgycv5J1sky0lgJZYQnlPpLs9w&oe=6A36D135,,,,,,,
1336611471753036,https://www.facebook.com/fortuneflorenceborivali/,fb.me,https://www.facebook.com/fortuneflorenceborivali/,,,,,,,,,136137716255926,http://fb.me/,Fortune Florence,https://www.facebook.com/ads/library/?id=1336611471753036,"The numbers don’t lie. In the last 5 years, Andheri East has seen only 3 major Grade-A commercial project launches. With the average age of existing office spaces sitting at 10–12 years, the demand for modern, premium infrastructure is at an all-time high. Now, a rare new Grade-A commercial development has just opened for pre-launch booking. Tap below to secure early-bird pricing and floor plans directly on WhatsApp before the public launch. 📊👇",9,Learn more,fb.me,"FACEBOOK; INSTAGRAM; AUDIENCE_NETWORK",2026-06-01,2026-06-15,HD: https://video.fjai6-1.fna.fbcdn.net/o1/v/t2/f2/m366/AQNkHZubSxQd55oQBePmQkCJqCdp5lRtb3d56Qkh174z6WcD9NJLWPiRPhEsmH17rOxhVOAOpLHEQFS13ZBLxqAVyBrgijMtK8FJudmKno7gKQ.mp4?_nc_cat=107&_nc_oc=AdpK_bdocv1vDOLx-m_9N9jZihi0NwZgTJg3JSClR5E4wF08Jm4QQ244BnqRPQRbXCnx-5FSFnqMzqcn0jXbQtpW&_nc_sid=b66105&_nc_ht=video.fjai6-1.fna.fbcdn.net&_nc_ohc=axnbr9TYYnIQ7kNvwHf0vWj&efg=eyJ2ZW5jb2RlX3RhZyI6Inhwdl9wcm9ncmVzc2l2ZS5WSV9VU0VDQVNFX1BST0RVQ1RfVFlQRS4uQzMuNzIwLmRhc2hfaDI2NC1iYXNpYy1nZW4yXzcyMHAiLCJ4cHZfYXNzZXRfaWQiOjEzMDMyMzY4MDEyMzI1NjAsImFzc2V0X2FnZV9kYXlzIjozMCwidmlfdXNlY2FzZV9pZCI6MTA3OTksImR1cmF0aW9uX3MiOjM0LCJ1cmxnZW5fc291cmNlIjoid3d3In0%3D&ccb=17-1&vs=9dd7efe3bbd85445&_nc_vs=HBksFQIYRWZiX2VwaGVtZXJhbC85NzRFOEY5OEE5RkNDMzdCNzc5QkNBMzgxNjIyNDE5QV9tdF8xX3ZpZGVvX2Rhc2hpbml0Lm1wNBUAAsgBEgAVAhhAZmJfcGVybWFuZW50LzRFNEUwQkQ5RkYwOUQ5MDg3MjczODlCNzQwNzJCNkJEX2F1ZGlvX2Rhc2hpbml0Lm1wNBUCAsgBEgAoABgAGwKIB3VzZV9vaWwBMRJwcm9ncmVzc2l2ZV9yZWNpcGUBMRUAACbg-sPprtLQBBUCKAJDMywXQEFR64UeuFIYGWRhc2hfaDI2NC1iYXNpYy1nZW4yXzcyMHARAHUAZd6oAQA&_nc_gid=JswfNuOI3UXbf506dYz_eQ&_nc_ss=7b289&_nc_zt=28&oh=00_Af9TTBNz_tBb4aiaYHB659Ai-dh2DG3WtopSJt5x8rqncg&oe=6A36AB31 | SD: https://video.fjai6-1.fna.fbcdn.net/o1/v/t2/f2/m412/AQPDwsCE5GPTQmMFnxhLeUH68IosrRy1RHb-z_1IcVTL5AqI9c130bzVfbuXV2G5rhnfuWlOUabPOA_MD5vUfqco_2-PSYH5TmzbRnxH7Q.mp4?_nc_cat=107&_nc_oc=AdrZbL4_gzrqMB9am3tKluwCeAPHA1vQTr-3S0f1akKcLmSA_yHARcFuo1A2fcaI5RFOrdX6GqFkIY8oI7X_kFVg&_nc_sid=ef5aa3&_nc_ht=video.fjai6-1.fna.fbcdn.net&_nc_ohc=j0aCbGH3dZcQ7kNvwH-s6H8&efg=eyJ2ZW5jb2RlX3RhZyI6Inhwdl9wcm9ncmVzc2l2ZS5WSV9VU0VDQVNFX1BST0RVQ1RfVFlQRS4uQzMuMzYwLnN2ZV9zZCIsInhwdl9hc3NldF9pZCI6MTMwMzIzNjgwMTIzMjU2MCwiYXNzZXRfYWdlX2RheXMiOjMwLCJ2aV91c2VjYXNlX2lkIjoxMDc5OSwiZHVyYXRpb25fcyI6MzQsInVybGdlbl9zb3VyY2UiOiJ3d3cifQ%3D%3D&ccb=17-1&_nc_gid=JswfNuOI3UXbf506dYz_eQ&_nc_ss=7b289&_nc_zt=28&oh=00_Af9UoOufSGaxpsdsdu7mJ9pzR62pVyL0rX5QOoFYnxXvbw&oe=6A36DEC3 | Preview: https://scontent.fjai6-1.fna.fbcdn.net/v/t39.35426-6/713784655_1554769872704356_5494039912268252181_n.jpg?_nc_cat=111&ccb=1-7&_nc_sid=c53f8f&_nc_ohc=zsPe9a5lpFUQ7kNvwEaE227&_nc_oc=Adpz8umARSZjCiCsx1TWKShCGrG2Tdyp9smJj295SJBr_fDqMwpTqBsebxKrtVCeBqNoL9u7de7fGB5MDr2lbIQ1&_nc_zt=14&_nc_ht=scontent.fjai6-1.fna&_nc_gid=JswfNuOI3UXbf506dYz_eQ&_nc_ss=7b289&oh=00_Af9Jd_XpF7e1F-dIKSrXllzRT2TWUX96n9YHKSMsQ5tlHQ&oe=6A36E210,,,,,,,
2120712035165251,https://www.facebook.com/61589546201947/,api.whatsapp.com,https://www.facebook.com/61589546201947/,,,,,+91 83580 90000,,,,1195593953628943,https://api.whatsapp.com/send,Swastik Fibre Industries ,https://www.facebook.com/ads/library/?id=2120712035165251,"🔥 Premium FRP & GRC Decor That Lasts for Decades

Transform your spaces with luxury-crafted Planters, Fountains, Wall Art, Sculptures & Custom Decor Pieces.

✨ Fully Customized Designs
✨ Premium Finish & Durability
✨ Suitable for Hotels, Resorts, Villas, Cafes & Commercial Spaces
✨ Pan India Delivery

Create a statement that reflects elegance, luxury, and timeless craftsmanship.

📞 8358090000 | 8871008000

#FRPProducts #GRCProducts #LuxuryDecor #HomeDecor #WallArt #Planters #Fountains #ArchitecturalDesign #InteriorDesign #ExteriorDesign #LuxuryLiving #CustomDecor #HotelDecor #VillaDesign #LandscapeDesign
Premium Planters, Fountains & Wall Art",5,Send WhatsApp message,api.whatsapp.com,"FACEBOOK; INSTAGRAM; AUDIENCE_NETWORK; MESSENGER; WHATSAPP",2026-06-07,2026-06-15,HD: https://video.fjai6-1.fna.fbcdn.net/o1/v/t2/f2/m366/AQPWpmUeEYhLhni_3zZnZ4os7XANjOW-0jT3PacQTjoMlEk1qqGw5d5-LiT38nr6K-z8FK9kvomtECKVhr3Mj2c0Kg4KHKL0cXE3jRczG_IyVA.mp4?_nc_cat=101&_nc_oc=AdrA569OLVjKPDX-Yr6g7Pi2eeXiVO-W9vEbsA7U4Sb_0JZ2AJPepXmPnhX5EQl4Jaqq8mFSk5cXL69tlZU-TaRp&_nc_sid=b66105&_nc_ht=video.fjai6-1.fna.fbcdn.net&_nc_ohc=6iEEsCiYF0sQ7kNvwFHx4GE&efg=eyJ2ZW5jb2RlX3RhZyI6Inhwdl9wcm9ncmVzc2l2ZS5WSV9VU0VDQVNFX1BST0RVQ1RfVFlQRS4uQzMuNzIwLmRhc2hfaDI2NC1iYXNpYy1nZW4yXzcyMHAiLCJ4cHZfYXNzZXRfaWQiOjEzOTg1OTI5MDg2OTQyMjcsImFzc2V0X2FnZV9kYXlzIjo5LCJ2aV91c2VjYXNlX2lkIjoxMDc5OSwiZHVyYXRpb25fcyI6NzAsInVybGdlbl9zb3VyY2UiOiJ3d3cifQ%3D%3D&ccb=17-1&vs=4dccea7e961afa40&_nc_vs=HBksFQIYRWZiX2VwaGVtZXJhbC9GQjQ1NjA1NUNEOEU2RkI5M0E1Nzg5QUM1NjQ5RkNCNF9tdF8xX3ZpZGVvX2Rhc2hpbml0Lm1wNBUAAsgBEgAVAhhAZmJfcGVybWFuZW50LzY2NDhDODkwNUVBREJEQkEwRjk3ODhBMkRGNUNCNkE5X2F1ZGlvX2Rhc2hpbml0Lm1wNBUCAsgBEgAoABgAGwKIB3VzZV9vaWwBMRJwcm9ncmVzc2l2ZV9yZWNpcGUBMRUAACamy5CY6YD8BBUCKAJDMywXQFGbtkWhysEYGWRhc2hfaDI2NC1iYXNpYy1nZW4yXzcyMHARAHUAZd6oAQA&_nc_gid=eElODqCuvMWYJjpr_T_ePA&_nc_ss=7b289&_nc_zt=28&oh=00_Af8Ou1ZlkeI3-qPRaVV4gCHAbQz1wiKbhI2nm2n7I-mvpw&oe=6A36AAD7 | SD: https://video.fjai6-1.fna.fbcdn.net/o1/v/t2/f2/m412/AQOKya2r5Cm4n-jf86Oj3FzWDhLUyF5JKWoG7eUrBoRLoozcJa5eld87i6E50P38Lz16KqlhqbaViDIQSkgajvOrjDNKZz7chbnrCNdd3g.mp4?_nc_cat=107&_nc_oc=AdqsK4RehYgSjPys5ALLtmDU9MrCvNrp7YWbZ6gZK1oGhBn-Dq8n4XJYTfGTCy0O1MXgnh1gbsmtlvXyqF0P1cLc&_nc_sid=ef5aa3&_nc_ht=video.fjai6-1.fna.fbcdn.net&_nc_ohc=z1hcjxUg3GAQ7kNvwGWIVXM&efg=eyJ2ZW5jb2RlX3RhZyI6Inhwdl9wcm9ncmVzc2l2ZS5WSV9VU0VDQVNFX1BST0RVQ1RfVFlQRS4uQzMuMzYwLnN2ZV9zZCIsInhwdl9hc3NldF9pZCI6MTM5ODU5MjkwODY5NDIyNywiYXNzZXRfYWdlX2RheXMiOjksInZpX3VzZWNhc2VfaWQiOjEwNzk5LCJkdXJhdGlvbl9zIjo3MCwidXJsZ2VuX3NvdXJjZSI6Ind3dyJ9&ccb=17-1&_nc_gid=eElODqCuvMWYJjpr_T_ePA&_nc_ss=7b289&_nc_zt=28&oh=00_Af_zhEjr8g_IQker5fObo_bpzPiPHgd5HhFizVYkQOA2oQ&oe=6A36C1DF | Preview: https://scontent.fjai6-1.fna.fbcdn.net/v/t39.35426-6/720065156_1531401165288607_3129759237684128256_n.jpg?_nc_cat=103&ccb=1-7&_nc_sid=c53f8f&_nc_ohc=Qp_aaFPFR6QQ7kNvwFsp4E4&_nc_oc=AdrNSdV5FCBTKiYYsQwA5JuwY6iVkFzHHLI0qdhuTL_ti6JVLu5G1BXbuq7AGxMJD1ecwrjAJU8OVUzrxuIJO7YO&_nc_zt=14&_nc_ht=scontent.fjai6-1.fna&_nc_gid=eElODqCuvMWYJjpr_T_ePA&_nc_ss=7b289&oh=00_Af9iHQ3No7RfGup0LMODtuZDj1K3tjFGU9MSe66V2CR8KQ&oe=6A36B44D,,,,,,,
1325765029501569,https://www.facebook.com/drtechhomes/,fb.me,https://www.facebook.com/drtechhomes/,,,,,+91 79078 03774,,,,2100161813407215,http://fb.me/,DR Tech Homes Pvt Ltd,https://www.facebook.com/ads/library/?id=1325765029501569,"Looking for a reliable partner for your commercial construction project?

DR Tech delivers high-quality commercial buildings designed for functionality, durability, and business growth. From office spaces and retail outlets to industrial and institutional projects, our expert team ensures timely delivery, transparent processes, and superior craftsmanship.

📍 Serving Trivandrum & Kochi
✅ End-to-End Project Management
✅ Quality Construction
✅ On-Time Delivery

Build your business with confidence. Contact DR Tech today!",1374,Get quote,fb.me,"FACEBOOK; INSTAGRAM; AUDIENCE_NETWORK",2026-06-03,2026-06-15,HD: https://video.fjai6-1.fna.fbcdn.net/o1/v/t2/f2/m366/AQN_c4h5R9kgMXPq5a5TWQUy5JLzRVpNZPDk30N6w8SuKlxMBpHWQjmEHoGcEyNOFAlZw6EBJaZOJu18gf3IuOOfEGxjN9GCEzTKLeFdqHpsjQ.mp4?_nc_cat=105&_nc_oc=Adrq-AQGZ5uUy4m6uG7cNfmbjW-n7UX3AWm73zyLYIBKAs7nP3ij8cJNNS9Y3T9htgeXMeepHk65vxkK9OqZJ8-V&_nc_sid=b66105&_nc_ht=video.fjai6-1.fna.fbcdn.net&_nc_ohc=z5DkcoUtsRQQ7kNvwGcZ4sI&efg=eyJ2ZW5jb2RlX3RhZyI6Inhwdl9wcm9ncmVzc2l2ZS5WSV9VU0VDQVNFX1BST0RVQ1RfVFlQRS4uQzMuNzIwLmRhc2hfaDI2NC1iYXNpYy1nZW4yXzcyMHAiLCJ4cHZfYXNzZXRfaWQiOjg4NzMwMDkwMTA1Mzc1NSwiYXNzZXRfYWdlX2RheXMiOjEyLCJ2aV91c2VjYXNlX2lkIjoxMDc5OSwiZHVyYXRpb25fcyI6NzIsInVybGdlbl9zb3VyY2UiOiJ3d3cifQ%3D%3D&ccb=17-1&vs=91ee311984871118&_nc_vs=HBksFQIYRWZiX2VwaGVtZXJhbC85RTQ2RUZGNTBDOTVGQUZBNTc3OTEwOUNCM0JDMDk4NV9tdF8xX3ZpZGVvX2Rhc2hpbml0Lm1wNBUAAsgBEgAVAhhAZmJfcGVybWFuZW50L0I0NDgxMkJDODA4N0IyMkNBN0Y5QUM1MUQxM0MwRkI0X2F1ZGlvX2Rhc2hpbml0Lm1wNBUCAsgBEgAoABgAGwKIB3VzZV9vaWwBMRJwcm9ncmVzc2l2ZV9yZWNpcGUBMRUAACb2lKHw2r-TAxUCKAJDMywXQFIVsi0OVgQYGWRhc2hfaDI2NC1iYXNpYy1nZW4yXzcyMHARAHUAZd6oAQA&_nc_gid=eElODqCuvMWYJjpr_T_ePA&_nc_ss=7b289&_nc_zt=28&oh=00_Af8lazLDZvdOk4sKplKfKI3ECCxeLXOhyaLN2_m5QdXsiA&oe=6A36C61F | SD: https://video.fjai6-1.fna.fbcdn.net/o1/v/t2/f2/m412/AQPaZwXeDaL6zPNtYy-PVw-cikd2NLAZy7LzavS_8EJJorwQN6_7jpOBlBVvgdaMUK_k8L3DS_a22SNFrJB-eWORGOmlxKQgLEI08el56w.mp4?_nc_cat=105&_nc_oc=AdqmRIjqaI_Tierx-OlqlhRAcQLCLGqcFFSq5o4mBO35DMczLoHZUCZu3phuR4DrY5nnhv7FD3AX0PTBjZDAMQc_&_nc_sid=ef5aa3&_nc_ht=video.fjai6-1.fna.fbcdn.net&_nc_ohc=aFT7jJrIeAgQ7kNvwEXAb2E&efg=eyJ2ZW5jb2RlX3RhZyI6Inhwdl9wcm9ncmVzc2l2ZS5WSV9VU0VDQVNFX1BST0RVQ1RfVFlQRS4uQzMuMzYwLnN2ZV9zZCIsInhwdl9hc3NldF9pZCI6ODg3MzAwOTAxMDUzNzU1LCJhc3NldF9hZ2VfZGF5cyI6MTIsInZpX3VzZWNhc2VfaWQiOjEwNzk5LCJkdXJhdGlvbl9zIjo3MiwidXJsZ2VuX3NvdXJjZSI6Ind3dyJ9&ccb=17-1&_nc_gid=eElODqCuvMWYJjpr_T_ePA&_nc_ss=7b289&_nc_zt=28&oh=00_Af8C5EDeaVdQDJUf08uQteFUtF05ZDmfYxBhmfAqnh95lQ&oe=6A36BAED | Preview: https://scontent.fjai6-1.fna.fbcdn.net/v/t39.35426-6/714949252_1482667053636464_512134673390835734_n.jpg?_nc_cat=106&ccb=1-7&_nc_sid=c53f8f&_nc_ohc=Tx_JYIDAtXUQ7kNvwHd40Jw&_nc_oc=AdqCrj00f8OfzTSw_a_V729l6LsCVHaEAhNqLeevKI7j0pacqv8uB5QTZpH6ZPWbSHKo9JX0UgoodsZcPtPyTPOJ&_nc_zt=14&_nc_ht=scontent.fjai6-1.fna&_nc_gid=eElODqCuvMWYJjpr_T_ePA&_nc_ss=7b289&oh=00_Af-AyVMwHH5goSc2YqtFVQoGfeAU5StdAmxCHKeTkKu76g&oe=6A36B11C,,,,,,,
1557053052663870,https://www.facebook.com/61589337331102/,fb.me,https://www.facebook.com/61589337331102/,,,,,,,,,1067216926483276,http://fb.me/,Omaxe Developers,https://www.facebook.com/ads/library/?id=1557053052663870,"Own a premium retail shop in the heart of Dwarka’s biggest commercial destination!

Introducing premium retail spaces at The Omaxe State — where high footfall, strategic location & strong rental potential come together.

💰 Shop Starts From ₹64 Lakhs*
💼 Assured Rental Potential Up To ₹48K/Month*
🔥 Easy 50:50 Payment Plan
📍 Prime Location in Dwarka, Delhi

Perfect for investors looking for steady returns and long-term growth in Delhi’s booming commercial market.

📞 Limited inventory available — Enquire Now!",2,Book now,fb.me,"FACEBOOK; INSTAGRAM; AUDIENCE_NETWORK",2026-06-08,2026-06-15,HD: https://video.fjai6-1.fna.fbcdn.net/o1/v/t2/f2/m366/AQP4P2Hps5I0Bjxh1IKNHn87dF_17oQyhzCY8J0s4XX-1bjzJmCwJStUHHHZvIUtT1wb6yGgQI34I3lp9PkSN1kPlJwKCO4dZ_aSiJ7cTj3pQQ.mp4?_nc_cat=102&_nc_oc=Ado2yLz4vaAjYsiEFtZYIcLrOz_4aamlSa_p2kcu7wHB7fmMcslvurAGJl3fiGlsYK_jfNLHkNOyXjYdpR1v9KQS&_nc_sid=b66105&_nc_ht=video.fjai6-1.fna.fbcdn.net&_nc_ohc=b20jeLeuar8Q7kNvwFi8ry-&efg=eyJ2ZW5jb2RlX3RhZyI6Inhwdl9wcm9ncmVzc2l2ZS5WSV9VU0VDQVNFX1BST0RVQ1RfVFlQRS4uQzMuNzIwLmRhc2hfaDI2NC1iYXNpYy1nZW4yXzcyMHAiLCJ4cHZfYXNzZXRfaWQiOjEwMjEwMjIwNjcyNTM2OTMsImFzc2V0X2FnZV9kYXlzIjozNSwidmlfdXNlY2FzZV9pZCI6MTA3OTksImR1cmF0aW9uX3MiOjQxLCJ1cmxnZW5fc291cmNlIjoid3d3In0%3D&ccb=17-1&vs=39648bafb4233a61&_nc_vs=HBksFQIYRWZiX2VwaGVtZXJhbC80RTREQTRDRTgxNjQ2REJDMjE4RUFCQjJFMERFRUNCMl9tdF8xX3ZpZGVvX2Rhc2hpbml0Lm1wNBUAAsgBEgAVAhhAZmJfcGVybWFuZW50LzFGNEQ4NkU3MjJFNkNFMzI1OTc1NkUwMDYyM0NFMTkzX2F1ZGlvX2Rhc2hpbml0Lm1wNBUCAsgBEgAoABgAGwKIB3VzZV9vaWwBMRJwcm9ncmVzc2l2ZV9yZWNpcGUBMRUAACb6hoOap6fQAxUCKAJDMywXQETRBiTdLxsYGWRhc2hfaDI2NC1iYXNpYy1nZW4yXzcyMHARAHUAZd6oAQA&_nc_gid=eElODqCuvMWYJjpr_T_ePA&_nc_ss=7b289&_nc_zt=28&oh=00_Af9hJ4nPPe6go1tEDmnYqLpldSulCNooMQdJofUhy-AnoA&oe=6A36C1CA | SD: https://video.fjai6-1.fna.fbcdn.net/o1/v/t2/f2/m412/AQPZgCMqZvz2qG6LdJWtPqOsGH9J_UaV7LW9r-FhgvVFaQrqX6CIGOkn1oYhQl89CaxAoE2Y_3X4sjHpQOehlmcAXUhn9pkUxnveb0o5yQ.mp4?_nc_cat=105&_nc_oc=AdrM2VHIrfLF4hZ5C_vEvzhrHgKL3PmkUvPFyYfTA5lAevkPj4jOmoa3GXn_QpxOLDPwLjSBp5xyC0xQRE138bI9&_nc_sid=ef5aa3&_nc_ht=video.fjai6-1.fna.fbcdn.net&_nc_ohc=V8kMTT7MrcgQ7kNvwEC1Jl8&efg=eyJ2ZW5jb2RlX3RhZyI6Inhwdl9wcm9ncmVzc2l2ZS5WSV9VU0VDQVNFX1BST0RVQ1RfVFlQRS4uQzMuMzYwLnN2ZV9zZCIsInhwdl9hc3NldF9pZCI6MTAyMTAyMjA2NzI1MzY5MywiYXNzZXRfYWdlX2RheXMiOjM1LCJ2aV91c2VjYXNlX2lkIjoxMDc5OSwiZHVyYXRpb25fcyI6NDEsInVybGdlbl9zb3VyY2UiOiJ3d3cifQ%3D%3D&ccb=17-1&_nc_gid=eElODqCuvMWYJjpr_T_ePA&_nc_ss=7b289&_nc_zt=28&oh=00_Af_olIF_Q_YkpMsibGeJB1mXp5KsP7MVQIBdDXODJkNcjA&oe=6A36AE85 | Preview: https://scontent.fjai6-1.fna.fbcdn.net/v/t39.35426-6/696157544_1182007930672945_7551808822442495308_n.jpg?_nc_cat=104&ccb=1-7&_nc_sid=c53f8f&_nc_ohc=XIYs9erqEmkQ7kNvwHzeiiL&_nc_oc=Adodvh0BQq2swNWxyJOi7OFZntZP8arNg05TnzEY_TGrSiGTGwH_f27tzmwwa-7-COYYazDK12hhFNQjy0fBtm3X&_nc_zt=14&_nc_ht=scontent.fjai6-1.fna&_nc_gid=eElODqCuvMWYJjpr_T_ePA&_nc_ss=7b289&oh=00_Af8AzRFZePErjl69vulOiaKweUkIQOpm7fV4lSbAMBLhig&oe=6A36D477,,,,,,,
2220649728770926,https://www.facebook.com/61583865492279/,,https://www.facebook.com/61583865492279/,,,,omracres@gmail.com,+91 87545 05530,,,,930783486778164,,OMR Acres தமிழ்,https://www.facebook.com/ads/library/?id=2220649728770926,"செங்கல்பட்டு மெயின் ரோட்டில்
85 சென்ட் கமெர்ஷியல் லேண்ட் விற்பனைக்கு!
142 அடி frontage
Corner plot | North-East facing
Flyoverக்கு வெறும் 500 மீட்டர்
Jewellery, Textile, Mall, Cine Complexக்கு
சூப்பர் suitable",526,Send message,,"FACEBOOK; INSTAGRAM",2026-06-04,2026-06-14,,,"செங்கல்பட்டு மெயின் ரோட்டில்
85 சென்ட் கமெர்ஷியல் லேண்ட் விற்பனைக்கு!
142 அடி frontage
Corner plot | North-East facing
Flyoverக்கு வெறும் 500 மீட்டர்
Jewellery, Textile, Mall, Cine Complexக்கு
சூப்பர் suitable || செங்கல்பட்டு மெயின் ரோட்டில்
85 சென்ட் கமெர்ஷியல் லேண்ட் விற்பனைக்கு!
142 அடி frontage
Corner plot | North-East facing
Flyoverக்கு வெறும் 500 மீட்டர்
Jewellery, Textile, Mall, Cine Complexக்கு
சூப்பர் suitable || செங்கல்பட்டு மெயின் ரோட்டில்
85 சென்ட் கமெர்ஷியல் லேண்ட் விற்பனைக்கு!
142 அடி frontage
Corner plot | North-East facing
Flyoverக்கு வெறும் 500 மீட்டர்
Jewellery, Textile, Mall, Cine Complexக்கு
சூப்பர் suitable || செங்கல்பட்டு மெயின் ரோட்டில்
85 சென்ட் கமெர்ஷியல் லேண்ட் விற்பனைக்கு!
142 அடி frontage
Corner plot | North-East facing
Flyoverக்கு வெறும் 500 மீட்டர்
Jewellery, Textile, Mall, Cine Complexக்கு
சூப்பர் suitable || செங்கல்பட்டு மெயின் ரோட்டில்
85 சென்ட் கமெர்ஷியல் லேண்ட் விற்பனைக்கு!
142 அடி frontage
Corner plot | North-East facing
Flyoverக்கு வெறும் 500 மீட்டர்
Jewellery, Textile, Mall, Cine Complexக்கு
சூப்பர் suitable",,,,Original: https://scontent.fjai6-1.fna.fbcdn.net/v/t39.35426-6/681187018_1694658251716046_4590815960860079267_n.jpg?_nc_cat=100&ccb=1-7&_nc_sid=c53f8f&_nc_ohc=rbZwFQoqT2EQ7kNvwEMBK1u&_nc_oc=AdpnDrIDgGdVh5QANfFrr_akGQX0QTdMdZ_VBNRBTQpxklE6yrWSS_jUdpDYYUe9hUFFYRDU_u547xy28RX38itq&_nc_zt=14&_nc_ht=scontent.fjai6-1.fna&_nc_gid=eElODqCuvMWYJjpr_T_ePA&_nc_ss=7b289&oh=00_Af9r-jHVIofM--liX5PfOEQZyUHHtr_lHonBOlwD0Bgt9g&oe=6A36C881 | Resized: https://scontent.fjai6-1.fna.fbcdn.net/v/t39.35426-6/679432388_2381128862387349_7993571266636012008_n.jpg?stp=dst-jpg_s600x600_tt6&_nc_cat=107&ccb=1-7&_nc_sid=c53f8f&_nc_ohc=JRESkwGXxc8Q7kNvwEWr68e&_nc_oc=AdpzuMWvCvb9lWYtn1v8bZx4A6uWcCntmxuFTwoIPugww9q1vPJev7rvm3dWgsUy43umHvvj_ZRGe-xBbjmGH9ru&_nc_zt=14&_nc_ht=scontent.fjai6-1.fna&_nc_gid=eElODqCuvMWYJjpr_T_ePA&_nc_ss=7b289&oh=00_Af-M0z2RLq8daQwzLzQsOl8djNh-2Ptvee_VMigNKlvwaQ&oe=6A36CE78 || Original: https://scontent.fjai6-1.fna.fbcdn.net/v/t39.35426-6/681187018_1694658251716046_4590815960860079267_n.jpg?_nc_cat=100&ccb=1-7&_nc_sid=c53f8f&_nc_ohc=rbZwFQoqT2EQ7kNvwEMBK1u&_nc_oc=AdpnDrIDgGdVh5QANfFrr_akGQX0QTdMdZ_VBNRBTQpxklE6yrWSS_jUdpDYYUe9hUFFYRDU_u547xy28RX38itq&_nc_zt=14&_nc_ht=scontent.fjai6-1.fna&_nc_gid=eElODqCuvMWYJjpr_T_ePA&_nc_ss=7b289&oh=00_Af9r-jHVIofM--liX5PfOEQZyUHHtr_lHonBOlwD0Bgt9g&oe=6A36C881 | Resized: https://scontent.fjai6-1.fna.fbcdn.net/v/t39.35426-6/679432388_2381128862387349_7993571266636012008_n.jpg?stp=dst-jpg_s600x600_tt6&_nc_cat=107&ccb=1-7&_nc_sid=c53f8f&_nc_ohc=JRESkwGXxc8Q7kNvwEWr68e&_nc_oc=AdpzuMWvCvb9lWYtn1v8bZx4A6uWcCntmxuFTwoIPugww9q1vPJev7rvm3dWgsUy43umHvvj_ZRGe-xBbjmGH9ru&_nc_zt=14&_nc_ht=scontent.fjai6-1.fna&_nc_gid=eElODqCuvMWYJjpr_T_ePA&_nc_ss=7b289&oh=00_Af-M0z2RLq8daQwzLzQsOl8djNh-2Ptvee_VMigNKlvwaQ&oe=6A36CE78 || Original: https://scontent.fjai6-1.fna.fbcdn.net/v/t39.35426-6/681187018_1694658251716046_4590815960860079267_n.jpg?_nc_cat=100&ccb=1-7&_nc_sid=c53f8f&_nc_ohc=rbZwFQoqT2EQ7kNvwEMBK1u&_nc_oc=AdpnDrIDgGdVh5QANfFrr_akGQX0QTdMdZ_VBNRBTQpxklE6yrWSS_jUdpDYYUe9hUFFYRDU_u547xy28RX38itq&_nc_zt=14&_nc_ht=scontent.fjai6-1.fna&_nc_gid=eElODqCuvMWYJjpr_T_ePA&_nc_ss=7b289&oh=00_Af9r-jHVIofM--liX5PfOEQZyUHHtr_lHonBOlwD0Bgt9g&oe=6A36C881 | Resized: https://scontent.fjai6-1.fna.fbcdn.net/v/t39.35426-6/679432388_2381128862387349_7993571266636012008_n.jpg?stp=dst-jpg_s600x600_tt6&_nc_cat=107&ccb=1-7&_nc_sid=c53f8f&_nc_ohc=JRESkwGXxc8Q7kNvwEWr68e&_nc_oc=AdpzuMWvCvb9lWYtn1v8bZx4A6uWcCntmxuFTwoIPugww9q1vPJev7rvm3dWgsUy43umHvvj_ZRGe-xBbjmGH9ru&_nc_zt=14&_nc_ht=scontent.fjai6-1.fna&_nc_gid=eElODqCuvMWYJjpr_T_ePA&_nc_ss=7b289&oh=00_Af-M0z2RLq8daQwzLzQsOl8djNh-2Ptvee_VMigNKlvwaQ&oe=6A36CE78 || Original: https://scontent.fjai6-1.fna.fbcdn.net/v/t39.35426-6/681187018_1694658251716046_4590815960860079267_n.jpg?_nc_cat=100&ccb=1-7&_nc_sid=c53f8f&_nc_ohc=rbZwFQoqT2EQ7kNvwEMBK1u&_nc_oc=AdpnDrIDgGdVh5QANfFrr_akGQX0QTdMdZ_VBNRBTQpxklE6yrWSS_jUdpDYYUe9hUFFYRDU_u547xy28RX38itq&_nc_zt=14&_nc_ht=scontent.fjai6-1.fna&_nc_gid=eElODqCuvMWYJjpr_T_ePA&_nc_ss=7b289&oh=00_Af9r-jHVIofM--liX5PfOEQZyUHHtr_lHonBOlwD0Bgt9g&oe=6A36C881 | Resized: https://scontent.fjai6-1.fna.fbcdn.net/v/t39.35426-6/679432388_2381128862387349_7993571266636012008_n.jpg?stp=dst-jpg_s600x600_tt6&_nc_cat=107&ccb=1-7&_nc_sid=c53f8f&_nc_ohc=JRESkwGXxc8Q7kNvwEWr68e&_nc_oc=AdpzuMWvCvb9lWYtn1v8bZx4A6uWcCntmxuFTwoIPugww9q1vPJev7rvm3dWgsUy43umHvvj_ZRGe-xBbjmGH9ru&_nc_zt=14&_nc_ht=scontent.fjai6-1.fna&_nc_gid=eElODqCuvMWYJjpr_T_ePA&_nc_ss=7b289&oh=00_Af-M0z2RLq8daQwzLzQsOl8djNh-2Ptvee_VMigNKlvwaQ&oe=6A36CE78 || Original: https://scontent.fjai6-1.fna.fbcdn.net/v/t39.35426-6/681187018_1694658251716046_4590815960860079267_n.jpg?_nc_cat=100&ccb=1-7&_nc_sid=c53f8f&_nc_ohc=rbZwFQoqT2EQ7kNvwEMBK1u&_nc_oc=AdpnDrIDgGdVh5QANfFrr_akGQX0QTdMdZ_VBNRBTQpxklE6yrWSS_jUdpDYYUe9hUFFYRDU_u547xy28RX38itq&_nc_zt=14&_nc_ht=scontent.fjai6-1.fna&_nc_gid=eElODqCuvMWYJjpr_T_ePA&_nc_ss=7b289&oh=00_Af9r-jHVIofM--liX5PfOEQZyUHHtr_lHonBOlwD0Bgt9g&oe=6A36C881 | Resized: https://scontent.fjai6-1.fna.fbcdn.net/v/t39.35426-6/679432388_2381128862387349_7993571266636012008_n.jpg?stp=dst-jpg_s600x600_tt6&_nc_cat=107&ccb=1-7&_nc_sid=c53f8f&_nc_ohc=JRESkwGXxc8Q7kNvwEWr68e&_nc_oc=AdpzuMWvCvb9lWYtn1v8bZx4A6uWcCntmxuFTwoIPugww9q1vPJev7rvm3dWgsUy43umHvvj_ZRGe-xBbjmGH9ru&_nc_zt=14&_nc_ht=scontent.fjai6-1.fna&_nc_gid=eElODqCuvMWYJjpr_T_ePA&_nc_ss=7b289&oh=00_Af-M0z2RLq8daQwzLzQsOl8djNh-2Ptvee_VMigNKlvwaQ&oe=6A36CE78,HD: https://video.fjai6-1.fna.fbcdn.net/o1/v/t2/f2/m366/AQNHuUrhGMEAJZdGCereeG77TZV2liI4sluL5KBhnsQKiWPpWpGPXp-kghwtmeTe-VIn7No1Vz4GWsaIaPZQm3zyBmvS0vwq4oAltbz6LZ1VBw.mp4?_nc_cat=101&_nc_oc=AdqSXaEM09ZvFca-Rtly7zGxBKKCLYBqDUFIFCcPvVVy7G6pzgI7ptqS9qR8L6Y2H7Zs4vX3Ry1w97kLJcOIfviR&_nc_sid=b66105&_nc_ht=video.fjai6-1.fna.fbcdn.net&_nc_ohc=wKNHo8OE144Q7kNvwFPuDCC&efg=eyJ2ZW5jb2RlX3RhZyI6Inhwdl9wcm9ncmVzc2l2ZS5WSV9VU0VDQVNFX1BST0RVQ1RfVFlQRS4uQzMuNDc2LmRhc2hfaDI2NC1iYXNpYy1nZW4yXzcyMHAiLCJ4cHZfYXNzZXRfaWQiOjkyMjQwMTQ5NzI5MzM3OCwiYXNzZXRfYWdlX2RheXMiOjU2LCJ2aV91c2VjYXNlX2lkIjoxMDc5OSwiZHVyYXRpb25fcyI6NTgsInVybGdlbl9zb3VyY2UiOiJ3d3cifQ%3D%3D&ccb=17-1&vs=b2c186abc14580b1&_nc_vs=HBksFQIYRWZiX2VwaGVtZXJhbC8yRDQ0RDQ4OTM3NzY1NDZGNDE1MUY1RTA1RTI1RjJCMV9tdF8xX3ZpZGVvX2Rhc2hpbml0Lm1wNBUAAsgBEgAVAhhAZmJfcGVybWFuZW50LzIxNDAzRkEwOTUyRjU2Njc3QTUxQzBCRDhGRUE1OTk4X2F1ZGlvX2Rhc2hpbml0Lm1wNBUCAsgBEgAoABgAGwKIB3VzZV9vaWwBMRJwcm9ncmVzc2l2ZV9yZWNpcGUBMRUAACaEibHZ6rqjAxUCKAJDMywXQE1VP3ztkWgYGWRhc2hfaDI2NC1iYXNpYy1nZW4yXzcyMHARAHUAZd6oAQA&_nc_gid=eElODqCuvMWYJjpr_T_ePA&_nc_ss=7b289&_nc_zt=28&oh=00_Af_EOj3PLGEhKdNld3qXb99FVbBmk-fhg3Ad-8uINDaW_g&oe=6A36B433 | SD: https://video.fjai6-1.fna.fbcdn.net/o1/v/t2/f2/m412/AQObLc85f4reY_2G5pGWraJwjIyyj1gZX0_zNe149iV0VG6UNBPs0d4ZUwzHoJlls5z1qP-L5pJl_7IgLCBzoNRpOlFkeZaHD02PvPi2dg.mp4?_nc_cat=103&_nc_oc=Adoyf7CFtOosd0DKbrAy-v-_nkGBHvXJtVc_BFPQEcWJYnd2_pykPX-c_duMkB2wbb6JC4gFIFsVmvYlOpLaaukI&_nc_sid=ef5aa3&_nc_ht=video.fjai6-1.fna.fbcdn.net&_nc_ohc=36rifAYZ2RYQ7kNvwHEKomK&efg=eyJ2ZW5jb2RlX3RhZyI6Inhwdl9wcm9ncmVzc2l2ZS5WSV9VU0VDQVNFX1BST0RVQ1RfVFlQRS4uQzMuMzYwLnN2ZV9zZCIsInhwdl9hc3NldF9pZCI6OTIyNDAxNDk3MjkzMzc4LCJhc3NldF9hZ2VfZGF5cyI6NTYsInZpX3VzZWNhc2VfaWQiOjEwNzk5LCJkdXJhdGlvbl9zIjo1OCwidXJsZ2VuX3NvdXJjZSI6Ind3dyJ9&ccb=17-1&_nc_gid=eElODqCuvMWYJjpr_T_ePA&_nc_ss=7b289&_nc_zt=28&oh=00_Af-lK5-M2UlkOORCCsOw8g_g5NyUTLpcYqvEfuX-FgY2nQ&oe=6A36B4E3 | Preview: https://scontent.fjai6-1.fna.fbcdn.net/v/t39.35426-6/679389845_2857847294549039_2862996242954370678_n.jpg?_nc_cat=105&ccb=1-7&_nc_sid=c53f8f&_nc_ohc=HIEbs0EFXXEQ7kNvwGeqiWo&_nc_oc=AdpGp-jj6yJ4BpZfd8hZNeCueAQsSHZg3fmtITossO1hcpDuxfUphcxFVNhFcEyNZlgwVF22kof5O_iTic6Q_dLM&_nc_zt=14&_nc_ht=scontent.fjai6-1.fna&_nc_gid=eElODqCuvMWYJjpr_T_ePA&_nc_ss=7b289&oh=00_Af_V5t7eBXQYVoQUjE7_aPX942U_G08w2fHbfSZ9kvG4NQ&oe=6A36C0B8
1707317070276409,https://www.facebook.com/lifeasyINT/,api.whatsapp.com,https://www.facebook.com/lifeasyINT/,,,,sales@lifeasyinterior.com,+91 85868 82299,,,,650851671739777,https://api.whatsapp.com/send,Lifeasy Interior,https://www.facebook.com/ads/library/?id=1707317070276409,"🏗️ **WE'RE HIRING!** 🏗️

Interior Site Supervisor

Location:** Noida

Join **LIFEASY INTERIOR** and be a part of delivering premium residential and commercial interior projects with excellence and precision.

✅ **What We're Looking For:**
• 2–5 years of experience in interior site supervision
• Strong knowledge of interior execution and site management
• Ability to read and understand working drawings and site layouts
• Knowledge of materials, finishes, and quality standards
• Excellent coordination and problem-solving skills
• Ability to manage labor teams and vendors effectively

💼 **Key Responsibilities:**
• Supervise day-to-day site activities and ensure smooth project execution
• Coordinate with designers, vendors, contractors, and clients
• Monitor quality, timelines, and project progress
• Ensure work is completed as per approved drawings and specifications
• Manage site resources, materials, and workforce efficiently
• Prepare site reports and update project status regularly

💰 **Salary is not a constraint for the right candidate.**

📩 **Send your Resume:**
:hr@lifeasy.co.in

🚀 Build Luxury Spaces. Lead Successful Projects. Join the LIFEASY INTERIOR Team Today!

#Hiring #SiteSupervisor #InteriorSiteSupervisor #InteriorJobs #ConstructionJobs #NoidaJobs #HiringNow #SiteManagement #InteriorExecution #ProjectManagement #ResidentialInteriors #CommercialInteriors #CareerOpportunity #JoinOurTeam #LIFEASYINTERIOR #InteriorIndustry #SupervisorJobs #DelhiNCRJobs #ArchitectureAndInteriors #InteriorProjects",4545,Apply now,WhatsApp,"FACEBOOK; INSTAGRAM; AUDIENCE_NETWORK; MESSENGER; WHATSAPP",2026-06-09,2026-06-15,,Original: https://scontent.fjai6-1.fna.fbcdn.net/v/t39.35426-6/720873869_898056999979219_7707516106006223537_n.jpg?_nc_cat=105&ccb=1-7&_nc_sid=c53f8f&_nc_ohc=2QtzkCD1sV8Q7kNvwGepdUB&_nc_oc=AdqoE59p-wrGImW8QZR2Rfw0oQfCKfkDeftHCJwsQNhCzqLJ7Ous72lNTdzvUXOBNPZY9_zo-i1HXpgU8y2GRdvZ&_nc_zt=14&_nc_ht=scontent.fjai6-1.fna&_nc_gid=eElODqCuvMWYJjpr_T_ePA&_nc_ss=7b289&oh=00_Af_VpENc1XQCwtgWQfPSMW6L6hcDLHex8V8KEvhFmwutXA&oe=6A36BD01 | Resized: https://scontent.fjai6-1.fna.fbcdn.net/v/t39.35426-6/719189212_1017658524282031_2805079922866669621_n.jpg?stp=dst-jpg_s600x600_tt6&_nc_cat=102&ccb=1-7&_nc_sid=c53f8f&_nc_ohc=x8GW-nKKo0QQ7kNvwF14qgN&_nc_oc=Adq1RjY1bdcEOwUi5U4nociGKAueFoPQDStUROyLzKtFD7FBxbCPMU4H96cjIfIwQQwmXrTEVLCr4b0kue2wIvHx&_nc_zt=14&_nc_ht=scontent.fjai6-1.fna&_nc_gid=eElODqCuvMWYJjpr_T_ePA&_nc_ss=7b289&oh=00_Af8bJuNijgUSKHvT8B7nKWScLLcJJZSNm6zxwkSREQdvzA&oe=6A36D62C,,,,,,
2040199999904994,https://www.facebook.com/omaxedwarka19/,fb.me,https://www.facebook.com/omaxedwarka19/,,,,sales@omaxemalldwarka.com,+91 92509 33111,,,,287499021118515,http://fb.me/,Omaxē Developer,https://www.facebook.com/ads/library/?id=2040199999904994,"𝐈𝐧𝐯𝐞𝐬𝐭 𝐢𝐧 𝗢𝗺𝗮𝘅𝗲 𝐂𝐨𝐦𝐦𝐞𝐫𝐜𝐢𝐚𝐥 𝐏𝐫𝐨𝐣𝐞𝐜𝐭 𝗦𝗲𝗰𝘁𝗼𝗿 𝟭𝟵𝗕 𝗗𝘄𝗮𝗿𝗸𝗮, 𝗗𝗲𝗹𝗵𝗶.
Opposite Bharat Vandana Park Dwarka Delhi.

✅ Prime Commercial Space in Sector 19B Dwarka, Delhi
✅ Retail Shops Starts @ 2.50 Crores *
✅ Enjoy 12% Assured Rental
✅ 51 acres Integrated Sports City Commercial Projects
✅ 24 Acres Cricket Stadium
✅ Close proximity to ""Opposite Bharat Vandan Park""
✅ 500+ Surface Car Parking
✅ Shops with 36/18 ft. Heights
✅ 5 mins drive from Delhi Airport
✅ 25 Lakh+ Residential Catchment
✅ First development of its kind in India Cricket Stadium & Sports Academy
✅ 2 Mins Drive from Diplomatic Enclave 2
Call +91-9250933111 for a Site Visit
Secure your spot in Delhi's booming commercial landscape! Click below to BOOK NOW button.",490,Book now,fb.me,"FACEBOOK; INSTAGRAM",2026-06-12,2026-06-15,,,"𝐈𝐧𝐯𝐞𝐬𝐭 𝐢𝐧 𝗢𝗺𝗮𝘅𝗲 𝐂𝐨𝐦𝐦𝐞𝐫𝐜𝐢𝐚𝐥 𝐏𝐫𝐨𝐣𝐞𝐜𝐭 𝗦𝗲𝗰𝘁𝗼𝗿 𝟭𝟵𝗕 𝗗𝘄𝗮𝗿𝗸𝗮, 𝗗𝗲𝗹𝗵𝗶.
Opposite Bharat Vandana Park Dwarka Delhi.

✅ Prime Commercial Space in Sector 19B Dwarka, Delhi
✅ Retail Shops Starts @ 2.50 Crores *
✅ Enjoy 12% Assured Rental
✅ 51 acres Integrated Sports City Commercial Projects
✅ 24 Acres Cricket Stadium
✅ Close proximity to ""Opposite Bharat Vandan Park""
✅ 500+ Surface Car Parking
✅ Shops with 36/18 ft. Heights
✅ 5 mins drive from Delhi Airport
✅ 25 Lakh+ Residential Catchment
✅ First development of its kind in India Cricket Stadium & Sports Academy
✅ 2 Mins Drive from Diplomatic Enclave 2
Call +91-9250933111 for a Site Visit
Secure your spot in Delhi's booming commercial landscape! Click below to BOOK NOW button. || 𝐈𝐧𝐯𝐞𝐬𝐭 𝐢𝐧 𝗢𝗺𝗮𝘅𝗲 𝐂𝐨𝐦𝐦𝐞𝐫𝐜𝐢𝐚𝐥 𝐏𝐫𝐨𝐣𝐞𝐜𝐭 𝗦𝗲𝗰𝘁𝗼𝗿 𝟭𝟵𝗕 𝗗𝘄𝗮𝗿𝗸𝗮, 𝗗𝗲𝗹𝗵𝗶.
Opposite Bharat Vandana Park Dwarka Delhi.

✅ Prime Commercial Space in Sector 19B Dwarka, Delhi
✅ Retail Shops Starts @ 2.50 Crores *
✅ Enjoy 12% Assured Rental
✅ 51 acres Integrated Sports City Commercial Projects
✅ 24 Acres Cricket Stadium
✅ Close proximity to ""Opposite Bharat Vandan Park""
✅ 500+ Surface Car Parking
✅ Shops with 36/18 ft. Heights
✅ 5 mins drive from Delhi Airport
✅ 25 Lakh+ Residential Catchment
✅ First development of its kind in India Cricket Stadium & Sports Academy
✅ 2 Mins Drive from Diplomatic Enclave 2
Call +91-9250933111 for a Site Visit
Secure your spot in Delhi's booming commercial landscape! Click below to BOOK NOW button. || 𝐈𝐧𝐯𝐞𝐬𝐭 𝐢𝐧 𝗢𝗺𝗮𝘅𝗲 𝐂𝐨𝐦𝐦𝐞𝐫𝐜𝐢𝐚𝐥 𝐏𝐫𝐨𝐣𝐞𝐜𝐭 𝗦𝗲𝗰𝘁𝗼𝗿 𝟭𝟵𝗕 𝗗𝘄𝗮𝗿𝗸𝗮, 𝗗𝗲𝗹𝗵𝗶.
Opposite Bharat Vandana Park Dwarka Delhi.

✅ Prime Commercial Space in Sector 19B Dwarka, Delhi
✅ Retail Shops Starts @ 2.50 Crores *
✅ Enjoy 12% Assured Rental
✅ 51 acres Integrated Sports City Commercial Projects
✅ 24 Acres Cricket Stadium
✅ Close proximity to ""Opposite Bharat Vandan Park""
✅ 500+ Surface Car Parking
✅ Shops with 36/18 ft. Heights
✅ 5 mins drive from Delhi Airport
✅ 25 Lakh+ Residential Catchment
✅ First development of its kind in India Cricket Stadium & Sports Academy
✅ 2 Mins Drive from Diplomatic Enclave 2
Call +91-9250933111 for a Site Visit
Secure your spot in Delhi's booming commercial landscape! Click below to BOOK NOW button. || 𝐈𝐧𝐯𝐞𝐬𝐭 𝐢𝐧 𝗢𝗺𝗮𝘅𝗲 𝐂𝐨𝐦𝐦𝐞𝐫𝐜𝐢𝐚𝐥 𝐏𝐫𝐨𝐣𝐞𝐜𝐭 𝗦𝗲𝗰𝘁𝗼𝗿 𝟭𝟵𝗕 𝗗𝘄𝗮𝗿𝗸𝗮, 𝗗𝗲𝗹𝗵𝗶.
Opposite Bharat Vandana Park Dwarka Delhi.

✅ Prime Commercial Space in Sector 19B Dwarka, Delhi
✅ Retail Shops Starts @ 2.50 Crores *
✅ Enjoy 12% Assured Rental
✅ 51 acres Integrated Sports City Commercial Projects
✅ 24 Acres Cricket Stadium
✅ Close proximity to ""Opposite Bharat Vandan Park""
✅ 500+ Surface Car Parking
✅ Shops with 36/18 ft. Heights
✅ 5 mins drive from Delhi Airport
✅ 25 Lakh+ Residential Catchment
✅ First development of its kind in India Cricket Stadium & Sports Academy
✅ 2 Mins Drive from Diplomatic Enclave 2
Call +91-9250933111 for a Site Visit
Secure your spot in Delhi's booming commercial landscape! Click below to BOOK NOW button.",http://fb.me/ || http://fb.me/ || http://fb.me/ || http://fb.me/,,Book Now || Book Now || Book Now || Book Now,Original: https://scontent.fjai6-1.fna.fbcdn.net/v/t39.35426-6/723407055_1103468248875947_8839983727235649763_n.jpg?_nc_cat=105&ccb=1-7&_nc_sid=c53f8f&_nc_ohc=uuYVU4N0_tMQ7kNvwGHwFHV&_nc_oc=AdoUuSMSzCc4CQE8kd49yu_XYHWDnmhD_WQDscnyVjERQJiN2fsylSsi393VAm0gt2BZGmfPg4ff6_eBqLr_3V5A&_nc_zt=14&_nc_ht=scontent.fjai6-1.fna&_nc_gid=eElODqCuvMWYJjpr_T_ePA&_nc_ss=7b289&oh=00_Af8pqlRvk688q1YL2I9obcUSduQlM2GTdlkhAyQPqESeYw&oe=6A36AEB9 | Resized: https://scontent.fjai6-1.fna.fbcdn.net/v/t39.35426-6/721951121_1727805801868415_971066831367848126_n.jpg?stp=dst-jpg_s600x600_tt6&_nc_cat=103&ccb=1-7&_nc_sid=c53f8f&_nc_ohc=7kUKCwTR6M8Q7kNvwHNTKzd&_nc_oc=AdoQFzAFXBuXNBJsPKVjs7EbMvAqt88FoGtXj3fX_ECGDExeambWfHIYo7Jt5BSSNo6r9jTBYUzk-q_1LiR1Ul05&_nc_zt=14&_nc_ht=scontent.fjai6-1.fna&_nc_gid=eElODqCuvMWYJjpr_T_ePA&_nc_ss=7b289&oh=00_Af-UuvjgU5lZsgeqM-O0C9CcCdluBYaSVHjCxzi-qWzE2Q&oe=6A36CBEF || Original: https://scontent.fjai6-1.fna.fbcdn.net/v/t39.35426-6/723896383_1720434462644462_2093618054991253356_n.jpg?_nc_cat=104&ccb=1-7&_nc_sid=c53f8f&_nc_ohc=MofYNdi-_GQQ7kNvwFR0VhC&_nc_oc=Adr9gl6DtXzqsniwReVBVVOsjfo6AYt-82unIW1xvAEVWzVNSSHc77UUI53OorprkMeFgonNVJ8IKvCkzV4moFRQ&_nc_zt=14&_nc_ht=scontent.fjai6-1.fna&_nc_gid=eElODqCuvMWYJjpr_T_ePA&_nc_ss=7b289&oh=00_Af-_jImLk46i4rYYnFhgh0drcuEdYUGhlkRj_eNgxdGjCw&oe=6A36DB9D | Resized: https://scontent.fjai6-1.fna.fbcdn.net/v/t39.35426-6/723407055_1012041837995758_6711525944440456127_n.jpg?stp=dst-jpg_s600x600_tt6&_nc_cat=110&ccb=1-7&_nc_sid=c53f8f&_nc_ohc=g2jZwyoBOMUQ7kNvwF7G24w&_nc_oc=AdpZVAI8GFpUKPIXmF1p7REhU0I88_7T1jWvVvcpiQdCdJRLWVO0mEfPM03Jie-VSClaqJuaorStYuzug1wu_CNC&_nc_zt=14&_nc_ht=scontent.fjai6-1.fna&_nc_gid=eElODqCuvMWYJjpr_T_ePA&_nc_ss=7b289&oh=00_Af94Et4rodRjTJlPgWGfsaXqpiYR1bkmPzJcOqOlt5JnnQ&oe=6A36CA73 || Original: https://scontent.fjai6-1.fna.fbcdn.net/v/t39.35426-6/722384651_999965572620939_199769639613258900_n.jpg?_nc_cat=110&ccb=1-7&_nc_sid=c53f8f&_nc_ohc=V0BtNTnOMEQQ7kNvwGU9llJ&_nc_oc=AdrT4ro586yq_J6kziGTIRZ8Pf0-uyWzXnZ5NFrG2Itd2HoyU5ny0wcHbv9o_L8oAZvGZiJHJb3B-m4O3-AZbeWA&_nc_zt=14&_nc_ht=scontent.fjai6-1.fna&_nc_gid=eElODqCuvMWYJjpr_T_ePA&_nc_ss=7b289&oh=00_Af919DbXW0B2grV_y0lF3sagfTDxUbnvbXtXAXz8fKz5vQ&oe=6A36D393 | Resized: https://scontent.fjai6-1.fna.fbcdn.net/v/t39.35426-6/721415817_1574240234122735_1837043592147498991_n.jpg?stp=dst-jpg_s600x600_tt6&_nc_cat=105&ccb=1-7&_nc_sid=c53f8f&_nc_ohc=XB1O8e5TypoQ7kNvwG1smNF&_nc_oc=Adp0enbCJ_NpN62CIiv2NAnkNcMF7jt_ah6KpRT7f0r25Z4DTsLIp1ERERVNf-GTu8L8bAvAg9Lznuy6X5bv8aM6&_nc_zt=14&_nc_ht=scontent.fjai6-1.fna&_nc_gid=eElODqCuvMWYJjpr_T_ePA&_nc_ss=7b289&oh=00_Af8RpI7J2E9VWk-7GI2omggD8SfV0r8sQ492L6s6YDdw2g&oe=6A36B129 || Original: https://scontent.fjai6-1.fna.fbcdn.net/v/t39.35426-6/723896383_1720434462644462_2093618054991253356_n.jpg?_nc_cat=104&ccb=1-7&_nc_sid=c53f8f&_nc_ohc=MofYNdi-_GQQ7kNvwFR0VhC&_nc_oc=Adr9gl6DtXzqsniwReVBVVOsjfo6AYt-82unIW1xvAEVWzVNSSHc77UUI53OorprkMeFgonNVJ8IKvCkzV4moFRQ&_nc_zt=14&_nc_ht=scontent.fjai6-1.fna&_nc_gid=eElODqCuvMWYJjpr_T_ePA&_nc_ss=7b289&oh=00_Af-_jImLk46i4rYYnFhgh0drcuEdYUGhlkRj_eNgxdGjCw&oe=6A36DB9D | Resized: https://scontent.fjai6-1.fna.fbcdn.net/v/t39.35426-6/723407055_1012041837995758_6711525944440456127_n.jpg?stp=dst-jpg_s600x600_tt6&_nc_cat=110&ccb=1-7&_nc_sid=c53f8f&_nc_ohc=g2jZwyoBOMUQ7kNvwF7G24w&_nc_oc=AdpZVAI8GFpUKPIXmF1p7REhU0I88_7T1jWvVvcpiQdCdJRLWVO0mEfPM03Jie-VSClaqJuaorStYuzug1wu_CNC&_nc_zt=14&_nc_ht=scontent.fjai6-1.fna&_nc_gid=eElODqCuvMWYJjpr_T_ePA&_nc_ss=7b289&oh=00_Af94Et4rodRjTJlPgWGfsaXqpiYR1bkmPzJcOqOlt5JnnQ&oe=6A36CA73,
2235614220584586,https://www.facebook.com/orionrealtorsgurgaon/,fb.me,https://www.facebook.com/orionrealtorsgurgaon/,,,,info@orionrealtors.com,+91 92509 33999,,,,739652332841591,http://fb.me/,Orion Realtors,https://www.facebook.com/ads/library/?id=2235614220584586,"🏢 Invest in Faridabad's Next Landmark Commercial Destination
𝑹𝑬𝑻𝑨𝑰𝑳 𝑺𝑯𝑶𝑷𝑺 | 𝑭𝑶𝑶𝑫 𝑪𝑶𝑼𝑹𝑻 𝑺𝑷𝑨𝑪𝑬 | 𝑴𝑼𝑳𝑻𝑰𝑷𝑳𝑬𝑿

💰 Retail Shops Starting from ₹40 Lakhs Onwards
📍 Prime Location: Sector 27A, Main Mathura Road, Faridabad

✅ 12% Assured Rental Benefits*
✅ 6% Developer Lease Support*
✅ Up to 15% Yearly Capital Appreciation Potential*
✅ High Footfall Commercial Destination
✅ Excellent Connectivity & Growing Catchment

𝐒𝐞𝐜𝐮𝐫𝐞 𝐲𝐨𝐮𝐫 𝐢𝐧𝐯𝐞𝐬𝐭𝐦𝐞𝐧𝐭 𝐢𝐧 𝐚 𝐩𝐫𝐞𝐦𝐢𝐮𝐦 𝐜𝐨𝐦𝐦𝐞𝐫𝐜𝐢𝐚𝐥 𝐩𝐫𝐨𝐣𝐞𝐜𝐭 𝐝𝐞𝐬𝐢𝐠𝐧𝐞𝐝 𝐟𝐨𝐫 𝐥𝐨𝐧𝐠-𝐭𝐞𝐫𝐦 𝐠𝐫𝐨𝐰𝐭𝐡 𝐚𝐧𝐝 𝐫𝐞𝐜𝐮𝐫𝐫𝐢𝐧𝐠 𝐢𝐧𝐜𝐨𝐦𝐞.

📞 Call Now: +91 76201 70000
🌐 Website: www.bhumikarealtyicon.com
RERA No.: HRERA-PKL-FBD-574-2024

*T&C Apply
#BhumikaRealty #TheIconFaridabad #CommercialProperty #RetailShops #FaridabadInvestment #InvestmentOpportunity #AssuredReturns #CommercialRealEstate #MathuraRoad #Faridabad #PropertyInvestment #RetailInvestment #InvestorOpportunity #RealEstateIndia #CommercialShops",22515,See details,fb.me,"FACEBOOK; INSTAGRAM; AUDIENCE_NETWORK",2026-06-05,2026-06-15,HD: https://video.fjai6-1.fna.fbcdn.net/o1/v/t2/f2/m366/AQPY6O6_TOlvsrQgncuoaWuQEMsxgEzaUv5Rg_B59LHX-tA0AyXNu07OeoXENB87r1EJ0QYD7DKrR7WrrBppXq_IQRNvY9nYAbiEOhczIFPjyQ.mp4?_nc_cat=109&_nc_oc=Adrxj_5KDAgs5zp8Pp5Jgz0US-6pbGYE7DsVrPnk6AICuTvHBnlZz7MjoDWVpqB17RZ1fqw78CcxDR8mH-1he-H5&_nc_sid=b66105&_nc_ht=video.fjai6-1.fna.fbcdn.net&_nc_ohc=HICYa1iAyEgQ7kNvwGr99fp&efg=eyJ2ZW5jb2RlX3RhZyI6Inhwdl9wcm9ncmVzc2l2ZS5WSV9VU0VDQVNFX1BST0RVQ1RfVFlQRS4uQzMuNzIwLmRhc2hfaDI2NC1iYXNpYy1nZW4yXzcyMHAiLCJ4cHZfYXNzZXRfaWQiOjIwMDczNjk5NzAxNzA0NzEsImFzc2V0X2FnZV9kYXlzIjoxNSwidmlfdXNlY2FzZV9pZCI6MTA3OTksImR1cmF0aW9uX3MiOjQ5LCJ1cmxnZW5fc291cmNlIjoid3d3In0%3D&ccb=17-1&vs=f5b279b3a1007454&_nc_vs=HBksFQIYRWZiX2VwaGVtZXJhbC9FNzRFQ0EzNTMwNDA4NDVGQzkxMEFCMkY5RDE0NkU4Q19tdF8xX3ZpZGVvX2Rhc2hpbml0Lm1wNBUAAsgBEgAVAhhAZmJfcGVybWFuZW50LzQ5NEQ2MTNEMkRENDEwNjkxRDJBQjQ1ODIxQkM2NkFDX2F1ZGlvX2Rhc2hpbml0Lm1wNBUCAsgBEgAoABgAGwKIB3VzZV9vaWwBMRJwcm9ncmVzc2l2ZV9yZWNpcGUBMRUAACbO6Yngp-yQBxUCKAJDMywXQEj1wo9cKPYYGWRhc2hfaDI2NC1iYXNpYy1nZW4yXzcyMHARAHUAZd6oAQA&_nc_gid=eElODqCuvMWYJjpr_T_ePA&_nc_ss=7b289&_nc_zt=28&oh=00_Af8LBPw5pgtczW1BILtPUaWCicR-g4IFyoDS2uIO9Wt4hg&oe=6A36DCAB | SD: https://video.fjai6-1.fna.fbcdn.net/o1/v/t2/f2/m412/AQNj9AAYrBdHmNFv8ltePlv19FqOceHlzY9Si9UrSlFXifpsW4wHvbUXKES6c5-Zmu7NsA4Tn0T2R57AFVjRscINo5Mws6Dpw-4WVe_R9w.mp4?_nc_cat=110&_nc_oc=AdoslPxohGQIAGrbPYh76ztLGg2tQLxtpR2WUd5d0c9b9xToHzxBlPROGjzowv08X6g9Qi31HX7Sd4UOUIWNQQs_&_nc_sid=ef5aa3&_nc_ht=video.fjai6-1.fna.fbcdn.net&_nc_ohc=a8BGHe12M_QQ7kNvwHz5SZ8&efg=eyJ2ZW5jb2RlX3RhZyI6Inhwdl9wcm9ncmVzc2l2ZS5WSV9VU0VDQVNFX1BST0RVQ1RfVFlQRS4uQzMuMzYwLnN2ZV9zZCIsInhwdl9hc3NldF9pZCI6MjAwNzM2OTk3MDE3MDQ3MSwiYXNzZXRfYWdlX2RheXMiOjE1LCJ2aV91c2VjYXNlX2lkIjoxMDc5OSwiZHVyYXRpb25fcyI6NDksInVybGdlbl9zb3VyY2UiOiJ3d3cifQ%3D%3D&ccb=17-1&_nc_gid=eElODqCuvMWYJjpr_T_ePA&_nc_ss=7b289&_nc_zt=28&oh=00_Af_7EJPmGy1-O307joT81SYqobyrSwrUtu4UgpH5TLYqig&oe=6A36D244 | Preview: https://scontent.fjai6-1.fna.fbcdn.net/v/t39.35426-6/713386527_1725241782233312_7856998353045145361_n.jpg?_nc_cat=102&ccb=1-7&_nc_sid=c53f8f&_nc_ohc=bTbpvKubuSwQ7kNvwFOROLy&_nc_oc=Adoxupfr3j6vahy4S_dcQlOAAnZTHTBfg3DNT632VNyBxZeCf0wMjiXUQHx6fljmktNVyHDTWDLSEnoQKNxxxy6Y&_nc_zt=14&_nc_ht=scontent.fjai6-1.fna&_nc_gid=eElODqCuvMWYJjpr_T_ePA&_nc_ss=7b289&oh=00_Af_B_OLuYS4dnSahogpnz_C0j7ZT4wTNMy1kyKaLF7HNyw&oe=6A36B7C7,,,,,,,
1704344067536803,https://www.facebook.com/61576504817217/,fb.me,https://www.facebook.com/61576504817217/,,,,info@brickandwall.co,+91 90908 88080,,,,1080104385186078,http://fb.me/,Brick and Wall Co.,https://www.facebook.com/ads/library/?id=1704344067536803,"₹40 LAKH MEIN SHOP?
In a premium commercial project in Greater Noida? YES.

Migsun Central Market is attracting investors & business owners looking to secure high-growth commercial space before prices appreciate.

✨ Modern High-Street Design
✨ Prime NCR Connectivity
✨ Attractive Payment Plan
✨ High Rental Yield Potential

Don’t wait for “Sold Out” banners later.
Tap below & get the best available inventory first.",33,Get quote,fb.me,"FACEBOOK; INSTAGRAM",2026-06-10,2026-06-15,,,"₹40 LAKH MEIN SHOP?
In a premium commercial project in Greater Noida? YES.

Migsun Central Market is attracting investors & business owners looking to secure high-growth commercial space before prices appreciate.

✨ Modern High-Street Design
✨ Prime NCR Connectivity
✨ Attractive Payment Plan
✨ High Rental Yield Potential

Don’t wait for “Sold Out” banners later.
Tap below & get the best available inventory first. || ₹40 LAKH MEIN SHOP?
In a premium commercial project in Greater Noida? YES.

Migsun Central Market is attracting investors & business owners looking to secure high-growth commercial space before prices appreciate.

✨ Modern High-Street Design
✨ Prime NCR Connectivity
✨ Attractive Payment Plan
✨ High Rental Yield Potential

Don’t wait for “Sold Out” banners later.
Tap below & get the best available inventory first. || ₹40 LAKH MEIN SHOP?
In a premium commercial project in Greater Noida? YES.

Migsun Central Market is attracting investors & business owners looking to secure high-growth commercial space before prices appreciate.

✨ Modern High-Street Design
✨ Prime NCR Connectivity
✨ Attractive Payment Plan
✨ High Rental Yield Potential

Don’t wait for “Sold Out” banners later.
Tap below & get the best available inventory first.",http://fb.me/ || http://fb.me/ || http://fb.me/,,Get Quote || Get Quote || Get Quote,Original: https://scontent.fjai6-1.fna.fbcdn.net/v/t39.35426-6/707679138_2085771238978225_3048472330842717227_n.jpg?_nc_cat=110&ccb=1-7&_nc_sid=c53f8f&_nc_ohc=NZy0DgA0MWQQ7kNvwFU76m3&_nc_oc=Ado56njKCdt2e_4lmlkfKp6CjEZj97mOlD4pk1gnlHf_gvyC1uMupE4TRH_fXC2qQ8ZFkkTe_ZHerUAr1RUAYAPq&_nc_zt=14&_nc_ht=scontent.fjai6-1.fna&_nc_gid=VhAMd340X778aXjx91lR7A&_nc_ss=7b289&oh=00_Af91_rFR26UOJB7ccGR4MMoO_-aKz1sRdISp8-vQ0-DdGw&oe=6A36CE1F | Resized: https://scontent.fjai6-1.fna.fbcdn.net/v/t39.35426-6/707137716_834458079388105_667682347705262038_n.jpg?stp=dst-jpg_s600x600_tt6&_nc_cat=108&ccb=1-7&_nc_sid=c53f8f&_nc_ohc=gKEE1yT7z8MQ7kNvwEchN5Z&_nc_oc=AdqD5DKtYcu4vVTyvK8OFNiAiVof8vVxvQDZ0FqcSsfII6f9FZjUZo9EkmrTENUIhVhJSr_8YVvk3BxLiIRtYyZi&_nc_zt=14&_nc_ht=scontent.fjai6-1.fna&_nc_gid=VhAMd340X778aXjx91lR7A&_nc_ss=7b289&oh=00_Af9SCbil3OhrNX1kh5EeH9i5LE1wugNya0hsWUcvx2Cv0Q&oe=6A36BC14 || Original: https://scontent.fjai6-1.fna.fbcdn.net/v/t39.35426-6/707867284_2464636797307420_3579410311942022739_n.jpg?_nc_cat=103&ccb=1-7&_nc_sid=c53f8f&_nc_ohc=Pj8KonDXL-YQ7kNvwEwimPe&_nc_oc=Adp7ykoONXalGGaIVRoMMtr2XSGAxDrYQ64itVohPRcPBHZrLXv-4d6Q_GjCcVbgG_kXfgcRA1hLAfSu_9AXDPfw&_nc_zt=14&_nc_ht=scontent.fjai6-1.fna&_nc_gid=VhAMd340X778aXjx91lR7A&_nc_ss=7b289&oh=00_Af9DV725m-WtiGR-dFbBjY1Z4XNecoULSz9Smo6LAmWqtA&oe=6A36C4D8 | Resized: https://scontent.fjai6-1.fna.fbcdn.net/v/t39.35426-6/707874357_3210572525791919_3762674652155189906_n.jpg?stp=dst-jpg_s600x600_tt6&_nc_cat=104&ccb=1-7&_nc_sid=c53f8f&_nc_ohc=8kQyEiE17hYQ7kNvwG4ebHc&_nc_oc=AdoONU3CsvHnYieVlRzvwftGPEU2M_dnAhDEZa-nxejaZcEhnSH8YedOZs0i8HmysbDw3uPKemJ3B9eTmPQKkSXQ&_nc_zt=14&_nc_ht=scontent.fjai6-1.fna&_nc_gid=VhAMd340X778aXjx91lR7A&_nc_ss=7b289&oh=00_Af_5iR-Ru31Bk8HmHtS__tX0arbAhaleC_DQXVRtAFFy4A&oe=6A36D4DE || Original: https://scontent.fjai6-1.fna.fbcdn.net/v/t39.35426-6/707867284_2464636797307420_3579410311942022739_n.jpg?_nc_cat=103&ccb=1-7&_nc_sid=c53f8f&_nc_ohc=Pj8KonDXL-YQ7kNvwEwimPe&_nc_oc=Adp7ykoONXalGGaIVRoMMtr2XSGAxDrYQ64itVohPRcPBHZrLXv-4d6Q_GjCcVbgG_kXfgcRA1hLAfSu_9AXDPfw&_nc_zt=14&_nc_ht=scontent.fjai6-1.fna&_nc_gid=VhAMd340X778aXjx91lR7A&_nc_ss=7b289&oh=00_Af9DV725m-WtiGR-dFbBjY1Z4XNecoULSz9Smo6LAmWqtA&oe=6A36C4D8 | Resized: https://scontent.fjai6-1.fna.fbcdn.net/v/t39.35426-6/707874357_3210572525791919_3762674652155189906_n.jpg?stp=dst-jpg_s600x600_tt6&_nc_cat=104&ccb=1-7&_nc_sid=c53f8f&_nc_ohc=8kQyEiE17hYQ7kNvwG4ebHc&_nc_oc=AdoONU3CsvHnYieVlRzvwftGPEU2M_dnAhDEZa-nxejaZcEhnSH8YedOZs0i8HmysbDw3uPKemJ3B9eTmPQKkSXQ&_nc_zt=14&_nc_ht=scontent.fjai6-1.fna&_nc_gid=VhAMd340X778aXjx91lR7A&_nc_ss=7b289&oh=00_Af_5iR-Ru31Bk8HmHtS__tX0arbAhaleC_DQXVRtAFFy4A&oe=6A36D4DE,
2191656181620579,https://www.facebook.com/61569869670304/,fb.me,https://www.facebook.com/61569869670304/,,,,,,,,,501801789679576,http://fb.me/,Omaxe Dwarka 19 B ,https://www.facebook.com/ads/library/?id=2191656181620579,"🏬 Own a Retail Space at Delhi's Most Anticipated Commercial Destination

📍 The Omaxe State, Sector 19B, Dwarka

Position your business where opportunity meets visibility. Located near IGI Airport and surrounded by premium residential communities, The Omaxe State offers the perfect platform for growth.

✅ High Footfall Location
✅ Premium Retail & F&B Opportunities
✅ Excellent Connectivity Across Delhi NCR
✅ Strong Rental & Appreciation Potential

📞 Book Your Site Visit Today
🏷️ RERA: DLRERA2024P0003",5023,Get offer,fb.me,"FACEBOOK; INSTAGRAM",2026-06-13,2026-06-15,,Original: https://scontent.fjai6-1.fna.fbcdn.net/v/t39.35426-6/721179210_1544398610690812_4640302757884237320_n.jpg?_nc_cat=101&ccb=1-7&_nc_sid=c53f8f&_nc_ohc=dtWFN_D4pZEQ7kNvwGSQbjJ&_nc_oc=Adrix-GZnGbGRvUl5-q1V6PFnzqJmU7Iwd53vh08u9LAZa2SKT9gnPsx3iDruXNVtYvE4XdD7pZUASk_-Z7k4Mm6&_nc_zt=14&_nc_ht=scontent.fjai6-1.fna&_nc_gid=VhAMd340X778aXjx91lR7A&_nc_ss=7b289&oh=00_Af82oTM5N0JE1qASS0DBdNqoNg7YBdhqznhozEhkqy5-GQ&oe=6A36B81F | Resized: https://scontent.fjai6-1.fna.fbcdn.net/v/t39.35426-6/722412624_1023815520601695_5419864113243461300_n.jpg?stp=dst-jpg_s600x600_tt6&_nc_cat=103&ccb=1-7&_nc_sid=c53f8f&_nc_ohc=aDP2K3_g9JUQ7kNvwFg70Pq&_nc_oc=AdrHNQ3bt77mcodKl9jFYowEXUNI1KLSsJgxsQ6IgMGbPhLVaqlfxTuLr2T00xGy8XAZiKTumins863mZSKwlNxj&_nc_zt=14&_nc_ht=scontent.fjai6-1.fna&_nc_gid=VhAMd340X778aXjx91lR7A&_nc_ss=7b289&oh=00_Af86cKCwPfEOAGtSAZ-ROgDnU8VS8v84HBLRU6XIYUGT3w&oe=6A36CE64,,,,,,
1646352333331238,https://www.facebook.com/thelocaltube/,fb.me,https://www.facebook.com/thelocaltube/,,,,thelocaltuberaipur@gmail.com,074711 96195,,,,102189499233502,http://fb.me/,The Local Tube,https://www.facebook.com/ads/library/?id=1646352333331238,"Raipur’s newest integrated lifestyle destination is here, and it’s rewriting what Kachna looks like. 🏡🏢✨

Your home. Your office. Your city. All in one address.

Explore Humming Sanjeeva, The Promenade, and JIVA with an on-site visit today!

Contact them at 9062322222 / 9062422222

📍VIDHAN SABHA ROAD, SHANTI SAROVAR, KACHNA RAIPUR

(humming sanjeeva, the promenade, jiva, commercial projects in raipur, residential projects in raipur)",277,Get quote,fb.me,"FACEBOOK; INSTAGRAM",2026-06-08,2026-06-15,HD: https://video.fjai6-1.fna.fbcdn.net/o1/v/t2/f2/m367/AQMieVqs8rgPrRHoeWkWnj0m4NS2CXcQI2UuOnigJqWVAli_s8hLqaYK14w6S9EwkFwdCJi48dTYbf0c-UwQW6vWc2JvivQsnfu1mmO7Rg.mp4?_nc_cat=106&_nc_oc=Adqi9bbsjVWLTqC4CdJIU-xoKkh_NETPHzWQlb5jdUaCVZPjcVUssNkcHBe1iAWmotFpcYX_Z9VO8oVRaul00y0f&_nc_sid=ef5aa3&_nc_ht=video.fjai6-1.fna.fbcdn.net&_nc_ohc=ivW27D8pllgQ7kNvwHStIMY&efg=eyJ2ZW5jb2RlX3RhZyI6Inhwdl9wcm9ncmVzc2l2ZS5WSV9VU0VDQVNFX1BST0RVQ1RfVFlQRS4uQzMuNzIwLnByb2dyZXNzaXZlX2gyNjQtYmFzaWMtZ2VuMl83MjBwIiwieHB2X2Fzc2V0X2lkIjoxMDMwMTEwNDU5MzY1MTI1LCJhc3NldF9hZ2VfZGF5cyI6MTEsInZpX3VzZWNhc2VfaWQiOjEwMDk5LCJkdXJhdGlvbl9zIjo2Nywid2F0Y2hfdGltZV9zIjoxMDQ3MTE3LCJ1cmxnZW5fc291cmNlIjoid3d3In0%3D&ccb=17-1&_nc_gid=VhAMd340X778aXjx91lR7A&_nc_ss=7b289&_nc_zt=28&oh=00_Af8rDEiBbF6kOQaCe2EmIDu6SaEN3D0th1pl_OPqFGDXHA&oe=6A36C294 | SD: https://video.fjai6-1.fna.fbcdn.net/o1/v/t2/f2/m367/AQMFmlC-QaVpDliY7xzGZx1NdlANPF4Zy8eL02mwkVSByjbbpw0jnvLvD0fzEOWBRrBXzsWCsE3gGVJ4TejbzBA7v0pn086-iXlurtf6cA.mp4?_nc_cat=104&_nc_oc=Adp-LIV36iRAAtXBj9KJ9Jj4mbRDokrEhKOOhUSV8L6-Sh7kzGcBTIJxLOpabm93EkxJwZasC0dh3X1pqMHFta5o&_nc_sid=ef5aa3&_nc_ht=video.fjai6-1.fna.fbcdn.net&_nc_ohc=f4R457x5t08Q7kNvwF1MGkj&efg=eyJ2ZW5jb2RlX3RhZyI6Inhwdl9wcm9ncmVzc2l2ZS5WSV9VU0VDQVNFX1BST0RVQ1RfVFlQRS4uQzMuMzYwLnByb2dyZXNzaXZlX2gyNjQtYmFzaWMtZ2VuMl8zNjBwIiwieHB2X2Fzc2V0X2lkIjoxMDMwMTEwNDU5MzY1MTI1LCJhc3NldF9hZ2VfZGF5cyI6MTEsInZpX3VzZWNhc2VfaWQiOjEwMDk5LCJkdXJhdGlvbl9zIjo2Nywid2F0Y2hfdGltZV9zIjoxMDQ3MTE3LCJ1cmxnZW5fc291cmNlIjoid3d3In0%3D&ccb=17-1&_nc_gid=VhAMd340X778aXjx91lR7A&_nc_ss=7b289&_nc_zt=28&oh=00_Af_BSYuRJun6C5Jtw6Pt1s4K460CnKPvYpbiewm9bBl-hw&oe=6A36DDDA | Preview: https://scontent.fjai6-1.fna.fbcdn.net/v/t39.35426-6/717287877_1764400361208552_8478826204264063021_n.jpg?_nc_cat=107&ccb=1-7&_nc_sid=c53f8f&_nc_ohc=P9QNczihJEMQ7kNvwHnLveZ&_nc_oc=AdpY1l91nzNC-uEjruITUK5uYtYo-YwNubII2_hVCGtRCw25MoaZ_OddxoxGTWGVD6IaZqaqwrpTAjqeTlm5Fd-Z&_nc_zt=14&_nc_ht=scontent.fjai6-1.fna&_nc_gid=VhAMd340X778aXjx91lR7A&_nc_ss=7b289&oh=00_Af8cSLdiItBRRTpSEyou9DLUx2MUBpHJ3qlSYNKzvxYueQ&oe=6A36D33C,,,,,,,
2231964607337362,https://www.facebook.com/61554997743645/,fb.me,https://www.facebook.com/61554997743645/,,,,,,,,,211540245371270,http://fb.me/,Platinum Prime ,https://www.facebook.com/ads/library/?id=2231964607337362,"Looking for a premium home or commercial investment opportunity in Bhavnagar?

🏢 Introducing Platinum Prime – A modern Residential + Commercial Project located near Leela Circle with excellent 100 Ft. Ring Road connectivity.

✨ Project Highlights:
✔ 1, 2 & 3 BHK Flats
✔ 30 Shops + 20 Offices
✔ 114 Premium Flats
✔ Prime Developed Location
✔ Limited Units Available
✔ Starting with ₹51,000 Down Payment

📍 Address:
Plot No. 48 to 51, Survey No. 25 Paiki 1,
Near Aradhana Hotel, 100 Ft. Ring Road,
Leela Circle to Sidsar Road, Bhavnagar – 364002, Gujarat

📞 Contact Now:
+91 63532 90705
+91 94284 93037

Get Floor Plan, Price Details & Site Visit Information Today.",69,Sign up,fb.me,"FACEBOOK; INSTAGRAM; AUDIENCE_NETWORK",2026-06-12,2026-06-15,HD: https://video.fjai6-1.fna.fbcdn.net/o1/v/t2/f2/m366/AQMtn3258cMtZm38dgez7ldFd-Y6X97Kc-5p63hUwRQmpK3Mz99-L9gpRmrOfPh-efjYhAMQ_-Vi41xW_WeOLhvimDzHz0A7zUog_XFWBvTM7g.mp4?_nc_cat=102&_nc_oc=AdpiXGpaEvZUM72aFtV58ggpimm6ANnM-PCHrjW-PJkQsFuqostnVANCRzoG3AGDey8kN_NizBpiHCZDcxpIW3iM&_nc_sid=b66105&_nc_ht=video.fjai6-1.fna.fbcdn.net&_nc_ohc=cdIefv8C4XwQ7kNvwEedNtP&efg=eyJ2ZW5jb2RlX3RhZyI6Inhwdl9wcm9ncmVzc2l2ZS5WSV9VU0VDQVNFX1BST0RVQ1RfVFlQRS4uQzMuNzIwLmRhc2hfaDI2NC1iYXNpYy1nZW4yXzcyMHAiLCJ4cHZfYXNzZXRfaWQiOjExNjk4MjUxMDg2MDM1MjEsImFzc2V0X2FnZV9kYXlzIjoyNiwidmlfdXNlY2FzZV9pZCI6MTA3OTksImR1cmF0aW9uX3MiOjY5LCJ3YXRjaF90aW1lX3MiOjExNTEwMDcsInVybGdlbl9zb3VyY2UiOiJ3d3cifQ%3D%3D&ccb=17-1&vs=a0807ec890f677c3&_nc_vs=HBksFQIYRWZiX2VwaGVtZXJhbC9EMjRFNzFFRThDNzhDRDNCQTI0MjkwMTAxRENBQjNCRl9tdF8xX3ZpZGVvX2Rhc2hpbml0Lm1wNBUAAsgBEgAVAhhAZmJfcGVybWFuZW50L0FENEU4QjlERUI3NDczNzQ1REJFRTIwNzc2NTRBQjlEX2F1ZGlvX2Rhc2hpbml0Lm1wNBUCAsgBEgAoABgAGwKIB3VzZV9vaWwBMRJwcm9ncmVzc2l2ZV9yZWNpcGUBMRUAACaCyuGg5PyTBBUCKAJDMywXQFFAAAAAAAAYGWRhc2hfaDI2NC1iYXNpYy1nZW4yXzcyMHARAHUAZd6oAQA&_nc_gid=VhAMd340X778aXjx91lR7A&_nc_ss=7b289&_nc_zt=28&oh=00_Af99vIKNDGK4zdp-xqIKTI-hcDiqjzzNiqh8lkH6slKY9A&oe=6A36CF36 | SD: https://video.fjai6-1.fna.fbcdn.net/o1/v/t2/f2/m412/AQP4h2iZRYxgD0Jcu2zmGoWTb1_IIShy-qbUM8c_Pg8-Nn__X6S75ThTtz-xAeGokUTuKw56ogqB-iYge4gUIqDS3qTyynr2zvLxddz4ag.mp4?_nc_cat=107&_nc_oc=Adpzu6hPcL9VLQwh_dRxTivzeSkIkS9017rbEK6379Zh5tjxve7uz-lndxIsCd-CVFyeYTHMaxzJ_iYVA9L-EDhy&_nc_sid=ef5aa3&_nc_ht=video.fjai6-1.fna.fbcdn.net&_nc_ohc=51RcoffW87UQ7kNvwFwB6Gj&efg=eyJ2ZW5jb2RlX3RhZyI6Inhwdl9wcm9ncmVzc2l2ZS5WSV9VU0VDQVNFX1BST0RVQ1RfVFlQRS4uQzMuMzYwLnN2ZV9zZCIsInhwdl9hc3NldF9pZCI6MTE2OTgyNTEwODYwMzUyMSwiYXNzZXRfYWdlX2RheXMiOjI2LCJ2aV91c2VjYXNlX2lkIjoxMDc5OSwiZHVyYXRpb25fcyI6NjksIndhdGNoX3RpbWVfcyI6MTE1MTAwNywidXJsZ2VuX3NvdXJjZSI6Ind3dyJ9&ccb=17-1&_nc_gid=VhAMd340X778aXjx91lR7A&_nc_ss=7b289&_nc_zt=28&oh=00_Af8Xz5L1qqfNAN7Bndo3xO1lrhP43NL3OmlkvYXszT87Mw&oe=6A36C247 | Preview: https://scontent.fjai6-1.fna.fbcdn.net/v/t39.35426-6/707809151_1647000569866862_8401305385151740336_n.jpg?_nc_cat=100&ccb=1-7&_nc_sid=c53f8f&_nc_ohc=njjhmhRnmEgQ7kNvwEzY8wP&_nc_oc=AdphYkBmO5-4hO3rFB9vPrm6dZzZzGc0TYbsCkWPirl-o3RBpY-ajMYA5s11VlB6zEZZT62oxuvPpuKiQKWDdBCN&_nc_zt=14&_nc_ht=scontent.fjai6-1.fna&_nc_gid=VhAMd340X778aXjx91lR7A&_nc_ss=7b289&oh=00_Af_fPUE6rI9NYr1H7W9w7rP2mUTO4eEG3D4UwhIMxET30Q&oe=6A36DF93,,,,,,,
1029462319586609,https://www.facebook.com/BlueSquareInfra/,fb.me,https://www.facebook.com/BlueSquareInfra/,,,,infobluesquareinfra@gmail.com,+91 98724 90091,,,,111566493764227,http://fb.me/,Blue Square Infra,https://www.facebook.com/ads/library/?id=1029462319586609,"Invest in Patran’s first 8-acre mega commercial complex with big brands like McDonald’s, KFC & Starbucks. Get 100% lease guarantee + assured rentals from Day 1. Limited pre-launch units starting at just ₹1.35 Cr.",2837,Get quote,fb.me,"FACEBOOK; INSTAGRAM",2026-06-03,2026-06-15,HD: https://video.fjai6-1.fna.fbcdn.net/o1/v/t2/f2/m366/AQOb1lYS7e9FAtTopuLfLOXJLxpQKB6sYx_kVpiayrpctto5hYhOpgsVhCSN_sK5q54vkCmWEIqbrVRwjnqtXUdq4qgVqvUKlde61Bk7d35QdA.mp4?_nc_cat=104&_nc_oc=AdqkaaysawFfbRuy9s4o9LxMCrZYlxfWuRUUsvT3D249x_pb4AJ5cy_zRufwoLijc1iCWY9jA0LBUHkPnWTC053e&_nc_sid=b66105&_nc_ht=video.fjai6-1.fna.fbcdn.net&_nc_ohc=RL72ALcv1ygQ7kNvwGa0ONi&efg=eyJ2ZW5jb2RlX3RhZyI6Inhwdl9wcm9ncmVzc2l2ZS5WSV9VU0VDQVNFX1BST0RVQ1RfVFlQRS4uQzMuNzIwLmRhc2hfaDI2NC1iYXNpYy1nZW4yXzcyMHAiLCJ4cHZfYXNzZXRfaWQiOjE2MzcyNjc5MTc0OTcxNzAsImFzc2V0X2FnZV9kYXlzIjozNCwidmlfdXNlY2FzZV9pZCI6MTA3OTksImR1cmF0aW9uX3MiOjc1LCJ3YXRjaF90aW1lX3MiOjk1MzY2LCJ1cmxnZW5fc291cmNlIjoid3d3In0%3D&ccb=17-1&vs=35b8f62682e52a70&_nc_vs=HBksFQIYRWZiX2VwaGVtZXJhbC9DRTQ1NUQ1OTNGNTRGMUYyRjE0RDUyNzcxNEUwOUFBNl9tdF8xX3ZpZGVvX2Rhc2hpbml0Lm1wNBUAAsgBEgAVAhhAZmJfcGVybWFuZW50L0ZFNDUzQjZDMjhCOTU5RkRGNjlCNDUzMkQ2QTM1ODlCX2F1ZGlvX2Rhc2hpbml0Lm1wNBUCAsgBEgAoABgAGwKIB3VzZV9vaWwBMRJwcm9ncmVzc2l2ZV9yZWNpcGUBMRUAACakjf_JxMXoBRUCKAJDMywXQFLzMzMzMzMYGWRhc2hfaDI2NC1iYXNpYy1nZW4yXzcyMHARAHUAZd6oAQA&_nc_gid=VhAMd340X778aXjx91lR7A&_nc_ss=7b289&_nc_zt=28&oh=00_Af-C6mNaCJeb8Hs-_1bY9LY3eFa97g9BaNmMJcUxfofv8A&oe=6A36E02C | SD: https://video.fjai6-1.fna.fbcdn.net/o1/v/t2/f2/m412/AQOKn_-2IDEDq9Q9yYShNvFCDweBS8C_NmPIpmogFfs5QMJb5fuAtggunx4nwJNQJwg1X1T_dElnfQ6PiJTn48numZnitRr-FxVL_V14mg.mp4?_nc_cat=110&_nc_oc=Adr7sU425IxeDo90k_8D8DYCDqoc10uHHjdzkBgQPfUgbI62GaVDHZhZ7bUZ16eBi4s2cXWlRiihsgBZb50neSSR&_nc_sid=ef5aa3&_nc_ht=video.fjai6-1.fna.fbcdn.net&_nc_ohc=S5CyWBv4lj0Q7kNvwGB3WPD&efg=eyJ2ZW5jb2RlX3RhZyI6Inhwdl9wcm9ncmVzc2l2ZS5WSV9VU0VDQVNFX1BST0RVQ1RfVFlQRS4uQzMuMzYwLnN2ZV9zZCIsInhwdl9hc3NldF9pZCI6MTYzNzI2NzkxNzQ5NzE3MCwiYXNzZXRfYWdlX2RheXMiOjM0LCJ2aV91c2VjYXNlX2lkIjoxMDc5OSwiZHVyYXRpb25fcyI6NzUsIndhdGNoX3RpbWVfcyI6OTUzNjYsInVybGdlbl9zb3VyY2UiOiJ3d3cifQ%3D%3D&ccb=17-1&_nc_gid=VhAMd340X778aXjx91lR7A&_nc_ss=7b289&_nc_zt=28&oh=00_Af_pMXwad_COL-7yqBFxMX2wQirbqjKlNxmlZgW74Glhig&oe=6A36B9F8 | Preview: https://scontent.fjai6-1.fna.fbcdn.net/v/t39.35426-6/697792823_1687298945850409_2445187766976036531_n.jpg?_nc_cat=110&ccb=1-7&_nc_sid=c53f8f&_nc_ohc=XgAfL4zZ1_AQ7kNvwF-vYH3&_nc_oc=AdrIhDh5kfzby1kFz5EgBH3RHX4DxLNjg-exDA1gEPZtBUYjIYPfkh5ARKRbeLOL_m-T92RYckXz7XXu8yw_C7OF&_nc_zt=14&_nc_ht=scontent.fjai6-1.fna&_nc_gid=VhAMd340X778aXjx91lR7A&_nc_ss=7b289&oh=00_Af8-DKoIALj1FF8w1YyFhT85aVv6wzEvwnes1-WMqKEF0g&oe=6A36D83D,,,,,,,
953232741030636,https://www.facebook.com/bricknbolt/,fb.me,https://www.facebook.com/bricknbolt/,,,,info@bricknbolt.com,+91 75052 05205,,,,127007714656008,http://fb.me/,Brick&Bolt - Home & Commercial Construction Simplified,https://www.facebook.com/ads/library/?id=953232741030636,"Own a plot? 

Partner with Brick & Bolt for your commercial project. 
We handle everything from design to delivery with no hidden costs and fixed timelines. 

1. Fixed-price contracts – no surprises
2. Escrow-based payment safety
3. On-time project delivery
4. Real-time tracking via our app

Join 3000+ businesses that chose predictability.
Book your free industrial consultation today.",22949,Get quote,fb.me,"FACEBOOK; INSTAGRAM",2026-05-12,2026-06-14,,,"Own a plot? 

Partner with Brick & Bolt for your commercial project. 
We handle everything from design to delivery with no hidden costs and fixed timelines. 

1. Fixed-price contracts – no surprises
2. Escrow-based payment safety
3. On-time project delivery
4. Real-time tracking via our app

Join 3000+ businesses that chose predictability.
Book your free industrial consultation today. || Own a plot? 

Partner with Brick & Bolt for your commercial project. 
We handle everything from design to delivery with no hidden costs and fixed timelines. 

1. Fixed-price contracts – no surprises
2. Escrow-based payment safety
3. On-time project delivery
4. Real-time tracking via our app

Join 3000+ businesses that chose predictability.
Book your free industrial consultation today. || Own a plot? 

Partner with Brick & Bolt for your commercial project. 
We handle everything from design to delivery with no hidden costs and fixed timelines. 

1. Fixed-price contracts – no surprises
2. Escrow-based payment safety
3. On-time project delivery
4. Real-time tracking via our app

Join 3000+ businesses that chose predictability.
Book your free industrial consultation today.",http://fb.me/ || http://fb.me/ || http://fb.me/,,Get Quote || Get Quote || Get Quote,Original: https://scontent.fjai6-1.fna.fbcdn.net/v/t39.35426-6/687305137_2219676485526949_1684315175972819027_n.jpg?_nc_cat=102&ccb=1-7&_nc_sid=c53f8f&_nc_ohc=lybfU0JVB_8Q7kNvwF2OBqn&_nc_oc=AdrnRLnD4le5bsGz3kHP5z95hxJduZpRXxsuzl0OZ6fNnWnlUrLyk_3h-cyt1lbUXFh5SLAA9NhS7y7-Z0eiRo9j&_nc_zt=14&_nc_ht=scontent.fjai6-1.fna&_nc_gid=236uVS6_DnnxTqP_Nn2GTQ&_nc_ss=7b289&oh=00_Af8HdvKP_dXlZwIedpwrSUrApg9mtsHt4vwKd4zjA3uYew&oe=6A36DBE1 | Resized: https://scontent.fjai6-1.fna.fbcdn.net/v/t39.35426-6/687443248_950730574424800_8482222846541174155_n.jpg?stp=dst-jpg_s600x600_tt6&_nc_cat=106&ccb=1-7&_nc_sid=c53f8f&_nc_ohc=kNlznX5ZflAQ7kNvwGjAKEx&_nc_oc=AdrF8LBt3FI_PkRpBl9h8FeqhH2QUoR_vKdXV2aA1SzmFLCa9uXiOeei8aWp_WCmv6vktx3Qs_kofkw7VTngO3cH&_nc_zt=14&_nc_ht=scontent.fjai6-1.fna&_nc_gid=236uVS6_DnnxTqP_Nn2GTQ&_nc_ss=7b289&oh=00_Af_ViuPcgucsQ7i8UxYrSjOU-faLxKzVrWnjQy6nWshEyA&oe=6A36B753 || Original: https://scontent.fjai6-1.fna.fbcdn.net/v/t39.35426-6/686522016_1657833535336754_1921981111793801653_n.jpg?_nc_cat=106&ccb=1-7&_nc_sid=c53f8f&_nc_ohc=edJ65Qyap3wQ7kNvwHkjkV6&_nc_oc=AdrqxGyGcNKQEJXKB2pI5CfDyty6y9lD8gL42WFxmR9wSh6_-DAQ2_2tnFH_0fao_USWmskh_caz51sZi106Rhc3&_nc_zt=14&_nc_ht=scontent.fjai6-1.fna&_nc_gid=236uVS6_DnnxTqP_Nn2GTQ&_nc_ss=7b289&oh=00_Af_oIYIQKi6_jWvA9-sUmYOUb9mdh08ufyZ34yvd2oqEYA&oe=6A36C856 | Resized: https://scontent.fjai6-1.fna.fbcdn.net/v/t39.35426-6/686529694_1294680555967719_8342427206482779511_n.jpg?stp=dst-jpg_s600x600_tt6&_nc_cat=101&ccb=1-7&_nc_sid=c53f8f&_nc_ohc=OtQoxpb5Xn0Q7kNvwE7TFgT&_nc_oc=AdpGjnD_MNQ28f6o-SSakGc88zOp_qNfPrYccyODaOxMhZAGqGYuN70Uyqzexe2qhG8L0p2jk2hJHg4HTGpsqU9E&_nc_zt=14&_nc_ht=scontent.fjai6-1.fna&_nc_gid=236uVS6_DnnxTqP_Nn2GTQ&_nc_ss=7b289&oh=00_Af9M6b8UXTtDbeDINpdjPpUCuSXLgvdlpuASSSV_AUjIMw&oe=6A36D9EE || Original: https://scontent.fjai6-1.fna.fbcdn.net/v/t39.35426-6/688780174_1338595678152538_6290797579098096137_n.jpg?_nc_cat=108&ccb=1-7&_nc_sid=c53f8f&_nc_ohc=iGroAmBV7esQ7kNvwGvG6fa&_nc_oc=Adq_0PatHvUZtUNeYsJIuK7OnzFJQb_gexxnOuV5Ii2c1pMnhX7HRUg97cpIPbTNaJRxW_9PP0os3qyxvopNeap3&_nc_zt=14&_nc_ht=scontent.fjai6-1.fna&_nc_gid=236uVS6_DnnxTqP_Nn2GTQ&_nc_ss=7b289&oh=00_Af9lWAaoB_ghuy-nhiMxa2Iuq1v7qgKRqmzE4kV_H6PRng&oe=6A36C40D | Resized: https://scontent.fjai6-1.fna.fbcdn.net/v/t39.35426-6/686488168_821855487351346_3605854955444847407_n.jpg?stp=dst-jpg_s600x600_tt6&_nc_cat=106&ccb=1-7&_nc_sid=c53f8f&_nc_ohc=y-Q66Ar6WmAQ7kNvwHOHPZr&_nc_oc=AdrwxUko0i3bUU9XeJho9JbSca0bIhKwDRpWnbKYbfn7TLbDJP_xK4nPwGMPZWGT9x6biXglpxHtKmykCxgT3otQ&_nc_zt=14&_nc_ht=scontent.fjai6-1.fna&_nc_gid=236uVS6_DnnxTqP_Nn2GTQ&_nc_ss=7b289&oh=00_Af8MCl66-VRK0L22QIGRme18ijpECCbuQr6fNL7vuKwHDg&oe=6A36B2C3,
969043862791943,https://www.facebook.com/61559248327546/,api.whatsapp.com,https://www.facebook.com/61559248327546/,,,,care@360plot.com,+91 81272 60040,,,,291306924071986,https://api.whatsapp.com/send,Civiltips360,https://www.facebook.com/ads/library/?id=969043862791943,",02D & 3D Floor Plans, Elevation Designs, and all types of Residential & Commercial Plans starting at just ₹1499! by 360Plot a MSME Registered Firm
✅ Why Choose Us?
- Designed by Certified Engineers & Architects 🏗️
- Over 1000+ Floor Plans Delivered with precision and care 💼
- Backed by 10+ Years of Experience in the industry 📜
- Comprehensive Vastu Report included for peace and harmony ✨
- Site Visit Facilities 🔍

Visit 360Plot today and let’s bring your ideas to life!",70,Send WhatsApp message,api.whatsapp.com,"FACEBOOK; INSTAGRAM; AUDIENCE_NETWORK; WHATSAPP",2026-06-09,2026-06-15,HD: https://video.fjai6-1.fna.fbcdn.net/o1/v/t2/f2/m366/AQP2FV-fafwqzBVKGJE7TpvilhsadyqMcoTcpSGQDPrhuHBmwWsABgPY9RsxC-h6HrSCir1xIYkc8QBE7QDFwpgxh8wWN7X5cekkAeXErtcIUA.mp4?_nc_cat=106&_nc_oc=AdrF71ejEs-3_tvsjZI4ibXkxjvFCemb5jyNE1ZbMJFPn9j1FSbLEo6wjoDXtiGPIy3ggsiJmyUAactrA80jUmvw&_nc_sid=b66105&_nc_ht=video.fjai6-1.fna.fbcdn.net&_nc_ohc=0mA5NXBKl_QQ7kNvwFLWK-u&efg=eyJ2ZW5jb2RlX3RhZyI6Inhwdl9wcm9ncmVzc2l2ZS5WSV9VU0VDQVNFX1BST0RVQ1RfVFlQRS4uQzMuNzIwLmRhc2hfaDI2NC1iYXNpYy1nZW4yXzcyMHAiLCJ4cHZfYXNzZXRfaWQiOjI0Mjk4NjY2OTA4MDI1ODIsImFzc2V0X2FnZV9kYXlzIjoxOTYsInZpX3VzZWNhc2VfaWQiOjEwNzk5LCJkdXJhdGlvbl9zIjo0MywidXJsZ2VuX3NvdXJjZSI6Ind3dyJ9&ccb=17-1&vs=6a51931bc2a2569d&_nc_vs=HBksFQIYRWZiX2VwaGVtZXJhbC8wRjQ4RjlGNkFEMEQxMUFCMjBGNjFDMEI0QjVDOTk4NF9tdF8xX3ZpZGVvX2Rhc2hpbml0Lm1wNBUAAsgBEgAVAhhAZmJfcGVybWFuZW50LzdENDRBRkY4OEE2RDc0Qjg3OTVGQUMyMDY4MkNBREI3X2F1ZGlvX2Rhc2hpbml0Lm1wNBUCAsgBEgAoABgAGwKIB3VzZV9vaWwBMRJwcm9ncmVzc2l2ZV9yZWNpcGUBMRUAACaszqfP7fzQCBUCKAJDMywXQEWVP3ztkWgYGWRhc2hfaDI2NC1iYXNpYy1nZW4yXzcyMHARAHUAZd6oAQA&_nc_gid=236uVS6_DnnxTqP_Nn2GTQ&_nc_ss=7b289&_nc_zt=28&oh=00_Af_oMt0XWpNI650THBBhE9Hu0HiS2GmsuzXomKlHttwgPw&oe=6A36C9E2 | SD: https://video.fjai6-1.fna.fbcdn.net/o1/v/t2/f2/m412/AQNi1aZVWYOF8ZXqpye5hmfHwPpbqxODnP5rGxwTKSIoTLK_4FVlLr53oBS3sjV3RuRBQ5uvQ9lpvdNxJJLCxY77tSXi4M2AhQ5a7MyQBg.mp4?_nc_cat=104&_nc_oc=AdopMkor4SWFTPSndfeEygCNXilr7Oi2_tMxrQNfxVZpVrT-IztBNPTGAJOqKdH54uywPEJJ7BN5Dh0yYI5ILyGh&_nc_sid=ef5aa3&_nc_ht=video.fjai6-1.fna.fbcdn.net&_nc_ohc=DWU0nvqFABsQ7kNvwFWqvRB&efg=eyJ2ZW5jb2RlX3RhZyI6Inhwdl9wcm9ncmVzc2l2ZS5WSV9VU0VDQVNFX1BST0RVQ1RfVFlQRS4uQzMuMzYwLnN2ZV9zZCIsInhwdl9hc3NldF9pZCI6MjQyOTg2NjY5MDgwMjU4MiwiYXNzZXRfYWdlX2RheXMiOjE5NiwidmlfdXNlY2FzZV9pZCI6MTA3OTksImR1cmF0aW9uX3MiOjQzLCJ1cmxnZW5fc291cmNlIjoid3d3In0%3D&ccb=17-1&_nc_gid=236uVS6_DnnxTqP_Nn2GTQ&_nc_ss=7b289&_nc_zt=28&oh=00_Af_SfL-M1sy9P-_hqxVpmLoY5us9wzovN32JqCHGWnFa1w&oe=6A36D2E6 | Preview: https://scontent.fjai6-1.fna.fbcdn.net/v/t39.35426-6/719609953_919245384464094_3608095415070123021_n.jpg?_nc_cat=103&ccb=1-7&_nc_sid=c53f8f&_nc_ohc=x1bT6MzJAAYQ7kNvwFyeSAu&_nc_oc=AdpgvdTg1gUmrePoY60C5xfowGv5IlkUkx5hF8TMY1TrjONf-E5rJYNyJa0DY7DJU5uUB0OZfmUw2GYCgiwH07UN&_nc_zt=14&_nc_ht=scontent.fjai6-1.fna&_nc_gid=236uVS6_DnnxTqP_Nn2GTQ&_nc_ss=7b289&oh=00_Af_Z-2H5AQXNzGsgThbtZXxkVc5tgooCDo-JIj4CvoyU_g&oe=6A36D291,,,,,,,
771663512404137,https://www.facebook.com/Neevilas/,fb.me,https://www.facebook.com/Neevilas/,,,,cbsproperties.sabhapur@gmail.com,+91 80901 00981,,,,104803991444552,http://fb.me/,Neevilas Homes,https://www.facebook.com/ads/library/?id=771663512404137,"Neevilas Homes Commercial Project – Built for Brands That Mean Business

Premium location ✓
Growth-ready infrastructure ✓
Design that turns heads ✓
This isn't just commercial space. It's your competitive advantage wrapped in concrete and vision.

Step into where your business doesn't just operate — it dominates.
Ready to level up?

📞 For bookings & inquiries: +91 8090100981

#neevilashomes #commercialplots #plotsinnoida",16155,Get offer,fb.me,"FACEBOOK; INSTAGRAM; AUDIENCE_NETWORK",2026-03-21,2026-06-15,HD: https://video.fjai6-1.fna.fbcdn.net/o1/v/t2/f2/m86/AQPNUmEPAyNN_3Qu0rQ3HI_-7wGp7crIDJmS645DFK72d-D4bH1QdKwg1tYQ8xEDDcpZXlgwWbP3l9GEplj3JsPiLGCkVDzFbg42-GQ.mp4?_nc_cat=100&_nc_oc=AdpPxnd_bPXEFHZRs6W59ZszAMTjBzrMd3zPPVnEaPbd4eWOv0GJ3O9FxqSLayogrhBof_Fq_JKAq1ViU4lDPHTB&_nc_sid=b66105&_nc_ht=video.fjai6-1.fna.fbcdn.net&_nc_ohc=vFHKen1pm7oQ7kNvwHSNN5O&efg=eyJ2ZW5jb2RlX3RhZyI6Inhwdl9wcm9ncmVzc2l2ZS5WSV9VU0VDQVNFX1BST0RVQ1RfVFlQRS4uQzMuNzE2LmRhc2hfYmFzZWxpbmVfMV92MSIsInhwdl9hc3NldF9pZCI6OTU1MTc0NDQ0MzM5MDY3LCJhc3NldF9hZ2VfZGF5cyI6MTc5LCJ2aV91c2VjYXNlX2lkIjoxMDA5OSwiZHVyYXRpb25fcyI6MzQsInVybGdlbl9zb3VyY2UiOiJ3d3cifQ%3D%3D&ccb=17-1&vs=a2a0696b5ffb4938&_nc_vs=HBksFQIYUmlnX3hwdl9yZWVsc19wZXJtYW5lbnRfc3JfcHJvZC85RDQ1RDhDOTQxOTkyNDAzREE1MEE3NEE4MDhENEQ4NV92aWRlb19kYXNoaW5pdC5tcDQVAALIARIAFQIYR2lnX3hwdl9yZWVsc19wZXJtYW5lbnRfc3JfcHJvZC8xMTk2OTUyMTg1ODczMTgwXzEwNzc3NDY5MzY0NjM4MzAwODkubXA0FQICyAESACgAGAAbAogHdXNlX29pbAExEnByb2dyZXNzaXZlX3JlY2lwZQExFQAAJva9oJe8rrIDFQIoAkMzLBdAQS7ZFocrAhgSZGFzaF9iYXNlbGluZV8xX3YxEQB1AGXmnQEA&_nc_gid=236uVS6_DnnxTqP_Nn2GTQ&_nc_ss=7b289&_nc_zt=28&oh=00_Af92M3zsXu0pue0Ydwx4AtpcTIS8l7XgE6leUgyzeyv2yQ&oe=6A32B96D | SD: https://video.fjai6-1.fna.fbcdn.net/o1/v/t2/f2/m86/AQOys30lAtMT4yFpU4NsjZEsHQy9UKuGAz7uRMmIB608oTu9retm-_0YAo7uR-Vvg8OdxuxBKG3lDq829kCJ-FBNDy608jWTJEIDaU4.mp4?_nc_cat=111&_nc_oc=AdoRCFOutftHyic7_ibs9a-1XlM5QmDT7YKIwKEFWl76IIW7a8RJoeH5RpYeNi4BRE2pwcowdJHh72YpDdFUYixB&_nc_sid=b66105&_nc_ht=video.fjai6-1.fna.fbcdn.net&_nc_ohc=gee95RI5GZwQ7kNvwFBMiqE&efg=eyJ2ZW5jb2RlX3RhZyI6Inhwdl9wcm9ncmVzc2l2ZS5WSV9VU0VDQVNFX1BST0RVQ1RfVFlQRS4uQzMuMzYwLmRhc2hfYmFzZWxpbmVfM192MSIsInhwdl9hc3NldF9pZCI6OTU1MTc0NDQ0MzM5MDY3LCJhc3NldF9hZ2VfZGF5cyI6MTc5LCJ2aV91c2VjYXNlX2lkIjoxMDA5OSwiZHVyYXRpb25fcyI6MzQsInVybGdlbl9zb3VyY2UiOiJ3d3cifQ%3D%3D&ccb=17-1&vs=244fb59949775a07&_nc_vs=HBksFQIYUmlnX3hwdl9yZWVsc19wZXJtYW5lbnRfc3JfcHJvZC81RDQ5NjcwRTVDRkQwNzc2OTVBRDI3RjNEOUU5NDVCRV92aWRlb19kYXNoaW5pdC5tcDQVAALIARIAFQIYR2lnX3hwdl9yZWVsc19wZXJtYW5lbnRfc3JfcHJvZC8xMTk2OTUyMTg1ODczMTgwXzEwNzc3NDY5MzY0NjM4MzAwODkubXA0FQICyAESACgAGAAbAogHdXNlX29pbAExEnByb2dyZXNzaXZlX3JlY2lwZQExFQAAJva9oJe8rrIDFQIoAkMzLBdAQS7ZFocrAhgSZGFzaF9iYXNlbGluZV8zX3YxEQB1AGXmnQEA&_nc_gid=236uVS6_DnnxTqP_Nn2GTQ&_nc_ss=7b289&_nc_zt=28&oh=00_Af9ax1f-m3OP8J3XwhveKfkPQdGTBjD3bM0rga3D6x4Qkg&oe=6A32BC64 | Preview: https://scontent.fjai6-1.fna.fbcdn.net/v/t39.35426-6/652694607_34417946587850515_5198690273037387264_n.jpg?_nc_cat=107&ccb=1-7&_nc_sid=c53f8f&_nc_ohc=bPChK5vDpGcQ7kNvwFMMFcf&_nc_oc=AdqazuDoa7v5CKcQwbxLmA0O57GkeF5zaqfk5meSlQgNIubQwUY_hwMeknM1jVU8g4OzFo9qFfF669RLi1dC2Apy&_nc_zt=14&_nc_ht=scontent.fjai6-1.fna&_nc_gid=236uVS6_DnnxTqP_Nn2GTQ&_nc_ss=7b289&oh=00_Af-stbL7zGG18N70-0quWDyKACtLCe_ujRwXLvvEsKUpog&oe=6A36B7DB,,,,,,,
1322007816811146,https://www.facebook.com/storiesinternational/,fb.me,https://www.facebook.com/storiesinternational/,,,,info@storiesintl.com,+91 86062 32323,,,,610170365503215,http://fb.me/,Stories International,https://www.facebook.com/ads/library/?id=1322007816811146,"Malayalis have always travelled for the right things. Now you can travel for your home.

Stories International's Furniture Tourism program takes premium homeowners, architects, and project leaders from Kerala directly to China's finest furniture factories — Foshan, Guangzhou, and Shenzhen. You travel. You select. You see craftsmanship at the source.
Our own office in China. Direct factory access. End-to-end support from visa to installation.",9802,See details,fb.me,"FACEBOOK; INSTAGRAM",2026-06-12,2026-06-15,,,"Malayalis have always travelled for the right things. Now you can travel for your home.

Stories International's Furniture Tourism program takes premium homeowners, architects, and project leaders from Kerala directly to China's finest furniture factories — Foshan, Guangzhou, and Shenzhen. You travel. You select. You see craftsmanship at the source.
Our own office in China. Direct factory access. End-to-end support from visa to installation. || Malayalis have always travelled for the right things. Now you can travel for your home.

Stories International's Furniture Tourism program takes premium homeowners, architects, and project leaders from Kerala directly to China's finest furniture factories — Foshan, Guangzhou, and Shenzhen. You travel. You select. You see craftsmanship at the source.
Our own office in China. Direct factory access. End-to-end support from visa to installation. || Malayalis have always travelled for the right things. Now you can travel for your home.

Stories International's Furniture Tourism program takes premium homeowners, architects, and project leaders from Kerala directly to China's finest furniture factories — Foshan, Guangzhou, and Shenzhen. You travel. You select. You see craftsmanship at the source.
Our own office in China. Direct factory access. End-to-end support from visa to installation.",http://fb.me/ || http://fb.me/ || http://fb.me/,,See Details || See Details || See Details,,HD: https://video.fjai6-1.fna.fbcdn.net/o1/v/t2/f2/m366/AQPJ9w_I5z9UFP8FD4sS-ZXoXGdwWOCXRLk-qub1iViAgWaTa2Wb4uniBbO66PGL8kTTzANbHFQ3bVaRMAPkA9VW08iSyeLlkt_diU3TOBhz_w.mp4?_nc_cat=110&_nc_oc=Adrz7iKXZYXPgsGd4eAeWWJ4flZ_tpcLxIlV8OfxihxfuUVxod2QsNOZRHdCAir7QblZo2ICedKEr5iuOj54V58i&_nc_sid=b66105&_nc_ht=video.fjai6-1.fna.fbcdn.net&_nc_ohc=HoN3aZeK8esQ7kNvwHb3gff&efg=eyJ2ZW5jb2RlX3RhZyI6Inhwdl9wcm9ncmVzc2l2ZS5WSV9VU0VDQVNFX1BST0RVQ1RfVFlQRS4uQzMuNzIwLmRhc2hfaDI2NC1iYXNpYy1nZW4yXzcyMHAiLCJ4cHZfYXNzZXRfaWQiOjE0ODQ5NTIxODk1MDQwNjIsImFzc2V0X2FnZV9kYXlzIjozLCJ2aV91c2VjYXNlX2lkIjoxMDc5OSwiZHVyYXRpb25fcyI6NDUsInVybGdlbl9zb3VyY2UiOiJ3d3cifQ%3D%3D&ccb=17-1&vs=b0e7815c4a81c31f&_nc_vs=HBksFQIYRWZiX2VwaGVtZXJhbC9CNzRCRUQ2NTlDMTY0MTkzQzBERjg2RERBNDMzNjlBOF9tdF8xX3ZpZGVvX2Rhc2hpbml0Lm1wNBUAAsgBEgAVAhhAZmJfcGVybWFuZW50L0JENDkzMTUwMzhFODc5RkEwNzEwQTVEQjZFRTAzNkI5X2F1ZGlvX2Rhc2hpbml0Lm1wNBUCAsgBEgAoABgAGwKIB3VzZV9vaWwBMRJwcm9ncmVzc2l2ZV9yZWNpcGUBMRUAACb8qJz8y6OjBRUCKAJDMywXQEa4UeuFHrgYGWRhc2hfaDI2NC1iYXNpYy1nZW4yXzcyMHARAHUAZd6oAQA&_nc_gid=b_WqbEc53IVReQDMiRJ-tg&_nc_ss=7b289&_nc_zt=28&oh=00_Af9csAoLqmM48c6LShiiScl3WVcfIjPKETFSDXbWuw5FCA&oe=6A36B45E | SD: https://video.fjai6-1.fna.fbcdn.net/o1/v/t2/f2/m412/AQNzfPrtqPTZvs4w3pk3uPFTbghvmKaH730tt4BqjyRDhhVyrlyr1ZYn_bz9NTIMSMKNdtyL8jKu0D3BoKCWzAz558t8Am_uKAgfBiSqvA.mp4?_nc_cat=106&_nc_oc=Adoy52JnA75uOEVfQuWTMaTBm2gZcOtvT2VSlaxOzj9TKTvk8Sx4J_jWhiNQI252AlazuNu8TzvEHlfar_vSjvWg&_nc_sid=ef5aa3&_nc_ht=video.fjai6-1.fna.fbcdn.net&_nc_ohc=eGk0wdAIua0Q7kNvwEQoJv2&efg=eyJ2ZW5jb2RlX3RhZyI6Inhwdl9wcm9ncmVzc2l2ZS5WSV9VU0VDQVNFX1BST0RVQ1RfVFlQRS4uQzMuMzYwLnN2ZV9zZCIsInhwdl9hc3NldF9pZCI6MTQ4NDk1MjE4OTUwNDA2MiwiYXNzZXRfYWdlX2RheXMiOjMsInZpX3VzZWNhc2VfaWQiOjEwNzk5LCJkdXJhdGlvbl9zIjo0NSwidXJsZ2VuX3NvdXJjZSI6Ind3dyJ9&ccb=17-1&_nc_gid=b_WqbEc53IVReQDMiRJ-tg&_nc_ss=7b289&_nc_zt=28&oh=00_Af8yf4l1aoUxkNdGI4s4DUaWyjkXfOlQaL5x7Q0l-2BchQ&oe=6A36D3CC | Preview: https://scontent.fjai6-1.fna.fbcdn.net/v/t39.35426-6/722286337_1320796333521531_8493546605343919749_n.jpg?_nc_cat=105&ccb=1-7&_nc_sid=c53f8f&_nc_ohc=asRfaBLIwX8Q7kNvwGygjEB&_nc_oc=AdqZcg_XzMgQluLNpNZU6GdA88ThcdpWPrcKsHXW3Ka3wxFUlJc-98MpNNgm8GSHFlGCIvZTighCruk3_O6oYip7&_nc_zt=14&_nc_ht=scontent.fjai6-1.fna&_nc_gid=b_WqbEc53IVReQDMiRJ-tg&_nc_ss=7b289&oh=00_Af9mElA-_nEhIRIAZYrE0cuE0bs3XSBBWh3xtHtgzzCMzQ&oe=6A36E020 || HD: https://video.fjai6-1.fna.fbcdn.net/o1/v/t2/f2/m366/AQP4pXXH3c5-yzzB2omTKx3iFUFpTKjLMNi5cpd4ICgawCyaS5Q7Xld4Vb9WJ8XE3zyJVED6NsUX889ZcKQiOd1CgE1kC9QLeCEEcNwsa5oMyw.mp4?_nc_cat=104&_nc_oc=Adpx3xc7zN2wvY_fuiO9DRlaCgVP4OcKysFRe_2ie5-Jw0lZKpfgJrT5Y3PYtdFMb-DugXs0gF6pfKD7i-mPHb_b&_nc_sid=b66105&_nc_ht=video.fjai6-1.fna.fbcdn.net&_nc_ohc=Mxozas09WkcQ7kNvwFOfPmy&efg=eyJ2ZW5jb2RlX3RhZyI6Inhwdl9wcm9ncmVzc2l2ZS5WSV9VU0VDQVNFX1BST0RVQ1RfVFlQRS4uQzMuNzIwLmRhc2hfaDI2NC1iYXNpYy1nZW4yXzcyMHAiLCJ4cHZfYXNzZXRfaWQiOjEwMzQwNjkzNjI1MTU1MTIsImFzc2V0X2FnZV9kYXlzIjozLCJ2aV91c2VjYXNlX2lkIjoxMDc5OSwiZHVyYXRpb25fcyI6NDUsInVybGdlbl9zb3VyY2UiOiJ3d3cifQ%3D%3D&ccb=17-1&vs=8855940632fbfbb&_nc_vs=HBksFQIYRWZiX2VwaGVtZXJhbC81RTRDRTg2MUUxNTU3M0IwNDNCOEIxM0YwNDBGQUFBRl9tdF8xX3ZpZGVvX2Rhc2hpbml0Lm1wNBUAAsgBEgAVAhhAZmJfcGVybWFuZW50LzJBNEMwQTdENkQxNjkwMkY4NEQ4Q0E1MUFFREI0MTkwX2F1ZGlvX2Rhc2hpbml0Lm1wNBUCAsgBEgAoABgAGwKIB3VzZV9vaWwBMRJwcm9ncmVzc2l2ZV9yZWNpcGUBMRUAACbw-LSQ4Z7WAxUCKAJDMywXQEa4UeuFHrgYGWRhc2hfaDI2NC1iYXNpYy1nZW4yXzcyMHARAHUAZd6oAQA&_nc_gid=b_WqbEc53IVReQDMiRJ-tg&_nc_ss=7b289&_nc_zt=28&oh=00_Af8aQbkS031gDuAc7CVfojsy48ow3t_dQnUzCcuC55Rqfg&oe=6A36B7A8 | SD: https://video.fjai6-1.fna.fbcdn.net/o1/v/t2/f2/m412/AQOREwZnCBUl70Ca5De-64ikff0ME-fGvSzfefsu45hQ-bUxzk6L7mnBKw5jUHANyGFXU5VuYUaZRB5O_XkV8xXoPNNrL0a9tKc7fTKo0w.mp4?_nc_cat=106&_nc_oc=AdprvVuyrI-l3PN4lzp4x4PFnKlBwZRaKTVj4DKajjcWZkMHNTydhKbl4C1TpxCj-MhCHkwtULSrWUyRId19ccnZ&_nc_sid=ef5aa3&_nc_ht=video.fjai6-1.fna.fbcdn.net&_nc_ohc=07MhfSju_ToQ7kNvwHq9hKu&efg=eyJ2ZW5jb2RlX3RhZyI6Inhwdl9wcm9ncmVzc2l2ZS5WSV9VU0VDQVNFX1BST0RVQ1RfVFlQRS4uQzMuMzYwLnN2ZV9zZCIsInhwdl9hc3NldF9pZCI6MTAzNDA2OTM2MjUxNTUxMiwiYXNzZXRfYWdlX2RheXMiOjMsInZpX3VzZWNhc2VfaWQiOjEwNzk5LCJkdXJhdGlvbl9zIjo0NSwidXJsZ2VuX3NvdXJjZSI6Ind3dyJ9&ccb=17-1&_nc_gid=b_WqbEc53IVReQDMiRJ-tg&_nc_ss=7b289&_nc_zt=28&oh=00_Af9B3Hh5qGM0aiEHL0ajTUKIWFCEt_rUHViCMfY7BXqAIA&oe=6A36AE90 | Preview: https://scontent.fjai6-1.fna.fbcdn.net/v/t39.35426-6/722753447_37147084414878656_6185200623869616291_n.jpg?_nc_cat=107&ccb=1-7&_nc_sid=c53f8f&_nc_ohc=A2YbEJAM9EQQ7kNvwGgFhnu&_nc_oc=AdqtjJ_KwuZ5tCut1Dd9ZfXCk2g4StPBv92gUhctjjAEtK2JwaHeflYBt3AkqwQWkVQJeaVQPIMVS6M0_7YkIgQp&_nc_zt=14&_nc_ht=scontent.fjai6-1.fna&_nc_gid=b_WqbEc53IVReQDMiRJ-tg&_nc_ss=7b289&oh=00_Af-8HyXF8r5LXHIJDxNKdv43O5AIX7lMxJnvmPME_rTrFA&oe=6A36CD83 || HD: https://video.fjai6-1.fna.fbcdn.net/o1/v/t2/f2/m366/AQO9TA4L_d-fwtXULGeYwG5aZ3hLzW8XhRYIsZPg-CimFJeEg2KsDIg0WsE5YrTm2pM1_tbpJlHyKdq5DHe-y5jfs78WfDheosXHHZ8bB4o0tQ.mp4?_nc_cat=108&_nc_oc=Adp9fTXtYjCHpexaWJZLW3DSnPPzh9SehuzkoJGg-DsTyH9bEf8W9F5vW8U_IgLhio9hzRkLK73vfpqiDKmlF9O3&_nc_sid=b66105&_nc_ht=video.fjai6-1.fna.fbcdn.net&_nc_ohc=ciD8CZG6wxcQ7kNvwE4kc5o&efg=eyJ2ZW5jb2RlX3RhZyI6Inhwdl9wcm9ncmVzc2l2ZS5WSV9VU0VDQVNFX1BST0RVQ1RfVFlQRS4uQzMuNzIwLmRhc2hfaDI2NC1iYXNpYy1nZW4yXzcyMHAiLCJ4cHZfYXNzZXRfaWQiOjE1Mzc2Nzk0Mzc4NDc2ODQsImFzc2V0X2FnZV9kYXlzIjozLCJ2aV91c2VjYXNlX2lkIjoxMDc5OSwiZHVyYXRpb25fcyI6NDUsInVybGdlbl9zb3VyY2UiOiJ3d3cifQ%3D%3D&ccb=17-1&vs=4a0f77fa4ff9144c&_nc_vs=HBksFQIYRWZiX2VwaGVtZXJhbC8zRTQzRTBGMTU4QjAxNkNEMEI3NEYzRjMwQTdFQkRCOF9tdF8xX3ZpZGVvX2Rhc2hpbml0Lm1wNBUAAsgBEgAVAhhAZmJfcGVybWFuZW50L0I0NEUwNTYwNTZCMEQxNzNDNUVGRTA3Mjc1QjRFQTgxX2F1ZGlvX2Rhc2hpbml0Lm1wNBUCAsgBEgAoABgAGwKIB3VzZV9vaWwBMRJwcm9ncmVzc2l2ZV9yZWNpcGUBMRUAACaI8t7K3KC7BRUCKAJDMywXQEa4UeuFHrgYGWRhc2hfaDI2NC1iYXNpYy1nZW4yXzcyMHARAHUAZd6oAQA&_nc_gid=b_WqbEc53IVReQDMiRJ-tg&_nc_ss=7b289&_nc_zt=28&oh=00_Af8JQ57JhAymdpEIgCxuZ5t-cgo-qnJfP_l-mU7H0-MeNg&oe=6A36CE14 | SD: https://video.fjai6-1.fna.fbcdn.net/o1/v/t2/f2/m412/AQPcMS9Sc6pGGSBcPkVur6x_KckRsqv7129g34y047OuuVFALpSX0ZGWT6bxJXI-I0mRkRej-XdrU1dAhfbwDcIAmDNwglp0eaZXkNAdow.mp4?_nc_cat=109&_nc_oc=AdrPeXjdgoj8ZpU3YtvKNaw4Uxr37zrHdrFRz6oqLoyrhXYaOPKDtWhrp0jZmLPgdRDXOMtCoqT0el3RnpwCEsU2&_nc_sid=ef5aa3&_nc_ht=video.fjai6-1.fna.fbcdn.net&_nc_ohc=AJPQO-9tOsMQ7kNvwFITmeP&efg=eyJ2ZW5jb2RlX3RhZyI6Inhwdl9wcm9ncmVzc2l2ZS5WSV9VU0VDQVNFX1BST0RVQ1RfVFlQRS4uQzMuMzYwLnN2ZV9zZCIsInhwdl9hc3NldF9pZCI6MTUzNzY3OTQzNzg0NzY4NCwiYXNzZXRfYWdlX2RheXMiOjMsInZpX3VzZWNhc2VfaWQiOjEwNzk5LCJkdXJhdGlvbl9zIjo0NSwidXJsZ2VuX3NvdXJjZSI6Ind3dyJ9&ccb=17-1&_nc_gid=b_WqbEc53IVReQDMiRJ-tg&_nc_ss=7b289&_nc_zt=28&oh=00_Af8ej2ikO0v2Fx-1PzqyKEg-UFpleMcEbIfq0u75XtKr5Q&oe=6A36D73D | Preview: https://scontent.fjai6-1.fna.fbcdn.net/v/t39.35426-6/722753451_4350538038594254_4517302334060133992_n.jpg?_nc_cat=110&ccb=1-7&_nc_sid=c53f8f&_nc_ohc=2bpk0mS9vYIQ7kNvwHGEFXu&_nc_oc=AdqGXJelH81H0QAR901FhLsQfB2gnclid2aCRv9i7cUEDOWJ0heBIpa4ZX3hcVb1UMfFVHDj4LvyBC_HErEpn-2b&_nc_zt=14&_nc_ht=scontent.fjai6-1.fna&_nc_gid=b_WqbEc53IVReQDMiRJ-tg&_nc_ss=7b289&oh=00_Af-fTLwYl6H4y3w_OMCeaChIwJbYZRUWDlI8PiKtIpdfDw&oe=6A36C9D3
1230559915652264,https://www.facebook.com/100095331973432/,fb.me,https://www.facebook.com/100095331973432/,,,,,,,,,103767406148222,http://fb.me/,Pune Commercial Project,https://www.facebook.com/ads/library/?id=1230559915652264,"Looking for a premium restaurant space in Pune?
This 6000 sq.ft. rooftop + dining setup at Kokane Chowk, Pimple Saudagar is ideal for fine dine, café & lounge concepts.
Parking available. Lease/Sale options available.
📞 Book your site visit today.",37,Get quote,fb.me,"FACEBOOK; INSTAGRAM; AUDIENCE_NETWORK",2026-05-15,2026-06-14,,Original: https://scontent.fjai6-1.fna.fbcdn.net/v/t39.35426-6/700064021_1636825180741898_4872753550439500865_n.jpg?_nc_cat=102&ccb=1-7&_nc_sid=c53f8f&_nc_ohc=Shs_J6zPpcwQ7kNvwHy_0Q7&_nc_oc=AdrisKO2LDlwDgEMUQCfCNe8_kfbiagqJl_2U5bFk6PlNJIN-B7JI3OAvxbL4kAWU-ve05zUoNDmzRUvsrcRDw8H&_nc_zt=14&_nc_ht=scontent.fjai6-1.fna&_nc_gid=b_WqbEc53IVReQDMiRJ-tg&_nc_ss=7b289&oh=00_Af8BfQZbt-FA6Yssbg5Y_5WBE-wFRNshsCiQDFPBqjZ04A&oe=6A36C413 | Resized: https://scontent.fjai6-1.fna.fbcdn.net/v/t39.35426-6/700334219_1485920829679501_7182412960890735260_n.jpg?stp=dst-jpg_s600x600_tt6&_nc_cat=102&ccb=1-7&_nc_sid=c53f8f&_nc_ohc=Zqabpj9Ut1EQ7kNvwG1_zUI&_nc_oc=AdoHXCB7IWDV9jxISrn5PJ2whB8hgCpSd0J-ZGoYXTrZ-JtgpNVjTQ8b_s4QnjQ9qvoTStNQrokpGPoxWnJjYB6e&_nc_zt=14&_nc_ht=scontent.fjai6-1.fna&_nc_gid=b_WqbEc53IVReQDMiRJ-tg&_nc_ss=7b289&oh=00_Af_o_pjlDrdbZMwuKoXP1yItD9Zx5JGb5Zv6wMhGSmb3iw&oe=6A36D197,,,,,,
1261017076113648,https://www.facebook.com/BlueSquareInfra/,fb.me,https://www.facebook.com/BlueSquareInfra/,,,,infobluesquareinfra@gmail.com,+91 98724 90091,,,,111566493764227,http://fb.me/,Blue Square Infra,https://www.facebook.com/ads/library/?id=1261017076113648,"💼 Invest in the Future of Commercial Real Estate – Starting ₹1.35 Cr
Introducing a pre-leased commercial property with assured rentals on the Delhi–Manali Highway. Located in a 13.5-acre European-themed project with:
✔️ 1350 ft frontage & 80,000+ daily vehicles
✔️ Food joints like McDonald’s, KFC, Burger King
✔️ Artificial lakes, kids play area, water activities
✔️ 7 drive-throughs & retail for every segment

✅ High footfall
✅ Premium tenants
✅ Assured rental income

📍Limited units available – fill the form to know more!",2837,Get quote,fb.me,"FACEBOOK; INSTAGRAM; AUDIENCE_NETWORK",2026-06-03,2026-06-15,HD: https://video.fjai6-1.fna.fbcdn.net/o1/v/t2/f2/m367/AQMeOpRQgUvylo0ao-ruTPMnKyYOLeCwUskXTBhtMGMThpzXX2zFECsVTa2jrlJaJONOdeTgVd6-vgFXYZkUnoTbHhWGx7RN66ORFyI.mp4?_nc_cat=104&_nc_oc=AdpxIIITE0tMTE2-HaCu39z2DlQCwYN28rVzz0qo2UEh9ZIpNAPPD_CbPpnUUNO-D5VZkEYaYYEJouihNIel3uFd&_nc_sid=b66105&_nc_ht=video.fjai6-1.fna.fbcdn.net&_nc_ohc=DrW1JaxCZkcQ7kNvwFL3LVN&efg=eyJ2ZW5jb2RlX3RhZyI6Inhwdl9wcm9ncmVzc2l2ZS5WSV9VU0VDQVNFX1BST0RVQ1RfVFlQRS4uQzMuNzIwLmRhc2hfYmFzZWxpbmVfMV92MSIsInhwdl9hc3NldF9pZCI6Njg4MTY0NjU3NTYzMzQ4LCJhc3NldF9hZ2VfZGF5cyI6MTY5LCJ2aV91c2VjYXNlX2lkIjoxMDA5OSwiZHVyYXRpb25fcyI6NTksInVybGdlbl9zb3VyY2UiOiJ3d3cifQ%3D%3D&ccb=17-1&vs=ce6e154018f354b3&_nc_vs=HBksFQIYQGlnX2VwaGVtZXJhbC84OTQ1MEZFRjU3NTgzQ0QwQjJCMDA1NUFCQ0VBMUE5QV92aWRlb19kYXNoaW5pdC5tcDQVAALIARIAFQIYR2lnX3hwdl9yZWVsc19wZXJtYW5lbnRfc3JfcHJvZC8xMzg1NTczMzAzMDU1MDQzXzUwMzc4NTE0MDk5NDQ4OTIyMTkubXA0FQICyAESACgAGAAbAogHdXNlX29pbAExEnByb2dyZXNzaXZlX3JlY2lwZQExFQAAJqibsJ-6-LgCFQIoAkMzLBdATaqfvnbItBgSZGFzaF9iYXNlbGluZV8xX3YxEQB1AGXmnQEA&_nc_gid=V-P3cASUeAAmvCE8Br6TKQ&_nc_ss=7b289&_nc_zt=28&oh=00_Af9q8hDFdoz8Rsvn5-G8tX_Sk1E6PaL97GrS2acSPEid5Q&oe=6A36B49D | SD: https://video.fjai6-1.fna.fbcdn.net/o1/v/t2/f2/m86/AQPSmFDJxjGTLfu8ccz3FTOBZrewHwgTwaVBgYTiASaLHP5oFGO-EfNTX2zY7YUhaqP4zePuAWOwN3fd_8SC07NcOMxoCnxALsioEY4.mp4?_nc_cat=102&_nc_oc=AdrViFylfWRRoGogG-Sz4De9hsfDk-QHiBPCPLJQnssSFU-l1ZWpdGNtNLNhhAEuZOHrnQZzh21fAK3WFGBi92Nq&_nc_sid=b66105&_nc_ht=video.fjai6-1.fna.fbcdn.net&_nc_ohc=0QXOKQePFgkQ7kNvwEztO2X&efg=eyJ2ZW5jb2RlX3RhZyI6Inhwdl9wcm9ncmVzc2l2ZS5WSV9VU0VDQVNFX1BST0RVQ1RfVFlQRS4uQzMuMzYwLmRhc2hfYmFzZWxpbmVfM192MSIsInhwdl9hc3NldF9pZCI6Njg4MTY0NjU3NTYzMzQ4LCJhc3NldF9hZ2VfZGF5cyI6MTY5LCJ2aV91c2VjYXNlX2lkIjoxMDA5OSwiZHVyYXRpb25fcyI6NTksInVybGdlbl9zb3VyY2UiOiJ3d3cifQ%3D%3D&ccb=17-1&vs=4c122f2b3b65cc52&_nc_vs=HBksFQIYUmlnX3hwdl9yZWVsc19wZXJtYW5lbnRfc3JfcHJvZC9DRjQwOTMzQTExQkJBM0MzMUZFREVGNThEQ0E4M0ZCNV92aWRlb19kYXNoaW5pdC5tcDQVAALIARIAFQIYR2lnX3hwdl9yZWVsc19wZXJtYW5lbnRfc3JfcHJvZC8xMzg1NTczMzAzMDU1MDQzXzUwMzc4NTE0MDk5NDQ4OTIyMTkubXA0FQICyAESACgAGAAbAogHdXNlX29pbAExEnByb2dyZXNzaXZlX3JlY2lwZQExFQAAJqibsJ-6-LgCFQIoAkMzLBdATaqfvnbItBgSZGFzaF9iYXNlbGluZV8zX3YxEQB1AGXmnQEA&_nc_gid=V-P3cASUeAAmvCE8Br6TKQ&_nc_ss=7b289&_nc_zt=28&oh=00_Af-kszhyhcdMz7InyQYllFKVgzhzFS7Rj6x5rewYRUHwAA&oe=6A32B9B3 | Preview: https://scontent.fjai6-1.fna.fbcdn.net/v/t39.35426-6/712411303_952820664242396_4493783053819206617_n.jpg?_nc_cat=111&ccb=1-7&_nc_sid=c53f8f&_nc_ohc=6ysccFLAHjIQ7kNvwG-_mcr&_nc_oc=AdrNyrc26ACoFJZWTvx3RkdfX1w-QjfRJsmYUOO5WYe3z3vqSc755zlLJ6RR7Ow9MQSperG31vJ6fnee4QVZzf2h&_nc_zt=14&_nc_ht=scontent.fjai6-1.fna&_nc_gid=V-P3cASUeAAmvCE8Br6TKQ&_nc_ss=7b289&oh=00_Af-arWCUVoKi9PnWSgBy7QqNPLyoWmXBHdlHoczV1X9pOA&oe=6A36AB72,,,,,,,
1546965483722339,https://www.facebook.com/semcsolutions/,api.whatsapp.com,https://www.facebook.com/semcsolutions/,,,,semcsolutions@gmail.com,+91 81290 04903,,,,571054953319158,https://api.whatsapp.com/send,SEMC,https://www.facebook.com/ads/library/?id=1546965483722339,"Building Strength, Framing Security.

SEMC Solutions offers:

✔️ Dormer Steel Windows & Doors
✔️ BirlaNu Aerocon AAC Blocks
✔️ Smart Construction Solutions

Whether you’re building a new home, developing a commercial project, or renovating an existing property, SEMC Solutions delivers quality products, expert guidance, and reliable service every step of the way.

📞 Contact us on WhatsApp for quotations, site visits, and project consultations.

 #HomeImprovement  #semcsolutions  #StylishLiving",724,Send WhatsApp message,api.whatsapp.com,"FACEBOOK; INSTAGRAM; AUDIENCE_NETWORK; MESSENGER; WHATSAPP",2026-06-09,2026-06-15,,,  ||   ||   ||  ,https://api.whatsapp.com/send?phone=918129004903&token=eyJhbGciOiJFUzI1NiIsInR5cCI6IkpXVCIsImtpZCI6IjEyNSJ9.eyJleHAiOjE3ODExMDg5ODAsInBob25lIjoiOTE4MTI5MDA0OTAzIn0.2xGw-Eq3UowjLhPuWOm1z7W77C_pt7b55qrlNaBlAWRwZg7DVpbLQusfkIWWRGF57BV54ANJVDj9UFv76JS-Ug || https://api.whatsapp.com/send?phone=918129004903&token=eyJhbGciOiJFUzI1NiIsInR5cCI6IkpXVCIsImtpZCI6IjEyNSJ9.eyJleHAiOjE3ODExMDg5ODAsInBob25lIjoiOTE4MTI5MDA0OTAzIn0.TjOmYV5SRNlpCBQJR2Z_bXnBV9sxcmefJ_j9ijr05FVbWEo2JU8nQIFkihAAXW5IXgm_6wRC_JiXGeM0SzUiYg || https://api.whatsapp.com/send?phone=918129004903&token=eyJhbGciOiJFUzI1NiIsInR5cCI6IkpXVCIsImtpZCI6IjEyNSJ9.eyJleHAiOjE3ODExMDg5ODAsInBob25lIjoiOTE4MTI5MDA0OTAzIn0.AeMaoWCu3uugXNwhuVAYHih04-4zPpknQp91RL7IjlifBUfxg3xg9SVokEs4C7X7KNlBO8mG0suhxD7zgIKfyg || https://api.whatsapp.com/send?phone=918129004903&token=eyJhbGciOiJFUzI1NiIsInR5cCI6IkpXVCIsImtpZCI6IjEyNSJ9.eyJleHAiOjE3ODExMDg5ODAsInBob25lIjoiOTE4MTI5MDA0OTAzIn0.9hJgZwua4eEUxtQBguup4f2SWtAquzkkP24T0OcvK0YlzXBwdja12FGnurJ_1zABVQpGnhhSElJEIlurXAb2KA,api.whatsapp.com || api.whatsapp.com || api.whatsapp.com || api.whatsapp.com,Send WhatsApp Message || Send WhatsApp Message || Send WhatsApp Message || Send WhatsApp Message,Original: https://scontent.fjai6-1.fna.fbcdn.net/v/t39.35426-6/722036821_1356812359706377_3864987632450519266_n.jpg?_nc_cat=103&ccb=1-7&_nc_sid=c53f8f&_nc_ohc=rOQxAZRiG8UQ7kNvwEb0bXI&_nc_oc=AdouCiC2A_AYVSFFLC7AJwVYUXQfTyp-8-RW-WklxefYhmcD2z45UwsHOOnQdPe2wCKI-eq_j5qDuhW81rBobi0_&_nc_zt=14&_nc_ht=scontent.fjai6-1.fna&_nc_gid=ZvrLWA5I83ocyYhd-tcuUw&_nc_ss=7b289&oh=00_Af_vyEmxxKB5TSRuybxBCmDJAZ0FXhhHt2NlJIYKdMozXA&oe=6A36CDB6 | Resized: https://scontent.fjai6-1.fna.fbcdn.net/v/t39.35426-6/720563360_27114219011577080_544720627909718680_n.jpg?stp=dst-jpg_s600x600_tt6&_nc_cat=105&ccb=1-7&_nc_sid=c53f8f&_nc_ohc=LmGDSSAIf8YQ7kNvwFcneVE&_nc_oc=Adpz25PpvevOgrAsh5dbruIggcXpz0h-FfjmFQ3j4Ll3WWzuv_Vbs0M4sB_cPcmJR0NJfs5kRZWzgrfaPtR1DJFi&_nc_zt=14&_nc_ht=scontent.fjai6-1.fna&_nc_gid=ZvrLWA5I83ocyYhd-tcuUw&_nc_ss=7b289&oh=00_Af_GhjllYy2MhYEm9sctKqJQarfy12eGKfZ93TRlpD0uBA&oe=6A36AEE3 || Original: https://scontent.fjai6-1.fna.fbcdn.net/v/t39.35426-6/720031941_1525444155784825_1554964356375702955_n.jpg?_nc_cat=100&ccb=1-7&_nc_sid=c53f8f&_nc_ohc=hHv4ckTDxb0Q7kNvwHp8FFf&_nc_oc=AdqPzG9fy3T0v6T2ovdnFrxHLnabYdxHACf_SeoK0gz7NMUr34TzrG-X17PLzL_spxu-XdvxYYOlQ4akMihoQtK_&_nc_zt=14&_nc_ht=scontent.fjai6-1.fna&_nc_gid=ZvrLWA5I83ocyYhd-tcuUw&_nc_ss=7b289&oh=00_Af-BpeMuRmUbmuBlfsX2jrz6IQmQHflgyVOltD12XKWrCQ&oe=6A36D76C | Resized: https://scontent.fjai6-1.fna.fbcdn.net/v/t39.35426-6/720428768_1733487397657029_910505332582326674_n.jpg?stp=dst-jpg_s600x600_tt6&_nc_cat=105&ccb=1-7&_nc_sid=c53f8f&_nc_ohc=RErse4dWkrkQ7kNvwHc1CBF&_nc_oc=Adovb4BbtAQArTbVcNgKK739VrjmGbBNm66feB1PYBJPICVJXDFxAPlxnV6LqveGL0XirXgIePDu2wtAqtUf1m-d&_nc_zt=14&_nc_ht=scontent.fjai6-1.fna&_nc_gid=ZvrLWA5I83ocyYhd-tcuUw&_nc_ss=7b289&oh=00_Af8iI67HgKcgCoFFf_zrkm0zspYGGTjLhUsR2S3vnOJ98w&oe=6A36B8BC || Original: https://scontent.fjai6-1.fna.fbcdn.net/v/t39.35426-6/720591019_2600035757077558_6881603106852108370_n.jpg?_nc_cat=100&ccb=1-7&_nc_sid=c53f8f&_nc_ohc=ZZnp3iGLuSUQ7kNvwH2mbdu&_nc_oc=Adqz91V-YoyoxgrvW13omOMJX44njzMbYxHvKDudnoH8KBzpfJ-P2Jnd2-Y-wc0Db2uL6iF1E4wit81Pd-VtS45B&_nc_zt=14&_nc_ht=scontent.fjai6-1.fna&_nc_gid=ZvrLWA5I83ocyYhd-tcuUw&_nc_ss=7b289&oh=00_Af_UIv4hitKxjq54KvobWSjP7CegKteE1sWkC8IMraa1qQ&oe=6A36AD22 | Resized: https://scontent.fjai6-1.fna.fbcdn.net/v/t39.35426-6/717597242_1301712234959950_859484452078634288_n.jpg?stp=dst-jpg_s600x600_tt6&_nc_cat=110&ccb=1-7&_nc_sid=c53f8f&_nc_ohc=LUTyi-o_igcQ7kNvwHEY7bX&_nc_oc=AdqobtNPhxr_lgj_NmGGElMvfRbo-6J5r7JZ-x0-1W1DPZqmvtnbgE6GTkmCPNuABm9npFBVAMOOZNOyRfXTTwRB&_nc_zt=14&_nc_ht=scontent.fjai6-1.fna&_nc_gid=ZvrLWA5I83ocyYhd-tcuUw&_nc_ss=7b289&oh=00_Af-jdFMdSucC-QQ1WKRJKuw6PW6co5vPizU0Tb25gPPtGw&oe=6A36D74C || Original: https://scontent.fjai6-1.fna.fbcdn.net/v/t39.35426-6/720397770_1492932181889190_4823912965580247358_n.jpg?_nc_cat=108&ccb=1-7&_nc_sid=c53f8f&_nc_ohc=TxX_CCpo-vAQ7kNvwGSHpub&_nc_oc=AdqSvkhRVtmCJpEnq1XgWawRYWqIq0v1OZ169DWvYu0AHLPzt5S3kIdPGF531AUc1mIk1Fc97v69yXtT3PrBW8wE&_nc_zt=14&_nc_ht=scontent.fjai6-1.fna&_nc_gid=ZvrLWA5I83ocyYhd-tcuUw&_nc_ss=7b289&oh=00_Af_NfI8zoScxq2MoB_yJXqpthU37uCkUkF4XMSRB0cVD4w&oe=6A36AB87 | Resized: https://scontent.fjai6-1.fna.fbcdn.net/v/t39.35426-6/720495740_1460473409183714_4570507193938127256_n.jpg?stp=dst-jpg_s600x600_tt6&_nc_cat=108&ccb=1-7&_nc_sid=c53f8f&_nc_ohc=m5ts8p2MmccQ7kNvwHuaJf1&_nc_oc=AdogVfHLvE8gkyNGt-gJDVoBWXmf1avyIvmVr8xjoHBBUHS8PzmrNI47qNXmpefIezBTM5c3qYrt2stq8jqakhAX&_nc_zt=14&_nc_ht=scontent.fjai6-1.fna&_nc_gid=ZvrLWA5I83ocyYhd-tcuUw&_nc_ss=7b289&oh=00_Af_lOiw7WHLzQ7PIDU-Bi01mFW5AbPWDK-090shCyDUNDQ&oe=6A36D891,
1680856859626473,https://www.facebook.com/100064261231934/,fb.me,https://www.facebook.com/100064261231934/,,,,patildah333@gmail.com,+91 99229 58727,,,,106371888044474,http://fb.me/,Pandharpur Real Estate,https://www.facebook.com/ads/library/?id=1680856859626473,पंढरपूर-कोल्हापूर मुख्य रोडवर 33 गुंठे रोड टच प्लॉट उपलब्ध!,167,Sign up,fb.me,"FACEBOOK; INSTAGRAM; AUDIENCE_NETWORK",2026-06-13,2026-06-15,HD: https://video.fjai6-1.fna.fbcdn.net/o1/v/t2/f2/m366/AQMFEUNYvOei_yzo6aucienn9iPAZgm-azvjweEME66mnuYikB4iCcnRPneEmMNAXI1rIHFPjzZtAr5eJF3eFqENGXhVff2PM8bJ_UGx-suJfw.mp4?_nc_cat=109&_nc_oc=AdqvsbWglMxUcI-PKkDm8_HCsLtmFZDkXJ68pF-SenOmU0mXVUGaLGuFKDmoF3KnukNZeOA8EjRh4TqUBoPL2d_k&_nc_sid=b66105&_nc_ht=video.fjai6-1.fna.fbcdn.net&_nc_ohc=3ERCTVLsoacQ7kNvwH0WJR-&efg=eyJ2ZW5jb2RlX3RhZyI6Inhwdl9wcm9ncmVzc2l2ZS5WSV9VU0VDQVNFX1BST0RVQ1RfVFlQRS4uQzMuNzIwLmRhc2hfaDI2NC1iYXNpYy1nZW4yXzcyMHAiLCJ4cHZfYXNzZXRfaWQiOjk2NDM5MTQ5OTY5NzQwMywiYXNzZXRfYWdlX2RheXMiOjQsInZpX3VzZWNhc2VfaWQiOjEwNzk5LCJkdXJhdGlvbl9zIjoyMywidXJsZ2VuX3NvdXJjZSI6Ind3dyJ9&ccb=17-1&vs=c356c30a2cb05214&_nc_vs=HBksFQIYRWZiX2VwaGVtZXJhbC85NzQzMEI2RUI2ODYxMDhCREY4OThFMzAxMUI0QzVBNl9tdF8xX3ZpZGVvX2Rhc2hpbml0Lm1wNBUAAsgBEgAVAhhAZmJfcGVybWFuZW50L0Q1NDFDNEVGOTIwRkI1MUY3OTE5QkNGNUFGOTYxNDgyX2F1ZGlvX2Rhc2hpbml0Lm1wNBUCAsgBEgAoABgAGwKIB3VzZV9vaWwBMRJwcm9ncmVzc2l2ZV9yZWNpcGUBMRUAACb2s5zM_Ma2AxUCKAJDMywXQDddsi0OVgQYGWRhc2hfaDI2NC1iYXNpYy1nZW4yXzcyMHARAHUAZd6oAQA&_nc_gid=ZvrLWA5I83ocyYhd-tcuUw&_nc_ss=7b289&_nc_zt=28&oh=00_Af9_kZ73dn5jaeONE-Gc9anpR6mHmsfVjMb-3Xq1I2ygkw&oe=6A36AB9B | SD: https://video.fjai6-1.fna.fbcdn.net/o1/v/t2/f2/m412/AQMkuHGZjTdo81RcP_HKFUt7casSXemAn2holnKBof_wsi562ghOL0jnJTSvxKqsYHgeQhEWlR8Fe8Vx7H-ujXMdwP5_SJ8-o9XnKixZfA.mp4?_nc_cat=105&_nc_oc=AdpVfNfua26lr-vAUYzaGa531-Aa9HKgHxB92rZ1zyrYaSHespeEEqqmE0dBXRLF4Jcca9T4wzvSHaifRgYZCWnA&_nc_sid=ef5aa3&_nc_ht=video.fjai6-1.fna.fbcdn.net&_nc_ohc=zFrdpdDb6J8Q7kNvwFo8Ti9&efg=eyJ2ZW5jb2RlX3RhZyI6Inhwdl9wcm9ncmVzc2l2ZS5WSV9VU0VDQVNFX1BST0RVQ1RfVFlQRS4uQzMuMzYwLnN2ZV9zZCIsInhwdl9hc3NldF9pZCI6OTY0MzkxNDk5Njk3NDAzLCJhc3NldF9hZ2VfZGF5cyI6NCwidmlfdXNlY2FzZV9pZCI6MTA3OTksImR1cmF0aW9uX3MiOjIzLCJ1cmxnZW5fc291cmNlIjoid3d3In0%3D&ccb=17-1&_nc_gid=ZvrLWA5I83ocyYhd-tcuUw&_nc_ss=7b289&_nc_zt=28&oh=00_Af-Ep2K9Q0onymbfcRWDdz_W-KrjCe8Ah9vGntZDtiCczA&oe=6A36ADBD | Preview: https://scontent.fjai6-1.fna.fbcdn.net/v/t39.35426-6/723014404_1548955453311888_5285270419496925594_n.jpg?_nc_cat=102&ccb=1-7&_nc_sid=c53f8f&_nc_ohc=Rbqx0gSnbNgQ7kNvwEFS0e0&_nc_oc=AdolvXRDGtQK_V90jWjA-rRDnN4SaosDGqC175PXGgxvegYXMe4cFR0sjTjRjs5ZmGXjJEjc3xhyuhO4r_KILxtA&_nc_zt=14&_nc_ht=scontent.fjai6-1.fna&_nc_gid=ZvrLWA5I83ocyYhd-tcuUw&_nc_ss=7b289&oh=00_Af-hLAn1yqmHo4PptmLH8zXxnXskmD2aBy4HE4xhySbVxg&oe=6A36CA1A,,,,,,,
1460740525827065,https://www.facebook.com/61551254221554/,,https://www.facebook.com/61551254221554/,,,,,+91 62804 21475,,,,128175927044686,,Real Investment,https://www.facebook.com/ads/library/?id=1460740525827065,On Mohali Airport Road Facing Pre-Leased Offices with twelve Years Leasing @ 68 Lacs.,372,Call now,,"FACEBOOK; INSTAGRAM",2026-06-06,2026-06-15,HD: https://video.fjai6-1.fna.fbcdn.net/o1/v/t2/f2/m366/AQM26LZwK_ImuD-dgkmhwSnRU73_Rpykw1Q3UbaiGvqEAnMTK_ZxjF0QkCTcQZ_QiQGTsq76AZ7mDSkZaRNfZ71alNSffxGsZAa4Ws8Zv9IOrA.mp4?_nc_cat=111&_nc_oc=AdpDcKMvl6coEByEI39M1-GL6hHqkonIrCv4Lvp4y6Q996Fm_w00dVRWerSb-b7etHvjlujQRwD4l1xeWBnyARJV&_nc_sid=b66105&_nc_ht=video.fjai6-1.fna.fbcdn.net&_nc_ohc=tKKs3HcSLssQ7kNvwFkPuJ2&efg=eyJ2ZW5jb2RlX3RhZyI6Inhwdl9wcm9ncmVzc2l2ZS5WSV9VU0VDQVNFX1BST0RVQ1RfVFlQRS4uQzMuNzIwLmRhc2hfaDI2NC1iYXNpYy1nZW4yXzcyMHAiLCJ4cHZfYXNzZXRfaWQiOjEzMTA4MjcxMTQ0MDQ1MjEsImFzc2V0X2FnZV9kYXlzIjoxMTQsInZpX3VzZWNhc2VfaWQiOjEwNzk5LCJkdXJhdGlvbl9zIjoxOTIsInVybGdlbl9zb3VyY2UiOiJ3d3cifQ%3D%3D&ccb=17-1&vs=de1b7256684b0545&_nc_vs=HBksFQIYRWZiX2VwaGVtZXJhbC9GMDQ4RjdDOUI4NTgyRjEwMTQ5MEQxMzEzQjY1OEVBNV9tdF8xX3ZpZGVvX2Rhc2hpbml0Lm1wNBUAAsgBEgAVAhhAZmJfcGVybWFuZW50L0VDNDEwREI1RDgwNzYwMEI2NDlEOEIwQkY0NEZDOEJGX2F1ZGlvX2Rhc2hpbml0Lm1wNBUCAsgBEgAoABgAGwKIB3VzZV9vaWwBMRJwcm9ncmVzc2l2ZV9yZWNpcGUBMRUAACbS6qCIl4zUBBUCKAJDMywXQGgVT987ZFoYGWRhc2hfaDI2NC1iYXNpYy1nZW4yXzcyMHARAHUAZd6oAQA&_nc_gid=ZvrLWA5I83ocyYhd-tcuUw&_nc_ss=7b289&_nc_zt=28&oh=00_Af9CPWM6KFIQk68tTk956gdTLJWD91Jz8I2ZKl0hgy-AYQ&oe=6A36B2B9 | SD: https://video.fjai6-1.fna.fbcdn.net/o1/v/t2/f2/m412/AQN27xKcU1HMgV2Y-eM77NjTTGWzDwU9a5_4mtMP3I6hPKycJ7ul38A-KfWDs5ElS2-jUcrviCQK5W9TAaAHTK9XRRrnmxamXVr3AGOmtA.mp4?_nc_cat=111&_nc_oc=AdruHf7HANLasi9MGwuVtlSDSRjGdMF2bVVZS58WLJ3da2n7eBXTZvN8EwGPTYt4j-1y_xg_eAQ2Fv8RTVa5aWtI&_nc_sid=ef5aa3&_nc_ht=video.fjai6-1.fna.fbcdn.net&_nc_ohc=00UtHXxR9tkQ7kNvwHRMxbq&efg=eyJ2ZW5jb2RlX3RhZyI6Inhwdl9wcm9ncmVzc2l2ZS5WSV9VU0VDQVNFX1BST0RVQ1RfVFlQRS4uQzMuMzYwLnN2ZV9zZCIsInhwdl9hc3NldF9pZCI6MTMxMDgyNzExNDQwNDUyMSwiYXNzZXRfYWdlX2RheXMiOjExNCwidmlfdXNlY2FzZV9pZCI6MTA3OTksImR1cmF0aW9uX3MiOjE5MiwidXJsZ2VuX3NvdXJjZSI6Ind3dyJ9&ccb=17-1&_nc_gid=ZvrLWA5I83ocyYhd-tcuUw&_nc_ss=7b289&_nc_zt=28&oh=00_Af-R5-LKlITCh8jsHzUs_ESe4Z1LjAa-mvlZpYfdISfATg&oe=6A36C807 | Preview: https://scontent.fjai6-1.fna.fbcdn.net/v/t39.35426-6/719100582_1419212333298966_8462747094924392497_n.jpg?_nc_cat=111&ccb=1-7&_nc_sid=c53f8f&_nc_ohc=ngsLDTspr2AQ7kNvwHpQ9OO&_nc_oc=Adom9iR2Dbv6dBX6GL2oPTACaGHOvluIc5JGIrZoogsveLLMYy62fw1n7NuTs_Zir-BDueiU04tQ7-bNLJhwd-8v&_nc_zt=14&_nc_ht=scontent.fjai6-1.fna&_nc_gid=ZvrLWA5I83ocyYhd-tcuUw&_nc_ss=7b289&oh=00_Af_uPJR5Rj_XXfy1CtIx9YtSo3y4GPV4xGQzTyf8LQXQpw&oe=6A36D33E,,,,,,,
829789140166698,https://www.facebook.com/100088367611978/,fb.me,https://www.facebook.com/100088367611978/,,,,,,,,,100912069530580,http://fb.me/,Commercial Offices ,https://www.facebook.com/ads/library/?id=829789140166698,"Unleash Your Business Potential with Our Prime Commercial Office Spaces!  
Starting Form ₹ 80L* Onward
With Top Facilities & World Class Amenities",43,Sign up,fb.me,"FACEBOOK; INSTAGRAM; AUDIENCE_NETWORK",2026-04-18,2026-06-15,,,"Unleash Your Business Potential with Our Prime Commercial Office Spaces!  
Starting Form ₹ 80L* Onward
With Top Facilities & World Class Amenities || Unleash Your Business Potential with Our Prime Commercial Office Spaces!  
Starting Form ₹ 80L* Onward
With Top Facilities & World Class Amenities",http://fb.me/ || http://fb.me/,,Sign Up || Sign Up,Original: https://scontent.fjai6-1.fna.fbcdn.net/v/t39.35426-6/672684741_1489867692848278_1370693515577947838_n.jpg?_nc_cat=101&ccb=1-7&_nc_sid=c53f8f&_nc_ohc=zb6gcKwgP8kQ7kNvwEdMzB3&_nc_oc=Ado2JHdJNwE95_acRtbHxz3mOmwYaXvlKueirb0A0kqlVP7bIAEWo0BobzeqmnnW9ctqb1mtGnFA4Vb7wfWWlsGG&_nc_zt=14&_nc_ht=scontent.fjai6-1.fna&_nc_gid=ZvrLWA5I83ocyYhd-tcuUw&_nc_ss=7b289&oh=00_Af_8xfTGHeG_eX11gyM6mJSvP_L2lToVyQLBxl9gaLKhaQ&oe=6A36DB9E | Resized: https://scontent.fjai6-1.fna.fbcdn.net/v/t39.35426-6/674328879_1669949817522026_3537572563748114682_n.jpg?stp=dst-jpg_s600x600_tt6&_nc_cat=107&ccb=1-7&_nc_sid=c53f8f&_nc_ohc=rP35mR_e_fMQ7kNvwEwmvP8&_nc_oc=AdqcI8K-DSNnXmyAUt9eO5yYfeawASmoX2WvjYr9ZtmDU3goub5ufmU3ih0PKCOTHhlWCiupbP9i7CavCKYg51Oz&_nc_zt=14&_nc_ht=scontent.fjai6-1.fna&_nc_gid=ZvrLWA5I83ocyYhd-tcuUw&_nc_ss=7b289&oh=00_Af9bY76RP5L87esBa3T6GUtu3-OmlOq4QjleiB9JpE4XaA&oe=6A36B997 || Original: https://scontent.fjai6-1.fna.fbcdn.net/v/t39.35426-6/673860305_991743503182520_4020717449959485968_n.jpg?_nc_cat=108&ccb=1-7&_nc_sid=c53f8f&_nc_ohc=133DBezx_68Q7kNvwFOJW-_&_nc_oc=Adqt9aqNW7I84jUPqZWikoo_nlYWPcnWzbr-RFtSnPV_U7Ipy21_uRaSbxUIkMIHbD5zZt_V64-0MjdUdUPpkh5P&_nc_zt=14&_nc_ht=scontent.fjai6-1.fna&_nc_gid=ZvrLWA5I83ocyYhd-tcuUw&_nc_ss=7b289&oh=00_Af_dXusFMdXdI1zJTjODDDZmXgahJ7yzGH79n1r-ptxe2w&oe=6A36D131 | Resized: https://scontent.fjai6-1.fna.fbcdn.net/v/t39.35426-6/671753937_980346101179367_8197002220779842435_n.jpg?stp=dst-jpg_s600x600_tt6&_nc_cat=102&ccb=1-7&_nc_sid=c53f8f&_nc_ohc=3iUE7rWPdcUQ7kNvwGgNwvz&_nc_oc=Adq1wC772xAah1NirIMi_To3YCbI2Wl8VUN7zf9t3VEFIjOg-Qy0_lmr6vx-meO8EncYHnVXsePDAZwlS89IFTMN&_nc_zt=14&_nc_ht=scontent.fjai6-1.fna&_nc_gid=ZvrLWA5I83ocyYhd-tcuUw&_nc_ss=7b289&oh=00_Af--SI3UJrwzuR78fr2h9MDuNlqySAuThbMsXKsD_Da87A&oe=6A36D76C,
2037241527148491,https://www.facebook.com/shyamgroups/,api.whatsapp.com,https://www.facebook.com/shyamgroups/,,,,hardik@shyamgroups.co.in,+91 97250 45819,,,,552428364776075,https://api.whatsapp.com/send,Shyam Group,https://www.facebook.com/ads/library/?id=2037241527148491,"𝗜𝗻𝘃𝗲𝘀𝘁 𝗶𝗻 𝘁𝗵𝗲 𝗙𝘂𝘁𝘂𝗿𝗲 𝗼𝗳 𝗚𝘂𝗷𝗮𝗿𝗮𝘁 𝗮𝘁 𝗗𝗵𝗼𝗹𝗲𝗿𝗮 𝗦𝗜𝗥

Own your space in the Commercial & Utility Project of India’s First Planned Smart City 

✅ RERA Approved Project
✅ Just 5 Minutes from Tata Semiconductor Hub
✅ 275 Offices, Showrooms & Retail Spaces
✅ High Growth Investment Zone

💼 Starting from just ₹40 Lakhs*

📈 Perfect for investors, business owners & early movers

📞 Book your site visit today!

RERA No: PWGJ/AHMEDABAD/DHOLERA/DSIRDA/CAA16655/010426/310330",1939,Send WhatsApp message,WhatsApp,"FACEBOOK; INSTAGRAM; AUDIENCE_NETWORK; MESSENGER; WHATSAPP",2026-06-11,2026-06-15,,Original: https://scontent.fjai6-1.fna.fbcdn.net/v/t39.35426-6/669821059_821178470484898_6642566744833029296_n.jpg?_nc_cat=106&ccb=1-7&_nc_sid=c53f8f&_nc_ohc=t0othb39z_cQ7kNvwH7isfC&_nc_oc=AdplyCvzdT9-iIontKouhM2SQrypFUa4WVwtbsHh13xfTaN028Wnc2SaJb5IHxuB0dCfIxQnxebmMRoyenQfqoKI&_nc_zt=14&_nc_ht=scontent.fjai6-1.fna&_nc_gid=ZvrLWA5I83ocyYhd-tcuUw&_nc_ss=7b289&oh=00_Af-DeSXv95vmf1O-qX_9U9XLR3zDFLle1hq0tEmttHeH9Q&oe=6A36DC3A | Resized: https://scontent.fjai6-1.fna.fbcdn.net/v/t39.35426-6/670128988_881842841567074_1715334851863697729_n.jpg?stp=dst-jpg_s600x600_tt6&_nc_cat=111&ccb=1-7&_nc_sid=c53f8f&_nc_ohc=mHc2VX-apB8Q7kNvwHETIzi&_nc_oc=AdofD5Gcg6aUiH8vKGTOLWsM12xJE3bu1Kg90yR9z5tbxfpdOmMGUvUUGU5-FPeYQox7Snrhs_UmyLDmLX-fX0XT&_nc_zt=14&_nc_ht=scontent.fjai6-1.fna&_nc_gid=ZvrLWA5I83ocyYhd-tcuUw&_nc_ss=7b289&oh=00_Af_0t0WPxH6C0UOvJlvo_1Lxhl7fzD5wGLawGEcSye2e1A&oe=6A36BE76,,,,,,
947991351611887,https://www.facebook.com/61578105211841/,fb.me,https://www.facebook.com/61578105211841/,,,,sales@namratamaverick.com,+91 90247 76600,,,,627807570425551,http://fb.me/,Namrata Maverick,https://www.facebook.com/ads/library/?id=947991351611887,"Premium Offices at Maverick by Namrata, JM Road
Commercial Property - From  ₹1.95 Cr*

📌 Project Details 
✅ Feature: 12-storey tower with 4-level parking
✅ Carpet Area Range: 436 – 1327 sq.ft.
✅ Parking: Robotic Car Parking (1 per unit) + Two-Wheeler spaces
✅ RERA Possession: December 2028
✅ Current Status: Basement Parking in progress

Secure Your Premier Office Space Today!",153,Get quote,fb.me,"FACEBOOK; INSTAGRAM",2026-06-13,2026-06-15,HD: https://video.fjai6-1.fna.fbcdn.net/o1/v/t2/f2/m366/AQOaO2-mw4BMLK-DivNI-WEAfVTPetpSd8dOiAE63zYGvdUhtUgCxMCsYQgzysqMScaBaoXWLzy7WYeb7IJ-eHUmyoe8oUscm4iInSX2h82MyA.mp4?_nc_cat=102&_nc_oc=AdoL-_YDhBq64MHO-eUgIOfd7OVipmXJCdSg2zKYDUtRmSTVjROnHOxlaBdPAfD_7s7h0hu4okKQkITapB6BCgaZ&_nc_sid=b66105&_nc_ht=video.fjai6-1.fna.fbcdn.net&_nc_ohc=ZnoDrfERCWYQ7kNvwHBeW4T&efg=eyJ2ZW5jb2RlX3RhZyI6Inhwdl9wcm9ncmVzc2l2ZS5WSV9VU0VDQVNFX1BST0RVQ1RfVFlQRS4uQzMuNzIwLmRhc2hfaDI2NC1iYXNpYy1nZW4yXzcyMHAiLCJ4cHZfYXNzZXRfaWQiOjEyMTE0MjYyNTc2NDMyOTAsImFzc2V0X2FnZV9kYXlzIjo5NCwidmlfdXNlY2FzZV9pZCI6MTA3OTksImR1cmF0aW9uX3MiOjUyLCJ1cmxnZW5fc291cmNlIjoid3d3In0%3D&ccb=17-1&vs=41c9c967c2bc4f02&_nc_vs=HBksFQIYRWZiX2VwaGVtZXJhbC82MTQ3NDE1NkRGNTFBNkRDRTA3MkJCMkY5MzVDRjY4OF9tdF8xX3ZpZGVvX2Rhc2hpbml0Lm1wNBUAAsgBEgAVAhhAZmJfcGVybWFuZW50LzYzNEUyMDZBMjA2QjFGNUVGN0MxNjFGREFBRkY0QTkwX2F1ZGlvX2Rhc2hpbml0Lm1wNBUCAsgBEgAoABgAGwKIB3VzZV9vaWwBMRJwcm9ncmVzc2l2ZV9yZWNpcGUBMRUAACa0nJH8pPKmBBUCKAJDMywXQEolP3ztkWgYGWRhc2hfaDI2NC1iYXNpYy1nZW4yXzcyMHARAHUAZd6oAQA&_nc_gid=ZvrLWA5I83ocyYhd-tcuUw&_nc_ss=7b289&_nc_zt=28&oh=00_Af9lEC_dxCA4UZdAB87HEkJ2l6IdgQQJqQTvbiQ0JdfX9Q&oe=6A36BEAA | SD: https://video.fjai6-1.fna.fbcdn.net/o1/v/t2/f2/m412/AQMuHXftA7yd6VDr4nGmtoSvActl4wshhGeMMXwHb1ZqGdT4wDOwPcepdqpS1SuU4zxnxjzsCUpNkFWgCv5k1O43XY5b8aayIvLvs6OdeQ.mp4?_nc_cat=107&_nc_oc=AdomTKIN4uDt_JmfpAXLFUdUYXZIY1b-OvTZjKVd6gRftmU-SHKP94ZDGYXb2D8hfPjsKk7HWl0eOIRxzxuQktXK&_nc_sid=ef5aa3&_nc_ht=video.fjai6-1.fna.fbcdn.net&_nc_ohc=dHMjASbR6rAQ7kNvwFmidBo&efg=eyJ2ZW5jb2RlX3RhZyI6Inhwdl9wcm9ncmVzc2l2ZS5WSV9VU0VDQVNFX1BST0RVQ1RfVFlQRS4uQzMuMzYwLnN2ZV9zZCIsInhwdl9hc3NldF9pZCI6MTIxMTQyNjI1NzY0MzI5MCwiYXNzZXRfYWdlX2RheXMiOjk0LCJ2aV91c2VjYXNlX2lkIjoxMDc5OSwiZHVyYXRpb25fcyI6NTIsInVybGdlbl9zb3VyY2UiOiJ3d3cifQ%3D%3D&ccb=17-1&_nc_gid=ZvrLWA5I83ocyYhd-tcuUw&_nc_ss=7b289&_nc_zt=28&oh=00_Af_Wu2eGqQnDL2GHNnr5fEKrBvFrjRpg2Wf34z4t1Xc_9Q&oe=6A36AF4B | Preview: https://scontent.fjai6-1.fna.fbcdn.net/v/t39.35426-6/668270561_1266909795509325_1109770289470675336_n.jpg?_nc_cat=102&ccb=1-7&_nc_sid=c53f8f&_nc_ohc=18jOwHmU0M8Q7kNvwHOFCSg&_nc_oc=AdoijfbiIn6jBLYE8yCPIEUBNWDqWvpDuwU1R9vsj7XgDS9a_G8LT322xU8CbJhASM6U3JAuoA1TTdnWtWVP7Lbv&_nc_zt=14&_nc_ht=scontent.fjai6-1.fna&_nc_gid=ZvrLWA5I83ocyYhd-tcuUw&_nc_ss=7b289&oh=00_Af-ext99mZaTTRAhrK4ndjr3Yl-WNAJ7RpmzPMT9ImvYgg&oe=6A36C7CC,,,,,,,
2633761910340304,https://www.facebook.com/Chaahathomesgurgaon/,fb.me,https://www.facebook.com/Chaahathomesgurgaon/,,,,chaahathomes@gmail.com,+91 92785 17777,,,,263342127407955,http://fb.me/,Chaahat Homes,https://www.facebook.com/ads/library/?id=2633761910340304,"✨ The Jewel of Noida is Here!
Premium retail shops in Sector 97, Noida with massive growth potential.
💰 Price Starts ₹35 Lacs | Easy 50:50 Plan
📞 Call Now: 9599-291-285
Limited Units Available!",18412,Get quote,fb.me,"FACEBOOK; INSTAGRAM",2026-03-15,2026-06-14,,Original: https://scontent.fjai6-1.fna.fbcdn.net/v/t39.35426-6/653947953_1487488816091396_5024890500112404374_n.jpg?_nc_cat=102&ccb=1-7&_nc_sid=c53f8f&_nc_ohc=38R0otbcBbAQ7kNvwFEANWP&_nc_oc=Adpw7_L4txYrhDzCZTLmYue8_9rEGr2tbkuqaSy0ats7gadLiqa6Co-8C2vwp5fe4a2QlLLt1YTBHW2adJKcvdXy&_nc_zt=14&_nc_ht=scontent.fjai6-1.fna&_nc_gid=yXnIyHDYZ1kHiY06pAiKmA&_nc_ss=7b289&oh=00_Af9VhtU6riM6ziYct2JCJYqRcHa1nPVZB_Uwlt8p47l3-Q&oe=6A36C6D8 | Resized: https://scontent.fjai6-1.fna.fbcdn.net/v/t39.35426-6/653806098_1271375661031984_3795989435632544322_n.jpg?stp=dst-jpg_s600x600_tt6&_nc_cat=103&ccb=1-7&_nc_sid=c53f8f&_nc_ohc=tTLZ5awV-yAQ7kNvwE7WHjb&_nc_oc=AdosFA-SN9M0vZxnVTX9bniN2gwR83myUi5PHHobkd4BbtvixwoO1rmmKCgjTnXU3iUoK9kwv95wb360t371rU5X&_nc_zt=14&_nc_ht=scontent.fjai6-1.fna&_nc_gid=yXnIyHDYZ1kHiY06pAiKmA&_nc_ss=7b289&oh=00_Af99RawQAVZIrcSie1YUIgwX5MAzSYNDOeCw9wVgQAQuwg&oe=6A36DECB,,,,,,
2045118753104812,https://www.facebook.com/www.99decor.in/,,https://www.facebook.com/www.99decor.in/,,,,info@99decor.in,+91 90361 23219,,,,1433981803332726,,99 Decor,https://www.facebook.com/ads/library/?id=2045118753104812,"Whether you are building your dream home or launching a major commercial project, trust 99 Decor to bring your vision to life. We are your one-stop solution for modern construction and premium interior designs.

What we offer:

✅ Modern Construction: Innovative and durable building practices.

✅ Premium Interior Solutions: Elegant designs tailored to your lifestyle.
✅ Quality Work: Uncompromising standards in every detail.
✅ On-Time Delivery: We value your time and meet our deadlines.

📍 Visit Us: 99 Group, Ramajee Complex, Memco More, Dhanbad
📞 Book Your Consultation: +91 7004366745 | +91 6204875425

#99Decor #HomeConstruction #InteriorDesign #DhanbadRealEstate #CommercialProjects #ModernArchitecture #PremiumInteriors #DreamHome #ConstructionCompany #OnTimeDelivery",1194,Get quote,,"FACEBOOK; INSTAGRAM; AUDIENCE_NETWORK",2026-06-06,2026-06-15,HD: https://video.fjai6-1.fna.fbcdn.net/o1/v/t2/f2/m366/AQPDuFfAR0plBHn3xDY51xyvCWPRNLC1ycnC5Lscn1naOM-nMjUPIWSiA0NTpc4qNqALMtA1waYMjYttRgI0NR_iDMNLLvbxIPfYVKLQn0llqg.mp4?_nc_cat=102&_nc_oc=AdpUKxIHxuqm5FQ9by0ioA-nmQtJSB3AXaGYbIJDHUlHEqtft8UCPKMzes4GRvR3ewIMhO5mfL1hqWAX4S9tw4Np&_nc_sid=b66105&_nc_ht=video.fjai6-1.fna.fbcdn.net&_nc_ohc=AuZMiXj58kkQ7kNvwGQDdeO&efg=eyJ2ZW5jb2RlX3RhZyI6Inhwdl9wcm9ncmVzc2l2ZS5WSV9VU0VDQVNFX1BST0RVQ1RfVFlQRS4uQzMuNzIwLmRhc2hfaDI2NC1iYXNpYy1nZW4yXzcyMHAiLCJ4cHZfYXNzZXRfaWQiOjIyMjIxODI1OTg1MjcwMjMsImFzc2V0X2FnZV9kYXlzIjozMywidmlfdXNlY2FzZV9pZCI6MTA3OTksImR1cmF0aW9uX3MiOjMxLCJ1cmxnZW5fc291cmNlIjoid3d3In0%3D&ccb=17-1&vs=e57200eb0d37c10a&_nc_vs=HBksFQIYRWZiX2VwaGVtZXJhbC82MzRDMEM5RTg4Q0U1Mzk5QzFCMjQwQUM3MDM0NjhCRV9tdF8xX3ZpZGVvX2Rhc2hpbml0Lm1wNBUAAsgBEgAVAhhAZmJfcGVybWFuZW50L0I5NDY3MjE1RTAyQjA2MUY0RTYzOTJGREU4ODI3QkExX2F1ZGlvX2Rhc2hpbml0Lm1wNBUCAsgBEgAoABgAGwKIB3VzZV9vaWwBMRJwcm9ncmVzc2l2ZV9yZWNpcGUBMRUAACbeoMrGhsTyBxUCKAJDMywXQD-iDEm6XjUYGWRhc2hfaDI2NC1iYXNpYy1nZW4yXzcyMHARAHUAZd6oAQA&_nc_gid=yXnIyHDYZ1kHiY06pAiKmA&_nc_ss=7b289&_nc_zt=28&oh=00_Af_rkO9gokW-R9KRnojPqqv0-uvBxVJO1oUsnd8LQCpdzQ&oe=6A36DD0E | SD: https://video.fjai6-1.fna.fbcdn.net/o1/v/t2/f2/m412/AQMVwljkBHYQ9I8hUJ0n65dwvmFcXs41Ae1L7TsNYkbaVV2zWHq-3-Qrbnh_sSLx2IHc8PC7f1KrAKW-QDx-YyjwGKeC79p29JtZn2VWuQ.mp4?_nc_cat=108&_nc_oc=AdoD9U1rqyp16q5fKVYWNGNRxP8L8KFOqmM3od6TLOIX6HVgc2T3BI9A6QiXRi9UU7VpuWbcrMTOJ7HjTtErkVR8&_nc_sid=ef5aa3&_nc_ht=video.fjai6-1.fna.fbcdn.net&_nc_ohc=7OnJ7163rwMQ7kNvwHEKHRP&efg=eyJ2ZW5jb2RlX3RhZyI6Inhwdl9wcm9ncmVzc2l2ZS5WSV9VU0VDQVNFX1BST0RVQ1RfVFlQRS4uQzMuMzYwLnN2ZV9zZCIsInhwdl9hc3NldF9pZCI6MjIyMjE4MjU5ODUyNzAyMywiYXNzZXRfYWdlX2RheXMiOjMzLCJ2aV91c2VjYXNlX2lkIjoxMDc5OSwiZHVyYXRpb25fcyI6MzEsInVybGdlbl9zb3VyY2UiOiJ3d3cifQ%3D%3D&ccb=17-1&_nc_gid=yXnIyHDYZ1kHiY06pAiKmA&_nc_ss=7b289&_nc_zt=28&oh=00_Af92ETS95DkWflpQwiEzsGU5-OEKryb7W79MbpYGb7d6Eg&oe=6A36B912 | Preview: https://scontent.fjai6-1.fna.fbcdn.net/v/t39.35426-6/715291319_2175961566530886_6025489928364432664_n.jpg?_nc_cat=107&ccb=1-7&_nc_sid=c53f8f&_nc_ohc=_tj8H19EynEQ7kNvwETeTsb&_nc_oc=Ado25XzoLE0dyLxpwXaXlifB-T7nCOEZ-IHxWicu49YOnoN2abIDPriqIpR4rnkngpwRNCLi2nqf94niDIhJrVX1&_nc_zt=14&_nc_ht=scontent.fjai6-1.fna&_nc_gid=yXnIyHDYZ1kHiY06pAiKmA&_nc_ss=7b289&oh=00_Af9laboHPSjb282hOzKuZeYT5pFXtk6J1CHqr918ZQ-qhA&oe=6A36AC87,,,,,,,
1653921809246018,https://www.facebook.com/ourikaestates/,fb.me,https://www.facebook.com/ourikaestates/,,,,info@aurikahomes.com,+91 99906 99027,,,,106391159210268,http://fb.me/,Aurika Homes,https://www.facebook.com/ads/library/?id=1653921809246018,"Premium East-Facing Plots in Bareilly
Prices starting from ₹65Lakhs
Approved by Bareilly Development Authority
Bank Loan Available | RERA Approved

✅ Integrated township with all modern amenities in Bareilly
✅ 4-star rated club
✅ Fully equipped gym
✅ 24×7 security with automated boom barriers and CCTV surveillance
✅ Children’s play area
✅ Yoga room
✅ Badminton court
✅ Theme-based parks and lush landscaping
✅ Green and serene surroundings
✅ Cricket pitch
✅ Banquet hall
✅ Two-side open plots
✅ Commercial project

📞 Call: +91 9911555509",13503,Book now,fb.me,"FACEBOOK; INSTAGRAM; AUDIENCE_NETWORK",2026-05-10,2026-06-15,,Original: https://scontent.fjai6-1.fna.fbcdn.net/v/t39.35426-6/698719676_1647246143232692_7081831299189260753_n.jpg?_nc_cat=109&ccb=1-7&_nc_sid=c53f8f&_nc_ohc=x2MxZcU2jCAQ7kNvwGmd0Eq&_nc_oc=AdrpkhLj7LO2HzZ5KB_psRMfKk5d-dNqS7bMgx_HDuTiPH3KNvocgx1hkn786cNdBl1tST-lJoNj3qd3TDmkf45e&_nc_zt=14&_nc_ht=scontent.fjai6-1.fna&_nc_gid=yXnIyHDYZ1kHiY06pAiKmA&_nc_ss=7b289&oh=00_Af9bC0P8ECB0y8vfCmdfwHNveNhZ7fmyAn8UlHBOe5d6Jg&oe=6A36D2C6 | Resized: https://scontent.fjai6-1.fna.fbcdn.net/v/t39.35426-6/696463722_1937273496993268_1697806706398452913_n.jpg?stp=dst-jpg_s600x600_tt6&_nc_cat=109&ccb=1-7&_nc_sid=c53f8f&_nc_ohc=Hh4Iy6Np0FoQ7kNvwFn_u4C&_nc_oc=AdpfB2XUR03nrylP2ObZJTFsFkleQ2zJLemiPnAxBUYZiEYyZsU8tcuGVq8rWGBFWWA2-DEyx2Xro1m_2-OTBzvE&_nc_zt=14&_nc_ht=scontent.fjai6-1.fna&_nc_gid=yXnIyHDYZ1kHiY06pAiKmA&_nc_ss=7b289&oh=00_Af9Nn0rX9fLwpTt3cpyqLxV9_07fmsQf5dZbM5AJtKJqNg&oe=6A36B0C3,,,,,,
1559982365691273,https://www.facebook.com/61566580640954/,fb.me,https://www.facebook.com/61566580640954/,,,,gina@himatefurniture.com,+852 5584 9601,,,,448465788345164,http://fb.me/,Himate Furniture,https://www.facebook.com/ads/library/?id=1559982365691273,"Looking for modern office furniture for your workspace or commercial project?

We provide office desks, chairs, meeting solutions, and custom workspace furniture for companies, contractors, and dealers.

Leave your inquiry to get catalog & quotation.",18647,Get quote,fb.me,"FACEBOOK; INSTAGRAM",2026-06-10,2026-06-13,HD: https://video.fjai6-1.fna.fbcdn.net/o1/v/t2/f2/m366/AQNoAv0YXDqHvLwAQdDx9M5PoISXS9F8V0aQG9X4-78bG8Ye3hdFmYG15uJnOdgviIvzHUj1bO8YEIicqBf4ypvSR1JZ2QghM7r9JN5HHqlRFA.mp4?_nc_cat=106&_nc_oc=AdoWBHu8jA-boi_IBJUc3LWde9qXO0bdTwhF0YXsmKoJecTidxpWNLd7rWQwaGMdQyu8KCtc_D60FHHh9wLZESa3&_nc_sid=b66105&_nc_ht=video.fjai6-1.fna.fbcdn.net&_nc_ohc=vPgQ4rR5w6IQ7kNvwHyspY9&efg=eyJ2ZW5jb2RlX3RhZyI6Inhwdl9wcm9ncmVzc2l2ZS5WSV9VU0VDQVNFX1BST0RVQ1RfVFlQRS4uQzMuNzIwLmRhc2hfaDI2NC1iYXNpYy1nZW4yXzcyMHAiLCJ4cHZfYXNzZXRfaWQiOjI0ODc0MjE2Mzk1NTk0NzQzLCJhc3NldF9hZ2VfZGF5cyI6MTk0LCJ2aV91c2VjYXNlX2lkIjoxMDc5OSwiZHVyYXRpb25fcyI6MTgsInVybGdlbl9zb3VyY2UiOiJ3d3cifQ%3D%3D&ccb=17-1&vs=f8820b5d2a288d06&_nc_vs=HBksFQIYRWZiX2VwaGVtZXJhbC84QjQxRjRGNzlCRTlFMkQwRjdFODI4REI3NjUwQ0JCMV9tdF8xX3ZpZGVvX2Rhc2hpbml0Lm1wNBUAAsgBEgAVAhhAZmJfcGVybWFuZW50LzEzNDE2Nzk1QjE5N0VGM0VDRTM3REE1NDlCMzhDNkJFX2F1ZGlvX2Rhc2hpbml0Lm1wNBUCAsgBEgAoABgAGwKIB3VzZV9vaWwBMRJwcm9ncmVzc2l2ZV9yZWNpcGUBMRUAACbu75qF-r2vWBUCKAJDMywXQDIIcrAgxJwYGWRhc2hfaDI2NC1iYXNpYy1nZW4yXzcyMHARAHUAZd6oAQA&_nc_gid=yXnIyHDYZ1kHiY06pAiKmA&_nc_ss=7b289&_nc_zt=28&oh=00_Af9tW-2wZ182raR_qNhqsFzS1QDU52ula6JEnKPc__H50Q&oe=6A36B696 | SD: https://video.fjai6-1.fna.fbcdn.net/o1/v/t2/f2/m412/AQPaNmBCOmnJrQwxWXGHFP2BW6NicLc5m22Zf1EGqMk0gcw5wL0YAUAWD5qZCEA8DMwVRS5A0fepdo7t8a8AxZyftTEG9J3eB2bNAGwcoA.mp4?_nc_cat=105&_nc_oc=AdrEdfxkmkKBc9Lfva0it7onrrUDRuKytBzADcM1p38MJ4cIdRn-dp2EszuVVj4z8ERIUjAdK6Qlcxv1Gpds_oDF&_nc_sid=ef5aa3&_nc_ht=video.fjai6-1.fna.fbcdn.net&_nc_ohc=Ag85SYFAOWcQ7kNvwHOJmgg&efg=eyJ2ZW5jb2RlX3RhZyI6Inhwdl9wcm9ncmVzc2l2ZS5WSV9VU0VDQVNFX1BST0RVQ1RfVFlQRS4uQzMuMzYwLnN2ZV9zZCIsInhwdl9hc3NldF9pZCI6MjQ4NzQyMTYzOTU1OTQ3NDMsImFzc2V0X2FnZV9kYXlzIjoxOTQsInZpX3VzZWNhc2VfaWQiOjEwNzk5LCJkdXJhdGlvbl9zIjoxOCwidXJsZ2VuX3NvdXJjZSI6Ind3dyJ9&ccb=17-1&_nc_gid=yXnIyHDYZ1kHiY06pAiKmA&_nc_ss=7b289&_nc_zt=28&oh=00_Af9B6DXivcR-d3umaMyMgJiT2LPhuBT9D9QEnEzFnuxltw&oe=6A36E0A5 | Preview: https://scontent.fjai6-1.fna.fbcdn.net/v/t39.35426-6/718361722_1730743428361142_2824859846377607845_n.jpg?_nc_cat=110&ccb=1-7&_nc_sid=c53f8f&_nc_ohc=Jmwjid_gbkUQ7kNvwGCKAva&_nc_oc=AdrpWLHhUMlJ3iGQkhJeQsFCkRg2QynSxgOU_c4MET2qSVT9FHeLdeic4B7Vks4hsiy1JidfXI3IN9wout5IexNZ&_nc_zt=14&_nc_ht=scontent.fjai6-1.fna&_nc_gid=yXnIyHDYZ1kHiY06pAiKmA&_nc_ss=7b289&oh=00_Af9c-spmhF6yGgFmsKmkggTzY2WZd-bm7aaaJZzPE0cYyQ&oe=6A36DE9F,,,,,,,
2589263231491800,https://www.facebook.com/OmPlyVeneer/,instagram.com,https://www.facebook.com/OmPlyVeneer/,https://www.instagram.com/_u/omplyandveneer,,,,+91 93996 20845,,,,441742995688408,https://www.instagram.com/_u/omplyandveneer,Om Ply & Veneer,https://www.facebook.com/ads/library/?id=2589263231491800,"Elevate your interiors with timeless elegance. ✨

Transform ordinary walls into statement pieces with premium fluted panels from OM Ply & Veneer. Crafted with exceptional quality, modern textures, and a luxurious finish, our collection is designed to bring sophistication to every space.

Whether it’s your home, office, or commercial project, create interiors that leave a lasting impression.

🏡 Premium Quality
✨ Elegant Designs
🎯 Perfect Finish

Because great interiors begin with the right choice.

#OMPlyAndVeneer #LuxuryInteriors #FlutedPanels #InteriorDesign #ModernSpaces",1673,Visit Instagram profile,www.instagram.com,INSTAGRAM,2026-06-12,2026-06-15,HD: https://video.fjai6-1.fna.fbcdn.net/o1/v/t2/f2/m366/AQPaXZWjCkIztaAqiCFBlWnwF05ChX1MWMZ4nFZU1uKUGnbC-dlRFRzOqFWqXfEhnsRLzN0Ccr7uYTHwq5CDPSlhKVkvlaIA6J87M9qp8XNzKA.mp4?_nc_cat=109&_nc_oc=AdoBuWK3tFKgfKIf1dU-yl9VcMsMY7ukNEWA-QKmXSFFVdT-dDZBwi55NebagfZ6wxWKCoa7KF9XBGFiKDpiVrMt&_nc_sid=b66105&_nc_ht=video.fjai6-1.fna.fbcdn.net&_nc_ohc=0WLgANElYMsQ7kNvwHX7NBk&efg=eyJ2ZW5jb2RlX3RhZyI6Inhwdl9wcm9ncmVzc2l2ZS5WSV9VU0VDQVNFX1BST0RVQ1RfVFlQRS4uQzMuNzIwLmRhc2hfaDI2NC1iYXNpYy1nZW4yXzcyMHAiLCJ4cHZfYXNzZXRfaWQiOjk5OTk0MTg0Mjc3MTc3NCwiYXNzZXRfYWdlX2RheXMiOjQsInZpX3VzZWNhc2VfaWQiOjEwMTM5LCJkdXJhdGlvbl9zIjoyOCwidXJsZ2VuX3NvdXJjZSI6Ind3dyJ9&ccb=17-1&vs=2c9c76892a5142d0&_nc_vs=HBksFQIYRWZiX2VwaGVtZXJhbC8zMjREMzZFNjE0MjEzRTQ2OTdGRUM0MjVFNjg4RURCRl9tdF8xX3ZpZGVvX2Rhc2hpbml0Lm1wNBUAAsgBEgAVAhhAZmJfcGVybWFuZW50LzBGNEI3MkQ2MEU4RUNDRTVCMkJFOUREMzE3M0M2OUJBX2F1ZGlvX2Rhc2hpbml0Lm1wNBUCAsgBEgAoABgAGwKIB3VzZV9vaWwBMRJwcm9ncmVzc2l2ZV9yZWNpcGUBMRUAACb8_Kylo9zGAxUCKAJDMywXQDyZmZmZmZoYGWRhc2hfaDI2NC1iYXNpYy1nZW4yXzcyMHARAHUAZbaeAQA&_nc_gid=yXnIyHDYZ1kHiY06pAiKmA&_nc_ss=7b289&_nc_zt=28&oh=00_Af_ITqRuG3TNedKdrA00nedm6meAi7nnYspXI4EQJFg3jQ&oe=6A36C95B | SD: https://video.fjai6-1.fna.fbcdn.net/o1/v/t2/f2/m412/AQPo-sWwpPIW_SA6TMYcYlMSFQ8ZS_n_hy1_dM-kMWVOI9hed5HnaLyqNMOcbwikDzrk4V5rIyowGmw515hu02_bpxgEmgI3zGIK74pSbA.mp4?_nc_cat=109&_nc_oc=AdpKhqJpLG_Buog25uMngI6HXyHk7yQEauq64ETmxhzXTQnRCSk6pIQnskGJQ1xT5uOXGNJSWSS3DmfwGBZkGxEL&_nc_sid=ef5aa3&_nc_ht=video.fjai6-1.fna.fbcdn.net&_nc_ohc=uRzmySMQp2gQ7kNvwFdvANA&efg=eyJ2ZW5jb2RlX3RhZyI6Inhwdl9wcm9ncmVzc2l2ZS5WSV9VU0VDQVNFX1BST0RVQ1RfVFlQRS4uQzMuMzYwLnN2ZV9zZCIsInhwdl9hc3NldF9pZCI6OTk5OTQxODQyNzcxNzc0LCJhc3NldF9hZ2VfZGF5cyI6NCwidmlfdXNlY2FzZV9pZCI6MTAxMzksImR1cmF0aW9uX3MiOjI4LCJ1cmxnZW5fc291cmNlIjoid3d3In0%3D&ccb=17-1&_nc_gid=yXnIyHDYZ1kHiY06pAiKmA&_nc_ss=7b289&_nc_zt=28&oh=00_Af8VO3tbUevFfmpXwj2rb4jhVnVbRqHDY2IGlt9S-hXXow&oe=6A36C125 | Preview: https://scontent.fjai6-1.fna.fbcdn.net/v/t39.35426-6/722408796_2509201706263495_2338150660368568186_n.jpg?_nc_cat=100&ccb=1-7&_nc_sid=c53f8f&_nc_ohc=HEpY6DUpbpsQ7kNvwGDHWF2&_nc_oc=AdpScK6z6eTzr7Avo6rF7ybUQZEUpxcpMnyaseqlWSxNseFMRviDaz6u9UvQ1-r5icejGAmM3Dk8a2k3yQkIgFWx&_nc_zt=14&_nc_ht=scontent.fjai6-1.fna&_nc_gid=yXnIyHDYZ1kHiY06pAiKmA&_nc_ss=7b289&oh=00_Af8Zt2qPRqnwgIX4HNj6sAPDRakL4C2PIQrBAL1i1hjR7w&oe=6A36B142,,,,,,,
26978555318448240,https://www.facebook.com/omaxedwarka19/,fb.me,https://www.facebook.com/omaxedwarka19/,,,,sales@omaxemalldwarka.com,+91 92509 33111,,,,287499021118515,http://fb.me/,Omaxē Developer,https://www.facebook.com/ads/library/?id=26978555318448240,"BOOK RETAIL SHOPS NEXT TO ICC APPROVED CRICKET STADIUM. 𝐒𝐞𝐜𝐮𝐫𝐞 𝐋𝐢𝐟𝐞𝐭𝐢𝐦𝐞 𝐌𝐨𝐧𝐭𝐡𝐥𝐲 Rental Source.

𝐎𝐰𝐧 𝐚 𝐩𝐫𝐞𝐦𝐢𝐮𝐦 𝐢𝐧𝐜𝐨𝐦𝐞-𝐠𝐞𝐧𝐞𝐫𝐚𝐭𝐢𝐧𝐠 𝐚𝐬𝐬𝐞𝐭 𝐢𝐧 𝐃𝐞𝐥𝐡𝐢’𝐬 𝐧𝐞𝐱𝐭 𝐜𝐨𝐦𝐦𝐞𝐫𝐜𝐢𝐚𝐥 𝐥𝐚𝐧𝐝𝐦𝐚𝐫𝐤
📍 The Omaxe State, Sector 19B Dwarka (Opp. Bharat Vandana Park)

𝐋𝐢𝐦𝐢𝐭𝐞𝐝 𝐈𝐧𝐯𝐞𝐧𝐭𝐨𝐫𝐲 𝐀𝐯𝐚𝐢𝐥𝐚𝐛𝐥𝐞
Don’t miss this opportunity to build lifetime rental income
📞 Call Now: +91-9250933111
📍 Site Visit: Sector 19B, Dwarka, New Delhi
  RERA Reg. No.: DLRERA2024P00031",490,Book now,fb.me,"FACEBOOK; INSTAGRAM; AUDIENCE_NETWORK",2026-05-27,2026-06-15,,,"BOOK RETAIL SHOPS NEXT TO ICC APPROVED CRICKET STADIUM. 𝐒𝐞𝐜𝐮𝐫𝐞 𝐋𝐢𝐟𝐞𝐭𝐢𝐦𝐞 𝐌𝐨𝐧𝐭𝐡𝐥𝐲 Rental Source.

𝐎𝐰𝐧 𝐚 𝐩𝐫𝐞𝐦𝐢𝐮𝐦 𝐢𝐧𝐜𝐨𝐦𝐞-𝐠𝐞𝐧𝐞𝐫𝐚𝐭𝐢𝐧𝐠 𝐚𝐬𝐬𝐞𝐭 𝐢𝐧 𝐃𝐞𝐥𝐡𝐢’𝐬 𝐧𝐞𝐱𝐭 𝐜𝐨𝐦𝐦𝐞𝐫𝐜𝐢𝐚𝐥 𝐥𝐚𝐧𝐝𝐦𝐚𝐫𝐤
📍 The Omaxe State, Sector 19B Dwarka (Opp. Bharat Vandana Park)

𝐋𝐢𝐦𝐢𝐭𝐞𝐝 𝐈𝐧𝐯𝐞𝐧𝐭𝐨𝐫𝐲 𝐀𝐯𝐚𝐢𝐥𝐚𝐛𝐥𝐞
Don’t miss this opportunity to build lifetime rental income
📞 Call Now: +91-9250933111
📍 Site Visit: Sector 19B, Dwarka, New Delhi
  RERA Reg. No.: DLRERA2024P00031 || BOOK RETAIL SHOPS NEXT TO ICC APPROVED CRICKET STADIUM. 𝐒𝐞𝐜𝐮𝐫𝐞 𝐋𝐢𝐟𝐞𝐭𝐢𝐦𝐞 𝐌𝐨𝐧𝐭𝐡𝐥𝐲 Rental Source.

𝐎𝐰𝐧 𝐚 𝐩𝐫𝐞𝐦𝐢𝐮𝐦 𝐢𝐧𝐜𝐨𝐦𝐞-𝐠𝐞𝐧𝐞𝐫𝐚𝐭𝐢𝐧𝐠 𝐚𝐬𝐬𝐞𝐭 𝐢𝐧 𝐃𝐞𝐥𝐡𝐢’𝐬 𝐧𝐞𝐱𝐭 𝐜𝐨𝐦𝐦𝐞𝐫𝐜𝐢𝐚𝐥 𝐥𝐚𝐧𝐝𝐦𝐚𝐫𝐤
📍 The Omaxe State, Sector 19B Dwarka (Opp. Bharat Vandana Park)

𝐋𝐢𝐦𝐢𝐭𝐞𝐝 𝐈𝐧𝐯𝐞𝐧𝐭𝐨𝐫𝐲 𝐀𝐯𝐚𝐢𝐥𝐚𝐛𝐥𝐞
Don’t miss this opportunity to build lifetime rental income
📞 Call Now: +91-9250933111
📍 Site Visit: Sector 19B, Dwarka, New Delhi
  RERA Reg. No.: DLRERA2024P00031 || BOOK RETAIL SHOPS NEXT TO ICC APPROVED CRICKET STADIUM. 𝐒𝐞𝐜𝐮𝐫𝐞 𝐋𝐢𝐟𝐞𝐭𝐢𝐦𝐞 𝐌𝐨𝐧𝐭𝐡𝐥𝐲 Rental Source.

𝐎𝐰𝐧 𝐚 𝐩𝐫𝐞𝐦𝐢𝐮𝐦 𝐢𝐧𝐜𝐨𝐦𝐞-𝐠𝐞𝐧𝐞𝐫𝐚𝐭𝐢𝐧𝐠 𝐚𝐬𝐬𝐞𝐭 𝐢𝐧 𝐃𝐞𝐥𝐡𝐢’𝐬 𝐧𝐞𝐱𝐭 𝐜𝐨𝐦𝐦𝐞𝐫𝐜𝐢𝐚𝐥 𝐥𝐚𝐧𝐝𝐦𝐚𝐫𝐤
📍 The Omaxe State, Sector 19B Dwarka (Opp. Bharat Vandana Park)

𝐋𝐢𝐦𝐢𝐭𝐞𝐝 𝐈𝐧𝐯𝐞𝐧𝐭𝐨𝐫𝐲 𝐀𝐯𝐚𝐢𝐥𝐚𝐛𝐥𝐞
Don’t miss this opportunity to build lifetime rental income
📞 Call Now: +91-9250933111
📍 Site Visit: Sector 19B, Dwarka, New Delhi
  RERA Reg. No.: DLRERA2024P00031",http://fb.me/ || http://fb.me/ || http://fb.me/,,Book Now || Book Now || Book Now,Original: https://scontent.fjai6-1.fna.fbcdn.net/v/t39.35426-6/707678759_1519600243241086_833488318987316933_n.jpg?_nc_cat=101&ccb=1-7&_nc_sid=c53f8f&_nc_ohc=P_eRiKOFUQkQ7kNvwHGTLRL&_nc_oc=Adoxo3gDALRKCy8sJUL512lTYvucNtTNhrYiF5Wj54yX0hc2hZv58cH1jop_YqQIaFo8TMq-ChnyjB1Ds4OzvE5_&_nc_zt=14&_nc_ht=scontent.fjai6-1.fna&_nc_gid=yXnIyHDYZ1kHiY06pAiKmA&_nc_ss=7b289&oh=00_Af_tZpXYI9NKwwh8tfaKwWXhwTBYtMRTH7Y-jxPq-wNaOQ&oe=6A36BC8B | Resized: https://scontent.fjai6-1.fna.fbcdn.net/v/t39.35426-6/710159383_1545752503583207_7167380949982811183_n.jpg?stp=dst-jpg_s600x600_tt6&_nc_cat=103&ccb=1-7&_nc_sid=c53f8f&_nc_ohc=RybTWz8FFQYQ7kNvwH5EF-m&_nc_oc=Ado2TA9_XjoldJdohdv5ETs8WQFRyqAANx5Camsak_spmXlrT7GR9stG6uFqdx5mYOCd3pN83Y1Ejf10yocaoZPY&_nc_zt=14&_nc_ht=scontent.fjai6-1.fna&_nc_gid=yXnIyHDYZ1kHiY06pAiKmA&_nc_ss=7b289&oh=00_Af8uElHtb5RtzCYTkbkiKI-2NMGtWdn00VdVVOKxrmJC6g&oe=6A36C9CB || Original: https://scontent.fjai6-1.fna.fbcdn.net/v/t39.35426-6/707634075_1746977919802569_4568094512327295383_n.jpg?_nc_cat=105&ccb=1-7&_nc_sid=c53f8f&_nc_ohc=ow3ZnY35Sg8Q7kNvwGYmFV-&_nc_oc=AdrsFZVA0LImyNzyhltT19JaJ4EAhxfdNzKo5I3ba78_CsQgYpDZqV5VEDK24Mu1UmJ67x1BkW8fUYZJ84IEQJ8y&_nc_zt=14&_nc_ht=scontent.fjai6-1.fna&_nc_gid=yXnIyHDYZ1kHiY06pAiKmA&_nc_ss=7b289&oh=00_Af9lCcwzfvWsKVDuYfHWV_mKoq_pRZ8wCOIivVISjJAuhQ&oe=6A36E073 | Resized: https://scontent.fjai6-1.fna.fbcdn.net/v/t39.35426-6/708068741_3641152506049277_1486220727191967719_n.jpg?stp=dst-jpg_s600x600_tt6&_nc_cat=105&ccb=1-7&_nc_sid=c53f8f&_nc_ohc=QCiW5JWVIHUQ7kNvwFzjIzQ&_nc_oc=AdrI77SE0yWXa5W_cZwI_o-flnTjVVzZOz6cc4twX9Y2Qfc-NNJ9hlWbXUJVwKCLFpQHAaA4sv7DaT0foxXQpVVZ&_nc_zt=14&_nc_ht=scontent.fjai6-1.fna&_nc_gid=yXnIyHDYZ1kHiY06pAiKmA&_nc_ss=7b289&oh=00_Af-ihH5CYA3AxHkgoSReXU5O74y7L2FC-sCLlOx32UFAmw&oe=6A36D14F || Original: https://scontent.fjai6-1.fna.fbcdn.net/v/t39.35426-6/707713407_976003988514272_7086410237434845713_n.jpg?_nc_cat=109&ccb=1-7&_nc_sid=c53f8f&_nc_ohc=QdmPtXmXV9YQ7kNvwHOqXTw&_nc_oc=AdpyWiynhR5WFHaBCFcIGXkhm1LGqac5lobRop46kL6P51H-ziXtg-DY7OaI511HVNM2_98cB8gNWeo7T4p5dUWf&_nc_zt=14&_nc_ht=scontent.fjai6-1.fna&_nc_gid=yXnIyHDYZ1kHiY06pAiKmA&_nc_ss=7b289&oh=00_Af9uRwuPFJdwM7ILgwLtQMXCtapxOLVpAjADaiKI-q8O2Q&oe=6A36CC9D | Resized: https://scontent.fjai6-1.fna.fbcdn.net/v/t39.35426-6/708052919_968371552678294_3913939153232485102_n.jpg?stp=dst-jpg_s600x600_tt6&_nc_cat=104&ccb=1-7&_nc_sid=c53f8f&_nc_ohc=wcBlrl36GgkQ7kNvwGW1TAu&_nc_oc=AdrPYr8r88hgiqxW13cn1I_9zU_IEQORgR3nvOKWOFeFvIEL3cSMV5Kp4R6dFsD1Z51a0EtcXaR0Wr4ebhIyL4bw&_nc_zt=14&_nc_ht=scontent.fjai6-1.fna&_nc_gid=yXnIyHDYZ1kHiY06pAiKmA&_nc_ss=7b289&oh=00_Af_Qn9u-kecb_WkQYcw4chBEKI94m66e-aBaGmJtqw9RDg&oe=6A36D5D2,
981539514285837,https://www.instagram.com/_u/welcometothane,api.whatsapp.com,https://www.instagram.com/_u/welcometothane,,,,,,,,,101820331192842,https://api.whatsapp.com/send,welcometothane,https://www.facebook.com/ads/library/?id=981539514285837,"🚨 THANE ROAD NO. 16, WAGLE ESTATE – PREMIUM COMMERCIAL SPACES AVAILABLE! 🚨
Looking for a premium commercial property in one of Thane's most established business destinations?

📞 Call Now for Site Visit 9324741069

🏢 Premium Office Spaces
📐 800 Sq.Ft. to 15,000+ Sq.Ft.
🔗 Jodi Units Available
⏳ Possession Within 6 Months
📍 Prime Location – Road No. 16, Wagle Estate, Thane
💼 Perfect for Corporate Offices, Businesses & Investors
📈 Excellent Growth & Rental Income Potential

💰 Starting From ₹2 Crore

⚠️ LAST 35 UNITS LEFT!
Grab this opportunity to own a premium commercial space in Thane's thriving business district.

#WagleEstate #RoadNo16Thane #CommercialPropertyThane #OfficeSpaceForSale #CommercialInvestment ThaneBusinessHub PremiumOfficeSpace CorporateOffice BusinessSpace CommercialRealEstate InvestmentOpportunity OfficeForSale ThaneProperty GharJunction",,Send WhatsApp message,api.whatsapp.com,"FACEBOOK; INSTAGRAM; AUDIENCE_NETWORK; MESSENGER; WHATSAPP",2026-06-03,2026-06-14,HD: https://video.fjai6-1.fna.fbcdn.net/o1/v/t2/f2/m367/AQNTCdKq3h_qN4dJTjNF8fdewLlYM5AjfRvdlUNQy2MOBco9GuJ1IhnzSocPM8XeFEWxxEiakp-MkdxFM903K_h1uIoxe9IA-rO4wgFIng.mp4?_nc_cat=110&_nc_oc=Adr7Vt9tu57lAGN73XbaQ-u2OTpjBJ4-JLfTZzF4hO0HLhQxsx48VFWPvQDWG9qOyVaYIZsl266LWOl3C8umYa9H&_nc_sid=ef5aa3&_nc_ht=video.fjai6-1.fna.fbcdn.net&_nc_ohc=pV8TCJJQO3UQ7kNvwH6V_Bj&efg=eyJ2ZW5jb2RlX3RhZyI6Inhwdl9wcm9ncmVzc2l2ZS5WSV9VU0VDQVNFX1BST0RVQ1RfVFlQRS4uQzMuNzIwLnByb2dyZXNzaXZlX2gyNjQtYmFzaWMtZ2VuMl83MjBwIiwieHB2X2Fzc2V0X2lkIjo4MjgzMjUwOTY3MDQwNTcsImFzc2V0X2FnZV9kYXlzIjoxNiwidmlfdXNlY2FzZV9pZCI6MTAwOTksImR1cmF0aW9uX3MiOjYxLCJ1cmxnZW5fc291cmNlIjoid3d3In0%3D&ccb=17-1&_nc_gid=qE723hoJaMcaHWF5hlg4KA&_nc_ss=7b289&_nc_zt=28&oh=00_Af9xI1RHdmkHlIU7GH1D3FT5utoYRC5nq-dJnI8cCAGXVQ&oe=6A36B378 | SD: https://video.fjai6-1.fna.fbcdn.net/o1/v/t2/f2/m367/AQPCR6RI9BN_0Wp-NqdWz6yRkI58l8fAbsm3fglsq5KsQKjM-Cuzge0VAKon5L6ezWJ9E0N2leIALZEJzq1TwS77YnrKIZrtJfx00BIfZA.mp4?_nc_cat=103&_nc_oc=AdppTQd6YZaP6MoxV148CvQpFmfvlas0EXJ2EAjagCE6rtT5gZvTjYaqLcQ98Hk5X2mzxFi_WtMIcqywH0DeIRmt&_nc_sid=ef5aa3&_nc_ht=video.fjai6-1.fna.fbcdn.net&_nc_ohc=mfJbhdqVma8Q7kNvwEuOm4t&efg=eyJ2ZW5jb2RlX3RhZyI6Inhwdl9wcm9ncmVzc2l2ZS5WSV9VU0VDQVNFX1BST0RVQ1RfVFlQRS4uQzMuMzYwLnByb2dyZXNzaXZlX2gyNjQtYmFzaWMtZ2VuMl8zNjBwIiwieHB2X2Fzc2V0X2lkIjo4MjgzMjUwOTY3MDQwNTcsImFzc2V0X2FnZV9kYXlzIjoxNiwidmlfdXNlY2FzZV9pZCI6MTAwOTksImR1cmF0aW9uX3MiOjYxLCJ1cmxnZW5fc291cmNlIjoid3d3In0%3D&ccb=17-1&_nc_gid=qE723hoJaMcaHWF5hlg4KA&_nc_ss=7b289&_nc_zt=28&oh=00_Af86110ZSpV-jaCgJ0TLqxt38t6eG6_6qUOCKwRmGAwbHw&oe=6A36B167 | Preview: https://scontent.fjai6-1.fna.fbcdn.net/v/t39.35426-6/712228038_1000011912609415_9199701808633812226_n.jpg?_nc_cat=110&ccb=1-7&_nc_sid=c53f8f&_nc_ohc=5Yhg1V2sQBYQ7kNvwFENk64&_nc_oc=AdpaH4Lh3-HbVyvhbMbJNgWv8obko2xOy3WaPAg-0lpyOM92wxJ-7EbvZQ-CxrYkfcdtr4o3-Lr_Jqxg7iY54jnt&_nc_zt=14&_nc_ht=scontent.fjai6-1.fna&_nc_gid=qE723hoJaMcaHWF5hlg4KA&_nc_ss=7b289&oh=00_Af8QyoMTbRXiUkmlPTBo0oDS4PdiKlSzJd05vruNmNWT0g&oe=6A36BC6D,,,,,,,
1699356374445405,https://www.facebook.com/61565086097081/,api.whatsapp.com,https://www.facebook.com/61565086097081/,,,,sunily2105@gmail.com,+91 98288 80047,,,,442246925633354,https://api.whatsapp.com/send,Yaduvanshi property ,https://www.facebook.com/ads/library/?id=1699356374445405,"🏢 NH-48 Ajmer Highway par Commercial Plot ka Best Investment Opportunity!
📍 RAJDHARA ECO PARK – Mokampura, Ajmer Road
✅ Govt. Approved Project
✅ 360 Ft Highway Frontage
✅ 50 Ft Internal Roads
✅ Water • Electricity • Solar Lights
💰 Starting Just ₹12-13 Lakh
📞 9772296269",27,Send WhatsApp message,api.whatsapp.com,"FACEBOOK; INSTAGRAM; AUDIENCE_NETWORK",2026-06-13,2026-06-15,HD: https://video.fjai6-1.fna.fbcdn.net/o1/v/t2/f2/m366/AQOmr6XvZWRAkKZho30uKDdqWu0y-cxmv9Ti-wTgw_0mxC0M-z2dGXfsDh7EZLhPZCghpbUlWtZSMzRfRV_M0Tcgd4sJHYG0AWfCrGzKPcFXTA.mp4?_nc_cat=101&_nc_oc=AdpjW3QrtvuHoa_j-rUYmGZEJxdJGIHZdsQugYxhE2hFETEdUUvKbHAlVoTpYdS3G-GTq1CpRfkrwOWuqWXKDiRE&_nc_sid=b66105&_nc_ht=video.fjai6-1.fna.fbcdn.net&_nc_ohc=KxHqlBFJUUkQ7kNvwFKqeRN&efg=eyJ2ZW5jb2RlX3RhZyI6Inhwdl9wcm9ncmVzc2l2ZS5WSV9VU0VDQVNFX1BST0RVQ1RfVFlQRS4uQzMuNzIwLmRhc2hfaDI2NC1iYXNpYy1nZW4yXzcyMHAiLCJ4cHZfYXNzZXRfaWQiOjI3MDQ0NzAyOTc4NDczODg3LCJhc3NldF9hZ2VfZGF5cyI6MTMsInZpX3VzZWNhc2VfaWQiOjEwNzk5LCJkdXJhdGlvbl9zIjozMCwidXJsZ2VuX3NvdXJjZSI6Ind3dyJ9&ccb=17-1&vs=8256029f5d29b356&_nc_vs=HBksFQIYRWZiX2VwaGVtZXJhbC83MDQyRkQwQjM4RUU2OTZENjNDM0I2NzUyMUEzNzRBQV9tdF8xX3ZpZGVvX2Rhc2hpbml0Lm1wNBUAAsgBEgAVAhhAZmJfcGVybWFuZW50LzI4NEY2ODc1QkEzN0MxQkI2QTFBNjU2NzU2REM1MDk1X2F1ZGlvX2Rhc2hpbml0Lm1wNBUCAsgBEgAoABgAGwKIB3VzZV9vaWwBMRJwcm9ncmVzc2l2ZV9yZWNpcGUBMRUAACa-_rOh88CKYBUCKAJDMywXQD7rhR64UewYGWRhc2hfaDI2NC1iYXNpYy1nZW4yXzcyMHARAHUAZd6oAQA&_nc_gid=qE723hoJaMcaHWF5hlg4KA&_nc_ss=7b289&_nc_zt=28&oh=00_Af-w0rKLAoPazUfjVsuuN801XEnea-omPXwbbC1FvSFCcA&oe=6A36BC8F | SD: https://video.fjai6-1.fna.fbcdn.net/o1/v/t2/f2/m412/AQPJDPyGbqcc2CdyXhdbnLBZqSDYXMiKy9dOVFbtBG9Gp9mmm_heHOSDsOt_XrkFKaKjANul1zwDS1h9OsNcKbCgDprSiUx_h9JSEx8EDg.mp4?_nc_cat=106&_nc_oc=AdpH6ACWiW21XVqNe0NVA7WZoqKsBRZclA8fxFzJg-eb21B36nt1R52wiRjLEy6AyfnKze5DHKIfeAxYE0In5YEF&_nc_sid=ef5aa3&_nc_ht=video.fjai6-1.fna.fbcdn.net&_nc_ohc=PJPM7icrYZQQ7kNvwFpBZVQ&efg=eyJ2ZW5jb2RlX3RhZyI6Inhwdl9wcm9ncmVzc2l2ZS5WSV9VU0VDQVNFX1BST0RVQ1RfVFlQRS4uQzMuMzYwLnN2ZV9zZCIsInhwdl9hc3NldF9pZCI6MjcwNDQ3MDI5Nzg0NzM4ODcsImFzc2V0X2FnZV9kYXlzIjoxMywidmlfdXNlY2FzZV9pZCI6MTA3OTksImR1cmF0aW9uX3MiOjMwLCJ1cmxnZW5fc291cmNlIjoid3d3In0%3D&ccb=17-1&_nc_gid=qE723hoJaMcaHWF5hlg4KA&_nc_ss=7b289&_nc_zt=28&oh=00_Af8NzOQmIEP0mEpV0oXs8zTpiWMcUAxm6CNFy2N13G8vzA&oe=6A36D5B8 | Preview: https://scontent.fjai6-1.fna.fbcdn.net/v/t39.35426-6/723607638_36505474172432452_4433044621768626582_n.jpg?_nc_cat=105&ccb=1-7&_nc_sid=c53f8f&_nc_ohc=iGm9_-ICBI0Q7kNvwFAvegN&_nc_oc=AdoFq1juEbGHqcSrRax6Gz266TGKAP20g50FynU5HcNFj_DEKx8nhIkDusiJiS2jBhYit-dvunCo2uK8T7tEu9ag&_nc_zt=14&_nc_ht=scontent.fjai6-1.fna&_nc_gid=qE723hoJaMcaHWF5hlg4KA&_nc_ss=7b289&oh=00_Af_Y7G6L5X0sjk5lrpx3xpM0jBcBT4KzKnt6dXHPPrUpjg&oe=6A36E36B,,,,,,,
1006280405077749,https://www.facebook.com/61578620103480/,fb.me,https://www.facebook.com/61578620103480/,,,,admin@jindalalfatechrealty.com,+91 92110 47570,,,,670256046178801,http://fb.me/,Jindal Alfatech Realty,https://www.facebook.com/ads/library/?id=1006280405077749,"🚨 Good News for Investors & Business Owners! 🚨

Greater Noida ke commercial market mein ek aur bada launch!
KB Group lekar aaye hain apna naya commercial project — KB Centre 📍 CHI 5 Gol Chakkar ke saamne.

✅ RERA Approved Project
✅ Approx. 4 Acre Commercial Development
✅ Double Basement Parking
✅ Retail Shops, Food Court & Studio Apartments
✅ Prime Location Advantage

KB Group ne pehle bhi successful commercial projects deliver kiye hain, aur ab pre-launch booking shuru ho chuki hai. Limited inventory available hai.

📞 Site visit aur booking details ke liye abhi contact karein.",25,Get quote,fb.me,"FACEBOOK; INSTAGRAM",2026-05-26,2026-06-15,HD: https://video.fjai6-1.fna.fbcdn.net/o1/v/t2/f2/m366/AQO4h_mWTM8yVTxmPdaSfb8-6IdlSInyVgp-ME8tFo89iQC6NmemdpnAuuc0OAsEvNZT8_NZDNhQhNoi_nzZnUzZcebTHY8dbwzGtI6LtCSMig.mp4?_nc_cat=110&_nc_oc=AdrvmxWuUtmYCD1t8-qbG6pNgCzXD9eCSDnV9ulyobaxzghbnCV5MOisLj6Vm-k0Us9sYYkw_dyudBXwmuvbuD9W&_nc_sid=b66105&_nc_ht=video.fjai6-1.fna.fbcdn.net&_nc_ohc=ZSSXk4OCNSYQ7kNvwEZHMbM&efg=eyJ2ZW5jb2RlX3RhZyI6Inhwdl9wcm9ncmVzc2l2ZS5WSV9VU0VDQVNFX1BST0RVQ1RfVFlQRS4uQzMuNzIwLmRhc2hfaDI2NC1iYXNpYy1nZW4yXzcyMHAiLCJ4cHZfYXNzZXRfaWQiOjk3Mjg5MzMwMjE5NjU3OSwiYXNzZXRfYWdlX2RheXMiOjIwLCJ2aV91c2VjYXNlX2lkIjoxMDc5OSwiZHVyYXRpb25fcyI6NzIsInVybGdlbl9zb3VyY2UiOiJ3d3cifQ%3D%3D&ccb=17-1&vs=d40a5113d3f69cb3&_nc_vs=HBksFQIYRWZiX2VwaGVtZXJhbC84NjRBNkVBQ0YzNjAzMEU4NTZEREUzQTc4NEU2RUE4Q19tdF8xX3ZpZGVvX2Rhc2hpbml0Lm1wNBUAAsgBEgAVAhhAZmJfcGVybWFuZW50Lzk0NDdEM0MxRjgxNTVFODZBMUJGOTY1RjcxQTlCN0FBX2F1ZGlvX2Rhc2hpbml0Lm1wNBUCAsgBEgAoABgAGwKIB3VzZV9vaWwBMRJwcm9ncmVzc2l2ZV9yZWNpcGUBMRUAACbGpfT667W6AxUCKAJDMywXQFI7tkWhysEYGWRhc2hfaDI2NC1iYXNpYy1nZW4yXzcyMHARAHUAZd6oAQA&_nc_gid=2ugfQdvPqVUqZRrOfZ4EtA&_nc_ss=7b289&_nc_zt=28&oh=00_Af9jkmR9gfUApoDERKFSEIBjB_v2jm4vZK3Njmx45Ln12g&oe=6A36C756 | SD: https://video.fjai6-1.fna.fbcdn.net/o1/v/t2/f2/m412/AQOGlhYrna4Y4jGWIaFFIqd6yrYT8rrmX8x1E6gO7yWjxGNRaki5DgZ5ZmI1bfkZC0izI01zedqze79eeSk5l8mmYc8s_KrMGSi0ymXqBg.mp4?_nc_cat=104&_nc_oc=AdpUG-LpuiETS2PBlQZMM1fabFJ9yB0hTuhIci4Dz5EsUgH6Im4L6FLYEQrARV-Tc4SFGTd5zF6il4MzZJvZa5XG&_nc_sid=ef5aa3&_nc_ht=video.fjai6-1.fna.fbcdn.net&_nc_ohc=48Pg8JdvwQ0Q7kNvwH7zIuy&efg=eyJ2ZW5jb2RlX3RhZyI6Inhwdl9wcm9ncmVzc2l2ZS5WSV9VU0VDQVNFX1BST0RVQ1RfVFlQRS4uQzMuMzYwLnN2ZV9zZCIsInhwdl9hc3NldF9pZCI6OTcyODkzMzAyMTk2NTc5LCJhc3NldF9hZ2VfZGF5cyI6MjAsInZpX3VzZWNhc2VfaWQiOjEwNzk5LCJkdXJhdGlvbl9zIjo3MiwidXJsZ2VuX3NvdXJjZSI6Ind3dyJ9&ccb=17-1&_nc_gid=2ugfQdvPqVUqZRrOfZ4EtA&_nc_ss=7b289&_nc_zt=28&oh=00_Af8mFtEHghVb9tBZD3zHdd2hvta65OwAOFhawenGB1oanQ&oe=6A36C87A | Preview: https://scontent.fjai6-1.fna.fbcdn.net/v/t39.35426-6/708049112_3167590833441729_750035936930618549_n.jpg?_nc_cat=100&ccb=1-7&_nc_sid=c53f8f&_nc_ohc=RYW7Gcc2tPEQ7kNvwGLVV6Q&_nc_oc=AdoJrU-Bv1gGRqOXwCKPXIcizovgF1RtBq3OV0QobVBctdDn-0JeMnU1DQc1GwaXyKhWqlFuoYBVd4ejDM9yECo4&_nc_zt=14&_nc_ht=scontent.fjai6-1.fna&_nc_gid=2ugfQdvPqVUqZRrOfZ4EtA&_nc_ss=7b289&oh=00_Af_n40enkUCab3cqFNqaSaynQvMhgIPWnINJ-_yu93IiGQ&oe=6A36D175,,,,,,,
1523394029190497,https://www.facebook.com/minderind/,fb.me,https://www.facebook.com/minderind/,,,,minderindia1@gmail.com,+91 98606 37100,,,,100339661428403,http://fb.me/,Minder INDIA,https://www.facebook.com/ads/library/?id=1523394029190497,"💡 Upgrade Your Swimming Pool & Fountain with Premium LED Lights!

✅ RGB Color Changing Lights
✅ Energy Efficient Technology
✅ Waterproof Design
✅ ABS & SS Pool Lights Available
✅ Special Discounted Prices

Get the perfect lighting solution for your pool, fountain, resort, hotel, or commercial project.

📞 Fill out the form now and get a special quote from our experts.",701,Get quote,fb.me,"FACEBOOK; INSTAGRAM; AUDIENCE_NETWORK",2026-06-12,2026-06-15,,,"💡 Upgrade Your Swimming Pool & Fountain with Premium LED Lights!

✅ RGB Color Changing Lights
✅ Energy Efficient Technology
✅ Waterproof Design
✅ ABS & SS Pool Lights Available
✅ Special Discounted Prices

Get the perfect lighting solution for your pool, fountain, resort, hotel, or commercial project.

📞 Fill out the form now and get a special quote from our experts.",http://fb.me/,,Get Quote,Original: https://scontent.fjai6-1.fna.fbcdn.net/v/t39.35426-6/721190129_1404599324821917_6833041355509633948_n.jpg?_nc_cat=101&ccb=1-7&_nc_sid=c53f8f&_nc_ohc=PUhfvNG44bMQ7kNvwFmaGWr&_nc_oc=AdpNDNAsqh6g1RkNL73Ti5HpZ2xssegwEUtYEbeHwQOqtkpAnOZjm29zK5mSpW6pi0QTQyYrd1mBOs5ydh7eLqW3&_nc_zt=14&_nc_ht=scontent.fjai6-1.fna&_nc_gid=8XGVCUz_oUXxibsvTJzJrQ&_nc_ss=7b289&oh=00_Af_9yMCXCT_XMKhf0B0d7A8-Mz7wMJBEeTwJtlLr9LXvhw&oe=6A36D55F | Resized: https://scontent.fjai6-1.fna.fbcdn.net/v/t39.35426-6/722995964_834918362755935_5008852435839154479_n.jpg?stp=dst-jpg_s600x600_tt6&_nc_cat=102&ccb=1-7&_nc_sid=c53f8f&_nc_ohc=A4yfM0mbc9cQ7kNvwGqTwcH&_nc_oc=Ado1dWtJsKuqoQkycmFPpYLmjGT0JEbNKaf9czEyQRcKgwwg04ny9e6UpF6UlJIfxk26Ca3_k5b7CZayuPxPwOBq&_nc_zt=14&_nc_ht=scontent.fjai6-1.fna&_nc_gid=8XGVCUz_oUXxibsvTJzJrQ&_nc_ss=7b289&oh=00_Af_llAbxijV3pPbFFrQz7mcL8DHdUw5Wh-4JEU6D9klYAg&oe=6A36CDD0,
1717068169306846,https://www.facebook.com/61584669445294/,fb.me,https://www.facebook.com/61584669445294/,,,,neelsidhicentrio@gmail.com,+91 96197 92230,,,,923286307527868,http://fb.me/,Neelsidhi Centrio Panvel,https://www.facebook.com/ads/library/?id=1717068169306846,"1 BHK @ ₹ 67 L* Onwards | 2 BHK @ ₹ 1.03Cr* Onwards | 3 BHK @ 1.39 Cr* Onwards | 500 Mtrs to Panvel Railway Station | Show Flat Ready | 12000 Sq. Ft Recreation with Podium Garden, Children's Play Area, Swimming Pool & Fitness Centre | MahaRERA No PM1270002501591 | Enquire Now",23,Learn more,fb.me,"FACEBOOK; INSTAGRAM; AUDIENCE_NETWORK",2026-05-05,2026-06-14,,,"1 BHK @ ₹ 67 L* Onwards | 2 BHK @ ₹ 1.03Cr* Onwards | 3 BHK @ 1.39 Cr* Onwards | 500 Mtrs to Panvel Railway Station | Show Flat Ready | 12000 Sq. Ft Recreation with Podium Garden, Children's Play Area, Swimming Pool & Fitness Centre | MahaRERA No PM1270002501591 | Enquire Now || 1 BHK @ ₹ 67 L* Onwards | 2 BHK @ ₹ 1.03Cr* Onwards | 3 BHK @ 1.39 Cr* Onwards | 500 Mtrs to Panvel Railway Station | Show Flat Ready | 12000 Sq. Ft Recreation with Podium Garden, Children's Play Area, Swimming Pool & Fitness Centre | MahaRERA No PM1270002501591 | Enquire Now || ✅ Show Flat Ready 
✅ 1 BHK @ ₹ 75 L* Onwards | 2 BHK @ ₹ 1.03Cr* Onwards | 3 BHK @ 1.39 Cr* Onwards
✅ 500 Mtrs to Panvel Railway Station
✅ 12000 Sq. Ft Recreation
✅ Podium Garden, Children's Play Area, Swimming Pool & Fitness Centre
✅ MahaRERA No PM1270002501591",http://fb.me/ || http://fb.me/ || http://fb.me/,,Learn More || Learn More || Learn More,Original: https://scontent.fjai6-1.fna.fbcdn.net/v/t39.35426-6/686961011_904921222583237_976722154032826838_n.jpg?_nc_cat=107&ccb=1-7&_nc_sid=c53f8f&_nc_ohc=RyNp2qLZ7S0Q7kNvwH_IHF7&_nc_oc=Ado8HIc5JNBg12OPQcDy9VPGSnceEFAPDKwrL-UXy-WaLn7frNlw3a4AwZme_quBpGVgMr0WG-uAYzG5c0gyUGx1&_nc_zt=14&_nc_ht=scontent.fjai6-1.fna&_nc_gid=CWWbPDinEx1lMtY-T9jyIw&_nc_ss=7b289&oh=00_Af82B7QW2LuEAm_wLfegG8lk-4g_t5_ECnng-KD8kBaHSg&oe=6A36D353 | Resized: https://scontent.fjai6-1.fna.fbcdn.net/v/t39.35426-6/687035581_1596137888138554_6538720489966026667_n.jpg?stp=dst-jpg_s600x600_tt6&_nc_cat=103&ccb=1-7&_nc_sid=c53f8f&_nc_ohc=uVLK0BFOlYAQ7kNvwFnG1vk&_nc_oc=Adpx6TD-9D8_HSOut-TpQTfkT1SVWBquvBV0-W4-4l094VJBoVQI9vCZO8mT8kZh55PUl0P4YTfjEwEgBPUpKU94&_nc_zt=14&_nc_ht=scontent.fjai6-1.fna&_nc_gid=CWWbPDinEx1lMtY-T9jyIw&_nc_ss=7b289&oh=00_Af8CWtrDXXGHjrJ2gPp-rdqgxuMnv2pbUHUoX-IrdR7Ivg&oe=6A36BDDC || Original: https://scontent.fjai6-1.fna.fbcdn.net/v/t39.35426-6/687006766_997130909541851_5739770500384373386_n.jpg?_nc_cat=108&ccb=1-7&_nc_sid=c53f8f&_nc_ohc=bqrqURiCLQwQ7kNvwFjjHcJ&_nc_oc=Ado7XiZR60N-zCsNkhwfaXyukDiMUxOPuIy8ooHWDkZQm_7n0U2OdzcNtyip_8tu_9ebJyT5u3uOi6V01mxyGOKW&_nc_zt=14&_nc_ht=scontent.fjai6-1.fna&_nc_gid=CWWbPDinEx1lMtY-T9jyIw&_nc_ss=7b289&oh=00_Af_h6IXLfq-m9qmEya52aVCpjT4FOdR8Em1Y8P8ANkYtRQ&oe=6A36D538 | Resized: https://scontent.fjai6-1.fna.fbcdn.net/v/t39.35426-6/691174738_2258344758305348_6702589054144465656_n.jpg?stp=dst-jpg_s600x600_tt6&_nc_cat=107&ccb=1-7&_nc_sid=c53f8f&_nc_ohc=pOX64BBpspsQ7kNvwF5N2e0&_nc_oc=AdpZnODPS0JZo-0GkBN9G1x8SBl33aR9TvGQu09rnJrf92atlKdHa0rBUGk5HkA-gvI876hgxiaplqPYoY5fG3UE&_nc_zt=14&_nc_ht=scontent.fjai6-1.fna&_nc_gid=CWWbPDinEx1lMtY-T9jyIw&_nc_ss=7b289&oh=00_Af8o0_algRX3UTGQ_4uikG0ZDHFoxfDH3WO5UZZZ9li51g&oe=6A36E0EF || Original: https://scontent.fjai6-1.fna.fbcdn.net/v/t39.35426-6/686512715_1902177923810899_2609433267744137261_n.jpg?_nc_cat=110&ccb=1-7&_nc_sid=c53f8f&_nc_ohc=NYG7sbz5NhoQ7kNvwH2i-hR&_nc_oc=AdqZjyA8juZSeN-SJJNUFyBwADN1hWCmbcC0W8cOfE9JYXsQyElcUePOiCbt__q5Z_QnDFYcVg8PUewpc6JyPv1J&_nc_zt=14&_nc_ht=scontent.fjai6-1.fna&_nc_gid=CWWbPDinEx1lMtY-T9jyIw&_nc_ss=7b289&oh=00_Af_VVKs7LB-AmwwBa5p2heYO6cRdTQ0L05s4AvWmeyztbg&oe=6A36BD37 | Resized: https://scontent.fjai6-1.fna.fbcdn.net/v/t39.35426-6/687033792_948233748009467_8742623051413707454_n.jpg?stp=dst-jpg_s600x600_tt6&_nc_cat=103&ccb=1-7&_nc_sid=c53f8f&_nc_ohc=yJosRaeeN4MQ7kNvwHvPrqB&_nc_oc=Adr7ab-GxK5kZBhUwB6DCxJSvQww707_Ms_yzvj3oP6j97aBN4bO-6KO5DlTtkfEg-faWsbEzhYarewPwqfpJZtu&_nc_zt=14&_nc_ht=scontent.fjai6-1.fna&_nc_gid=CWWbPDinEx1lMtY-T9jyIw&_nc_ss=7b289&oh=00_Af9iqPjH1aySmaLXrKo5fzfDr4lN1VtPYQRnlxQWnKKqkw&oe=6A36D540,
1001781308905558,https://www.instagram.com/_u/welcometothane,api.whatsapp.com,https://www.instagram.com/_u/welcometothane,,,,,,,,,101820331192842,https://api.whatsapp.com/send,welcometothane,https://www.facebook.com/ads/library/?id=1001781308905558,"Premium Commercial Spaces in Wagle Estate, Thane West | Starting at ₹12,000 + Taxes per Sq. Ft.

Looking for the perfect commercial investment or office space in Thane?

Ace Signature IT Park brings premium commercial spaces ranging from 450 sq. ft. to 12,000 sq. ft., ideal for corporate offices, startups, IT companies, consultants, and growing businesses.

📍 Location: Road No. 22, Wagle Estate, Thane West

Strategically located in one of Thane's most established business districts, this landmark commercial tower offers excellent connectivity and a professional business environment.

Project Highlights:

✅ Premium Commercial Spaces: 450 Sq. Ft. to 12,000 Sq. Ft.
✅ Attractive Rate: ₹12,000 + Taxes Per Sq. Ft.
✅ Modern G+19 Commercial Tower
✅ Boutique Office Spaces with Efficient Layouts
✅ Prime Business Address in Wagle Estate
✅ Easy Access to Eastern Express Highway
✅ Excellent Connectivity to Thane Railway Station
✅ Surrounded by Corporate Offices & Business Hubs
✅ Ideal for Investors and End Users

Whether you're planning to expand your business, establish a corporate office, or invest in a high-growth commercial property, Ace Signature IT Park offers the perfect opportunity in the heart of Thane's commercial district.

📞 For Site Visit & Best Offers: 9324741069

[Commercial Property in Thane, Office Space in Wagle Estate, Premium Commercial Space Thane, Office for Sale in Thane West, Commercial Investment Thane, Wagle Estate Commercial Property, Ace Signature IT Park, Office Space Near Thane Station, Commercial Project in Thane, Corporate Office Space]",,Send WhatsApp message,api.whatsapp.com,"FACEBOOK; INSTAGRAM; AUDIENCE_NETWORK; MESSENGER; WHATSAPP",2026-06-06,2026-06-14,HD: https://video.fjai6-1.fna.fbcdn.net/o1/v/t2/f2/m367/AQMZYKTZ24Putf2_Tdh9tmN1h_fbWMQPFv6uQsWrACMWXxYXaj7OG_wDB8vscPEQHmderRdrvs2u7l5GH20pso_G9oqIb_uahQ34sS6pXA.mp4?_nc_cat=102&_nc_oc=Adov5sd94EtcKx-iR4d1OR0TbfAoRUnc3H56-H3wrOOJwrpb089MYuI-LfMJhwkjd7taz-DjH_ozl0FC324BJP4_&_nc_sid=ef5aa3&_nc_ht=video.fjai6-1.fna.fbcdn.net&_nc_ohc=g1X4mXnML6gQ7kNvwE8ZiUH&efg=eyJ2ZW5jb2RlX3RhZyI6Inhwdl9wcm9ncmVzc2l2ZS5WSV9VU0VDQVNFX1BST0RVQ1RfVFlQRS4uQzMuNzIwLnByb2dyZXNzaXZlX2gyNjQtYmFzaWMtZ2VuMl83MjBwIiwieHB2X2Fzc2V0X2lkIjo5OTU5NjA0MDYxNzIwNTUsImFzc2V0X2FnZV9kYXlzIjoxNSwidmlfdXNlY2FzZV9pZCI6MTAwOTksImR1cmF0aW9uX3MiOjc0LCJ1cmxnZW5fc291cmNlIjoid3d3In0%3D&ccb=17-1&_nc_gid=D6MT6u5xPQGsRt1lRZluLQ&_nc_ss=7b289&_nc_zt=28&oh=00_Af_HW1LUsgKBBfZ3zGavslhX1Y_6lf5IMCWgl3z1i5VYKQ&oe=6A36C228 | SD: https://video.fjai6-1.fna.fbcdn.net/o1/v/t2/f2/m367/AQMx4-ApvRfzQuOhg5-9CnlgQuc5mmobKNfaglqwu9CCFKeTuWQIpEN8VlIA13yTGy9t-cZYJUDaxw1PocUi7OMusKmnh6N4DncY6ODxAA.mp4?_nc_cat=106&_nc_oc=AdquvwiVuMlX6WaQGdBDWTFto0GcXKbS31X4lM9Rlzbr_Z-SQmxIcf0-DZrADPRvZ2ZNsr0M1_1wkqk82Alv8Rag&_nc_sid=ef5aa3&_nc_ht=video.fjai6-1.fna.fbcdn.net&_nc_ohc=iauAiX8vefIQ7kNvwH8MqxA&efg=eyJ2ZW5jb2RlX3RhZyI6Inhwdl9wcm9ncmVzc2l2ZS5WSV9VU0VDQVNFX1BST0RVQ1RfVFlQRS4uQzMuMzYwLnByb2dyZXNzaXZlX2gyNjQtYmFzaWMtZ2VuMl8zNjBwIiwieHB2X2Fzc2V0X2lkIjo5OTU5NjA0MDYxNzIwNTUsImFzc2V0X2FnZV9kYXlzIjoxNSwidmlfdXNlY2FzZV9pZCI6MTAwOTksImR1cmF0aW9uX3MiOjc0LCJ1cmxnZW5fc291cmNlIjoid3d3In0%3D&ccb=17-1&_nc_gid=D6MT6u5xPQGsRt1lRZluLQ&_nc_ss=7b289&_nc_zt=28&oh=00_Af9bEaJ2sUALRICEKvhVR896q5eDETNC9p_Dl9RmN-PrXg&oe=6A36D43C | Preview: https://scontent.fjai6-1.fna.fbcdn.net/v/t39.35426-6/716911111_1307809268155859_32221720024557166_n.jpg?_nc_cat=107&ccb=1-7&_nc_sid=c53f8f&_nc_ohc=zT3F2KuHB9UQ7kNvwFHo1T5&_nc_oc=AdqwlecrYwjrkW3M76k_eEq0k8zVIeMiEOQldeLJvgptXVQ0oTC2XT73LrRu5-cH3egxIA8RSB2_ZG9hrtTTgvgM&_nc_zt=14&_nc_ht=scontent.fjai6-1.fna&_nc_gid=D6MT6u5xPQGsRt1lRZluLQ&_nc_ss=7b289&oh=00_Af868qDpu4j-8cK6wJH5X4xjSl_nEv8TOdl7Le8ClSHehw&oe=6A36DF22,,,,,,,
1780837909963814,https://www.facebook.com/newcommercialproject/,fb.me,https://www.facebook.com/newcommercialproject/,,,,,,,,,982805851573146,http://fb.me/,New Commercial Project,https://www.facebook.com/ads/library/?id=1780837909963814,"🏢 Assured ₹1.21 Lakhs Rental Income for 9 Months

Looking for a smart commercial investment with assured returns and prime connectivity?
Introducing Delta Venus – a premium commercial tower strategically located near Digha & Airoli Stations.

💰 Get Approx. ₹1.21 Lakhs/month Assured Rental Return
✅ 14.5% Assured Rental Yield for First 9 Months

📍 Prime Location Advantage:
🚆 300m from Digha Station
🚇 1.2 km from Airoli Station
🏙 Surrounded by a strong residential & business catchment

🏢 Premium Commercial Offices:
✔ 500 Sq.Ft. to Full Floor Options
✔ Modern Glass Façade Elevation
✔ 36 Units Per Floor
✔ Massive 26,000 Sq.Ft. Floor Plate

🚗 Dedicated Parking from Basement 0–5
✨ Premium Office Spaces from 7th to 36th Floor

Secure your space in one of the fastest-growing commercial destinations with excellent footfall potential and future appreciation.

📞 Enquire Now: 9930098453",27,Get quote,fb.me,"FACEBOOK; INSTAGRAM; AUDIENCE_NETWORK",2026-05-28,2026-06-15,HD: https://video.fjai6-1.fna.fbcdn.net/o1/v/t2/f2/m366/AQOp37YDB1KQ3I2N5OeKa9EdQAVRutlo7wDCwFOKZXV66N42Mvvsn_9hRJeiwcQuMaog2zrmzAymCHzyozTeud8KUxG3-TLyZlSFIPCm9yz_iA.mp4?_nc_cat=108&_nc_oc=AdrRX-Pb8yTHDqP3Y4MN7R9DExvhb6cCmHU1M5ITISMc2knoNYaOCEUe5Mn6fmRpX2G4F_ag88WstJWBFhV7lA49&_nc_sid=b66105&_nc_ht=video.fjai6-1.fna.fbcdn.net&_nc_ohc=8hIoGyQV06MQ7kNvwGL1JVp&efg=eyJ2ZW5jb2RlX3RhZyI6Inhwdl9wcm9ncmVzc2l2ZS5WSV9VU0VDQVNFX1BST0RVQ1RfVFlQRS4uQzMuNzIwLmRhc2hfaDI2NC1iYXNpYy1nZW4yXzcyMHAiLCJ4cHZfYXNzZXRfaWQiOjEyMDM0MTcwMjYxODI3NzksImFzc2V0X2FnZV9kYXlzIjoxOCwidmlfdXNlY2FzZV9pZCI6MTA3OTksImR1cmF0aW9uX3MiOjIzLCJ1cmxnZW5fc291cmNlIjoid3d3In0%3D&ccb=17-1&vs=cdbadd0c024781c9&_nc_vs=HBksFQIYRWZiX2VwaGVtZXJhbC83NDREREIxNDQ5Mzk0RjRFNEU0NkZFOThCN0UwMjY5RV9tdF8xX3ZpZGVvX2Rhc2hpbml0Lm1wNBUAAsgBEgAVAhhAZmJfcGVybWFuZW50LzdCNEEwODdCMThCQTNFNzY3N0JDNDlDNzg2NzQzNThEX2F1ZGlvX2Rhc2hpbml0Lm1wNBUCAsgBEgAoABgAGwKIB3VzZV9vaWwBMRJwcm9ncmVzc2l2ZV9yZWNpcGUBMRUAACb2-eXFi6CjBBUCKAJDMywXQDcAAAAAAAAYGWRhc2hfaDI2NC1iYXNpYy1nZW4yXzcyMHARAHUAZd6oAQA&_nc_gid=D6MT6u5xPQGsRt1lRZluLQ&_nc_ss=7b289&_nc_zt=28&oh=00_Af-iNXaibJvJS06cC253WtMCNk6B6eiaItGmXga87QhRAw&oe=6A36D330 | SD: https://video.fjai6-1.fna.fbcdn.net/o1/v/t2/f2/m412/AQMvA6OUd9oAN7XgzMjT32nOxza3nYiCpaFqZ6O3aC12yOiXgkr69ISp4Bvkzsd3acElRSg5hjdaRq47xNH7k0k7Ebht-gS0a4Sot1mHaw.mp4?_nc_cat=108&_nc_oc=AdrL0-FSqFmvTTt2LDeoUYWG95rWd-wt_yP1Bn3O3C6mjY1-BY60ncdlNz2goqWoJSU1JAUVVjAj5Pz_D6Ah04tX&_nc_sid=ef5aa3&_nc_ht=video.fjai6-1.fna.fbcdn.net&_nc_ohc=UXF25tNR78UQ7kNvwGNvmak&efg=eyJ2ZW5jb2RlX3RhZyI6Inhwdl9wcm9ncmVzc2l2ZS5WSV9VU0VDQVNFX1BST0RVQ1RfVFlQRS4uQzMuMzYwLnN2ZV9zZCIsInhwdl9hc3NldF9pZCI6MTIwMzQxNzAyNjE4Mjc3OSwiYXNzZXRfYWdlX2RheXMiOjE4LCJ2aV91c2VjYXNlX2lkIjoxMDc5OSwiZHVyYXRpb25fcyI6MjMsInVybGdlbl9zb3VyY2UiOiJ3d3cifQ%3D%3D&ccb=17-1&_nc_gid=D6MT6u5xPQGsRt1lRZluLQ&_nc_ss=7b289&_nc_zt=28&oh=00_Af-aAVvIvz_sQSl-YxgEZwynBButJT-0qFO9VqOkB8mkig&oe=6A36C292 | Preview: https://scontent.fjai6-1.fna.fbcdn.net/v/t39.35426-6/710755146_1043019161746536_1249858282267494762_n.jpg?_nc_cat=107&ccb=1-7&_nc_sid=c53f8f&_nc_ohc=b5VimWdOGMkQ7kNvwHTLHIF&_nc_oc=AdpieXRf9KuyC_ZJ-g2U3PrzYw-d2Aw4SNpIwCwbSeX33cSoC-emYDaPmrQb9KFsklQhJhDM8TGBEPgF_SWajQxc&_nc_zt=14&_nc_ht=scontent.fjai6-1.fna&_nc_gid=D6MT6u5xPQGsRt1lRZluLQ&_nc_ss=7b289&oh=00_Af8_Bu_ClH3OvZVQw1TmzQjYdOXpZ99I9JT6Q8OsKnX_8w&oe=6A36C9F6,,,,,,,
1457473219728251,https://www.facebook.com/bricknbolt/,fb.me,https://www.facebook.com/bricknbolt/,,,,info@bricknbolt.com,+91 75052 05205,,,,127007714656008,http://fb.me/,Brick&Bolt - Home & Commercial Construction Simplified,https://www.facebook.com/ads/library/?id=1457473219728251,"Own a plot? 

Partner with Brick & Bolt for your commercial project. 
We handle everything from design to delivery with no hidden costs and fixed timelines. 

1. Fixed-price contracts – no surprises
2. Escrow-based payment safety
3. On-time project delivery
4. Real-time tracking via our app

Join 3000+ businesses that chose predictability.
Book your free industrial consultation today.",22949,Get quote,fb.me,"FACEBOOK; INSTAGRAM",2026-05-12,2026-06-13,,,"Own a plot? 

Partner with Brick & Bolt for your commercial project. 
We handle everything from design to delivery with no hidden costs and fixed timelines. 

1. Fixed-price contracts – no surprises
2. Escrow-based payment safety
3. On-time project delivery
4. Real-time tracking via our app

Join 3000+ businesses that chose predictability.
Book your free industrial consultation today. || Own a plot? 

Partner with Brick & Bolt for your commercial project. 
We handle everything from design to delivery with no hidden costs and fixed timelines. 

1. Fixed-price contracts – no surprises
2. Escrow-based payment safety
3. On-time project delivery
4. Real-time tracking via our app

Join 3000+ businesses that chose predictability.
Book your free industrial consultation today. || Own a plot? 

Partner with Brick & Bolt for your commercial project. 
We handle everything from design to delivery with no hidden costs and fixed timelines. 

1. Fixed-price contracts – no surprises
2. Escrow-based payment safety
3. On-time project delivery
4. Real-time tracking via our app

Join 3000+ businesses that chose predictability.
Book your free industrial consultation today.",http://fb.me/ || http://fb.me/ || http://fb.me/,,Get Quote || Get Quote || Get Quote,Original: https://scontent.fjai6-1.fna.fbcdn.net/v/t39.35426-6/690954004_4437959239820792_8044245777734048412_n.jpg?_nc_cat=100&ccb=1-7&_nc_sid=c53f8f&_nc_ohc=fgT927ou7qgQ7kNvwHfGomU&_nc_oc=Adp2IZGNvP9AfRTt8qh6_mP734GFMvfuMW3nQfjqOpvEMQZ_WWScDm5Mr7N3x6slKCbeWfvv0Q-_BU2xkB-1QOQf&_nc_zt=14&_nc_ht=scontent.fjai6-1.fna&_nc_gid=D6MT6u5xPQGsRt1lRZluLQ&_nc_ss=7b289&oh=00_Af9lFz-eYr923Q7z5NQ-LIJGC1MPbxUUI5p6xA8_PbhhdQ&oe=6A36D2FD | Resized: https://scontent.fjai6-1.fna.fbcdn.net/v/t39.35426-6/689702548_1333523065297416_5500833751023216673_n.jpg?stp=dst-jpg_s600x600_tt6&_nc_cat=109&ccb=1-7&_nc_sid=c53f8f&_nc_ohc=cjoBA0zoqXYQ7kNvwGFRpAx&_nc_oc=AdoFeQnFCavoQ2BjyS9Tn44ur2_CBkrlYswUBzfpwLpHo4f1v8NADWgBtXsYTZchEwZPUV3MijWPTJrc-WuY6py_&_nc_zt=14&_nc_ht=scontent.fjai6-1.fna&_nc_gid=D6MT6u5xPQGsRt1lRZluLQ&_nc_ss=7b289&oh=00_Af_WEJ_kB_2G911XI9NAEvakEtvxls1ttjWvMdImH8oBcQ&oe=6A36AE36 || Original: https://scontent.fjai6-1.fna.fbcdn.net/v/t39.35426-6/691575592_1495453125313078_7647110065598174800_n.jpg?_nc_cat=102&ccb=1-7&_nc_sid=c53f8f&_nc_ohc=p1Xs9hHV2DoQ7kNvwEc-6Xj&_nc_oc=AdpV2T5T2srFT1SRN4QwzH9x29rnKc_tV1ZHMiWH9X4M-Ue9s39ZhIR58NI2CN4teNFDk_o20lQ05MNqA-YHplK8&_nc_zt=14&_nc_ht=scontent.fjai6-1.fna&_nc_gid=D6MT6u5xPQGsRt1lRZluLQ&_nc_ss=7b289&oh=00_Af-3z-a761IDjEhDchGWFBZYYwIaPo8BCzFiH8SWBz9vig&oe=6A36D924 | Resized: https://scontent.fjai6-1.fna.fbcdn.net/v/t39.35426-6/689898372_1286566953189468_878448502167803087_n.jpg?stp=dst-jpg_s600x600_tt6&_nc_cat=101&ccb=1-7&_nc_sid=c53f8f&_nc_ohc=iUZhVJjveo8Q7kNvwH6M8bi&_nc_oc=AdoEV99220hrvFJ2p585fpDrpiCYQM4mEbbBtWsHQz5mFajWxxWgTtCsvu8MP6HUfPPXnHCXNF7K4teCMmDblHXi&_nc_zt=14&_nc_ht=scontent.fjai6-1.fna&_nc_gid=D6MT6u5xPQGsRt1lRZluLQ&_nc_ss=7b289&oh=00_Af9MA636_Nj0yVh669E5MVuuUWoF-2XlC3NLYgR3HyQchA&oe=6A36CFE2 || Original: https://scontent.fjai6-1.fna.fbcdn.net/v/t39.35426-6/689866305_865347729923036_4552229297023300347_n.jpg?_nc_cat=106&ccb=1-7&_nc_sid=c53f8f&_nc_ohc=w7jlTRSW6cMQ7kNvwFQtRRH&_nc_oc=AdoxMQl34J3PkVbm0TPUnWZiFQjY5-xc5rjZlJQ35X2RpErswPVbFrf8n9dhoG9JiWkXkPRm4aiGs_kG07kKhXfF&_nc_zt=14&_nc_ht=scontent.fjai6-1.fna&_nc_gid=D6MT6u5xPQGsRt1lRZluLQ&_nc_ss=7b289&oh=00_Af-hpaqf2BX6hs6xc4x6E0mysZ-rpSAosl6AVxfMNoigzA&oe=6A36DB4D | Resized: https://scontent.fjai6-1.fna.fbcdn.net/v/t39.35426-6/690870788_1425457519329023_2458551534359159011_n.jpg?stp=dst-jpg_s600x600_tt6&_nc_cat=101&ccb=1-7&_nc_sid=c53f8f&_nc_ohc=7-no7DJnaSAQ7kNvwHtPaSX&_nc_oc=AdqL-xmJii4ZBjJQd2Fx02XA8Si0SSxuycA3Tt7571zh5U3kw7D5myWOPkyDjUDHhSXnQe_3jJdtOIn6apSj0dNb&_nc_zt=14&_nc_ht=scontent.fjai6-1.fna&_nc_gid=D6MT6u5xPQGsRt1lRZluLQ&_nc_ss=7b289&oh=00_Af-F2dXxcTfoiEQP9H9mTZXDg31dq_cPVQd45McDDRz3aQ&oe=6A36C768,
889878327489624,https://www.facebook.com/61590650253130/,api.whatsapp.com,https://www.facebook.com/61590650253130/,,,,,+91 80000 21469,,,,1211567715362863,https://api.whatsapp.com/send,Lucky Real Estate,https://www.facebook.com/ads/library/?id=889878327489624,"🏢 NH-48 Ajmer Highway par Commercial Plot ka Best Investment Opportunity!
📍 RAJDHARA ECO PARK – Mokampura,Ajmer highway
✅ Govt. Approved Project
✅ 360 Ft Highway Frontage
✅ 50 Ft Internal Roads
✅ Water • Electricity • Solar Lights
💰 Starting Just ₹12-13 Lakh
📞 080000 21469",7,Send WhatsApp message,api.whatsapp.com,"FACEBOOK; INSTAGRAM",2026-06-10,2026-06-15,HD: https://video.fjai6-1.fna.fbcdn.net/o1/v/t2/f2/m366/AQMAMojRxz4NyK-z1589mm1x6Ry4kfy3Mx0cZ4cyu7-2DzC3jymAOkqRY7HeLD6oV8zpDxvEFFZxuRWd-fRNzvvZD-vhJD81IIQvaGyL3UK5-g.mp4?_nc_cat=108&_nc_oc=AdpsV5aeqU2xxJBV4dNuRycaLsO1OMSv9BtfJbsodh3S352sHyq0NiXHa6m81zGk2fUyZYQ6Jr4GINal5eu4APy6&_nc_sid=b66105&_nc_ht=video.fjai6-1.fna.fbcdn.net&_nc_ohc=vtar2gYAkRAQ7kNvwE_1gMI&efg=eyJ2ZW5jb2RlX3RhZyI6Inhwdl9wcm9ncmVzc2l2ZS5WSV9VU0VDQVNFX1BST0RVQ1RfVFlQRS4uQzMuNzIwLmRhc2hfaDI2NC1iYXNpYy1nZW4yXzcyMHAiLCJ4cHZfYXNzZXRfaWQiOjI3MTQ1MDc1MzExNzg3NTgwLCJhc3NldF9hZ2VfZGF5cyI6NSwidmlfdXNlY2FzZV9pZCI6MTA3OTksImR1cmF0aW9uX3MiOjMwLCJ1cmxnZW5fc291cmNlIjoid3d3In0%3D&ccb=17-1&vs=b4797ab00c519e6c&_nc_vs=HBksFQIYRWZiX2VwaGVtZXJhbC81NDQ2NDkwMjdBNUVBODZBMDlERENBRkEzMjdCQjFBRF9tdF8xX3ZpZGVvX2Rhc2hpbml0Lm1wNBUAAsgBEgAVAhhAZmJfcGVybWFuZW50L0QzNDhBNzAzRUExQkVEQkJGNDM0Q0Y2NTJENUYwN0I2X2F1ZGlvX2Rhc2hpbml0Lm1wNBUCAsgBEgAoABgAGwKIB3VzZV9vaWwBMRJwcm9ncmVzc2l2ZV9yZWNpcGUBMRUAACb4-OG1q5O4YBUCKAJDMywXQD7rhR64UewYGWRhc2hfaDI2NC1iYXNpYy1nZW4yXzcyMHARAHUAZd6oAQA&_nc_gid=D6MT6u5xPQGsRt1lRZluLQ&_nc_ss=7b289&_nc_zt=28&oh=00_Af9XIS4cx9sTZWNcXdvx7wKbBMDM-jZ5l_d-WIFIwPOWdA&oe=6A36B9F4 | SD: https://video.fjai6-1.fna.fbcdn.net/o1/v/t2/f2/m412/AQPHU3mpF6O9N5pTZO4MDsn1MBpidOgm0Q9fpVgXeJaV48Xl7LG2NAWclqzKhEwHy5ouM6pG-ogYFed9Ba8R75stJejYa0-E5PBkiFC5vQ.mp4?_nc_cat=106&_nc_oc=AdocCHLO-91JpnNaurfLLTimiWLiyilcj6gljO_JXaYJGde6LTu5NCb65m3XAXH09Lhq3QiI7IB3r7ruDmMCMzRY&_nc_sid=ef5aa3&_nc_ht=video.fjai6-1.fna.fbcdn.net&_nc_ohc=mIcHZK8pAQoQ7kNvwFWbT7g&efg=eyJ2ZW5jb2RlX3RhZyI6Inhwdl9wcm9ncmVzc2l2ZS5WSV9VU0VDQVNFX1BST0RVQ1RfVFlQRS4uQzMuMzYwLnN2ZV9zZCIsInhwdl9hc3NldF9pZCI6MjcxNDUwNzUzMTE3ODc1ODAsImFzc2V0X2FnZV9kYXlzIjo1LCJ2aV91c2VjYXNlX2lkIjoxMDc5OSwiZHVyYXRpb25fcyI6MzAsInVybGdlbl9zb3VyY2UiOiJ3d3cifQ%3D%3D&ccb=17-1&_nc_gid=D6MT6u5xPQGsRt1lRZluLQ&_nc_ss=7b289&_nc_zt=28&oh=00_Af9smfUK5478NCTftojLmO3Ga8wM22mW3idPYLQ6xftZ5g&oe=6A36CD98 | Preview: https://scontent.fjai6-1.fna.fbcdn.net/v/t39.35426-6/719742112_1005073052268313_7643998031396854164_n.jpg?_nc_cat=101&ccb=1-7&_nc_sid=c53f8f&_nc_ohc=ctqZq4-0en8Q7kNvwHnFeRE&_nc_oc=AdpwZXn_K1AiChSbkXS_W1zCmlJkE3gZC_yIEJ9nlB4slbyKjb3KJk1nyntwq0U53TGwvvqI5DCKBJ6cIsHezL26&_nc_zt=14&_nc_ht=scontent.fjai6-1.fna&_nc_gid=D6MT6u5xPQGsRt1lRZluLQ&_nc_ss=7b289&oh=00_Af9q6uHG8PrG18Kb1zOicrUvJZX0YJwa1wrBKbMphCh43A&oe=6A36B550,,,,,,,
4650268691863610,https://www.facebook.com/61551575574641/,api.whatsapp.com,https://www.facebook.com/61551575574641/,,,,ashfaque@echoconstructionco.in,+91 90079 86646,,,,132265703299589,https://api.whatsapp.com/send,Echo Construction Co,https://www.facebook.com/ads/library/?id=4650268691863610,,46551,Send WhatsApp message,api.whatsapp.com,"FACEBOOK; INSTAGRAM; WHATSAPP",2026-06-06,2026-06-15,HD: https://video.fjai6-1.fna.fbcdn.net/o1/v/t2/f2/m366/AQNprHzXhS-vrFPis8BIh10AnEjbFDYCXLgZJxlbCdZaCwogv1VxNH5whApCOtqyXd9g_C8tWaestLPfX36oU1haHvQ8nW7U3_fiq-O5KzlHlw.mp4?_nc_cat=110&_nc_oc=AdoK10FwM32v-xVjYTtlQ3vNdV30QjFgQsad0wqTc_rnVXVEOAYnLM2tIZhyTAQRWRrdzFFasSgt3YKIk23wSKGh&_nc_sid=b66105&_nc_ht=video.fjai6-1.fna.fbcdn.net&_nc_ohc=-znWoi56e4QQ7kNvwH7Pwcq&efg=eyJ2ZW5jb2RlX3RhZyI6Inhwdl9wcm9ncmVzc2l2ZS5WSV9VU0VDQVNFX1BST0RVQ1RfVFlQRS4uQzMuNzIwLmRhc2hfaDI2NC1iYXNpYy1nZW4yXzcyMHAiLCJ4cHZfYXNzZXRfaWQiOjM2Njg0NTAzODcxMTMzMjkxLCJhc3NldF9hZ2VfZGF5cyI6OSwidmlfdXNlY2FzZV9pZCI6MTA3OTksImR1cmF0aW9uX3MiOjQwLCJ1cmxnZW5fc291cmNlIjoid3d3In0%3D&ccb=17-1&vs=aaca1b68ff4ec89b&_nc_vs=HBksFQIYRWZiX2VwaGVtZXJhbC81NjQ2MzQxODFDRDMyOTRCMjkxN0I0NkY2OUQ3RkI4MF9tdF8xX3ZpZGVvX2Rhc2hpbml0Lm1wNBUAAsgBEgAVAhhAZmJfcGVybWFuZW50L0I0NDY4ODVCMzAyQzhFRDMyRDg5NTMxMDQ5NTNFOUFFX2F1ZGlvX2Rhc2hpbml0Lm1wNBUCAsgBEgAoABgAGwKIB3VzZV9vaWwBMRJwcm9ncmVzc2l2ZV9yZWNpcGUBMRUAACbW2YDglJeqggEVAigCQzMsF0BEBDlYEGJOGBlkYXNoX2gyNjQtYmFzaWMtZ2VuMl83MjBwEQB1AGXeqAEA&_nc_gid=D6MT6u5xPQGsRt1lRZluLQ&_nc_ss=7b289&_nc_zt=28&oh=00_Af9TLXbO8Cv8615_H6LBolSb9W4zgaTgWCUTs2uen65ztw&oe=6A36E126 | SD: https://video.fjai6-1.fna.fbcdn.net/o1/v/t2/f2/m412/AQODcGJOm4k0vgQGuKbWpF9-S2t9h45p_-NSa-P6rfaeNjjkP8nn7JzVrc9GExgB4X9RfAYan5BLAyqOdN1MR42MmLyAcGD2Doum-h8dNw.mp4?_nc_cat=106&_nc_oc=AdqxlbcNLFSsgkuIe4ns6-8n-lSe6NBHZ_dveGvBwdnTWEALb2voZJ5YF81P60HHrr_u7CPuzZ0xja-XFkU-9MWE&_nc_sid=ef5aa3&_nc_ht=video.fjai6-1.fna.fbcdn.net&_nc_ohc=MG5pLQc7jaIQ7kNvwHboJqf&efg=eyJ2ZW5jb2RlX3RhZyI6Inhwdl9wcm9ncmVzc2l2ZS5WSV9VU0VDQVNFX1BST0RVQ1RfVFlQRS4uQzMuMzYwLnN2ZV9zZCIsInhwdl9hc3NldF9pZCI6MzY2ODQ1MDM4NzExMzMyOTEsImFzc2V0X2FnZV9kYXlzIjo5LCJ2aV91c2VjYXNlX2lkIjoxMDc5OSwiZHVyYXRpb25fcyI6NDAsInVybGdlbl9zb3VyY2UiOiJ3d3cifQ%3D%3D&ccb=17-1&_nc_gid=D6MT6u5xPQGsRt1lRZluLQ&_nc_ss=7b289&_nc_zt=28&oh=00_Af_-Zzn64oUwe0n-7Rhqju7Ju8rl9eLNYErYPQouz7oVNw&oe=6A36AFF8 | Preview: https://scontent.fjai6-1.fna.fbcdn.net/v/t39.35426-6/717067044_1657017762257903_3362638577774000936_n.jpg?_nc_cat=110&ccb=1-7&_nc_sid=c53f8f&_nc_ohc=EH3iZzv1kqUQ7kNvwEDcCzy&_nc_oc=AdpogXxd9j1lcrUOfut4Re-pQuKLGJM8Ch5_ggvca7e8dzhFqyOlqd-TpCM-gJuXtXLigCcQCXGB0m-IX2D2rgPK&_nc_zt=14&_nc_ht=scontent.fjai6-1.fna&_nc_gid=D6MT6u5xPQGsRt1lRZluLQ&_nc_ss=7b289&oh=00_Af_hufccynjsGZJKnGGCe1Oh-DRkhncnOshnRbdl9R7zAg&oe=6A36C1C0,,,,,,,
4437261229895750,https://www.facebook.com/100093298778168/,fb.me,https://www.facebook.com/100093298778168/,,,,,+91 93112 30246,,,,109232578858966,http://fb.me/,Benzoville,https://www.facebook.com/ads/library/?id=4437261229895750,"Indore, the wait is over.

The luxury hardware collection trusted by homeowners, architects, and interior designers across Delhi and Gurgaon has finally arrived in Indore.

Welcome to Benzoville — India's premier destination for luxury architectural hardware.

Explore 5,000+ carefully curated designs from 20+ renowned European brands. From Italy, Germany, Spain, and Austria, discover exceptional door handles, cabinet handles, furniture fittings, wardrobe accessories, and premium architectural hardware designed to elevate every space.

Whether you're designing a luxury residence, a premium commercial project, or your dream home, every detail deserves attention.

Trusted by leading architects, interior designers, and discerning homeowners across India.

Visit the Benzoville Indore showroom and experience premium design, craftsmanship, and innovation firsthand.

Book your showroom visit today.",1285,Get quote,fb.me,INSTAGRAM,2026-06-12,2026-06-14,HD: https://video.fjai6-1.fna.fbcdn.net/o1/v/t2/f2/m366/AQPPLilhu6b3I6nQh4yWXLaWtz99gwE-DDpMVN2XOdoAkIGbf2TNU6BkPU9v3sWQQPNtGmLBDShUoyPh0m9JzP0jVzrLUFgLipFZRxIAZc-Cdw.mp4?_nc_cat=110&_nc_oc=AdqGXaWaeNZS1hGlD4voaTp8DbiQCTTazWwzBng6UzT-YiCKesCFiWXESoUutIMu6iUJdzCZUkCTgIEEgb5rvqOa&_nc_sid=b66105&_nc_ht=video.fjai6-1.fna.fbcdn.net&_nc_ohc=tYN9E2hjHj8Q7kNvwFgB_bO&efg=eyJ2ZW5jb2RlX3RhZyI6Inhwdl9wcm9ncmVzc2l2ZS5WSV9VU0VDQVNFX1BST0RVQ1RfVFlQRS4uQzMuNzIwLmRhc2hfaDI2NC1iYXNpYy1nZW4yXzcyMHAiLCJ4cHZfYXNzZXRfaWQiOjE3MTYyNjc1NjY0NTU1NDMsImFzc2V0X2FnZV9kYXlzIjo3LCJ2aV91c2VjYXNlX2lkIjoxMDc5OSwiZHVyYXRpb25fcyI6NDEsInVybGdlbl9zb3VyY2UiOiJ3d3cifQ%3D%3D&ccb=17-1&vs=5fd7e461f20ddaac&_nc_vs=HBksFQIYRWZiX2VwaGVtZXJhbC9BMDREQTUxQzRCMERGNEVGMzY0RkQ4MEJGMDE5NDI5RV9tdF8xX3ZpZGVvX2Rhc2hpbml0Lm1wNBUAAsgBEgAVAhhAZmJfcGVybWFuZW50LzIxNDcwQTBCRDg1Q0I5MTVDMDJEQUM2OTgxMEVFRDk2X2F1ZGlvX2Rhc2hpbml0Lm1wNBUCAsgBEgAoABgAGwKIB3VzZV9vaWwBMRJwcm9ncmVzc2l2ZV9yZWNpcGUBMRUAACbu65rq9buMBhUCKAJDMywXQETMzMzMzM0YGWRhc2hfaDI2NC1iYXNpYy1nZW4yXzcyMHARAHUAZd6oAQA&_nc_gid=D6MT6u5xPQGsRt1lRZluLQ&_nc_ss=7b289&_nc_zt=28&oh=00_Af_8iUiwqG2wvu7iqiV8oRAXcTudpKLAegXqDM-F3y-JvA&oe=6A36AF16 | SD: https://video.fjai6-1.fna.fbcdn.net/o1/v/t2/f2/m412/AQPxzjkkQWcPsSRAVBPftHpT281HklivIijTtXxbCUCJi8ovcNoba2Xh5DY0_qcHfWzh22-wDx4Z0XJuy3P3XVHt4vErv82q_eJ1AmyUfA.mp4?_nc_cat=108&_nc_oc=AdqaCcqA4VPNDvwDZgXsllWK0uWxmyqYkvq-hQHRIPB6YHATjdL5Stw-5iMl0f9EXdj1Q2btznXJG3zAtlAm75Tn&_nc_sid=ef5aa3&_nc_ht=video.fjai6-1.fna.fbcdn.net&_nc_ohc=iKgJ_pFnDyQQ7kNvwHyGCAn&efg=eyJ2ZW5jb2RlX3RhZyI6Inhwdl9wcm9ncmVzc2l2ZS5WSV9VU0VDQVNFX1BST0RVQ1RfVFlQRS4uQzMuMzYwLnN2ZV9zZCIsInhwdl9hc3NldF9pZCI6MTcxNjI2NzU2NjQ1NTU0MywiYXNzZXRfYWdlX2RheXMiOjcsInZpX3VzZWNhc2VfaWQiOjEwNzk5LCJkdXJhdGlvbl9zIjo0MSwidXJsZ2VuX3NvdXJjZSI6Ind3dyJ9&ccb=17-1&_nc_gid=D6MT6u5xPQGsRt1lRZluLQ&_nc_ss=7b289&_nc_zt=28&oh=00_Af_t02m2C1jDrDOKi4L6L2e8OyKXBOW2qmV-_bEY1QjHfQ&oe=6A36AF2A | Preview: https://scontent.fjai6-1.fna.fbcdn.net/v/t39.35426-6/719828424_1066686259252769_8056403104764371186_n.jpg?_nc_cat=109&ccb=1-7&_nc_sid=c53f8f&_nc_ohc=IrOXDdWDktAQ7kNvwGLeidS&_nc_oc=Adr6hoskm9WRHKKXRZU0_c1wqo-RBKTgMb16NbKcX03Nq8GTDNTYGCB0jFvL0d4o5_TQRqURqA8NC7yq0-YtCV7f&_nc_zt=14&_nc_ht=scontent.fjai6-1.fna&_nc_gid=D6MT6u5xPQGsRt1lRZluLQ&_nc_ss=7b289&oh=00_Af-1DcX1Tt8-ScwXBK5BWnaisj6ymivJ7wANBWQhV8aZXQ&oe=6A36C45C,,,,,,,
1554111309618526,https://www.facebook.com/61572768725247/,api.whatsapp.com,https://www.facebook.com/61572768725247/,,,,info@visionbuild.in,+91 79974 49744,,,,578385345352975,https://api.whatsapp.com/send,Vision Build,https://www.facebook.com/ads/library/?id=1554111309618526,"Looking to construct your dream home or commercial project in Hyderabad?
At Vision Build, we provide end-to-end construction services – from design & approvals to structural execution & handover.

✨ Why Choose Us?
✅ 10 Years Structural Warranty
✅ Hassle-free Permissions & Approvals
✅ Expert Architectural & Structural Design
✅ Turnkey Construction Packages

📍 Located in Shaikpet, Hyderabad
📞 Call us today: +91 79 9744 9744
🌐 Visit: www.visionbuild.in

👉 Let’s turn your dream project into a solid reality!",51,Send WhatsApp message,WhatsApp,"FACEBOOK; INSTAGRAM; MESSENGER; WHATSAPP",2026-05-24,2026-06-15,,Original: https://scontent.fjai6-1.fna.fbcdn.net/v/t39.35426-6/704188806_1005952708561998_8486948426781204960_n.jpg?_nc_cat=109&ccb=1-7&_nc_sid=c53f8f&_nc_ohc=8mX7X5jzrHoQ7kNvwFtJRp9&_nc_oc=AdoI-kIBruNjf3w6Gil-eX58wha4mjhB1dGRzsLXSnhjH5jrp45q1NPkYC0dNGUNRIR58bt_BKrOUrQiZm4mhems&_nc_zt=14&_nc_ht=scontent.fjai6-1.fna&_nc_gid=D6MT6u5xPQGsRt1lRZluLQ&_nc_ss=7b289&oh=00_Af8Npnr6BnFF-OPla-er0bBl0uZ-Sz-X_bVDgbUboPBOuQ&oe=6A36B10F | Resized: https://scontent.fjai6-1.fna.fbcdn.net/v/t39.35426-6/707739234_1132285486637216_3834738448051618505_n.jpg?stp=dst-jpg_s600x600_tt6&_nc_cat=106&ccb=1-7&_nc_sid=c53f8f&_nc_ohc=Ckzxm1JJX8QQ7kNvwElEmQH&_nc_oc=AdpEl3sbQBiUneLo48JvV4j7or1MpMYsPxbTHfvfrIRYguZT8CBuuR4OE3Gt0K5jrpLzCVTyBID4oE-my8YcLREI&_nc_zt=14&_nc_ht=scontent.fjai6-1.fna&_nc_gid=D6MT6u5xPQGsRt1lRZluLQ&_nc_ss=7b289&oh=00_Af-soXBNXk52qQkJDb5xHxQ5bxKVO6ZkcvI4itd_lIH4BA&oe=6A36CEB9,,,,,,
881726588300742,https://www.instagram.com/_u/ganpati.tsm,api.whatsapp.com,https://www.instagram.com/_u/ganpati.tsm,,,,,,,,,664614170077068,https://api.whatsapp.com/send,ganpati.tsm,https://www.facebook.com/ads/library/?id=881726588300742,"🏠 Building a new home? Renovating your space?

At GTS – Your Tile Destination, you'll find everything under one roof:

✅ Floor & Wall Tiles
✅ Multiple Sizes & Designs
✅ Premium PGVT & GVT Tiles
✅ 15mm Heavy-Duty Tiles
✅ Quartz Slabs
✅ Sanitary Ware

🔥 Special Prices Starting From:

▫️ Tiles from ₹8/sq.ft.*
▫️ 15mm Tiles from ₹70/sq.ft.*
▫️ Quartz from ₹125/sq.ft.*

Why pay more elsewhere?

✔ Huge Variety Available
✔ Ready Stock
✔ Best Market Rates
✔ Trusted Quality

📍 Gandhidham, Kutch
📞 +91 99784 46333

Visit today and find the perfect solution for your home, office, showroom or commercial project.

*Terms & Conditions Apply.",,Send WhatsApp message,WhatsApp,INSTAGRAM,2026-06-13,2026-06-15,,Original: https://scontent.fjai6-1.fna.fbcdn.net/v/t39.35426-6/724217258_1340233110806214_325580476147036505_n.jpg?_nc_cat=107&ccb=1-7&_nc_sid=c53f8f&_nc_ohc=MXvBIQgD_fUQ7kNvwH8sn-R&_nc_oc=Adqt1hJM4A6YiONBNfC-SC6y3WFYfbhQv5IH3WLP6SsKwlao9feUMkQRAw6DcLVPw2ppwVvzAWHq0xzB_ZZ_M8HZ&_nc_zt=14&_nc_ht=scontent.fjai6-1.fna&_nc_gid=D-0hoK-E4r09Z4vrxNcVvg&_nc_ss=7b289&oh=00_Af-QMd19mUSmslUx-3JktvfwF4msm2mTziXY-ItG6FiANw&oe=6A36C3A0 | Resized: https://scontent.fjai6-1.fna.fbcdn.net/v/t39.35426-6/722956499_1061669579545307_1042784818547046873_n.jpg?stp=dst-jpg_s600x600_tt6&_nc_cat=105&ccb=1-7&_nc_sid=c53f8f&_nc_ohc=neovstrkcL0Q7kNvwFrNzYd&_nc_oc=AdoSwk6eO2oMMgmDekPHXLJl9QZdSdp6p9ZIQF8aN21_4q8rhfEcndgTwZRzQFAJA7pQ-hoPbjh1Ls-JtCrM9t_x&_nc_zt=14&_nc_ht=scontent.fjai6-1.fna&_nc_gid=D-0hoK-E4r09Z4vrxNcVvg&_nc_ss=7b289&oh=00_Af-nK7DJTr8z_ZzkL_XK5u_CwwrCy87VFmuNi4iDWQelbQ&oe=6A36ACEE,,,,,,
2749102048782452,https://www.facebook.com/Pepperfry/,fb.me,https://www.facebook.com/Pepperfry/,,,,sales@pepperfry.com,+91 22 6116 7373,,,,111599995603231,http://fb.me/,Pepperfry,https://www.facebook.com/ads/library/?id=2749102048782452,Tired of rising costs and missed timelines? There's a smarter way to build commercial spaces.,723833,Get quote,fb.me,"FACEBOOK; INSTAGRAM; AUDIENCE_NETWORK",2026-05-14,2026-06-14,HD: https://video.fjai6-1.fna.fbcdn.net/o1/v/t2/f2/m366/AQNXdpJMhtUWxSpIdPWO0WqC3cGIKAVBjqJe1bJhOL7NnSEIIOFvHDbhnaTlP6_ocs3XvFhL-tXYe2dMsPDSSMU6HOmTb6VSQVLMNUZ4ldT29g.mp4?_nc_cat=108&_nc_oc=AdoFCNQm6VOkNXmvKMZcOaBCEuMdg25Ud-mnC8MBHmmk6ctp_L6rMMd4OQkuH7Ujcm10RDEkHA3lMJO61GuOmQw_&_nc_sid=b66105&_nc_ht=video.fjai6-1.fna.fbcdn.net&_nc_ohc=36AFpLnI5S0Q7kNvwEbeksJ&efg=eyJ2ZW5jb2RlX3RhZyI6Inhwdl9wcm9ncmVzc2l2ZS5WSV9VU0VDQVNFX1BST0RVQ1RfVFlQRS4uQzMuNzIwLmRhc2hfaDI2NC1iYXNpYy1nZW4yXzcyMHAiLCJ4cHZfYXNzZXRfaWQiOjE4NDA2NTQxMzk5MzYzMTcsImFzc2V0X2FnZV9kYXlzIjozMiwidmlfdXNlY2FzZV9pZCI6MTA3OTksImR1cmF0aW9uX3MiOjI5LCJ1cmxnZW5fc291cmNlIjoid3d3In0%3D&ccb=17-1&vs=b650579357c8b311&_nc_vs=HBksFQIYRWZiX2VwaGVtZXJhbC8zQTQyRTY0OEIzNzhDQTNGNTkwQjdENkQxMzU4RDU5RV9tdF8xX3ZpZGVvX2Rhc2hpbml0Lm1wNBUAAsgBEgAVAhhAZmJfcGVybWFuZW50LzI4NDBBNTM5N0Y1Q0E2N0VBOEQyQUQwRjUzMDNFQkFBX2F1ZGlvX2Rhc2hpbml0Lm1wNBUCAsgBEgAoABgAGwKIB3VzZV9vaWwBMRJwcm9ncmVzc2l2ZV9yZWNpcGUBMRUAACb6uNKCloTFBhUCKAJDMywXQD3EGJN0vGoYGWRhc2hfaDI2NC1iYXNpYy1nZW4yXzcyMHARAHUAZd6oAQA&_nc_gid=D-0hoK-E4r09Z4vrxNcVvg&_nc_ss=7b289&_nc_zt=28&oh=00_Af953m0xuvqAHmv8rboZ2aN_n1fv2tI5o4Zvjvam4Bfb5g&oe=6A36B60C | SD: https://video.fjai6-1.fna.fbcdn.net/o1/v/t2/f2/m412/AQPVVzrKtWxQ70JbVZAr2eFT7dfeoeYlCBNSA_blfv5DFrx0MwpQplmgDq5n-xspe_2OYzTxdPDphrfT7Nw8BRj_zWfNgEuglVehjSAwiQ.mp4?_nc_cat=101&_nc_oc=AdoAOVZodfp8Lz7o5NjyhD3WoDE02dfkbTSFiFXnLYUwPYwAs8j9RTk4RuWqWfm4QJ0RTYyBKFjaEA2_AITj66wH&_nc_sid=ef5aa3&_nc_ht=video.fjai6-1.fna.fbcdn.net&_nc_ohc=Y1oXCBNkxFEQ7kNvwG0JgiW&efg=eyJ2ZW5jb2RlX3RhZyI6Inhwdl9wcm9ncmVzc2l2ZS5WSV9VU0VDQVNFX1BST0RVQ1RfVFlQRS4uQzMuMzYwLnN2ZV9zZCIsInhwdl9hc3NldF9pZCI6MTg0MDY1NDEzOTkzNjMxNywiYXNzZXRfYWdlX2RheXMiOjMyLCJ2aV91c2VjYXNlX2lkIjoxMDc5OSwiZHVyYXRpb25fcyI6MjksInVybGdlbl9zb3VyY2UiOiJ3d3cifQ%3D%3D&ccb=17-1&_nc_gid=D-0hoK-E4r09Z4vrxNcVvg&_nc_ss=7b289&_nc_zt=28&oh=00_Af89CuQ2ni7zaj6Mn-V8mGPkbLIxfYp_BussSeKK8MjN-Q&oe=6A36B955 | Preview: https://scontent.fjai6-1.fna.fbcdn.net/v/t39.35426-6/698273158_968566495966187_1026734339426017700_n.jpg?_nc_cat=108&ccb=1-7&_nc_sid=c53f8f&_nc_ohc=Pd6gqoFw778Q7kNvwGgn1do&_nc_oc=AdpMH7fRYcIp8hJQIFJjKci1MqZw2HiWZM_CEMLMgmvrIzkjaecHtDMaEasS__pwNRaEExhYkNHlG1Dfywk88jK8&_nc_zt=14&_nc_ht=scontent.fjai6-1.fna&_nc_gid=D-0hoK-E4r09Z4vrxNcVvg&_nc_ss=7b289&oh=00_Af_dJGAkfali30qDk251g1bxOJrdhG85bPGMH55bvPGd9Q&oe=6A36CC3D,,,,,,,
1537048974808162,https://www.facebook.com/brahmavastu.g1/,api.whatsapp.com,https://www.facebook.com/brahmavastu.g1/,,,,gunjanvipulagrawal@gmail.com,+967 5 372 980,,,,113802921637428,https://api.whatsapp.com/send,Brahmo Vastu,https://www.facebook.com/ads/library/?id=1537048974808162,"मथुरा-वृंदावन में बड़ा 
Commercial Project बनवाना है? 🏗️

तो Vastu Expert से 
पहले मिलिए — बाद में पछताने से
बेहतर है पहले सही करना।

Dr. Gunjan Agrawal
ब्रह्मो वास्तु कंसल्टेंट, मथुरा

आपके हर बड़े Project के लिए —

✅ Customized Vastu Plan
✅ Entry, Reception, Cash Counter
   सही दिशा और Placement
✅ Plot Selection Guidance
✅ Complete Interior Layout
✅ Construction Supervision

🏥 Hospital | 🏨 Hotel | 🍽️ Restaurant
🏭 Factory | 🏬 Mall | 🏢 Office

सफल बिज़नस की नींव —
सही वास्तु से रखें।

📍 28 नगर पंचवटी, मसानी लिंक रोड, मथुरा
📞 +91 63972 22844

जय श्री राधे 🙏",1380,Send WhatsApp message,api.whatsapp.com,"FACEBOOK; INSTAGRAM; AUDIENCE_NETWORK; MESSENGER; WHATSAPP",2026-06-02,2026-06-15,HD: https://video.fjai6-1.fna.fbcdn.net/o1/v/t2/f2/m366/AQMWQkP99wbvrkIRKMq1JBPPswkrQs9c4qzyE57YI1-pV0qdRWO2LzSH7lwzED5X4N8gB1V-XHI8LidTlKlkf1zw-Ga72H1rj1ByBTYm5wqniw.mp4?_nc_cat=109&_nc_oc=AdrqW-ofatXaBmUBixlEupTIrbYpneNw1JNGXoK-K_XKOWTfYhFSy1tzGCPOMe-D6NGMP0M3M4rqdhShYiVEpz3Y&_nc_sid=b66105&_nc_ht=video.fjai6-1.fna.fbcdn.net&_nc_ohc=JfuTvVHCC1oQ7kNvwESXIHt&efg=eyJ2ZW5jb2RlX3RhZyI6Inhwdl9wcm9ncmVzc2l2ZS5WSV9VU0VDQVNFX1BST0RVQ1RfVFlQRS4uQzMuNzIwLmRhc2hfaDI2NC1iYXNpYy1nZW4yXzcyMHAiLCJ4cHZfYXNzZXRfaWQiOjE2NzAzMzg4NTc1MTc4NTIsImFzc2V0X2FnZV9kYXlzIjoyMiwidmlfdXNlY2FzZV9pZCI6MTA3OTksImR1cmF0aW9uX3MiOjYyLCJ1cmxnZW5fc291cmNlIjoid3d3In0%3D&ccb=17-1&vs=6451ef1e61d85481&_nc_vs=HBksFQIYRWZiX2VwaGVtZXJhbC9CRTQwMjI4MkY4QzY4MDY0REVDODgxMUQzNjFBNUFBRV9tdF8xX3ZpZGVvX2Rhc2hpbml0Lm1wNBUAAsgBEgAVAhhAZmJfcGVybWFuZW50LzdDNDhCQzNCMkI4RTMwRjlDRUU1MTc4RjgzMUJGOUE0X2F1ZGlvX2Rhc2hpbml0Lm1wNBUCAsgBEgAoABgAGwKIB3VzZV9vaWwBMRJwcm9ncmVzc2l2ZV9yZWNpcGUBMRUAACa4jI6kwsr3BRUCKAJDMywXQE93bItDlYEYGWRhc2hfaDI2NC1iYXNpYy1nZW4yXzcyMHARAHUAZd6oAQA&_nc_gid=D-0hoK-E4r09Z4vrxNcVvg&_nc_ss=7b289&_nc_zt=28&oh=00_Af9eKWd4NNDFemsKl0PBcuK79MH0xT9mPBRsOc0Y64iCuQ&oe=6A36B627 | SD: https://video.fjai6-1.fna.fbcdn.net/o1/v/t2/f2/m412/AQPb9t7wFEPN7sgw67T3Rsu-7tTZ2EmDuXozB15vXWHNGz0fz7Z8Kfl-OSkLDzQ7vhOT6Uyep1z1BWOTXwIE5GH_KYu4jaUa3HpJKvI4dQ.mp4?_nc_cat=106&_nc_oc=AdqdJdOa5ZrWf1hGK9IAodo8Ybfhp0PNZTX0T5Z7z1gb5l_lX_6FgOitUBgnFjdUKq6Kj0yiJX-pjVHBpdd_NpcW&_nc_sid=ef5aa3&_nc_ht=video.fjai6-1.fna.fbcdn.net&_nc_ohc=O1TSFzBm8LAQ7kNvwE-5mqR&efg=eyJ2ZW5jb2RlX3RhZyI6Inhwdl9wcm9ncmVzc2l2ZS5WSV9VU0VDQVNFX1BST0RVQ1RfVFlQRS4uQzMuMzYwLnN2ZV9zZCIsInhwdl9hc3NldF9pZCI6MTY3MDMzODg1NzUxNzg1MiwiYXNzZXRfYWdlX2RheXMiOjIyLCJ2aV91c2VjYXNlX2lkIjoxMDc5OSwiZHVyYXRpb25fcyI6NjIsInVybGdlbl9zb3VyY2UiOiJ3d3cifQ%3D%3D&ccb=17-1&_nc_gid=D-0hoK-E4r09Z4vrxNcVvg&_nc_ss=7b289&_nc_zt=28&oh=00_Af8jmCk2uTQM01oPzp4OIJ5dBFcEOvKmFpbhukKCPt3aLg&oe=6A36AFC4 | Preview: https://scontent.fjai6-1.fna.fbcdn.net/v/t39.35426-6/705184874_1040589511965051_2355880724550662780_n.jpg?_nc_cat=102&ccb=1-7&_nc_sid=c53f8f&_nc_ohc=Cc-Wjq7qmm0Q7kNvwG52pZu&_nc_oc=AdqgJMhMwoqlzwND4QbWlVWtOnwfAFUgrgtabVokrc5wwRUUAIZhOAA1NQaRnE0VvH8fhMQ07VylY7rlNMpPqnHw&_nc_zt=14&_nc_ht=scontent.fjai6-1.fna&_nc_gid=D-0hoK-E4r09Z4vrxNcVvg&_nc_ss=7b289&oh=00_Af_hge2fBeBrGce87-rGFtCjtApg8E8JqfSl5GYAh-_nEQ&oe=6A36AB7A,,,,,,,
1730199211672213,https://www.facebook.com/61590496063192/,indhuinfra.com,https://www.facebook.com/61590496063192/,,,,info@indhuinfra.com,"919959094499, 9959094499, +919959094499",,,,1199477866577238,http://indhuinfra.com/,Indhu Infra,https://www.facebook.com/ads/library/?id=1730199211672213,"🏗️ Planning your dream home, villa, or commercial project?

Choose a construction partner committed to quality, transparency, and timely project execution. Indhu Infra delivers thoughtfully planned residential, commercial, and turnkey construction solutions with premium materials and experienced professionals.

✅ Residential & Commercial Projects
✅ Villa Construction
✅ Turnkey Solutions
✅ Quality-Focused Execution
✅ On-Time Project Commitment

Build with confidence. Connect with Indhu Infra today.",,Learn more,http://indhuinfra.com/,"FACEBOOK; INSTAGRAM",2026-06-13,2026-06-15,,Original: https://scontent.fjai6-1.fna.fbcdn.net/v/t39.35426-6/719425700_1816044599369555_8951553713548558638_n.jpg?_nc_cat=108&ccb=1-7&_nc_sid=c53f8f&_nc_ohc=UgBvOOTI5qsQ7kNvwHIUbL3&_nc_oc=AdpDw6qGuhYhuf9tsPML8iNu3ruXmkadr6GWxGyUCQK6JijpZFawCA8JUysnbItUCANFsLmO6FEFopfgiRkpC58X&_nc_zt=14&_nc_ht=scontent.fjai6-1.fna&_nc_gid=D-0hoK-E4r09Z4vrxNcVvg&_nc_ss=7b289&oh=00_Af9rSy6yT0TUktFlLGsNouwaHJILmHydXjte__xuNk5r0Q&oe=6A36B37D | Resized: https://scontent.fjai6-1.fna.fbcdn.net/v/t39.35426-6/723510491_1687265382602406_575545158498485363_n.jpg?stp=dst-jpg_s600x600_tt6&_nc_cat=108&ccb=1-7&_nc_sid=c53f8f&_nc_ohc=_HJ7BjqSmT4Q7kNvwHiq9F9&_nc_oc=AdpRQbEIy0vBT6vTraijU-C41BfvAsYYCEnf4eCvUpbgc4kXHFdDTKEHJzw_BglU24YLAp3yXA1LThryMW3RjiBD&_nc_zt=14&_nc_ht=scontent.fjai6-1.fna&_nc_gid=D-0hoK-E4r09Z4vrxNcVvg&_nc_ss=7b289&oh=00_Af_cuCTvIPRNlSNp_0Wrb3OdNcZSp7sGEhOL_V2XZ9Wtww&oe=6A36AF1C,,,,,,
2733424523705831,https://www.facebook.com/61564740392017/,fb.me,https://www.facebook.com/61564740392017/,,,,,,,,,1065714933297729,http://fb.me/,Upcoming Commercial Project - Noida Expressway,https://www.facebook.com/ads/library/?id=2733424523705831,"Every city has a growth corridor.
In NCR, it’s clearly the Noida Expressway.

Presenting Noida’s Next Commercial Growth Story
📍Bang on Noida Expressway

A premium commercial hub designed for scale, visibility, and consistent footfall -
✨ Retail Shops & Brand Stores
✨ Modern Office Spaces
✨ Food Courts & Dining Concepts
✨ Cafés, QSR & Entertainment Zones

Strategically located on one of NCR’s fastest-growing corridors,
This is where infrastructure, connectivity, and demand are all aligning.

With a 10–15% return potential, this isn’t just about owning a space -
It's about entering a growth curve before it peaks.",21,Learn more,fb.me,"FACEBOOK; INSTAGRAM",2026-06-10,2026-06-15,HD: https://video.fjai6-1.fna.fbcdn.net/o1/v/t2/f2/m366/AQMagv9Y4yVZnuRNVqmBbki5VqR8kHoLD362On05hz5az9DqSRgCNUqfN9o1chFPJQ6XPpKVy7SC-AJLXlwPuuYdiKI7uYIzzxNyUysMdzNbtw.mp4?_nc_cat=106&_nc_oc=AdpiR-y5zvOWyURXTHlCn65Z2Oi2CBI5K8xJlG-Uj2MfbEf9i1aQF89RcrtO_GB082kY1x7gYleLryIN8wb5jm1G&_nc_sid=b66105&_nc_ht=video.fjai6-1.fna.fbcdn.net&_nc_ohc=30W1-vBV40sQ7kNvwHXWTYw&efg=eyJ2ZW5jb2RlX3RhZyI6Inhwdl9wcm9ncmVzc2l2ZS5WSV9VU0VDQVNFX1BST0RVQ1RfVFlQRS4uQzMuNzIwLmRhc2hfaDI2NC1iYXNpYy1nZW4yXzcyMHAiLCJ4cHZfYXNzZXRfaWQiOjEzODU3MDg2ODY3NDA3ODMsImFzc2V0X2FnZV9kYXlzIjo1LCJ2aV91c2VjYXNlX2lkIjoxMDEzOSwiZHVyYXRpb25fcyI6MjgsInVybGdlbl9zb3VyY2UiOiJ3d3cifQ%3D%3D&ccb=17-1&vs=c4739381a620bc37&_nc_vs=HBksFQIYRWZiX2VwaGVtZXJhbC81QzRERTU0OTg4QzFDQTg1NjJCMDk2NTdFRDRENDM4OF9tdF8xX3ZpZGVvX2Rhc2hpbml0Lm1wNBUAAsgBEgAVAhhAZmJfcGVybWFuZW50LzE3NDU0ODRCNTM0QUQ0QUEzN0I1RjkxQTk5RjQ0NDg4X2F1ZGlvX2Rhc2hpbml0Lm1wNBUCAsgBEgAoABgAGwKIB3VzZV9vaWwBMRJwcm9ncmVzc2l2ZV9yZWNpcGUBMRUAACbetMig7pL2BBUCKAJDMywXQDwUeuFHrhQYGWRhc2hfaDI2NC1iYXNpYy1nZW4yXzcyMHARAHUAZbaeAQA&_nc_gid=D-0hoK-E4r09Z4vrxNcVvg&_nc_ss=7b289&_nc_zt=28&oh=00_Af82pEmcTFehHqC410vsb2omeoHGTTABgfs1MH710J869A&oe=6A36B90A | SD: https://video.fjai6-1.fna.fbcdn.net/o1/v/t2/f2/m412/AQPoRVNsBIW4binROnY2EGh9dW6R8u2Ch9RiL-HWBexxpC3NuD-itwDYJ56Wxp95zwXQ35gkk5K0Ktw1nqLDsB3SBdDYLk9igzIvFFpiog.mp4?_nc_cat=100&_nc_oc=AdpALfeFg-GzuDFFWHOs7feAc73qNPrfAzRmS_a-CIhnhrmMGgVEKNh2a5p6rY2VGJEQikwD7CPywNtsnjaHcoCx&_nc_sid=ef5aa3&_nc_ht=video.fjai6-1.fna.fbcdn.net&_nc_ohc=0W6_VxJvD4cQ7kNvwG-3UXs&efg=eyJ2ZW5jb2RlX3RhZyI6Inhwdl9wcm9ncmVzc2l2ZS5WSV9VU0VDQVNFX1BST0RVQ1RfVFlQRS4uQzMuMzYwLnN2ZV9zZCIsInhwdl9hc3NldF9pZCI6MTM4NTcwODY4Njc0MDc4MywiYXNzZXRfYWdlX2RheXMiOjUsInZpX3VzZWNhc2VfaWQiOjEwMTM5LCJkdXJhdGlvbl9zIjoyOCwidXJsZ2VuX3NvdXJjZSI6Ind3dyJ9&ccb=17-1&_nc_gid=D-0hoK-E4r09Z4vrxNcVvg&_nc_ss=7b289&_nc_zt=28&oh=00_Af9-BKEvWiGpVpjeCLQ4GxgO1cpHHcNL48UKmiG0Kvq7vA&oe=6A36E1FE | Preview: https://scontent.fjai6-1.fna.fbcdn.net/v/t39.35426-6/717810776_990981373646803_4011512899716442845_n.jpg?_nc_cat=111&ccb=1-7&_nc_sid=c53f8f&_nc_ohc=ks5h3pxk4rYQ7kNvwEeB9Nk&_nc_oc=AdpcfnGwz88926tAG0My2BGC_zgAy96M892setwN1ZNit-KcmI-5yFcRRPwI36zfwnEFGe0O1VoezYVZjgG-DV3j&_nc_zt=14&_nc_ht=scontent.fjai6-1.fna&_nc_gid=D-0hoK-E4r09Z4vrxNcVvg&_nc_ss=7b289&oh=00_Af_xTangA2j1Giv2IxrZSP_CKYzvxCZVhuj_kqCCxd1Ifg&oe=6A36C127,,,,,,,
1694395298348699,https://www.facebook.com/61579152100707/,fb.me,https://www.facebook.com/61579152100707/,,,,info@linearsil.in,+91 81550 20505,,,,788948460958787,http://fb.me/,Linearsil Metal Ceiling Pvt Ltd,https://www.facebook.com/ads/library/?id=1694395298348699,"We're Expanding Across India!
Looking for exclusive distributors and dealer partners for premium Metal Ceiling Solutions.
✅ Supply Across 15+ States
✅ Strong Product Range
✅ Technical & Installation Support
✅ Commercial Project Opportunities
✅ Business Growth Partnership
If you are a building material dealer, ceiling contractor, or interior products distributor, let's grow together.",1136,Apply now,fb.me,"FACEBOOK; INSTAGRAM; AUDIENCE_NETWORK",2026-06-08,2026-06-15,,Original: https://scontent.fjai6-1.fna.fbcdn.net/v/t39.35426-6/719427383_871438652067497_3860390600764447019_n.jpg?_nc_cat=107&ccb=1-7&_nc_sid=c53f8f&_nc_ohc=2iVLEw2NhOsQ7kNvwGKu0NP&_nc_oc=AdphGHjS5sayaVyi7d6JeXo95r21M_-PnDXQ5m-SA3gJtAPsrHNkSfcUykIGfU4Doyw3vQWZ0if2AyyNhlGElkEh&_nc_zt=14&_nc_ht=scontent.fjai6-1.fna&_nc_gid=D-0hoK-E4r09Z4vrxNcVvg&_nc_ss=7b289&oh=00_Af8VnQK04whcpHqve61oCtcimVL4ymuDG6oJOjlfvN5Maw&oe=6A36C2E3 | Resized: https://scontent.fjai6-1.fna.fbcdn.net/v/t39.35426-6/719150796_2825719204442407_1500830924369335593_n.jpg?stp=dst-jpg_s600x600_tt6&_nc_cat=100&ccb=1-7&_nc_sid=c53f8f&_nc_ohc=yDsVWYLzEHkQ7kNvwHBXKyA&_nc_oc=AdoMowxE8lpLzCKfVDSUl9H6077CUazsWuAkWIwr_OM5PBMqGLJgoJgecfvkXGzzGMqvnLN0LIbBLPpj6SBSfDtN&_nc_zt=14&_nc_ht=scontent.fjai6-1.fna&_nc_gid=D-0hoK-E4r09Z4vrxNcVvg&_nc_ss=7b289&oh=00_Af8k0ICd6AmpVxUAFgCY5HTUuloy_mKCFWc7p5KJzBHfMA&oe=6A36D70F,,,,,,
983677804572075,https://www.facebook.com/61554815633845/,fb.me,https://www.facebook.com/61554815633845/,,,,dreamsrealestateconsultancy@gmail.com,+91 98795 59552,,,,186469514549368,http://fb.me/,Dreams Real Estate Consultancy,https://www.facebook.com/ads/library/?id=983677804572075,"Pre-launch commercial project
📍Ambli Road, SG Highway, Ahmedabad.

➡️ Retail spaces and offices with terraces

➡️ Dual main road access

📍 Prime location:
🚗 SG Highway - 1 minute

Message us for more information:
@dreamsrealestateconsultancy 📩

Call us for more info or schedule visit:
☎️ 79901 32543

#ahmedabad #realestate #corporate #commericalproperty",292,Get in touch,fb.me,"FACEBOOK; INSTAGRAM; AUDIENCE_NETWORK",2026-06-09,2026-06-15,HD: https://video.fjai6-1.fna.fbcdn.net/o1/v/t2/f2/m367/AQOpqIlt07YqGDOSltozf3sjfx41mGiAV6d_y8JB1Dml8ZStPgI87vjgchi_DuQo3R7tHbO_rkCMynOhMUsKHTc42ylU-PJFmjUgJBeYBg.mp4?_nc_cat=107&_nc_oc=AdrQUY7PAn68KmCcsZSo1PhweDKrLq2dpkF5M4hKEBjy5sKuFyWlBl7Z2L0D-h5iV8dh1gV8kcxfe3l8i0vwbqD8&_nc_sid=ef5aa3&_nc_ht=video.fjai6-1.fna.fbcdn.net&_nc_ohc=R3A34gLYZpMQ7kNvwFaPxBL&efg=eyJ2ZW5jb2RlX3RhZyI6Inhwdl9wcm9ncmVzc2l2ZS5WSV9VU0VDQVNFX1BST0RVQ1RfVFlQRS4uQzMuNzIwLnByb2dyZXNzaXZlX2gyNjQtYmFzaWMtZ2VuMl83MjBwIiwieHB2X2Fzc2V0X2lkIjoxMDI2NTU0NTQ2NDg3ODg2LCJhc3NldF9hZ2VfZGF5cyI6NywidmlfdXNlY2FzZV9pZCI6MTAwOTksImR1cmF0aW9uX3MiOjIzLCJ1cmxnZW5fc291cmNlIjoid3d3In0%3D&ccb=17-1&_nc_gid=UsFYxABPInHItdGL6unePw&_nc_ss=7b289&_nc_zt=28&oh=00_Af8-i5AyAcY06slNtVxB7kpCuSgd2v9yBfPrpV-I1NRN2Q&oe=6A36AF73 | SD: https://video.fjai6-1.fna.fbcdn.net/o1/v/t2/f2/m367/AQOqCC_wa4vgbOhnAUyd8JdJxr7MVP8baCEOjNXXY3I8hEdAUaUJS1O-Y_Hv45a0xWCjVl8Uaser1gvKZkDDkj_QT_9z5buAUdoAJJ1J8Q.mp4?_nc_cat=100&_nc_oc=Ado0AZKsyDSTflgpU4fbcvo-miqy6CgH5z03nYOsz3gbboMAMpgrmuDVOK394kcptZaXCW9o0DcHPiZ5jy5wjD3s&_nc_sid=ef5aa3&_nc_ht=video.fjai6-1.fna.fbcdn.net&_nc_ohc=3_WdNiWvnNAQ7kNvwE-TETD&efg=eyJ2ZW5jb2RlX3RhZyI6Inhwdl9wcm9ncmVzc2l2ZS5WSV9VU0VDQVNFX1BST0RVQ1RfVFlQRS4uQzMuMzYwLnByb2dyZXNzaXZlX2gyNjQtYmFzaWMtZ2VuMl8zNjBwIiwieHB2X2Fzc2V0X2lkIjoxMDI2NTU0NTQ2NDg3ODg2LCJhc3NldF9hZ2VfZGF5cyI6NywidmlfdXNlY2FzZV9pZCI6MTAwOTksImR1cmF0aW9uX3MiOjIzLCJ1cmxnZW5fc291cmNlIjoid3d3In0%3D&ccb=17-1&_nc_gid=UsFYxABPInHItdGL6unePw&_nc_ss=7b289&_nc_zt=28&oh=00_Af_4k7P0y6xd8iFf2bQzMBDj-PzsGmTEr99OH8vC0XTlAQ&oe=6A36DBF2 | Preview: https://scontent.fjai6-1.fna.fbcdn.net/v/t39.35426-6/720011378_1010308638351267_4727548810726810956_n.jpg?_nc_cat=110&ccb=1-7&_nc_sid=c53f8f&_nc_ohc=H5-2XELP258Q7kNvwHwLEz-&_nc_oc=AdoZbxAxYAlRHq9RxyFvsHMzFoVJAYMhwaoUcDwgb1FeA815A5CqfaHetP4ETMWf8v65s3hzFJB4c8IaTLdQ85TI&_nc_zt=14&_nc_ht=scontent.fjai6-1.fna&_nc_gid=UsFYxABPInHItdGL6unePw&_nc_ss=7b289&oh=00_Af8_c9k0kaEERXpSAMDSk4cRPtvwOP1ccdCs7udvTNc2xQ&oe=6A36DB4D,,,,,,,
1557021982505508,https://www.facebook.com/61565086097081/,api.whatsapp.com,https://www.facebook.com/61565086097081/,,,,sunily2105@gmail.com,+91 98288 80047,,,,442246925633354,https://api.whatsapp.com/send,Yaduvanshi property ,https://www.facebook.com/ads/library/?id=1557021982505508,"🏢 NH-48 Ajmer Highway par Commercial Plot ka Best Investment Opportunity!
📍 RAJDHARA ECO PARK – Mokampura, Ajmer road
✅ Govt. Approved Project
✅ 360 Ft Highway Frontage
✅ 50 Ft Internal Roads
✅ Water • Electricity • Solar Lights
💰 Starting Just ₹12-13 Lakh 
Call now- 8233868343",27,Send WhatsApp message,api.whatsapp.com,"FACEBOOK; INSTAGRAM",2026-06-13,2026-06-15,HD: https://video.fjai6-1.fna.fbcdn.net/o1/v/t2/f2/m366/AQOmr6XvZWRAkKZho30uKDdqWu0y-cxmv9Ti-wTgw_0mxC0M-z2dGXfsDh7EZLhPZCghpbUlWtZSMzRfRV_M0Tcgd4sJHYG0AWfCrGzKPcFXTA.mp4?_nc_cat=101&_nc_oc=AdpjW3QrtvuHoa_j-rUYmGZEJxdJGIHZdsQugYxhE2hFETEdUUvKbHAlVoTpYdS3G-GTq1CpRfkrwOWuqWXKDiRE&_nc_sid=b66105&_nc_ht=video.fjai6-1.fna.fbcdn.net&_nc_ohc=KxHqlBFJUUkQ7kNvwFKqeRN&efg=eyJ2ZW5jb2RlX3RhZyI6Inhwdl9wcm9ncmVzc2l2ZS5WSV9VU0VDQVNFX1BST0RVQ1RfVFlQRS4uQzMuNzIwLmRhc2hfaDI2NC1iYXNpYy1nZW4yXzcyMHAiLCJ4cHZfYXNzZXRfaWQiOjI3MDQ0NzAyOTc4NDczODg3LCJhc3NldF9hZ2VfZGF5cyI6MTMsInZpX3VzZWNhc2VfaWQiOjEwNzk5LCJkdXJhdGlvbl9zIjozMCwidXJsZ2VuX3NvdXJjZSI6Ind3dyJ9&ccb=17-1&vs=8256029f5d29b356&_nc_vs=HBksFQIYRWZiX2VwaGVtZXJhbC83MDQyRkQwQjM4RUU2OTZENjNDM0I2NzUyMUEzNzRBQV9tdF8xX3ZpZGVvX2Rhc2hpbml0Lm1wNBUAAsgBEgAVAhhAZmJfcGVybWFuZW50LzI4NEY2ODc1QkEzN0MxQkI2QTFBNjU2NzU2REM1MDk1X2F1ZGlvX2Rhc2hpbml0Lm1wNBUCAsgBEgAoABgAGwKIB3VzZV9vaWwBMRJwcm9ncmVzc2l2ZV9yZWNpcGUBMRUAACa-_rOh88CKYBUCKAJDMywXQD7rhR64UewYGWRhc2hfaDI2NC1iYXNpYy1nZW4yXzcyMHARAHUAZd6oAQA&_nc_gid=UsFYxABPInHItdGL6unePw&_nc_ss=7b289&_nc_zt=28&oh=00_Af_VL7Wonc0Gbjx-z95I7IxDkeHn2XPPcYuahjeQiYMzgw&oe=6A36BC8F | SD: https://video.fjai6-1.fna.fbcdn.net/o1/v/t2/f2/m412/AQPJDPyGbqcc2CdyXhdbnLBZqSDYXMiKy9dOVFbtBG9Gp9mmm_heHOSDsOt_XrkFKaKjANul1zwDS1h9OsNcKbCgDprSiUx_h9JSEx8EDg.mp4?_nc_cat=106&_nc_oc=AdpH6ACWiW21XVqNe0NVA7WZoqKsBRZclA8fxFzJg-eb21B36nt1R52wiRjLEy6AyfnKze5DHKIfeAxYE0In5YEF&_nc_sid=ef5aa3&_nc_ht=video.fjai6-1.fna.fbcdn.net&_nc_ohc=PJPM7icrYZQQ7kNvwFpBZVQ&efg=eyJ2ZW5jb2RlX3RhZyI6Inhwdl9wcm9ncmVzc2l2ZS5WSV9VU0VDQVNFX1BST0RVQ1RfVFlQRS4uQzMuMzYwLnN2ZV9zZCIsInhwdl9hc3NldF9pZCI6MjcwNDQ3MDI5Nzg0NzM4ODcsImFzc2V0X2FnZV9kYXlzIjoxMywidmlfdXNlY2FzZV9pZCI6MTA3OTksImR1cmF0aW9uX3MiOjMwLCJ1cmxnZW5fc291cmNlIjoid3d3In0%3D&ccb=17-1&_nc_gid=UsFYxABPInHItdGL6unePw&_nc_ss=7b289&_nc_zt=28&oh=00_Af-uHlS_JzAE5w8OJsy7v-NkBniAbIrurOkhyXEO0c-0RA&oe=6A36D5B8 | Preview: https://scontent.fjai6-1.fna.fbcdn.net/v/t39.35426-6/724341435_1853971118893642_1646712848334270730_n.jpg?_nc_cat=104&ccb=1-7&_nc_sid=c53f8f&_nc_ohc=ue9GE_K-i7oQ7kNvwFb8284&_nc_oc=AdqJ16EL90rvjcR9z6hNDDlx6RkIJF6UsJtBui-hkmhR7Y9ePnic4-kgRwO2MHZqtX4czIiJl3-pWY5RyNKfuFKk&_nc_zt=14&_nc_ht=scontent.fjai6-1.fna&_nc_gid=UsFYxABPInHItdGL6unePw&_nc_ss=7b289&oh=00_Af8DtQpNHWXD81vWIrmsSbWLmh03JrVmBXnU3frbi5ftOw&oe=6A36D35E,,,,,,,
4380867208795618,https://www.facebook.com/guptapropertydealers/,fb.me,https://www.facebook.com/guptapropertydealers/,,,,guptapropertydealers@gmail.com,+91 98690 57837,,,,326101020901715,http://fb.me/,GUPTA Property Dealers,https://www.facebook.com/ads/library/?id=4380867208795618,"🏢✨ Navi Mumbai's Most Awaited Office Space Launch is HERE!

📞 Call/WhatsApp: 7304788448 | 9869057837

where luxury meets business 🔥
📍 Prime Location | Nerul, Navi Mumbai
🏟️ Near D.Y. Patil Stadium
✈️ Just 10 mins from the Upcoming Navi Mumbai International Airport
🚉 5 mins from Nerul Railway Station
💼 This isn't just an office — it's a statement.
✅ World-Class High Street Commercial Spaces
✅ Grand Entrance + Lavish Reception & Concierge
✅ Extravagant Recreational Podium on Level 6
✅️ Integrated 5⭐️ Hotel 
✅ Premium Education & Medical Hubs Nearby
📊 Flexible Payment Plan: 30:30:30:10
⚡ Hot Inventory | Fast-Moving Units — Don't Miss Out!
👇 Drop ""office"" in the comments or DM us for floor plans, pricing & exclusive early-booking benefits!

[Navi Mumbai commercial property, commercial office space Navi Mumbai, new launch 2026 Navi Mumbai, office space Nerul, commercial property Nerul, D.Y. Patil Stadium property, ITM College Nerul, Navi Mumbai International Airport real estate, property near airport Navi Mumbai, high street commercial, luxury office space Mumbai, commercial investment Navi Mumbai, office space investment, real estate new launch, Navi Mumbai real estate 2026, property investment Navi Mumbai, commercial shops Navi Mumbai, office space 81 lakhs, affordable commercial property Mumbai, Nerul station property, property near Nerul station, juinagar station, smart investment Mumbai, commercial property Mumbai, buy office space Navi Mumbai, pre-launch commercial property, early booking offer Mumbai, real estate investment India, best commercial property 2026, Mumbai property investment, Navi Mumbai property dealer, commercial realty Mumbai, office space for sale Mumbai, business hub Navi Mumbai, Grade A office space, luxury commercial property, podium commercial spaces, concierge office space, premium office Mumbai, bullet payment plan property, 30 30 30 10 payment plan, real estate lead generation, property consultant Navi Mumbai, awards 2026]",732,Get quote,fb.me,"FACEBOOK; INSTAGRAM; AUDIENCE_NETWORK",2026-06-13,2026-06-14,HD: https://video.fjai6-1.fna.fbcdn.net/o1/v/t2/f2/m367/AQMcX0mbMLno17VrdjQ-dr5vVIyxNiNixKAH5Hnt1aQmO8dYbyqMPWQ1CVaD5gF2O5DzYF6oI1__lBNb-woVcIlHOE57-h_fjwQ1in7z_Q.mp4?_nc_cat=105&_nc_oc=AdrDzJHI-NJq6XsgNMjdSGr-0Itm9I0oGBfgKGeK7JyEwb5cb9aWVK7qzPiqVT8KLX2gi0CYlmZdlWBqMGPC5WxU&_nc_sid=ef5aa3&_nc_ht=video.fjai6-1.fna.fbcdn.net&_nc_ohc=IcBiom2KpxIQ7kNvwGPQPWF&efg=eyJ2ZW5jb2RlX3RhZyI6Inhwdl9wcm9ncmVzc2l2ZS5WSV9VU0VDQVNFX1BST0RVQ1RfVFlQRS4uQzMuNzIwLnByb2dyZXNzaXZlX2gyNjQtYmFzaWMtZ2VuMl83MjBwIiwieHB2X2Fzc2V0X2lkIjoxNjYwNTc0NjgxODQ1NjcwLCJhc3NldF9hZ2VfZGF5cyI6MiwidmlfdXNlY2FzZV9pZCI6MTA4MjcsImR1cmF0aW9uX3MiOjYwLCJ1cmxnZW5fc291cmNlIjoid3d3In0%3D&ccb=17-1&_nc_gid=UsFYxABPInHItdGL6unePw&_nc_ss=7b289&_nc_zt=28&oh=00_Af_QDPFghzFTuMf_lKCB1958lGV_hj7EHgmxnhu1kC_Evw&oe=6A36ACB9 | SD: https://video.fjai6-1.fna.fbcdn.net/o1/v/t2/f2/m367/AQO7ovFpCzOx7fCW9JdOEh8VfMNWCYK--MBEY4hwTWJksGEVeoW8KMGMh0mgJeYxHiOXZ7kqjOmrJtAbqFF8XCMF8QnMMbF7b1mq_72NeQ.mp4?_nc_cat=105&_nc_oc=AdqC00fiL28tSfCI-qAOJZZDZAsgKausaBp7vBP03Y1cIe8kflnud6WhvBbdV8Jbzhlhagj9s2jgkPaxdGIVT8Hz&_nc_sid=ef5aa3&_nc_ht=video.fjai6-1.fna.fbcdn.net&_nc_ohc=FZiZX2g3oeMQ7kNvwGBFWFB&efg=eyJ2ZW5jb2RlX3RhZyI6Inhwdl9wcm9ncmVzc2l2ZS5WSV9VU0VDQVNFX1BST0RVQ1RfVFlQRS4uQzMuMzYwLnByb2dyZXNzaXZlX2gyNjQtYmFzaWMtZ2VuMl8zNjBwIiwieHB2X2Fzc2V0X2lkIjoxNjYwNTc0NjgxODQ1NjcwLCJhc3NldF9hZ2VfZGF5cyI6MiwidmlfdXNlY2FzZV9pZCI6MTA4MjcsImR1cmF0aW9uX3MiOjYwLCJ1cmxnZW5fc291cmNlIjoid3d3In0%3D&ccb=17-1&_nc_gid=UsFYxABPInHItdGL6unePw&_nc_ss=7b289&_nc_zt=28&oh=00_Af_R3EBKixu-xOk51RIwt6BpvdtbKwJQYA-NS6mqTuF0EA&oe=6A36B095 | Preview: https://scontent.fjai6-1.fna.fbcdn.net/v/t39.35426-6/723675151_1239616821439275_1127421000188834628_n.jpg?_nc_cat=105&ccb=1-7&_nc_sid=c53f8f&_nc_ohc=paA30P2F4w4Q7kNvwEJXGQc&_nc_oc=AdqHRBOu1RKlgryLiEi-jkSyv8Tklt-R0hCnHvMNRdwCIKR9HCOaeKnt0YruycZa5BPKwHojCTJVMxiB7PjL4BxZ&_nc_zt=14&_nc_ht=scontent.fjai6-1.fna&_nc_gid=UsFYxABPInHItdGL6unePw&_nc_ss=7b289&oh=00_Af8JWkpDLEQkjSMWtMx6f3JFuKiEeacIFKwWz-HFcH3Ecg&oe=6A36C262,,,,,,,
2137974576778864,https://www.facebook.com/speedoring/,fb.me,https://www.facebook.com/speedoring/,,,,speedoring@gmail.com,+91 90566 66615,,,,1298918316821027,http://fb.me/,SpeedoRing.com,https://www.facebook.com/ads/library/?id=2137974576778864,"Invest in Patiala’s premium pre leased commercial destination with top brands already onboard.

Premium road facing showrooms starting from ₹1.50 Cr* with rental backed investment potential and fixed monthly income opportunity.

McDonald’s • Barista • Guess • American Eagle • Gopal’s & more.

📍 NH 7 Patiala Sangrur Highway

Limited inventory available.
Book your site visit today.
8453800000",8957,Get quote,fb.me,"FACEBOOK; INSTAGRAM; AUDIENCE_NETWORK",2026-06-09,2026-06-15,HD: https://video.fjai6-1.fna.fbcdn.net/o1/v/t2/f2/m366/AQMVUXnNhnN86dPNrMbXK6coorQ-gUOhm754P7EJIxD9MmyttPYE71ZkYSmryjVCuwmETlACdN7AL7y2YVjtuVqMqk1A6cuey1j5wQWLGEHrRQ.mp4?_nc_cat=108&_nc_oc=AdoXFuhdYn6HqPbi46IlZfrGzap7s3f0ci5Q7A1sUbxHP8Xsi6FEWe0irYra20j6IEPHihSyIH451Ch2PBqQO0LL&_nc_sid=b66105&_nc_ht=video.fjai6-1.fna.fbcdn.net&_nc_ohc=wLbCeZHKdQIQ7kNvwFwRB2K&efg=eyJ2ZW5jb2RlX3RhZyI6Inhwdl9wcm9ncmVzc2l2ZS5WSV9VU0VDQVNFX1BST0RVQ1RfVFlQRS4uQzMuNzIwLmRhc2hfaDI2NC1iYXNpYy1nZW4yXzcyMHAiLCJ4cHZfYXNzZXRfaWQiOjE0OTU4MTIxODE5MTEwNTgsImFzc2V0X2FnZV9kYXlzIjozMSwidmlfdXNlY2FzZV9pZCI6MTA3OTksImR1cmF0aW9uX3MiOjEyMCwidXJsZ2VuX3NvdXJjZSI6Ind3dyJ9&ccb=17-1&vs=6b12bc3e0cde8c7f&_nc_vs=HBksFQIYRWZiX2VwaGVtZXJhbC8yOTRBMjhGMjQ2ODBCODNDMjNENDNDQjk5MDc3NTNCNV9tdF8xX3ZpZGVvX2Rhc2hpbml0Lm1wNBUAAsgBEgAVAhhAZmJfcGVybWFuZW50L0E5NDhCRUREQ0U1NkRERjdGMDhEQjgyNzUxQjY1NzhEX2F1ZGlvX2Rhc2hpbml0Lm1wNBUCAsgBEgAoABgAGwKIB3VzZV9vaWwBMRJwcm9ncmVzc2l2ZV9yZWNpcGUBMRUAACakmIec3ZuoBRUCKAJDMywXQF4o9cKPXCkYGWRhc2hfaDI2NC1iYXNpYy1nZW4yXzcyMHARAHUAZd6oAQA&_nc_gid=UsFYxABPInHItdGL6unePw&_nc_ss=7b289&_nc_zt=28&oh=00_Af9TLPFNcJ4E_w5gp5aHZ2vjzbcub-7pvyKL7Zy_dRgqiA&oe=6A36AE7C | SD: https://video.fjai6-1.fna.fbcdn.net/o1/v/t2/f2/m412/AQPpUl7NbK4K7gZzbwWB4xTEkPaf3qpWmL0OvWmi5VnwxYIl2QpBSvWKzq8enm7FUZm8xl1QNs6ySjPFz8lSeWfB3U8SnRCFK6Yo0x-Bqg.mp4?_nc_cat=101&_nc_oc=AdrgTgVIk3nbwPPeMER4_Ngbnd6OzsO6Xmdcd5JIbEeGFl-RG0XV4jgodq3u9gy_tJUMkynA_aU4YAb8uM0uEY3l&_nc_sid=ef5aa3&_nc_ht=video.fjai6-1.fna.fbcdn.net&_nc_ohc=XgAoGOu4KUYQ7kNvwFpI8hn&efg=eyJ2ZW5jb2RlX3RhZyI6Inhwdl9wcm9ncmVzc2l2ZS5WSV9VU0VDQVNFX1BST0RVQ1RfVFlQRS4uQzMuMzYwLnN2ZV9zZCIsInhwdl9hc3NldF9pZCI6MTQ5NTgxMjE4MTkxMTA1OCwiYXNzZXRfYWdlX2RheXMiOjMxLCJ2aV91c2VjYXNlX2lkIjoxMDc5OSwiZHVyYXRpb25fcyI6MTIwLCJ1cmxnZW5fc291cmNlIjoid3d3In0%3D&ccb=17-1&_nc_gid=UsFYxABPInHItdGL6unePw&_nc_ss=7b289&_nc_zt=28&oh=00_Af8_kASMiJznfuoWd7qDOSJkdxve4KYclOFRfFT4KJmKWA&oe=6A36C79D | Preview: https://scontent.fjai6-1.fna.fbcdn.net/v/t39.35426-6/720553164_2225294114968646_6654262461867706646_n.jpg?_nc_cat=110&ccb=1-7&_nc_sid=c53f8f&_nc_ohc=rHR-_aWutX0Q7kNvwHldMUD&_nc_oc=AdpannXqD1xgZ1k-TiCzJzZ04RiBexu3U9BSbXAUdQw6xwkdfC0HnT6htHwdm6i4y9cBjml5PLARvetoVA7QjhSo&_nc_zt=14&_nc_ht=scontent.fjai6-1.fna&_nc_gid=UsFYxABPInHItdGL6unePw&_nc_ss=7b289&oh=00_Af8MoswkQMUA6XZbPLCC9ugp22cTGSLcb2RP52VjdVkzuA&oe=6A36DDDB,,,,,,,
2765421870509388,https://www.facebook.com/vastumbhprojects/,api.whatsapp.com,https://www.facebook.com/vastumbhprojects/,,,,vastumbhprojects@gmail.com,+91 88084 10640,,,,939599009240737,https://api.whatsapp.com/send,Vastumbhprojects ,https://www.facebook.com/ads/library/?id=2765421870509388,"📢 अपने सपनों का घर अब होगा सच! 🏡✨
 अब घर बनवाना हुआ आसान और भरोसेमंद। ✨

 सिर्फ ₹1099/Sqft. से शुरू ✨ 

Premium Quality Material ✨ 
Expert Team Supervision ✨ 
On-Time Project Delivery 🔨 

चाहे हो आपका ड्रीम होम या कमर्शियल प्रोजेक्ट, हर ईंट में भरोसा और हर निर्माण में गुणवत्ता का वादा। 
📞 आज ही संपर्क करें: 7084617379 💬 

“आपका सपना… हमारी ज़िम्मेदारी!”",4,Send WhatsApp message,WhatsApp,"FACEBOOK; INSTAGRAM; AUDIENCE_NETWORK; MESSENGER; WHATSAPP",2026-06-11,2026-06-15,,Original: https://scontent.fjai6-1.fna.fbcdn.net/v/t39.35426-6/705031732_1286671093623061_4134066359066929118_n.jpg?_nc_cat=102&ccb=1-7&_nc_sid=c53f8f&_nc_ohc=Gs8awClDtV8Q7kNvwEEKvIg&_nc_oc=Adpv0ZR0qXl_KodRMnvY5u-kzcGKplMJof43DNlnJtsST5OGtqpQo_Dr5pY_eFVGZN2OpJ4h4RYPo9ODRvbXNQCl&_nc_zt=14&_nc_ht=scontent.fjai6-1.fna&_nc_gid=VhWeG37pHJp8Dg9AruS-sQ&_nc_ss=7b289&oh=00_Af_yB8vbYub41ZDY4yOYaHKPrmEMF6sgMaYecwwwsZa4VA&oe=6A36D11C | Resized: https://scontent.fjai6-1.fna.fbcdn.net/v/t39.35426-6/705293791_1458429759632886_6113192270418861497_n.jpg?stp=dst-jpg_s600x600_tt6&_nc_cat=100&ccb=1-7&_nc_sid=c53f8f&_nc_ohc=Q61noHSC1HMQ7kNvwFdRGad&_nc_oc=Adou8hZI2rHJMFPUGpy0Mp0Nb5bRCj2QElnMUHqwpLrAfCfQojrBUxQ0JhO18m3VFoRNbNMTX3loC4qv_8xwe9xn&_nc_zt=14&_nc_ht=scontent.fjai6-1.fna&_nc_gid=VhWeG37pHJp8Dg9AruS-sQ&_nc_ss=7b289&oh=00_Af_UHHyXy7cVpzWTVBnXGQ1U_oiH2j7D6fD9v4kGBbj37g&oe=6A36D51D,,,,,,
1013244494598557,https://www.facebook.com/brahmavastu.g1/,api.whatsapp.com,https://www.facebook.com/brahmavastu.g1/,,,,gunjanvipulagrawal@gmail.com,+967 5 372 980,,,,113802921637428,https://api.whatsapp.com/send,Brahmo Vastu,https://www.facebook.com/ads/library/?id=1013244494598557,"करोड़ों का बिज़नस बनाने से पहले —
एक ज़रूरी सवाल पूछें। 🏗️

क्या आपका Commercial Project
वास्तु के अनुसार बना है?

Entry Gate की गलत दिशा,
Cash Counter की गलत position —
यह छोटी गलतियां
बड़े नुकसान का कारण बन सकती हैं।

ब्रह्मो वास्तु कंसल्टेंट, मथुरा —

🏥 Hospital
🏨 Hotel
🍽️ Restaurant
🏭 Factory
🏬 Mall
🏢 Office

हर बड़े Project के लिए
Customized Vastu Plan।

निर्माण शुरू करने से पहले
एक बार ज़रूर मिलिए।

📍 28 नगर पंचवटी,
   मसानी लिंक रोड, मथुरा
📞 +91 63972 22844

जय श्री राधे 🙏",1380,Send WhatsApp message,WhatsApp,"FACEBOOK; INSTAGRAM; AUDIENCE_NETWORK; MESSENGER; WHATSAPP",2026-06-02,2026-06-15,,Original: https://scontent.fjai6-1.fna.fbcdn.net/v/t39.35426-6/708979196_1544475543966127_1090942400434901238_n.jpg?_nc_cat=100&ccb=1-7&_nc_sid=c53f8f&_nc_ohc=BOHnGPnsjSQQ7kNvwHXJRy_&_nc_oc=Adoz3G-9dr_BUxeKSrgCbwqUiOWCIIi_GK2NT3nyL8lPmlvc3B7WfFBpex-CppEGHd3P6NCx6u5ZYDzAy350Lvym&_nc_zt=14&_nc_ht=scontent.fjai6-1.fna&_nc_gid=An_E-oqDk2_kJ6ObIUY_7g&_nc_ss=7b289&oh=00_Af8IIgIZ7Uhd8Rk5G8dR2rdATjJPBxq2i-gASyAXs22Cuw&oe=6A36AF08 | Resized: https://scontent.fjai6-1.fna.fbcdn.net/v/t39.35426-6/709646935_1527914098852313_378060372112809891_n.jpg?stp=dst-jpg_s600x600_tt6&_nc_cat=104&ccb=1-7&_nc_sid=c53f8f&_nc_ohc=UMB-uJ9dHSEQ7kNvwFrE9rI&_nc_oc=AdpX0Ko4lZZ4OW6RQidj8uWbKDVB5OFHv0rMrzvbmA11q5EXJku44W4KCQUTMi0R1o7HFnp7vGwC4GSBmk9r4Mf4&_nc_zt=14&_nc_ht=scontent.fjai6-1.fna&_nc_gid=An_E-oqDk2_kJ6ObIUY_7g&_nc_ss=7b289&oh=00_Af93eHhrNheG4P2Xrb6GJblIseu_Mvw6Qaf3Xjk2mEjg3Q&oe=6A36DE68,,,,,,
1020189187353535,https://www.facebook.com/metaclads/,fb.me,https://www.facebook.com/metaclads/,,,,,,,,,560273227166351,http://fb.me/,MetaClads,https://www.facebook.com/ads/library/?id=1020189187353535,"Your building deserves more than a basic exterior.

Transform your residential or commercial project with premium Metal Facades, Aluminium Louvers, Perforated Panels, Parametric Designs, and WPC Cladding solutions from MetaClads.

✔ Custom Designs
✔ Premium Finishes
✔ Weather-Resistant Materials
✔ Expert Installation Support

Whether you're an architect, builder, developer, or homeowner, we help create exteriors that make a lasting impression.

📍 Serving Delhi NCR & Beyond

👉 Get a FREE Consultation & Project Estimate Today.",352,Get quote,fb.me,"FACEBOOK; INSTAGRAM; AUDIENCE_NETWORK",2026-06-09,2026-06-15,HD: https://video.fjai6-1.fna.fbcdn.net/o1/v/t2/f2/m366/AQNII5Pp3HBm3BmBSWFYSdg0DHiuazEsphEavfBajrhtx1MR-vKeY2qV9DoRkdqJFg8eT195GhPMXxLwm8gTLOddJ-knnL3O1-6o20obe6oYPw.mp4?_nc_cat=108&_nc_oc=AdpFxpPVplI_xB2L25F9crwplYJIfVsJgBq1pFJ4ktF6sg82SDpYr_itDzRWHfK-k1Trgoy6a4t-eb8uooHBa4rR&_nc_sid=b66105&_nc_ht=video.fjai6-1.fna.fbcdn.net&_nc_ohc=2dpx5Nu4jLMQ7kNvwGRv2MA&efg=eyJ2ZW5jb2RlX3RhZyI6Inhwdl9wcm9ncmVzc2l2ZS5WSV9VU0VDQVNFX1BST0RVQ1RfVFlQRS4uQzMuNTc2LmRhc2hfaDI2NC1iYXNpYy1nZW4yXzcyMHAiLCJ4cHZfYXNzZXRfaWQiOjEwMzY5Mjk3MzkyODA4NTksImFzc2V0X2FnZV9kYXlzIjo4LCJ2aV91c2VjYXNlX2lkIjoxMDc5OSwiZHVyYXRpb25fcyI6MzcsInVybGdlbl9zb3VyY2UiOiJ3d3cifQ%3D%3D&ccb=17-1&vs=c5430decf82cc10b&_nc_vs=HBksFQIYRWZiX2VwaGVtZXJhbC9BQjQzNEY0RUQyRTRBN0JDNzU2MjczMjFGMzQxOEVBRF9tdF8xX3ZpZGVvX2Rhc2hpbml0Lm1wNBUAAsgBEgAVAhhAZmJfcGVybWFuZW50LzY4NEFBQjQ2ODRERjUwM0YxOUQ2OEIyNEQxM0YxQkFEX2F1ZGlvX2Rhc2hpbml0Lm1wNBUCAsgBEgAoABgAGwKIB3VzZV9vaWwBMRJwcm9ncmVzc2l2ZV9yZWNpcGUBMRUAACa2x6LMoMXXAxUCKAJDMywXQELVP3ztkWgYGWRhc2hfaDI2NC1iYXNpYy1nZW4yXzcyMHARAHUAZd6oAQA&_nc_gid=An_E-oqDk2_kJ6ObIUY_7g&_nc_ss=7b289&_nc_zt=28&oh=00_Af9XDp2UYSOMH1QN1J9Ov_rs3yrLjAFa-ll8ZfvtOfhC7A&oe=6A36E264 | SD: https://video.fjai6-1.fna.fbcdn.net/o1/v/t2/f2/m412/AQPXv9ybR_yFPOuQq9X0_yI-I9w4Gmlxf1Q-g9VREMPyH-oQtt0zhs9uq0Tl5XkyOapJUA1WTIDvupzQDwGT01a9ZqUhh_Pr1DhQh5i8eA.mp4?_nc_cat=111&_nc_oc=Adrm6oooQGwlysWHR0TeIUGC24FRna5gcL2RuXov6dZBq_f11NU8V67-khQfUBxWZikKmbvYRjUCQJvj-cKfrKJ2&_nc_sid=ef5aa3&_nc_ht=video.fjai6-1.fna.fbcdn.net&_nc_ohc=EuLmuh6aHjEQ7kNvwG5c_6N&efg=eyJ2ZW5jb2RlX3RhZyI6Inhwdl9wcm9ncmVzc2l2ZS5WSV9VU0VDQVNFX1BST0RVQ1RfVFlQRS4uQzMuMzYwLnN2ZV9zZCIsInhwdl9hc3NldF9pZCI6MTAzNjkyOTczOTI4MDg1OSwiYXNzZXRfYWdlX2RheXMiOjgsInZpX3VzZWNhc2VfaWQiOjEwNzk5LCJkdXJhdGlvbl9zIjozNywidXJsZ2VuX3NvdXJjZSI6Ind3dyJ9&ccb=17-1&_nc_gid=An_E-oqDk2_kJ6ObIUY_7g&_nc_ss=7b289&_nc_zt=28&oh=00_Af_5teKCSY5cw90smASKEKOpf93Rgh12re0bsLC04yydrQ&oe=6A36C6AB | Preview: https://scontent.fjai6-1.fna.fbcdn.net/v/t39.35426-6/717442425_1640709590351829_7440856881835936487_n.jpg?_nc_cat=110&ccb=1-7&_nc_sid=c53f8f&_nc_ohc=ClZCQ8GqexgQ7kNvwEW3Ui3&_nc_oc=AdqiLmhFKp1zq40z-NrTXlvxELwl-h-gPDb3K5tTGvnLwpixpAz7H2doVhN1ASK6fJ9PXZ_We2WWDeRamct_k-Ch&_nc_zt=14&_nc_ht=scontent.fjai6-1.fna&_nc_gid=An_E-oqDk2_kJ6ObIUY_7g&_nc_ss=7b289&oh=00_Af-Ls0GEEXdTRcNqDrQw-VNI6xWpTsWNV-STMxasVR3HBA&oe=6A36C7A1,,,,,,,
1540867784369843,https://www.facebook.com/tathasturealtyofficial/,fb.me,https://www.facebook.com/tathasturealtyofficial/,,,,info@tathastu.co,+91 99906 50650,,,,121247310943386,http://fb.me/,Tathastu,https://www.facebook.com/ads/library/?id=1540867784369843,"🚀 Your Business Deserves the Right Address!

Swarnim High Street, Sector-5 Sohna brings you premium commercial shops at an attractive offer price.

💰 Registration Amount: Just ₹49,000
📍 Prime Location
🏬 Premium High Street Shops
📈 Excellent Investment Opportunity
⏳ Limited Units Available

Book today and take the first step towards a profitable business future.

📞 Connect with us now!",19998,Get quote,fb.me,"FACEBOOK; INSTAGRAM; AUDIENCE_NETWORK",2026-06-12,2026-06-14,HD: https://video.fjai6-1.fna.fbcdn.net/o1/v/t2/f2/m366/AQMVqU3JCk6JwbmXS-UkHRQG_wRdSPVhzwL-f0MOxcGONofM0SmIucgJyVkArnpYlhRQAbo1uILM6Ad_qubED8PhZrHsgzSRnvDXnZ-25LCcjA.mp4?_nc_cat=104&_nc_oc=AdqY5iLr2I4_i05ds6azwR6WXGUds0YQ9vKBKt-cZNuv8LKLgYz_yIE6tiZaBZdWtLtWI8n7CQ1eyQefCpS7-V8V&_nc_sid=b66105&_nc_ht=video.fjai6-1.fna.fbcdn.net&_nc_ohc=qU2AP93YrJgQ7kNvwFRNEgX&efg=eyJ2ZW5jb2RlX3RhZyI6Inhwdl9wcm9ncmVzc2l2ZS5WSV9VU0VDQVNFX1BST0RVQ1RfVFlQRS4uQzMuNzIwLmRhc2hfaDI2NC1iYXNpYy1nZW4yXzcyMHAiLCJ4cHZfYXNzZXRfaWQiOjEwMDY2NzUyODg5OTE2NzMsImFzc2V0X2FnZV9kYXlzIjo1LCJ2aV91c2VjYXNlX2lkIjoxMDc5OSwiZHVyYXRpb25fcyI6NTQsInVybGdlbl9zb3VyY2UiOiJ3d3cifQ%3D%3D&ccb=17-1&vs=841952f249bf1f31&_nc_vs=HBksFQIYRWZiX2VwaGVtZXJhbC80MjQ4QUZERjk3NUQ5NTFBNkRFQ0MzMkUyMzU3RDVBMF9tdF8xX3ZpZGVvX2Rhc2hpbml0Lm1wNBUAAsgBEgAVAhhAZmJfcGVybWFuZW50L0E3NEREQ0U5RDg4NDA1MzE1MTY0NzU2M0M3NDcwQjkxX2F1ZGlvX2Rhc2hpbml0Lm1wNBUCAsgBEgAoABgAGwKIB3VzZV9vaWwBMRJwcm9ncmVzc2l2ZV9yZWNpcGUBMRUAACbynomwm-TJAxUCKAJDMywXQEtG6XjU_fQYGWRhc2hfaDI2NC1iYXNpYy1nZW4yXzcyMHARAHUAZd6oAQA&_nc_gid=An_E-oqDk2_kJ6ObIUY_7g&_nc_ss=7b289&_nc_zt=28&oh=00_Af9nEc-I-36uDqMt_qA5WeBavXJnOcBmzkvxxhZhlnRaOQ&oe=6A36B690 | SD: https://video.fjai6-1.fna.fbcdn.net/o1/v/t2/f2/m412/AQMkYw3cZE-sexhhZf1aeNTtK7x_nswSZoeE5udN--SEHgPQ3v_eH_iGpu86MPGjzbBhFg7dB0gkmPAscXCOFJXUQx8EyzjW4QlDW5Pzwg.mp4?_nc_cat=107&_nc_oc=AdpVsg2JupnlFtH1tDaN6TvM9ae3Y8JCyxELKTOpsC25O-sQoJ94KgoFZK_57run1-QmBTfAk0PP6s0qmv1cIcP6&_nc_sid=ef5aa3&_nc_ht=video.fjai6-1.fna.fbcdn.net&_nc_ohc=QDyLswbxc0UQ7kNvwEMsWlU&efg=eyJ2ZW5jb2RlX3RhZyI6Inhwdl9wcm9ncmVzc2l2ZS5WSV9VU0VDQVNFX1BST0RVQ1RfVFlQRS4uQzMuMzYwLnN2ZV9zZCIsInhwdl9hc3NldF9pZCI6MTAwNjY3NTI4ODk5MTY3MywiYXNzZXRfYWdlX2RheXMiOjUsInZpX3VzZWNhc2VfaWQiOjEwNzk5LCJkdXJhdGlvbl9zIjo1NCwidXJsZ2VuX3NvdXJjZSI6Ind3dyJ9&ccb=17-1&_nc_gid=An_E-oqDk2_kJ6ObIUY_7g&_nc_ss=7b289&_nc_zt=28&oh=00_Af9y8zlaJXsXzie5t8jr5dW3jR-gJizaoeH-1RmXmBcAbw&oe=6A36C687 | Preview: https://scontent.fjai6-1.fna.fbcdn.net/v/t39.35426-6/720946612_757952727364002_5833829493304749378_n.jpg?_nc_cat=103&ccb=1-7&_nc_sid=c53f8f&_nc_ohc=GccQI0h_FAQQ7kNvwH5t9Mx&_nc_oc=Adp8afsJpxDinCxfwekro_95yTeW5Z1IUTdmcyyApwGiqE4gdKMEtN1TpldqozEOG37l_GKeuDZ6eT77Xyis3Y2i&_nc_zt=14&_nc_ht=scontent.fjai6-1.fna&_nc_gid=An_E-oqDk2_kJ6ObIUY_7g&_nc_ss=7b289&oh=00_Af9pxOCtl2Oub3bpRK-6_i2PgBDkPmJYxKo2scVievW-Xw&oe=6A36B3CF,,,,,,,
918659627899069,https://www.facebook.com/tathasturealtyofficial/,fb.me,https://www.facebook.com/tathasturealtyofficial/,,,,info@tathastu.co,+91 99906 50650,,,,121247310943386,http://fb.me/,Tathastu,https://www.facebook.com/ads/library/?id=918659627899069,"🚀 Your Business Deserves the Right Address!

Swarnim High Street, Sector-5 Sohna brings you premium commercial shops at an attractive offer price.

💰 Registration Amount: Just ₹49,000
📍 Prime Location
🏬 Premium High Street Shops
📈 Excellent Investment Opportunity
⏳ Limited Units Available

Book today and take the first step towards a profitable business future.

📞 Connect with us now!",19998,Get quote,fb.me,"FACEBOOK; INSTAGRAM; AUDIENCE_NETWORK",2026-06-11,2026-06-14,HD: https://video.fjai6-1.fna.fbcdn.net/o1/v/t2/f2/m366/AQMVqU3JCk6JwbmXS-UkHRQG_wRdSPVhzwL-f0MOxcGONofM0SmIucgJyVkArnpYlhRQAbo1uILM6Ad_qubED8PhZrHsgzSRnvDXnZ-25LCcjA.mp4?_nc_cat=104&_nc_oc=AdqY5iLr2I4_i05ds6azwR6WXGUds0YQ9vKBKt-cZNuv8LKLgYz_yIE6tiZaBZdWtLtWI8n7CQ1eyQefCpS7-V8V&_nc_sid=b66105&_nc_ht=video.fjai6-1.fna.fbcdn.net&_nc_ohc=qU2AP93YrJgQ7kNvwFRNEgX&efg=eyJ2ZW5jb2RlX3RhZyI6Inhwdl9wcm9ncmVzc2l2ZS5WSV9VU0VDQVNFX1BST0RVQ1RfVFlQRS4uQzMuNzIwLmRhc2hfaDI2NC1iYXNpYy1nZW4yXzcyMHAiLCJ4cHZfYXNzZXRfaWQiOjEwMDY2NzUyODg5OTE2NzMsImFzc2V0X2FnZV9kYXlzIjo1LCJ2aV91c2VjYXNlX2lkIjoxMDc5OSwiZHVyYXRpb25fcyI6NTQsInVybGdlbl9zb3VyY2UiOiJ3d3cifQ%3D%3D&ccb=17-1&vs=841952f249bf1f31&_nc_vs=HBksFQIYRWZiX2VwaGVtZXJhbC80MjQ4QUZERjk3NUQ5NTFBNkRFQ0MzMkUyMzU3RDVBMF9tdF8xX3ZpZGVvX2Rhc2hpbml0Lm1wNBUAAsgBEgAVAhhAZmJfcGVybWFuZW50L0E3NEREQ0U5RDg4NDA1MzE1MTY0NzU2M0M3NDcwQjkxX2F1ZGlvX2Rhc2hpbml0Lm1wNBUCAsgBEgAoABgAGwKIB3VzZV9vaWwBMRJwcm9ncmVzc2l2ZV9yZWNpcGUBMRUAACbynomwm-TJAxUCKAJDMywXQEtG6XjU_fQYGWRhc2hfaDI2NC1iYXNpYy1nZW4yXzcyMHARAHUAZd6oAQA&_nc_gid=An_E-oqDk2_kJ6ObIUY_7g&_nc_ss=7b289&_nc_zt=28&oh=00_Af9nEc-I-36uDqMt_qA5WeBavXJnOcBmzkvxxhZhlnRaOQ&oe=6A36B690 | SD: https://video.fjai6-1.fna.fbcdn.net/o1/v/t2/f2/m412/AQMkYw3cZE-sexhhZf1aeNTtK7x_nswSZoeE5udN--SEHgPQ3v_eH_iGpu86MPGjzbBhFg7dB0gkmPAscXCOFJXUQx8EyzjW4QlDW5Pzwg.mp4?_nc_cat=107&_nc_oc=AdpVsg2JupnlFtH1tDaN6TvM9ae3Y8JCyxELKTOpsC25O-sQoJ94KgoFZK_57run1-QmBTfAk0PP6s0qmv1cIcP6&_nc_sid=ef5aa3&_nc_ht=video.fjai6-1.fna.fbcdn.net&_nc_ohc=QDyLswbxc0UQ7kNvwEMsWlU&efg=eyJ2ZW5jb2RlX3RhZyI6Inhwdl9wcm9ncmVzc2l2ZS5WSV9VU0VDQVNFX1BST0RVQ1RfVFlQRS4uQzMuMzYwLnN2ZV9zZCIsInhwdl9hc3NldF9pZCI6MTAwNjY3NTI4ODk5MTY3MywiYXNzZXRfYWdlX2RheXMiOjUsInZpX3VzZWNhc2VfaWQiOjEwNzk5LCJkdXJhdGlvbl9zIjo1NCwidXJsZ2VuX3NvdXJjZSI6Ind3dyJ9&ccb=17-1&_nc_gid=An_E-oqDk2_kJ6ObIUY_7g&_nc_ss=7b289&_nc_zt=28&oh=00_Af9y8zlaJXsXzie5t8jr5dW3jR-gJizaoeH-1RmXmBcAbw&oe=6A36C687 | Preview: https://scontent.fjai6-1.fna.fbcdn.net/v/t39.35426-6/720946612_757952727364002_5833829493304749378_n.jpg?_nc_cat=103&ccb=1-7&_nc_sid=c53f8f&_nc_ohc=GccQI0h_FAQQ7kNvwH5t9Mx&_nc_oc=Adp8afsJpxDinCxfwekro_95yTeW5Z1IUTdmcyyApwGiqE4gdKMEtN1TpldqozEOG37l_GKeuDZ6eT77Xyis3Y2i&_nc_zt=14&_nc_ht=scontent.fjai6-1.fna&_nc_gid=An_E-oqDk2_kJ6ObIUY_7g&_nc_ss=7b289&oh=00_Af9pxOCtl2Oub3bpRK-6_i2PgBDkPmJYxKo2scVievW-Xw&oe=6A36B3CF,,,,,,,
4464705410476530,https://www.facebook.com/61554997743645/,instagram.com,https://www.facebook.com/61554997743645/,http://instagram.com/platinumprime27,,,,,,,,211540245371270,http://instagram.com/platinumprime27,Platinum Prime ,https://www.facebook.com/ads/library/?id=4464705410476530,"Discover the perfect destination for business growth at Platinum Prime, where premium commercial spaces, prime visibility, and modern infrastructure come together to elevate your success. ✨🏢

#CommercialProperty #RetailShops #PlatinumPrime #BusinessInvestment #BhavnagarRealEstate

[Commercial Shops Bhavnagar, Premium Retail Spaces, Business Investment Property, Commercial Real Estate, High Street Commercial Project]",69,Visit Instagram profile,instagram.com,"FACEBOOK; INSTAGRAM",2026-06-04,2026-06-15,,Original: https://scontent.fjai6-1.fna.fbcdn.net/v/t39.35426-6/714103802_994905392912116_3066745485037599994_n.jpg?_nc_cat=101&ccb=1-7&_nc_sid=c53f8f&_nc_ohc=TaZ-nP6aLpoQ7kNvwGxrUEu&_nc_oc=AdpWLghULRtpSq5LQ5LgUaRk-EaHiyRBOEvWFM4MZEFFwGx7SKDwVRFfgbLJAvjrdLbmjsq-42fEC_Z1AHg8QQE1&_nc_zt=14&_nc_ht=scontent.fjai6-1.fna&_nc_gid=An_E-oqDk2_kJ6ObIUY_7g&_nc_ss=7b289&oh=00_Af_xz_9BKdaxB0-R3YubjOB5dRVMuxBQLuzpnaeL0311zA&oe=6A36BB0A | Resized: https://scontent.fjai6-1.fna.fbcdn.net/v/t39.35426-6/717139850_1661754635047685_1807069572097134731_n.jpg?stp=dst-jpg_s600x600_tt6&_nc_cat=107&ccb=1-7&_nc_sid=c53f8f&_nc_ohc=IVT22xl9LzcQ7kNvwHeosxM&_nc_oc=AdpvqRmiGawhMTpO0FbM7DAtEdOORjiXLxwRA5TqRB_4SX0tVq8_YUHp9b9NnhuX1QIuhIUwJqep5I_1zJuEP5U6&_nc_zt=14&_nc_ht=scontent.fjai6-1.fna&_nc_gid=An_E-oqDk2_kJ6ObIUY_7g&_nc_ss=7b289&oh=00_Af9AO_Pe2krwcOFwzDNgQhSbjMUH4upRzTWZo9jb4_btVA&oe=6A36B689,,,,,,
1044352764591203,https://www.facebook.com/61584669445294/,fb.me,https://www.facebook.com/61584669445294/,,,,neelsidhicentrio@gmail.com,+91 96197 92230,,,,923286307527868,http://fb.me/,Neelsidhi Centrio Panvel,https://www.facebook.com/ads/library/?id=1044352764591203,"✅ Show Flat Ready 
✅ 1 BHK @ ₹ 75 L* Onwards | 2 BHK @ ₹ 1.03Cr* Onwards | 3 BHK @ 1.39 Cr* Onwards
✅ 500 Mtrs to Panvel Railway Station
✅ 12000 Sq. Ft Recreation
✅ Podium Garden, Children's Play Area, Swimming Pool & Fitness Centre
✅ MahaRERA No PM1270002501591",23,Learn more,fb.me,"FACEBOOK; INSTAGRAM; AUDIENCE_NETWORK",2026-05-09,2026-06-15,HD: https://video.fjai6-1.fna.fbcdn.net/o1/v/t2/f2/m366/AQPgCcG1FglAmyFqi_yu_vg4hesGCnAzKYtdpTL2TgeQm5iRtFQA8LPgLZwqasEHmLFbi391vGJy9iR20LYPwOdu6Fh_Bg2STSl8UFRbOSIn1g.mp4?_nc_cat=110&_nc_oc=AdqAsFQaOdfWZvRGG9QglwUTWjL90ATmQUmyEowbzaMJjmhXx9de9541WeYvgqg5XFQ_kmwpxK4x8pKO8YtTOmds&_nc_sid=b66105&_nc_ht=video.fjai6-1.fna.fbcdn.net&_nc_ohc=lWLd-xZ_544Q7kNvwH8p5T_&efg=eyJ2ZW5jb2RlX3RhZyI6Inhwdl9wcm9ncmVzc2l2ZS5WSV9VU0VDQVNFX1BST0RVQ1RfVFlQRS4uQzMuNzIwLmRhc2hfaDI2NC1iYXNpYy1nZW4yXzcyMHAiLCJ4cHZfYXNzZXRfaWQiOjEzMzc4NTQxMjQ5MTg4MzksImFzc2V0X2FnZV9kYXlzIjozOCwidmlfdXNlY2FzZV9pZCI6MTA3OTksImR1cmF0aW9uX3MiOjUyLCJ1cmxnZW5fc291cmNlIjoid3d3In0%3D&ccb=17-1&vs=c2562267e43f7bd3&_nc_vs=HBksFQIYRWZiX2VwaGVtZXJhbC9GRTRCQThCRDVGQUIxN0IyOTc0OUFDRjM5REMxOTk4N19tdF8xX3ZpZGVvX2Rhc2hpbml0Lm1wNBUAAsgBEgAVAhhAZmJfcGVybWFuZW50LzgwNDE2MzIyQTk0RkFFMTM5QzFEN0M2MUNENkQwMTlFX2F1ZGlvX2Rhc2hpbml0Lm1wNBUCAsgBEgAoABgAGwKIB3VzZV9vaWwBMRJwcm9ncmVzc2l2ZV9yZWNpcGUBMRUAACbuoIT-rbHgBBUCKAJDMywXQEpd0vGp--cYGWRhc2hfaDI2NC1iYXNpYy1nZW4yXzcyMHARAHUAZd6oAQA&_nc_gid=lf_VnOqRclr5rJ3cChkNMw&_nc_ss=7b289&_nc_zt=28&oh=00_Af9Q_87xGMqaEiJaLqVjHFivSH-sy30GaIUEjj4MfPqSGg&oe=6A36CE3E | SD: https://video.fjai6-1.fna.fbcdn.net/o1/v/t2/f2/m412/AQM16K9vzSRrHp2vxsw_hxBSzauC1w2tO7YrqSVCxbvOQ8Bwv8-H6QU0DebHLuuXZ3gTK8_L0kLuY-GnQbWOdJOEjx-SnThl1cay5Ap_6w.mp4?_nc_cat=105&_nc_oc=Adq7r2rEXfXBjmHhm0RW_37pLoJ2hnang-mmPcQ9eGqFtIABtp5fSkM7Gj-5-7c1hfuj5sCffUv5FbEGkBblVzvm&_nc_sid=ef5aa3&_nc_ht=video.fjai6-1.fna.fbcdn.net&_nc_ohc=aBUk2jueIl8Q7kNvwHNWPIg&efg=eyJ2ZW5jb2RlX3RhZyI6Inhwdl9wcm9ncmVzc2l2ZS5WSV9VU0VDQVNFX1BST0RVQ1RfVFlQRS4uQzMuMzYwLnN2ZV9zZCIsInhwdl9hc3NldF9pZCI6MTMzNzg1NDEyNDkxODgzOSwiYXNzZXRfYWdlX2RheXMiOjM4LCJ2aV91c2VjYXNlX2lkIjoxMDc5OSwiZHVyYXRpb25fcyI6NTIsInVybGdlbl9zb3VyY2UiOiJ3d3cifQ%3D%3D&ccb=17-1&_nc_gid=lf_VnOqRclr5rJ3cChkNMw&_nc_ss=7b289&_nc_zt=28&oh=00_Af9RUHBYuCG2DUqSAHikpj8eQmt7jKXJfvwyVv4rSATFRg&oe=6A36E0F5 | Preview: https://scontent.fjai6-1.fna.fbcdn.net/v/t39.35426-6/689039560_988893210314294_6782217582548837648_n.jpg?_nc_cat=111&ccb=1-7&_nc_sid=c53f8f&_nc_ohc=QGO0qhohYIUQ7kNvwGWW728&_nc_oc=AdqZ9K491v48qyDmh9stJfIRJRYBJ3kJ-NobjlvDfGWOXoVatJfOQuWSQxxZzAJUdjsDogQ-fGZ-QYfIjK0YO6a9&_nc_zt=14&_nc_ht=scontent.fjai6-1.fna&_nc_gid=lf_VnOqRclr5rJ3cChkNMw&_nc_ss=7b289&oh=00_Af-71ZT7eF-C8SI7tjqaP5Pr-uTC7K72Ivww6rO-qhS37A&oe=6A36CEA7,,,,,,,
994582596701900,https://www.facebook.com/61580773061890/,fb.me,https://www.facebook.com/61580773061890/,,,,,+91 80910 98091,,,,1045531211984118,http://fb.me/,Suvidhi Signature,https://www.facebook.com/ads/library/?id=994582596701900,"🚀 Prozone Mall पासून अवघ्या 1 मिनिटावर स्वतःचे ऑफिस असणे आता स्वप्न नाही!

आपल्या व्यवसायाला द्या एक प्रीमियम ओळख आणि कॉर्पोरेट दर्जाचा पत्ता — Suvidhi Signature मध्ये.

✅ Prozone Mall पासून 1 मिनिट अंतरावर
✅ Opp. CIDCO N1, Prime Location
✅ Premium Corporate Offices
✅ Excellent Visibility & Connectivity
✅ Offices Starting From ₹35 Lakhs*

आजच तुमचे ऑफिस बुक करा आणि तुमच्या व्यवसायाच्या यशाला द्या नवी उंची.

📞 Call Now: 8091 09 8091

#SuvidhiSignature #OfficeSpace #CommercialProperty #CIDCON1 #ProzoneMall #OfficeForSale #CorporateAddress #BusinessGrowth",,Get offer,fb.me,"FACEBOOK; INSTAGRAM",2026-06-12,2026-06-15,HD: https://video.fjai6-1.fna.fbcdn.net/o1/v/t2/f2/m366/AQP8WYAcHYtNv7PB_qc53kTBA4fI0U_0Ng8DOg2z2s4bOgySoWfRP-ssej-_tz5soC9uF6mnWC1vbFEI1tBHiN2ecuTh6vUSQTKCcmcsDw6boA.mp4?_nc_cat=102&_nc_oc=Adp_k-j41_xpX6BopHKqJWu14zyTuoT0BTQvoLuw2bw6CAnJ8Vsw6kSKsh0FkKZYgQm8oWzyabESnW9Fu5EfO6ml&_nc_sid=b66105&_nc_ht=video.fjai6-1.fna.fbcdn.net&_nc_ohc=ZpRWkNAsLd0Q7kNvwFcoKi4&efg=eyJ2ZW5jb2RlX3RhZyI6Inhwdl9wcm9ncmVzc2l2ZS5WSV9VU0VDQVNFX1BST0RVQ1RfVFlQRS4uQzMuNzIwLmRhc2hfaDI2NC1iYXNpYy1nZW4yXzcyMHAiLCJ4cHZfYXNzZXRfaWQiOjE1Mzc0MTY2MzQ4NDEzOTQsImFzc2V0X2FnZV9kYXlzIjo5LCJ2aV91c2VjYXNlX2lkIjoxMDc5OSwiZHVyYXRpb25fcyI6NjUsInVybGdlbl9zb3VyY2UiOiJ3d3cifQ%3D%3D&ccb=17-1&vs=2eee86cc1e1c7406&_nc_vs=HBksFQIYRWZiX2VwaGVtZXJhbC9BNTRCMDEzNkMzOEQ2MDVBNEU5N0Q3RTEyMTM4RUY4MV9tdF8xX3ZpZGVvX2Rhc2hpbml0Lm1wNBUAAsgBEgAVAhhAZmJfcGVybWFuZW50L0JFNERBMjgwRjQ3NzczRkY1RUY5N0ZBQjJDOTNBNEI3X2F1ZGlvX2Rhc2hpbml0Lm1wNBUCAsgBEgAoABgAGwKIB3VzZV9vaWwBMRJwcm9ncmVzc2l2ZV9yZWNpcGUBMRUAACbk5KHGtpG7BRUCKAJDMywXQFBogxJul40YGWRhc2hfaDI2NC1iYXNpYy1nZW4yXzcyMHARAHUAZd6oAQA&_nc_gid=lf_VnOqRclr5rJ3cChkNMw&_nc_ss=7b289&_nc_zt=28&oh=00_Af_ex5a4qP2kkQLjOD0TEyEOUWDKarAYuNbSmshnGAf3EQ&oe=6A36D1BA | SD: https://video.fjai6-1.fna.fbcdn.net/o1/v/t2/f2/m412/AQP-MI-UIy0lZ2xqLKajDWG2buoZMdgiGrs90eqOgj9DQUbhTHHz2AERnrQYzbEfAr2YPG8z80TNb-GhNnNYuzBdAJ93AwiaAjvHo9x1pA.mp4?_nc_cat=106&_nc_oc=AdpNjVdi7sRHYz8tbj9x0hgpQWy59KAvmjHEl7thsxA4HWB3ZqIQYohc4cubY89hw7ZA7gNWbLsu4KYQchVP_tws&_nc_sid=ef5aa3&_nc_ht=video.fjai6-1.fna.fbcdn.net&_nc_ohc=SGBlUIcGtHAQ7kNvwFTNzh7&efg=eyJ2ZW5jb2RlX3RhZyI6Inhwdl9wcm9ncmVzc2l2ZS5WSV9VU0VDQVNFX1BST0RVQ1RfVFlQRS4uQzMuMzYwLnN2ZV9zZCIsInhwdl9hc3NldF9pZCI6MTUzNzQxNjYzNDg0MTM5NCwiYXNzZXRfYWdlX2RheXMiOjksInZpX3VzZWNhc2VfaWQiOjEwNzk5LCJkdXJhdGlvbl9zIjo2NSwidXJsZ2VuX3NvdXJjZSI6Ind3dyJ9&ccb=17-1&_nc_gid=lf_VnOqRclr5rJ3cChkNMw&_nc_ss=7b289&_nc_zt=28&oh=00_Af_4y-2T7K34w76PB4PC6k6Kb0qW5elN26WPAhTzDkVR8w&oe=6A36B1CC | Preview: https://scontent.fjai6-1.fna.fbcdn.net/v/t39.35426-6/716922599_1544886333651246_1538732267528784794_n.jpg?_nc_cat=108&ccb=1-7&_nc_sid=c53f8f&_nc_ohc=OCQQI6G6JkoQ7kNvwGujHx3&_nc_oc=AdrMrd6x0mZYF5cl-boywfqGBdHKSNBOdd-5F0TpvCKrgJw6EApC2t2hsXS7DNJ-UdFioECbgaFSZvB7WxWrKBRx&_nc_zt=14&_nc_ht=scontent.fjai6-1.fna&_nc_gid=lf_VnOqRclr5rJ3cChkNMw&_nc_ss=7b289&oh=00_Af9ONanGRkgUwXW_MYSTOezr6OcBSjL8cSYIc7c_afX3tQ&oe=6A36B21B,,,,,,,
1003048382125917,https://www.facebook.com/61576477264351/,api.whatsapp.com,https://www.facebook.com/61576477264351/,,,,gouravbhardwajj91@gmail.com,+91 92169 65058,,,,1053752834486542,https://api.whatsapp.com/send,Investwithgourav,https://www.facebook.com/ads/library/?id=1003048382125917,Future Commercial Hub,11,Send WhatsApp message,api.whatsapp.com,"FACEBOOK; INSTAGRAM; WHATSAPP",2026-06-11,2026-06-15,HD: https://video.fjai6-1.fna.fbcdn.net/o1/v/t2/f2/m366/AQMZbf4WSA2muPJ5ZAMUnAdUcGYCZB58YLjEEHAVJ7TeAolqVjDpxw8x2Db1iG7HNyweek2i5TVe2epiLipzaYo17ll3J6nq1zp4EOXK10EosA.mp4?_nc_cat=111&_nc_oc=AdpXWgXdturSlCKm4DahVEtCmtDewT9mOLykyeCwG4M7w5cWwOCuEeFX-DO9ck_x7waeZoc6wUADEdbAQnZF6392&_nc_sid=b66105&_nc_ht=video.fjai6-1.fna.fbcdn.net&_nc_ohc=D5vKmEiyuNEQ7kNvwFaMc5a&efg=eyJ2ZW5jb2RlX3RhZyI6Inhwdl9wcm9ncmVzc2l2ZS5WSV9VU0VDQVNFX1BST0RVQ1RfVFlQRS4uQzMuNzIwLmRhc2hfaDI2NC1iYXNpYy1nZW4yXzcyMHAiLCJ4cHZfYXNzZXRfaWQiOjk2MTU3ODI0Njc1MTI3NSwiYXNzZXRfYWdlX2RheXMiOjIzLCJ2aV91c2VjYXNlX2lkIjoxMDc5OSwiZHVyYXRpb25fcyI6MzYsInVybGdlbl9zb3VyY2UiOiJ3d3cifQ%3D%3D&ccb=17-1&vs=9670ca968f85216&_nc_vs=HBksFQIYRWZiX2VwaGVtZXJhbC82ODQ3MENBRkVDRUM4QTYyMzk5NzM3RDZGMEJGOTk5M19tdF8xX3ZpZGVvX2Rhc2hpbml0Lm1wNBUAAsgBEgAVAhhAZmJfcGVybWFuZW50Lzk4NDBERENCNjA3NTQ3OTRGMTBGQjU2NzY3RURENUIwX2F1ZGlvX2Rhc2hpbml0Lm1wNBUCAsgBEgAoABgAGwKIB3VzZV9vaWwBMRJwcm9ncmVzc2l2ZV9yZWNpcGUBMRUAACbWkJKdnKO1AxUCKAJDMywXQEJMzMzMzM0YGWRhc2hfaDI2NC1iYXNpYy1nZW4yXzcyMHARAHUAZd6oAQA&_nc_gid=lf_VnOqRclr5rJ3cChkNMw&_nc_ss=7b289&_nc_zt=28&oh=00_Af9AEFMSvSgsZ4WZHcVuoV7pTke-u9O44rtyM2pbxHKS1w&oe=6A36B745 | SD: https://video.fjai6-1.fna.fbcdn.net/o1/v/t2/f2/m412/AQOnEyma4CMvrpC0hzqWaRkFwkir6Es4_Xo8HlCA1J3qVQlnI3zy0VomuiHEHBFEZcBjYh41mkj_BuTsOKSqTWmqgwbMbUimCcrNBlnW-w.mp4?_nc_cat=101&_nc_oc=Ado7ioquYj1hiGMQ3YunUQj4xUtT_rpSH2rNJIubGEClxR4FTO0C7l0eN7mZ7BvfsKzZ581nNTACACkbyRhb8MV3&_nc_sid=ef5aa3&_nc_ht=video.fjai6-1.fna.fbcdn.net&_nc_ohc=B3s6aWnCo7EQ7kNvwHk3xM4&efg=eyJ2ZW5jb2RlX3RhZyI6Inhwdl9wcm9ncmVzc2l2ZS5WSV9VU0VDQVNFX1BST0RVQ1RfVFlQRS4uQzMuMzYwLnN2ZV9zZCIsInhwdl9hc3NldF9pZCI6OTYxNTc4MjQ2NzUxMjc1LCJhc3NldF9hZ2VfZGF5cyI6MjMsInZpX3VzZWNhc2VfaWQiOjEwNzk5LCJkdXJhdGlvbl9zIjozNiwidXJsZ2VuX3NvdXJjZSI6Ind3dyJ9&ccb=17-1&_nc_gid=lf_VnOqRclr5rJ3cChkNMw&_nc_ss=7b289&_nc_zt=28&oh=00_Af99jRKcSrWgvkrYD4TO-u_6KDbz97wlAhiqoYwyeJavUQ&oe=6A36D4F9 | Preview: https://scontent.fjai6-1.fna.fbcdn.net/v/t39.35426-6/712784838_988946320786544_6425494091934624365_n.jpg?_nc_cat=107&ccb=1-7&_nc_sid=c53f8f&_nc_ohc=eyjBekwyR_sQ7kNvwH4NyXS&_nc_oc=AdoVnvna1vrbBF2IFrCnA3qVzgU75_IWu4DcYiugwTM9By7eVX0RBs4afc1S8YTdCOqO2Y-VrlEtMqjxwG8U8YRF&_nc_zt=14&_nc_ht=scontent.fjai6-1.fna&_nc_gid=lf_VnOqRclr5rJ3cChkNMw&_nc_ss=7b289&oh=00_Af_yDrmrPYLogcyaZcVfB-hLpHixwvBAxxwSvn9cuOTFOQ&oe=6A36BE34,,,,,,,
1294779899480533,https://www.facebook.com/equityplanners/,fb.me,https://www.facebook.com/equityplanners/,,,,hr@equityplanners.in,098105 14637,,,,111328098566272,http://fb.me/,Equity Planners,https://www.facebook.com/ads/library/?id=1294779899480533,"Own Premium Office Space At Group 108 One FNG, Sector 142 Noida | Starting At ₹1.29 Cr*

✅ Direct Aqua Line Metro Connectivity
✅ Close To DND & Yamuna Expressway
✅ Near Upcoming Jewar International Airport
✅ Flexible 50:25:25 Payment Plan

Book A Free Site Visit Today",458,Get quote,fb.me,"FACEBOOK; INSTAGRAM",2026-06-09,2026-06-15,HD: https://video.fjai6-1.fna.fbcdn.net/o1/v/t2/f2/m366/AQP8GyK892jF30y23jp2KhOjVeoNRJJbcc09rvN_d5EhO8Z2F0emG5CteTlwCj6s6NKs5o3vIFa7qoE-YeKDbPZCNvBlvbs0LrEj0sHZngphUQ.mp4?_nc_cat=103&_nc_oc=AdqwWKgLGknsV0gyP9mAnNK5HMH2qA-NE6SykD8ZCYSWKpdq71CiKxsKfWpDNd-uBuLR4a0wh6uLvamWdLthFSo-&_nc_sid=b66105&_nc_ht=video.fjai6-1.fna.fbcdn.net&_nc_ohc=wBCZVoMPobUQ7kNvwGtSIpx&efg=eyJ2ZW5jb2RlX3RhZyI6Inhwdl9wcm9ncmVzc2l2ZS5WSV9VU0VDQVNFX1BST0RVQ1RfVFlQRS4uQzMuNzIwLmRhc2hfaDI2NC1iYXNpYy1nZW4yXzcyMHAiLCJ4cHZfYXNzZXRfaWQiOjIxODYzOTQ1MDU0NTMwMTEsImFzc2V0X2FnZV9kYXlzIjo3LCJ2aV91c2VjYXNlX2lkIjoxMDc5OSwiZHVyYXRpb25fcyI6NDYsInVybGdlbl9zb3VyY2UiOiJ3d3cifQ%3D%3D&ccb=17-1&vs=ba3969b7e12b14e1&_nc_vs=HBksFQIYRWZiX2VwaGVtZXJhbC9FNTQyQ0ZCNThGOUQ2QkQ3QzRBM0Q1Mzc5QzA1QTA5Ml9tdF8xX3ZpZGVvX2Rhc2hpbml0Lm1wNBUAAsgBEgAVAhhAZmJfcGVybWFuZW50Lzk2NDU3RUFGQzMzMzMxMDA4MzJEQ0FGNTczNEVBM0I2X2F1ZGlvX2Rhc2hpbml0Lm1wNBUCAsgBEgAoABgAGwKIB3VzZV9vaWwBMRJwcm9ncmVzc2l2ZV9yZWNpcGUBMRUAACam97C99KDiBxUCKAJDMywXQEcj1wo9cKQYGWRhc2hfaDI2NC1iYXNpYy1nZW4yXzcyMHARAHUAZd6oAQA&_nc_gid=Flcl5C-kiCil2_Ja6fUUNg&_nc_ss=7b289&_nc_zt=28&oh=00_Af_KXYNwOO6BjNnUJZIsA6S-2BYZ8ZWe6WYBGujQfEQcjg&oe=6A36CD0D | SD: https://video.fjai6-1.fna.fbcdn.net/o1/v/t2/f2/m412/AQN-BRXt5IErnw7g3HLIPSojMSADhGs77VDMNpqi3dDw3C8Co8prp1Ju0UYRgbgw9Ez5HEIDWSQBWohyDiePcTiPMHJdB8rddKrrs9XoPg.mp4?_nc_cat=102&_nc_oc=Adp-_-j24byyQF8bJtKWQVN4iolpIOF-7WQHm8_PPIUof_7pHCKaKTnlnbhkFP25QT0zcQ4N3U-g9HjrdSH7ewIa&_nc_sid=ef5aa3&_nc_ht=video.fjai6-1.fna.fbcdn.net&_nc_ohc=j1WbS-FJVKYQ7kNvwG5I1Nc&efg=eyJ2ZW5jb2RlX3RhZyI6Inhwdl9wcm9ncmVzc2l2ZS5WSV9VU0VDQVNFX1BST0RVQ1RfVFlQRS4uQzMuMzYwLnN2ZV9zZCIsInhwdl9hc3NldF9pZCI6MjE4NjM5NDUwNTQ1MzAxMSwiYXNzZXRfYWdlX2RheXMiOjcsInZpX3VzZWNhc2VfaWQiOjEwNzk5LCJkdXJhdGlvbl9zIjo0NiwidXJsZ2VuX3NvdXJjZSI6Ind3dyJ9&ccb=17-1&_nc_gid=Flcl5C-kiCil2_Ja6fUUNg&_nc_ss=7b289&_nc_zt=28&oh=00_Af9WGdRXF8W2GBbZtUh_PwwUKPcNosbeibe5LWRJW-iHxw&oe=6A36D984 | Preview: https://scontent.fjai6-1.fna.fbcdn.net/v/t39.35426-6/719883842_1516840060101547_1460128145978641240_n.jpg?_nc_cat=105&ccb=1-7&_nc_sid=c53f8f&_nc_ohc=Kr0uZiBvcuUQ7kNvwGO4gsQ&_nc_oc=AdqNjfZM-4znzoLbfjfEH7wBLMh3ZGbcqm7Y2TAd32fdXWjYHN85OIUtOOXr7QCCRT5_1TjAMzhQ96180OjEc7CB&_nc_zt=14&_nc_ht=scontent.fjai6-1.fna&_nc_gid=Flcl5C-kiCil2_Ja6fUUNg&_nc_ss=7b289&oh=00_Af-DxwHuiD7xbggI73FIm6YRDB4gCE6TtzDnl51cuMHmRQ&oe=6A36D457,,,,,,,
1502179991395005,https://www.facebook.com/61584669445294/,fb.me,https://www.facebook.com/61584669445294/,,,,neelsidhicentrio@gmail.com,+91 96197 92230,,,,923286307527868,http://fb.me/,Neelsidhi Centrio Panvel,https://www.facebook.com/ads/library/?id=1502179991395005,"✅ Show Flat Ready 
✅ 1 BHK @ ₹ 75 L* Onwards | 2 BHK @ ₹ 1.03Cr* Onwards | 3 BHK @ 1.39 Cr* Onwards
✅ 500 Mtrs to Panvel Railway Station
✅ 12000 Sq. Ft Recreation
✅ Podium Garden, Children's Play Area, Swimming Pool & Fitness Centre
✅ MahaRERA No PM1270002501591",23,Learn more,fb.me,"FACEBOOK; INSTAGRAM; AUDIENCE_NETWORK",2026-05-05,2026-06-15,HD: https://video.fjai6-1.fna.fbcdn.net/o1/v/t2/f2/m366/AQMEIJFAbqEQpgkefBiZE8fIK-eCHR2EmXz3zrJ6UfGgkGEFaNwFEis-UKtrokaXDA9HV5775kb732ORzI1undhBMjIxBiRXKgTkP-XoHqQR7g.mp4?_nc_cat=109&_nc_oc=AdpfO7Uf0igHXvyShZ67avfXi1fGBVasuXxPLkmgI4jk2Degr_VGiMXGIu5vbWOo3e8ZVcCiv3pFMjivz0YsaF_B&_nc_sid=b66105&_nc_ht=video.fjai6-1.fna.fbcdn.net&_nc_ohc=bMZJcIfBBBoQ7kNvwHCWqQj&efg=eyJ2ZW5jb2RlX3RhZyI6Inhwdl9wcm9ncmVzc2l2ZS5WSV9VU0VDQVNFX1BST0RVQ1RfVFlQRS4uQzMuNzIwLmRhc2hfaDI2NC1iYXNpYy1nZW4yXzcyMHAiLCJ4cHZfYXNzZXRfaWQiOjExOTczMDc3NzU2MTY5MjEsImFzc2V0X2FnZV9kYXlzIjo5MywidmlfdXNlY2FzZV9pZCI6MTA3OTksImR1cmF0aW9uX3MiOjE1LCJ1cmxnZW5fc291cmNlIjoid3d3In0%3D&ccb=17-1&vs=dfbe7e61561b19aa&_nc_vs=HBksFQIYRWZiX2VwaGVtZXJhbC84MzQ0MzcxMTVGNjY3QTc0NEI1MzYwRTZBNkY4NkY5RV9tdF8xX3ZpZGVvX2Rhc2hpbml0Lm1wNBUAAsgBEgAVAhhAZmJfcGVybWFuZW50L0VENEMwQTlEMzVCMkRBNzkyRTQ1NEY2QjM4QTZBNEJGX2F1ZGlvX2Rhc2hpbml0Lm1wNBUCAsgBEgAoABgAGwKIB3VzZV9vaWwBMRJwcm9ncmVzc2l2ZV9yZWNpcGUBMRUAACaynriKvrygBBUCKAJDMywXQC4AAAAAAAAYGWRhc2hfaDI2NC1iYXNpYy1nZW4yXzcyMHARAHUAZd6oAQA&_nc_gid=ctkVRTpFVGJimUx9w44fEQ&_nc_ss=7b289&_nc_zt=28&oh=00_Af_d5QcfhuK7m0F3rbaAY8LyFamui1Q0T_Xk6zNN2WB-TA&oe=6A36C51B | SD: https://video.fjai6-1.fna.fbcdn.net/o1/v/t2/f2/m412/AQPwoQhKwRMeFaxCnvnLkxEN6Md_BL0NKfERvaqXFIYfMn_qzn_GIkoiOrR8LC3thpKip9rwp9eKJoSpDzgyoKYfoLiSoDTQ9Yp9GyJ6-A.mp4?_nc_cat=106&_nc_oc=Ado55-quBF3gMW7Gv5icFk8thnCneOjP0iFmVWeOyHWSwB9th4pZer6ID0lS29Z9drjZtyEn8EPuh7_52tEEMU3Y&_nc_sid=ef5aa3&_nc_ht=video.fjai6-1.fna.fbcdn.net&_nc_ohc=BAhtwtIvrcMQ7kNvwE7iKJs&efg=eyJ2ZW5jb2RlX3RhZyI6Inhwdl9wcm9ncmVzc2l2ZS5WSV9VU0VDQVNFX1BST0RVQ1RfVFlQRS4uQzMuMzYwLnN2ZV9zZCIsInhwdl9hc3NldF9pZCI6MTE5NzMwNzc3NTYxNjkyMSwiYXNzZXRfYWdlX2RheXMiOjkzLCJ2aV91c2VjYXNlX2lkIjoxMDc5OSwiZHVyYXRpb25fcyI6MTUsInVybGdlbl9zb3VyY2UiOiJ3d3cifQ%3D%3D&ccb=17-1&_nc_gid=ctkVRTpFVGJimUx9w44fEQ&_nc_ss=7b289&_nc_zt=28&oh=00_Af8-RJlxe_bCeiu1RI30gPHVnko56mvYsMA4oPWZYfaKhA&oe=6A36B02C | Preview: https://scontent.fjai6-1.fna.fbcdn.net/v/t39.35426-6/687519222_981293367590430_5034154382290827746_n.jpg?_nc_cat=104&ccb=1-7&_nc_sid=c53f8f&_nc_ohc=Jc_Vi_1t64QQ7kNvwGfuyuO&_nc_oc=AdpX6m3o2ZChA98UuVyfIJRL_81Y3-G9-jJoqkFeYrxu_975Tst07MfcmdidNBo8_X15eGNGuu5a1uZUS9NF6xHz&_nc_zt=14&_nc_ht=scontent.fjai6-1.fna&_nc_gid=ctkVRTpFVGJimUx9w44fEQ&_nc_ss=7b289&oh=00_Af8A4APAzvao737lnflVtvNpnWs14SuniDWV-lvi68ASfg&oe=6A36BE4F,,,,,,,
2067187270849286,https://www.facebook.com/ansh3dstudio/,api.whatsapp.com,https://www.facebook.com/ansh3dstudio/,,,,ansh3dstudio@gmail.com,+91 97662 29424,,,,102161138549494,https://api.whatsapp.com/send,Ansh 3D Studio,https://www.facebook.com/ads/library/?id=2067187270849286,"तुमचे स्वप्नातील घर किंवा कमर्शिअल प्रोजेक्ट प्रत्यक्षात कसे दिसेल, हे पाहण्यासाठी आता वाट पाहण्याची गरज नाही!

ANSH 3D STUDIO घेऊन आले आहेत रेसिडेन्शिअल आणि कमर्शिअल प्रोजेक्ट्सचे जागतिक दर्जाचे 3D डिझाइनिंग!

आता कामात विलंब नको! आम्ही देतो सर्वात जलद सर्व्हिस आणि तीही तुमच्या खिशाला परवडेल अशा वाजवी दरात.

➡️ आमच्या सेवा 

✅ 3D डिझाईनिंग
✅ वॉकथ्रू व्हिडिओ
✅ कट सेक्शन व्हियू 

तर मग वाट कसली बघताय?

📞 आजच आम्हाला 9766229424 या क्रमांकावर कॉल किंवा WhatsApp  करा आणि तुमच्या ड्रीम प्रोजेक्टची सुरुवात करा",178,Send WhatsApp message,api.whatsapp.com,"FACEBOOK; INSTAGRAM; AUDIENCE_NETWORK; MESSENGER; WHATSAPP",2026-06-13,2026-06-15,HD: https://video.fjai6-1.fna.fbcdn.net/o1/v/t2/f2/m366/AQPqAv5pwRqp9rdf_Mqlo5v5y441Bd7I3li9bzo51cn3KJsPR2upV_viMd50VAxopCHGpkk5Edi-dZT4PqfiQE0Y1hFZ5maHwmjmhW0AphC4sw.mp4?_nc_cat=100&_nc_oc=AdroVMbDZ5tfc0sjTNXOcnL0ZlsMz9HXClqIs1Z6IX1uj1lJtTPCj4qGAR9Pf6BEhjfvW6Efu3P1RJtQY4blUmbG&_nc_sid=b66105&_nc_ht=video.fjai6-1.fna.fbcdn.net&_nc_ohc=XsnfItc7OqkQ7kNvwG-elcv&efg=eyJ2ZW5jb2RlX3RhZyI6Inhwdl9wcm9ncmVzc2l2ZS5WSV9VU0VDQVNFX1BST0RVQ1RfVFlQRS4uQzMuMTI4MC5kYXNoX2gyNjQtYmFzaWMtZ2VuMl83MjBwIiwieHB2X2Fzc2V0X2lkIjo0MzExMzA4Njc1ODAwMTc2LCJhc3NldF9hZ2VfZGF5cyI6OTAsInZpX3VzZWNhc2VfaWQiOjEwNzk5LCJkdXJhdGlvbl9zIjo1MywidXJsZ2VuX3NvdXJjZSI6Ind3dyJ9&ccb=17-1&vs=ec03c3f539b093a8&_nc_vs=HBksFQIYRWZiX2VwaGVtZXJhbC8zNjQ2NkIzRUJGMTVENDNDNUQxMUI3OTdBMTU0MjdBNV9tdF8xX3ZpZGVvX2Rhc2hpbml0Lm1wNBUAAsgBEgAVAhhAZmJfcGVybWFuZW50Lzk3NDZGRjRCM0NBMTFFODQ2NUFERUFERkQ4MkJDODg1X2F1ZGlvX2Rhc2hpbml0Lm1wNBUCAsgBEgAoABgAGwKIB3VzZV9vaWwBMRJwcm9ncmVzc2l2ZV9yZWNpcGUBMRUAACbg8ZrimMeoDxUCKAJDMywXQErwo9cKPXEYGWRhc2hfaDI2NC1iYXNpYy1nZW4yXzcyMHARAHUAZd6oAQA&_nc_gid=vm0cKvs6viswYITM8iWPQg&_nc_ss=7b289&_nc_zt=28&oh=00_Af9XMEm0dgURD1UE2ten_Yf470hTY17dBHOOehbOpPBJPw&oe=6A36BB04 | SD: https://video.fjai6-1.fna.fbcdn.net/o1/v/t2/f2/m412/AQM70uXMLP3D-8con7TaeN5-2_MINqwlJ8VIBhDu5jm-s9zCsSTXhi-jVsDiY52IbUO1SEY68cCYUCfhZAiCzTaYKOTMfpRLVq48cJw4Kg.mp4?_nc_cat=110&_nc_oc=AdrNgG1N5oO33_NNLP8fC0hbZjfrX8bQYobPBHVEGjeBZA5Ubr8HYSey0_5JqOSLXF4N3q1QEEPrzr4ginNj90FD&_nc_sid=ef5aa3&_nc_ht=video.fjai6-1.fna.fbcdn.net&_nc_ohc=VScalqL0_BoQ7kNvwHk_SxT&efg=eyJ2ZW5jb2RlX3RhZyI6Inhwdl9wcm9ncmVzc2l2ZS5WSV9VU0VDQVNFX1BST0RVQ1RfVFlQRS4uQzMuNjQwLnN2ZV9zZCIsInhwdl9hc3NldF9pZCI6NDMxMTMwODY3NTgwMDE3NiwiYXNzZXRfYWdlX2RheXMiOjkwLCJ2aV91c2VjYXNlX2lkIjoxMDc5OSwiZHVyYXRpb25fcyI6NTMsInVybGdlbl9zb3VyY2UiOiJ3d3cifQ%3D%3D&ccb=17-1&_nc_gid=vm0cKvs6viswYITM8iWPQg&_nc_ss=7b289&_nc_zt=28&oh=00_Af-_crXpMNrHE7n5vIhaL-UrTtinXf4eYVhSSVSQ3n0AiQ&oe=6A36C8C8 | Preview: https://scontent.fjai6-1.fna.fbcdn.net/v/t39.35426-6/724091954_1684088336133533_6270913276379247832_n.jpg?_nc_cat=108&ccb=1-7&_nc_sid=c53f8f&_nc_ohc=Gm7iOvmxhIsQ7kNvwH9MB8r&_nc_oc=Adoch85dRrlCtw3KXDRM-ho-F-Z3ELjkD1oq96hkWgTxsKPH_DXmQo5_3V4BiaqHmiaXRwUg6NoNF9TCfUU3GiGE&_nc_zt=14&_nc_ht=scontent.fjai6-1.fna&_nc_gid=vm0cKvs6viswYITM8iWPQg&_nc_ss=7b289&oh=00_Af-fIzssRMMdEYyfnenQRBDjUqASUzDPpqRoWTjvxz_LuQ&oe=6A36E276,,,,,,,
1021590553663219,https://www.facebook.com/61575203273991/,api.whatsapp.com,https://www.facebook.com/61575203273991/,,,,,,,,,624471297418137,https://api.whatsapp.com/send,Atimportingconsultant,https://www.facebook.com/ads/library/?id=1021590553663219,"Looking for World-Class Interiors That Truly Stand Out?

Why settle for the ordinary when you can transform your space with luxury furniture handpicked from China, Turkey, and Italy, with end-to-end service handled by professionals.

We take care of everything for you:
📏 On-site Measurements
🛂 Visa & Travel Coordination
✈️ Sourcing Visits to China
🏨 Comfortable Accommodation
🛍️ Vendor Selection & Product Sourcing
📦 Shipping & Logistics
🚚 Site Delivery
🧑‍🔧 Installation Support
✅ Perfect for Villas, 3BHK+, Hotels & Premium Residences
✅ Starting from ₹20–30 Lakhs
✅ Hassle-Free, Turnkey Service
✅ Designed for Clients Who Want Global Quality

💬 Comment ""INTERESTED"" or DM us to get full process & pricing details.

Let’s build something world-class together 🌍✨",263,Send WhatsApp message,api.whatsapp.com,"FACEBOOK; INSTAGRAM; AUDIENCE_NETWORK; MESSENGER; WHATSAPP",2026-06-12,2026-06-13,HD: https://video.fjai6-1.fna.fbcdn.net/o1/v/t2/f2/m367/AQO5mNBAhVKbp7BgRSYzu5vf48pt3xe8T7PoeRhbT3jZzn7vgeOeTRiJqZ-eUpkQaxD8GqA7ck5gSKcOQyCJjgRRSDQw662uJk-82NjAHw.mp4?_nc_cat=100&_nc_oc=AdpLPrMyC-Qo8q4X-voB6_62Lo7tL5v45eH84-5UUvo412aC9k-Qni1kLkVNOiTNAR1iSVbeK8e2Wfsxjy9P60n8&_nc_sid=ef5aa3&_nc_ht=video.fjai6-1.fna.fbcdn.net&_nc_ohc=HMdzC9mbgAgQ7kNvwFi4Ffv&efg=eyJ2ZW5jb2RlX3RhZyI6Inhwdl9wcm9ncmVzc2l2ZS5WSV9VU0VDQVNFX1BST0RVQ1RfVFlQRS4uQzMuNzIwLnByb2dyZXNzaXZlX2gyNjQtYmFzaWMtZ2VuMl83MjBwIiwieHB2X2Fzc2V0X2lkIjo5NzE2OTcwOTIyMjc4OTUsImFzc2V0X2FnZV9kYXlzIjo0MywidmlfdXNlY2FzZV9pZCI6MTAwOTksImR1cmF0aW9uX3MiOjEwOCwidXJsZ2VuX3NvdXJjZSI6Ind3dyJ9&ccb=17-1&_nc_gid=JB-k_I56ZmX_jQKpnBoYxQ&_nc_ss=7b289&_nc_zt=28&oh=00_Af9WFfJU7c5DITnYMCXrVRZ8D7zl65iG4Li4E3CFXGZf7A&oe=6A36E53E | SD: https://video.fjai6-1.fna.fbcdn.net/o1/v/t2/f2/m367/AQNrN96oQ5i8fe_vanQnum2LHLebkRMTsvnkkA2sKHY09yDaNgu0aPYMLn2DBFRjPwH1rKqBibxSOUfFizSY8reeQmRmDVzyGmcg0M_GWw.mp4?_nc_cat=103&_nc_oc=AdrhO2qININfxsjTaDESQF8Ac6R8SnZNQJg-zVRk3I1YfGt0ByIe95K2aOOeKr4J3-TgsC7URi1VKu0MCujjZDvj&_nc_sid=ef5aa3&_nc_ht=video.fjai6-1.fna.fbcdn.net&_nc_ohc=gVNA0oK7KeYQ7kNvwEmfm-o&efg=eyJ2ZW5jb2RlX3RhZyI6Inhwdl9wcm9ncmVzc2l2ZS5WSV9VU0VDQVNFX1BST0RVQ1RfVFlQRS4uQzMuMzYwLnByb2dyZXNzaXZlX2gyNjQtYmFzaWMtZ2VuMl8zNjBwIiwieHB2X2Fzc2V0X2lkIjo5NzE2OTcwOTIyMjc4OTUsImFzc2V0X2FnZV9kYXlzIjo0MywidmlfdXNlY2FzZV9pZCI6MTAwOTksImR1cmF0aW9uX3MiOjEwOCwidXJsZ2VuX3NvdXJjZSI6Ind3dyJ9&ccb=17-1&_nc_gid=JB-k_I56ZmX_jQKpnBoYxQ&_nc_ss=7b289&_nc_zt=28&oh=00_Af_KnH875MbKBlxiuiKXC3Wi1nQPjAV8YkBmdY5NvljtDA&oe=6A36B847 | Preview: https://scontent.fjai6-1.fna.fbcdn.net/v/t39.35426-6/720066350_2493296624517820_6842390303982820106_n.jpg?_nc_cat=111&ccb=1-7&_nc_sid=c53f8f&_nc_ohc=UxwOlwEaKHEQ7kNvwGaZEmB&_nc_oc=AdqlZmn4Ny7hCAWQ9vBpQ239kqm9aGd_QoHT1tu0NYnaQrU4ql25BorAEcl9CTttfMSkED4E2dj0I5Od3etoohmC&_nc_zt=14&_nc_ht=scontent.fjai6-1.fna&_nc_gid=JB-k_I56ZmX_jQKpnBoYxQ&_nc_ss=7b289&oh=00_Af8aCKUeDrdDislQyKE7xRwEV1F9k6e971qMiD64Kvp6aw&oe=6A36CA21,,,,,,,
1021417877076097,https://www.facebook.com/61590730048630/,facebook.com,https://www.facebook.com/61590730048630/,,,,,+91 97654 64333,,,,1138220719378421,https://facebook.com/61590730048630,Kawal Arcade,https://www.facebook.com/ads/library/?id=1021417877076097,"Kawal Arcade is a premium commercial project in Nana Peth, near Laxmi Road, Pune. Offering well-planned shops & office spaces in a prime high-footfall location. Contact us for details, pricing & site visit.",1,Send WhatsApp message,api.whatsapp.com,"FACEBOOK; INSTAGRAM; AUDIENCE_NETWORK; MESSENGER",2026-06-11,2026-06-15,,Original: https://scontent.fjai6-1.fna.fbcdn.net/v/t39.35426-6/721208769_1722232395731541_2644748343177174489_n.jpg?_nc_cat=105&ccb=1-7&_nc_sid=c53f8f&_nc_ohc=aAqfeAkapPAQ7kNvwHr4EVH&_nc_oc=AdoTL3RR07LPDz44GkfI6UVtsYijdMHjt0uYzWQfNNkusyYiUxsXt-15PHh3fv0AEAyZrVWoHZzoKNbcV_ef5uIY&_nc_zt=14&_nc_ht=scontent.fjai6-1.fna&_nc_gid=mFMcTPNDJ7zhVkbnI9oOpQ&_nc_ss=7b289&oh=00_Af_fXb19wEOtC9iMJnVhT3bsBZUxFlOy_vqmNQjI71okrA&oe=6A36B586 | Resized: https://scontent.fjai6-1.fna.fbcdn.net/v/t39.35426-6/721860328_996693010020491_660334835172544543_n.jpg?stp=dst-jpg_s600x600_tt6&_nc_cat=100&ccb=1-7&_nc_sid=c53f8f&_nc_ohc=CvGcn1_-ReQQ7kNvwFIoP8b&_nc_oc=Adrg0meylzDOeogminGsnVA6PYwtNlyyRdy3hcgo1KJQGMtqqhjVS21oD5JVgd8sviOfDZGD-BEzUcJePAH2N1-p&_nc_zt=14&_nc_ht=scontent.fjai6-1.fna&_nc_gid=mFMcTPNDJ7zhVkbnI9oOpQ&_nc_ss=7b289&oh=00_Af-cwy7kHfkjNteGo_EWe4gUdjNv_xDFVn1cuNmXl7qkWw&oe=6A36E432,,,,,,
541234681692522,https://www.instagram.com/_u/tanushinteriors,instagram.com,https://www.instagram.com/_u/tanushinteriors,http://instagram.com/tanushinteriors,,,,,,,,102486935889082,http://instagram.com/tanushinteriors,tanushinteriors,https://www.facebook.com/ads/library/?id=541234681692522,"4500:sq ft huge commercial project at Tapkir Icon, Pune. A office premises designed for 120 employees with 3executive cabins, conference room and cafeteria . Starting now
#interiordesign #interiorstyling#viralreels#mumbaidecor#puneinteriordesigners #interiorstyling #viralpost #puneinteriordesigners #commercial",,Visit Instagram profile,instagram.com,INSTAGRAM,2024-09-15,2026-05-12,HD: https://video.fjai6-1.fna.fbcdn.net/o1/v/t2/f2/m412/AQNLW7EfjoaV924caqesWpCziC0M8jl2_f3kUmdaoZX5Fp4Rk2F5fA8_VTCEj0f4qVCUCeTO4LaJSOcP-XnJ6vfd.mp4?_nc_cat=102&_nc_oc=Adp6MyUcW_INa1dfYPQyrr8ZidRUHs3d3KoTiHeybaN1i4Dyn-_q-9ptVe6ylUEZiWyczxp-8NL8IqWrN3fOPxDg&_nc_sid=ef5aa3&_nc_ht=video.fjai6-1.fna.fbcdn.net&_nc_ohc=i_DAb7Fw4QYQ7kNvwHBLD_2&efg=eyJ2ZW5jb2RlX3RhZyI6Inhwdl9wcm9ncmVzc2l2ZS5WSV9VU0VDQVNFX1BST0RVQ1RfVFlQRS4uQzMuNzE2LmFzaWNfaHEyX2hkX3Byb2dyZXNzaXZlIiwieHB2X2Fzc2V0X2lkIjoxNjY2ODA2Mzc0MzIzNDU3LCJhc3NldF9hZ2VfZGF5cyI6NjEsInZpX3VzZWNhc2VfaWQiOjEwNjgwLCJkdXJhdGlvbl9zIjoyMiwidXJsZ2VuX3NvdXJjZSI6Ind3dyJ9&ccb=17-1&_nc_gid=mFMcTPNDJ7zhVkbnI9oOpQ&_nc_ss=7b289&_nc_zt=28&oh=00_Af-Ajvx2bFFIYfUJA2999iGG658hg2R9BGDCHdPqrJ58UQ&oe=6A36DAD7 | SD: https://video.fjai6-1.fna.fbcdn.net/o1/v/t2/f2/m412/AQObXjd9nkp-tkZceH9MidKbXxqJWWfJtT95djMaWHC6dyekjK1Xe-6OCZS2yMerTM5hrosRgnXpmE1Lhaik664.mp4?_nc_cat=103&_nc_oc=AdohlPtEReSyO5NVbFR1pc-wAbl-183BwpxDroeVSZEWnypmTYXsiexfRM2pF9hTG92RflzaROIgs9LK4dEPjfPM&_nc_sid=ef5aa3&_nc_ht=video.fjai6-1.fna.fbcdn.net&_nc_ohc=-u7QK76V-_YQ7kNvwFg-rWY&efg=eyJ2ZW5jb2RlX3RhZyI6Inhwdl9wcm9ncmVzc2l2ZS5WSV9VU0VDQVNFX1BST0RVQ1RfVFlQRS4uQzMuMzU2LmFzaWNfaHExX3NkX3Byb2dyZXNzaXZlIiwieHB2X2Fzc2V0X2lkIjoxNjY2ODA2Mzc0MzIzNDU3LCJhc3NldF9hZ2VfZGF5cyI6NjEsInZpX3VzZWNhc2VfaWQiOjEwNjgwLCJkdXJhdGlvbl9zIjoyMiwidXJsZ2VuX3NvdXJjZSI6Ind3dyJ9&ccb=17-1&_nc_gid=mFMcTPNDJ7zhVkbnI9oOpQ&_nc_ss=7b289&_nc_zt=28&oh=00_Af8m_XUHKJEYPpib3rjx_JBKInw6S4j3c4bNJShH_7ZV4A&oe=6A36D4D7 | Preview: https://scontent.fjai6-1.fna.fbcdn.net/v/t39.35426-6/459525148_1704331590392839_5407029385595894395_n.jpg?_nc_cat=106&ccb=1-7&_nc_sid=c53f8f&_nc_ohc=6ZQWrb2cep0Q7kNvwFEH227&_nc_oc=AdovwhAEUq1iI9uwwQWNHeDZzfulBMbALDBTzjpoTqYdvGI1-oU94QCwdZwBcPiFmCZ5GfpY1idEt-yLEmUel63G&_nc_zt=14&_nc_ht=scontent.fjai6-1.fna&_nc_gid=mFMcTPNDJ7zhVkbnI9oOpQ&_nc_ss=7b289&oh=00_Af8tdqAZTKvWTt45UcqCaOmO-OA-x6q-4tQQVenWSNcS5Q&oe=6A36B99A,,,,,,,
1930952644227892,https://www.facebook.com/61579644254515/,instagram.com,https://www.facebook.com/61579644254515/,https://www.instagram.com/_u/aarambhinfrawell,,,aarambhinfrawell@gmail.com,+91 93117 60800,,,,787135767812411,https://www.instagram.com/_u/aarambhinfrawell,Aarambhinfrawell,https://www.facebook.com/ads/library/?id=1930952644227892,"✨ Where Visionary Brands Claim Their Prime Address — Greater Noida Edition ✨
Picture your business soaring in Greater Noi'sa's hottest commercial epicenter—fueled by explosive growth, vibrant energy, and endless opportunities.
Premium Spaces for Bold Ambitions
Discover handcrafted commercial gems built to dominate:
🏢 Sleek, modern offices for dynamic teams
🛍️ High-visibility retail shops & lavish showrooms
🍴 Thriving food court zones for foodie empires & quick-service hits
Each space delivers unmatched visibility, seamless connectivity, and enduring value—your ultimate launchpad for success.
Unbeatable Location Perks
📍 Heart of Greater Noida’s growth corridor
⚡ Massive footfall from booming residential & corporate hubs
💼 Ready-to-move + flexible options
Transform your address into a marketing powerhouse that works 24/7.
Secure Your Edge Today
Starting at just ₹35 Lakhs*
📲 Dial now: +91 8010315060 | +91 9311760800
📩 DM ""BROCHURE"" for instant details
#greaternoidacommercial #officeforrent #retailshops #foodcourtinvestment #investingreaternoida #businesshub #commercialproperty #greaternoidarealty #shopforsale #ncrcommercial #propertydeals #aarambhinfrawell",247,Visit Instagram profile,www.instagram.com,INSTAGRAM,2026-06-10,2026-06-15,SD: https://video.fjai6-1.fna.fbcdn.net/o1/v/t2/f2/m86/AQMNbsQORXjHpKE_OdL4OoZEdjlCWw4VA0dH73-oH0OjolVw8M8KHPsLIU8yqtl0m_Rjoc3d_NldpPpClipGF2FcTADmk53l0yUREM4.mp4?_nc_cat=111&_nc_oc=AdqjmZqg16v8eKlm_PtKr1XDJQtU8Y8rUg00KRkxcjvLZrhRjE70hG1mX9DFJA1BrdrwkN36Gfpf28VFGgm_qL9q&_nc_sid=b66105&_nc_ht=video.fjai6-1.fna.fbcdn.net&_nc_ohc=9hVWHkcXUR4Q7kNvwERqC3K&efg=eyJ2ZW5jb2RlX3RhZyI6Inhwdl9wcm9ncmVzc2l2ZS5WSV9VU0VDQVNFX1BST0RVQ1RfVFlQRS4uQzMuNjQwLmRhc2hfYmFzZWxpbmVfM192MSIsInhwdl9hc3NldF9pZCI6ODkzODAwMDgyOTc3Mzc0LCJhc3NldF9hZ2VfZGF5cyI6MTg0LCJ2aV91c2VjYXNlX2lkIjoxMDA5OSwiZHVyYXRpb25fcyI6NzEsInVybGdlbl9zb3VyY2UiOiJ3d3cifQ%3D%3D&ccb=17-1&vs=336f1f0911489605&_nc_vs=HBksFQIYUmlnX3hwdl9yZWVsc19wZXJtYW5lbnRfc3JfcHJvZC82NjRCQjM2RUVEQjkyM0ZEMTU1NDVCODJGQjM5QTdBQ192aWRlb19kYXNoaW5pdC5tcDQVAALIARIAFQIYRmlnX3hwdl9yZWVsc19wZXJtYW5lbnRfc3JfcHJvZC84NzM0NTMzMDIxNjUyNjBfODI1MzYxMDk3Nzg0NzUyOTk4Ny5tcDQVAgLIARIAKAAYABsCiAd1c2Vfb2lsATEScHJvZ3Jlc3NpdmVfcmVjaXBlATEVAAAmvMmRx4G6lgMVAigCQzMsF0BR0QYk3S8bGBJkYXNoX2Jhc2VsaW5lXzNfdjERAHUAZeadAQA&_nc_gid=mFMcTPNDJ7zhVkbnI9oOpQ&_nc_ss=7b289&_nc_zt=28&oh=00_Af_vjzc6Tn_dzO6A3oJ-GNT5SBK0JX3DzcbicZpqyZBhjw&oe=6A32F078 | Preview: https://scontent.fjai6-1.fna.fbcdn.net/v/t39.35426-6/720244566_868550962392928_1501942235144314402_n.jpg?_nc_cat=106&ccb=1-7&_nc_sid=c53f8f&_nc_ohc=HYiIwWzZ5ToQ7kNvwF4RRGU&_nc_oc=AdpbYJL6kgui-eT1nM0t6jSsy925WMQPZ8wer36Vmfg50Khp-D7M0069tRgG5tooqHkCiIBaK6OjSCQ9eBVrr23q&_nc_zt=14&_nc_ht=scontent.fjai6-1.fna&_nc_gid=mFMcTPNDJ7zhVkbnI9oOpQ&_nc_ss=7b289&oh=00_Af8a4kUnykK0T_u52Rrx59NJcWENOL2vTEoNpJ6kMwTxFw&oe=6A36D215,,,,,,,
3066710613537933,https://www.facebook.com/ardorstructuralsystem.in/,fb.me,https://www.facebook.com/ardorstructuralsystem.in/,,,,info@ardorstructuralsystem.com,+91 90489 08061,,,,205499902636004,http://fb.me/,Ardor Structural System,https://www.facebook.com/ads/library/?id=3066710613537933,"Is your commercial project above 5000 sq.ft.? 
Build it fast, with no budget strain, using quality steel. Ardor's structural designs are the strength behind bigger dreams. Powered by structural engineering, offering durable strength and on-time delivery. 
A fast, reliable & efficient way to build steel structures for warehouses & commercial buildings. Only for projects above 5000 sq.ft. if you have a project in plan contact now!  let's build with Ardor.
#steelarchitecture #steelbuildings #warehouse #factory #ardor",90,Learn more,fb.me,"FACEBOOK; INSTAGRAM; AUDIENCE_NETWORK",2026-06-12,2026-06-15,HD: https://video.fjai6-1.fna.fbcdn.net/o1/v/t2/f2/m366/AQOP5NiTawpenyuWR9LZzdOwWYWN25Fk36XLOWtOo7vjcJDBY2duTW2Cc6jCavjPJo17lYPbGMmv5cfZQACY3uB7d0m4uK51bVCn7Kj-GpQGrQ.mp4?_nc_cat=103&_nc_oc=Adr5oA_0rcek-GJNGiHoq542iF9ZqgIAvZ8JOpDY53qdJw5pZvYfjS_k83JtWCqV8C6RcUWlYaeUr-GS5G68m0Fi&_nc_sid=b66105&_nc_ht=video.fjai6-1.fna.fbcdn.net&_nc_ohc=09JaHlGHMu0Q7kNvwHx7VSL&efg=eyJ2ZW5jb2RlX3RhZyI6Inhwdl9wcm9ncmVzc2l2ZS5WSV9VU0VDQVNFX1BST0RVQ1RfVFlQRS4uQzMuNzIwLmRhc2hfaDI2NC1iYXNpYy1nZW4yXzcyMHAiLCJ4cHZfYXNzZXRfaWQiOjE1NDI2MjI5MzA1NTE5MjAsImFzc2V0X2FnZV9kYXlzIjo0LCJ2aV91c2VjYXNlX2lkIjoxMDc5OSwiZHVyYXRpb25fcyI6MjAsInVybGdlbl9zb3VyY2UiOiJ3d3cifQ%3D%3D&ccb=17-1&vs=d67ea081f4e81bb6&_nc_vs=HBksFQIYRWZiX2VwaGVtZXJhbC9DMzRCRDg4QUVCMjRCNzE1RTBBQTlFMTAzQjY0QTNCNV9tdF8xX3ZpZGVvX2Rhc2hpbml0Lm1wNBUAAsgBEgAVAhhAZmJfcGVybWFuZW50LzBDNDkzQkU1MjAyNEU1NTI5RDA2NTgwRjgyOERGMkFEX2F1ZGlvX2Rhc2hpbml0Lm1wNBUCAsgBEgAoABgAGwKIB3VzZV9vaWwBMRJwcm9ncmVzc2l2ZV9yZWNpcGUBMRUAACbgkeK8vMC9BRUCKAJDMywXQDRz987ZFocYGWRhc2hfaDI2NC1iYXNpYy1nZW4yXzcyMHARAHUAZd6oAQA&_nc_gid=mFMcTPNDJ7zhVkbnI9oOpQ&_nc_ss=7b289&_nc_zt=28&oh=00_Af9JISfW8HDSMv1VviZrzGRpIpl4bzXp39tqhajiZjgTeQ&oe=6A36CCD9 | SD: https://video.fjai6-1.fna.fbcdn.net/o1/v/t2/f2/m412/AQNFFa1029ICC7DTxklsTsZJ9G71F-W_EAMp6j2s6gfLlkOf3gEamSAPS3BBNKD73gqr5hxKkbSEViqxxcfqZ-ZUDjEN9soEzfwZflF7qw.mp4?_nc_cat=109&_nc_oc=AdpA4FBdkzsv30ZIZsldLZcNkbSLq6mxcqa10WWvUsxT2mAm73aWGO28WLFFfkNGTXryXWAJh2YB4CIOz3UHXD2S&_nc_sid=ef5aa3&_nc_ht=video.fjai6-1.fna.fbcdn.net&_nc_ohc=YOHFAovzlIQQ7kNvwHiD1ht&efg=eyJ2ZW5jb2RlX3RhZyI6Inhwdl9wcm9ncmVzc2l2ZS5WSV9VU0VDQVNFX1BST0RVQ1RfVFlQRS4uQzMuMzYwLnN2ZV9zZCIsInhwdl9hc3NldF9pZCI6MTU0MjYyMjkzMDU1MTkyMCwiYXNzZXRfYWdlX2RheXMiOjQsInZpX3VzZWNhc2VfaWQiOjEwNzk5LCJkdXJhdGlvbl9zIjoyMCwidXJsZ2VuX3NvdXJjZSI6Ind3dyJ9&ccb=17-1&_nc_gid=mFMcTPNDJ7zhVkbnI9oOpQ&_nc_ss=7b289&_nc_zt=28&oh=00_Af9UWxZRQUhiVqo_yTTS0EDqx05_aH7bhj0SPR15qtLsaw&oe=6A36BD3D | Preview: https://scontent.fjai6-1.fna.fbcdn.net/v/t39.35426-6/721349028_28323801000543452_2388832089296123462_n.jpg?_nc_cat=109&ccb=1-7&_nc_sid=c53f8f&_nc_ohc=_R0WhionGZUQ7kNvwF_gEga&_nc_oc=AdplzwQ8Gcs2eeMfDSDyFpWPIIHtf_IyfNJTskLEwv7npwd13RTyfQliT4hozayw0vbDMPX-nEJwE2YvUdkdPQzo&_nc_zt=14&_nc_ht=scontent.fjai6-1.fna&_nc_gid=mFMcTPNDJ7zhVkbnI9oOpQ&_nc_ss=7b289&oh=00_Af-_HIjLH5JsCuy-gtfx8sP51xgCR_R2DUBcRGIp-sXeug&oe=6A36C628,,,,,,,
1414161250512447,https://www.facebook.com/61579283042227/,api.whatsapp.com,https://www.facebook.com/61579283042227/,,,,,+91 70018 20374,,,,783204758202378,https://api.whatsapp.com/send,First Brick Properties,https://www.facebook.com/ads/library/?id=1414161250512447,"🏢 Shop Booking Available Now!

Looking for the perfect commercial space to grow your business?

Introducing NH-10 Square, a premium commercial project located at  Fulbari, near Siliguri. Whether you're planning a retail outlet, showroom, office, or investment property, this is your opportunity to secure a space in a fast-growing commercial destination.

📍 Project Location: NH-10 Square, Fulbari, Near Siliguri

💼 Shops Available
💰 Starting from ₹26 Lakhs to ₹60 Lakhs
📍 Prime Location with Excellent Connectivity
📈 High Growth & Investment Potential
🏗️ Ongoing Project

Be a part of a thriving commercial hub and take your business to the next level with NH-10 Square.

📞 Contact First Brick today for site visits and booking details.

For More Details:
📱 +91 83718 74510
📱 +91 70018 20374
📱 +91 80161 51211

#FirstBrick #NH10Square #Fulbari #Siliguri #ShopBookingOpen #CommercialProperty #ShopsForSale #BusinessSpace #CommercialInvestment #RetailSpace #PropertyInvestment #OngoingProject #InvestmentOpportunity #CommercialShops #BusinessGrowth #RealEstate #PrimeLocation #SmartInvestment #CommercialHub #PropertyForSale #Entrepreneurship #BusinessOpportunity #RealEstateInvestment #SiliguriProperties #FulbariCommercialProject",60,Send WhatsApp message,api.whatsapp.com,"FACEBOOK; INSTAGRAM; WHATSAPP",2026-06-11,2026-06-15,HD: https://video.fjai6-1.fna.fbcdn.net/o1/v/t2/f2/m366/AQNZE1X3cvp3Uin_A3R3mfoR59VAwr-dzXR7nXO7e5BH2IDqoK3gsyd-FhYIKdmdjHau1t7hXjVQPykYt3k6g2mRUwwpCXWPU2pxRlzasOqfvQ.mp4?_nc_cat=103&_nc_oc=AdroiNwpCE4_a61xrVnztW62RDuAxXvgV1WK-5SpptI9mSVWmYRmHwDHUTQc1rQDkV4-yK73Z5s0kkEZxXmTS3aO&_nc_sid=b66105&_nc_ht=video.fjai6-1.fna.fbcdn.net&_nc_ohc=m2B5eKIvOskQ7kNvwGEyopp&efg=eyJ2ZW5jb2RlX3RhZyI6Inhwdl9wcm9ncmVzc2l2ZS5WSV9VU0VDQVNFX1BST0RVQ1RfVFlQRS4uQzMuNzIwLmRhc2hfaDI2NC1iYXNpYy1nZW4yXzcyMHAiLCJ4cHZfYXNzZXRfaWQiOjIwMzM1OTM4MzA1OTEwMjEsImFzc2V0X2FnZV9kYXlzIjo1LCJ2aV91c2VjYXNlX2lkIjoxMDEyMiwiZHVyYXRpb25fcyI6MzI2LCJ1cmxnZW5fc291cmNlIjoid3d3In0%3D&ccb=17-1&vs=967c43d26b089020&_nc_vs=HBksFQIYRWZiX2VwaGVtZXJhbC9FNzQwNzFBMTU1NjY5OEU5OTE0Mjc3Q0RGM0VBN0FBRF9tdF8xX3ZpZGVvX2Rhc2hpbml0Lm1wNBUAAsgBEgAVAhhAZmJfcGVybWFuZW50LzRBNDA3OUY3MDhFOUUxQzA2OTNBQkE5QTNFRDA0Mzg4X2F1ZGlvX2Rhc2hpbml0Lm1wNBUCAsgBEgAoABgAGwKIB3VzZV9vaWwBMRJwcm9ncmVzc2l2ZV9yZWNpcGUBMRUAACbaqJ7e3uKcBxUCKAJDMywXQHRgAAAAAAAYGWRhc2hfaDI2NC1iYXNpYy1nZW4yXzcyMHARAHUAZZSeAQA&_nc_gid=mFMcTPNDJ7zhVkbnI9oOpQ&_nc_ss=7b289&_nc_zt=28&oh=00_Af8WERj8Ctf5jVtMlIuVlKrGnYhueQvpPiVAmyf2aSGOLg&oe=6A36D691 | SD: https://video.fjai6-1.fna.fbcdn.net/o1/v/t2/f2/m412/AQNEsGYlUySrjub8GGX-tRD4pMOHf8J93iQMRkN8Gr3a-8EoZ0pBi2FINgY8dVkK9dsjoi379eCchwLfBTuiFqbUzGbnlwOEzplOJ3et4w.mp4?_nc_cat=105&_nc_oc=AdqTy2dngShU5JHVL_tQ84J9IqVnQ0hUYGAVmCBfEQBfS7R0GJPt_1qJw5XwGRST8MyMA-7pu6J0A1OChEMndN9p&_nc_sid=ef5aa3&_nc_ht=video.fjai6-1.fna.fbcdn.net&_nc_ohc=PSx3TusAIeYQ7kNvwFmX3e0&efg=eyJ2ZW5jb2RlX3RhZyI6Inhwdl9wcm9ncmVzc2l2ZS5WSV9VU0VDQVNFX1BST0RVQ1RfVFlQRS4uQzMuMzYwLnN2ZV9zZCIsInhwdl9hc3NldF9pZCI6MjAzMzU5MzgzMDU5MTAyMSwiYXNzZXRfYWdlX2RheXMiOjUsInZpX3VzZWNhc2VfaWQiOjEwMTIyLCJkdXJhdGlvbl9zIjozMjYsInVybGdlbl9zb3VyY2UiOiJ3d3cifQ%3D%3D&ccb=17-1&_nc_gid=mFMcTPNDJ7zhVkbnI9oOpQ&_nc_ss=7b289&_nc_zt=28&oh=00_Af-3I2Ol8YfT_zoRsxPXAowmRpCGEMzGEI5aQs0dL_PwJw&oe=6A36C6F1 | Preview: https://scontent.fjai6-1.fna.fbcdn.net/v/t39.35426-6/718981037_1486970902566310_8176371996261784477_n.jpg?_nc_cat=106&ccb=1-7&_nc_sid=c53f8f&_nc_ohc=mZcoTo28sswQ7kNvwEkPkT8&_nc_oc=AdosWM2lJKhWpk7IGx-BAiIjwBh1wS9XNT0NDZyTscGJfo7PUjsZoVznF14HkuG7bDlM5wX5hwVt6xVA2k3MAS71&_nc_zt=14&_nc_ht=scontent.fjai6-1.fna&_nc_gid=mFMcTPNDJ7zhVkbnI9oOpQ&_nc_ss=7b289&oh=00_Af-yhH569rR08fth5UpsXMsYFWj1gMw8FbPNrGcIAFYkbQ&oe=6A36DC04,,,,,,,
762217693584233,https://www.facebook.com/61587489361601/,fb.me,https://www.facebook.com/61587489361601/,,,,,,,,,1015946551594821,http://fb.me/,Vashundhraainfra official,https://www.facebook.com/ads/library/?id=762217693584233,Earn rental income every month from a prime mall shop.,246,Get offer,fb.me,"FACEBOOK; INSTAGRAM; AUDIENCE_NETWORK",2026-06-05,2026-06-15,,Original: https://scontent.fjai6-1.fna.fbcdn.net/v/t39.35426-6/702242654_1698770124644077_7746467428059975986_n.jpg?_nc_cat=100&ccb=1-7&_nc_sid=c53f8f&_nc_ohc=0aRAGsK_-8EQ7kNvwEgLqhx&_nc_oc=AdpgN4WOWECa9do2c3P8WK4H_rfldM8jjakC7QA1RFIhlZO4e4Kc6UPzKXlKwmjoRr31ER-rQqrtoXV8KDn3dwIy&_nc_zt=14&_nc_ht=scontent.fjai6-1.fna&_nc_gid=IkmpEZ0zcDXnXseLmLuwoQ&_nc_ss=7b289&oh=00_Af-fJnz_vaXdzbKhtL5X7aWjTVbH-ooWsZ4vUtukfWfY7g&oe=6A36CB30 | Resized: https://scontent.fjai6-1.fna.fbcdn.net/v/t39.35426-6/700378206_26611561095179140_6934779898757081863_n.jpg?stp=dst-jpg_s600x600_tt6&_nc_cat=111&ccb=1-7&_nc_sid=c53f8f&_nc_ohc=co1N95jWZ6IQ7kNvwHHZae_&_nc_oc=AdplVziXZyzpaJJXZrJcuUu1jxRDnkacrJ_rGF7sGwy6etWXCxwp-dRIp0p2rH4EOw763b4A6a7X10eTyl6dMU2s&_nc_zt=14&_nc_ht=scontent.fjai6-1.fna&_nc_gid=IkmpEZ0zcDXnXseLmLuwoQ&_nc_ss=7b289&oh=00_Af_do0RnCbfe1PFQB43clYT7AIdk9QdhEOyspVwxRXnYiw&oe=6A36C570,,,,,,
1502889617908075,https://www.facebook.com/100095331973432/,fb.me,https://www.facebook.com/100095331973432/,,,,,,,,,103767406148222,http://fb.me/,Pune Commercial Project,https://www.facebook.com/ads/library/?id=1502889617908075,"Restaurant space available for lease in Pimple Saudagar.
Large rooftop + indoor dining setup with parking available.
Ideal for restaurant owners looking to launch or expand their brand.
Enquire now.",37,Get quote,fb.me,"FACEBOOK; INSTAGRAM; AUDIENCE_NETWORK",2026-05-06,2026-06-15,,Original: https://scontent.fjai6-1.fna.fbcdn.net/v/t39.35426-6/690645490_1510011844130340_661161028723391985_n.jpg?_nc_cat=105&ccb=1-7&_nc_sid=c53f8f&_nc_ohc=Se82kscT9NEQ7kNvwEAhwtH&_nc_oc=Adri8UzVmdLP3DySmz2RjuqXshH822mayLwGsyij8KnrekBCQeT6RalRwX6tCOQVCay5cg_wziilL3AlxYrbuzlA&_nc_zt=14&_nc_ht=scontent.fjai6-1.fna&_nc_gid=IkmpEZ0zcDXnXseLmLuwoQ&_nc_ss=7b289&oh=00_Af_7rvUV4DR9paCBcoPHP1wuiaht7pvaJwXl7NXmtrCimg&oe=6A36E636 | Resized: https://scontent.fjai6-1.fna.fbcdn.net/v/t39.35426-6/687043885_1250880616823621_2218205137017506744_n.jpg?stp=dst-jpg_s600x600_tt6&_nc_cat=104&ccb=1-7&_nc_sid=c53f8f&_nc_ohc=x2BriSuEMZQQ7kNvwGJcp2p&_nc_oc=AdoQThE5GTFIF7tewjo0ljBpNCvL7n_Hu92r1RDYHDD1wC2uTHF-HgpVldjVdkV3heJlxGrkzJkNq6VVfQRBxx_W&_nc_zt=14&_nc_ht=scontent.fjai6-1.fna&_nc_gid=IkmpEZ0zcDXnXseLmLuwoQ&_nc_ss=7b289&oh=00_Af8Md8ap_fenenBcmFbVvd5-yPDvHPfVv19K1Yhr3YZlbg&oe=6A36DDDC,,,,,,
1323309315965959,https://www.facebook.com/100063713365412/,fb.me,https://www.facebook.com/100063713365412/,,,,,,,,,611644549493731,http://fb.me/,M.O Construction,https://www.facebook.com/ads/library/?id=1323309315965959,"🏗️ इंदौर की सबसे विश्वसनीय कंस्ट्रक्शन कंपनी के साथ बनाएं अपने सपनों का आशियाना! 🏡

क्या आप अपने सपनों का घर, बंगला, रो-हाउस, बिल्डिंग या कमर्शियल प्रोजेक्ट बनवाने की योजना बना रहे हैं?

M.O Construction लेकर आया है बेहतरीन निर्माण सेवाएं सिर्फ ₹1299/- प्रति वर्गफुट (मटेरियल सहित) की आकर्षक कीमत पर।

✅ उच्च गुणवत्ता वाली निर्माण सामग्री
✅ अनुभवी इंजीनियर एवं विशेषज्ञ टीम
✅ समय पर कार्य पूर्ण करने की गारंटी
✅ आधुनिक डिजाइन एवं मजबूत निर्माण
✅ पूरी पारदर्शिता के साथ कार्य

🔹 हमारी सेवाएं:
🏠 बंगला निर्माण
🏡 मकान निर्माण
🏢 बिल्डिंग निर्माण
🏘️ रो-हाउस निर्माण
🏭 कमर्शियल एवं फैक्ट्री निर्माण

🎁 विशेष ऑफर:
निर्माण कार्य के साथ पाएं FREE Modular Kitchen* (नियम एवं शर्तें लागू)

आज ही अपने सपनों के घर की शुरुआत करें और भरोसा करें इंदौर की विश्वसनीय कंस्ट्रक्शन कंपनी पर।

📞 संपर्क करें:
+91 91313 30339
+91 98939 03909

M.O Construction – मजबूत निर्माण, बेहतरीन भविष्य। ✨",499,Sign up,fb.me,"FACEBOOK; INSTAGRAM; AUDIENCE_NETWORK",2026-06-12,2026-06-15,HD: https://video.fjai6-1.fna.fbcdn.net/o1/v/t2/f2/m366/AQOHvG4GKbY_zo2FVBhRM8qpun70H38bZN6mjQP_uWxBGKTv87lKdjmOh3xswiN_B2MgXTXjvqVZP3LtcaNFc0LxgAToCD24WfKbw1KMXcYuaQ.mp4?_nc_cat=101&_nc_oc=AdqV8lOzxjxwn66qCmG_AAOH9ZsO8N5K-qajk2x5OmOUiLZi6M8AulP-WvzHkT2p_eCtG2El7Huahc5Hhnc5WY9O&_nc_sid=b66105&_nc_ht=video.fjai6-1.fna.fbcdn.net&_nc_ohc=l5PjRaBP5bgQ7kNvwEiBLN7&efg=eyJ2ZW5jb2RlX3RhZyI6Inhwdl9wcm9ncmVzc2l2ZS5WSV9VU0VDQVNFX1BST0RVQ1RfVFlQRS4uQzMuNzIwLmRhc2hfaDI2NC1iYXNpYy1nZW4yXzcyMHAiLCJ4cHZfYXNzZXRfaWQiOjE1NjcwMjc0OTUwMDAxNjcsImFzc2V0X2FnZV9kYXlzIjo0LCJ2aV91c2VjYXNlX2lkIjoxMDc5OSwiZHVyYXRpb25fcyI6NDAsInVybGdlbl9zb3VyY2UiOiJ3d3cifQ%3D%3D&ccb=17-1&vs=20a51df5482c5573&_nc_vs=HBksFQIYRWZiX2VwaGVtZXJhbC84MzRFMUY1QzdBM0Q2NkQ3MDhDRjE5NkI5RjkwRTFCMl9tdF8xX3ZpZGVvX2Rhc2hpbml0Lm1wNBUAAsgBEgAVAhhAZmJfcGVybWFuZW50L0VFNDhFODg2ODc0M0M2NkY3ODBBMzA5MkNCRDI2Nzg4X2F1ZGlvX2Rhc2hpbml0Lm1wNBUCAsgBEgAoABgAGwKIB3VzZV9vaWwBMRJwcm9ncmVzc2l2ZV9yZWNpcGUBMRUAACbO4YrTgM3IBRUCKAJDMywXQERiDEm6XjUYGWRhc2hfaDI2NC1iYXNpYy1nZW4yXzcyMHARAHUAZd6oAQA&_nc_gid=IkmpEZ0zcDXnXseLmLuwoQ&_nc_ss=7b289&_nc_zt=28&oh=00_Af9R-R2-V4NPiUi_2PZTu6iw4dJLHz-s-plx07ET1T1TIw&oe=6A36CA9F | SD: https://video.fjai6-1.fna.fbcdn.net/o1/v/t2/f2/m412/AQO6p1No7q7Rtkq7KXTSTBTnOU2fhVX0rwvXysoflbhjWMXUss4Hxbm8BJ1N0BemCgcptZSlDJaZr4Ax81l2QsyrEhmYimu-aTQlUFW_ig.mp4?_nc_cat=101&_nc_oc=AdpOHRUuXJdpjNYEe2EmVvZ8BP2quKYpQuKT-WFSTV-GRdJqVAF8NDiziR2tVWZ8IyqJLuEe2Te74tmlzd4VYg2J&_nc_sid=ef5aa3&_nc_ht=video.fjai6-1.fna.fbcdn.net&_nc_ohc=zjCLSfesbQcQ7kNvwFcGDpl&efg=eyJ2ZW5jb2RlX3RhZyI6Inhwdl9wcm9ncmVzc2l2ZS5WSV9VU0VDQVNFX1BST0RVQ1RfVFlQRS4uQzMuMzYwLnN2ZV9zZCIsInhwdl9hc3NldF9pZCI6MTU2NzAyNzQ5NTAwMDE2NywiYXNzZXRfYWdlX2RheXMiOjQsInZpX3VzZWNhc2VfaWQiOjEwNzk5LCJkdXJhdGlvbl9zIjo0MCwidXJsZ2VuX3NvdXJjZSI6Ind3dyJ9&ccb=17-1&_nc_gid=IkmpEZ0zcDXnXseLmLuwoQ&_nc_ss=7b289&_nc_zt=28&oh=00_Af_guGP7R6HNO-4G6NDp1IV3jIdt5-XXtlPf5H0kQ6yGMQ&oe=6A36B3A9 | Preview: https://scontent.fjai6-1.fna.fbcdn.net/v/t39.35426-6/720906021_1311559457746389_987838723270843907_n.jpg?_nc_cat=102&ccb=1-7&_nc_sid=c53f8f&_nc_ohc=zXAumliFRscQ7kNvwE5DaE7&_nc_oc=AdoPs7vP2-PXZc54SOCAGBzkgUWzkTvxLxFv_9w5kxHTWcDR5fqFl47iM2-kl9PKX6MiRN68-BLGSPD-FYoLFIy3&_nc_zt=14&_nc_ht=scontent.fjai6-1.fna&_nc_gid=IkmpEZ0zcDXnXseLmLuwoQ&_nc_ss=7b289&oh=00_Af8R11ZFrCR1LKjs512uTSOtk152Jl5DnXC6PTZsXh-dIg&oe=6A36DDF1,,,,,,,
838331059125882,https://www.facebook.com/Solidserv.in/,fb.me,https://www.facebook.com/Solidserv.in/,,,,,+91 95857 99911,,,,998173766712518,http://fb.me/,Solidserv.in,https://www.facebook.com/ads/library/?id=838331059125882,"What’s the first thing people notice when they enter a space?

The walls.

Make them unforgettable with premium Bamboo Charcoal Boards, Marble Sheets, WPC Panels, PU Stone Panels, and Soffit Panels from Solidserv Coimbatore.

Because exceptional spaces aren't built with ordinary finishes. Your Walls Define Your Space. Make Them Extraordinary.

Because great design starts with exceptional surfaces.

📞 Contact Details
☎️ Phone: +91 95857 99911, 95857 99922 & 95857 99933
📧 Email: info@solidserv.in
🌐 Website: www.solidserv.in
⭐ https://tinyurl.com/Solidserv
📍 Solid Serv, Kalpavriddhi building, Villankurichi Rd, Indhuma Nagar, VIP Nagar, Cheran ma Nagar, Coimbatore, 641051",64,Get quote,fb.me,"FACEBOOK; INSTAGRAM; AUDIENCE_NETWORK",2026-06-14,2026-06-15,HD: https://video.fjai6-1.fna.fbcdn.net/o1/v/t2/f2/m366/AQMzZvJ2GI7aI8O_VFVSITbfY7t1tyHfRjMBOSz7BTY5nsXwsiYr2SbB2swRgUOGx7Ke8ePm5lE47hPH70rqHWNxp2Taaj4OWxOwWkMYXXt1Yw.mp4?_nc_cat=101&_nc_oc=AdpGGMN_y4yaWk2mubWcUPpEwU-5rFDxR_AObBdsU5gKBurmemKhzlh8131k0ckEHw6vAuBIh3jZ8rAbJqFRUAuF&_nc_sid=b66105&_nc_ht=video.fjai6-1.fna.fbcdn.net&_nc_ohc=5FvyWpuUkEEQ7kNvwHSUG_b&efg=eyJ2ZW5jb2RlX3RhZyI6Inhwdl9wcm9ncmVzc2l2ZS5WSV9VU0VDQVNFX1BST0RVQ1RfVFlQRS4uQzMuNzIwLmRhc2hfaDI2NC1iYXNpYy1nZW4yXzcyMHAiLCJ4cHZfYXNzZXRfaWQiOjE0NzU1ODQzMDcxOTg0NTQsImFzc2V0X2FnZV9kYXlzIjo0LCJ2aV91c2VjYXNlX2lkIjoxMDEzOSwiZHVyYXRpb25fcyI6NTYsInVybGdlbl9zb3VyY2UiOiJ3d3cifQ%3D%3D&ccb=17-1&vs=1ab13481308e1c13&_nc_vs=HBksFQIYRWZiX2VwaGVtZXJhbC9DQTRCN0QzRTI2MDc2NkQ4MkU4RkZBMjVFODFERTE4OV9tdF8xX3ZpZGVvX2Rhc2hpbml0Lm1wNBUAAsgBEgAVAhhAZmJfcGVybWFuZW50LzlDNDUwREYyQjNDM0EzOENEMDlGRTBCOTc1RjY4NEEzX2F1ZGlvX2Rhc2hpbml0Lm1wNBUCAsgBEgAoABgAGwKIB3VzZV9vaWwBMRJwcm9ncmVzc2l2ZV9yZWNpcGUBMRUAACbs57vnp4KfBRUCKAJDMywXQEx6XjU_fO4YGWRhc2hfaDI2NC1iYXNpYy1nZW4yXzcyMHARAHUAZbaeAQA&_nc_gid=IkmpEZ0zcDXnXseLmLuwoQ&_nc_ss=7b289&_nc_zt=28&oh=00_Af8YhoFUYOoFQ2Sqh-yYT49ZIE24sGIBgmLuB2jlFmqbag&oe=6A36B177 | SD: https://video.fjai6-1.fna.fbcdn.net/o1/v/t2/f2/m412/AQMcisEVvhnDkLKgw61Fy6MDhTczgAQn1a_8zh_ikYe5hKbjXfzHf5Y8cgcbjDN17BieoThIV3yT9EezHEXTo7Qd2lB-hn-Hv_vhD0irKQ.mp4?_nc_cat=106&_nc_oc=AdraQyvW_LgZeYDboOyADOVmIfWqiGQtX7OrzLSkih8wRxA_CYl6_DexnhWHmTOwGXg_lk24_4Q-XTgwwTimtQKb&_nc_sid=ef5aa3&_nc_ht=video.fjai6-1.fna.fbcdn.net&_nc_ohc=kNlWdnaEJq4Q7kNvwFD5szu&efg=eyJ2ZW5jb2RlX3RhZyI6Inhwdl9wcm9ncmVzc2l2ZS5WSV9VU0VDQVNFX1BST0RVQ1RfVFlQRS4uQzMuMzYwLnN2ZV9zZCIsInhwdl9hc3NldF9pZCI6MTQ3NTU4NDMwNzE5ODQ1NCwiYXNzZXRfYWdlX2RheXMiOjQsInZpX3VzZWNhc2VfaWQiOjEwMTM5LCJkdXJhdGlvbl9zIjo1NiwidXJsZ2VuX3NvdXJjZSI6Ind3dyJ9&ccb=17-1&_nc_gid=IkmpEZ0zcDXnXseLmLuwoQ&_nc_ss=7b289&_nc_zt=28&oh=00_Af9_4-LUERtcGdGzPEfM8qGvs_kkJ_L9kRMW_m3_DUZXvg&oe=6A36D074 | Preview: https://scontent.fjai6-1.fna.fbcdn.net/v/t39.35426-6/722080979_1784906818972460_2487202437040370473_n.jpg?_nc_cat=108&ccb=1-7&_nc_sid=c53f8f&_nc_ohc=iQVthf5RTooQ7kNvwFyAnne&_nc_oc=AdoFzzlxsMxLRwxQWU1PSetpFwyhxFS8_DEvFBrLNPJ31KWQOLYMvlk-iC7JaBwzZmNC-MgbwFeReVEvvrz09Vdl&_nc_zt=14&_nc_ht=scontent.fjai6-1.fna&_nc_gid=IkmpEZ0zcDXnXseLmLuwoQ&_nc_ss=7b289&oh=00_Af-bqQjQhGfU_6RHEe9qF6navPepEBXQRmVs8IKODA_bEg&oe=6A36B293,,,,,,,
2529376660855120,https://www.facebook.com/61552843972408/,fb.me,https://www.facebook.com/61552843972408/,,,,varun@v2srealty.com,+91 98998 83888,,,,149641654899520,http://fb.me/,Omaxe Commercial Projects,https://www.facebook.com/ads/library/?id=2529376660855120,"🏛️ Invest in the Omaxe Commercial Project in Heart of 𝐎𝐥𝐝 𝐃𝐞𝐥𝐡𝐢
📍 Omaxe Chandni Chowk, Delhi-6

✅ 𝐑𝐞𝐚𝐝𝐲-𝐭𝐨-𝐌𝐨𝐯𝐞 Commercial Retail Spaces
✅ Pre-Leased Retail Investment Opportunities
✅ Prime Location in Delhi's Historic Commercial Hub
✅ Potential for Regular Rental Income*
✅ Opportunity for Long-Term Capital Appreciation*
✅ High Footfall Retail Destination
✅ Premium Commercial Asset in a Landmark Development

Click the ""𝐁𝐨𝐨𝐤 𝐍𝐨𝐰"" button and fill in your contact details. Our sales expert will contact you shortly to share the project brochure, pricing, lease details, and arrange a site visit.",5,Book now,fb.me,"FACEBOOK; INSTAGRAM; AUDIENCE_NETWORK",2026-06-10,2026-06-15,,Original: https://scontent.fjai6-1.fna.fbcdn.net/v/t39.35426-6/720647564_26956372010638417_3921373605378565390_n.jpg?_nc_cat=105&ccb=1-7&_nc_sid=c53f8f&_nc_ohc=9D7j-u22lkUQ7kNvwGVmMd6&_nc_oc=AdrPLDJTGXhfsX778iRSm4Bd6ZCS9x4lRvFgSkHse4f4y2khEShsdJ8MGADh6Obxj0nJqaxPLxULEBFweTjWHrQg&_nc_zt=14&_nc_ht=scontent.fjai6-1.fna&_nc_gid=IkmpEZ0zcDXnXseLmLuwoQ&_nc_ss=7b289&oh=00_Af-a8nQfh13xESrmbGR33Rv6cJcf7qUMAKmp5mG1RbEWPQ&oe=6A36B6DA | Resized: https://scontent.fjai6-1.fna.fbcdn.net/v/t39.35426-6/719691388_855362107624600_2515889320847002510_n.jpg?stp=dst-jpg_s600x600_tt6&_nc_cat=105&ccb=1-7&_nc_sid=c53f8f&_nc_ohc=3YmJ4p2zYQ0Q7kNvwEYhnM-&_nc_oc=Adq5mpR5Xbc6T1taKxwO21TOKS6Fu-x1sG_mquOg1wj-vGOyRUz3P_f9CO-CKhrr_QeI9dVdOmgj58ZPO9rEYOa-&_nc_zt=14&_nc_ht=scontent.fjai6-1.fna&_nc_gid=IkmpEZ0zcDXnXseLmLuwoQ&_nc_ss=7b289&oh=00_Af_YpnkHdZKSW8Ak0ORwVjHy-PoU3Hv0wzZcK2KDstSMFw&oe=6A36B0A1,,,,,,
1435640271143645,https://www.facebook.com/studiokaari/,fb.me,https://www.facebook.com/studiokaari/,,,,thestudiokaari@gmail.com,+91 91812 83779,,,,775797872294537,http://fb.me/,Studio Kaari,https://www.facebook.com/ads/library/?id=1435640271143645,"Are you an Architect, Interior Designer or a Builder, looking to transform space with the most elegant furniture? 
Meet Studio Kaari - Guwahati’s Finest Furniture Studio, now delivering furniture with Low MOQs, across all Northeastern states. 

Just name your space, from Living Room, Bedroom, Dining Area to Offices, Cafe’s & Hotels, we have got the most unique furniture for every space! 

We craft limited pieces, so a design you like today can be gone within days. 
Get in touch now.

Book your Free Consultation Call with our Furniture Design Expert right away! 
(Free slots open for the next few hours)

From Solid Wood Tables, Most Unique Chairs, Comfortable Sofas to Elegant Beds and Matching Wardrobes whichever Furniture you choose, we make sure every piece makes a premium statement.
- Low MOQs
- Reliable & Safe Delivery across Northeast
- Customizations Available for Bulk Orders

We understand your vision, your requirements & Deliver Bespoke Furniture for -
- Premium Flats, Bungalows, Villas
- Offices, Co-working Spaces, Showrooms, 
- Hotels, Cafes, Restaurants & More!

We make your Design Ideas into a reality, that too, taking care of all the minute details that actually matter the most.

Get Free Consultation personalized to your space & requirements. (Limited free slots left)

Your Dream Furniture is just a call away! Don't miss out!",53,Get quote,fb.me,"FACEBOOK; INSTAGRAM; AUDIENCE_NETWORK",2026-03-29,2026-06-15,HD: https://video.fjai6-1.fna.fbcdn.net/o1/v/t2/f2/m366/AQN5B7lD7djqQqv8vyJoNoXWzYJNUQ_IPTyeJXwylLpwJmefBANby3TL_zOev9NN2Q7u9xFBU41uVMikISR42eDPPOJJQ4VmnM-t1yMi4wjnxw.mp4?_nc_cat=100&_nc_oc=AdqlpgpQKLX7xGeuvDBf_rUDWccU0G5Vku_wDz5n4Z8QX93mYmyxfekvpQ5wEzNTEnABrq36IsB8TlYmiqGxQ_Oj&_nc_sid=b66105&_nc_ht=video.fjai6-1.fna.fbcdn.net&_nc_ohc=3Y5d4Vu0YsIQ7kNvwHjlJo4&efg=eyJ2ZW5jb2RlX3RhZyI6Inhwdl9wcm9ncmVzc2l2ZS5WSV9VU0VDQVNFX1BST0RVQ1RfVFlQRS4uQzMuNzIwLmRhc2hfaDI2NC1iYXNpYy1nZW4yXzcyMHAiLCJ4cHZfYXNzZXRfaWQiOjI2MTM4ODM3MjQ5MDU5MzU5LCJhc3NldF9hZ2VfZGF5cyI6OTIsInZpX3VzZWNhc2VfaWQiOjEwNzk5LCJkdXJhdGlvbl9zIjoyNSwidXJsZ2VuX3NvdXJjZSI6Ind3dyJ9&ccb=17-1&vs=ae1242c1425d798&_nc_vs=HBksFQIYRWZiX2VwaGVtZXJhbC81RTQ4QkVDOEUzMkQzRThBRTE1ODg5QkNCRTcyNTI5MV9tdF8xX3ZpZGVvX2Rhc2hpbml0Lm1wNBUAAsgBEgAVAhhAZmJfcGVybWFuZW50LzQ2NDVGNjZCQUEzRTRBRDIxQ0E0MDY3OTQzMjk1M0EzX2F1ZGlvX2Rhc2hpbml0Lm1wNBUCAsgBEgAoABgAGwKIB3VzZV9vaWwBMRJwcm9ncmVzc2l2ZV9yZWNpcGUBMRUAACa-qJPRycjuXBUCKAJDMywXQDkqfvnbItEYGWRhc2hfaDI2NC1iYXNpYy1nZW4yXzcyMHARAHUAZd6oAQA&_nc_gid=MUcjL67nb-HwZjfvGTAEyA&_nc_ss=7b289&_nc_zt=28&oh=00_Af8U4MlCa6aBIdgOMDLRCWC_6cZ2dM5gJp2IBI9O6NEk7g&oe=6A36CE70 | SD: https://video.fjai6-1.fna.fbcdn.net/o1/v/t2/f2/m412/AQMqrmYv5BPdp9C0tvaa-v1Lgo1fpUD_4qbkosVDkf9Sa5cb_FumDfUozUtxGICZIM1aqiMoLbBmO8jjw_4-SezXbUM73ZRX5AsnkK16kA.mp4?_nc_cat=111&_nc_oc=AdoE55Kvl4P3zEncOzOJkA9nd0VXKB3ltfMkiJORkmtnVGF38aro6S_vfxRF1p0teum2NOfkRsA7XccU5eymvR5j&_nc_sid=ef5aa3&_nc_ht=video.fjai6-1.fna.fbcdn.net&_nc_ohc=nWCd-g-V3wcQ7kNvwHFQWLd&efg=eyJ2ZW5jb2RlX3RhZyI6Inhwdl9wcm9ncmVzc2l2ZS5WSV9VU0VDQVNFX1BST0RVQ1RfVFlQRS4uQzMuMzYwLnN2ZV9zZCIsInhwdl9hc3NldF9pZCI6MjYxMzg4MzcyNDkwNTkzNTksImFzc2V0X2FnZV9kYXlzIjo5MiwidmlfdXNlY2FzZV9pZCI6MTA3OTksImR1cmF0aW9uX3MiOjI1LCJ1cmxnZW5fc291cmNlIjoid3d3In0%3D&ccb=17-1&_nc_gid=MUcjL67nb-HwZjfvGTAEyA&_nc_ss=7b289&_nc_zt=28&oh=00_Af-jM7c4v_DbpclmZdLwto6pDqLop1Dtt61LkJaFWEar-A&oe=6A36D33B | Preview: https://scontent.fjai6-1.fna.fbcdn.net/v/t39.35426-6/652396598_1246056117673754_6611699421030405542_n.jpg?_nc_cat=110&ccb=1-7&_nc_sid=c53f8f&_nc_ohc=j4fkUG3qsC8Q7kNvwFqFJYZ&_nc_oc=Adp4yZTZMOqgUM0B1PEqPFXjVeFIFIf61cGvt3K7A8C92Ma1P0EAHOVMmMHJXggDWhyGOxXoyH1eM302eoLb53Lu&_nc_zt=14&_nc_ht=scontent.fjai6-1.fna&_nc_gid=MUcjL67nb-HwZjfvGTAEyA&_nc_ss=7b289&oh=00_Af9jgd2tYTA_NtIZj5CpLj-2ENyDOsUhzYMPpwPmcl_3zg&oe=6A36C240,,,,,,,
1181939750728314,https://www.facebook.com/100089627407189/,fb.me,https://www.facebook.com/100089627407189/,,,,jyoti.v5500@gmail.com,+91 74711 49278,,,,100252383027310,http://fb.me/,Realtor Jyotika Vishwakarma,https://www.facebook.com/ads/library/?id=1181939750728314,"✨ Welcome to Primiyam Vista – ek thoughtfully planned residential & commercial project, located just 2 minutes from MR-10 Square, Indore.

🌿 Modern amenities, well-designed spaces, green surroundings aur daily convenience ke saath yeh project aapko ek comfortable lifestyle ka experience deta hai.

✅ Double Height Community Hall
✅ Open-Air Gym
✅ Indoor Games Zone
✅ Children’s Play Area
✅ Gazebo & Landscaped Sit-Outs
✅ EV Charging Points
✅ Allotted Parking
✅ 24x7 Security
✅ Green Open Spaces
✅ RERA Approved Project

📍 Prime Location | Modern Lifestyle | Excellent Connectivity

📞 Apni site visit schedule karein aur Primiyam Vista ko khud experience karein. Limited units available. Terms & conditions apply. ✨",47,Get offer,fb.me,"FACEBOOK; INSTAGRAM; AUDIENCE_NETWORK",2026-06-11,2026-06-15,HD: https://video.fjai6-1.fna.fbcdn.net/o1/v/t2/f2/m366/AQMwIBWrMU7I4Qj3ubdJ5jSJ86q27B1JKDNoRoSHrxD-ZInzVlx_ZnPgKLQ4TGeQuux1ETb9fvi-4_Mr_w_59opN-7nb6HK_Is9ANstbLU_Kjw.mp4?_nc_cat=101&_nc_oc=Adq8H30fbEbaxVj157Gr98_UnuNky-FOYpq4Oi_EZaKbBB1LrWqqdKuBOD0flwAarqK3nwuEvP84hgrTi9_OZA6r&_nc_sid=b66105&_nc_ht=video.fjai6-1.fna.fbcdn.net&_nc_ohc=3qcqaOw3JFQQ7kNvwEsa-3q&efg=eyJ2ZW5jb2RlX3RhZyI6Inhwdl9wcm9ncmVzc2l2ZS5WSV9VU0VDQVNFX1BST0RVQ1RfVFlQRS4uQzMuNzIwLmRhc2hfaDI2NC1iYXNpYy1nZW4yXzcyMHAiLCJ4cHZfYXNzZXRfaWQiOjEzMTM3MDA2MDA5MzI4MzcsImFzc2V0X2FnZV9kYXlzIjo0LCJ2aV91c2VjYXNlX2lkIjoxMDc5OSwiZHVyYXRpb25fcyI6NzMsInVybGdlbl9zb3VyY2UiOiJ3d3cifQ%3D%3D&ccb=17-1&vs=9d98a63a11c682c0&_nc_vs=HBksFQIYRWZiX2VwaGVtZXJhbC82OTQ3ODI1MTRCMjcyQzIyRjcxMzI5RTMxMDUyOTI5RV9tdF8xX3ZpZGVvX2Rhc2hpbml0Lm1wNBUAAsgBEgAVAhhAZmJfcGVybWFuZW50LzEwNDlCODA1RjcxNDAzNEM5RTE4NEYyQTBDMTY3MDg3X2F1ZGlvX2Rhc2hpbml0Lm1wNBUCAsgBEgAoABgAGwKIB3VzZV9vaWwBMRJwcm9ncmVzc2l2ZV9yZWNpcGUBMRUAACbKp8eauLPVBBUCKAJDMywXQFJ3bItDlYEYGWRhc2hfaDI2NC1iYXNpYy1nZW4yXzcyMHARAHUAZd6oAQA&_nc_gid=MUcjL67nb-HwZjfvGTAEyA&_nc_ss=7b289&_nc_zt=28&oh=00_Af8ZVGp7UxJKYPCiZqVavAI6wPMNOBLoV0I7u8raRS7J3Q&oe=6A36D92B | SD: https://video.fjai6-1.fna.fbcdn.net/o1/v/t2/f2/m412/AQOZkqXjbjkK4OPpksbw4QODw3zdX_xKgvM5rQoyDiSirpI-pZXFJEcmw02s6S57F92GkhqNOqmCvmZ9P_qMRredQaLazCaqrN86xqjWOA.mp4?_nc_cat=105&_nc_oc=AdrTXhEO3wqPcm2_OibyDaC7els9WZpNvy2fcKionT_O0Kt_2ULpNzeM5qbCnTpfU32t6IboYLtdJBi5BGhg5Jzr&_nc_sid=ef5aa3&_nc_ht=video.fjai6-1.fna.fbcdn.net&_nc_ohc=gqASM21MI2gQ7kNvwE7bzNx&efg=eyJ2ZW5jb2RlX3RhZyI6Inhwdl9wcm9ncmVzc2l2ZS5WSV9VU0VDQVNFX1BST0RVQ1RfVFlQRS4uQzMuMzYwLnN2ZV9zZCIsInhwdl9hc3NldF9pZCI6MTMxMzcwMDYwMDkzMjgzNywiYXNzZXRfYWdlX2RheXMiOjQsInZpX3VzZWNhc2VfaWQiOjEwNzk5LCJkdXJhdGlvbl9zIjo3MywidXJsZ2VuX3NvdXJjZSI6Ind3dyJ9&ccb=17-1&_nc_gid=MUcjL67nb-HwZjfvGTAEyA&_nc_ss=7b289&_nc_zt=28&oh=00_Af_A3pRzdQgZkBUXs9CF43P7Bg0iniLFtwg745AZuRb6sQ&oe=6A36C541 | Preview: https://scontent.fjai6-1.fna.fbcdn.net/v/t39.35426-6/722430733_2138561866713397_4361091356432410185_n.jpg?_nc_cat=110&ccb=1-7&_nc_sid=c53f8f&_nc_ohc=yfTUl2P6_HgQ7kNvwFpt77v&_nc_oc=AdrzgTfLCYDWppsOKCKny7lLyJxbxv2FxHSCF9WVrE5um6kgDK2-0XvLEo4qyUrZhozGN-NAQlJHFbR6lNOcvsHD&_nc_zt=14&_nc_ht=scontent.fjai6-1.fna&_nc_gid=MUcjL67nb-HwZjfvGTAEyA&_nc_ss=7b289&oh=00_Af-NK0BXSGglQ6jBXE5FB_SGPAW79_UzCBWhI21I2pv23Q&oe=6A36E38E,,,,,,,
1023064824026492,https://www.facebook.com/61576816572131/,fb.me,https://www.facebook.com/61576816572131/,,,,darshanamdigital.marketing@gmail.com,+91 63589 28871,,,,687935794399176,http://fb.me/,Darshanam Properties,https://www.facebook.com/ads/library/?id=1023064824026492,"Elevate your business address at Darshanam Galleria! 🏢

Every successful business starts with a strong foundation and a prime location. Located in the heart of Sunpharma Road’s prime area, our 100% commercial project offers:

✨ Premium Shops
✨ Spacious Showrooms
✨ Smart Office Spaces
🚗 2-Level Basement Parking for your convenience

Ready possession units starting from just ₹13.80 Lakhs*. Visit us today and take the first step toward your business's future!

📞 Call: 6359008383
📍 Location: Sunpharma Road

#DarshanamGalleria #CommercialRealEstate #BusinessGrowth #OfficeSpace #Showroom #RealEstateInvestment #SunpharmaRoad #VadodaraBusiness #ReadyPossession",194,Get quote,fb.me,"FACEBOOK; INSTAGRAM; AUDIENCE_NETWORK",2026-06-12,2026-06-15,HD: https://video.fjai6-1.fna.fbcdn.net/o1/v/t2/f2/m367/AQPCOlJjAvUKAeZOElBTBVjUDm0skO23mS8OBMwBJAfKMXD_3k1l6iKBvxK01f7nx_DthD6VqfJ3GWvNL2hmHNP0DdKhyfIdkKGjmZWJMg.mp4?_nc_cat=100&_nc_oc=Adq6oaTZPMKWmjAdCG267RCTOtfXMF9ZbYCkBiE-cPdJwk4S3hflmhNHk5QnB-XB8mwUgAlecnU86AhVLiYJL6ku&_nc_sid=ef5aa3&_nc_ht=video.fjai6-1.fna.fbcdn.net&_nc_ohc=l_rgdL1SBQEQ7kNvwFMw3zF&efg=eyJ2ZW5jb2RlX3RhZyI6Inhwdl9wcm9ncmVzc2l2ZS5WSV9VU0VDQVNFX1BST0RVQ1RfVFlQRS4uQzMuNzIwLnByb2dyZXNzaXZlX2gyNjQtYmFzaWMtZ2VuMl83MjBwIiwieHB2X2Fzc2V0X2lkIjoxNzg5MzYxNzU5MTQ2MDI5MCwiYXNzZXRfYWdlX2RheXMiOjM5LCJ2aV91c2VjYXNlX2lkIjoxMDA5OSwiZHVyYXRpb25fcyI6MjYsInVybGdlbl9zb3VyY2UiOiJ3d3cifQ%3D%3D&ccb=17-1&_nc_gid=MUcjL67nb-HwZjfvGTAEyA&_nc_ss=7b289&_nc_zt=28&oh=00_Af9mD4QWsoRZDRl-XsmUSscDi00QQVZlOQfTjKULDHXHtw&oe=6A36E0E6 | SD: https://video.fjai6-1.fna.fbcdn.net/o1/v/t2/f2/m367/AQNBoESmrie9cO5ZAUzhHIiD-LK0FNbQXgEJVZN58suIQmEV8nHbD6A7nXANTVrpgXb2ln5ud1EkVGrT39ifKPS576XKqNvwMOZyjTWWrA.mp4?_nc_cat=100&_nc_oc=Adrrp7LgWMncqx8K8DkJKLVNBJeCU16i2u-jua-qXLLtkNupgHjN19OUB7nIcnibAG4CGtIApMmNGTnkB0B4hafl&_nc_sid=ef5aa3&_nc_ht=video.fjai6-1.fna.fbcdn.net&_nc_ohc=elxvlV4NlP4Q7kNvwHwVT2g&efg=eyJ2ZW5jb2RlX3RhZyI6Inhwdl9wcm9ncmVzc2l2ZS5WSV9VU0VDQVNFX1BST0RVQ1RfVFlQRS4uQzMuMzYwLnByb2dyZXNzaXZlX2gyNjQtYmFzaWMtZ2VuMl8zNjBwIiwieHB2X2Fzc2V0X2lkIjoxNzg5MzYxNzU5MTQ2MDI5MCwiYXNzZXRfYWdlX2RheXMiOjM5LCJ2aV91c2VjYXNlX2lkIjoxMDA5OSwiZHVyYXRpb25fcyI6MjYsInVybGdlbl9zb3VyY2UiOiJ3d3cifQ%3D%3D&ccb=17-1&_nc_gid=MUcjL67nb-HwZjfvGTAEyA&_nc_ss=7b289&_nc_zt=28&oh=00_Af-6WErhzFdmMe1SRbxMrD-wc4EludORtquG6Wl4PA4oOQ&oe=6A36E41A | Preview: https://scontent.fjai6-1.fna.fbcdn.net/v/t39.35426-6/722703215_4330048313933709_1377744048301048045_n.jpg?_nc_cat=104&ccb=1-7&_nc_sid=c53f8f&_nc_ohc=cW7ZIyGdrJwQ7kNvwHBc_Ui&_nc_oc=AdpOmx5tY7m5NShUdEwvr_T9Xn_9Cp0csnb_ho57ySbQZY-Y6dAIIuG7NQQe8fTnVzjrcXLmtomLa_CVxBA0Culd&_nc_zt=14&_nc_ht=scontent.fjai6-1.fna&_nc_gid=MUcjL67nb-HwZjfvGTAEyA&_nc_ss=7b289&oh=00_Af_ArSz4DPJZMstqCEBch52XZNsCUpc45s-h7xMm7lWEqQ&oe=6A36D9D6,,,,,,,
2483119395458675,https://www.facebook.com/CharbhujaMarbleKishangarh/,fb.me,https://www.facebook.com/CharbhujaMarbleKishangarh/,,,,,,,,,489743024228324,http://fb.me/,Charbhuja Marble Kishangarh,https://www.facebook.com/ads/library/?id=2483119395458675,"Create Your Dream Space with Charbhuja Marble Transform your interiors with 5 handpicked, trending imported marbles! From timeless Italian classics to exotic finishes, elevate your home or office with the finest marble selections.

🌟 Why Choose Charbhuja Marble?
✅ Premium Quality Imported Marbles
✅ Expert Guidance for the Perfect Choice
✅ 300+ Imported Marble Collections

📞 Get in Touch Now: +91 78919 08079
📍 Visit Us: D-407 A, D-407 B, PARYAVARAN MARG, RIICO INDUSTRIAL AREA, MADANGANJ KISHANGARH, AJMER, RAJASTHAN 305801",465,Get quote,fb.me,"FACEBOOK; INSTAGRAM; AUDIENCE_NETWORK",2026-06-10,2026-06-16,HD: https://video.fjai6-1.fna.fbcdn.net/o1/v/t2/f2/m366/AQNpfXxWAa4LtAtO_4qagJHZXCfbouFadc6LAjtN5epXp7AolTadC2MvPoWY7hv8LPQ-eDI3G5WDLSi_J1b0KcnXyOHnagI-Jrf5Ysv2rPB_Pg.mp4?_nc_cat=101&_nc_oc=AdqDLkouzLLFhAXlgGNiyQmRs42oCCtc54snYh-A8NV61-5RdaP0Ib7O7lkGoJ2LRMHX3YTuOi3xE_iCLeyUNN-x&_nc_sid=b66105&_nc_ht=video.fjai6-1.fna.fbcdn.net&_nc_ohc=4bM0Cb8Lc-YQ7kNvwGz5PUv&efg=eyJ2ZW5jb2RlX3RhZyI6Inhwdl9wcm9ncmVzc2l2ZS5WSV9VU0VDQVNFX1BST0RVQ1RfVFlQRS4uQzMuNzIwLmRhc2hfaDI2NC1iYXNpYy1nZW4yXzcyMHAiLCJ4cHZfYXNzZXRfaWQiOjE0NTk0NDg1NTU5ODI3MDgsImFzc2V0X2FnZV9kYXlzIjo1LCJ2aV91c2VjYXNlX2lkIjoxMDc5OSwiZHVyYXRpb25fcyI6NzYsInVybGdlbl9zb3VyY2UiOiJ3d3cifQ%3D%3D&ccb=17-1&vs=e4756a2aabaeca90&_nc_vs=HBksFQIYRWZiX2VwaGVtZXJhbC8xQjQ0NzhFRDk5NTMxQjFGMDY0MzM5NjE4REY3NUVCNV9tdF8xX3ZpZGVvX2Rhc2hpbml0Lm1wNBUAAsgBEgAVAhhAZmJfcGVybWFuZW50LzI5NDY2OTAyM0REQ0ExQURFQzlCMUVENDEwODNEOUIxX2F1ZGlvX2Rhc2hpbml0Lm1wNBUCAsgBEgAoABgAGwKIB3VzZV9vaWwBMRJwcm9ncmVzc2l2ZV9yZWNpcGUBMRUAACbovfqLi9eXBRUCKAJDMywXQFMbtkWhysEYGWRhc2hfaDI2NC1iYXNpYy1nZW4yXzcyMHARAHUAZd6oAQA&_nc_gid=z1GWPv8GVew7X6MbpsJQFw&_nc_ss=7b289&_nc_zt=28&oh=00_Af8BFQ1kT6csydVRi1zWAkofIDlgOGJq2ZBk4dVXgGseTA&oe=6A36CA8B | SD: https://video.fjai6-1.fna.fbcdn.net/o1/v/t2/f2/m412/AQP-QNkm60oiKHZW_hFg7ar6kM_F4nN39hAxx0KPlSlBI5-HSzZgmF-Ed_xyvd61X0rBySTEMF_qjwd9gUPVrEljr84Xhnllym2G7i9ZOw.mp4?_nc_cat=101&_nc_oc=AdopGN1dIwNXoL02DnHsbasmDKoXvM3WiJCKJdQ768TXhvAYrnWTx7Bsb4nAwXqFMQ4F7sti0MqRUHEhDezxXk1I&_nc_sid=ef5aa3&_nc_ht=video.fjai6-1.fna.fbcdn.net&_nc_ohc=XC_6vphqpZ0Q7kNvwFqSWmy&efg=eyJ2ZW5jb2RlX3RhZyI6Inhwdl9wcm9ncmVzc2l2ZS5WSV9VU0VDQVNFX1BST0RVQ1RfVFlQRS4uQzMuMzYwLnN2ZV9zZCIsInhwdl9hc3NldF9pZCI6MTQ1OTQ0ODU1NTk4MjcwOCwiYXNzZXRfYWdlX2RheXMiOjUsInZpX3VzZWNhc2VfaWQiOjEwNzk5LCJkdXJhdGlvbl9zIjo3NiwidXJsZ2VuX3NvdXJjZSI6Ind3dyJ9&ccb=17-1&_nc_gid=z1GWPv8GVew7X6MbpsJQFw&_nc_ss=7b289&_nc_zt=28&oh=00_Af9rF2CC7WsYG2wXO3nWH3w3pu6tacXo85JXbLZQt7xXOg&oe=6A36B705 | Preview: https://scontent.fjai6-1.fna.fbcdn.net/v/t39.35426-6/720905867_1524274912488085_8344737675280415257_n.jpg?_nc_cat=103&ccb=1-7&_nc_sid=c53f8f&_nc_ohc=A51WCGrhkykQ7kNvwFd1IBF&_nc_oc=AdpPRxNmylTffzb23VvB_yUe8ubpo7OCFqCLo9jnNzJKkPNgnesdpRCSdIXCxiitezgF-Ag9F9uIXDKU1Xe5vAmZ&_nc_zt=14&_nc_ht=scontent.fjai6-1.fna&_nc_gid=z1GWPv8GVew7X6MbpsJQFw&_nc_ss=7b289&oh=00_Af9D88MMLOwDBIQVlO_1B84NZ0GsUkEutaV4wNDmOURO8w&oe=6A36D8A6,,,,,,,
1336226035270339,https://www.facebook.com/shyambusinesshub/,fb.me,https://www.facebook.com/shyambusinesshub/,,,,,+91 97254 25115,,,,1008119692393655,http://fb.me/,Shyam Business Hub,https://www.facebook.com/ads/library/?id=1336226035270339,"Presenting Shyam Business Hub, Ready Possession Commercial Project on Isanpur–Narol Highway.

અમદાવાદના નારોલ વિસ્તારમાં બિઝનેસ શરૂ કરવા અથવા એક્સપાન્ડ કરવા માટેની Best Opportunity!
Premium Offices & Modern Showrooms હવે Ready Possessionમાં ઉપલબ્ધ.

તમારા બિઝનેસને આપો એક નવું અને પરફેક્ટ એડ્રેસ જ્યાં તમને મળશે:
✅ Best Connectivity
✅ Maximum Footfall
✅ High Business Visibility

Perfect for Offices, Showrooms, and Smart Investments! 📈

For More Details👇
📞 Call: +91 9725425115, +91 8866635656
📌 Location: Near Mukesh Industries, Opp. Radhe Kishan Complex, Isanpur-Narol Highway, Narol, Ahmedabad.

#shyambusinesshub #ahmedabad #commercialspaces #showrooms #shops #offices #successfulbusiness #businessgrowth #newopportunities",,Get quote,fb.me,"FACEBOOK; INSTAGRAM; AUDIENCE_NETWORK",2026-06-12,2026-06-15,HD: https://video.fjai6-1.fna.fbcdn.net/o1/v/t2/f2/m367/AQOHR4P2VL79ER_l8t8z8XUP1lfNcSYGQAtjUuW8pQNEaeWyQCtD4j_88BE3HJaStuPgqPwrwvDrG6DiJqB7zFIQ0zcWIQzDg_aJbmVJrA.mp4?_nc_cat=103&_nc_oc=AdotIZm8ODn0ndNBz24MFfuwNu0i64cEqs30LbbRc6vhAtVuL5cqgZovh-eCfyKefgM8ju3vSjKq5u5omJx8IL_K&_nc_sid=ef5aa3&_nc_ht=video.fjai6-1.fna.fbcdn.net&_nc_ohc=IP5wLz28CYIQ7kNvwGpB5Gh&efg=eyJ2ZW5jb2RlX3RhZyI6Inhwdl9wcm9ncmVzc2l2ZS5WSV9VU0VDQVNFX1BST0RVQ1RfVFlQRS4uQzMuNzIwLnByb2dyZXNzaXZlX2gyNjQtYmFzaWMtZ2VuMl83MjBwIiwieHB2X2Fzc2V0X2lkIjoxODA5MTA0MTIyMTE1MjE0MiwiYXNzZXRfYWdlX2RheXMiOjE3LCJ2aV91c2VjYXNlX2lkIjoxMDA5OSwiZHVyYXRpb25fcyI6MzUsInVybGdlbl9zb3VyY2UiOiJ3d3cifQ%3D%3D&ccb=17-1&_nc_gid=z1GWPv8GVew7X6MbpsJQFw&_nc_ss=7b289&_nc_zt=28&oh=00_Af_EFi5waQgeguzEcFP0TORHqQ4lP3jh0uCVZQOlmG9YtQ&oe=6A36D5D7 | SD: https://video.fjai6-1.fna.fbcdn.net/o1/v/t2/f2/m367/AQMk_tdUSldAxIVs2znlRH7KlU7y0Q8zhDsYyWFUB9MLrf_WPTGdj0EKc2JfxeBicx6oILUrfWX-SyOaTXPZH8-A7L9d1LmMPyUVrtyl6A.mp4?_nc_cat=111&_nc_oc=AdoTyI8fRvNBMF66QzrLQxBJTLP_p2a_4fF_r4ESILIseUhagwtBSi6JhQSdb8yKDZ8lnVNSo5lJls7R0qjq8ssG&_nc_sid=ef5aa3&_nc_ht=video.fjai6-1.fna.fbcdn.net&_nc_ohc=EKq4qpjovsoQ7kNvwGe2rf9&efg=eyJ2ZW5jb2RlX3RhZyI6Inhwdl9wcm9ncmVzc2l2ZS5WSV9VU0VDQVNFX1BST0RVQ1RfVFlQRS4uQzMuMzYwLnByb2dyZXNzaXZlX2gyNjQtYmFzaWMtZ2VuMl8zNjBwIiwieHB2X2Fzc2V0X2lkIjoxODA5MTA0MTIyMTE1MjE0MiwiYXNzZXRfYWdlX2RheXMiOjE3LCJ2aV91c2VjYXNlX2lkIjoxMDA5OSwiZHVyYXRpb25fcyI6MzUsInVybGdlbl9zb3VyY2UiOiJ3d3cifQ%3D%3D&ccb=17-1&_nc_gid=z1GWPv8GVew7X6MbpsJQFw&_nc_ss=7b289&_nc_zt=28&oh=00_Af9CVhQSrwDGw11A5ZgS0FEQmPJPHplnVyrJBthM6IT19Q&oe=6A36CE2B | Preview: https://scontent.fjai6-1.fna.fbcdn.net/v/t39.35426-6/721383521_1155282794334753_479066641430231201_n.jpg?_nc_cat=104&ccb=1-7&_nc_sid=c53f8f&_nc_ohc=lvSuduoip8kQ7kNvwHmuj25&_nc_oc=Ado9YC8DzjjLK-YlWuPyfTPSTH7bKVTTEV7XxInBzaWR86S8-zq7zOksLqbceUgtKnHelKxv78tZdekQcWRMZ0IU&_nc_zt=14&_nc_ht=scontent.fjai6-1.fna&_nc_gid=z1GWPv8GVew7X6MbpsJQFw&_nc_ss=7b289&oh=00_Af_886FO8XYV2lbVkhGLG87Q-QSQmzzFZnFn40uJwP2ajQ&oe=6A36CF79,,,,,,,
1716995699307102,https://www.facebook.com/61566327955703/,fb.me,https://www.facebook.com/61566327955703/,,,,ram@rvrengineering.com,+91 90664 90774,,,,461468153706244,http://fb.me/,Rvrenergy,https://www.facebook.com/ads/library/?id=1716995699307102,"""Solar costly-aa irukum"" nu nenacheengala?  Ippo EMI-la solar pannalam. 

✅ Residential & Commercial solar
✅ Central government subsidy projects  
✅ EMI option available",18,Get offer,fb.me,"FACEBOOK; INSTAGRAM; AUDIENCE_NETWORK",2026-06-10,2026-06-15,HD: https://video.fjai6-1.fna.fbcdn.net/o1/v/t2/f2/m366/AQNp6ztF0e9EFP8a3KeEcGGTGmksqqzwqaZC2xqkQzI_yxT9Dhni308OElsCmhDXKhBuQoZuC5-CH8643WCTPnYalI2frbaTNhZmGXDaBFeyYA.mp4?_nc_cat=111&_nc_oc=AdpLDpqUO38IpdqPkEUtNPQFCSYi6BQzTfs1P4LBQAvz8waT78vJ5azyOk_CV2wGYd6cKbpTvPHU_eefUSSGPq-R&_nc_sid=b66105&_nc_ht=video.fjai6-1.fna.fbcdn.net&_nc_ohc=lMr4ijlEd3YQ7kNvwFj64Hs&efg=eyJ2ZW5jb2RlX3RhZyI6Inhwdl9wcm9ncmVzc2l2ZS5WSV9VU0VDQVNFX1BST0RVQ1RfVFlQRS4uQzMuNzIwLmRhc2hfaDI2NC1iYXNpYy1nZW4yXzcyMHAiLCJ4cHZfYXNzZXRfaWQiOjE2NTAyNTg4NDYyMDg0NjEsImFzc2V0X2FnZV9kYXlzIjoxMiwidmlfdXNlY2FzZV9pZCI6MTA3OTksImR1cmF0aW9uX3MiOjc0LCJ1cmxnZW5fc291cmNlIjoid3d3In0%3D&ccb=17-1&vs=c1e68864a4a3ec48&_nc_vs=HBksFQIYRWZiX2VwaGVtZXJhbC81NzQ5MTkwN0UxOTU1MTMzNTgzOUJDM0E5MUQ2NUFBRF9tdF8xX3ZpZGVvX2Rhc2hpbml0Lm1wNBUAAsgBEgAVAhhAZmJfcGVybWFuZW50LzUzNDkyMTBFRkJGMUQ2QkVFMkVGOTY3QkYyNUM4OUE0X2F1ZGlvX2Rhc2hpbml0Lm1wNBUCAsgBEgAoABgAGwKIB3VzZV9vaWwBMRJwcm9ncmVzc2l2ZV9yZWNpcGUBMRUAACaax4bF2rnuBRUCKAJDMywXQFKZmZmZmZoYGWRhc2hfaDI2NC1iYXNpYy1nZW4yXzcyMHARAHUAZd6oAQA&_nc_gid=gxz4iMhBz55BBOMAo2gHpQ&_nc_ss=7b289&_nc_zt=28&oh=00_Af-f5IsNiM8bnxlEroVL_7mJBxO6row7j3rShOcHqJFH8Q&oe=6A36DFF5 | SD: https://video.fjai6-1.fna.fbcdn.net/o1/v/t2/f2/m412/AQNQ1CdYtEGVgl1Tv0ZuWzKqDjkXNlvh1dkVzu9FYe0h9Ko-aLwPLpZ3S6IDBXtR8Oe1FB8351FLkTZDvPzp1m205s0YNj7R0eij9Gl6Bg.mp4?_nc_cat=104&_nc_oc=Ado1sfnuOJrxzsdBST0CGT9eeMGV_W5bdSt7Oric3HFC8FPGKGEJqaQmwMD2oJWvjb1vyNY7qm8qSFIT2YOAxsDt&_nc_sid=ef5aa3&_nc_ht=video.fjai6-1.fna.fbcdn.net&_nc_ohc=eqAjeA1i9EUQ7kNvwFRuIi-&efg=eyJ2ZW5jb2RlX3RhZyI6Inhwdl9wcm9ncmVzc2l2ZS5WSV9VU0VDQVNFX1BST0RVQ1RfVFlQRS4uQzMuMzYwLnN2ZV9zZCIsInhwdl9hc3NldF9pZCI6MTY1MDI1ODg0NjIwODQ2MSwiYXNzZXRfYWdlX2RheXMiOjEyLCJ2aV91c2VjYXNlX2lkIjoxMDc5OSwiZHVyYXRpb25fcyI6NzQsInVybGdlbl9zb3VyY2UiOiJ3d3cifQ%3D%3D&ccb=17-1&_nc_gid=gxz4iMhBz55BBOMAo2gHpQ&_nc_ss=7b289&_nc_zt=28&oh=00_Af_eSw9tqG85CvmRPEXo0arMXn6f_Wkexjr1PddTYYIFhg&oe=6A36C806 | Preview: https://scontent.fjai6-1.fna.fbcdn.net/v/t39.35426-6/721200809_971212332358641_4799546898565624212_n.jpg?_nc_cat=107&ccb=1-7&_nc_sid=c53f8f&_nc_ohc=UeHFz8j7Yw4Q7kNvwG_tesi&_nc_oc=AdrPJCozwYnKrOBKm1JHZPG6rzikBUzSLxHqVVsZJcMYVSIDoBHGE1VVDfzO8pVx3Qiz2igl1cbbiF9ZfgX2yJAh&_nc_zt=14&_nc_ht=scontent.fjai6-1.fna&_nc_gid=gxz4iMhBz55BBOMAo2gHpQ&_nc_ss=7b289&oh=00_Af_CuoiJZusdOohH6493tN5unQE9zBy8pRX79u-wz6zHeA&oe=6A36DD58,,,,,,,
1432812881898637,https://www.facebook.com/Neevilas/,fb.me,https://www.facebook.com/Neevilas/,,,,cbsproperties.sabhapur@gmail.com,+91 80901 00981,,,,104803991444552,http://fb.me/,Neevilas Homes,https://www.facebook.com/ads/library/?id=1432812881898637,"Neevilas Homes Commercial Project 

Prime location. Bold design. Built for growth.

This is the space your business has been waiting for — high visibility, smart infrastructure, and an address that means business.
Stop blending in. Start standing out.

📍 Premium location
🏢 Growth-ready infrastructure
✨ Built for brands that refuse to settle

📞 For bookings & inquiries: +91 8090100981

#neevilashomes #homeindelhi #commercialrealestate",16155,Get offer,fb.me,"FACEBOOK; INSTAGRAM; AUDIENCE_NETWORK",2026-01-26,2026-06-15,HD: https://video.fjai6-1.fna.fbcdn.net/o1/v/t2/f2/m86/AQMYwwvfbssqiqyWjuCbAFEczDqtfnrzOCqe7YHDBBOMTqh_1mKeb4o8_U1T3s4A4OwVdUQ-fQRtC3E9NGm09QbM0Yd76G71yNvkRu8.mp4?_nc_cat=108&_nc_oc=Adp2ON7LgNOPGAft3jTDra_X0Ehu4JGIbwOGyYQoJ2sRyKmDlh40AbgXawRbEdRFKuNn30gFRoMZeKtHWiKofMcJ&_nc_sid=b66105&_nc_ht=video.fjai6-1.fna.fbcdn.net&_nc_ohc=TvDfH4jp0q8Q7kNvwEivOce&efg=eyJ2ZW5jb2RlX3RhZyI6Inhwdl9wcm9ncmVzc2l2ZS5WSV9VU0VDQVNFX1BST0RVQ1RfVFlQRS4uQzMuNzE2LmRhc2hfYmFzZWxpbmVfMV92MSIsInhwdl9hc3NldF9pZCI6MjUyMzQ4MDMzODA5NTQ1NCwiYXNzZXRfYWdlX2RheXMiOjE3NCwidmlfdXNlY2FzZV9pZCI6MTAwOTksImR1cmF0aW9uX3MiOjY3LCJ1cmxnZW5fc291cmNlIjoid3d3In0%3D&ccb=17-1&vs=10fb49b0a3c43df2&_nc_vs=HBksFQIYUmlnX3hwdl9yZWVsc19wZXJtYW5lbnRfc3JfcHJvZC9BRDQ5Qjc0RkFFQ0Q2RTVFNjc4RjBGMDY5Njc4QjhBMl92aWRlb19kYXNoaW5pdC5tcDQVAALIARIAFQIYRmlnX3hwdl9yZWVsc19wZXJtYW5lbnRfc3JfcHJvZC83MDg3MTQ1Mjg2OTkxOTdfMTczNzEzMTUyNTA0NjIxNjA4MS5tcDQVAgLIARIAKAAYABsCiAd1c2Vfb2lsATEScHJvZ3Jlc3NpdmVfcmVjaXBlATEVAAAmvPWy0vHF-wgVAigCQzMsF0BQ1U_fO2RaGBJkYXNoX2Jhc2VsaW5lXzFfdjERAHUAZeadAQA&_nc_gid=gxz4iMhBz55BBOMAo2gHpQ&_nc_ss=7b289&_nc_zt=28&oh=00_Af9Pm6WwV9whV2UOvLohXX2KLjb2mhRjP8J-aXn70FVupQ&oe=6A32CB51 | SD: https://video.fjai6-1.fna.fbcdn.net/o1/v/t2/f2/m86/AQOXXM_sgZJ1w3wAW5oGxJ5xrrYSURoFNzC9crPHn0U2dypCjCRZ0i386oPbC22QhlU87uCIyrXUWj4fd7PYWeSbE_UUXF_vFpcSvm4.mp4?_nc_cat=102&_nc_oc=AdrJhARZzrOSswMCK_kvARzGHpHgSZiCyPqqCyQTmow5d5nI76zc1s4vX84oqQ7vu2DRiy1lsFx0MpgW4SSn4adC&_nc_sid=b66105&_nc_ht=video.fjai6-1.fna.fbcdn.net&_nc_ohc=QfFJE2HvZikQ7kNvwGLnCNS&efg=eyJ2ZW5jb2RlX3RhZyI6Inhwdl9wcm9ncmVzc2l2ZS5WSV9VU0VDQVNFX1BST0RVQ1RfVFlQRS4uQzMuMzYwLmRhc2hfYmFzZWxpbmVfM192MSIsInhwdl9hc3NldF9pZCI6MjUyMzQ4MDMzODA5NTQ1NCwiYXNzZXRfYWdlX2RheXMiOjE3NCwidmlfdXNlY2FzZV9pZCI6MTAwOTksImR1cmF0aW9uX3MiOjY3LCJ1cmxnZW5fc291cmNlIjoid3d3In0%3D&ccb=17-1&vs=621bde94051c649f&_nc_vs=HBksFQIYUmlnX3hwdl9yZWVsc19wZXJtYW5lbnRfc3JfcHJvZC9CQjRDQjE5MzY5MkRBRUUzMzIzOEI4REFCRTAxQURBQ192aWRlb19kYXNoaW5pdC5tcDQVAALIARIAFQIYRmlnX3hwdl9yZWVsc19wZXJtYW5lbnRfc3JfcHJvZC83MDg3MTQ1Mjg2OTkxOTdfMTczNzEzMTUyNTA0NjIxNjA4MS5tcDQVAgLIARIAKAAYABsCiAd1c2Vfb2lsATEScHJvZ3Jlc3NpdmVfcmVjaXBlATEVAAAmvPWy0vHF-wgVAigCQzMsF0BQ1U_fO2RaGBJkYXNoX2Jhc2VsaW5lXzNfdjERAHUAZeadAQA&_nc_gid=gxz4iMhBz55BBOMAo2gHpQ&_nc_ss=7b289&_nc_zt=28&oh=00_Af_INNSRVIoGjLe61mMmrQPzeCmFf2ekVdbYGGeBy7uMmw&oe=6A32C517 | Preview: https://scontent.fjai6-1.fna.fbcdn.net/v/t39.35426-6/622770585_2035557807292119_4584322340160077006_n.jpg?_nc_cat=107&ccb=1-7&_nc_sid=c53f8f&_nc_ohc=9hYY8_UzSk8Q7kNvwHOWV0O&_nc_oc=AdpoOTCYLkxl7VmjGFTj_7321i9EBz2aU7rDDplUqUbt1cggSg2Nv6lt1XMj-3l8_g--9pWNVO3dz82TMujvu1Ft&_nc_zt=14&_nc_ht=scontent.fjai6-1.fna&_nc_gid=gxz4iMhBz55BBOMAo2gHpQ&_nc_ss=7b289&oh=00_Af8nGjVlpA_sT_M6gszLNu8pMyusi39uOpbhc1DtUu8V3Q&oe=6A36E557,,,,,,,
1535483051612604,https://www.facebook.com/61552642537204/,fb.me,https://www.facebook.com/61552642537204/,,,,apexinfra.amb@gmail.com,+91 82650 55594,,,,166866699837552,http://fb.me/,Bizbay,https://www.facebook.com/ads/library/?id=1535483051612604,"Road-touch shops & offices on Kalyan–Badlapur Road.
Mother of All Deals: Save up to ₹20 Lakh.
Office @ 50L+ | Shops @ 99L+

✔ 18 ft height shops
✔ Attached washrooms
✔ Just 900m from Ambernath Station
✔ Offices with balcony + washroom
✔ Nearing possession
✔ In a prime residential hub of 10,000+ families

📞 Call: 82650 55594 and book your site visit now!
Perfect for every business. Don’t miss out!",50,Learn more,fb.me,"FACEBOOK; INSTAGRAM",2026-06-08,2026-06-15,HD: https://video.fjai6-1.fna.fbcdn.net/o1/v/t2/f2/m366/AQOYPqrq-dZ-CoYEvHRf7obW0OKqAVi480bEPas8pdxjLMq-BG2bqjsHm6hufJe3YPZXHaqeJt9zFNDlr625P9XsZXm8ThyxEejKctnZ3h-i7A.mp4?_nc_cat=103&_nc_oc=Ado5WWTqsN-v9r8YRTl8OF5bWXxzYP2Qm6cdsm4WOwdUyHGl-IPclr_2QkPqL1uuy9o4c7a88kCQmqoJkSbzO-GT&_nc_sid=b66105&_nc_ht=video.fjai6-1.fna.fbcdn.net&_nc_ohc=tw7JKnexavEQ7kNvwHc1G4S&efg=eyJ2ZW5jb2RlX3RhZyI6Inhwdl9wcm9ncmVzc2l2ZS5WSV9VU0VDQVNFX1BST0RVQ1RfVFlQRS4uQzMuNzIwLmRhc2hfaDI2NC1iYXNpYy1nZW4yXzcyMHAiLCJ4cHZfYXNzZXRfaWQiOjI0MzY3MDgzMjAxMjM1NjcsImFzc2V0X2FnZV9kYXlzIjo0OCwidmlfdXNlY2FzZV9pZCI6MTA3OTksImR1cmF0aW9uX3MiOjMwLCJ1cmxnZW5fc291cmNlIjoid3d3In0%3D&ccb=17-1&vs=d0612738e02cf582&_nc_vs=HBksFQIYRWZiX2VwaGVtZXJhbC8xQzQxRjc2REE3ODNBQUU1M0IwQkM2QTExMzBGNEI5MV9tdF8xX3ZpZGVvX2Rhc2hpbml0Lm1wNBUAAsgBEgAVAhhAZmJfcGVybWFuZW50LzQ4NEJCQzMwOUMxOTM4MUM0REFEMTBEMEI5MjRBMzkwX2F1ZGlvX2Rhc2hpbml0Lm1wNBUCAsgBEgAoABgAGwKIB3VzZV9vaWwBMRJwcm9ncmVzc2l2ZV9yZWNpcGUBMRUAACbe6rzdi4vUCBUCKAJDMywXQD6qfvnbItEYGWRhc2hfaDI2NC1iYXNpYy1nZW4yXzcyMHARAHUAZd6oAQA&_nc_gid=gxz4iMhBz55BBOMAo2gHpQ&_nc_ss=7b289&_nc_zt=28&oh=00_Af8ire2kc6O2TlCQ55pXWDdpypT1JcxHNhewfU_ma2GvKg&oe=6A36D04D | SD: https://video.fjai6-1.fna.fbcdn.net/o1/v/t2/f2/m412/AQNYwMcM1dg9Cs622N52Pe1sNBCwi3Xiiu3ZaMt1I1p_eJFtOudZfwOzsL_OKp1X3xuo6l036ZjkUEEdg2SFQ9GbZtUO2U7366PIpwVH8w.mp4?_nc_cat=109&_nc_oc=AdpWWy0Lv4LS6bcKQtWJfQz2qjwbvjp_vfYPV8eJy5A1yVBZMZqHtVI5JWEaQ8PosCfd5DL9uGdIlwuMrsudzPto&_nc_sid=ef5aa3&_nc_ht=video.fjai6-1.fna.fbcdn.net&_nc_ohc=iPRtuVOU2lsQ7kNvwGtSYhL&efg=eyJ2ZW5jb2RlX3RhZyI6Inhwdl9wcm9ncmVzc2l2ZS5WSV9VU0VDQVNFX1BST0RVQ1RfVFlQRS4uQzMuMzYwLnN2ZV9zZCIsInhwdl9hc3NldF9pZCI6MjQzNjcwODMyMDEyMzU2NywiYXNzZXRfYWdlX2RheXMiOjQ4LCJ2aV91c2VjYXNlX2lkIjoxMDc5OSwiZHVyYXRpb25fcyI6MzAsInVybGdlbl9zb3VyY2UiOiJ3d3cifQ%3D%3D&ccb=17-1&_nc_gid=gxz4iMhBz55BBOMAo2gHpQ&_nc_ss=7b289&_nc_zt=28&oh=00_Af-gfo-zX11BfAzjT98T0kEmxLQ3vt7KpZm2l5yrEMG8gw&oe=6A36CB45 | Preview: https://scontent.fjai6-1.fna.fbcdn.net/v/t39.35426-6/718936057_1275006907748332_8348156704190734146_n.jpg?_nc_cat=103&ccb=1-7&_nc_sid=c53f8f&_nc_ohc=5fExCxr_sBgQ7kNvwEZ_LOL&_nc_oc=AdolqZ1UFtKZ-0ulmENwbJyAsyfgeZGHl3eQhBe7rchgiFFH7VtrVK9krAMHmrRXhda033OQycAuz3M3vYT4y-or&_nc_zt=14&_nc_ht=scontent.fjai6-1.fna&_nc_gid=gxz4iMhBz55BBOMAo2gHpQ&_nc_ss=7b289&oh=00_Af9tsbvREU-5dHjzmN5VXs0dMKauo4NpbwX_psZryydauQ&oe=6A36BBC0,,,,,,,
1566357211730243,https://www.facebook.com/61580549832160/,api.whatsapp.com,https://www.facebook.com/61580549832160/,,,,,+91 76909 69355,,,,1090355517484163,https://api.whatsapp.com/send,Pinkcity Property with Rajdhara,https://www.facebook.com/ads/library/?id=1566357211730243,"🌿 RAJDHARA ECO PARK 🌿
📍 Location: Mokhampura, Main Ajmer Road, Jaipur

Location Link:https://goo.gl/maps/tt5jy5jXWrrVzvi5A

🏢 80 प्रीमियम शॉप्स का सबसे बड़ा कमर्शियल प्रोजेक्ट

💰 सिर्फ ₹18,450 प्रति गज से शुरू

✅ Future Growth Location
✅ On Jaipur-Ajmer Highway
✅ High Footfall Potential
✅ Business & Investment दोनों के लिए शानदार मौका",6,Send WhatsApp message,WhatsApp,"FACEBOOK; INSTAGRAM; WHATSAPP",2026-06-12,2026-06-15,,Original: https://scontent.fjai6-1.fna.fbcdn.net/v/t39.35426-6/722078094_1314883797464459_4559356690053402394_n.jpg?_nc_cat=103&ccb=1-7&_nc_sid=c53f8f&_nc_ohc=S2z6qiSgNS0Q7kNvwG81naq&_nc_oc=AdqXtcBn-X5TyzVNFKpv-Mqg02GzeS6NgCuiQjs8Ft2Ir8aHdhMShdS_RqscFd49gs1L0UBodmWMen4_d-Wc5cAh&_nc_zt=14&_nc_ht=scontent.fjai6-1.fna&_nc_gid=gxz4iMhBz55BBOMAo2gHpQ&_nc_ss=7b289&oh=00_Af9fUFGcTjUDxjsM_yIdJzrRImAzgtlZYA0z1kVdAjeD5Q&oe=6A36B515 | Resized: https://scontent.fjai6-1.fna.fbcdn.net/v/t39.35426-6/722704373_1010336371728555_3628736107333382559_n.jpg?stp=dst-jpg_s600x600_tt6&_nc_cat=104&ccb=1-7&_nc_sid=c53f8f&_nc_ohc=hsKeVvYjmdwQ7kNvwGbKY9S&_nc_oc=Adp8UpGLvlZDroQnixH1NQSODrk57vKj-5uI9p-Cm4v27RW1tOYvpgo7zl8OqTUlZhnRDB1uOMt7MxZa4XGE7X3h&_nc_zt=14&_nc_ht=scontent.fjai6-1.fna&_nc_gid=gxz4iMhBz55BBOMAo2gHpQ&_nc_ss=7b289&oh=00_Af9zja8feRewo_cS6U0zKy2AWdMmfhvA9YsjnbXqihLB6Q&oe=6A36E409,,,,,,
1393779159241774,https://www.facebook.com/techfinehome/,fb.me,https://www.facebook.com/techfinehome/,,,,,+91 97170 02577,,,,105399512291915,http://fb.me/,Fine Home,https://www.facebook.com/ads/library/?id=1393779159241774,"Upgrade your home with **Fenesta Premium Doors & Windows** — designed for style, strength, comfort, and long-lasting performance.

Enjoy better ventilation, natural light, noise reduction, weather protection, energy efficiency, smooth operation, and a modern premium look for every space. With expert consultation, professional installation, and reliable support, Fenesta gives you a complete one-stop solution for your home or commercial project.

Transform your space with durable, elegant, and low-maintenance doors & windows.

**Get your free quote today!**",602,Get quote,fb.me,"FACEBOOK; INSTAGRAM",2026-06-11,2026-06-15,,Original: https://scontent.fjai6-1.fna.fbcdn.net/v/t39.35426-6/702716711_2219404312155381_5248198511917851965_n.jpg?_nc_cat=108&ccb=1-7&_nc_sid=c53f8f&_nc_ohc=Deq7tI_zX9IQ7kNvwFPqd06&_nc_oc=AdpX3OPrsQKfGlYi0yYQ7a0u8Ff9C8ZK7cwU3wwfhznUjzoZDY5JTdJB_aeZuvmhFo8YCt8fSn924GscjMmaIPmC&_nc_zt=14&_nc_ht=scontent.fjai6-1.fna&_nc_gid=6iQ-VDjZ7MEwJznO7LxSXw&_nc_ss=7b289&oh=00_Af8_DHz3vRYAySkYf90kcJd8TxVDwSKJ4qgiJrqYWwUglQ&oe=6A36B11B | Resized: https://scontent.fjai6-1.fna.fbcdn.net/v/t39.35426-6/702763472_1690766872058300_6071692442244471286_n.jpg?stp=dst-jpg_s600x600_tt6&_nc_cat=100&ccb=1-7&_nc_sid=c53f8f&_nc_ohc=4JL4CHRh3hQQ7kNvwHKUSU6&_nc_oc=Adq1GguB0I7TpnjpPdHGdcW_5j7uZ29loPgrt50FalgeYxYVXoyiUjNbrrecX05RgqJizGh9KNWRX5XE7BIPYFkr&_nc_zt=14&_nc_ht=scontent.fjai6-1.fna&_nc_gid=6iQ-VDjZ7MEwJznO7LxSXw&_nc_ss=7b289&oh=00_Af9OutZpTEVFxUPZtGM1JNYHya4kwziLFuXdkP44ywnyfw&oe=6A36D15D,,,,,,
864544292818911,https://www.facebook.com/bricknbolt/,fb.me,https://www.facebook.com/bricknbolt/,,,,info@bricknbolt.com,+91 75052 05205,,,,127007714656008,http://fb.me/,Brick&Bolt - Home & Commercial Construction Simplified,https://www.facebook.com/ads/library/?id=864544292818911,"Own a plot? 

Partner with Brick & Bolt for your commercial project. 
We handle everything from design to delivery with no hidden costs and fixed timelines. 

1. Fixed-price contracts – no surprises
2. Escrow-based payment safety
3. On-time project delivery
4. Real-time tracking via our app

Join 3000+ businesses that chose predictability.
Book your free industrial consultation today.",22949,Get quote,fb.me,"FACEBOOK; INSTAGRAM",2026-06-09,2026-06-15,,Original: https://scontent.fjai6-1.fna.fbcdn.net/v/t39.35426-6/720031185_1052243240805397_651359636350763459_n.jpg?_nc_cat=104&ccb=1-7&_nc_sid=c53f8f&_nc_ohc=6FgDZEZssRkQ7kNvwHgXhph&_nc_oc=AdqctirJfqPIrYC4A1lhYESbqe4oM918muA7seZKq5jvTGLS2SgrGwwDri7HfzBIbZbR-xFV5mtQBoeZhqcP0L4R&_nc_zt=14&_nc_ht=scontent.fjai6-1.fna&_nc_gid=6iQ-VDjZ7MEwJznO7LxSXw&_nc_ss=7b289&oh=00_Af-pfZcC1F4pPFuhGA1Za9MOlvKSYQk2SDDnceZ78Wmyog&oe=6A36E5C9 | Resized: https://scontent.fjai6-1.fna.fbcdn.net/v/t39.35426-6/718014219_2062388667965304_967212133449800591_n.jpg?stp=dst-jpg_s600x600_tt6&_nc_cat=104&ccb=1-7&_nc_sid=c53f8f&_nc_ohc=U24X0qn259gQ7kNvwFQAFWd&_nc_oc=Ado_6fwfuEgqcGjwXAGsK-kDsWlYJPylmMiq-05uvIOkpGDhYUUsi5j9wltsx5ifd4MeF51eeZhIupBV3jt4k7f2&_nc_zt=14&_nc_ht=scontent.fjai6-1.fna&_nc_gid=6iQ-VDjZ7MEwJznO7LxSXw&_nc_ss=7b289&oh=00_Af9xSHTwidiyZzmv7KTOgCgJTTLH3aYXD64i8MIGMMUw-Q&oe=6A36D7AA,,,,,,
1005292475329521,https://www.facebook.com/61550794511232/,api.whatsapp.com,https://www.facebook.com/61550794511232/,,,,letstalk@furniconcepts.com,+971 50 378 2215,,,,112469018623651,https://api.whatsapp.com/send,Furniconcepts,https://www.facebook.com/ads/library/?id=1005292475329521,"At Furniconcepts, we don’t just furnish spaces - we create environments that inspire productivity, collaboration, comfort, and innovation.
From ergonomic office chairs and executive workstations to collaborative meeting spaces, hospitality furniture, healthcare solutions, educational environments, auditorium seating, and customized commercial interiors, we offer complete end-to-end furniture solutions for every business need.

🌟 What We Offer:
🪑 Ergonomic Office Furniture
🏢 Corporate Workspace Solutions
🏨 Hospitality Furniture
🏥 Healthcare Furniture
🎓 Institutional & Training Furniture
🎭 Auditorium & Cinema Seating
🍽️ Cafeteria & Breakout Area Furniture
📚 Storage & Workspace Accessories
🎨 Customized Interior Solutions

Whether you’re setting up a startup office, upgrading a corporate headquarters, designing a healthcare facility, or furnishing a large commercial project, Furniconcepts delivers quality, functionality, and style under one roof.

📍 Visit our Furniture Lab & Experience Centre at Chennai, India and explore furniture solutions designed for modern businesses.

Transforming Spaces. Empowering People.

#Furniconcepts #commercialfurniture #officefurniture  #interiordesign #chennai",7102,Send WhatsApp message,api.whatsapp.com,"FACEBOOK; INSTAGRAM; WHATSAPP",2026-06-12,2026-06-15,HD: https://video.fjai6-1.fna.fbcdn.net/o1/v/t2/f2/m367/AQN_0McPO2W_upDqLmMDIFSHQwE4zW4_1I6zlnEox5PYzpveuEi29trP92vF6paX0473Csg-FY46OTnHjJL-bUNliz1r_M1w8pAtnwEIUA.mp4?_nc_cat=101&_nc_oc=AdrTl5b9G-vxnVLwjEnYPkC-HviM00TH1rMu3Kqc5dPc12oZjRzLncJh-KBqWnMTUa80UoHSxWKIMp0EubkbXsdf&_nc_sid=ef5aa3&_nc_ht=video.fjai6-1.fna.fbcdn.net&_nc_ohc=K7M2zdoURHIQ7kNvwFFiA1R&efg=eyJ2ZW5jb2RlX3RhZyI6Inhwdl9wcm9ncmVzc2l2ZS5WSV9VU0VDQVNFX1BST0RVQ1RfVFlQRS4uQzMuNzIwLnByb2dyZXNzaXZlX2gyNjQtYmFzaWMtZ2VuMl83MjBwIiwieHB2X2Fzc2V0X2lkIjoxNTMyMDgyMjE4MzU5NzM3LCJhc3NldF9hZ2VfZGF5cyI6NSwidmlfdXNlY2FzZV9pZCI6MTAwOTksImR1cmF0aW9uX3MiOjU5LCJ1cmxnZW5fc291cmNlIjoid3d3In0%3D&ccb=17-1&_nc_gid=CZB6wtoLLhK3dG15iRpNLg&_nc_ss=7b289&_nc_zt=28&oh=00_Af-5EHKuisv5j8eRCA_uPLTtUWBFAHhnOlg98aZfwwrfqw&oe=6A36C0E5 | SD: https://video.fjai6-1.fna.fbcdn.net/o1/v/t2/f2/m367/AQPOx4taNRhEK-QyBR7E0ERWYLaEzs5UrbHC7DAaG323RPulUwDPQVuMHD4hGdihiWqUjNCOMXBeAg82Z9pFYX9wLDiTSBgJqXYevySdcQ.mp4?_nc_cat=109&_nc_oc=AdqF35Psrf8ysp86IXLjt1gD73B53T14D5kjb0R8POtqN19owjdZA6FLXaTMUgVQkPDs_2OfH47rkMY5X6fONhpy&_nc_sid=ef5aa3&_nc_ht=video.fjai6-1.fna.fbcdn.net&_nc_ohc=-RxxS8ss5esQ7kNvwF5tvGZ&efg=eyJ2ZW5jb2RlX3RhZyI6Inhwdl9wcm9ncmVzc2l2ZS5WSV9VU0VDQVNFX1BST0RVQ1RfVFlQRS4uQzMuMzYwLnByb2dyZXNzaXZlX2gyNjQtYmFzaWMtZ2VuMl8zNjBwIiwieHB2X2Fzc2V0X2lkIjoxNTMyMDgyMjE4MzU5NzM3LCJhc3NldF9hZ2VfZGF5cyI6NSwidmlfdXNlY2FzZV9pZCI6MTAwOTksImR1cmF0aW9uX3MiOjU5LCJ1cmxnZW5fc291cmNlIjoid3d3In0%3D&ccb=17-1&_nc_gid=CZB6wtoLLhK3dG15iRpNLg&_nc_ss=7b289&_nc_zt=28&oh=00_Af-nKvxnJhmlcJ8B8izOdWYqLXQ8AEBr_b6aUjcxjvuRag&oe=6A36CD05 | Preview: https://scontent.fjai6-1.fna.fbcdn.net/v/t39.35426-6/721415279_1711924726514420_5021412155412836197_n.jpg?_nc_cat=101&ccb=1-7&_nc_sid=c53f8f&_nc_ohc=LLKFSuYwbaYQ7kNvwFrICZU&_nc_oc=Adr-a-2c0GZrFuCSWEj560toxpnSmLwJsPBWuBlFw-k2H2z99MZGP_7zAa_GNH1ak88ujDPv3WtT4D26wPg9NGzR&_nc_zt=14&_nc_ht=scontent.fjai6-1.fna&_nc_gid=CZB6wtoLLhK3dG15iRpNLg&_nc_ss=7b289&oh=00_Af8USzBCKAq0LtLsxRWYYrv_WtfGtI2GKfDD49v-hQ70jQ&oe=6A36D053,,,,,,,