Ad Archive ID,Page Profile URI,Website URL,Facebook,Instagram,TikTok,YouTube,Email,Phone,Twitter,LinkedIn,Pinterest,Page ID,Link URL,Page Name,Facebook AD URL,Body Text,Page Like Count,CTA Text,Content (Caption),Publisher Platform,Start Date,End Date,Videos,Images,Cards Body,Cards Link URL,Cards Caption,Cards CTA Text,Cards Images,Cards Videos
1325635392614192,https://www.facebook.com/thebarbequetimes/,api.whatsapp.com,https://www.facebook.com/thebarbequetimes/,,,,reservations@thebarbequetimes.com,+91 97779 56956,,,,101059319220533,https://api.whatsapp.com/send,The Barbeque Times,https://www.facebook.com/ads/library/?id=1325635392614192,"Gather your loved ones and treat them to a delightful dining experience at The Barbeque Times. Our delicious food is the perfect recipe for a memorable family outing. 🍽️👨‍👩‍👧‍👦

For Reservations: +91 97779 56956, 93116 98456, 93115 41656

#barbequerestaurant #bbq #bestbarbequerestaurant #unlimitedbuffet #livegrill #livemusic

[The Barbeque Times, Best Barbeque Restaurant, Best Buffet Restaurant in Delhi NCR, Best Restaurant in Gurgaon]",6070,Send WhatsApp message,WhatsApp,"FACEBOOK; INSTAGRAM; AUDIENCE_NETWORK; THREADS",2025-09-04,2026-06-17,,Original: https://scontent.fjai6-1.fna.fbcdn.net/v/t39.35426-6/459051080_1316334565996160_8950324824161844382_n.jpg?_nc_cat=110&ccb=1-7&_nc_sid=c53f8f&_nc_ohc=n7NY9cmxNsIQ7kNvwEgRuN4&_nc_oc=Adp1a-OOlWva4u0oaLrPgs25W7ppzrCcrVUBwJ_7qj4WvYXABuTNRPnKxN67IAbOjHZvB0GMqUx-SXJUHfIar2XY&_nc_zt=14&_nc_ht=scontent.fjai6-1.fna&_nc_gid=SCTI8UM0aCdIAzunOufcIw&_nc_ss=7b289&oh=00_Af-JiG6SOuJuUNI01EcLwc00AwhbMgKwhdiAaC0Wt7HgKw&oe=6A399128 | Resized: https://scontent.fjai6-1.fna.fbcdn.net/v/t39.35426-6/459093983_1755381891954142_8831502476212478777_n.jpg?stp=dst-jpg_s600x600_tt6&_nc_cat=102&ccb=1-7&_nc_sid=c53f8f&_nc_ohc=iXqJ8oFKHboQ7kNvwGQGS6V&_nc_oc=AdpwWPVlF81vjtGc3i1EV49O1GOUcUntGxFZkTspiObn8p0pQ8y2PBoxXvg2mp3dBdogia2kQnpAx5vnLoHs_oEw&_nc_zt=14&_nc_ht=scontent.fjai6-1.fna&_nc_gid=SCTI8UM0aCdIAzunOufcIw&_nc_ss=7b289&oh=00_Af_eV6xjd8ojTvqnk4n9USOPuXYrSyVM0CvyW56MAKmO5Q&oe=6A39B987,,,,,,
37242960068628049,https://www.facebook.com/SKFortuneGroup/,skfortunegroup.com,https://www.facebook.com/SKFortuneGroup/,,,,sales@fortunedeveloper.in,"7774061071, 7774086597, 8956961157, 8484827265, 9156182926, 9156043628",,,,105618062462128,https://skfortunegroup.com/,SK Fortune Group,https://www.facebook.com/ads/library/?id=37242960068628049,"🚀 Baner Road is evolving. Are you positioned for it?

Presenting premium office spaces at Sakal Nagar Metro Station—where visibility meets opportunity.

📍 High-growth business hub
🏢 Premium corporate ecosystem
🚇 Seamless connectivity

If your business deserves a better address, this is it.
Enquire now.",1441,Learn more,skfortunegroup.com,"FACEBOOK; INSTAGRAM; AUDIENCE_NETWORK",2026-05-29,2026-06-18,,,"🚀 Baner Road is evolving. Are you positioned for it?

Presenting premium office spaces at Sakal Nagar Metro Station—where visibility meets opportunity.

📍 High-growth business hub
🏢 Premium corporate ecosystem
🚇 Seamless connectivity

If your business deserves a better address, this is it.
Enquire now. || 🚀 Baner Road is evolving. Are you positioned for it?

Presenting premium office spaces at Sakal Nagar Metro Station—where visibility meets opportunity.

📍 High-growth business hub
🏢 Premium corporate ecosystem
🚇 Seamless connectivity

If your business deserves a better address, this is it.
Enquire now. || 🚀 Baner Road is evolving. Are you positioned for it?

Presenting premium office spaces at Sakal Nagar Metro Station—where visibility meets opportunity.

📍 High-growth business hub
🏢 Premium corporate ecosystem
🚇 Seamless connectivity

If your business deserves a better address, this is it.
Enquire now.",https://skfortunegroup.com/ || https://skfortunegroup.com/ || https://skfortunegroup.com/,,Learn More || Learn More || Learn More,Original: https://scontent.fjai6-1.fna.fbcdn.net/v/t39.35426-6/710849051_1706998120341942_2912934871900088883_n.jpg?_nc_cat=102&ccb=1-7&_nc_sid=c53f8f&_nc_ohc=bPbOT1I2VY4Q7kNvwE9sOz5&_nc_oc=AdpAluL2y18rG0DbCu1RJ313MM2qiU8MtnfHDgr8vPWzOJxkaDuFNB6Fo1V5J5cib3lx3v1ubC83k_1ZJ6Fq1_BO&_nc_zt=14&_nc_ht=scontent.fjai6-1.fna&_nc_gid=SCTI8UM0aCdIAzunOufcIw&_nc_ss=7b289&oh=00_Af91_96Yie53iNWvNTY1VMqmUDDEqqb7QHBagoY6SR4XZQ&oe=6A39BC87 | Resized: https://scontent.fjai6-1.fna.fbcdn.net/v/t39.35426-6/711190024_1144103367911972_3386439851903411979_n.jpg?stp=dst-jpg_s600x600_tt6&_nc_cat=110&ccb=1-7&_nc_sid=c53f8f&_nc_ohc=BWc_wzJosJYQ7kNvwGIhLkm&_nc_oc=AdrLRTFdoLsxOZNE8u83spBGZa938q_sdmOU0EjaQGigyRIX_cv1cBeCLFqAYeKEn2rxoLO-ICuH9lJm5BUoqzfW&_nc_zt=14&_nc_ht=scontent.fjai6-1.fna&_nc_gid=SCTI8UM0aCdIAzunOufcIw&_nc_ss=7b289&oh=00_Af_RYvZstRLHNE7LZfbOLAJuw0dLiFu459d-MmKKYsZV4A&oe=6A399C82 || Original: https://scontent.fjai6-1.fna.fbcdn.net/v/t39.35426-6/710831310_1738688397497606_9192499108961362804_n.jpg?_nc_cat=101&ccb=1-7&_nc_sid=c53f8f&_nc_ohc=sH8SJ82NwJYQ7kNvwEACg6x&_nc_oc=AdoN-mq6xgJ1aJ1986JlSD2YhwBsNwfkXuvoDC2vrhe2rLsS3pKhpcI1bzjOGuK4HuH50DN0lSrIpH80RcKXWlDC&_nc_zt=14&_nc_ht=scontent.fjai6-1.fna&_nc_gid=SCTI8UM0aCdIAzunOufcIw&_nc_ss=7b289&oh=00_Af83L1N02yJZANp4bsaO4s96coFGyDtiju3VZIISBFdosA&oe=6A39895A | Resized: https://scontent.fjai6-1.fna.fbcdn.net/v/t39.35426-6/709883043_2731867107188807_6953355095336784313_n.jpg?stp=dst-jpg_s600x600_tt6&_nc_cat=105&ccb=1-7&_nc_sid=c53f8f&_nc_ohc=UWIesvhhwB8Q7kNvwFbe6qo&_nc_oc=AdphctzAGN18nsBFVKch8Q1W29IlVDK4FXq9Ym_OtI4D6UvN1xfxgGxA7jmayiiMpLFUUpDwiTHCes2lCnX9X-HO&_nc_zt=14&_nc_ht=scontent.fjai6-1.fna&_nc_gid=SCTI8UM0aCdIAzunOufcIw&_nc_ss=7b289&oh=00_Af-EuWQtTu_egf_P_wNvHbCGN3DUFoiH7JkHb6t3fHRy9w&oe=6A39AF58 || Original: https://scontent.fjai6-1.fna.fbcdn.net/v/t39.35426-6/710192906_927099770377800_6838146065649352794_n.jpg?_nc_cat=108&ccb=1-7&_nc_sid=c53f8f&_nc_ohc=JoZo8j_hdCMQ7kNvwHLEB8X&_nc_oc=AdpR4nKnPys8UXPUlv1j6w3mlYzpDRGxHQ67Sr_Lk5CWQU3laJnty5zc7DDnXbI1qzzfwLxYst_CwAkNCIvGFrIm&_nc_zt=14&_nc_ht=scontent.fjai6-1.fna&_nc_gid=SCTI8UM0aCdIAzunOufcIw&_nc_ss=7b289&oh=00_Af-fKnqqXDL8lXsjn8ko-ZHuwL5BQ6xSzuwsfgFDBh3QCg&oe=6A39A2FB | Resized: https://scontent.fjai6-1.fna.fbcdn.net/v/t39.35426-6/710391559_1040287511672081_4757004642067289305_n.jpg?stp=dst-jpg_s600x600_tt6&_nc_cat=108&ccb=1-7&_nc_sid=c53f8f&_nc_ohc=62XqJwzWILAQ7kNvwGo9i_n&_nc_oc=AdpuikoAyWrLj89D-q4Y-qauiSy93c5kaAdkh1ryn9fINwbkdSD3vk85rKBXZ8XWn1A3Mtq-3BPdmH9_bFTPJ-FC&_nc_zt=14&_nc_ht=scontent.fjai6-1.fna&_nc_gid=SCTI8UM0aCdIAzunOufcIw&_nc_ss=7b289&oh=00_Af89Y8wnj1cTUPqo-3Qcc1HBjb-3hlRtmhssOgI4N-v45Q&oe=6A39AB6D,
927005920065290,https://www.facebook.com/61579756931740/,centreforsight.net,https://www.facebook.com/61579756931740/,,,,,"08065423777, 08065423666",,,,793212043869794,https://www.centreforsight.net/eye-hospitals-in-india/gurugram/m2k?utm_source=Meta&utm_campaign=TTN_CFS_CFS_Gurugram_CenterVideo_VideoViews_12-02-2026,Centre For Sight - North,https://www.facebook.com/ads/library/?id=927005920065290,"Centre for Sight brings world-class eye care to your city—our commitment is to eliminate preventable blindness from India.

* Experienced ophthalmologists
* Latest technology and advanced equipment
* From general eye exams to advanced treatments like cataracts, retinal, glaucoma, and LASIK—all available in one place.

Don't ignore the early signs of eye problems.

Get a reliable and comprehensive experience of super-specialty eye care at Centre for Sight.",30090,Learn more,www.centreforsight.net,"FACEBOOK; INSTAGRAM",2026-04-01,2026-06-17,HD: https://video.fjai6-1.fna.fbcdn.net/o1/v/t2/f2/m366/AQPLAdhqGXj7qWxgGa3l-7udB_APMj-Pmx6oydbn6m12ZdrSTxovL1algNsYJvouCyOLFSNw8ihY5Cq-0OA2QjFqBd67YUaBZb3PE5b-Kz1xJg.mp4?_nc_cat=105&_nc_oc=AdrNB2tl2ExPnez5_TOWVV5KdymQ7Tapd5E62e59TehUUVB_fs0rQNDMl4vkp4zVlj0rrmrnXthQWzF_4_1G2dwH&_nc_sid=b66105&_nc_ht=video.fjai6-1.fna.fbcdn.net&_nc_ohc=GZp3KrBZE3AQ7kNvwGxgBb-&efg=eyJ2ZW5jb2RlX3RhZyI6Inhwdl9wcm9ncmVzc2l2ZS5WSV9VU0VDQVNFX1BST0RVQ1RfVFlQRS4uQzMuNzIwLmRhc2hfaDI2NC1iYXNpYy1nZW4yXzcyMHAiLCJ4cHZfYXNzZXRfaWQiOjgwOTA0MzgzODg4ODUyMCwiYXNzZXRfYWdlX2RheXMiOjEyNiwidmlfdXNlY2FzZV9pZCI6MTA3OTksImR1cmF0aW9uX3MiOjQ2LCJ1cmxnZW5fc291cmNlIjoid3d3In0%3D&ccb=17-1&vs=1be951eb9ebc59b2&_nc_vs=HBksFQIYRWZiX2VwaGVtZXJhbC9BODRBREU4NEM4NDI1NERBMzdGMEMwODc5RkI1MTQ4Nl9tdF8xX3ZpZGVvX2Rhc2hpbml0Lm1wNBUAAsgBEgAVAhhAZmJfcGVybWFuZW50LzJFNDYwOENENzQ0RTkzRUQxQ0JBNTM1OEE4QjQ5MUE3X2F1ZGlvX2Rhc2hpbml0Lm1wNBUCAsgBEgAoABgAGwKIB3VzZV9vaWwBMRJwcm9ncmVzc2l2ZV9yZWNpcGUBMRUAACaQqf-pxvTvAhUCKAJDMywXQEdl41P3ztkYGWRhc2hfaDI2NC1iYXNpYy1nZW4yXzcyMHARAHUAZd6oAQA&_nc_gid=SCTI8UM0aCdIAzunOufcIw&_nc_ss=7b289&_nc_zt=28&oh=00_Af-UrA-f5VVB3_EsZueC49vZmwT0eEmxSyaFZuaScw_3xQ&oe=6A399B97 | SD: https://video.fjai6-1.fna.fbcdn.net/o1/v/t2/f2/m412/AQN2ryRyUUvjEF5J81OSCPOP1xg5perlkrX7f8FYqQxZU51sWV366_JeV8QgqTY71RABPKjVEigzQ6B4vIznt2EIaoEq52-U-AzVh855XA.mp4?_nc_cat=101&_nc_oc=AdqRWWrt9ZkB7MnxQ7w9G4ry13HBvQmTGfpeNoWAFBrSw_NwjmujmA_GAc1geZkKpI3B0JTKXxfm_2fROXiyf6sb&_nc_sid=ef5aa3&_nc_ht=video.fjai6-1.fna.fbcdn.net&_nc_ohc=4lpmwmTr0qUQ7kNvwFA-ze-&efg=eyJ2ZW5jb2RlX3RhZyI6Inhwdl9wcm9ncmVzc2l2ZS5WSV9VU0VDQVNFX1BST0RVQ1RfVFlQRS4uQzMuMzYwLnN2ZV9zZCIsInhwdl9hc3NldF9pZCI6ODA5MDQzODM4ODg4NTIwLCJhc3NldF9hZ2VfZGF5cyI6MTI2LCJ2aV91c2VjYXNlX2lkIjoxMDc5OSwiZHVyYXRpb25fcyI6NDYsInVybGdlbl9zb3VyY2UiOiJ3d3cifQ%3D%3D&ccb=17-1&_nc_gid=SCTI8UM0aCdIAzunOufcIw&_nc_ss=7b289&_nc_zt=28&oh=00_Af_wjuS5JkAUyKIH4ifwWR3BjO2QdTmDv4VLhO7avzUZFg&oe=6A39A325 | Preview: https://scontent.fjai6-1.fna.fbcdn.net/v/t39.35426-6/657080999_914509951385931_838975939613576686_n.jpg?_nc_cat=105&ccb=1-7&_nc_sid=c53f8f&_nc_ohc=BrWFAIga6e8Q7kNvwEvaJh4&_nc_oc=AdpAhCgCWEYIsRIc0h4bRi_cf5IRR0HZFNgu6r9g9NmUmrAIT7PH50HLFXZKRLSV8-nqdXHHVzBpV5DDRBpo1zrj&_nc_zt=14&_nc_ht=scontent.fjai6-1.fna&_nc_gid=SCTI8UM0aCdIAzunOufcIw&_nc_ss=7b289&oh=00_Af-hs9LWYhj807eqNlhOYhpOIHisQy_Gx_ARxZq0sRzOZg&oe=6A39958A,,,,,,,
986184230699507,https://www.facebook.com/61582022105701/,,https://www.facebook.com/61582022105701/,,,,,+91 97243 02243,,,,1087507807768564,,Supernova Nissan Ahmedabad,https://www.facebook.com/ads/library/?id=986184230699507,"Step into a the all-new automotive experience with @supernovanissan - now open at S.G Highway & Nikol, Ahmedabad.

Brand new facility featuring modern infrastructure designed to provide a premium and seamless customer experience.
📞 Call us for enquiries or test-drive bookings: 8291624070

📍 Visit our showrooms:
•       SG Highway: GF, A-1, Solitaire Corporate Park, S.G. Highway.
•       Nikol: G.F. 15/16, Sahitya Business Park, Nikol Ring Road.

#NissanIndia #SupernovaNissan #Nikol #Ahmedabad #SGHighway",15,,,"FACEBOOK; INSTAGRAM; AUDIENCE_NETWORK; WHATSAPP; THREADS",2026-06-15,2026-06-17,HD: https://video.fjai6-1.fna.fbcdn.net/o1/v/t2/f2/m366/AQOiERmpucnk8KdeW-_RJUyTZIOrrYjH7vkzDFL24960ISJrhFmmkGNQwjCFq5R6Ag-lDW1DljHZWojEzjpqRtjMTaqNIKNZCuqAuUyW3RwooA.mp4?_nc_cat=106&_nc_oc=Ado5QKYdedxaDVKghpujKZVqt_GzBSV0TcW1h0CJ74bF8XboWVVu-ZOlGMcTIZUr3IF8s25JX1ly3aJoYmaNhjBn&_nc_sid=b66105&_nc_ht=video.fjai6-1.fna.fbcdn.net&_nc_ohc=9QJKJnAQXQkQ7kNvwE3f4UO&efg=eyJ2ZW5jb2RlX3RhZyI6Inhwdl9wcm9ncmVzc2l2ZS5WSV9VU0VDQVNFX1BST0RVQ1RfVFlQRS4uQzMuNzIwLmRhc2hfaDI2NC1iYXNpYy1nZW4yXzcyMHAiLCJ4cHZfYXNzZXRfaWQiOjEzMDY5MDYwMjQ4Njc0NjQsImFzc2V0X2FnZV9kYXlzIjozMywidmlfdXNlY2FzZV9pZCI6MTA3OTksImR1cmF0aW9uX3MiOjEwNiwidXJsZ2VuX3NvdXJjZSI6Ind3dyJ9&ccb=17-1&vs=44caa5c3854a12d6&_nc_vs=HBksFQIYRWZiX2VwaGVtZXJhbC9EQjQ3MTE2QkU5QTRGOUExRDNFMThBMDc3RTJBM0M5OV9tdF8xX3ZpZGVvX2Rhc2hpbml0Lm1wNBUAAsgBEgAVAhhAZmJfcGVybWFuZW50Lzc2NDFERTU4Mjc0RDAwMzBGMjg3NTNGQjlCQkIyQTgwX2F1ZGlvX2Rhc2hpbml0Lm1wNBUCAsgBEgAoABgAGwKIB3VzZV9vaWwBMRJwcm9ncmVzc2l2ZV9yZWNpcGUBMRUAACaQ2u_V-KfSBBUCKAJDMywXQFqin752yLQYGWRhc2hfaDI2NC1iYXNpYy1nZW4yXzcyMHARAHUAZd6oAQA&_nc_gid=SCTI8UM0aCdIAzunOufcIw&_nc_ss=7b289&_nc_zt=28&oh=00_Af9-RhF4WSsMHtw9AqkzA156QKqaG0s-Mph3p-YtFWzydg&oe=6A39AF4A | SD: https://video.fjai6-1.fna.fbcdn.net/o1/v/t2/f2/m412/AQMl4yi19EbGZSFHf5OF79i6D24uV6bZDwxSvfsCi_paYXSPCXj1-IJFvyB8LtnbgvU2k8sLtacapshSWT-e7-nXF-Gg53HZHsjLJ7_Vsw.mp4?_nc_cat=102&_nc_oc=AdqK4_xLoTcBghjOrJoYhaGY-5MiuPiW92MEsEipDPZdk1VaDBaak2xkUWTy_OHbEWviJpTy4FTz3ivzlXYV29XQ&_nc_sid=ef5aa3&_nc_ht=video.fjai6-1.fna.fbcdn.net&_nc_ohc=G2lYqvG4_QIQ7kNvwFOekES&efg=eyJ2ZW5jb2RlX3RhZyI6Inhwdl9wcm9ncmVzc2l2ZS5WSV9VU0VDQVNFX1BST0RVQ1RfVFlQRS4uQzMuMzYwLnN2ZV9zZCIsInhwdl9hc3NldF9pZCI6MTMwNjkwNjAyNDg2NzQ2NCwiYXNzZXRfYWdlX2RheXMiOjMzLCJ2aV91c2VjYXNlX2lkIjoxMDc5OSwiZHVyYXRpb25fcyI6MTA2LCJ1cmxnZW5fc291cmNlIjoid3d3In0%3D&ccb=17-1&_nc_gid=SCTI8UM0aCdIAzunOufcIw&_nc_ss=7b289&_nc_zt=28&oh=00_Af_-USy67Q1ntx8b1_IK2ehqPFseBWmOB-loh8govDU1RQ&oe=6A3991C0 | Preview: https://scontent.fjai6-1.fna.fbcdn.net/v/t39.35426-6/703977819_1876831303000515_6117937384085580532_n.jpg?_nc_cat=105&ccb=1-7&_nc_sid=c53f8f&_nc_aid=0&_nc_ohc=syAkPa2_KSEQ7kNvwGD0mRN&_nc_oc=Adq2cxxK9NCVe7lZCJCpphmzTeNrNSshWyw0CZ-rSPrdzkCMpZy5-3J_DBP0n80S_30nzJMEYIKpVo8ZErNZ1FAr&_nc_zt=14&_nc_ht=scontent.fjai6-1.fna&_nc_gid=SCTI8UM0aCdIAzunOufcIw&_nc_ss=7b289&oh=00_Af9EpPrDu1fqAXDMEE3Lx_t-XyWkyIuXvndIVm5n1MnTTw&oe=6A39AB08,,,,,,,
1768004941276535,https://www.facebook.com/VendekinTechnologies/,api.whatsapp.com,https://www.facebook.com/VendekinTechnologies/,,,,marketing@vendekin.com,+91 96070 09671,,,,554323048093439,https://api.whatsapp.com/send,Vendekin,https://www.facebook.com/ads/library/?id=1768004941276535,"Different sites, different earnings: corporates ≠ gyms ≠ campuses.

Map the right machine + mix, track with real-time data, and watch ROI stabilize.

DM “CALC” for a site-specific range.
#RetailAutomation #Operations #Vendekin",3668,Send WhatsApp message,api.whatsapp.com,"INSTAGRAM; WHATSAPP",2026-04-29,2026-06-17,,,  ||   ||   ||   ||  ,https://api.whatsapp.com/send?phone=919607009671&token=eyJhbGciOiJFUzI1NiIsInR5cCI6IkpXVCIsImtpZCI6IjEyNSJ9.eyJleHAiOjE3NzczNjQzMDIsInBob25lIjoiOTE5NjA3MDA5NjcxIn0.Z3-JB4SdDNxN31RlC9b7VV35dJg6asyLmBOgLsldN87N8VltyncNLsaIA4hc6r4RSh1Sac5iK1JcLWkJywmnew || https://api.whatsapp.com/send?phone=919607009671&token=eyJhbGciOiJFUzI1NiIsInR5cCI6IkpXVCIsImtpZCI6IjEyNSJ9.eyJleHAiOjE3NzczNjQzMDIsInBob25lIjoiOTE5NjA3MDA5NjcxIn0.aCboyf3JAeSyJEj568MYy0-043xZdeNSmRXb6B88CUsPiiN2kVKyXl8_qKxwvqqSIeR4Ny3fFdQdzR0Ti5Q8xQ || https://api.whatsapp.com/send?phone=919607009671&token=eyJhbGciOiJFUzI1NiIsInR5cCI6IkpXVCIsImtpZCI6IjEyNSJ9.eyJleHAiOjE3NzczNjQzMDIsInBob25lIjoiOTE5NjA3MDA5NjcxIn0.LUjLLjGw1PXjaP3-_3PfujGv75oIWdlH15LZsh_Z1dZeHyqiLVs2WTcCextqifn7XSSh018w2jituGvq6rsSkQ || https://api.whatsapp.com/send?phone=919607009671&token=eyJhbGciOiJFUzI1NiIsInR5cCI6IkpXVCIsImtpZCI6IjEyNSJ9.eyJleHAiOjE3NzczNjQzMDIsInBob25lIjoiOTE5NjA3MDA5NjcxIn0.mLrsN6ivgSG3LIc16T4xoIDPkQl7dUOUki1J5Ou5iXkWxy8Duvs-hZ6uTi5LKDF8ZKZtfM88DEvbMtiaSX7K1g || https://api.whatsapp.com/send?phone=919607009671&token=eyJhbGciOiJFUzI1NiIsInR5cCI6IkpXVCIsImtpZCI6IjEyNSJ9.eyJleHAiOjE3NzczNjQzMDIsInBob25lIjoiOTE5NjA3MDA5NjcxIn0.HyNaDIG05YRSBArM1Yf4JbYSxuHZQD1GHIyfbjxtH_VRcSKeko530cBUDErfBJqFktvTsSyuEIY6JDPedUR4Pg,api.whatsapp.com || api.whatsapp.com || api.whatsapp.com || api.whatsapp.com || api.whatsapp.com,Send WhatsApp Message || Send WhatsApp Message || Send WhatsApp Message || Send WhatsApp Message || Send WhatsApp Message,Original: https://scontent.fjai6-1.fna.fbcdn.net/v/t39.35426-6/684841645_1696491188210538_3886915741954149261_n.jpg?_nc_cat=104&ccb=1-7&_nc_sid=c53f8f&_nc_ohc=Saw6n3xkkbIQ7kNvwEk5uZF&_nc_oc=AdoLWoCLMcGmgK9OVt6kvsh0Cn9qw4znu2S9UExXcRSFambOb5F8IoZowvGlBVKcIYJVIi9HOUFPPJqnO4x_GSI1&_nc_zt=14&_nc_ht=scontent.fjai6-1.fna&_nc_gid=SCTI8UM0aCdIAzunOufcIw&_nc_ss=7b289&oh=00_Af8w3GpBZiHLE9z2ZK1xAayidcnogaDrBplJOP5m0BkwXg&oe=6A39940B | Resized: https://scontent.fjai6-1.fna.fbcdn.net/v/t39.35426-6/684180033_1639088740475218_140444768124127728_n.jpg?stp=dst-jpg_s600x600_tt6&_nc_cat=106&ccb=1-7&_nc_sid=c53f8f&_nc_ohc=iXK9s8DLHEAQ7kNvwGwCfPz&_nc_oc=AdruxL2mUYD1Nu7vaG_FZHCgGbiMCasaCLyIk6-8SjzJ_NwJfLhiLvHAkdOHlUfsW0k0VlE-Rj0DvIsbue8q9AMR&_nc_zt=14&_nc_ht=scontent.fjai6-1.fna&_nc_gid=SCTI8UM0aCdIAzunOufcIw&_nc_ss=7b289&oh=00_Af99Kxq69ycx1-FQ4ul_kQW7B0ELYiwuEO03E6lV18x5Cw&oe=6A398BBC || Original: https://scontent.fjai6-1.fna.fbcdn.net/v/t39.35426-6/684150319_1447032373842333_5744431816624639981_n.jpg?_nc_cat=106&ccb=1-7&_nc_sid=c53f8f&_nc_ohc=Tvg2Kd6hygAQ7kNvwFsCicy&_nc_oc=AdrM-D57sYbnd0B0xJORR6os2HyJks9THEb3oij8tYEnSjzKEh48DK_-GQbMEJhJNF_AtDKlgluD9AIqmTEkwilw&_nc_zt=14&_nc_ht=scontent.fjai6-1.fna&_nc_gid=SCTI8UM0aCdIAzunOufcIw&_nc_ss=7b289&oh=00_Af8M8goeeHbhEe5k6it5NVz8jbMTW--OeDRfNiqXBZWQHg&oe=6A39A80E | Resized: https://scontent.fjai6-1.fna.fbcdn.net/v/t39.35426-6/684285819_4372825486367281_1785258922159614627_n.jpg?stp=dst-jpg_s600x600_tt6&_nc_cat=106&ccb=1-7&_nc_sid=c53f8f&_nc_ohc=GF-zrECb2KQQ7kNvwHgXfr4&_nc_oc=AdrE5H5MPxyLZB2BU9jtY1pubiyBpfYpe-OJ3CmDfpmau6aHHPufMcQLv68OMEQ51Jzxzmwj-3kC9LbFAH8Ehcrk&_nc_zt=14&_nc_ht=scontent.fjai6-1.fna&_nc_gid=SCTI8UM0aCdIAzunOufcIw&_nc_ss=7b289&oh=00_Af9MehW0npUWpt9EpF1WJtREUur69n49ltbcjnIklx_sTg&oe=6A39A7D6 || Original: https://scontent.fjai6-1.fna.fbcdn.net/v/t39.35426-6/684212339_26865445496382772_6656295610262278635_n.jpg?_nc_cat=105&ccb=1-7&_nc_sid=c53f8f&_nc_ohc=FQCkY6X7PSEQ7kNvwHvJ1g9&_nc_oc=AdoHWBOOuaFTpF_l_XTWkTr43fcA1Pk1aONmYN43dMnmjelTY4EY5tvYI8NRuS9lS2DcoH_6WDC7JJNRMAU-COIC&_nc_zt=14&_nc_ht=scontent.fjai6-1.fna&_nc_gid=SCTI8UM0aCdIAzunOufcIw&_nc_ss=7b289&oh=00_Af_Lic22RDWZSaLTBMJ1UvhVjLo-nUw4W_KQwP0bWpBztw&oe=6A399C81 | Resized: https://scontent.fjai6-1.fna.fbcdn.net/v/t39.35426-6/684159305_1206428161415294_658915033340260071_n.jpg?stp=dst-jpg_s600x600_tt6&_nc_cat=103&ccb=1-7&_nc_sid=c53f8f&_nc_ohc=OZBtOeWQYYgQ7kNvwGKzVEq&_nc_oc=AdqG62iUacuy2e2OPsuUItS6ahD6suIC8K5K1N60UvFccnE3DTsharijgWvIViBl0sXNoEtjQn3aojxaiUGxW4fl&_nc_zt=14&_nc_ht=scontent.fjai6-1.fna&_nc_gid=SCTI8UM0aCdIAzunOufcIw&_nc_ss=7b289&oh=00_Af9zHFoLNwVsT9lJholmoqfxko4Hbl9ApeMxlcU1ZYnMRw&oe=6A39B0A3 || Original: https://scontent.fjai6-1.fna.fbcdn.net/v/t39.35426-6/682178419_938120432355247_9018554692692690262_n.jpg?_nc_cat=100&ccb=1-7&_nc_sid=c53f8f&_nc_ohc=L7nHadz7dp4Q7kNvwF_Mth6&_nc_oc=AdqwyzoZ3aDkIE_-8tC0ySZtzLWdP8WQ12N9WB69lj5VZ_AIL8sK2LCE5UUmmpil10JH-NhhDtn16s3V9J3XtUyJ&_nc_zt=14&_nc_ht=scontent.fjai6-1.fna&_nc_gid=SCTI8UM0aCdIAzunOufcIw&_nc_ss=7b289&oh=00_Af-ctItaFDMjZgJIuUq47bPmJe0QbSlf6BzuSfgVUhMU_g&oe=6A398ECC | Resized: https://scontent.fjai6-1.fna.fbcdn.net/v/t39.35426-6/684439852_1968600997376903_5198357322337617711_n.jpg?stp=dst-jpg_s600x600_tt6&_nc_cat=111&ccb=1-7&_nc_sid=c53f8f&_nc_ohc=Gt3ZHqwJ5FMQ7kNvwGQL6jp&_nc_oc=AdpUJSOVgtvVTgmFzOnpBPNPM-dc7yYEtglF7f_6k4QQYrnnUOeCeB1MCkKltzXkW6MGW0OalVuG9Ud2_DMLZ_II&_nc_zt=14&_nc_ht=scontent.fjai6-1.fna&_nc_gid=SCTI8UM0aCdIAzunOufcIw&_nc_ss=7b289&oh=00_Af9x14PDowvOzP6fRBAxsY5ScVfp3415QC8qdrx_MtDGhg&oe=6A398E1C || Original: https://scontent.fjai6-1.fna.fbcdn.net/v/t39.35426-6/684241483_2605451703183585_3728937194991806476_n.jpg?_nc_cat=108&ccb=1-7&_nc_sid=c53f8f&_nc_ohc=Ncv2uMlNFSwQ7kNvwEkIYkU&_nc_oc=AdopcX5VWateHEx7WnL2D5oToh5UAyCJpulo-CSwoA4BSwsw3eAUiYGeykzO8APO8w031h8j9wKXQnLyf6Z-P4Dc&_nc_zt=14&_nc_ht=scontent.fjai6-1.fna&_nc_gid=SCTI8UM0aCdIAzunOufcIw&_nc_ss=7b289&oh=00_Af91KT8mQvi-Q9y53hmKErnPlaziWfZsgTHmUemBiqrjlw&oe=6A39964E | Resized: https://scontent.fjai6-1.fna.fbcdn.net/v/t39.35426-6/679996419_1572605910502613_2147870833914858925_n.jpg?stp=dst-jpg_s600x600_tt6&_nc_cat=106&ccb=1-7&_nc_sid=c53f8f&_nc_ohc=A30z5xoppvgQ7kNvwHG2HG4&_nc_oc=AdqSOPlG3OWYeZaNygrgQc-uKtVHBz45aH0DPOx_v1G-n1kNLdqx0RQjHDlwuUdc52v-BJD-F6rePRozce5dn_I3&_nc_zt=14&_nc_ht=scontent.fjai6-1.fna&_nc_gid=SCTI8UM0aCdIAzunOufcIw&_nc_ss=7b289&oh=00_Af8HXkoFcjorbORh4bPUR96pHEcNh2mYyuoX0Pvqlgdi5w&oe=6A39872A,
1497167305487355,https://www.facebook.com/VendekinTechnologies/,api.whatsapp.com,https://www.facebook.com/VendekinTechnologies/,,,,marketing@vendekin.com,+91 96070 09671,,,,554323048093439,https://api.whatsapp.com/send,Vendekin,https://www.facebook.com/ads/library/?id=1497167305487355,"Different sites, different earnings: corporates ≠ gyms ≠ campuses.

Map the right machine + mix, track with real-time data, and watch ROI stabilize.

DM “CALC” for a site-specific range.
#RetailAutomation #Operations #Vendekin",3668,Send WhatsApp message,api.whatsapp.com,"INSTAGRAM; WHATSAPP",2026-05-21,2026-06-18,,,  ||   ||   ||   ||  ,https://api.whatsapp.com/send?phone=919607009671&token=eyJhbGciOiJFUzI1NiIsInR5cCI6IkpXVCIsImtpZCI6IjEyNSJ9.eyJleHAiOjE3NzczNjQzMTQsInBob25lIjoiOTE5NjA3MDA5NjcxIn0.1BQD-agjBylspyKzLOywy3zLC4DipLZIovBo9Z5x1EiSHzI-ViCOayUv4mGKeDecKKnaKL2_yqEAWJZ2K2oJcQ || https://api.whatsapp.com/send?phone=919607009671&token=eyJhbGciOiJFUzI1NiIsInR5cCI6IkpXVCIsImtpZCI6IjEyNSJ9.eyJleHAiOjE3NzczNjQzMTQsInBob25lIjoiOTE5NjA3MDA5NjcxIn0.rz5SxFUCJXLgXTzof4WJBK0Cu9iaUI98m_-AhzstRdF45W_gLMpm2Q5YKH_YWe5Pko-0wYQ-H2WhsUsPhTj3Fg || https://api.whatsapp.com/send?phone=919607009671&token=eyJhbGciOiJFUzI1NiIsInR5cCI6IkpXVCIsImtpZCI6IjEyNSJ9.eyJleHAiOjE3NzczNjQzMTQsInBob25lIjoiOTE5NjA3MDA5NjcxIn0.NNG7TiL4qKDNwWYNlb9scpvBKPS0mWlYn0HYoPJApcbd2AHMl1Ckmu_g_fJhhXMSvlm9xoxGHnk8Iet_ehxNOA || https://api.whatsapp.com/send?phone=919607009671&token=eyJhbGciOiJFUzI1NiIsInR5cCI6IkpXVCIsImtpZCI6IjEyNSJ9.eyJleHAiOjE3NzczNjQzMTQsInBob25lIjoiOTE5NjA3MDA5NjcxIn0.vETEthx3HKMdAv34GvLXNZ9JG8iBmNkTJ_qHj62t8ZI8RjAJ1YUI-6_tx5d6X0TBpMvVXICeTcef2IGT3sUT9g || https://api.whatsapp.com/send?phone=919607009671&token=eyJhbGciOiJFUzI1NiIsInR5cCI6IkpXVCIsImtpZCI6IjEyNSJ9.eyJleHAiOjE3NzczNjQzMTQsInBob25lIjoiOTE5NjA3MDA5NjcxIn0.fYcY9alt8MNhhpDXVJTbdh5kfWDp5Z0Mehno7l_SUOciDnFE1iWI_YSFUSDz9eYPl0AqIn5-sAdtjdnQ0CGLyA,api.whatsapp.com || api.whatsapp.com || api.whatsapp.com || api.whatsapp.com || api.whatsapp.com,Send WhatsApp Message || Send WhatsApp Message || Send WhatsApp Message || Send WhatsApp Message || Send WhatsApp Message,Original: https://scontent.fjai6-1.fna.fbcdn.net/v/t39.35426-6/683010180_1917245188978126_8367425149243787788_n.jpg?_nc_cat=107&ccb=1-7&_nc_sid=c53f8f&_nc_ohc=Gu0Zao8RhI0Q7kNvwEphaKE&_nc_oc=Adp8eKiJJ6PE79HIaxuHoE815mV2-5OkQyulQdC3BCO9YW0HIBmO6iXuLBmgaP7G9PdqIEOlvSqWsqD5SU5-FtWu&_nc_zt=14&_nc_ht=scontent.fjai6-1.fna&_nc_gid=SCTI8UM0aCdIAzunOufcIw&_nc_ss=7b289&oh=00_Af-Au3cP4lcpKSXYZJeYBQLPNA2JZ2jyGymR1-fq7McVrA&oe=6A398CEE | Resized: https://scontent.fjai6-1.fna.fbcdn.net/v/t39.35426-6/683178223_970023422677090_6176092088582761458_n.jpg?stp=dst-jpg_s600x600_tt6&_nc_cat=104&ccb=1-7&_nc_sid=c53f8f&_nc_ohc=lvckIDay6wYQ7kNvwEQEr9y&_nc_oc=AdqlJk8i4xMszuqH457GPjnUg_s9Rh5ySliG6UJd9LkijsI1cqm5l95Of7YbjfpziGBtXI8Dkx0NwDAq_ewhEtCg&_nc_zt=14&_nc_ht=scontent.fjai6-1.fna&_nc_gid=SCTI8UM0aCdIAzunOufcIw&_nc_ss=7b289&oh=00_Af8pBhQzChUJ33vwUjoQsofnbl-7_NMVlgJGE4i6qmzqEw&oe=6A399631 || Original: https://scontent.fjai6-1.fna.fbcdn.net/v/t39.35426-6/682470114_926216003580222_8071772601063828431_n.jpg?_nc_cat=111&ccb=1-7&_nc_sid=c53f8f&_nc_ohc=wNuQgQcpIxIQ7kNvwFB4M5A&_nc_oc=AdrSqUeu-15G-TfHTogXcgD6T-gQmxpsi3_kLRPfcUBswjUZQ6v1AXNSh_SYw9J4xuBvoUu7IrkXkmJCSgDEHH9a&_nc_zt=14&_nc_ht=scontent.fjai6-1.fna&_nc_gid=SCTI8UM0aCdIAzunOufcIw&_nc_ss=7b289&oh=00_Af86VtJpJN6z68BNkvbYHdqYD5ovVNDL41F0tUnn6yowyw&oe=6A399522 | Resized: https://scontent.fjai6-1.fna.fbcdn.net/v/t39.35426-6/685397211_2431150433977384_4083499758333061332_n.jpg?stp=dst-jpg_s600x600_tt6&_nc_cat=104&ccb=1-7&_nc_sid=c53f8f&_nc_ohc=ViwhpXrDnWAQ7kNvwFENmKZ&_nc_oc=AdpebpXhg8vg-124F9KkTgkRmx98gwrBOtYFDtT_PRo4SFJoLlOa2x2XqI4D3WOrOm-UCnEnq6TlMbIZ-AkraDIS&_nc_zt=14&_nc_ht=scontent.fjai6-1.fna&_nc_gid=SCTI8UM0aCdIAzunOufcIw&_nc_ss=7b289&oh=00_Af-leAwbwE76t2r1-_L3UEOM73S74_I4h_3COfxYoSpfNQ&oe=6A3989AF || Original: https://scontent.fjai6-1.fna.fbcdn.net/v/t39.35426-6/683318668_1643113110286994_900692845512924153_n.jpg?_nc_cat=108&ccb=1-7&_nc_sid=c53f8f&_nc_ohc=MsNMgZefqUQQ7kNvwFXfZyw&_nc_oc=AdrchOG4SQgHmps2T7J8hFMt3JKo6fzAdAFovjH5MB4QscYhF9ngr8BEjn2JOWQnTEpp_14_4FcKNLXPX9iQq8Dr&_nc_zt=14&_nc_ht=scontent.fjai6-1.fna&_nc_gid=SCTI8UM0aCdIAzunOufcIw&_nc_ss=7b289&oh=00_Af-D9T0lW8o0yFg5lemgbAF016gq010471ARXp9kx3Wr0A&oe=6A39AC39 | Resized: https://scontent.fjai6-1.fna.fbcdn.net/v/t39.35426-6/684146683_724515860707698_7647113926838327725_n.jpg?stp=dst-jpg_s600x600_tt6&_nc_cat=108&ccb=1-7&_nc_sid=c53f8f&_nc_ohc=S_CBigm_8SsQ7kNvwEvehVz&_nc_oc=AdoJUZe2GDIhEEIXBZzhKpGI6bxBWNUYl36a-qatJfcVYjqJW87jzOE0gWHtGpx6u14tC1B1QGhhd5YRgkdUFKAO&_nc_zt=14&_nc_ht=scontent.fjai6-1.fna&_nc_gid=SCTI8UM0aCdIAzunOufcIw&_nc_ss=7b289&oh=00_Af_IXgaKyeNRT3_BX2PkW3usdgPFxd2ODZ1BQbQYj5ig0g&oe=6A39AEEC || Original: https://scontent.fjai6-1.fna.fbcdn.net/v/t39.35426-6/684508714_2768422300204308_6402908237823696887_n.jpg?_nc_cat=111&ccb=1-7&_nc_sid=c53f8f&_nc_ohc=aP7EQm1idjQQ7kNvwE70Yo6&_nc_oc=Adp39KrY_-85KVglPL8MjsEbVNsAp-K4Y7Q4iW8U9Ea3RCwcCRyEWoUnWpzhKZ4VG5PV86K-wv9sziJBQ7xLn3Mo&_nc_zt=14&_nc_ht=scontent.fjai6-1.fna&_nc_gid=SCTI8UM0aCdIAzunOufcIw&_nc_ss=7b289&oh=00_Af9DW62ooABxHIZAzool1ESZttZj_mp7IxEyiXzkcMpW3w&oe=6A398B8A | Resized: https://scontent.fjai6-1.fna.fbcdn.net/v/t39.35426-6/682439109_1637719347561306_522693512853890726_n.jpg?stp=dst-jpg_s600x600_tt6&_nc_cat=100&ccb=1-7&_nc_sid=c53f8f&_nc_ohc=l2lytGhr7lEQ7kNvwFSzH-Q&_nc_oc=Adrq2UfjT9bvunmDBEfguxqiSZjOueQjuZFKG4766vMaMLjLzx95vGVVWerlo8xwGBkuGRQCKB2VJNUVEotL-L0k&_nc_zt=14&_nc_ht=scontent.fjai6-1.fna&_nc_gid=SCTI8UM0aCdIAzunOufcIw&_nc_ss=7b289&oh=00_Af_uoBt9l0PZqBtrNnNPjD6s9dSH7lOVruqjLX3KNCc2mw&oe=6A398A09 || Original: https://scontent.fjai6-1.fna.fbcdn.net/v/t39.35426-6/682304277_953673227268465_5217360031595913344_n.jpg?_nc_cat=104&ccb=1-7&_nc_sid=c53f8f&_nc_ohc=JC2e4-09XDcQ7kNvwHo_8HP&_nc_oc=AdoVZ3HZKybTvj3c96sbNlnwPHjw_vMSod71E4gpzfstfblOjRV7bC8pnINb5_am5snePvKrH37eqHy9x0tKY_Kv&_nc_zt=14&_nc_ht=scontent.fjai6-1.fna&_nc_gid=SCTI8UM0aCdIAzunOufcIw&_nc_ss=7b289&oh=00_Af9W-EYaMxjuVo6WzYigPBr1khzIUqmBPV_OXQQDDAGZdA&oe=6A399F51 | Resized: https://scontent.fjai6-1.fna.fbcdn.net/v/t39.35426-6/682128216_2191562388341907_2292080725198520875_n.jpg?stp=dst-jpg_s600x600_tt6&_nc_cat=107&ccb=1-7&_nc_sid=c53f8f&_nc_ohc=2fYTakkNuOQQ7kNvwHxsqCJ&_nc_oc=AdoM6g8sBit1E2JTUnlakgl8QngcseCRgRwM2uFrIx2r5rwHNEHBwRS8FfpORKH3c4yzr4Q2w_8Gjkx2hLpjQ2p4&_nc_zt=14&_nc_ht=scontent.fjai6-1.fna&_nc_gid=SCTI8UM0aCdIAzunOufcIw&_nc_ss=7b289&oh=00_Af8RNcwF9VaFwnZYMon9q_y4QRPOQy1OJ8yIE5NGdhF4fA&oe=6A39898D,
1834458473886350,https://www.facebook.com/61586699489594/,fb.me,https://www.facebook.com/61586699489594/,,,,,,,,,1011477252043402,http://fb.me/,Paradise Sai Sun City,https://www.facebook.com/ads/library/?id=1834458473886350,"Sai Sun City Upper Kharghar—29-acre township bliss with 1 & 2 BHK homes starting ₹43 Lakhs* in G+32 towers (8 flats/floor). 11 towers launched now! Just 10 mins from Taloja Railway & Pendhar Metro, near Mumbai-Pune Expressway & Kalyan-Shilphata Road. Corporate Park (Next BKC) in 15 mins.",12,Get offer,fb.me,"FACEBOOK; INSTAGRAM",2026-04-11,2026-06-18,,Original: https://scontent.fjai6-1.fna.fbcdn.net/v/t39.35426-6/636723144_1483784073629385_2756662793984238537_n.jpg?_nc_cat=110&ccb=1-7&_nc_sid=c53f8f&_nc_ohc=gQBTCtvzyKwQ7kNvwG7Ei5o&_nc_oc=AdrT1EV8InQKso4z1W6YIoh6cyFMfrpIHHh_LK0XXd8BDACHAFbsqo08AmvBCfjqmVEhCrr9sAKjhUURHnNjcsFX&_nc_zt=14&_nc_ht=scontent.fjai6-1.fna&_nc_gid=SCTI8UM0aCdIAzunOufcIw&_nc_ss=7b289&oh=00_Af94xKSfjzxeKFdFW6wDZEZ_plmFQ882vqoSj0FWMTZZag&oe=6A399211 | Resized: https://scontent.fjai6-1.fna.fbcdn.net/v/t39.35426-6/639560064_948311384217183_5647812264616288772_n.jpg?stp=dst-jpg_s600x600_tt6&_nc_cat=108&ccb=1-7&_nc_sid=c53f8f&_nc_ohc=DKxuVFElB8UQ7kNvwFcP7KA&_nc_oc=Ado8bZ8-yEDPtT7ExBCCa5j5LOHyVBUu0K0SQ_wzuU8mrIKW1DbWJeUk5AvnxvWHArBPxtbiTrs950umdi3-29Z8&_nc_zt=14&_nc_ht=scontent.fjai6-1.fna&_nc_gid=SCTI8UM0aCdIAzunOufcIw&_nc_ss=7b289&oh=00_Af8gnPi_0dKfRJAj4loV9TxsrpBL4WnFE7hB0Q0jQ93n-w&oe=6A398ABC,,,,,,
823939860677713,https://www.facebook.com/61584437246705/,fb.me,https://www.facebook.com/61584437246705/,,,,contactus@ownatfirst.com,,,,,937383946115706,http://fb.me/,OWN At First ,https://www.facebook.com/ads/library/?id=823939860677713,"Presenting ✨📯

LA AVENUE🏙️
No. - 1 in taloja
#Sabse Alag, Sabse Accha.

* Grand entrance lobby  with a Lavish Carpet Apartment. 
* The Only Residential Project with Green Amenities & Premium Quality work at Affordable Price.

Project Highlights🚦
♦️2.5 acres land parcel 
♦️7- 10 story 2 towers 
♦️Spacious 1BHK & 2BHK homes
♦️Gated Community
♦️Exclusive separate towers of  1 & 2 bhk 
♦️5 minutes Drive from the Pendhar Metro Station
♦️20/25 minutes from the upcoming Navi Mumbai International Airport
♦️10 minutes from the proposed Corporate Park & Business District by the Approved DP Road.
♦️20 minutes from Shilphata Junction
♦️2 Mins away from School, Market & Public Transport (NMMC)

PRIVILEGES & CRAFTED AMENITIES

SHUTTLE BUS SERVICE LA AVENUE - KHARGHAR STATION

 ♦️JOGGING TRACK
 ♦️GAZEBO SIT-OUT
 ♦️SENIOR CITIZEN PARK
 ♦️GYMNASIUM,STEAM ROOM
 ♦️OPEN PARTY LAWN & MULTI PURPOSE HALL 
 ♦️LANDSCAPE GARDEN

AREAS are mentioned below👇🏻

 ~1BHK VARIENTS~ 
Buildup - 625 sq.ft
Area - 398 sq.ft
Price - 27.50Lac + Taxes

Buildup - 660 sq.ft
Area - 410 sq.ft
Price - 29.04Lac + Taxes

Buildup - 665 sq.ft
Area - 412 sq.ft
Price - 29.26Lac + Taxes

Buildup - 680 sq.ft
Area - 427 sq.ft
Price - 29.92Lac + Taxes

Buildup - 700 sq.ft
Area - 438 sq.ft
Price - 30.80Lac + Taxes

 ~2BHK VARIENTS~ 
Buildup - 945 sq.ft
Area - 604 sq.ft
Price - 41.50Lac + Taxes

Buildup - 965 sq.ft
Area - 613 sq.ft
Price - 42.46Lac + Taxes

Buildup - 975 sq.ft
Area - 623 sq.ft
Price - 42.90Lac + Taxes

Kindly feel free to reach us at the site for any further queries

🚕Pick & Drop Service Available 🚕",70,Get offer,fb.me,"FACEBOOK; INSTAGRAM; AUDIENCE_NETWORK",2025-12-20,2026-06-17,HD: https://video.fjai6-1.fna.fbcdn.net/o1/v/t2/f2/m366/AQN7B1o3m7QJBsBNP933PYOcx0CA1G3bvthmM_5lsrSOxBN01iCgHGqjoI9zVUyjY_UuNFXCCVmiSLZqnOX8J2jjezejh2DY4IoUAucbbn2KGQ.mp4?_nc_cat=106&_nc_oc=Ado05wwMevJX5sunq6emH7Z_j4wfVEpfOzdT7SbkvtBaNgpu2NvglxU6dpm3eWlkTQevqr46fVRR2gTEPUIH4Vmx&_nc_sid=b66105&_nc_ht=video.fjai6-1.fna.fbcdn.net&_nc_ohc=PFLFKvfmVUoQ7kNvwHjlda4&efg=eyJ2ZW5jb2RlX3RhZyI6Inhwdl9wcm9ncmVzc2l2ZS5WSV9VU0VDQVNFX1BST0RVQ1RfVFlQRS4uQzMuNzIwLmRhc2hfaDI2NC1iYXNpYy1nZW4yXzcyMHAiLCJ4cHZfYXNzZXRfaWQiOjEyNTM2ODczODk4OTI5NjgsImFzc2V0X2FnZV9kYXlzIjoxODUsInZpX3VzZWNhc2VfaWQiOjEwNzk5LCJkdXJhdGlvbl9zIjozNSwidXJsZ2VuX3NvdXJjZSI6Ind3dyJ9&ccb=17-1&vs=acdd90970a203298&_nc_vs=HBksFQIYRWZiX2VwaGVtZXJhbC9DNTRCMzM3RUMwQTNFOEVDNkYzNUY0QjU5RTA0QTE4MV9tdF8xX3ZpZGVvX2Rhc2hpbml0Lm1wNBUAAsgBEgAVAhhAZmJfcGVybWFuZW50L0E2NDZDNTFBOEU5NUE1OEEyNURDQUI5NjBEMjE2NUIxX2F1ZGlvX2Rhc2hpbml0Lm1wNBUCAsgBEgAoABgAGwKIB3VzZV9vaWwBMRJwcm9ncmVzc2l2ZV9yZWNpcGUBMRUAACbQxcX4mo66BBUCKAJDMywXQEGEOVgQYk4YGWRhc2hfaDI2NC1iYXNpYy1nZW4yXzcyMHARAHUAZd6oAQA&_nc_gid=SCTI8UM0aCdIAzunOufcIw&_nc_ss=7b289&_nc_zt=28&oh=00_Af9tTFr3iZJME5rAOPtBOz_QV1c-mSRjvSY2LPtRLjQ2IA&oe=6A39A32A | SD: https://video.fjai6-1.fna.fbcdn.net/o1/v/t2/f2/m412/AQOCDRwqxjPG2f7lMbH1nINN75uXw1rZHXXuZFoYbxfm5BHQVW-rT2oreBHzpDVhpphHvq482rAJB09T6uAR54V7UXGAcY9mA1SvREhDUw.mp4?_nc_cat=100&_nc_oc=AdqWUDiCR-gmY6bbIfy5IZmAVC4yDLTNXp2797cenUWjJNVS9iPzEwbMmuZO3kFjiFo5PZmOOoEVJcBdNqA0nItH&_nc_sid=ef5aa3&_nc_ht=video.fjai6-1.fna.fbcdn.net&_nc_ohc=_rsbw6ScPUMQ7kNvwFsN7cx&efg=eyJ2ZW5jb2RlX3RhZyI6Inhwdl9wcm9ncmVzc2l2ZS5WSV9VU0VDQVNFX1BST0RVQ1RfVFlQRS4uQzMuMzYwLnN2ZV9zZCIsInhwdl9hc3NldF9pZCI6MTI1MzY4NzM4OTg5Mjk2OCwiYXNzZXRfYWdlX2RheXMiOjE4NSwidmlfdXNlY2FzZV9pZCI6MTA3OTksImR1cmF0aW9uX3MiOjM1LCJ1cmxnZW5fc291cmNlIjoid3d3In0%3D&ccb=17-1&_nc_gid=SCTI8UM0aCdIAzunOufcIw&_nc_ss=7b289&_nc_zt=28&oh=00_Af8epw0XDqBfaWXH1pzA4o7iaS6d_t34pmAofelQEICN5g&oe=6A398DDE | Preview: https://scontent.fjai6-1.fna.fbcdn.net/v/t39.35426-6/601853079_890819970186658_8810765412440399433_n.jpg?_nc_cat=107&ccb=1-7&_nc_sid=c53f8f&_nc_ohc=yC_QPCNebWQQ7kNvwF4xLlH&_nc_oc=AdrLAAZcR6PfueYzmzszeK8M2LakJ_Wqk1WyIL89bNcDH7rh7Wees8zh9KZeAcSOtySDjTcqcHyCQy8rDah_GP62&_nc_zt=14&_nc_ht=scontent.fjai6-1.fna&_nc_gid=SCTI8UM0aCdIAzunOufcIw&_nc_ss=7b289&oh=00_Af_boXh6iKawuVxuJSu5tZSfVE0wQG_TFpQu2aAaTYSOgg&oe=6A39B722,,,,,,,
1904461890260054,https://www.facebook.com/imperfectopatio/,api.whatsapp.com,https://www.facebook.com/imperfectopatio/,,,,socialmedia@belcibo.in,+91 99991 23659,,,,344379466103015,https://api.whatsapp.com/send,Imperfecto Patio,https://www.facebook.com/ads/library/?id=1904461890260054,"What are your plans for Monday night?
If the answer isn't dancing salsa, you're doing it wrong. 😏
Join us every Monday at Imperfecto Patio for a night of rhythm, energy & pure fun.
🕺 Salsa Night — Every Monday, 7pm onwards
📍 Imperfecto Patio
❤️ Like if you're coming | Tag your dance partner below!",6264,Send WhatsApp message,api.whatsapp.com,"FACEBOOK; INSTAGRAM; AUDIENCE_NETWORK; MESSENGER; WHATSAPP",2026-04-28,2026-06-17,,,"What are your plans for Monday night?
If the answer isn't dancing salsa, you're doing it wrong. 😏
Join us every Monday at Imperfecto Patio for a night of rhythm, energy & pure fun.
🕺 Salsa Night — Every Monday, 7pm onwards
📍 Imperfecto Patio
❤️ Like if you're coming | Tag your dance partner below! || What are your plans for Monday night?
If the answer isn't dancing salsa, you're doing it wrong. 😏
Join us every Monday at Imperfecto Patio for a night of rhythm, energy & pure fun.
🕺 Salsa Night — Every Monday, 7pm onwards
📍 Imperfecto Patio
❤️ Like if you're coming | Tag your dance partner below!",https://api.whatsapp.com/send || https://api.whatsapp.com/send,,Send WhatsApp Message || Send WhatsApp Message,Original: https://scontent.fjai6-1.fna.fbcdn.net/v/t39.35426-6/682890139_26897188286586710_5013847943381725425_n.jpg?_nc_cat=100&ccb=1-7&_nc_sid=c53f8f&_nc_ohc=6nM3ije0AjgQ7kNvwFxYc83&_nc_oc=AdrfWvrheSSWa36DWu6rMi03XYiquqrMTbF72tb6ilGul3tM8GKhuz9IrO5kBs-DvymFuRmbaOVx2g5mwvQH3Bcv&_nc_zt=14&_nc_ht=scontent.fjai6-1.fna&_nc_gid=SCTI8UM0aCdIAzunOufcIw&_nc_ss=7b289&oh=00_Af-yGLnUT31wSd5nHnSlKbQXGSFo2Uh5JNhkqQC192GFlw&oe=6A39A4CE | Resized: https://scontent.fjai6-1.fna.fbcdn.net/v/t39.35426-6/680218557_964246189825321_2217896774844405323_n.jpg?stp=dst-jpg_s600x600_tt6&_nc_cat=104&ccb=1-7&_nc_sid=c53f8f&_nc_ohc=c5mFHS4s1ksQ7kNvwHpXCFe&_nc_oc=Adrd6lh348Mthu9UDdSK5H35CUQVFMw-8YjSyDkJsLCYWrxGygiw9Wx2m7f0LtWUQTJKxagzWoi6OMDOy_pmsiSk&_nc_zt=14&_nc_ht=scontent.fjai6-1.fna&_nc_gid=SCTI8UM0aCdIAzunOufcIw&_nc_ss=7b289&oh=00_Af9wwHdBXHtfbs3ukxZ56OoDzz1Zdjb6L5w8RW4yUjgYtQ&oe=6A39BB14 || Original: https://scontent.fjai6-1.fna.fbcdn.net/v/t39.35426-6/682890139_26897188286586710_5013847943381725425_n.jpg?_nc_cat=100&ccb=1-7&_nc_sid=c53f8f&_nc_ohc=6nM3ije0AjgQ7kNvwFxYc83&_nc_oc=AdrfWvrheSSWa36DWu6rMi03XYiquqrMTbF72tb6ilGul3tM8GKhuz9IrO5kBs-DvymFuRmbaOVx2g5mwvQH3Bcv&_nc_zt=14&_nc_ht=scontent.fjai6-1.fna&_nc_gid=SCTI8UM0aCdIAzunOufcIw&_nc_ss=7b289&oh=00_Af-yGLnUT31wSd5nHnSlKbQXGSFo2Uh5JNhkqQC192GFlw&oe=6A39A4CE | Resized: https://scontent.fjai6-1.fna.fbcdn.net/v/t39.35426-6/680218557_964246189825321_2217896774844405323_n.jpg?stp=dst-jpg_s600x600_tt6&_nc_cat=104&ccb=1-7&_nc_sid=c53f8f&_nc_ohc=c5mFHS4s1ksQ7kNvwHpXCFe&_nc_oc=Adrd6lh348Mthu9UDdSK5H35CUQVFMw-8YjSyDkJsLCYWrxGygiw9Wx2m7f0LtWUQTJKxagzWoi6OMDOy_pmsiSk&_nc_zt=14&_nc_ht=scontent.fjai6-1.fna&_nc_gid=SCTI8UM0aCdIAzunOufcIw&_nc_ss=7b289&oh=00_Af9wwHdBXHtfbs3ukxZ56OoDzz1Zdjb6L5w8RW4yUjgYtQ&oe=6A39BB14,HD: https://video.fjai6-1.fna.fbcdn.net/o1/v/t2/f2/m366/AQN0D4fbP6AH2-QlnsSZCSQOXuIFIIbM7ObduyaVf4e4ik4QWZsjeCYgAodgj3qUM45DBWTVtaRUXaNKsRRoU87Y51JIpaR-pgn7XmS1yuCOew.mp4?_nc_cat=103&_nc_oc=Adpzt4ksxjxG_qccGw-vfYPKTn3bChiEjCsa_TG56aTBLJys7rzLxKL4_kfXKP5q9SSOnasnrO1IXMeQ_Fy8Vcn8&_nc_sid=b66105&_nc_ht=video.fjai6-1.fna.fbcdn.net&_nc_ohc=151yKwa6PQ8Q7kNvwHoJY6N&efg=eyJ2ZW5jb2RlX3RhZyI6Inhwdl9wcm9ncmVzc2l2ZS5WSV9VU0VDQVNFX1BST0RVQ1RfVFlQRS4uQzMuNzIwLmRhc2hfaDI2NC1iYXNpYy1nZW4yXzcyMHAiLCJ4cHZfYXNzZXRfaWQiOjEzNzI0MTMxODgyNDY3NzUsImFzc2V0X2FnZV9kYXlzIjo1MSwidmlfdXNlY2FzZV9pZCI6MTA3OTksImR1cmF0aW9uX3MiOjEwLCJ1cmxnZW5fc291cmNlIjoid3d3In0%3D&ccb=17-1&vs=7e7e8d67b44aba22&_nc_vs=HBksFQIYRWZiX2VwaGVtZXJhbC9BMzRCOTY1M0I1RjYwRTdGNTI0QzgyQzRGNkU4RTlBOF9tdF8xX3ZpZGVvX2Rhc2hpbml0Lm1wNBUAAsgBEgAVAhhAZmJfcGVybWFuZW50L0IxNDdBNUFGOEQ1NTZDNTZEQUY4RUVENUFEREE2MEIzX2F1ZGlvX2Rhc2hpbml0Lm1wNBUCAsgBEgAoABgAGwKIB3VzZV9vaWwBMRJwcm9ncmVzc2l2ZV9yZWNpcGUBMRUAACbus5CJ-4zwBBUCKAJDMywXQCXFHrhR64UYGWRhc2hfaDI2NC1iYXNpYy1nZW4yXzcyMHARAHUAZd6oAQA&_nc_gid=SCTI8UM0aCdIAzunOufcIw&_nc_ss=7b289&_nc_zt=28&oh=00_Af8tTABSHen0WtzV0E1b_5mybhfg8v8anWJMMaOIU5o71A&oe=6A399861 | SD: https://video.fjai6-1.fna.fbcdn.net/o1/v/t2/f2/m412/AQPTnr0eKl4lN6FdL_NUu6lGTsRF0mSHXVlXNadT6B3NpGMDTJqF3HA6pyLEb6b9qI-ceB8P9sokNwV6I0yRhchxdNy6mlkgsJovhkjkiQ.mp4?_nc_cat=104&_nc_oc=AdpRyGNiV_Ly6wFUMLCadF0oqDJvbKqYMT2L2Aoevw2UxD6OJGwqThyeUnzimGnIeIHJ85Nrnhk6bKrb46AT2jLh&_nc_sid=ef5aa3&_nc_ht=video.fjai6-1.fna.fbcdn.net&_nc_ohc=W7jTdLJ1_voQ7kNvwFV0OwJ&efg=eyJ2ZW5jb2RlX3RhZyI6Inhwdl9wcm9ncmVzc2l2ZS5WSV9VU0VDQVNFX1BST0RVQ1RfVFlQRS4uQzMuMzYwLnN2ZV9zZCIsInhwdl9hc3NldF9pZCI6MTM3MjQxMzE4ODI0Njc3NSwiYXNzZXRfYWdlX2RheXMiOjUxLCJ2aV91c2VjYXNlX2lkIjoxMDc5OSwiZHVyYXRpb25fcyI6MTAsInVybGdlbl9zb3VyY2UiOiJ3d3cifQ%3D%3D&ccb=17-1&_nc_gid=SCTI8UM0aCdIAzunOufcIw&_nc_ss=7b289&_nc_zt=28&oh=00_Af-ESLQSBLgw5_K2pjoY8T0qknkhIK0YGaz-XeRIQW3ijA&oe=6A39A496 | Preview: https://scontent.fjai6-1.fna.fbcdn.net/v/t39.35426-6/682685098_4422611794683535_7030959601438489036_n.jpg?_nc_cat=105&ccb=1-7&_nc_sid=c53f8f&_nc_ohc=Z6Y_JUqcotAQ7kNvwHU2BM8&_nc_oc=AdoUIumH75-czbBKQcfOn2TEY_8msgp75YThzLCTvZZVPqLYbkXSc4LSvlorYZutcgxVIi_Jtcy-r0Jv5bkA1kTR&_nc_zt=14&_nc_ht=scontent.fjai6-1.fna&_nc_gid=SCTI8UM0aCdIAzunOufcIw&_nc_ss=7b289&oh=00_Af-C7iv8YBamHZ9ikMJfPeBbRLLYvXTNDe6ZL4CF91NSxg&oe=6A3999AB
1523599462752244,https://www.facebook.com/globegroupconstruction/,,https://www.facebook.com/globegroupconstruction/,,,,info@globegroup.in,+91 88808 68086,,,,1979397245665984,,Globe Group,https://www.facebook.com/ads/library/?id=1523599462752244,"You looked up. Now, it’s here.

The wait is over.

The landmark that had every achiever in Dombivli looking towards the skyline is finally revealed.

Introducing Globe Group Altus, the tallest corporate park in Dombivli East.

A destination designed for businesses that aspire higher, dream bigger, and refuse to blend into the crowd. With iconic architecture, premium business spaces, and a commanding presence, Globe Altus is set to redefine the city’s commercial landscape.

📍 Near Abhinav Vidyalay, Dombivli East
📞 88 8086 8086",1264,,,"FACEBOOK; INSTAGRAM; AUDIENCE_NETWORK; THREADS",2026-06-15,2026-06-18,HD: https://video.fjai6-1.fna.fbcdn.net/o1/v/t2/f2/m367/AQOySzoO5jnqOBi13t9kkSI1b0oQtfFJTut-wPeMOIcCnqf0D3QCbvsaSYlVuzmCvg4ft1mRxoirKSSLluczuM9TxzL1F8zmnQIocQArdA.mp4?_nc_cat=101&_nc_oc=AdrP91VgEye9qI-kow0nxBrZWEUjrw0DyR24DeONTNHmG4ABfRSxSJhn7gTq2PmdWZXR22o2GBAZzXKgxVdOvHNa&_nc_sid=ef5aa3&_nc_ht=video.fjai6-1.fna.fbcdn.net&_nc_ohc=unIDz7_N9AgQ7kNvwHqlNUZ&efg=eyJ2ZW5jb2RlX3RhZyI6Inhwdl9wcm9ncmVzc2l2ZS5WSV9VU0VDQVNFX1BST0RVQ1RfVFlQRS4uQzMuNzIwLnByb2dyZXNzaXZlX2gyNjQtYmFzaWMtZ2VuMl83MjBwIiwieHB2X2Fzc2V0X2lkIjo5ODg5Mzg4MTA0MTM2NjAsImFzc2V0X2FnZV9kYXlzIjozLCJ2aV91c2VjYXNlX2lkIjoxMDA5OSwiZHVyYXRpb25fcyI6MTUsInVybGdlbl9zb3VyY2UiOiJ3d3cifQ%3D%3D&ccb=17-1&_nc_gid=SCTI8UM0aCdIAzunOufcIw&_nc_ss=7b289&_nc_zt=28&oh=00_Af-Bek-HNgWfwdE45lfaByR6DCq73ask15xiNSbiXP-PBA&oe=6A39913D | SD: https://video.fjai6-1.fna.fbcdn.net/o1/v/t2/f2/m367/AQMaod1kiwbafyW2gzdmZCsE-vOKeTfOGHW868F_hACL73RK9MVhJpxKz3dnu-8TanW4yfnfzEuDuv1uV8u9wg1Ec_PFwybk-CZVrn1tjg.mp4?_nc_cat=102&_nc_oc=AdrCmdfOq6_4SnhQFm8IQLimEzG2GQIJltvFQwM4KrdQ0hccwipruF7aoQiJ_yJLVVTCXYl0vlJ6GYPEku0Mj9P6&_nc_sid=ef5aa3&_nc_ht=video.fjai6-1.fna.fbcdn.net&_nc_ohc=ErJYBSvi96oQ7kNvwE2y_w2&efg=eyJ2ZW5jb2RlX3RhZyI6Inhwdl9wcm9ncmVzc2l2ZS5WSV9VU0VDQVNFX1BST0RVQ1RfVFlQRS4uQzMuMzYwLnByb2dyZXNzaXZlX2gyNjQtYmFzaWMtZ2VuMl8zNjBwIiwieHB2X2Fzc2V0X2lkIjo5ODg5Mzg4MTA0MTM2NjAsImFzc2V0X2FnZV9kYXlzIjozLCJ2aV91c2VjYXNlX2lkIjoxMDA5OSwiZHVyYXRpb25fcyI6MTUsInVybGdlbl9zb3VyY2UiOiJ3d3cifQ%3D%3D&ccb=17-1&_nc_gid=SCTI8UM0aCdIAzunOufcIw&_nc_ss=7b289&_nc_zt=28&oh=00_Af9yI4eWbyjIcURpxH9iZGf2hQqPMAeFglEUmhzHauKY_w&oe=6A39A2E0 | Preview: https://scontent.fjai6-1.fna.fbcdn.net/v/t39.35426-6/724391084_987096087435337_2371673821434624473_n.jpg?_nc_cat=111&ccb=1-7&_nc_sid=c53f8f&_nc_ohc=mRUJhaXP1TYQ7kNvwHjrMMF&_nc_oc=Adp8hBAWcXdh0-qK4-T6O36uHxkK6Jou9sN8cFH-o9_YTPHdmix3FWz3jfZYiUqkJnsR4GVPYcaOYESMRnTHCSIC&_nc_zt=14&_nc_ht=scontent.fjai6-1.fna&_nc_gid=SCTI8UM0aCdIAzunOufcIw&_nc_ss=7b289&oh=00_Af8y4u5qKBSftakLNsQr2h8tG79DJCPrK-_h-wqdrHqPAw&oe=6A399C3F,,,,,,,
1513047256849007,https://www.facebook.com/SKFortuneGroup/,fb.me,https://www.facebook.com/SKFortuneGroup/,,,,info@fortunedeveloper.in,+91 89569 61157,,,,105618062462128,http://fb.me/,SK Fortune Group,https://www.facebook.com/ads/library/?id=1513047256849007,"🏢 Baner Road’s newest business hub is here.

Premium office spaces at a location that defines accessibility and status.

🚇 At Sakal Nagar Metro Station
✨ Limited units available

Serious investors & business owners only.",1441,Learn more,fb.me,"FACEBOOK; INSTAGRAM; AUDIENCE_NETWORK",2026-05-29,2026-06-18,,,"🏢 Baner Road’s newest business hub is here.

Premium office spaces at a location that defines accessibility and status.

🚇 At Sakal Nagar Metro Station
✨ Limited units available

Serious investors & business owners only. || 🏢 Baner Road’s newest business hub is here.

Premium office spaces at a location that defines accessibility and status.

🚇 At Sakal Nagar Metro Station
✨ Limited units available

Serious investors & business owners only.",http://fb.me/ || http://fb.me/,,Learn More || Learn More,Original: https://scontent.fjai6-1.fna.fbcdn.net/v/t39.35426-6/709647001_1318546120414038_529394877223543137_n.jpg?_nc_cat=100&ccb=1-7&_nc_sid=c53f8f&_nc_ohc=llLSpUb-hjQQ7kNvwEHZoHn&_nc_oc=Adq8ihWOMdpQAK4cTTL9MYG1-0NVXeHCim9dGSaNfOwqV2MJAZCWC0y45A6SW5ywc_XT4KnVqIAHwpziFSby6OIw&_nc_zt=14&_nc_ht=scontent.fjai6-1.fna&_nc_gid=SCTI8UM0aCdIAzunOufcIw&_nc_ss=7b289&oh=00_Af_FYS-tRYDUA_5iATMQeTwsZDL2YRFEfx1faV1c9HKHzQ&oe=6A39A4CA | Resized: https://scontent.fjai6-1.fna.fbcdn.net/v/t39.35426-6/711230586_2180782856049917_6995905633158837159_n.jpg?stp=dst-jpg_s600x600_tt6&_nc_cat=104&ccb=1-7&_nc_sid=c53f8f&_nc_ohc=s68NQhPij34Q7kNvwFfe0_2&_nc_oc=Adr1dud3194BtuGVYwqYagPR8kpdk-z5OIG-Tj0XaNoNwUv-nCTWTBcK37U9ZYUmps3i0GUN6OSH2wpZpnQQ89Zb&_nc_zt=14&_nc_ht=scontent.fjai6-1.fna&_nc_gid=SCTI8UM0aCdIAzunOufcIw&_nc_ss=7b289&oh=00_Af-viL684Qcu0b3Sv5TKTCMgnRC011Spv1-FyEE7ZSjE8g&oe=6A3997EA || Original: https://scontent.fjai6-1.fna.fbcdn.net/v/t39.35426-6/709735942_1338104291580097_382794984142440699_n.jpg?_nc_cat=105&ccb=1-7&_nc_sid=c53f8f&_nc_ohc=ti6-aJeFmc0Q7kNvwExBuBo&_nc_oc=AdoNru9ZjzvtvTDjrzN7uueYe43rx0Umep_NT9EN0-1iS49ladk1NO44wHz_WcdB6flGd8PpzcxFWeIlaQoRDGd8&_nc_zt=14&_nc_ht=scontent.fjai6-1.fna&_nc_gid=SCTI8UM0aCdIAzunOufcIw&_nc_ss=7b289&oh=00_Af_IVs709UNqzBtQdMW7CHK2x8CsxEhOsanqbc7MO0B4KQ&oe=6A398674 | Resized: https://scontent.fjai6-1.fna.fbcdn.net/v/t39.35426-6/709844462_936519979423207_4188448654138435502_n.jpg?stp=dst-jpg_s600x600_tt6&_nc_cat=110&ccb=1-7&_nc_sid=c53f8f&_nc_ohc=5xAgtDRyrFMQ7kNvwEXtxNg&_nc_oc=AdqdAxmeOEFPjbNgXgEppF5dQXXR5G4OS2RawNp9f1YAbBM74tc1e56WCJ0L-wk8B8MLmu9HBDQY9gCoTNHUb659&_nc_zt=14&_nc_ht=scontent.fjai6-1.fna&_nc_gid=SCTI8UM0aCdIAzunOufcIw&_nc_ss=7b289&oh=00_Af-PsWQrprrzevmSbf8YLmr4lH94rTdvn8TBCCnC07VOTQ&oe=6A39B55C,
1490108545920725,https://www.facebook.com/61553073370797/,api.whatsapp.com,https://www.facebook.com/61553073370797/,,,,cineplexx91@gmail.com,+91 98314 11816,,,,117349978139475,https://api.whatsapp.com/send,Cineplexx91,https://www.facebook.com/ads/library/?id=1490108545920725,"Not just a movie night… it’s your private cinema experience

Watch your favorite OTT shows on the big screen, celebrate birthdays, plan romantic date nights, or surprise your loved ones — all in your own exclusive theatre.

No crowds. No interruptions. Just your people, your vibe, and unforgettable moments. ❤️

📞 For Booking: 9831411816
📍 Address:
Srijan Corporate Park, Plot No. GP2, Sector 5, Bidhannagar, Kolkata – 91

[Private cinema, kolkata cafe, cafe, Food, bestcafe, Movienight, Datenight, kolkatabuzz, Cinematicexperience, Kolkata hangout, CafeandScreen, Squadplan, Trending,food,Kolkatafood,  Cineplexx91]",1445,Send WhatsApp message,api.whatsapp.com,"FACEBOOK; INSTAGRAM; WHATSAPP",2026-05-29,2026-06-17,HD: https://video.fjai6-1.fna.fbcdn.net/o1/v/t2/f2/m69/AQPvfulskDsfHkmre5ufjknMuIuNsQFa6E8fpg9krncmMQrLolJFWDn9OIWF9PV_LocjgI5e9XbU8r39D0SzYd0s.mp4?strext=1&_nc_cat=105&_nc_oc=AdpJk3oOHvpDRQl_Vv3zS-00-AdX9AEhLhJ3BccTimN4VGjvFqIz0JMxl06UZftf1G3tpv47b34ah3EP7vwmQRlN&_nc_sid=b66105&_nc_ht=video.fjai6-1.fna.fbcdn.net&_nc_ohc=6V4TUtD2k0oQ7kNvwGjq8Jc&efg=eyJ2ZW5jb2RlX3RhZyI6Inhwdl9wcm9ncmVzc2l2ZS5WSV9VU0VDQVNFX1BST0RVQ1RfVFlQRS4uQzMuNzIwLmRhc2hfYmFzZWxpbmVfMV92MSIsInhwdl9hc3NldF9pZCI6MTc5NDk4MTk0MzgwOTcwNzksImFzc2V0X2FnZV9kYXlzIjoxMTUsInZpX3VzZWNhc2VfaWQiOjEwMDk5LCJkdXJhdGlvbl9zIjozMywidXJsZ2VuX3NvdXJjZSI6Ind3dyJ9&ccb=17-1&vs=7bf2475159e01f23&_nc_vs=HBksFQIYOnBhc3N0aHJvdWdoX2V2ZXJzdG9yZS9HQXV3SnlaMUpYVWVWVUlEQU1IY1ZLZ2Vwb0lTYnNwVEFRQUYVAALIARIAFQIYUWlnX3hwdl9wbGFjZW1lbnRfcGVybWFuZW50X3YyL0I0NERDNjM0RUQ4MTIwRDM5QjZFRUYyNDQ3NEFBQUJDX2F1ZGlvX2Rhc2hpbml0Lm1wNBUCAsgBEgAoABgAGwKIB3VzZV9vaWwBMRJwcm9ncmVzc2l2ZV9yZWNpcGUBMRUAACbuip-2gNHiPxUCKAJDMywXQECIcrAgxJwYEmRhc2hfYmFzZWxpbmVfMV92MREAdQBl5p0BAA&_nc_gid=SCTI8UM0aCdIAzunOufcIw&_nc_ss=7b289&_nc_zt=28&oh=00_Af9uPUD87QC8r5AVgqnw2LOY3hfTe1VBzAPNHSe4p_6WrA&oe=6A398609 | SD: https://video.fjai6-1.fna.fbcdn.net/o1/v/t2/f2/m86/AQN_iU_YdmyxEicq7N_hin4OORT6Egtqs98V1EBfaanyObEuQWsdHNwRMzTM3MwvQ_eJj7W38sI8ZpUd0Zgrr9bj.mp4?_nc_cat=109&_nc_oc=Adowa7laiaA1MnERN-1WEuyTcdZmo4vxDAsQLsI_l0mT-k2SvFnOuUvW5LIO17SY1D81HGBSXEFYpbOq05MHhA_W&_nc_sid=b66105&_nc_ht=video.fjai6-1.fna.fbcdn.net&_nc_ohc=dKR8UI9mj9cQ7kNvwG5zgFH&efg=eyJ2ZW5jb2RlX3RhZyI6Inhwdl9wcm9ncmVzc2l2ZS5WSV9VU0VDQVNFX1BST0RVQ1RfVFlQRS4uQzMuMzYwLmRhc2hfYmFzZWxpbmVfM192MSIsInhwdl9hc3NldF9pZCI6MTc5NDk4MTk0MzgwOTcwNzksImFzc2V0X2FnZV9kYXlzIjoxMTUsInZpX3VzZWNhc2VfaWQiOjEwMDk5LCJkdXJhdGlvbl9zIjozMywidXJsZ2VuX3NvdXJjZSI6Ind3dyJ9&ccb=17-1&vs=ce6cf7b196c772&_nc_vs=HBksFQIYR2lnX3hwdl9yZWVsc19wZXJtYW5lbnRfc3JfcHJvZC8xMjI4MzExOTAyNjE2MTI3XzcwNjU1MzI1NzM4MTE5ODY4MzUubXA0FQACyAESABUCGFFpZ194cHZfcGxhY2VtZW50X3Blcm1hbmVudF92Mi9CNDREQzYzNEVEODEyMEQzOUI2RUVGMjQ0NzRBQUFCQ19hdWRpb19kYXNoaW5pdC5tcDQVAgLIARIAKAAYABsCiAd1c2Vfb2lsATEScHJvZ3Jlc3NpdmVfcmVjaXBlATEVAAAm7oqftoDR4j8VAigCQzMsF0BAiHKwIMScGBJkYXNoX2Jhc2VsaW5lXzNfdjERAHUAZeadAQA&_nc_gid=SCTI8UM0aCdIAzunOufcIw&_nc_ss=7b289&_nc_zt=28&oh=00_Af9XcCNTvjQqz2dGSBV9ujl9ekTFYWGg6rHC_dVLtk9GcQ&oe=6A359B65 | Preview: https://scontent.fjai6-1.fna.fbcdn.net/v/t39.35426-6/708795023_1008573194942755_6534744148095326391_n.jpg?_nc_cat=104&ccb=1-7&_nc_sid=c53f8f&_nc_ohc=Oq8M1uZpcZoQ7kNvwEYdyWJ&_nc_oc=Adr_UePtdww9JbJ3dHjsU5NXtUyzLeDttKVFoJpZi8LQ3S5c4EEvMuATu_osM0RKbqzD5qBDB3K0m3swtuXeVzGO&_nc_zt=14&_nc_ht=scontent.fjai6-1.fna&_nc_gid=SCTI8UM0aCdIAzunOufcIw&_nc_ss=7b289&oh=00_Af8i8S_lLN18YdoSaOvowNOez9IYuKtGgP5RLzBNEvkQIw&oe=6A399A2E,,,,,,,
921898017319096,https://www.facebook.com/100084273295213/,fb.me,https://www.facebook.com/100084273295213/,,,,,,,,,104922188998855,http://fb.me/,Tricity Realty LLP,https://www.facebook.com/ads/library/?id=921898017319096,"Tricity Waterfront - High-rise Iconic Tower with Unobstructed Creek Views and Sky-Level Lifestyle Amenities, at the heart of Roadpali – Near Kharghar.

✨ Project Highlights:
🏙 High-Rise Magnificent Tower
🏡 2BHK Luxurious Residences
💪 4th Floor Fitness Centre
💼 Ground Floor Co-Working & Conference Area
🌅 Sky-Level Lifestyle Decks

🎯 World-Class Amenities:
🏸 Multi-Sports Court
🏊‍♂️ Swimming Pool
🏠 Multi-Purpose Hall
🧘 Multi-Purpose Studio
☀️ Sun Salutation Deck
🎮 VR Games Zone
🌿 Garden Gazebo
🚶‍♀️ Walking Trail
🏋️ Fitness Centre
💼 Co-Working Spaces
🏛️ Grand Entrance Lobby

📍 Tricity Waterfront – Plot No. 76, Sector 17, Roadpali, Navi Mumbai 410218

👉 Book Your Site Visit Today!",592,Get quote,fb.me,"FACEBOOK; INSTAGRAM; AUDIENCE_NETWORK",2026-03-14,2026-06-18,HD: https://video.fjai6-1.fna.fbcdn.net/o1/v/t2/f2/m366/AQO5E8AB6P_bV8ZC1_QDegVG8xVdCLvitZb-3cEFSeAWvjmHkZdWf2nNAMXjO1MPJcNRfyKrH7nw7xOROYpEJrVOtqacYVh6pcDDnzxHio0ugg.mp4?_nc_cat=106&_nc_oc=AdrFjK63UjEMnTC8e_xr0zpkAe0UBRr5hO242070aa7u5UkqABvMJh79J8AFQXMEf6Ss62nzFd15DnMJ2rRu-kXa&_nc_sid=b66105&_nc_ht=video.fjai6-1.fna.fbcdn.net&_nc_ohc=iNgz2KNLlUIQ7kNvwFuxOYW&efg=eyJ2ZW5jb2RlX3RhZyI6Inhwdl9wcm9ncmVzc2l2ZS5WSV9VU0VDQVNFX1BST0RVQ1RfVFlQRS4uQzMuNzIwLmRhc2hfaDI2NC1iYXNpYy1nZW4yXzcyMHAiLCJ4cHZfYXNzZXRfaWQiOjExNjE5OTUzMzI3MjY2MDcsImFzc2V0X2FnZV9kYXlzIjoxOTksInZpX3VzZWNhc2VfaWQiOjEwNzk5LCJkdXJhdGlvbl9zIjo3NiwidXJsZ2VuX3NvdXJjZSI6Ind3dyJ9&ccb=17-1&vs=21ac350aa77a442b&_nc_vs=HBksFQIYRWZiX2VwaGVtZXJhbC80NDREMjgyN0NGQzY4QTZDMTkzMTg0NkQ5NUY5NkVBM19tdF8xX3ZpZGVvX2Rhc2hpbml0Lm1wNBUAAsgBEgAVAhhAZmJfcGVybWFuZW50L0M1NDU4OTQ3RUNBNkM5MkUzQUI4M0RCM0Y4M0Q1QzgyX2F1ZGlvX2Rhc2hpbml0Lm1wNBUCAsgBEgAoABgAGwKIB3VzZV9vaWwBMRJwcm9ncmVzc2l2ZV9yZWNpcGUBMRUAACaevc3wg7WQBBUCKAJDMywXQFMO6XjU_fQYGWRhc2hfaDI2NC1iYXNpYy1nZW4yXzcyMHARAHUAZd6oAQA&_nc_gid=SCTI8UM0aCdIAzunOufcIw&_nc_ss=7b289&_nc_zt=28&oh=00_Af_zbsxxE-8YKSNkGVfQT77v_Rr3Ri97zeiKZc52RNV7_g&oe=6A399E8E | SD: https://video.fjai6-1.fna.fbcdn.net/o1/v/t2/f2/m412/AQNkL-Cy6vIsjNgBOYXvS0gWkUFBRH6wX_0CD0yUWj_9t4q1JLB-oJlvhsnpbrkjaPzjdPMsO9T2LXmofdvygeQl-bLh-k-YjLJAKZonbg.mp4?_nc_cat=111&_nc_oc=AdrbuJrM9MX0ssB8r-fds4qN_ftmPMAoP9N3yMygtIP4uZmDPIuI-xtMLHhcwpvrm24UJZIp350iRM1BRMiHLUWt&_nc_sid=ef5aa3&_nc_ht=video.fjai6-1.fna.fbcdn.net&_nc_ohc=Y2by4DCCYWsQ7kNvwFV1Sip&efg=eyJ2ZW5jb2RlX3RhZyI6Inhwdl9wcm9ncmVzc2l2ZS5WSV9VU0VDQVNFX1BST0RVQ1RfVFlQRS4uQzMuMzYwLnN2ZV9zZCIsInhwdl9hc3NldF9pZCI6MTE2MTk5NTMzMjcyNjYwNywiYXNzZXRfYWdlX2RheXMiOjE5OSwidmlfdXNlY2FzZV9pZCI6MTA3OTksImR1cmF0aW9uX3MiOjc2LCJ1cmxnZW5fc291cmNlIjoid3d3In0%3D&ccb=17-1&_nc_gid=SCTI8UM0aCdIAzunOufcIw&_nc_ss=7b289&_nc_zt=28&oh=00_Af-cHAUqsV43u-oCSgH0k4QTqcCOrZ3AS2p9_kho9pUugA&oe=6A398A73 | Preview: https://scontent.fjai6-1.fna.fbcdn.net/v/t39.35426-6/650785110_1552417955822125_7640572878131801075_n.jpg?_nc_cat=103&ccb=1-7&_nc_sid=c53f8f&_nc_ohc=yDmzItEWW80Q7kNvwHaAY5z&_nc_oc=AdrZFSj3v04vQMBbzj51NYzfLKFHWQKutXbi1qlGyIrGHhsMNiLThwhNYtlItITf78RynaGWqocwBbtUvwKlBGrc&_nc_zt=14&_nc_ht=scontent.fjai6-1.fna&_nc_gid=SCTI8UM0aCdIAzunOufcIw&_nc_ss=7b289&oh=00_Af9oFHZIL0IsFym50G57pQGZlIozvDKYbeu_85pldCmRVw&oe=6A39AB78,,,,,,,
985151387637550,https://www.facebook.com/61588691765997/,fb.me,https://www.facebook.com/61588691765997/,,,,,+91 99999 99999,,,,1074760245724187,http://fb.me/,TATA Project Ghansoli,https://www.facebook.com/ads/library/?id=985151387637550,"Tata Ghansoli Spacious 2 BHK & 3 BHK Deck Residences Starts 2.05 Cr* onwards

Spacious Big Sizes 2 & 3 BHK Deck homes in a 47+ acre integrated township near Reliance Corporate Park. Designed for modern living with strong investment potential.
✔ Upcoming Taj Hotel within the development
✔ Prime IT hub location
✔ High appreciation potential

Starting ₹2.05 Cr* onwards
Pre-Booking Started 

Register now to get floor plans, pricing & early access benefits before official launch.",18,Get quote,fb.me,"FACEBOOK; INSTAGRAM; AUDIENCE_NETWORK",2026-06-06,2026-06-17,HD: https://video.fjai6-1.fna.fbcdn.net/o1/v/t2/f2/m366/AQP4BP9-0jDDPkX50I-gO47VqPstPASlaH-nwci-QHk3Dz0iOTx9wKPhWmvhCreVR2oAABIOLeMzaiQId9JymhZz6si93opWDjnDl7Nw8sTwBA.mp4?_nc_cat=100&_nc_oc=Ado8AeH4EhB_82_o9p1FdqxepwtJ5uXr4yyv_wdK-jKISGA6YX9ovoP9c9W--G-fvu-Xqajjex_nkligGa5mk6aT&_nc_sid=b66105&_nc_ht=video.fjai6-1.fna.fbcdn.net&_nc_ohc=yKywGRDSgZUQ7kNvwHBCPQE&efg=eyJ2ZW5jb2RlX3RhZyI6Inhwdl9wcm9ncmVzc2l2ZS5WSV9VU0VDQVNFX1BST0RVQ1RfVFlQRS4uQzMuNzIwLmRhc2hfaDI2NC1iYXNpYy1nZW4yXzcyMHAiLCJ4cHZfYXNzZXRfaWQiOjE1NjI3MDMxNzU1NzY0MjYsImFzc2V0X2FnZV9kYXlzIjoxMSwidmlfdXNlY2FzZV9pZCI6MTA3OTksImR1cmF0aW9uX3MiOjMyLCJ1cmxnZW5fc291cmNlIjoid3d3In0%3D&ccb=17-1&vs=cf2e1dee4ba9c86e&_nc_vs=HBksFQIYRWZiX2VwaGVtZXJhbC83QjQ4QTI1RjBBREE5QjRCRTgxNkFDRTcyNDE1MTQ5QV9tdF8xX3ZpZGVvX2Rhc2hpbml0Lm1wNBUAAsgBEgAVAhhAZmJfcGVybWFuZW50LzdFNENFQzk1N0ZDMUM2NDI0NTFEREUzOTU4MUMwQUFBX2F1ZGlvX2Rhc2hpbml0Lm1wNBUCAsgBEgAoABgAGwKIB3VzZV9vaWwBMRJwcm9ncmVzc2l2ZV9yZWNpcGUBMRUAACbUrdv6pdHGBRUCKAJDMywXQEBzMzMzMzMYGWRhc2hfaDI2NC1iYXNpYy1nZW4yXzcyMHARAHUAZd6oAQA&_nc_gid=SCTI8UM0aCdIAzunOufcIw&_nc_ss=7b289&_nc_zt=28&oh=00_Af-ErrqZtr7yEOgb3VIVF5Q6taT3B01hCfOOeW_PHypFtQ&oe=6A39AE88 | SD: https://video.fjai6-1.fna.fbcdn.net/o1/v/t2/f2/m412/AQPndKscYA4cmq5Pu_dPwhtos-qbh4psibYIHWhu3AMDIueCIqfTn2W-EGhYG0Beq1RJgpYoa-UICvdklrLCkkIZRj65039-IZYrn2I8bA.mp4?_nc_cat=110&_nc_oc=Adr2x8e1nyxXoI4JXc8oSYBnKMRkHr9eFRmss2GyQXyhXVNk0dVpNRbyuojfkr9DYWaCcMyECONGvkKb-EPodGdK&_nc_sid=ef5aa3&_nc_ht=video.fjai6-1.fna.fbcdn.net&_nc_ohc=yWq9Poy4OeEQ7kNvwHykNwd&efg=eyJ2ZW5jb2RlX3RhZyI6Inhwdl9wcm9ncmVzc2l2ZS5WSV9VU0VDQVNFX1BST0RVQ1RfVFlQRS4uQzMuMzYwLnN2ZV9zZCIsInhwdl9hc3NldF9pZCI6MTU2MjcwMzE3NTU3NjQyNiwiYXNzZXRfYWdlX2RheXMiOjExLCJ2aV91c2VjYXNlX2lkIjoxMDc5OSwiZHVyYXRpb25fcyI6MzIsInVybGdlbl9zb3VyY2UiOiJ3d3cifQ%3D%3D&ccb=17-1&_nc_gid=SCTI8UM0aCdIAzunOufcIw&_nc_ss=7b289&_nc_zt=28&oh=00_Af_6BExigAWIq39f1xfJW38cAOxRohZPBBpVEFqb4_qLLA&oe=6A398E9C | Preview: https://scontent.fjai6-1.fna.fbcdn.net/v/t39.35426-6/717186849_980475351626938_3137164753807715145_n.jpg?_nc_cat=106&ccb=1-7&_nc_sid=c53f8f&_nc_ohc=NahF7U8MMJoQ7kNvwHjkfj3&_nc_oc=Ado66SU0aPkMOubQw0NbyS6-0FA2eO2TNilzvoLi_hFCODKaugTBOxWMix7yy29OpS-Y-akLVrbcqk5DRIEoiEWQ&_nc_zt=14&_nc_ht=scontent.fjai6-1.fna&_nc_gid=SCTI8UM0aCdIAzunOufcIw&_nc_ss=7b289&oh=00_Af8W8l9HlePxWz-43BTo20NUrDqfTNGU1uB2pUDzPEK2ew&oe=6A39A7FE,,,,,,,
1320104546243588,https://www.facebook.com/61559164702372/,fb.me,https://www.facebook.com/61559164702372/,,,,,+91 98898 89030,,,,315230201666448,http://fb.me/,Om Group,https://www.facebook.com/ads/library/?id=1320104546243588,"Nearing Possession

🎊 15+ AMENITIES for you and your loved ones🎊
🔹Swimming Pool
🔹Fully equipped gymnasium
🔹Children play area
🔹Senior Citizens sitting area
🔹Basket ball court
🔹Indoor Game zone
🔹 Devotional Area
🔹Jogging Track
🔹Electric vehicle charging area
🔹Cricket practice net, etc

CONNECTIVITY
🔸NMMT Bus transport 2 mins
🔹Pethali Metro Station 5
mins
🔸Panchanand - Taloja Railway station 5 minutes
🔹Mumbai Pune Expressway 10 Mins
🔸Kharghar Railway station 20 Mins
🔹D.B. Patil International Airport 30 Mins
🔸Atal Setu Bridge 40 mins

WHY MAJKUR?
🔹Well planned city by CIDCO
🔸Schools & Colleges
🔹D mart
🔸Shopping malls
🔹Asia's Largest Central Park
🔸Kharghar Valley Golf Course
🔹ISKON temple
🔸Upcoming Commercial Hub *NMPL* (Navi Mumbai Corporate Park)

https://maps.app.goo.gl/m59YJCDG3pSpgVzLA

Location: SURVEY NO 134/1/A, MAJKUR, TALOJA: 410208.",60,Get offer,fb.me,"FACEBOOK; INSTAGRAM; AUDIENCE_NETWORK",2026-06-04,2026-06-18,HD: https://video.fjai6-1.fna.fbcdn.net/o1/v/t2/f2/m366/AQN2nzU7tmjOr7oQZ06zTR8XuDTiUyltzQoyzwVLZRC8swhVLfCJzETVmTC6CtSrcPe1mpKYcCoU3liU7iLBs5Qj1WIosn2wWluN71tvpQ9tvQ.mp4?_nc_cat=108&_nc_oc=AdprEuYJLKkHryO0zJbfp9T92le5bfOjAJizpmzA87K5nHI63VAVkFiatXyonUvcTlGe2HudQ9yg5cUDevPLyiRF&_nc_sid=b66105&_nc_ht=video.fjai6-1.fna.fbcdn.net&_nc_ohc=okklbaNVYWYQ7kNvwEy_8vY&efg=eyJ2ZW5jb2RlX3RhZyI6Inhwdl9wcm9ncmVzc2l2ZS5WSV9VU0VDQVNFX1BST0RVQ1RfVFlQRS4uQzMuNzIwLmRhc2hfaDI2NC1iYXNpYy1nZW4yXzcyMHAiLCJ4cHZfYXNzZXRfaWQiOjEwMjY1MzM2OTYzOTM1NzgsImFzc2V0X2FnZV9kYXlzIjoxNCwidmlfdXNlY2FzZV9pZCI6MTA3OTksImR1cmF0aW9uX3MiOjUzLCJ1cmxnZW5fc291cmNlIjoid3d3In0%3D&ccb=17-1&vs=e16c4675d6e56f6d&_nc_vs=HBksFQIYRWZiX2VwaGVtZXJhbC9DMjREMTk3MUQxMDJCNUVDOEI4NkVFMTA4NTQ3RDlCNV9tdF8xX3ZpZGVvX2Rhc2hpbml0Lm1wNBUAAsgBEgAVAhhAZmJfcGVybWFuZW50L0E1NEIyRDA3RTFCNUY1NjhBRUY1NUEyQ0ZBNzdBRUEwX2F1ZGlvX2Rhc2hpbml0Lm1wNBUCAsgBEgAoABgAGwKIB3VzZV9vaWwBMRJwcm9ncmVzc2l2ZV9yZWNpcGUBMRUAACbUxZaFkOjSAxUCKAJDMywXQErRBiTdLxsYGWRhc2hfaDI2NC1iYXNpYy1nZW4yXzcyMHARAHUAZd6oAQA&_nc_gid=SCTI8UM0aCdIAzunOufcIw&_nc_ss=7b289&_nc_zt=28&oh=00_Af-Xd2aNP_LZexJugJIWVu70uw6-MJA7_nuFJcwQ66d3iQ&oe=6A39B7B4 | SD: https://video.fjai6-1.fna.fbcdn.net/o1/v/t2/f2/m412/AQMKaQAvsGSvKcdTFomOAlgyDNQbQ1MwZewK315C3oE6n6KGA6UR38_q66kO0RgHhBxCvdDMeVUFIB8_ZDe21prhJ-npsq1PrDBC9hgO8A.mp4?_nc_cat=104&_nc_oc=AdpRH2e9KZTxGJCsgmW7e-8J_sTEBtVUY99Seu8xEZh2fqpBZvtJk87JrVraPwgKyLSGEU1MajckBpINOSpICWWE&_nc_sid=ef5aa3&_nc_ht=video.fjai6-1.fna.fbcdn.net&_nc_ohc=yrgMShl3OqMQ7kNvwF2UIdX&efg=eyJ2ZW5jb2RlX3RhZyI6Inhwdl9wcm9ncmVzc2l2ZS5WSV9VU0VDQVNFX1BST0RVQ1RfVFlQRS4uQzMuMzYwLnN2ZV9zZCIsInhwdl9hc3NldF9pZCI6MTAyNjUzMzY5NjM5MzU3OCwiYXNzZXRfYWdlX2RheXMiOjE0LCJ2aV91c2VjYXNlX2lkIjoxMDc5OSwiZHVyYXRpb25fcyI6NTMsInVybGdlbl9zb3VyY2UiOiJ3d3cifQ%3D%3D&ccb=17-1&_nc_gid=SCTI8UM0aCdIAzunOufcIw&_nc_ss=7b289&_nc_zt=28&oh=00_Af8XICtnxHqtmraN9jBkQDJCivnEEpsu5tbK5QVcBTrd_A&oe=6A39BC72 | Preview: https://scontent.fjai6-1.fna.fbcdn.net/v/t39.35426-6/716150593_1298533922491344_7594471186049612115_n.jpg?_nc_cat=108&ccb=1-7&_nc_sid=c53f8f&_nc_ohc=I8Fylm_5IuEQ7kNvwEFx_9l&_nc_oc=Ado3PA1xxTV_cMTkaD_2hzfe-2HeJFNmRM2q-trNp-u8787eJn7hbu7RkOAlQ5VL17FPVg54xeanlklVIm-SFKXz&_nc_zt=14&_nc_ht=scontent.fjai6-1.fna&_nc_gid=SCTI8UM0aCdIAzunOufcIw&_nc_ss=7b289&oh=00_Af-lEW7gyHv_1ofuBc_y2AnIlS4PUYYOe2atNMj8T5gQwg&oe=6A399D6F,,,,,,,
910805245281953,https://www.facebook.com/61584437246705/,fb.me,https://www.facebook.com/61584437246705/,,,,contactus@ownatfirst.com,,,,,937383946115706,http://fb.me/,OWN At First ,https://www.facebook.com/ads/library/?id=910805245281953,"Presenting ✨📯

LA AVENUE🏙️
No. - 1 in taloja
#Sabse Alag, Sabse Accha.

* Grand entrance lobby  with a Lavish Carpet Apartment. 
* The Only Residential Project with Green Amenities & Premium Quality work at Affordable Price.

Project Highlights🚦
♦️2.5 acres land parcel 
♦️7- 10 story 2 towers 
♦️Spacious 1BHK & 2BHK homes
♦️Gated Community
♦️Exclusive separate towers of  1 & 2 bhk 
♦️5 minutes Drive from the Pendhar Metro Station
♦️20/25 minutes from the upcoming Navi Mumbai International Airport
♦️10 minutes from the proposed Corporate Park & Business District by the Approved DP Road.
♦️20 minutes from Shilphata Junction
♦️2 Mins away from School, Market & Public Transport (NMMC)

PRIVILEGES & CRAFTED AMENITIES

SHUTTLE BUS SERVICE LA AVENUE - KHARGHAR STATION

 ♦️JOGGING TRACK
 ♦️GAZEBO SIT-OUT
 ♦️SENIOR CITIZEN PARK
 ♦️GYMNASIUM,STEAM ROOM
 ♦️OPEN PARTY LAWN & MULTI PURPOSE HALL 
 ♦️LANDSCAPE GARDEN

AREAS are mentioned below👇🏻

 ~1BHK VARIENTS~ 
Buildup - 625 sq.ft
Area - 398 sq.ft

Buildup - 660 sq.ft
Area - 410 sq.ft

Buildup - 665 sq.ft
Area - 412 sq.ft

Buildup - 680 sq.ft
Area - 427 sq.ft

Buildup - 700 sq.ft
Area - 438 sq.ft

 ~2BHK VARIENTS~ 
Buildup - 945 sq.ft
Area - 604 sq.ft

Buildup - 965 sq.ft
Area - 613 sq.ft

Buildup - 975 sq.ft
Area - 623 sq.ft

Kindly feel free to reach us at the site for any further queries

🚕Pick & Drop Service Available 🚕",70,Get offer,fb.me,"FACEBOOK; INSTAGRAM; AUDIENCE_NETWORK",2026-04-28,2026-06-17,HD: https://video.fjai6-1.fna.fbcdn.net/o1/v/t2/f2/m366/AQPpxafNNVZwQZcIZP22LW6hvUgw1T2__hnnyMWxpXzBQU7tKBxdExNIyjxWDGZKsdpexuLfBGHz1Xi8f8xOz2itHd9B5qcqkgoQ3Xj5VJtDPQ.mp4?_nc_cat=105&_nc_oc=AdpL5G1a1a0KI3KXX4_6Edt99B0z6wYiKk4fsWEMAjRM6o9lsJugV3se5aVpOJELmfp5ruFNu3A7CE84_zJeMC6Q&_nc_sid=b66105&_nc_ht=video.fjai6-1.fna.fbcdn.net&_nc_ohc=PjhsAHsDJ6YQ7kNvwGDWo9i&efg=eyJ2ZW5jb2RlX3RhZyI6Inhwdl9wcm9ncmVzc2l2ZS5WSV9VU0VDQVNFX1BST0RVQ1RfVFlQRS4uQzMuNzIwLmRhc2hfaDI2NC1iYXNpYy1nZW4yXzcyMHAiLCJ4cHZfYXNzZXRfaWQiOjk2MTkyOTkwNjIyMjAyNywiYXNzZXRfYWdlX2RheXMiOjUwLCJ2aV91c2VjYXNlX2lkIjoxMDc5OSwiZHVyYXRpb25fcyI6MjIsInVybGdlbl9zb3VyY2UiOiJ3d3cifQ%3D%3D&ccb=17-1&vs=ad4bcbdcb36e57ba&_nc_vs=HBksFQIYRWZiX2VwaGVtZXJhbC8zQTQ1NDc0QTVGM0I2RTI4RDIxM0M2MzFFMDRDMEQ4Q19tdF8xX3ZpZGVvX2Rhc2hpbml0Lm1wNBUAAsgBEgAVAhhAZmJfcGVybWFuZW50LzkzNDdGNkJBMjU3NjVEQTA2QjU1MkEzODUxODhGQkFEX2F1ZGlvX2Rhc2hpbml0Lm1wNBUCAsgBEgAoABgAGwKIB3VzZV9vaWwBMRJwcm9ncmVzc2l2ZV9yZWNpcGUBMRUAACaWz9-l2Le1AxUCKAJDMywXQDYAAAAAAAAYGWRhc2hfaDI2NC1iYXNpYy1nZW4yXzcyMHARAHUAZd6oAQA&_nc_gid=SCTI8UM0aCdIAzunOufcIw&_nc_ss=7b289&_nc_zt=28&oh=00_Af-aPEv8yHJnHUTru8ySoku1HKeIxjnxDWL-MLb3rqcDKA&oe=6A399A1B | SD: https://video.fjai6-1.fna.fbcdn.net/o1/v/t2/f2/m412/AQOMYpIdPhcCKY4QjApOEDq28uubZzPcSO_Pu_SLO0rydwwQtvrBKoqEV6M5wsFVkN7C4u5q3Tz2Nsq0cBhuImzmOnUBji3bZuc7IGfvRw.mp4?_nc_cat=105&_nc_oc=Adr-wzg-UVVuXExUos1W3yjFb4vLX7pl0yeR12clRsovhJRWE9NPz082zHKStkFlhQ1xp3bCWueZOzeyiTxTCXtG&_nc_sid=ef5aa3&_nc_ht=video.fjai6-1.fna.fbcdn.net&_nc_ohc=fyXEIsZk9GkQ7kNvwG1Yo2L&efg=eyJ2ZW5jb2RlX3RhZyI6Inhwdl9wcm9ncmVzc2l2ZS5WSV9VU0VDQVNFX1BST0RVQ1RfVFlQRS4uQzMuMzYwLnN2ZV9zZCIsInhwdl9hc3NldF9pZCI6OTYxOTI5OTA2MjIyMDI3LCJhc3NldF9hZ2VfZGF5cyI6NTAsInZpX3VzZWNhc2VfaWQiOjEwNzk5LCJkdXJhdGlvbl9zIjoyMiwidXJsZ2VuX3NvdXJjZSI6Ind3dyJ9&ccb=17-1&_nc_gid=SCTI8UM0aCdIAzunOufcIw&_nc_ss=7b289&_nc_zt=28&oh=00_Af-zfx1RfEmZrG3IdgXydAB6NEjuGfh7WeHMuAzwlaHq-A&oe=6A39B2A1 | Preview: https://scontent.fjai6-1.fna.fbcdn.net/v/t39.35426-6/684512270_2871384263210177_784434200276412179_n.jpg?_nc_cat=106&ccb=1-7&_nc_sid=c53f8f&_nc_ohc=zWewL6GrOdMQ7kNvwGOvv6n&_nc_oc=Adr45UQ0-j-CKfwhIyP0BMVE-JX_FGaJLs3VxRgs2eY_MH2RcerfbXMTjtf79a1yLnKmwjZFJDrwY-yCb9huSIFK&_nc_zt=14&_nc_ht=scontent.fjai6-1.fna&_nc_gid=SCTI8UM0aCdIAzunOufcIw&_nc_ss=7b289&oh=00_Af_vipCdWQQ18y8hAv04gFiuVy0YNlkzgLbnjlxRiIYQ_g&oe=6A3988B0,,,,,,,
1795487338542108,https://www.facebook.com/NavBharatHomeopathy/,fb.me,https://www.facebook.com/NavBharatHomeopathy/,,,,navbharathomeopathy12@gmail.com,+91 95182 91507,,,,447619578443079,http://fb.me/,Nav Bharat Homeopathy,https://www.facebook.com/ads/library/?id=1795487338542108,"🍃 Fatty Liver, पीलिया या Liver Infection की समस्या से परेशान हैं?

समय पर सही सलाह और प्राकृतिक देखभाल आपके लिवर स्वास्थ्य को बेहतर बनाने में मदद कर सकती है।

👩‍⚕️ Navbharat Homeopathy में व्यक्तिगत परामर्श और होम्योपैथिक मार्गदर्शन उपलब्ध है।

✅ प्राकृतिक उपचार
✅ बिना साइड इफेक्ट्स
✅ बेहतर पाचन
✅ अधिक ऊर्जा और स्वास्थ्य

🎉 इलाज ₹1999/- से शुरू

📞 आज ही Free Consultation का लाभ उठाएं

☎️ 92665 90555
📍 Unit No. 14, Ground Floor, M2K Corporate Park Mall, Sector 51, Gurugram

#LiverTreatment #FattyLiver #HomeopathyCare #NaturalHealing #LiverSupport #JaundiceCare #Wellness #HealthCare #NavbharatHomeopathy #Gurugram",2568,Sign up,fb.me,"FACEBOOK; INSTAGRAM; AUDIENCE_NETWORK",2026-06-13,2026-06-18,,,"😟 क्या आपका लिवर सही तरीके से काम नहीं कर रहा?  भूख कम लगना, थकान, पाचन समस्याएं और पीलिया जैसे लक्षण लिवर से जुड़ी समस्याओं का संकेत हो सकते हैं।  👩‍⚕️ Navbharat Homeopathy में सुरक्षित, प्राकृतिक और व्यक्तिगत होम्योपैथिक परामर्श उपलब्ध है।  ✅ Fatty Liver के लिए मार्गदर्शन ✅ बेहतर पाचन और ऊर्जा ✅ सम्पूर्ण स्वास्थ्य पर ध्यान ✅ बिना साइड इफेक्ट्स  🎉 इलाज ₹1999/- से शुरू  📞 Free Consultation के लिए अभी संपर्क करें  ☎️ 92665 90555 📍 Unit No. 14, Ground Floor, M2K Corporate Park Mall, Sector 51, Gurugram  #FattyLiverCare #LiverHealth #HomeopathyTreatment #NaturalHealing #JaundiceTreatment #HealthAndWellness #NavbharatHomeopathy #Gurugram #HealthyLiver #LiverCareExperts || 😟 क्या आपको थकान, भूख न लगना, पेट में भारीपन या पीलिया जैसी समस्याएं परेशान कर रही हैं?  ये लिवर की कमजोरी के संकेत हो सकते हैं। समय रहते सही देखभाल आपके स्वास्थ्य को बेहतर बना सकती है।  👩‍⚕️ Navbharat Homeopathy में लिवर स्वास्थ्य के लिए व्यक्तिगत परामर्श और प्राकृतिक होम्योपैथिक मार्गदर्शन उपलब्ध है।  ✅ लिवर स्वास्थ्य पर फोकस ✅ बेहतर पाचन क्रिया ✅ शरीर की ऊर्जा में सुधार ✅ सुरक्षित और प्राकृतिक देखभाल  🎉 इलाज ₹1999/- से शुरू  📞 Free Consultation के लिए आज ही संपर्क करें  ☎️ 92665 90555 📍 Unit No. 14, Ground Floor, M2K Corporate Park Mall, Sector 51, Gurugram  #FattyLiver #LiverHealth #HomeopathyCare #NaturalHealing #Jaundice #LiverTreatment #Wellness #NavbharatHomeopathy #Gurugram #HealthyLife",http://fb.me/ || http://fb.me/,fb.me || fb.me,Sign Up || Sign Up,Original: https://scontent.fjai6-1.fna.fbcdn.net/v/t39.35426-6/723162339_2474190246418035_8562768314936504992_n.jpg?_nc_cat=102&ccb=1-7&_nc_sid=c53f8f&_nc_ohc=AnQ51-1C9BMQ7kNvwE-dgUR&_nc_oc=AdroSS-_q7NuXBjQaZaKFdtfjQvZSSwoqjre5YrpjyP1NsZ0Qzv2ffr6DFM_kn6evHtwnauFU2eNG3_Dt3Vzxa5N&_nc_zt=14&_nc_ht=scontent.fjai6-1.fna&_nc_gid=SCTI8UM0aCdIAzunOufcIw&_nc_ss=7b289&oh=00_Af9zL54CVnPc3oO-__60vYqpdK44TNnIOVsZQcTiRYWCww&oe=6A399F87 | Resized: https://scontent.fjai6-1.fna.fbcdn.net/v/t39.35426-6/722956540_1673117617248297_8261514058368931212_n.jpg?stp=dst-jpg_s600x600_tt6&_nc_cat=111&ccb=1-7&_nc_sid=c53f8f&_nc_ohc=JSiJ1NqtR4gQ7kNvwFvZKXp&_nc_oc=AdpKUFdvsG2aHyRxT3S19bdl7EMSzhy6w4akWRTI_FWjY4PIHC47Nl0rZ9i7QAMa2Nrz1qEZV5IISuekr5lOHOT-&_nc_zt=14&_nc_ht=scontent.fjai6-1.fna&_nc_gid=SCTI8UM0aCdIAzunOufcIw&_nc_ss=7b289&oh=00_Af9_VnXaoh7YYI1o13Byl-6jcjVpBnG7I88nBxP5zS2M6Q&oe=6A39A9AF || Original: https://scontent.fjai6-1.fna.fbcdn.net/v/t39.35426-6/720796914_943619428726698_4965451203201374963_n.jpg?_nc_cat=106&ccb=1-7&_nc_sid=c53f8f&_nc_ohc=p-UschduhrsQ7kNvwGZdlBl&_nc_oc=AdrfrQHO3BTpE6YIyVchrtRYUaDAqm2Ilh03Az0QQtj7q1GOaKFsqOS5nYp7DxyHwqw7P0a2shkG_qu92r_rdNhW&_nc_zt=14&_nc_ht=scontent.fjai6-1.fna&_nc_gid=SCTI8UM0aCdIAzunOufcIw&_nc_ss=7b289&oh=00_Af_uYRon0-PzFF--E_QQ7xSk8GYQ8pD6977J8YTVYJACww&oe=6A399BF9 | Resized: https://scontent.fjai6-1.fna.fbcdn.net/v/t39.35426-6/723331425_1306929107760997_1859890565377628457_n.jpg?stp=dst-jpg_s600x600_tt6&_nc_cat=109&ccb=1-7&_nc_sid=c53f8f&_nc_ohc=KMXrEmKDfswQ7kNvwGU6Ezw&_nc_oc=AdqfFNpaI4RiA7UgEy5D8F9hvWR6fitM-sWNYRqqlOsfgAlSiUvUCsbauo6OAwbEqcvCSKMQM3wguJLaVKY21hjn&_nc_zt=14&_nc_ht=scontent.fjai6-1.fna&_nc_gid=SCTI8UM0aCdIAzunOufcIw&_nc_ss=7b289&oh=00_Af_sv5o89d3s5j1rziUItAvJSR2N5jDm_X6GwrUxI9JZGw&oe=6A39861D,
804184975959365,https://www.facebook.com/61586903669030/,api.whatsapp.com,https://www.facebook.com/61586903669030/,,,,,+91 86890 30405,,,,969397866255880,https://api.whatsapp.com/send,Mmamatrix Gurgaon,https://www.facebook.com/ads/library/?id=804184975959365,"Train where champions are made. 🐯
MMA Matrix Gym, Gurgaon Sector 69 is a 12,000 sq ft fitness arena built for people who want more than an ordinary workout.
✅ MMA, Boxing 
✅ Zumba & Aerial Yoga
✅ Strength training on world-class Precor machines, booty builders, ellipticals & more
✅ Certified coaches • beginner to pro",13,Send WhatsApp message,api.whatsapp.com,"FACEBOOK; INSTAGRAM; AUDIENCE_NETWORK; MESSENGER; WHATSAPP",2026-06-03,2026-06-18,HD: https://video.fjai6-1.fna.fbcdn.net/o1/v/t2/f2/m367/AQMleTO8uxzVds9-RY_oV2sLPmW0RcBpxbH_VNoXLGj6VBkrai8OYTqGigk2W24M_-0ULI5EyHDj5nYR-WbFqRpRqx8BV40eOflz2nRKdQ.mp4?_nc_cat=111&_nc_oc=AdpcnyEvAGs3TFCLh9vGFPlfpqWzx5l31yldGKSgazyX-M5t4H3ZxkYfyzLJfnKBiaLytVVlKrJH0fiTbV3f--vU&_nc_sid=ef5aa3&_nc_ht=video.fjai6-1.fna.fbcdn.net&_nc_ohc=_rjDPtDAZJEQ7kNvwHd6oYw&efg=eyJ2ZW5jb2RlX3RhZyI6Inhwdl9wcm9ncmVzc2l2ZS5WSV9VU0VDQVNFX1BST0RVQ1RfVFlQRS4uQzMuNzIwLnByb2dyZXNzaXZlX2gyNjQtYmFzaWMtZ2VuMl83MjBwIiwieHB2X2Fzc2V0X2lkIjoyMDU5OTUxNTUxMzQ3OTE1LCJhc3NldF9hZ2VfZGF5cyI6MzUsInZpX3VzZWNhc2VfaWQiOjEwMDk5LCJkdXJhdGlvbl9zIjozMywidXJsZ2VuX3NvdXJjZSI6Ind3dyJ9&ccb=17-1&_nc_gid=SCTI8UM0aCdIAzunOufcIw&_nc_ss=7b289&_nc_zt=28&oh=00_Af8ZU0kQOeE1VRv6cGlCHfzD7PCLFhhm3vfhoyuhHvcWlA&oe=6A39A68F | SD: https://video.fjai6-1.fna.fbcdn.net/o1/v/t2/f2/m367/AQPu_MvycgriLhf-QSryS0DmVZLwn8N6znCITNYqbtg-JvoQE81S_K5MEwPwtlZ7AqMmM37Z5J9L80RYIJg5SeP1_v6rD3oKP_yCgM6sKw.mp4?_nc_cat=103&_nc_oc=AdqBvWfVHDNdO2z6P_1EvLnSGhFnDnKISspcB3mxMzQWks8XqhGltfJpfTzIh-D0eKfVTXXgbSooz6h1WnJ6v22z&_nc_sid=ef5aa3&_nc_ht=video.fjai6-1.fna.fbcdn.net&_nc_ohc=3hY5w2O9LCIQ7kNvwHSGzTo&efg=eyJ2ZW5jb2RlX3RhZyI6Inhwdl9wcm9ncmVzc2l2ZS5WSV9VU0VDQVNFX1BST0RVQ1RfVFlQRS4uQzMuMzYwLnByb2dyZXNzaXZlX2gyNjQtYmFzaWMtZ2VuMl8zNjBwIiwieHB2X2Fzc2V0X2lkIjoyMDU5OTUxNTUxMzQ3OTE1LCJhc3NldF9hZ2VfZGF5cyI6MzUsInZpX3VzZWNhc2VfaWQiOjEwMDk5LCJkdXJhdGlvbl9zIjozMywidXJsZ2VuX3NvdXJjZSI6Ind3dyJ9&ccb=17-1&_nc_gid=SCTI8UM0aCdIAzunOufcIw&_nc_ss=7b289&_nc_zt=28&oh=00_Af-Ln9t-JLj3pPGbBZeW-tDmtep2gzMXtqzu5YwbVLi2ow&oe=6A399CBB | Preview: https://scontent.fjai6-1.fna.fbcdn.net/v/t39.35426-6/713753997_1646967353194836_5149808764724689675_n.jpg?_nc_cat=101&ccb=1-7&_nc_sid=c53f8f&_nc_ohc=O9X6ycSij78Q7kNvwFdkHu2&_nc_oc=Ado5nyBz6wGRGEf2C_dLsyxJxN2DB7-MJv4m4INtZZ2LnBfHtX1WLoumopHOFn0ZRlROzuKX_DjecrrcDkgXYLCE&_nc_zt=14&_nc_ht=scontent.fjai6-1.fna&_nc_gid=SCTI8UM0aCdIAzunOufcIw&_nc_ss=7b289&oh=00_Af8-YNRL7IEzk2cxrBUXjxnA8JQUDInTzVqb2Uc67G6ptA&oe=6A39A69C,,,,,,,
998962969207972,https://www.facebook.com/61573275011821/,,https://www.facebook.com/61573275011821/,,,,,+91 98954 05880,,,,1119588657897175,,Victoris Hyderabad,https://www.facebook.com/ads/library/?id=998962969207972,"🚘 Experience the All-New Maruti Suzuki Victoris at WESTER AQUA IT PARK, Madhapur !

Join us on 19th June 2026 for an exclusive vehicle display and get up close with the stylish and feature-packed Maruti Suzuki Victoris.

📍 Venue: Wester Aqua IT Park, Madhapur
📅 Date: 19th June 2026

Explore its premium design, advanced features, and impressive performance firsthand.

✨ We warmly welcome you, your family, and colleagues to visit the display and experience the Victoris like never before.",1,,,"FACEBOOK; INSTAGRAM; AUDIENCE_NETWORK; WHATSAPP; THREADS",2026-06-17,2026-06-17,,Original: https://scontent.fjai6-1.fna.fbcdn.net/v/t39.35426-6/723904310_1669385150839307_45345282907841028_n.jpg?_nc_cat=110&ccb=1-7&_nc_sid=c53f8f&_nc_ohc=vYRxBwdO04cQ7kNvwHsONs8&_nc_oc=AdrDMtzphxhlOEkmIZZyiSPPrPslN9fqA-jTZ-ruWYI07mtUbeXK5HKFfEd8OJFI2c5YJjoO1ghIOkw1fr3qVfKc&_nc_zt=14&_nc_ht=scontent.fjai6-1.fna&_nc_gid=SCTI8UM0aCdIAzunOufcIw&_nc_ss=7b289&oh=00_Af-BFYC7NTjuzYJJ4cNxj_5qO8jFqK5itR1s0bWZ3XBsBg&oe=6A39951C | Resized: https://scontent.fjai6-1.fna.fbcdn.net/v/t39.35426-6/724624512_991080733556225_2739634759205857598_n.jpg?stp=dst-jpg_s600x600_tt6&_nc_cat=110&ccb=1-7&_nc_sid=c53f8f&_nc_ohc=obCiW4O0_wgQ7kNvwGIGEU7&_nc_oc=Ado0mvPcyCglpF6KjvOq40oTuLyZ13RtvmDnwQSAFQpPYbKyu7i2ILDhUX31v6ljG5hQ0qnPeTpXVzd0fw7e0aMl&_nc_zt=14&_nc_ht=scontent.fjai6-1.fna&_nc_gid=SCTI8UM0aCdIAzunOufcIw&_nc_ss=7b289&oh=00_Af_l1SoGFPWzYxLBq8KPeKLhBZg6A_rg26XSjVozyRltCQ&oe=6A39ADF6,,,,,,
986579730672999,https://www.facebook.com/sevagirirealtors/,upper-kharghar.com,https://www.facebook.com/sevagirirealtors/,,,,info@example.com,,,,,120379288072635,https://upper-kharghar.com/,Sevagiri Realtors,https://www.facebook.com/ads/library/?id=986579730672999,"LIVE NEXT TO TOMORROW'S LANDMARKS

✈️ Navi Mumbai International Airport

🏢 International Corporate Park (BKC 2)

🏡 Your Affordable Luxury 1 BHK

All coming together in one fast-growing destination:

📍 Upper Kharghar

Own a home where careers, businesses, and opportunities are set to grow.

📲 Enquire Now.",3110,See details,upper-kharghar.com,"FACEBOOK; INSTAGRAM; AUDIENCE_NETWORK; MESSENGER",2026-06-09,2026-06-18,HD: https://video.fjai6-1.fna.fbcdn.net/o1/v/t2/f2/m366/AQO3gND1kx58zm-ZQgsbJTvRrRiUJlHRtPTsYCIf30aNAQu0lXye-0F0rZbfO-2FY6u7I6qYowFWJuL4Q2Zgsa3lygu9Rsfykv4PhZ8r3M-YvQ.mp4?_nc_cat=101&_nc_oc=Adp2iFLfH6CqyB9F64F8ec7-ynBI0GoWxmOrRflzCqV72QUqSqRYPVLiiCMmyk5WnAALctRp3NVIKMZWxjK9KvaZ&_nc_sid=b66105&_nc_ht=video.fjai6-1.fna.fbcdn.net&_nc_ohc=oG6U0t7nTOEQ7kNvwEQAceL&efg=eyJ2ZW5jb2RlX3RhZyI6Inhwdl9wcm9ncmVzc2l2ZS5WSV9VU0VDQVNFX1BST0RVQ1RfVFlQRS4uQzMuNzIwLmRhc2hfaDI2NC1iYXNpYy1nZW4yXzcyMHAiLCJ4cHZfYXNzZXRfaWQiOjE3MjgzNjkyODg2MDkzODAsImFzc2V0X2FnZV9kYXlzIjoxMywidmlfdXNlY2FzZV9pZCI6MTAxMzksImR1cmF0aW9uX3MiOjgsInVybGdlbl9zb3VyY2UiOiJ3d3cifQ%3D%3D&ccb=17-1&vs=710607b42c23fec9&_nc_vs=HBksFQIYRWZiX2VwaGVtZXJhbC9BQTRFQTlCNkQ3MjlGNDYyQTZCRDlCMkFCNkVFRDBBOF9tdF8xX3ZpZGVvX2Rhc2hpbml0Lm1wNBUAAsgBEgAVAhhAZmJfcGVybWFuZW50L0I4NDNERDlFRTM3RkM2MkY3QjA3NjVCQTdGN0U3MjlDX2F1ZGlvX2Rhc2hpbml0Lm1wNBUCAsgBEgAoABgAGwKIB3VzZV9vaWwBMRJwcm9ncmVzc2l2ZV9yZWNpcGUBMRUAACbI-efXqvyRBhUCKAJDMywXQCAqfvnbItEYGWRhc2hfaDI2NC1iYXNpYy1nZW4yXzcyMHARAHUAZbaeAQA&_nc_gid=SCTI8UM0aCdIAzunOufcIw&_nc_ss=7b289&_nc_zt=28&oh=00_Af9IIrRnuqe7Z99-JtEI5mIrNc-T29xH1Yy7aIn2a3mbyA&oe=6A39A2FB | SD: https://video.fjai6-1.fna.fbcdn.net/o1/v/t2/f2/m412/AQPhlJZJcaK2lXraAiTalrdVbLLwnVv5u2QED_QMMHG_K4kHhW3IC4OIDN2LERR-L7Emd5rNvl-MZK7Eav8bGse2gDBI9_XXpU9KZASRUA.mp4?_nc_cat=103&_nc_oc=AdoUQwlYZCr9ptSUoEDRikC5Y1kCdoKRzeBeQQSzSQaIDE7XksAyxiE2H4Bu0-QHnLXLGyN_1RxwANCzrNl0tREu&_nc_sid=ef5aa3&_nc_ht=video.fjai6-1.fna.fbcdn.net&_nc_ohc=x9WIlz6VfQoQ7kNvwGMFh0N&efg=eyJ2ZW5jb2RlX3RhZyI6Inhwdl9wcm9ncmVzc2l2ZS5WSV9VU0VDQVNFX1BST0RVQ1RfVFlQRS4uQzMuMzYwLnN2ZV9zZCIsInhwdl9hc3NldF9pZCI6MTcyODM2OTI4ODYwOTM4MCwiYXNzZXRfYWdlX2RheXMiOjEzLCJ2aV91c2VjYXNlX2lkIjoxMDEzOSwiZHVyYXRpb25fcyI6OCwidXJsZ2VuX3NvdXJjZSI6Ind3dyJ9&ccb=17-1&_nc_gid=SCTI8UM0aCdIAzunOufcIw&_nc_ss=7b289&_nc_zt=28&oh=00_Af8oDfiA9ra4HMyuRrpIbpBS_wZn5puKfc948Ymbpsr5yQ&oe=6A39B9EB | Preview: https://scontent.fjai6-1.fna.fbcdn.net/v/t39.35426-6/717270241_1628855744844451_6019383361504436560_n.jpg?_nc_cat=110&ccb=1-7&_nc_sid=c53f8f&_nc_ohc=drNFmebi_eEQ7kNvwFrs2qK&_nc_oc=AdqltSVufKOTkhaqQlUMPh4bklhYYfG2efBYSSBjlQPIYHOMuw8_3bDanOU4HufMYoC7Tm1gIRvDdRnXbYTFpiLe&_nc_zt=14&_nc_ht=scontent.fjai6-1.fna&_nc_gid=SCTI8UM0aCdIAzunOufcIw&_nc_ss=7b289&oh=00_Af8MY2RtB7ZzaPkV5WY5cpW8xqymf7ChP0wIUFQqOWwEhg&oe=6A39ADC3,,,,,,,
1668579920942104,https://www.facebook.com/61568377742137/,fb.me,https://www.facebook.com/61568377742137/,,,,,,,,,488065797719651,http://fb.me/,Luxury Homes ,https://www.facebook.com/ads/library/?id=1668579920942104,"• A rare address in Kharghar’s fastest-growing location 📍
• Opp. upcoming corporate park & Central Park
• High-rise living with unmatched connectivity
• 3 towers | G+40 | Premium lifestyle amenities
• Limited inventory starting ₹2.35 Cr
👉 Enquire now before prices rise",4,Get quote,fb.me,"FACEBOOK; INSTAGRAM",2026-05-13,2026-06-16,,Original: https://scontent.fjai6-1.fna.fbcdn.net/v/t39.35426-6/687044119_2102743293909022_529029732677485639_n.jpg?_nc_cat=102&ccb=1-7&_nc_sid=c53f8f&_nc_ohc=t3_nfVr6f24Q7kNvwGp409W&_nc_oc=AdqAXh2cK2WTT5F_ZSFypPFsOeQHYJDDY3XLmMIMoWcYNxp0wWLwUeMTvZmZ_3o9mFEb-AfsYrBE7k5QR4Hjsjrv&_nc_zt=14&_nc_ht=scontent.fjai6-1.fna&_nc_gid=SCTI8UM0aCdIAzunOufcIw&_nc_ss=7b289&oh=00_Af-azH6RqhY4WRQ_k_0wbmtXpT5AOfbqVXzR1s4tsq8Tsw&oe=6A398AA8 | Resized: https://scontent.fjai6-1.fna.fbcdn.net/v/t39.35426-6/686520846_954376767444489_1760674559892586978_n.jpg?stp=dst-jpg_s600x600_tt6&_nc_cat=105&ccb=1-7&_nc_sid=c53f8f&_nc_ohc=Jrk0NuHCCRgQ7kNvwGgXcca&_nc_oc=Ado__-8HpfPl_lBvmVAlMkjAq8TkDofeSQHaojhnDcnUaRTFKVKqiCbP-wDKVmxBIEylgu9IOEnFdXVtl16dmzT9&_nc_zt=14&_nc_ht=scontent.fjai6-1.fna&_nc_gid=SCTI8UM0aCdIAzunOufcIw&_nc_ss=7b289&oh=00_Af9erH7pHJIkTjykpYv8LwtCVx3jKoInF2ozX72AQS5aSw&oe=6A399FB1,,,,,,
1898446794129348,https://www.facebook.com/61590746009591/,fb.me,https://www.facebook.com/61590746009591/,,,,,,,,,1172172919312876,http://fb.me/,Tata Realty Ghansoli,https://www.facebook.com/ads/library/?id=1898446794129348,"Own a premium residence in one of Navi Mumbai’s most anticipated integrated townships.
Introducing luxurious 2 & 3 BHK residences at Tata Ghansoli, strategically located opposite Reliance Corporate Park. Designed for professionals, families and investors seeking exceptional lifestyle and long-term appreciation.

Project Highlights:
✔ Pre-Launch Pricing @ ₹27,000/sq.ft*
✔ 47.5 Acre Integrated Township
✔ Only 7 Residential Towers
✔ Opp. Reliance Corporate Park
✔ Operational IT Park Within Development
✔ Upcoming Taj Hotel Within Campus
✔ 3-5 Minutes To Ghansoli Railway Station
✔ Excellent Connectivity To Palm Beach Road & Thane-Belapur Road
✔ Premium Lifestyle Amenities & Open Spaces

📈 Pre-launch prices expected to appreciate post launch.
Fill the form now to receive Floor Plans, Cost Sheet & Exclusive Pre-Launch Offers.",,Learn more,fb.me,"FACEBOOK; INSTAGRAM",2026-06-11,2026-06-17,HD: https://video.fjai6-1.fna.fbcdn.net/o1/v/t2/f2/m366/AQMDHPcdPUR_E2gu4tJgGGHbHXTKBIDqrqpM3n__iX-7x8kybKkmJcJGeKEQ-HBn_sBHmWCCa36cn7eCk_z4go0efSdivNS5mrEAREZ0cR_H5w.mp4?_nc_cat=108&_nc_oc=Adr10RFKQH7vIk8P18yI4myOaYoZsj0PiAKNcyxB6Mp85pKv_iHjAFAm09i7mFJyWwlgGJOfZrOhbo9el0w6sjkq&_nc_sid=b66105&_nc_ht=video.fjai6-1.fna.fbcdn.net&_nc_ohc=AsFupxvjcNYQ7kNvwEE3x_D&efg=eyJ2ZW5jb2RlX3RhZyI6Inhwdl9wcm9ncmVzc2l2ZS5WSV9VU0VDQVNFX1BST0RVQ1RfVFlQRS4uQzMuNzIwLmRhc2hfaDI2NC1iYXNpYy1nZW4yXzcyMHAiLCJ4cHZfYXNzZXRfaWQiOjk5NjQzNzAwNjUwNjg5NCwiYXNzZXRfYWdlX2RheXMiOjcsInZpX3VzZWNhc2VfaWQiOjEwMTM5LCJkdXJhdGlvbl9zIjo4NCwidXJsZ2VuX3NvdXJjZSI6Ind3dyJ9&ccb=17-1&vs=3ffff6788492287c&_nc_vs=HBksFQIYRWZiX2VwaGVtZXJhbC9DRjQ4NEQ2MEExNDQ3RjdERUQxOUU0MkQ2MEUwNUQ4N19tdF8xX3ZpZGVvX2Rhc2hpbml0Lm1wNBUAAsgBEgAVAhhAZmJfcGVybWFuZW50L0M0NDkzMDkzMzlFRUYzRDhBMEREQjIzOTRERDc3OEFBX2F1ZGlvX2Rhc2hpbml0Lm1wNBUCAsgBEgAoABgAGwKIB3VzZV9vaWwBMRJwcm9ncmVzc2l2ZV9yZWNpcGUBMRUAACac7oKdopDFAxUCKAJDMywXQFUQAAAAAAAYGWRhc2hfaDI2NC1iYXNpYy1nZW4yXzcyMHARAHUAZbaeAQA&_nc_gid=SCTI8UM0aCdIAzunOufcIw&_nc_ss=7b289&_nc_zt=28&oh=00_Af96zge1jJp9Z1frr3RcQDzqMcZW5SEVnBCf8DQPcPvJoQ&oe=6A39A8C8 | SD: https://video.fjai6-1.fna.fbcdn.net/o1/v/t2/f2/m412/AQOUTGWZ2ObvYeYea70MvBnPispwR68JXW7zM6dTGU-Rq6ed0ESIjhKrpRek206s4SOgMlUlvKeiTFJ7qg_qyZYD_cMl5I0j5RuFGGflNQ.mp4?_nc_cat=101&_nc_oc=AdqWDAvMR4RwVAFT2nHKRkQBS-fpD0tssxyWPybumaZ4IaMj5P6Mzp9R8Uw6eqyWJlCdksXmQyoCWOa6_KILuiv9&_nc_sid=ef5aa3&_nc_ht=video.fjai6-1.fna.fbcdn.net&_nc_ohc=YqnNjxOM_bUQ7kNvwELpR00&efg=eyJ2ZW5jb2RlX3RhZyI6Inhwdl9wcm9ncmVzc2l2ZS5WSV9VU0VDQVNFX1BST0RVQ1RfVFlQRS4uQzMuMzYwLnN2ZV9zZCIsInhwdl9hc3NldF9pZCI6OTk2NDM3MDA2NTA2ODk0LCJhc3NldF9hZ2VfZGF5cyI6NywidmlfdXNlY2FzZV9pZCI6MTAxMzksImR1cmF0aW9uX3MiOjg0LCJ1cmxnZW5fc291cmNlIjoid3d3In0%3D&ccb=17-1&_nc_gid=SCTI8UM0aCdIAzunOufcIw&_nc_ss=7b289&_nc_zt=28&oh=00_Af-uSPTnnbxYjMZ6Ivul68YNfXiKS_W-vHQ0yyx93q6N4Q&oe=6A399B39 | Preview: https://scontent.fjai6-1.fna.fbcdn.net/v/t39.35426-6/722296445_1807369696918418_4729564100026225406_n.jpg?_nc_cat=103&ccb=1-7&_nc_sid=c53f8f&_nc_ohc=-hgkJKpK3LUQ7kNvwHYjdlB&_nc_oc=AdpLTxKYhhMH786ca2h7fXnJ0YVujoMAuo4PWTRGpOOZynR_ikxbVIxn3eW3rDYb1UhnrEhA4lvjKlNGwhagHslr&_nc_zt=14&_nc_ht=scontent.fjai6-1.fna&_nc_gid=SCTI8UM0aCdIAzunOufcIw&_nc_ss=7b289&oh=00_Af8yIs7W7x_RbnvZmxqPqMZG56f3dqc1XzwIUfFPaDAj8A&oe=6A39AD6A,,,,,,,
1310287340771162,https://www.facebook.com/61573275011821/,,https://www.facebook.com/61573275011821/,,,,,+91 98954 05880,,,,1119588657897175,,Victoris Hyderabad,https://www.facebook.com/ads/library/?id=1310287340771162,"🚘 Experience the All-New Maruti Suzuki Victoris at Raheja Mind Space, HITEC City!

Join us on 18th June 2026 for an exclusive vehicle display and get up close with the stylish and feature-packed Maruti Suzuki Victoris.

📍 Venue: Raheja Mind Space, HITEC City
📅 Date: 18th June 2026

Explore its premium design, advanced features, and impressive performance firsthand.

✨ We warmly welcome you to visit the display and experience the Victoris like never before.",1,,,"FACEBOOK; INSTAGRAM; AUDIENCE_NETWORK; WHATSAPP; THREADS",2026-06-17,2026-06-17,,Original: https://scontent.fjai6-1.fna.fbcdn.net/v/t39.35426-6/726808458_1011018624659469_1763271976270807883_n.jpg?_nc_cat=100&ccb=1-7&_nc_sid=c53f8f&_nc_ohc=HZrbRP80IZ4Q7kNvwHC1lSd&_nc_oc=Adq5ovCpz_FpZRXGDfoCJ6DE8baenj09xqqae-VbwBWcCRHYat18mU2R4qXHHuZjQQfEmfM7GKXaI-IO4L8hgol1&_nc_zt=14&_nc_ht=scontent.fjai6-1.fna&_nc_gid=SCTI8UM0aCdIAzunOufcIw&_nc_ss=7b289&oh=00_Af-cRlgk6844BrM9xHEb5Swquo34-72u_TdWfTO2SUM91Q&oe=6A39B9B1 | Resized: https://scontent.fjai6-1.fna.fbcdn.net/v/t39.35426-6/726321503_1309675937962118_7542208903050201553_n.jpg?stp=dst-jpg_s600x600_tt6&_nc_cat=101&ccb=1-7&_nc_sid=c53f8f&_nc_ohc=if3Jmv2r14IQ7kNvwH-SiZ2&_nc_oc=Ado8HzHcRgjFhDC7PNpMRDUBz9YlYBotc_rGW41TMRfklBPO0Bl9A3jjGUSkFq8PIqAoeHC6XIpAyLWPtsywavL5&_nc_zt=14&_nc_ht=scontent.fjai6-1.fna&_nc_gid=SCTI8UM0aCdIAzunOufcIw&_nc_ss=7b289&oh=00_Af9a724goeFiKwWYnnap-gVvrA9hlebSCDL2ayWYKIQKxg&oe=6A39AFE5,,,,,,
1498623308637392,https://www.facebook.com/grandimperiagurgaon/,instagram.com,https://www.facebook.com/grandimperiagurgaon/,https://www.instagram.com/grandimperiaggn/,,,,+91 92051 51599,,,,103183792706378,https://www.instagram.com/grandimperiaggn/,"Grand Imperia Banquet, Gurugram",https://www.facebook.com/ads/library/?id=1498623308637392,"Step into timeless elegance at Grand Imperia ✨

From picture-perfect celebrations, we turn your special moments into unforgettable experiences.
Fill in your details and let us help you plan an event that’s nothing short of grand.

For Bookings: 092051 51599",823,Get quote,instagram.com,"FACEBOOK; INSTAGRAM; AUDIENCE_NETWORK; MESSENGER; THREADS",2026-05-04,2026-06-17,,Original: https://scontent.fjai6-1.fna.fbcdn.net/v/t39.35426-6/657153043_2753021341732012_2552870046804671024_n.jpg?_nc_cat=107&ccb=1-7&_nc_sid=c53f8f&_nc_ohc=iObyOK4ra4cQ7kNvwFCVwbC&_nc_oc=AdoN5aAyCtSSpaYH5ATGvVQbD_Io4B-bTx9FFQxqsro9ieNysAaM9Xp8MGfFp4RgK4q1F4Onz-W3O7pETxY3fRBO&_nc_zt=14&_nc_ht=scontent.fjai6-1.fna&_nc_gid=SCTI8UM0aCdIAzunOufcIw&_nc_ss=7b289&oh=00_Af-SEMQdHhDth5INlcGAE2G1UIoMd-WdF5yi1ejeYQblkA&oe=6A39AB46 | Resized: https://scontent.fjai6-1.fna.fbcdn.net/v/t39.35426-6/658141304_3491097824384644_6996630057278767899_n.jpg?stp=dst-jpg_s600x600_tt6&_nc_cat=100&ccb=1-7&_nc_sid=c53f8f&_nc_ohc=ppEcS03f-18Q7kNvwFuG_xB&_nc_oc=AdqCibLnXZAZ9P-51AICgRQNleRsHFkD4bVcU-inFOyZaBE66307X1IEN2NWsx3Hs3FKWUEa8d9BDg8-Z9CuhYjO&_nc_zt=14&_nc_ht=scontent.fjai6-1.fna&_nc_gid=SCTI8UM0aCdIAzunOufcIw&_nc_ss=7b289&oh=00_Af_8FJ3hYFqNq7Wg5qTtEJIKKz_137cwlK-o5DImliQLaQ&oe=6A3991A3,,,,,,
1668131990889846,https://www.facebook.com/61568377742137/,fb.me,https://www.facebook.com/61568377742137/,,,,,,,,,488065797719651,http://fb.me/,Luxury Homes ,https://www.facebook.com/ads/library/?id=1668131990889846,"• A rare address in Kharghar’s fastest-growing location 📍
• Opp. upcoming corporate park & Central Park
• High-rise living with unmatched connectivity
• 3 towers | G+40 | Premium lifestyle amenities
• Limited inventory starting ₹2.35 Cr
👉 Enquire now before prices rise",4,Get quote,fb.me,"FACEBOOK; INSTAGRAM",2026-05-07,2026-06-13,,Original: https://scontent.fjai6-1.fna.fbcdn.net/v/t39.35426-6/687841485_853398284449718_5613147457117630507_n.jpg?_nc_cat=111&ccb=1-7&_nc_sid=c53f8f&_nc_ohc=dVckGotKIvQQ7kNvwEwesoH&_nc_oc=AdqrPVAjYsSHs6xeP9HBMNxEE4PPmN88JpzrXw0sdtIPwmRUgEPktXwhrX4nthAFagg4MawCmMjnb7Km-ZQPD_Ei&_nc_zt=14&_nc_ht=scontent.fjai6-1.fna&_nc_gid=Z4cPKgcFJZv-hyS5DxWLpQ&_nc_ss=7b289&oh=00_Af-8iX1jD1cV9gkLfVXSM3u6sQs8aIbcu3tM7-0IHPR1Pw&oe=6A39BDA5 | Resized: https://scontent.fjai6-1.fna.fbcdn.net/v/t39.35426-6/685159340_985763667322636_5567170354044400178_n.jpg?stp=dst-jpg_s600x600_tt6&_nc_cat=111&ccb=1-7&_nc_sid=c53f8f&_nc_ohc=_G6xGwLkzFoQ7kNvwE59k51&_nc_oc=Adp_xJCANTVnq26-9EtJ1o2TH1IiLNJ8WehX40b6MQUKrtiNvUNYUlTnKZXXK_oheVMstilRSvBeQU8obaPHqxZF&_nc_zt=14&_nc_ht=scontent.fjai6-1.fna&_nc_gid=Z4cPKgcFJZv-hyS5DxWLpQ&_nc_ss=7b289&oh=00_Af9tukJAY51sxWEnfs0w7WBHmTOYBQFZC7A-N33ulgSNiQ&oe=6A39AB91,,,,,,
1447579480721666,https://www.facebook.com/eshancollege/,,https://www.facebook.com/eshancollege/,,,,helpdesk@eshancollege.com,+91 96392 34234,,,,1533383383593453,,Eshan Group Of Institutions,https://www.facebook.com/ads/library/?id=1447579480721666,"🌟 Admissions Open for B.Tech in Computer Science & Engineering (with AI ) at Eshan College of Engineering & Management ! 🌟

🚀 Why Choose Eshan College?
• Get a top-notch education with our AICTE-approved and AKTU-affiliated B.Tech in Computer Science & Engineering program.
• Learn from experienced faculty and gain hands-on experience in state-of-the-art labs.
• Advanced Certification in Gen AI
• Benefit from our dedicated Training & Placement Cell, ensuring excellent job opportunities and career support.

🔹 Limited Seats Available!

🔹 Our Programs:
• B.Tech in Computer Science & Engineering: Dive deep into the world of coding, artificial intelligence, algorithms, and cutting-edge technology.
• Other Courses We Offer: BBA, BCA, MBA, MCA, M.Tech, Polytechnic, and PG Diploma (1 Year).

🔹 Highlights:
• Accredited by NAAC
• Industry-driven advanced curriculum
• Value Added AI Certified Courses
• Excellent placement opportunities
• Modern infrastructure and resources

👉 Best Placements 👉 Industry Training 👉 Seminars by Experts 👉 Certified AI Training Programs 👉 Incubation Center

📅 Secure Your Future Today!
For details: 🌐 www.eshancollege.com 📞 9639234234, 8477088883
 📍 Campus: Eshan College of Engineering & Management, Agra-Mathura Road (NH-2) Near Raipura Jaat, Agra.
🎥✨Enroll Now and Take the First Step Towards a Successful Career in Engineering! 🎥✨",4006,Apply now,,"FACEBOOK; INSTAGRAM; AUDIENCE_NETWORK; MESSENGER",2026-06-15,2026-06-17,,Original: https://scontent.fjai6-1.fna.fbcdn.net/v/t39.35426-6/724252183_2283184949163360_1434281600479025006_n.jpg?_nc_cat=111&ccb=1-7&_nc_sid=c53f8f&_nc_ohc=ByiHqQebVBkQ7kNvwEUbSK6&_nc_oc=AdrLD9P9uV-Vk7KefumgIwE8KjHqLqmKmlosG6AaCBv1VfS-HvFvNNefG7I0cjGqdOMJzTBQ8X1cWiD_0Hq9TQTZ&_nc_zt=14&_nc_ht=scontent.fjai6-1.fna&_nc_gid=Z4cPKgcFJZv-hyS5DxWLpQ&_nc_ss=7b289&oh=00_Af9HycSOpge7CYzslcbDpdOS3eEHigdrDuw8GHP8BUXv2A&oe=6A39A882 | Resized: https://scontent.fjai6-1.fna.fbcdn.net/v/t39.35426-6/720057416_903178799462442_6699166127407278741_n.jpg?stp=dst-jpg_s600x600_tt6&_nc_cat=110&ccb=1-7&_nc_sid=c53f8f&_nc_ohc=Zz2_DlwBnCIQ7kNvwEVPqMP&_nc_oc=AdrNDR-qTejeFCGxIJ9irhXf-2TbRARCM3Xu-1JJFGBxaRGXyeZbH2sCTQQ1vxHZSuqSQYTXRsdtmNsaQ5dJYNZ1&_nc_zt=14&_nc_ht=scontent.fjai6-1.fna&_nc_gid=Z4cPKgcFJZv-hyS5DxWLpQ&_nc_ss=7b289&oh=00_Af8tw-iePzMFPilRYWfuMmI2YCk304apwbrf0HOQ5HYeyg&oe=6A39BC82,,,,,,
1007080931928286,https://www.facebook.com/eshancollege/,,https://www.facebook.com/eshancollege/,,,,helpdesk@eshancollege.com,+91 96392 34234,,,,1533383383593453,,Eshan Group Of Institutions,https://www.facebook.com/ads/library/?id=1007080931928286,"🎓 Admissions Open for MBA & MCA at Eshan College of Engineering & Management 🎓
🔹 Our Programs:
• MBA: Gain a solid foundation in business management and leadership with Digital Marketing AI Tools.
• MCA: Dive into the world of computer applications and IT with Gen AI.

🚀 Why Choose Eshan College?
• Industry-oriented, versatile degrees.
• Development of critical thinking and problem-solving skills.
• Comprehensive curriculum with practical exposure and holistic development.
• Hands-on experience through projects and internships.
• Development of both technical and soft skills.
• Excellent job placement opportunities.

🔹 Other Courses We Offer:
• B.Tech
• BBA
• BCA
• M.Tech
• Polytechnic

🔹 Highlights:
•  AICTE Approved & AKTU Affiliated
•  NAAC Accredited
•  Industry Interaction
•  AI Training Program
•  State-of-the-Art Facilities
•  Soft Skills Training
•  Entrepreneurial Development

🏫 Eshan College of Engineering & Management: Building Careers, Shaping Futures
📞 For more details visit our website: www.eshancollege.com 📞 Or call us at: 9639234234 / 8477088883
🎥 Enroll Now and Embark on Your Path to Success!",4006,Apply now,,"FACEBOOK; INSTAGRAM; AUDIENCE_NETWORK; MESSENGER",2026-06-15,2026-06-17,,Original: https://scontent.fjai6-1.fna.fbcdn.net/v/t39.35426-6/722305077_2108839226346012_6997869587181595136_n.jpg?_nc_cat=105&ccb=1-7&_nc_sid=c53f8f&_nc_ohc=pVRJZlTQntwQ7kNvwGJYnP7&_nc_oc=AdqjG0JlCQJTuCtvee_g3ExjL_fKyP-bKPZ6BJl_ls3Cy_0e5I9cd9WvedjGpV0s0r_y_XSlNvfo6z4NY3xZhptD&_nc_zt=14&_nc_ht=scontent.fjai6-1.fna&_nc_gid=Z4cPKgcFJZv-hyS5DxWLpQ&_nc_ss=7b289&oh=00_Af_To_TCn1gliryAEFMPwDREhCTfNwKROMTLQILapSZVOg&oe=6A39A9BF | Resized: https://scontent.fjai6-1.fna.fbcdn.net/v/t39.35426-6/720290463_2196451371139615_1037383057031818902_n.jpg?stp=dst-jpg_s600x600_tt6&_nc_cat=109&ccb=1-7&_nc_sid=c53f8f&_nc_ohc=Dl4iwGz5aDkQ7kNvwGXC6V8&_nc_oc=AdrMaSm4phyWHc_6FP7rVe4lDoO3-q96NZXgnxs8pRKNJnMm0zDd4UereB9dCD6ahbNxKJSct5qRtIbLyFcknkLR&_nc_zt=14&_nc_ht=scontent.fjai6-1.fna&_nc_gid=Z4cPKgcFJZv-hyS5DxWLpQ&_nc_ss=7b289&oh=00_Af9dLBeaAiw1JUsblz4NQn0c4wmL0gYg2MSR8JgHQLYSkQ&oe=6A399CFE,,,,,,
1048670970818099,https://www.facebook.com/61589942254075/,fb.me,https://www.facebook.com/61589942254075/,,,,,,,,,1100488556483525,http://fb.me/,QA Riverfront,https://www.facebook.com/ads/library/?id=1048670970818099,"Project Highlights🚦
♦️4 acres land parcel 
♦️11 & 14story 5 towers 
♦️Spacious 1BHK & 2BHK homes
♦️Gated Community
♦️Exclusive separate towers of  1 & 2 bhk 
♦️5 minutes from the Pendhar & Pethali Metro Station
♦️20/25 minutes from upcoming Navi Mumbai International Airport
♦️10 minutes from the proposed Corporate Park & Business District
♦️20 minutes from Shilphata Junction",,Get quote,fb.me,"FACEBOOK; INSTAGRAM; AUDIENCE_NETWORK",2026-06-13,2026-06-18,HD: https://video.fjai6-1.fna.fbcdn.net/o1/v/t2/f2/m366/AQNjVkxh0eed3Z2Uhl3KNmPIp6BT-NC_afe93r9BLdYU5wF8y29L4ryG-pqlrwglWx-h4bYTJEsi7J2wLjDNMQf_jc8lzNG_PJkRD9e4Cz6buQ.mp4?_nc_cat=103&_nc_oc=AdocMglcDb6gYwQVt6S_BJ3vAqVmqB_YAomyTzz_UwwGgqS4UyZbm8donzIhoT1OLZjF9O4DknKoOgQ5URKxgryq&_nc_sid=b66105&_nc_ht=video.fjai6-1.fna.fbcdn.net&_nc_ohc=NuSSuOa6IOoQ7kNvwHiO7YV&efg=eyJ2ZW5jb2RlX3RhZyI6Inhwdl9wcm9ncmVzc2l2ZS5WSV9VU0VDQVNFX1BST0RVQ1RfVFlQRS4uQzMuNzIwLmRhc2hfaDI2NC1iYXNpYy1nZW4yXzcyMHAiLCJ4cHZfYXNzZXRfaWQiOjk2ODg4MzUzOTEwMzA5OSwiYXNzZXRfYWdlX2RheXMiOjI4LCJ2aV91c2VjYXNlX2lkIjoxMDc5OSwiZHVyYXRpb25fcyI6OSwidXJsZ2VuX3NvdXJjZSI6Ind3dyJ9&ccb=17-1&vs=fb3aed3ddce33e7f&_nc_vs=HBkcFQIYRWZiX2VwaGVtZXJhbC9DMzQwMkU2N0Q3NkREMjI4MTFFOTJBRkYyQUUzMDRBQl9tdF8xX3ZpZGVvX2Rhc2hpbml0Lm1wNBUAAsgBEgAoABgAGwKIB3VzZV9vaWwBMRJwcm9ncmVzc2l2ZV9yZWNpcGUBMRUAACb2teryuMy4AxUCKAJDMywXQCPul41P3zsYGWRhc2hfaDI2NC1iYXNpYy1nZW4yXzcyMHARAHUAZd6oAQA&_nc_gid=Yt9Zeg2O8AmQ5Dcew8EABA&_nc_ss=7b289&_nc_zt=28&oh=00_Af8NAZB1wU0Hgq2a8LHpwufXFsie59l1JVwZUNcQxtOnXg&oe=6A39B661 | SD: https://video.fjai6-1.fna.fbcdn.net/o1/v/t2/f2/m412/AQOk5LGp9b5mkuIUMArz360l9lhGcU_RaHnpUuE_sU1z1STe7zhJIQA0k3g9ygkIeA_s0Feg6DoEWyRZf4nNbmPHQ_3vIQk4iseU-MyDfg.mp4?_nc_cat=102&_nc_oc=Ador4K-xO-JfIUZVtM-WK3a9GQ67swwUY__PZlu_JAb6wMha_f7RLVO7wyLXYquN8HAbtQKW3BRdl327eQWuno5h&_nc_sid=ef5aa3&_nc_ht=video.fjai6-1.fna.fbcdn.net&_nc_ohc=jGHs2BZ4m0MQ7kNvwGfu0Uk&efg=eyJ2ZW5jb2RlX3RhZyI6Inhwdl9wcm9ncmVzc2l2ZS5WSV9VU0VDQVNFX1BST0RVQ1RfVFlQRS4uQzMuMzYwLnN2ZV9zZCIsInhwdl9hc3NldF9pZCI6OTY4ODgzNTM5MTAzMDk5LCJhc3NldF9hZ2VfZGF5cyI6MjgsInZpX3VzZWNhc2VfaWQiOjEwNzk5LCJkdXJhdGlvbl9zIjo5LCJ1cmxnZW5fc291cmNlIjoid3d3In0%3D&ccb=17-1&_nc_gid=Yt9Zeg2O8AmQ5Dcew8EABA&_nc_ss=7b289&_nc_zt=28&oh=00_Af93NLD-vg9QmDAyw4AUVb0nK2s0ozzODZeLfNf5WaKJdg&oe=6A398838 | Preview: https://scontent.fjai6-1.fna.fbcdn.net/v/t39.35426-6/703504822_1397658582405366_8062479409329829203_n.jpg?_nc_cat=103&ccb=1-7&_nc_sid=c53f8f&_nc_ohc=cecormXRmCcQ7kNvwHtlY-j&_nc_oc=AdrrirORXFBsQwLzNL4b3DoeqDo85ZWpPY1HvNGRxm-c1ZIneQ-BMEjPBOQJgV5krdts0dQdm7WeBvDOCkov6PI-&_nc_zt=14&_nc_ht=scontent.fjai6-1.fna&_nc_gid=Yt9Zeg2O8AmQ5Dcew8EABA&_nc_ss=7b289&oh=00_Af9WICI6Ttgb4zb8PqXT_8GlofRmoqXuehZzkLCN9a-XDw&oe=6A39923F,,,,,,,
1095979955122780,https://www.facebook.com/executivespaces/,fb.me,https://www.facebook.com/executivespaces/,,,,support@executivespaces.in,,,,,350047622584997,http://fb.me/,Executive Spaces,https://www.facebook.com/ads/library/?id=1095979955122780,"🚀 Unlock Your Potential! 🚀
Attention all freelancers, remote workers, entrepreneurs, and startups! Are you tired of searching for the perfect workspace? Look no further! Our coworking spaces in prime Andheri East, Malad East, and Goregaon East locations offer more than just a desk. Experience productivity at its finest with free amenities, including private cabins, meeting rooms, and conference facilities.

Say goodbye to distractions and hello to success! Our spaces are designed to fuel your creativity and boost your productivity. Whether you work solo or collaborate with a team, we've got you covered.

Ready to take your business to the next level? Join us today and discover the difference a premium coworking space can make. Don't miss out! Book your tour now.

👩‍💼𝐄𝐱𝐞𝐜𝐮𝐭𝐢𝐯𝐞 𝐒𝐩𝐚𝐜𝐞 𝐏𝐫𝐨𝐯𝐢𝐝𝐞👨‍💼
✅ 𝐌𝐞𝐞𝐭𝐢𝐧𝐠 𝐑𝐨𝐨𝐦
✅ 𝐃𝐞𝐝𝐢𝐜𝐚𝐭𝐞𝐝 𝐝𝐞𝐬𝐤
✅ 𝐕𝐢𝐫𝐭𝐮𝐚𝐥 𝐨𝐟𝐟𝐢𝐜𝐞𝐬
✅𝐂𝐨𝐧𝐟𝐞𝐫𝐞𝐧𝐜𝐞 𝐑𝐨𝐨𝐦
✅ 𝐏𝐫𝐢𝐯𝐚𝐭𝐞 𝐂𝐚𝐛𝐢𝐧

Feel Free to
Call or WhatsApp us - +91 90220 76787 / +91 88792 22998

Yes, This 📍prime location is near to you📌📍
🚆10 Minutes Walk from Andheri Railway Station
🚄  2 Minutes Walk from Western Express Highway / Metro Station

Free to Visit Now
Lotus Corporate Park, Goregaon East
Rustomjee Central Park, Andheri East
Shah Trade Center, Malad East
Chandak Chambers, Andheri East

Schedule Free Demo 🌟 #Coworking #Productivity #Entrepreneurship",1469,Get offer,fb.me,"FACEBOOK; INSTAGRAM",2026-06-07,2026-06-17,SD: https://video.fjai6-1.fna.fbcdn.net/o1/v/t2/f2/m412/AQM9v1y99dl8j83540psB7F87jZCCa5NFRhXnnvcWLZMbK8EQouhF0qmp0Gsmkyor2FqT_hnqZluYblOKIWjpsJo.mp4?_nc_cat=106&_nc_oc=AdqCnpAOc6VuGwOOF8BQ5902oLiszvQHsMu5D7KLrMf0eODRNxYyzaxhnHfg6yI-fBcyAuB__G4yUq6l893Q6JmA&_nc_sid=ef5aa3&_nc_ht=video.fjai6-1.fna.fbcdn.net&_nc_ohc=5v_ipG2JRSkQ7kNvwE9Kuro&efg=eyJ2ZW5jb2RlX3RhZyI6Inhwdl9wcm9ncmVzc2l2ZS5WSV9VU0VDQVNFX1BST0RVQ1RfVFlQRS4uQzMuMzYwLmFzaWNfaHExX3NkX3Byb2dyZXNzaXZlIiwieHB2X2Fzc2V0X2lkIjoxNzM1MzE4NDA3MTIyNTAyLCJhc3NldF9hZ2VfZGF5cyI6MjIyLCJ2aV91c2VjYXNlX2lkIjoxMDY4MCwiZHVyYXRpb25fcyI6NDIsInVybGdlbl9zb3VyY2UiOiJ3d3cifQ%3D%3D&ccb=17-1&_nc_gid=Yt9Zeg2O8AmQ5Dcew8EABA&_nc_ss=7b289&_nc_zt=28&oh=00_Af-TMPe7RSlyq-EvwyL0lbhrfjFNOT1LtABsllAtkZ5SeQ&oe=6A399C3F | Preview: https://scontent.fjai6-1.fna.fbcdn.net/v/t39.35426-6/469908253_565973279485674_6162142614350482777_n.jpg?_nc_cat=111&ccb=1-7&_nc_sid=c53f8f&_nc_ohc=X9LYeuobK7QQ7kNvwFSZKzd&_nc_oc=AdpEv_mrOyIRveinPWZheS7LAojhXqcjEb0W-yt3Qgouy2dnebcwN4KlQwEVRPO7yFKbFk4mlNdQbixk3bKog3Us&_nc_zt=14&_nc_ht=scontent.fjai6-1.fna&_nc_gid=Yt9Zeg2O8AmQ5Dcew8EABA&_nc_ss=7b289&oh=00_Af8-HoVe-mOySPVKUXMZMNav1PCSOUbjPKzlaS-SkT-YZg&oe=6A39AEC5,,,,,,,
1586791313002918,https://www.facebook.com/61590907611874/,fb.me,https://www.facebook.com/61590907611874/,,,,,+91 98926 51603,,,,1087838031089237,http://fb.me/,Raheja District,https://www.facebook.com/ads/library/?id=1586791313002918,"Launching Raheja Atlantis in Raheja District Vashi NX crafted for Life Beyond Ordinary. Discover Ultra Spacious 3 BHK Homes
✅ Luxury 3 BHK Homes of 1405 SQ.FT. from 4.99 Cr*
✅ Upscale Residences | Business Centers | Retail Boardwalk | Raheja District Arena
✅ Upcoming J W Marriot in the Neighbourhood | BKC 2 at Navi Mumbai Corporate Park | Metro Expansion Space ready
✅ Clubhouse | Gym | Entrance Lobby | Multipurpose Court | Jacuzzi
✅ Connectivity - Atal Setu | Navi Mumbai International Airport | Kharghar-Turbhe Tunnel Link Road
✅ Raheja Atlantis-MahaRERA Registration no. - PM1330002501097",1,Learn more,fb.me,"FACEBOOK; INSTAGRAM",2026-06-09,2026-06-17,,,"Launching Raheja Atlantis in Raheja District Vashi NX crafted for Life Beyond Ordinary. Discover Ultra Spacious 3 BHK Homes
✅ Luxury 3 BHK Homes of 1405 SQ.FT. from 4.99 Cr*
✅ Upscale Residences | Business Centers | Retail Boardwalk | Raheja District Arena
✅ Upcoming J W Marriot in the Neighbourhood | BKC 2 at Navi Mumbai Corporate Park | Metro Expansion Space ready
✅ Clubhouse | Gym | Entrance Lobby | Multipurpose Court | Jacuzzi
✅ Connectivity - Atal Setu | Navi Mumbai International Airport | Kharghar-Turbhe Tunnel Link Road
✅ Raheja Atlantis-MahaRERA Registration no. - PM1330002501097 || Launching Raheja Atlantis in Raheja District Vashi NX crafted for Life Beyond Ordinary. Discover Ultra Spacious 3 BHK Homes
✅ Luxury 3 BHK Homes of 1405 SQ.FT. from 4.99 Cr*
✅ Upscale Residences | Business Centers | Retail Boardwalk | Raheja District Arena
✅ Upcoming J W Marriot in the Neighbourhood | BKC 2 at Navi Mumbai Corporate Park | Metro Expansion Space ready
✅ Clubhouse | Gym | Entrance Lobby | Multipurpose Court | Jacuzzi
✅ Connectivity - Atal Setu | Navi Mumbai International Airport | Kharghar-Turbhe Tunnel Link Road
✅ Raheja Atlantis-MahaRERA Registration no. - PM1330002501097 || Launching Raheja Atlantis in Raheja District Vashi NX crafted for Life Beyond Ordinary. Discover Ultra Spacious 3 BHK Homes
✅ Luxury 3 BHK Homes of 1405 SQ.FT. from 4.99 Cr*
✅ Upscale Residences | Business Centers | Retail Boardwalk | Raheja District Arena
✅ Upcoming J W Marriot in the Neighbourhood | BKC 2 at Navi Mumbai Corporate Park | Metro Expansion Space ready
✅ Clubhouse | Gym | Entrance Lobby | Multipurpose Court | Jacuzzi
✅ Connectivity - Atal Setu | Navi Mumbai International Airport | Kharghar-Turbhe Tunnel Link Road
✅ Raheja Atlantis-MahaRERA Registration no. - PM1330002501097 || Launching Raheja Atlantis in Raheja District Vashi NX crafted for Life Beyond Ordinary. Discover Ultra Spacious 3 BHK Homes
✅ Luxury 3 BHK Homes of 1405 SQ.FT. from 4.99 Cr*
✅ Upscale Residences | Business Centers | Retail Boardwalk | Raheja District Arena
✅ Upcoming J W Marriot in the Neighbourhood | BKC 2 at Navi Mumbai Corporate Park | Metro Expansion Space ready
✅ Clubhouse | Gym | Entrance Lobby | Multipurpose Court | Jacuzzi
✅ Connectivity - Atal Setu | Navi Mumbai International Airport | Kharghar-Turbhe Tunnel Link Road
✅ Raheja Atlantis-MahaRERA Registration no. - PM1330002501097 || Launching Raheja Atlantis in Raheja District Vashi NX crafted for Life Beyond Ordinary. Discover Ultra Spacious 3 BHK Homes
✅ Luxury 3 BHK Homes of 1405 SQ.FT. from 4.99 Cr*
✅ Upscale Residences | Business Centers | Retail Boardwalk | Raheja District Arena
✅ Upcoming J W Marriot in the Neighbourhood | BKC 2 at Navi Mumbai Corporate Park | Metro Expansion Space ready
✅ Clubhouse | Gym | Entrance Lobby | Multipurpose Court | Jacuzzi
✅ Connectivity - Atal Setu | Navi Mumbai International Airport | Kharghar-Turbhe Tunnel Link Road
✅ Raheja Atlantis-MahaRERA Registration no. - PM1330002501097",http://fb.me/ || http://fb.me/ || http://fb.me/ || http://fb.me/ || http://fb.me/,,Learn More || Learn More || Learn More || Learn More || Learn More,Original: https://scontent.fjai6-1.fna.fbcdn.net/v/t39.35426-6/720573596_1039863665357154_4319221992599416782_n.jpg?_nc_cat=103&ccb=1-7&_nc_sid=c53f8f&_nc_ohc=Sn65yfySoEEQ7kNvwGtoLI0&_nc_oc=AdrW38obji7A4USHKZvOdEd3nQCqn8Rurat_uUwcnmbYDZK6JwM_bk8EG1w5XWy86oKFWLHrZB1KaxHdSDV8hbNF&_nc_zt=14&_nc_ht=scontent.fjai6-1.fna&_nc_gid=Yt9Zeg2O8AmQ5Dcew8EABA&_nc_ss=7b289&oh=00_Af8SuwBv-JtAxdVtjcotNlQZqhk7uQRgUqFSjt2qZ4FYFQ&oe=6A3988A5 | Resized: https://scontent.fjai6-1.fna.fbcdn.net/v/t39.35426-6/720624902_1976683946291504_1730130778810173190_n.jpg?stp=dst-jpg_s600x600_tt6&_nc_cat=109&ccb=1-7&_nc_sid=c53f8f&_nc_ohc=OomlarvaZhgQ7kNvwGdXfhl&_nc_oc=AdoYR7sjwJJ8XH7JjMYvvbUYMBk-WLHPNOuCbdDy07APMObVPkIpJp6ar3fO2sjrA3-lp83gpjMrWVSt0HZlaxMp&_nc_zt=14&_nc_ht=scontent.fjai6-1.fna&_nc_gid=Yt9Zeg2O8AmQ5Dcew8EABA&_nc_ss=7b289&oh=00_Af_mcPc0bGECy1Up2uVsAFaYCjHqqDkqxL53MAT1jkY-DA&oe=6A39ADF0 || Original: https://scontent.fjai6-1.fna.fbcdn.net/v/t39.35426-6/721135943_4457915671202846_2554426777982711093_n.jpg?_nc_cat=101&ccb=1-7&_nc_sid=c53f8f&_nc_ohc=-nfwyt7Sw0EQ7kNvwFISZ_A&_nc_oc=Adpn_DlchqcseQ_Fn5c3hFYxhInvSbIIG_hEYeXSVzRPKGnLznTmGpDaXgxjcSElezMVXOqCkeBwSVObRcHJKoKd&_nc_zt=14&_nc_ht=scontent.fjai6-1.fna&_nc_gid=Yt9Zeg2O8AmQ5Dcew8EABA&_nc_ss=7b289&oh=00_Af9Am8TtOYJP8XoJB2UHnc3MG84vjES0BNeKnyjekvQlVw&oe=6A39AB61 | Resized: https://scontent.fjai6-1.fna.fbcdn.net/v/t39.35426-6/720636338_1502229864282928_2733928358890415155_n.jpg?stp=dst-jpg_s600x600_tt6&_nc_cat=100&ccb=1-7&_nc_sid=c53f8f&_nc_ohc=Iu6yDYNc7VEQ7kNvwFKn2iv&_nc_oc=Adpavz4YSKrAtYouDlpRDVayZSv_-2aiqh3SMNjTxRO3x2GncpJaY-RiDSm8oOjx3ZR5ii6aOrjpOEgguWSLD3DN&_nc_zt=14&_nc_ht=scontent.fjai6-1.fna&_nc_gid=Yt9Zeg2O8AmQ5Dcew8EABA&_nc_ss=7b289&oh=00_Af9HDaZv3vHNsn5Psu3zhQor_H2Qs9GuNAt6aa747hSMGQ&oe=6A39AC93 || Original: https://scontent.fjai6-1.fna.fbcdn.net/v/t39.35426-6/719150809_1364678302390280_7087910085826793174_n.jpg?_nc_cat=110&ccb=1-7&_nc_sid=c53f8f&_nc_ohc=SDdzJS2ChI4Q7kNvwEVD2Kj&_nc_oc=AdrKOA6YZ2u5ujqwbyq23lMTT_uDAfVo9pxDNOEVrO1pXtZoJihpcyr2wsTdWkSASYVRPoQ123yhgqj4dL8-ajv9&_nc_zt=14&_nc_ht=scontent.fjai6-1.fna&_nc_gid=Yt9Zeg2O8AmQ5Dcew8EABA&_nc_ss=7b289&oh=00_Af84ctHbZZCqLMZ45HBE1cPLgD-i2vOammNC8PB6uiYoQA&oe=6A39B53B | Resized: https://scontent.fjai6-1.fna.fbcdn.net/v/t39.35426-6/720634670_1714003013243019_8625853800886297626_n.jpg?stp=dst-jpg_s600x600_tt6&_nc_cat=110&ccb=1-7&_nc_sid=c53f8f&_nc_ohc=Q7yby1L9VrUQ7kNvwGn636D&_nc_oc=AdrPI73l1bUdruflbpsb9WTJIcaWwkYA6f79hI7ftLVCDgkyY9ENzfKOAMds55D4qxo2zdH0Xn97cnX48160uPzu&_nc_zt=14&_nc_ht=scontent.fjai6-1.fna&_nc_gid=Yt9Zeg2O8AmQ5Dcew8EABA&_nc_ss=7b289&oh=00_Af_H4TMK20dU_GwMFJ_V-F8yxivnwhdFVGG_Ei3QYMD3_w&oe=6A39B0FA || Original: https://scontent.fjai6-1.fna.fbcdn.net/v/t39.35426-6/719789631_2242969969441414_665850039410838992_n.jpg?_nc_cat=111&ccb=1-7&_nc_sid=c53f8f&_nc_ohc=BUdSIqFz43UQ7kNvwGKgPtF&_nc_oc=AdquVfy71uD6H3WpSzXQzeYaqHWjPoZ1ApCxvaFbyQFvFHAmMz_aUdrdEl1WXZZLht_dLrxjnqoC0Xc5JFEBY28o&_nc_zt=14&_nc_ht=scontent.fjai6-1.fna&_nc_gid=Yt9Zeg2O8AmQ5Dcew8EABA&_nc_ss=7b289&oh=00_Af-3nEGqAIVrMJcVxgol7ge4XasX1W8CTxHFVy0c5EPuZA&oe=6A39A808 | Resized: https://scontent.fjai6-1.fna.fbcdn.net/v/t39.35426-6/718014500_1473124160792795_9157968493034025236_n.jpg?stp=dst-jpg_s600x600_tt6&_nc_cat=100&ccb=1-7&_nc_sid=c53f8f&_nc_ohc=6FcrcJ8q4eAQ7kNvwHTUeWb&_nc_oc=Adq9Dfn8vHA77BC2ZK8ixqe_xxCOZYcq5Ad1o47vK9A2RZn1mjNVPNlNYetTu_NnprtjniiWDl54GKjW4rFJI8qy&_nc_zt=14&_nc_ht=scontent.fjai6-1.fna&_nc_gid=Yt9Zeg2O8AmQ5Dcew8EABA&_nc_ss=7b289&oh=00_Af_j9NFjgcrkrdiQgND7vCQJZjMAiuMZXzszEhr3ux3dmw&oe=6A39A0D8 || Original: https://scontent.fjai6-1.fna.fbcdn.net/v/t39.35426-6/720509461_2321465378383468_1748922696176166333_n.jpg?_nc_cat=107&ccb=1-7&_nc_sid=c53f8f&_nc_ohc=tFu9Ks3rrPkQ7kNvwGO8vND&_nc_oc=AdoKJh_N-8D4i6lUiOIcbYMPxWHMhEBW1_pBlpzSs3kBf2mOgxCRCo9yRcj1ntMLRUiohyDzHSe5nwB7iGOfQ8hm&_nc_zt=14&_nc_ht=scontent.fjai6-1.fna&_nc_gid=Yt9Zeg2O8AmQ5Dcew8EABA&_nc_ss=7b289&oh=00_Af-3098U47v7LkI3RIsm0cOmwfPd-ZZeIuIi1PzdAoDSzg&oe=6A398DE0 | Resized: https://scontent.fjai6-1.fna.fbcdn.net/v/t39.35426-6/720571906_966595379583722_817706433959976691_n.jpg?stp=dst-jpg_s600x600_tt6&_nc_cat=105&ccb=1-7&_nc_sid=c53f8f&_nc_ohc=F2cuzk_8MRQQ7kNvwE0V-Qw&_nc_oc=Adpm_t-LEfrAxdbNlksDq3JQ4glkAAiLlsT-riyPyf3PkTKCwWxhJprOv1DYcLXbrPAEkcK6fgc898rABe-oipCh&_nc_zt=14&_nc_ht=scontent.fjai6-1.fna&_nc_gid=Yt9Zeg2O8AmQ5Dcew8EABA&_nc_ss=7b289&oh=00_Af_Vs4gqM8e42IBvce1gsUlegI3RxrsmbxXSsGNg4ai4UA&oe=6A39BB0C,
1690496888815885,https://www.facebook.com/ArihantSupersrtucturesLtd/,fb.me,https://www.facebook.com/ArihantSupersrtucturesLtd/,,,,info@asl.net.in,+91 22 6857 2222,,,,102197561557550,http://fb.me/,Arihant Superstructures ltd,https://www.facebook.com/ads/library/?id=1690496888815885,"Ready to Move in Homes - Experience premium living at Arihant Clan Aalishan, Kharghar Annexe — thoughtfully designed Lavish 2 BHK – Office Homes Starting ₹1.50 Cr+* Ready-to-Move-In homes with spacious layouts and modern lifestyle amenities.

Why Choose Aalishan?

 Pay Less & Get More  
 Ready Possession 
 Premium Lifestyle with Excellent Connectivity

 Prime Connectivity:

 NH48 Highway – 1 Min
 Amandoot Metro Station – 5 Mins
 Navi Mumbai International Airport – 20 Mins
 Corporate Park – 10 Mins
 Top Hospitals Nearby
 Central Park & Golf Course Within Reach
 
Upgrade Your Lifestyle with Spacious Premium Homes in the Heart of Kharghar Annexe.
 
Book Your Site Visit Today!",25912,Learn more,fb.me,"FACEBOOK; INSTAGRAM; AUDIENCE_NETWORK",2026-06-05,2026-06-18,HD: https://video.fjai6-1.fna.fbcdn.net/o1/v/t2/f2/m366/AQPND_yNrxmENtTY7YPRt19WdVuIvxZ-wC-jM7LrGZlD843c4Uy-yqIgAirb2-MBap0i5__k4XSIzeD0peaMPJyxi1iJmQmGPcEG6VIEhZPSoQ.mp4?_nc_cat=110&_nc_oc=Adol456q9vdzmdPRT6zjxu9scvv_o19sSbtmh1DczCTlXTMVyMm6cvPgk-aYIVJl3hfjP8jP6SXkx2ZSjUFdrsDE&_nc_sid=b66105&_nc_ht=video.fjai6-1.fna.fbcdn.net&_nc_ohc=0r8c8GOv0rsQ7kNvwGid81H&efg=eyJ2ZW5jb2RlX3RhZyI6Inhwdl9wcm9ncmVzc2l2ZS5WSV9VU0VDQVNFX1BST0RVQ1RfVFlQRS4uQzMuNzIwLmRhc2hfaDI2NC1iYXNpYy1nZW4yXzcyMHAiLCJ4cHZfYXNzZXRfaWQiOjE0OTAxNTI5MTYxMTE3ODksImFzc2V0X2FnZV9kYXlzIjoyNSwidmlfdXNlY2FzZV9pZCI6MTAxMzksImR1cmF0aW9uX3MiOjEyLCJ1cmxnZW5fc291cmNlIjoid3d3In0%3D&ccb=17-1&vs=d0d87fd3953b18ac&_nc_vs=HBksFQIYRWZiX2VwaGVtZXJhbC81NTQ3RjQzQkQxNDU0RjVBMjhGMUE2RjU4ODA2RkI5NV9tdF8xX3ZpZGVvX2Rhc2hpbml0Lm1wNBUAAsgBEgAVAhhAZmJfcGVybWFuZW50LzVDNDFCNUYxRkY2QkFFOTg0NkE1ODQ0QUZBMzM3M0FBX2F1ZGlvX2Rhc2hpbml0Lm1wNBUCAsgBEgAoABgAGwKIB3VzZV9vaWwBMRJwcm9ncmVzc2l2ZV9yZWNpcGUBMRUAACbaxs6zqNKlBRUCKAJDMywXQCnul41P3zsYGWRhc2hfaDI2NC1iYXNpYy1nZW4yXzcyMHARAHUAZbaeAQA&_nc_gid=Yt9Zeg2O8AmQ5Dcew8EABA&_nc_ss=7b289&_nc_zt=28&oh=00_Af_UIBQJe0TyE3p7BDfYNF01m0j3w-XAgjCVkiqMpvk-3A&oe=6A39862A | SD: https://video.fjai6-1.fna.fbcdn.net/o1/v/t2/f2/m412/AQM6YgzTJL5XQoXrBkD1zpCQrK2AoMAlOwlxWA5VqjaDStw4Ox1I7RiqHclWeximAVgdNolZ9-jgfzH-9Tq-hA7RXRo25CvYdUFDq78qRw.mp4?_nc_cat=106&_nc_oc=AdpQRdAHjeyk1YUBTCMu6W6MJ9HVgG_5xjPso1fzRnSu494Pf0JXfALK1n3A3ntdmvWUDHBl47KJ7PW7iKepgzeS&_nc_sid=ef5aa3&_nc_ht=video.fjai6-1.fna.fbcdn.net&_nc_ohc=cRvJkJdCljMQ7kNvwE0flyc&efg=eyJ2ZW5jb2RlX3RhZyI6Inhwdl9wcm9ncmVzc2l2ZS5WSV9VU0VDQVNFX1BST0RVQ1RfVFlQRS4uQzMuMzYwLnN2ZV9zZCIsInhwdl9hc3NldF9pZCI6MTQ5MDE1MjkxNjExMTc4OSwiYXNzZXRfYWdlX2RheXMiOjI1LCJ2aV91c2VjYXNlX2lkIjoxMDEzOSwiZHVyYXRpb25fcyI6MTIsInVybGdlbl9zb3VyY2UiOiJ3d3cifQ%3D%3D&ccb=17-1&_nc_gid=Yt9Zeg2O8AmQ5Dcew8EABA&_nc_ss=7b289&_nc_zt=28&oh=00_Af_giXDYoWnLKEbYliOL5FiAsyJH2nZPfq2J9sOo_s1rVQ&oe=6A399E28 | Preview: https://scontent.fjai6-1.fna.fbcdn.net/v/t39.35426-6/711905796_1273826781499329_1952000346990525084_n.jpg?_nc_cat=109&ccb=1-7&_nc_sid=c53f8f&_nc_ohc=pyR_YL9fSmAQ7kNvwFUsZzE&_nc_oc=AdoGKN29oxXAQkqsVAwOuzV97mT9zEjo8RQd-jT_AFVTIOsH1shhnDTk1GN9lFm2oJURYsZAaBeEEOnTq9iihTmH&_nc_zt=14&_nc_ht=scontent.fjai6-1.fna&_nc_gid=Yt9Zeg2O8AmQ5Dcew8EABA&_nc_ss=7b289&oh=00_Af8Fi3KVzYWUdQ2IcXbSewqMzzS6rCxqggTp5MZin0VAHQ&oe=6A3986F0,,,,,,,
869597679000999,https://www.facebook.com/ArihantSupersrtucturesLtd/,fb.me,https://www.facebook.com/ArihantSupersrtucturesLtd/,,,,info@asl.net.in,+91 22 6857 2222,,,,102197561557550,http://fb.me/,Arihant Superstructures ltd,https://www.facebook.com/ads/library/?id=869597679000999,"Bigger Carpet Area, Smaller Price Tag!

Experience premium living at Arihant Clan Aalishan, Kharghar Annexe — thoughtfully designed Lavish 2 BHK – Office Homes Starting ₹1.50 Cr+* Ready-to-Move-In homes with spacious layouts and modern lifestyle amenities.

Why Choose Aalishan?

 Pay Less & Get More  
 Ready Possession 
 Premium Lifestyle with Excellent Connectivity

 Prime Connectivity:

 NH48 Highway – 1 Min
 Amandoot Metro Station – 5 Mins
 Navi Mumbai International Airport – 20 Mins
 Corporate Park – 10 Mins
 Top Hospitals Nearby
 Central Park & Golf Course Within Reach
 
Upgrade Your Lifestyle with Spacious Premium Homes in the Heart of Kharghar Annexe.
 
Book Your Site Visit Today!",25912,Learn more,fb.me,"FACEBOOK; INSTAGRAM; AUDIENCE_NETWORK",2026-06-05,2026-06-18,,Original: https://scontent.fjai6-1.fna.fbcdn.net/v/t39.35426-6/701663892_4633126036955767_2709796327204554737_n.jpg?_nc_cat=107&ccb=1-7&_nc_sid=c53f8f&_nc_ohc=y182Psw9Dy4Q7kNvwEIIRoV&_nc_oc=AdpJ4IAuyj6CDdHfvQGmii1a0rNLVBV2iA1JgDaL54oR6QvX1QXKWf_Or8Yy7EEjZZR8jT4DeUNcs9CuxmsBnPXH&_nc_zt=14&_nc_ht=scontent.fjai6-1.fna&_nc_gid=Yt9Zeg2O8AmQ5Dcew8EABA&_nc_ss=7b289&oh=00_Af9oFe5hMe1fD4s-hjutEfl3G9V0EeTNEaQQWOiDzV_UKQ&oe=6A39A310 | Resized: https://scontent.fjai6-1.fna.fbcdn.net/v/t39.35426-6/702637890_1302816941820990_8604350982166554175_n.jpg?stp=dst-jpg_s600x600_tt6&_nc_cat=111&ccb=1-7&_nc_sid=c53f8f&_nc_ohc=qVdAW-xsf-QQ7kNvwGI6s-c&_nc_oc=AdqMixifx6YfHyADqyZIAcT35ejEkr8Io0AgcM-aR33v6DWsnoijwoCvHuwAXFCxHNmYOaaVo-KygicZrdzgeZYN&_nc_zt=14&_nc_ht=scontent.fjai6-1.fna&_nc_gid=Yt9Zeg2O8AmQ5Dcew8EABA&_nc_ss=7b289&oh=00_Af9G8mDe-kkFGWHk5Zy0wqH7_yVoIXLh-enyiaDdOVbDMA&oe=6A399B52,,,,,,
991163560311047,https://www.facebook.com/61569211456591/,fb.me,https://www.facebook.com/61569211456591/,,,,moh_goe@yahoo.com,+91 98112 02686,,,,429844853556839,http://fb.me/,Msquareinvestments,https://www.facebook.com/ads/library/?id=991163560311047,"Looking for a workspace that reflects your business ambitions?

Cyber Square offers thoughtfully planned office spaces designed for modern businesses. With flexible office sizes, premium infrastructure, and a strategic location, it's an opportunity to establish your presence in a thriving commercial destination.

📍 IT City, Mohali

📞 Enquire today to learn more.",79,Get quote,fb.me,"FACEBOOK; INSTAGRAM; AUDIENCE_NETWORK",2026-06-12,2026-06-17,HD: https://video.fjai6-1.fna.fbcdn.net/o1/v/t2/f2/m366/AQM9r69HwLb3YHCnB3Qpeox7ETo8ju1eDlPUylIbua3BDrZWknZVu2w6X-XxEbcURmAXKxjb2IhdZbVpP_BbZW8B_sEw_K5oYf0p1mYsLx5CJw.mp4?_nc_cat=100&_nc_oc=AdrMFNkgH8tdFm36PdADBBIIuS06kXdW7fqoVKDCixrKoh_QDn4G5m60wmLZym-6wZZEvoDmPa22ocnuK4zKPfAK&_nc_sid=b66105&_nc_ht=video.fjai6-1.fna.fbcdn.net&_nc_ohc=VotrKhFvtWoQ7kNvwGrsjjh&efg=eyJ2ZW5jb2RlX3RhZyI6Inhwdl9wcm9ncmVzc2l2ZS5WSV9VU0VDQVNFX1BST0RVQ1RfVFlQRS4uQzMuNzIwLmRhc2hfaDI2NC1iYXNpYy1nZW4yXzcyMHAiLCJ4cHZfYXNzZXRfaWQiOjE4MDQ3MzM0NDc2MDI3NDEsImFzc2V0X2FnZV9kYXlzIjo2LCJ2aV91c2VjYXNlX2lkIjoxMDc5OSwiZHVyYXRpb25fcyI6NDYsInVybGdlbl9zb3VyY2UiOiJ3d3cifQ%3D%3D&ccb=17-1&vs=614b531a454758b7&_nc_vs=HBksFQIYRWZiX2VwaGVtZXJhbC85RTQ4QkE1N0M1NDFFQzhBQjJDMzcwQzdBODlGQjlCRF9tdF8xX3ZpZGVvX2Rhc2hpbml0Lm1wNBUAAsgBEgAVAhhAZmJfcGVybWFuZW50L0JFNDE0MUZCMDUwNURCNTRFQkNFOURDRkE5OUFENTlBX2F1ZGlvX2Rhc2hpbml0Lm1wNBUCAsgBEgAoABgAGwKIB3VzZV9vaWwBMRJwcm9ncmVzc2l2ZV9yZWNpcGUBMRUAACbqiPiAqNm0BhUCKAJDMywXQEciDEm6XjUYGWRhc2hfaDI2NC1iYXNpYy1nZW4yXzcyMHARAHUAZd6oAQA&_nc_gid=MeU7B5gAUqiEfFEszBxQWA&_nc_ss=7b289&_nc_zt=28&oh=00_Af-tJuRoe__MTNzikGAEtAUoG184d9duK9bMEbwN0Nc4uQ&oe=6A39940C | SD: https://video.fjai6-1.fna.fbcdn.net/o1/v/t2/f2/m412/AQP0NKw-AMkA-YG16oykLq-Ljfp6OirvpFzGN1fCNLLJFx_2_UY6xURUCQZVLmFX74q8Hqp5yZY5ApRHGrU9S6f0kp9PjIr6O7Eu9CoQww.mp4?_nc_cat=104&_nc_oc=AdrDhlpQeM7mHrAxjC03xY7FYpCdHEISLzU-tDTmcm3gXf06H0dLNH5RHAwXpoBYakqTwzF4jhU2xYi0lr2tYz4s&_nc_sid=ef5aa3&_nc_ht=video.fjai6-1.fna.fbcdn.net&_nc_ohc=sGfkcRltTLAQ7kNvwFukOCk&efg=eyJ2ZW5jb2RlX3RhZyI6Inhwdl9wcm9ncmVzc2l2ZS5WSV9VU0VDQVNFX1BST0RVQ1RfVFlQRS4uQzMuMzYwLnN2ZV9zZCIsInhwdl9hc3NldF9pZCI6MTgwNDczMzQ0NzYwMjc0MSwiYXNzZXRfYWdlX2RheXMiOjYsInZpX3VzZWNhc2VfaWQiOjEwNzk5LCJkdXJhdGlvbl9zIjo0NiwidXJsZ2VuX3NvdXJjZSI6Ind3dyJ9&ccb=17-1&_nc_gid=MeU7B5gAUqiEfFEszBxQWA&_nc_ss=7b289&_nc_zt=28&oh=00_Af8KOfShwYT8d1bnHO70xIuOnScmD1J84MF2pJroe7aKEQ&oe=6A39B5B2 | Preview: https://scontent.fjai6-1.fna.fbcdn.net/v/t39.35426-6/722472231_1667514327787767_627386388840599104_n.jpg?_nc_cat=100&ccb=1-7&_nc_sid=c53f8f&_nc_ohc=O4cdqeL7XcQQ7kNvwEdoRuH&_nc_oc=Adr38U_IyKAC0h0fMercoWfTgz7agQUMgot_qqXSo_AMiY6vz7Rngf6YFnmzVMA7IgYFk6CwtBjpzYb2VtKl-ewO&_nc_zt=14&_nc_ht=scontent.fjai6-1.fna&_nc_gid=MeU7B5gAUqiEfFEszBxQWA&_nc_ss=7b289&oh=00_Af9s49IPE1yU2w8-YvZrFT5FtlFxyUYEjIPnQ4QIgXPy9A&oe=6A39A37C,,,,,,,
1036447519315861,https://www.facebook.com/Freelance-Realty-578819068657831/,api.whatsapp.com,https://www.facebook.com/Freelance-Realty-578819068657831/,,,,,,,,,578819068657831,https://api.whatsapp.com/send?phone=917898262319,Freelance Realty,https://www.facebook.com/ads/library/?id=1036447519315861,,,Send WhatsApp message,api.whatsapp.com,"FACEBOOK; INSTAGRAM; WHATSAPP",2026-06-14,2026-06-17,,,  ||   ||   ||   ||   ||   ||  ,https://api.whatsapp.com/send?phone=917898262319&token=eyJhbGciOiJFUzI1NiIsInR5cCI6IkpXVCIsImtpZCI6IjEyNSJ9.eyJleHAiOjE3ODE1MjIyMDcsInBob25lIjoiOTE3ODk4MjYyMzE5In0.0ZGC-F9BnSEZAiwq-XrVOrF-_pwmrFnPjj8NKDegmBGfR67djKKxhPk87KxJMstr_zU8xGIzRNThcHuQHXnicA || https://api.whatsapp.com/send?phone=917898262319&token=eyJhbGciOiJFUzI1NiIsInR5cCI6IkpXVCIsImtpZCI6IjEyNSJ9.eyJleHAiOjE3ODE1MjIyMDcsInBob25lIjoiOTE3ODk4MjYyMzE5In0.r_5ZpEP378VII2SMDXE64IAQLIEZ5ZMM4QQtJeg29R8gK3KENwTmS2XjBsPDnpDBWIrToYgg3vj2eVQLD_ys7w || https://api.whatsapp.com/send?phone=917898262319&token=eyJhbGciOiJFUzI1NiIsInR5cCI6IkpXVCIsImtpZCI6IjEyNSJ9.eyJleHAiOjE3ODE1MjIyMDcsInBob25lIjoiOTE3ODk4MjYyMzE5In0.3z3wXGQ_uuPIOVDjvUXrH76rMUzpXkuKC0M6cFJOtpp5HHs7t6ONrVG9x5IBQN9VB4ZhUyqY01f4wbcGmsjmpA || https://api.whatsapp.com/send?phone=917898262319&token=eyJhbGciOiJFUzI1NiIsInR5cCI6IkpXVCIsImtpZCI6IjEyNSJ9.eyJleHAiOjE3ODE1MjIyMDcsInBob25lIjoiOTE3ODk4MjYyMzE5In0.iFlx-DQ7BRUwxcM0FcFpdVQQBrpq5DgHHYGRQv1gT0kqX4utWJ0dC8msXw6kA73AguBZigbj0sPJ59DzE6wjWg || https://api.whatsapp.com/send?phone=917898262319&token=eyJhbGciOiJFUzI1NiIsInR5cCI6IkpXVCIsImtpZCI6IjEyNSJ9.eyJleHAiOjE3ODE1MjIyMDcsInBob25lIjoiOTE3ODk4MjYyMzE5In0.o8s2D-KhQ8Vcug2VM6UyotUw_-JAylK9FjIyuGBSYjQe-vs2ZFQq87VnZaExCFf5TkbntqV4_O7PGrPGAoGzsg || https://api.whatsapp.com/send?phone=917898262319&token=eyJhbGciOiJFUzI1NiIsInR5cCI6IkpXVCIsImtpZCI6IjEyNSJ9.eyJleHAiOjE3ODE1MjIyMDcsInBob25lIjoiOTE3ODk4MjYyMzE5In0.f3O_Oi3Wes16dRmhX43orO6HkDlGVGujBu9NHzLXFg79GvGVobepnCaaYWTDPJIAs0ySMuxAqp3wjMZDqEa34Q || https://api.whatsapp.com/send?phone=917898262319&token=eyJhbGciOiJFUzI1NiIsInR5cCI6IkpXVCIsImtpZCI6IjEyNSJ9.eyJleHAiOjE3ODE1MjIyMDcsInBob25lIjoiOTE3ODk4MjYyMzE5In0.40Ntseai53MO9iqWJMSBQxolt9Y4WdVxAmpM3_TBGntmF_1JEZzjfdph96Ijvzw6DGAYxqlIrDWRspRdpVftPg,api.whatsapp.com || api.whatsapp.com || api.whatsapp.com || api.whatsapp.com || api.whatsapp.com || api.whatsapp.com || api.whatsapp.com,Send WhatsApp Message || Send WhatsApp Message || Send WhatsApp Message || Send WhatsApp Message || Send WhatsApp Message || Send WhatsApp Message || Send WhatsApp Message,Original: https://scontent.fjai6-1.fna.fbcdn.net/v/t39.35426-6/724382974_1078278824624840_3671371081102134293_n.jpg?_nc_cat=106&ccb=1-7&_nc_sid=c53f8f&_nc_ohc=lNxVp78CFMAQ7kNvwFBBigi&_nc_oc=AdqPjAc5G8Vc1ZmQwKJy86zhf2pcvm97K3d033yKurljMc4cLvd8LIYzkhLe11JuM-1AiE2aGkYgaBXMkGj2BiId&_nc_zt=14&_nc_ht=scontent.fjai6-1.fna&_nc_gid=MeU7B5gAUqiEfFEszBxQWA&_nc_ss=7b289&oh=00_Af9tZGwzDkScYRhBwBr5d2iXmW4mWso1CEJaC41n3JpaEw&oe=6A39B83E | Resized: https://scontent.fjai6-1.fna.fbcdn.net/v/t39.35426-6/722078163_898315353311194_9142052298193321676_n.jpg?stp=dst-jpg_s600x600_tt6&_nc_cat=103&ccb=1-7&_nc_sid=c53f8f&_nc_ohc=6kx3q6vVsdUQ7kNvwE9UymO&_nc_oc=Adod5tLtT16lbH9L_A99jHLgWU4FrXzAXMNa-KeRj2xATMh8g6rLTZZNm-WAkw6Fhl26lF1uMIoLNMLZYFIVAhV9&_nc_zt=14&_nc_ht=scontent.fjai6-1.fna&_nc_gid=MeU7B5gAUqiEfFEszBxQWA&_nc_ss=7b289&oh=00_Af97rgxLoHfsBDeKZ98OhlnVjR_gJz1vOVt3HQz33vaYzg&oe=6A39B79E || Original: https://scontent.fjai6-1.fna.fbcdn.net/v/t39.35426-6/724500570_1032346586114741_5469479508294837614_n.jpg?_nc_cat=108&ccb=1-7&_nc_sid=c53f8f&_nc_ohc=BA3092Fl7MoQ7kNvwG_q7Fn&_nc_oc=Adrz_iVKvrgt6L9Bv1FjLIQnxnQJAY4k4r11JQndCtuganltTvGn9RfHa26llmNi5khOrdkyf3Q_WtOa68s-BII_&_nc_zt=14&_nc_ht=scontent.fjai6-1.fna&_nc_gid=MeU7B5gAUqiEfFEszBxQWA&_nc_ss=7b289&oh=00_Af8Ekp-8FJYIsOpBO1u2ejvzPRrsb0deJ297oKcPTPmtYQ&oe=6A39865E | Resized: https://scontent.fjai6-1.fna.fbcdn.net/v/t39.35426-6/724243023_2181869372577347_716065050289423475_n.jpg?stp=dst-jpg_s600x600_tt6&_nc_cat=109&ccb=1-7&_nc_sid=c53f8f&_nc_ohc=5vDlSQWTXvkQ7kNvwH6AyVl&_nc_oc=AdoNq1KE9-yGAW1vYjZf7L6Rpkgqw3RJd-9WFUDrLL9DEfaf4nn2IdvHO-9yK4SbnPdBc3fH5wFlgrSD0OESI0sw&_nc_zt=14&_nc_ht=scontent.fjai6-1.fna&_nc_gid=MeU7B5gAUqiEfFEszBxQWA&_nc_ss=7b289&oh=00_Af8CSIz7IiXoi5R16XLTY1CaXs9TaXW4Fj5ELi5lo5p0cg&oe=6A39B7BD || Original: https://scontent.fjai6-1.fna.fbcdn.net/v/t39.35426-6/724436698_1682181982929705_6811948365321421192_n.jpg?_nc_cat=110&ccb=1-7&_nc_sid=c53f8f&_nc_ohc=-XxRDD5AVn0Q7kNvwE0FAar&_nc_oc=AdoDYtNZHUGoSAx37D4FwVmeYv0cJ3OiWHtOg7XBz-vTrGsFuKRxdFd6NXWsBGi8miuNZQqVha72UnTWzXrSj6Py&_nc_zt=14&_nc_ht=scontent.fjai6-1.fna&_nc_gid=MeU7B5gAUqiEfFEszBxQWA&_nc_ss=7b289&oh=00_Af9P-oXyPN44fjX-unNq-vHUegc6rdaCPGDTjHF7aNTDCQ&oe=6A39A989 | Resized: https://scontent.fjai6-1.fna.fbcdn.net/v/t39.35426-6/723118583_2860519547635522_1593542870232878077_n.jpg?stp=dst-jpg_s600x600_tt6&_nc_cat=109&ccb=1-7&_nc_sid=c53f8f&_nc_ohc=2wG3J2ncPN4Q7kNvwHfHYTw&_nc_oc=AdoafbHQ4wO6WaJPZHS-YiwNHGwkOkLR2B0hbhr-GLCVMbGsiZ5dPdQqqfHt4ke9cgDj_gL9LN48-QnqnqDdeaK0&_nc_zt=14&_nc_ht=scontent.fjai6-1.fna&_nc_gid=MeU7B5gAUqiEfFEszBxQWA&_nc_ss=7b289&oh=00_Af-D9Cx_tMtHjT53tqDLLGJlHJ7EeteOASLbkc6kUIQk7A&oe=6A39A1F1 || Original: https://scontent.fjai6-1.fna.fbcdn.net/v/t39.35426-6/724181777_932590789886321_70073168232927280_n.jpg?_nc_cat=100&ccb=1-7&_nc_sid=c53f8f&_nc_ohc=LSq3MFsJgi0Q7kNvwGqu5ad&_nc_oc=Adq1oZrOzS0vCB52bQtigJtOYoy2OyAdG9RQNYNkncPy_5XkiLZk0PAzSDy6QLyrlh3PDK-Wndyap0YSAt4bPHnp&_nc_zt=14&_nc_ht=scontent.fjai6-1.fna&_nc_gid=MeU7B5gAUqiEfFEszBxQWA&_nc_ss=7b289&oh=00_Af9M1s3rOI-hzAvtQQJxTeu8Ng1ULtbrqYhwLJBSKKrkDQ&oe=6A39AB2F | Resized: https://scontent.fjai6-1.fna.fbcdn.net/v/t39.35426-6/724229974_2197111627530203_3370917212221565608_n.jpg?stp=dst-jpg_s600x600_tt6&_nc_cat=109&ccb=1-7&_nc_sid=c53f8f&_nc_ohc=SbC2dcPYIuIQ7kNvwESvRJ4&_nc_oc=AdpF2_aVItCrZknl-fuK6HaBYgSaiYHoWFePHhR1ElqU6hqLXPba-h3-mMUTj9lW2cQaUx45lXlbwjeYR8J4swbh&_nc_zt=14&_nc_ht=scontent.fjai6-1.fna&_nc_gid=MeU7B5gAUqiEfFEszBxQWA&_nc_ss=7b289&oh=00_Af8bmAPtuDG7LHKq5LUQpsaRGm0axITDA1kAbOWAsn8DfA&oe=6A3998AC || Original: https://scontent.fjai6-1.fna.fbcdn.net/v/t39.35426-6/723562654_1550640050115698_4055146657438466730_n.jpg?_nc_cat=109&ccb=1-7&_nc_sid=c53f8f&_nc_ohc=a-8eb3K339cQ7kNvwGbFyIq&_nc_oc=Adrniz-uRxDamfyrm8A-TxzqCxmoQGg3jHZnOxb5DVe1S0TYplo5791I4dyZcuhehh0YyyPfU029yNShPETUJTtW&_nc_zt=14&_nc_ht=scontent.fjai6-1.fna&_nc_gid=MeU7B5gAUqiEfFEszBxQWA&_nc_ss=7b289&oh=00_Af8bs2XxQsJLuTSLLrO2pm4GCVj3SllpkWhH4eGBH2mpOA&oe=6A39B2BD | Resized: https://scontent.fjai6-1.fna.fbcdn.net/v/t39.35426-6/724076805_888974436820100_6642343030946130229_n.jpg?stp=dst-jpg_s600x600_tt6&_nc_cat=101&ccb=1-7&_nc_sid=c53f8f&_nc_ohc=1dMDDL1YSBYQ7kNvwG-XfLi&_nc_oc=Adr7tP3Ovtc_duahP5NEt-BlX8VxATGaZlQeueSip8qAdEQQCTs-xbtyK0Ii5yIuGX5425jR_oR-AtFDqf_z_kFI&_nc_zt=14&_nc_ht=scontent.fjai6-1.fna&_nc_gid=MeU7B5gAUqiEfFEszBxQWA&_nc_ss=7b289&oh=00_Af8h_GVMxG9tzKjFYYeqV4MQdxGpd6gMic4vwKSsaGzQ3w&oe=6A399D47 || Original: https://scontent.fjai6-1.fna.fbcdn.net/v/t39.35426-6/723904436_2067505054170842_1311383491160809109_n.jpg?_nc_cat=105&ccb=1-7&_nc_sid=c53f8f&_nc_ohc=o-lIeYSX9dEQ7kNvwGo4JiY&_nc_oc=AdovVdBi8EhL-TrNrlKxvlzrzTSQrOdwYInAVH8QZq7MxXqJVb9VQ3OOYrsPyE7w54OFgx6apR5JGI9N6ePAThQz&_nc_zt=14&_nc_ht=scontent.fjai6-1.fna&_nc_gid=MeU7B5gAUqiEfFEszBxQWA&_nc_ss=7b289&oh=00_Af-IdseX-1mWESWSvzRDkTnK0tkYMtioCJVr-yxW3TLl9Q&oe=6A39A431 | Resized: https://scontent.fjai6-1.fna.fbcdn.net/v/t39.35426-6/723713018_2215143392621422_8530887902384471415_n.jpg?stp=dst-jpg_s600x600_tt6&_nc_cat=106&ccb=1-7&_nc_sid=c53f8f&_nc_ohc=ccvTjYUAjQsQ7kNvwEw-vvM&_nc_oc=Ado_bQI5MsVdYEy2WRocvxHkCcNyyVH_Wj5BBq_KOmWpGaIqqvp0s5RIpRwUdJFZn0QG7pcsCUXUNXuNBThDeCYk&_nc_zt=14&_nc_ht=scontent.fjai6-1.fna&_nc_gid=MeU7B5gAUqiEfFEszBxQWA&_nc_ss=7b289&oh=00_Af-MQyusWWp239D3_X5d9-OnBnWHqqq7K8h_s-gt7h_0eQ&oe=6A39BBF0 || Original: https://scontent.fjai6-1.fna.fbcdn.net/v/t39.35426-6/724472817_1368775021761288_4015595453140871259_n.jpg?_nc_cat=104&ccb=1-7&_nc_sid=c53f8f&_nc_ohc=pAmCNZheakwQ7kNvwFu9b3o&_nc_oc=AdopZQA2bgVSPS0VFZkJX16LRA5gmWTBPZcMQfDGWAd-Mbnnz1DaCszL_t2JV4laiwErOpwoeffC3OEChnN23lSx&_nc_zt=14&_nc_ht=scontent.fjai6-1.fna&_nc_gid=MeU7B5gAUqiEfFEszBxQWA&_nc_ss=7b289&oh=00_Af9ICj-t5waYvBJwTtdPbW7p35lPBvQUlGFKd1urA-xjfw&oe=6A398F3D | Resized: https://scontent.fjai6-1.fna.fbcdn.net/v/t39.35426-6/723557774_1765937941434460_7531446690462374514_n.jpg?stp=dst-jpg_s600x600_tt6&_nc_cat=102&ccb=1-7&_nc_sid=c53f8f&_nc_ohc=M6Js--AdlBAQ7kNvwEhaL2W&_nc_oc=Adp7TVOz8E9RizTDzB5B6177BC8wwr2rYBQ12WQiVqsOk9aPgOdN2rEyMJkIBZ5ZaDjsUtPmpRUSxbMXrBXR6Mg7&_nc_zt=14&_nc_ht=scontent.fjai6-1.fna&_nc_gid=MeU7B5gAUqiEfFEszBxQWA&_nc_ss=7b289&oh=00_Af-Ttr_6jFksUfSi4cEPJ9trDHM8hBBYzS5nrA9zaBSXyQ&oe=6A3989B4,
981521094624530,https://www.facebook.com/kraftshala/,kraftshala.com,https://www.facebook.com/kraftshala/,,,,contact@kraftshala.com,+91 84694 15272,,,,1640146016204513,https://www.kraftshala.com/pgp-in-marketing/?utm_medium=facebook&utm_source={{campaign.name}}&utm_campaign={{adset.name}}&utm_content={{ad.name}}&utm_term={{placement}},Kraftshala,https://www.facebook.com/ads/library/?id=981521094624530,"Is a Tier 1 MBA the only way to start your marketing career at top brands?

Not really.

Kraftshala School of Business placed 1000+ students last year into marketing roles across companies like Nykaa, Mamaearth, and Google with average CTCs of 6–7 LPA.

Now launching its 9-month PGP in AI Led Marketing offline in Gurgaon, built around real marketing work, industry-led learning, and a highly selective cohort.

And the most important part if your outcome doesn’t meet the criteria, 60% of your fee is refunded.

👉 Stop chasing exams. Start building your career.

Apply now.",12490,Apply now,www.kraftshala.com,"FACEBOOK; INSTAGRAM",2026-05-21,2026-06-17,HD: https://video.fjai6-1.fna.fbcdn.net/o1/v/t2/f2/m366/AQMYIFMxz8fzVFQBZZvGKK3QhKgjdKn64BnjVjYBC9Gso4YKVY-pRRzupzwPAvntxmcF_XN8AFEBY_LJLQ2AjofzS5uwdjeSmjaf7A9L3mfEBg.mp4?_nc_cat=106&_nc_oc=AdpNr_bVVvmZo8L2yDs930nfxckclanlzqvUu-t69vB6r9QNUP1-6-cuMXS4d-egmynbMOlgJn6VQsQCTpMrUmeh&_nc_sid=b66105&_nc_ht=video.fjai6-1.fna.fbcdn.net&_nc_ohc=Qs_nnvnSmBMQ7kNvwGr5dNF&efg=eyJ2ZW5jb2RlX3RhZyI6Inhwdl9wcm9ncmVzc2l2ZS5WSV9VU0VDQVNFX1BST0RVQ1RfVFlQRS4uQzMuNzIwLmRhc2hfaDI2NC1iYXNpYy1nZW4yXzcyMHAiLCJ4cHZfYXNzZXRfaWQiOjEzMTQyNzc1NzM4ODgwMjQsImFzc2V0X2FnZV9kYXlzIjo4NCwidmlfdXNlY2FzZV9pZCI6MTA3OTksImR1cmF0aW9uX3MiOjUyLCJ1cmxnZW5fc291cmNlIjoid3d3In0%3D&ccb=17-1&vs=8c1230f60f0314df&_nc_vs=HBksFQIYRWZiX2VwaGVtZXJhbC8yNTRGRjAzRDZGMDJBNDcwQzZEMThEOTI4NzE5Q0E4OF9tdF8xX3ZpZGVvX2Rhc2hpbml0Lm1wNBUAAsgBEgAVAhhAZmJfcGVybWFuZW50LzI0NDg0QjRBRjYzOTRBQTZDRkEwQTBCNEU3RDkyNUEzX2F1ZGlvX2Rhc2hpbml0Lm1wNBUCAsgBEgAoABgAGwKIB3VzZV9vaWwBMRJwcm9ncmVzc2l2ZV9yZWNpcGUBMRUAACawoOz-gtXVBBUCKAJDMywXQEotDlYEGJMYGWRhc2hfaDI2NC1iYXNpYy1nZW4yXzcyMHARAHUAZd6oAQA&_nc_gid=MeU7B5gAUqiEfFEszBxQWA&_nc_ss=7b289&_nc_zt=28&oh=00_Af_9AJx_65KGL0nx0iJyTMzoXmfE-eLdybiH1gE3H9t2uw&oe=6A39A73A | SD: https://video.fjai6-1.fna.fbcdn.net/o1/v/t2/f2/m412/AQNfG2lcdWTyBkMeoxm-mWMRD1I8-8sH8y3X9Idd5cN7aXCobyNwvBXmMxh29oYWijp6N5iU9DUbecCNwSoDWFq_IVRX0idi5hfx6bUc-g.mp4?_nc_cat=104&_nc_oc=AdqAJ_q2O_diycrlAPPEH-w5hiaDeBesHDG0uUUxFKUdGidtEeNq2tE7dJtAAOiZzMQ5DUjYFsjzdXO7pQzbdb1L&_nc_sid=ef5aa3&_nc_ht=video.fjai6-1.fna.fbcdn.net&_nc_ohc=JMsV_ybfRlsQ7kNvwG8eI1d&efg=eyJ2ZW5jb2RlX3RhZyI6Inhwdl9wcm9ncmVzc2l2ZS5WSV9VU0VDQVNFX1BST0RVQ1RfVFlQRS4uQzMuMzYwLnN2ZV9zZCIsInhwdl9hc3NldF9pZCI6MTMxNDI3NzU3Mzg4ODAyNCwiYXNzZXRfYWdlX2RheXMiOjg0LCJ2aV91c2VjYXNlX2lkIjoxMDc5OSwiZHVyYXRpb25fcyI6NTIsInVybGdlbl9zb3VyY2UiOiJ3d3cifQ%3D%3D&ccb=17-1&_nc_gid=MeU7B5gAUqiEfFEszBxQWA&_nc_ss=7b289&_nc_zt=28&oh=00_Af-ZqixT8n7V5YeBGE2GAPDZ5Bom7lGrf0CptQ28xBTnjA&oe=6A39B162 | Preview: https://scontent.fjai6-1.fna.fbcdn.net/v/t39.35426-6/657606612_927131890056295_8591368747390344773_n.jpg?_nc_cat=109&ccb=1-7&_nc_sid=c53f8f&_nc_ohc=sgOfho93SbcQ7kNvwFGswwL&_nc_oc=AdrU0Ti4ADem8Rrc8H2C4cLcON3O-I3M8x-9LAMy9pmUGH7nlmo0e0lPwDbW6_QH1GLJnqpnZXEfe5uyrFmg93pA&_nc_zt=14&_nc_ht=scontent.fjai6-1.fna&_nc_gid=MeU7B5gAUqiEfFEszBxQWA&_nc_ss=7b289&oh=00_Af9GK7dAGplaf5xfflPQ6RW_WHzD8gAHZVSC5nnfn2PxbA&oe=6A39BB0A,,,,,,,
27311403745212834,https://www.facebook.com/61572844708475/,fb.me,https://www.facebook.com/61572844708475/,,,,,,,,,584444344743718,http://fb.me/,Kharghar Luxury Properties,https://www.facebook.com/ads/library/?id=27311403745212834,"Own a luxurious residence in Sector 37, Kharghar, where modern architecture meets exceptional lifestyle experiences.

✅ Panoramic Views
✅ Premium Clubhouses
✅ Grand Entrance Lobby
✅ Excellent Social Infrastructure
✅ Strategic Location Advantage

📍 Kharghar, Sector 37
3 & 4 BHK Residences Starting from ₹1.99 Cr*

Connect With Us For More Details.",541,Get quote,fb.me,"FACEBOOK; INSTAGRAM; AUDIENCE_NETWORK",2026-06-05,2026-06-16,HD: https://video.fjai6-1.fna.fbcdn.net/o1/v/t2/f2/m366/AQOViFdt2jgAv6IcnMr0yHCfXO3AThpiFBOz-soODbjL_N-bqXx9Vj-zKnJk4Xg1kUWnXBnJVTnR9ytpgJafxssrf_ya8T2W7UklDcw-LocFDw.mp4?_nc_cat=101&_nc_oc=AdpcgqeUsoZ85Hizr2DXcUo5oRiv3yRi-E6Yi5NPUlWIMhYH2oNOp23nArTjCowH9183_bcCuWb_NtXz2h6ATp8J&_nc_sid=b66105&_nc_ht=video.fjai6-1.fna.fbcdn.net&_nc_ohc=B5IDqHkdjB8Q7kNvwEQtDHR&efg=eyJ2ZW5jb2RlX3RhZyI6Inhwdl9wcm9ncmVzc2l2ZS5WSV9VU0VDQVNFX1BST0RVQ1RfVFlQRS4uQzMuNzIwLmRhc2hfaDI2NC1iYXNpYy1nZW4yXzcyMHAiLCJ4cHZfYXNzZXRfaWQiOjI2OTU5MTUxMjA3MDcyNTYyLCJhc3NldF9hZ2VfZGF5cyI6MTMsInZpX3VzZWNhc2VfaWQiOjEwNzk5LCJkdXJhdGlvbl9zIjo2NywidXJsZ2VuX3NvdXJjZSI6Ind3dyJ9&ccb=17-1&vs=e62579f588dbb825&_nc_vs=HBksFQIYRWZiX2VwaGVtZXJhbC83OTQwQjU1NTUxQzY4OUYzNkVDMjhEN0NERTAyQkRBRF9tdF8xX3ZpZGVvX2Rhc2hpbml0Lm1wNBUAAsgBEgAVAhhAZmJfcGVybWFuZW50L0RCNDU3RTVFOUMyNzQ2QzFBMzYxQTFBQkEyQjVEODlCX2F1ZGlvX2Rhc2hpbml0Lm1wNBUCAsgBEgAoABgAGwKIB3VzZV9vaWwBMRJwcm9ncmVzc2l2ZV9yZWNpcGUBMRUAACbkjKbykM3jXxUCKAJDMywXQFDGZmZmZmYYGWRhc2hfaDI2NC1iYXNpYy1nZW4yXzcyMHARAHUAZd6oAQA&_nc_gid=MeU7B5gAUqiEfFEszBxQWA&_nc_ss=7b289&_nc_zt=28&oh=00_Af9ifjOOcF3Injzkweky-LVqa7Dxx0rqmpbk7RL28dEPFA&oe=6A39947B | SD: https://video.fjai6-1.fna.fbcdn.net/o1/v/t2/f2/m412/AQNXchSQLxGu5EmEsFjsl0ZNVPdXmr44UHM5_ENSQ-e5jHnfCu4tCbpDVELUKY-VeTX62T5mgTfRJDE3Of9KCYN6IMaWjsZxvsWjoqA6dg.mp4?_nc_cat=104&_nc_oc=Adqsb05MsVggI-U8PoHVxM4kOLpiEkQuwSnCr3fD91anWbcdyoj_PGW8DTu7a4WvFi9ch_zB3AcJU9ieOlw7JX-x&_nc_sid=ef5aa3&_nc_ht=video.fjai6-1.fna.fbcdn.net&_nc_ohc=GUZesJOTm1YQ7kNvwGPWgWl&efg=eyJ2ZW5jb2RlX3RhZyI6Inhwdl9wcm9ncmVzc2l2ZS5WSV9VU0VDQVNFX1BST0RVQ1RfVFlQRS4uQzMuMzYwLnN2ZV9zZCIsInhwdl9hc3NldF9pZCI6MjY5NTkxNTEyMDcwNzI1NjIsImFzc2V0X2FnZV9kYXlzIjoxMywidmlfdXNlY2FzZV9pZCI6MTA3OTksImR1cmF0aW9uX3MiOjY3LCJ1cmxnZW5fc291cmNlIjoid3d3In0%3D&ccb=17-1&_nc_gid=MeU7B5gAUqiEfFEszBxQWA&_nc_ss=7b289&_nc_zt=28&oh=00_Af80Stk9pzHPbzvr1YwRDcQ2emSLjfiyt_BTLMiAMty4Lw&oe=6A39A612 | Preview: https://scontent.fjai6-1.fna.fbcdn.net/v/t39.35426-6/716310306_1710285350158604_8447807757880687942_n.jpg?_nc_cat=100&ccb=1-7&_nc_sid=c53f8f&_nc_ohc=SHAYAEfP1DgQ7kNvwF54dGu&_nc_oc=AdrCFXGKWjFrd_EjkSaM_JIf7z3u2Bmg0f12KTt9nJ3NrCfiFNcm-G-VL0WRSMnZKYTqQzif5M0ioWvhNkNoY7YE&_nc_zt=14&_nc_ht=scontent.fjai6-1.fna&_nc_gid=MeU7B5gAUqiEfFEszBxQWA&_nc_ss=7b289&oh=00_Af8wDL-ImnImkeFrwbDiA6jz-VTdrW--5LvQUwbAxM1SGQ&oe=6A3994DA,,,,,,,
1033401472480247,https://www.facebook.com/100075775699697/,instagram.com,https://www.facebook.com/100075775699697/,http://instagram.com/the_josya,,,josyastudio@gmail.com,+91 78387 51954,,,,109442918247229,http://instagram.com/the_josya,the_josya,https://www.facebook.com/ads/library/?id=1033401472480247,"Shop Online - www.josya.in
Video call appointment available!!

Visit us: S.No. 151, First Floor, Spaze Corporate Park, Sector 69, Gurugram -122101.

#josyajewels #onlinejewelery #jewelerystore #polkijewellery #kundan #bridaljewlery #polkijewellery #reallookalikejewellery #polkisets",563,Send message,instagram.com,INSTAGRAM,2026-06-15,2026-06-17,HD: https://video.fjai6-1.fna.fbcdn.net/o1/v/t2/f2/m366/AQNtyHkuMvyxJLfvtOIhqkfC4VEEmz86qbqSJD9Y4n7ygOoZpSwskakaOstRLSu-zVw9b0MyaPmZ25NyjrQUAt3YmaUEiOYcoTXuYlfZamCbvQ.mp4?_nc_cat=110&_nc_oc=Adqc72kN-kkbALqTorfoP17Yvg_MuoaPXYPEIjF4ELeyXJr8WxDTNGVgYDHxPKn4c5RHdMDEkn7yxvp3TUXLxV2L&_nc_sid=b66105&_nc_ht=video.fjai6-1.fna.fbcdn.net&_nc_ohc=lH5Sp9rHdsoQ7kNvwFsNLSL&efg=eyJ2ZW5jb2RlX3RhZyI6Inhwdl9wcm9ncmVzc2l2ZS5WSV9VU0VDQVNFX1BST0RVQ1RfVFlQRS4uQzMuNzIwLmRhc2hfaDI2NC1iYXNpYy1nZW4yXzcyMHAiLCJ4cHZfYXNzZXRfaWQiOjEwMTE0ODE0MDUxODA5NTQsImFzc2V0X2FnZV9kYXlzIjoyLCJ2aV91c2VjYXNlX2lkIjoxMDEyMiwiZHVyYXRpb25fcyI6MjQsInVybGdlbl9zb3VyY2UiOiJ3d3cifQ%3D%3D&ccb=17-1&vs=e894fe0319f3540a&_nc_vs=HBksFQIYRWZiX2VwaGVtZXJhbC84RjQ2NzA0MEI1MEYzNjY3OEJBN0JCRDE0QzI5QkE5Ql9tdF8xX3ZpZGVvX2Rhc2hpbml0Lm1wNBUAAsgBEgAVAhhAZmJfcGVybWFuZW50LzI2NEIyNkVCNkM4RDEyM0ZFRjlDOEI1OUVGMDYyMDg2X2F1ZGlvX2Rhc2hpbml0Lm1wNBUCAsgBEgAoABgAGwKIB3VzZV9vaWwBMRJwcm9ncmVzc2l2ZV9yZWNpcGUBMRUAACa0sNLd-_vLAxUCKAJDMywXQDhMzMzMzM0YGWRhc2hfaDI2NC1iYXNpYy1nZW4yXzcyMHARAHUAZZSeAQA&_nc_gid=MeU7B5gAUqiEfFEszBxQWA&_nc_ss=7b289&_nc_zt=28&oh=00_Af9oHpLoSxFZChgM5s7m0NtULIxE1F2EqwucbKXW1eSINg&oe=6A399536 | SD: https://video.fjai6-1.fna.fbcdn.net/o1/v/t2/f2/m412/AQNM7zMXw-LU5FxR95pVNuXjua2q1gpNFjD5gZj1oZDstUO2Hsjh3KgP2_6Viioz5vZwtcwbTvb4K_688nC5RxzmagSiWVcrTaFYunbTWg.mp4?_nc_cat=100&_nc_oc=AdpSd_3p2o78R1g6K_EZKUpLhxPMGzfdKOn0JY__fNpRb2yKw0AAj40NCVKJ8Z6jLO2yyAp_D9AL2cJBUpfWYxFf&_nc_sid=ef5aa3&_nc_ht=video.fjai6-1.fna.fbcdn.net&_nc_ohc=2jUCmQ9gOkQQ7kNvwG4JnK8&efg=eyJ2ZW5jb2RlX3RhZyI6Inhwdl9wcm9ncmVzc2l2ZS5WSV9VU0VDQVNFX1BST0RVQ1RfVFlQRS4uQzMuMzYwLnN2ZV9zZCIsInhwdl9hc3NldF9pZCI6MTAxMTQ4MTQwNTE4MDk1NCwiYXNzZXRfYWdlX2RheXMiOjIsInZpX3VzZWNhc2VfaWQiOjEwMTIyLCJkdXJhdGlvbl9zIjoyNCwidXJsZ2VuX3NvdXJjZSI6Ind3dyJ9&ccb=17-1&_nc_gid=MeU7B5gAUqiEfFEszBxQWA&_nc_ss=7b289&_nc_zt=28&oh=00_Af9o9JKb0AqXVcSbK4TFaOy5yYMOKmZwTGDdPHZc99oreQ&oe=6A39A2DE | Preview: https://scontent.fjai6-1.fna.fbcdn.net/v/t39.35426-6/724453670_2001064844105780_8932830365371645964_n.jpg?_nc_cat=106&ccb=1-7&_nc_sid=c53f8f&_nc_ohc=Ob_21mJYDmAQ7kNvwE3hQAe&_nc_oc=Adq7vr-E12o1g4tZOaSBSSnQvkGkdb9D6CDmjBl37S1SybEngxyFqjDJqveqieIyueLf6ix8svzJSxpLfl7oBtWt&_nc_zt=14&_nc_ht=scontent.fjai6-1.fna&_nc_gid=MeU7B5gAUqiEfFEszBxQWA&_nc_ss=7b289&oh=00_Af8MqMQPVSN3Xiar0mvO2OwL1lPBqfybXoz7L75H-2IMaw&oe=6A399663,,,,,,,
1517362086514555,https://www.facebook.com/eshancollege/,,https://www.facebook.com/eshancollege/,,,,helpdesk@eshancollege.com,+91 96392 34234,,,,1533383383593453,,Eshan Group Of Institutions,https://www.facebook.com/ads/library/?id=1517362086514555,"🎓 Admissions Open for BBA & BCA at Eshan College of Engineering & Management 🎓
🔹 Our Programs:
• BBA: Gain a solid foundation in business management and leadership with Digital Marketing AI Tools.
• BCA: Dive into the world of computer applications and IT with Gen AI.

🚀 Why Choose Eshan College?
• First in Agra-Mathura Region to introduce BBA & BCA from Dr. APJ Abdul Kalam University (AKTU), Lucknow.
• Industry-oriented, versatile degrees.
• Development of critical thinking and problem-solving skills.
• Comprehensive curriculum with practical exposure and holistic development.
• Hands-on experience through projects and internships.
• Development of both technical and soft skills.
• Excellent job placement opportunities.

🔹 Other Courses We Offer:
• B.Tech
• MBA
• MCA
• M.Tech
• Polytechnic

🔹 Highlights:
•  AICTE Approved & AKTU Affiliated
•  NAAC Accredited
•  Industry Interaction
•  AI Training Program
•  State-of-the-Art Facilities
•  Soft Skills Training
•  Entrepreneurial Development

🏫 Eshan College of Engineering & Management: Building Careers, Shaping Futures
📞 For more details visit our website: www.eshancollege.com 📞 Or call us at: 9639234234 / 8477088883
🎥 Enroll Now and Embark on Your Path to Success!",4006,Apply now,,"FACEBOOK; INSTAGRAM; AUDIENCE_NETWORK; MESSENGER",2026-06-16,2026-06-17,,Original: https://scontent.fjai6-1.fna.fbcdn.net/v/t39.35426-6/723337823_935900606142969_454860631815691566_n.jpg?_nc_cat=109&ccb=1-7&_nc_sid=c53f8f&_nc_ohc=IRDmBKzryjgQ7kNvwH-yEFw&_nc_oc=AdrdMvzrcwgfWNGds8-IsZcBSVBv1jVu8SO2vptZxMrO_d57We1ReolmqLgS9dN5F_VnZYXG9olfV0ysji1gVHXx&_nc_zt=14&_nc_ht=scontent.fjai6-1.fna&_nc_gid=MeU7B5gAUqiEfFEszBxQWA&_nc_ss=7b289&oh=00_Af-Sq2mIs8J04TARWcVimz54naEv3svDx27kVFt6MKyJgA&oe=6A39B127 | Resized: https://scontent.fjai6-1.fna.fbcdn.net/v/t39.35426-6/719069362_2464212510764084_138817411299508174_n.jpg?stp=dst-jpg_s600x600_tt6&_nc_cat=100&ccb=1-7&_nc_sid=c53f8f&_nc_ohc=bB5jXCsXeQgQ7kNvwENfG4z&_nc_oc=Adr8h7dA7Y5QATDTkvTQJ4H4E85oGpBJHO48O8syn38azq6g_nBTMNSJDXv0AgkPLtRz3O3Mj8VDFRneYyWluJIu&_nc_zt=14&_nc_ht=scontent.fjai6-1.fna&_nc_gid=MeU7B5gAUqiEfFEszBxQWA&_nc_ss=7b289&oh=00_Af-iEGRfJZLwSvkfUnxjZDLSlm1ac-xngR1GP8Ts2tgrYQ&oe=6A39B942,,,,,,
1315408704037035,https://www.facebook.com/61590907611874/,fb.me,https://www.facebook.com/61590907611874/,,,,,+91 98926 51603,,,,1087838031089237,http://fb.me/,Raheja District,https://www.facebook.com/ads/library/?id=1315408704037035,"Launching Raheja Atlantis in Raheja District Vashi NX crafted for Life Beyond Ordinary. Discover Ultra Spacious 3 BHK Homes
✅ Luxury 3 BHK Homes of 1405 SQ.FT. from 4.99 Cr*
✅ Upscale Residences | Business Centers | Retail Boardwalk | Raheja District Arena
✅ Upcoming J W Marriot in the Neighbourhood | BKC 2 at Navi Mumbai Corporate Park | Metro Expansion Space ready
✅ Clubhouse | Gym | Entrance Lobby | Multipurpose Court | Jacuzzi
✅ Connectivity - Atal Setu | Navi Mumbai International Airport | Kharghar-Turbhe Tunnel Link Road
✅ Raheja Atlantis-MahaRERA Registration no. - PM1330002501097",1,Learn more,fb.me,"FACEBOOK; INSTAGRAM",2026-06-09,2026-06-18,,,"Launching Raheja Atlantis in Raheja District Vashi NX crafted for Life Beyond Ordinary. Discover Ultra Spacious 3 BHK Homes
✅ Luxury 3 BHK Homes of 1405 SQ.FT. from 4.99 Cr*
✅ Upscale Residences | Business Centers | Retail Boardwalk | Raheja District Arena
✅ Upcoming J W Marriot in the Neighbourhood | BKC 2 at Navi Mumbai Corporate Park | Metro Expansion Space ready
✅ Clubhouse | Gym | Entrance Lobby | Multipurpose Court | Jacuzzi
✅ Connectivity - Atal Setu | Navi Mumbai International Airport | Kharghar-Turbhe Tunnel Link Road
✅ Raheja Atlantis-MahaRERA Registration no. - PM1330002501097 || Launching Raheja Atlantis in Raheja District Vashi NX crafted for Life Beyond Ordinary. Discover Ultra Spacious 3 BHK Homes
✅ Luxury 3 BHK Homes of 1405 SQ.FT. from 4.99 Cr*
✅ Upscale Residences | Business Centers | Retail Boardwalk | Raheja District Arena
✅ Upcoming J W Marriot in the Neighbourhood | BKC 2 at Navi Mumbai Corporate Park | Metro Expansion Space ready
✅ Clubhouse | Gym | Entrance Lobby | Multipurpose Court | Jacuzzi
✅ Connectivity - Atal Setu | Navi Mumbai International Airport | Kharghar-Turbhe Tunnel Link Road
✅ Raheja Atlantis-MahaRERA Registration no. - PM1330002501097 || Launching Raheja Atlantis in Raheja District Vashi NX crafted for Life Beyond Ordinary. Discover Ultra Spacious 3 BHK Homes
✅ Luxury 3 BHK Homes of 1405 SQ.FT. from 4.99 Cr*
✅ Upscale Residences | Business Centers | Retail Boardwalk | Raheja District Arena
✅ Upcoming J W Marriot in the Neighbourhood | BKC 2 at Navi Mumbai Corporate Park | Metro Expansion Space ready
✅ Clubhouse | Gym | Entrance Lobby | Multipurpose Court | Jacuzzi
✅ Connectivity - Atal Setu | Navi Mumbai International Airport | Kharghar-Turbhe Tunnel Link Road
✅ Raheja Atlantis-MahaRERA Registration no. - PM1330002501097 || Launching Raheja Atlantis in Raheja District Vashi NX crafted for Life Beyond Ordinary. Discover Ultra Spacious 3 BHK Homes
✅ Luxury 3 BHK Homes of 1405 SQ.FT. from 4.99 Cr*
✅ Upscale Residences | Business Centers | Retail Boardwalk | Raheja District Arena
✅ Upcoming J W Marriot in the Neighbourhood | BKC 2 at Navi Mumbai Corporate Park | Metro Expansion Space ready
✅ Clubhouse | Gym | Entrance Lobby | Multipurpose Court | Jacuzzi
✅ Connectivity - Atal Setu | Navi Mumbai International Airport | Kharghar-Turbhe Tunnel Link Road
✅ Raheja Atlantis-MahaRERA Registration no. - PM1330002501097 || Launching Raheja Atlantis in Raheja District Vashi NX crafted for Life Beyond Ordinary. Discover Ultra Spacious 3 BHK Homes
✅ Luxury 3 BHK Homes of 1405 SQ.FT. from 4.99 Cr*
✅ Upscale Residences | Business Centers | Retail Boardwalk | Raheja District Arena
✅ Upcoming J W Marriot in the Neighbourhood | BKC 2 at Navi Mumbai Corporate Park | Metro Expansion Space ready
✅ Clubhouse | Gym | Entrance Lobby | Multipurpose Court | Jacuzzi
✅ Connectivity - Atal Setu | Navi Mumbai International Airport | Kharghar-Turbhe Tunnel Link Road
✅ Raheja Atlantis-MahaRERA Registration no. - PM1330002501097",http://fb.me/ || http://fb.me/ || http://fb.me/ || http://fb.me/ || http://fb.me/,,Learn More || Learn More || Learn More || Learn More || Learn More,Original: https://scontent.fjai6-1.fna.fbcdn.net/v/t39.35426-6/720959480_1709654680140947_4759976279502220456_n.jpg?_nc_cat=106&ccb=1-7&_nc_sid=c53f8f&_nc_ohc=ivl9DyA2zhQQ7kNvwHIGCat&_nc_oc=AdpUTrQ_fPbaqjSWPOVNuc7PYnCvNKFYPdgmjlULKQ0DAEkfgExu-osv2vvsQL9eHzK2tH7UDLS9KNUoDl5snNm2&_nc_zt=14&_nc_ht=scontent.fjai6-1.fna&_nc_gid=M-pPyni3fH8cvCf7DfRH6g&_nc_ss=7b289&oh=00_Af94kYFrXlEOZAqo_Xy8zdESqgIyf1y3GDKqpIrqo9CD7w&oe=6A39BB74 | Resized: https://scontent.fjai6-1.fna.fbcdn.net/v/t39.35426-6/718075928_1891319804877281_1772514674683536319_n.jpg?stp=dst-jpg_s600x600_tt6&_nc_cat=104&ccb=1-7&_nc_sid=c53f8f&_nc_ohc=J9iffxJTSQ0Q7kNvwGP7BS6&_nc_oc=AdqI3f24CqeVPfRkMKZbX69RJPPnvsqnj5pHerQP3YGWQBokkanigZWr9gqT6otEhrGPjSMmIX6uQRynQ_K-wyp-&_nc_zt=14&_nc_ht=scontent.fjai6-1.fna&_nc_gid=M-pPyni3fH8cvCf7DfRH6g&_nc_ss=7b289&oh=00_Af9qMUaAGGHe_z9EklIcrWcXZZf0woKKbtCsidjyAhIC1Q&oe=6A398E91 || Original: https://scontent.fjai6-1.fna.fbcdn.net/v/t39.35426-6/717959051_1704000014201084_1215935933063463528_n.jpg?_nc_cat=110&ccb=1-7&_nc_sid=c53f8f&_nc_ohc=86mPgRca_lYQ7kNvwHDDr10&_nc_oc=AdrIpce6exR8-_HwjSDp3J7DNZ5Blq1-SOZgyRqXiTjOvjo-UQoUvsjhZJERel3PWqdNmW7muY0RlSGRH_vNYWMs&_nc_zt=14&_nc_ht=scontent.fjai6-1.fna&_nc_gid=M-pPyni3fH8cvCf7DfRH6g&_nc_ss=7b289&oh=00_Af_UWdELtgkVzojuNZ_WGn97429etU8wzIMN11dxe3_zxA&oe=6A398F75 | Resized: https://scontent.fjai6-1.fna.fbcdn.net/v/t39.35426-6/717400504_2912861639105735_7668250648791621183_n.jpg?stp=dst-jpg_s600x600_tt6&_nc_cat=109&ccb=1-7&_nc_sid=c53f8f&_nc_ohc=205Stm7KM7MQ7kNvwEGACWq&_nc_oc=AdrhYL4Y5Gc1mbkgMO3XsVJj91L-bCGbt6NnACblNxXQfsqztnZ6-h2rRsu5mMVrgUbEO6AvqaywxEbO3Krw0hXz&_nc_zt=14&_nc_ht=scontent.fjai6-1.fna&_nc_gid=M-pPyni3fH8cvCf7DfRH6g&_nc_ss=7b289&oh=00_Af_ZDLARGqDh2rUNkHS1JEEip4UagCpjQGPBytHvu5fI6Q&oe=6A39AC89 || Original: https://scontent.fjai6-1.fna.fbcdn.net/v/t39.35426-6/720894543_4399806623605642_1493584377798282395_n.jpg?_nc_cat=102&ccb=1-7&_nc_sid=c53f8f&_nc_ohc=4xPpVy_3W9kQ7kNvwFK8u2U&_nc_oc=AdqC-DwmUlScdt2ZOuOe_zw28LlyMwcWWuL0HfSsu8khzRq1azylV_fgXH_akfRRHvqV9HZq9RE-ZqZMQk9eafy_&_nc_zt=14&_nc_ht=scontent.fjai6-1.fna&_nc_gid=M-pPyni3fH8cvCf7DfRH6g&_nc_ss=7b289&oh=00_Af8DrZO3Rj9pyd6vn5YQdG4L4lOUnnqQPtCjxJmuAiVJEg&oe=6A39AC73 | Resized: https://scontent.fjai6-1.fna.fbcdn.net/v/t39.35426-6/719714619_1367710505417416_6414573768929509859_n.jpg?stp=dst-jpg_s600x600_tt6&_nc_cat=106&ccb=1-7&_nc_sid=c53f8f&_nc_ohc=bpxBKvL-zooQ7kNvwG2Uvhj&_nc_oc=AdraGm-LWoHh3eJ1TsJtfsyswyyZY13uJV9eDmWyyXNRGHiHV4wssf8zx0S8Mxb_U1QDvEVn1wwqfjkHWfT-GJfW&_nc_zt=14&_nc_ht=scontent.fjai6-1.fna&_nc_gid=M-pPyni3fH8cvCf7DfRH6g&_nc_ss=7b289&oh=00_Af_o-t8LWPuew3g9disX-_qJCZnlO3X_vDu08dh5UuKYHw&oe=6A399E49 || Original: https://scontent.fjai6-1.fna.fbcdn.net/v/t39.35426-6/717297691_1019750890526466_2766012885370466064_n.jpg?_nc_cat=104&ccb=1-7&_nc_sid=c53f8f&_nc_ohc=6M0niea9KV0Q7kNvwFI5NQG&_nc_oc=AdrgOoZNjyfwXeHHilhyexv2au7ShLduQomTCwL3KMs-oebt-WRgwVzc4E83WGELXD7Vq0Wx0isQgd6KJNA7oU4r&_nc_zt=14&_nc_ht=scontent.fjai6-1.fna&_nc_gid=M-pPyni3fH8cvCf7DfRH6g&_nc_ss=7b289&oh=00_Af_8sshAgzT03uhqBpYm0Jke1D3ydgyaMmt6dB9jcg1nuw&oe=6A39A09F | Resized: https://scontent.fjai6-1.fna.fbcdn.net/v/t39.35426-6/719099117_1780523476081615_1588637869320063680_n.jpg?stp=dst-jpg_s600x600_tt6&_nc_cat=106&ccb=1-7&_nc_sid=c53f8f&_nc_ohc=sz07xYZRUZoQ7kNvwFe-wrG&_nc_oc=Adryg2GQXrJ8MzsQUgkUUFZdPH12QKk6wV1k_ugRWxyOEEaz7rXcj0cMbPfe5bdL_rIsHVXls8oozcu7LhwHurot&_nc_zt=14&_nc_ht=scontent.fjai6-1.fna&_nc_gid=M-pPyni3fH8cvCf7DfRH6g&_nc_ss=7b289&oh=00_Af9WHOh-Wsiy4hY2n26OgHRD9ZWFB1AcHXPP5wZrT0rD0g&oe=6A3991FF || Original: https://scontent.fjai6-1.fna.fbcdn.net/v/t39.35426-6/719149130_2030981977808384_5902336958698328472_n.jpg?_nc_cat=110&ccb=1-7&_nc_sid=c53f8f&_nc_ohc=Ta-npdiKdkUQ7kNvwH7UrZX&_nc_oc=Adqik0q5h9uEfgo1ktav-OSYgmvVHm-3z-0fGEH4hLwJe0CfKDz5Ov56yTPqTugRdxb9NYrzrPl9QX-Gkhx8yCnl&_nc_zt=14&_nc_ht=scontent.fjai6-1.fna&_nc_gid=M-pPyni3fH8cvCf7DfRH6g&_nc_ss=7b289&oh=00_Af8nsbESMMOGnq4iA9VV0mcR2s-Oo8WtjGOkM2W4jL1Kcw&oe=6A39A171 | Resized: https://scontent.fjai6-1.fna.fbcdn.net/v/t39.35426-6/717235097_859661453395485_5927531818441967546_n.jpg?stp=dst-jpg_s600x600_tt6&_nc_cat=101&ccb=1-7&_nc_sid=c53f8f&_nc_ohc=bVKKWZCmKWgQ7kNvwEy3jOO&_nc_oc=AdqVk5jwX3qnAArAYZrCEVSTJZ8fOmd8UVAZxkCuWDsXeWTntKMewlkes6D5WulJ-X0iaB9Ftlxe3ghpmi_iixmN&_nc_zt=14&_nc_ht=scontent.fjai6-1.fna&_nc_gid=M-pPyni3fH8cvCf7DfRH6g&_nc_ss=7b289&oh=00_Af-aL9Q7uQqCCzakxHcNZRbiwCfJpfQqncbhxfO5bm2KsQ&oe=6A39AE30,
982633214752010,https://www.facebook.com/ParadiseGroupNM/,fb.me,https://www.facebook.com/ParadiseGroupNM/,,,,marketing@paradisegroup.co.in,,,,,1587242448229072,http://fb.me/,Paradise Group,https://www.facebook.com/ads/library/?id=982633214752010,"A Township of 1 & 2 BHK Cosmo-Luxury Homes with the Charm of Luxo
Starting at ₹44 Lakhs* Onwards
At Sai Sun City, Upper Khaghar

Project Highlights

✅ Spread across 29 acres township
✅ Themed Homes
✅ G+32 Storeyed Towers
✅ Club Atlantis - 55,000 sq.ft. Club House
✅ Skating Area
✅ Swimming Pool
✅ Tusk Bar + Trellis
✅ Lawn Tennis

MAHARERA REGISTRATION NO.: P52000033880, P52000045371 & P52000046738 l T&C Apply",46414,Learn more,fb.me,"FACEBOOK; INSTAGRAM",2026-06-12,2026-06-17,HD: https://video.fjai6-1.fna.fbcdn.net/o1/v/t2/f2/m366/AQOjV-pNHzpBOQ-rj6-LNfeeBt_UH3toaUF_9u-WsqDTbXQ9ae3VDOV4RSx75LpQ4G9B4v19u4o_QUqW3DPNpFxkqVwF9r9DdlT4NgbM5arRww.mp4?_nc_cat=102&_nc_oc=Adp-aInOROHYq3-zUyKb9j6-i-s0wHlhiDP7yfFjwmVhU4l4zl8rASSgugSKz546VeCaUPMrGVcj-vpaBqctrlqU&_nc_sid=b66105&_nc_ht=video.fjai6-1.fna.fbcdn.net&_nc_ohc=JqVfTybMXAQQ7kNvwEJf4TK&efg=eyJ2ZW5jb2RlX3RhZyI6Inhwdl9wcm9ncmVzc2l2ZS5WSV9VU0VDQVNFX1BST0RVQ1RfVFlQRS4uQzMuNzIwLmRhc2hfaDI2NC1iYXNpYy1nZW4yXzcyMHAiLCJ4cHZfYXNzZXRfaWQiOjEzMDUyNDcyNzE0MjQ0NjEsImFzc2V0X2FnZV9kYXlzIjoxMTIsInZpX3VzZWNhc2VfaWQiOjEwNzk5LCJkdXJhdGlvbl9zIjo2MCwidXJsZ2VuX3NvdXJjZSI6Ind3dyJ9&ccb=17-1&vs=da84a8c7e16bfe3c&_nc_vs=HBksFQIYRWZiX2VwaGVtZXJhbC80NjQxRkVFQTE4RTlCREYyRDVFMkVENUNFOUE1NkM5Ql9tdF8xX3ZpZGVvX2Rhc2hpbml0Lm1wNBUAAsgBEgAVAhhAZmJfcGVybWFuZW50LzgyNDNGM0RGQUJGRjE5QkYyNEI2N0Y5Q0VDOUIxRjkzX2F1ZGlvX2Rhc2hpbml0Lm1wNBUCAsgBEgAoABgAGwKIB3VzZV9vaWwBMRJwcm9ncmVzc2l2ZV9yZWNpcGUBMRUAACaax6j_scfRBBUCKAJDMywXQE47peNT988YGWRhc2hfaDI2NC1iYXNpYy1nZW4yXzcyMHARAHUAZd6oAQA&_nc_gid=M-pPyni3fH8cvCf7DfRH6g&_nc_ss=7b289&_nc_zt=28&oh=00_Af_1U8IQk_D5xfucFMWgJKFawraug2VDrYXkh-0OchCAkA&oe=6A398942 | SD: https://video.fjai6-1.fna.fbcdn.net/o1/v/t2/f2/m412/AQO8PGu4Du6Vw0ym4f7hV3oo3TYWtpUwdYEE4Lb3Yo2kbYtXuuRma9FM6wcSdhREbXtewgmKjIgCIQqrHTj7ECZ3LX5X1Qhh_vCltcR0jw.mp4?_nc_cat=111&_nc_oc=AdpZEB4tr5IvsTPTwLANSuY_xxwXCuaTGWLq5hGCL6-SsFc4rH3kATP3ECfk9ouWLR2sUw87n3OBOguHWLfSeaUR&_nc_sid=ef5aa3&_nc_ht=video.fjai6-1.fna.fbcdn.net&_nc_ohc=30cGGBCinTQQ7kNvwEWbWaE&efg=eyJ2ZW5jb2RlX3RhZyI6Inhwdl9wcm9ncmVzc2l2ZS5WSV9VU0VDQVNFX1BST0RVQ1RfVFlQRS4uQzMuMzYwLnN2ZV9zZCIsInhwdl9hc3NldF9pZCI6MTMwNTI0NzI3MTQyNDQ2MSwiYXNzZXRfYWdlX2RheXMiOjExMiwidmlfdXNlY2FzZV9pZCI6MTA3OTksImR1cmF0aW9uX3MiOjYwLCJ1cmxnZW5fc291cmNlIjoid3d3In0%3D&ccb=17-1&_nc_gid=M-pPyni3fH8cvCf7DfRH6g&_nc_ss=7b289&_nc_zt=28&oh=00_Af_58Zoo5MW0vn2hZossJKDoOI9P-7EZsHXbws2ooNn7cQ&oe=6A399557 | Preview: https://scontent.fjai6-1.fna.fbcdn.net/v/t39.35426-6/722205113_1686823132468353_6963526965302685261_n.jpg?_nc_cat=111&ccb=1-7&_nc_sid=c53f8f&_nc_ohc=9yH0SQFCRHoQ7kNvwEJp71v&_nc_oc=AdoBAg6AO4EVADWqTD7LNtYYndb6lC6pn8er9134jD2TZZbIjMZ9M0EIo9_1EwEpmOJ29DGvVi7DT__YZAh3yDUE&_nc_zt=14&_nc_ht=scontent.fjai6-1.fna&_nc_gid=M-pPyni3fH8cvCf7DfRH6g&_nc_ss=7b289&oh=00_Af-57lw_P2E4jFlof0YxnMpHl12OgtFibZmT-GmHevsPKw&oe=6A398A2C,,,,,,,
27274967228804582,https://www.facebook.com/ParadiseGroupNM/,fb.me,https://www.facebook.com/ParadiseGroupNM/,,,,marketing@paradisegroup.co.in,,,,,1587242448229072,http://fb.me/,Paradise Group,https://www.facebook.com/ads/library/?id=27274967228804582,"A Township of 1 & 2 BHK Cosmo-Luxury Homes with the Charm of Luxo
Starting at ₹44 Lakhs* Onwards
At Sai Sun City, Upper Khaghar

Project Highlights

✅ Spread across 29 acres township
✅ Themed Homes
✅ G+32 Storeyed Towers
✅ Club Atlantis - 55,000 sq.ft. Club House
✅ Skating Area
✅ Swimming Pool
✅ Tusk Bar + Trellis
✅ Lawn Tennis

MAHARERA REGISTRATION NO.: P52000033880, P52000045371 & P52000046738 l T&C Apply",46414,Learn more,fb.me,"FACEBOOK; INSTAGRAM",2026-06-12,2026-06-17,HD: https://video.fjai6-1.fna.fbcdn.net/o1/v/t2/f2/m366/AQOjV-pNHzpBOQ-rj6-LNfeeBt_UH3toaUF_9u-WsqDTbXQ9ae3VDOV4RSx75LpQ4G9B4v19u4o_QUqW3DPNpFxkqVwF9r9DdlT4NgbM5arRww.mp4?_nc_cat=102&_nc_oc=Adp-aInOROHYq3-zUyKb9j6-i-s0wHlhiDP7yfFjwmVhU4l4zl8rASSgugSKz546VeCaUPMrGVcj-vpaBqctrlqU&_nc_sid=b66105&_nc_ht=video.fjai6-1.fna.fbcdn.net&_nc_ohc=JqVfTybMXAQQ7kNvwEJf4TK&efg=eyJ2ZW5jb2RlX3RhZyI6Inhwdl9wcm9ncmVzc2l2ZS5WSV9VU0VDQVNFX1BST0RVQ1RfVFlQRS4uQzMuNzIwLmRhc2hfaDI2NC1iYXNpYy1nZW4yXzcyMHAiLCJ4cHZfYXNzZXRfaWQiOjEzMDUyNDcyNzE0MjQ0NjEsImFzc2V0X2FnZV9kYXlzIjoxMTIsInZpX3VzZWNhc2VfaWQiOjEwNzk5LCJkdXJhdGlvbl9zIjo2MCwidXJsZ2VuX3NvdXJjZSI6Ind3dyJ9&ccb=17-1&vs=da84a8c7e16bfe3c&_nc_vs=HBksFQIYRWZiX2VwaGVtZXJhbC80NjQxRkVFQTE4RTlCREYyRDVFMkVENUNFOUE1NkM5Ql9tdF8xX3ZpZGVvX2Rhc2hpbml0Lm1wNBUAAsgBEgAVAhhAZmJfcGVybWFuZW50LzgyNDNGM0RGQUJGRjE5QkYyNEI2N0Y5Q0VDOUIxRjkzX2F1ZGlvX2Rhc2hpbml0Lm1wNBUCAsgBEgAoABgAGwKIB3VzZV9vaWwBMRJwcm9ncmVzc2l2ZV9yZWNpcGUBMRUAACaax6j_scfRBBUCKAJDMywXQE47peNT988YGWRhc2hfaDI2NC1iYXNpYy1nZW4yXzcyMHARAHUAZd6oAQA&_nc_gid=M-pPyni3fH8cvCf7DfRH6g&_nc_ss=7b289&_nc_zt=28&oh=00_Af_1U8IQk_D5xfucFMWgJKFawraug2VDrYXkh-0OchCAkA&oe=6A398942 | SD: https://video.fjai6-1.fna.fbcdn.net/o1/v/t2/f2/m412/AQO8PGu4Du6Vw0ym4f7hV3oo3TYWtpUwdYEE4Lb3Yo2kbYtXuuRma9FM6wcSdhREbXtewgmKjIgCIQqrHTj7ECZ3LX5X1Qhh_vCltcR0jw.mp4?_nc_cat=111&_nc_oc=AdpZEB4tr5IvsTPTwLANSuY_xxwXCuaTGWLq5hGCL6-SsFc4rH3kATP3ECfk9ouWLR2sUw87n3OBOguHWLfSeaUR&_nc_sid=ef5aa3&_nc_ht=video.fjai6-1.fna.fbcdn.net&_nc_ohc=30cGGBCinTQQ7kNvwEWbWaE&efg=eyJ2ZW5jb2RlX3RhZyI6Inhwdl9wcm9ncmVzc2l2ZS5WSV9VU0VDQVNFX1BST0RVQ1RfVFlQRS4uQzMuMzYwLnN2ZV9zZCIsInhwdl9hc3NldF9pZCI6MTMwNTI0NzI3MTQyNDQ2MSwiYXNzZXRfYWdlX2RheXMiOjExMiwidmlfdXNlY2FzZV9pZCI6MTA3OTksImR1cmF0aW9uX3MiOjYwLCJ1cmxnZW5fc291cmNlIjoid3d3In0%3D&ccb=17-1&_nc_gid=M-pPyni3fH8cvCf7DfRH6g&_nc_ss=7b289&_nc_zt=28&oh=00_Af_58Zoo5MW0vn2hZossJKDoOI9P-7EZsHXbws2ooNn7cQ&oe=6A399557 | Preview: https://scontent.fjai6-1.fna.fbcdn.net/v/t39.35426-6/720949949_1721037729095061_7901893083244426742_n.jpg?_nc_cat=105&ccb=1-7&_nc_sid=c53f8f&_nc_ohc=fLNC80RjhsEQ7kNvwF_125X&_nc_oc=AdqudhIB3FmTIoOw-ygNXfxiXCaHMumyFUOd9Gy6zWwsJjN2muJIrG3kFePgSTFAQsLZ4XTxlayu8xM-LdmESGjD&_nc_zt=14&_nc_ht=scontent.fjai6-1.fna&_nc_gid=M-pPyni3fH8cvCf7DfRH6g&_nc_ss=7b289&oh=00_Af_GOW7m3wRucV0kVTxR8yDu_z7bDflG-i6YBWSGdYNWOA&oe=6A39AA54,,,,,,,
1680974156515843,https://www.facebook.com/61590907611874/,fb.me,https://www.facebook.com/61590907611874/,,,,,+91 98926 51603,,,,1087838031089237,http://fb.me/,Raheja District,https://www.facebook.com/ads/library/?id=1680974156515843,"Launching Raheja Atlantis in Raheja District Vashi NX crafted for Life Beyond Ordinary. 
✔ Discover Ultra Spacious 3 BHK Homes
✔ Luxury 3 BHK Homes of 1405 SQ.FT. from 4.99 Cr*
✔ Upscale Residences | Business Centers | Retail Boardwalk | Raheja District Arena
✔ Upcoming J W Marriot in the Neighbourhood | BKC 2 at Navi Mumbai Corporate Park | Metro Expansion Space ready
✔ Clubhouse | Gym | Entrance Lobby | Multipurpose Court | Jacuzzi
✔ Connectivity - Atal Setu | Navi Mumbai International Airport | Kharghar-Turbhe Tunnel Link Road
Raheja Atlantis-MahaRERA Registration no. - PM1330002501097",1,Learn more,fb.me,"FACEBOOK; INSTAGRAM",2026-06-15,2026-06-18,,,"Launching Raheja Atlantis in Raheja District Vashi NX crafted for Life Beyond Ordinary. 
✔ Discover Ultra Spacious 3 BHK Homes
✔ Luxury 3 BHK Homes of 1405 SQ.FT. from 4.99 Cr*
✔ Upscale Residences | Business Centers | Retail Boardwalk | Raheja District Arena
✔ Upcoming J W Marriot in the Neighbourhood | BKC 2 at Navi Mumbai Corporate Park | Metro Expansion Space ready
✔ Clubhouse | Gym | Entrance Lobby | Multipurpose Court | Jacuzzi
✔ Connectivity - Atal Setu | Navi Mumbai International Airport | Kharghar-Turbhe Tunnel Link Road
Raheja Atlantis-MahaRERA Registration no. - PM1330002501097 || Launching Raheja Atlantis in Raheja District Vashi NX crafted for Life Beyond Ordinary. 
✔ Discover Ultra Spacious 3 BHK Homes
✔ Luxury 3 BHK Homes of 1405 SQ.FT. from 4.99 Cr*
✔ Upscale Residences | Business Centers | Retail Boardwalk | Raheja District Arena
✔ Upcoming J W Marriot in the Neighbourhood | BKC 2 at Navi Mumbai Corporate Park | Metro Expansion Space ready
✔ Clubhouse | Gym | Entrance Lobby | Multipurpose Court | Jacuzzi
✔ Connectivity - Atal Setu | Navi Mumbai International Airport | Kharghar-Turbhe Tunnel Link Road
Raheja Atlantis-MahaRERA Registration no. - PM1330002501097 || Launching Raheja Atlantis in Raheja District Vashi NX crafted for Life Beyond Ordinary. 
✔ Discover Ultra Spacious 3 BHK Homes
✔ Luxury 3 BHK Homes of 1405 SQ.FT. from 4.99 Cr*
✔ Upscale Residences | Business Centers | Retail Boardwalk | Raheja District Arena
✔ Upcoming J W Marriot in the Neighbourhood | BKC 2 at Navi Mumbai Corporate Park | Metro Expansion Space ready
✔ Clubhouse | Gym | Entrance Lobby | Multipurpose Court | Jacuzzi
✔ Connectivity - Atal Setu | Navi Mumbai International Airport | Kharghar-Turbhe Tunnel Link Road
Raheja Atlantis-MahaRERA Registration no. - PM1330002501097 || Launching Raheja Atlantis in Raheja District Vashi NX crafted for Life Beyond Ordinary. 
✔ Discover Ultra Spacious 3 BHK Homes
✔ Luxury 3 BHK Homes of 1405 SQ.FT. from 4.99 Cr*
✔ Upscale Residences | Business Centers | Retail Boardwalk | Raheja District Arena
✔ Upcoming J W Marriot in the Neighbourhood | BKC 2 at Navi Mumbai Corporate Park | Metro Expansion Space ready
✔ Clubhouse | Gym | Entrance Lobby | Multipurpose Court | Jacuzzi
✔ Connectivity - Atal Setu | Navi Mumbai International Airport | Kharghar-Turbhe Tunnel Link Road
Raheja Atlantis-MahaRERA Registration no. - PM1330002501097 || Launching Raheja Atlantis in Raheja District Vashi NX crafted for Life Beyond Ordinary. 
✔ Discover Ultra Spacious 3 BHK Homes
✔ Luxury 3 BHK Homes of 1405 SQ.FT. from 4.99 Cr*
✔ Upscale Residences | Business Centers | Retail Boardwalk | Raheja District Arena
✔ Upcoming J W Marriot in the Neighbourhood | BKC 2 at Navi Mumbai Corporate Park | Metro Expansion Space ready
✔ Clubhouse | Gym | Entrance Lobby | Multipurpose Court | Jacuzzi
✔ Connectivity - Atal Setu | Navi Mumbai International Airport | Kharghar-Turbhe Tunnel Link Road
Raheja Atlantis-MahaRERA Registration no. - PM1330002501097 || Launching Raheja Atlantis in Raheja District Vashi NX crafted for Life Beyond Ordinary. 
✔ Discover Ultra Spacious 3 BHK Homes
✔ Luxury 3 BHK Homes of 1405 SQ.FT. from 4.99 Cr*
✔ Upscale Residences | Business Centers | Retail Boardwalk | Raheja District Arena
✔ Upcoming J W Marriot in the Neighbourhood | BKC 2 at Navi Mumbai Corporate Park | Metro Expansion Space ready
✔ Clubhouse | Gym | Entrance Lobby | Multipurpose Court | Jacuzzi
✔ Connectivity - Atal Setu | Navi Mumbai International Airport | Kharghar-Turbhe Tunnel Link Road
Raheja Atlantis-MahaRERA Registration no. - PM1330002501097",http://fb.me/ || http://fb.me/ || http://fb.me/ || http://fb.me/ || http://fb.me/ || http://fb.me/,,Learn More || Learn More || Learn More || Learn More || Learn More || Learn More,Original: https://scontent.fjai6-1.fna.fbcdn.net/v/t39.35426-6/724293528_927112423680136_7595128439793515842_n.jpg?_nc_cat=102&ccb=1-7&_nc_sid=c53f8f&_nc_ohc=R8naf6GoiYAQ7kNvwFNobJ-&_nc_oc=AdrW8BwSFNwFcMnjOGJekJL0b2IaRECY2bg1nyj--FntkPBM-oGqFTqHCx7lU_PbXTNbCG5fWQsvZFGw0gfWAIqG&_nc_zt=14&_nc_ht=scontent.fjai6-1.fna&_nc_gid=M-pPyni3fH8cvCf7DfRH6g&_nc_ss=7b289&oh=00_Af8EXMXb9v9QPkd3Q4WaLDg-JP_i7UElZbwvs2Yry7VR2g&oe=6A39A57E | Resized: https://scontent.fjai6-1.fna.fbcdn.net/v/t39.35426-6/724270263_1324969243171952_1379115707529539619_n.jpg?stp=dst-jpg_s600x600_tt6&_nc_cat=111&ccb=1-7&_nc_sid=c53f8f&_nc_ohc=Fs-iVBhsGUYQ7kNvwGcaDmY&_nc_oc=Adqyl7RY_PrDovQeyrowPWFTWcuew88Ks35snKfbRFJs4xc539O9N6tcpiXm1veZE_nu1Dft8s7_qnOXl1wPru0l&_nc_zt=14&_nc_ht=scontent.fjai6-1.fna&_nc_gid=M-pPyni3fH8cvCf7DfRH6g&_nc_ss=7b289&oh=00_Af_lpXS30IX6Uf7p595uIuXJ-qcXA14UV3gMQ8X32Yt9qg&oe=6A39883E || Original: https://scontent.fjai6-1.fna.fbcdn.net/v/t39.35426-6/724293532_2777572589295415_30063480942687144_n.jpg?_nc_cat=101&ccb=1-7&_nc_sid=c53f8f&_nc_ohc=mNcbX-fd4EMQ7kNvwF35Tjj&_nc_oc=AdpwJIgug5pNT2MlPwEk6NDVeACstiE_o_YIbbdbXhyqvtDKMq_qpbs0zQoK1Eb1gKYHiRpmbtV51hoogwxeLTEi&_nc_zt=14&_nc_ht=scontent.fjai6-1.fna&_nc_gid=M-pPyni3fH8cvCf7DfRH6g&_nc_ss=7b289&oh=00_Af8V7aKChIll_0HbohsCV4DcHqAfb8eHutgZKlLUTg3Hsg&oe=6A39AB08 | Resized: https://scontent.fjai6-1.fna.fbcdn.net/v/t39.35426-6/722702941_1021535380368039_8646440170551958968_n.jpg?stp=dst-jpg_s600x600_tt6&_nc_cat=109&ccb=1-7&_nc_sid=c53f8f&_nc_ohc=HCBJ5n1LDU8Q7kNvwGDYc-A&_nc_oc=AdqfqiWOWDADUIEUSOJGPnRo2mDMgpStnviCeuyGJ6KKhpHJUvA5cMdhZD6Kxcp0qxASaynxT8PsH0FaPXxJA7Zo&_nc_zt=14&_nc_ht=scontent.fjai6-1.fna&_nc_gid=M-pPyni3fH8cvCf7DfRH6g&_nc_ss=7b289&oh=00_Af8vEs747xMoZ-Hpa3eNYKLux_813uEA2grFPc8dSrvlSQ&oe=6A39A292 || Original: https://scontent.fjai6-1.fna.fbcdn.net/v/t39.35426-6/724720819_27609042158734955_6629715477597696836_n.jpg?_nc_cat=104&ccb=1-7&_nc_sid=c53f8f&_nc_ohc=sQuQ_1rrdqcQ7kNvwGSTW9Y&_nc_oc=Adp_Dqq_zgwG9hjL4Jo4xI6DVQhtyQ00H7loTnDDTThjVfia_ey1T9C-mMIS9mEneCj3bgzuFtrTNs9rISDnvCeN&_nc_zt=14&_nc_ht=scontent.fjai6-1.fna&_nc_gid=M-pPyni3fH8cvCf7DfRH6g&_nc_ss=7b289&oh=00_Af-ozixUTs5Y1TRMwYMt0gwYkfGpacN6A6TiQo00Fp0EPw&oe=6A398739 | Resized: https://scontent.fjai6-1.fna.fbcdn.net/v/t39.35426-6/724666169_1654128525843976_5726119652051179021_n.jpg?stp=dst-jpg_s600x600_tt6&_nc_cat=102&ccb=1-7&_nc_sid=c53f8f&_nc_ohc=fpF-D2hdE0kQ7kNvwF3i_HB&_nc_oc=Adpd7idvHLJMxd_QisVmYgN8Nevni2eFh_0W6h5tY74gnhi-X1JF2lv3CI1f6lAaOmaqKZx37z6qcLKeQlUYb65c&_nc_zt=14&_nc_ht=scontent.fjai6-1.fna&_nc_gid=M-pPyni3fH8cvCf7DfRH6g&_nc_ss=7b289&oh=00_Af88S0fMCR0LW_zjuyt4W_aY3vqfXHDyIX7BeLZLKubm8w&oe=6A399171 || Original: https://scontent.fjai6-1.fna.fbcdn.net/v/t39.35426-6/724720819_27609042158734955_6629715477597696836_n.jpg?_nc_cat=104&ccb=1-7&_nc_sid=c53f8f&_nc_ohc=sQuQ_1rrdqcQ7kNvwGSTW9Y&_nc_oc=Adp_Dqq_zgwG9hjL4Jo4xI6DVQhtyQ00H7loTnDDTThjVfia_ey1T9C-mMIS9mEneCj3bgzuFtrTNs9rISDnvCeN&_nc_zt=14&_nc_ht=scontent.fjai6-1.fna&_nc_gid=M-pPyni3fH8cvCf7DfRH6g&_nc_ss=7b289&oh=00_Af-ozixUTs5Y1TRMwYMt0gwYkfGpacN6A6TiQo00Fp0EPw&oe=6A398739 | Resized: https://scontent.fjai6-1.fna.fbcdn.net/v/t39.35426-6/724666169_1654128525843976_5726119652051179021_n.jpg?stp=dst-jpg_s600x600_tt6&_nc_cat=102&ccb=1-7&_nc_sid=c53f8f&_nc_ohc=fpF-D2hdE0kQ7kNvwF3i_HB&_nc_oc=Adpd7idvHLJMxd_QisVmYgN8Nevni2eFh_0W6h5tY74gnhi-X1JF2lv3CI1f6lAaOmaqKZx37z6qcLKeQlUYb65c&_nc_zt=14&_nc_ht=scontent.fjai6-1.fna&_nc_gid=M-pPyni3fH8cvCf7DfRH6g&_nc_ss=7b289&oh=00_Af88S0fMCR0LW_zjuyt4W_aY3vqfXHDyIX7BeLZLKubm8w&oe=6A399171 || Original: https://scontent.fjai6-1.fna.fbcdn.net/v/t39.35426-6/724247414_1327351166206450_61677014620610869_n.jpg?_nc_cat=108&ccb=1-7&_nc_sid=c53f8f&_nc_ohc=XVdHyJIw4XQQ7kNvwFHTnyh&_nc_oc=AdrEd1e5edEE6ZrhAxG37DoIM67d02lzinIuRNO7__GRo_PoXak2C-zpjh3ooziodxwgyW18th--M5SWbgdgwSij&_nc_zt=14&_nc_ht=scontent.fjai6-1.fna&_nc_gid=M-pPyni3fH8cvCf7DfRH6g&_nc_ss=7b289&oh=00_Af-b9qGp3NHu09Ixj_UuE_0Uj-LXt0UGEXoV15VDl4l_Pg&oe=6A39AAA1 | Resized: https://scontent.fjai6-1.fna.fbcdn.net/v/t39.35426-6/722702940_986303427333826_9143581716106032714_n.jpg?stp=dst-jpg_s600x600_tt6&_nc_cat=107&ccb=1-7&_nc_sid=c53f8f&_nc_ohc=Q61TKgWzjiYQ7kNvwFo5G-A&_nc_oc=AdqAayeBNJOg4FeUsmgVuJFCEHSId5ZExj6D8XXSV-S6YCksxm8l1N6FhRfB4Y-lUjbRa6tf3sRhGGcjbxJhgEtJ&_nc_zt=14&_nc_ht=scontent.fjai6-1.fna&_nc_gid=M-pPyni3fH8cvCf7DfRH6g&_nc_ss=7b289&oh=00_Af9OuVe2T_rBcv2fsTcR2btJ3J0E8XxNxK0Q17Mc1c70GA&oe=6A39AAEB || Original: https://scontent.fjai6-1.fna.fbcdn.net/v/t39.35426-6/724257031_1012532737831393_4555091212300845211_n.jpg?_nc_cat=102&ccb=1-7&_nc_sid=c53f8f&_nc_ohc=BCCYHrFasp8Q7kNvwFO_8nf&_nc_oc=AdpN5ePF0NluL_T6fLV566mWeXiKYAAevybybDN5UpyRpgBqUvW5esXJ3KOcpRcyW4TRgwjWdw9xKWAKlmiclQth&_nc_zt=14&_nc_ht=scontent.fjai6-1.fna&_nc_gid=M-pPyni3fH8cvCf7DfRH6g&_nc_ss=7b289&oh=00_Af_q0GWQiU8LkPZELEMKBhkg-XL0LP3DeXd4O9W88KuKKQ&oe=6A39A575 | Resized: https://scontent.fjai6-1.fna.fbcdn.net/v/t39.35426-6/724235658_1744221780083204_792122393855553260_n.jpg?stp=dst-jpg_s600x600_tt6&_nc_cat=100&ccb=1-7&_nc_sid=c53f8f&_nc_ohc=27hJpr0-tjcQ7kNvwEFKSeW&_nc_oc=AdrrKa4Kjxc7YWluo95yfeQ545Nlzka2y19_ERuPqsVlz_QpRNKMHtqel4qHbaYRXM9kICxQZncWyfpMJcoFYZKv&_nc_zt=14&_nc_ht=scontent.fjai6-1.fna&_nc_gid=M-pPyni3fH8cvCf7DfRH6g&_nc_ss=7b289&oh=00_Af9xuW3lmp0aEt-wBbeDsOo2dYNdRAhQL-K47FKxxoEx3Q&oe=6A39934C,
1371017258207007,https://www.facebook.com/61590907611874/,fb.me,https://www.facebook.com/61590907611874/,,,,,+91 98926 51603,,,,1087838031089237,http://fb.me/,Raheja District,https://www.facebook.com/ads/library/?id=1371017258207007,"Launching Raheja Atlantis in Raheja District Vashi NX crafted for Life Beyond Ordinary. Discover Ultra Spacious 3 BHK Homes
✅ Luxury 3 BHK Homes of 1405 SQ.FT. from 4.99 Cr*
✅ Upscale Residences | Business Centers | Retail Boardwalk | Raheja District Arena
✅ Upcoming J W Marriot in the Neighbourhood | BKC 2 at Navi Mumbai Corporate Park | Metro Expansion Space ready
✅ Clubhouse | Gym | Entrance Lobby | Multipurpose Court | Jacuzzi
✅ Connectivity - Atal Setu | Navi Mumbai International Airport | Kharghar-Turbhe Tunnel Link Road
✅ Raheja Atlantis-MahaRERA Registration no. - PM1330002501097",1,Learn more,fb.me,"FACEBOOK; INSTAGRAM",2026-06-09,2026-06-18,,,"Launching Raheja Atlantis in Raheja District Vashi NX crafted for Life Beyond Ordinary. Discover Ultra Spacious 3 BHK Homes
✅ Luxury 3 BHK Homes of 1405 SQ.FT. from 4.99 Cr*
✅ Upscale Residences | Business Centers | Retail Boardwalk | Raheja District Arena
✅ Upcoming J W Marriot in the Neighbourhood | BKC 2 at Navi Mumbai Corporate Park | Metro Expansion Space ready
✅ Clubhouse | Gym | Entrance Lobby | Multipurpose Court | Jacuzzi
✅ Connectivity - Atal Setu | Navi Mumbai International Airport | Kharghar-Turbhe Tunnel Link Road
✅ Raheja Atlantis-MahaRERA Registration no. - PM1330002501097 || Launching Raheja Atlantis in Raheja District Vashi NX crafted for Life Beyond Ordinary. Discover Ultra Spacious 3 BHK Homes
✅ Luxury 3 BHK Homes of 1405 SQ.FT. from 4.99 Cr*
✅ Upscale Residences | Business Centers | Retail Boardwalk | Raheja District Arena
✅ Upcoming J W Marriot in the Neighbourhood | BKC 2 at Navi Mumbai Corporate Park | Metro Expansion Space ready
✅ Clubhouse | Gym | Entrance Lobby | Multipurpose Court | Jacuzzi
✅ Connectivity - Atal Setu | Navi Mumbai International Airport | Kharghar-Turbhe Tunnel Link Road
✅ Raheja Atlantis-MahaRERA Registration no. - PM1330002501097 || Launching Raheja Atlantis in Raheja District Vashi NX crafted for Life Beyond Ordinary. Discover Ultra Spacious 3 BHK Homes
✅ Luxury 3 BHK Homes of 1405 SQ.FT. from 4.99 Cr*
✅ Upscale Residences | Business Centers | Retail Boardwalk | Raheja District Arena
✅ Upcoming J W Marriot in the Neighbourhood | BKC 2 at Navi Mumbai Corporate Park | Metro Expansion Space ready
✅ Clubhouse | Gym | Entrance Lobby | Multipurpose Court | Jacuzzi
✅ Connectivity - Atal Setu | Navi Mumbai International Airport | Kharghar-Turbhe Tunnel Link Road
✅ Raheja Atlantis-MahaRERA Registration no. - PM1330002501097 || Launching Raheja Atlantis in Raheja District Vashi NX crafted for Life Beyond Ordinary. Discover Ultra Spacious 3 BHK Homes
✅ Luxury 3 BHK Homes of 1405 SQ.FT. from 4.99 Cr*
✅ Upscale Residences | Business Centers | Retail Boardwalk | Raheja District Arena
✅ Upcoming J W Marriot in the Neighbourhood | BKC 2 at Navi Mumbai Corporate Park | Metro Expansion Space ready
✅ Clubhouse | Gym | Entrance Lobby | Multipurpose Court | Jacuzzi
✅ Connectivity - Atal Setu | Navi Mumbai International Airport | Kharghar-Turbhe Tunnel Link Road
✅ Raheja Atlantis-MahaRERA Registration no. - PM1330002501097 || Launching Raheja Atlantis in Raheja District Vashi NX crafted for Life Beyond Ordinary. Discover Ultra Spacious 3 BHK Homes
✅ Luxury 3 BHK Homes of 1405 SQ.FT. from 4.99 Cr*
✅ Upscale Residences | Business Centers | Retail Boardwalk | Raheja District Arena
✅ Upcoming J W Marriot in the Neighbourhood | BKC 2 at Navi Mumbai Corporate Park | Metro Expansion Space ready
✅ Clubhouse | Gym | Entrance Lobby | Multipurpose Court | Jacuzzi
✅ Connectivity - Atal Setu | Navi Mumbai International Airport | Kharghar-Turbhe Tunnel Link Road
✅ Raheja Atlantis-MahaRERA Registration no. - PM1330002501097",http://fb.me/ || http://fb.me/ || http://fb.me/ || http://fb.me/ || http://fb.me/,,Learn More || Learn More || Learn More || Learn More || Learn More,Original: https://scontent.fjai6-1.fna.fbcdn.net/v/t39.35426-6/718980555_859487736706801_1167911270955285839_n.jpg?_nc_cat=103&ccb=1-7&_nc_sid=c53f8f&_nc_ohc=wujqJfjPY38Q7kNvwGEdefe&_nc_oc=AdqFgeIGlTlBqbmya5ehGQ9WwqIfbR4zDxw7Gavtrybp0zvhqt7Q_MIIZA8RlbnDiSsvZu1u6Xcv3sByCsNyE6Pt&_nc_zt=14&_nc_ht=scontent.fjai6-1.fna&_nc_gid=M-pPyni3fH8cvCf7DfRH6g&_nc_ss=7b289&oh=00_Af-dCtg0l8BCjK9Ds07egmSBWn9oEklmkEUZgJ_8ZJaXog&oe=6A399AC6 | Resized: https://scontent.fjai6-1.fna.fbcdn.net/v/t39.35426-6/720407850_1680025683246859_7366659465713158753_n.jpg?stp=dst-jpg_s600x600_tt6&_nc_cat=109&ccb=1-7&_nc_sid=c53f8f&_nc_ohc=ko5PIA9iOPsQ7kNvwFQNLzi&_nc_oc=AdqE4v-6DLOYcT8-fOGagJ6dq60EkzQpt34nCP-VDRU9zRBDb2Ilc-rMFIGxc_ze8rkgnpMVo2seEQ4Gy6v6KoCw&_nc_zt=14&_nc_ht=scontent.fjai6-1.fna&_nc_gid=M-pPyni3fH8cvCf7DfRH6g&_nc_ss=7b289&oh=00_Af_XXRUUH7fqQGpEF8TSbVB0wRmcK-buEJIUdQpOf5bbng&oe=6A399866 || Original: https://scontent.fjai6-1.fna.fbcdn.net/v/t39.35426-6/720647306_1683908006092884_8549613225431761157_n.jpg?_nc_cat=102&ccb=1-7&_nc_sid=c53f8f&_nc_ohc=Y8Ldg8NuQ1cQ7kNvwGpwic2&_nc_oc=AdooQ_y_07xW4dFdOtH-Yk57UbZq5FE3uiQpjneFy-tfl3eoMYcoOwk_3cmaIGj6_XRgRVtEAiGXf4B7hlGW7Cmr&_nc_zt=14&_nc_ht=scontent.fjai6-1.fna&_nc_gid=M-pPyni3fH8cvCf7DfRH6g&_nc_ss=7b289&oh=00_Af-WUQSVIjpYqsLY38VDBhzfX9EprmJvC8_KJIQKnXM5Lg&oe=6A3999C5 | Resized: https://scontent.fjai6-1.fna.fbcdn.net/v/t39.35426-6/720588199_2515029988917008_4351053824577242373_n.jpg?stp=dst-jpg_s600x600_tt6&_nc_cat=100&ccb=1-7&_nc_sid=c53f8f&_nc_ohc=_AlnqbmTPSQQ7kNvwFNFJAz&_nc_oc=AdpoO-lYKzJnmmeNZCS3pCayACBL-zkHLrT3W0UX57HepelynkotZ7RPKF-yBeFhXp5JaDEEs88q6OOvPB5tdvUX&_nc_zt=14&_nc_ht=scontent.fjai6-1.fna&_nc_gid=M-pPyni3fH8cvCf7DfRH6g&_nc_ss=7b289&oh=00_Af9ty4Z5RjmIBlO6vOw5GrGoB_yDUobYZaVe3QrCHP-9ZA&oe=6A399A8B || Original: https://scontent.fjai6-1.fna.fbcdn.net/v/t39.35426-6/719649191_1525908075750971_6502073893974063798_n.jpg?_nc_cat=104&ccb=1-7&_nc_sid=c53f8f&_nc_ohc=1DBfdt7lslMQ7kNvwHNcYMw&_nc_oc=AdoiozBjHLN7PWANZaDUcqhm7HGYipyK7bGlf_EOSV_172o4ZP-uJ3V6RsY5fqHfKQ7bNq46aCJosw1BJUImQ9h3&_nc_zt=14&_nc_ht=scontent.fjai6-1.fna&_nc_gid=M-pPyni3fH8cvCf7DfRH6g&_nc_ss=7b289&oh=00_Af_ldjxGCI4RHoUkpnQ_ox5ORqN8NvVMXNpzPk1sP6rtZQ&oe=6A398744 | Resized: https://scontent.fjai6-1.fna.fbcdn.net/v/t39.35426-6/718689774_1778070126965684_7987779099659540169_n.jpg?stp=dst-jpg_s600x600_tt6&_nc_cat=100&ccb=1-7&_nc_sid=c53f8f&_nc_ohc=J-26MOLdwxIQ7kNvwFfuYfr&_nc_oc=Ado6eObEdTp09IpJ8-APqQztLCS7I-zFP1zPeEje3pk-UXHnAOQ1belBDO8bnK7w0LKWcUS4de8V5SGBKiA8SQc_&_nc_zt=14&_nc_ht=scontent.fjai6-1.fna&_nc_gid=M-pPyni3fH8cvCf7DfRH6g&_nc_ss=7b289&oh=00_Af9wlntQVopZN3WmOR5shfw7yiv2FOfUi6jddYd2vpUW4A&oe=6A39A71F || Original: https://scontent.fjai6-1.fna.fbcdn.net/v/t39.35426-6/719649191_1525908075750971_6502073893974063798_n.jpg?_nc_cat=104&ccb=1-7&_nc_sid=c53f8f&_nc_ohc=1DBfdt7lslMQ7kNvwHNcYMw&_nc_oc=AdoiozBjHLN7PWANZaDUcqhm7HGYipyK7bGlf_EOSV_172o4ZP-uJ3V6RsY5fqHfKQ7bNq46aCJosw1BJUImQ9h3&_nc_zt=14&_nc_ht=scontent.fjai6-1.fna&_nc_gid=M-pPyni3fH8cvCf7DfRH6g&_nc_ss=7b289&oh=00_Af_ldjxGCI4RHoUkpnQ_ox5ORqN8NvVMXNpzPk1sP6rtZQ&oe=6A398744 | Resized: https://scontent.fjai6-1.fna.fbcdn.net/v/t39.35426-6/718689774_1778070126965684_7987779099659540169_n.jpg?stp=dst-jpg_s600x600_tt6&_nc_cat=100&ccb=1-7&_nc_sid=c53f8f&_nc_ohc=J-26MOLdwxIQ7kNvwFfuYfr&_nc_oc=Ado6eObEdTp09IpJ8-APqQztLCS7I-zFP1zPeEje3pk-UXHnAOQ1belBDO8bnK7w0LKWcUS4de8V5SGBKiA8SQc_&_nc_zt=14&_nc_ht=scontent.fjai6-1.fna&_nc_gid=M-pPyni3fH8cvCf7DfRH6g&_nc_ss=7b289&oh=00_Af9wlntQVopZN3WmOR5shfw7yiv2FOfUi6jddYd2vpUW4A&oe=6A39A71F || Original: https://scontent.fjai6-1.fna.fbcdn.net/v/t39.35426-6/719714466_1823114639129361_4795079541537648642_n.jpg?_nc_cat=109&ccb=1-7&_nc_sid=c53f8f&_nc_ohc=aZ3SE16_k00Q7kNvwGj9CF9&_nc_oc=AdoxhNiCHlg6nYswChClF5Ba4iB-I3zHrLaQYLFCRbc6EJyLnCNeHf7X9yy0qN9uYYOAMwLV8d07xiyc0hDagIsa&_nc_zt=14&_nc_ht=scontent.fjai6-1.fna&_nc_gid=M-pPyni3fH8cvCf7DfRH6g&_nc_ss=7b289&oh=00_Af9lzLVlBqEIFnv9ELxBTBnVVAsn4ixZFYPyTRvGP0MUSw&oe=6A39A287 | Resized: https://scontent.fjai6-1.fna.fbcdn.net/v/t39.35426-6/719634814_1319126877073038_543124489141664878_n.jpg?stp=dst-jpg_s600x600_tt6&_nc_cat=100&ccb=1-7&_nc_sid=c53f8f&_nc_ohc=2hHDgwpLZSwQ7kNvwEgbDsJ&_nc_oc=AdqrargpYKABEaTBAHgJJtLpPYwG78Kc1FzCM0QnVrNISihu8Llt7TJr-Xr0CtbyYixdDWceY7OCkokcYTOGxffk&_nc_zt=14&_nc_ht=scontent.fjai6-1.fna&_nc_gid=M-pPyni3fH8cvCf7DfRH6g&_nc_ss=7b289&oh=00_Af_lwlUughNvoMtEpZfa-GPLH-C2IIE2I8eLIFUvGti6nA&oe=6A39BD2F,
2212611966304925,https://www.facebook.com/ArihantSupersrtucturesLtd/,fb.me,https://www.facebook.com/ArihantSupersrtucturesLtd/,,,,info@asl.net.in,+91 22 6857 2222,,,,102197561557550,http://fb.me/,Arihant Superstructures ltd,https://www.facebook.com/ads/library/?id=2212611966304925,"✨ Ready-to-Move Homes Starting at Just ₹75 Lacs+! ✨

Welcome to Arihant Clan Aalishan, Kharghar Annexe – where comfort meets connectivity.

🏡 Choose from:
Big Studio , 2 & 3 BHK Homes

📍 Prime Location Benefits:
✔ Navi Mumbai International Airport – 20 mins
✔ Thane-Panvel Highway (NH48) – 1 min
✔ Amandoot Metro Station – 5 mins
✔ Sri Sanjivani Hospital – 4 mins
✔ Tata Hospital – 10 mins
✔ Kharghar Corporate Park – 10 mins
✔ Gurudwara – 10 mins
✔ ISKCON Temple – 12 mins
✔ Central Park – 12 mins
✔ Golf Course – 14 mins

🌿 Upgrade to a Changing Lifestyle with Premium Living Spaces

💰 Starting Price: ₹75 Lacs+
🏠 Ready to Move In – No Waiting!

📞 Book Your Site Visit Today!

T&C Apply",25912,See details,fb.me,"FACEBOOK; INSTAGRAM; AUDIENCE_NETWORK",2026-06-13,2026-06-18,HD: https://video.fjai6-1.fna.fbcdn.net/o1/v/t2/f2/m366/AQPe9vaOf5nRvi3ngaO3WIrOl7rvSEFsnVJPFiqgrgPCyU4w0g0qRdUgMPH8XoPFdtLkbYpNdrP5drZBzEXsxo0q6axx-VgRGdR0RSym1Ku-5Q.mp4?_nc_cat=109&_nc_oc=AdrJ9559h1BGwLJcaksih3afxJwneXEDldd9xKgd4bXCJTOU1DUuwJS0vLHtyerPPX7SB9iVESH1G0WvxvkU4BeS&_nc_sid=b66105&_nc_ht=video.fjai6-1.fna.fbcdn.net&_nc_ohc=cCKhXhrbaa8Q7kNvwFRIGOi&efg=eyJ2ZW5jb2RlX3RhZyI6Inhwdl9wcm9ncmVzc2l2ZS5WSV9VU0VDQVNFX1BST0RVQ1RfVFlQRS4uQzMuNzIwLmRhc2hfaDI2NC1iYXNpYy1nZW4yXzcyMHAiLCJ4cHZfYXNzZXRfaWQiOjI0MzYyNDc3NTM0OTEyOTcsImFzc2V0X2FnZV9kYXlzIjoxODgsInZpX3VzZWNhc2VfaWQiOjEwNzk5LCJkdXJhdGlvbl9zIjo1MiwidXJsZ2VuX3NvdXJjZSI6Ind3dyJ9&ccb=17-1&vs=ec9e68cdb0d0ae20&_nc_vs=HBksFQIYRWZiX2VwaGVtZXJhbC82NTQ2RjU1Q0ZCNEE5MkEzMDFCOEU4RTBENzI1RkQ5RV9tdF8xX3ZpZGVvX2Rhc2hpbml0Lm1wNBUAAsgBEgAVAhhAZmJfcGVybWFuZW50LzI4NEYwRTRBQkUxMTBCQzk1OUM0OTU1NjFEQjBCNkFDX2F1ZGlvX2Rhc2hpbml0Lm1wNBUCAsgBEgAoABgAGwKIB3VzZV9vaWwBMRJwcm9ncmVzc2l2ZV9yZWNpcGUBMRUAACbCjfSepPDTCBUCKAJDMywXQEoEOVgQYk4YGWRhc2hfaDI2NC1iYXNpYy1nZW4yXzcyMHARAHUAZd6oAQA&_nc_gid=M-pPyni3fH8cvCf7DfRH6g&_nc_ss=7b289&_nc_zt=28&oh=00_Af-Pu6gtzZzXmP-bqyRCauHStRz9s0eWRKz2AS2ZT73Lxg&oe=6A398C67 | SD: https://video.fjai6-1.fna.fbcdn.net/o1/v/t2/f2/m412/AQO1fQpHaLzMseQlpz3nsc3S7fkXAxq47UbbvU0cAZ2zVzt3G4bVjaB4VSKxt1bD9r2gRPrBDdDUoj5rwf1A5AxbuwFA29DUgkKRwuaEnQ.mp4?_nc_cat=103&_nc_oc=AdorNAzu-6G9npVcLVVuxtlv3hWF6oZnL93fSbmh9iAQXcYqmzRkaGMLA5af87C-7Il2KexLvoToZPtfg1Y-1Acj&_nc_sid=ef5aa3&_nc_ht=video.fjai6-1.fna.fbcdn.net&_nc_ohc=CUHwiXXPLmkQ7kNvwGbzdYf&efg=eyJ2ZW5jb2RlX3RhZyI6Inhwdl9wcm9ncmVzc2l2ZS5WSV9VU0VDQVNFX1BST0RVQ1RfVFlQRS4uQzMuMzYwLnN2ZV9zZCIsInhwdl9hc3NldF9pZCI6MjQzNjI0Nzc1MzQ5MTI5NywiYXNzZXRfYWdlX2RheXMiOjE4OCwidmlfdXNlY2FzZV9pZCI6MTA3OTksImR1cmF0aW9uX3MiOjUyLCJ1cmxnZW5fc291cmNlIjoid3d3In0%3D&ccb=17-1&_nc_gid=M-pPyni3fH8cvCf7DfRH6g&_nc_ss=7b289&_nc_zt=28&oh=00_Af-gYaph33HeFgtzM6FsyhuDZRGJ2AM8fk30i8B44XbJtA&oe=6A39AF93 | Preview: https://scontent.fjai6-1.fna.fbcdn.net/v/t39.35426-6/723103271_1561718258646874_7317245064583974416_n.jpg?_nc_cat=101&ccb=1-7&_nc_sid=c53f8f&_nc_ohc=Dr0-DF6YIRsQ7kNvwGsRxMx&_nc_oc=AdoOmwVhpfBqpqapwG8DVirTINq2dxtwRjzBIe5nuUd-Wsp2VNmHTDPO3KBILZVSiH7DMXULIxHkysVhF4VIzl7k&_nc_zt=14&_nc_ht=scontent.fjai6-1.fna&_nc_gid=M-pPyni3fH8cvCf7DfRH6g&_nc_ss=7b289&oh=00_Af9V8ms6x7yO2oCVJIziopflrJ0DdkbhgvJAzdHOD4NEEw&oe=6A39B48A,,,,,,,
2045335022732241,https://www.facebook.com/flyhigheracademy/,api.whatsapp.com,https://www.facebook.com/flyhigheracademy/,,,,,,,,,103178801949230,https://api.whatsapp.com/send,Fly Higher Academy,https://www.facebook.com/ads/library/?id=2045335022732241,"✈️ Dreaming of a successful career in the Hospitality Industry?

Join Fly Higher Academy's 6-Month Hospitality Training Program and gain industry-ready skills with internship opportunities and placement assistance.

✅ Front Office Operations
✅ Guest Relations
✅ Food & Beverage Service
✅ Housekeeping Operations
✅ Professional Grooming & Communication Skills
✅ Resume Building & Interview Training

🎓 Ideal for Freshers, Students & Job Seekers

📍 Andheri East, Mumbai
📞 Call Now: 9082287002",226,Send WhatsApp message,WhatsApp,"FACEBOOK; INSTAGRAM; AUDIENCE_NETWORK; MESSENGER; WHATSAPP",2026-06-15,2026-06-18,,Original: https://scontent.fjai6-1.fna.fbcdn.net/v/t39.35426-6/721223555_27296702673325427_5089890934218068279_n.jpg?_nc_cat=102&ccb=1-7&_nc_sid=c53f8f&_nc_ohc=GjfghdQZSZkQ7kNvwGXqOQI&_nc_oc=AdpQC-qS12q8VYUhk5JY-ASP6AYSvZcIy5akT7yn_DvAuM1myUThGxeQRoml42PiWR2tUj5zITKafVzc4KMHIaeZ&_nc_zt=14&_nc_ht=scontent.fjai6-1.fna&_nc_gid=M-pPyni3fH8cvCf7DfRH6g&_nc_ss=7b289&oh=00_Af9N47rMQItWd8r0V6ZYZv9rdKQ0piik2v2N0iaGc62NEA&oe=6A39BCA0 | Resized: https://scontent.fjai6-1.fna.fbcdn.net/v/t39.35426-6/722754513_1459518252594834_9084600478753674235_n.jpg?stp=dst-jpg_s600x600_tt6&_nc_cat=111&ccb=1-7&_nc_sid=c53f8f&_nc_ohc=7TAAlc9f8Q8Q7kNvwGPsotR&_nc_oc=Adqax_oOh-9ZsS5BOcMxsVS0iVAotkGYKwMDTi057hfDBPE6R5eHdviUQpLPCggyj4zf4A20-KJjxrz6qARWGKMl&_nc_zt=14&_nc_ht=scontent.fjai6-1.fna&_nc_gid=M-pPyni3fH8cvCf7DfRH6g&_nc_ss=7b289&oh=00_Af_AJP7YK3eE02aJ-kmgj90enyvQ2EKUjUtc8wz8rkorFA&oe=6A39A402,,,,,,
1251956086834640,https://www.facebook.com/61584835761368/,api.whatsapp.com,https://www.facebook.com/61584835761368/,,,,,+91 70225 24228,,,,884085654791156,https://api.whatsapp.com/send,Ashreyaedge,https://www.facebook.com/ads/library/?id=1251956086834640,"👑 ONE ICONIC ADDRESS. A LIFE ABOVE ALL.

Introducing Queen's Necklace, Upper Kharghar — a landmark destination crafted for those who aspire to live beyond the ordinary.

Experience an extraordinary lifestyle amidst elegant architecture and world-class indulgences.

✨ Premium 1, 2 & 3 BHK Residences
🌿 Sprawling 4-Acre Gated Community
🏊 Swimming Pool
🌌 Sky Lounge & Rooftop Experiences
💦 Sky Jacuzzi
🎭 Open-Air Theatre
☕ Café & Restaurant
📚 Library & Reading Nook
🌳 Miyawaki Forest

Strategically connected to everything that matters:

✈️ Minutes From Navi Mumbai International Airport
🚇 5 Minutes From Kharghar Metro Station
🏢 Near Upcoming Corporate Park (BKC 2)
🛣️ Excellent Connectivity Via MTHL & KTLR

🎁 Limited Period Launch Benefits Available.

📲 WhatsApp Now For More Details & Exclusive Pricing

☎️ +91 77195 91220",5,Send WhatsApp message,WhatsApp,"FACEBOOK; INSTAGRAM; WHATSAPP",2026-06-16,2026-06-17,,Original: https://scontent.fjai6-1.fna.fbcdn.net/v/t39.35426-6/723917998_2060323361228584_6159216397393436729_n.jpg?_nc_cat=111&ccb=1-7&_nc_sid=c53f8f&_nc_ohc=HSTJVbwwx0sQ7kNvwEyOobD&_nc_oc=Adob1hMPObxmjD1_9LVSlHUBLWjvV6cHuXOqtyqkJlsGxf5dg_P35OAnO_agIflnUUcLlmyYkR8t62a1-zChZcR7&_nc_zt=14&_nc_ht=scontent.fjai6-1.fna&_nc_gid=YCAMzDjBi-7BbxA7VOFjmg&_nc_ss=7b289&oh=00_Af9M2g4SQV6kWm1JiT78D3cfe80pikKqoLD9Jd6E-6TlCA&oe=6A39965C | Resized: https://scontent.fjai6-1.fna.fbcdn.net/v/t39.35426-6/722116151_3549413465213445_2971954465622833279_n.jpg?stp=dst-jpg_s600x600_tt6&_nc_cat=111&ccb=1-7&_nc_sid=c53f8f&_nc_ohc=8_wK45t8TcwQ7kNvwElq_0u&_nc_oc=AdpWW7GESnLevvDVapyUodEjBBwhA_U7zQODyq2f_GYLHdXL07X9ab5u3ykFf0msuEzhztXHLAqLbSH-_Giggos9&_nc_zt=14&_nc_ht=scontent.fjai6-1.fna&_nc_gid=YCAMzDjBi-7BbxA7VOFjmg&_nc_ss=7b289&oh=00_Af9hMummeI_KeVE0YppBGaObRH5YgJCcRBEHBTw1FQ-nrQ&oe=6A39AAAF,,,,,,
1527652295679548,https://www.facebook.com/eshancollege/,,https://www.facebook.com/eshancollege/,,,,helpdesk@eshancollege.com,+91 96392 34234,,,,1533383383593453,,Eshan Group Of Institutions,https://www.facebook.com/ads/library/?id=1527652295679548,"MBA Lateral
🚀 B.Tech Graduates, Take the Next Step Towards Leadership! 🚀
🎓 Admissions Open for MBA (Lateral Entry) at Eshan College of Engineering & Management
Transform your technical expertise into managerial excellence with our industry-oriented MBA program. Gain advanced business knowledge, leadership skills, AI-integrated learning, and exciting career opportunities.
✅ AICTE Approved & AKTU Affiliated
✅ Industry-Oriented Curriculum
✅ Advanced AI & FinTech Training
✅ Placement Assistance & Corporate Exposure
✅ Scholarships Available
🌟 From Engineer to Manager – Build the Career You Aspire For!
📞 9639 234 234
🌐 www.eshancollege.com
📍 NH-2 Agra–Mathura Road, Near Raipura Jaat, Agra
#MBAAdmissions #MBALateralEntry #BTechToMBA #EshanCollege #AdmissionsOpen",4006,Sign up,,"FACEBOOK; INSTAGRAM; AUDIENCE_NETWORK; MESSENGER",2026-06-16,2026-06-17,,Original: https://scontent.fjai6-1.fna.fbcdn.net/v/t39.35426-6/724419802_1309068214208676_4328814904019430984_n.jpg?_nc_cat=105&ccb=1-7&_nc_sid=c53f8f&_nc_ohc=7YZ6K1EstuUQ7kNvwGsHEVi&_nc_oc=AdqCugmQ4mDYsVhnRksvSs4CQEAsVJco3oSgQu6KK1Np1q7Rl9BCtJXp8vUXQe7dqWgen665GyH-mIvvjLXmWtmA&_nc_zt=14&_nc_ht=scontent.fjai6-1.fna&_nc_gid=YCAMzDjBi-7BbxA7VOFjmg&_nc_ss=7b289&oh=00_Af-NPzjHjIfP1xdnJ4APYv3wALAD-iU9jB-WzjOlrTPYOw&oe=6A39AD30 | Resized: https://scontent.fjai6-1.fna.fbcdn.net/v/t39.35426-6/724653546_1501798144182500_229659784039875179_n.jpg?stp=dst-jpg_s600x600_tt6&_nc_cat=107&ccb=1-7&_nc_sid=c53f8f&_nc_ohc=xGO69H4-b5YQ7kNvwHJE6_z&_nc_oc=AdoCL1yx2Gy1YysUWxkYaz2rP8BOWpnvUDPgNjwelYrBWzF6crip3tAKHhacRuBcDt9ctV1Pl0keDmRVwMwFp2XL&_nc_zt=14&_nc_ht=scontent.fjai6-1.fna&_nc_gid=YCAMzDjBi-7BbxA7VOFjmg&_nc_ss=7b289&oh=00_Af9-WhQbZNGNdPKV0hIZVv10K1fgCysjr95o5q6_8GVnnw&oe=6A39A7EC,,,,,,
1354436339916054,https://www.facebook.com/61559164702372/,fb.me,https://www.facebook.com/61559164702372/,,,,,+91 98898 89030,,,,315230201666448,http://fb.me/,Om Group,https://www.facebook.com/ads/library/?id=1354436339916054,"Nearing Possession

🎊 15+ AMENITIES for you and your loved ones🎊
🔹Swimming Pool
🔹Fully equipped gymnasium
🔹Children play area
🔹Senior Citizens sitting area
🔹Basket ball court
🔹Indoor Game zone
🔹 Devotional Area
🔹Jogging Track
🔹Electric vehicle charging area
🔹Cricket practice net, etc

CONNECTIVITY
🔸NMMT Bus transport 2 mins
🔹Pethali Metro Station 5
mins
🔸Panchanand - Taloja Railway station 5 minutes
🔹Mumbai Pune Expressway 10 Mins
🔸Kharghar Railway station 20 Mins
🔹D.B. Patil International Airport 30 Mins
🔸Atal Setu Bridge 40 mins

WHY MAJKUR?
🔹Well planned city by CIDCO
🔸Schools & Colleges
🔹D mart
🔸Shopping malls
🔹Asia's Largest Central Park
🔸Kharghar Valley Golf Course
🔹ISKON temple
🔸Upcoming Commercial Hub *NMPL* (Navi Mumbai Corporate Park)

https://maps.app.goo.gl/m59YJCDG3pSpgVzLA

Location: SURVEY NO 134/1/A, MAJKUR, TALOJA: 410208.",60,Get offer,fb.me,"FACEBOOK; INSTAGRAM; AUDIENCE_NETWORK",2026-06-10,2026-06-18,HD: https://video.fjai6-1.fna.fbcdn.net/o1/v/t2/f2/m366/AQOjpq7pV-zk-u988y_U9LvRJDU4c7BXPIimyiNpsabddAiau5dtU7B9c9qqxH5HUPU-bEta4Cnf48NjzFioYcnlx884kGnYfEpCE13JLZL2AA.mp4?_nc_cat=100&_nc_oc=AdqwC57YMqmxEEioVa7tPKbxwDw1RW6OKx4QiC0JiiaDxyEeDgkSklRt-WubXnY7fo3FMassK9dREM1JyOwVFY7j&_nc_sid=b66105&_nc_ht=video.fjai6-1.fna.fbcdn.net&_nc_ohc=Nu1QNzGXG7EQ7kNvwGBDjlu&efg=eyJ2ZW5jb2RlX3RhZyI6Inhwdl9wcm9ncmVzc2l2ZS5WSV9VU0VDQVNFX1BST0RVQ1RfVFlQRS4uQzMuNzIwLmRhc2hfaDI2NC1iYXNpYy1nZW4yXzcyMHAiLCJ4cHZfYXNzZXRfaWQiOjE1Nzk0NzQ3NDAxOTgxMzksImFzc2V0X2FnZV9kYXlzIjo3LCJ2aV91c2VjYXNlX2lkIjoxMDc5OSwiZHVyYXRpb25fcyI6NTMsInVybGdlbl9zb3VyY2UiOiJ3d3cifQ%3D%3D&ccb=17-1&vs=37ffd08990262f76&_nc_vs=HBksFQIYRWZiX2VwaGVtZXJhbC81MTQwQjAyRDE3NkRBQzhEREQxREQzOTlFOTUzRjM5MV9tdF8xX3ZpZGVvX2Rhc2hpbml0Lm1wNBUAAsgBEgAVAhhAZmJfcGVybWFuZW50L0U1NDdEQjI4QzA4RkM0RUNCREUxNjlEREQyQTMwNDhFX2F1ZGlvX2Rhc2hpbml0Lm1wNBUCAsgBEgAoABgAGwKIB3VzZV9vaWwBMRJwcm9ncmVzc2l2ZV9yZWNpcGUBMRUAACb265Htw6HOBRUCKAJDMywXQErRBiTdLxsYGWRhc2hfaDI2NC1iYXNpYy1nZW4yXzcyMHARAHUAZd6oAQA&_nc_gid=YCAMzDjBi-7BbxA7VOFjmg&_nc_ss=7b289&_nc_zt=28&oh=00_Af_u8K7ZG2ngabeYadsKIJtWcqx6Xj_Y_f9ItfNP3CByZg&oe=6A398624 | SD: https://video.fjai6-1.fna.fbcdn.net/o1/v/t2/f2/m412/AQMRaOKD03JlxDyK06uPPZvvfGn7ZQxo6vQd1T8YWD-DIYWiCK57I5KUT9xN7bCGnMkI1gDscQYDSQ7hJMj1-7Rox4S26brRSPcsQo5fcg.mp4?_nc_cat=106&_nc_oc=AdrTlZXARIcFI-B7xFmRjK0ONebkVRyLpJlU0I7wV2mYB4B3YZng9Zm-rB1VhHzRW5i4MzOWDPCZeWkQamUcephM&_nc_sid=ef5aa3&_nc_ht=video.fjai6-1.fna.fbcdn.net&_nc_ohc=4SIfleLsSM4Q7kNvwE1L9nC&efg=eyJ2ZW5jb2RlX3RhZyI6Inhwdl9wcm9ncmVzc2l2ZS5WSV9VU0VDQVNFX1BST0RVQ1RfVFlQRS4uQzMuMzYwLnN2ZV9zZCIsInhwdl9hc3NldF9pZCI6MTU3OTQ3NDc0MDE5ODEzOSwiYXNzZXRfYWdlX2RheXMiOjcsInZpX3VzZWNhc2VfaWQiOjEwNzk5LCJkdXJhdGlvbl9zIjo1MywidXJsZ2VuX3NvdXJjZSI6Ind3dyJ9&ccb=17-1&_nc_gid=YCAMzDjBi-7BbxA7VOFjmg&_nc_ss=7b289&_nc_zt=28&oh=00_Af9zuEvrYDCqcmDEW4145dxKy96oPcMWnlEL6_nuXSX3Gg&oe=6A39BBDC | Preview: https://scontent.fjai6-1.fna.fbcdn.net/v/t39.35426-6/721104980_995602673081500_4079732182194585188_n.jpg?_nc_cat=107&ccb=1-7&_nc_sid=c53f8f&_nc_ohc=W78ufqFdGAwQ7kNvwHarQlM&_nc_oc=AdrxWZrDP9TCGaagOyNVjhKwP3IW3waXGknIbIGTqehFphShQ2GF_HA0qt3KPZT7ZurCMTNqha4WUXp8LtPqGV7k&_nc_zt=14&_nc_ht=scontent.fjai6-1.fna&_nc_gid=YCAMzDjBi-7BbxA7VOFjmg&_nc_ss=7b289&oh=00_Af9JoCHTeKURPf-ygF_fN7EeiOCgIno7nsY77glX4-axCw&oe=6A39ABF2,,,,,,,
1003647475388191,https://www.facebook.com/ArihantSupersrtucturesLtd/,fb.me,https://www.facebook.com/ArihantSupersrtucturesLtd/,,,,info@asl.net.in,+91 22 6857 2222,,,,102197561557550,http://fb.me/,Arihant Superstructures ltd,https://www.facebook.com/ads/library/?id=1003647475388191,"✨ Ready-to-Move Homes Starting at Just ₹75 Lacs+! ✨

Welcome to Arihant Clan Aalishan, Kharghar Annexe – where comfort meets connectivity.

🏡 Choose from:
Big Studio , 2 & 3 BHK Homes

📍 Prime Location Benefits:
✔ Navi Mumbai International Airport – 20 mins
✔ Thane-Panvel Highway (NH48) – 1 min
✔ Amandoot Metro Station – 5 mins
✔ Sri Sanjivani Hospital – 4 mins
✔ Tata Hospital – 10 mins
✔ Kharghar Corporate Park – 10 mins
✔ Gurudwara – 10 mins
✔ ISKCON Temple – 12 mins
✔ Central Park – 12 mins
✔ Golf Course – 14 mins

🌿 Upgrade to a Changing Lifestyle with Premium Living Spaces

💰 Starting Price: ₹75 Lacs+
🏠 Ready to Move In – No Waiting!

📞 Book Your Site Visit Today!

T&C Apply",25912,See details,fb.me,"FACEBOOK; INSTAGRAM; AUDIENCE_NETWORK",2026-06-12,2026-06-17,,Original: https://scontent.fjai6-1.fna.fbcdn.net/v/t39.35426-6/724010483_1308071180950903_1980206563399339931_n.jpg?_nc_cat=111&ccb=1-7&_nc_sid=c53f8f&_nc_ohc=nIBh21DhOlwQ7kNvwGJdtvL&_nc_oc=AdqoHeVeJsnoduQ-Ij4sFlk0c-_BErcu70fzcLzv1if87IhvtMuJVsHBQ0Zlm3yzj4AGbXIh7s5eklzSTIGfYD2h&_nc_zt=14&_nc_ht=scontent.fjai6-1.fna&_nc_gid=YCAMzDjBi-7BbxA7VOFjmg&_nc_ss=7b289&oh=00_Af-tV5vHiLgtPnG1rkU15UcTIVU-y-MutePkLJHOn4NBKQ&oe=6A39B4EF | Resized: https://scontent.fjai6-1.fna.fbcdn.net/v/t39.35426-6/723948285_1487953783012785_7209753476118187354_n.jpg?stp=dst-jpg_s600x600_tt6&_nc_cat=102&ccb=1-7&_nc_sid=c53f8f&_nc_ohc=RPJWB6ctkdwQ7kNvwHY8v7v&_nc_oc=Adqrw2jev2gxRFGwrOraOp1jmN-HGX9hl2i4n5Bo3eFQ_pdRNeppMc8VvS1u0fNt524TX0TCCpuKP9zCN0Twq5yM&_nc_zt=14&_nc_ht=scontent.fjai6-1.fna&_nc_gid=YCAMzDjBi-7BbxA7VOFjmg&_nc_ss=7b289&oh=00_Af-O42CIyJ-n8Ty_1kG43ZUc2WFjDwYAzwTu92syxPl0hg&oe=6A3987B8,,,,,,
990175360276143,https://www.facebook.com/eshancollege/,,https://www.facebook.com/eshancollege/,,,,helpdesk@eshancollege.com,+91 96392 34234,,,,1533383383593453,,Eshan Group Of Institutions,https://www.facebook.com/ads/library/?id=990175360276143,"🚀 Turn Your Diploma or Graduation into an Engineering Degree! 🚀
🎓 Admissions Open for B.Tech Lateral Entry at Eshan College of Engineering & Management
If you are a Polytechnic Diploma Holder or a B.Sc./Science Graduate, join directly in the 2nd Year of B.Tech and accelerate your career towards engineering excellence.
✅ Direct Admission to 2nd Year
✅ Branches: Civil, Electrical & Mechanical & Computer Science Engineering
✅ Advanced AI-Integrated Training Programs
✅ Industry-Oriented Learning & Skill Development
✅ Placement Assistance & Scholarships Available
🌟 Upgrade Your Qualification. Enhance Your Career. Achieve Your Dreams.
📞 9639 234 234
🌐 www.eshancollege.com
📍 NH-2 Agra–Mathura Road, Near Raipura Jaat, Agra
#BTechLateralEntry #AdmissionsOpen #PolytechnicToBTech #CareerGrowth #EshanCollege",4006,Sign up,,"FACEBOOK; INSTAGRAM; AUDIENCE_NETWORK; MESSENGER",2026-06-16,2026-06-17,,Original: https://scontent.fjai6-1.fna.fbcdn.net/v/t39.35426-6/724569446_984843031032258_4425797989885947691_n.jpg?_nc_cat=106&ccb=1-7&_nc_sid=c53f8f&_nc_ohc=lTQ8SoRU7H0Q7kNvwFzgtD1&_nc_oc=AdpAmhJkqNOL_llvh7IoClDDECYUYpyf02JaB_pQPUP6DuaFEGlP6GO_nfpRv2EnzESa5-KFR38Y89Y0GIjgYDm7&_nc_zt=14&_nc_ht=scontent.fjai6-1.fna&_nc_gid=YCAMzDjBi-7BbxA7VOFjmg&_nc_ss=7b289&oh=00_Af-4t-WdAvXVqmOTi46YdHuAEs-qj-miMzd0hthzf7O0dA&oe=6A39B87F | Resized: https://scontent.fjai6-1.fna.fbcdn.net/v/t39.35426-6/724500927_1395639695704864_6977384384376978777_n.jpg?stp=dst-jpg_s600x600_tt6&_nc_cat=108&ccb=1-7&_nc_sid=c53f8f&_nc_ohc=F6yjjJ9z6ooQ7kNvwGo_6vt&_nc_oc=Adq_G1k1H_DAUHP-4YeETErnujPWFTKULfoZQTg8DErydNSozkP7GI5ta5USzi_gbWr-2Deo9Z2mLLoHn_GJmLrb&_nc_zt=14&_nc_ht=scontent.fjai6-1.fna&_nc_gid=YCAMzDjBi-7BbxA7VOFjmg&_nc_ss=7b289&oh=00_Af82p1-17MQ8Wz_AYU0eXaEO16C-rh0EI6uksvLOiPE28g&oe=6A39AC9E,,,,,,
1556248439450841,https://www.facebook.com/Dreaminternational-1233016593218446/,api.whatsapp.com,https://www.facebook.com/Dreaminternational-1233016593218446/,,,,,,,,,1233016593218446,https://api.whatsapp.com/send?phone=918446125968,Dreaminternational,https://www.facebook.com/ads/library/?id=1556248439450841,,,Send WhatsApp message,WhatsApp,"FACEBOOK; INSTAGRAM",2026-06-15,2026-06-18,,Original: https://scontent.fjai6-1.fna.fbcdn.net/v/t39.35426-6/722182615_2036996496899143_6598874303387889597_n.jpg?_nc_cat=105&ccb=1-7&_nc_sid=c53f8f&_nc_ohc=3wWQ9lsmeXYQ7kNvwFSiYgm&_nc_oc=AdqDmn3AGQ7T5IptcQtp6mu0MeiX1F6tvzrP9Nbr0cfyEI89i9sEuHNtR6zsjdK9rOdAYGbPO3BUxoDvorG5i9OD&_nc_zt=14&_nc_ht=scontent.fjai6-1.fna&_nc_gid=YCAMzDjBi-7BbxA7VOFjmg&_nc_ss=7b289&oh=00_Af8zPdG4tG4b_EGTGg4Bki6JC_FA3TX49w2KpySQiPpWHg&oe=6A39A5F6 | Resized: https://scontent.fjai6-1.fna.fbcdn.net/v/t39.35426-6/723866172_926922393733688_5034850732139293845_n.jpg?stp=dst-jpg_s600x600_tt6&_nc_cat=104&ccb=1-7&_nc_sid=c53f8f&_nc_ohc=DCTZ4q0KfOgQ7kNvwEO-213&_nc_oc=AdofFo16m76qdckY4sI3VRzwoI0Rep9TVDxl564oh3vdTKgjp1z24FQ6rx4lv8fAM3_q4S_Wr0D8bRl5vYQebq8d&_nc_zt=14&_nc_ht=scontent.fjai6-1.fna&_nc_gid=YCAMzDjBi-7BbxA7VOFjmg&_nc_ss=7b289&oh=00_Af-CuaT8T4sd1zIIo_tvSZt0thNNig1Ltq21aTojlwDEBQ&oe=6A39AE5C,,,,,,
1671734514157432,https://www.facebook.com/61572844708475/,fb.me,https://www.facebook.com/61572844708475/,,,,,,,,,584444344743718,http://fb.me/,Kharghar Luxury Properties,https://www.facebook.com/ads/library/?id=1671734514157432,"Own a luxurious residence in Sector 37, Kharghar, where modern architecture meets exceptional lifestyle experiences.

✅ Panoramic Views
✅ Premium Clubhouses
✅ Grand Entrance Lobby
✅ Excellent Social Infrastructure
✅ Strategic Location Advantage

📍 Kharghar, Sector 37
3 & 4 BHK Residences Starting from ₹1.99 Cr*

Connect With Us For More Details.",541,Get quote,fb.me,"FACEBOOK; INSTAGRAM; AUDIENCE_NETWORK",2026-06-05,2026-06-16,HD: https://video.fjai6-1.fna.fbcdn.net/o1/v/t2/f2/m366/AQOViFdt2jgAv6IcnMr0yHCfXO3AThpiFBOz-soODbjL_N-bqXx9Vj-zKnJk4Xg1kUWnXBnJVTnR9ytpgJafxssrf_ya8T2W7UklDcw-LocFDw.mp4?_nc_cat=101&_nc_oc=AdpcgqeUsoZ85Hizr2DXcUo5oRiv3yRi-E6Yi5NPUlWIMhYH2oNOp23nArTjCowH9183_bcCuWb_NtXz2h6ATp8J&_nc_sid=b66105&_nc_ht=video.fjai6-1.fna.fbcdn.net&_nc_ohc=B5IDqHkdjB8Q7kNvwEQtDHR&efg=eyJ2ZW5jb2RlX3RhZyI6Inhwdl9wcm9ncmVzc2l2ZS5WSV9VU0VDQVNFX1BST0RVQ1RfVFlQRS4uQzMuNzIwLmRhc2hfaDI2NC1iYXNpYy1nZW4yXzcyMHAiLCJ4cHZfYXNzZXRfaWQiOjI2OTU5MTUxMjA3MDcyNTYyLCJhc3NldF9hZ2VfZGF5cyI6MTMsInZpX3VzZWNhc2VfaWQiOjEwNzk5LCJkdXJhdGlvbl9zIjo2NywidXJsZ2VuX3NvdXJjZSI6Ind3dyJ9&ccb=17-1&vs=e62579f588dbb825&_nc_vs=HBksFQIYRWZiX2VwaGVtZXJhbC83OTQwQjU1NTUxQzY4OUYzNkVDMjhEN0NERTAyQkRBRF9tdF8xX3ZpZGVvX2Rhc2hpbml0Lm1wNBUAAsgBEgAVAhhAZmJfcGVybWFuZW50L0RCNDU3RTVFOUMyNzQ2QzFBMzYxQTFBQkEyQjVEODlCX2F1ZGlvX2Rhc2hpbml0Lm1wNBUCAsgBEgAoABgAGwKIB3VzZV9vaWwBMRJwcm9ncmVzc2l2ZV9yZWNpcGUBMRUAACbkjKbykM3jXxUCKAJDMywXQFDGZmZmZmYYGWRhc2hfaDI2NC1iYXNpYy1nZW4yXzcyMHARAHUAZd6oAQA&_nc_gid=YCAMzDjBi-7BbxA7VOFjmg&_nc_ss=7b289&_nc_zt=28&oh=00_Af_o-d5d3sYhFpoPrNq03ZiuTcJ8PmNI3GPiEZzHqi9wTg&oe=6A39947B | SD: https://video.fjai6-1.fna.fbcdn.net/o1/v/t2/f2/m412/AQNXchSQLxGu5EmEsFjsl0ZNVPdXmr44UHM5_ENSQ-e5jHnfCu4tCbpDVELUKY-VeTX62T5mgTfRJDE3Of9KCYN6IMaWjsZxvsWjoqA6dg.mp4?_nc_cat=104&_nc_oc=Adqsb05MsVggI-U8PoHVxM4kOLpiEkQuwSnCr3fD91anWbcdyoj_PGW8DTu7a4WvFi9ch_zB3AcJU9ieOlw7JX-x&_nc_sid=ef5aa3&_nc_ht=video.fjai6-1.fna.fbcdn.net&_nc_ohc=GUZesJOTm1YQ7kNvwGPWgWl&efg=eyJ2ZW5jb2RlX3RhZyI6Inhwdl9wcm9ncmVzc2l2ZS5WSV9VU0VDQVNFX1BST0RVQ1RfVFlQRS4uQzMuMzYwLnN2ZV9zZCIsInhwdl9hc3NldF9pZCI6MjY5NTkxNTEyMDcwNzI1NjIsImFzc2V0X2FnZV9kYXlzIjoxMywidmlfdXNlY2FzZV9pZCI6MTA3OTksImR1cmF0aW9uX3MiOjY3LCJ1cmxnZW5fc291cmNlIjoid3d3In0%3D&ccb=17-1&_nc_gid=YCAMzDjBi-7BbxA7VOFjmg&_nc_ss=7b289&_nc_zt=28&oh=00_Af_HTmLPVnhSOZsuTNnVNw2b-HUuGovCxiWHIqC88bb0YQ&oe=6A39A612 | Preview: https://scontent.fjai6-1.fna.fbcdn.net/v/t39.35426-6/716310306_1710285350158604_8447807757880687942_n.jpg?_nc_cat=100&ccb=1-7&_nc_sid=c53f8f&_nc_ohc=SHAYAEfP1DgQ7kNvwF54dGu&_nc_oc=AdrCFXGKWjFrd_EjkSaM_JIf7z3u2Bmg0f12KTt9nJ3NrCfiFNcm-G-VL0WRSMnZKYTqQzif5M0ioWvhNkNoY7YE&_nc_zt=14&_nc_ht=scontent.fjai6-1.fna&_nc_gid=YCAMzDjBi-7BbxA7VOFjmg&_nc_ss=7b289&oh=00_Af8YoEVznt0n83QFT8aMOrPWRKoY1GKh99DXolWZNjPe3A&oe=6A3994DA,,,,,,,
995957469889520,https://www.facebook.com/ParadiseGroupNM/,fb.me,https://www.facebook.com/ParadiseGroupNM/,,,,marketing@paradisegroup.co.in,,,,,1587242448229072,http://fb.me/,Paradise Group,https://www.facebook.com/ads/library/?id=995957469889520,"A Township of 1 & 2 BHK Cosmo-Luxury Homes with the Charm of Luxo
Starting at ₹44 Lakhs* Onwards
At Sai Sun City, Upper Khaghar

Project Highlights

✅ Spread across 29 acres township
✅ Themed Homes
✅ G+32 Storeyed Towers
✅ Club Atlantis - 55,000 sq.ft. Club House
✅ Skating Area
✅ Swimming Pool
✅ Tusk Bar + Trellis
✅ Lawn Tennis

MAHARERA REGISTRATION NO.: P52000033880, P52000045371 & P52000046738 l T&C Apply",46414,Learn more,fb.me,"FACEBOOK; INSTAGRAM",2026-06-13,2026-06-17,HD: https://video.fjai6-1.fna.fbcdn.net/o1/v/t2/f2/m366/AQOjV-pNHzpBOQ-rj6-LNfeeBt_UH3toaUF_9u-WsqDTbXQ9ae3VDOV4RSx75LpQ4G9B4v19u4o_QUqW3DPNpFxkqVwF9r9DdlT4NgbM5arRww.mp4?_nc_cat=102&_nc_oc=Adp-aInOROHYq3-zUyKb9j6-i-s0wHlhiDP7yfFjwmVhU4l4zl8rASSgugSKz546VeCaUPMrGVcj-vpaBqctrlqU&_nc_sid=b66105&_nc_ht=video.fjai6-1.fna.fbcdn.net&_nc_ohc=JqVfTybMXAQQ7kNvwEJf4TK&efg=eyJ2ZW5jb2RlX3RhZyI6Inhwdl9wcm9ncmVzc2l2ZS5WSV9VU0VDQVNFX1BST0RVQ1RfVFlQRS4uQzMuNzIwLmRhc2hfaDI2NC1iYXNpYy1nZW4yXzcyMHAiLCJ4cHZfYXNzZXRfaWQiOjEzMDUyNDcyNzE0MjQ0NjEsImFzc2V0X2FnZV9kYXlzIjoxMTIsInZpX3VzZWNhc2VfaWQiOjEwNzk5LCJkdXJhdGlvbl9zIjo2MCwidXJsZ2VuX3NvdXJjZSI6Ind3dyJ9&ccb=17-1&vs=da84a8c7e16bfe3c&_nc_vs=HBksFQIYRWZiX2VwaGVtZXJhbC80NjQxRkVFQTE4RTlCREYyRDVFMkVENUNFOUE1NkM5Ql9tdF8xX3ZpZGVvX2Rhc2hpbml0Lm1wNBUAAsgBEgAVAhhAZmJfcGVybWFuZW50LzgyNDNGM0RGQUJGRjE5QkYyNEI2N0Y5Q0VDOUIxRjkzX2F1ZGlvX2Rhc2hpbml0Lm1wNBUCAsgBEgAoABgAGwKIB3VzZV9vaWwBMRJwcm9ncmVzc2l2ZV9yZWNpcGUBMRUAACaax6j_scfRBBUCKAJDMywXQE47peNT988YGWRhc2hfaDI2NC1iYXNpYy1nZW4yXzcyMHARAHUAZd6oAQA&_nc_gid=YCAMzDjBi-7BbxA7VOFjmg&_nc_ss=7b289&_nc_zt=28&oh=00_Af9-WgDUHa3GD5r07jlgWf6uO1PMRAj4Bpcziz8lWEKelQ&oe=6A398942 | SD: https://video.fjai6-1.fna.fbcdn.net/o1/v/t2/f2/m412/AQO8PGu4Du6Vw0ym4f7hV3oo3TYWtpUwdYEE4Lb3Yo2kbYtXuuRma9FM6wcSdhREbXtewgmKjIgCIQqrHTj7ECZ3LX5X1Qhh_vCltcR0jw.mp4?_nc_cat=111&_nc_oc=AdpZEB4tr5IvsTPTwLANSuY_xxwXCuaTGWLq5hGCL6-SsFc4rH3kATP3ECfk9ouWLR2sUw87n3OBOguHWLfSeaUR&_nc_sid=ef5aa3&_nc_ht=video.fjai6-1.fna.fbcdn.net&_nc_ohc=30cGGBCinTQQ7kNvwEWbWaE&efg=eyJ2ZW5jb2RlX3RhZyI6Inhwdl9wcm9ncmVzc2l2ZS5WSV9VU0VDQVNFX1BST0RVQ1RfVFlQRS4uQzMuMzYwLnN2ZV9zZCIsInhwdl9hc3NldF9pZCI6MTMwNTI0NzI3MTQyNDQ2MSwiYXNzZXRfYWdlX2RheXMiOjExMiwidmlfdXNlY2FzZV9pZCI6MTA3OTksImR1cmF0aW9uX3MiOjYwLCJ1cmxnZW5fc291cmNlIjoid3d3In0%3D&ccb=17-1&_nc_gid=YCAMzDjBi-7BbxA7VOFjmg&_nc_ss=7b289&_nc_zt=28&oh=00_Af-BlHsBCzOOozzfeZ_r7gbU8vA5fRQYIC2Snv2iuE9FxQ&oe=6A399557 | Preview: https://scontent.fjai6-1.fna.fbcdn.net/v/t39.35426-6/722205113_1686823132468353_6963526965302685261_n.jpg?_nc_cat=111&ccb=1-7&_nc_sid=c53f8f&_nc_ohc=9yH0SQFCRHoQ7kNvwEJp71v&_nc_oc=AdoBAg6AO4EVADWqTD7LNtYYndb6lC6pn8er9134jD2TZZbIjMZ9M0EIo9_1EwEpmOJ29DGvVi7DT__YZAh3yDUE&_nc_zt=14&_nc_ht=scontent.fjai6-1.fna&_nc_gid=YCAMzDjBi-7BbxA7VOFjmg&_nc_ss=7b289&oh=00_Af9rvev6OmHsouhqjrYi0_Eszht4r2VVTYPTX0XbA_3vfw&oe=6A398A2C,,,,,,,
852292027528384,https://www.facebook.com/61584835761368/,api.whatsapp.com,https://www.facebook.com/61584835761368/,,,,,+91 70225 24228,,,,884085654791156,https://api.whatsapp.com/send,Ashreyaedge,https://www.facebook.com/ads/library/?id=852292027528384,"✈️ Minutes From Navi Mumbai International Airport.

Own a premium home at one of Navi Mumbai's fastest-growing destinations.

Queen's Necklace offers unmatched connectivity and future appreciation.

🚇 5 Minutes From Kharghar Metro
🏢 Upcoming Corporate Park (BKC 2)
🛣️ MTHL Connectivity
🌿 40+ Lifestyle Amenities
🏡 4-Acre Gated Community

Invest in tomorrow's landmark address.

📲 WhatsApp Now For More Details

☎️ +91 77195 91220",5,Send WhatsApp message,WhatsApp,"FACEBOOK; INSTAGRAM; WHATSAPP",2026-06-16,2026-06-18,,Original: https://scontent.fjai6-1.fna.fbcdn.net/v/t39.35426-6/722430400_2717189008667263_5233575468457980420_n.jpg?_nc_cat=100&ccb=1-7&_nc_sid=c53f8f&_nc_ohc=gz36LP8yKHsQ7kNvwGBpee0&_nc_oc=AdpMPADz4bwyWlNUUxJPm2Tp5CwVxsVCLPMny9PcMV5TVFRtTt9JVoMuS9Q94RfFsqNZm9YcdBSya_uuetmUM-mN&_nc_zt=14&_nc_ht=scontent.fjai6-1.fna&_nc_gid=sWjevBiYUGg19DINxpfNog&_nc_ss=7b289&oh=00_Af9FDkFVZd1mV_GUwIIWA1Y1Yw72OyfbEuh8JyJhsFShRA&oe=6A39ABC2 | Resized: https://scontent.fjai6-1.fna.fbcdn.net/v/t39.35426-6/725318549_1218730950278695_9173486528777462279_n.jpg?stp=dst-jpg_s600x600_tt6&_nc_cat=100&ccb=1-7&_nc_sid=c53f8f&_nc_ohc=oI1v1-hevQUQ7kNvwEPyYH0&_nc_oc=AdrwHJVEAfTs-XbrUedKD4HQdei-K4EMLeqR1J4R9tGE6CsB4WoxL2PR3b1OULhpPjA_llH9VrtQTV-dgLmHNZVl&_nc_zt=14&_nc_ht=scontent.fjai6-1.fna&_nc_gid=sWjevBiYUGg19DINxpfNog&_nc_ss=7b289&oh=00_Af9_nzw7VO02DHmyBNvyEhe1YXbbxaS9106g1rbGWnEFPg&oe=6A399B63,,,,,,
1341804500644080,https://www.facebook.com/61590907611874/,fb.me,https://www.facebook.com/61590907611874/,,,,,+91 98926 51603,,,,1087838031089237,http://fb.me/,Raheja District,https://www.facebook.com/ads/library/?id=1341804500644080,"Launching Raheja Atlantis in Raheja District Vashi NX crafted for Life Beyond Ordinary. 
✔ Discover Ultra Spacious 3 BHK Homes
✔ Luxury 3 BHK Homes of 1405 SQ.FT. from 4.99 Cr*
✔ Upscale Residences | Business Centers | Retail Boardwalk | Raheja District Arena
✔ Upcoming J W Marriot in the Neighbourhood | BKC 2 at Navi Mumbai Corporate Park | Metro Expansion Space ready
✔ Clubhouse | Gym | Entrance Lobby | Multipurpose Court | Jacuzzi
✔ Connectivity - Atal Setu | Navi Mumbai International Airport | Kharghar-Turbhe Tunnel Link Road
Raheja Atlantis-MahaRERA Registration no. - PM1330002501097",1,Learn more,fb.me,"FACEBOOK; INSTAGRAM",2026-06-15,2026-06-17,,,"Launching Raheja Atlantis in Raheja District Vashi NX crafted for Life Beyond Ordinary. 
✔ Discover Ultra Spacious 3 BHK Homes
✔ Luxury 3 BHK Homes of 1405 SQ.FT. from 4.99 Cr*
✔ Upscale Residences | Business Centers | Retail Boardwalk | Raheja District Arena
✔ Upcoming J W Marriot in the Neighbourhood | BKC 2 at Navi Mumbai Corporate Park | Metro Expansion Space ready
✔ Clubhouse | Gym | Entrance Lobby | Multipurpose Court | Jacuzzi
✔ Connectivity - Atal Setu | Navi Mumbai International Airport | Kharghar-Turbhe Tunnel Link Road
Raheja Atlantis-MahaRERA Registration no. - PM1330002501097 || Launching Raheja Atlantis in Raheja District Vashi NX crafted for Life Beyond Ordinary. 
✔ Discover Ultra Spacious 3 BHK Homes
✔ Luxury 3 BHK Homes of 1405 SQ.FT. from 4.99 Cr*
✔ Upscale Residences | Business Centers | Retail Boardwalk | Raheja District Arena
✔ Upcoming J W Marriot in the Neighbourhood | BKC 2 at Navi Mumbai Corporate Park | Metro Expansion Space ready
✔ Clubhouse | Gym | Entrance Lobby | Multipurpose Court | Jacuzzi
✔ Connectivity - Atal Setu | Navi Mumbai International Airport | Kharghar-Turbhe Tunnel Link Road
Raheja Atlantis-MahaRERA Registration no. - PM1330002501097 || Launching Raheja Atlantis in Raheja District Vashi NX crafted for Life Beyond Ordinary. 
✔ Discover Ultra Spacious 3 BHK Homes
✔ Luxury 3 BHK Homes of 1405 SQ.FT. from 4.99 Cr*
✔ Upscale Residences | Business Centers | Retail Boardwalk | Raheja District Arena
✔ Upcoming J W Marriot in the Neighbourhood | BKC 2 at Navi Mumbai Corporate Park | Metro Expansion Space ready
✔ Clubhouse | Gym | Entrance Lobby | Multipurpose Court | Jacuzzi
✔ Connectivity - Atal Setu | Navi Mumbai International Airport | Kharghar-Turbhe Tunnel Link Road
Raheja Atlantis-MahaRERA Registration no. - PM1330002501097 || Launching Raheja Atlantis in Raheja District Vashi NX crafted for Life Beyond Ordinary. 
✔ Discover Ultra Spacious 3 BHK Homes
✔ Luxury 3 BHK Homes of 1405 SQ.FT. from 4.99 Cr*
✔ Upscale Residences | Business Centers | Retail Boardwalk | Raheja District Arena
✔ Upcoming J W Marriot in the Neighbourhood | BKC 2 at Navi Mumbai Corporate Park | Metro Expansion Space ready
✔ Clubhouse | Gym | Entrance Lobby | Multipurpose Court | Jacuzzi
✔ Connectivity - Atal Setu | Navi Mumbai International Airport | Kharghar-Turbhe Tunnel Link Road
Raheja Atlantis-MahaRERA Registration no. - PM1330002501097 || Launching Raheja Atlantis in Raheja District Vashi NX crafted for Life Beyond Ordinary. 
✔ Discover Ultra Spacious 3 BHK Homes
✔ Luxury 3 BHK Homes of 1405 SQ.FT. from 4.99 Cr*
✔ Upscale Residences | Business Centers | Retail Boardwalk | Raheja District Arena
✔ Upcoming J W Marriot in the Neighbourhood | BKC 2 at Navi Mumbai Corporate Park | Metro Expansion Space ready
✔ Clubhouse | Gym | Entrance Lobby | Multipurpose Court | Jacuzzi
✔ Connectivity - Atal Setu | Navi Mumbai International Airport | Kharghar-Turbhe Tunnel Link Road
Raheja Atlantis-MahaRERA Registration no. - PM1330002501097 || Launching Raheja Atlantis in Raheja District Vashi NX crafted for Life Beyond Ordinary. 
✔ Discover Ultra Spacious 3 BHK Homes
✔ Luxury 3 BHK Homes of 1405 SQ.FT. from 4.99 Cr*
✔ Upscale Residences | Business Centers | Retail Boardwalk | Raheja District Arena
✔ Upcoming J W Marriot in the Neighbourhood | BKC 2 at Navi Mumbai Corporate Park | Metro Expansion Space ready
✔ Clubhouse | Gym | Entrance Lobby | Multipurpose Court | Jacuzzi
✔ Connectivity - Atal Setu | Navi Mumbai International Airport | Kharghar-Turbhe Tunnel Link Road
Raheja Atlantis-MahaRERA Registration no. - PM1330002501097",http://fb.me/ || http://fb.me/ || http://fb.me/ || http://fb.me/ || http://fb.me/ || http://fb.me/,,Learn More || Learn More || Learn More || Learn More || Learn More || Learn More,Original: https://scontent.fjai6-1.fna.fbcdn.net/v/t39.35426-6/724485044_4300224143561033_5361045526976892848_n.jpg?_nc_cat=108&ccb=1-7&_nc_sid=c53f8f&_nc_ohc=ddim1kX7VL8Q7kNvwEHgeoO&_nc_oc=AdplBWJ4rvooozXieADCxRArPns0fa7AxWXn0lnU4GRbRO1POOMFfw24qINL3gVnDSCYkSzKurWPwmc277jCGn7Y&_nc_zt=14&_nc_ht=scontent.fjai6-1.fna&_nc_gid=sWjevBiYUGg19DINxpfNog&_nc_ss=7b289&oh=00_Af-WbgAdaMq-XB71beDHfiyNinuyJpldt6Fsh1uNZkAXNA&oe=6A3992F0 | Resized: https://scontent.fjai6-1.fna.fbcdn.net/v/t39.35426-6/724527388_5262011637357829_2199592286583530315_n.jpg?stp=dst-jpg_s600x600_tt6&_nc_cat=100&ccb=1-7&_nc_sid=c53f8f&_nc_ohc=2Ruurs36pYQQ7kNvwH_abby&_nc_oc=AdrgA1ie9DrKjuclnrm4K_Rp-K18_kxeJscUJMIzqgZnLULKeFi1QF1-oBDOljkHxh9UiiUUONbjRzA2t4Rw2Mp9&_nc_zt=14&_nc_ht=scontent.fjai6-1.fna&_nc_gid=sWjevBiYUGg19DINxpfNog&_nc_ss=7b289&oh=00_Af_AJ2zv2oVVz5_4BDbgJfF2Pkr5VnlLCVxza5vNrLk-sw&oe=6A3993FE || Original: https://scontent.fjai6-1.fna.fbcdn.net/v/t39.35426-6/723626742_833506459595645_1713438700173656352_n.jpg?_nc_cat=100&ccb=1-7&_nc_sid=c53f8f&_nc_ohc=InUha879emcQ7kNvwE4Qr3M&_nc_oc=AdpX30mXhjtUeW1C5sSpywSnXYX0d_K6nlZBHxt5pm67vaZJuw4CdzmwR9_lY9Fax3VkTZgqrEC1lr4ObSQmqMfx&_nc_zt=14&_nc_ht=scontent.fjai6-1.fna&_nc_gid=sWjevBiYUGg19DINxpfNog&_nc_ss=7b289&oh=00_Af9hDYB0ar-lRrs-zHKDnSrOf1sA21uCUY9qIeb8N3PUIg&oe=6A398B18 | Resized: https://scontent.fjai6-1.fna.fbcdn.net/v/t39.35426-6/723895177_886635177090707_1652884801086911539_n.jpg?stp=dst-jpg_s600x600_tt6&_nc_cat=107&ccb=1-7&_nc_sid=c53f8f&_nc_ohc=P9x2Y0gRb44Q7kNvwFEqwNp&_nc_oc=AdqibIUdyDQOuMSqSuCuokExls2bphGBevqnpT3JLtwwzmoGzeydKaaKxTN5QmnXqzGhZpw1dHu_JmzcbFMrxVCv&_nc_zt=14&_nc_ht=scontent.fjai6-1.fna&_nc_gid=sWjevBiYUGg19DINxpfNog&_nc_ss=7b289&oh=00_Af_3Jtir0Gb0DOd9Ew4tKxcekvM-4VypKi6rbZJ0WZpd7A&oe=6A39B2F7 || Original: https://scontent.fjai6-1.fna.fbcdn.net/v/t39.35426-6/721736670_1484601959552683_1941067382832498601_n.jpg?_nc_cat=100&ccb=1-7&_nc_sid=c53f8f&_nc_ohc=UwJJGQ-RfTwQ7kNvwEdW1hW&_nc_oc=AdqNO9nZnZdBMrGbLVbHjoDEz1-Tbalyi-EZ1S_H0SuLu1WkGfP_s3YRVHQMgDKN6FMAE-YXpe40RCRR8a8guA9u&_nc_zt=14&_nc_ht=scontent.fjai6-1.fna&_nc_gid=sWjevBiYUGg19DINxpfNog&_nc_ss=7b289&oh=00_Af_0qJNeDJio3UfP7rpCHURFEQkqtOy7SCZo_jOcBlvZdw&oe=6A39A04F | Resized: https://scontent.fjai6-1.fna.fbcdn.net/v/t39.35426-6/723809694_1336114621829618_290702255928245586_n.jpg?stp=dst-jpg_s600x600_tt6&_nc_cat=106&ccb=1-7&_nc_sid=c53f8f&_nc_ohc=a5jlueZbxKwQ7kNvwEW_Hnp&_nc_oc=Adp9BRMQ4rfTxPdd7_U_QATcdtqQj4BwOeOBjsxOtVPLh7ZWXCEs32QBh2kve8br_cvwRSJON7oRIYcBwdZxbZlf&_nc_zt=14&_nc_ht=scontent.fjai6-1.fna&_nc_gid=sWjevBiYUGg19DINxpfNog&_nc_ss=7b289&oh=00_Af8lqiLM0u04R5UgWDZl2X43C7sVsSvU1K7_OAX9D4eUlA&oe=6A39B2F1 || Original: https://scontent.fjai6-1.fna.fbcdn.net/v/t39.35426-6/721736670_1484601959552683_1941067382832498601_n.jpg?_nc_cat=100&ccb=1-7&_nc_sid=c53f8f&_nc_ohc=UwJJGQ-RfTwQ7kNvwEdW1hW&_nc_oc=AdqNO9nZnZdBMrGbLVbHjoDEz1-Tbalyi-EZ1S_H0SuLu1WkGfP_s3YRVHQMgDKN6FMAE-YXpe40RCRR8a8guA9u&_nc_zt=14&_nc_ht=scontent.fjai6-1.fna&_nc_gid=sWjevBiYUGg19DINxpfNog&_nc_ss=7b289&oh=00_Af_0qJNeDJio3UfP7rpCHURFEQkqtOy7SCZo_jOcBlvZdw&oe=6A39A04F | Resized: https://scontent.fjai6-1.fna.fbcdn.net/v/t39.35426-6/723809694_1336114621829618_290702255928245586_n.jpg?stp=dst-jpg_s600x600_tt6&_nc_cat=106&ccb=1-7&_nc_sid=c53f8f&_nc_ohc=a5jlueZbxKwQ7kNvwEW_Hnp&_nc_oc=Adp9BRMQ4rfTxPdd7_U_QATcdtqQj4BwOeOBjsxOtVPLh7ZWXCEs32QBh2kve8br_cvwRSJON7oRIYcBwdZxbZlf&_nc_zt=14&_nc_ht=scontent.fjai6-1.fna&_nc_gid=sWjevBiYUGg19DINxpfNog&_nc_ss=7b289&oh=00_Af8lqiLM0u04R5UgWDZl2X43C7sVsSvU1K7_OAX9D4eUlA&oe=6A39B2F1 || Original: https://scontent.fjai6-1.fna.fbcdn.net/v/t39.35426-6/724164422_1755549205479148_6517963998428975885_n.jpg?_nc_cat=108&ccb=1-7&_nc_sid=c53f8f&_nc_ohc=eUFvBRcd5goQ7kNvwFWx-SQ&_nc_oc=AdofBlmyFr2AXw2y3dpGrItoK5jCYEdkCSUbc0Eee3ll9Z9uK7pFcoqpqXluFNuWNBcO254QTgqnDUY55pRwtj3G&_nc_zt=14&_nc_ht=scontent.fjai6-1.fna&_nc_gid=sWjevBiYUGg19DINxpfNog&_nc_ss=7b289&oh=00_Af_oC66iBbVpCEaaldAwGAuHZTOZlgqHZ6A46QxnBf6kwQ&oe=6A398F54 | Resized: https://scontent.fjai6-1.fna.fbcdn.net/v/t39.35426-6/722638521_1370327864968980_4631231357972197845_n.jpg?stp=dst-jpg_s600x600_tt6&_nc_cat=111&ccb=1-7&_nc_sid=c53f8f&_nc_ohc=uFCB93v7wcwQ7kNvwG-uC3R&_nc_oc=AdrmB_ripeRwbZsTFYQnmZopEbMZP7nLcCb2UKDO_UQUEsOc8ZEosFX_ETYLSHY0gMqGf5_SjHLgJdoWN42fPpMT&_nc_zt=14&_nc_ht=scontent.fjai6-1.fna&_nc_gid=sWjevBiYUGg19DINxpfNog&_nc_ss=7b289&oh=00_Af8eXCwfem8p4FryrIHR5jTCxV1WuwOrRBP1hk1js1wBHQ&oe=6A398958 || Original: https://scontent.fjai6-1.fna.fbcdn.net/v/t39.35426-6/722314174_1757151535276989_3178120765934521501_n.jpg?_nc_cat=105&ccb=1-7&_nc_sid=c53f8f&_nc_ohc=p8aWRBScfkUQ7kNvwGYRimg&_nc_oc=AdoHI8nA9dONN-cOxTpyBuLEneaJXU0IBmiEIsVWiTLdmS4uZpimtqGHUI9d6xwReBNeTrxDIz_EjlX_LbRZ239I&_nc_zt=14&_nc_ht=scontent.fjai6-1.fna&_nc_gid=sWjevBiYUGg19DINxpfNog&_nc_ss=7b289&oh=00_Af-elj2os3GCesDeIQxCMxtS43bLaEcFvDhlLwRy1dDnGw&oe=6A39B884 | Resized: https://scontent.fjai6-1.fna.fbcdn.net/v/t39.35426-6/721777954_1391768299525447_2884460151641428528_n.jpg?stp=dst-jpg_s600x600_tt6&_nc_cat=106&ccb=1-7&_nc_sid=c53f8f&_nc_ohc=HDzOPKNOSXAQ7kNvwHzJmFq&_nc_oc=AdqY1rRjM_09HA1hh9CLyV-aY9KrouX7HSy132ohXuB-z2KnkeN5ZLy0i7v_j8cIKPT1J4v-t3DAnvJnGwQX23gG&_nc_zt=14&_nc_ht=scontent.fjai6-1.fna&_nc_gid=sWjevBiYUGg19DINxpfNog&_nc_ss=7b289&oh=00_Af_nluiMIgeIqK38_laKBjLXU8PMh9ZpsA68GieRgymDjA&oe=6A39A874,
942971425460489,https://www.facebook.com/princetheclub/,api.whatsapp.com,https://www.facebook.com/princetheclub/,,,,princetheclub@gmail.com,+91 79800 77926,,,,457707774083103,https://api.whatsapp.com/send,Prince The Club,https://www.facebook.com/ads/library/?id=942971425460489,"Sip more, spend less! 🍹
Happy Hour @princetheclub.kolkata just got irresistible — 12 PM to 8 PM, every single day!
Unbeatable prices on Whiskey, Cocktails, Beer, Rum & more.
Your mid-day mood deserves this upgrade. 😉

📍Tower 2, Srijan Corporate Park, GP Block, Sector V, Bidhannagar, Kolkata – 700091

📞 For Reservations or details call/whatsapp us on 07980077926 or 9563523552",1123,Send WhatsApp message,WhatsApp,"FACEBOOK; INSTAGRAM; AUDIENCE_NETWORK; WHATSAPP",2026-06-17,2026-06-18,,Original: https://scontent.fjai6-1.fna.fbcdn.net/v/t39.35426-6/726768424_2466302890502074_2837832552303334226_n.jpg?_nc_cat=105&ccb=1-7&_nc_sid=c53f8f&_nc_ohc=VLu7bZBcUrsQ7kNvwEvOTlW&_nc_oc=AdraSI2RWcEe9FDGzx_XADlQn02SMngIBjGH07iP7AgdzfIabsYk6HVG_f62ALMlSbQk22URfVr6_-iNBpvHHgpr&_nc_zt=14&_nc_ht=scontent.fjai6-1.fna&_nc_gid=sWjevBiYUGg19DINxpfNog&_nc_ss=7b289&oh=00_Af_o7no5b3mUVKBG1FKfkdPhIGpuu3av6f6KrNm3Ii6QcA&oe=6A399B75 | Resized: https://scontent.fjai6-1.fna.fbcdn.net/v/t39.35426-6/725698353_1543292467446658_3916417802701324031_n.jpg?stp=dst-jpg_s600x600_tt6&_nc_cat=106&ccb=1-7&_nc_sid=c53f8f&_nc_ohc=wLAR_YLtwJUQ7kNvwFUHY8e&_nc_oc=AdquxL3rA74NCng4s5XrdG9atVgFNKZsq0zzZUjToL_e3esHmctdAc-UnByLIvF0H5xtp9Cv-N02FTI5tu6d7v0-&_nc_zt=14&_nc_ht=scontent.fjai6-1.fna&_nc_gid=sWjevBiYUGg19DINxpfNog&_nc_ss=7b289&oh=00_Af-ffvQY6PLrlCJt_Dk1DoFBcElID4wmzSYLD3bKtPdPXQ&oe=6A399C30,,,,,,
2404877980245029,https://www.facebook.com/ParadiseGroupNM/,fb.me,https://www.facebook.com/ParadiseGroupNM/,,,,marketing@paradisegroup.co.in,,,,,1587242448229072,http://fb.me/,Paradise Group,https://www.facebook.com/ads/library/?id=2404877980245029,"A Township of 1 & 2 BHK Cosmo-Luxury Homes with the Charm of Luxo
Starting at ₹44 Lakhs* Onwards
At Sai Sun City, Upper Khaghar

Project Highlights

✅ Spread across 29 acres township
✅ Themed Homes
✅ G+32 Storeyed Towers
✅ Club Atlantis - 55,000 sq.ft. Club House
✅ Skating Area
✅ Swimming Pool
✅ Tusk Bar + Trellis
✅ Lawn Tennis

MAHARERA REGISTRATION NO.: P52000033880, P52000045371 & P52000046738 l T&C Apply",46414,Learn more,fb.me,"FACEBOOK; INSTAGRAM",2026-06-12,2026-06-17,HD: https://video.fjai6-1.fna.fbcdn.net/o1/v/t2/f2/m366/AQOjV-pNHzpBOQ-rj6-LNfeeBt_UH3toaUF_9u-WsqDTbXQ9ae3VDOV4RSx75LpQ4G9B4v19u4o_QUqW3DPNpFxkqVwF9r9DdlT4NgbM5arRww.mp4?_nc_cat=102&_nc_oc=Adp-aInOROHYq3-zUyKb9j6-i-s0wHlhiDP7yfFjwmVhU4l4zl8rASSgugSKz546VeCaUPMrGVcj-vpaBqctrlqU&_nc_sid=b66105&_nc_ht=video.fjai6-1.fna.fbcdn.net&_nc_ohc=JqVfTybMXAQQ7kNvwEJf4TK&efg=eyJ2ZW5jb2RlX3RhZyI6Inhwdl9wcm9ncmVzc2l2ZS5WSV9VU0VDQVNFX1BST0RVQ1RfVFlQRS4uQzMuNzIwLmRhc2hfaDI2NC1iYXNpYy1nZW4yXzcyMHAiLCJ4cHZfYXNzZXRfaWQiOjEzMDUyNDcyNzE0MjQ0NjEsImFzc2V0X2FnZV9kYXlzIjoxMTIsInZpX3VzZWNhc2VfaWQiOjEwNzk5LCJkdXJhdGlvbl9zIjo2MCwidXJsZ2VuX3NvdXJjZSI6Ind3dyJ9&ccb=17-1&vs=da84a8c7e16bfe3c&_nc_vs=HBksFQIYRWZiX2VwaGVtZXJhbC80NjQxRkVFQTE4RTlCREYyRDVFMkVENUNFOUE1NkM5Ql9tdF8xX3ZpZGVvX2Rhc2hpbml0Lm1wNBUAAsgBEgAVAhhAZmJfcGVybWFuZW50LzgyNDNGM0RGQUJGRjE5QkYyNEI2N0Y5Q0VDOUIxRjkzX2F1ZGlvX2Rhc2hpbml0Lm1wNBUCAsgBEgAoABgAGwKIB3VzZV9vaWwBMRJwcm9ncmVzc2l2ZV9yZWNpcGUBMRUAACaax6j_scfRBBUCKAJDMywXQE47peNT988YGWRhc2hfaDI2NC1iYXNpYy1nZW4yXzcyMHARAHUAZd6oAQA&_nc_gid=sWjevBiYUGg19DINxpfNog&_nc_ss=7b289&_nc_zt=28&oh=00_Af-L9tWgblwRhzYEBUbL-T_P3EV5vSXuRKn6PBdZHWFQWg&oe=6A398942 | SD: https://video.fjai6-1.fna.fbcdn.net/o1/v/t2/f2/m412/AQO8PGu4Du6Vw0ym4f7hV3oo3TYWtpUwdYEE4Lb3Yo2kbYtXuuRma9FM6wcSdhREbXtewgmKjIgCIQqrHTj7ECZ3LX5X1Qhh_vCltcR0jw.mp4?_nc_cat=111&_nc_oc=AdpZEB4tr5IvsTPTwLANSuY_xxwXCuaTGWLq5hGCL6-SsFc4rH3kATP3ECfk9ouWLR2sUw87n3OBOguHWLfSeaUR&_nc_sid=ef5aa3&_nc_ht=video.fjai6-1.fna.fbcdn.net&_nc_ohc=30cGGBCinTQQ7kNvwEWbWaE&efg=eyJ2ZW5jb2RlX3RhZyI6Inhwdl9wcm9ncmVzc2l2ZS5WSV9VU0VDQVNFX1BST0RVQ1RfVFlQRS4uQzMuMzYwLnN2ZV9zZCIsInhwdl9hc3NldF9pZCI6MTMwNTI0NzI3MTQyNDQ2MSwiYXNzZXRfYWdlX2RheXMiOjExMiwidmlfdXNlY2FzZV9pZCI6MTA3OTksImR1cmF0aW9uX3MiOjYwLCJ1cmxnZW5fc291cmNlIjoid3d3In0%3D&ccb=17-1&_nc_gid=sWjevBiYUGg19DINxpfNog&_nc_ss=7b289&_nc_zt=28&oh=00_Af_TnAyYIx67WSPWIBm8WfY0G_tnIBQgtievdz5xZ3u_8Q&oe=6A399557 | Preview: https://scontent.fjai6-1.fna.fbcdn.net/v/t39.35426-6/721111361_942848585463259_8763325307048447648_n.jpg?_nc_cat=108&ccb=1-7&_nc_sid=c53f8f&_nc_ohc=RR1aIoofFeAQ7kNvwEMcprJ&_nc_oc=AdrxQTn3nbH1IiATHrDnDX5g-Gvp4oKdIPh1d7UvHTWVGdNHKurn16oePrpxWswKfi0Zt0DDXluQzA0UjoQzZexz&_nc_zt=14&_nc_ht=scontent.fjai6-1.fna&_nc_gid=sWjevBiYUGg19DINxpfNog&_nc_ss=7b289&oh=00_Af9SEIuaX9MleOel4ApCh8I60ZaJ8cB9QSM96UEA5ELkZQ&oe=6A39AA8C,,,,,,,
1431129722154836,https://www.facebook.com/ParadiseGroupNM/,fb.me,https://www.facebook.com/ParadiseGroupNM/,,,,marketing@paradisegroup.co.in,,,,,1587242448229072,http://fb.me/,Paradise Group,https://www.facebook.com/ads/library/?id=1431129722154836,"A Township of 1 & 2 BHK Cosmo-Luxury Homes with the Charm of Luxo
Starting at ₹44 Lakhs* Onwards
At Sai Sun City, Upper Khaghar

Project Highlights

✅ Spread across 29 acres township
✅ Themed Homes
✅ G+32 Storeyed Towers
✅ Club Atlantis - 55,000 sq.ft. Club House
✅ Skating Area
✅ Swimming Pool
✅ Tusk Bar + Trellis
✅ Lawn Tennis

MAHARERA REGISTRATION NO.: P52000033880, P52000045371 & P52000046738 l T&C Apply",46414,Learn more,fb.me,"FACEBOOK; INSTAGRAM",2026-06-13,2026-06-16,HD: https://video.fjai6-1.fna.fbcdn.net/o1/v/t2/f2/m366/AQOjV-pNHzpBOQ-rj6-LNfeeBt_UH3toaUF_9u-WsqDTbXQ9ae3VDOV4RSx75LpQ4G9B4v19u4o_QUqW3DPNpFxkqVwF9r9DdlT4NgbM5arRww.mp4?_nc_cat=102&_nc_oc=Adp-aInOROHYq3-zUyKb9j6-i-s0wHlhiDP7yfFjwmVhU4l4zl8rASSgugSKz546VeCaUPMrGVcj-vpaBqctrlqU&_nc_sid=b66105&_nc_ht=video.fjai6-1.fna.fbcdn.net&_nc_ohc=JqVfTybMXAQQ7kNvwEJf4TK&efg=eyJ2ZW5jb2RlX3RhZyI6Inhwdl9wcm9ncmVzc2l2ZS5WSV9VU0VDQVNFX1BST0RVQ1RfVFlQRS4uQzMuNzIwLmRhc2hfaDI2NC1iYXNpYy1nZW4yXzcyMHAiLCJ4cHZfYXNzZXRfaWQiOjEzMDUyNDcyNzE0MjQ0NjEsImFzc2V0X2FnZV9kYXlzIjoxMTIsInZpX3VzZWNhc2VfaWQiOjEwNzk5LCJkdXJhdGlvbl9zIjo2MCwidXJsZ2VuX3NvdXJjZSI6Ind3dyJ9&ccb=17-1&vs=da84a8c7e16bfe3c&_nc_vs=HBksFQIYRWZiX2VwaGVtZXJhbC80NjQxRkVFQTE4RTlCREYyRDVFMkVENUNFOUE1NkM5Ql9tdF8xX3ZpZGVvX2Rhc2hpbml0Lm1wNBUAAsgBEgAVAhhAZmJfcGVybWFuZW50LzgyNDNGM0RGQUJGRjE5QkYyNEI2N0Y5Q0VDOUIxRjkzX2F1ZGlvX2Rhc2hpbml0Lm1wNBUCAsgBEgAoABgAGwKIB3VzZV9vaWwBMRJwcm9ncmVzc2l2ZV9yZWNpcGUBMRUAACaax6j_scfRBBUCKAJDMywXQE47peNT988YGWRhc2hfaDI2NC1iYXNpYy1nZW4yXzcyMHARAHUAZd6oAQA&_nc_gid=sWjevBiYUGg19DINxpfNog&_nc_ss=7b289&_nc_zt=28&oh=00_Af-L9tWgblwRhzYEBUbL-T_P3EV5vSXuRKn6PBdZHWFQWg&oe=6A398942 | SD: https://video.fjai6-1.fna.fbcdn.net/o1/v/t2/f2/m412/AQO8PGu4Du6Vw0ym4f7hV3oo3TYWtpUwdYEE4Lb3Yo2kbYtXuuRma9FM6wcSdhREbXtewgmKjIgCIQqrHTj7ECZ3LX5X1Qhh_vCltcR0jw.mp4?_nc_cat=111&_nc_oc=AdpZEB4tr5IvsTPTwLANSuY_xxwXCuaTGWLq5hGCL6-SsFc4rH3kATP3ECfk9ouWLR2sUw87n3OBOguHWLfSeaUR&_nc_sid=ef5aa3&_nc_ht=video.fjai6-1.fna.fbcdn.net&_nc_ohc=30cGGBCinTQQ7kNvwEWbWaE&efg=eyJ2ZW5jb2RlX3RhZyI6Inhwdl9wcm9ncmVzc2l2ZS5WSV9VU0VDQVNFX1BST0RVQ1RfVFlQRS4uQzMuMzYwLnN2ZV9zZCIsInhwdl9hc3NldF9pZCI6MTMwNTI0NzI3MTQyNDQ2MSwiYXNzZXRfYWdlX2RheXMiOjExMiwidmlfdXNlY2FzZV9pZCI6MTA3OTksImR1cmF0aW9uX3MiOjYwLCJ1cmxnZW5fc291cmNlIjoid3d3In0%3D&ccb=17-1&_nc_gid=sWjevBiYUGg19DINxpfNog&_nc_ss=7b289&_nc_zt=28&oh=00_Af_TnAyYIx67WSPWIBm8WfY0G_tnIBQgtievdz5xZ3u_8Q&oe=6A399557 | Preview: https://scontent.fjai6-1.fna.fbcdn.net/v/t39.35426-6/722956539_2463560317472075_8188963030301947554_n.jpg?_nc_cat=100&ccb=1-7&_nc_sid=c53f8f&_nc_ohc=HCc_rEy-zCUQ7kNvwGiQXOj&_nc_oc=Adrh7qi6Awf7HRUJjJ28OU3eYE7s1fmFQtkzgmdA3jI_N4dqebwKasx-YJSqkCAHFcpEVJtKTv0rnTP9VhOZ-pCb&_nc_zt=14&_nc_ht=scontent.fjai6-1.fna&_nc_gid=sWjevBiYUGg19DINxpfNog&_nc_ss=7b289&oh=00_Af8KjRFfegp53i4MMeC9rL6zawAwPyoOpLBr5rntpntfLQ&oe=6A398960,,,,,,,
26949062181445280,https://www.facebook.com/61572844708475/,fb.me,https://www.facebook.com/61572844708475/,,,,,,,,,584444344743718,http://fb.me/,Kharghar Luxury Properties,https://www.facebook.com/ads/library/?id=26949062181445280,"Own a luxurious residence in Sector 37, Kharghar, where modern architecture meets exceptional lifestyle experiences.

✅ Panoramic Views
✅ Premium Clubhouses
✅ Grand Entrance Lobby
✅ Excellent Social Infrastructure
✅ Strategic Location Advantage

📍 Kharghar, Sector 37
3 & 4 BHK Residences Starting from ₹1.99 Cr*

Connect With Us For More Details.",541,Get quote,fb.me,"FACEBOOK; INSTAGRAM; AUDIENCE_NETWORK",2026-06-05,2026-06-17,HD: https://video.fjai6-1.fna.fbcdn.net/o1/v/t2/f2/m366/AQOViFdt2jgAv6IcnMr0yHCfXO3AThpiFBOz-soODbjL_N-bqXx9Vj-zKnJk4Xg1kUWnXBnJVTnR9ytpgJafxssrf_ya8T2W7UklDcw-LocFDw.mp4?_nc_cat=101&_nc_oc=AdpcgqeUsoZ85Hizr2DXcUo5oRiv3yRi-E6Yi5NPUlWIMhYH2oNOp23nArTjCowH9183_bcCuWb_NtXz2h6ATp8J&_nc_sid=b66105&_nc_ht=video.fjai6-1.fna.fbcdn.net&_nc_ohc=B5IDqHkdjB8Q7kNvwEQtDHR&efg=eyJ2ZW5jb2RlX3RhZyI6Inhwdl9wcm9ncmVzc2l2ZS5WSV9VU0VDQVNFX1BST0RVQ1RfVFlQRS4uQzMuNzIwLmRhc2hfaDI2NC1iYXNpYy1nZW4yXzcyMHAiLCJ4cHZfYXNzZXRfaWQiOjI2OTU5MTUxMjA3MDcyNTYyLCJhc3NldF9hZ2VfZGF5cyI6MTMsInZpX3VzZWNhc2VfaWQiOjEwNzk5LCJkdXJhdGlvbl9zIjo2NywidXJsZ2VuX3NvdXJjZSI6Ind3dyJ9&ccb=17-1&vs=e62579f588dbb825&_nc_vs=HBksFQIYRWZiX2VwaGVtZXJhbC83OTQwQjU1NTUxQzY4OUYzNkVDMjhEN0NERTAyQkRBRF9tdF8xX3ZpZGVvX2Rhc2hpbml0Lm1wNBUAAsgBEgAVAhhAZmJfcGVybWFuZW50L0RCNDU3RTVFOUMyNzQ2QzFBMzYxQTFBQkEyQjVEODlCX2F1ZGlvX2Rhc2hpbml0Lm1wNBUCAsgBEgAoABgAGwKIB3VzZV9vaWwBMRJwcm9ncmVzc2l2ZV9yZWNpcGUBMRUAACbkjKbykM3jXxUCKAJDMywXQFDGZmZmZmYYGWRhc2hfaDI2NC1iYXNpYy1nZW4yXzcyMHARAHUAZd6oAQA&_nc_gid=sWjevBiYUGg19DINxpfNog&_nc_ss=7b289&_nc_zt=28&oh=00_Af-Ldc-f9ZZ5zZ3FBWflH15rqqGmkRN7_hveY7IsXRXGVA&oe=6A39947B | SD: https://video.fjai6-1.fna.fbcdn.net/o1/v/t2/f2/m412/AQNXchSQLxGu5EmEsFjsl0ZNVPdXmr44UHM5_ENSQ-e5jHnfCu4tCbpDVELUKY-VeTX62T5mgTfRJDE3Of9KCYN6IMaWjsZxvsWjoqA6dg.mp4?_nc_cat=104&_nc_oc=Adqsb05MsVggI-U8PoHVxM4kOLpiEkQuwSnCr3fD91anWbcdyoj_PGW8DTu7a4WvFi9ch_zB3AcJU9ieOlw7JX-x&_nc_sid=ef5aa3&_nc_ht=video.fjai6-1.fna.fbcdn.net&_nc_ohc=GUZesJOTm1YQ7kNvwGPWgWl&efg=eyJ2ZW5jb2RlX3RhZyI6Inhwdl9wcm9ncmVzc2l2ZS5WSV9VU0VDQVNFX1BST0RVQ1RfVFlQRS4uQzMuMzYwLnN2ZV9zZCIsInhwdl9hc3NldF9pZCI6MjY5NTkxNTEyMDcwNzI1NjIsImFzc2V0X2FnZV9kYXlzIjoxMywidmlfdXNlY2FzZV9pZCI6MTA3OTksImR1cmF0aW9uX3MiOjY3LCJ1cmxnZW5fc291cmNlIjoid3d3In0%3D&ccb=17-1&_nc_gid=sWjevBiYUGg19DINxpfNog&_nc_ss=7b289&_nc_zt=28&oh=00_Af8t6erXyn692cAYBnad5Cn-Y1qKo8QXqksBPvsTMSM_uQ&oe=6A39A612 | Preview: https://scontent.fjai6-1.fna.fbcdn.net/v/t39.35426-6/716776376_27419814180969909_3539820196748434770_n.jpg?_nc_cat=104&ccb=1-7&_nc_sid=c53f8f&_nc_ohc=lbn4y5P_k2kQ7kNvwFtm6Z3&_nc_oc=AdoGE-hizwLH_IkM7ystmWL6rXenUL6oibof48WRJwA6xUQ1GzRvnZhuCqiiuUSErxHBt45r0DHfVO5lJg3vKrQa&_nc_zt=14&_nc_ht=scontent.fjai6-1.fna&_nc_gid=sWjevBiYUGg19DINxpfNog&_nc_ss=7b289&oh=00_Af9moYU93eXYUTErYn1aBnfHum73cDN76Ys--6P8iakwgg&oe=6A398F36,,,,,,,
1069994426208070,https://www.facebook.com/61590708635978/,,https://www.facebook.com/61590708635978/,,,,,+91 73049 33148,,,,1152813374582553,,Aavya Properties,https://www.facebook.com/ads/library/?id=1069994426208070,"Available office on rent 72 corporate park sakinaka 
Andheri East Mumbai 400072
Rent 65 k 
Deposit 2.5 lakh 
Possession Immediately 
1 car parking 
Semi Furnished 
Photo video available 
Call +91 73049 33148",15,No button,,FACEBOOK,2026-06-15,2026-06-17,,,,,,,,
3328551650647825,https://www.facebook.com/OfficialPremiumProperties/,fb.me,https://www.facebook.com/OfficialPremiumProperties/,,,,,+91 96190 95795,,,,103902785865469,http://fb.me/,Premium Properties,https://www.facebook.com/ads/library/?id=3328551650647825,"A New Era of Ultra-Luxury Living

 📍 Ghansoli

4.5 BHK + Deck 4.90 CR*

Possession in 3 Years 

⭐PROJECT HIGHLIGHTS⭐
◆Flexible Payment Plan
◆Ultra spacious Living & Dining
◆Grand Master Suite
◆Imported Marble Flooring
◆Premium Internal Specification
◆50+ Lifestyle Amenities
◆5 Minutes Walk to the Metro Station
◆5 Mins from Reliance Corporate Park

Click Below to Get More Information",59,Learn more,fb.me,"FACEBOOK; INSTAGRAM",2026-06-16,2026-06-17,HD: https://video.fjai6-1.fna.fbcdn.net/o1/v/t2/f2/m366/AQNJlHS0vy-f2VG2QxX_vrFIZYPZsCmvcWBZn6a84H29YyRSavpevgy9CLE6-Ermy3KxW-9w_2qcM7cMe3qpkj9WKQVK5SzrA6Ifcc5-ClxQaw.mp4?_nc_cat=111&_nc_oc=Adoq9ZsDqOymOafrId36BH-Rhew4XqmmO0KSn0WRJgSYVAdQYG3qeePbPqffjO3s6HzQ-XOCH3kUBjda0U38LEwg&_nc_sid=b66105&_nc_ht=video.fjai6-1.fna.fbcdn.net&_nc_ohc=qyvtw4nsVtsQ7kNvwGS2XjZ&efg=eyJ2ZW5jb2RlX3RhZyI6Inhwdl9wcm9ncmVzc2l2ZS5WSV9VU0VDQVNFX1BST0RVQ1RfVFlQRS4uQzMuNzIwLmRhc2hfaDI2NC1iYXNpYy1nZW4yXzcyMHAiLCJ4cHZfYXNzZXRfaWQiOjE3MTgyMDI1MDI1NDA3OTEsImFzc2V0X2FnZV9kYXlzIjoyLCJ2aV91c2VjYXNlX2lkIjoxMDc5OSwiZHVyYXRpb25fcyI6NDUsInVybGdlbl9zb3VyY2UiOiJ3d3cifQ%3D%3D&ccb=17-1&vs=2d3c8bfd7be5abf2&_nc_vs=HBksFQIYRWZiX2VwaGVtZXJhbC9ERjQ3ODY2NkVENDUyNEMzQTkxQTdFREZGNzEyRjI4MF9tdF8xX3ZpZGVvX2Rhc2hpbml0Lm1wNBUAAsgBEgAVAhhAZmJfcGVybWFuZW50L0I2NERGMjI1RjU5RDlBRkVEMDVBQjE2OTRCNkIyRUI4X2F1ZGlvX2Rhc2hpbml0Lm1wNBUCAsgBEgAoABgAGwKIB3VzZV9vaWwBMRJwcm9ncmVzc2l2ZV9yZWNpcGUBMRUAACbut4edxqyNBhUCKAJDMywXQEbrItDlYEIYGWRhc2hfaDI2NC1iYXNpYy1nZW4yXzcyMHARAHUAZd6oAQA&_nc_gid=sWjevBiYUGg19DINxpfNog&_nc_ss=7b289&_nc_zt=28&oh=00_Af893RUaRmIwKyGWUu5CetUqmbY33019Hx20Kbk6mCDHJQ&oe=6A39A065 | SD: https://video.fjai6-1.fna.fbcdn.net/o1/v/t2/f2/m412/AQPmcu8eQLfLP02VWpokEqRInO-SOnnjyQcokxMDvmZPK0gcP-e2HTT6wqgNdHVqBL8jVHTuEqZAALtQgR5rWXnVPMV2u0_Aw9-HvIaHRQ.mp4?_nc_cat=109&_nc_oc=Ado8mKDWywicd09n6Qf-xcBJrWAX7kYgk1_7uTAIst4uGCLZ9sPTscxTAVAeYe04jCRfr6rzft2aaZLe8FvyiDdf&_nc_sid=ef5aa3&_nc_ht=video.fjai6-1.fna.fbcdn.net&_nc_ohc=adC5kugvUg0Q7kNvwEXxQmj&efg=eyJ2ZW5jb2RlX3RhZyI6Inhwdl9wcm9ncmVzc2l2ZS5WSV9VU0VDQVNFX1BST0RVQ1RfVFlQRS4uQzMuMzYwLnN2ZV9zZCIsInhwdl9hc3NldF9pZCI6MTcxODIwMjUwMjU0MDc5MSwiYXNzZXRfYWdlX2RheXMiOjIsInZpX3VzZWNhc2VfaWQiOjEwNzk5LCJkdXJhdGlvbl9zIjo0NSwidXJsZ2VuX3NvdXJjZSI6Ind3dyJ9&ccb=17-1&_nc_gid=sWjevBiYUGg19DINxpfNog&_nc_ss=7b289&_nc_zt=28&oh=00_Af8EbT38Nj5Vu1oigMxTIt8cAeapWxQY50uA9uhtfHPUrQ&oe=6A3986D9 | Preview: https://scontent.fjai6-1.fna.fbcdn.net/v/t39.35426-6/725440158_935346409560931_2144706495170773137_n.jpg?_nc_cat=101&ccb=1-7&_nc_sid=c53f8f&_nc_ohc=PXc6SEuhT34Q7kNvwHxgZpU&_nc_oc=Ado87VT_XHqb8c9npToToksr2sIMCLnqGy_oKpQM9L9bkgTZWGeEDrMCc9YBGDg1t1PuvZTGj12TaDvQYhmQ_yH-&_nc_zt=14&_nc_ht=scontent.fjai6-1.fna&_nc_gid=sWjevBiYUGg19DINxpfNog&_nc_ss=7b289&oh=00_Af87yPPx0kKjA44Zh00sYMZWFihvGNlhre0CeanH_rh4Kg&oe=6A39A812,,,,,,,
1657242255389645,https://www.facebook.com/61553872572568/,instagram.com,https://www.facebook.com/61553872572568/,,,,toniandguygorakhpur@gmail.com,+91 90768 55592,,,,165815019956085,https://www.instagram.com/,Toni & Guy Gorakhpur ,https://www.facebook.com/ads/library/?id=1657242255389645,"𝐅𝐫𝐨𝐦 𝐟𝐫𝐢𝐳𝐳𝐲 𝐭𝐨 𝐟𝐥𝐚𝐰𝐥𝐞𝐬𝐬.✨

Watch the ultimate hair transformation unfold! 
We took this hair from tangled and dull to smooth, ultra-glossy perfection. 
If your hair is craving some serious TLC and that signature Toni & Guy glass-hair shine, this is your sign to book your chair.

📍 Visit us : TONI & GUY Salon, Above Barista Cafe, GDA Corporate Park, in front of Ram Garh Lake, Gorakhpur 273017
📞 DM or Call Now : +91 9076855592

[Hair transformation Gorakhpur, Premium salon Gorakhpur, Toni & Guy Gorakhpur, Best hair treatment Gorakhpur, Keratin smoothing Gorakhpur, Hair spa and smoothening, Luxury hair salon Uttar Pradesh]

#Gorakhpur #GorakhpurSalon #ToniAndGuy #ToniAndGuyGorakhpur #ToniAndGuyIndia  #LuxurySalon #PremiumSalon #HairTransformation #BeforeAndAfterHair #GlossyHair #SmoothHair #HairSmoothing #HairTreatment",25,Send message,www.instagram.com,"FACEBOOK; INSTAGRAM",2026-06-17,2026-06-18,HD: https://video.fjai6-1.fna.fbcdn.net/o1/v/t2/f2/m367/AQNdgIhsmmleZgDdBmEUXxWIi6P33Gv8GHxyPd09tJ5gkPgGekGpGAUlfBw-Mi2lbR6M8YdH-M_E5gSlzE7WO43gISDMki0vEJHkKvottA.mp4?_nc_cat=101&_nc_oc=AdrAKriFo9EkuSo5cf-xsv-ns1G5JQqAgmwpK9QYrW5b4vaW4QBfsSJWoGFx5SxyZOkpJ_pwGrEWA8WnE2QhMGTt&_nc_sid=ef5aa3&_nc_ht=video.fjai6-1.fna.fbcdn.net&_nc_ohc=JWs2qLWP0bkQ7kNvwGtJIp5&efg=eyJ2ZW5jb2RlX3RhZyI6Inhwdl9wcm9ncmVzc2l2ZS5WSV9VU0VDQVNFX1BST0RVQ1RfVFlQRS4uQzMuNzIwLnByb2dyZXNzaXZlX2gyNjQtYmFzaWMtZ2VuMl83MjBwIiwieHB2X2Fzc2V0X2lkIjoxNzk1ODA1OTAxOTEyOTkyNCwiYXNzZXRfYWdlX2RheXMiOjEyLCJ2aV91c2VjYXNlX2lkIjoxMDA5OSwiZHVyYXRpb25fcyI6MTIsInVybGdlbl9zb3VyY2UiOiJ3d3cifQ%3D%3D&ccb=17-1&_nc_gid=lS9VTkEq7R9_X9MtaP39dw&_nc_ss=7b289&_nc_zt=28&oh=00_Af-rSMyQPF-D8Uc7qF2Aq6wB-a9btaVZE6tMxkhb1LlLSw&oe=6A39B2E1 | SD: https://video.fjai6-1.fna.fbcdn.net/o1/v/t2/f2/m367/AQMiKU446C1oql8vEyi_MzvDGy_hCuBhOYSkdL3kmDMMcQWG8s-eVxlyCZHSOQnElNxTGLsjQThJCrCDQXfUc5mY6SgNUENBquW9a_vVBw.mp4?_nc_cat=101&_nc_oc=AdpMRyuMkbsHzPh8ZQWInAOb3X2xaPiQ8h9DUhtyHU7Etr6ixs53GT2lB3N5j5qhzeR4easAd-RW6-kRN-qWOR3U&_nc_sid=ef5aa3&_nc_ht=video.fjai6-1.fna.fbcdn.net&_nc_ohc=TS8zo5E2pzsQ7kNvwEKyWlJ&efg=eyJ2ZW5jb2RlX3RhZyI6Inhwdl9wcm9ncmVzc2l2ZS5WSV9VU0VDQVNFX1BST0RVQ1RfVFlQRS4uQzMuMzYwLnByb2dyZXNzaXZlX2gyNjQtYmFzaWMtZ2VuMl8zNjBwIiwieHB2X2Fzc2V0X2lkIjoxNzk1ODA1OTAxOTEyOTkyNCwiYXNzZXRfYWdlX2RheXMiOjEyLCJ2aV91c2VjYXNlX2lkIjoxMDA5OSwiZHVyYXRpb25fcyI6MTIsInVybGdlbl9zb3VyY2UiOiJ3d3cifQ%3D%3D&ccb=17-1&_nc_gid=lS9VTkEq7R9_X9MtaP39dw&_nc_ss=7b289&_nc_zt=28&oh=00_Af_ZxWbbtUdNC521YvmF47wPXJSHciQNbcU-OWVPjTZ66w&oe=6A39B701 | Preview: https://scontent.fjai6-1.fna.fbcdn.net/v/t39.35426-6/725767347_996013819800143_7005101832732603976_n.jpg?_nc_cat=100&ccb=1-7&_nc_sid=c53f8f&_nc_ohc=w1fNKPNncEYQ7kNvwEx2M4Y&_nc_oc=Adrz5gF7U8RbLTn5oZPfiscZr7gc9RuCE4cEEZVGBOO0-GnrGIuwgN8xO-bwfOhgv16NyfyZDdblbQDeVrmF-sra&_nc_zt=14&_nc_ht=scontent.fjai6-1.fna&_nc_gid=lS9VTkEq7R9_X9MtaP39dw&_nc_ss=7b289&oh=00_Af-6DdCk1IbtV9sEac-Kos4_5ujuxKptZ2t_RN4VaMGQxA&oe=6A39B66C,,,,,,,
2461708554306774,https://www.facebook.com/61572505978727/,play.google.com,https://www.facebook.com/61572505978727/,,,,,,,,,565574549966663,http://play.google.com/store/apps/details?id=com.bolo.android,English Seekho App,https://www.facebook.com/ads/library/?id=2461708554306774,Fluent English bolne ka sirf ek raasta – Daily practice on English Seekho App. Start now!,28674,Install now,play.google.com,"FACEBOOK; INSTAGRAM; AUDIENCE_NETWORK; MESSENGER; THREADS",2026-06-17,2026-06-18,HD: https://video.fjai6-1.fna.fbcdn.net/o1/v/t2/f2/m366/AQN7muGzCYP7jhvsEeHt0hwZHx2PYAShv4KLbh0rhJT9N8_Z9fu3iQfLVafmujGFLIKnTLtqTZhxyHXfZCOYI8rmcnAZeElRCxgC8Y7ClPvitQ.mp4?_nc_cat=102&_nc_oc=Adr_BWYfs4auYLG4xAUkl5Qf-SD0ZqTVkwqK78313f6H_KIvwgYEMuvGCj0gWF88wGj_lWuKD4yoLHCcoTNZQs_6&_nc_sid=b66105&_nc_ht=video.fjai6-1.fna.fbcdn.net&_nc_ohc=VkpswENkoUIQ7kNvwHf0X3D&efg=eyJ2ZW5jb2RlX3RhZyI6Inhwdl9wcm9ncmVzc2l2ZS5WSV9VU0VDQVNFX1BST0RVQ1RfVFlQRS4uQzMuNzIwLmRhc2hfaDI2NC1iYXNpYy1nZW4yXzcyMHAiLCJ4cHZfYXNzZXRfaWQiOjI0NTY5NDMwNDgxMTQ1NjAsImFzc2V0X2FnZV9kYXlzIjoxLCJ2aV91c2VjYXNlX2lkIjoxMDEzOSwiZHVyYXRpb25fcyI6MjcwLCJ1cmxnZW5fc291cmNlIjoid3d3In0%3D&ccb=17-1&vs=1b1c3cacb8c44bca&_nc_vs=HBksFQIYRWZiX2VwaGVtZXJhbC9FNjQ1QkI4N0FEMERFQjA4NkY2MTVEOEUwRDAxQ0Y5Ql9tdF8xX3ZpZGVvX2Rhc2hpbml0Lm1wNBUAAsgBEgAVAhhAZmJfcGVybWFuZW50L0JBNDIxNkQxNTlBQjIwNDVCQzY2ODQ3OTZCRjhENkJDX2F1ZGlvX2Rhc2hpbml0Lm1wNBUCAsgBEgAoABgAGwKIB3VzZV9vaWwBMRJwcm9ncmVzc2l2ZV9yZWNpcGUBMRUAACaAhu6Z9KTdCBUCKAJDMywXQHDip--dsi0YGWRhc2hfaDI2NC1iYXNpYy1nZW4yXzcyMHARAHUAZbaeAQA&_nc_gid=lS9VTkEq7R9_X9MtaP39dw&_nc_ss=7b289&_nc_zt=28&oh=00_Af_4bv4G1kY_fsBL9PL9JF5lnK9dvh6_inwb-sGYvxBBhg&oe=6A39B882 | SD: https://video.fjai6-1.fna.fbcdn.net/o1/v/t2/f2/m412/AQO_xEqa4NC4s70HQtnipynM7evgc4YlJs5a58I-gTGSeYGkRXmzsQyLolw1E3_5RmYm9j0qiEDbaaRpwn1mpH-3UwYU35KoqN0KWEEkgA.mp4?_nc_cat=107&_nc_oc=AdrmNKHc2l7XxmiQD26HYNmuPwdV7Dgw3UBFREi5hUzeY3a6L0RUruHIqc9-Z3YaxEg3-_OKo1bGLPYKUBK9VAlD&_nc_sid=ef5aa3&_nc_ht=video.fjai6-1.fna.fbcdn.net&_nc_ohc=mnmOiNcD6oIQ7kNvwE4i7O8&efg=eyJ2ZW5jb2RlX3RhZyI6Inhwdl9wcm9ncmVzc2l2ZS5WSV9VU0VDQVNFX1BST0RVQ1RfVFlQRS4uQzMuMzYwLnN2ZV9zZCIsInhwdl9hc3NldF9pZCI6MjQ1Njk0MzA0ODExNDU2MCwiYXNzZXRfYWdlX2RheXMiOjEsInZpX3VzZWNhc2VfaWQiOjEwMTM5LCJkdXJhdGlvbl9zIjoyNzAsInVybGdlbl9zb3VyY2UiOiJ3d3cifQ%3D%3D&ccb=17-1&_nc_gid=lS9VTkEq7R9_X9MtaP39dw&_nc_ss=7b289&_nc_zt=28&oh=00_Af8vdgK7AYROHK5UVYkuhAL8rldyeJb8ElAgXi0Mfk2ZYQ&oe=6A39900F | Preview: https://scontent.fjai6-1.fna.fbcdn.net/v/t39.35426-6/724485002_4416984118573754_3331420018118628300_n.jpg?_nc_cat=107&ccb=1-7&_nc_sid=c53f8f&_nc_ohc=sCPTLsZomzoQ7kNvwGWH1zM&_nc_oc=AdrsDsAK7chd47oMspBJY0lXw2sy__nBSjL7hOvSk8lOUl6WPHSRX2il8lItLIXgM7WWjRDviMp3WYc6-6-oCiTP&_nc_zt=14&_nc_ht=scontent.fjai6-1.fna&_nc_gid=lS9VTkEq7R9_X9MtaP39dw&_nc_ss=7b289&oh=00_Af-m03ZM34pGE12UGq3WuKEbs6W7edxwUcqst4pm8B_cdg&oe=6A399D4E,,,,,,,
1038446938864671,https://www.facebook.com/ParadiseGroupNM/,fb.me,https://www.facebook.com/ParadiseGroupNM/,,,,marketing@paradisegroup.co.in,,,,,1587242448229072,http://fb.me/,Paradise Group,https://www.facebook.com/ads/library/?id=1038446938864671,"A Township of 1 & 2 BHK Cosmo-Luxury Homes with the Charm of Luxo
Starting at ₹44 Lakhs* Onwards
At Sai Sun City, Upper Khaghar

Project Highlights

✅ Spread across 29 acres township
✅ Themed Homes
✅ G+32 Storeyed Towers
✅ Club Atlantis - 55,000 sq.ft. Club House
✅ Skating Area
✅ Swimming Pool
✅ Tusk Bar + Trellis
✅ Lawn Tennis

MAHARERA REGISTRATION NO.: P52000033880, P52000045371 & P52000046738 l T&C Apply",46414,Learn more,fb.me,"FACEBOOK; INSTAGRAM",2026-06-13,2026-06-17,HD: https://video.fjai6-1.fna.fbcdn.net/o1/v/t2/f2/m366/AQOjV-pNHzpBOQ-rj6-LNfeeBt_UH3toaUF_9u-WsqDTbXQ9ae3VDOV4RSx75LpQ4G9B4v19u4o_QUqW3DPNpFxkqVwF9r9DdlT4NgbM5arRww.mp4?_nc_cat=102&_nc_oc=Adp-aInOROHYq3-zUyKb9j6-i-s0wHlhiDP7yfFjwmVhU4l4zl8rASSgugSKz546VeCaUPMrGVcj-vpaBqctrlqU&_nc_sid=b66105&_nc_ht=video.fjai6-1.fna.fbcdn.net&_nc_ohc=JqVfTybMXAQQ7kNvwEJf4TK&efg=eyJ2ZW5jb2RlX3RhZyI6Inhwdl9wcm9ncmVzc2l2ZS5WSV9VU0VDQVNFX1BST0RVQ1RfVFlQRS4uQzMuNzIwLmRhc2hfaDI2NC1iYXNpYy1nZW4yXzcyMHAiLCJ4cHZfYXNzZXRfaWQiOjEzMDUyNDcyNzE0MjQ0NjEsImFzc2V0X2FnZV9kYXlzIjoxMTIsInZpX3VzZWNhc2VfaWQiOjEwNzk5LCJkdXJhdGlvbl9zIjo2MCwidXJsZ2VuX3NvdXJjZSI6Ind3dyJ9&ccb=17-1&vs=da84a8c7e16bfe3c&_nc_vs=HBksFQIYRWZiX2VwaGVtZXJhbC80NjQxRkVFQTE4RTlCREYyRDVFMkVENUNFOUE1NkM5Ql9tdF8xX3ZpZGVvX2Rhc2hpbml0Lm1wNBUAAsgBEgAVAhhAZmJfcGVybWFuZW50LzgyNDNGM0RGQUJGRjE5QkYyNEI2N0Y5Q0VDOUIxRjkzX2F1ZGlvX2Rhc2hpbml0Lm1wNBUCAsgBEgAoABgAGwKIB3VzZV9vaWwBMRJwcm9ncmVzc2l2ZV9yZWNpcGUBMRUAACaax6j_scfRBBUCKAJDMywXQE47peNT988YGWRhc2hfaDI2NC1iYXNpYy1nZW4yXzcyMHARAHUAZd6oAQA&_nc_gid=lS9VTkEq7R9_X9MtaP39dw&_nc_ss=7b289&_nc_zt=28&oh=00_Af-SmCD2MVvwRwT3rdh8N7nsiFKWVole7fuOiczPIBv8yQ&oe=6A398942 | SD: https://video.fjai6-1.fna.fbcdn.net/o1/v/t2/f2/m412/AQO8PGu4Du6Vw0ym4f7hV3oo3TYWtpUwdYEE4Lb3Yo2kbYtXuuRma9FM6wcSdhREbXtewgmKjIgCIQqrHTj7ECZ3LX5X1Qhh_vCltcR0jw.mp4?_nc_cat=111&_nc_oc=AdpZEB4tr5IvsTPTwLANSuY_xxwXCuaTGWLq5hGCL6-SsFc4rH3kATP3ECfk9ouWLR2sUw87n3OBOguHWLfSeaUR&_nc_sid=ef5aa3&_nc_ht=video.fjai6-1.fna.fbcdn.net&_nc_ohc=30cGGBCinTQQ7kNvwEWbWaE&efg=eyJ2ZW5jb2RlX3RhZyI6Inhwdl9wcm9ncmVzc2l2ZS5WSV9VU0VDQVNFX1BST0RVQ1RfVFlQRS4uQzMuMzYwLnN2ZV9zZCIsInhwdl9hc3NldF9pZCI6MTMwNTI0NzI3MTQyNDQ2MSwiYXNzZXRfYWdlX2RheXMiOjExMiwidmlfdXNlY2FzZV9pZCI6MTA3OTksImR1cmF0aW9uX3MiOjYwLCJ1cmxnZW5fc291cmNlIjoid3d3In0%3D&ccb=17-1&_nc_gid=lS9VTkEq7R9_X9MtaP39dw&_nc_ss=7b289&_nc_zt=28&oh=00_Af9nnPS0LvLgkKo2hnRJ_eL0KwDuimEKPbAMqnDHevVgdw&oe=6A399557 | Preview: https://scontent.fjai6-1.fna.fbcdn.net/v/t39.35426-6/722911520_3129602413907201_570661922325868338_n.jpg?_nc_cat=104&ccb=1-7&_nc_sid=c53f8f&_nc_ohc=XF2zWJkU8rQQ7kNvwH-HSPz&_nc_oc=Adofz-q0bA2PaKNFbzzYkR9rLj_gX-bHhRj2H-Yf70fTKx6Rzjb6lN6kk2w6JXumrxduY08xJDSI7ZG_M3Co57uI&_nc_zt=14&_nc_ht=scontent.fjai6-1.fna&_nc_gid=lS9VTkEq7R9_X9MtaP39dw&_nc_ss=7b289&oh=00_Af87CKV_a2PonXAdqdm5ri-Q0j_-SGVoO30sDVFxbENsDw&oe=6A39AA02,,,,,,,
1700270024646640,https://www.facebook.com/ParadiseGroupNM/,fb.me,https://www.facebook.com/ParadiseGroupNM/,,,,marketing@paradisegroup.co.in,,,,,1587242448229072,http://fb.me/,Paradise Group,https://www.facebook.com/ads/library/?id=1700270024646640,"A Township of 1 & 2 BHK Cosmo-Luxury Homes with the Charm of Luxo
Starting at ₹44 Lakhs* Onwards
At Sai Sun City, Upper Khaghar

Project Highlights

✅ Spread across 29 acres township
✅ Themed Homes
✅ G+32 Storeyed Towers
✅ Club Atlantis - 55,000 sq.ft. Club House
✅ Skating Area
✅ Swimming Pool
✅ Tusk Bar + Trellis
✅ Lawn Tennis

MAHARERA REGISTRATION NO.: P52000033880, P52000045371 & P52000046738 l T&C Apply",46414,Learn more,fb.me,"FACEBOOK; INSTAGRAM",2026-06-12,2026-06-17,HD: https://video.fjai6-1.fna.fbcdn.net/o1/v/t2/f2/m366/AQOjV-pNHzpBOQ-rj6-LNfeeBt_UH3toaUF_9u-WsqDTbXQ9ae3VDOV4RSx75LpQ4G9B4v19u4o_QUqW3DPNpFxkqVwF9r9DdlT4NgbM5arRww.mp4?_nc_cat=102&_nc_oc=Adp-aInOROHYq3-zUyKb9j6-i-s0wHlhiDP7yfFjwmVhU4l4zl8rASSgugSKz546VeCaUPMrGVcj-vpaBqctrlqU&_nc_sid=b66105&_nc_ht=video.fjai6-1.fna.fbcdn.net&_nc_ohc=JqVfTybMXAQQ7kNvwEJf4TK&efg=eyJ2ZW5jb2RlX3RhZyI6Inhwdl9wcm9ncmVzc2l2ZS5WSV9VU0VDQVNFX1BST0RVQ1RfVFlQRS4uQzMuNzIwLmRhc2hfaDI2NC1iYXNpYy1nZW4yXzcyMHAiLCJ4cHZfYXNzZXRfaWQiOjEzMDUyNDcyNzE0MjQ0NjEsImFzc2V0X2FnZV9kYXlzIjoxMTIsInZpX3VzZWNhc2VfaWQiOjEwNzk5LCJkdXJhdGlvbl9zIjo2MCwidXJsZ2VuX3NvdXJjZSI6Ind3dyJ9&ccb=17-1&vs=da84a8c7e16bfe3c&_nc_vs=HBksFQIYRWZiX2VwaGVtZXJhbC80NjQxRkVFQTE4RTlCREYyRDVFMkVENUNFOUE1NkM5Ql9tdF8xX3ZpZGVvX2Rhc2hpbml0Lm1wNBUAAsgBEgAVAhhAZmJfcGVybWFuZW50LzgyNDNGM0RGQUJGRjE5QkYyNEI2N0Y5Q0VDOUIxRjkzX2F1ZGlvX2Rhc2hpbml0Lm1wNBUCAsgBEgAoABgAGwKIB3VzZV9vaWwBMRJwcm9ncmVzc2l2ZV9yZWNpcGUBMRUAACaax6j_scfRBBUCKAJDMywXQE47peNT988YGWRhc2hfaDI2NC1iYXNpYy1nZW4yXzcyMHARAHUAZd6oAQA&_nc_gid=lS9VTkEq7R9_X9MtaP39dw&_nc_ss=7b289&_nc_zt=28&oh=00_Af-SmCD2MVvwRwT3rdh8N7nsiFKWVole7fuOiczPIBv8yQ&oe=6A398942 | SD: https://video.fjai6-1.fna.fbcdn.net/o1/v/t2/f2/m412/AQO8PGu4Du6Vw0ym4f7hV3oo3TYWtpUwdYEE4Lb3Yo2kbYtXuuRma9FM6wcSdhREbXtewgmKjIgCIQqrHTj7ECZ3LX5X1Qhh_vCltcR0jw.mp4?_nc_cat=111&_nc_oc=AdpZEB4tr5IvsTPTwLANSuY_xxwXCuaTGWLq5hGCL6-SsFc4rH3kATP3ECfk9ouWLR2sUw87n3OBOguHWLfSeaUR&_nc_sid=ef5aa3&_nc_ht=video.fjai6-1.fna.fbcdn.net&_nc_ohc=30cGGBCinTQQ7kNvwEWbWaE&efg=eyJ2ZW5jb2RlX3RhZyI6Inhwdl9wcm9ncmVzc2l2ZS5WSV9VU0VDQVNFX1BST0RVQ1RfVFlQRS4uQzMuMzYwLnN2ZV9zZCIsInhwdl9hc3NldF9pZCI6MTMwNTI0NzI3MTQyNDQ2MSwiYXNzZXRfYWdlX2RheXMiOjExMiwidmlfdXNlY2FzZV9pZCI6MTA3OTksImR1cmF0aW9uX3MiOjYwLCJ1cmxnZW5fc291cmNlIjoid3d3In0%3D&ccb=17-1&_nc_gid=lS9VTkEq7R9_X9MtaP39dw&_nc_ss=7b289&_nc_zt=28&oh=00_Af9nnPS0LvLgkKo2hnRJ_eL0KwDuimEKPbAMqnDHevVgdw&oe=6A399557 | Preview: https://scontent.fjai6-1.fna.fbcdn.net/v/t39.35426-6/723362034_1671154294102510_705722323820083920_n.jpg?_nc_cat=101&ccb=1-7&_nc_sid=c53f8f&_nc_ohc=syK4DUm2PrgQ7kNvwEvhjpO&_nc_oc=AdrCTv-xLG4FDQaAPn75JFwXO1a570e1TZRtYTsBEXRf_txtBBHUsve3bZRQS2QUyCpMyzW0SXzvgs0bZhySqAZl&_nc_zt=14&_nc_ht=scontent.fjai6-1.fna&_nc_gid=lS9VTkEq7R9_X9MtaP39dw&_nc_ss=7b289&oh=00_Af-p_woEqUlCinUqwSEsOVdHVLgPWtOku8w6e4Q_cSeFJA&oe=6A398BC1,,,,,,,
1024394100036523,https://www.facebook.com/Hitesh-Chandwaani-157406370780378/,api.whatsapp.com,https://www.facebook.com/Hitesh-Chandwaani-157406370780378/,,,,,,,,,157406370780378,https://api.whatsapp.com/send?phone=918802975075,Hitesh Chandwaani,https://www.facebook.com/ads/library/?id=1024394100036523,Pre-Leased Commercial Property available for Sale. Call Hitesh 8802975075,,Send WhatsApp message,api.whatsapp.com,"FACEBOOK; INSTAGRAM",2026-06-17,2026-06-17,,,  ||   ||   ||   ||   ||  ,https://api.whatsapp.com/send?phone=918802975075&token=eyJhbGciOiJFUzI1NiIsInR5cCI6IkpXVCIsImtpZCI6IjEyNSJ9.eyJleHAiOjE3ODE3Nzk3NjYsInBob25lIjoiOTE4ODAyOTc1MDc1In0.GvCrEZv42ZJjdoqvzQrslHfto8bMkZi9nLVstJiX0Gk83HgFOv-IyMYErCFXeNpxWxTvlgV-HBr5563ObkoXbw || https://api.whatsapp.com/send?phone=918802975075&token=eyJhbGciOiJFUzI1NiIsInR5cCI6IkpXVCIsImtpZCI6IjEyNSJ9.eyJleHAiOjE3ODE3Nzk3NjYsInBob25lIjoiOTE4ODAyOTc1MDc1In0.yaeVh7lVkTLH4uELUN4b9a0MH1E_lDo27RdBGEcdWpoNlO18o4Sdlg5qhJg5oto3Zd997Emn-pDZAzJQVGla4Q || https://api.whatsapp.com/send?phone=918802975075&token=eyJhbGciOiJFUzI1NiIsInR5cCI6IkpXVCIsImtpZCI6IjEyNSJ9.eyJleHAiOjE3ODE3Nzk3NjYsInBob25lIjoiOTE4ODAyOTc1MDc1In0.BBiAeTt8oGJ8N5aCwOQueRcPXKoAFdgm0N8GGfdEr79Yltw3chUf7w3qUUrqsvayz0eJDGBn15Nttbki3VMB7w || https://api.whatsapp.com/send?phone=918802975075&token=eyJhbGciOiJFUzI1NiIsInR5cCI6IkpXVCIsImtpZCI6IjEyNSJ9.eyJleHAiOjE3ODE3Nzk3NjYsInBob25lIjoiOTE4ODAyOTc1MDc1In0.KvQ9JHhnwg9LfNkyUoBQfYA0dVenAMS11iVQHA35FTkGGXBfac13N8NhIfQ9WuE4PfIYcU2yFXDY2cKWJgbSNg || https://api.whatsapp.com/send?phone=918802975075&token=eyJhbGciOiJFUzI1NiIsInR5cCI6IkpXVCIsImtpZCI6IjEyNSJ9.eyJleHAiOjE3ODE3Nzk3NjYsInBob25lIjoiOTE4ODAyOTc1MDc1In0.Xz4NlxfMrZbZZlqaq7te-rV2P34PgUANnEqXaznVczyG1ElxNmnA_p28ZRC4HdrUJl4QfJGJWKgCn_aYw2xqig || https://api.whatsapp.com/send?phone=918802975075&token=eyJhbGciOiJFUzI1NiIsInR5cCI6IkpXVCIsImtpZCI6IjEyNSJ9.eyJleHAiOjE3ODE3Nzk3NjYsInBob25lIjoiOTE4ODAyOTc1MDc1In0.i4CrfyCd9o5yF40MyD-uzNflWtKsJqRmz4Z9mUwrqXK6mJGlC51R71WqqnEPgHq1HVBhfaGiVnuQf9mlOgruZw,api.whatsapp.com || api.whatsapp.com || api.whatsapp.com || api.whatsapp.com || api.whatsapp.com || api.whatsapp.com,Send WhatsApp Message || Send WhatsApp Message || Send WhatsApp Message || Send WhatsApp Message || Send WhatsApp Message || Send WhatsApp Message,Original: https://scontent.fjai6-1.fna.fbcdn.net/v/t39.35426-6/723257697_1956574025084855_2647308270680283331_n.jpg?_nc_cat=111&ccb=1-7&_nc_sid=c53f8f&_nc_ohc=kB2yuCnp2TwQ7kNvwFsAJcI&_nc_oc=AdonR0zjhrdQtZ8nYFo8PZ_8FGFOyF3-1_Rsqcc0dUWSsZBf0i-DWUW_-Lm3v6egs9V_oy61qS1P8aVsMz-HhP1D&_nc_zt=14&_nc_ht=scontent.fjai6-1.fna&_nc_gid=lS9VTkEq7R9_X9MtaP39dw&_nc_ss=7b289&oh=00_Af_-yha114bNuHwSK7-MLr-9tINIVkQvTKIHhLW9cE3Llw&oe=6A39A08D | Resized: https://scontent.fjai6-1.fna.fbcdn.net/v/t39.35426-6/725904867_2677175082679720_7420357852351329693_n.jpg?stp=dst-jpg_s600x600_tt6&_nc_cat=107&ccb=1-7&_nc_sid=c53f8f&_nc_ohc=jT2k08h1MXAQ7kNvwH5vkDG&_nc_oc=AdpRhH5GhZvn3rwY6dYmxfj99iJwhisYe1gwBE1q3vAmWc07CJgZyxQcutbGdkcOjMLcH60u4b8qDJVh4znOA6Wi&_nc_zt=14&_nc_ht=scontent.fjai6-1.fna&_nc_gid=lS9VTkEq7R9_X9MtaP39dw&_nc_ss=7b289&oh=00_Af_M1onRbnqa12FBLoSFW3QXOF4g0SPBwdgbyXlh4VTUDQ&oe=6A399ED5 || Original: https://scontent.fjai6-1.fna.fbcdn.net/v/t39.35426-6/726432210_1022512806844608_4973830460787604196_n.jpg?_nc_cat=111&ccb=1-7&_nc_sid=c53f8f&_nc_ohc=IKXWmsrAJ5QQ7kNvwEvQ9VI&_nc_oc=AdpK-QSUmpQKF8k-u04yGCyj_j1K3ywzdi5N2kyRKTLMXJeIMp-CWi8eMhnJcEWpUX6wqpA4WPB29_qUHiR_PSB3&_nc_zt=14&_nc_ht=scontent.fjai6-1.fna&_nc_gid=lS9VTkEq7R9_X9MtaP39dw&_nc_ss=7b289&oh=00_Af_XpZt47kcJ0qb51YhoSevnyBaGLG82yhKel-OG-TwxNg&oe=6A39BD49 | Resized: https://scontent.fjai6-1.fna.fbcdn.net/v/t39.35426-6/725474753_1319322423094676_8381345936764213815_n.jpg?stp=dst-jpg_s600x600_tt6&_nc_cat=110&ccb=1-7&_nc_sid=c53f8f&_nc_ohc=UzPPr_Mew3kQ7kNvwFO4pMd&_nc_oc=AdpA8hTlaJ-oCARkHw8GBoDZSe2IaUkMXjxF_Lkwr1hkqIw7EKdSvhMZ42JDY2RzTWALAWYG3GKcQlsFu5kzuF9B&_nc_zt=14&_nc_ht=scontent.fjai6-1.fna&_nc_gid=lS9VTkEq7R9_X9MtaP39dw&_nc_ss=7b289&oh=00_Af94TyrHqqKBMn62gzMBuEqwwAVR9sqG6-33q1f4Og36vA&oe=6A399359 || Original: https://scontent.fjai6-1.fna.fbcdn.net/v/t39.35426-6/726200912_1395509819069186_3646132614961421298_n.jpg?_nc_cat=105&ccb=1-7&_nc_sid=c53f8f&_nc_ohc=C_XuUv0RncQQ7kNvwGQcGAv&_nc_oc=AdoyYOp6fr4PJld_RwpoTgjvo0YyyGCvD8zOccdQqh2PY-e31Osjo-roX7J00fxnyOZcbOihxPOm39n5xmrD463J&_nc_zt=14&_nc_ht=scontent.fjai6-1.fna&_nc_gid=lS9VTkEq7R9_X9MtaP39dw&_nc_ss=7b289&oh=00_Af8IiTdH0rGfOwomGkP-2tiavUSAkX_WaI67G8UhR2MmhA&oe=6A39BAF1 | Resized: https://scontent.fjai6-1.fna.fbcdn.net/v/t39.35426-6/722911109_3105722666295046_2259797855028187941_n.jpg?stp=dst-jpg_s600x600_tt6&_nc_cat=108&ccb=1-7&_nc_sid=c53f8f&_nc_ohc=teU47OwrnNYQ7kNvwFSr8E6&_nc_oc=AdrMaaSPCY8ffkfQhIY01NolZ0YkHNuIMJ8ZaR5-UYCdTw_esY81q1OtlXgqAGe5mSesWibe1oR6Myusrw_CrWZz&_nc_zt=14&_nc_ht=scontent.fjai6-1.fna&_nc_gid=lS9VTkEq7R9_X9MtaP39dw&_nc_ss=7b289&oh=00_Af-zHDc0QTSvkB3IHQDbYv3y7-wBKxcv7PV4bqIeyNQQ7Q&oe=6A39A1CF || Original: https://scontent.fjai6-1.fna.fbcdn.net/v/t39.35426-6/726357883_2240385296781110_4033202731430556487_n.jpg?_nc_cat=106&ccb=1-7&_nc_sid=c53f8f&_nc_ohc=vdB1NxtD0swQ7kNvwEZtqAa&_nc_oc=AdqyImQ4yemMiQ-8UJKy61yvmY07hjVpTCvlvZv4yQZRdb6kFzvxxuG0Uk2QHaMNL70dF5UvHEsFhDRUu-3vAJFV&_nc_zt=14&_nc_ht=scontent.fjai6-1.fna&_nc_gid=lS9VTkEq7R9_X9MtaP39dw&_nc_ss=7b289&oh=00_Af9GB6DDcdosDZZmnZygAwG8nttplNrU4NWQJc9xWzxoIw&oe=6A398EB2 | Resized: https://scontent.fjai6-1.fna.fbcdn.net/v/t39.35426-6/724880715_1979593546259343_2647743385636463306_n.jpg?stp=dst-jpg_s600x600_tt6&_nc_cat=110&ccb=1-7&_nc_sid=c53f8f&_nc_ohc=lUQL-10ejPwQ7kNvwG-gdma&_nc_oc=AdoOF_FggUvPZC77kmqoPwthS569JKnZptJk8D5-dAMEqONiLQbr8ynrAZqUi_KSdGDEdvpT5xFB5Gz1_Gxw0Lxs&_nc_zt=14&_nc_ht=scontent.fjai6-1.fna&_nc_gid=lS9VTkEq7R9_X9MtaP39dw&_nc_ss=7b289&oh=00_Af9pbE1R4xgDbzq5X447a__GRPBRYjUAnT0-tGQp-hz4RA&oe=6A399684 || Original: https://scontent.fjai6-1.fna.fbcdn.net/v/t39.35426-6/723407211_1727659758267260_4828760233472522310_n.jpg?_nc_cat=104&ccb=1-7&_nc_sid=c53f8f&_nc_ohc=P73GWMtOrkAQ7kNvwHXosEj&_nc_oc=AdoqCVnrfLASNIvRjpvG60b2QFlJhWwsS9ZSK6jvZwiRqYDkr66sXdlY_1smyBajBhs0nqxn6aXYCnZKxS0SlJTH&_nc_zt=14&_nc_ht=scontent.fjai6-1.fna&_nc_gid=lS9VTkEq7R9_X9MtaP39dw&_nc_ss=7b289&oh=00_Af9KdfHXJag2wrkoXFsMLyhD_bSknDVAr9xVc-_SqO3VTw&oe=6A398C2D | Resized: https://scontent.fjai6-1.fna.fbcdn.net/v/t39.35426-6/722911108_1364816692181410_2490481967572382878_n.jpg?stp=dst-jpg_s600x600_tt6&_nc_cat=108&ccb=1-7&_nc_sid=c53f8f&_nc_ohc=QbdvG_QgS40Q7kNvwGg35Nt&_nc_oc=AdqPPVAGrNA97GFFSkMfPIho4PoCyGX6FwtZmWYo6cFgXuLOSuVogZ4XB43O63Vf1n3looVumUfpvqGio2CbdnVU&_nc_zt=14&_nc_ht=scontent.fjai6-1.fna&_nc_gid=lS9VTkEq7R9_X9MtaP39dw&_nc_ss=7b289&oh=00_Af-xBCn9lUfq6tpIIowq4Zw2SFXqGl5T8Xnvgi6wWLeoMA&oe=6A39A3F6 || Original: https://scontent.fjai6-1.fna.fbcdn.net/v/t39.35426-6/725880062_1304733781643472_7152646131789397703_n.jpg?_nc_cat=102&ccb=1-7&_nc_sid=c53f8f&_nc_ohc=bm2wNOJJ7PoQ7kNvwFht_bD&_nc_oc=AdpmhENW9D1ZhuqmmWWYo7diIVbaRJRsYvV5w1wdF_4rIMRXc3G4vXVWntPKDFZ3opEXZMQmwt2_tYZunJDAK6AV&_nc_zt=14&_nc_ht=scontent.fjai6-1.fna&_nc_gid=lS9VTkEq7R9_X9MtaP39dw&_nc_ss=7b289&oh=00_Af9g-QRse4Octp85Gx3XuVjro5HGlfxsBOjiklY7QWNxqg&oe=6A39AB8E | Resized: https://scontent.fjai6-1.fna.fbcdn.net/v/t39.35426-6/725678512_1025446196675452_33948056119371057_n.jpg?stp=dst-jpg_s600x600_tt6&_nc_cat=106&ccb=1-7&_nc_sid=c53f8f&_nc_ohc=pBoaLmtiVhcQ7kNvwEso_UG&_nc_oc=AdpXRC2RuDOemOQbp3-L-IbLakGUK8y2-TWuz4vjvaamoMCa4_TdBIXUZbdndMNtzrvDGhzzsdODXJ7cvyLFAU-x&_nc_zt=14&_nc_ht=scontent.fjai6-1.fna&_nc_gid=lS9VTkEq7R9_X9MtaP39dw&_nc_ss=7b289&oh=00_Af8EHhVJekdZO-ZLRC7k1LJsPiOsttcW2fdqnHS5K7tVlg&oe=6A39AEBC,
4299693793577383,https://www.facebook.com/61589942254075/,api.whatsapp.com,https://www.facebook.com/61589942254075/,,,,,,,,,1100488556483525,https://api.whatsapp.com/send,QA Riverfront,https://www.facebook.com/ads/library/?id=4299693793577383,"Project Highlights🚦
♦️4 acres land parcel 
♦️11 & 14story 5 towers 
♦️Spacious 1BHK & 2BHK homes
♦️Gated Community
♦️Exclusive separate towers of  1 & 2 bhk 
♦️5 minutes from the Pendhar & Pethali Metro Station
♦️20/25 minutes from upcoming Navi Mumbai International Airport
♦️10 minutes from the proposed Corporate Park & Business District
♦️20 minutes from Shilphata Junction",,Send WhatsApp message,WhatsApp,"FACEBOOK; INSTAGRAM; AUDIENCE_NETWORK; MESSENGER; WHATSAPP",2026-06-16,2026-06-18,,Original: https://scontent.fjai6-1.fna.fbcdn.net/v/t39.35426-6/721735615_1004807858907550_5294701407592706767_n.jpg?_nc_cat=103&ccb=1-7&_nc_sid=c53f8f&_nc_ohc=dAKb8CfL1xgQ7kNvwFk6MBv&_nc_oc=AdpqZAWmaVl7aeOums3MAnmiu4X3zoHutn348L_nafmVvYMgWg5-66ldtxyQ0r74tChbi_V6WT3agOjJbheZbDMu&_nc_zt=14&_nc_ht=scontent.fjai6-1.fna&_nc_gid=lS9VTkEq7R9_X9MtaP39dw&_nc_ss=7b289&oh=00_Af-jgac08vXZCgjrbaOsH2LzwMDtXskJlcrIBtx53l_G8w&oe=6A3991BC | Resized: https://scontent.fjai6-1.fna.fbcdn.net/v/t39.35426-6/723852977_1685978579399929_720336306184302552_n.jpg?stp=dst-jpg_s600x600_tt6&_nc_cat=102&ccb=1-7&_nc_sid=c53f8f&_nc_ohc=fuMVvQCkH7AQ7kNvwHVA6Df&_nc_oc=AdrDfhI4Xzxp0bctr8Oh7JnE7S2rjuezMCDdw9p5FI5ULz8IxnD91e6l2EOxXXzltZKPOQSw8n5D78tEdQwh0Euy&_nc_zt=14&_nc_ht=scontent.fjai6-1.fna&_nc_gid=lS9VTkEq7R9_X9MtaP39dw&_nc_ss=7b289&oh=00_Af9I-FgUq7XYqCDF8gYZeNKLFVWO3nuNbNPeeIJINs_0Qw&oe=6A399C37,,,,,,
4395652500703968,https://www.facebook.com/61575721872951/,itunes.apple.com,https://www.facebook.com/61575721872951/,,,,,"1-800-692-7753, 18006927753",,,,687758221077930,http://itunes.apple.com/app/id6744983158,Astro Lokal,https://www.facebook.com/ads/library/?id=4395652500703968,"💰 Lakshangalude poojakal venda! Kalyanam, career prashnangalkku sathyamaaya uthram! 💯
Verum ₹20-il AstroLokal vazhi krithyamaya parihaaram ariyam! 🪐💍",2601,Install now,itunes.apple.com,"FACEBOOK; INSTAGRAM; AUDIENCE_NETWORK; MESSENGER; THREADS",2026-06-17,2026-06-18,,,"💰 Lakshangalude poojakal venda! Kalyanam, career prashnangalkku sathyamaaya uthram! 💯
Verum ₹20-il AstroLokal vazhi krithyamaya parihaaram ariyam! 🪐💍 || 💰 Lakshangalude poojakal venda! Kalyanam, career prashnangalkku sathyamaaya uthram! 💯
Verum ₹20-il AstroLokal vazhi krithyamaya parihaaram ariyam! 🪐💍 || 💰 Lakshangalude poojakal venda! Kalyanam, career prashnangalkku sathyamaaya uthram! 💯
Verum ₹20-il AstroLokal vazhi krithyamaya parihaaram ariyam! 🪐💍",http://itunes.apple.com/app/id6744983158 || http://itunes.apple.com/app/id6744983158 || http://itunes.apple.com/app/id6744983158,,Install Now || Install Now || Install Now,Original: https://scontent.fjai6-1.fna.fbcdn.net/v/t39.35426-6/724382605_2193622821485024_4357027812893196110_n.jpg?_nc_cat=105&ccb=1-7&_nc_sid=c53f8f&_nc_ohc=cIxklXBXbdMQ7kNvwGg9WwM&_nc_oc=AdrC9fY5Aj_-z_wtDyw6uMoUO95CmYXaU-xFs9Gal0tJdws0Sj6vyg3asH9HfJ7VD5Fn9nQH0OBjndf4fawUQ5Wg&_nc_zt=14&_nc_ht=scontent.fjai6-1.fna&_nc_gid=lS9VTkEq7R9_X9MtaP39dw&_nc_ss=7b289&oh=00_Af_B_I5PzJtHKaYodYgPJb3_qUrZeadJFFpQL3PXat5T7g&oe=6A399093 | Resized: https://scontent.fjai6-1.fna.fbcdn.net/v/t39.35426-6/724648007_1734068054296509_1710173620649638425_n.jpg?stp=dst-jpg_s600x600_tt6&_nc_cat=100&ccb=1-7&_nc_sid=c53f8f&_nc_ohc=3GxQavRY6iIQ7kNvwERGldD&_nc_oc=AdrHDjuA6cJLNfpxKgWRxjUga-9KViIQO8d3xVjvRPtcroB9OKsUlURW8BtwLXOo3r1xxIcNhXsrm6cSA_HeYlil&_nc_zt=14&_nc_ht=scontent.fjai6-1.fna&_nc_gid=lS9VTkEq7R9_X9MtaP39dw&_nc_ss=7b289&oh=00_Af9IA3ik_m0s6nBX2Ql_gRWEtorD-UwVLzNPhDTp5V5yuQ&oe=6A39A53D || Original: https://scontent.fjai6-1.fna.fbcdn.net/v/t39.35426-6/724382605_2193622821485024_4357027812893196110_n.jpg?_nc_cat=105&ccb=1-7&_nc_sid=c53f8f&_nc_ohc=cIxklXBXbdMQ7kNvwGg9WwM&_nc_oc=AdrC9fY5Aj_-z_wtDyw6uMoUO95CmYXaU-xFs9Gal0tJdws0Sj6vyg3asH9HfJ7VD5Fn9nQH0OBjndf4fawUQ5Wg&_nc_zt=14&_nc_ht=scontent.fjai6-1.fna&_nc_gid=lS9VTkEq7R9_X9MtaP39dw&_nc_ss=7b289&oh=00_Af_B_I5PzJtHKaYodYgPJb3_qUrZeadJFFpQL3PXat5T7g&oe=6A399093 | Resized: https://scontent.fjai6-1.fna.fbcdn.net/v/t39.35426-6/724648007_1734068054296509_1710173620649638425_n.jpg?stp=dst-jpg_s600x600_tt6&_nc_cat=100&ccb=1-7&_nc_sid=c53f8f&_nc_ohc=3GxQavRY6iIQ7kNvwERGldD&_nc_oc=AdrHDjuA6cJLNfpxKgWRxjUga-9KViIQO8d3xVjvRPtcroB9OKsUlURW8BtwLXOo3r1xxIcNhXsrm6cSA_HeYlil&_nc_zt=14&_nc_ht=scontent.fjai6-1.fna&_nc_gid=lS9VTkEq7R9_X9MtaP39dw&_nc_ss=7b289&oh=00_Af9IA3ik_m0s6nBX2Ql_gRWEtorD-UwVLzNPhDTp5V5yuQ&oe=6A39A53D || Original: https://scontent.fjai6-1.fna.fbcdn.net/v/t39.35426-6/724382605_2193622821485024_4357027812893196110_n.jpg?_nc_cat=105&ccb=1-7&_nc_sid=c53f8f&_nc_ohc=cIxklXBXbdMQ7kNvwGg9WwM&_nc_oc=AdrC9fY5Aj_-z_wtDyw6uMoUO95CmYXaU-xFs9Gal0tJdws0Sj6vyg3asH9HfJ7VD5Fn9nQH0OBjndf4fawUQ5Wg&_nc_zt=14&_nc_ht=scontent.fjai6-1.fna&_nc_gid=lS9VTkEq7R9_X9MtaP39dw&_nc_ss=7b289&oh=00_Af_B_I5PzJtHKaYodYgPJb3_qUrZeadJFFpQL3PXat5T7g&oe=6A399093 | Resized: https://scontent.fjai6-1.fna.fbcdn.net/v/t39.35426-6/724648007_1734068054296509_1710173620649638425_n.jpg?stp=dst-jpg_s600x600_tt6&_nc_cat=100&ccb=1-7&_nc_sid=c53f8f&_nc_ohc=3GxQavRY6iIQ7kNvwERGldD&_nc_oc=AdrHDjuA6cJLNfpxKgWRxjUga-9KViIQO8d3xVjvRPtcroB9OKsUlURW8BtwLXOo3r1xxIcNhXsrm6cSA_HeYlil&_nc_zt=14&_nc_ht=scontent.fjai6-1.fna&_nc_gid=lS9VTkEq7R9_X9MtaP39dw&_nc_ss=7b289&oh=00_Af9IA3ik_m0s6nBX2Ql_gRWEtorD-UwVLzNPhDTp5V5yuQ&oe=6A39A53D,
4329095900673387,https://www.facebook.com/61584835761368/,fb.me,https://www.facebook.com/61584835761368/,,,,,+91 70225 24228,,,,884085654791156,http://fb.me/,Ashreyaedge,https://www.facebook.com/ads/library/?id=4329095900673387,"✈️ Minutes From Navi Mumbai International Airport.

Own a premium home at one of Navi Mumbai's fastest-growing destinations.

Queen's Necklace offers unmatched connectivity and future appreciation.

🚇 5 Minutes From Kharghar Metro
🏢 Upcoming Corporate Park (BKC 2)
🛣️ MTHL Connectivity
🌿 40+ Lifestyle Amenities
🏡 4-Acre Gated Community

Invest in tomorrow's landmark address.

📲 WhatsApp Now For More Details

☎️ +91 77195 91220",5,Sign up,fb.me,"FACEBOOK; INSTAGRAM",2026-06-18,2026-06-18,,Original: https://scontent.fjai6-1.fna.fbcdn.net/v/t39.35426-6/725133254_2405243263303290_3331172127810579366_n.jpg?_nc_cat=103&ccb=1-7&_nc_sid=c53f8f&_nc_ohc=G6MuJUP9yzoQ7kNvwHKLFJl&_nc_oc=AdqUVwdcovqwxg4ml-EXSQi-yDhewnSLkikLsiGtX82QGGfsrYWhtG9YJ4phl7lFWMym8P9EirEstKn2G6y04q-R&_nc_zt=14&_nc_ht=scontent.fjai6-1.fna&_nc_gid=lS9VTkEq7R9_X9MtaP39dw&_nc_ss=7b289&oh=00_Af9e5HMlQfhUo8HZ0UFdZPHJHzRm_o604s3UbstyUunUKA&oe=6A39B539 | Resized: https://scontent.fjai6-1.fna.fbcdn.net/v/t39.35426-6/725069092_1302033452094650_2332312298372229074_n.jpg?stp=dst-jpg_s600x600_tt6&_nc_cat=105&ccb=1-7&_nc_sid=c53f8f&_nc_ohc=-we8C_8y1dkQ7kNvwGGx97w&_nc_oc=Adp_pTMEP3rGYqSXkilS9uqCidFVS7uzxeGOttX0QfzGpaetW1N3_bHxHVEwZQo1mocufNTe4twsIyA-SSTFoxSI&_nc_zt=14&_nc_ht=scontent.fjai6-1.fna&_nc_gid=lS9VTkEq7R9_X9MtaP39dw&_nc_ss=7b289&oh=00_Af9qz8epDD3gU3EqNENJi26vrdd-QpPeBgf5k-dL-6ZCeA&oe=6A39891C,,,,,,
992439143158473,https://www.facebook.com/61572844708475/,fb.me,https://www.facebook.com/61572844708475/,,,,,,,,,584444344743718,http://fb.me/,Kharghar Luxury Properties,https://www.facebook.com/ads/library/?id=992439143158473,"Own a luxurious residence in Sector 37, Kharghar, where modern architecture meets exceptional lifestyle experiences.

✅ Panoramic Views
✅ Premium Clubhouses
✅ Grand Entrance Lobby
✅ Excellent Social Infrastructure
✅ Strategic Location Advantage

📍 Kharghar, Sector 37
3 & 4 BHK Residences Starting from ₹1.99 Cr*

Connect With Us For More Details.",541,Get quote,fb.me,"FACEBOOK; INSTAGRAM; AUDIENCE_NETWORK",2026-06-05,2026-06-17,HD: https://video.fjai6-1.fna.fbcdn.net/o1/v/t2/f2/m366/AQOViFdt2jgAv6IcnMr0yHCfXO3AThpiFBOz-soODbjL_N-bqXx9Vj-zKnJk4Xg1kUWnXBnJVTnR9ytpgJafxssrf_ya8T2W7UklDcw-LocFDw.mp4?_nc_cat=101&_nc_oc=AdpcgqeUsoZ85Hizr2DXcUo5oRiv3yRi-E6Yi5NPUlWIMhYH2oNOp23nArTjCowH9183_bcCuWb_NtXz2h6ATp8J&_nc_sid=b66105&_nc_ht=video.fjai6-1.fna.fbcdn.net&_nc_ohc=B5IDqHkdjB8Q7kNvwEQtDHR&efg=eyJ2ZW5jb2RlX3RhZyI6Inhwdl9wcm9ncmVzc2l2ZS5WSV9VU0VDQVNFX1BST0RVQ1RfVFlQRS4uQzMuNzIwLmRhc2hfaDI2NC1iYXNpYy1nZW4yXzcyMHAiLCJ4cHZfYXNzZXRfaWQiOjI2OTU5MTUxMjA3MDcyNTYyLCJhc3NldF9hZ2VfZGF5cyI6MTMsInZpX3VzZWNhc2VfaWQiOjEwNzk5LCJkdXJhdGlvbl9zIjo2NywidXJsZ2VuX3NvdXJjZSI6Ind3dyJ9&ccb=17-1&vs=e62579f588dbb825&_nc_vs=HBksFQIYRWZiX2VwaGVtZXJhbC83OTQwQjU1NTUxQzY4OUYzNkVDMjhEN0NERTAyQkRBRF9tdF8xX3ZpZGVvX2Rhc2hpbml0Lm1wNBUAAsgBEgAVAhhAZmJfcGVybWFuZW50L0RCNDU3RTVFOUMyNzQ2QzFBMzYxQTFBQkEyQjVEODlCX2F1ZGlvX2Rhc2hpbml0Lm1wNBUCAsgBEgAoABgAGwKIB3VzZV9vaWwBMRJwcm9ncmVzc2l2ZV9yZWNpcGUBMRUAACbkjKbykM3jXxUCKAJDMywXQFDGZmZmZmYYGWRhc2hfaDI2NC1iYXNpYy1nZW4yXzcyMHARAHUAZd6oAQA&_nc_gid=lS9VTkEq7R9_X9MtaP39dw&_nc_ss=7b289&_nc_zt=28&oh=00_Af-zrHJbefq4BnwVl6cZwB_mMSLSkOqSurKJgv26XwJMbg&oe=6A39947B | SD: https://video.fjai6-1.fna.fbcdn.net/o1/v/t2/f2/m412/AQNXchSQLxGu5EmEsFjsl0ZNVPdXmr44UHM5_ENSQ-e5jHnfCu4tCbpDVELUKY-VeTX62T5mgTfRJDE3Of9KCYN6IMaWjsZxvsWjoqA6dg.mp4?_nc_cat=104&_nc_oc=Adqsb05MsVggI-U8PoHVxM4kOLpiEkQuwSnCr3fD91anWbcdyoj_PGW8DTu7a4WvFi9ch_zB3AcJU9ieOlw7JX-x&_nc_sid=ef5aa3&_nc_ht=video.fjai6-1.fna.fbcdn.net&_nc_ohc=GUZesJOTm1YQ7kNvwGPWgWl&efg=eyJ2ZW5jb2RlX3RhZyI6Inhwdl9wcm9ncmVzc2l2ZS5WSV9VU0VDQVNFX1BST0RVQ1RfVFlQRS4uQzMuMzYwLnN2ZV9zZCIsInhwdl9hc3NldF9pZCI6MjY5NTkxNTEyMDcwNzI1NjIsImFzc2V0X2FnZV9kYXlzIjoxMywidmlfdXNlY2FzZV9pZCI6MTA3OTksImR1cmF0aW9uX3MiOjY3LCJ1cmxnZW5fc291cmNlIjoid3d3In0%3D&ccb=17-1&_nc_gid=lS9VTkEq7R9_X9MtaP39dw&_nc_ss=7b289&_nc_zt=28&oh=00_Af-UQqyreH5OqBVuNa4RYXCkWACuwYqlbJUOiK6kH8TTLw&oe=6A39A612 | Preview: https://scontent.fjai6-1.fna.fbcdn.net/v/t39.35426-6/714064048_988427327418868_1804751400457376758_n.jpg?_nc_cat=110&ccb=1-7&_nc_sid=c53f8f&_nc_ohc=WV1xD_x2rccQ7kNvwHJfy4j&_nc_oc=AdockMKV2G0Yy5ABGyVxPOpIle49lq6NOph3HLqo_JDj5595lYmYYPaN1SpZfDoWPsLFYZQCA89g9WZk0uFMAWSv&_nc_zt=14&_nc_ht=scontent.fjai6-1.fna&_nc_gid=lS9VTkEq7R9_X9MtaP39dw&_nc_ss=7b289&oh=00_Af97ivrH2s0hREeJUUrFh_Cm2NlGwN5yBz25Wi6Iyzv-bw&oe=6A399ADA,,,,,,,
1633175561709533,https://www.facebook.com/Dreaminternational-1233016593218446/,api.whatsapp.com,https://www.facebook.com/Dreaminternational-1233016593218446/,,,,,,,,,1233016593218446,https://api.whatsapp.com/send?phone=918446125968,Dreaminternational,https://www.facebook.com/ads/library/?id=1633175561709533,,,Send WhatsApp message,WhatsApp,"FACEBOOK; INSTAGRAM",2026-06-17,2026-06-18,,Original: https://scontent.fjai6-1.fna.fbcdn.net/v/t39.35426-6/720362038_1018823114059033_6611879525053896120_n.jpg?_nc_cat=100&ccb=1-7&_nc_sid=c53f8f&_nc_ohc=PZHBiy2q28MQ7kNvwEQIKnf&_nc_oc=AdrYqYJsOBdy93MwpGWYf187kfeLEACphW-Y3aS-a_f7G1wfjamBRmMRxU4T3o0S_4my7pSS9mjNsOrS5cCEUzxo&_nc_zt=14&_nc_ht=scontent.fjai6-1.fna&_nc_gid=9KCGYHp-sMsQI4TSQWKZgw&_nc_ss=7b289&oh=00_Af-1vKBJDsq8vzYP1KiCyQD9jLyVV31COM8rNogp0trlKw&oe=6A39A6C8 | Resized: https://scontent.fjai6-1.fna.fbcdn.net/v/t39.35426-6/723853203_1045506734816414_7393299033735232403_n.jpg?stp=dst-jpg_s600x600_tt6&_nc_cat=103&ccb=1-7&_nc_sid=c53f8f&_nc_ohc=05Q4VUg3UBoQ7kNvwGRHGtI&_nc_oc=Adqrlk0oCrDkGuDlgNjTSowdBVa34ATKzB9bm4nmaQF3jqzstr9IRhPx2hHqOUT3Uar88_RqLxFpNktkrO4gaHib&_nc_zt=14&_nc_ht=scontent.fjai6-1.fna&_nc_gid=9KCGYHp-sMsQI4TSQWKZgw&_nc_ss=7b289&oh=00_Af80unKvx5-NLYc4DrIfYOuIdqHClMNAg-iXtwpH2mTdHg&oe=6A399182,,,,,,
1392059782759490,https://www.facebook.com/princetheclub/,api.whatsapp.com,https://www.facebook.com/princetheclub/,,,,princetheclub@gmail.com,+91 79800 77926,,,,457707774083103,https://api.whatsapp.com/send,Prince The Club,https://www.facebook.com/ads/library/?id=1392059782759490,"Sip more, spend less! 🍹
Happy Hour @princetheclub.kolkata just got irresistible — 12 PM to 8 PM, every single day!
Unbeatable prices on Whiskey, Cocktails, Beer, Rum & more.
Your mid-day mood deserves this upgrade. 😉

📍Tower 2, Srijan Corporate Park, GP Block, Sector V, Bidhannagar, Kolkata – 700091

📞 For Reservations or details call/whatsapp us on 07980077926 or 9563523552",1123,Send WhatsApp message,WhatsApp,"FACEBOOK; INSTAGRAM; AUDIENCE_NETWORK; WHATSAPP",2026-06-17,2026-06-18,,Original: https://scontent.fjai6-1.fna.fbcdn.net/v/t39.35426-6/724632088_2261338364622953_6526401951561693096_n.jpg?_nc_cat=105&ccb=1-7&_nc_sid=c53f8f&_nc_ohc=8INU3dCkOeIQ7kNvwHf4Dwu&_nc_oc=AdpzUotDKKGh1Dt2LygRv9OwkosXGvkLgHnJSPIazkyoh0WsGKp4rmbybq1cB-tq-6YqVmurh5cXnIHQmKGkWHQm&_nc_zt=14&_nc_ht=scontent.fjai6-1.fna&_nc_gid=9KCGYHp-sMsQI4TSQWKZgw&_nc_ss=7b289&oh=00_Af-_YeLTFGQuGgC4ydUOvgsqZJukjePG1PPasRD148fFzg&oe=6A398656 | Resized: https://scontent.fjai6-1.fna.fbcdn.net/v/t39.35426-6/724765537_2252595278815982_4270069813831633680_n.jpg?stp=dst-jpg_s600x600_tt6&_nc_cat=108&ccb=1-7&_nc_sid=c53f8f&_nc_ohc=JrKco7S4o5YQ7kNvwGUgqsv&_nc_oc=AdqL6V3twScYNqmonrkxdBQNGsZ0IRYFEQQnCBlJTq0atO_YkHviZO8IbFG-w_tA__0AhVm1tPAiP-MNHlrBbux7&_nc_zt=14&_nc_ht=scontent.fjai6-1.fna&_nc_gid=9KCGYHp-sMsQI4TSQWKZgw&_nc_ss=7b289&oh=00_Af_tpk9brOCZxedr_tlp7XS56ltAsSjWri3oW9ZTImas0Q&oe=6A3990D9,,,,,,
1563349358737533,https://www.instagram.com/_u/josya_silver,instagram.com,https://www.instagram.com/_u/josya_silver,http://instagram.com/josya_silver,,,,,,,,263841430147301,http://instagram.com/josya_silver,josya_silver,https://www.facebook.com/ads/library/?id=1563349358737533,"Silver based Polki necklace crafted with timeless elegance! 
A handcrafted Polki choker set designed to give you that luxurious next-to-real look, every detail is crafted with precision for your occasion !

📹 Video call appointments available worldwide
For customisation & orders: +91 7838751954
📍 Visit Us:
Spaze Corporate Park, First Floor, S.No. 151, Sector 69, Gurugram – 122101

Josya jewellery, PolkiJewellery #BridalSet #WeddingJewellery #RealLookJewellery #LuxuryBridalJewellery #92Point5Silver CustomizedJewellery IndianBride BridalAccessories PolkiSet KundanSet BridalAsia StatementJewellery HandcraftedJewellery BridalFashion WeddingSeason JosyaJewellery",,Send message,instagram.com,INSTAGRAM,2026-06-17,2026-06-17,HD: https://video.fjai6-1.fna.fbcdn.net/o1/v/t2/f2/m367/AQNrilAjXQR8mCXdXb_LEmiPf_9ZqGotuXCqV4GOdPszwvUfo-JQTZfDQ_hVf-V2x9Q3KbkF_vNwJsDwhNi1vXer46i54oLoB9JypZvp-g.mp4?_nc_cat=102&_nc_oc=AdoEXiYuhKMDV6pokbz-vMYy5bgVpARRIC5UTQKKOQsKphitxg3lrQyp89a5qVZiyUoFs_UVV2GWjNazl3PXFoP9&_nc_sid=ef5aa3&_nc_ht=video.fjai6-1.fna.fbcdn.net&_nc_ohc=emEi-fXbUuYQ7kNvwE8Tzb7&efg=eyJ2ZW5jb2RlX3RhZyI6Inhwdl9wcm9ncmVzc2l2ZS5WSV9VU0VDQVNFX1BST0RVQ1RfVFlQRS4uQzMuNzIwLnByb2dyZXNzaXZlX2gyNjQtYmFzaWMtZ2VuMl83MjBwIiwieHB2X2Fzc2V0X2lkIjoxNDk3NjMwMDc1MTk5NDIxLCJhc3NldF9hZ2VfZGF5cyI6MjEsInZpX3VzZWNhc2VfaWQiOjEwMDk5LCJkdXJhdGlvbl9zIjozMCwidXJsZ2VuX3NvdXJjZSI6Ind3dyJ9&ccb=17-1&_nc_gid=9KCGYHp-sMsQI4TSQWKZgw&_nc_ss=7b289&_nc_zt=28&oh=00_Af9SJtNApzQVVpJnh_aLFkHKTlgPKJG6Xb5fd2IpKEKCag&oe=6A3988AC | SD: https://video.fjai6-1.fna.fbcdn.net/o1/v/t2/f2/m367/AQPPhJKwu0Arb555ZK6dL2VNxheQDe4vIdi355eZvf0WpOgz7XbjvhYLjbUBW-CdawDqczCMjlV-wQUU0HCB_MAORTw-0GEUq0X5IKHxQQ.mp4?_nc_cat=109&_nc_oc=AdrHN3pHvgSd95yNnNeWp4UMUAWDfALvOyaC10M7ot7TWRcrcJOtFVdtni3BgFPuh4-T3oByarGcRO7ZjGQcdcEN&_nc_sid=ef5aa3&_nc_ht=video.fjai6-1.fna.fbcdn.net&_nc_ohc=qKs9gq5i9gsQ7kNvwFvNOg9&efg=eyJ2ZW5jb2RlX3RhZyI6Inhwdl9wcm9ncmVzc2l2ZS5WSV9VU0VDQVNFX1BST0RVQ1RfVFlQRS4uQzMuMzYwLnByb2dyZXNzaXZlX2gyNjQtYmFzaWMtZ2VuMl8zNjBwIiwieHB2X2Fzc2V0X2lkIjoxNDk3NjMwMDc1MTk5NDIxLCJhc3NldF9hZ2VfZGF5cyI6MjEsInZpX3VzZWNhc2VfaWQiOjEwMDk5LCJkdXJhdGlvbl9zIjozMCwidXJsZ2VuX3NvdXJjZSI6Ind3dyJ9&ccb=17-1&_nc_gid=9KCGYHp-sMsQI4TSQWKZgw&_nc_ss=7b289&_nc_zt=28&oh=00_Af-DMBL7AisYzFarCLj4Xeh4hO1yttgaoDEnexaCGDIfWg&oe=6A399FB5 | Preview: https://scontent.fjai6-1.fna.fbcdn.net/v/t39.35426-6/726200676_2240276950079786_4167621182235657509_n.jpg?_nc_cat=104&ccb=1-7&_nc_sid=c53f8f&_nc_ohc=jP8kqeSeDNYQ7kNvwFfSwXD&_nc_oc=AdqFR_y5_cEaA6tYBSryJBn7VpV0B9O7-hzAILNr_Lhnt8mCihzVPwrgq3iVwWlqb8ZWj-oJsq6exGC5Oc3-1L4N&_nc_zt=14&_nc_ht=scontent.fjai6-1.fna&_nc_gid=9KCGYHp-sMsQI4TSQWKZgw&_nc_ss=7b289&oh=00_Af8TmzEjDAQxzJJGeVvCLeuY_1n2QylxBbhUeH5eHCorEQ&oe=6A39AF5C,,,,,,,
932911763176012,https://www.facebook.com/61553872572568/,instagram.com,https://www.facebook.com/61553872572568/,,,,toniandguygorakhpur@gmail.com,+91 90768 55592,,,,165815019956085,https://www.instagram.com/,Toni & Guy Gorakhpur ,https://www.facebook.com/ads/library/?id=932911763176012,"𝐅𝐫𝐨𝐦 𝐜𝐚𝐧𝐯𝐚𝐬 𝐭𝐨 𝐚 𝐦𝐚𝐬𝐭𝐞𝐫𝐩𝐢𝐞𝐜𝐞✨

Watch the magic unfold as we take nail artistry to the next level with delicate florals, elegant gold accents, and a flawless finish. Because your hands deserve nothing less than couture treatment.
Drop a 🌸 if you’re obsessed with this transformation!

📍 Visit us : TONI & GUY Salon, Above Barista Cafe, GDA Corporate Park, in front of Ram Garh Lake, Gorakhpur 273017
📞 DM or Call Now : +91 9076855592

[Nail art Gorakhpur,Best nail salon in Gorakhpur,Nail extensions Gorakhpur,Nail art transition reel,Floral nail art design,Elegant gel nails,Bridal nail art Gorakhpur,Salon near Ramgarh Lake,GDA Corporate Park Gorakhpur,Premium beauty parlor Gorakhpur]

#ToniAndGuyGorakhpur #GorakhpurSalon #NailArtTransition #NailExtensions #FloralNails #LuxuryManicure #NailInspo #NailArtDesign #GelNails #NailTransformation #ToniAndGuyIndia #ToniAndGuy #LuxurySalon",25,Send message,www.instagram.com,"FACEBOOK; INSTAGRAM",2026-06-17,2026-06-18,HD: https://video.fjai6-1.fna.fbcdn.net/o1/v/t2/f2/m367/AQNoDCzHR3rx-JeXF_4YUbePaxS_EG5ma3FzWVOOSS0Fq48GaNve077UsvOfWBaaiAyhbhBARLEmuVeobrePfI24Pa9EXf2WCi5Bw9xgSg.mp4?_nc_cat=100&_nc_oc=Adqw375ClpGMitI2S5vhGvHdIUbt1_IedJN05Fag0DmeZX1_ALsMOZ-Yo5Os4o7iL0Wr232Q2Ej6_SMiTwAgSkd8&_nc_sid=ef5aa3&_nc_ht=video.fjai6-1.fna.fbcdn.net&_nc_ohc=POR-ZeFskLgQ7kNvwG3mBFh&efg=eyJ2ZW5jb2RlX3RhZyI6Inhwdl9wcm9ncmVzc2l2ZS5WSV9VU0VDQVNFX1BST0RVQ1RfVFlQRS4uQzMuNzIwLnByb2dyZXNzaXZlX2gyNjQtYmFzaWMtZ2VuMl83MjBwIiwieHB2X2Fzc2V0X2lkIjoxNzk1ODE4MDcyOTEyOTkyNCwiYXNzZXRfYWdlX2RheXMiOjEyLCJ2aV91c2VjYXNlX2lkIjoxMDA5OSwiZHVyYXRpb25fcyI6OCwidXJsZ2VuX3NvdXJjZSI6Ind3dyJ9&ccb=17-1&_nc_gid=9KCGYHp-sMsQI4TSQWKZgw&_nc_ss=7b289&_nc_zt=28&oh=00_Af8TIqeUrir3Qqo1aufl5w3zS_FTy5i7kdj972_ib30jig&oe=6A3996A2 | SD: https://video.fjai6-1.fna.fbcdn.net/o1/v/t2/f2/m367/AQMpoNNc0govQdMOFyz45ppLsfMNstcpak1iIh1ju8rlZG9fhJWQGfQViCBiahKIXLLepeo_YCgTqfXCmGWBofLBgtNqY2IpHuGvOdQ_9Q.mp4?_nc_cat=111&_nc_oc=AdpvY0gBk_7i630FUksHIMCS2Zthn-P4xkE4iTZZfEQ8KnELTSA_-iBexg3_UjaPP09YhieAljec9DYJR52aNihw&_nc_sid=ef5aa3&_nc_ht=video.fjai6-1.fna.fbcdn.net&_nc_ohc=f73upJaAX00Q7kNvwGb_47-&efg=eyJ2ZW5jb2RlX3RhZyI6Inhwdl9wcm9ncmVzc2l2ZS5WSV9VU0VDQVNFX1BST0RVQ1RfVFlQRS4uQzMuMzYwLnByb2dyZXNzaXZlX2gyNjQtYmFzaWMtZ2VuMl8zNjBwIiwieHB2X2Fzc2V0X2lkIjoxNzk1ODE4MDcyOTEyOTkyNCwiYXNzZXRfYWdlX2RheXMiOjEyLCJ2aV91c2VjYXNlX2lkIjoxMDA5OSwiZHVyYXRpb25fcyI6OCwidXJsZ2VuX3NvdXJjZSI6Ind3dyJ9&ccb=17-1&_nc_gid=9KCGYHp-sMsQI4TSQWKZgw&_nc_ss=7b289&_nc_zt=28&oh=00_Af9h8_oatSow3S2HTW4lHPMnEW82PkXPg_YIT7sbHHktNQ&oe=6A399C4F | Preview: https://scontent.fjai6-1.fna.fbcdn.net/v/t39.35426-6/720570748_1722290652457133_5464706914700080160_n.jpg?_nc_cat=109&ccb=1-7&_nc_sid=c53f8f&_nc_ohc=w-Htyz-rqR8Q7kNvwHgEtG8&_nc_oc=AdqZG0QC8jKAfaM6UZxWMN3hcKtpb0ftilbNv9wYMQd4emAjmDiJYlsnp9vilQaMTZ7HZzFYHtjjG-sxCV5hcEzu&_nc_zt=14&_nc_ht=scontent.fjai6-1.fna&_nc_gid=9KCGYHp-sMsQI4TSQWKZgw&_nc_ss=7b289&oh=00_Af8Sy0PboUfHIlBup2d_T2nGk6VGwAEOPzfeUPixXNF-7w&oe=6A398C74,,,,,,,
1952669288769027,https://www.facebook.com/ArihantSupersrtucturesLtd/,fb.me,https://www.facebook.com/ArihantSupersrtucturesLtd/,,,,info@asl.net.in,+91 22 6857 2222,,,,102197561557550,http://fb.me/,Arihant Superstructures ltd,https://www.facebook.com/ads/library/?id=1952669288769027,"✨ Ready-to-Move Homes Starting at Just ₹75 Lacs+! ✨

Welcome to Arihant Clan Aalishan, Kharghar Annexe – where comfort meets connectivity.

🏡 Choose from:
Big Studio , 2 & 3 BHK Homes

📍 Prime Location Benefits:
✔ Navi Mumbai International Airport – 20 mins
✔ Thane-Panvel Highway (NH48) – 1 min
✔ Amandoot Metro Station – 5 mins
✔ Sri Sanjivani Hospital – 4 mins
✔ Tata Hospital – 10 mins
✔ Kharghar Corporate Park – 10 mins
✔ Gurudwara – 10 mins
✔ ISKCON Temple – 12 mins
✔ Central Park – 12 mins
✔ Golf Course – 14 mins

🌿 Upgrade to a Changing Lifestyle with Premium Living Spaces

💰 Starting Price: ₹75 Lacs+
🏠 Ready to Move In – No Waiting!

📞 Book Your Site Visit Today!

T&C Apply",25912,See details,fb.me,"FACEBOOK; INSTAGRAM; AUDIENCE_NETWORK",2026-06-13,2026-06-16,HD: https://video.fjai6-1.fna.fbcdn.net/o1/v/t2/f2/m366/AQOACkUfaoHgiCFoLE5xRSSGNhF3PEo70_yoeB0NbaLwhHMRyKR9CSyus4z0mTLCcABsL_tBQJCluHqUrLSWsjwiBsvCfjJm9SSuLfoB_YYiWw.mp4?_nc_cat=108&_nc_oc=AdrZICavPvFP0xtYKuKPOQ4gkOopBfBmhrQYSsCp8wAU-8ABZ9GDNdXuaLA60AK7_vxik_ScteEcfgGvDoVpdEYy&_nc_sid=b66105&_nc_ht=video.fjai6-1.fna.fbcdn.net&_nc_ohc=7xyeAnJBofAQ7kNvwEmardc&efg=eyJ2ZW5jb2RlX3RhZyI6Inhwdl9wcm9ncmVzc2l2ZS5WSV9VU0VDQVNFX1BST0RVQ1RfVFlQRS4uQzMuNzIwLmRhc2hfaDI2NC1iYXNpYy1nZW4yXzcyMHAiLCJ4cHZfYXNzZXRfaWQiOjEyMTk0ODIwMjAxNjA3MDQsImFzc2V0X2FnZV9kYXlzIjoxNTIsInZpX3VzZWNhc2VfaWQiOjEwNzk5LCJkdXJhdGlvbl9zIjo4MSwidXJsZ2VuX3NvdXJjZSI6Ind3dyJ9&ccb=17-1&vs=d19466345ba0412c&_nc_vs=HBksFQIYRWZiX2VwaGVtZXJhbC9EMTQ3NDQwRENEODI3NjhCRjhFOEI3QjQ2RTM0OTBBNV9tdF8xX3ZpZGVvX2Rhc2hpbml0Lm1wNBUAAsgBEgAVAhhAZmJfcGVybWFuZW50LzkxNDIzRDQ5MUMyRTVGQzQ1RDc1NEFBRjRDQ0U3RDk1X2F1ZGlvX2Rhc2hpbml0Lm1wNBUCAsgBEgAoABgAGwKIB3VzZV9vaWwBMRJwcm9ncmVzc2l2ZV9yZWNpcGUBMRUAACaAk_mJmceqBBUCKAJDMywXQFR8rAgxJukYGWRhc2hfaDI2NC1iYXNpYy1nZW4yXzcyMHARAHUAZd6oAQA&_nc_gid=9KCGYHp-sMsQI4TSQWKZgw&_nc_ss=7b289&_nc_zt=28&oh=00_Af_JlQbCPrzz8QSlb_sj2zARs4DmFmb2eGz9e26zCk0dcg&oe=6A399D64 | SD: https://video.fjai6-1.fna.fbcdn.net/o1/v/t2/f2/m412/AQMxfiO3zM4qPMr91fsX85fJR4cFz_3HajtXA5ba9eiZNrbPRZyuxJB1IENnk9HnjfTvT0B8rsugioqz6PuabHLlTzRt3FDnGldUnQ-0uw.mp4?_nc_cat=100&_nc_oc=AdrLCSRiAUivLBV8Dj3eOhoHibMyj3SCrpv7Z4VozL5ffsKNWlf6Lc6rQ-AnVGvTaT-PnA6KGLUayVO_fRhPK1QF&_nc_sid=ef5aa3&_nc_ht=video.fjai6-1.fna.fbcdn.net&_nc_ohc=5fu7Z_A7X3kQ7kNvwG-Jyyj&efg=eyJ2ZW5jb2RlX3RhZyI6Inhwdl9wcm9ncmVzc2l2ZS5WSV9VU0VDQVNFX1BST0RVQ1RfVFlQRS4uQzMuMzYwLnN2ZV9zZCIsInhwdl9hc3NldF9pZCI6MTIxOTQ4MjAyMDE2MDcwNCwiYXNzZXRfYWdlX2RheXMiOjE1MiwidmlfdXNlY2FzZV9pZCI6MTA3OTksImR1cmF0aW9uX3MiOjgxLCJ1cmxnZW5fc291cmNlIjoid3d3In0%3D&ccb=17-1&_nc_gid=9KCGYHp-sMsQI4TSQWKZgw&_nc_ss=7b289&_nc_zt=28&oh=00_Af-bE951TjxmKjciA9IxLxK05rkAyQ6MNN7zkDM-JbTAlQ&oe=6A39865A | Preview: https://scontent.fjai6-1.fna.fbcdn.net/v/t39.35426-6/723600081_874368428440835_2868501742087647234_n.jpg?_nc_cat=102&ccb=1-7&_nc_sid=c53f8f&_nc_ohc=FVsm2p4qjPoQ7kNvwFKOiTP&_nc_oc=Adq-zcCanmyvVXO3uenBNchDJCrcHhfCHsJna9MHxHJoteYKkD_49qP31SjkgEihnaM0GlCdoEkCnq31dB2-Of6C&_nc_zt=14&_nc_ht=scontent.fjai6-1.fna&_nc_gid=9KCGYHp-sMsQI4TSQWKZgw&_nc_ss=7b289&oh=00_Af8LeIUSyqakNaAzdnXNSRWS6iljNojg6SbBDJOGYlYSIA&oe=6A39A207,,,,,,,
1182787173973915,https://www.facebook.com/61573259600262/,play.google.com,https://www.facebook.com/61573259600262/,,,,,08000201038,,,,588935050960841,http://play.google.com/store/apps/details?id=com.vlv.aravali.reels,Short Reels,https://www.facebook.com/ads/library/?id=1182787173973915,😱 ऐसा ट्विस्ट जो होश उड़ा दे! Kuku TV पर अभी देखें Secret Life Of Billionaire Baap 📺🍿🔥,11592,Install now,play.google.com,"FACEBOOK; INSTAGRAM",2026-06-06,2026-06-06,,,😱 ऐसा ट्विस्ट जो होश उड़ा दे! Kuku TV पर अभी देखें Secret Life Of Billionaire Baap 📺🍿🔥 || 😱 ऐसा ट्विस्ट जो होश उड़ा दे! Kuku TV पर अभी देखें Secret Life Of Billionaire Baap 📺🍿🔥 || 😱 ऐसा ट्विस्ट जो होश उड़ा दे! Kuku TV पर अभी देखें Secret Life Of Billionaire Baap 📺🍿🔥,http://play.google.com/store/apps/details?id=com.vlv.aravali.reels || http://play.google.com/store/apps/details?id=com.vlv.aravali.reels || http://play.google.com/store/apps/details?id=com.vlv.aravali.reels,,Install Now || Install Now || Install Now,,HD: https://video.fjai6-1.fna.fbcdn.net/o1/v/t2/f2/m366/AQPM4WpDNXCea11Nvcxmk17euo6PTd7VvEb2boxMctNdyt5WJ-x3aKwiTgr7j9Yy9qMwu1QS9nP820Egs8UgZtZtYQAvlZh9e9Oj8xkycLfKow.mp4?_nc_cat=101&_nc_oc=AdpgMAsDj8gKbecvEiHTfxM4LGR-cWwuqf7zfzCrY6NICRillMo8jdiCT1OcYOo4VRutjfyPqgFH24RQvhMfuV0L&_nc_sid=b66105&_nc_ht=video.fjai6-1.fna.fbcdn.net&_nc_ohc=DNzRdFPNEvgQ7kNvwEivWE1&efg=eyJ2ZW5jb2RlX3RhZyI6Inhwdl9wcm9ncmVzc2l2ZS5WSV9VU0VDQVNFX1BST0RVQ1RfVFlQRS4uQzMuNzIwLmRhc2hfaDI2NC1iYXNpYy1nZW4yXzcyMHAiLCJ4cHZfYXNzZXRfaWQiOjE2NzQ1NDE3NzcxOTQ1NzEsImFzc2V0X2FnZV9kYXlzIjoxMywidmlfdXNlY2FzZV9pZCI6MTAxMzksImR1cmF0aW9uX3MiOjU0OSwidXJsZ2VuX3NvdXJjZSI6Ind3dyJ9&ccb=17-1&vs=585d8f0f359b77b6&_nc_vs=HBksFQIYRWZiX2VwaGVtZXJhbC9BQjQzQUNDMTEyM0JFQTAxNkFBNDNBQkUzQUNEMUE5RF9tdF8xX3ZpZGVvX2Rhc2hpbml0Lm1wNBUAAsgBEgAVAhhAZmJfcGVybWFuZW50LzEyNDRENUEzRkRCQUMxQTZBQ0Q3MUY0MDYyQzJCNEFFX2F1ZGlvX2Rhc2hpbml0Lm1wNBUCAsgBEgAoABgAGwKIB3VzZV9vaWwBMRJwcm9ncmVzc2l2ZV9yZWNpcGUBMRUAACaWudS8lL_5BRUCKAJDMywXQIEtul41P30YGWRhc2hfaDI2NC1iYXNpYy1nZW4yXzcyMHARAHUAZbaeAQA&_nc_gid=9KCGYHp-sMsQI4TSQWKZgw&_nc_ss=7b289&_nc_zt=28&oh=00_Af8e6mQcmEEhhfioX3kw24A3yEo3HOXOWkIN3sqPq47dnA&oe=6A39931F | SD: https://video.fjai6-1.fna.fbcdn.net/o1/v/t2/f2/m412/AQM1EhpKCswXJWmsQGTOSaHqd0i2Z1BzpxAAgBV59M1S5y8IHY1jbhi6yCQCmHTNwx3ZvrAOLOn64ZhQ5qlsON9CX8G-ai2nCJjIWU5LXQ.mp4?_nc_cat=102&_nc_oc=AdpiKQpVW7aensNDu9iCL6sWG97C0L_0XMTXyv_p1HA180JWmEoxvTfR-86Mlkj8365j7NE0eK5sfF_fLbFFMhBk&_nc_sid=ef5aa3&_nc_ht=video.fjai6-1.fna.fbcdn.net&_nc_ohc=iOmPzaAzFikQ7kNvwF4hdkm&efg=eyJ2ZW5jb2RlX3RhZyI6Inhwdl9wcm9ncmVzc2l2ZS5WSV9VU0VDQVNFX1BST0RVQ1RfVFlQRS4uQzMuMzYwLnN2ZV9zZCIsInhwdl9hc3NldF9pZCI6MTY3NDU0MTc3NzE5NDU3MSwiYXNzZXRfYWdlX2RheXMiOjEzLCJ2aV91c2VjYXNlX2lkIjoxMDEzOSwiZHVyYXRpb25fcyI6NTQ5LCJ1cmxnZW5fc291cmNlIjoid3d3In0%3D&ccb=17-1&_nc_gid=9KCGYHp-sMsQI4TSQWKZgw&_nc_ss=7b289&_nc_zt=28&oh=00_Af_dDNb9OgUvk-20lOBL0IWz8WDRkTVvDmFXOCtBhVu_nw&oe=6A3996CC | Preview: https://scontent.fjai6-1.fna.fbcdn.net/v/t39.35426-6/716798984_1736412807380909_2765198083043911056_n.jpg?_nc_cat=110&ccb=1-7&_nc_sid=c53f8f&_nc_ohc=6uXAKA06GlUQ7kNvwFayGy4&_nc_oc=AdrubzJkFgqC5f8WkglNOZYRdkjp6m-ReaDfuvoDbHr4RF-yia9R48nmKZ5GtJy0PvqFU2ysGKqzJMgOkmq1hHTt&_nc_zt=14&_nc_ht=scontent.fjai6-1.fna&_nc_gid=9KCGYHp-sMsQI4TSQWKZgw&_nc_ss=7b289&oh=00_Af-d61XKkGOFmDsZ82gBwNybXY5TygOwAy5VRV0r0yc_sg&oe=6A39A107 || HD: https://video.fjai6-1.fna.fbcdn.net/o1/v/t2/f2/m366/AQPM4WpDNXCea11Nvcxmk17euo6PTd7VvEb2boxMctNdyt5WJ-x3aKwiTgr7j9Yy9qMwu1QS9nP820Egs8UgZtZtYQAvlZh9e9Oj8xkycLfKow.mp4?_nc_cat=101&_nc_oc=AdpgMAsDj8gKbecvEiHTfxM4LGR-cWwuqf7zfzCrY6NICRillMo8jdiCT1OcYOo4VRutjfyPqgFH24RQvhMfuV0L&_nc_sid=b66105&_nc_ht=video.fjai6-1.fna.fbcdn.net&_nc_ohc=DNzRdFPNEvgQ7kNvwEivWE1&efg=eyJ2ZW5jb2RlX3RhZyI6Inhwdl9wcm9ncmVzc2l2ZS5WSV9VU0VDQVNFX1BST0RVQ1RfVFlQRS4uQzMuNzIwLmRhc2hfaDI2NC1iYXNpYy1nZW4yXzcyMHAiLCJ4cHZfYXNzZXRfaWQiOjE2NzQ1NDE3NzcxOTQ1NzEsImFzc2V0X2FnZV9kYXlzIjoxMywidmlfdXNlY2FzZV9pZCI6MTAxMzksImR1cmF0aW9uX3MiOjU0OSwidXJsZ2VuX3NvdXJjZSI6Ind3dyJ9&ccb=17-1&vs=585d8f0f359b77b6&_nc_vs=HBksFQIYRWZiX2VwaGVtZXJhbC9BQjQzQUNDMTEyM0JFQTAxNkFBNDNBQkUzQUNEMUE5RF9tdF8xX3ZpZGVvX2Rhc2hpbml0Lm1wNBUAAsgBEgAVAhhAZmJfcGVybWFuZW50LzEyNDRENUEzRkRCQUMxQTZBQ0Q3MUY0MDYyQzJCNEFFX2F1ZGlvX2Rhc2hpbml0Lm1wNBUCAsgBEgAoABgAGwKIB3VzZV9vaWwBMRJwcm9ncmVzc2l2ZV9yZWNpcGUBMRUAACaWudS8lL_5BRUCKAJDMywXQIEtul41P30YGWRhc2hfaDI2NC1iYXNpYy1nZW4yXzcyMHARAHUAZbaeAQA&_nc_gid=9KCGYHp-sMsQI4TSQWKZgw&_nc_ss=7b289&_nc_zt=28&oh=00_Af8e6mQcmEEhhfioX3kw24A3yEo3HOXOWkIN3sqPq47dnA&oe=6A39931F | SD: https://video.fjai6-1.fna.fbcdn.net/o1/v/t2/f2/m412/AQM1EhpKCswXJWmsQGTOSaHqd0i2Z1BzpxAAgBV59M1S5y8IHY1jbhi6yCQCmHTNwx3ZvrAOLOn64ZhQ5qlsON9CX8G-ai2nCJjIWU5LXQ.mp4?_nc_cat=102&_nc_oc=AdpiKQpVW7aensNDu9iCL6sWG97C0L_0XMTXyv_p1HA180JWmEoxvTfR-86Mlkj8365j7NE0eK5sfF_fLbFFMhBk&_nc_sid=ef5aa3&_nc_ht=video.fjai6-1.fna.fbcdn.net&_nc_ohc=iOmPzaAzFikQ7kNvwF4hdkm&efg=eyJ2ZW5jb2RlX3RhZyI6Inhwdl9wcm9ncmVzc2l2ZS5WSV9VU0VDQVNFX1BST0RVQ1RfVFlQRS4uQzMuMzYwLnN2ZV9zZCIsInhwdl9hc3NldF9pZCI6MTY3NDU0MTc3NzE5NDU3MSwiYXNzZXRfYWdlX2RheXMiOjEzLCJ2aV91c2VjYXNlX2lkIjoxMDEzOSwiZHVyYXRpb25fcyI6NTQ5LCJ1cmxnZW5fc291cmNlIjoid3d3In0%3D&ccb=17-1&_nc_gid=9KCGYHp-sMsQI4TSQWKZgw&_nc_ss=7b289&_nc_zt=28&oh=00_Af_dDNb9OgUvk-20lOBL0IWz8WDRkTVvDmFXOCtBhVu_nw&oe=6A3996CC | Preview: https://scontent.fjai6-1.fna.fbcdn.net/v/t39.35426-6/716798984_1736412807380909_2765198083043911056_n.jpg?_nc_cat=110&ccb=1-7&_nc_sid=c53f8f&_nc_ohc=6uXAKA06GlUQ7kNvwFayGy4&_nc_oc=AdrubzJkFgqC5f8WkglNOZYRdkjp6m-ReaDfuvoDbHr4RF-yia9R48nmKZ5GtJy0PvqFU2ysGKqzJMgOkmq1hHTt&_nc_zt=14&_nc_ht=scontent.fjai6-1.fna&_nc_gid=9KCGYHp-sMsQI4TSQWKZgw&_nc_ss=7b289&oh=00_Af-d61XKkGOFmDsZ82gBwNybXY5TygOwAy5VRV0r0yc_sg&oe=6A39A107 || HD: https://video.fjai6-1.fna.fbcdn.net/o1/v/t2/f2/m366/AQPM4WpDNXCea11Nvcxmk17euo6PTd7VvEb2boxMctNdyt5WJ-x3aKwiTgr7j9Yy9qMwu1QS9nP820Egs8UgZtZtYQAvlZh9e9Oj8xkycLfKow.mp4?_nc_cat=101&_nc_oc=AdpgMAsDj8gKbecvEiHTfxM4LGR-cWwuqf7zfzCrY6NICRillMo8jdiCT1OcYOo4VRutjfyPqgFH24RQvhMfuV0L&_nc_sid=b66105&_nc_ht=video.fjai6-1.fna.fbcdn.net&_nc_ohc=DNzRdFPNEvgQ7kNvwEivWE1&efg=eyJ2ZW5jb2RlX3RhZyI6Inhwdl9wcm9ncmVzc2l2ZS5WSV9VU0VDQVNFX1BST0RVQ1RfVFlQRS4uQzMuNzIwLmRhc2hfaDI2NC1iYXNpYy1nZW4yXzcyMHAiLCJ4cHZfYXNzZXRfaWQiOjE2NzQ1NDE3NzcxOTQ1NzEsImFzc2V0X2FnZV9kYXlzIjoxMywidmlfdXNlY2FzZV9pZCI6MTAxMzksImR1cmF0aW9uX3MiOjU0OSwidXJsZ2VuX3NvdXJjZSI6Ind3dyJ9&ccb=17-1&vs=585d8f0f359b77b6&_nc_vs=HBksFQIYRWZiX2VwaGVtZXJhbC9BQjQzQUNDMTEyM0JFQTAxNkFBNDNBQkUzQUNEMUE5RF9tdF8xX3ZpZGVvX2Rhc2hpbml0Lm1wNBUAAsgBEgAVAhhAZmJfcGVybWFuZW50LzEyNDRENUEzRkRCQUMxQTZBQ0Q3MUY0MDYyQzJCNEFFX2F1ZGlvX2Rhc2hpbml0Lm1wNBUCAsgBEgAoABgAGwKIB3VzZV9vaWwBMRJwcm9ncmVzc2l2ZV9yZWNpcGUBMRUAACaWudS8lL_5BRUCKAJDMywXQIEtul41P30YGWRhc2hfaDI2NC1iYXNpYy1nZW4yXzcyMHARAHUAZbaeAQA&_nc_gid=9KCGYHp-sMsQI4TSQWKZgw&_nc_ss=7b289&_nc_zt=28&oh=00_Af8e6mQcmEEhhfioX3kw24A3yEo3HOXOWkIN3sqPq47dnA&oe=6A39931F | SD: https://video.fjai6-1.fna.fbcdn.net/o1/v/t2/f2/m412/AQM1EhpKCswXJWmsQGTOSaHqd0i2Z1BzpxAAgBV59M1S5y8IHY1jbhi6yCQCmHTNwx3ZvrAOLOn64ZhQ5qlsON9CX8G-ai2nCJjIWU5LXQ.mp4?_nc_cat=102&_nc_oc=AdpiKQpVW7aensNDu9iCL6sWG97C0L_0XMTXyv_p1HA180JWmEoxvTfR-86Mlkj8365j7NE0eK5sfF_fLbFFMhBk&_nc_sid=ef5aa3&_nc_ht=video.fjai6-1.fna.fbcdn.net&_nc_ohc=iOmPzaAzFikQ7kNvwF4hdkm&efg=eyJ2ZW5jb2RlX3RhZyI6Inhwdl9wcm9ncmVzc2l2ZS5WSV9VU0VDQVNFX1BST0RVQ1RfVFlQRS4uQzMuMzYwLnN2ZV9zZCIsInhwdl9hc3NldF9pZCI6MTY3NDU0MTc3NzE5NDU3MSwiYXNzZXRfYWdlX2RheXMiOjEzLCJ2aV91c2VjYXNlX2lkIjoxMDEzOSwiZHVyYXRpb25fcyI6NTQ5LCJ1cmxnZW5fc291cmNlIjoid3d3In0%3D&ccb=17-1&_nc_gid=9KCGYHp-sMsQI4TSQWKZgw&_nc_ss=7b289&_nc_zt=28&oh=00_Af_dDNb9OgUvk-20lOBL0IWz8WDRkTVvDmFXOCtBhVu_nw&oe=6A3996CC | Preview: https://scontent.fjai6-1.fna.fbcdn.net/v/t39.35426-6/716798984_1736412807380909_2765198083043911056_n.jpg?_nc_cat=110&ccb=1-7&_nc_sid=c53f8f&_nc_ohc=6uXAKA06GlUQ7kNvwFayGy4&_nc_oc=AdrubzJkFgqC5f8WkglNOZYRdkjp6m-ReaDfuvoDbHr4RF-yia9R48nmKZ5GtJy0PvqFU2ysGKqzJMgOkmq1hHTt&_nc_zt=14&_nc_ht=scontent.fjai6-1.fna&_nc_gid=9KCGYHp-sMsQI4TSQWKZgw&_nc_ss=7b289&oh=00_Af-d61XKkGOFmDsZ82gBwNybXY5TygOwAy5VRV0r0yc_sg&oe=6A39A107