Ad Archive ID,Page Profile URI,Website URL,Facebook,Instagram,TikTok,YouTube,Email,Phone,Twitter,LinkedIn,Pinterest,Page ID,Link URL,Page Name,Facebook AD URL,Body Text,Page Like Count,CTA Text,Content (Caption),Publisher Platform,Start Date,End Date,Videos,Images,Cards Body,Cards Link URL,Cards Caption,Cards CTA Text,Cards Images,Cards Videos
872341538636607,https://www.facebook.com/61561496180698/,fb.me,https://www.facebook.com/61561496180698/,,,,,,,,,373652865823627,http://fb.me/,Hyderabad Realty,https://www.facebook.com/ads/library/?id=872341538636607,"A Change is coming to RTC X ROADS!
Change of lifestyles | Change of Views.
🏢 G+50 Floors | 3 Towers
🏡 Limited 3 & 4 BHK Residences
📍 Central Hyderabad
🎁 Don't Miss the Pre-Launch Window",44,Get quote,fb.me,"FACEBOOK; INSTAGRAM",2026-06-12,2026-06-16,,Original: https://scontent.fjai6-1.fna.fbcdn.net/v/t39.35426-6/723361436_1306646938271055_8490970610702324172_n.jpg?_nc_cat=104&ccb=1-7&_nc_sid=c53f8f&_nc_ohc=R5EtKlF9bvUQ7kNvwH6yWBq&_nc_oc=AdqKcFj6qugB20wvHwRdKaClid8AAQDNzuhaDPRIKL0p8qO39AKPi-yQBEPPEGS_z3TfkMw8EtNYtBpcoNtKTNFH&_nc_zt=14&_nc_ht=scontent.fjai6-1.fna&_nc_gid=kYizu3Pp_4ajl5lWUkHG6g&_nc_ss=7b289&oh=00_Af_crYtlAS4aDr8v-cBNQeqPQXeCJG8JNk9jczuf2DN0xQ&oe=6A382C6A | Resized: https://scontent.fjai6-1.fna.fbcdn.net/v/t39.35426-6/723197339_1032090249390866_120785892727151026_n.jpg?stp=dst-jpg_s600x600_tt6&_nc_cat=106&ccb=1-7&_nc_sid=c53f8f&_nc_ohc=xiGYqNFrjt0Q7kNvwEHfG14&_nc_oc=AdoRq4Ya9o1-slyLfTgOGBR64RxxMRd8wGiXNPLBpp6ZTeNbD_TYy3skDvwf5obIoxsVuZVn6oeVnkXYs81Sxach&_nc_zt=14&_nc_ht=scontent.fjai6-1.fna&_nc_gid=kYizu3Pp_4ajl5lWUkHG6g&_nc_ss=7b289&oh=00_Af_TDU_Cnq5n_viafVbpDrT02oxlLxn2xZcCmOmnfR1y5Q&oe=6A385888,,,,,,
988747787279089,https://www.facebook.com/dion.skywalk/,,https://www.facebook.com/dion.skywalk/,,,,,+91 96921 41444,,,,111668221817439,,Dion SKY WALK,https://www.facebook.com/ads/library/?id=988747787279089,"We aren't just focusing on delivering another tall building; we are committed to constructing a safe, durable legacy for your family. Our foundation is built on three uncompromising pillars: world-class engineering, structural discipline, and long-term safety. From high-quality construction materials to an elevated waterfront view, your peace of mind is our priority.

When you choose a home, you choose a foundation for generations. Experience the difference of architectural integrity. 

#DionSkywalk #StructuralExcellence #CuttackHighrise #OdishaRealEstate #SafeLiving",10538,,,"FACEBOOK; INSTAGRAM; THREADS",2026-06-09,2026-06-17,HD: https://video.fjai6-1.fna.fbcdn.net/o1/v/t2/f2/m367/AQOfpiE5hy80betbHVPi1v5jZetmnSnBCWpQtESAd9p-4gQY2-bcDiEe92Xwz_uVpxzH97EAA-Wx3Wnzz7ymzC08x2Jb72_tdPGnYWYJ8w.mp4?_nc_cat=109&_nc_oc=AdqS49Z2T-F9mehBtATwzssiMTaACTCZRIG-PJrwgF7eFUh7Jw_8PQZjX_lwbYSKE9igp_TmHqQ0aEnu0wNziZas&_nc_sid=ef5aa3&_nc_ht=video.fjai6-1.fna.fbcdn.net&_nc_ohc=RTHpa5NdH2EQ7kNvwHlXu-k&efg=eyJ2ZW5jb2RlX3RhZyI6Inhwdl9wcm9ncmVzc2l2ZS5WSV9VU0VDQVNFX1BST0RVQ1RfVFlQRS4uQzMuNzIwLnByb2dyZXNzaXZlX2gyNjQtYmFzaWMtZ2VuMl83MjBwIiwieHB2X2Fzc2V0X2lkIjoxODAwNDQyOTk2NzkxNjQ4MSwiYXNzZXRfYWdlX2RheXMiOjIxLCJ2aV91c2VjYXNlX2lkIjoxMDA5OSwiZHVyYXRpb25fcyI6MzEsInVybGdlbl9zb3VyY2UiOiJ3d3cifQ%3D%3D&ccb=17-1&_nc_gid=kYizu3Pp_4ajl5lWUkHG6g&_nc_ss=7b289&_nc_zt=28&oh=00_Af95laD3QcSZuAiDKWwJAqz1aLQvvmgVwFdIkEl4Qe63LA&oe=6A384499 | SD: https://video.fjai6-1.fna.fbcdn.net/o1/v/t2/f2/m367/AQPUGf-16qvCmJ5gNC59VzszSedfbESCMvpSQqZfGPGRUw4SrBefxIOPhyxJY6h9DTZ3Ov92urhFn-mpgS71ID8q7zecCO8skfdTOQjvmA.mp4?_nc_cat=101&_nc_oc=AdpET0T9uza0vHxLX9W7cRCd_yK2LfN5FIUNqo0k3kIqwXdMkEo3yOOUKwEptLmfzwxcNQ-TUZkazYjhgfAG-iuf&_nc_sid=ef5aa3&_nc_ht=video.fjai6-1.fna.fbcdn.net&_nc_ohc=ZousV3zolk4Q7kNvwHnplVP&efg=eyJ2ZW5jb2RlX3RhZyI6Inhwdl9wcm9ncmVzc2l2ZS5WSV9VU0VDQVNFX1BST0RVQ1RfVFlQRS4uQzMuMzYwLnByb2dyZXNzaXZlX2gyNjQtYmFzaWMtZ2VuMl8zNjBwIiwieHB2X2Fzc2V0X2lkIjoxODAwNDQyOTk2NzkxNjQ4MSwiYXNzZXRfYWdlX2RheXMiOjIxLCJ2aV91c2VjYXNlX2lkIjoxMDA5OSwiZHVyYXRpb25fcyI6MzEsInVybGdlbl9zb3VyY2UiOiJ3d3cifQ%3D%3D&ccb=17-1&_nc_gid=kYizu3Pp_4ajl5lWUkHG6g&_nc_ss=7b289&_nc_zt=28&oh=00_Af_mXwo2aWKTjX3O8F5y3Fuhb3pKqI19-Aok9MovXOG27g&oe=6A3838A1 | Preview: https://scontent.fjai6-1.fna.fbcdn.net/v/t39.35426-6/719100164_1330172531874474_5754984046392260542_n.jpg?_nc_cat=104&ccb=1-7&_nc_sid=c53f8f&_nc_ohc=Fan8ejU7R30Q7kNvwEdXpWV&_nc_oc=AdrO3ImlrNQg9fDhio0Sq9ZvvkqPO-6vaLJHGXCN4SeqQpksJRqfO8T55UXSElNFI4G-xRyG4s--4whGBC5fE6W3&_nc_zt=14&_nc_ht=scontent.fjai6-1.fna&_nc_gid=kYizu3Pp_4ajl5lWUkHG6g&_nc_ss=7b289&oh=00_Af_CPCHd-XIZh7PgUrY-U57uj1tebwrddI_osMrG7GyMhg&oe=6A383360,,,,,,,
783010718135415,https://www.facebook.com/61574371414298/,smdevelopersindia.com,https://www.facebook.com/61574371414298/,,,,sales@smdevelopersindia.com,+918884445253,,,,1039095489290417,https://www.smdevelopersindia.com/,SM Developers ,https://www.facebook.com/ads/library/?id=783010718135415,"Looking for the best gated community high-rise apartments near Whitefield, Bangalore? Discover Sports Arena by SM Developers, an ultra-premium 20+ acre residential enclave strategically situated at Sadaramangala, Whitefield.

Engineered for individuals who prioritize an uncompromising balance of high-end corporate connectivity and a world-class wellness ecosystem, this iconic township scales up to 36 floors of modern architectural excellence.

🏆 The 5.5-Acre Integrated Sports Hub:
Access the biggest sports-themed residential infrastructure off Whitefield, including a dedicated professional Cricket Stadium, Football Turf, Tennis Courts, and an elite resort-style Clubhouse.

Stop browsing unverified listings. Secure direct-from-builder pre-launch pricing sheets, master plans, and all-inclusive cost breakdowns.",41,Learn more,https://www.smdevelopersindia.com/project/index,"FACEBOOK; INSTAGRAM; AUDIENCE_NETWORK; MESSENGER; WHATSAPP; THREADS",2026-06-11,2026-06-16,HD: https://video.fjai6-1.fna.fbcdn.net/o1/v/t2/f2/m366/AQPQecjGlBZe0tCh0D5yFHBNoq-LSTouUeSAanyCAumq6B0EGnkAaHatiWSr7BHERybtwSVsbp4cqmcvutJRzajp7LESi2h3Fp0Mh_1UqzPq1w.mp4?_nc_cat=102&_nc_oc=Adqql87i0o0zTo2YPxltz2hbRSuOmbQvJLf1ar8Xb1LTECFNxBHXEHd-v_Vk57HMIUYCKV9Ema1HxMMKyaB3Yvlt&_nc_sid=b66105&_nc_ht=video.fjai6-1.fna.fbcdn.net&_nc_ohc=6ZhvcIDuJNwQ7kNvwFMTayL&efg=eyJ2ZW5jb2RlX3RhZyI6Inhwdl9wcm9ncmVzc2l2ZS5WSV9VU0VDQVNFX1BST0RVQ1RfVFlQRS4uQzMuNzIwLmRhc2hfaDI2NC1iYXNpYy1nZW4yXzcyMHAiLCJ4cHZfYXNzZXRfaWQiOjEwMTg3MTA3NzA2NzA2ODAsImFzc2V0X2FnZV9kYXlzIjoyMCwidmlfdXNlY2FzZV9pZCI6MTA3OTksImR1cmF0aW9uX3MiOjM4LCJ1cmxnZW5fc291cmNlIjoid3d3In0%3D&ccb=17-1&vs=da8d33e4b151d5be&_nc_vs=HBksFQIYRWZiX2VwaGVtZXJhbC82NDQwMUEzNUExQUQyMUI2RDI3MUVBMUEwNzg2OEQ4NF9tdF8xX3ZpZGVvX2Rhc2hpbml0Lm1wNBUAAsgBEgAVAhhAZmJfcGVybWFuZW50LzY5NDg1NjFFQjMzMEQxOERFMENGRkFCOUZCNzkyQUFCX2F1ZGlvX2Rhc2hpbml0Lm1wNBUCAsgBEgAoABgAGwKIB3VzZV9vaWwBMRJwcm9ncmVzc2l2ZV9yZWNpcGUBMRUAACaw8erZ4qDPAxUCKAJDMywXQEMMzMzMzM0YGWRhc2hfaDI2NC1iYXNpYy1nZW4yXzcyMHARAHUAZd6oAQA&_nc_gid=JxUL1BbEGcdvk2YaCfcKOg&_nc_ss=7b289&_nc_zt=28&oh=00_Af-ROkr3oCdNRepf551nLsdUVzPOp3iNIB0-2_27xF5kvQ&oe=6A38532E | SD: https://video.fjai6-1.fna.fbcdn.net/o1/v/t2/f2/m412/AQOR8b_5SiL1DUsdnzbtz9RUsPWc6heldH2tRAtYCGY4FjOBZm4j6iSKWe41CJl18Gcb0OKq4Sxchb7wEl-KWyYVKLV6_Evyfvr-ACmp5Q.mp4?_nc_cat=111&_nc_oc=AdoFB1SwdflJtS8ssJTZ7_a1BxFSKufRmCNGZgcrS5FcZ2q6ulFFn0g3XaOqliDuples9p_qkedj012Fzk_RqLi6&_nc_sid=ef5aa3&_nc_ht=video.fjai6-1.fna.fbcdn.net&_nc_ohc=AmnDmWLCrbkQ7kNvwFFdgkq&efg=eyJ2ZW5jb2RlX3RhZyI6Inhwdl9wcm9ncmVzc2l2ZS5WSV9VU0VDQVNFX1BST0RVQ1RfVFlQRS4uQzMuMzYwLnN2ZV9zZCIsInhwdl9hc3NldF9pZCI6MTAxODcxMDc3MDY3MDY4MCwiYXNzZXRfYWdlX2RheXMiOjIwLCJ2aV91c2VjYXNlX2lkIjoxMDc5OSwiZHVyYXRpb25fcyI6MzgsInVybGdlbl9zb3VyY2UiOiJ3d3cifQ%3D%3D&ccb=17-1&_nc_gid=JxUL1BbEGcdvk2YaCfcKOg&_nc_ss=7b289&_nc_zt=28&oh=00_Af90pu5fzo3K9E8vfEGcCHH4gBl8ewvvp4Q2QlQ9V36U-A&oe=6A383B3B | Preview: https://scontent.fjai6-1.fna.fbcdn.net/v/t39.35426-6/708512563_1000986992418220_4556397238470386200_n.jpg?_nc_cat=109&ccb=1-7&_nc_sid=c53f8f&_nc_ohc=PgPe4yYEzB4Q7kNvwHhcsXk&_nc_oc=Adrgmr1HLJGmFTIAxJ8VieQ3MuRrZDhhWFZOCz6RWx73QhfIuZHFk_GfNRqcM_S5iD8vx4Fc_Lpr6-Vd9-7lGGM3&_nc_zt=14&_nc_ht=scontent.fjai6-1.fna&_nc_gid=JxUL1BbEGcdvk2YaCfcKOg&_nc_ss=7b289&oh=00_Af-13t_6KdQxeCnX-U9g0ikjtooJZVgMoh116wD-9MfpjA&oe=6A385ECE,,,,,,,
2907952996213419,https://www.facebook.com/speedoring/,fb.me,https://www.facebook.com/speedoring/,,,,speedoring@gmail.com,+91 90566 66615,,,,1298918316821027,http://fb.me/,SpeedoRing.com,https://www.facebook.com/ads/library/?id=2907952996213419,"𝗠𝗶𝘃𝗮𝗻 𝗖𝗼𝗻𝘀𝘁𝗿𝘂𝗰𝘁𝗶𝗼𝗻 𝟯 𝗕𝗛𝗞 𝗔𝗽𝗮𝗿𝘁𝗺𝗲𝗻𝘁𝘀 at Just ₹𝟏.𝟐𝟓 𝐂𝐫*📍adjoining Aerotropolis, 𝗡𝗲𝗮𝗿 𝗔𝗲𝗿𝗼𝗰𝗶𝘁𝘆 & 𝗔𝗶𝗿𝗽𝗼𝗿𝘁 𝗥𝗼𝗮𝗱, 𝗠𝗼𝗵𝗮𝗹𝗶.

Looking for a Luxury 3 BHK Apartment Near Aerocity & Airport Road?

Presenting Aeroland Heights, a premium high rise residential development located adjoining Aerotropolis, Mohali.

✔ RERA Approved Project
✔ Premium Corner Apartments
✔ Starting From ₹1.25 Cr*
✔ 30+ Luxury Amenities
✔ Smart Doorbell With Camera
✔ Keyless Entry
✔ Wide Balconies
✔ Excellent Ventilation & Natural Light
✔ Resort Style Clubhouse & Swimming Pool

Prime Connectivity:
📍 Airport – 4 KM
📍 Upcoming Apollo Hospital – 4 KM
📍 India’s First AI Tower – 2.5 KM
📍 Tehsil – 500 Meters
📍 Upcoming Government Nursing College – 200 Meters

Book Your Private Site Visit Today.",8958,Get quote,fb.me,"FACEBOOK; INSTAGRAM; AUDIENCE_NETWORK",2026-06-02,2026-06-16,HD: https://video.fjai6-1.fna.fbcdn.net/o1/v/t2/f2/m366/AQPBRzipDOXs9nD9fGK0miE7Ux_UfqRpOX12zQHYoY9d2kc70-mmHS3oAi8s2Bw1XPLbYzXy2QxkYh7eMdNDzfGyYcKjBCv728ItzmTOWDcxsg.mp4?_nc_cat=103&_nc_oc=AdqtsDf7nIDaOfYhcaVo0EncI5NxmVgEwFwK37M6C8l2BMGR8cQo1eVhF76zhhNzg2nHPGYoOy2ENqUrAl9reZ3m&_nc_sid=b66105&_nc_ht=video.fjai6-1.fna.fbcdn.net&_nc_ohc=SR0SFdHIJ_QQ7kNvwHFYbSp&efg=eyJ2ZW5jb2RlX3RhZyI6Inhwdl9wcm9ncmVzc2l2ZS5WSV9VU0VDQVNFX1BST0RVQ1RfVFlQRS4uQzMuNzIwLmRhc2hfaDI2NC1iYXNpYy1nZW4yXzcyMHAiLCJ4cHZfYXNzZXRfaWQiOjI4MzU4Nzk2MjAxMDk4MDMsImFzc2V0X2FnZV9kYXlzIjoxOCwidmlfdXNlY2FzZV9pZCI6MTA3OTksImR1cmF0aW9uX3MiOjgxLCJ1cmxnZW5fc291cmNlIjoid3d3In0%3D&ccb=17-1&vs=98805d8a615d801c&_nc_vs=HBksFQIYRWZiX2VwaGVtZXJhbC8yRDRBQTdEMTg1MzYyRTg0RTU0NjgxNjc4OUMxQUU4N19tdF8xX3ZpZGVvX2Rhc2hpbml0Lm1wNBUAAsgBEgAVAhhAZmJfcGVybWFuZW50LzlFNENCM0MyMjQyOTAyRTU4RTQ2MDg3NEE4QkU3OUJCX2F1ZGlvX2Rhc2hpbml0Lm1wNBUCAsgBEgAoABgAGwKIB3VzZV9vaWwBMRJwcm9ncmVzc2l2ZV9yZWNpcGUBMRUAACbWl4_W9c2JChUCKAJDMywXQFR7tkWhysEYGWRhc2hfaDI2NC1iYXNpYy1nZW4yXzcyMHARAHUAZd6oAQA&_nc_gid=JxUL1BbEGcdvk2YaCfcKOg&_nc_ss=7b289&_nc_zt=28&oh=00_Af8NDTaz9y_Ft4LP0dKDvDaXXMRAsDuaxWOrT0lCQUGb0A&oe=6A385BB1 | SD: https://video.fjai6-1.fna.fbcdn.net/o1/v/t2/f2/m412/AQN7uMUW6oat2hNUioCAYgHFvgAFiZYLx3wz3Cts5k4_msiCq3-V_B-yXyKM2Foi5SG5T-Y0CCTXA1SMKW35tFKKxQXjTYQerU0Fb1U80A.mp4?_nc_cat=109&_nc_oc=AdriApEqa95Q40SwVD5ia2bNgK5h0VPbquvaoT7I2SiafhXH5ySvUumCZHQA0z96fkdcJ7aK5PunKbPbW1ZcHYFw&_nc_sid=ef5aa3&_nc_ht=video.fjai6-1.fna.fbcdn.net&_nc_ohc=b0LeN1_-RF0Q7kNvwGOJG-8&efg=eyJ2ZW5jb2RlX3RhZyI6Inhwdl9wcm9ncmVzc2l2ZS5WSV9VU0VDQVNFX1BST0RVQ1RfVFlQRS4uQzMuMzYwLnN2ZV9zZCIsInhwdl9hc3NldF9pZCI6MjgzNTg3OTYyMDEwOTgwMywiYXNzZXRfYWdlX2RheXMiOjE4LCJ2aV91c2VjYXNlX2lkIjoxMDc5OSwiZHVyYXRpb25fcyI6ODEsInVybGdlbl9zb3VyY2UiOiJ3d3cifQ%3D%3D&ccb=17-1&_nc_gid=JxUL1BbEGcdvk2YaCfcKOg&_nc_ss=7b289&_nc_zt=28&oh=00_Af_VC9t8zOfu15b8yZjS3WZ65ldamvYxeQ0NxQVBL7Nd1A&oe=6A385809 | Preview: https://scontent.fjai6-1.fna.fbcdn.net/v/t39.35426-6/714004002_1184631227097674_4272973413498499889_n.jpg?_nc_cat=102&ccb=1-7&_nc_sid=c53f8f&_nc_ohc=IvftWUZz2jAQ7kNvwHZnsc4&_nc_oc=AdrA9Welp06UhaltAhddmlgG5N8CS9mn2mpR2utylrJEoH38vs4AAGjtFFoMMnhiHI0KRLcieqHi0Y6IecRyXFqR&_nc_zt=14&_nc_ht=scontent.fjai6-1.fna&_nc_gid=JxUL1BbEGcdvk2YaCfcKOg&_nc_ss=7b289&oh=00_Af_ssiwVxds0kMElXmd6ZUw1NyPcmwXAwhv1M5r-YI_r5Q&oe=6A38593F,,,,,,,
1974924989833705,https://www.facebook.com/61570242587815/,fb.me,https://www.facebook.com/61570242587815/,,,,info@templetowntirupati.com,+91 72077 72658,,,,512924611903103,http://fb.me/,Temple Town Tirupathi,https://www.facebook.com/ads/library/?id=1974924989833705,"Become a Proud Owner in The Temple Town

2 & 3 BHK High-Rise Apartments in Tirupati
₹51 Lakhs Onwards

✔ Landmark 1st High-Rise Community
✔ 312 Planned Units
✔ 925 – 1655 sq.ft Homes

Book your site visit this weekend.",118,Get quote,fb.me,"FACEBOOK; INSTAGRAM",2026-06-10,2026-06-17,,,"Become a Proud Owner in The Temple Town

2 & 3 BHK High-Rise Apartments in Tirupati
₹51 Lakhs Onwards

✔ Landmark 1st High-Rise Community
✔ 312 Planned Units
✔ 925 – 1655 sq.ft Homes

Book your site visit this weekend. || Become a Proud Owner in The Temple Town

2 & 3 BHK High-Rise Apartments in Tirupati
₹51 Lakhs Onwards

✔ Landmark 1st High-Rise Community
✔ 312 Planned Units
✔ 925 – 1655 sq.ft Homes

Book your site visit this weekend. || Tirupati’s 1st High-Rise Community is Now Open

2 & 3 BHK Apartments
Starting ₹55 Lakhs

✔ Premium High-Rise Living
✔ 2 Residential Towers
✔ 3.40 Acre Development

Get floor plans & pricing today.",http://fb.me/ || http://fb.me/ || http://fb.me/,,Get Quote || Get Quote || Get Quote,Original: https://scontent.fjai6-1.fna.fbcdn.net/v/t39.35426-6/647369973_1692803878765666_4506737024824057154_n.jpg?_nc_cat=100&ccb=1-7&_nc_sid=c53f8f&_nc_ohc=C8RxG5ctBjIQ7kNvwEiq7xs&_nc_oc=AdozHrHSGrsaXzPeQ_JDjCgx_DqCGgNX369bqihYPn6vFjVRIn3U2T3MyPwtSlHydh1o1fJk8OGvsHiQKATUlGUN&_nc_zt=14&_nc_ht=scontent.fjai6-1.fna&_nc_gid=gzyIZFhDGcxHXdjL9ufMjw&_nc_ss=7b289&oh=00_Af8Kr1r-9HzCCNjdOlHXjjaQX_ewvYhnFExtSp4gc66OyA&oe=6A38385A | Resized: https://scontent.fjai6-1.fna.fbcdn.net/v/t39.35426-6/646157015_1443126077390683_5368344287589629252_n.jpg?stp=dst-jpg_s600x600_tt6&_nc_cat=100&ccb=1-7&_nc_sid=c53f8f&_nc_ohc=wh0aNme1wvsQ7kNvwGODfN7&_nc_oc=AdrZ1yz8o6KrINr9l9iM3a11xy2gpCI7ReNbFh7KR3QUScOoI-p9SDWTuhFEZUpvAq7mwYsvVtskCcppzHMZVzV-&_nc_zt=14&_nc_ht=scontent.fjai6-1.fna&_nc_gid=gzyIZFhDGcxHXdjL9ufMjw&_nc_ss=7b289&oh=00_Af-0ab4R1sQrN09C7Vrb0TWvFgkhOj_vH4E0_mKHPnSs7w&oe=6A384B65 || Original: https://scontent.fjai6-1.fna.fbcdn.net/v/t39.35426-6/647326931_1697991924899522_2464380137026512169_n.jpg?_nc_cat=106&ccb=1-7&_nc_sid=c53f8f&_nc_ohc=24OEPxZrdPcQ7kNvwETAWnm&_nc_oc=AdqhTV4rabD4tfRCTPC8BOYEnV4eJCzvVX_nMaPgMiiaPnK5jbMdfU7rClIlql2YCSulJjDDwV5sG8HTJIwB517p&_nc_zt=14&_nc_ht=scontent.fjai6-1.fna&_nc_gid=gzyIZFhDGcxHXdjL9ufMjw&_nc_ss=7b289&oh=00_Af9GRgmT9Qj73rbtq2p1gz0kn7Qf2pXblifnqoPDGsGqZQ&oe=6A383D02 | Resized: https://scontent.fjai6-1.fna.fbcdn.net/v/t39.35426-6/646343542_927398362988483_963567625965465027_n.jpg?stp=dst-jpg_s600x600_tt6&_nc_cat=105&ccb=1-7&_nc_sid=c53f8f&_nc_ohc=VOTLxWdlFlcQ7kNvwFi1YYi&_nc_oc=Adp_-QpQyK2v3IayWsPsBtEgc22yGQInkBi4emM8Euh9mCwPaQ6RBQmnxYKcjcPiNq-aKBEJ0udVn17uLWjUxo67&_nc_zt=14&_nc_ht=scontent.fjai6-1.fna&_nc_gid=gzyIZFhDGcxHXdjL9ufMjw&_nc_ss=7b289&oh=00_Af-FHm_u-AMP_mYNLQ7UzeJWCy9YaathDRdRNExGJ1SUEQ&oe=6A382E1B || Original: https://scontent.fjai6-1.fna.fbcdn.net/v/t39.35426-6/646404619_1631935137833761_9198941894506713574_n.jpg?_nc_cat=109&ccb=1-7&_nc_sid=c53f8f&_nc_ohc=lBO-peMIsEAQ7kNvwGAgEOf&_nc_oc=AdrbdwMq7JniA-zvkq2RkNCiKS-AxuhNP0Ma_iO6t-WlFnnSokDOB0rsVCoz7ctC9-mtMdAwHgRdRo-umqL-lPXa&_nc_zt=14&_nc_ht=scontent.fjai6-1.fna&_nc_gid=gzyIZFhDGcxHXdjL9ufMjw&_nc_ss=7b289&oh=00_Af-GDt7sCQrLhrTGQYEmOiS_R4Vya5f9C0Jn9_l6WgnlgQ&oe=6A385BE0 | Resized: https://scontent.fjai6-1.fna.fbcdn.net/v/t39.35426-6/645288639_1616473202721807_3191862697836061538_n.jpg?stp=dst-jpg_s600x600_tt6&_nc_cat=106&ccb=1-7&_nc_sid=c53f8f&_nc_ohc=NqvvpYhFUVcQ7kNvwH0dR5z&_nc_oc=AdoXf45Tri-nUEp2IiBgl5mpzciMNMyYwQ1dgRsmeONHwoWAr5TEY64-UY3j1KXZSyhHl3RsLErNzKpeRyT9K59V&_nc_zt=14&_nc_ht=scontent.fjai6-1.fna&_nc_gid=gzyIZFhDGcxHXdjL9ufMjw&_nc_ss=7b289&oh=00_Af-NST41jvcwJT30VJrP5yFHz4L7_QF_FYKPUu1NIFAf6A&oe=6A383C68,
1992055361430987,https://www.facebook.com/61581482824712/,fb.me,https://www.facebook.com/61581482824712/,,,,srhomesjaipur@gmail.com,+91 86903 93247,,,,839890942532686,http://fb.me/,SR Homes,https://www.facebook.com/ads/library/?id=1992055361430987,"Introducing Vedanta – Premium 3 BHK High-Rise Apartments in the heart of Jagatpura, Jaipur. Experience elevated living with modern architecture, spacious homes, world-class amenities, and seamless connectivity to schools, malls, hospitals & major city hubs.

✨ Premium Lifestyle
✨ Modern Amenities
✨ Prime Location Advantage
✨ Thoughtfully Designed Spacious Homes
✨ Perfect Blend of Comfort & Luxury

Wake up to breathtaking views and enjoy a lifestyle crafted for modern families. Whether you’re looking for your dream home or a smart investment, Vedanta offers the perfect opportunity.

📍 Jagatpura, Jaipur
📞 Book Your Site Visit Today!

Call/Site Visit -  86903 93247

#VedantaJaipur #LuxuryLiving #3BHKFlats #Jagatpura #JaipurHomes #HighRiseLiving #PremiumApartments #ModernLifestyle #DreamHome #JaipurRealEstate",8171,Get offer,fb.me,"FACEBOOK; INSTAGRAM; AUDIENCE_NETWORK",2026-05-29,2026-06-15,HD: https://video.fjai6-1.fna.fbcdn.net/o1/v/t2/f2/m366/AQMgqjr7F3A1TKpsw7b3nuDd6aDa0Vb_xyKfyfvDrVjVarJLQERAFsSs9E51d4RXNm-7q79CFOsa_Bbb92-dyGL9zIvAODj9n2YUNbYN4wUbkg.mp4?_nc_cat=107&_nc_oc=AdqT-ONgouxIGQIfdMHL6vxEObOytQahFtFi0uHsHXnRtkqPCpw7TRRKIFy5CgnRkQvNZAUClr8qvqlfp9bAhLxs&_nc_sid=b66105&_nc_ht=video.fjai6-1.fna.fbcdn.net&_nc_ohc=b-R_CkCHBPoQ7kNvwFq58zk&efg=eyJ2ZW5jb2RlX3RhZyI6Inhwdl9wcm9ncmVzc2l2ZS5WSV9VU0VDQVNFX1BST0RVQ1RfVFlQRS4uQzMuNzIwLmRhc2hfaDI2NC1iYXNpYy1nZW4yXzcyMHAiLCJ4cHZfYXNzZXRfaWQiOjQ0NDg0MzIzNjIxMDY0MTcsImFzc2V0X2FnZV9kYXlzIjoyMCwidmlfdXNlY2FzZV9pZCI6MTA3OTksImR1cmF0aW9uX3MiOjEwNCwidXJsZ2VuX3NvdXJjZSI6Ind3dyJ9&ccb=17-1&vs=bf8e19b8c3218f4a&_nc_vs=HBksFQIYRWZiX2VwaGVtZXJhbC8zRTQ4OTc4MDdFNTU2NDI2QzNBREU3NEM0MjhBNEZBNF9tdF8xX3ZpZGVvX2Rhc2hpbml0Lm1wNBUAAsgBEgAVAhhAZmJfcGVybWFuZW50L0ZGNDhEREREQURCQjcwMUI2RjRGQkM5RTg0MEUxNTk1X2F1ZGlvX2Rhc2hpbml0Lm1wNBUCAsgBEgAoABgAGwKIB3VzZV9vaWwBMRJwcm9ncmVzc2l2ZV9yZWNpcGUBMRUAACbiuIHs6_TmDxUCKAJDMywXQFomZmZmZmYYGWRhc2hfaDI2NC1iYXNpYy1nZW4yXzcyMHARAHUAZd6oAQA&_nc_gid=IpKCAb0KkQDfb9HSfHpfjg&_nc_ss=7b289&_nc_zt=28&oh=00_Af82D4BjdXRYpmnWl4_xH9sOYqOjaSxchni4h7v0OR9w7g&oe=6A384A8D | SD: https://video.fjai6-1.fna.fbcdn.net/o1/v/t2/f2/m412/AQNPKtIaHpAlPpy3gXvYac2lh_WQCgIUZcMyYruURKwwvFLPh-2pJPbsGuiZRVckoefVpTNpxftO-5BxxMesbMmKerh-UtsMeIesyS4Dpg.mp4?_nc_cat=103&_nc_oc=AdpSDG9Jyen9k4PYN8sylqkleYVdRwbGvcwuVc52bYNZCm7Vhif225hPeeUXTEe49ox-YhNtSRaOeE_PCb3IYni7&_nc_sid=ef5aa3&_nc_ht=video.fjai6-1.fna.fbcdn.net&_nc_ohc=86vv74un7KUQ7kNvwF8lr-T&efg=eyJ2ZW5jb2RlX3RhZyI6Inhwdl9wcm9ncmVzc2l2ZS5WSV9VU0VDQVNFX1BST0RVQ1RfVFlQRS4uQzMuMzYwLnN2ZV9zZCIsInhwdl9hc3NldF9pZCI6NDQ0ODQzMjM2MjEwNjQxNywiYXNzZXRfYWdlX2RheXMiOjIwLCJ2aV91c2VjYXNlX2lkIjoxMDc5OSwiZHVyYXRpb25fcyI6MTA0LCJ1cmxnZW5fc291cmNlIjoid3d3In0%3D&ccb=17-1&_nc_gid=IpKCAb0KkQDfb9HSfHpfjg&_nc_ss=7b289&_nc_zt=28&oh=00_Af-qtF1tSD-Tk37JxI05Iktn7LOHB22GfDzAs0XMhPxhEg&oe=6A385E9F | Preview: https://scontent.fjai6-1.fna.fbcdn.net/v/t39.35426-6/710478869_1755534002493373_6512478041930368299_n.jpg?_nc_cat=105&ccb=1-7&_nc_sid=c53f8f&_nc_ohc=qqfVbMPOnyAQ7kNvwE4YPpw&_nc_oc=AdphzJwC5sFj_0DcTPZw0SSVO4YET-tQ62Z4_stA6s4uaw5xIb4OrwDxcrfOfSilcfRBO9AlirnjbhaievBhTEOY&_nc_zt=14&_nc_ht=scontent.fjai6-1.fna&_nc_gid=IpKCAb0KkQDfb9HSfHpfjg&_nc_ss=7b289&oh=00_Af-hG5JXhDMS-Cy9-XgehhAl0EMGHQltg8fmpPmpw4CjWg&oe=6A385085,,,,,,,
973442508775154,https://www.facebook.com/AdarshDevelopers/,fb.me,https://www.facebook.com/AdarshDevelopers/,,,,enquiry@adarshdevelopers.com,+91 80954 40055,,,,682297008549067,http://fb.me/,Adarsh Group,https://www.facebook.com/ads/library/?id=973442508775154,"Pre Launching 3 BHK Contemporary Homes at Adarsh Primrose - Starting at ₹1.98 Cr*, Gunjur
 ✅ Premium high-rise apartments with elegant modern design.
 ✅ Spacious homes ranging 1770 – 1880 sq.ft. for luxury living.
 ✅ Exclusive 2.32 acre development with open surroundings.
 ✅ 30+ modern amenities for leisure and wellness.
 ✅ Grand 18,557 sq.ft. clubhouse for social and lifestyle activities.
 ✅ Serene lake-side location with excellent connectivity.",75618,Book now,fb.me,"FACEBOOK; INSTAGRAM",2026-05-15,2026-06-17,,,"Pre Launching 3 BHK Contemporary Homes at Adarsh Primrose - Starting at ₹1.98 Cr*, Gunjur
 ✅ Premium high-rise apartments with elegant modern design.
 ✅ Spacious homes ranging 1770 – 1880 sq.ft. for luxury living.
 ✅ Exclusive 2.32 acre development with open surroundings.
 ✅ 30+ modern amenities for leisure and wellness.
 ✅ Grand 18,557 sq.ft. clubhouse for social and lifestyle activities.
 ✅ Serene lake-side location with excellent connectivity. || Pre Launching 3 BHK Contemporary Homes at Adarsh Primrose - Starting at ₹1.98 Cr*, Gunjur
 ✅ Premium high-rise apartments with elegant modern design.
 ✅ Spacious homes ranging 1770 – 1880 sq.ft. for luxury living.
 ✅ Exclusive 2.32 acre development with open surroundings.
 ✅ 30+ modern amenities for leisure and wellness.
 ✅ Grand 18,557 sq.ft. clubhouse for social and lifestyle activities.
 ✅ Serene lake-side location with excellent connectivity. || Pre Launching 3 BHK Contemporary Homes at Adarsh Primrose - Starting at ₹1.98 Cr*, Gunjur
 ✅ Premium high-rise apartments with elegant modern design.
 ✅ Spacious homes ranging 1770 – 1880 sq.ft. for luxury living.
 ✅ Exclusive 2.32 acre development with open surroundings.
 ✅ 30+ modern amenities for leisure and wellness.
 ✅ Grand 18,557 sq.ft. clubhouse for social and lifestyle activities.
 ✅ Serene lake-side location with excellent connectivity.",http://fb.me/ || http://fb.me/ || http://fb.me/,,Book Now || Book Now || Book Now,,HD: https://video.fjai6-1.fna.fbcdn.net/o1/v/t2/f2/m366/AQNe49kpdP2ilC5hcK-FqgJgyi9ajftnWFVUVB42SvLohMzGTC-sQKGyjqsQVqvLgCgSBtCyisd6hr5JRLJ5H2o0EqW7NqAdDu6j_TtFcqyrsQ.mp4?_nc_cat=103&_nc_oc=AdoWzOodg6kzxBd30OR_-EUpQoh8uFrPpEOISZE_Ri0XSKkoTeGfkAYeyO_eQ7Flb1uUsNbunMWS9o1Iv7JT8frV&_nc_sid=b66105&_nc_ht=video.fjai6-1.fna.fbcdn.net&_nc_ohc=sIPS6Ifdyb0Q7kNvwEtD9xF&efg=eyJ2ZW5jb2RlX3RhZyI6Inhwdl9wcm9ncmVzc2l2ZS5WSV9VU0VDQVNFX1BST0RVQ1RfVFlQRS4uQzMuNzIwLmRhc2hfaDI2NC1iYXNpYy1nZW4yXzcyMHAiLCJ4cHZfYXNzZXRfaWQiOjM1NTg5NDMyNjQyNTMzMTgsImFzc2V0X2FnZV9kYXlzIjo3OSwidmlfdXNlY2FzZV9pZCI6MTA3OTksImR1cmF0aW9uX3MiOjI3LCJ1cmxnZW5fc291cmNlIjoid3d3In0%3D&ccb=17-1&vs=18ce4ba855e4fac7&_nc_vs=HBksFQIYRWZiX2VwaGVtZXJhbC9CMjQ4OEY3RkQ5OTE4QUQwOTcwRUUxOEVBMjMwQ0NCMV9tdF8xX3ZpZGVvX2Rhc2hpbml0Lm1wNBUAAsgBEgAVAhhAZmJfcGVybWFuZW50Lzk5NEEzMzEyRDFBNzJGNDFCMTBGRkY5NzRDMzUyNkJCX2F1ZGlvX2Rhc2hpbml0Lm1wNBUCAsgBEgAoABgAGwKIB3VzZV9vaWwBMRJwcm9ncmVzc2l2ZV9yZWNpcGUBMRUAACaMltXQ4bXSDBUCKAJDMywXQDsIcrAgxJwYGWRhc2hfaDI2NC1iYXNpYy1nZW4yXzcyMHARAHUAZd6oAQA&_nc_gid=cZ3yHf6gXy1iBcWP0G6_gg&_nc_ss=7b289&_nc_zt=28&oh=00_Af83jyewrL7wK3gR37LvpcNO0m2lMyDIH1mTRLy2RgxKXg&oe=6A3841B9 | SD: https://video.fjai6-1.fna.fbcdn.net/o1/v/t2/f2/m412/AQObYmWipHucqmAN0xR7SQy8N4mSzZLTK_9hq-o1nx7D7KokoVfnZdoKloTP72X-aoTZ34Baj56np1HjRs7rNAcN1zfOfJ3P3fQ7eVjIYQ.mp4?_nc_cat=107&_nc_oc=AdqBKzPZNVPfC_k4DrZd1LID0Gwf1-d_LTnPgiEsQTvl51k2yrQj5U07Xlfm2B0kHN_Lvsw-uIpIaZSRNGfG9JVi&_nc_sid=ef5aa3&_nc_ht=video.fjai6-1.fna.fbcdn.net&_nc_ohc=oyQlXzW15-sQ7kNvwHHZvTD&efg=eyJ2ZW5jb2RlX3RhZyI6Inhwdl9wcm9ncmVzc2l2ZS5WSV9VU0VDQVNFX1BST0RVQ1RfVFlQRS4uQzMuMzYwLnN2ZV9zZCIsInhwdl9hc3NldF9pZCI6MzU1ODk0MzI2NDI1MzMxOCwiYXNzZXRfYWdlX2RheXMiOjc5LCJ2aV91c2VjYXNlX2lkIjoxMDc5OSwiZHVyYXRpb25fcyI6MjcsInVybGdlbl9zb3VyY2UiOiJ3d3cifQ%3D%3D&ccb=17-1&_nc_gid=cZ3yHf6gXy1iBcWP0G6_gg&_nc_ss=7b289&_nc_zt=28&oh=00_Af-jffJ73QBlsw3ECvh_JOIKrzpjAVxKywSA7bBj4rI9PQ&oe=6A38500B | Preview: https://scontent.fjai6-1.fna.fbcdn.net/v/t39.35426-6/700272492_1732024621543669_5748589255830402449_n.jpg?_nc_cat=109&ccb=1-7&_nc_sid=c53f8f&_nc_ohc=HVvD7zYsohwQ7kNvwFHPDe4&_nc_oc=AdpC3sSqsQlP4GcC597g__krE-4s5OMbeJYTfBbKZKnXOf7kqIBJIvEIWdNoDwokKq2YSb49uj_VR8GJdLKwn9jr&_nc_zt=14&_nc_ht=scontent.fjai6-1.fna&_nc_gid=cZ3yHf6gXy1iBcWP0G6_gg&_nc_ss=7b289&oh=00_Af_oKc74EtWEMPfHzj4y2-91JTiQeikw2X1Tm9hhS2Zsuw&oe=6A385C97 || HD: https://video.fjai6-1.fna.fbcdn.net/o1/v/t2/f2/m366/AQMHKvjcVxSvJ82KF9DwI-9aSN5Yj43oALnlNMDpx8cQ0yOvMJa1BmJ_Ek08gj6Y8VMJcAuUXCevhQ-4BiFsQtq-7GpwkMtsoWO1eF5REfCkLA.mp4?_nc_cat=108&_nc_oc=AdqwO8RgjFArRz3zemAS6Mz1YaOF4HqblOtkwby6dLLBH4qKFwgb_IJRBoC_7uXPVLlZ_54hBx_OlM-EpSc2XUG2&_nc_sid=b66105&_nc_ht=video.fjai6-1.fna.fbcdn.net&_nc_ohc=pqaL4k_WCkkQ7kNvwEt1hvP&efg=eyJ2ZW5jb2RlX3RhZyI6Inhwdl9wcm9ncmVzc2l2ZS5WSV9VU0VDQVNFX1BST0RVQ1RfVFlQRS4uQzMuMTI4MC5kYXNoX2gyNjQtYmFzaWMtZ2VuMl83MjBwIiwieHB2X2Fzc2V0X2lkIjoyNjM1NTc0NDE5MDc1MjMxMywiYXNzZXRfYWdlX2RheXMiOjc5LCJ2aV91c2VjYXNlX2lkIjoxMDc5OSwiZHVyYXRpb25fcyI6MjcsInVybGdlbl9zb3VyY2UiOiJ3d3cifQ%3D%3D&ccb=17-1&vs=ae1b253ee6bd709b&_nc_vs=HBksFQIYRWZiX2VwaGVtZXJhbC9GNDQ0MjIxN0IwNEZDNjYzRkZDRjFGMzUwNzcxMkQ4Ql9tdF8xX3ZpZGVvX2Rhc2hpbml0Lm1wNBUAAsgBEgAVAhhAZmJfcGVybWFuZW50LzgyNEU4MEQzRDAzMTFBRkNFQTlGQkMzQTQxQjdCNzhGX2F1ZGlvX2Rhc2hpbml0Lm1wNBUCAsgBEgAoABgAGwKIB3VzZV9vaWwBMRJwcm9ncmVzc2l2ZV9yZWNpcGUBMRUAACbymL-knJrRXRUCKAJDMywXQDuIcrAgxJwYGWRhc2hfaDI2NC1iYXNpYy1nZW4yXzcyMHARAHUAZd6oAQA&_nc_gid=cZ3yHf6gXy1iBcWP0G6_gg&_nc_ss=7b289&_nc_zt=28&oh=00_Af-k3rwSd1VnrwurrxGJ3ayy0QhksEyIxXJeB5Zh6ewsKg&oe=6A385B70 | SD: https://video.fjai6-1.fna.fbcdn.net/o1/v/t2/f2/m412/AQOnynz45NF9qw3rhfcrQVMrBP3eMmUsykY7kIDWSXg3D0n7sYBO-agtlauw_skw7g5zpyeDFawVWV-XX1Bp8XSje6GV-4sJJqF_wbnkig.mp4?_nc_cat=110&_nc_oc=AdpaEQNvqDVIp89IczzEk5y9xX26snzmUV8wRdxOv3AUq5WoSUl-E_0m8xg2eUFy223-BfiJSPmXoIcFP4BnGMUN&_nc_sid=ef5aa3&_nc_ht=video.fjai6-1.fna.fbcdn.net&_nc_ohc=GGaFNfOctjQQ7kNvwFwnWmI&efg=eyJ2ZW5jb2RlX3RhZyI6Inhwdl9wcm9ncmVzc2l2ZS5WSV9VU0VDQVNFX1BST0RVQ1RfVFlQRS4uQzMuNjQwLnN2ZV9zZCIsInhwdl9hc3NldF9pZCI6MjYzNTU3NDQxOTA3NTIzMTMsImFzc2V0X2FnZV9kYXlzIjo3OSwidmlfdXNlY2FzZV9pZCI6MTA3OTksImR1cmF0aW9uX3MiOjI3LCJ1cmxnZW5fc291cmNlIjoid3d3In0%3D&ccb=17-1&_nc_gid=cZ3yHf6gXy1iBcWP0G6_gg&_nc_ss=7b289&_nc_zt=28&oh=00_Af-wUgE0syfjtp6w8z2CZJu82UwPYMf6891TTsp2LaVXew&oe=6A384A98 | Preview: https://scontent.fjai6-1.fna.fbcdn.net/v/t39.35426-6/699073035_1478568033724872_4545493985151131495_n.jpg?_nc_cat=107&ccb=1-7&_nc_sid=c53f8f&_nc_ohc=YhcAOayewXMQ7kNvwFXB0Rb&_nc_oc=AdoyWTjtBgoG9IUxKkxFDGJ538eiWWE_LxD_o-EGh8wjTEV4FL9sGsv8xtu1ROhiD5b51Gu5h8z6OTtOI5JXxiC0&_nc_zt=14&_nc_ht=scontent.fjai6-1.fna&_nc_gid=cZ3yHf6gXy1iBcWP0G6_gg&_nc_ss=7b289&oh=00_Af_4cNsz1AWKVFiGzqM4g7tp5m5FR5hOZG-PV0XzSS3zOQ&oe=6A384004 || HD: https://video.fjai6-1.fna.fbcdn.net/o1/v/t2/f2/m366/AQM-aoGIdVKzPuLmTdBogt9c3DyonhaIyB3fHO3G05W5AzNg-UVNb9zhfZLVD5mfGiAUVe5fs2BfiEYXQeI0rNiJzX8Rf9oRblyGYiyZ-Wf5hQ.mp4?_nc_cat=111&_nc_oc=Adq5izmDaXcmu0dWIQOVsuJfScMqudgiwLH7m_DYKK-8PPaglbfkArvzUAqvCpKezDlxJy6Yo9Wkt35StZG_Lz3L&_nc_sid=b66105&_nc_ht=video.fjai6-1.fna.fbcdn.net&_nc_ohc=v04WkVP3hGIQ7kNvwFa-JNe&efg=eyJ2ZW5jb2RlX3RhZyI6Inhwdl9wcm9ncmVzc2l2ZS5WSV9VU0VDQVNFX1BST0RVQ1RfVFlQRS4uQzMuNzIwLmRhc2hfaDI2NC1iYXNpYy1nZW4yXzcyMHAiLCJ4cHZfYXNzZXRfaWQiOjE0NjU3ODEzOTE3NTI1MzEsImFzc2V0X2FnZV9kYXlzIjo3OSwidmlfdXNlY2FzZV9pZCI6MTA3OTksImR1cmF0aW9uX3MiOjI3LCJ1cmxnZW5fc291cmNlIjoid3d3In0%3D&ccb=17-1&vs=8b2c505ab32f7197&_nc_vs=HBksFQIYRWZiX2VwaGVtZXJhbC9DQzRFRDY1RjVDN0NBRjE5NTU4OTg1OUNGQTFDQUY5Ql9tdF8xX3ZpZGVvX2Rhc2hpbml0Lm1wNBUAAsgBEgAVAhhAZmJfcGVybWFuZW50L0E4NENBMkZFMUY1RjcyRDVEMThGMDk0RjZCMDg0OEJBX2F1ZGlvX2Rhc2hpbml0Lm1wNBUCAsgBEgAoABgAGwKIB3VzZV9vaWwBMRJwcm9ncmVzc2l2ZV9yZWNpcGUBMRUAACam9eOy2seaBRUCKAJDMywXQDsIcrAgxJwYGWRhc2hfaDI2NC1iYXNpYy1nZW4yXzcyMHARAHUAZd6oAQA&_nc_gid=cZ3yHf6gXy1iBcWP0G6_gg&_nc_ss=7b289&_nc_zt=28&oh=00_Af_tkQnLcI4QGRGMKV_PFvCMWLuWvDKdUGwSzUaRoSpOAw&oe=6A383181 | SD: https://video.fjai6-1.fna.fbcdn.net/o1/v/t2/f2/m412/AQMNJ_jMBGyJC5fjoG1S16M9keAV6neKP0YMk_aZJgJDNO9QqmResuCiRqcnJY6h6nRj_ZfbsRCx9WzeuwzU2G1QmP7Y91ylB2pTBxhM0w.mp4?_nc_cat=105&_nc_oc=Adox3o8OrPctGcTh1f4OX-ihOkBEcR_9l7DuJoVAEjTjSYbCdHiGps0rnxyOTgt2-i8Q9rwZOffpOxqXtXPo8-kN&_nc_sid=ef5aa3&_nc_ht=video.fjai6-1.fna.fbcdn.net&_nc_ohc=j3SejWKVkc4Q7kNvwH88pt6&efg=eyJ2ZW5jb2RlX3RhZyI6Inhwdl9wcm9ncmVzc2l2ZS5WSV9VU0VDQVNFX1BST0RVQ1RfVFlQRS4uQzMuMzYwLnN2ZV9zZCIsInhwdl9hc3NldF9pZCI6MTQ2NTc4MTM5MTc1MjUzMSwiYXNzZXRfYWdlX2RheXMiOjc5LCJ2aV91c2VjYXNlX2lkIjoxMDc5OSwiZHVyYXRpb25fcyI6MjcsInVybGdlbl9zb3VyY2UiOiJ3d3cifQ%3D%3D&ccb=17-1&_nc_gid=cZ3yHf6gXy1iBcWP0G6_gg&_nc_ss=7b289&_nc_zt=28&oh=00_Af_UI8s4bqyM9cqSbCNgB4XCYT77JzJnCtMpS2qajcnCwQ&oe=6A383BCD | Preview: https://scontent.fjai6-1.fna.fbcdn.net/v/t39.35426-6/699724670_809181288685695_3631956216587537537_n.jpg?_nc_cat=111&ccb=1-7&_nc_sid=c53f8f&_nc_ohc=001ndstAEh0Q7kNvwHLGB3j&_nc_oc=AdpGFtvT26GynjMbqYggFzACpwvSm5cRWE2aCeCEc5aFsvuMMbs3uBISKHHB2LOE6q0S9JQtYSDbS5p7EiUQo5lJ&_nc_zt=14&_nc_ht=scontent.fjai6-1.fna&_nc_gid=cZ3yHf6gXy1iBcWP0G6_gg&_nc_ss=7b289&oh=00_Af_lmSQRzmeKl21-oWwZdD3NSU3x-JRpy91_lMTlY9sCaA&oe=6A385C1E
1303682328510086,https://www.facebook.com/primarkprojects/,fb.me,https://www.facebook.com/primarkprojects/,,,,sales@primarkprojects.in,+91 89519 81122,,,,1062757713825127,http://fb.me/,Primark Projects,https://www.facebook.com/ads/library/?id=1303682328510086,"The wait is over. Handovers are now underway.

Step into a new beginning and celebrate a life of joy, pride, and lasting moments at Primark Inspira.

Book your dream home today.

Location Highlights::

✅ 2 mins from DMart
✅ 5 mins from Miyapur Cross Roads
✅ 5 mins from Miyapur Metro Station
✅ 15 mins from Hitec City

Book a Site Visit Today! 🏡",1600,Get quote,fb.me,"FACEBOOK; INSTAGRAM; AUDIENCE_NETWORK",2026-05-29,2026-06-17,,,"The wait is over. Handovers are now underway.

Step into a new beginning and celebrate a life of joy, pride, and lasting moments at Primark Inspira.

Book your dream home today.

Location Highlights::

✅ 2 mins from DMart
✅ 5 mins from Miyapur Cross Roads
✅ 5 mins from Miyapur Metro Station
✅ 15 mins from Hitec City

Book a Site Visit Today! 🏡 || The wait is over. Handovers are now underway.

Step into a new beginning and celebrate a life of joy, pride, and lasting moments at Primark Inspira.

Book your dream home today.

Location Highlights::

✅ 2 mins from DMart
✅ 5 mins from Miyapur Cross Roads
✅ 5 mins from Miyapur Metro Station
✅ 15 mins from Hitec City

Book a Site Visit Today! 🏡",http://fb.me/ || http://fb.me/,,Get Quote || Get Quote,,HD: https://video.fjai6-1.fna.fbcdn.net/o1/v/t2/f2/m366/AQMjZ2IQRkT5Okw5IRs9rh-n_0YFJ1-SK7JvVVNtqz6w2JfgTKjT5uMKnbsCIh4g9qTlFXBoVF4kqFjfKIOrcZLt9cMt651KprlwJNp3Qm8oug.mp4?_nc_cat=100&_nc_oc=Adp0asoMgxMoBQMRqdBVQ0nllvuXnk3D_ozJxFGklEedlwbnbgRY5aC4lcG5xQYx15xq5G5YA3ySFo2sIStma90o&_nc_sid=b66105&_nc_ht=video.fjai6-1.fna.fbcdn.net&_nc_ohc=RW9fAHAf4x4Q7kNvwH-K05R&efg=eyJ2ZW5jb2RlX3RhZyI6Inhwdl9wcm9ncmVzc2l2ZS5WSV9VU0VDQVNFX1BST0RVQ1RfVFlQRS4uQzMuNzIwLmRhc2hfaDI2NC1iYXNpYy1nZW4yXzcyMHAiLCJ4cHZfYXNzZXRfaWQiOjIzNTI4NjY0NTg0OTY5NzcsImFzc2V0X2FnZV9kYXlzIjoxMzMsInZpX3VzZWNhc2VfaWQiOjEwNzk5LCJkdXJhdGlvbl9zIjozNywidXJsZ2VuX3NvdXJjZSI6Ind3dyJ9&ccb=17-1&vs=52fcf3fca85d428&_nc_vs=HBksFQIYRWZiX2VwaGVtZXJhbC8xMDRBMTQxN0U2RDkyNjFGMTgwQkZGNkZENzNEODc4MV9tdF8xX3ZpZGVvX2Rhc2hpbml0Lm1wNBUAAsgBEgAVAhhAZmJfcGVybWFuZW50LzM5NDBCRUExRjRGNTY5RkI3OTBENDQ3MzI0Mjk0NDhFX2F1ZGlvX2Rhc2hpbml0Lm1wNBUCAsgBEgAoABgAGwKIB3VzZV9vaWwBMRJwcm9ncmVzc2l2ZV9yZWNpcGUBMRUAACaiv7OX7fqtCBUCKAJDMywXQEKu2RaHKwIYGWRhc2hfaDI2NC1iYXNpYy1nZW4yXzcyMHARAHUAZd6oAQA&_nc_gid=vGPdmqkJSunXVHfr7GPkbA&_nc_ss=7b289&_nc_zt=28&oh=00_Af9NgNyxVNlAF0Vi2ibvEByRSZrhHsL8TbsntoP6Q7qT7g&oe=6A384628 | SD: https://video.fjai6-1.fna.fbcdn.net/o1/v/t2/f2/m412/AQOfHvLDeGZTYyqb-XrND5zKeX8zOYbKrIyDTNDslHGwFXVtLFBMjXdOPBka9VmUDG3wX7YpCw4DroTOE_TEjDLfQELeeZL7FckmAyUlug.mp4?_nc_cat=100&_nc_oc=AdoLcOPzFE-mA5V42Csjw3SrJ9Zid8h7QP9oUSAZuSRfcbRxkiN4xM1knICMx6AnWoja1ge4gohmjPi1WNbyXIlr&_nc_sid=ef5aa3&_nc_ht=video.fjai6-1.fna.fbcdn.net&_nc_ohc=Gm3WYzXRmbQQ7kNvwF-59U4&efg=eyJ2ZW5jb2RlX3RhZyI6Inhwdl9wcm9ncmVzc2l2ZS5WSV9VU0VDQVNFX1BST0RVQ1RfVFlQRS4uQzMuMzYwLnN2ZV9zZCIsInhwdl9hc3NldF9pZCI6MjM1Mjg2NjQ1ODQ5Njk3NywiYXNzZXRfYWdlX2RheXMiOjEzMywidmlfdXNlY2FzZV9pZCI6MTA3OTksImR1cmF0aW9uX3MiOjM3LCJ1cmxnZW5fc291cmNlIjoid3d3In0%3D&ccb=17-1&_nc_gid=vGPdmqkJSunXVHfr7GPkbA&_nc_ss=7b289&_nc_zt=28&oh=00_Af8tUk5Eon4EWT2gksz_XoBiEYr84VfgLUKt1T5L9rQ10w&oe=6A385606 | Preview: https://scontent.fjai6-1.fna.fbcdn.net/v/t39.35426-6/626254972_1144806787567811_1631379730089249400_n.jpg?_nc_cat=101&ccb=1-7&_nc_sid=c53f8f&_nc_ohc=jG6luNC2ntAQ7kNvwHXC1Fz&_nc_oc=Adq7idoCxT6F_275RxXgBDXcv-b1iGleIj_vZU20EC5cAy9RIBUuddi0GUBsKLdORFoRjlA0nk9S_UwZX8eoR1Xz&_nc_zt=14&_nc_ht=scontent.fjai6-1.fna&_nc_gid=vGPdmqkJSunXVHfr7GPkbA&_nc_ss=7b289&oh=00_Af_zGX4goDWe3KrDcteuZy3EeF5snr3cy-BeV2CxsYKbIA&oe=6A383E9D || HD: https://video.fjai6-1.fna.fbcdn.net/o1/v/t2/f2/m366/AQMQwEeZq-dzGQ5pUFCuHqkRV1JFjV7c_AXYf3pWepAo0sjSO3CSJuQDFkdz7n8xNEoX3fIvUl2SQkk1qGY2q3iryTNo0PQEvdlAFOoiKadM-Q.mp4?_nc_cat=109&_nc_oc=AdpfB5Lbu_AqH7EyFcUUZRze-KxHOKUBI_5aCMdpQyHBlAacVM_V9XwQmogWbcBOy6vuOAzKjEk1NkpwHpoga5WK&_nc_sid=b66105&_nc_ht=video.fjai6-1.fna.fbcdn.net&_nc_ohc=ilshw0S1cjUQ7kNvwHBrafw&efg=eyJ2ZW5jb2RlX3RhZyI6Inhwdl9wcm9ncmVzc2l2ZS5WSV9VU0VDQVNFX1BST0RVQ1RfVFlQRS4uQzMuNzIwLmRhc2hfaDI2NC1iYXNpYy1nZW4yXzcyMHAiLCJ4cHZfYXNzZXRfaWQiOjg5Mzg0ODYwMzIzOTg3NSwiYXNzZXRfYWdlX2RheXMiOjEzMywidmlfdXNlY2FzZV9pZCI6MTA3OTksImR1cmF0aW9uX3MiOjM3LCJ1cmxnZW5fc291cmNlIjoid3d3In0%3D&ccb=17-1&vs=87eb3c6b6a4b7a95&_nc_vs=HBksFQIYRWZiX2VwaGVtZXJhbC9FNzQ1REY1RjhBMEZBMkM0MTE2RkUxODNFRkQ2RDM5OV9tdF8xX3ZpZGVvX2Rhc2hpbml0Lm1wNBUAAsgBEgAVAhhAZmJfcGVybWFuZW50L0IzNEIzQjEyRTE2QTc2MDQ4NUNGN0UzNEUxNDhGMkEyX2F1ZGlvX2Rhc2hpbml0Lm1wNBUCAsgBEgAoABgAGwKIB3VzZV9vaWwBMRJwcm9ncmVzc2l2ZV9yZWNpcGUBMRUAACaGl9WH67yWAxUCKAJDMywXQEKqn752yLQYGWRhc2hfaDI2NC1iYXNpYy1nZW4yXzcyMHARAHUAZd6oAQA&_nc_gid=vGPdmqkJSunXVHfr7GPkbA&_nc_ss=7b289&_nc_zt=28&oh=00_Af_Km5TywJA3O2V3OldzEDH4rPpmITwyyR37bGS03M3xoA&oe=6A38629B | SD: https://video.fjai6-1.fna.fbcdn.net/o1/v/t2/f2/m412/AQNxebFSZqiQjXjRrSNrC27Gyx37gSCNiN6Cl3k0zSi0OU2d3qWug3FMi91Tu1tWelR1gs9VfDzlqfTb08dciDCDM2Xn05txdLzoCPA7RA.mp4?_nc_cat=108&_nc_oc=AdojqrklQOWgdYX1xjd4SMwtPMRMD9hIEJCIJV7KkNqxdsPQdu88NPwkt9bNZFvOO-RZhvMgjf7vHD8zG-mtxBm9&_nc_sid=ef5aa3&_nc_ht=video.fjai6-1.fna.fbcdn.net&_nc_ohc=gNFNtJQzbz4Q7kNvwEL84c8&efg=eyJ2ZW5jb2RlX3RhZyI6Inhwdl9wcm9ncmVzc2l2ZS5WSV9VU0VDQVNFX1BST0RVQ1RfVFlQRS4uQzMuMzYwLnN2ZV9zZCIsInhwdl9hc3NldF9pZCI6ODkzODQ4NjAzMjM5ODc1LCJhc3NldF9hZ2VfZGF5cyI6MTMzLCJ2aV91c2VjYXNlX2lkIjoxMDc5OSwiZHVyYXRpb25fcyI6MzcsInVybGdlbl9zb3VyY2UiOiJ3d3cifQ%3D%3D&ccb=17-1&_nc_gid=vGPdmqkJSunXVHfr7GPkbA&_nc_ss=7b289&_nc_zt=28&oh=00_Af-YlC6iwJPpR9o25j0xGwiviDPA7oWalfPbXVCY0YlDuQ&oe=6A383B06 | Preview: https://scontent.fjai6-1.fna.fbcdn.net/v/t39.35426-6/625090604_1567466404487193_6515839998559539286_n.jpg?_nc_cat=107&ccb=1-7&_nc_sid=c53f8f&_nc_ohc=DGqJjjkAE0gQ7kNvwFyF85t&_nc_oc=Adp4JSP28tWIdihUZ0qiiVqHw4ij2GR4evH9WD1X2WfUi-42yiT8TwJrqwPFMpvzbt8j-GnN7X8wz6CtmlGI724C&_nc_zt=14&_nc_ht=scontent.fjai6-1.fna&_nc_gid=vGPdmqkJSunXVHfr7GPkbA&_nc_ss=7b289&oh=00_Af-O0FTW7zTHQWTxsuceAdTn-6zGtPnolUKplAOVtWqphQ&oe=6A3848BD
26549555584745617,https://www.facebook.com/MahaveerConstructionss/,fb.me,https://www.facebook.com/MahaveerConstructionss/,,,,sales@mahaveerconstructions.com,+91 79977 22931,,,,104673948645621,http://fb.me/,Mahaveer Constructions,https://www.facebook.com/ads/library/?id=26549555584745617,"A perfect home for families seeking luxury + spirituality.
Ganesh Ji Temple, Shyam Baba Temple & Jain Temple inside a 5-acre premium community.
Discover your dream 3 & 4 BHK home—Enquire now.",11792,Book now,fb.me,"FACEBOOK; INSTAGRAM; AUDIENCE_NETWORK",2026-05-20,2026-06-16,,,"A perfect home for families seeking luxury + spirituality.
Ganesh Ji Temple, Shyam Baba Temple & Jain Temple inside a 5-acre premium community.
Discover your dream 3 & 4 BHK home—Enquire now. || A perfect home for families seeking luxury + spirituality.
Ganesh Ji Temple, Shyam Baba Temple & Jain Temple inside a 5-acre premium community.
Discover your dream 3 & 4 BHK home—Enquire now. || A perfect home for families seeking luxury + spirituality.
Ganesh Ji Temple, Shyam Baba Temple & Jain Temple inside a 5-acre premium community.
Discover your dream 3 & 4 BHK home—Enquire now. || A perfect home for families seeking luxury + spirituality.
Ganesh Ji Temple, Shyam Baba Temple & Jain Temple inside a 5-acre premium community.
Discover your dream 3 & 4 BHK home—Enquire now.",http://fb.me/ || http://fb.me/ || http://fb.me/ || http://fb.me/,,Book Now || Book Now || Book Now || Book Now,Original: https://scontent.fjai6-1.fna.fbcdn.net/v/t39.35426-6/702637889_850895570815550_3112617150845080296_n.jpg?_nc_cat=100&ccb=1-7&_nc_sid=c53f8f&_nc_ohc=rkO-yDiYUgcQ7kNvwHpVdt7&_nc_oc=AdqfWgBqgnNDLNIUtGLZKbFbQVBtbq_-1X9JDJSSIpAJeQCcMAgVWNTQG7-XfGE71i09cJ9fwb7mTM70QVKucglC&_nc_zt=14&_nc_ht=scontent.fjai6-1.fna&_nc_gid=Bny6311z9hWzXSMdjzj7BA&_nc_ss=7b289&oh=00_Af98BGVERmCEr9l9qtZC742xeT_wchFqHA7VxyLhwxLGCw&oe=6A38521F | Resized: https://scontent.fjai6-1.fna.fbcdn.net/v/t39.35426-6/702545523_1510006667587917_2817350583574266576_n.jpg?stp=dst-jpg_s600x600_tt6&_nc_cat=101&ccb=1-7&_nc_sid=c53f8f&_nc_ohc=CEhfECtrJEAQ7kNvwFhEZL_&_nc_oc=Adr_VXjk4kfABsP6TEZ6E-cO_RM20GZ4_pJtXSKrIhGCqfJD6SdQ_R7eZH9n3Ktp9Fvu-2dzFjG_t9p4Pn9v_i9w&_nc_zt=14&_nc_ht=scontent.fjai6-1.fna&_nc_gid=Bny6311z9hWzXSMdjzj7BA&_nc_ss=7b289&oh=00_Af_bAVBjnfGcdEkVZ8ZZ0rhlHSQAVjowbUnpHwMmip8yVw&oe=6A384D16 || Original: https://scontent.fjai6-1.fna.fbcdn.net/v/t39.35426-6/702637889_850895570815550_3112617150845080296_n.jpg?_nc_cat=100&ccb=1-7&_nc_sid=c53f8f&_nc_ohc=rkO-yDiYUgcQ7kNvwHpVdt7&_nc_oc=AdqfWgBqgnNDLNIUtGLZKbFbQVBtbq_-1X9JDJSSIpAJeQCcMAgVWNTQG7-XfGE71i09cJ9fwb7mTM70QVKucglC&_nc_zt=14&_nc_ht=scontent.fjai6-1.fna&_nc_gid=Bny6311z9hWzXSMdjzj7BA&_nc_ss=7b289&oh=00_Af98BGVERmCEr9l9qtZC742xeT_wchFqHA7VxyLhwxLGCw&oe=6A38521F | Resized: https://scontent.fjai6-1.fna.fbcdn.net/v/t39.35426-6/702545523_1510006667587917_2817350583574266576_n.jpg?stp=dst-jpg_s600x600_tt6&_nc_cat=101&ccb=1-7&_nc_sid=c53f8f&_nc_ohc=CEhfECtrJEAQ7kNvwFhEZL_&_nc_oc=Adr_VXjk4kfABsP6TEZ6E-cO_RM20GZ4_pJtXSKrIhGCqfJD6SdQ_R7eZH9n3Ktp9Fvu-2dzFjG_t9p4Pn9v_i9w&_nc_zt=14&_nc_ht=scontent.fjai6-1.fna&_nc_gid=Bny6311z9hWzXSMdjzj7BA&_nc_ss=7b289&oh=00_Af_bAVBjnfGcdEkVZ8ZZ0rhlHSQAVjowbUnpHwMmip8yVw&oe=6A384D16 || Original: https://scontent.fjai6-1.fna.fbcdn.net/v/t39.35426-6/702637889_850895570815550_3112617150845080296_n.jpg?_nc_cat=100&ccb=1-7&_nc_sid=c53f8f&_nc_ohc=rkO-yDiYUgcQ7kNvwHpVdt7&_nc_oc=AdqfWgBqgnNDLNIUtGLZKbFbQVBtbq_-1X9JDJSSIpAJeQCcMAgVWNTQG7-XfGE71i09cJ9fwb7mTM70QVKucglC&_nc_zt=14&_nc_ht=scontent.fjai6-1.fna&_nc_gid=Bny6311z9hWzXSMdjzj7BA&_nc_ss=7b289&oh=00_Af98BGVERmCEr9l9qtZC742xeT_wchFqHA7VxyLhwxLGCw&oe=6A38521F | Resized: https://scontent.fjai6-1.fna.fbcdn.net/v/t39.35426-6/702545523_1510006667587917_2817350583574266576_n.jpg?stp=dst-jpg_s600x600_tt6&_nc_cat=101&ccb=1-7&_nc_sid=c53f8f&_nc_ohc=CEhfECtrJEAQ7kNvwFhEZL_&_nc_oc=Adr_VXjk4kfABsP6TEZ6E-cO_RM20GZ4_pJtXSKrIhGCqfJD6SdQ_R7eZH9n3Ktp9Fvu-2dzFjG_t9p4Pn9v_i9w&_nc_zt=14&_nc_ht=scontent.fjai6-1.fna&_nc_gid=Bny6311z9hWzXSMdjzj7BA&_nc_ss=7b289&oh=00_Af_bAVBjnfGcdEkVZ8ZZ0rhlHSQAVjowbUnpHwMmip8yVw&oe=6A384D16 || Original: https://scontent.fjai6-1.fna.fbcdn.net/v/t39.35426-6/703480591_1814952352806292_2813086807845660371_n.jpg?_nc_cat=105&ccb=1-7&_nc_sid=c53f8f&_nc_ohc=t7cz3yt9wswQ7kNvwFcCiYK&_nc_oc=Adp5qZ0VvCUx4U7AoEB7A-FsgRWfRFfiEYs3thyqiw3diTUkTJzeomPFQppsuoPXpFQKrhRHFLk97wPL21s0gtAD&_nc_zt=14&_nc_ht=scontent.fjai6-1.fna&_nc_gid=Bny6311z9hWzXSMdjzj7BA&_nc_ss=7b289&oh=00_Af-rp6MPBC00g9PqEwuU313WUzCtI23xi00ZQqKCFariHA&oe=6A384996 | Resized: https://scontent.fjai6-1.fna.fbcdn.net/v/t39.35426-6/702695904_2089990305193565_5980670826121260455_n.jpg?stp=dst-jpg_s600x600_tt6&_nc_cat=106&ccb=1-7&_nc_sid=c53f8f&_nc_ohc=_Er_oem4CTEQ7kNvwHokVjT&_nc_oc=AdoBDtqaF9de-qCZPlGDxlOAV9B6kUXb13qZ49vqP-mzlOWFhXfXXNSRwxulwm-7w2LhgPQKE-Tzrqea6b5COcqe&_nc_zt=14&_nc_ht=scontent.fjai6-1.fna&_nc_gid=Bny6311z9hWzXSMdjzj7BA&_nc_ss=7b289&oh=00_Af8rcG0zmwha8XKc7UmzMO25QMxTwnuUvRxmB5mJMMxO2g&oe=6A3830E4,
1511514493900201,https://www.facebook.com/61570868796467/,fb.me,https://www.facebook.com/61570868796467/,,,,contact@casatrance.com,+91 70267 99812,,,,1090568260802148,http://fb.me/,CT Realty,https://www.facebook.com/ads/library/?id=1511514493900201,"Looking for your dream home in Bangalore? 🏡
Grab this limited pre-launch offer in Whitefield and pay just 10% now & nothing till possession!

✨ Premium high-rise apartments
✨ 2, 2.5, 3 & 4 BHK homes
✨ 1223 to 2215 sqft spacious layouts

Live in Bangalore’s most desirable location.
📞 Call Now: 70267 99812

#WhitefieldHomes #BangaloreRealEstate #DreamHome #LuxuryLiving #PreLaunchOffer #NoEMITillPossession #InvestInProperty #BangaloreHomes #HighRiseLiving #RealEstateIndia #PropertyInvestment #2BHK #3BHK #4BHK #HomeBuyers",3,Get offer,fb.me,"FACEBOOK; INSTAGRAM",2026-04-27,2026-06-16,,Original: https://scontent.fjai6-1.fna.fbcdn.net/v/t39.35426-6/682719117_961638776246687_4849457064481800772_n.jpg?_nc_cat=106&ccb=1-7&_nc_sid=c53f8f&_nc_ohc=GA_q5cheocoQ7kNvwGdsUTv&_nc_oc=AdqdgQs2ctAfrrOFlqF2kX7wKJaOVM67nILpG4acIgfEZLBQJEfBhHZK84N8z9bWI2PeppYiKWlmrSMEu241pXlD&_nc_zt=14&_nc_ht=scontent.fjai6-1.fna&_nc_gid=Bny6311z9hWzXSMdjzj7BA&_nc_ss=7b289&oh=00_Af8sW9Ek1k0BFMnP7wCi1KytwBvZn6lsPC6kZ06QgSQy7Q&oe=6A385CF0 | Resized: https://scontent.fjai6-1.fna.fbcdn.net/v/t39.35426-6/681752206_1256311876648241_2118480855559897932_n.jpg?stp=dst-jpg_s600x600_tt6&_nc_cat=108&ccb=1-7&_nc_sid=c53f8f&_nc_ohc=u4NYssxmCtEQ7kNvwGNpz0n&_nc_oc=AdpIlB-YeSGQjCuWFtp_MrKN8o92r59QWgpAgFwGz2OLoXdqihVHZLea9MsEsMbJtfXZwu_QUNY2L74Gvhcx-9Y1&_nc_zt=14&_nc_ht=scontent.fjai6-1.fna&_nc_gid=Bny6311z9hWzXSMdjzj7BA&_nc_ss=7b289&oh=00_Af8_9A5PcJIY9YRob1VmOKTnOMdRLOXXrZOrq3Yig5xAiA&oe=6A384BE0,,,,,,
1510038173918474,https://www.facebook.com/61570805672212/,fb.me,https://www.facebook.com/61570805672212/,,,,jhansi.vbvr@gmail.com,+91 70222 77388,,,,1059081387294224,http://fb.me/,Property Deals,https://www.facebook.com/ads/library/?id=1510038173918474,"Lodha Sadahalli is an upcoming ultra-luxury integrated township by the Lodha Group, located in Sadahalli, Devanahalli, North Bangalore - behind Prestige Tech Cloud, near the ITC Factory, and just minutes from Kempegowda International Airport. Spread across 70 acres with premium 2, 3, and 4 BHK high-rise apartments.",1,Get quote,fb.me,"FACEBOOK; INSTAGRAM; AUDIENCE_NETWORK",2026-06-04,2026-06-17,,Original: https://scontent.fjai6-1.fna.fbcdn.net/v/t39.35426-6/714852942_951017114651173_8841179051105639486_n.jpg?_nc_cat=104&ccb=1-7&_nc_sid=c53f8f&_nc_ohc=NXMphkVoJX4Q7kNvwGab3EI&_nc_oc=AdreYH6ozO_CTFaiHqJb6RjlHEVRv3o_yeGi9nAw3JBuYcKOu_ytyjAQZyFcC4g-Y-8EgYfGQGrJ7N4EmVxojoIb&_nc_zt=14&_nc_ht=scontent.fjai6-1.fna&_nc_gid=Bny6311z9hWzXSMdjzj7BA&_nc_ss=7b289&oh=00_Af9irT5pc1gvjKf-rbwgx8XNqJu_pwL7hu8b72unddP80A&oe=6A384806 | Resized: https://scontent.fjai6-1.fna.fbcdn.net/v/t39.35426-6/712468355_1529046502336216_4735059117494981894_n.jpg?stp=dst-jpg_s600x600_tt6&_nc_cat=102&ccb=1-7&_nc_sid=c53f8f&_nc_ohc=Jf4tAFvKe90Q7kNvwHkTbB2&_nc_oc=AdpyD4pgxE0S59Jn7h3H-m0OSOb3f0uyC27sN2yMdwTNhXZSh5ekAAF5nxBD42-Vb3zoPQvfre_VJNmF9kESuZWP&_nc_zt=14&_nc_ht=scontent.fjai6-1.fna&_nc_gid=Bny6311z9hWzXSMdjzj7BA&_nc_ss=7b289&oh=00_Af-Seqsvsd4jCn_yyX2bAtD6KRjzh9uOJccxJOOiVzBsqw&oe=6A386104,,,,,,
963587526297262,https://www.facebook.com/61554184604412/,api.whatsapp.com,https://www.facebook.com/61554184604412/,,,,sharmaindustriesggn@gmail.com,,,,,190273434165730,https://api.whatsapp.com/send,Gurgaon Luxury Property,https://www.facebook.com/ads/library/?id=963587526297262,"🏙️ What if your next address could redefine luxury living?

Welcome to a world of Uber Luxury High-Rise Residences on the prestigious Dwarka Expressway, Gurgaon — where premium living meets exceptional connectivity.

✨ Choose from spacious residences:

🏡 3 BHK | 2000 Sq. Ft.
Starting from ₹3 Cr*

🏡 4 BHK | 2500 Sq. Ft.
Starting from ₹5 Cr*

💎 Why Homebuyers Are Choosing This Destination:

✅ Prime Dwarka Expressway Location
✅ Luxury High-Rise Living
✅ Premium Lifestyle Amenities
✅ Spacious Modern Layouts
✅ Excellent Future Connectivity
✅ Flexible Payment Plans Available

💳 Payment Options:
✔️ 30:30:40
✔️ 30:70
✔️ 25:75

📍 Featured Premium Projects:
• Signature Global Sarvam
• Emaar Serenity Hills
• Krisumi Forest Reserve
• M3M Mansion
• Ganga Realty
• AIPL Rivera
• Adani The Marq

⏳ Possession Timeline: 3–5 Years

📲 Connect with us on WhatsApp to receive floor plans, brochures, pricing & exclusive launch offers.",12,Send WhatsApp message,api.whatsapp.com,"FACEBOOK; INSTAGRAM; AUDIENCE_NETWORK; MESSENGER; WHATSAPP",2026-05-29,2026-06-16,,,"🏙️ What if your next address could redefine luxury living?

Welcome to a world of Uber Luxury High-Rise Residences on the prestigious Dwarka Expressway, Gurgaon — where premium living meets exceptional connectivity.

✨ Choose from spacious residences:

🏡 3 BHK | 2000 Sq. Ft.
Starting from ₹3 Cr*

🏡 4 BHK | 2500 Sq. Ft.
Starting from ₹5 Cr*

💎 Why Homebuyers Are Choosing This Destination:

✅ Prime Dwarka Expressway Location
✅ Luxury High-Rise Living
✅ Premium Lifestyle Amenities
✅ Spacious Modern Layouts
✅ Excellent Future Connectivity
✅ Flexible Payment Plans Available

💳 Payment Options:
✔️ 30:30:40
✔️ 30:70
✔️ 25:75

📍 Featured Premium Projects:
• Signature Global Sarvam
• Emaar Serenity Hills
• Krisumi Forest Reserve
• M3M Mansion
• Ganga Realty
• AIPL Rivera
• Adani The Marq

⏳ Possession Timeline: 3–5 Years

📲 Connect with us on WhatsApp to receive floor plans, brochures, pricing & exclusive launch offers. || 🏙️ What if your next address could redefine luxury living?

Welcome to a world of Uber Luxury High-Rise Residences on the prestigious Dwarka Expressway, Gurgaon — where premium living meets exceptional connectivity.

✨ Choose from spacious residences:

🏡 3 BHK | 2000 Sq. Ft.
Starting from ₹3 Cr*

🏡 4 BHK | 2500 Sq. Ft.
Starting from ₹5 Cr*

💎 Why Homebuyers Are Choosing This Destination:

✅ Prime Dwarka Expressway Location
✅ Luxury High-Rise Living
✅ Premium Lifestyle Amenities
✅ Spacious Modern Layouts
✅ Excellent Future Connectivity
✅ Flexible Payment Plans Available

💳 Payment Options:
✔️ 30:30:40
✔️ 30:70
✔️ 25:75

📍 Featured Premium Projects:
• Signature Global Sarvam
• Emaar Serenity Hills
• Krisumi Forest Reserve
• M3M Mansion
• Ganga Realty
• AIPL Rivera
• Adani The Marq

⏳ Possession Timeline: 3–5 Years

📲 Connect with us on WhatsApp to receive floor plans, brochures, pricing & exclusive launch offers. || 🏙️ What if your next address could redefine luxury living?

Welcome to a world of Uber Luxury High-Rise Residences on the prestigious Dwarka Expressway, Gurgaon — where premium living meets exceptional connectivity.

✨ Choose from spacious residences:

🏡 3 BHK | 2000 Sq. Ft.
Starting from ₹3 Cr*

🏡 4 BHK | 2500 Sq. Ft.
Starting from ₹5 Cr*

💎 Why Homebuyers Are Choosing This Destination:

✅ Prime Dwarka Expressway Location
✅ Luxury High-Rise Living
✅ Premium Lifestyle Amenities
✅ Spacious Modern Layouts
✅ Excellent Future Connectivity
✅ Flexible Payment Plans Available

💳 Payment Options:
✔️ 30:30:40
✔️ 30:70
✔️ 25:75

📍 Featured Premium Projects:
• Signature Global Sarvam
• Emaar Serenity Hills
• Krisumi Forest Reserve
• M3M Mansion
• Ganga Realty
• AIPL Rivera
• Adani The Marq

⏳ Possession Timeline: 3–5 Years

📲 Connect with us on WhatsApp to receive floor plans, brochures, pricing & exclusive launch offers.",https://api.whatsapp.com/send || https://api.whatsapp.com/send || https://api.whatsapp.com/send,,Send WhatsApp Message || Send WhatsApp Message || Send WhatsApp Message,Original: https://scontent.fjai6-1.fna.fbcdn.net/v/t39.35426-6/709689409_3677139789101176_5574835693107185474_n.jpg?_nc_cat=105&ccb=1-7&_nc_sid=c53f8f&_nc_ohc=_D2TfjQ8kIgQ7kNvwHk2fi4&_nc_oc=Adpz26OeugjRZbXdzOliJBwg2nmw9xF10gxOT1cfqO6TuYB5u458OXp5EsAcCwTgizfLQNDzrfvJXjJ3yqwdLyZE&_nc_zt=14&_nc_ht=scontent.fjai6-1.fna&_nc_gid=Bny6311z9hWzXSMdjzj7BA&_nc_ss=7b289&oh=00_Af-hqTu-tDfod8KxMwOl_hQ-Wtg-7MmlhBvFcuQxmx4Yqw&oe=6A384585 | Resized: https://scontent.fjai6-1.fna.fbcdn.net/v/t39.35426-6/709226902_1315752970022620_2992588469899010633_n.jpg?stp=dst-jpg_s600x600_tt6&_nc_cat=107&ccb=1-7&_nc_sid=c53f8f&_nc_ohc=tjLw4hCvUdgQ7kNvwECzmlC&_nc_oc=Adrlw_ZlNgaOqCKcdyUNKXIYZcxh-SitysEiF_ioeDQRoEluiimPDZHSPjwfqlWjx_qPUPiCEA0L4hi6cag4yFoX&_nc_zt=14&_nc_ht=scontent.fjai6-1.fna&_nc_gid=Bny6311z9hWzXSMdjzj7BA&_nc_ss=7b289&oh=00_Af_1BAKfcceFkSdyp3A7u_zGZxRDx_aJ4lK4ggj-R5OLLg&oe=6A384484 || Original: https://scontent.fjai6-1.fna.fbcdn.net/v/t39.35426-6/708270969_1024244346697358_3238140597037456912_n.jpg?_nc_cat=100&ccb=1-7&_nc_sid=c53f8f&_nc_ohc=DLksaIs-39IQ7kNvwG4S6Jb&_nc_oc=AdqROP3K-G3vJOl4Ocx10koQSD2_zz3rBXntcQtgT--ErThQ5P706xBtcTVlWUNEYFag2IYCDWWOv73eQ8-q-9NY&_nc_zt=14&_nc_ht=scontent.fjai6-1.fna&_nc_gid=Bny6311z9hWzXSMdjzj7BA&_nc_ss=7b289&oh=00_Af86s3bXSdtpQKsxqT85erWTaPcz5So7943wdddoeusrXQ&oe=6A382F23 | Resized: https://scontent.fjai6-1.fna.fbcdn.net/v/t39.35426-6/708571399_2283777102426725_5513990191580835737_n.jpg?stp=dst-jpg_s600x600_tt6&_nc_cat=107&ccb=1-7&_nc_sid=c53f8f&_nc_ohc=pdpnoTwet-QQ7kNvwFn2IQ-&_nc_oc=AdrNuQPfiM81Zl13eo7tM8J7B7NTz--Ymk9wCN64E6K6qb5SbGv1jszJzk9dn8ED_4DLmf1FxcTUnuxw6eNi6SFs&_nc_zt=14&_nc_ht=scontent.fjai6-1.fna&_nc_gid=Bny6311z9hWzXSMdjzj7BA&_nc_ss=7b289&oh=00_Af9g5YjJTodqxHi8RkOEK23s5zZskK90aQCozkeRYquJkg&oe=6A385BB2 || Original: https://scontent.fjai6-1.fna.fbcdn.net/v/t39.35426-6/708595332_1510989440683108_6808290685761332633_n.jpg?_nc_cat=109&ccb=1-7&_nc_sid=c53f8f&_nc_ohc=2cYRm8iA16YQ7kNvwFSVHto&_nc_oc=Adpy7Y6_sx9HTdqvEzdwP5YZ5WcvXs2EeGjgwGef0gV5usltcaxoI5B3fjLT8JNryWRztpx5og6JO9irFwl07UwF&_nc_zt=14&_nc_ht=scontent.fjai6-1.fna&_nc_gid=Bny6311z9hWzXSMdjzj7BA&_nc_ss=7b289&oh=00_Af9wX6su9ksmpwTwb9-8hpat0tf2FZ8lWKNsa5WH9Y1fqQ&oe=6A385CD3 | Resized: https://scontent.fjai6-1.fna.fbcdn.net/v/t39.35426-6/707855741_1269070621698052_1863647594728880684_n.jpg?stp=dst-jpg_s600x600_tt6&_nc_cat=107&ccb=1-7&_nc_sid=c53f8f&_nc_ohc=RIF_8dUqSMgQ7kNvwFndln3&_nc_oc=Adrb5L5ey66oDrKF3Ti1i1ehIPI9_w6YjFii9qKOpqsU96i9quFwo1jgcYaC1UGO9hNpv6-AW83MvUowVQ3dFthk&_nc_zt=14&_nc_ht=scontent.fjai6-1.fna&_nc_gid=Bny6311z9hWzXSMdjzj7BA&_nc_ss=7b289&oh=00_Af-QJMqUW9meMdQLU4qJkduS2G0wamk7Jnx1Z_XAyEigAw&oe=6A384B91,
1008307168413399,https://www.facebook.com/61567938296933/,fb.me,https://www.facebook.com/61567938296933/,,,,,,,,,482329321625366,http://fb.me/,Luxury Residences,https://www.facebook.com/ads/library/?id=1008307168413399,"Kolkata's first sports republic situated in the heart of Rajarhat, 2/3 BHK High-Rise Apartments 𝐒𝐭𝐚𝐫𝐭𝐬 @56 𝐋𝐚𝐜𝐬*, having a dedicated clubhouse equipped with all modern amenities,

✔️ Prime 6 Lane Rajarhat Location
✔️ Sports-Inspired Living
✔️ Modern Amenities & Premium Finishes
✔️ WBHIRA Approved",993,Get quote,fb.me,"FACEBOOK; INSTAGRAM",2026-06-03,2026-06-16,,Original: https://scontent.fjai6-1.fna.fbcdn.net/v/t39.35426-6/710756295_967381666089594_1409167561756344361_n.jpg?_nc_cat=102&ccb=1-7&_nc_sid=c53f8f&_nc_ohc=TepoUQtewyYQ7kNvwFOWcI-&_nc_oc=AdqGU8NiA0qw7mTJxsybdULXioOyB7Y-NhdLQj8DdA_7etFATeWhyM7oOnLEj74zvrVUdbj_A2SKW_NBC6Mjqy3i&_nc_zt=14&_nc_ht=scontent.fjai6-1.fna&_nc_gid=Bny6311z9hWzXSMdjzj7BA&_nc_ss=7b289&oh=00_Af-6sIz74Mt6cQ-aQ0oyEvArMwHguA81sYaGxfkKAcD9Dg&oe=6A384CED | Resized: https://scontent.fjai6-1.fna.fbcdn.net/v/t39.35426-6/712644633_26956737370643364_1329447932880256727_n.jpg?stp=dst-jpg_s600x600_tt6&_nc_cat=103&ccb=1-7&_nc_sid=c53f8f&_nc_ohc=vxxlysMGwjwQ7kNvwHenLQX&_nc_oc=Adq-dcMP2LRoLTe4yBUOJxSrJjlSTi1su1LDThI3ogawomjc2rLe4p5bNsyqhQW4JavcBYRECaGt7pTj_Sn2h8ZW&_nc_zt=14&_nc_ht=scontent.fjai6-1.fna&_nc_gid=Bny6311z9hWzXSMdjzj7BA&_nc_ss=7b289&oh=00_Af8jWWYPzZDILUPpkHserdkIQlzdPs8Wi4LHkvl4UDUqvg&oe=6A38353C,,,,,,
2236844343387220,https://www.facebook.com/61567938296933/,fb.me,https://www.facebook.com/61567938296933/,,,,,,,,,482329321625366,http://fb.me/,Luxury Residences,https://www.facebook.com/ads/library/?id=2236844343387220,"Merlin Rise is Kolkata's first sports republic situated in the heart of Rajarhat, 2/3 BHK High-Rise Apartments 𝐒𝐭𝐚𝐫𝐭𝐬 @57 𝐋𝐚𝐜𝐬*, having a dedicated clubhouse equipped with all modern amenities,

✔️ Prime 6 Lane Rajarhat Location
✔️ Sports-Inspired Living
✔️ Modern Amenities & Premium Finishes
✔️ WBHIRA Approved",993,See details,fb.me,"FACEBOOK; INSTAGRAM",2026-06-04,2026-06-16,HD: https://video.fjai6-1.fna.fbcdn.net/o1/v/t2/f2/m366/AQMX-_ATMg0kCdUAg4yYRPlw-Rm2PiXnSkMoYHGMrfF3XkrPX8LWcv8QZof0ZEVOX6i-Bq9OP8dbzNppwS_ViNVYkaZ5aLwQpecJgS69H7dNvg.mp4?_nc_cat=101&_nc_oc=AdqBkB_Tsjdc8A9mWLTr-LCRXmEj-lL-1oj-6LNolm_uUottACFA-t59w5-PTmhEgha44DIVLaL4HM1aZJos3AC-&_nc_sid=b66105&_nc_ht=video.fjai6-1.fna.fbcdn.net&_nc_ohc=XmyWiYQBSrgQ7kNvwFZfYCm&efg=eyJ2ZW5jb2RlX3RhZyI6Inhwdl9wcm9ncmVzc2l2ZS5WSV9VU0VDQVNFX1BST0RVQ1RfVFlQRS4uQzMuNzIwLmRhc2hfaDI2NC1iYXNpYy1nZW4yXzcyMHAiLCJ4cHZfYXNzZXRfaWQiOjE1NDkzMTEzNDI4NTM2ODgsImFzc2V0X2FnZV9kYXlzIjoxNDAsInZpX3VzZWNhc2VfaWQiOjEwNzk5LCJkdXJhdGlvbl9zIjo3MCwidXJsZ2VuX3NvdXJjZSI6Ind3dyJ9&ccb=17-1&vs=bfe5e443302a503c&_nc_vs=HBksFQIYRWZiX2VwaGVtZXJhbC85QjRDQUEzOURFOUY0NjdENkZCMTMxMzRFREYzNUY4M19tdF8xX3ZpZGVvX2Rhc2hpbml0Lm1wNBUAAsgBEgAVAhhAZmJfcGVybWFuZW50L0Y2NERCRTRGNEY0MTBDOTQwOTM3RTIzNUVCM0U2OTk3X2F1ZGlvX2Rhc2hpbml0Lm1wNBUCAsgBEgAoABgAGwKIB3VzZV9vaWwBMRJwcm9ncmVzc2l2ZV9yZWNpcGUBMRUAACbw-OWD5cXABRUCKAJDMywXQFGgAAAAAAAYGWRhc2hfaDI2NC1iYXNpYy1nZW4yXzcyMHARAHUAZd6oAQA&_nc_gid=Bny6311z9hWzXSMdjzj7BA&_nc_ss=7b289&_nc_zt=28&oh=00_Af99duYbe2Hi_4jktLwTTLaoQwjPGY-pFUS7hzvwK1I6XA&oe=6A382FE3 | SD: https://video.fjai6-1.fna.fbcdn.net/o1/v/t2/f2/m412/AQNQYOSgLT5XiNUmmyZ_9Qn6KUyx51sUwhDGaSaIgqL2Y2sXF-TJF2LY8pb4igBLQYCIakh1o_J68ziY6PDV5raKudtR9ZuHewU67Ww_vQ.mp4?_nc_cat=104&_nc_oc=AdoFgrTLwNvFUTz8dTmDcMjZhUP_wcnvLDLRbXaCEOVSBXPNiaE2_DKIMxVUazUNVECclO5Vu2xzPj8_kMZn1UIA&_nc_sid=ef5aa3&_nc_ht=video.fjai6-1.fna.fbcdn.net&_nc_ohc=KfqUXvwJ-3UQ7kNvwHE44Tb&efg=eyJ2ZW5jb2RlX3RhZyI6Inhwdl9wcm9ncmVzc2l2ZS5WSV9VU0VDQVNFX1BST0RVQ1RfVFlQRS4uQzMuMzYwLnN2ZV9zZCIsInhwdl9hc3NldF9pZCI6MTU0OTMxMTM0Mjg1MzY4OCwiYXNzZXRfYWdlX2RheXMiOjE0MCwidmlfdXNlY2FzZV9pZCI6MTA3OTksImR1cmF0aW9uX3MiOjcwLCJ1cmxnZW5fc291cmNlIjoid3d3In0%3D&ccb=17-1&_nc_gid=Bny6311z9hWzXSMdjzj7BA&_nc_ss=7b289&_nc_zt=28&oh=00_Af-uHpzY3Rw1_PKlkp6DRc5fToY0cA05JeVW59ZinaF6uw&oe=6A383242 | Preview: https://scontent.fjai6-1.fna.fbcdn.net/v/t39.35426-6/710059371_27277844445238123_2732422479022286129_n.jpg?_nc_cat=106&ccb=1-7&_nc_sid=c53f8f&_nc_ohc=51ygkI1lRdgQ7kNvwEvDh9z&_nc_oc=Adpu2VoHx9ZbRhrzuArvOwhaUPnvpcOZI_HD-IR5ulih54wqTsh0f8xJL2QNZuH6tI34BSzFPjjgWJf4ajY6em_K&_nc_zt=14&_nc_ht=scontent.fjai6-1.fna&_nc_gid=Bny6311z9hWzXSMdjzj7BA&_nc_ss=7b289&oh=00_Af8ViX2RdAeJoc76B4EWKu69ZZC18WCBctw2xwICwaNwCQ&oe=6A3845B7,,,,,,,
1695622441483016,https://www.facebook.com/61579254856916/,fb.me,https://www.facebook.com/61579254856916/,,,,,+91 98994 56456,,,,761086880417442,http://fb.me/,Luxury Residencies Gurugram,https://www.facebook.com/ads/library/?id=1695622441483016,"DLF MOST ICONIC DEVELOPMENT
Golf Course Extension Road, Sector-63, Gurgaon
4BHK Luxury Apartments Starting ₹11CR*
✅New Tower is Launching Soon
✅Most Anticipated Launch of the year
✅85% green areas promote a serene, eco-friendly environment
✅Towers spaced 30 meters apart ensure stunning views and privacy
✅The Arbour is NCR's first Zone 5 building for premium living
✅One of the largest clubhouses at 1.25 lakh sq. ft. with amenities
✅Three high-speed elevators serve only 2 apartments for privacy
✅Each apartment includes 3 car parking spaces with EV charging
✅Backed by renowned consultants, including Arcop Associates as architect",,Get quote,fb.me,INSTAGRAM,2026-06-12,2026-06-16,,,"DLF MOST ICONIC DEVELOPMENT
Golf Course Extension Road, Sector-63, Gurgaon
4BHK Luxury Apartments Starting ₹11CR*
✅New Tower is Launching Soon
✅Most Anticipated Launch of the year
✅85% green areas promote a serene, eco-friendly environment
✅Towers spaced 30 meters apart ensure stunning views and privacy
✅The Arbour is NCR's first Zone 5 building for premium living
✅One of the largest clubhouses at 1.25 lakh sq. ft. with amenities
✅Three high-speed elevators serve only 2 apartments for privacy
✅Each apartment includes 3 car parking spaces with EV charging
✅Backed by renowned consultants, including Arcop Associates as architect || DLF MOST ICONIC DEVELOPMENT
Golf Course Extension Road, Sector-63, Gurgaon
4BHK Luxury Apartments Starting ₹11CR*
✅New Tower is Launching Soon
✅Most Anticipated Launch of the year
✅85% green areas promote a serene, eco-friendly environment
✅Towers spaced 30 meters apart ensure stunning views and privacy
✅The Arbour is NCR's first Zone 5 building for premium living
✅One of the largest clubhouses at 1.25 lakh sq. ft. with amenities
✅Three high-speed elevators serve only 2 apartments for privacy
✅Each apartment includes 3 car parking spaces with EV charging
✅Backed by renowned consultants, including Arcop Associates as architect",http://fb.me/ || http://fb.me/,,Get Quote || Get Quote,Original: https://scontent.fjai6-1.fna.fbcdn.net/v/t39.35426-6/720796579_1688408005740481_4880029126216571793_n.jpg?_nc_cat=106&ccb=1-7&_nc_sid=c53f8f&_nc_ohc=F8AH6w-fXWwQ7kNvwGnRRck&_nc_oc=Adq9v2SRByjsvREOdbBxIcGaH_A6IUIUSSmW-zRv6GifDzNiMWBYTxkvqGbmxjM6yMkK3k5HjXk8xxJttbG9RlEu&_nc_zt=14&_nc_ht=scontent.fjai6-1.fna&_nc_gid=Bny6311z9hWzXSMdjzj7BA&_nc_ss=7b289&oh=00_Af9-CxVk1Ob1nsKhsLdZFOAj0hj5VyK1lx37kVFfhAzdtQ&oe=6A383AE2 | Resized: https://scontent.fjai6-1.fna.fbcdn.net/v/t39.35426-6/721119852_1550740733115850_2065954495455784122_n.jpg?stp=dst-jpg_s600x600_tt6&_nc_cat=104&ccb=1-7&_nc_sid=c53f8f&_nc_ohc=Tb4uasIw_wEQ7kNvwFASDNu&_nc_oc=AdoWGoiQMHTWeKrOkHOH4PckG3aJJBOGXsHPNeWhe1hXhjBgTequ6QbprPkNY3aoLwQWxSep4gGnbDti4eAuoaoU&_nc_zt=14&_nc_ht=scontent.fjai6-1.fna&_nc_gid=Bny6311z9hWzXSMdjzj7BA&_nc_ss=7b289&oh=00_Af_pqON0xFCl4h_Wc2MGvf5NwPttrbtZIOvDEGTl4y_UsA&oe=6A38643D || Original: https://scontent.fjai6-1.fna.fbcdn.net/v/t39.35426-6/723713248_1546736143455910_2694822647356102170_n.jpg?_nc_cat=109&ccb=1-7&_nc_sid=c53f8f&_nc_ohc=INNyaVz5HRkQ7kNvwETC1El&_nc_oc=AdqiibcrU6Z7817m0IYbE_yXq-fjcB3_SRuBbmE-d1HxspVKa--C1qMCgyNNX4chWszDS0Yqvn852r2l5kYy_Ug_&_nc_zt=14&_nc_ht=scontent.fjai6-1.fna&_nc_gid=Bny6311z9hWzXSMdjzj7BA&_nc_ss=7b289&oh=00_Af91inMpxNhFo8l7DWP-IMyFo1NiaLCEDngHtA6vHJnKAA&oe=6A383F8C | Resized: https://scontent.fjai6-1.fna.fbcdn.net/v/t39.35426-6/721135955_1938382496881429_6946010251368355013_n.jpg?stp=dst-jpg_s600x600_tt6&_nc_cat=111&ccb=1-7&_nc_sid=c53f8f&_nc_ohc=M6mnYJjqxQAQ7kNvwEAdusz&_nc_oc=AdoWDGhnNEZ3VlyzZtEulhpXqMKynLPs55MgbepzaqO8ruoxWqy08AU30Feq-aiD41JUMBxYXSFCyOZljcFD-XCA&_nc_zt=14&_nc_ht=scontent.fjai6-1.fna&_nc_gid=Bny6311z9hWzXSMdjzj7BA&_nc_ss=7b289&oh=00_Af9wSoVegda1uMg_b3DwJ62TBtYePgPkViRtNXzTz6BXOA&oe=6A385A08,
958722800127847,https://www.facebook.com/61567938296933/,fb.me,https://www.facebook.com/61567938296933/,,,,,,,,,482329321625366,http://fb.me/,Luxury Residences,https://www.facebook.com/ads/library/?id=958722800127847,"Merlin Rise is Kolkata's first sports republic situated in the heart of Rajarhat, 2/3 BHK High-Rise Apartments 𝐒𝐭𝐚𝐫𝐭𝐬 @57 𝐋𝐚𝐜𝐬*, having a dedicated clubhouse equipped with all modern amenities,

✔️ Prime 6 Lane Rajarhat Location
✔️ Sports-Inspired Living
✔️ Modern Amenities & Premium Finishes
✔️ WBHIRA Approved",993,Get in touch,fb.me,"FACEBOOK; INSTAGRAM",2026-05-21,2026-06-16,HD: https://video.fjai6-1.fna.fbcdn.net/o1/v/t2/f2/m366/AQMX-_ATMg0kCdUAg4yYRPlw-Rm2PiXnSkMoYHGMrfF3XkrPX8LWcv8QZof0ZEVOX6i-Bq9OP8dbzNppwS_ViNVYkaZ5aLwQpecJgS69H7dNvg.mp4?_nc_cat=101&_nc_oc=AdqBkB_Tsjdc8A9mWLTr-LCRXmEj-lL-1oj-6LNolm_uUottACFA-t59w5-PTmhEgha44DIVLaL4HM1aZJos3AC-&_nc_sid=b66105&_nc_ht=video.fjai6-1.fna.fbcdn.net&_nc_ohc=XmyWiYQBSrgQ7kNvwFZfYCm&efg=eyJ2ZW5jb2RlX3RhZyI6Inhwdl9wcm9ncmVzc2l2ZS5WSV9VU0VDQVNFX1BST0RVQ1RfVFlQRS4uQzMuNzIwLmRhc2hfaDI2NC1iYXNpYy1nZW4yXzcyMHAiLCJ4cHZfYXNzZXRfaWQiOjE1NDkzMTEzNDI4NTM2ODgsImFzc2V0X2FnZV9kYXlzIjoxNDAsInZpX3VzZWNhc2VfaWQiOjEwNzk5LCJkdXJhdGlvbl9zIjo3MCwidXJsZ2VuX3NvdXJjZSI6Ind3dyJ9&ccb=17-1&vs=bfe5e443302a503c&_nc_vs=HBksFQIYRWZiX2VwaGVtZXJhbC85QjRDQUEzOURFOUY0NjdENkZCMTMxMzRFREYzNUY4M19tdF8xX3ZpZGVvX2Rhc2hpbml0Lm1wNBUAAsgBEgAVAhhAZmJfcGVybWFuZW50L0Y2NERCRTRGNEY0MTBDOTQwOTM3RTIzNUVCM0U2OTk3X2F1ZGlvX2Rhc2hpbml0Lm1wNBUCAsgBEgAoABgAGwKIB3VzZV9vaWwBMRJwcm9ncmVzc2l2ZV9yZWNpcGUBMRUAACbw-OWD5cXABRUCKAJDMywXQFGgAAAAAAAYGWRhc2hfaDI2NC1iYXNpYy1nZW4yXzcyMHARAHUAZd6oAQA&_nc_gid=Bny6311z9hWzXSMdjzj7BA&_nc_ss=7b289&_nc_zt=28&oh=00_Af99duYbe2Hi_4jktLwTTLaoQwjPGY-pFUS7hzvwK1I6XA&oe=6A382FE3 | SD: https://video.fjai6-1.fna.fbcdn.net/o1/v/t2/f2/m412/AQNQYOSgLT5XiNUmmyZ_9Qn6KUyx51sUwhDGaSaIgqL2Y2sXF-TJF2LY8pb4igBLQYCIakh1o_J68ziY6PDV5raKudtR9ZuHewU67Ww_vQ.mp4?_nc_cat=104&_nc_oc=AdoFgrTLwNvFUTz8dTmDcMjZhUP_wcnvLDLRbXaCEOVSBXPNiaE2_DKIMxVUazUNVECclO5Vu2xzPj8_kMZn1UIA&_nc_sid=ef5aa3&_nc_ht=video.fjai6-1.fna.fbcdn.net&_nc_ohc=KfqUXvwJ-3UQ7kNvwHE44Tb&efg=eyJ2ZW5jb2RlX3RhZyI6Inhwdl9wcm9ncmVzc2l2ZS5WSV9VU0VDQVNFX1BST0RVQ1RfVFlQRS4uQzMuMzYwLnN2ZV9zZCIsInhwdl9hc3NldF9pZCI6MTU0OTMxMTM0Mjg1MzY4OCwiYXNzZXRfYWdlX2RheXMiOjE0MCwidmlfdXNlY2FzZV9pZCI6MTA3OTksImR1cmF0aW9uX3MiOjcwLCJ1cmxnZW5fc291cmNlIjoid3d3In0%3D&ccb=17-1&_nc_gid=Bny6311z9hWzXSMdjzj7BA&_nc_ss=7b289&_nc_zt=28&oh=00_Af-uHpzY3Rw1_PKlkp6DRc5fToY0cA05JeVW59ZinaF6uw&oe=6A383242 | Preview: https://scontent.fjai6-1.fna.fbcdn.net/v/t39.35426-6/698968383_950220274481699_5622911115306912358_n.jpg?_nc_cat=106&ccb=1-7&_nc_sid=c53f8f&_nc_ohc=cH2y32J0xkQQ7kNvwHzkTk2&_nc_oc=AdqJ-eHnc16ucWDSDEjHsTHbUrLzi3gZ4BXkMZJkTuPRKe-sj5RAgqI1G8arQWn9rIzr4FhE4mg8RDWFzgzMeFFw&_nc_zt=14&_nc_ht=scontent.fjai6-1.fna&_nc_gid=Bny6311z9hWzXSMdjzj7BA&_nc_ss=7b289&oh=00_Af9Lmm9grblXJWBIKLY4YYPBDxKyOTs5qpkyOPx8agStOQ&oe=6A38394E,,,,,,,
27026629367007975,https://www.facebook.com/61568700103325/,instagram.com,https://www.facebook.com/61568700103325/,http://instagram.com/thecrownbhavnagar,,,thecrownbhavnagar@gmail.com,,,,,1154954987690255,http://instagram.com/thecrownbhavnagar,Thecrownbhavnagar,https://www.facebook.com/ads/library/?id=27026629367007975,"Discover a lifestyle where modern architecture meets nature’s serenity at The Crown. Experience premium living with unmatched connectivity, elegant spaces, and a vibrant community designed for your future.

#LuxuryLiving #TheCrownResidences #PremiumApartments #AhmedabadRealEstate #ModernLifestyle

[Luxury Apartments Ahmedabad, Premium Residential Project, Modern Living Spaces, Real Estate Investment, High Rise Apartments]",6,Visit Instagram profile,instagram.com,"FACEBOOK; INSTAGRAM",2026-06-05,2026-06-16,,Original: https://scontent.fjai6-1.fna.fbcdn.net/v/t39.35426-6/714949220_1485689643301563_4129397814767307644_n.jpg?_nc_cat=102&ccb=1-7&_nc_sid=c53f8f&_nc_ohc=Otd8HNAME0AQ7kNvwG2I6PZ&_nc_oc=Adozk_g3RIbDe42RP3UDTpjIaNfluXvRscUum_bCmUg4umEfpx-feFeHrGqUXSj1ho8a7y1IelcLpb_bkePxo84W&_nc_zt=14&_nc_ht=scontent.fjai6-1.fna&_nc_gid=X-fJVbjV2KnFJdy9RiaTHQ&_nc_ss=7b289&oh=00_Af_LQ6WIeaAlQ1jve2KL3jSpG9md_AWRESh-FHFYo4snOQ&oe=6A385768 | Resized: https://scontent.fjai6-1.fna.fbcdn.net/v/t39.35426-6/712468355_1234228251976409_2079369018417413708_n.jpg?stp=dst-jpg_s600x600_tt6&_nc_cat=105&ccb=1-7&_nc_sid=c53f8f&_nc_ohc=6DE23l1fYBIQ7kNvwEArqEG&_nc_oc=AdocaaXj9VSDdRXsehVbsUOIRW-BDCXnoT_dfi4XNu-4w3uN0Rfj_YAh9GH9CkeDQAjTt1PSuVNKfhsNzcfjJaDD&_nc_zt=14&_nc_ht=scontent.fjai6-1.fna&_nc_gid=X-fJVbjV2KnFJdy9RiaTHQ&_nc_ss=7b289&oh=00_Af9GsuqXpHhBYaz9xEzwnBOuwN-JPCRrbfntt2Yq-o0hPA&oe=6A38462E,,,,,,
992025813410515,https://www.facebook.com/nitinwiregroup/,api.whatsapp.com,https://www.facebook.com/nitinwiregroup/,,,,sales@nitinwiregroup.com,+91 91591 43131,,,,130142827053499,https://api.whatsapp.com/send,Nitin Wire Group,https://www.facebook.com/ads/library/?id=992025813410515,"Tired of pigeons invading your balcony? Worried about child safety at home?

NITIN® Invisible Grille solutions are designed for High-Rise Apartments, School & College Campuses, and modern buildings that require safety, open visibility, and a clean architectural finish.

Smart protection backed by 50 years of expertise.

Get a Free Quote for Your Project Today.",2926,Send WhatsApp message,WhatsApp,"FACEBOOK; INSTAGRAM; AUDIENCE_NETWORK; MESSENGER; WHATSAPP",2026-06-11,2026-06-16,,Original: https://scontent.fjai6-1.fna.fbcdn.net/v/t39.35426-6/707421493_1711687583296677_2916451932949803978_n.jpg?_nc_cat=100&ccb=1-7&_nc_sid=c53f8f&_nc_ohc=NlaoRCY82xQQ7kNvwFNg5td&_nc_oc=AdpBrToqwhq6Pd3QycRBUSWXN5d0DCPxgcAGnULULcU8GA99gzE9v1UWLV0AGK8MJCovv7DIEf_lWgj3y_tznBBp&_nc_zt=14&_nc_ht=scontent.fjai6-1.fna&_nc_gid=X-fJVbjV2KnFJdy9RiaTHQ&_nc_ss=7b289&oh=00_Af-f-tXkt97GoojTSmrwU_IG49s3TwT1vLQWynVArPQA-g&oe=6A3857C7 | Resized: https://scontent.fjai6-1.fna.fbcdn.net/v/t39.35426-6/707446961_873498875087268_3720829549923490544_n.jpg?stp=dst-jpg_s600x600_tt6&_nc_cat=109&ccb=1-7&_nc_sid=c53f8f&_nc_ohc=wkAs1ajYYecQ7kNvwHHhSDo&_nc_oc=AdookQS_kxNJAB8Ewcwc3kvMC07Kp8xsDpK6G68tesN7Yqc5FSPDUTMzMdVc07oYyOtfP7cyAc227aVoZ-jB4OJR&_nc_zt=14&_nc_ht=scontent.fjai6-1.fna&_nc_gid=X-fJVbjV2KnFJdy9RiaTHQ&_nc_ss=7b289&oh=00_Af9cOSeoGiAQCzoWei8sWJZXn3tl1IKWE56seEePo_3vPA&oe=6A383ED7,,,,,,
976949718284442,https://www.facebook.com/dion.skywalk/,,https://www.facebook.com/dion.skywalk/,,,,,+91 96921 41444,,,,111668221817439,,Dion SKY WALK,https://www.facebook.com/ads/library/?id=976949718284442,"We aren't just focusing on delivering another tall building; we are committed to constructing a safe, durable legacy for your family. Our foundation is built on three uncompromising pillars: world-class engineering, structural discipline, and long-term safety. From high-quality construction materials to an elevated waterfront view, your peace of mind is our priority.

When you choose a home, you choose a foundation for generations. Experience the difference of architectural integrity. 

#DionSkywalk #StructuralExcellence #CuttackHighrise #OdishaRealEstate #SafeLiving",10539,,,"FACEBOOK; INSTAGRAM; THREADS",2026-06-09,2026-06-17,HD: https://video.fjai6-1.fna.fbcdn.net/o1/v/t2/f2/m366/AQP0MVIuvsfiDHTvxEpdywrSEcy10uRa8rZ2aC9oedVMhu0rwxQI4OvA7BABH5_z7z1lfBBr7Yi-GYoE7agK9mfx-K7Y4Y3PTXJmjUrwwpaX2w.mp4?_nc_cat=107&_nc_oc=AdrlYncfh6KkXm2QvaeIx8Im4dsOt2DdfYZRNl2S66gOxdWKVToC_K4gbR_3T8Z4wpyvz8gEV1J85vHiyuUV7hBE&_nc_sid=b66105&_nc_ht=video.fjai6-1.fna.fbcdn.net&_nc_ohc=VsRMiZ4d6TIQ7kNvwHGwJzt&efg=eyJ2ZW5jb2RlX3RhZyI6Inhwdl9wcm9ncmVzc2l2ZS5WSV9VU0VDQVNFX1BST0RVQ1RfVFlQRS4uQzMuNzIwLmRhc2hfaDI2NC1iYXNpYy1nZW4yXzcyMHAiLCJ4cHZfYXNzZXRfaWQiOjMzOTYwMzc3NTM5Mjk4NzMsImFzc2V0X2FnZV9kYXlzIjoyMSwidmlfdXNlY2FzZV9pZCI6MTAxMjIsImR1cmF0aW9uX3MiOjMxLCJ1cmxnZW5fc291cmNlIjoid3d3In0%3D&ccb=17-1&vs=a4845c46f967ceb9&_nc_vs=HBksFQIYRWZiX2VwaGVtZXJhbC9FNjRERTdCMDdDMUY2NDZDQUY5RUQ5QjY1MEYyNTJBMF9tdF8xX3ZpZGVvX2Rhc2hpbml0Lm1wNBUAAsgBEgAVAhhAZmJfcGVybWFuZW50L0FGNEJENzRFMTFBODg1MDEwRTEzMTcwMjU4RkM1RTg4X2F1ZGlvX2Rhc2hpbml0Lm1wNBUCAsgBEgAoABgAGwKIB3VzZV9vaWwBMRJwcm9ncmVzc2l2ZV9yZWNpcGUBMRUAACaigrz_tKuIDBUCKAJDMywXQD9cKPXCj1wYGWRhc2hfaDI2NC1iYXNpYy1nZW4yXzcyMHARAHUAZZSeAQA&_nc_gid=X-fJVbjV2KnFJdy9RiaTHQ&_nc_ss=7b289&_nc_zt=28&oh=00_Af-kku_1e4ceTcGTSDzpbT9nDn9CslKMO6YF6DCGPV5BpA&oe=6A385E15 | SD: https://video.fjai6-1.fna.fbcdn.net/o1/v/t2/f2/m412/AQMC1QjB8_eKaDEXPCWfMeET9zOW2YyqdlvvcqYu7aKDz7H6vKmycpXpzmVRCfdVXwNyisbtVJ3hv0b72LP0AbS4mKUty9rfDPXRW4snBw.mp4?_nc_cat=106&_nc_oc=AdpG1q4zdUfeCj8b1Nq7CdCRG0PCvjUS4LeZ9AkJfUuWPNHLfpd9pj45U8OC-sjIJPdbdczoiOFOBErc7DNN_5I9&_nc_sid=ef5aa3&_nc_ht=video.fjai6-1.fna.fbcdn.net&_nc_ohc=Wr3c32E5ARMQ7kNvwHg3P3s&efg=eyJ2ZW5jb2RlX3RhZyI6Inhwdl9wcm9ncmVzc2l2ZS5WSV9VU0VDQVNFX1BST0RVQ1RfVFlQRS4uQzMuMzYwLnN2ZV9zZCIsInhwdl9hc3NldF9pZCI6MzM5NjAzNzc1MzkyOTg3MywiYXNzZXRfYWdlX2RheXMiOjIxLCJ2aV91c2VjYXNlX2lkIjoxMDEyMiwiZHVyYXRpb25fcyI6MzEsInVybGdlbl9zb3VyY2UiOiJ3d3cifQ%3D%3D&ccb=17-1&_nc_gid=X-fJVbjV2KnFJdy9RiaTHQ&_nc_ss=7b289&_nc_zt=28&oh=00_Af8xLScmOClTlnqxFd79eG7x0d8ndOLrX6ziIr4TY-KXsQ&oe=6A384D54 | Preview: https://scontent.fjai6-1.fna.fbcdn.net/v/t39.35426-6/719188179_1564700905272290_2073558883113087812_n.jpg?_nc_cat=108&ccb=1-7&_nc_sid=c53f8f&_nc_ohc=ACqLkT9DTDsQ7kNvwE_a8a8&_nc_oc=AdonOZ6ESeAzklsoeDF0DZ_v1uyeItLX7QtRek-ly9pSrLzIR-4sh04Nr9ySED1vL_i9smsBhivv0wq9nxDTbetV&_nc_zt=14&_nc_ht=scontent.fjai6-1.fna&_nc_gid=X-fJVbjV2KnFJdy9RiaTHQ&_nc_ss=7b289&oh=00_Af_o8ANvRqMl8VMw6lp-vU_uLpjC_YNHKfZL2VVFX39Fxw&oe=6A386451,,,,,,,
1339047494828012,https://www.facebook.com/61587243453123/,fb.me,https://www.facebook.com/61587243453123/,,,,zindalrahul@gmail.com,+91 97119 11661,,,,1022942697558212,http://fb.me/,Faridabad High Rise  Apartments,https://www.facebook.com/ads/library/?id=1339047494828012,"₹1.55 Cr+ | Mansha Floors, Sector 104, Faridabad

Top Floor Available.

3 & 4 BHK Independent Floors with Lift & Stilt Parking.

Get current availability and pricing details.",186,Learn more,fb.me,FACEBOOK,2026-06-12,2026-06-16,,Original: https://scontent.fjai6-1.fna.fbcdn.net/v/t39.35426-6/723257052_1348262757368450_2186585534121821180_n.jpg?_nc_cat=106&ccb=1-7&_nc_sid=c53f8f&_nc_ohc=0BVa2IOROecQ7kNvwHR-2si&_nc_oc=AdrwOaGh3mByLiiDkgjWGK7AWK0RI9QPdyZp4ie5n8uNmLKj3VF4cB0d5j2vr0LCoygmWvkGwK5Y0njaSlqB6sEf&_nc_zt=14&_nc_ht=scontent.fjai6-1.fna&_nc_gid=X-fJVbjV2KnFJdy9RiaTHQ&_nc_ss=7b289&oh=00_Af-9jrbfBSo_MhsLizu6aMFJNV9ybQOq2FzusJj8u_Hf-Q&oe=6A383D68 | Resized: https://scontent.fjai6-1.fna.fbcdn.net/v/t39.35426-6/719993214_1362571916018652_1042313040127161332_n.jpg?stp=dst-jpg_s600x600_tt6&_nc_cat=110&ccb=1-7&_nc_sid=c53f8f&_nc_ohc=AjoQ5OklQQYQ7kNvwHg3wDf&_nc_oc=AdoOZjUPQ7QW9E3ZZ-KEZQEQNjPKyRHQSe19AI0JbGCFNIGH5UcE7T9eSu3f6rKD0UH4X-thrXAWkDTesqRyeqeT&_nc_zt=14&_nc_ht=scontent.fjai6-1.fna&_nc_gid=X-fJVbjV2KnFJdy9RiaTHQ&_nc_ss=7b289&oh=00_Af8aTTuq-U9ZYDYelWdBVTSgEi1N3Nik7UiTLKHufRbA5A&oe=6A384F32,,,,,,
1128225762825193,https://www.facebook.com/finikelithium/,api.whatsapp.com,https://www.facebook.com/finikelithium/,,,,finikelithium@gmail.com,+91 97780 44000,,,,107267219053838,https://api.whatsapp.com/send,Finike Lithium,https://www.facebook.com/ads/library/?id=1128225762825193,"Tricity residents, tired of paying ₹20/unit on society sub-meters? 
Switch and enjoy clean backup electricity at just ₹5/unit - save ₹2,000-₹3,000/month!
No DG/Generator charges • Cancel your sub-meter & pay only for what you use
ROI in 1-2 years • Perfect for Mohali • Panchkula • Zirakpur • Kharar
Tap below to WhatsApp - get price, model & installation details instantly!",1266,Send WhatsApp message,api.whatsapp.com,"FACEBOOK; INSTAGRAM; AUDIENCE_NETWORK; MESSENGER; WHATSAPP",2026-05-02,2026-06-16,HD: https://video.fjai6-1.fna.fbcdn.net/o1/v/t2/f2/m366/AQMMckegHUbjXgy5wioYvTNY9XSHRLhrnlMX8Cvt-L8W8QS94Z0_QZQxzf7anGFRUwkZroC7RSUNECSM3HEMlRpz4w5otocNzvF1uH3B6VhfUw.mp4?_nc_cat=110&_nc_oc=AdqMTMPD2hN583WdfmSi9ocyxIvZo6aaddg-psJ1HLRi95VRtLUnPTFvgM_8bij1xFej8afH76G6siWtJqJK8red&_nc_sid=b66105&_nc_ht=video.fjai6-1.fna.fbcdn.net&_nc_ohc=Bcrw1anmrU8Q7kNvwEHSS9b&efg=eyJ2ZW5jb2RlX3RhZyI6Inhwdl9wcm9ncmVzc2l2ZS5WSV9VU0VDQVNFX1BST0RVQ1RfVFlQRS4uQzMuNzIwLmRhc2hfaDI2NC1iYXNpYy1nZW4yXzcyMHAiLCJ4cHZfYXNzZXRfaWQiOjg0NzU3NjkwODE5OTg4NCwiYXNzZXRfYWdlX2RheXMiOjE5MCwidmlfdXNlY2FzZV9pZCI6MTA3OTksImR1cmF0aW9uX3MiOjgzLCJ1cmxnZW5fc291cmNlIjoid3d3In0%3D&ccb=17-1&vs=be5e1c4a57aeb961&_nc_vs=HBksFQIYRWZiX2VwaGVtZXJhbC8yMjRERjdCQzIxMjgwRkExQUY4OUQ4ODA5Qjk5NDQ5Ml9tdF8xX3ZpZGVvX2Rhc2hpbml0Lm1wNBUAAsgBEgAVAhhAZmJfcGVybWFuZW50LzUyNEVBMDJGQkJBQTFBNDI3RjA1MTcxNEU1MDAzMjhFX2F1ZGlvX2Rhc2hpbml0Lm1wNBUCAsgBEgAoABgAGwKIB3VzZV9vaWwBMRJwcm9ncmVzc2l2ZV9yZWNpcGUBMRUAACaY38OIvLeBAxUCKAJDMywXQFTFT987ZFoYGWRhc2hfaDI2NC1iYXNpYy1nZW4yXzcyMHARAHUAZd6oAQA&_nc_gid=X-fJVbjV2KnFJdy9RiaTHQ&_nc_ss=7b289&_nc_zt=28&oh=00_Af-2zfKkloQyZ2zPXz_rwaxX8li-5_v2Sv113j1uimocRA&oe=6A383A42 | SD: https://video.fjai6-1.fna.fbcdn.net/o1/v/t2/f2/m412/AQNuro_pVavkwHojfvHtCfBbuj1kVi4nSWwg1tBKsIo6zQb314MGFeD5GkSbcno2s8V789T3e3IuKXUxf4NhLp8xyfuOisQh5Q4fVhuwJQ.mp4?_nc_cat=100&_nc_oc=AdqAIG6dfo5eNtFTIdr9pi_5QOcyhA-ypITQZtiY6Jy9YNvsUfk7_WpiMXRaSBgRZB2eEBUteaz5eubwcQiECPzy&_nc_sid=ef5aa3&_nc_ht=video.fjai6-1.fna.fbcdn.net&_nc_ohc=LrJOB-hToykQ7kNvwHQawDg&efg=eyJ2ZW5jb2RlX3RhZyI6Inhwdl9wcm9ncmVzc2l2ZS5WSV9VU0VDQVNFX1BST0RVQ1RfVFlQRS4uQzMuMzYwLnN2ZV9zZCIsInhwdl9hc3NldF9pZCI6ODQ3NTc2OTA4MTk5ODg0LCJhc3NldF9hZ2VfZGF5cyI6MTkwLCJ2aV91c2VjYXNlX2lkIjoxMDc5OSwiZHVyYXRpb25fcyI6ODMsInVybGdlbl9zb3VyY2UiOiJ3d3cifQ%3D%3D&ccb=17-1&_nc_gid=X-fJVbjV2KnFJdy9RiaTHQ&_nc_ss=7b289&_nc_zt=28&oh=00_Af-m_VkzywXuEl8YdLWom5-Nvc1pgM-8hWH3Pt73dzoAdQ&oe=6A383806 | Preview: https://scontent.fjai6-1.fna.fbcdn.net/v/t39.35426-6/637560591_906217818483464_7896178239241667154_n.jpg?_nc_cat=101&ccb=1-7&_nc_sid=c53f8f&_nc_ohc=Et-pUCRQWOEQ7kNvwHpS-M_&_nc_oc=Adqua3U75-42VPPoJhzIKDKAOKrXSw5UPTdBUTpkEgP_sZ-rHByZPhOytVuiz93fIWoFPP1lOPBVtiDMWAxsBSE8&_nc_zt=14&_nc_ht=scontent.fjai6-1.fna&_nc_gid=X-fJVbjV2KnFJdy9RiaTHQ&_nc_ss=7b289&oh=00_Af97ChrWCmy0CqFStrKOchkhoSVITDZcU53yqZueC-jdgA&oe=6A38589B,,,,,,,
1522216926119655,https://www.facebook.com/romagroupvaranasi/,instagram.com,https://www.facebook.com/romagroupvaranasi/,http://instagram.com/roma_buildersvns,,,romabuildersvns@gmail.com,+91 98323 98323,,,,301365816981067,http://instagram.com/roma_buildersvns,ROMA GROUP,https://www.facebook.com/ads/library/?id=1522216926119655,"शादी की तैयारियाँ पूरी हो गईं? अब समय है अपने सपनों के घर की शुरुआत करने का! 💙

हर महीने 𝗥𝗲𝗻𝘁 देने की बजाय, उसी बजट में अपने घर की 𝗘𝗠𝗜 देकर अपने भविष्य में निवेश करें। 
𝗥𝗼𝗺𝗮 𝗘𝗻𝘁𝗲𝗿𝘁𝗮𝗶𝗻𝗺𝗲𝗻𝘁 𝗖𝗶𝘁𝘆 लेकर आया है 𝗘𝗮𝘀𝘁𝗲𝗿𝗻 𝗨𝘁𝘁𝗮𝗿 𝗣𝗿𝗮𝗱𝗲𝘀𝗵 का 𝗧𝗮𝗹𝗹𝗲𝘀𝘁 𝗥𝗲𝘀𝗶𝗱𝗲𝗻𝘁𝗶𝗮𝗹 𝗣𝗿𝗼𝗷𝗲𝗰𝘁, जहाँ आपको मिलेगा 𝗟𝘂𝘅𝘂𝗿𝘆 𝗟𝗶𝘃𝗶𝗻𝗴, 𝗣𝗿𝗲𝗺𝗶𝘂𝗺 𝗟𝗶𝗳𝗲𝘀𝘁𝘆𝗹𝗲 और 𝗠𝗼𝗱𝗲𝗿𝗻 𝗔𝗺𝗲𝗻𝗶𝘁𝗶𝗲𝘀 का बेहतरीन अनुभव। 🌿🏙️

✅ Delhi-Kolkata Highway Connectivity
✅ 100+ World-Class Amenities
✅ Premium High-Rise Apartments
✅ Rooftop Swimming Pool
✅ Landscaped Gardens & Open Spaces
✅ Schools, Colleges & Hospitals Nearby
✅ Perfect Location for Family Living
✅ Smart Investment with High Growth Potential

अपने परिवार को दें एक सुरक्षित, आधुनिक और शानदार जीवनशैली, जहाँ हर दिन हो Comfort, Convenience और Luxury से भरपूर। ✨
.
.
𝗥𝗼𝗺𝗮 𝗕𝘂𝗶𝗹𝗱𝗲𝗿𝘀 & 𝗣𝗿𝗼𝗺𝗼𝘁𝗲𝗿𝘀 𝗣𝘃𝘁 𝗟𝘁𝗱 - 𝗠𝗼𝘀𝘁 𝗧𝗿𝘂𝘀𝘁𝗲𝗱
𝗥𝗲𝗮𝗹 𝗘𝘀𝘁𝗮𝘁𝗲 𝗕𝗿𝗮𝗻𝗱 𝗢𝗳 𝗘𝗮𝘀𝘁𝗲𝗿𝗻 𝗨𝘁𝘁𝗮𝗿 𝗣𝗿𝗮𝗱𝗲𝘀𝗵.
📍𝗦𝗶𝘁𝗲 𝗔𝗱𝗱𝗿𝗲𝘀𝘀: 𝗡𝗲𝗮𝗿 𝗔𝗺𝗿𝗮 𝗖𝗿𝗼𝘀𝘀𝗶𝗻𝗴, 𝗔𝗱𝗷𝗮𝗰𝗲𝗻𝘁 𝘁𝗼 𝗗.𝗣.𝗦 𝗩𝗮𝗿𝗮𝗻𝗮𝘀𝗶

Helpline - 9832398323
Email : romabuildersvns@gmail.com

𝐒𝐮𝐛𝐬𝐜𝐫𝐢𝐛𝐞 𝐔𝐬 𝐎𝐧 𝐘𝐨𝐮𝐭𝐮𝐛𝐞: https://www.youtube.com/
@romabuildersVaranasi
.
.
.
.
.
.
.
.
.
.
.
.
.
[Luxury Apartments Varanasi, Premium Flats in Varanasi, Residential Project Varanasi, High Rise Apartments, Dream Home, Modern Lifestyle, Best Real Estate Investment, Family Apartments, Smart Investment, New Launch Property, Premium Housing, Roma Entertainment City, Affordable EMI Homes, Luxury Living, Varanasi Real Estate]

#RomaEntertainmentCity #RomaBuilders #LuxuryLiving #DreamHome #VaranasiRealEstate",10438,Visit Instagram profile,instagram.com,INSTAGRAM,2026-06-15,2026-06-16,HD: https://video.fjai6-1.fna.fbcdn.net/o1/v/t2/f2/m367/AQOqoyOoUNwsZTr-J5-KaFCmrm5AsHT9WdVlIOxpdsGfHHu7bJ1Yiw2RD9lQzlvrgCnlBtLU4YlE2bwZJUDIuKYP7E-SJ6PuXxmdp_8eWQ.mp4?_nc_cat=111&_nc_oc=AdrY1Qai6PGo-1p6A4UqF8wAdZPNan1EzOUZWmImFAVlYyGgtn4zGjG3RUJ3ITEBO5u3-oRRkqZMEqtxcvtOV5vA&_nc_sid=ef5aa3&_nc_ht=video.fjai6-1.fna.fbcdn.net&_nc_ohc=SJ_Wn05Cl9AQ7kNvwHAjD2I&efg=eyJ2ZW5jb2RlX3RhZyI6Inhwdl9wcm9ncmVzc2l2ZS5WSV9VU0VDQVNFX1BST0RVQ1RfVFlQRS4uQzMuNzIwLnByb2dyZXNzaXZlX2gyNjQtYmFzaWMtZ2VuMl83MjBwIiwieHB2X2Fzc2V0X2lkIjoxODA5NTQyOTIxNjE4ODg5MSwiYXNzZXRfYWdlX2RheXMiOjUsInZpX3VzZWNhc2VfaWQiOjEwMDk5LCJkdXJhdGlvbl9zIjo1NSwidXJsZ2VuX3NvdXJjZSI6Ind3dyJ9&ccb=17-1&_nc_gid=X-fJVbjV2KnFJdy9RiaTHQ&_nc_ss=7b289&_nc_zt=28&oh=00_Af_MVwH7NWOc25WxuOkgFOtU4lFXQAusa3PX69HgFGtB9Q&oe=6A383C4F | SD: https://video.fjai6-1.fna.fbcdn.net/o1/v/t2/f2/m367/AQPbwr0aizuW6smT3i9bIJ9XKpio54izWSot1DbWpt9Cs4uQLmtQLSWue_pa-Grht6AqfdMGVuPTrYGG4gTHXr8QbamQ3VSKrFrkQ3Cw9w.mp4?_nc_cat=105&_nc_oc=AdqmYWCdOwRxxgnPRIA3OiWnGx5-66P15qDmQNBfDNjp_P1sR6G41y_d0HxESRC1-RGHijW-0hix5skhzFTvhKpn&_nc_sid=ef5aa3&_nc_ht=video.fjai6-1.fna.fbcdn.net&_nc_ohc=nz7HQJVAK6sQ7kNvwH6zpn0&efg=eyJ2ZW5jb2RlX3RhZyI6Inhwdl9wcm9ncmVzc2l2ZS5WSV9VU0VDQVNFX1BST0RVQ1RfVFlQRS4uQzMuMzYwLnByb2dyZXNzaXZlX2gyNjQtYmFzaWMtZ2VuMl8zNjBwIiwieHB2X2Fzc2V0X2lkIjoxODA5NTQyOTIxNjE4ODg5MSwiYXNzZXRfYWdlX2RheXMiOjUsInZpX3VzZWNhc2VfaWQiOjEwMDk5LCJkdXJhdGlvbl9zIjo1NSwidXJsZ2VuX3NvdXJjZSI6Ind3dyJ9&ccb=17-1&_nc_gid=X-fJVbjV2KnFJdy9RiaTHQ&_nc_ss=7b289&_nc_zt=28&oh=00_Af8cLy4iHPU8ZBlcTSByJceRPCecfCYkq3zoe8vMTzeX3Q&oe=6A383249 | Preview: https://scontent.fjai6-1.fna.fbcdn.net/v/t39.35426-6/722935237_1549374400157710_7005781770116484074_n.jpg?_nc_cat=109&ccb=1-7&_nc_sid=c53f8f&_nc_ohc=VslVQEvYDDIQ7kNvwGa3wdQ&_nc_oc=AdqfoRpHr8gK9eVqA7aI7-EYBwyxXowCjixlm3p5L4Zkmavw7gRnx0zVzUUeM5apcKV8jxtk19Ut0aiXfkjtNX0Y&_nc_zt=14&_nc_ht=scontent.fjai6-1.fna&_nc_gid=X-fJVbjV2KnFJdy9RiaTHQ&_nc_ss=7b289&oh=00_Af8jFvvjO498Ixx-6R9fQVyXxQ_EA9l4VNeyeeF7CaDDjw&oe=6A384CC3,,,,,,,
1917673292254038,https://www.facebook.com/jbassetspvtltd/,fb.me,https://www.facebook.com/jbassetspvtltd/,,,,jbassetspvtltd@gmail.com,+91 73776 66000,,,,104894602658197,http://fb.me/,JB Assets Pvt Ltd,https://www.facebook.com/ads/library/?id=1917673292254038,"🌿 Welcome to ESPACIO -Where Nature Meets Modern Living! 🏙️

Experience a premium lifestyle with spacious 3 BHK apartments designed for comfort, elegance, and peaceful living.

✨ Project Highlights:

🏢 Premium High-Rise Apartments
🛏️ Spacious 3 BHK Homes
🌳 Green Surroundings & Open Spaces
🍃 Fresh Air & Nature-Friendly Environment
👨‍👩‍👧‍👦 Perfect for a Healthy & Peaceful Family Life

Developed by Krishti Premier Pvt. Ltd., ESPACIO offers the perfect balance of modern amenities and natural beauty, creating a home where every day feels refreshing.

🌱 Live Higher. Live Greener. Live Better.

📞 Book Your Dream Home Today!Call Us 7992999000",2629,Book now,fb.me,"FACEBOOK; INSTAGRAM; AUDIENCE_NETWORK",2026-06-15,2026-06-16,,,"🌿 Welcome to ESPACIO -Where Nature Meets Modern Living! 🏙️

Experience a premium lifestyle with spacious 3 BHK apartments designed for comfort, elegance, and peaceful living.

✨ Project Highlights:

🏢 Premium High-Rise Apartments
🛏️ Spacious 3 BHK Homes
🌳 Green Surroundings & Open Spaces
🍃 Fresh Air & Nature-Friendly Environment
👨‍👩‍👧‍👦 Perfect for a Healthy & Peaceful Family Life

Developed by Krishti Premier Pvt. Ltd., ESPACIO offers the perfect balance of modern amenities and natural beauty, creating a home where every day feels refreshing.

🌱 Live Higher. Live Greener. Live Better.

📞 Book Your Dream Home Today!Call Us 7992999000 || 🌿 Welcome to ESPACIO -Where Nature Meets Modern Living! 🏙️

Experience a premium lifestyle with spacious 3 BHK apartments designed for comfort, elegance, and peaceful living.

✨ Project Highlights:

🏢 Premium High-Rise Apartments
🛏️ Spacious 3 BHK Homes
🌳 Green Surroundings & Open Spaces
🍃 Fresh Air & Nature-Friendly Environment
👨‍👩‍👧‍👦 Perfect for a Healthy & Peaceful Family Life

Developed by Krishti Premier Pvt. Ltd., ESPACIO offers the perfect balance of modern amenities and natural beauty, creating a home where every day feels refreshing.

🌱 Live Higher. Live Greener. Live Better.

📞 Book Your Dream Home Today!Call Us 7992999000",http://fb.me/ || http://fb.me/,,Book Now || Book Now,Original: https://scontent.fjai6-1.fna.fbcdn.net/v/t39.35426-6/723675052_1006600305503232_1798280598355870900_n.jpg?_nc_cat=111&ccb=1-7&_nc_sid=c53f8f&_nc_ohc=zuDkzxzY8HQQ7kNvwHJkXtR&_nc_oc=AdpcUAY7yo-n5KnWxqK5LZYC5C5mHMqkXRxCwibaML8AzTZxO02sT5mkxxh4joDanBEMGvw37HuLu14VQtpwJPnr&_nc_zt=14&_nc_ht=scontent.fjai6-1.fna&_nc_gid=X-fJVbjV2KnFJdy9RiaTHQ&_nc_ss=7b289&oh=00_Af-rAr_MlnoKhu3Is0gLgrr2BJKeQEHD0Xhf_bOoF_-wVA&oe=6A382D77 | Resized: https://scontent.fjai6-1.fna.fbcdn.net/v/t39.35426-6/724493506_1567990531668451_4658714583529787390_n.jpg?stp=dst-jpg_s600x600_tt6&_nc_cat=103&ccb=1-7&_nc_sid=c53f8f&_nc_ohc=3cG14NOzCQ8Q7kNvwF58qkw&_nc_oc=AdpP3WUVO5eNyHRf_AHP7VyVyh4TIC6IbOfUzdWFrUaCbWzDDrJLxI3Lk4Iv_C1YaT2Zkgkkbm4BBTwui2QsATwJ&_nc_zt=14&_nc_ht=scontent.fjai6-1.fna&_nc_gid=X-fJVbjV2KnFJdy9RiaTHQ&_nc_ss=7b289&oh=00_Af_QLflp6SFwjvMgASSMQFPgU0nDdxKu-WnGH4o8QD2OXQ&oe=6A385278 || Original: https://scontent.fjai6-1.fna.fbcdn.net/v/t39.35426-6/724235788_1701991021007330_552125999620523299_n.jpg?_nc_cat=104&ccb=1-7&_nc_sid=c53f8f&_nc_ohc=m9J9wJuVA0MQ7kNvwHs0drW&_nc_oc=Adoph4MTDJ5rQ-NcEdwrkYziFYXYLPcy1ZF27C5GcyHejdcX7cfg3yTPSYlpeqUw3Zg5-5SqRDuyz8pAhyQifmSj&_nc_zt=14&_nc_ht=scontent.fjai6-1.fna&_nc_gid=X-fJVbjV2KnFJdy9RiaTHQ&_nc_ss=7b289&oh=00_Af9dQNEjD3ylEXy8jdCinV9gQ6TNhHAZV-VS5yRqIhMYRg&oe=6A384A32 | Resized: https://scontent.fjai6-1.fna.fbcdn.net/v/t39.35426-6/721199920_1036082025764323_6746493175547293206_n.jpg?stp=dst-jpg_s600x600_tt6&_nc_cat=108&ccb=1-7&_nc_sid=c53f8f&_nc_ohc=iqqld3sSoioQ7kNvwEfgepg&_nc_oc=Ado4iSIrfLtO_jEmdGWY3rgZticIXg1vFHVO35Thpu72lP04GiTLV2Y_sgrczZiAEoEkc9gbydfgVYS_TWEwO-8i&_nc_zt=14&_nc_ht=scontent.fjai6-1.fna&_nc_gid=X-fJVbjV2KnFJdy9RiaTHQ&_nc_ss=7b289&oh=00_Af88F-UXy0pwMn6Cygg1gFB2ysVpij845XY2enUaK3lLnA&oe=6A385CA4,
1018221577552495,https://www.facebook.com/61560477343540/,fb.me,https://www.facebook.com/61560477343540/,,,,,,,,,277815488759143,http://fb.me/,Verified RERA Properties,https://www.facebook.com/ads/library/?id=1018221577552495,"Premium High Rise Apartments - 3/3.5/4 BHK @ Rs.2.43Cr*
📍 Kudlu Gate, Hosur Main Road, South Bangalore

Land Area : 1.7 Acres (Approx.)
No. of Units : 137 Apartments
No. of Towers : 1 Tower
No. of Floors : 2B + G + 24 Floors

3 BHK (1768 - 2184 SqFt) @ Rs.2.43Cr*
3 BHK + Study Room(2132 - 2189 SqFt) @ Rs.2.99Cr*
4 BHK(2550 - 2572 SqFt) @ Rs.3.64Cr*

✅ 84% Open Lung Space.
✅ Zero Common Walls For Maximum Privacy.
✅ Low-Density Living With Expansive Open Spaces.
✅ Higher Floor-To-Floor Height For Enhanced Ventilation.
✅ Vaastu-Compliant Homes.
✅ Private Gardens Every Three Floors (Open-To-Sky Concept).
✅ Living Rooms Facing Open City View.
✅ 270° Panoramic Views.
✅ 100% Power Backup For All Units.
✅ Located On 6-Lane Highway With Elevated Expressway Access.
✅ 3 Mins To Kudlu Gate Metro Station.
✅ 5 Mins To Hosa Road Metro Station.
✅ 6 Mins To Singasandra Metro Station.
✅ 10 Mins From Silk Board.
✅ 13 Mins To Electronic City Metro Station.",26,Get offer,fb.me,"FACEBOOK; INSTAGRAM; AUDIENCE_NETWORK",2026-06-14,2026-06-17,,,"Premium High Rise Apartments - 3/3.5/4 BHK @ Rs.2.43Cr*
📍 Kudlu Gate, Hosur Main Road, South Bangalore

Land Area : 1.7 Acres (Approx.)
No. of Units : 137 Apartments
No. of Towers : 1 Tower
No. of Floors : 2B + G + 24 Floors

3 BHK (1768 - 2184 SqFt) @ Rs.2.43Cr*
3 BHK + Study Room(2132 - 2189 SqFt) @ Rs.2.99Cr*
4 BHK(2550 - 2572 SqFt) @ Rs.3.64Cr*

✅ 84% Open Lung Space.
✅ Zero Common Walls For Maximum Privacy.
✅ Low-Density Living With Expansive Open Spaces.
✅ Higher Floor-To-Floor Height For Enhanced Ventilation.
✅ Vaastu-Compliant Homes.
✅ Private Gardens Every Three Floors (Open-To-Sky Concept).
✅ Living Rooms Facing Open City View.
✅ 270° Panoramic Views.
✅ 100% Power Backup For All Units.
✅ Located On 6-Lane Highway With Elevated Expressway Access.
✅ 3 Mins To Kudlu Gate Metro Station.
✅ 5 Mins To Hosa Road Metro Station.
✅ 6 Mins To Singasandra Metro Station.
✅ 10 Mins From Silk Board.
✅ 13 Mins To Electronic City Metro Station. || Premium High Rise Apartments - 3/3.5/4 BHK @ Rs.2.43Cr*
📍 Kudlu Gate, Hosur Main Road, South Bangalore

Land Area : 1.7 Acres (Approx.)
No. of Units : 137 Apartments
No. of Towers : 1 Tower
No. of Floors : 2B + G + 24 Floors

3 BHK (1768 - 2184 SqFt) @ Rs.2.43Cr*
3 BHK + Study Room(2132 - 2189 SqFt) @ Rs.2.99Cr*
4 BHK(2550 - 2572 SqFt) @ Rs.3.64Cr*

✅ 84% Open Lung Space.
✅ Zero Common Walls For Maximum Privacy.
✅ Low-Density Living With Expansive Open Spaces.
✅ Higher Floor-To-Floor Height For Enhanced Ventilation.
✅ Vaastu-Compliant Homes.
✅ Private Gardens Every Three Floors (Open-To-Sky Concept).
✅ Living Rooms Facing Open City View.
✅ 270° Panoramic Views.
✅ 100% Power Backup For All Units.
✅ Located On 6-Lane Highway With Elevated Expressway Access.
✅ 3 Mins To Kudlu Gate Metro Station.
✅ 5 Mins To Hosa Road Metro Station.
✅ 6 Mins To Singasandra Metro Station.
✅ 10 Mins From Silk Board.
✅ 13 Mins To Electronic City Metro Station. || Premium High Rise Apartments - 3/3.5/4 BHK @ Rs.2.43Cr*
📍 Kudlu Gate, Hosur Main Road, South Bangalore

Land Area : 1.7 Acres (Approx.)
No. of Units : 137 Apartments
No. of Towers : 1 Tower
No. of Floors : 2B + G + 24 Floors

3 BHK (1768 - 2184 SqFt) @ Rs.2.43Cr*
3 BHK + Study Room(2132 - 2189 SqFt) @ Rs.2.99Cr*
4 BHK(2550 - 2572 SqFt) @ Rs.3.64Cr*

✅ 84% Open Lung Space.
✅ Zero Common Walls For Maximum Privacy.
✅ Low-Density Living With Expansive Open Spaces.
✅ Higher Floor-To-Floor Height For Enhanced Ventilation.
✅ Vaastu-Compliant Homes.
✅ Private Gardens Every Three Floors (Open-To-Sky Concept).
✅ Living Rooms Facing Open City View.
✅ 270° Panoramic Views.
✅ 100% Power Backup For All Units.
✅ Located On 6-Lane Highway With Elevated Expressway Access.
✅ 3 Mins To Kudlu Gate Metro Station.
✅ 5 Mins To Hosa Road Metro Station.
✅ 6 Mins To Singasandra Metro Station.
✅ 10 Mins From Silk Board.
✅ 13 Mins To Electronic City Metro Station.",http://fb.me/ || http://fb.me/ || http://fb.me/,,Get Offer || Get Offer || Get Offer,Original: https://scontent.fjai6-1.fna.fbcdn.net/v/t39.35426-6/721119862_1011030074645019_6945311990826913940_n.jpg?_nc_cat=110&ccb=1-7&_nc_sid=c53f8f&_nc_ohc=8a7cpCi6YxUQ7kNvwHPabmR&_nc_oc=AdrOjgXfSr7kmaJdZVp-lDfEvP-MiaJpLQhID-tHD3EzIwV9nPFZZBsCkhyYbvhPER58TZpPXdGpLsZoaeT32r1a&_nc_zt=14&_nc_ht=scontent.fjai6-1.fna&_nc_gid=X-fJVbjV2KnFJdy9RiaTHQ&_nc_ss=7b289&oh=00_Af8vX941v2CSvIkDZIxffWQRBsXlMUJjbHE4LTv0RtcMXA&oe=6A382FCD | Resized: https://scontent.fjai6-1.fna.fbcdn.net/v/t39.35426-6/721119802_2749813182059350_8099428455161292523_n.jpg?stp=dst-jpg_s600x600_tt6&_nc_cat=109&ccb=1-7&_nc_sid=c53f8f&_nc_ohc=Hjl4_pk19yYQ7kNvwEmBfq1&_nc_oc=Adoi1CpKRi-yoabhPhAzpXl1wvgSbzV8mGqQlzHRZRwEq-0gueVmuUC7BizQpPKoZgFxzCOGxMS-rLevcSARjvNY&_nc_zt=14&_nc_ht=scontent.fjai6-1.fna&_nc_gid=X-fJVbjV2KnFJdy9RiaTHQ&_nc_ss=7b289&oh=00_Af_wz3WNnbQHjYe3ovRX_wdAOPeg3RZREnMHQg9UT3EvBw&oe=6A3837A6 || Original: https://scontent.fjai6-1.fna.fbcdn.net/v/t39.35426-6/722521046_2530548804065472_5205075743106711459_n.jpg?_nc_cat=102&ccb=1-7&_nc_sid=c53f8f&_nc_ohc=mUw9lMqojAwQ7kNvwHLZcjo&_nc_oc=AdohvxSGcoAHAFBAsufj1v8vNTDh-KAuf4ah-wgkjpPhlg4rzLZfD6BrFBcA62wYIcxugtF-xvKtzSLp6Z5FZcDY&_nc_zt=14&_nc_ht=scontent.fjai6-1.fna&_nc_gid=X-fJVbjV2KnFJdy9RiaTHQ&_nc_ss=7b289&oh=00_Af-JGmpN1a0HbdlyZwDoUqnYnoaYguIw6vLhVVGknrKmIw&oe=6A385823 | Resized: https://scontent.fjai6-1.fna.fbcdn.net/v/t39.35426-6/724103562_1020702997570530_6830353865853031050_n.jpg?stp=dst-jpg_s600x600_tt6&_nc_cat=109&ccb=1-7&_nc_sid=c53f8f&_nc_ohc=GILtLe71BjcQ7kNvwHz1fkq&_nc_oc=AdqrXSYKCDklGuo_0wOitZvTuHDqCNUBqJ8AJ6nsJNyCPyQbDq7_5dg5UIP25pMlP9SD30sX0Ml0y0132tAbHTsa&_nc_zt=14&_nc_ht=scontent.fjai6-1.fna&_nc_gid=X-fJVbjV2KnFJdy9RiaTHQ&_nc_ss=7b289&oh=00_Af8jScg7ctJTMZYBnVG_H7A6RN-87FrAFSgyByJOnDWSbQ&oe=6A383142 || Original: https://scontent.fjai6-1.fna.fbcdn.net/v/t39.35426-6/723172704_1045658164794416_6855819290837324594_n.jpg?_nc_cat=101&ccb=1-7&_nc_sid=c53f8f&_nc_ohc=j9JDgshth7UQ7kNvwE8kvNK&_nc_oc=AdpR7rbIvOg00kang1RK8oFv7mb8CJJ5GBGHk-AKXbXcQ17Nutk6nEI6WChEGkNscP0ZJMQ5yEX4AddLbZ5QSt95&_nc_zt=14&_nc_ht=scontent.fjai6-1.fna&_nc_gid=X-fJVbjV2KnFJdy9RiaTHQ&_nc_ss=7b289&oh=00_Af_TRlVEGYksx-LEFpkH4NH-z8cLHzAc5kGZF69OA1JOxw&oe=6A3842D7 | Resized: https://scontent.fjai6-1.fna.fbcdn.net/v/t39.35426-6/723686529_2469928200115090_8620078605889280469_n.jpg?stp=dst-jpg_s600x600_tt6&_nc_cat=103&ccb=1-7&_nc_sid=c53f8f&_nc_ohc=8s5bzRqJtbYQ7kNvwGyoxqf&_nc_oc=AdqJv_uIXBgknEibcXWxvA5ZwwFrGoZ1ehur5oZKPcjioscl9r_ICag0c0XUcGJ8Pm7uH6heTcPzP_RoGRsvAU0-&_nc_zt=14&_nc_ht=scontent.fjai6-1.fna&_nc_gid=X-fJVbjV2KnFJdy9RiaTHQ&_nc_ss=7b289&oh=00_Af_g_XUF9IYqP2yJpZtK0uX0jcFPc1tIgYwcOOS6D7iG5w&oe=6A38641D,
968580539331050,https://www.facebook.com/speedoring/,fb.me,https://www.facebook.com/speedoring/,,,,speedoring@gmail.com,+91 90566 66615,,,,1298918316821027,http://fb.me/,SpeedoRing.com,https://www.facebook.com/ads/library/?id=968580539331050,"Looking for a Luxury 3 BHK Apartment Near Aerocity & Airport Road?

Presenting Aeroland Heights, a premium high rise residential development located adjoining Aerotropolis, Mohali.

✔ RERA Approved Project
✔ Premium Corner Apartments
✔ Starting From ₹1.25 Cr*
✔ 30+ Luxury Amenities
✔ Smart Doorbell With Camera
✔ Keyless Entry
✔ Wide Balconies
✔ Excellent Ventilation & Natural Light
✔ Resort Style Clubhouse & Swimming Pool

Prime Connectivity:
📍 Airport – 4 KM
📍 Upcoming Apollo Hospital – 4 KM
📍 India’s First AI Tower – 2.5 KM
📍 Tehsil – 500 Meters
📍 Upcoming Government Nursing College – 200 Meters

Book Your Private Site Visit Today.",8958,Get quote,fb.me,"FACEBOOK; INSTAGRAM; AUDIENCE_NETWORK",2026-06-05,2026-06-16,HD: https://video.fjai6-1.fna.fbcdn.net/o1/v/t2/f2/m366/AQPBRzipDOXs9nD9fGK0miE7Ux_UfqRpOX12zQHYoY9d2kc70-mmHS3oAi8s2Bw1XPLbYzXy2QxkYh7eMdNDzfGyYcKjBCv728ItzmTOWDcxsg.mp4?_nc_cat=103&_nc_oc=AdqtsDf7nIDaOfYhcaVo0EncI5NxmVgEwFwK37M6C8l2BMGR8cQo1eVhF76zhhNzg2nHPGYoOy2ENqUrAl9reZ3m&_nc_sid=b66105&_nc_ht=video.fjai6-1.fna.fbcdn.net&_nc_ohc=SR0SFdHIJ_QQ7kNvwHFYbSp&efg=eyJ2ZW5jb2RlX3RhZyI6Inhwdl9wcm9ncmVzc2l2ZS5WSV9VU0VDQVNFX1BST0RVQ1RfVFlQRS4uQzMuNzIwLmRhc2hfaDI2NC1iYXNpYy1nZW4yXzcyMHAiLCJ4cHZfYXNzZXRfaWQiOjI4MzU4Nzk2MjAxMDk4MDMsImFzc2V0X2FnZV9kYXlzIjoxOCwidmlfdXNlY2FzZV9pZCI6MTA3OTksImR1cmF0aW9uX3MiOjgxLCJ1cmxnZW5fc291cmNlIjoid3d3In0%3D&ccb=17-1&vs=98805d8a615d801c&_nc_vs=HBksFQIYRWZiX2VwaGVtZXJhbC8yRDRBQTdEMTg1MzYyRTg0RTU0NjgxNjc4OUMxQUU4N19tdF8xX3ZpZGVvX2Rhc2hpbml0Lm1wNBUAAsgBEgAVAhhAZmJfcGVybWFuZW50LzlFNENCM0MyMjQyOTAyRTU4RTQ2MDg3NEE4QkU3OUJCX2F1ZGlvX2Rhc2hpbml0Lm1wNBUCAsgBEgAoABgAGwKIB3VzZV9vaWwBMRJwcm9ncmVzc2l2ZV9yZWNpcGUBMRUAACbWl4_W9c2JChUCKAJDMywXQFR7tkWhysEYGWRhc2hfaDI2NC1iYXNpYy1nZW4yXzcyMHARAHUAZd6oAQA&_nc_gid=HK4D5y-5jl0aT2b-jsmZzw&_nc_ss=7b289&_nc_zt=28&oh=00_Af-9v2lTh2hYcViVPCmPPgHR70J495-vAgG1MWEKs0nb4w&oe=6A385BB1 | SD: https://video.fjai6-1.fna.fbcdn.net/o1/v/t2/f2/m412/AQN7uMUW6oat2hNUioCAYgHFvgAFiZYLx3wz3Cts5k4_msiCq3-V_B-yXyKM2Foi5SG5T-Y0CCTXA1SMKW35tFKKxQXjTYQerU0Fb1U80A.mp4?_nc_cat=109&_nc_oc=AdriApEqa95Q40SwVD5ia2bNgK5h0VPbquvaoT7I2SiafhXH5ySvUumCZHQA0z96fkdcJ7aK5PunKbPbW1ZcHYFw&_nc_sid=ef5aa3&_nc_ht=video.fjai6-1.fna.fbcdn.net&_nc_ohc=b0LeN1_-RF0Q7kNvwGOJG-8&efg=eyJ2ZW5jb2RlX3RhZyI6Inhwdl9wcm9ncmVzc2l2ZS5WSV9VU0VDQVNFX1BST0RVQ1RfVFlQRS4uQzMuMzYwLnN2ZV9zZCIsInhwdl9hc3NldF9pZCI6MjgzNTg3OTYyMDEwOTgwMywiYXNzZXRfYWdlX2RheXMiOjE4LCJ2aV91c2VjYXNlX2lkIjoxMDc5OSwiZHVyYXRpb25fcyI6ODEsInVybGdlbl9zb3VyY2UiOiJ3d3cifQ%3D%3D&ccb=17-1&_nc_gid=HK4D5y-5jl0aT2b-jsmZzw&_nc_ss=7b289&_nc_zt=28&oh=00_Af83r01iwxq2zmfjrp4D0on1JeyBrJDX5Zbt6e8p1q-gZg&oe=6A385809 | Preview: https://scontent.fjai6-1.fna.fbcdn.net/v/t39.35426-6/708695493_1336416878423523_8513341758768222914_n.jpg?_nc_cat=104&ccb=1-7&_nc_sid=c53f8f&_nc_ohc=nRRoIrtpKRgQ7kNvwFP8kOU&_nc_oc=AdoRSg08muEEojQOh78GvJCNpqNJZtMX3S_RhASEseWefv2c9LO8X8vze0BECcLwhDwTP5bedRKgBV8QLXtnyNWY&_nc_zt=14&_nc_ht=scontent.fjai6-1.fna&_nc_gid=HK4D5y-5jl0aT2b-jsmZzw&_nc_ss=7b289&oh=00_Af-scnAwVBR_Jvwwh4DBx41panoBRHzEmRbElV0EmXg4Dg&oe=6A382DF9,,,,,,,
4214011355518126,https://www.facebook.com/61565641080598/,fb.me,https://www.facebook.com/61565641080598/,,,,,,,,,452134437972525,http://fb.me/,SVL Group,https://www.facebook.com/ads/library/?id=4214011355518126,"Pay 30% now, own your home
Prime location = faster appreciation.
Eldeco Sector 80 Gurugram

📍 Just 5–7 mins from NH-48 (Delhi–Jaipur Expressway)
📍 Only 20 mins from Rajiv Chowk, Gurgaon

🏢 Premium 3 & 3.5 BHK High-Rise Apartments in Sector 80
💰 Starting from ₹3 Cr* 

✨ World-class amenities, excellent connectivity & high growth potential

👉 Enquire now for best offers & site visit!",136,Learn more,fb.me,"FACEBOOK; INSTAGRAM; AUDIENCE_NETWORK",2026-05-29,2026-06-16,HD: https://video.fjai6-1.fna.fbcdn.net/o1/v/t2/f2/m366/AQNmqEl9X7nsIMtKW79-o5bpKUaNtKRnCw58vhRnZlcbnIbSa5PXJYrnzo-WWSLvegokJVgQEwiOcTWlvzbLsQI2Wjga2ZAPecTsJDdJHEtQtQ.mp4?_nc_cat=108&_nc_oc=AdqXUp5pApeh1aZ5uN7fjRdM71Qzr2va7kQj4sT3zwJxUrM27_LtILpoeYF9z06_PzXkykPC3fDbv5dKBGDxIBBv&_nc_sid=b66105&_nc_ht=video.fjai6-1.fna.fbcdn.net&_nc_ohc=Esf1AypPEDAQ7kNvwHh8AZU&efg=eyJ2ZW5jb2RlX3RhZyI6Inhwdl9wcm9ncmVzc2l2ZS5WSV9VU0VDQVNFX1BST0RVQ1RfVFlQRS4uQzMuNzIwLmRhc2hfaDI2NC1iYXNpYy1nZW4yXzcyMHAiLCJ4cHZfYXNzZXRfaWQiOjE1NzE3Njc1MzEyODEyMzMsImFzc2V0X2FnZV9kYXlzIjoyNCwidmlfdXNlY2FzZV9pZCI6MTA3OTksImR1cmF0aW9uX3MiOjUzLCJ1cmxnZW5fc291cmNlIjoid3d3In0%3D&ccb=17-1&vs=e33a6a580e10d553&_nc_vs=HBksFQIYRWZiX2VwaGVtZXJhbC83MTQzMzIzRDJCRTg1RUQ2NzQ1MENGMzBBREQwRThCMl9tdF8xX3ZpZGVvX2Rhc2hpbml0Lm1wNBUAAsgBEgAVAhhAZmJfcGVybWFuZW50L0Y4NDlENTJFRDc3ODYwOUJCRjdFQjIwMEVGQTYwNDg5X2F1ZGlvX2Rhc2hpbml0Lm1wNBUCAsgBEgAoABgAGwKIB3VzZV9vaWwBMRJwcm9ncmVzc2l2ZV9yZWNpcGUBMRUAACai7fjV9ODKBRUCKAJDMywXQEqzMzMzMzMYGWRhc2hfaDI2NC1iYXNpYy1nZW4yXzcyMHARAHUAZd6oAQA&_nc_gid=HK4D5y-5jl0aT2b-jsmZzw&_nc_ss=7b289&_nc_zt=28&oh=00_Af8yeC0RJj9X3hnti3uDaAUXYlSgJsQXGnu0nN72K_mXvw&oe=6A384498 | SD: https://video.fjai6-1.fna.fbcdn.net/o1/v/t2/f2/m412/AQP5Vb2CmLfM8wNF4CLDvvtal3WzlkfOuJpPUb1c3f2yfD5niwf4OwoN9bRKXqKLWxqWGX9JnN1e1p84mUeHYIRgZWXfzLr3x_bIOPLGdA.mp4?_nc_cat=104&_nc_oc=AdqjSiuwpimASJ6qDJ-RFuOmM31vHQb6WW53n58H4iU_Vx0pOZ3zafyz6hcRFJzcRYbbqF8gy5fdjvp7hBKN0_I4&_nc_sid=ef5aa3&_nc_ht=video.fjai6-1.fna.fbcdn.net&_nc_ohc=RlFQJeFhgugQ7kNvwH33K0v&efg=eyJ2ZW5jb2RlX3RhZyI6Inhwdl9wcm9ncmVzc2l2ZS5WSV9VU0VDQVNFX1BST0RVQ1RfVFlQRS4uQzMuMzYwLnN2ZV9zZCIsInhwdl9hc3NldF9pZCI6MTU3MTc2NzUzMTI4MTIzMywiYXNzZXRfYWdlX2RheXMiOjI0LCJ2aV91c2VjYXNlX2lkIjoxMDc5OSwiZHVyYXRpb25fcyI6NTMsInVybGdlbl9zb3VyY2UiOiJ3d3cifQ%3D%3D&ccb=17-1&_nc_gid=HK4D5y-5jl0aT2b-jsmZzw&_nc_ss=7b289&_nc_zt=28&oh=00_Af8leHM1Xc6ULwqIe6_1I4eFpPOpFFPtTkwn3blFVqqDCg&oe=6A3836E6 | Preview: https://scontent.fjai6-1.fna.fbcdn.net/v/t39.35426-6/708376648_1689076362287769_5349074453489521737_n.jpg?_nc_cat=109&ccb=1-7&_nc_sid=c53f8f&_nc_ohc=Ayox038irQkQ7kNvwHcFJQb&_nc_oc=Adr9U0zDY-k_bD5Fd9VYMEEbMb6DOI2xJKsT2R5m8El5i3aDKC7uXE2oVTFLZzmD4jnJEJQS-GLl9PWwr12VWaAs&_nc_zt=14&_nc_ht=scontent.fjai6-1.fna&_nc_gid=HK4D5y-5jl0aT2b-jsmZzw&_nc_ss=7b289&oh=00_Af-fQRHYg96790Q3ZsfO3zxYLSrqKTOyDXyUUUFXfTwjVw&oe=6A383AEB,,,,,,,
968890195927490,https://www.facebook.com/planetsprop/,fb.me,https://www.facebook.com/planetsprop/,,,,sales@planetsproperties.com,+91 99002 69744,,,,1131550356934743,http://fb.me/,Planets Properties - India,https://www.facebook.com/ads/library/?id=968890195927490,"🏡 Godrej Properties presents a spectacular new landmark in South Bengaluru — Godrej Vanantara on Bannerghatta Road.
Spread across 35 acres of thoughtfully planned development, this premium township offers luxurious 2, 3, 3.5 & 4.5 BHK residences surrounded by lush greenery, open spaces, and world-class amenities.

✨ Highlights:
🌿 80% Open Spaces with 10 Acres of Green Zone
🏞️ 15,000 sq.ft Natural Pond & Temple Within the Community
🏢 3B + G + 31 Floors | Only 4 Residences Per Floor
🏏 40+ Premium Amenities Including Mini Cricket Ground

📍 Excellent Connectivity:
• 4 Minutes to NICE Road
• 9 Minutes to Upcoming Metro Station
• 15 Minutes to Meenakshi Mall
• 20 Minutes to Electronic City

Experience elevated living in one of South Bengaluru’s most anticipated launches.

📞 Enquire now for launch pricing, floor plans, and exclusive early-bird benefits.",2126,Sign up,fb.me,"FACEBOOK; INSTAGRAM; AUDIENCE_NETWORK",2026-05-20,2026-06-16,HD: https://video.fjai6-1.fna.fbcdn.net/o1/v/t2/f2/m366/AQMnaHLIKXx2TvJWOcrWHrHhdncImhP0WoXSR65Y8YXnWjSyxzUfcC7yX-AmRjFVsvPCOkRYM_xjdJb4V2JGXoXcpLN416v8xPSfOPiY7QfRCg.mp4?_nc_cat=109&_nc_oc=AdpATWOusgZvvzmt6hc-jf5SxUCdLlpH-RtTjRmGIg1w6sEovbpKNR2j93gLVrEjct3wphZrNqBVRicPQfeSGEzi&_nc_sid=b66105&_nc_ht=video.fjai6-1.fna.fbcdn.net&_nc_ohc=3pMA8Rfgs28Q7kNvwEaCinX&efg=eyJ2ZW5jb2RlX3RhZyI6Inhwdl9wcm9ncmVzc2l2ZS5WSV9VU0VDQVNFX1BST0RVQ1RfVFlQRS4uQzMuNzIwLmRhc2hfaDI2NC1iYXNpYy1nZW4yXzcyMHAiLCJ4cHZfYXNzZXRfaWQiOjIyMzUzNjY2MzA2NDY3NzQsImFzc2V0X2FnZV9kYXlzIjoyOCwidmlfdXNlY2FzZV9pZCI6MTA3OTksImR1cmF0aW9uX3MiOjQ3LCJ1cmxnZW5fc291cmNlIjoid3d3In0%3D&ccb=17-1&vs=e36d879773e2f740&_nc_vs=HBksFQIYRWZiX2VwaGVtZXJhbC8xNjQyQzIxQzk1QkEzNTBCQUNDMzExOEI3QTA3Mjk5QV9tdF8xX3ZpZGVvX2Rhc2hpbml0Lm1wNBUAAsgBEgAVAhhAZmJfcGVybWFuZW50LzJBNDVBOTRDQTQ3RkY1MDNGOTRDNEU3QTNBOUMzMEE0X2F1ZGlvX2Rhc2hpbml0Lm1wNBUCAsgBEgAoABgAGwKIB3VzZV9vaWwBMRJwcm9ncmVzc2l2ZV9yZWNpcGUBMRUAACbsj7Ofu8P4BxUCKAJDMywXQEfmZmZmZmYYGWRhc2hfaDI2NC1iYXNpYy1nZW4yXzcyMHARAHUAZd6oAQA&_nc_gid=HK4D5y-5jl0aT2b-jsmZzw&_nc_ss=7b289&_nc_zt=28&oh=00_Af_kijUHuWJzbQN4lcRzob5Dz7V9pW6ZvbXvOaT5jyfNdQ&oe=6A384697 | SD: https://video.fjai6-1.fna.fbcdn.net/o1/v/t2/f2/m412/AQOJ8NF0L7TGHFFW3th6igO4YwrRqL84SIT4WRxBukS1SjQRDc3FVRqnN1iS6TRN8gtzZOGcoOhUGHOgaGzUQ1kHqRxnJsbtGEwVswPwxA.mp4?_nc_cat=102&_nc_oc=AdohOVgQ6u1XsdZmRLs-B6yWfqoWunYxLtUROcezmFPNnXzXBFN7yJmuaJx8hDcvwLxFwAYPVTPgG5e7XOQvt-_v&_nc_sid=ef5aa3&_nc_ht=video.fjai6-1.fna.fbcdn.net&_nc_ohc=dthuG3FLvS0Q7kNvwHnAlxf&efg=eyJ2ZW5jb2RlX3RhZyI6Inhwdl9wcm9ncmVzc2l2ZS5WSV9VU0VDQVNFX1BST0RVQ1RfVFlQRS4uQzMuMzYwLnN2ZV9zZCIsInhwdl9hc3NldF9pZCI6MjIzNTM2NjYzMDY0Njc3NCwiYXNzZXRfYWdlX2RheXMiOjI4LCJ2aV91c2VjYXNlX2lkIjoxMDc5OSwiZHVyYXRpb25fcyI6NDcsInVybGdlbl9zb3VyY2UiOiJ3d3cifQ%3D%3D&ccb=17-1&_nc_gid=HK4D5y-5jl0aT2b-jsmZzw&_nc_ss=7b289&_nc_zt=28&oh=00_Af-DLpI2RiyJ-onojYPhdx9-wP4nG3iNrIVjXGPb0aUSmQ&oe=6A385D70 | Preview: https://scontent.fjai6-1.fna.fbcdn.net/v/t39.35426-6/701664224_1341755141134166_4209604433102814652_n.jpg?_nc_cat=107&ccb=1-7&_nc_sid=c53f8f&_nc_ohc=HcDc8ff3p8MQ7kNvwF9sbTB&_nc_oc=AdqCE3-j7ZPLzqXkVoljc9TRrANxZzq0IvIfGKBcq72xr8kVsh1Wz5tG6IdZXJxpnul-rzXgSI7GyFhgb02wsM4-&_nc_zt=14&_nc_ht=scontent.fjai6-1.fna&_nc_gid=HK4D5y-5jl0aT2b-jsmZzw&_nc_ss=7b289&oh=00_Af8BlEfsm_ki71qqS39pvsq-QohTM6M0Qf39_OHeDDtVsw&oe=6A383F91,,,,,,,
860371326658103,https://www.facebook.com/61590564443223/,fb.me,https://www.facebook.com/61590564443223/,,,,,,,,,1112913245242749,http://fb.me/,Omaxe cassia in Lucknow,https://www.facebook.com/ads/library/?id=860371326658103,"🌟 Premium Living Begins at Omaxe Cassia, Lucknow

Experience elevated township living inside the 690-acre Omaxe Metro City — a vibrant community with 100+ parks, premium residences, commercial spaces, malls, hotels & more.

🏡 Spacious 2, 3 & 4 BHK residences
📍 Prime location at Kalli Pashchim / Rae Bareli Road
✈️ Close to Airport & PGI
🌿 Skyline views, open greens & modern lifestyle amenities
🏀 Swimming Pool | Basketball Court | Landscaped Greens

Starting from approx. ₹90 Lakhs onwards*

Live in a secure, well-connected, and thoughtfully planned township developed by the trusted Omaxe Group.

📞 Book your site visit today.

*T&C Apply. Prices & availability subject to change.",,Learn more,fb.me,"FACEBOOK; INSTAGRAM",2026-06-15,2026-06-16,HD: https://video.fjai6-1.fna.fbcdn.net/o1/v/t2/f2/m366/AQNk8YpD14SWLV9LASjtBQ0UiyaDD0UOh-6H_AfC2DiiH-bcOk3B5T_hkc49nE68aue0U8PPCHUFax-2KIDwPRUddSIN_t9aINzre2K628sV6A.mp4?_nc_cat=103&_nc_oc=Adqrx_bmdJsqvGFBsyCi7Od0VHC3jEHa_OmWppgovwhmTjTOsSpPFMQEwUAaP3SNwlB6nG7xbULeETtqgkxnyK-P&_nc_sid=b66105&_nc_ht=video.fjai6-1.fna.fbcdn.net&_nc_ohc=p0e2vhRYmKEQ7kNvwGmSHZA&efg=eyJ2ZW5jb2RlX3RhZyI6Inhwdl9wcm9ncmVzc2l2ZS5WSV9VU0VDQVNFX1BST0RVQ1RfVFlQRS4uQzMuNzIwLmRhc2hfaDI2NC1iYXNpYy1nZW4yXzcyMHAiLCJ4cHZfYXNzZXRfaWQiOjE1MzA1NjUzMzIxMTI2NTMsImFzc2V0X2FnZV9kYXlzIjoyLCJ2aV91c2VjYXNlX2lkIjoxMDc5OSwiZHVyYXRpb25fcyI6OTQsInVybGdlbl9zb3VyY2UiOiJ3d3cifQ%3D%3D&ccb=17-1&vs=67616f81c96b5dc1&_nc_vs=HBksFQIYRWZiX2VwaGVtZXJhbC82RTQ5ODQwMDU2OTEwRUU4MkIxNTc5MDhBMjExQzM4MV9tdF8xX3ZpZGVvX2Rhc2hpbml0Lm1wNBUAAsgBEgAVAhhAZmJfcGVybWFuZW50LzRGNDVGQjdGMzA5MDRERDkyREVERUEwRTVGNTVENEE4X2F1ZGlvX2Rhc2hpbml0Lm1wNBUCAsgBEgAoABgAGwKIB3VzZV9vaWwBMRJwcm9ncmVzc2l2ZV9yZWNpcGUBMRUAACaa1Oiu0IK4BRUCKAJDMywXQFeDU_fO2RcYGWRhc2hfaDI2NC1iYXNpYy1nZW4yXzcyMHARAHUAZd6oAQA&_nc_gid=HK4D5y-5jl0aT2b-jsmZzw&_nc_ss=7b289&_nc_zt=28&oh=00_Af_djb3_8W4kFOsO-Sb_oy0M5v3icF0vfjHuUNP2BZt0aA&oe=6A384E21 | SD: https://video.fjai6-1.fna.fbcdn.net/o1/v/t2/f2/m412/AQP937QdcQ2yTq0oq40YK-cPXTCLthG8VMfM_1ILtkKA5pJkRqnNfXTCWM28FmS2Lk6104F7za12zy-U9-s5txQbFU6Fngyj_sQKlZtyTQ.mp4?_nc_cat=106&_nc_oc=AdpXJ-VsB_s2oS2m5jkUXJvBHcU7OfW5ooQyT6Ela3nZtAPUuQNqVnBG3UeloZC7-aoRKq3WI6P8lhs4xxbXYsmW&_nc_sid=ef5aa3&_nc_ht=video.fjai6-1.fna.fbcdn.net&_nc_ohc=I8xBxbMneZYQ7kNvwFncDD7&efg=eyJ2ZW5jb2RlX3RhZyI6Inhwdl9wcm9ncmVzc2l2ZS5WSV9VU0VDQVNFX1BST0RVQ1RfVFlQRS4uQzMuMzYwLnN2ZV9zZCIsInhwdl9hc3NldF9pZCI6MTUzMDU2NTMzMjExMjY1MywiYXNzZXRfYWdlX2RheXMiOjIsInZpX3VzZWNhc2VfaWQiOjEwNzk5LCJkdXJhdGlvbl9zIjo5NCwidXJsZ2VuX3NvdXJjZSI6Ind3dyJ9&ccb=17-1&_nc_gid=HK4D5y-5jl0aT2b-jsmZzw&_nc_ss=7b289&_nc_zt=28&oh=00_Af8ZQ5anHpQOdDN_SEHUfISjyH4y1gnfpirLe8j9ms8r6A&oe=6A384040 | Preview: https://scontent.fjai6-1.fna.fbcdn.net/v/t39.35426-6/720290742_1297887929179956_3872567118615417752_n.jpg?_nc_cat=104&ccb=1-7&_nc_sid=c53f8f&_nc_ohc=meOUFERqk-oQ7kNvwFONLFJ&_nc_oc=AdoHpVt4ZLYGuQSeokd_TJ-lKI2W_kV3NWFdIo5w9uqGGIRdt7_SQfUQwBXqQe6YyhPTyQOxm9most8iQBsBfWeE&_nc_zt=14&_nc_ht=scontent.fjai6-1.fna&_nc_gid=HK4D5y-5jl0aT2b-jsmZzw&_nc_ss=7b289&oh=00_Af8a2TjWpugDg1oE7VDi_YnYn8AVHHdzOeOMwGZSv7r92A&oe=6A382E70,,,,,,,
2009916709888165,https://www.facebook.com/61590564443223/,fb.me,https://www.facebook.com/61590564443223/,,,,,,,,,1112913245242749,http://fb.me/,Omaxe cassia in Lucknow,https://www.facebook.com/ads/library/?id=2009916709888165,"🌟 Premium Living Begins at Omaxe Cassia, Lucknow

Experience elevated township living inside the 690-acre Omaxe Metro City — a vibrant community with 100+ parks, premium residences, commercial spaces, malls, hotels & more.

🏡 Spacious 2, 3 & 4 BHK residences
📍 Prime location at Kalli Pashchim / Rae Bareli Road
✈️ Close to Airport & PGI
🌿 Skyline views, open greens & modern lifestyle amenities
🏀 Swimming Pool | Basketball Court | Landscaped Greens

Starting from approx. ₹90 Lakhs onwards*

Live in a secure, well-connected, and thoughtfully planned township developed by the trusted Omaxe Group.

📞 Book your site visit today.

*T&C Apply. Prices & availability subject to change.",,Learn more,fb.me,"FACEBOOK; INSTAGRAM",2026-06-15,2026-06-17,HD: https://video.fjai6-1.fna.fbcdn.net/o1/v/t2/f2/m366/AQNk8YpD14SWLV9LASjtBQ0UiyaDD0UOh-6H_AfC2DiiH-bcOk3B5T_hkc49nE68aue0U8PPCHUFax-2KIDwPRUddSIN_t9aINzre2K628sV6A.mp4?_nc_cat=103&_nc_oc=Adqrx_bmdJsqvGFBsyCi7Od0VHC3jEHa_OmWppgovwhmTjTOsSpPFMQEwUAaP3SNwlB6nG7xbULeETtqgkxnyK-P&_nc_sid=b66105&_nc_ht=video.fjai6-1.fna.fbcdn.net&_nc_ohc=p0e2vhRYmKEQ7kNvwGmSHZA&efg=eyJ2ZW5jb2RlX3RhZyI6Inhwdl9wcm9ncmVzc2l2ZS5WSV9VU0VDQVNFX1BST0RVQ1RfVFlQRS4uQzMuNzIwLmRhc2hfaDI2NC1iYXNpYy1nZW4yXzcyMHAiLCJ4cHZfYXNzZXRfaWQiOjE1MzA1NjUzMzIxMTI2NTMsImFzc2V0X2FnZV9kYXlzIjoyLCJ2aV91c2VjYXNlX2lkIjoxMDc5OSwiZHVyYXRpb25fcyI6OTQsInVybGdlbl9zb3VyY2UiOiJ3d3cifQ%3D%3D&ccb=17-1&vs=67616f81c96b5dc1&_nc_vs=HBksFQIYRWZiX2VwaGVtZXJhbC82RTQ5ODQwMDU2OTEwRUU4MkIxNTc5MDhBMjExQzM4MV9tdF8xX3ZpZGVvX2Rhc2hpbml0Lm1wNBUAAsgBEgAVAhhAZmJfcGVybWFuZW50LzRGNDVGQjdGMzA5MDRERDkyREVERUEwRTVGNTVENEE4X2F1ZGlvX2Rhc2hpbml0Lm1wNBUCAsgBEgAoABgAGwKIB3VzZV9vaWwBMRJwcm9ncmVzc2l2ZV9yZWNpcGUBMRUAACaa1Oiu0IK4BRUCKAJDMywXQFeDU_fO2RcYGWRhc2hfaDI2NC1iYXNpYy1nZW4yXzcyMHARAHUAZd6oAQA&_nc_gid=HK4D5y-5jl0aT2b-jsmZzw&_nc_ss=7b289&_nc_zt=28&oh=00_Af_djb3_8W4kFOsO-Sb_oy0M5v3icF0vfjHuUNP2BZt0aA&oe=6A384E21 | SD: https://video.fjai6-1.fna.fbcdn.net/o1/v/t2/f2/m412/AQP937QdcQ2yTq0oq40YK-cPXTCLthG8VMfM_1ILtkKA5pJkRqnNfXTCWM28FmS2Lk6104F7za12zy-U9-s5txQbFU6Fngyj_sQKlZtyTQ.mp4?_nc_cat=106&_nc_oc=AdpXJ-VsB_s2oS2m5jkUXJvBHcU7OfW5ooQyT6Ela3nZtAPUuQNqVnBG3UeloZC7-aoRKq3WI6P8lhs4xxbXYsmW&_nc_sid=ef5aa3&_nc_ht=video.fjai6-1.fna.fbcdn.net&_nc_ohc=I8xBxbMneZYQ7kNvwFncDD7&efg=eyJ2ZW5jb2RlX3RhZyI6Inhwdl9wcm9ncmVzc2l2ZS5WSV9VU0VDQVNFX1BST0RVQ1RfVFlQRS4uQzMuMzYwLnN2ZV9zZCIsInhwdl9hc3NldF9pZCI6MTUzMDU2NTMzMjExMjY1MywiYXNzZXRfYWdlX2RheXMiOjIsInZpX3VzZWNhc2VfaWQiOjEwNzk5LCJkdXJhdGlvbl9zIjo5NCwidXJsZ2VuX3NvdXJjZSI6Ind3dyJ9&ccb=17-1&_nc_gid=HK4D5y-5jl0aT2b-jsmZzw&_nc_ss=7b289&_nc_zt=28&oh=00_Af8ZQ5anHpQOdDN_SEHUfISjyH4y1gnfpirLe8j9ms8r6A&oe=6A384040 | Preview: https://scontent.fjai6-1.fna.fbcdn.net/v/t39.35426-6/720290742_1297887929179956_3872567118615417752_n.jpg?_nc_cat=104&ccb=1-7&_nc_sid=c53f8f&_nc_ohc=meOUFERqk-oQ7kNvwFONLFJ&_nc_oc=AdoHpVt4ZLYGuQSeokd_TJ-lKI2W_kV3NWFdIo5w9uqGGIRdt7_SQfUQwBXqQe6YyhPTyQOxm9most8iQBsBfWeE&_nc_zt=14&_nc_ht=scontent.fjai6-1.fna&_nc_gid=HK4D5y-5jl0aT2b-jsmZzw&_nc_ss=7b289&oh=00_Af8a2TjWpugDg1oE7VDi_YnYn8AVHHdzOeOMwGZSv7r92A&oe=6A382E70,,,,,,,
4512650255647507,https://www.facebook.com/61573983334858/,instagram.com,https://www.facebook.com/61573983334858/,https://www.instagram.com/_u/ekaone_raichandanigroup,,,info@raichandanigroup.com,+91 77998 87744,,,,602497519611080,https://www.instagram.com/_u/ekaone_raichandanigroup,Eka One By Raichandani ,https://www.facebook.com/ads/library/?id=4512650255647507,"Interruption is now a hidden metric in premium living. It includes visual, acoustic, and spatial breaks in daily experience. Low density formats directly influence this equation 🧠
.
.
#Ekaone #hyderabad #raichandaniconstructions #builders #developers 

[luxury apartments in Hyderabad, high-end real estate Hyderabad, Eka One Kokapet, prime location luxury apartments Hyderabad, lake view apartments Hyderabad, smart high-rise apartments Hyderabad, luxury apartments in kokapet]",48,Visit Instagram profile,www.instagram.com,INSTAGRAM,2026-06-14,2026-06-16,HD: https://video.fjai6-1.fna.fbcdn.net/o1/v/t2/f2/m366/AQMJvc-jsdMvx65Dht324hXRafziPxP-x7LKsbWVaOI6E8k8IZlHp28zHbJcC6k11Wi7OQZ8Tr2aDH8ozttDrSrruBJr3Iept2pQk3heHRRxng.mp4?_nc_cat=109&_nc_oc=Ado641sxqgJrAXyUiF5ezPHOe5V1dBVdr3EAPYOEyssxT1GOjv2qhlgGh3-Gu-GDHRSAY6bI9a8IMBBVnV-P25ik&_nc_sid=b66105&_nc_ht=video.fjai6-1.fna.fbcdn.net&_nc_ohc=qa_wF1Y6zgoQ7kNvwF3vTqb&efg=eyJ2ZW5jb2RlX3RhZyI6Inhwdl9wcm9ncmVzc2l2ZS5WSV9VU0VDQVNFX1BST0RVQ1RfVFlQRS4uQzMuNzIwLmRhc2hfaDI2NC1iYXNpYy1nZW4yXzcyMHAiLCJ4cHZfYXNzZXRfaWQiOjE1Mjc1NTgwODU1Mzk0MTIsImFzc2V0X2FnZV9kYXlzIjoyLCJ2aV91c2VjYXNlX2lkIjoxMDEzOSwiZHVyYXRpb25fcyI6MjEsInVybGdlbl9zb3VyY2UiOiJ3d3cifQ%3D%3D&ccb=17-1&vs=407eff10aeb725ff&_nc_vs=HBksFQIYRWZiX2VwaGVtZXJhbC84MjQ1MDZGQTVCQjUwQjgxNjI4MjM5OUIzRjE2QTBBM19tdF8xX3ZpZGVvX2Rhc2hpbml0Lm1wNBUAAsgBEgAVAhhAZmJfcGVybWFuZW50LzFENEMwNUI4NkY4ODhCNjJCRUM0ODA0M0VBODMzREE1X2F1ZGlvX2Rhc2hpbml0Lm1wNBUCAsgBEgAoABgAGwKIB3VzZV9vaWwBMRJwcm9ncmVzc2l2ZV9yZWNpcGUBMRUAACao2f_QytO2BRUCKAJDMywXQDUqfvnbItEYGWRhc2hfaDI2NC1iYXNpYy1nZW4yXzcyMHARAHUAZbaeAQA&_nc_gid=HK4D5y-5jl0aT2b-jsmZzw&_nc_ss=7b289&_nc_zt=28&oh=00_Af_svyALIaJ59sUCVQ2P5ao3foEBJ7yxuNGZhYlwMMgxbg&oe=6A385B1B | SD: https://video.fjai6-1.fna.fbcdn.net/o1/v/t2/f2/m412/AQMxsvFXphN9h6f3sj-l4OnepNbS6aIkVAfEE_so1HFPQscVVhnv1_tyJfdqVr2sQeBoCV18BHkhDSL9cKegxHmTg6WumyPQPXwKqD5tbQ.mp4?_nc_cat=102&_nc_oc=Adp7iQBn0zspHcEoyePm2ZzAEZDQtv8ViIDNqCk_MFGoYKGGNJ62keVm3r3gAKNtP_rT8zssExMk12lSVhkuUWI0&_nc_sid=ef5aa3&_nc_ht=video.fjai6-1.fna.fbcdn.net&_nc_ohc=uGqcoXv6hbkQ7kNvwH-NHuF&efg=eyJ2ZW5jb2RlX3RhZyI6Inhwdl9wcm9ncmVzc2l2ZS5WSV9VU0VDQVNFX1BST0RVQ1RfVFlQRS4uQzMuMzYwLnN2ZV9zZCIsInhwdl9hc3NldF9pZCI6MTUyNzU1ODA4NTUzOTQxMiwiYXNzZXRfYWdlX2RheXMiOjIsInZpX3VzZWNhc2VfaWQiOjEwMTM5LCJkdXJhdGlvbl9zIjoyMSwidXJsZ2VuX3NvdXJjZSI6Ind3dyJ9&ccb=17-1&_nc_gid=HK4D5y-5jl0aT2b-jsmZzw&_nc_ss=7b289&_nc_zt=28&oh=00_Af9Zb4FmaPBo1bW6HeKJ6CeMrPicvXMhHg1o77T4BZ9iew&oe=6A386370 | Preview: https://scontent.fjai6-1.fna.fbcdn.net/v/t39.35426-6/724261791_4362201990689685_418343532394564245_n.jpg?_nc_cat=110&ccb=1-7&_nc_sid=c53f8f&_nc_ohc=bZiYamDcKQ8Q7kNvwE41MGa&_nc_oc=AdqEfxrInBiXFn4D4UoxHEAHNlxH4A44m-mFvVDntUrfJRqs8evSlCiOd85bMz7bZ4n-Ed6029rcROju3EzFtIix&_nc_zt=14&_nc_ht=scontent.fjai6-1.fna&_nc_gid=HK4D5y-5jl0aT2b-jsmZzw&_nc_ss=7b289&oh=00_Af_LqOEFsC8zhS9d6t1hz18f5soewZYNqq6fR2ZUI3mBdw&oe=6A384059,,,,,,,
954659570796435,https://www.facebook.com/supadhadevelopers/,fb.me,https://www.facebook.com/supadhadevelopers/,,,,info@supadha.com,+91 88795 55222,,,,101850655895410,http://fb.me/,Supadha Developers,https://www.facebook.com/ads/library/?id=954659570796435,"Why settle for a compact home when you can own a palace in the sky? ☁️

Introducing Supadha Gamya at Tellapur—where luxury isn’t just a word, it’s 2,430+ sq. ft. of pure comfort. Designed for those who refuse to compromise on space, our ultra-premium high-rise apartments offer a life of unmatched scale and serenity.

✨ The Gamya Edge:
✅ Every Unit is a Corner Flat – Maximum privacy and 3-side ventilation.
✅ Massive 3 & 4 BHKs – Ranging from 2430 to 3855 Sq. Ft.
✅ Grand 74,000 Sft Clubhouse – Two dedicated amenity blocks.
✅ Elite Connectivity – Minutes from Financial District, Neopolis, and the ORR.
✅ Future-Ready – EV charging points for every single flat.

Experience 36 floors of architectural excellence on a lush 10.12-acre campus. 🌿",94,Sign up,fb.me,"FACEBOOK; INSTAGRAM; AUDIENCE_NETWORK",2026-05-07,2026-06-16,,Original: https://scontent.fjai6-1.fna.fbcdn.net/v/t39.35426-6/688609540_1128437763679341_3760377406911077488_n.jpg?_nc_cat=109&ccb=1-7&_nc_sid=c53f8f&_nc_ohc=mDHdhuaxTQwQ7kNvwEJn768&_nc_oc=AdoNUKfNeo-uRnt7CuoZdUx1oE0dyJ36vbccLbTcxF9Vk9iUVAiw091UoR38nPdt14D7inq_wMWV7EHB5THDig7i&_nc_zt=14&_nc_ht=scontent.fjai6-1.fna&_nc_gid=HK4D5y-5jl0aT2b-jsmZzw&_nc_ss=7b289&oh=00_Af_fYGXQOKdL-rnwg5GH2iqg35IDTeEID4AhybgWORf0mQ&oe=6A382CC1 | Resized: https://scontent.fjai6-1.fna.fbcdn.net/v/t39.35426-6/688717829_2918787095119970_3768295366970444161_n.jpg?stp=dst-jpg_s600x600_tt6&_nc_cat=107&ccb=1-7&_nc_sid=c53f8f&_nc_ohc=ywez0l7aEn0Q7kNvwGZhyIR&_nc_oc=AdreTMcIqPnv-PSlsDmJnYz-iXZw4B4ARancesTHLQur6bn0pQ5nuc8x-Slr-I7g-bHWis42lAEKD2H3jyoijTxg&_nc_zt=14&_nc_ht=scontent.fjai6-1.fna&_nc_gid=HK4D5y-5jl0aT2b-jsmZzw&_nc_ss=7b289&oh=00_Af9loeEgd0TTlPapM1N4x1p6e7YnfyVayhO8Xjs5FnCUug&oe=6A382D71,,,,,,
1009748534842981,https://www.facebook.com/thepincoderealty/,fb.me,https://www.facebook.com/thepincoderealty/,,,,info@thepincoderealty.com,+91 98158 07270,,,,861972420332972,http://fb.me/,The Pincode Realty,https://www.facebook.com/ads/library/?id=1009748534842981,"Spacious 𝟑𝐁𝐇𝐊 𝐜𝐨𝐫𝐧𝐞𝐫 𝐚𝐩𝐚𝐫𝐭𝐦𝐞𝐧𝐭 in 𝐙𝐢𝐫𝐚𝐤𝐩𝐮𝐫 with premium amenities. 𝐂𝐚𝐥𝐥: 𝟗𝟖𝟏𝟓𝟖 𝟎𝟕𝟐𝟕𝟎
✅ Excellent connectivity, and 𝐧𝐞𝐚𝐫-𝐩𝐨𝐬𝐬𝐞𝐬𝐬𝐢𝐨𝐧 𝐬𝐭𝐚𝐭𝐮𝐬. 
✅ Located on 𝐀𝐢𝐫𝐩𝐨𝐫𝐭 𝐑𝐨𝐚𝐝 & 𝐏𝐚𝐭𝐢𝐚𝐥𝐚 𝐇𝐢𝐠𝐡𝐰𝐚𝐲, 𝐙𝐢𝐫𝐚𝐤𝐩𝐮𝐫
✅ Clubhouse, swimming pool, sports facilities, and lush green open spaces.",149,Learn more,fb.me,"FACEBOOK; INSTAGRAM",2026-06-12,2026-06-17,HD: https://video.fjai6-1.fna.fbcdn.net/o1/v/t2/f2/m366/AQPU8nNv5F-TbefWe-GcYCptePO2jc4hKhuSJHiaIUoM07_HH0nAuQBUE9YUAVfLN74z_nFt1nhUOa0D8O7UUUghIOrr-KnsNGx0Eg6Kp891kg.mp4?_nc_cat=109&_nc_oc=Ado0UhDH-KZw5akNm-6nmkaFtf1BCHQ3tWlTpAONI4BJfFOnDPlA0zUTBBO4I52MOO5ZG_x0yw0oRZNQU_Q_IstY&_nc_sid=b66105&_nc_ht=video.fjai6-1.fna.fbcdn.net&_nc_ohc=6SXy6ZxP0D4Q7kNvwFwK3EO&efg=eyJ2ZW5jb2RlX3RhZyI6Inhwdl9wcm9ncmVzc2l2ZS5WSV9VU0VDQVNFX1BST0RVQ1RfVFlQRS4uQzMuNzIwLmRhc2hfaDI2NC1iYXNpYy1nZW4yXzcyMHAiLCJ4cHZfYXNzZXRfaWQiOjE0MTQzMjE3NzcxNjg1NzYsImFzc2V0X2FnZV9kYXlzIjo2LCJ2aV91c2VjYXNlX2lkIjoxMDc5OSwiZHVyYXRpb25fcyI6NTUsInVybGdlbl9zb3VyY2UiOiJ3d3cifQ%3D%3D&ccb=17-1&vs=f50f9d01410a1067&_nc_vs=HBksFQIYRWZiX2VwaGVtZXJhbC9BNzQyRjg2NzRGNTkwM0MzQjE5NjJFRTFDMjI0RDQ5OF9tdF8xX3ZpZGVvX2Rhc2hpbml0Lm1wNBUAAsgBEgAVAhhAZmJfcGVybWFuZW50LzA0NDk2MkQwRTZGRjE3ODhCMzJEODkwM0IyRDMzMTg5X2F1ZGlvX2Rhc2hpbml0Lm1wNBUCAsgBEgAoABgAGwKIB3VzZV9vaWwBMRJwcm9ncmVzc2l2ZV9yZWNpcGUBMRUAACaAw4KyrpSDBRUCKAJDMywXQEu9cKPXCj0YGWRhc2hfaDI2NC1iYXNpYy1nZW4yXzcyMHARAHUAZd6oAQA&_nc_gid=C6ZyOpVrw1wqPeqDBnEHGQ&_nc_ss=7b289&_nc_zt=28&oh=00_Af_zWnYSBOlExQZX4UtmmPvrIsA1Klz0WE1wsLLgVxkypA&oe=6A384303 | SD: https://video.fjai6-1.fna.fbcdn.net/o1/v/t2/f2/m412/AQMklsfJQO7luEJWjQzZcs_xOpUDsgQc6pTdiKbpAKcrIC-AQmkZdPgwyRJq5iCy0BKre9RXT-BqqOCXaa2m42dCsQYDFNRIf_4URU9fMg.mp4?_nc_cat=102&_nc_oc=AdoSMzVCBZqM0G9LZlD9A51ax-H7hxSj_61gIbPJ5RLfSNPnzYc_Vn1WUU-zOYJrVsHR2G4X8m85XwQLGtO8tqL0&_nc_sid=ef5aa3&_nc_ht=video.fjai6-1.fna.fbcdn.net&_nc_ohc=NXsfMW9P7w8Q7kNvwHHJdEJ&efg=eyJ2ZW5jb2RlX3RhZyI6Inhwdl9wcm9ncmVzc2l2ZS5WSV9VU0VDQVNFX1BST0RVQ1RfVFlQRS4uQzMuMzYwLnN2ZV9zZCIsInhwdl9hc3NldF9pZCI6MTQxNDMyMTc3NzE2ODU3NiwiYXNzZXRfYWdlX2RheXMiOjYsInZpX3VzZWNhc2VfaWQiOjEwNzk5LCJkdXJhdGlvbl9zIjo1NSwidXJsZ2VuX3NvdXJjZSI6Ind3dyJ9&ccb=17-1&_nc_gid=C6ZyOpVrw1wqPeqDBnEHGQ&_nc_ss=7b289&_nc_zt=28&oh=00_Af9bBgezPktE-wS7VKEip3yP0V-jsieKBtA-yiO2WN5dRQ&oe=6A385DCC | Preview: https://scontent.fjai6-1.fna.fbcdn.net/v/t39.35426-6/721189418_1654556345638918_2153952544872479065_n.jpg?_nc_cat=108&ccb=1-7&_nc_sid=c53f8f&_nc_ohc=n6zGNISct3QQ7kNvwHb-jxq&_nc_oc=Adobe5TL5CfJx_hR2xRymOjyqILRQtFJCOxj7mrfWsCcKkL4_qjkVtCdeqnRq-WxhWOvmsxKdAIkvVrzw7FIM6-2&_nc_zt=14&_nc_ht=scontent.fjai6-1.fna&_nc_gid=C6ZyOpVrw1wqPeqDBnEHGQ&_nc_ss=7b289&oh=00_Af8uPj3dlhjrFBkt7WTnbf2sgHAjhBpuNAYsM4BMqW0Q1Q&oe=6A384E95,,,,,,,
1014684137743731,https://www.facebook.com/romagroupvaranasi/,youtube.com,https://www.facebook.com/romagroupvaranasi/,,,,romabuildersvns@gmail.com,+91 98323 98323,,,,301365816981067,https://www.youtube.com/@romabuildersVaranasi,ROMA GROUP,https://www.facebook.com/ads/library/?id=1014684137743731,"शादी की तैयारियाँ पूरी हो गईं? अब समय है अपने सपनों के घर की शुरुआत करने का! 💙

हर महीने 𝗥𝗲𝗻𝘁 देने की बजाय, उसी बजट में अपने घर की 𝗘𝗠𝗜 देकर अपने भविष्य में निवेश करें। 
𝗥𝗼𝗺𝗮 𝗘𝗻𝘁𝗲𝗿𝘁𝗮𝗶𝗻𝗺𝗲𝗻𝘁 𝗖𝗶𝘁𝘆 लेकर आया है 𝗘𝗮𝘀𝘁𝗲𝗿𝗻 𝗨𝘁𝘁𝗮𝗿 𝗣𝗿𝗮𝗱𝗲𝘀𝗵 का 𝗧𝗮𝗹𝗹𝗲𝘀𝘁 𝗥𝗲𝘀𝗶𝗱𝗲𝗻𝘁𝗶𝗮𝗹 𝗣𝗿𝗼𝗷𝗲𝗰𝘁, जहाँ आपको मिलेगा 𝗟𝘂𝘅𝘂𝗿𝘆 𝗟𝗶𝘃𝗶𝗻𝗴, 𝗣𝗿𝗲𝗺𝗶𝘂𝗺 𝗟𝗶𝗳𝗲𝘀𝘁𝘆𝗹𝗲 और 𝗠𝗼𝗱𝗲𝗿𝗻 𝗔𝗺𝗲𝗻𝗶𝘁𝗶𝗲𝘀 का बेहतरीन अनुभव। 🌿🏙️

✅ Delhi-Kolkata Highway Connectivity
✅ 100+ World-Class Amenities
✅ Premium High-Rise Apartments
✅ Rooftop Swimming Pool
✅ Landscaped Gardens & Open Spaces
✅ Schools, Colleges & Hospitals Nearby
✅ Perfect Location for Family Living
✅ Smart Investment with High Growth Potential

अपने परिवार को दें एक सुरक्षित, आधुनिक और शानदार जीवनशैली, जहाँ हर दिन हो Comfort, Convenience और Luxury से भरपूर। ✨
.
.
𝗥𝗼𝗺𝗮 𝗕𝘂𝗶𝗹𝗱𝗲𝗿𝘀 & 𝗣𝗿𝗼𝗺𝗼𝘁𝗲𝗿𝘀 𝗣𝘃𝘁 𝗟𝘁𝗱 - 𝗠𝗼𝘀𝘁 𝗧𝗿𝘂𝘀𝘁𝗲𝗱
𝗥𝗲𝗮𝗹 𝗘𝘀𝘁𝗮𝘁𝗲 𝗕𝗿𝗮𝗻𝗱 𝗢𝗳 𝗘𝗮𝘀𝘁𝗲𝗿𝗻 𝗨𝘁𝘁𝗮𝗿 𝗣𝗿𝗮𝗱𝗲𝘀𝗵.
📍𝗦𝗶𝘁𝗲 𝗔𝗱𝗱𝗿𝗲𝘀𝘀: 𝗡𝗲𝗮𝗿 𝗔𝗺𝗿𝗮 𝗖𝗿𝗼𝘀𝘀𝗶𝗻𝗴, 𝗔𝗱𝗷𝗮𝗰𝗲𝗻𝘁 𝘁𝗼 𝗗.𝗣.𝗦 𝗩𝗮𝗿𝗮𝗻𝗮𝘀𝗶

Helpline - 9832398323
Email : romabuildersvns@gmail.com

𝐒𝐮𝐛𝐬𝐜𝐫𝐢𝐛𝐞 𝐔𝐬 𝐎𝐧 𝐘𝐨𝐮𝐭𝐮𝐛𝐞: https://www.youtube.com/
@romabuildersVaranasi
.
.
.
.
.
.
.
.
.
.
.
.
.
[Luxury Apartments Varanasi, Premium Flats in Varanasi, Residential Project Varanasi, High Rise Apartments, Dream Home, Modern Lifestyle, Best Real Estate Investment, Family Apartments, Smart Investment, New Launch Property, Premium Housing, Roma Entertainment City, Affordable EMI Homes, Luxury Living, Varanasi Real Estate]

#RomaEntertainmentCity #RomaBuilders #LuxuryLiving #DreamHome #VaranasiRealEstate",10438,See details,www.youtube.com,"FACEBOOK; MESSENGER",2026-06-15,2026-06-16,HD: https://video.fjai6-1.fna.fbcdn.net/o1/v/t2/f2/m366/AQP_FN1ccc6k2QgNFWyrIpvvAz4OS1EMYgbRPvcN4hrILmqfNW5BzpLuN3E5OCAHnYAr5fBZME3p7QyibYqoGYZPlMkiJt_gIr5fl1pf9JsbDw.mp4?_nc_cat=103&_nc_oc=AdrqV5TguhWHRHBS3oByIyMGAofOXGbIoRf-K_FC2VAdXZDbSz5G760egjWJ70IOaNOPfA2JdC4y4vuLFu6DcEiw&_nc_sid=b66105&_nc_ht=video.fjai6-1.fna.fbcdn.net&_nc_ohc=PeZOZYBKDeIQ7kNvwGyh3m4&efg=eyJ2ZW5jb2RlX3RhZyI6Inhwdl9wcm9ncmVzc2l2ZS5WSV9VU0VDQVNFX1BST0RVQ1RfVFlQRS4uQzMuNzIwLmRhc2hfaDI2NC1iYXNpYy1nZW4yXzcyMHAiLCJ4cHZfYXNzZXRfaWQiOjEzMDk3MTUyNDQwOTc4OTgsImFzc2V0X2FnZV9kYXlzIjo1LCJ2aV91c2VjYXNlX2lkIjoxMDEyMiwiZHVyYXRpb25fcyI6NTUsInVybGdlbl9zb3VyY2UiOiJ3d3cifQ%3D%3D&ccb=17-1&vs=5a1e171a2e51cf96&_nc_vs=HBksFQIYRWZiX2VwaGVtZXJhbC8xQzQzQkNBN0MwMEQ3MTUwNzc5MjJEQzU5RTNBQzdCMl9tdF8xX3ZpZGVvX2Rhc2hpbml0Lm1wNBUAAsgBEgAVAhhAZmJfcGVybWFuZW50L0U0NDQ4MjYwOTg5NkNBMUY0M0QyQjI0RDhCRTc2MTlCX2F1ZGlvX2Rhc2hpbml0Lm1wNBUCAsgBEgAoABgAGwKIB3VzZV9vaWwBMRJwcm9ncmVzc2l2ZV9yZWNpcGUBMRUAACbUhY3-usvTBBUCKAJDMywXQEu6n752yLQYGWRhc2hfaDI2NC1iYXNpYy1nZW4yXzcyMHARAHUAZZSeAQA&_nc_gid=C6ZyOpVrw1wqPeqDBnEHGQ&_nc_ss=7b289&_nc_zt=28&oh=00_Af_PkATBzppNkGNo1bmVcL3_T3-5y5UOtSBvagz3XanAkw&oe=6A3847E9 | SD: https://video.fjai6-1.fna.fbcdn.net/o1/v/t2/f2/m412/AQMWmSGSfONaUZzK8obBRqrM-BL3uMr-9ezGYzRaUFhYxDlHKZgFmwnXVNXUtVGW97BSem5iMwIOguSkIhda8JUOTMKKu4_u6BhLe8F15w.mp4?_nc_cat=100&_nc_oc=AdqmdwL09uOOHpd1sQRvCHmtbdfZaHCBaaIcUfh3hofONamTumAWVK6tE_1TSSZPM5Y2emi77BvrY3icUiLmqOFV&_nc_sid=ef5aa3&_nc_ht=video.fjai6-1.fna.fbcdn.net&_nc_ohc=j4riifQ6DFUQ7kNvwF7EWDH&efg=eyJ2ZW5jb2RlX3RhZyI6Inhwdl9wcm9ncmVzc2l2ZS5WSV9VU0VDQVNFX1BST0RVQ1RfVFlQRS4uQzMuMzYwLnN2ZV9zZCIsInhwdl9hc3NldF9pZCI6MTMwOTcxNTI0NDA5Nzg5OCwiYXNzZXRfYWdlX2RheXMiOjUsInZpX3VzZWNhc2VfaWQiOjEwMTIyLCJkdXJhdGlvbl9zIjo1NSwidXJsZ2VuX3NvdXJjZSI6Ind3dyJ9&ccb=17-1&_nc_gid=C6ZyOpVrw1wqPeqDBnEHGQ&_nc_ss=7b289&_nc_zt=28&oh=00_Af9gkmaPAMKR5-YY2acox3JGdG5O0TgibdTuWcdOkesvfg&oe=6A38597E | Preview: https://scontent.fjai6-1.fna.fbcdn.net/v/t39.35426-6/724714520_1583513003428544_1785548548762290658_n.jpg?_nc_cat=111&ccb=1-7&_nc_sid=c53f8f&_nc_ohc=65dcKZJcq6YQ7kNvwEFMI1u&_nc_oc=Adp1_tVD1dIlgelrQVJGLgtHEZ6T0W5lPkR_4p_fp9h_OMCgJzOeYjIWtI9RGl98jvQRleckJ2YLOHwGIbNRyu75&_nc_zt=14&_nc_ht=scontent.fjai6-1.fna&_nc_gid=C6ZyOpVrw1wqPeqDBnEHGQ&_nc_ss=7b289&oh=00_Af-pj8YyEAdbda2_EOSMxxhGW1HiS-GUBL4rwsnCLc1FYQ&oe=6A38449E,,,,,,,
1034558185936483,https://www.facebook.com/flats.mumbai.thane/,fb.me,https://www.facebook.com/flats.mumbai.thane/,,,,,,,,,102409205812667,http://fb.me/,Luxury Homes,https://www.facebook.com/ads/library/?id=1034558185936483,"𝐀𝐝𝐚𝐫𝐬𝐡 𝐏𝐚𝐥𝐦 𝐑𝐞𝐭𝐫𝐞𝐚𝐭: Luxurious 𝟑 & 𝟒 𝐁𝐇𝐊 High-Rise Apartments, Starting from ₹𝟑.𝟔𝟎 𝐂𝐫*, located in Bellandur, East Bangalore

👉Located Next RMZ Ecoworld & Ecospace
🏢 Limited High-Rise Units Available

✅ Premium Upper Floors now Unveiled
✅ Close proximity to Schools, Tech parks, Healthcare, & Malls.
✅ Strategic Location: Easily accessible from Outer Ring Road

Enquire now to get more details on 𝟖𝟗𝟎𝟒𝟒𝟕𝟓𝟎𝟐𝟖!!",223,Get offer,fb.me,"FACEBOOK; INSTAGRAM",2026-06-12,2026-06-16,,Original: https://scontent.fjai6-1.fna.fbcdn.net/v/t39.35426-6/720283808_1315468007407337_7378460977146863384_n.jpg?_nc_cat=106&ccb=1-7&_nc_sid=c53f8f&_nc_ohc=3bphKXGmtKwQ7kNvwEcavBA&_nc_oc=Adqkgzjlcn_Ezbg-7FKOVzMOyd9pGNQvxei2RIAQn2J5mZ1XaS7vCcmYNGPoxoh8DiO4px8kM4S_SjUxMUxxG6JN&_nc_zt=14&_nc_ht=scontent.fjai6-1.fna&_nc_gid=C6ZyOpVrw1wqPeqDBnEHGQ&_nc_ss=7b289&oh=00_Af8YoXB-Orrk8L4uZ2IPIar6X2DyvVCJqxMkvjJo34XSqA&oe=6A383422 | Resized: https://scontent.fjai6-1.fna.fbcdn.net/v/t39.35426-6/722078214_26277730331903415_2735424082239921985_n.jpg?stp=dst-jpg_s600x600_tt6&_nc_cat=100&ccb=1-7&_nc_sid=c53f8f&_nc_ohc=LFbTFgIabT4Q7kNvwE-ncs5&_nc_oc=AdoiMMCRf1dCcVX6cbM-Lrnq0Kyz4Xb6cwH9_MERUpOJUIzzU5n9toNGeKX93ch5Xw84JD6TaljQ7s_tTeK-YdEq&_nc_zt=14&_nc_ht=scontent.fjai6-1.fna&_nc_gid=C6ZyOpVrw1wqPeqDBnEHGQ&_nc_ss=7b289&oh=00_Af_9P3UxmzWlMXBrojEPDqKkWDzzr950hkWW6E-nWEkaJA&oe=6A384DE0,,,,,,
2093973311551975,https://www.facebook.com/61585289885696/,fb.me,https://www.facebook.com/61585289885696/,,,,askinfraspace@gmail.com,+91 72078 92277,,,,847022141838013,http://fb.me/,ASK Infra Space,https://www.facebook.com/ads/library/?id=2093973311551975,"🚨 Pre-Launch Alert – Bachupally's Next Iconic High-Rise!

Own your dream home at an exclusive OTP Price of just ₹3,999/Sq.Ft.*

✨ Premium Residences
✨ Grand Clubhouse & Amenities
✨ Prime Bachupally Location
✨ High Appreciation Potential

Limited inventory at launch pricing. Enquire today before the offer ends.",501,Get quote,fb.me,"FACEBOOK; INSTAGRAM; AUDIENCE_NETWORK",2026-06-10,2026-06-16,,Original: https://scontent.fjai6-1.fna.fbcdn.net/v/t39.35426-6/718965073_4664281690485937_2519218680112015697_n.jpg?_nc_cat=111&ccb=1-7&_nc_sid=c53f8f&_nc_ohc=jZB7qzMwF40Q7kNvwHNzB1v&_nc_oc=Ado1Y0oM7IxbE_YFphbcJx5vDWU7tP7Vi61-WhK8A37h_Vk_mcmAlDAg8a3Ri6GORPq-m1ioBG0ZJLfmy1OEeXZX&_nc_zt=14&_nc_ht=scontent.fjai6-1.fna&_nc_gid=C6ZyOpVrw1wqPeqDBnEHGQ&_nc_ss=7b289&oh=00_Af9pdfC3J6vplyHUQJhQxW1U0iHK0b6p1oFOCF6vdvsdLw&oe=6A38521F | Resized: https://scontent.fjai6-1.fna.fbcdn.net/v/t39.35426-6/719109002_843866895465312_5473083009188318703_n.jpg?stp=dst-jpg_s600x600_tt6&_nc_cat=107&ccb=1-7&_nc_sid=c53f8f&_nc_ohc=cZbzp3d74VEQ7kNvwFhQ9TS&_nc_oc=AdqVulvM3K5smwdUV8TOuNFFhkbrzZOk8k6OSewYnf2sM_kotOqTDkCFqGbon4iHtcjnETIydTxcwgkSTxNEOpw9&_nc_zt=14&_nc_ht=scontent.fjai6-1.fna&_nc_gid=C6ZyOpVrw1wqPeqDBnEHGQ&_nc_ss=7b289&oh=00_Af8h7iaChUqPTiIgji4Z8C-5Mqgtu72y43J4yqh5P1-Wtg&oe=6A383807,,,,,,
2502830536830442,https://www.facebook.com/minkariverdaleofficial/,fb.me,https://www.facebook.com/minkariverdaleofficial/,,,,sales@arpanna.com,+91 91677 70115,,,,192538630614169,http://fb.me/,Minka Riverdale,https://www.facebook.com/ads/library/?id=2502830536830442,"Tired of living in crowded high-rise apartments?
Imagine waking up in your own private luxury villa in Nashik starting at 3.22 CR++

✔ Premium gated community
✔ Spacious luxury villas
✔ Peaceful lifestyle away from city chaos

Upgrade From an Apartment to Your Own Private Villa
Call Now: +91 91677 70115",1381,Learn more,fb.me,"FACEBOOK; INSTAGRAM",2026-06-16,2026-06-16,,,"Tired of living in crowded high-rise apartments?
Imagine waking up in your own private luxury villa in Nashik starting at 3.22 CR++

✔ Premium gated community
✔ Spacious luxury villas
✔ Peaceful lifestyle away from city chaos

Upgrade From an Apartment to Your Own Private Villa
Call Now: +91 91677 70115 || Tired of living in crowded high-rise apartments?
Imagine waking up in your own private luxury villa in Nashik starting at 3.22 CR++

✔ Premium gated community
✔ Spacious luxury villas
✔ Peaceful lifestyle away from city chaos

Upgrade From an Apartment to Your Own Private Villa
Call Now: +91 91677 70115",http://fb.me/ || http://fb.me/,,Learn More || Learn More,Original: https://scontent.fjai6-1.fna.fbcdn.net/v/t39.35426-6/719853326_1021410043574852_5053474270304331248_n.jpg?_nc_cat=106&ccb=1-7&_nc_sid=c53f8f&_nc_ohc=6c1QEGyPzowQ7kNvwG3gjRI&_nc_oc=AdoQGws0hrrD9sbUZGJXU-zprsPYDtHlguOW0XdPdF8pcC4JTgjlDb_j0BN4QJJSmqQf9AJ-DcVw-PPZAZa7EjO9&_nc_zt=14&_nc_ht=scontent.fjai6-1.fna&_nc_gid=C6ZyOpVrw1wqPeqDBnEHGQ&_nc_ss=7b289&oh=00_Af8erQqwE8pXR6lp_e4XmmvHmuuNZPTDWDP-VKowOlvgCg&oe=6A386036 | Resized: https://scontent.fjai6-1.fna.fbcdn.net/v/t39.35426-6/718102375_1726378558543586_580064488534422681_n.jpg?stp=dst-jpg_s600x600_tt6&_nc_cat=107&ccb=1-7&_nc_sid=c53f8f&_nc_ohc=F0L9Pz-u_rAQ7kNvwHr5_px&_nc_oc=AdrKwmFANowg5Ct7mKArIGDA40RA8ITVJnEqMoAgO8UhVHM_o-d6kgAtWSB6vJLj3WcV9q1_REjQQrW431NEUKlh&_nc_zt=14&_nc_ht=scontent.fjai6-1.fna&_nc_gid=C6ZyOpVrw1wqPeqDBnEHGQ&_nc_ss=7b289&oh=00_Af8i_QuZw3EJt09RABnYWP7_MbwDQCmUF7PcvnwS2wgNTw&oe=6A384642 || Original: https://scontent.fjai6-1.fna.fbcdn.net/v/t39.35426-6/717759753_1736948057669148_3430706308528739119_n.jpg?_nc_cat=110&ccb=1-7&_nc_sid=c53f8f&_nc_ohc=42dES8bTl7gQ7kNvwG96YPe&_nc_oc=AdpsQjnIOR5vEd5R6z6s3vxRfVqN2griOEXFQHDa1ICE554YSuJWkqL499I-Ma71lqqWV24C5VtkrgkTwxs25ma5&_nc_zt=14&_nc_ht=scontent.fjai6-1.fna&_nc_gid=C6ZyOpVrw1wqPeqDBnEHGQ&_nc_ss=7b289&oh=00_Af-kGqCODEC9TpZtZTh-E7bc3ontfZom6PI_IO2KCGSrdw&oe=6A385DE5 | Resized: https://scontent.fjai6-1.fna.fbcdn.net/v/t39.35426-6/718180121_2475779156254800_3584987062023614902_n.jpg?stp=dst-jpg_s600x600_tt6&_nc_cat=101&ccb=1-7&_nc_sid=c53f8f&_nc_ohc=cRXmyNNeI3gQ7kNvwFAgE7l&_nc_oc=AdoUefajzSJYKvgrstfhMLDWNtj8MozaDGryOtXswvohWaAAcnaUOqrIFBiI8chlQZx6XfDhFvjGDefOY4HBzi17&_nc_zt=14&_nc_ht=scontent.fjai6-1.fna&_nc_gid=C6ZyOpVrw1wqPeqDBnEHGQ&_nc_ss=7b289&oh=00_Af82r5Pu6aF5PW9NxUtkxZql9wjYJjjbOCcsSWtzLp8p8w&oe=6A38635E,
2666303553763800,https://www.facebook.com/61590350206991/,api.whatsapp.com,https://www.facebook.com/61590350206991/,,,,,+91 86399 11857,,,,1077794795426774,https://api.whatsapp.com/send,Jyothi enterprises ,https://www.facebook.com/ads/library/?id=2666303553763800,"Jyothi enterprises  | 8639911857
 We install invisible safety nets that disappear
But protect everything that matters 👶🐕
 High-rise apartments | Stairs | Duct areas
Pigeon nets that actually last monsoon to monsoon
HDPE nets tested for 200kg+ impact
 Same-day install by trained experts3-5 years warranty because we back our work
Comment “QUOTE” and we’ll DM you rates 📩",,Send WhatsApp message,api.whatsapp.com,"FACEBOOK; INSTAGRAM",2026-06-10,2026-06-17,HD: https://video.fjai6-1.fna.fbcdn.net/o1/v/t2/f2/m366/AQP8VeUVvvg_HbG7oT2AJI39dOv83-eD3mb5WgmIT2iJIR-Nc0YLAkOIWdDfnTnFAY79Yxbw-Quk51Ab5T_TelsP_ZhV1VgU14PaiBSHarljtQ.mp4?_nc_cat=106&_nc_oc=Ado4p6JYzBxDMldJXyO_kASeFKg5v1vSY1FgOBCiwc5WvFS8BmBswjbj86EVkEKjqCXpu31OZ3l_FoXtoozQBSsG&_nc_sid=b66105&_nc_ht=video.fjai6-1.fna.fbcdn.net&_nc_ohc=f6tT-RHBAkQQ7kNvwGKN2LY&efg=eyJ2ZW5jb2RlX3RhZyI6Inhwdl9wcm9ncmVzc2l2ZS5WSV9VU0VDQVNFX1BST0RVQ1RfVFlQRS4uQzMuNzE4LmRhc2hfaDI2NC1iYXNpYy1nZW4yXzcyMHAiLCJ4cHZfYXNzZXRfaWQiOjg1NzgzOTcwMzU4OTI1NSwiYXNzZXRfYWdlX2RheXMiOjYsInZpX3VzZWNhc2VfaWQiOjEwMTIyLCJkdXJhdGlvbl9zIjo4LCJ1cmxnZW5fc291cmNlIjoid3d3In0%3D&ccb=17-1&vs=d08bdef3cf528103&_nc_vs=HBksFQIYRWZiX2VwaGVtZXJhbC9FNzQ2MDRCQTc5REY4MEU4QzUxRDZCOTQyOURDQjhBMl9tdF8xX3ZpZGVvX2Rhc2hpbml0Lm1wNBUAAsgBEgAVAhhAZmJfcGVybWFuZW50L0U2NDZEMEZEMUVGOTUxNTNGRkZCNjJCQzJCRjA1Qzg5X2F1ZGlvX2Rhc2hpbml0Lm1wNBUCAsgBEgAoABgAGwKIB3VzZV9vaWwBMRJwcm9ncmVzc2l2ZV9yZWNpcGUBMRUAACaOhvTs64yGAxUCKAJDMywXQCCCj1wo9cMYGWRhc2hfaDI2NC1iYXNpYy1nZW4yXzcyMHARAHUAZZSeAQA&_nc_gid=C6ZyOpVrw1wqPeqDBnEHGQ&_nc_ss=7b289&_nc_zt=28&oh=00_Af-l8FptBAznztoa1cSWu_e1guKdFRPtS4hD4NyrPAaRxQ&oe=6A385A6A | SD: https://video.fjai6-1.fna.fbcdn.net/o1/v/t2/f2/m412/AQOUVHkMw0NfzVzhc_txDoo1i1mE_JkL7aguzjN0NpqjjyFxdeJxfmHubBFJQynrpNd7tdpTbPmDyozs6nTL_6SEW_t0NmD5ro_uc-Jofw.mp4?_nc_cat=110&_nc_oc=AdpbX5oRFzkoPakbymJ6Da4ObpL413N5j9jOep3W2Io66dtPS_1C29bPS-47kRQlzsK1HDlo-NNmQ2SRzXQWyUGx&_nc_sid=ef5aa3&_nc_ht=video.fjai6-1.fna.fbcdn.net&_nc_ohc=SLIpM6LfZm0Q7kNvwHjnQKJ&efg=eyJ2ZW5jb2RlX3RhZyI6Inhwdl9wcm9ncmVzc2l2ZS5WSV9VU0VDQVNFX1BST0RVQ1RfVFlQRS4uQzMuMzU4LnN2ZV9zZCIsInhwdl9hc3NldF9pZCI6ODU3ODM5NzAzNTg5MjU1LCJhc3NldF9hZ2VfZGF5cyI6NiwidmlfdXNlY2FzZV9pZCI6MTAxMjIsImR1cmF0aW9uX3MiOjgsInVybGdlbl9zb3VyY2UiOiJ3d3cifQ%3D%3D&ccb=17-1&_nc_gid=C6ZyOpVrw1wqPeqDBnEHGQ&_nc_ss=7b289&_nc_zt=28&oh=00_Af8BK0eJ1ckbDn6GTlvH8f6xTSL9QXx2TkPxFET4dfIFfA&oe=6A385CE8 | Preview: https://scontent.fjai6-1.fna.fbcdn.net/v/t39.35426-6/721082863_1924156718249602_1803678428923738748_n.jpg?_nc_cat=109&ccb=1-7&_nc_sid=c53f8f&_nc_ohc=OKW_pDbT-I0Q7kNvwEl38Zv&_nc_oc=AdoImh_37rKOYPrdXRET_1RkuNiz4dTly-Q_mRF93fg0BDi8KMkLYbZpgRfKepUcdr-uj_d_qWJbrtpw5Y8glk6l&_nc_zt=14&_nc_ht=scontent.fjai6-1.fna&_nc_gid=C6ZyOpVrw1wqPeqDBnEHGQ&_nc_ss=7b289&oh=00_Af-yJ1tp-OK8srbsepk_fNXVzx4GGDoXBuAv8X-RNYKtDg&oe=6A386188,,,,,,,
882910944832839,https://www.facebook.com/signatureglobaltitaniumsprproject/,fb.me,https://www.facebook.com/signatureglobaltitaniumsprproject/,,,,,,,,,324770197392908,http://fb.me/,Sīgnaturė Glóbal Titanium SPR,https://www.facebook.com/ads/library/?id=882910944832839,"🌿 Where Luxury, Location & Lifestyle Come Together
Live in a thoughtfully designed high-rise community that blends modern architecture, green landscapes, and seamless connectivity at Signature Global – Sarvam.

- Premium 3 & 4 BHK Residences
- Modern Amenities | Gated Community

- Smart Payment Plan
- Own with ₹29 Lacs Now
- Balance Payable After 3 Years

📍 Bang on Dwarka Expressway
🔥 Limited Homes Available 

Click on the button below and avail this offer now.
📞 Or, Call us at +𝟵𝟭-𝟕𝟔𝟔𝟗𝟔 𝟒𝟔𝟓𝟓𝟔 and book your free site visit.",21,Get quote,fb.me,"FACEBOOK; INSTAGRAM; AUDIENCE_NETWORK",2026-06-07,2026-06-16,,Original: https://scontent.fjai6-1.fna.fbcdn.net/v/t39.35426-6/716150695_2415118315656561_7350838083090808156_n.jpg?_nc_cat=100&ccb=1-7&_nc_sid=c53f8f&_nc_ohc=3H9icJ23NAcQ7kNvwGrNkf-&_nc_oc=AdrERCyLh3ywWJkOiY0WMc0QHskyyrCUc4j5iZyq74jibEmriCYOpxYcTLwMRTXWzWqvB_krGO9ngNvFaKhgnv_n&_nc_zt=14&_nc_ht=scontent.fjai6-1.fna&_nc_gid=QTsN30vR_nBRR19Ly07JFA&_nc_ss=7b289&oh=00_Af95hteA4QXBTE_yw4YginpIuv4wxOQIalVIHR4GZoXABA&oe=6A383535 | Resized: https://scontent.fjai6-1.fna.fbcdn.net/v/t39.35426-6/718953260_994640116834870_8052738273576216041_n.jpg?stp=dst-jpg_s600x600_tt6&_nc_cat=104&ccb=1-7&_nc_sid=c53f8f&_nc_ohc=vatYesPcNS4Q7kNvwHS9NfP&_nc_oc=AdptjalgCEc1MqbzJYaB7KABeSvmAFGc2qYZH2NgOd0Buv_cQqTDYM4lMsZWbzoRbUQIROeLxAbmpbK6kBCeSlyQ&_nc_zt=14&_nc_ht=scontent.fjai6-1.fna&_nc_gid=QTsN30vR_nBRR19Ly07JFA&_nc_ss=7b289&oh=00_Af_X9N2vp6SYzee7THCIv1kpRDidWYOVTFqpLLtJl21JyQ&oe=6A3852B0,,,,,,
1212089318648819,https://www.facebook.com/61589688945471/,fb.me,https://www.facebook.com/61589688945471/,,,,,,,,,1114107718455786,http://fb.me/,Property Event,https://www.facebook.com/ads/library/?id=1212089318648819,"Exclusive Property Showcase 2026

Explore Villas, Farmhouses, Plots & Premium Homes across top destinations like Goa, Dehradun, Vrindavan, Pataudi & more — all under one roof.

📍 The Bristol Hotel, Gurugram
📅 20–21 June 2026 | ⏰ 10 AM – 7 PM

✔ Multiple Projects
✔ One-to-One Consultation
✔ Hi-Tea & Networking

Get project details, pricing, payment plans & exclusive event-day assistance.

📌 Limited consultation slots available.
Click ""See Details"" and register now.",2,See details,fb.me,"FACEBOOK; INSTAGRAM; AUDIENCE_NETWORK",2026-06-16,2026-06-16,HD: https://video.fjai6-1.fna.fbcdn.net/o1/v/t2/f2/m366/AQMfygPRjAciztuMJb0smiGLhJ5y9dwtYeROb1mWYEhRyhUu6ManYJpRHWR8RxsogKwHxqPEhTnViioVTO7ocgWdVaLnvfDUdAxmjXs_N1-6cg.mp4?_nc_cat=105&_nc_oc=AdqEkmN1q2Th6en5Hyd3c3Vmm9U9wJEjMR20FkdjrGvnfCeCwA8iV9TEyi9NPzBBKfpQPqrh91U7iIrioROlAenS&_nc_sid=b66105&_nc_ht=video.fjai6-1.fna.fbcdn.net&_nc_ohc=sYyB0MJ_QUMQ7kNvwHfGv6H&efg=eyJ2ZW5jb2RlX3RhZyI6Inhwdl9wcm9ncmVzc2l2ZS5WSV9VU0VDQVNFX1BST0RVQ1RfVFlQRS4uQzMuNzIwLmRhc2hfaDI2NC1iYXNpYy1nZW4yXzcyMHAiLCJ4cHZfYXNzZXRfaWQiOjEyMjU1MDAxODczMTE3NDIsImFzc2V0X2FnZV9kYXlzIjowLCJ2aV91c2VjYXNlX2lkIjoxMDc5OSwiZHVyYXRpb25fcyI6NjEsInVybGdlbl9zb3VyY2UiOiJ3d3cifQ%3D%3D&ccb=17-1&vs=af0a0817bd0f442b&_nc_vs=HBksFQIYRWZiX2VwaGVtZXJhbC9DNjQ0RTQ3ODU2RDAwQjUxQUZFODFBQTZCNDNGNDNBNl9tdF8xX3ZpZGVvX2Rhc2hpbml0Lm1wNBUAAsgBEgAVAhhAZmJfcGVybWFuZW50LzIwNEUwNEU3MDM3NUZBOTRGOEY2QThDMTYxQjY0Rjk0X2F1ZGlvX2Rhc2hpbml0Lm1wNBUCAsgBEgAoABgAGwKIB3VzZV9vaWwBMRJwcm9ncmVzc2l2ZV9yZWNpcGUBMRUAACb8-bH1v6WtBBUCKAJDMywXQE7EOVgQYk4YGWRhc2hfaDI2NC1iYXNpYy1nZW4yXzcyMHARAHUAZd6oAQA&_nc_gid=QTsN30vR_nBRR19Ly07JFA&_nc_ss=7b289&_nc_zt=28&oh=00_Af9FUL_LeeaELRgogkNARvnZAE-ANf4JR1HNkP-VinmP2g&oe=6A3858F7 | SD: https://video.fjai6-1.fna.fbcdn.net/o1/v/t2/f2/m412/AQNJIRoH54vm40rFflgvchDRoYkXodRL8tsKddD7ZXWXqvT5Zn4aymWeDQOGIBSnpAFdXMsyllINSjuS73DW3ncuKRgIT2DEqREDNxn6TQ.mp4?_nc_cat=109&_nc_oc=AdpZA4orTEEYLk71vzMUK1sXoNhPliYkvt4uYvDfOc_CVYZZ97120vYp6UHCJHcMiLJPatf1TDdxNSE2-cClusNO&_nc_sid=ef5aa3&_nc_ht=video.fjai6-1.fna.fbcdn.net&_nc_ohc=bs3s_rw-MsoQ7kNvwH1eFf1&efg=eyJ2ZW5jb2RlX3RhZyI6Inhwdl9wcm9ncmVzc2l2ZS5WSV9VU0VDQVNFX1BST0RVQ1RfVFlQRS4uQzMuMzYwLnN2ZV9zZCIsInhwdl9hc3NldF9pZCI6MTIyNTUwMDE4NzMxMTc0MiwiYXNzZXRfYWdlX2RheXMiOjAsInZpX3VzZWNhc2VfaWQiOjEwNzk5LCJkdXJhdGlvbl9zIjo2MSwidXJsZ2VuX3NvdXJjZSI6Ind3dyJ9&ccb=17-1&_nc_gid=QTsN30vR_nBRR19Ly07JFA&_nc_ss=7b289&_nc_zt=28&oh=00_Af9qaOlLtPXnx8XDwD-AQMy5baACpZ01ZIr6sRdUlbO62w&oe=6A38548D | Preview: https://scontent.fjai6-1.fna.fbcdn.net/v/t39.35426-6/725120845_1672571654011645_8145135256364520026_n.jpg?_nc_cat=106&ccb=1-7&_nc_sid=c53f8f&_nc_ohc=g6vvnaEN0rsQ7kNvwGAfaNY&_nc_oc=AdrX6LkbnL3pHDWCFw6zgqafP3uID8hciZGBJtm0z2_AvHdkGAF0NGkqqh7c7wUG6xBvYQa-I0qjCXfRTJj2BmL5&_nc_zt=14&_nc_ht=scontent.fjai6-1.fna&_nc_gid=QTsN30vR_nBRR19Ly07JFA&_nc_ss=7b289&oh=00_Af9q0Gh-A-kJRDXCd2nib1wMzcpukDpB5UtloE8vedMpxQ&oe=6A383ABD,,,,,,,
1627831578319641,https://www.facebook.com/61589688945471/,fb.me,https://www.facebook.com/61589688945471/,,,,,,,,,1114107718455786,http://fb.me/,Property Event,https://www.facebook.com/ads/library/?id=1627831578319641,"Exclusive Property Showcase 2026

Explore Villas, Farmhouses, Plots & Premium Homes across top destinations like Goa, Dehradun, Vrindavan, Pataudi & more — all under one roof.

📍 The Bristol Hotel, Gurugram
📅 20–21 June 2026 | ⏰ 10 AM – 7 PM

✔ Multiple Projects
✔ One-to-One Consultation
✔ Hi-Tea & Networking

Get project details, pricing, payment plans & exclusive event-day assistance.

📌 Limited consultation slots available.
Click ""See Details"" and register now.",2,See details,fb.me,"FACEBOOK; INSTAGRAM; AUDIENCE_NETWORK",2026-06-16,2026-06-16,HD: https://video.fjai6-1.fna.fbcdn.net/o1/v/t2/f2/m366/AQMfygPRjAciztuMJb0smiGLhJ5y9dwtYeROb1mWYEhRyhUu6ManYJpRHWR8RxsogKwHxqPEhTnViioVTO7ocgWdVaLnvfDUdAxmjXs_N1-6cg.mp4?_nc_cat=105&_nc_oc=AdqEkmN1q2Th6en5Hyd3c3Vmm9U9wJEjMR20FkdjrGvnfCeCwA8iV9TEyi9NPzBBKfpQPqrh91U7iIrioROlAenS&_nc_sid=b66105&_nc_ht=video.fjai6-1.fna.fbcdn.net&_nc_ohc=sYyB0MJ_QUMQ7kNvwHfGv6H&efg=eyJ2ZW5jb2RlX3RhZyI6Inhwdl9wcm9ncmVzc2l2ZS5WSV9VU0VDQVNFX1BST0RVQ1RfVFlQRS4uQzMuNzIwLmRhc2hfaDI2NC1iYXNpYy1nZW4yXzcyMHAiLCJ4cHZfYXNzZXRfaWQiOjEyMjU1MDAxODczMTE3NDIsImFzc2V0X2FnZV9kYXlzIjowLCJ2aV91c2VjYXNlX2lkIjoxMDc5OSwiZHVyYXRpb25fcyI6NjEsInVybGdlbl9zb3VyY2UiOiJ3d3cifQ%3D%3D&ccb=17-1&vs=af0a0817bd0f442b&_nc_vs=HBksFQIYRWZiX2VwaGVtZXJhbC9DNjQ0RTQ3ODU2RDAwQjUxQUZFODFBQTZCNDNGNDNBNl9tdF8xX3ZpZGVvX2Rhc2hpbml0Lm1wNBUAAsgBEgAVAhhAZmJfcGVybWFuZW50LzIwNEUwNEU3MDM3NUZBOTRGOEY2QThDMTYxQjY0Rjk0X2F1ZGlvX2Rhc2hpbml0Lm1wNBUCAsgBEgAoABgAGwKIB3VzZV9vaWwBMRJwcm9ncmVzc2l2ZV9yZWNpcGUBMRUAACb8-bH1v6WtBBUCKAJDMywXQE7EOVgQYk4YGWRhc2hfaDI2NC1iYXNpYy1nZW4yXzcyMHARAHUAZd6oAQA&_nc_gid=QTsN30vR_nBRR19Ly07JFA&_nc_ss=7b289&_nc_zt=28&oh=00_Af9FUL_LeeaELRgogkNARvnZAE-ANf4JR1HNkP-VinmP2g&oe=6A3858F7 | SD: https://video.fjai6-1.fna.fbcdn.net/o1/v/t2/f2/m412/AQNJIRoH54vm40rFflgvchDRoYkXodRL8tsKddD7ZXWXqvT5Zn4aymWeDQOGIBSnpAFdXMsyllINSjuS73DW3ncuKRgIT2DEqREDNxn6TQ.mp4?_nc_cat=109&_nc_oc=AdpZA4orTEEYLk71vzMUK1sXoNhPliYkvt4uYvDfOc_CVYZZ97120vYp6UHCJHcMiLJPatf1TDdxNSE2-cClusNO&_nc_sid=ef5aa3&_nc_ht=video.fjai6-1.fna.fbcdn.net&_nc_ohc=bs3s_rw-MsoQ7kNvwH1eFf1&efg=eyJ2ZW5jb2RlX3RhZyI6Inhwdl9wcm9ncmVzc2l2ZS5WSV9VU0VDQVNFX1BST0RVQ1RfVFlQRS4uQzMuMzYwLnN2ZV9zZCIsInhwdl9hc3NldF9pZCI6MTIyNTUwMDE4NzMxMTc0MiwiYXNzZXRfYWdlX2RheXMiOjAsInZpX3VzZWNhc2VfaWQiOjEwNzk5LCJkdXJhdGlvbl9zIjo2MSwidXJsZ2VuX3NvdXJjZSI6Ind3dyJ9&ccb=17-1&_nc_gid=QTsN30vR_nBRR19Ly07JFA&_nc_ss=7b289&_nc_zt=28&oh=00_Af9qaOlLtPXnx8XDwD-AQMy5baACpZ01ZIr6sRdUlbO62w&oe=6A38548D | Preview: https://scontent.fjai6-1.fna.fbcdn.net/v/t39.35426-6/725120845_1672571654011645_8145135256364520026_n.jpg?_nc_cat=106&ccb=1-7&_nc_sid=c53f8f&_nc_ohc=g6vvnaEN0rsQ7kNvwGAfaNY&_nc_oc=AdrX6LkbnL3pHDWCFw6zgqafP3uID8hciZGBJtm0z2_AvHdkGAF0NGkqqh7c7wUG6xBvYQa-I0qjCXfRTJj2BmL5&_nc_zt=14&_nc_ht=scontent.fjai6-1.fna&_nc_gid=QTsN30vR_nBRR19Ly07JFA&_nc_ss=7b289&oh=00_Af9q0Gh-A-kJRDXCd2nib1wMzcpukDpB5UtloE8vedMpxQ&oe=6A383ABD,,,,,,,
1284661397191384,https://www.facebook.com/61588258956350/,fb.me,https://www.facebook.com/61588258956350/,,,,,,,,,979240208609602,http://fb.me/,Sunrise Properties ,https://www.facebook.com/ads/library/?id=1284661397191384,"Your vision, our canvas. ✨ Discover premium 3 & 4 BHK high-rise apartments in Manchirevula, meticulously crafted and ready for your personal touch. No more waiting for construction – step into a space that’s a blank slate for your dream interiors. Design it your way, from floor to ceiling. Limited units available to create your masterpiece.",1,Get quote,fb.me,"FACEBOOK; INSTAGRAM; AUDIENCE_NETWORK",2026-05-11,2026-06-16,HD: https://video.fjai6-1.fna.fbcdn.net/o1/v/t2/f2/m366/AQNPbxTQC3_l7FNWNZFQWpHeBkMA5e2PUbblE8rqissFQY9kbp77tRT9bldaNM0W6x2ybLPaMfYUt405zxRu0Bz5Mfo9nZsk_Pnr4qFDSQcThA.mp4?_nc_cat=102&_nc_oc=AdrpprRIFkenDHHKE3bl1-HHo9GZGSM9NlwpGp8vE2aWcjgJ0GcGpDDFEB6vkxPlR45NUkrH4TS8iRAVySI42gUr&_nc_sid=b66105&_nc_ht=video.fjai6-1.fna.fbcdn.net&_nc_ohc=gguYzqAX-jYQ7kNvwEbCISD&efg=eyJ2ZW5jb2RlX3RhZyI6Inhwdl9wcm9ncmVzc2l2ZS5WSV9VU0VDQVNFX1BST0RVQ1RfVFlQRS4uQzMuNzIwLmRhc2hfaDI2NC1iYXNpYy1nZW4yXzcyMHAiLCJ4cHZfYXNzZXRfaWQiOjQ1MzI4NDg1NzcwNDEwMDYsImFzc2V0X2FnZV9kYXlzIjozNywidmlfdXNlY2FzZV9pZCI6MTA3OTksImR1cmF0aW9uX3MiOjE5LCJ1cmxnZW5fc291cmNlIjoid3d3In0%3D&ccb=17-1&vs=fb26e2445e4f03e5&_nc_vs=HBksFQIYRWZiX2VwaGVtZXJhbC81MjQ5NjY0RDRFM0U4RjU3OUYzNDI1RDUwQzFGQzlBRF9tdF8xX3ZpZGVvX2Rhc2hpbml0Lm1wNBUAAsgBEgAVAhhAZmJfcGVybWFuZW50LzgxNDUyMkNCOTA2RjQxQzdGQTkxMUI4NkU5RTNFRTkxX2F1ZGlvX2Rhc2hpbml0Lm1wNBUCAsgBEgAoABgAGwKIB3VzZV9vaWwBMRJwcm9ncmVzc2l2ZV9yZWNpcGUBMRUAACbcyYrUwaaNEBUCKAJDMywXQDOE3S8an74YGWRhc2hfaDI2NC1iYXNpYy1nZW4yXzcyMHARAHUAZd6oAQA&_nc_gid=QTsN30vR_nBRR19Ly07JFA&_nc_ss=7b289&_nc_zt=28&oh=00_Af8TGdofCb7KelNpoO5o93poNDKDIgRLxAIKj3cyn7qBHQ&oe=6A383722 | SD: https://video.fjai6-1.fna.fbcdn.net/o1/v/t2/f2/m412/AQPHmsDZeJCH2-V7VwshKOUCIt2rW3E2NCNEcvxS9E6w0IeJ6w9Mw-Mrl2PR5oDhqBg7rdrjWNzXxz2zKUINcNmRB0HLXNo0roTb33UGzg.mp4?_nc_cat=107&_nc_oc=AdrnWfNrZ6kF1rlrBSRPr2H8q6UyQPXaRhnKSlynFN754kjztGdwKJwWnq_daTCHk_WJcwgz0rrZGpeRNQMsSH8Z&_nc_sid=ef5aa3&_nc_ht=video.fjai6-1.fna.fbcdn.net&_nc_ohc=X_ureqrkt04Q7kNvwGPaB_c&efg=eyJ2ZW5jb2RlX3RhZyI6Inhwdl9wcm9ncmVzc2l2ZS5WSV9VU0VDQVNFX1BST0RVQ1RfVFlQRS4uQzMuMzYwLnN2ZV9zZCIsInhwdl9hc3NldF9pZCI6NDUzMjg0ODU3NzA0MTAwNiwiYXNzZXRfYWdlX2RheXMiOjM3LCJ2aV91c2VjYXNlX2lkIjoxMDc5OSwiZHVyYXRpb25fcyI6MTksInVybGdlbl9zb3VyY2UiOiJ3d3cifQ%3D%3D&ccb=17-1&_nc_gid=QTsN30vR_nBRR19Ly07JFA&_nc_ss=7b289&_nc_zt=28&oh=00_Af_z95dwUkxXf6dEtv21thEXHM-aX-nJr9XyxGoGg7kGXw&oe=6A385CC3 | Preview: https://scontent.fjai6-1.fna.fbcdn.net/v/t39.35426-6/695803228_1562820865852690_49074310493324610_n.jpg?_nc_cat=111&ccb=1-7&_nc_sid=c53f8f&_nc_ohc=Nle1784KzW0Q7kNvwG3zJWK&_nc_oc=AdqNoPp16-8RfdwZ8CQy7vzjhDFJMf6SuEzTP_fG2abByeUcBcBfvDdU7l2i1qsPM2pIEWfSMaJ_SCXis9EP9ZJb&_nc_zt=14&_nc_ht=scontent.fjai6-1.fna&_nc_gid=QTsN30vR_nBRR19Ly07JFA&_nc_ss=7b289&oh=00_Af8yMhlWJI4FPDStNH3eo7SfPU86m7zdJC2YMkP93Cl0KA&oe=6A3852FF,,,,,,,
1687883915686248,https://www.facebook.com/100094939590591/,fb.me,https://www.facebook.com/100094939590591/,,,,info@gcon.co.in,+91 76808 77227,,,,113843151769227,http://fb.me/,GCON,https://www.facebook.com/ads/library/?id=1687883915686248,"Why live far from everything?

Discover The Prime at Satyam Junction — premium 3 BHK high-rise apartments designed for modern city living.

✔ Central location with excellent connectivity
✔ No common walls for enhanced privacy
✔ Spacious homes from 2152 – 3056 SFT
✔ Premium amenities & designer landscaping
✔ GVMC & RERA Approved Project

Live where Vizag connects.",983,Get quote,fb.me,"FACEBOOK; INSTAGRAM; AUDIENCE_NETWORK",2026-06-12,2026-06-16,HD: https://video.fjai6-1.fna.fbcdn.net/o1/v/t2/f2/m366/AQOaJjW7uVlK87BOTKhKp7OEYvgtnImzclI-qbAoyCalEDpLH4dbsIW-SOuwthGJ88ERxG9_6BdVTlaDZDBtTU9N2-6xdsMVIeauYp5JP9c-MQ.mp4?_nc_cat=104&_nc_oc=Adpo1ZxhJjjwxmg8qYChGZgLMBflACUDgG7imvqZBDFPxaM_ywemEAYXGmvtwpFC4UmHmn7k8NN8lvwEzHXaHqGX&_nc_sid=b66105&_nc_ht=video.fjai6-1.fna.fbcdn.net&_nc_ohc=_xK0eVJddjMQ7kNvwE2a7MT&efg=eyJ2ZW5jb2RlX3RhZyI6Inhwdl9wcm9ncmVzc2l2ZS5WSV9VU0VDQVNFX1BST0RVQ1RfVFlQRS4uQzMuNzIwLmRhc2hfaDI2NC1iYXNpYy1nZW4yXzcyMHAiLCJ4cHZfYXNzZXRfaWQiOjEwMjIwOTc5NTA1MDUzNTksImFzc2V0X2FnZV9kYXlzIjoxMSwidmlfdXNlY2FzZV9pZCI6MTA3OTksImR1cmF0aW9uX3MiOjMyLCJ1cmxnZW5fc291cmNlIjoid3d3In0%3D&ccb=17-1&vs=21ab64a7657f44e7&_nc_vs=HBksFQIYRWZiX2VwaGVtZXJhbC82NzRFMzE1MUNFNkFBMzY1MTRBN0VEQ0FEQjFCRTBBQl9tdF8xX3ZpZGVvX2Rhc2hpbml0Lm1wNBUAAsgBEgAVAhhAZmJfcGVybWFuZW50LzJCNDRBODE2RkFFNEU3RDJBOTBBMDY1NzlGQzNFMEJGX2F1ZGlvX2Rhc2hpbml0Lm1wNBUCAsgBEgAoABgAGwKIB3VzZV9vaWwBMRJwcm9ncmVzc2l2ZV9yZWNpcGUBMRUAACae5p-U9-XQAxUCKAJDMywXQEBd0vGp--cYGWRhc2hfaDI2NC1iYXNpYy1nZW4yXzcyMHARAHUAZd6oAQA&_nc_gid=QTsN30vR_nBRR19Ly07JFA&_nc_ss=7b289&_nc_zt=28&oh=00_Af9vghZeATpQT-OZRBw2tgp4olu0X88cnEAU34RV69kzhg&oe=6A38335C | SD: https://video.fjai6-1.fna.fbcdn.net/o1/v/t2/f2/m412/AQMhlcL9LtGJLBMscf8kvAGL7U5DvHRsqhzI3wYbQ0YP2SIaA3A21SlvGbBP6FLPmikRqAKzHNM2aQHILICIQeAqsUyRr2PooU9nrZQAKQ.mp4?_nc_cat=111&_nc_oc=AdoCb6LBbULgl36Ss-6MS8noWUWZymx3aETu0MphnKVXyV3V-qpfATDSwkFNO4RlAiCUz9Rgw1QNIVP3y7-q56T9&_nc_sid=ef5aa3&_nc_ht=video.fjai6-1.fna.fbcdn.net&_nc_ohc=mLr2-mRMny0Q7kNvwFQZwpc&efg=eyJ2ZW5jb2RlX3RhZyI6Inhwdl9wcm9ncmVzc2l2ZS5WSV9VU0VDQVNFX1BST0RVQ1RfVFlQRS4uQzMuMzYwLnN2ZV9zZCIsInhwdl9hc3NldF9pZCI6MTAyMjA5Nzk1MDUwNTM1OSwiYXNzZXRfYWdlX2RheXMiOjExLCJ2aV91c2VjYXNlX2lkIjoxMDc5OSwiZHVyYXRpb25fcyI6MzIsInVybGdlbl9zb3VyY2UiOiJ3d3cifQ%3D%3D&ccb=17-1&_nc_gid=QTsN30vR_nBRR19Ly07JFA&_nc_ss=7b289&_nc_zt=28&oh=00_Af9GgMFAxsUa8T6wnQ0oViUWL15wMmJoEQfDDs779xkVTA&oe=6A385E47 | Preview: https://scontent.fjai6-1.fna.fbcdn.net/v/t39.35426-6/712085581_1318917339732924_3649144026328298093_n.jpg?_nc_cat=100&ccb=1-7&_nc_sid=c53f8f&_nc_ohc=qA30ONmA6FwQ7kNvwHodCHA&_nc_oc=AdoiqOpPn6EPcvXFSJr9wFXGW7WpJ54_UfCvDscsJt5zzaGrDjDPYZpkAGOYBLOrs_lDQWp4ABrnE25OJif16u37&_nc_zt=14&_nc_ht=scontent.fjai6-1.fna&_nc_gid=QTsN30vR_nBRR19Ly07JFA&_nc_ss=7b289&oh=00_Af8XWiWQ8PKAmLxY0xhEQYlyxUVaM5PWLmBx57bMzOcKbA&oe=6A3860CA,,,,,,,
1191941527330864,https://www.facebook.com/61565641080598/,fb.me,https://www.facebook.com/61565641080598/,,,,,,,,,452134437972525,http://fb.me/,SVL Group,https://www.facebook.com/ads/library/?id=1191941527330864,"Pay 25% now, own your home
Prime location = faster appreciation.
Eldeco Sector 80 Gurugram

📍 Just 5–7 mins from NH-48 (Delhi–Jaipur Expressway)
📍 Only 20 mins from Rajiv Chowk, Gurgaon

🏢 Premium 3 & 3.5 BHK High-Rise Apartments in Sector 80
💰 Starting from ₹3 Cr* 

✨ World-class amenities, excellent connectivity & high growth potential

👉 Enquire now for best offers & site visit!",136,Get quote,fb.me,"FACEBOOK; INSTAGRAM; AUDIENCE_NETWORK",2026-06-08,2026-06-16,HD: https://video.fjai6-1.fna.fbcdn.net/o1/v/t2/f2/m366/AQOLd06eW9vbr9kyWZWHmcMWg14QkN5e_Ugh4hT3Y2pt9oqbadXw3Ll-9tFZCU4G_9DbVaBkrQbVpV_OWiGzdc8pmg16QE5X9Ig7T0tv5K_1uw.mp4?_nc_cat=101&_nc_oc=Adqqock104-GkX4sv_sqNpmnX9yeVoPDYp0jPQqNfP3BDPa66FtZbl91E-oGBvNBCifXvoJYy6I3FoSyMIJHTDO-&_nc_sid=b66105&_nc_ht=video.fjai6-1.fna.fbcdn.net&_nc_ohc=6gbHQXQgADUQ7kNvwFOWyFr&efg=eyJ2ZW5jb2RlX3RhZyI6Inhwdl9wcm9ncmVzc2l2ZS5WSV9VU0VDQVNFX1BST0RVQ1RfVFlQRS4uQzMuNzIwLmRhc2hfaDI2NC1iYXNpYy1nZW4yXzcyMHAiLCJ4cHZfYXNzZXRfaWQiOjEzMTEzNjM1NTA5MTQxNzMsImFzc2V0X2FnZV9kYXlzIjo0MywidmlfdXNlY2FzZV9pZCI6MTA3OTksImR1cmF0aW9uX3MiOjQxLCJ1cmxnZW5fc291cmNlIjoid3d3In0%3D&ccb=17-1&vs=bbf4f5fe6013218&_nc_vs=HBksFQIYRWZiX2VwaGVtZXJhbC8yMzQ2QTlGRkIyQUMzMEVEMjJBMURBRjgxODkyNTQ4Rl9tdF8xX3ZpZGVvX2Rhc2hpbml0Lm1wNBUAAsgBEgAVAhhAZmJfcGVybWFuZW50LzJFNDM3RTQxMTAyQTczOUJGMTYyREYwMURBQkI0Qjg4X2F1ZGlvX2Rhc2hpbml0Lm1wNBUCAsgBEgAoABgAGwKIB3VzZV9vaWwBMRJwcm9ncmVzc2l2ZV9yZWNpcGUBMRUAACb6mf3ps6vUBBUCKAJDMywXQESu2RaHKwIYGWRhc2hfaDI2NC1iYXNpYy1nZW4yXzcyMHARAHUAZd6oAQA&_nc_gid=QTsN30vR_nBRR19Ly07JFA&_nc_ss=7b289&_nc_zt=28&oh=00_Af804Yf8fSJ7MzlRWN98CRValGVNFPV_cdJQBDozGqHPkw&oe=6A384793 | SD: https://video.fjai6-1.fna.fbcdn.net/o1/v/t2/f2/m412/AQNN5M3KfBk63CBIiuhbPLjEdKWtR2NFflpKys52jVVo_LzR4vLnPr0qkA_NaSxLCm1tlgRC5kpNdt_qTvrfdHAu52Jl7lowsnnTfdQGeg.mp4?_nc_cat=107&_nc_oc=AdoguvI9Ko0UqAs1k5TKUkMooBRklE_nzLz7ZX_nU0oxGyck_TSCgbDkFbrE9A58Gh1FhVWGsYFLuJc0oJKHf1lh&_nc_sid=ef5aa3&_nc_ht=video.fjai6-1.fna.fbcdn.net&_nc_ohc=hM5xmvfLStsQ7kNvwHqWBiX&efg=eyJ2ZW5jb2RlX3RhZyI6Inhwdl9wcm9ncmVzc2l2ZS5WSV9VU0VDQVNFX1BST0RVQ1RfVFlQRS4uQzMuMzYwLnN2ZV9zZCIsInhwdl9hc3NldF9pZCI6MTMxMTM2MzU1MDkxNDE3MywiYXNzZXRfYWdlX2RheXMiOjQzLCJ2aV91c2VjYXNlX2lkIjoxMDc5OSwiZHVyYXRpb25fcyI6NDEsInVybGdlbl9zb3VyY2UiOiJ3d3cifQ%3D%3D&ccb=17-1&_nc_gid=QTsN30vR_nBRR19Ly07JFA&_nc_ss=7b289&_nc_zt=28&oh=00_Af8ilw6jE1e6BtARh-8qAJgrF2uZq5yC5yMGZXwUTUGQzw&oe=6A383443 | Preview: https://scontent.fjai6-1.fna.fbcdn.net/v/t39.35426-6/717240678_2236119390535810_5682790526306670119_n.jpg?_nc_cat=105&ccb=1-7&_nc_sid=c53f8f&_nc_ohc=1wTgEcb0kP8Q7kNvwFViLAu&_nc_oc=AdqgzgLwVkj9-X0k5u6Fs9DtfhwmxhZPEWZWvqgZMcWBdvgk_GveUTTtvWm6ygouYSLd57wGhtogjDPMZRUouZr7&_nc_zt=14&_nc_ht=scontent.fjai6-1.fna&_nc_gid=QTsN30vR_nBRR19Ly07JFA&_nc_ss=7b289&oh=00_Af_VDIDH0EbseKo-pbv6MsFEq7mZUe_bFtVQ20q_6RKr5w&oe=6A384353,,,,,,,
1010932961402799,https://www.facebook.com/61572568545177/,fb.me,https://www.facebook.com/61572568545177/,,,,,+91 90003 58004,,,,1122098024309638,http://fb.me/,Zuari Gangothri Tribhuja,https://www.facebook.com/ads/library/?id=1010932961402799,"You’ve worked hard and adjusted for years. Now, it’s time to choose a home that gives you exactly what you deserve.
Welcome to Tribhuja by Zuari Infraworld, Kollur’s finest premium community designed for those who refuse to compromise.

Why Hyderabad’s smartest buyers are moving here:
🌟 No More Cramped Spaces: Ultra-luxurious 3 & 4 BHK high-rise apartments.
🚗 No More Traffic Woes: Just 2 Mins from ORR Exit 2—seamless connectivity to the IT Hub.
👑 No More Boring Weekends: A massive 1 Lakh sqft. Grand Clubhouse at your doorstep.
💰 Unmatched Value: Premium luxury starting at ₹1.26 Cr onwards.
Don't settle for less when you can have it all. Upgrade your lifestyle today.

📞 Claim Your Exclusive Site Visit & Pricing Details:+91 8008891543",15,Get quote,fb.me,"FACEBOOK; INSTAGRAM",2026-06-17,2026-06-17,,,"You’ve worked hard and adjusted for years. Now, it’s time to choose a home that gives you exactly what you deserve.
Welcome to Tribhuja by Zuari Infraworld, Kollur’s finest premium community designed for those who refuse to compromise.

Why Hyderabad’s smartest buyers are moving here:
🌟 No More Cramped Spaces: Ultra-luxurious 3 & 4 BHK high-rise apartments.
🚗 No More Traffic Woes: Just 2 Mins from ORR Exit 2—seamless connectivity to the IT Hub.
👑 No More Boring Weekends: A massive 1 Lakh sqft. Grand Clubhouse at your doorstep.
💰 Unmatched Value: Premium luxury starting at ₹1.26 Cr onwards.
Don't settle for less when you can have it all. Upgrade your lifestyle today.

📞 Claim Your Exclusive Site Visit & Pricing Details:+91 8008891543 || You’ve worked hard and adjusted for years. Now, it’s time to choose a home that gives you exactly what you deserve.

Welcome to Tribhuja by Zuari Infraworld, Kollur’s finest premium community designed for those who refuse to compromise.

Why Hyderabad’s smartest buyers are moving here:
🌟 No More Cramped Spaces: Ultra-luxurious 3 & 4 BHK high-rise apartments.
🚗 No More Traffic Woes: Just 2 Mins from ORR Exit 2—seamless connectivity to the IT Hub.
👑 No More Boring Weekends: A massive 1 Lakh sqft. Grand Clubhouse at your doorstep.
💰 Unmatched Value: Premium luxury starting at ₹1.26 Cr onwards.

Don't settle for less when you can have it all. Upgrade your lifestyle today.

📞 Claim Your Exclusive Site Visit & Pricing Details:+91 8008891543",http://fb.me/ || http://fb.me/,,Get Quote || Get Quote,Original: https://scontent.fjai6-1.fna.fbcdn.net/v/t39.35426-6/719153083_1668503747759602_2466582649879166866_n.jpg?_nc_cat=107&ccb=1-7&_nc_sid=c53f8f&_nc_ohc=L8ddfyXqfiIQ7kNvwGrUWXO&_nc_oc=AdpNHFbJ8pBE7W8QVdHQv3LIZ1WzrD85PWnsoHNyVr-b2owhfE-BVJ04GOr4fQMEtczI_bNJTox0GK-Ugu0_ViiE&_nc_zt=14&_nc_ht=scontent.fjai6-1.fna&_nc_gid=F07eBydWAtN5aPrLjjcAng&_nc_ss=7b289&oh=00_Af-G0qO_B954UzHgZ5dk97ij0rGux_Ht05afcbRPMMe1-g&oe=6A38483A | Resized: https://scontent.fjai6-1.fna.fbcdn.net/v/t39.35426-6/719069346_1191736564018996_5567036423037790606_n.jpg?stp=dst-jpg_s600x600_tt6&_nc_cat=108&ccb=1-7&_nc_sid=c53f8f&_nc_ohc=PQEkddYYtt8Q7kNvwE-kjtP&_nc_oc=AdqHmbNkUGMOOK1Qa4bBlQp8tJ9wclw_-wwl2Xa987KeMyTdvmiQLTLYv0Vhyp6azGbM6IBysqx4fzAzijCiRmRb&_nc_zt=14&_nc_ht=scontent.fjai6-1.fna&_nc_gid=F07eBydWAtN5aPrLjjcAng&_nc_ss=7b289&oh=00_Af_d0HcgKHMd-rLs_66Bl2pVGChMWo6QhJi2QRtAr9JT-w&oe=6A383F3E || Original: https://scontent.fjai6-1.fna.fbcdn.net/v/t39.35426-6/719150792_1520577526515023_8695561043086370253_n.jpg?_nc_cat=102&ccb=1-7&_nc_sid=c53f8f&_nc_ohc=tAKdLRdiYqwQ7kNvwHhcVzl&_nc_oc=Ado43RHFbMqPm2p3tNvuzldv6J8w867aUmPKF2uN6m4OU2Uagni4djh7e6j0TGBccrB2LcJQWNevYvAkCC-op0Ut&_nc_zt=14&_nc_ht=scontent.fjai6-1.fna&_nc_gid=F07eBydWAtN5aPrLjjcAng&_nc_ss=7b289&oh=00_Af9DiHRqZzgSGJ8dYPZ9wbj9hYRgFZJhn1Xkq7fibKNvHA&oe=6A383E37 | Resized: https://scontent.fjai6-1.fna.fbcdn.net/v/t39.35426-6/720634678_1408677694403781_6038236610650700855_n.jpg?stp=dst-jpg_s600x600_tt6&_nc_cat=103&ccb=1-7&_nc_sid=c53f8f&_nc_ohc=EkJloFFqGdAQ7kNvwE85rTK&_nc_oc=AdojvIacfAqLjAlBidkwL3mqPYEtaTl9cO7T_Z54aI9xUTBiIboR4SVCrDV_LC2SlmPqrbKVDMW_9IuAk8Jr2yVA&_nc_zt=14&_nc_ht=scontent.fjai6-1.fna&_nc_gid=F07eBydWAtN5aPrLjjcAng&_nc_ss=7b289&oh=00_Af92Rx2LXDLWlbmL_7k9ukN-11nukb82E-IMVdUxmXhyIg&oe=6A382DF6,
897199856694165,https://www.facebook.com/100083063811913/,,https://www.facebook.com/100083063811913/,,,,pestreliefservices21@gmail.com,,,,,111712691557380,,Pest Relief Services,https://www.facebook.com/ads/library/?id=897199856694165,"Enjoy clear, uninterrupted views with high-precision Invisible Grills by Pest Relief Services - designed for safety without compromise. It's safe for children, pets and the environment.
Perfect for balconies, windows, and high-rise apartments - blending seamlessly with your decor and adding an extra layer of protection.
Expand your vision with our Invisible Grills today. Call 081086 93840",114,Call now,,"FACEBOOK; INSTAGRAM",2026-04-27,2026-06-16,HD: https://video.fjai6-1.fna.fbcdn.net/o1/v/t2/f2/m366/AQPsf3tUPZv-Xgi8-sW3WCx2F9Yz-gOyQPqyE-temid8WrZCXLEJq5BuEplD1s6q-YLKt3Qf7Nggd3EkOofNRZSzwdEZYsY3FtUNF2c6Jn94Rw.mp4?_nc_cat=111&_nc_oc=AdrqQWSRGuhhoMQyltKO1-X6JmirXEgSrn1bH7_2FJqrDG6KfA5CNDj6n4uWcan7WVKVjkyqfT9ek3GMnvEUuC2j&_nc_sid=b66105&_nc_ht=video.fjai6-1.fna.fbcdn.net&_nc_ohc=gq48HhhQBOAQ7kNvwGQnoGk&efg=eyJ2ZW5jb2RlX3RhZyI6Inhwdl9wcm9ncmVzc2l2ZS5WSV9VU0VDQVNFX1BST0RVQ1RfVFlQRS4uQzMuNzIwLmRhc2hfaDI2NC1iYXNpYy1nZW4yXzcyMHAiLCJ4cHZfYXNzZXRfaWQiOjkxNDk1NTM1NDQ5MzAzMCwiYXNzZXRfYWdlX2RheXMiOjUyLCJ2aV91c2VjYXNlX2lkIjoxMDEzOSwiZHVyYXRpb25fcyI6NDgsInVybGdlbl9zb3VyY2UiOiJ3d3cifQ%3D%3D&ccb=17-1&vs=9b7e9e92c9ebdd6&_nc_vs=HBksFQIYRWZiX2VwaGVtZXJhbC9BMDQ4OTc3ODM2ODlENUU0RTBCMUVENjNCRjFCQ0U4NF9tdF8xX3ZpZGVvX2Rhc2hpbml0Lm1wNBUAAsgBEgAVAhhAZmJfcGVybWFuZW50LzBENEExMEFFRDE2RUExRUU1M0Q4MUE3NTEyQkZGRUFCX2F1ZGlvX2Rhc2hpbml0Lm1wNBUCAsgBEgAoABgAGwKIB3VzZV9vaWwBMRJwcm9ncmVzc2l2ZV9yZWNpcGUBMRUAACbMwZ7OtImgAxUCKAJDMywXQEgMzMzMzM0YGWRhc2hfaDI2NC1iYXNpYy1nZW4yXzcyMHARAHUAZbaeAQA&_nc_gid=F07eBydWAtN5aPrLjjcAng&_nc_ss=7b289&_nc_zt=28&oh=00_Af-j9V1eCK5TMyha-h8FoqpPA2LB9GIiskaA1Rgf-YT3tg&oe=6A386439 | SD: https://video.fjai6-1.fna.fbcdn.net/o1/v/t2/f2/m412/AQNxRs6M16XDmfbCb1fXxuhH0qoIZxvqBPvnOOCTAf83-EezgPtGRRxhuyqHn9Q0fwa3EEJnXBCTa5VQAgOClbQ0si3PTPCeXVZJMKJEbg.mp4?_nc_cat=106&_nc_oc=Adp6AHBRqMgGfGmy1fPYfIyWGlfMxyhnOaG-1I58Dcj3sp-0jXOX87_K0Gp5MyWaQi4TMkUzEeCW8_JM6wIkU_it&_nc_sid=ef5aa3&_nc_ht=video.fjai6-1.fna.fbcdn.net&_nc_ohc=8GXC7JtPNM8Q7kNvwG2--WQ&efg=eyJ2ZW5jb2RlX3RhZyI6Inhwdl9wcm9ncmVzc2l2ZS5WSV9VU0VDQVNFX1BST0RVQ1RfVFlQRS4uQzMuMzYwLnN2ZV9zZCIsInhwdl9hc3NldF9pZCI6OTE0OTU1MzU0NDkzMDMwLCJhc3NldF9hZ2VfZGF5cyI6NTIsInZpX3VzZWNhc2VfaWQiOjEwMTM5LCJkdXJhdGlvbl9zIjo0OCwidXJsZ2VuX3NvdXJjZSI6Ind3dyJ9&ccb=17-1&_nc_gid=F07eBydWAtN5aPrLjjcAng&_nc_ss=7b289&_nc_zt=28&oh=00_Af8bSBaf9KNQ9tim1ad--gkiVAmzZHanzx9UM7zEViUQtQ&oe=6A3845DC | Preview: https://scontent.fjai6-1.fna.fbcdn.net/v/t39.35426-6/684571104_1705736457256227_3606509577067976962_n.jpg?_nc_cat=105&ccb=1-7&_nc_sid=c53f8f&_nc_ohc=mnxCe4MbthkQ7kNvwGfoTHK&_nc_oc=AdqhUVAnTUE9e__SxsP9BKMUnoyiIF59vGcHRBG1x1pl1FKnOvCADfNhkaqQkONriGMhnZUp-urlHfpBGcOqurQ9&_nc_zt=14&_nc_ht=scontent.fjai6-1.fna&_nc_gid=F07eBydWAtN5aPrLjjcAng&_nc_ss=7b289&oh=00_Af91PYHZ01lwSUfrZh5tTMZ3SioQK6h7Hd-oPWBEe-DVKg&oe=6A38600B,,,,,,,
1500629524852751,https://www.facebook.com/SavviourVridhiIndia/,fb.me,https://www.facebook.com/SavviourVridhiIndia/,,,,,,,,,1147276885135321,http://fb.me/,Savviour Vridhi,https://www.facebook.com/ads/library/?id=1500629524852751,"Tired of apartments where the ""luxury"" is just a fancy brochure? 

Most builders promise premium. Few deliver it floor-to-floor, detail-to-detail, lock-to-lock.

Vridhi+ Premium Tower by Savviour Builderrs is different —

🍽️ Rooftop Restaurant — in your own building
🏊 Dedicated Club exclusively for tower residents
🏗️ Mi-Van Construction | 3-Side Open Tower
🔒 Godrej Digital Lock | Secure gated living
💳 Pay just 10% — No EMI till Possession
🎯 40+ Amenities | Bank approved

3 & 4 BHK Air Conditioned Luxury Apartments
8 Acres | Greater Noida West

Starting ₹1.30 Cr* | Only 192 Premium Homes

This is not just a home. This is proof.

Register your interest now 👇
📞 8540 06 0 606",2,Get quote,fb.me,"FACEBOOK; INSTAGRAM",2026-06-09,2026-06-16,,Original: https://scontent.fjai6-1.fna.fbcdn.net/v/t39.35426-6/720588513_1726466755036707_8786397665946427082_n.jpg?_nc_cat=105&ccb=1-7&_nc_sid=c53f8f&_nc_ohc=qXPLCEQT_qgQ7kNvwH26ua1&_nc_oc=AdqAjP1fhd2OKLP3SFtWWX034ZdgeJMB5pdKrx_R_Hh-8aBP7c8PtbCDzsO51PqxELZZD0i5XcSiO3hcwEzQUvaP&_nc_zt=14&_nc_ht=scontent.fjai6-1.fna&_nc_gid=F07eBydWAtN5aPrLjjcAng&_nc_ss=7b289&oh=00_Af_etyWOdgNeCFpb_L44c5St6d3XaBI2bQ_Ms6ncmUc3og&oe=6A384221 | Resized: https://scontent.fjai6-1.fna.fbcdn.net/v/t39.35426-6/720051245_1336439548583729_6353962731390027700_n.jpg?stp=dst-jpg_s600x600_tt6&_nc_cat=105&ccb=1-7&_nc_sid=c53f8f&_nc_ohc=GSojgv2Y8UwQ7kNvwGPFw9I&_nc_oc=Adoi-SHlnzJo7ycLxgvDkRFFXF10aVMpvX_QftYYTbmrHn_r4oZGJ4gBQmQye2okbJ9i_w7lD0NVAQCB8XiufRW5&_nc_zt=14&_nc_ht=scontent.fjai6-1.fna&_nc_gid=F07eBydWAtN5aPrLjjcAng&_nc_ss=7b289&oh=00_Af_iMV9WGWlzqhiFetImLqMhwltEjm8-yuXym7J4D8yWUg&oe=6A3862DA,,,,,,
1600734938718307,https://www.facebook.com/61589799415561/,fb.me,https://www.facebook.com/61589799415561/,,,,,,,,,1062606926945071,http://fb.me/,DAC Cambridge ,https://www.facebook.com/ads/library/?id=1600734938718307,"Looking for the perfect dream home in Chennai? Your search ends here! 🏡✨

Hear it directly from our happy homeowners at DAC Cambridge! Located near Sholinganallur, right in the heart of the thriving IT Corridor, this project offers the perfect blend of luxury, convenience, and peace of mind.

Why homebuyers are choosing DAC Cambridge:
📍 Prime Location: Unmatched connectivity to major IT hubs, schools, and entertainment zones.
🏢 Stilt + 5 Low-Rise Design: Enjoy a cozy, low-density community vibe that is highly safe and convenient for kids and elderly parents alike.
🤝 A Trusted Name: Built by DAC, a brand backed by a strong legacy and countless happy families.

⚠️ FAST SELLING: We are already 50% SOLD OUT! Plus, exclusive Pre-EMI benefits end tomorrow.

Don't miss out on the perfect home for your family.",6,Book now,fb.me,"FACEBOOK; INSTAGRAM; AUDIENCE_NETWORK",2026-06-07,2026-06-16,HD: https://video.fjai6-1.fna.fbcdn.net/o1/v/t2/f2/m366/AQPsd_N-oMH_mzzA8M2AWdEYZ9BQI-XGc3gznYJp8j1-MlkK9TwWQbMW4uF7QXahYbpeV56GrhH4-S5AkFgh0MG7JbqwScSg1aloeoXox65YmA.mp4?_nc_cat=106&_nc_oc=AdrjJZ91ljYqHKCDLcE9lVEOACxwwiHGrOVKcxFuh6NxBwKj_z7TXfq8ORl2FrRM86uSt0kifaG81o-jnwjP779t&_nc_sid=b66105&_nc_ht=video.fjai6-1.fna.fbcdn.net&_nc_ohc=lo7BYPxYVjQQ7kNvwHxyJgO&efg=eyJ2ZW5jb2RlX3RhZyI6Inhwdl9wcm9ncmVzc2l2ZS5WSV9VU0VDQVNFX1BST0RVQ1RfVFlQRS4uQzMuNzIwLmRhc2hfaDI2NC1iYXNpYy1nZW4yXzcyMHAiLCJ4cHZfYXNzZXRfaWQiOjEzMjQ0NDMyMTIzODIxMzAsImFzc2V0X2FnZV9kYXlzIjoxMCwidmlfdXNlY2FzZV9pZCI6MTA3OTksImR1cmF0aW9uX3MiOjgwLCJ1cmxnZW5fc291cmNlIjoid3d3In0%3D&ccb=17-1&vs=17da52512275c07&_nc_vs=HBksFQIYRWZiX2VwaGVtZXJhbC9GRDRFMDg3QUMzQzA2NjhBNTI2NUZBMjFCMTlBNzE5OF9tdF8xX3ZpZGVvX2Rhc2hpbml0Lm1wNBUAAsgBEgAVAhhAZmJfcGVybWFuZW50L0I3NDQwOTM5NjYyNUM5NjgzMzk3MkM2QkZFRjJBRTk3X2F1ZGlvX2Rhc2hpbml0Lm1wNBUCAsgBEgAoABgAGwKIB3VzZV9vaWwBMRJwcm9ncmVzc2l2ZV9yZWNpcGUBMRUAACbk_pfz3qTaBBUCKAJDMywXQFQEOVgQYk4YGWRhc2hfaDI2NC1iYXNpYy1nZW4yXzcyMHARAHUAZd6oAQA&_nc_gid=0FiDyLLspo8ajaV7iEcYMQ&_nc_ss=7b289&_nc_zt=28&oh=00_Af-uX6EGXDVU1S5HKCgfZt3Y1reiddMItqDWVnI12FRugA&oe=6A383456 | SD: https://video.fjai6-1.fna.fbcdn.net/o1/v/t2/f2/m412/AQONnCY5TQt44fjpyZf8g0NYFD68Xkz9a8-N7jWtddVg87y469YJkMMnjKaRoRWkOhxDOaig-6mfmLyK4n61wGUvbel9dMmLp301Fhw6Jg.mp4?_nc_cat=111&_nc_oc=AdouFMAjH8GAT8fgtmS_f6NDSWxo8_z6shwPrhnRCJKBCgMXDCyTuaGO6E17WRyOoXtB_MFZSioUr0_hX_zooMpy&_nc_sid=ef5aa3&_nc_ht=video.fjai6-1.fna.fbcdn.net&_nc_ohc=JU3Ein7xm70Q7kNvwF1O23d&efg=eyJ2ZW5jb2RlX3RhZyI6Inhwdl9wcm9ncmVzc2l2ZS5WSV9VU0VDQVNFX1BST0RVQ1RfVFlQRS4uQzMuMzYwLnN2ZV9zZCIsInhwdl9hc3NldF9pZCI6MTMyNDQ0MzIxMjM4MjEzMCwiYXNzZXRfYWdlX2RheXMiOjEwLCJ2aV91c2VjYXNlX2lkIjoxMDc5OSwiZHVyYXRpb25fcyI6ODAsInVybGdlbl9zb3VyY2UiOiJ3d3cifQ%3D%3D&ccb=17-1&_nc_gid=0FiDyLLspo8ajaV7iEcYMQ&_nc_ss=7b289&_nc_zt=28&oh=00_Af_m2g5pPPejqINAwBmhjOhyVLZVaiMEXe1GfyoVdrJI4A&oe=6A38319B | Preview: https://scontent.fjai6-1.fna.fbcdn.net/v/t39.35426-6/717115292_2001117227166712_1760037499644386800_n.jpg?_nc_cat=102&ccb=1-7&_nc_sid=c53f8f&_nc_ohc=xOfaqtVelr8Q7kNvwH8Vrcq&_nc_oc=Ado54lmGZYKbQf6Ks623UCRY8YG-f7p9Envwo1_YZ2-oIgEoPwfHjMdDBxGjzIAuZVTMVLoVE3iva15p9DXR4c5t&_nc_zt=14&_nc_ht=scontent.fjai6-1.fna&_nc_gid=0FiDyLLspo8ajaV7iEcYMQ&_nc_ss=7b289&oh=00_Af8BClJfeWO0wxrcntuv1vsASNHhIi0vmu3gUk8VRSkYMw&oe=6A384119,,,,,,,
1982425482638587,https://www.facebook.com/JainHousing/,fb.me,https://www.facebook.com/JainHousing/,,,,enquiry@jainhousing.com,+91 44 4949 4455,,,,449972571700056,http://fb.me/,Jain Housing,https://www.facebook.com/ads/library/?id=1982425482638587,"🏡 Premium 2 & 3 BHK Apartments in Vilankurichi, Coimbatore
Experience high-rise living at Jains Aashna.
✨ B+S+15 Floors
✨ Premium Lifestyle Amenities
✨ Excellent Connectivity
✨ Starting From ₹68 Lakhs*

RERA No : TNRERA/11/BLG/0351/2025

Book your site visit
📞 Call now: 90927 74111",103164,Get quote,fb.me,"FACEBOOK; INSTAGRAM",2026-05-20,2026-06-16,,,"🏡 Premium 2 & 3 BHK Apartments in Vilankurichi, Coimbatore
Experience high-rise living at Jains Aashna.
✨ B+S+15 Floors
✨ Premium Lifestyle Amenities
✨ Excellent Connectivity
✨ Starting From ₹68 Lakhs*

RERA No : TNRERA/11/BLG/0351/2025

Book your site visit
📞 Call now: 90927 74111 || 🏡 Premium 2 & 3 BHK Apartments in Vilankurichi, Coimbatore
Experience high-rise living at Jains Aashna.
✨ B+S+15 Floors
✨ Premium Lifestyle Amenities
✨ Excellent Connectivity
✨ Starting From ₹68 Lakhs*

RERA No : TNRERA/11/BLG/0351/2025

Book your site visit
📞 Call now: 90927 74111 || 🏡 Premium 2 & 3 BHK Apartments in Vilankurichi, Coimbatore
Experience high-rise living at Jains Aashna.
✨ B+S+15 Floors
✨ Premium Lifestyle Amenities
✨ Excellent Connectivity
✨ Starting From ₹68 Lakhs*

RERA No : TNRERA/11/BLG/0351/2025

Book your site visit
📞 Call now: 90927 74111",http://fb.me/ || http://fb.me/ || http://fb.me/,,Get Quote || Get Quote || Get Quote,Original: https://scontent.fjai6-1.fna.fbcdn.net/v/t39.35426-6/698967844_1019897457263551_6618862618002406270_n.jpg?_nc_cat=107&ccb=1-7&_nc_sid=c53f8f&_nc_ohc=-70AX8wLSjMQ7kNvwGJ-sL4&_nc_oc=Adpc_mfMZMTaVvpurPWtLISNZhndiUte6EvV1jyyWAcUSGTqnHKNB9lQAlTZQu7b-logEbiWeoS3oVsCAJ6F6gO1&_nc_zt=14&_nc_ht=scontent.fjai6-1.fna&_nc_gid=0FiDyLLspo8ajaV7iEcYMQ&_nc_ss=7b289&oh=00_Af8cJX1ENhD18yL5rgSoJLjeGYc-ffrnZzcGtWwItxHRfw&oe=6A383911 | Resized: https://scontent.fjai6-1.fna.fbcdn.net/v/t39.35426-6/697167079_837989466053779_4483769588269505221_n.jpg?stp=dst-jpg_s600x600_tt6&_nc_cat=110&ccb=1-7&_nc_sid=c53f8f&_nc_ohc=lSYPMWeyjWwQ7kNvwHBVYf_&_nc_oc=Adq-y5nJGXsZ8uBWU070TeqBxFGtTsjYBg46fOeZAxBlgCHuK3ZHXlSOXQYExgD6Kt74YinX_RwaV3tsxijdK_q5&_nc_zt=14&_nc_ht=scontent.fjai6-1.fna&_nc_gid=0FiDyLLspo8ajaV7iEcYMQ&_nc_ss=7b289&oh=00_Af97h5SmcWjqmptxhmdeODn9BeQUvE_oomEDL4GKbaEckg&oe=6A38613F || Original: https://scontent.fjai6-1.fna.fbcdn.net/v/t39.35426-6/697093152_2027656621472007_1141277927049907797_n.jpg?_nc_cat=109&ccb=1-7&_nc_sid=c53f8f&_nc_ohc=RXxl3yhSnd4Q7kNvwFBtKmI&_nc_oc=AdrLYEt29g9gybmNzgEC7JqCTUdvompKJrw7lAMvL4myLJM3s1JtPPC4rXOZUmne97HwVanJmaTfuWIFCGpWv0aT&_nc_zt=14&_nc_ht=scontent.fjai6-1.fna&_nc_gid=0FiDyLLspo8ajaV7iEcYMQ&_nc_ss=7b289&oh=00_Af-0spSx-EaIbBkJXhuPutWGZksAVKBHMPZlOkHZAk-XQA&oe=6A383903 | Resized: https://scontent.fjai6-1.fna.fbcdn.net/v/t39.35426-6/697777787_1502165231493008_7583275496244012203_n.jpg?stp=dst-jpg_s600x600_tt6&_nc_cat=111&ccb=1-7&_nc_sid=c53f8f&_nc_ohc=buX3G4DbxKkQ7kNvwGfflHw&_nc_oc=Adql2NMIvV7nqFD1tJLa2ZrpFgGCUxa3FVaKkvO6TknAUpD6X3Ck62t2QEQZZGeJ1j2qHjMFB6WK5k5DteJuwq41&_nc_zt=14&_nc_ht=scontent.fjai6-1.fna&_nc_gid=0FiDyLLspo8ajaV7iEcYMQ&_nc_ss=7b289&oh=00_Af-lb0kFloiYfvvo2SqeaCyrRh5W2aFd-r2KGXKgMUlRcg&oe=6A383318 || Original: https://scontent.fjai6-1.fna.fbcdn.net/v/t39.35426-6/697292806_1661363348349568_3133942995962784836_n.jpg?_nc_cat=104&ccb=1-7&_nc_sid=c53f8f&_nc_ohc=xS6YVYtI8HAQ7kNvwFkjrNM&_nc_oc=Ado3xrwIPD9FjRpoaFCvm4GVtM4FKtBW0pEbe4pO8fOEoQtAaBzW2QQKrNU3LuKI1AyGCOe3d07ndsYMv-8Xq6pG&_nc_zt=14&_nc_ht=scontent.fjai6-1.fna&_nc_gid=0FiDyLLspo8ajaV7iEcYMQ&_nc_ss=7b289&oh=00_Af_xxj3W_F_4WeTpRJDJTx4g9YS13ZbAdeYONChYHbgTWg&oe=6A384EAD | Resized: https://scontent.fjai6-1.fna.fbcdn.net/v/t39.35426-6/696195752_26848561184796445_5929421846998771977_n.jpg?stp=dst-jpg_s600x600_tt6&_nc_cat=109&ccb=1-7&_nc_sid=c53f8f&_nc_ohc=CCGb6TdT-cQQ7kNvwFi2lUj&_nc_oc=AdqyUI2a7q5FmVQ4acJFPW-27jLXdvyDzoc3z9V5q2HKMpSlT8huTnSMdN1O9VKsi1-VdrUCqgEDMNCg1Go4wUCW&_nc_zt=14&_nc_ht=scontent.fjai6-1.fna&_nc_gid=0FiDyLLspo8ajaV7iEcYMQ&_nc_ss=7b289&oh=00_Af_vzLn8l_DyMKJ-Ylelh5jXLufWw7DXbzAPOQxDMvM8tQ&oe=6A3838B0,
982993087849399,https://www.facebook.com/spaceinfrarealty/,fb.me,https://www.facebook.com/spaceinfrarealty/,,,,,+91 83677 07172,,,,525666320630500,http://fb.me/,Space Infra Realty,https://www.facebook.com/ads/library/?id=982993087849399,Pre-Launch Registrations Now Open | Special Early Bird Pricing,28,Get offer,fb.me,"FACEBOOK; INSTAGRAM; AUDIENCE_NETWORK",2026-06-16,2026-06-17,,,Pre-Launch Registrations Now Open | Special Early Bird Pricing || Pre-Launch Registrations Now Open | Special Early Bird Pricing || Pre-Launch Registrations Now Open | Special Early Bird Pricing,http://fb.me/ || http://fb.me/ || http://fb.me/,,Get Offer || Get Offer || Get Offer,Original: https://scontent.fjai6-1.fna.fbcdn.net/v/t39.35426-6/723675565_2751846511852094_4784105234815672116_n.jpg?_nc_cat=100&ccb=1-7&_nc_sid=c53f8f&_nc_ohc=Mr7aQ2Fg5TQQ7kNvwEY2smo&_nc_oc=Ados1LfZNlug-d75jckTAkGIzXsYz1zf_XgPAXrz2VDYVjiMewhKhVW76WvPcUZUxZ_hA09BwhQ_9dLoNh3SFr2i&_nc_zt=14&_nc_ht=scontent.fjai6-1.fna&_nc_gid=0FiDyLLspo8ajaV7iEcYMQ&_nc_ss=7b289&oh=00_Af9rkvYiD3mUO7V-0FvmBwBYYyJDvGIQVcM3O2ntabX74g&oe=6A385102 | Resized: https://scontent.fjai6-1.fna.fbcdn.net/v/t39.35426-6/725393983_25155361317494766_5698060713614019906_n.jpg?stp=dst-jpg_s600x600_tt6&_nc_cat=101&ccb=1-7&_nc_sid=c53f8f&_nc_ohc=mQ_0iz425qoQ7kNvwHFl1Ed&_nc_oc=AdrX_wcnJp2Ld-Dt6jKd9nMdT2MC4tjaIsIzdZGJSMJOPb-4wmbAjgs6R978sRikS06IE9OPTaCZ3Lcen-U6VwxK&_nc_zt=14&_nc_ht=scontent.fjai6-1.fna&_nc_gid=0FiDyLLspo8ajaV7iEcYMQ&_nc_ss=7b289&oh=00_Af9haEt8W_WFCNxSSc9HCOT8PAGnvlSP6EY34nIXOsS2IQ&oe=6A384CC8 || Original: https://scontent.fjai6-1.fna.fbcdn.net/v/t39.35426-6/724493512_1361268129395812_6954427109595492332_n.jpg?_nc_cat=102&ccb=1-7&_nc_sid=c53f8f&_nc_ohc=M3ZIqVN5RGcQ7kNvwFs0ih5&_nc_oc=AdqRcVqsNZd-IgNx9j_yV2Hoe5wGjZGRpuy2o8YONbOHEzSk8lx9WSRmewh8puxAR7f0iop_LnUcmhjexa2WXPq4&_nc_zt=14&_nc_ht=scontent.fjai6-1.fna&_nc_gid=0FiDyLLspo8ajaV7iEcYMQ&_nc_ss=7b289&oh=00_Af9DL5s-D0yi65SkzvcDwny3Htso-gbpm3UD4ctHvpxuUw&oe=6A383444 | Resized: https://scontent.fjai6-1.fna.fbcdn.net/v/t39.35426-6/725361325_1822596702480694_4889023188768579684_n.jpg?stp=dst-jpg_s600x600_tt6&_nc_cat=104&ccb=1-7&_nc_sid=c53f8f&_nc_ohc=rCDORHczJKIQ7kNvwGki3ij&_nc_oc=AdqoWHs8fSxgad-dOvbIXTHFEI5AZIR_RHdH36CXYwLskhk4ZXwqOjPC-9h3AfNZSWBAE1FhTMPNzU3HhwKBeG_h&_nc_zt=14&_nc_ht=scontent.fjai6-1.fna&_nc_gid=0FiDyLLspo8ajaV7iEcYMQ&_nc_ss=7b289&oh=00_Af-ibWfhSZucRe4jzRDkv-_prUZ-JXICu-ArggVWfjJSRg&oe=6A384DB2 || Original: https://scontent.fjai6-1.fna.fbcdn.net/v/t39.35426-6/724459463_1547327427031888_6242812807675582257_n.jpg?_nc_cat=100&ccb=1-7&_nc_sid=c53f8f&_nc_ohc=fdO5LmE_S70Q7kNvwEX6UTn&_nc_oc=AdpmAeFaLdKfdkI5JDKx5FBgqCNlO1JvI5ILK0guCVzP5NOeRMkhuIutJLx0R6N8i1-gCfY3NFSkUevczTueGK_S&_nc_zt=14&_nc_ht=scontent.fjai6-1.fna&_nc_gid=0FiDyLLspo8ajaV7iEcYMQ&_nc_ss=7b289&oh=00_Af_FoYjcG7Kd3WSyG2r9tPEtrw0TMBtitO5DHBRjYlfJkg&oe=6A384CE0 | Resized: https://scontent.fjai6-1.fna.fbcdn.net/v/t39.35426-6/723844201_1502635225396666_5009954207833162093_n.jpg?stp=dst-jpg_s600x600_tt6&_nc_cat=102&ccb=1-7&_nc_sid=c53f8f&_nc_ohc=Jp2SHUaFgK8Q7kNvwFckX6t&_nc_oc=AdqwWdfdgSZ_iSggh8C47l5BX81dIeaknIQeauDNrLyekF6pDMK3OS514AdmG0o1vmqFQhB3TPkafz35jNZirquV&_nc_zt=14&_nc_ht=scontent.fjai6-1.fna&_nc_gid=0FiDyLLspo8ajaV7iEcYMQ&_nc_ss=7b289&oh=00_Af8vLHX6rCaiuxOnJsqb-U8BbwUHr6KmcuJT1fF5ATzmVw&oe=6A385F7B,
2210337209751526,https://www.facebook.com/realwealthindia/,fb.me,https://www.facebook.com/realwealthindia/,,,,info@realwealth.co.in,+91 90568 46733,,,,1974405616208962,http://fb.me/,Real Wealth,https://www.facebook.com/ads/library/?id=2210337209751526,"3BHK High-Rise Flat in Sector 127, Mohali. Located in a RERA-approved project, this premium home offers the perfect mix of comfort, connectivity, and modern living.
🏙️ Spacious High-Rise Apartments
🌿 Green & Peaceful Surroundings
🛣️ Excellent Airport Road Connectivity
🏢 Modern Amenities & Gated Security
💰 Starting at just ₹98.90 Lacs

Perfect for families looking for a premium address in Mohali.
📞 Book your site visit today before prices increase",2389,Book now,fb.me,"FACEBOOK; INSTAGRAM; AUDIENCE_NETWORK",2026-06-16,2026-06-17,HD: https://video.fjai6-1.fna.fbcdn.net/o1/v/t2/f2/m366/AQMqNowJv0SCGEwiBU9POrI7eOJ3pb4BHJrSGLB8XvnECSaH1U9gN87CO-M1XW9h_C-DhcgnWn5ZnOIOkx1oEXoTeQkmz0irZYJMcU60r0zNjA.mp4?_nc_cat=111&_nc_oc=AdoCZtdW-88li42_m48Z6XJjAUFHX02f2mj9iSx0Hq2byMDtvr0Pj2bpwJpoFtWVUKsybONwnfATYT4SeMLNhr3g&_nc_sid=b66105&_nc_ht=video.fjai6-1.fna.fbcdn.net&_nc_ohc=jMTPNo_BMkMQ7kNvwGLoPDa&efg=eyJ2ZW5jb2RlX3RhZyI6Inhwdl9wcm9ncmVzc2l2ZS5WSV9VU0VDQVNFX1BST0RVQ1RfVFlQRS4uQzMuNDY0LmRhc2hfaDI2NC1iYXNpYy1nZW4yXzcyMHAiLCJ4cHZfYXNzZXRfaWQiOjI0MDk0NTIwMzk1NDEyOTEsImFzc2V0X2FnZV9kYXlzIjoxLCJ2aV91c2VjYXNlX2lkIjoxMDc5OSwiZHVyYXRpb25fcyI6NTEsInVybGdlbl9zb3VyY2UiOiJ3d3cifQ%3D%3D&ccb=17-1&vs=e405aa6411427cd4&_nc_vs=HBksFQIYRWZiX2VwaGVtZXJhbC8yQzRENzlFODZENjk5RDg3RTRFREU2MzQ2QUQwMUQ5MF9tdF8xX3ZpZGVvX2Rhc2hpbml0Lm1wNBUAAsgBEgAVAhhAZmJfcGVybWFuZW50LzJBNDU3MEIzQUQ4Qjc1RjZFNzA2NDcxRkQzMUU3NkFGX2F1ZGlvX2Rhc2hpbml0Lm1wNBUCAsgBEgAoABgAGwKIB3VzZV9vaWwBMRJwcm9ncmVzc2l2ZV9yZWNpcGUBMRUAACbWyNzOyNjHCBUCKAJDMywXQEn64UeuFHsYGWRhc2hfaDI2NC1iYXNpYy1nZW4yXzcyMHARAHUAZd6oAQA&_nc_gid=1vV_t2YLR69xjranQKECWA&_nc_ss=7b289&_nc_zt=28&oh=00_Af-0ip4tFaealNRF4mNlWjTDkp2UUgBp-u-OTEfS9akIJw&oe=6A385DB5 | SD: https://video.fjai6-1.fna.fbcdn.net/o1/v/t2/f2/m412/AQO6cxHA06DJnmUEY8lb25Rpj9x6xkUEvQ7C8dfi5HX4On24yn_xLATrjHORWW7FvKmtyS4TX5Zm04wz8p0jCHnVG97qCzdo8ByqsAYWCQ.mp4?_nc_cat=107&_nc_oc=AdqUZu_Tg_nityAwiVHpvBdB6uO9kbzGDqDyWbCCRjLbnH5j7LV-0ZCBcFkX5BvGLHt12ng9yRPkMqLCvbB6qRnP&_nc_sid=ef5aa3&_nc_ht=video.fjai6-1.fna.fbcdn.net&_nc_ohc=jHW_TNIVk9cQ7kNvwG4tpQQ&efg=eyJ2ZW5jb2RlX3RhZyI6Inhwdl9wcm9ncmVzc2l2ZS5WSV9VU0VDQVNFX1BST0RVQ1RfVFlQRS4uQzMuMzU2LnN2ZV9zZCIsInhwdl9hc3NldF9pZCI6MjQwOTQ1MjAzOTU0MTI5MSwiYXNzZXRfYWdlX2RheXMiOjEsInZpX3VzZWNhc2VfaWQiOjEwNzk5LCJkdXJhdGlvbl9zIjo1MSwidXJsZ2VuX3NvdXJjZSI6Ind3dyJ9&ccb=17-1&_nc_gid=1vV_t2YLR69xjranQKECWA&_nc_ss=7b289&_nc_zt=28&oh=00_Af8oqnhvwaZOhrvXw6wkjYgzfjpZJrIA0G8uvFHrC-btjg&oe=6A385DF3 | Preview: https://scontent.fjai6-1.fna.fbcdn.net/v/t39.35426-6/721340142_1744782523619783_4001145575327238903_n.jpg?_nc_cat=109&ccb=1-7&_nc_sid=c53f8f&_nc_ohc=xx0Pg-Fvw6YQ7kNvwHYQp72&_nc_oc=AdoYoI3YjqsRYsklYE9OiWjgrr-4qVwOQZ6gWLYuUiSveYDhGP8KF3kFjifonsyWmM0KjlNT0QSZh83GZk2d3XIA&_nc_zt=14&_nc_ht=scontent.fjai6-1.fna&_nc_gid=1vV_t2YLR69xjranQKECWA&_nc_ss=7b289&oh=00_Af9bZFffx0cw9f6dbFsyI6jNv6EAIRga9DxaMh2qIFv45w&oe=6A386422,,,,,,,
1733155084491603,https://www.facebook.com/61590423972774/,fb.me,https://www.facebook.com/61590423972774/,,,,,,,,,1205747525947893,http://fb.me/,Property Event in Gurugram,https://www.facebook.com/ads/library/?id=1733155084491603,"Exclusive Property Showcase 2026

Explore Villas, Farmhouses, Plots & Premium Homes across top destinations like Goa, Dehradun, Vrindavan, Pataudi & more — all under one roof.

📍 The Bristol Hotel, Gurugram
📅 20–21 June 2026 | ⏰ 10 AM – 7 PM

✔ Multiple Projects
✔ One-to-One Consultation
✔ Hi-Tea & Networking

Get project details, pricing, payment plans & exclusive event-day assistance.

📌 Limited consultation slots available.
Click ""See Details"" and register now.",,See details,fb.me,"FACEBOOK; INSTAGRAM; AUDIENCE_NETWORK",2026-06-16,2026-06-16,HD: https://video.fjai6-1.fna.fbcdn.net/o1/v/t2/f2/m366/AQMfygPRjAciztuMJb0smiGLhJ5y9dwtYeROb1mWYEhRyhUu6ManYJpRHWR8RxsogKwHxqPEhTnViioVTO7ocgWdVaLnvfDUdAxmjXs_N1-6cg.mp4?_nc_cat=105&_nc_oc=AdqEkmN1q2Th6en5Hyd3c3Vmm9U9wJEjMR20FkdjrGvnfCeCwA8iV9TEyi9NPzBBKfpQPqrh91U7iIrioROlAenS&_nc_sid=b66105&_nc_ht=video.fjai6-1.fna.fbcdn.net&_nc_ohc=sYyB0MJ_QUMQ7kNvwHfGv6H&efg=eyJ2ZW5jb2RlX3RhZyI6Inhwdl9wcm9ncmVzc2l2ZS5WSV9VU0VDQVNFX1BST0RVQ1RfVFlQRS4uQzMuNzIwLmRhc2hfaDI2NC1iYXNpYy1nZW4yXzcyMHAiLCJ4cHZfYXNzZXRfaWQiOjEyMjU1MDAxODczMTE3NDIsImFzc2V0X2FnZV9kYXlzIjowLCJ2aV91c2VjYXNlX2lkIjoxMDc5OSwiZHVyYXRpb25fcyI6NjEsInVybGdlbl9zb3VyY2UiOiJ3d3cifQ%3D%3D&ccb=17-1&vs=af0a0817bd0f442b&_nc_vs=HBksFQIYRWZiX2VwaGVtZXJhbC9DNjQ0RTQ3ODU2RDAwQjUxQUZFODFBQTZCNDNGNDNBNl9tdF8xX3ZpZGVvX2Rhc2hpbml0Lm1wNBUAAsgBEgAVAhhAZmJfcGVybWFuZW50LzIwNEUwNEU3MDM3NUZBOTRGOEY2QThDMTYxQjY0Rjk0X2F1ZGlvX2Rhc2hpbml0Lm1wNBUCAsgBEgAoABgAGwKIB3VzZV9vaWwBMRJwcm9ncmVzc2l2ZV9yZWNpcGUBMRUAACb8-bH1v6WtBBUCKAJDMywXQE7EOVgQYk4YGWRhc2hfaDI2NC1iYXNpYy1nZW4yXzcyMHARAHUAZd6oAQA&_nc_gid=ubTUuLiaclwdlFKRvs8WVg&_nc_ss=7b289&_nc_zt=28&oh=00_Af8tARg2OvNd9S2TjlliVB7Nl_nUbp_Fq6VeksMsYIv0fA&oe=6A3858F7 | SD: https://video.fjai6-1.fna.fbcdn.net/o1/v/t2/f2/m412/AQNJIRoH54vm40rFflgvchDRoYkXodRL8tsKddD7ZXWXqvT5Zn4aymWeDQOGIBSnpAFdXMsyllINSjuS73DW3ncuKRgIT2DEqREDNxn6TQ.mp4?_nc_cat=109&_nc_oc=AdpZA4orTEEYLk71vzMUK1sXoNhPliYkvt4uYvDfOc_CVYZZ97120vYp6UHCJHcMiLJPatf1TDdxNSE2-cClusNO&_nc_sid=ef5aa3&_nc_ht=video.fjai6-1.fna.fbcdn.net&_nc_ohc=bs3s_rw-MsoQ7kNvwH1eFf1&efg=eyJ2ZW5jb2RlX3RhZyI6Inhwdl9wcm9ncmVzc2l2ZS5WSV9VU0VDQVNFX1BST0RVQ1RfVFlQRS4uQzMuMzYwLnN2ZV9zZCIsInhwdl9hc3NldF9pZCI6MTIyNTUwMDE4NzMxMTc0MiwiYXNzZXRfYWdlX2RheXMiOjAsInZpX3VzZWNhc2VfaWQiOjEwNzk5LCJkdXJhdGlvbl9zIjo2MSwidXJsZ2VuX3NvdXJjZSI6Ind3dyJ9&ccb=17-1&_nc_gid=ubTUuLiaclwdlFKRvs8WVg&_nc_ss=7b289&_nc_zt=28&oh=00_Af_R1ok_GX97eqk9bR0SzzFvHwa-0seIjkyWoSggKe4qjQ&oe=6A38548D | Preview: https://scontent.fjai6-1.fna.fbcdn.net/v/t39.35426-6/726295068_3524616221050109_4170948547798953006_n.jpg?_nc_cat=109&ccb=1-7&_nc_sid=c53f8f&_nc_ohc=Knry3A-S_j8Q7kNvwEDhXNJ&_nc_oc=Adplvn9lLhRV3Zgl7s5_wOIAvlolV_puvLi6de2YJexlalxXNq0ElBfAe6_R_8I4buPA0qnStOI66KjorwmPkmX1&_nc_zt=14&_nc_ht=scontent.fjai6-1.fna&_nc_gid=ubTUuLiaclwdlFKRvs8WVg&_nc_ss=7b289&oh=00_Af_JwqwqHRI8ssQ0SfcjanWr95mMQMnrWpUGzg29SdDBmg&oe=6A384B14,,,,,,,
1406597597958389,https://www.facebook.com/61590423972774/,fb.me,https://www.facebook.com/61590423972774/,,,,,,,,,1205747525947893,http://fb.me/,Property Event in Gurugram,https://www.facebook.com/ads/library/?id=1406597597958389,"Exclusive Property Showcase 2026

Explore Villas, Farmhouses, Plots & Premium Homes across top destinations like Goa, Dehradun, Vrindavan, Pataudi & more — all under one roof.

📍 The Bristol Hotel, Gurugram
📅 20–21 June 2026 | ⏰ 10 AM – 7 PM

✔ Multiple Projects
✔ One-to-One Consultation
✔ Hi-Tea & Networking

Get project details, pricing, payment plans & exclusive event-day assistance.

📌 Limited consultation slots available.
Click ""See Details"" and register now.",,See details,fb.me,"FACEBOOK; INSTAGRAM; AUDIENCE_NETWORK",2026-06-16,2026-06-16,HD: https://video.fjai6-1.fna.fbcdn.net/o1/v/t2/f2/m366/AQMfygPRjAciztuMJb0smiGLhJ5y9dwtYeROb1mWYEhRyhUu6ManYJpRHWR8RxsogKwHxqPEhTnViioVTO7ocgWdVaLnvfDUdAxmjXs_N1-6cg.mp4?_nc_cat=105&_nc_oc=AdqEkmN1q2Th6en5Hyd3c3Vmm9U9wJEjMR20FkdjrGvnfCeCwA8iV9TEyi9NPzBBKfpQPqrh91U7iIrioROlAenS&_nc_sid=b66105&_nc_ht=video.fjai6-1.fna.fbcdn.net&_nc_ohc=sYyB0MJ_QUMQ7kNvwHfGv6H&efg=eyJ2ZW5jb2RlX3RhZyI6Inhwdl9wcm9ncmVzc2l2ZS5WSV9VU0VDQVNFX1BST0RVQ1RfVFlQRS4uQzMuNzIwLmRhc2hfaDI2NC1iYXNpYy1nZW4yXzcyMHAiLCJ4cHZfYXNzZXRfaWQiOjEyMjU1MDAxODczMTE3NDIsImFzc2V0X2FnZV9kYXlzIjowLCJ2aV91c2VjYXNlX2lkIjoxMDc5OSwiZHVyYXRpb25fcyI6NjEsInVybGdlbl9zb3VyY2UiOiJ3d3cifQ%3D%3D&ccb=17-1&vs=af0a0817bd0f442b&_nc_vs=HBksFQIYRWZiX2VwaGVtZXJhbC9DNjQ0RTQ3ODU2RDAwQjUxQUZFODFBQTZCNDNGNDNBNl9tdF8xX3ZpZGVvX2Rhc2hpbml0Lm1wNBUAAsgBEgAVAhhAZmJfcGVybWFuZW50LzIwNEUwNEU3MDM3NUZBOTRGOEY2QThDMTYxQjY0Rjk0X2F1ZGlvX2Rhc2hpbml0Lm1wNBUCAsgBEgAoABgAGwKIB3VzZV9vaWwBMRJwcm9ncmVzc2l2ZV9yZWNpcGUBMRUAACb8-bH1v6WtBBUCKAJDMywXQE7EOVgQYk4YGWRhc2hfaDI2NC1iYXNpYy1nZW4yXzcyMHARAHUAZd6oAQA&_nc_gid=ubTUuLiaclwdlFKRvs8WVg&_nc_ss=7b289&_nc_zt=28&oh=00_Af8tARg2OvNd9S2TjlliVB7Nl_nUbp_Fq6VeksMsYIv0fA&oe=6A3858F7 | SD: https://video.fjai6-1.fna.fbcdn.net/o1/v/t2/f2/m412/AQNJIRoH54vm40rFflgvchDRoYkXodRL8tsKddD7ZXWXqvT5Zn4aymWeDQOGIBSnpAFdXMsyllINSjuS73DW3ncuKRgIT2DEqREDNxn6TQ.mp4?_nc_cat=109&_nc_oc=AdpZA4orTEEYLk71vzMUK1sXoNhPliYkvt4uYvDfOc_CVYZZ97120vYp6UHCJHcMiLJPatf1TDdxNSE2-cClusNO&_nc_sid=ef5aa3&_nc_ht=video.fjai6-1.fna.fbcdn.net&_nc_ohc=bs3s_rw-MsoQ7kNvwH1eFf1&efg=eyJ2ZW5jb2RlX3RhZyI6Inhwdl9wcm9ncmVzc2l2ZS5WSV9VU0VDQVNFX1BST0RVQ1RfVFlQRS4uQzMuMzYwLnN2ZV9zZCIsInhwdl9hc3NldF9pZCI6MTIyNTUwMDE4NzMxMTc0MiwiYXNzZXRfYWdlX2RheXMiOjAsInZpX3VzZWNhc2VfaWQiOjEwNzk5LCJkdXJhdGlvbl9zIjo2MSwidXJsZ2VuX3NvdXJjZSI6Ind3dyJ9&ccb=17-1&_nc_gid=ubTUuLiaclwdlFKRvs8WVg&_nc_ss=7b289&_nc_zt=28&oh=00_Af_R1ok_GX97eqk9bR0SzzFvHwa-0seIjkyWoSggKe4qjQ&oe=6A38548D | Preview: https://scontent.fjai6-1.fna.fbcdn.net/v/t39.35426-6/724376634_2467440923684179_8051423062608195573_n.jpg?_nc_cat=110&ccb=1-7&_nc_sid=c53f8f&_nc_ohc=OkXmSdBNZUYQ7kNvwFHrpUC&_nc_oc=AdoHfxh6c9yMiEyEAdNyLqtwrn7Nb6IWXW-kMQLupVg4InJwHCfj3ZaYdZ2H9VGe3shSuyB6wt80H9R20gyIc6-0&_nc_zt=14&_nc_ht=scontent.fjai6-1.fna&_nc_gid=ubTUuLiaclwdlFKRvs8WVg&_nc_ss=7b289&oh=00_Af_uKjsag0c_EOe3I09l7EYxEifwLNjPy13bJyryF-ubew&oe=6A3851C9,,,,,,,
1630848074664119,https://www.facebook.com/61589379093599/,fb.me,https://www.facebook.com/61589379093599/,,,,,,,,,1081687165034641,http://fb.me/,Luxury Property Fest In NCR,https://www.facebook.com/ads/library/?id=1630848074664119,"🏡 Explore Premium Property Opportunities Across India

Join an exclusive property showcase featuring projects from Vrindavan, Goa, Dehradun, Jhajjar & Pataudi.

📅 20th & 21st June 2026
📍 The Bristol Hotel, DLF Phase 1, Gurugram
⏰ 10 AM – 7 PM

✔ Villas, Farmhouses & Plots
✔ Holiday & Second Home Options
✔ One-to-One Property Consultation
✔ Compare Multiple Projects Under One Roof

Entry by Prior Appointment Only.

Book your consultation slot today.",25,See details,fb.me,"FACEBOOK; INSTAGRAM; AUDIENCE_NETWORK",2026-06-16,2026-06-17,HD: https://video.fjai6-1.fna.fbcdn.net/o1/v/t2/f2/m366/AQM06HuaOE0opAGaKL_fmmgF5_ympY3q6nWYDWygos5DBgrEDaLJLC57lOryb6Y3CeUEA0ju9UE4Y8nGWZNebLeaBEBGrVVK96uZkRH7MspIOg.mp4?_nc_cat=102&_nc_oc=AdoP9RS6YIZhJYmamnSex6X5KROaEL-vwp1OvWX7yk9PfK_uJeXkQ1ViXDZKGpLMqT1OUi1bhSibilRwYUFNbEjn&_nc_sid=b66105&_nc_ht=video.fjai6-1.fna.fbcdn.net&_nc_ohc=YpfEsYYaAw0Q7kNvwGYJRI4&efg=eyJ2ZW5jb2RlX3RhZyI6Inhwdl9wcm9ncmVzc2l2ZS5WSV9VU0VDQVNFX1BST0RVQ1RfVFlQRS4uQzMuNzIwLmRhc2hfaDI2NC1iYXNpYy1nZW4yXzcyMHAiLCJ4cHZfYXNzZXRfaWQiOjE1MDA4MTA0MzUwNTk4OTYsImFzc2V0X2FnZV9kYXlzIjowLCJ2aV91c2VjYXNlX2lkIjoxMDc5OSwiZHVyYXRpb25fcyI6NjEsInVybGdlbl9zb3VyY2UiOiJ3d3cifQ%3D%3D&ccb=17-1&vs=381087ed19228e13&_nc_vs=HBksFQIYRWZiX2VwaGVtZXJhbC8yMDQwQzQ0RTg5OTkxQTEzRTFCRUZBQkQ4Mjg0QURCQ19tdF8xX3ZpZGVvX2Rhc2hpbml0Lm1wNBUAAsgBEgAVAhhAZmJfcGVybWFuZW50LzdGNDM1Q0I2QTFBNTZDRjc3NEUxQzQ2NDEwRUJEREJCX2F1ZGlvX2Rhc2hpbml0Lm1wNBUCAsgBEgAoABgAGwKIB3VzZV9vaWwBMRJwcm9ncmVzc2l2ZV9yZWNpcGUBMRUAACbwgtuN1b6qBRUCKAJDMywXQE7EOVgQYk4YGWRhc2hfaDI2NC1iYXNpYy1nZW4yXzcyMHARAHUAZd6oAQA&_nc_gid=ubTUuLiaclwdlFKRvs8WVg&_nc_ss=7b289&_nc_zt=28&oh=00_Af8IHG1f0vvbrhQIU58ovjaBSfU6YtiJf1ptADMiM3IILA&oe=6A383C9A | SD: https://video.fjai6-1.fna.fbcdn.net/o1/v/t2/f2/m412/AQP9v966F0pzbv2_4EWopazHDXdu0uSsjlBmeFdYuMcZNcBm9i-StCMkBrqUNxyY09d5gR9RqFa7FG5jtVQfnGTbWQeBk3oZIU6JWYV9EQ.mp4?_nc_cat=102&_nc_oc=AdoIEWTgprS9c4a6zua3C23dVk-68Gd1blAJXW_G4xU0AAgMoXtt-Z2B4XGRM8cVS3ubdnitpEDBehzgRNCDLnHi&_nc_sid=ef5aa3&_nc_ht=video.fjai6-1.fna.fbcdn.net&_nc_ohc=HGPo7C53GJgQ7kNvwFKlFKe&efg=eyJ2ZW5jb2RlX3RhZyI6Inhwdl9wcm9ncmVzc2l2ZS5WSV9VU0VDQVNFX1BST0RVQ1RfVFlQRS4uQzMuMzYwLnN2ZV9zZCIsInhwdl9hc3NldF9pZCI6MTUwMDgxMDQzNTA1OTg5NiwiYXNzZXRfYWdlX2RheXMiOjAsInZpX3VzZWNhc2VfaWQiOjEwNzk5LCJkdXJhdGlvbl9zIjo2MSwidXJsZ2VuX3NvdXJjZSI6Ind3dyJ9&ccb=17-1&_nc_gid=ubTUuLiaclwdlFKRvs8WVg&_nc_ss=7b289&_nc_zt=28&oh=00_Af_rspMOTThulX_M871BMPLDoaRAM2tlvlku_8PAjPwEsg&oe=6A386080 | Preview: https://scontent.fjai6-1.fna.fbcdn.net/v/t39.35426-6/720486591_998120712963313_1528052386006437597_n.jpg?_nc_cat=110&ccb=1-7&_nc_sid=c53f8f&_nc_ohc=XAvTW744yfEQ7kNvwEMxWlB&_nc_oc=AdrNFbcOHJTcSw9R7ebjT3-hOF8LVNXmiYyT2UOSZXTbvMMUijrhMP20Qz8uCj8AJK4NYvpZjuDu9IwbA0-Yql4G&_nc_zt=14&_nc_ht=scontent.fjai6-1.fna&_nc_gid=ubTUuLiaclwdlFKRvs8WVg&_nc_ss=7b289&oh=00_Af9YQDq4jDVoMQY8KZtK6DnO53HMhso0MFvKptsC1RQ9RQ&oe=6A384F76,,,,,,,
2789656501403113,https://www.facebook.com/61586583007972/,instagram.com,https://www.facebook.com/61586583007972/,http://instagram.com/realestateinvestmentsbygr,,,,+91 98114 53321,,,,943884625475016,http://instagram.com/realestateinvestmentsbygr,GD Realtors,https://www.facebook.com/ads/library/?id=2789656501403113,"🏙️ GUESS THE PROJECT & WIN BRAGGING RIGHTS! 👀

Can you identify this iconic property in Gurugram? 🤔

🔍 Clue: One of the most talked-about luxury developments in the city with premium amenities, strategic location, and high investment potential.

Drop your answer in the comments below ⬇️
👇 Let's see who knows the Gurgaon real estate market best!

📍 Gurugram, Haryana

#GuessTheProject #GurgaonRealEstate #LuxuryHomesGurgaon #PropertyWithRachit #RealEstateIndia

Gurgaon property, luxury apartments Gurgaon, real estate Gurgaon, investment property Gurgaon, premium residences, Gurgaon projects, property investment, luxury living, new launch Gurgaon, high rise apartments, real estate market, Gurgaon homes, luxury real estate, residential projects, property consultant Gurgaon",38,Visit Instagram profile,instagram.com,"FACEBOOK; INSTAGRAM",2026-06-14,2026-06-16,HD: https://video.fjai6-1.fna.fbcdn.net/o1/v/t2/f2/m367/AQMNVhfsT0hSJ-WM2XRLfpsSX_Lo0CJRC5ruCmaEXOxkFZShZlYCR-7Z7w-_3VfDNya07JQFPiTs5iJc4Q9t2vJXuC_lXKaunp9ZhS2F1w.mp4?_nc_cat=108&_nc_oc=AdprIn0VQR_I1DVByU5CRtN-Z44VNKUWhcA1CGP9nj-2qgqX4vC9IP0ig7jtAB27myQRaYA7ROwBKjCrOLqbyIOX&_nc_sid=ef5aa3&_nc_ht=video.fjai6-1.fna.fbcdn.net&_nc_ohc=NOVkXZtVJH0Q7kNvwF5Jgm7&efg=eyJ2ZW5jb2RlX3RhZyI6Inhwdl9wcm9ncmVzc2l2ZS5WSV9VU0VDQVNFX1BST0RVQ1RfVFlQRS4uQzMuNzIwLnByb2dyZXNzaXZlX2gyNjQtYmFzaWMtZ2VuMl83MjBwIiwieHB2X2Fzc2V0X2lkIjoxNTQxMDE3Mzk3NTYxNTMzLCJhc3NldF9hZ2VfZGF5cyI6NSwidmlfdXNlY2FzZV9pZCI6MTAwOTksImR1cmF0aW9uX3MiOjksInVybGdlbl9zb3VyY2UiOiJ3d3cifQ%3D%3D&ccb=17-1&_nc_gid=ubTUuLiaclwdlFKRvs8WVg&_nc_ss=7b289&_nc_zt=28&oh=00_Af80tqHedv4I-shjT0mtdSzNNZJ0GehG2p45NmDfvgz-iw&oe=6A382EDE | SD: https://video.fjai6-1.fna.fbcdn.net/o1/v/t2/f2/m367/AQP_aCHVwUfBCRsMZSSX-eQzMpsVHLMcZ07Bqq9u86VSp3cJdNIoUoWqifMdpqcn-4PApk3N3wLVR29MflkJdJ-7-laF6iWFu5o8RmU9PQ.mp4?_nc_cat=105&_nc_oc=AdqfrKQ0Hre2_i8Jk5ONFCfKUHDJgKkw1xCmesgCFX-B2comBdDEUd65xoNWNswlzBI9Z-h0kGEtIOFSbwV4T9TZ&_nc_sid=ef5aa3&_nc_ht=video.fjai6-1.fna.fbcdn.net&_nc_ohc=lJxIyDLzRDQQ7kNvwHJ8JbT&efg=eyJ2ZW5jb2RlX3RhZyI6Inhwdl9wcm9ncmVzc2l2ZS5WSV9VU0VDQVNFX1BST0RVQ1RfVFlQRS4uQzMuMzYwLnByb2dyZXNzaXZlX2gyNjQtYmFzaWMtZ2VuMl8zNjBwIiwieHB2X2Fzc2V0X2lkIjoxNTQxMDE3Mzk3NTYxNTMzLCJhc3NldF9hZ2VfZGF5cyI6NSwidmlfdXNlY2FzZV9pZCI6MTAwOTksImR1cmF0aW9uX3MiOjksInVybGdlbl9zb3VyY2UiOiJ3d3cifQ%3D%3D&ccb=17-1&_nc_gid=ubTUuLiaclwdlFKRvs8WVg&_nc_ss=7b289&_nc_zt=28&oh=00_Af-kNWZHa2WY4SfPVMlgxR89x9krP2QDB-AiY9_zf6-2Aw&oe=6A3861AD | Preview: https://scontent.fjai6-1.fna.fbcdn.net/v/t39.35426-6/723445075_1667651147821507_6652448706326910494_n.jpg?_nc_cat=111&ccb=1-7&_nc_sid=c53f8f&_nc_ohc=Y4SKvCXG67AQ7kNvwG9Ak1N&_nc_oc=AdqttEEP9I4qXgkzA_GNqF2UvCEP2Q3sMJQu_cUP0znXlQiq8784ciSmOiY4jmWKFjxGTRsTW-wrzt5s9wPn7_-t&_nc_zt=14&_nc_ht=scontent.fjai6-1.fna&_nc_gid=ubTUuLiaclwdlFKRvs8WVg&_nc_ss=7b289&oh=00_Af834uvQcfPiR5LmRCuIbc9c29WYDRh4pOnd4LEepMj_fg&oe=6A382DF7,,,,,,,
1678051893246848,https://www.facebook.com/61582059270601/,,https://www.facebook.com/61582059270601/,,,,,,,,,813991988466787,,Jarry Infracon Nagpur.,https://www.facebook.com/ads/library/?id=1678051893246848,"Live the premium life at The Empire ✨
Luxury 3 & 4 BHK homes made for grand living. 🏙️

📞 Contact: 9766694420
📍 The Empire
Near Awale Babu Chowk, Bhankhera, Lashkari Bagh, Nagpur - 440017

[luxury apartments Nagpur, premium homes Nagpur, 2 BHK Nagpur, 3 BHK flats Nagpur, modern living, residential project Nagpur, dream home, high rise apartments, luxury lifestyle, Nagpur real estate, premium amenities, ready to move homes]

#nagpurhomes #nagpurproperty #residentialproperty #jarryprofit #propertyinvestment",10,Get quote,,"FACEBOOK; INSTAGRAM",2026-06-14,2026-06-17,HD: https://video.fjai6-1.fna.fbcdn.net/o1/v/t2/f2/m366/AQPDudsOA_w7x2pd1v6WarXEJJzHkRXyqfweePC0Nk8A7eniJodF77ToPZkhM4IsObamE6LyqAGChzabtSEy8-2GLuOa5HW8Kp3bfmBWqyD_Fw.mp4?_nc_cat=103&_nc_oc=AdohWsVkMG21INxOf7tUpXXk949quorVc3Tu2UC5WVL_KQKXS97EkS_yd3LRso2Wr0JLxAz1r_Wvkncqf0EHzPim&_nc_sid=b66105&_nc_ht=video.fjai6-1.fna.fbcdn.net&_nc_ohc=Xzhj0YIj4gwQ7kNvwGATAun&efg=eyJ2ZW5jb2RlX3RhZyI6Inhwdl9wcm9ncmVzc2l2ZS5WSV9VU0VDQVNFX1BST0RVQ1RfVFlQRS4uQzMuNzIwLmRhc2hfaDI2NC1iYXNpYy1nZW4yXzcyMHAiLCJ4cHZfYXNzZXRfaWQiOjIyNDYzNDE1NzYxMDc1MzYsImFzc2V0X2FnZV9kYXlzIjoyNywidmlfdXNlY2FzZV9pZCI6MTAxMzksImR1cmF0aW9uX3MiOjQzLCJ1cmxnZW5fc291cmNlIjoid3d3In0%3D&ccb=17-1&vs=347b38c746bb00be&_nc_vs=HBksFQIYRWZiX2VwaGVtZXJhbC85NzRFNTQxRjUzRUY2MDYxNDQ3NkJEOUJGQjRDNTM4RF9tdF8xX3ZpZGVvX2Rhc2hpbml0Lm1wNBUAAsgBEgAVAhhAZmJfcGVybWFuZW50LzMzNEVEMUJFNzczOEExNEVDMjNCMjcxNUFDNTVEMTg5X2F1ZGlvX2Rhc2hpbml0Lm1wNBUCAsgBEgAoABgAGwKIB3VzZV9vaWwBMRJwcm9ncmVzc2l2ZV9yZWNpcGUBMRUAACagmIH7pML9BxUCKAJDMywXQEXMzMzMzM0YGWRhc2hfaDI2NC1iYXNpYy1nZW4yXzcyMHARAHUAZbaeAQA&_nc_gid=ubTUuLiaclwdlFKRvs8WVg&_nc_ss=7b289&_nc_zt=28&oh=00_Af8SXlGFJISqjD14-hK-4MW0nqrpE8QkYJYFvglheZtOtA&oe=6A383BF9 | SD: https://video.fjai6-1.fna.fbcdn.net/o1/v/t2/f2/m412/AQPqM3BbqeqyVPRcRf_kkoxfESyb0Tgjk4ev4XjXl6NO_6aJaqts0L8D6dRnFAB6N0IV51ykgH1nb_rorTiZl5ZpPAwR68B9dfAn0oSZAg.mp4?_nc_cat=101&_nc_oc=Adoh5ZMDFrLkf59d2gojI8tzpD0EIRuKQ1q1mPzG8SG6wC0gy32g-xOldJhvDFt6x7ECK8k9bqBNxHANQ3Rnz9Pa&_nc_sid=ef5aa3&_nc_ht=video.fjai6-1.fna.fbcdn.net&_nc_ohc=Wq899JJt-zoQ7kNvwHXT-pI&efg=eyJ2ZW5jb2RlX3RhZyI6Inhwdl9wcm9ncmVzc2l2ZS5WSV9VU0VDQVNFX1BST0RVQ1RfVFlQRS4uQzMuMzYwLnN2ZV9zZCIsInhwdl9hc3NldF9pZCI6MjI0NjM0MTU3NjEwNzUzNiwiYXNzZXRfYWdlX2RheXMiOjI3LCJ2aV91c2VjYXNlX2lkIjoxMDEzOSwiZHVyYXRpb25fcyI6NDMsInVybGdlbl9zb3VyY2UiOiJ3d3cifQ%3D%3D&ccb=17-1&_nc_gid=ubTUuLiaclwdlFKRvs8WVg&_nc_ss=7b289&_nc_zt=28&oh=00_Af9bN9hFlr8-fm1yYiYQv3owOwMXppiZx9xhg4b-xumS9Q&oe=6A38481D | Preview: https://scontent.fjai6-1.fna.fbcdn.net/v/t39.35426-6/723557258_1005270038868462_8493416091708720561_n.jpg?_nc_cat=106&ccb=1-7&_nc_sid=c53f8f&_nc_ohc=Z3XMiMDk0kMQ7kNvwHMcrdI&_nc_oc=AdpdHRpEfRdFAuuYVpHPllCO-jTy_Swsxv0pAgUuYsulgfiM2pDuZlgG6QynUiCFv6hjhVRwFNH4v-yXWRUSPgvi&_nc_zt=14&_nc_ht=scontent.fjai6-1.fna&_nc_gid=ubTUuLiaclwdlFKRvs8WVg&_nc_ss=7b289&oh=00_Af8H8ch35mxUShfK7gBkwLyBrbrPaOxUpbKvuVedXmBahw&oe=6A385FC0,,,,,,,
2901396450220839,https://www.facebook.com/kumarpropertiespune/,fb.me,https://www.facebook.com/kumarpropertiespune/,,,,kumarworldpunemh@gmail.com,+91 74208 73516,,,,1666807043533506,http://fb.me/,Kumar Properties,https://www.facebook.com/ads/library/?id=2901396450220839,"𝐎𝐰𝐧 𝐚 𝐬𝐩𝐚𝐜𝐢𝐨𝐮𝐬 𝟐 𝐁𝐇𝐊 𝐇𝐨𝐦𝐞𝐬 𝐚𝐭 𝐏𝐫𝐢𝐧𝐜𝐞𝐭𝐨𝐰𝐧 𝐓𝐨𝐰𝐞𝐫𝐬, 𝐔𝐧𝐝𝐫𝐢 — 𝐬𝐭𝐚𝐫𝐭𝐢𝐧𝐠 𝐟𝐫𝐨𝐦 ₹𝟕𝟒.𝟏𝟐𝐋𝐚𝐜𝐬* + 𝐓𝐚𝐱𝐞𝐬.
✔️  22-storeyed high-rise apartments
✔️  200 acres of reserved forest views
✔️  Surrounded by reputed schools, hospitals, malls & lifestyle hubs
✔️  Thoughtfully planned functional amenities
✔️  MahaRERA No:- P52100077191 & available on the website www.maharera.maharashtra.gov.in

📞 Schedule your site visit today: 9595 11 00 11

*T&C Apply",26784,Get offer,fb.me,"FACEBOOK; INSTAGRAM",2026-05-27,2026-06-17,HD: https://video.fjai6-1.fna.fbcdn.net/o1/v/t2/f2/m366/AQP45T-CcVemlQx_T9uT7HNw3io-1BH1m77dLo41X3PQjGLhdXR9Q_HwR3uR3TJ2fzmT8MnWba9uGd0OslX-FQjFbRkR1IoU-UgMD8dETRASzg.mp4?_nc_cat=100&_nc_oc=AdogoQWpVaIg58thqQI4i-QwxD0gXWVO7hibdU4BKZn8hZ70gcgJnPeZ-Xb2kte_4PxbMiq0WFsCRehUsPNockTO&_nc_sid=b66105&_nc_ht=video.fjai6-1.fna.fbcdn.net&_nc_ohc=TJvaGGFjzIwQ7kNvwHBDjmU&efg=eyJ2ZW5jb2RlX3RhZyI6Inhwdl9wcm9ncmVzc2l2ZS5WSV9VU0VDQVNFX1BST0RVQ1RfVFlQRS4uQzMuMTI4MC5kYXNoX2gyNjQtYmFzaWMtZ2VuMl83MjBwIiwieHB2X2Fzc2V0X2lkIjoxMjgwMDU0MTcwMjI1NjM5LCJhc3NldF9hZ2VfZGF5cyI6NjksInZpX3VzZWNhc2VfaWQiOjEwNzk5LCJkdXJhdGlvbl9zIjoxNTUsInVybGdlbl9zb3VyY2UiOiJ3d3cifQ%3D%3D&ccb=17-1&vs=156e48f6e4165bc6&_nc_vs=HBksFQIYRWZiX2VwaGVtZXJhbC9GQjQ3RDU4QUE2NkFDREEyMEYxMUIyRDdCOEQzQjA4MV9tdF8xX3ZpZGVvX2Rhc2hpbml0Lm1wNBUAAsgBEgAVAhhAZmJfcGVybWFuZW50L0E1NEFCN0JENTMwOTJBOUYyQTA1MkFCNTI3MUJCNTk4X2F1ZGlvX2Rhc2hpbml0Lm1wNBUCAsgBEgAoABgAGwKIB3VzZV9vaWwBMRJwcm9ncmVzc2l2ZV9yZWNpcGUBMRUAACbOr-Dh-ozGBBUCKAJDMywXQGN89cKPXCkYGWRhc2hfaDI2NC1iYXNpYy1nZW4yXzcyMHARAHUAZd6oAQA&_nc_gid=ubTUuLiaclwdlFKRvs8WVg&_nc_ss=7b289&_nc_zt=28&oh=00_Af-RfvRl1wdg7WE_V0ILky8u3SWeboW7vDaWf4J9bBbeAQ&oe=6A38616C | SD: https://video.fjai6-1.fna.fbcdn.net/o1/v/t2/f2/m412/AQPy-hw162f7mwcYvhwqUbh9FnGdsM1xfS-8vfjROZRBuotYhufS4pDt363afX6__3mSbLiFrNrAy8xgFuqwOM8VenXiw1wNIOD6YrnQ0A.mp4?_nc_cat=107&_nc_oc=AdpXV9Fd9SB1m1TfUoDMjgv5th_qmN-oSxoiaofZwKOIsQ4UUku7s0OW1Fkuu1ZjxV1oSFUkGhfycuku8kWOe9hz&_nc_sid=ef5aa3&_nc_ht=video.fjai6-1.fna.fbcdn.net&_nc_ohc=N8zcnW20ohYQ7kNvwHA5B0z&efg=eyJ2ZW5jb2RlX3RhZyI6Inhwdl9wcm9ncmVzc2l2ZS5WSV9VU0VDQVNFX1BST0RVQ1RfVFlQRS4uQzMuNjQwLnN2ZV9zZCIsInhwdl9hc3NldF9pZCI6MTI4MDA1NDE3MDIyNTYzOSwiYXNzZXRfYWdlX2RheXMiOjY5LCJ2aV91c2VjYXNlX2lkIjoxMDc5OSwiZHVyYXRpb25fcyI6MTU1LCJ1cmxnZW5fc291cmNlIjoid3d3In0%3D&ccb=17-1&_nc_gid=ubTUuLiaclwdlFKRvs8WVg&_nc_ss=7b289&_nc_zt=28&oh=00_Af8oiy0Bryr_OeIBrN-ZdQM6yo-2ODaTGz2IHgCxcaNFgg&oe=6A384A8B | Preview: https://scontent.fjai6-1.fna.fbcdn.net/v/t39.35426-6/708294317_2171751507005351_510673206681349223_n.jpg?_nc_cat=100&ccb=1-7&_nc_sid=c53f8f&_nc_ohc=Jczqed4eF2QQ7kNvwHHyC1l&_nc_oc=AdoedRCKZvXvWF_3RScPEhNnf7_QXcurlhhjlPZ5OKhqdt_Ea8wuieVtuEWUquw8l4d-bjFs5CEQ2YzkWv13Vkrx&_nc_zt=14&_nc_ht=scontent.fjai6-1.fna&_nc_gid=ubTUuLiaclwdlFKRvs8WVg&_nc_ss=7b289&oh=00_Af8VSg9YKcdQORxdbw39wgKxlPQNxZd7LUiTpYSGXM_dCg&oe=6A3850AE,,,,,,,
1480311943314924,https://www.facebook.com/renomate.in1/,fb.me,https://www.facebook.com/renomate.in1/,,,,,+91 63029 70400,,,,106323818986794,http://fb.me/,Renomate ,https://www.facebook.com/ads/library/?id=1480311943314924,"Protect Your Loved Ones Without Blocking the View.

Premium Invisible Grills by Renomate.in
✔️ Child Safety
✔️ Modern Luxury Look
✔️ Rust-Free Stainless Steel Wire
✔️ Strong & Elegant Finish
✔️ Perfect for High-Rise Apartments

Free Site Visit Available in Hyderabad.
Call Now: 94038 92965",869,Get quote,fb.me,"FACEBOOK; INSTAGRAM; AUDIENCE_NETWORK",2026-06-05,2026-06-16,,Original: https://scontent.fjai6-1.fna.fbcdn.net/v/t39.35426-6/715442933_1871425643531913_4680314538359767405_n.jpg?_nc_cat=107&ccb=1-7&_nc_sid=c53f8f&_nc_ohc=uouNUVeMhSUQ7kNvwHFQFER&_nc_oc=Adqxl7IMiTbatPnjWxQwHdUxTdVs1eAH9FOn94eDQLplQbtG8h8MuxoRLEmszUNLSUY5dYjJL080AQ_EPI6YJDbA&_nc_zt=14&_nc_ht=scontent.fjai6-1.fna&_nc_gid=ubTUuLiaclwdlFKRvs8WVg&_nc_ss=7b289&oh=00_Af-La7KJXQUj1YHtDohpV4uzqfZcNHVr9-HtqwH9uXchaw&oe=6A385C3A | Resized: https://scontent.fjai6-1.fna.fbcdn.net/v/t39.35426-6/716010723_891295440646706_2832117804209686464_n.jpg?stp=dst-jpg_s600x600_tt6&_nc_cat=105&ccb=1-7&_nc_sid=c53f8f&_nc_ohc=P4jJ7LKaD0AQ7kNvwHe0-fK&_nc_oc=Adq9lJzN1ok2e32nWmSnCDe6Hc8W4GUQdqNCpQY2msluV2V4qk-y-KFSn_ssFrW638DDiyUVYOLPDBh05LB6s9Mu&_nc_zt=14&_nc_ht=scontent.fjai6-1.fna&_nc_gid=ubTUuLiaclwdlFKRvs8WVg&_nc_ss=7b289&oh=00_Af-rQ0e30UefVl4aOssfQpLMIpgWew4pyJ6zl89quIlElg&oe=6A384136,,,,,,
2148083112639022,https://www.facebook.com/61574371414298/,fb.me,https://www.facebook.com/61574371414298/,,,,sales@smdevelopersindia.com,+91 88844 45253,,,,1039095489290417,http://fb.me/,SM Developers ,https://www.facebook.com/ads/library/?id=2148083112639022,"Looking for premium gated community high-rise apartments near Whitefield, Bangalore? 🏙️ The Pre-Launch Expression of Interest (EOI) window is officially OPEN for SM Vertex by SM Developers at Sadaramangala, Whitefield.

Rising 36 floors across an expansive 20+ acre sports-centric enclave, this iconic township is designed flawlessly for elite tech professionals and corporate leaders who want to cut their daily commute to zero.

📐 The Vertex Advantage & Specs:

Elite Inventory: Premium 2, 3 & 4 BHK Luxury Layouts.

Streamlined Sizing: Layouts optimized from 1,223 Sq. Ft. to 2,215 Sq. Ft. Max.

Maximal Airflow: Structural engineering built for superior cross-ventilation with absolute zero space wastage.

🏆 The 3.3-Acre Stadium Lifestyle:
Step out onto a massive, integrated professional Cricket Stadium and a world-class luxury sports club right at your doorstep.

By submitting your digital EOI form today, you freeze exclusive early-bird pricing benefits and secure priority layout allotment before the public launch phase.

👇 Tap 'Learn More' to open your digital priority pass and join the shortlist instantly!",41,See details,fb.me,"FACEBOOK; INSTAGRAM; AUDIENCE_NETWORK",2026-06-13,2026-06-16,,Original: https://scontent.fjai6-1.fna.fbcdn.net/v/t39.35426-6/721152510_991031123788194_7554960494592701896_n.jpg?_nc_cat=103&ccb=1-7&_nc_sid=c53f8f&_nc_ohc=CdbhCSJsiEgQ7kNvwGnFxtg&_nc_oc=AdpXm-CU1H-VizWGeHQRHNido3VP71Dfc7HgnNgIaz197hiibqtvIiQdK8W-OT5Cj-zuVMmcU3Hc_MXfo4Cnv5lu&_nc_zt=14&_nc_ht=scontent.fjai6-1.fna&_nc_gid=ubTUuLiaclwdlFKRvs8WVg&_nc_ss=7b289&oh=00_Af8hNxWm8LhMmQjC9lveFPliFM2yyLhnN4SCAWRHO5AVYw&oe=6A38588B | Resized: https://scontent.fjai6-1.fna.fbcdn.net/v/t39.35426-6/723118682_1705732660449299_3725414040401646359_n.jpg?stp=dst-jpg_s600x600_tt6&_nc_cat=110&ccb=1-7&_nc_sid=c53f8f&_nc_ohc=9MusW5Y2PUIQ7kNvwFwCMmq&_nc_oc=AdpIG001f37k4SoJrwXValHQ85jo5AQX_On16vtrt3w1OShvxeIYM_t7NiI2thYpzvgqtU7Ag5MV75OVWMQo0eYm&_nc_zt=14&_nc_ht=scontent.fjai6-1.fna&_nc_gid=ubTUuLiaclwdlFKRvs8WVg&_nc_ss=7b289&oh=00_Af_7RMMGr6Co2kgY8MnRB_TuVJhc579kEZ-Jnm20t7LyfA&oe=6A384264,,,,,,
1843996532961987,https://www.facebook.com/61570868796467/,fb.me,https://www.facebook.com/61570868796467/,,,,contact@casatrance.com,+91 70267 99812,,,,1090568260802148,http://fb.me/,CT Realty,https://www.facebook.com/ads/library/?id=1843996532961987,"Looking for your dream home in Bangalore? 🏡
Grab this limited pre-launch offer in Whitefield and pay just 10% now & nothing till possession!

✨ Premium high-rise apartments
✨ 2, 2.5, 3 & 4 BHK homes
✨ 1223 to 2215 sqft spacious layouts

Live in Bangalore’s most desirable location.
📞 Call Now: 70267 99812

#WhitefieldHomes #BangaloreRealEstate #DreamHome #LuxuryLiving #PreLaunchOffer #NoEMITillPossession #InvestInProperty #BangaloreHomes #HighRiseLiving #RealEstateIndia #PropertyInvestment #2BHK #3BHK #4BHK #HomeBuyers",3,Get offer,fb.me,"FACEBOOK; INSTAGRAM",2026-04-27,2026-06-16,,Original: https://scontent.fjai6-1.fna.fbcdn.net/v/t39.35426-6/681176648_1641081283851986_7337156736213745220_n.jpg?_nc_cat=104&ccb=1-7&_nc_sid=c53f8f&_nc_ohc=EsjbUmZMrasQ7kNvwHY37hh&_nc_oc=AdpFOv5GC6indYIiowJuvUjlokoNTbhtfiXl5hVu5doh_Jb4s5ETLnFG7beNjia7Q0KDqx1HoAmOb2HnTy3qtNLC&_nc_zt=14&_nc_ht=scontent.fjai6-1.fna&_nc_gid=52H7VbwZFY88JxzUsSfyzA&_nc_ss=7b289&oh=00_Af-odsKxSRYLwmAGYVkyiP94dg9XewmUE0tA5AFwCSL7Eg&oe=6A385A84 | Resized: https://scontent.fjai6-1.fna.fbcdn.net/v/t39.35426-6/681362628_1630644268185498_5304463171000298559_n.jpg?stp=dst-jpg_s600x600_tt6&_nc_cat=102&ccb=1-7&_nc_sid=c53f8f&_nc_ohc=5W0ytmiRnx8Q7kNvwEd8YBi&_nc_oc=AdoR9CxMXEqVGAJ2k5Ss26qconwb-DkJ4V4rLJUPwCiuwLal4SOaGOhyc-XxaqU6ml2mBkvDNqUbUg_hL61hC2-T&_nc_zt=14&_nc_ht=scontent.fjai6-1.fna&_nc_gid=52H7VbwZFY88JxzUsSfyzA&_nc_ss=7b289&oh=00_Af_FMgptiUGswb_H5fZSUPZY0gDiaaqNSiQH_0Xe2U4u2Q&oe=6A3848FF,,,,,,
982377157871240,https://www.facebook.com/THE3ESTATES/,fb.me,https://www.facebook.com/THE3ESTATES/,,,,the3estates@gmail.com,+91 76578 84400,,,,105007481607259,http://fb.me/,THE 3 ESTATES,https://www.facebook.com/ads/library/?id=982377157871240,"🏡 अब चंडीगढ़ के पास अपना सपनों का घर पाएँ!
3 BHK Luxury High-Rise Apartments अब उपलब्ध हैं – सिर्फ कुछ ही दूरी पर Chandigarh से।
✨ 1800 Sqft Spacious Flats
🔐 Gated Community
🛡️ 24/7 Security
🏊 Modern Amenities
🚗 Excellent Connectivity

आज ही अपना Dream Home Book करें!

📞 Call Now
📲 9814333355 | 7340749709 | +91 76578 84400",763,Get quote,fb.me,"FACEBOOK; INSTAGRAM; AUDIENCE_NETWORK",2026-06-03,2026-06-16,HD: https://video.fjai6-1.fna.fbcdn.net/o1/v/t2/f2/m366/AQNKAGDfo-E173OqRZUqbb5joPcYDUDz4pZzaKYcDZk8_D2NE7f1PjXp1ATHlsC1tpmEuCI9l18UEopat9OarAVPq_5AYyuoDN-XxCScxAKv7w.mp4?_nc_cat=108&_nc_oc=Adr1B-ZI8hgupGt942bAG6qdkkH3-veLEdoNyjAPvXjvyD3C2AL73C61Hwlfn-MyQxgYvryTEZug4nKsfSTB4cYF&_nc_sid=b66105&_nc_ht=video.fjai6-1.fna.fbcdn.net&_nc_ohc=uXE1CjkQisUQ7kNvwGCAbAA&efg=eyJ2ZW5jb2RlX3RhZyI6Inhwdl9wcm9ncmVzc2l2ZS5WSV9VU0VDQVNFX1BST0RVQ1RfVFlQRS4uQzMuNzIwLmRhc2hfaDI2NC1iYXNpYy1nZW4yXzcyMHAiLCJ4cHZfYXNzZXRfaWQiOjE2MDY0NTU5MjM5OTY5OTMsImFzc2V0X2FnZV9kYXlzIjoxMDAsInZpX3VzZWNhc2VfaWQiOjEwNzk5LCJkdXJhdGlvbl9zIjo2MCwidXJsZ2VuX3NvdXJjZSI6Ind3dyJ9&ccb=17-1&vs=92bb61c02b5dbf5e&_nc_vs=HBksFQIYRWZiX2VwaGVtZXJhbC9BQTRBOTQyRTAwMEYyMUQxN0MzMDFENEIzODVCODRBMV9tdF8xX3ZpZGVvX2Rhc2hpbml0Lm1wNBUAAsgBEgAVAhhAZmJfcGVybWFuZW50L0E5NDEwM0IzRERFQkNCNjczRUQzNzQ4N0RCOERENDgyX2F1ZGlvX2Rhc2hpbml0Lm1wNBUCAsgBEgAoABgAGwKIB3VzZV9vaWwBMRJwcm9ncmVzc2l2ZV9yZWNpcGUBMRUAACaC5ZOrhcTaBRUCKAJDMywXQE4AAAAAAAAYGWRhc2hfaDI2NC1iYXNpYy1nZW4yXzcyMHARAHUAZd6oAQA&_nc_gid=52H7VbwZFY88JxzUsSfyzA&_nc_ss=7b289&_nc_zt=28&oh=00_Af_QnKQ0juJMg0JAhZMAGRz7waz56-_qwnFZbK2iIayiQQ&oe=6A38451C | SD: https://video.fjai6-1.fna.fbcdn.net/o1/v/t2/f2/m412/AQOWuKdLo1QjFCSRuSPQxuCVPacP1Dzx01fBm6nNpCSd-LDvPVyc-EXbXZizmGwY2novxKByWIAfT6rkAvlkC6Z_oNsZXNbQONYFZJJTYg.mp4?_nc_cat=105&_nc_oc=AdqBPjImZTl9eVWE_tAC2KUd2O7iegfT4Nx4LW7oFZljMeHljE8DPAwgqSsWB0ozkNfsf_jQ7Uox2s_kRpBdE3F2&_nc_sid=ef5aa3&_nc_ht=video.fjai6-1.fna.fbcdn.net&_nc_ohc=jOqefEyPQmoQ7kNvwELgJu2&efg=eyJ2ZW5jb2RlX3RhZyI6Inhwdl9wcm9ncmVzc2l2ZS5WSV9VU0VDQVNFX1BST0RVQ1RfVFlQRS4uQzMuMzYwLnN2ZV9zZCIsInhwdl9hc3NldF9pZCI6MTYwNjQ1NTkyMzk5Njk5MywiYXNzZXRfYWdlX2RheXMiOjEwMCwidmlfdXNlY2FzZV9pZCI6MTA3OTksImR1cmF0aW9uX3MiOjYwLCJ1cmxnZW5fc291cmNlIjoid3d3In0%3D&ccb=17-1&_nc_gid=52H7VbwZFY88JxzUsSfyzA&_nc_ss=7b289&_nc_zt=28&oh=00_Af_0rjKxkFEKCgDXb3pUGfK70o6RZzQlc6AcLgspTy0mjw&oe=6A3840F9 | Preview: https://scontent.fjai6-1.fna.fbcdn.net/v/t39.35426-6/649628007_904509375886132_5206887130543185122_n.jpg?_nc_cat=101&ccb=1-7&_nc_sid=c53f8f&_nc_ohc=RbCn1tN2hBsQ7kNvwGWilQH&_nc_oc=AdpfzePPz52qOMJiZG6HHVZr8lS9IfcXiT55Nor1lLwOC_aVIF-vs4f5Q6g0-5KyKD2M8fe5-oT_crRFq1ezh2pb&_nc_zt=14&_nc_ht=scontent.fjai6-1.fna&_nc_gid=52H7VbwZFY88JxzUsSfyzA&_nc_ss=7b289&oh=00_Af8pByRrLYYpaUnG3F_PzDsk7tNE7lJHmTJ5yvbmxRkj5Q&oe=6A384B57,,,,,,,
1661553645260962,https://www.facebook.com/61570868796467/,fb.me,https://www.facebook.com/61570868796467/,,,,contact@casatrance.com,+91 70267 99812,,,,1090568260802148,http://fb.me/,CT Realty,https://www.facebook.com/ads/library/?id=1661553645260962,"Looking for your dream home in Bangalore? 🏡
Grab this limited pre-launch offer in Whitefield and pay just 10% now & nothing till possession!

✨ Premium high-rise apartments
✨ 2, 2.5, 3 & 4 BHK homes
✨ 1223 to 2215 sqft spacious layouts

Live in Bangalore’s most desirable location.
📞 Call Now: 70267 99812

#WhitefieldHomes #BangaloreRealEstate #DreamHome #LuxuryLiving #PreLaunchOffer #NoEMITillPossession #InvestInProperty #BangaloreHomes #HighRiseLiving #RealEstateIndia #PropertyInvestment #2BHK #3BHK #4BHK #HomeBuyers",3,Get offer,fb.me,"FACEBOOK; INSTAGRAM",2026-04-27,2026-06-16,,Original: https://scontent.fjai6-1.fna.fbcdn.net/v/t39.35426-6/682424026_816463831088908_6545427783208423005_n.jpg?_nc_cat=106&ccb=1-7&_nc_sid=c53f8f&_nc_ohc=QPCZGJKnOncQ7kNvwH1vaLV&_nc_oc=AdoA0y1JPprTPEf7z79Td9pGR1XJwRm78CntZx6QnVnf1jYCOHgLzk2Nna6eK7ywLz6r-15OnUll5oM_bjrwmDD4&_nc_zt=14&_nc_ht=scontent.fjai6-1.fna&_nc_gid=52H7VbwZFY88JxzUsSfyzA&_nc_ss=7b289&oh=00_Af8gErD27g8CSZrc0n-hUxZDaOdoeFVOyTjY79rE2WodWA&oe=6A384E3F | Resized: https://scontent.fjai6-1.fna.fbcdn.net/v/t39.35426-6/682799243_1773972866915138_7061805358434266537_n.jpg?stp=dst-jpg_s600x600_tt6&_nc_cat=105&ccb=1-7&_nc_sid=c53f8f&_nc_ohc=CDwP6Ka4umUQ7kNvwE6Jw23&_nc_oc=AdpHGHhNKbxoGQnnIS-yjkX5aiODB4GJuJKMefLzl9uuApjekKi5bAw1mtkisuaTqhIMsaAJbDEwXapE6tbFd3vt&_nc_zt=14&_nc_ht=scontent.fjai6-1.fna&_nc_gid=52H7VbwZFY88JxzUsSfyzA&_nc_ss=7b289&oh=00_Af8kfVjayaLz_Z94RBIzcZDRaRBlVP_QKVOoB8QE0nwx9w&oe=6A384CF3,,,,,,
4458339091081146,https://www.facebook.com/signatureglobaltitaniumsprproject/,fb.me,https://www.facebook.com/signatureglobaltitaniumsprproject/,,,,,,,,,324770197392908,http://fb.me/,Sīgnaturė Glóbal Titanium SPR,https://www.facebook.com/ads/library/?id=4458339091081146,"🌿 Where Luxury, Location & Lifestyle Come Together
Live in a thoughtfully designed high-rise community that blends modern architecture, green landscapes, and seamless connectivity at Signature Global – Sarvam.

- Premium 3 & 4 BHK Residences
- Modern Amenities | Gated Community

- Smart Payment Plan
- Own with ₹29 Lacs Now
- Balance Payable After 3 Years

📍 Bang on Dwarka Expressway
🔥 Limited Homes Available

Click on the button below and avail this offer now.
📞 Or, Call us at +𝟵𝟭-𝟕𝟔𝟔𝟗𝟔 𝟒𝟔𝟓𝟓𝟔 and book your free site visit.",21,Get quote,fb.me,"FACEBOOK; INSTAGRAM; AUDIENCE_NETWORK",2026-06-07,2026-06-16,,Original: https://scontent.fjai6-1.fna.fbcdn.net/v/t39.35426-6/717265182_2801711910175371_6238593457896785759_n.jpg?_nc_cat=107&ccb=1-7&_nc_sid=c53f8f&_nc_ohc=HG2avpgI2V8Q7kNvwHtnMiy&_nc_oc=Adp8PDaiNPlyu8euX7rEfkFBhUx-0Rc18T8LEEJZO5iWNiNNtAl1j_yMHi-RTrKGTGdeHgmu2KBJ22b-qldDE42x&_nc_zt=14&_nc_ht=scontent.fjai6-1.fna&_nc_gid=52H7VbwZFY88JxzUsSfyzA&_nc_ss=7b289&oh=00_Af8R6JfCgRk2Uuz58G82SA14LidThBiZbIgD0v87cVz1cg&oe=6A38471F | Resized: https://scontent.fjai6-1.fna.fbcdn.net/v/t39.35426-6/718265933_1655174419099208_5628586898491410960_n.jpg?stp=dst-jpg_s600x600_tt6&_nc_cat=108&ccb=1-7&_nc_sid=c53f8f&_nc_ohc=WpRhRL0LsroQ7kNvwFjnMn3&_nc_oc=AdrW7Vp6llvfSXAjMajjaLMH0howu4UfdRutnwFFEYOpbcHXxIq7awz0yddVed9rcZYPKQ9DMePzXX4tEYKBF91G&_nc_zt=14&_nc_ht=scontent.fjai6-1.fna&_nc_gid=52H7VbwZFY88JxzUsSfyzA&_nc_ss=7b289&oh=00_Af__AntcnaSZYr9aIIDMWtH7xfuDR2Occvjo8oOOJNQbfQ&oe=6A385433,,,,,,
27185462217730168,https://www.facebook.com/savewithtruesun/,fb.me,https://www.facebook.com/savewithtruesun/,,,,support@truesun.in,+91 88508 45149,,,,547497748947406,http://fb.me/,Truesun Energy Solutions Private Limited,https://www.facebook.com/ads/library/?id=27185462217730168,"Society Maintenance Increasing Every Year?🏢 High-Rise Society Maintenance Too High? Solar can help your society save lakhs on electricity costs. ☀️ Up to 80% reduction in common electricity expenses
☀️ Government Subsidy up to ₹18,000/kW*
☀️ Ideal for High-Rise Apartments & Housing Societies
☀️ Fast Installation & Long-Term Savings

Schedule your FREE site assessment today.",663,Get quote,fb.me,"FACEBOOK; INSTAGRAM; AUDIENCE_NETWORK",2026-06-09,2026-06-16,,Original: https://scontent.fjai6-1.fna.fbcdn.net/v/t39.35426-6/717439518_768906916244738_711118933965479270_n.jpg?_nc_cat=105&ccb=1-7&_nc_sid=c53f8f&_nc_ohc=g9NESqhpepsQ7kNvwHUzymq&_nc_oc=AdoTLcXKYUtFaD0Wy2UQeM9uDNnCUTMrqX0kjkYZseWOel0KsMAyRdSNqjIDMHk6nFEwhMlbSicjdRCRpnCdl21R&_nc_zt=14&_nc_ht=scontent.fjai6-1.fna&_nc_gid=52H7VbwZFY88JxzUsSfyzA&_nc_ss=7b289&oh=00_Af8QIsjlq1WdaKtZ9k5wRspE9PWS4ReXwzdJ0aq3LFmqJQ&oe=6A384D32 | Resized: https://scontent.fjai6-1.fna.fbcdn.net/v/t39.35426-6/719828451_36663690413244716_4580717485687445080_n.jpg?stp=dst-jpg_s600x600_tt6&_nc_cat=111&ccb=1-7&_nc_sid=c53f8f&_nc_ohc=xa4B8jHqvOoQ7kNvwFboD4N&_nc_oc=AdqJ-Gw_7Yn0rwvG7xy2z1xcAzsuMfZe8kXVlHmTAeG01gGv88yyhwW6Xi8nnvtigF4dFDMV_tVEvyu9uIeKVMGV&_nc_zt=14&_nc_ht=scontent.fjai6-1.fna&_nc_gid=52H7VbwZFY88JxzUsSfyzA&_nc_ss=7b289&oh=00_Af89ImwAa1qfycb3SSvTDP51xoERwe47tedFy8-qYlKBpA&oe=6A3843C0,,,,,,
1516934146643469,https://www.facebook.com/THE3ESTATES/,fb.me,https://www.facebook.com/THE3ESTATES/,,,,the3estates@gmail.com,+91 76578 84400,,,,105007481607259,http://fb.me/,THE 3 ESTATES,https://www.facebook.com/ads/library/?id=1516934146643469,"🏡 अपने सपनों का घर अब चंडीगढ़ के पास!
🏙️ High-Rise Apartments for Sale – Near Chandigarh 🏙️
💰 Starting at ₹90 Lacs Onwards
✨ Key Highlights:
✅ Gated Community
✅ 24/7 Security
✅ Modern Amenities
✅ Excellent Connectivity

📞 For More Details, Call Now:
📲 9814333355 | 7340749709 | 076578 84400",763,Get quote,fb.me,"FACEBOOK; INSTAGRAM; AUDIENCE_NETWORK",2026-06-02,2026-06-16,HD: https://video.fjai6-1.fna.fbcdn.net/o1/v/t2/f2/m366/AQNcF75BXWPSKEA_UiglvAS3RzlTLYlrqPbItXAdiTqnfQDMOA4j6SslIwgYVDCDuhKhLusmC9kjfVdUsDVkVNffpoA39G_ipQufgEvMhvHBzg.mp4?_nc_cat=109&_nc_oc=AdpeWnE3LT-zSYpVv9BfcjQ9Wqf3fjbASlwVI8tXESADof0bEf8WXGvYuxdt9_xN7bgFmqKH00ZhvFjlLhf1YbaL&_nc_sid=b66105&_nc_ht=video.fjai6-1.fna.fbcdn.net&_nc_ohc=hF1arf-u1uYQ7kNvwHFmCRL&efg=eyJ2ZW5jb2RlX3RhZyI6Inhwdl9wcm9ncmVzc2l2ZS5WSV9VU0VDQVNFX1BST0RVQ1RfVFlQRS4uQzMuNzIwLmRhc2hfaDI2NC1iYXNpYy1nZW4yXzcyMHAiLCJ4cHZfYXNzZXRfaWQiOjUxMTY4NDQwMTU2NTU0MiwiYXNzZXRfYWdlX2RheXMiOjQ4MSwidmlfdXNlY2FzZV9pZCI6MTA3OTksImR1cmF0aW9uX3MiOjMzLCJ1cmxnZW5fc291cmNlIjoid3d3In0%3D&ccb=17-1&vs=da62bd5c3271c52c&_nc_vs=HBksFQIYRWZiX2VwaGVtZXJhbC81NjREREFBMkRDN0UwNDM4QUMzQjRCQ0FFRTUyNTRCRF9tdF8xX3ZpZGVvX2Rhc2hpbml0Lm1wNBUAAsgBEgAVAhg6cGFzc3Rocm91Z2hfZXZlcnN0b3JlL0dJeU9xQnhjVmlyc09aVURBSk1Sd3VFcW5uaElidjRHQUFBRhUCAsgBEgAoABgAGwKIB3VzZV9vaWwBMRJwcm9ncmVzc2l2ZV9yZWNpcGUBMRUAACbMvfDv-dfoARUCKAJDMywXQEDMzMzMzM0YGWRhc2hfaDI2NC1iYXNpYy1nZW4yXzcyMHARAHUAZd6oAQA&_nc_gid=52H7VbwZFY88JxzUsSfyzA&_nc_ss=7b289&_nc_zt=28&oh=00_Af9hI0LVaGDtrk3nEsRha3NuYO2IcxWn4kDBImZm79Fbxw&oe=6A3850DB | SD: https://video.fjai6-1.fna.fbcdn.net/o1/v/t2/f2/m69/AQOw0k4tZDKXlbTnMBqyMyHOzHFPQndDODK1srbRLzAKadMsjHRL_50t3qn-Voh2jTjsdAMFugs3bAV6g1EQT7h2.mp4?strext=1&_nc_cat=101&_nc_oc=Adoy2zuBusWfJb2YKFAMfKWMwM2LlWREnxS6i8_wiLCL3eSzG4WGqZKmKxqau5HdRYT1jb2gCXDORgL2oP6pEqB3&_nc_sid=ef5aa3&_nc_ht=video.fjai6-1.fna.fbcdn.net&_nc_ohc=VOcGP2DMp8IQ7kNvwHma_-U&efg=eyJ2ZW5jb2RlX3RhZyI6Inhwdl9wcm9ncmVzc2l2ZS5WSV9VU0VDQVNFX1BST0RVQ1RfVFlQRS4uQzMuMzYwLnN2ZV9zZCIsInhwdl9hc3NldF9pZCI6NTExNjg0NDAxNTY1NTQyLCJhc3NldF9hZ2VfZGF5cyI6NDgxLCJ2aV91c2VjYXNlX2lkIjoxMDc5OSwiZHVyYXRpb25fcyI6MzMsInVybGdlbl9zb3VyY2UiOiJ3d3cifQ%3D%3D&ccb=17-1&_nc_gid=52H7VbwZFY88JxzUsSfyzA&_nc_ss=7b289&_nc_zt=28&oh=00_Af8aHWzqRjE4OhaRNus68sav5wt4LbocgYFcGzdp24TUqg&oe=6A383651 | Preview: https://scontent.fjai6-1.fna.fbcdn.net/v/t39.35426-6/605427329_868125696197638_3395185448079076082_n.jpg?_nc_cat=107&ccb=1-7&_nc_sid=c53f8f&_nc_ohc=1SfkY57Ch88Q7kNvwFZQlCO&_nc_oc=Adp-d1EG6e2N3jL_5emlKSCZMronSPoCfyHVaOjGfeljN5CqZKJxTEiVC-mxCSymragWQ2QlY0rNOfyyiJZqGfe3&_nc_zt=14&_nc_ht=scontent.fjai6-1.fna&_nc_gid=52H7VbwZFY88JxzUsSfyzA&_nc_ss=7b289&oh=00_Af_rZOYU9a4ifqDiMw9_CKzte_YIZhuGnSpmTrQLmvGsVw&oe=6A3852B0,,,,,,,
1010453015286190,https://www.facebook.com/100086056385329/,fb.me,https://www.facebook.com/100086056385329/,,,,,,,,,101708776037836,http://fb.me/,Luxury Residences,https://www.facebook.com/ads/library/?id=1010453015286190,"✨Introducing 𝐁𝐫𝐢𝐠𝐚𝐝𝐞 𝗕𝗲𝗹𝘃𝗲𝗱𝗲𝗿𝗲 @ 𝐁𝐮𝐝𝐢𝐠𝐞𝐫𝐞,East Bangalore📍.Discover Spacious 2, 3 & 3.5 BHK Luxury High-Rise Apartments from ₹𝟭.𝟰 𝗖𝗿*!

⚡HIGHLIGHTS:
🏙️ 5 Iconic Towers | G+43 Floors
🌿 75% Open Space | 50+ World-Class Amenities
🏢 1,750+ Premium Residences in 10.75 Acres

Why Brigade Budigere?
✅Thoughtfully Designed Homes with abundant natural light & ventilation
✅Quick Access to 𝐖𝐡𝐢𝐭𝐞𝐟𝐢𝐞𝐥𝐝, 𝐊𝐑 𝐏𝐮𝐫𝐚𝐦 & 𝐎𝐌𝐑
✅Close to ITPL, Manyata Tech Park & RMZ Infinity

🏗️ Backed by the trusted Brigade Group, ensuring long-term value & livability

👉 Book early for the best units & prices !",1485,Get quote,fb.me,"FACEBOOK; INSTAGRAM",2026-06-06,2026-06-15,HD: https://video.fjai6-1.fna.fbcdn.net/o1/v/t2/f2/m366/AQO6J5mAImrbkze_2un3dWeFnLybN-Qrma5wzhuRCJK2TpHAmjXAln0PeP4v4i4bFjnURLtg-vj85lZRMed0A-4vaexRd1-eJmaDsj64mzLhag.mp4?_nc_cat=110&_nc_oc=AdoL4ORid8wBHs2I9IRaOdz1jeBeHR5Xkpce43a9BwcPAdytobxdUkzpKRnDfxHLHzbYwl7doCWaf0I3bq0UKKnV&_nc_sid=b66105&_nc_ht=video.fjai6-1.fna.fbcdn.net&_nc_ohc=KZ3XIRGFcdoQ7kNvwFXvKGp&efg=eyJ2ZW5jb2RlX3RhZyI6Inhwdl9wcm9ncmVzc2l2ZS5WSV9VU0VDQVNFX1BST0RVQ1RfVFlQRS4uQzMuNzIwLmRhc2hfaDI2NC1iYXNpYy1nZW4yXzcyMHAiLCJ4cHZfYXNzZXRfaWQiOjE3MjUwNTcwNjU1MTE4NTAsImFzc2V0X2FnZV9kYXlzIjoxMCwidmlfdXNlY2FzZV9pZCI6MTA3OTksImR1cmF0aW9uX3MiOjEwLCJ1cmxnZW5fc291cmNlIjoid3d3In0%3D&ccb=17-1&vs=bed767f759bb66e9&_nc_vs=HBksFQIYRWZiX2VwaGVtZXJhbC8xRTRBQ0MyRENDQ0Y5RjJBRDlCOEFGNjRBQzM4QTI4QV9tdF8xX3ZpZGVvX2Rhc2hpbml0Lm1wNBUAAsgBEgAVAhhAZmJfcGVybWFuZW50LzRBNDAwRThGMjlCNTdERDg1RTZGRjlGMTRDNzQ5NUEwX2F1ZGlvX2Rhc2hpbml0Lm1wNBUCAsgBEgAoABgAGwKIB3VzZV9vaWwBMRJwcm9ncmVzc2l2ZV9yZWNpcGUBMRUAACbUrtvZxLuQBhUCKAJDMywXQCQU_fO2RaIYGWRhc2hfaDI2NC1iYXNpYy1nZW4yXzcyMHARAHUAZd6oAQA&_nc_gid=I4btEFiy97b-isxsMnKxOw&_nc_ss=7b289&_nc_zt=28&oh=00_Af874hCDWWAZPywAsw5B41A1okGZ0ABBk5AT0ICgbi_wrg&oe=6A386032 | SD: https://video.fjai6-1.fna.fbcdn.net/o1/v/t2/f2/m412/AQOampBUodE0BonzfTSYNOEeWmrJ13msbRnzrdDB1-SihIXhOTCoNO6s72bQL_Qopl9jkl2byeLAYUQVisoz5yvu_uuUmSKYhwj9NXgVfA.mp4?_nc_cat=106&_nc_oc=AdpB74bOYFlgF5bOuq5FK4sUK0FHUiuohLaUsuZMgV1t0SgZUgjSE3btsYWlAUc2_TFuj-FdeMLuJnnCUGAwjSRy&_nc_sid=ef5aa3&_nc_ht=video.fjai6-1.fna.fbcdn.net&_nc_ohc=gPBDOQzAQGIQ7kNvwGOvu1F&efg=eyJ2ZW5jb2RlX3RhZyI6Inhwdl9wcm9ncmVzc2l2ZS5WSV9VU0VDQVNFX1BST0RVQ1RfVFlQRS4uQzMuMzYwLnN2ZV9zZCIsInhwdl9hc3NldF9pZCI6MTcyNTA1NzA2NTUxMTg1MCwiYXNzZXRfYWdlX2RheXMiOjEwLCJ2aV91c2VjYXNlX2lkIjoxMDc5OSwiZHVyYXRpb25fcyI6MTAsInVybGdlbl9zb3VyY2UiOiJ3d3cifQ%3D%3D&ccb=17-1&_nc_gid=I4btEFiy97b-isxsMnKxOw&_nc_ss=7b289&_nc_zt=28&oh=00_Af-IAwmF-OXovvoDsKgf-tSMIxW5uuRPS6pM6rZpewJ46g&oe=6A3850C8 | Preview: https://scontent.fjai6-1.fna.fbcdn.net/v/t39.35426-6/717077478_27066017169732789_6005181836876985740_n.jpg?_nc_cat=100&ccb=1-7&_nc_sid=c53f8f&_nc_ohc=7mUsCUCd8zAQ7kNvwF2dJaF&_nc_oc=Adq8ThqBijCllVJps-GMFpu7wDfxIvbuUklOzbddFU_YsRWGh8OwsxqgC_P9F25Ky2Tq-a3RYAX8NSYjWq0y66Hw&_nc_zt=14&_nc_ht=scontent.fjai6-1.fna&_nc_gid=I4btEFiy97b-isxsMnKxOw&_nc_ss=7b289&oh=00_Af-JfVV0eqG5FRpsGYfk2gO1r9R4mPxOxpQ_wbV3Iwtakw&oe=6A3839E5,,,,,,,
2108675256722617,https://www.facebook.com/61584895028865/,fb.me,https://www.facebook.com/61584895028865/,,,,,,,,,961338663738657,http://fb.me/,KK.Buildcon,https://www.facebook.com/ads/library/?id=2108675256722617,"Luxurious 2,3,4 & 5 BHK Apartments in JP Nagar, 7th Phase starting from ₹2.7 Cr*

✅ RERA Approved High-rise Apartments in Gated Community
✅ Spacious Layouts And Large Balconies 
✅ Exclusive 72 Residences
✅ Located In The Heart Of Bangalore",5,Get quote,fb.me,"FACEBOOK; INSTAGRAM",2026-06-15,2026-06-17,HD: https://video.fjai6-1.fna.fbcdn.net/o1/v/t2/f2/m366/AQOfU6jBduyq49vrhbuTVPchmKwzMkexjBLglVkWhUsFuvsgMsLy3mNmn_lh71vSTAOw6dTCNRD5eAmeYbDzq-edQOEXT-NYV6jnWF4enrFO_g.mp4?_nc_cat=104&_nc_oc=AdqSxV4TvI7JVhYVTt5gFV4nvs6vXQ2KKe4sRltoOM4JhCboxoZFtK9weVeSITAb6dIC0eJtnDOHDG4HIxLijYPY&_nc_sid=b66105&_nc_ht=video.fjai6-1.fna.fbcdn.net&_nc_ohc=1Z1fq9Ee1AcQ7kNvwEcU6Fx&efg=eyJ2ZW5jb2RlX3RhZyI6Inhwdl9wcm9ncmVzc2l2ZS5WSV9VU0VDQVNFX1BST0RVQ1RfVFlQRS4uQzMuNzIwLmRhc2hfaDI2NC1iYXNpYy1nZW4yXzcyMHAiLCJ4cHZfYXNzZXRfaWQiOjE0NzM4NzUyMjc0NzEzNjgsImFzc2V0X2FnZV9kYXlzIjo2MiwidmlfdXNlY2FzZV9pZCI6MTA3OTksImR1cmF0aW9uX3MiOjMwLCJ1cmxnZW5fc291cmNlIjoid3d3In0%3D&ccb=17-1&vs=95d38c4b2a93415d&_nc_vs=HBksFQIYRWZiX2VwaGVtZXJhbC82MzQ5ODMwN0E4ODZCMzQ2RTJENUU5MDM1RDNEMEQ5MF9tdF8xX3ZpZGVvX2Rhc2hpbml0Lm1wNBUAAsgBEgAVAhhAZmJfcGVybWFuZW50L0FFNEUwNkJCOEE4MzFBRENDOENDRkE4MDNFREZFN0E2X2F1ZGlvX2Rhc2hpbml0Lm1wNBUCAsgBEgAoABgAGwKIB3VzZV9vaWwBMRJwcm9ncmVzc2l2ZV9yZWNpcGUBMRUAACaQuIOW6p6eBRUCKAJDMywXQD4euFHrhR8YGWRhc2hfaDI2NC1iYXNpYy1nZW4yXzcyMHARAHUAZd6oAQA&_nc_gid=I4btEFiy97b-isxsMnKxOw&_nc_ss=7b289&_nc_zt=28&oh=00_Af8SYgUjb7Ym2Ls9YMu2j4EiqwoCgjvPwpC8CCXeEvy2mA&oe=6A384540 | SD: https://video.fjai6-1.fna.fbcdn.net/o1/v/t2/f2/m412/AQPtAFdv8DEkNuiNXdpcGXIP37WAgGFkoRfzXWxKy6vaYnSHVhL72ohG8TlGUVgg2Hp3fmz-MSbXt7OpGlYnC3k39c9Os4I5HV0yF0bKIw.mp4?_nc_cat=110&_nc_oc=AdpRB4xjzpWGk_qiquQEm4vNLEYe55bpR6x9nRqjRyWZ9pYVwwYsA6fyqxKuEzqEIuKnE_lxDvlIGT9beFkfNkvj&_nc_sid=ef5aa3&_nc_ht=video.fjai6-1.fna.fbcdn.net&_nc_ohc=j2U3Vfq5I38Q7kNvwGvCKCM&efg=eyJ2ZW5jb2RlX3RhZyI6Inhwdl9wcm9ncmVzc2l2ZS5WSV9VU0VDQVNFX1BST0RVQ1RfVFlQRS4uQzMuMzYwLnN2ZV9zZCIsInhwdl9hc3NldF9pZCI6MTQ3Mzg3NTIyNzQ3MTM2OCwiYXNzZXRfYWdlX2RheXMiOjYyLCJ2aV91c2VjYXNlX2lkIjoxMDc5OSwiZHVyYXRpb25fcyI6MzAsInVybGdlbl9zb3VyY2UiOiJ3d3cifQ%3D%3D&ccb=17-1&_nc_gid=I4btEFiy97b-isxsMnKxOw&_nc_ss=7b289&_nc_zt=28&oh=00_Af_3-FUEVwAOtojZYoLD-bsThX7M-vUHDnqpOCZo3OAqnw&oe=6A385874 | Preview: https://scontent.fjai6-1.fna.fbcdn.net/v/t39.35426-6/685833541_4516164511937139_6752364988693232024_n.jpg?_nc_cat=103&ccb=1-7&_nc_sid=c53f8f&_nc_ohc=tAyMjJrYe4AQ7kNvwFvp77X&_nc_oc=Ado0QVlM_elv6KuoK_0LqF1FNyB2moOpHo2zAr9ANaDN0VhLnmM57J6UDt3d2cOkKwK3ioIYhXPkkDtolmBxYS9m&_nc_zt=14&_nc_ht=scontent.fjai6-1.fna&_nc_gid=I4btEFiy97b-isxsMnKxOw&_nc_ss=7b289&oh=00_Af-AJjI_pKhMsqhOoJrEEQcjEe1V4yoJZ8TgCJcBdK0cjw&oe=6A383A99,,,,,,,
4318142861779300,https://www.facebook.com/61589688945471/,fb.me,https://www.facebook.com/61589688945471/,,,,,,,,,1114107718455786,http://fb.me/,Property Event,https://www.facebook.com/ads/library/?id=4318142861779300,"Exclusive Property Showcase 2026

Explore Villas, Farmhouses, Plots & Premium Homes across top destinations like Goa, Dehradun, Vrindavan, Pataudi & more — all under one roof.

📍 The Bristol Hotel, Gurugram
📅 20–21 June 2026 | ⏰ 10 AM – 7 PM

✔ Multiple Projects
✔ One-to-One Consultation
✔ Hi-Tea & Networking

Get project details, pricing, payment plans & exclusive event-day assistance.

📌 Limited consultation slots available.
Click ""See Details"" and register now.",2,See details,fb.me,"FACEBOOK; INSTAGRAM; AUDIENCE_NETWORK",2026-06-16,2026-06-17,HD: https://video.fjai6-1.fna.fbcdn.net/o1/v/t2/f2/m366/AQNAK5FwZywLpEBte5GiKo7p1OhXuUJFIDtZxPwcFHDbe-8qqalaYFg3d8Qgnp32E784-xGnx1wLJ3xsiggCfzizU1xD7TAVzccci1Jy9HJMhQ.mp4?_nc_cat=110&_nc_oc=Ado-A0eVUbb2cIBMqdPPNvXJ90ewLNiELchO32wKQdqdbaQDek4MpkdLZ1xy9mrlwr2uLnDa4GsIsIWpfke3-0Z8&_nc_sid=b66105&_nc_ht=video.fjai6-1.fna.fbcdn.net&_nc_ohc=3Bh0HmjDtj4Q7kNvwH3wVkD&efg=eyJ2ZW5jb2RlX3RhZyI6Inhwdl9wcm9ncmVzc2l2ZS5WSV9VU0VDQVNFX1BST0RVQ1RfVFlQRS4uQzMuNzIwLmRhc2hfaDI2NC1iYXNpYy1nZW4yXzcyMHAiLCJ4cHZfYXNzZXRfaWQiOjg3NzA1NjcwNDgzOTA3MywiYXNzZXRfYWdlX2RheXMiOjAsInZpX3VzZWNhc2VfaWQiOjEwNzk5LCJkdXJhdGlvbl9zIjo2MSwidXJsZ2VuX3NvdXJjZSI6Ind3dyJ9&ccb=17-1&vs=2242dd8adc645d0e&_nc_vs=HBksFQIYRWZiX2VwaGVtZXJhbC8wQzRGOEI1RkQwOTZEOTc2N0FENzA1ODE5MzI3REI5MF9tdF8xX3ZpZGVvX2Rhc2hpbml0Lm1wNBUAAsgBEgAVAhhAZmJfcGVybWFuZW50LzMzNEQ2OEE2M0IzQTk5MTRFRDcxQTFBRjFBQjRERjlGX2F1ZGlvX2Rhc2hpbml0Lm1wNBUCAsgBEgAoABgAGwKIB3VzZV9vaWwBMRJwcm9ncmVzc2l2ZV9yZWNpcGUBMRUAACbC9rfVteuOAxUCKAJDMywXQE7EOVgQYk4YGWRhc2hfaDI2NC1iYXNpYy1nZW4yXzcyMHARAHUAZd6oAQA&_nc_gid=I4btEFiy97b-isxsMnKxOw&_nc_ss=7b289&_nc_zt=28&oh=00_Af8Cf4MQZYAUQQX9_gWSpnVlDE8Eyo6XugXnYr0mrlPUlg&oe=6A3862EA | SD: https://video.fjai6-1.fna.fbcdn.net/o1/v/t2/f2/m412/AQNcBkLlgf082eoi6uyhT4J1aIC_KF15EhlE5v8Lmly75dc6bld18ZzpxEg992ESbqBvFRmoD2CkrwkY_qA9E7bYr6w03qMuRiXDX2cCbQ.mp4?_nc_cat=102&_nc_oc=AdqrkZVNjx_jyVBjQtPVACX_bnWhFI9TIWB33hb_ygmFVg156Twr94PyxBeUaHOJPwuLsYTjuag1nCi4Tr2cliPp&_nc_sid=ef5aa3&_nc_ht=video.fjai6-1.fna.fbcdn.net&_nc_ohc=uFCLababgZUQ7kNvwGGqHLq&efg=eyJ2ZW5jb2RlX3RhZyI6Inhwdl9wcm9ncmVzc2l2ZS5WSV9VU0VDQVNFX1BST0RVQ1RfVFlQRS4uQzMuMzYwLnN2ZV9zZCIsInhwdl9hc3NldF9pZCI6ODc3MDU2NzA0ODM5MDczLCJhc3NldF9hZ2VfZGF5cyI6MCwidmlfdXNlY2FzZV9pZCI6MTA3OTksImR1cmF0aW9uX3MiOjYxLCJ1cmxnZW5fc291cmNlIjoid3d3In0%3D&ccb=17-1&_nc_gid=I4btEFiy97b-isxsMnKxOw&_nc_ss=7b289&_nc_zt=28&oh=00_Af_gUHvIJRAsx55u8Ynx_vminFNrIh34WLMwwozhJYBG2g&oe=6A3835D0 | Preview: https://scontent.fjai6-1.fna.fbcdn.net/v/t39.35426-6/724738732_3416617571842501_2696997253848169946_n.jpg?_nc_cat=110&ccb=1-7&_nc_sid=c53f8f&_nc_ohc=BpG3_DXZ0cIQ7kNvwGTUekc&_nc_oc=AdpH-GntcOxl9nJl42y2RSCbv2CEdYiF8jCmKivod5h7XdtiI-XdEQZ7DYQtAzFBuxpkp46h1qlcHpn3_6dzn35K&_nc_zt=14&_nc_ht=scontent.fjai6-1.fna&_nc_gid=I4btEFiy97b-isxsMnKxOw&_nc_ss=7b289&oh=00_Af97mK82Rev1728kmJifnpLuwsMdh4Kts7uJBspeSF0olQ&oe=6A385018,,,,,,,
2188899148318751,https://www.facebook.com/61590978626354/,fb.me,https://www.facebook.com/61590978626354/,,,,info@nammahaven.com,+91 88925 33200,,,,1211698828686580,http://fb.me/,Godrej Sarjapura BLR,https://www.facebook.com/ads/library/?id=2188899148318751,"TWIN TOWERS by Godrej Sarjapura 

Looking for a home that blends luxury, comfort, and convenience? Discover premium living at Godrej Properties, Sompura – Sarjapura Road, designed for those who aspire for more.

✅ Starting from ₹1.4 Cr*
✅ Spacious 2 BHK & 3 BHK Homes
✅ 7.5 Acres of Premium Development
✅ 518 Exclusive Residences
✅ Twin Towers with 33 Floors
✅ 80% Open Spaces for a Greener Lifestyle
✅ World-Class Amenities & Leisure Spaces
✅ Excellent Connectivity to IT Hubs, Schools & Hospitals

Experience elevated living with thoughtfully designed homes, stunning views, and a vibrant community that complements your modern lifestyle.

📍 Sompura, Sarjapura Road
📞 Enquire now to book your site visit and explore exclusive launch offers!

#GodrejProperties #LuxuryLiving #SarjapuraRoad #BangaloreRealEstate #DreamHome #PremiumHomes #TwinTowers #ModernLifestyle #InvestInLuxury #LuxuryApartments #Homebuyers #RealEstateInvestment",,Get offer,fb.me,"FACEBOOK; INSTAGRAM; AUDIENCE_NETWORK",2026-06-16,2026-06-16,,Original: https://scontent.fjai6-1.fna.fbcdn.net/v/t39.35426-6/722605716_1751061609430371_6030858919482117097_n.jpg?_nc_cat=108&ccb=1-7&_nc_sid=c53f8f&_nc_ohc=jxUbRVl8FogQ7kNvwF9imx2&_nc_oc=Ado-Vw9v1mYgj9GzKLEpuTqhhOoxctXV539TKRMLb19OSlex031O13oa8g7SzGdk50SszfIUsdO7Rc6-7lt-UqG0&_nc_zt=14&_nc_ht=scontent.fjai6-1.fna&_nc_gid=I4btEFiy97b-isxsMnKxOw&_nc_ss=7b289&oh=00_Af82ZUILXdT-AovO1Z8hr8UJJOQbyHBIHmBKss5TzCkLvA&oe=6A383E3F | Resized: https://scontent.fjai6-1.fna.fbcdn.net/v/t39.35426-6/724858640_944445285305954_6347911757095441384_n.jpg?stp=dst-jpg_s600x600_tt6&_nc_cat=109&ccb=1-7&_nc_sid=c53f8f&_nc_ohc=9yy8ku1tnb8Q7kNvwEuzkB1&_nc_oc=AdpBXrftMcJq4CMaXI8lqhnv59Fl406xcFj0up_XSUqmgEFxMjqIi2ybmDuurBNVH6LLFBslmZRacBqePePoTAaP&_nc_zt=14&_nc_ht=scontent.fjai6-1.fna&_nc_gid=I4btEFiy97b-isxsMnKxOw&_nc_ss=7b289&oh=00_Af_Ez4yFkVLVg-gVohDhBepc50K0Ok8g1m8srQ8Pkk99rg&oe=6A385491,,,,,,
1671257947519654,https://www.facebook.com/61589664249674/,api.whatsapp.com,https://www.facebook.com/61589664249674/,,,,mkt.azsolution@gmail.com,+91 93218 65556,,,,1153563451166094,https://api.whatsapp.com/send,AZ Solution,https://www.facebook.com/ads/library/?id=1671257947519654,"Your home deserves more than traditional bulky grills.

Upgrade to AZ Solutions Invisible Grills and enjoy premium protection without blocking natural light or scenic views. A smart investment for modern homes and high-rise apartments.

✔ Elegant Appearance
✔ Maximum Protection
✔ Long-Lasting Performance
✔ Low Maintenance

Request your free quote today.",1,Send WhatsApp message,api.whatsapp.com,"FACEBOOK; INSTAGRAM; AUDIENCE_NETWORK; MESSENGER; WHATSAPP",2026-06-10,2026-06-16,HD: https://video.fjai6-1.fna.fbcdn.net/o1/v/t2/f2/m367/AQOTZmUHc2SRXsyDpDFh33VTN_GYx1QskAVcIyIGqZV8f3bY8xsAAHEYl26cRC7raSoE1V2JDSvQ-gzmnt4MNyG3DrhxQ0hf22QI0042VA.mp4?_nc_cat=107&_nc_oc=AdpmScuWkwK3g1rEj3NgQS96ybmXmklQW01D9qGona-tV8kG3NUX9ZZzNpJl1lxGhXhGXF7DeGWQOU_m55F4Ckhl&_nc_sid=ef5aa3&_nc_ht=video.fjai6-1.fna.fbcdn.net&_nc_ohc=-xpKm4Ft5IYQ7kNvwFF1o6N&efg=eyJ2ZW5jb2RlX3RhZyI6Inhwdl9wcm9ncmVzc2l2ZS5WSV9VU0VDQVNFX1BST0RVQ1RfVFlQRS4uQzMuNzIwLnByb2dyZXNzaXZlX2gyNjQtYmFzaWMtZ2VuMl83MjBwIiwieHB2X2Fzc2V0X2lkIjoxODE1MjE0MzYwMDQzNTA3MCwiYXNzZXRfYWdlX2RheXMiOjksInZpX3VzZWNhc2VfaWQiOjEwMDk5LCJkdXJhdGlvbl9zIjozOSwidXJsZ2VuX3NvdXJjZSI6Ind3dyJ9&ccb=17-1&_nc_gid=I4btEFiy97b-isxsMnKxOw&_nc_ss=7b289&_nc_zt=28&oh=00_Af83DqduduGO_OffYcLLBQJblNqwXsxyBxDF4g2HHg2-mQ&oe=6A383197 | SD: https://video.fjai6-1.fna.fbcdn.net/o1/v/t2/f2/m367/AQOBvTAKgfrzHF_5N6qPHE6Ti6hoL5xBVtqhb8_ofUGxral7Z8OtOjD1Ko1zHDNRT-ouAEtpPk-iQ5wlZskAL8cY9t6rSf1R3PVHZXsC_Q.mp4?_nc_cat=109&_nc_oc=Adp1DZ9PLCPxRS4XvLN8ADPJf6iyyybVo5BjVk89c3EigUmaUj0Ic01KK0D4YYiTjN1tiDrnEOza0cHpsN4P2hx8&_nc_sid=ef5aa3&_nc_ht=video.fjai6-1.fna.fbcdn.net&_nc_ohc=KsuoPwZVgQ0Q7kNvwERFqLB&efg=eyJ2ZW5jb2RlX3RhZyI6Inhwdl9wcm9ncmVzc2l2ZS5WSV9VU0VDQVNFX1BST0RVQ1RfVFlQRS4uQzMuMzYwLnByb2dyZXNzaXZlX2gyNjQtYmFzaWMtZ2VuMl8zNjBwIiwieHB2X2Fzc2V0X2lkIjoxODE1MjE0MzYwMDQzNTA3MCwiYXNzZXRfYWdlX2RheXMiOjksInZpX3VzZWNhc2VfaWQiOjEwMDk5LCJkdXJhdGlvbl9zIjozOSwidXJsZ2VuX3NvdXJjZSI6Ind3dyJ9&ccb=17-1&_nc_gid=I4btEFiy97b-isxsMnKxOw&_nc_ss=7b289&_nc_zt=28&oh=00_Af-MSA5zP0Ri2zql-atlPH7EDppFvCHrtGyoZLLuELdIgw&oe=6A385E41 | Preview: https://scontent.fjai6-1.fna.fbcdn.net/v/t39.35426-6/721440772_987084690732184_2928012908932379140_n.jpg?_nc_cat=108&ccb=1-7&_nc_sid=c53f8f&_nc_ohc=PgRugm7IrKIQ7kNvwFY9Fll&_nc_oc=AdpvZQrQAbjtjepDBQhqBJEpr7HNPvm9Z1CPtNylFxDNSkC2H_0Dq0976w_6qQ2OI7A1EGe0KDROBKk9rh60F2lM&_nc_zt=14&_nc_ht=scontent.fjai6-1.fna&_nc_gid=I4btEFiy97b-isxsMnKxOw&_nc_ss=7b289&oh=00_Af_SuHa7-D2AcHCg0mthTRc8GMrgaxzjA0LMt9EOWUFgFA&oe=6A385F92,,,,,,,
2014207255844983,https://www.facebook.com/panicleinfra/,fb.me,https://www.facebook.com/panicleinfra/,,,,,,,,,563129793557775,http://fb.me/,Panicle Infra,https://www.facebook.com/ads/library/?id=2014207255844983,Ready To Move Luxury Apartments in Mohali & Zirakpur,4,Learn more,fb.me,"FACEBOOK; INSTAGRAM; AUDIENCE_NETWORK",2026-06-15,2026-06-17,,,Ready To Move Luxury Apartments in Mohali & Zirakpur || Ready To Move Luxury Apartments in Mohali & Zirakpur || Ready To Move Luxury Apartments in Mohali & Zirakpur || Ready To Move Luxury Apartments in Mohali & Zirakpur,http://fb.me/ || http://fb.me/ || http://fb.me/ || http://fb.me/,,Learn More || Learn More || Learn More || Learn More,Original: https://scontent.fjai6-1.fna.fbcdn.net/v/t39.35426-6/723853411_1805946657055893_5612814574756419676_n.jpg?_nc_cat=108&ccb=1-7&_nc_sid=c53f8f&_nc_ohc=_CD0vMzZZekQ7kNvwEW9tyR&_nc_oc=Adr364Ak0gtK4r4rC1nnXMolUUMtwmkBxvk6PSjUiwAzUVauWAhLBvmJsqHSTnsm_b4FLDiwTbhB69J1_R8J_xD2&_nc_zt=14&_nc_ht=scontent.fjai6-1.fna&_nc_gid=DU_o--brr36ELmgQ1tc2Iw&_nc_ss=7b289&oh=00_Af_yBsQfwis56bEpg47NvvNwlDmQTRvwXtWJV2O_gLppWg&oe=6A382EA2 | Resized: https://scontent.fjai6-1.fna.fbcdn.net/v/t39.35426-6/724153050_1011800818060151_8193761445371405200_n.jpg?stp=dst-jpg_s600x600_tt6&_nc_cat=100&ccb=1-7&_nc_sid=c53f8f&_nc_ohc=HzzC8sXhpo8Q7kNvwE5kREj&_nc_oc=AdrMmGQQn1UHhZuSMnHJ986OLnZzGlgkglKi7Q6rhG-2hXruujULH8RMCEh6gTQNXOjJZf7wmNiWqQbQD1tIRx9Z&_nc_zt=14&_nc_ht=scontent.fjai6-1.fna&_nc_gid=DU_o--brr36ELmgQ1tc2Iw&_nc_ss=7b289&oh=00_Af8RQD15hM1AZiti4EQFGZGbSb2t5VJPLUBVy3UyorCpQw&oe=6A383211 || Original: https://scontent.fjai6-1.fna.fbcdn.net/v/t39.35426-6/724139698_2092286782172909_952996504597611478_n.jpg?_nc_cat=110&ccb=1-7&_nc_sid=c53f8f&_nc_ohc=AspJAzL_0I0Q7kNvwFcdqEa&_nc_oc=Adp6MCB14HwwQxqtDpDhhjR2krmOlQTCrLjTPmelrVgOeNHu1QWrBqEk_y1TbVg8wD7hxNIxbf5m5YovO8Gt-WpC&_nc_zt=14&_nc_ht=scontent.fjai6-1.fna&_nc_gid=DU_o--brr36ELmgQ1tc2Iw&_nc_ss=7b289&oh=00_Af-mTTCEaLDegYZiIFykSmQgpN5CZvEnLZpqehSkVhbKWA&oe=6A38378D | Resized: https://scontent.fjai6-1.fna.fbcdn.net/v/t39.35426-6/724153464_2188491251918361_5506941261565076370_n.jpg?stp=dst-jpg_s600x600_tt6&_nc_cat=106&ccb=1-7&_nc_sid=c53f8f&_nc_ohc=rH4hEQuCqPMQ7kNvwHhSMLs&_nc_oc=AdoQyhDV_oYqh6rok_cLiiE5NQL9WZcMparBXyTdgBw0Z65bpuX1U5OMkSIEjJAnj8wxr56RLlonfj4lx35kriZB&_nc_zt=14&_nc_ht=scontent.fjai6-1.fna&_nc_gid=DU_o--brr36ELmgQ1tc2Iw&_nc_ss=7b289&oh=00_Af9chOiQ6MP5nBiRs5iTQWPPHYDXEfBHGcFWRGzlXph-qg&oe=6A3865C2 || Original: https://scontent.fjai6-1.fna.fbcdn.net/v/t39.35426-6/723824539_36554306560850284_3897108552463060289_n.jpg?_nc_cat=101&ccb=1-7&_nc_sid=c53f8f&_nc_ohc=giFLFitF6ggQ7kNvwE0oLyT&_nc_oc=AdriBmnHZOjJgD8ODvv-4l8xsSQBnPZef0tpynQrF-r7hb_JdzZG7oEjvitUcz93Lm8k4N9-8Xmu7UGrMFF4Mrgx&_nc_zt=14&_nc_ht=scontent.fjai6-1.fna&_nc_gid=DU_o--brr36ELmgQ1tc2Iw&_nc_ss=7b289&oh=00_Af_-V5pX6mxhMVouWb-S-jT6rMYBdsviv5_h6ZGZUDN9rw&oe=6A38309E | Resized: https://scontent.fjai6-1.fna.fbcdn.net/v/t39.35426-6/724109268_925917217180760_485937702529503305_n.jpg?stp=dst-jpg_s600x600_tt6&_nc_cat=108&ccb=1-7&_nc_sid=c53f8f&_nc_ohc=i6S4thmIt54Q7kNvwH7NWZA&_nc_oc=AdrKQpOdDjzTnxE7FbzURGgfSTy3_qYU2CTvBTESBdaDNkhZI0ERd5sefTvQta86NVj-HZAkhkvpUvDjx8RwowHN&_nc_zt=14&_nc_ht=scontent.fjai6-1.fna&_nc_gid=DU_o--brr36ELmgQ1tc2Iw&_nc_ss=7b289&oh=00_Af-37qBZ1to6E49eHeyXBPeufOgDTRxno7ZwnOqZL9cWtA&oe=6A383FD7 || Original: https://scontent.fjai6-1.fna.fbcdn.net/v/t39.35426-6/724124420_1775475100530442_8050331560473656164_n.jpg?_nc_cat=106&ccb=1-7&_nc_sid=c53f8f&_nc_ohc=_CYDHsleP98Q7kNvwHtrTAQ&_nc_oc=AdoNP0lc1R_VJg_oDRqn7P2Bh6PvHXtwQ0D9cL4KOwH8B64dZYAKsT7iY-RuiRy5k-gIK_GmWiO8XUNBzT9doPyI&_nc_zt=14&_nc_ht=scontent.fjai6-1.fna&_nc_gid=DU_o--brr36ELmgQ1tc2Iw&_nc_ss=7b289&oh=00_Af8IMoWf_MxksLKDY0NzOXYt6Y27PJzj0m-QY79I7ADcAQ&oe=6A384341 | Resized: https://scontent.fjai6-1.fna.fbcdn.net/v/t39.35426-6/724109826_883336540824888_6032427618062265867_n.jpg?stp=dst-jpg_s600x600_tt6&_nc_cat=111&ccb=1-7&_nc_sid=c53f8f&_nc_ohc=fhb_PKOWwIUQ7kNvwE4_kpC&_nc_oc=AdoHZgcKiy7ODH6mu8glXJEJ6Vs099LU5LTZVX6Ww2YjsNab5gXlyhQytszjIZbetvwCan2FOK1EnrmK6vlz9PON&_nc_zt=14&_nc_ht=scontent.fjai6-1.fna&_nc_gid=DU_o--brr36ELmgQ1tc2Iw&_nc_ss=7b289&oh=00_Af9bHxWAGQjC3rlJjaVQKWyHnrKU7-Y6bh8O4bpNMN-5BQ&oe=6A384A60,
1734085814411007,https://www.facebook.com/61590917426533/,fb.me,https://www.facebook.com/61590917426533/,,,,,,,,,1080958608444612,http://fb.me/,Prime Property Events,https://www.facebook.com/ads/library/?id=1734085814411007,"Exclusive Property Showcase 2026
Explore Villas, Farmhouses, Plots & Premium Homes across top destinations like Goa, Dehradun, Vrindavan, Pataudi & more — all under one roof.

📍 The Bristol Hotel, Gurugram
📅 20–21 June 2026 | ⏰ 10 AM – 7 PM

✔ Multiple Projects
✔ One-to-One Consultation
✔ Hi-Tea & Networking

Get project details, pricing, payment plans & exclusive event-day assistance.

📌 Limited consultation slots available.
Click ""See Details"" and register now.",,See details,fb.me,"FACEBOOK; INSTAGRAM; AUDIENCE_NETWORK",2026-06-16,2026-06-17,HD: https://video.fjai6-1.fna.fbcdn.net/o1/v/t2/f2/m366/AQMP-ZCz9WH4Y7eZvfQ6TPh7Z7w2ZbpojGLETa03a_amQXsP8kzBUhAy4RWJOdIsbb6kbgQRoaJYwm6w8zGBBZQqEPX-U_IHnzp9PLsu4dCYPQ.mp4?_nc_cat=107&_nc_oc=AdpPh6Ad_z-xRyfBo2EK-aETj-5k4TNxgBkJAXO1nrvqycs-eKp7Z6CtK50m8uXJEsOcTFmwQbF0TN5XdMByic0_&_nc_sid=b66105&_nc_ht=video.fjai6-1.fna.fbcdn.net&_nc_ohc=jP6abTuvAD4Q7kNvwGx6iZC&efg=eyJ2ZW5jb2RlX3RhZyI6Inhwdl9wcm9ncmVzc2l2ZS5WSV9VU0VDQVNFX1BST0RVQ1RfVFlQRS4uQzMuNzIwLmRhc2hfaDI2NC1iYXNpYy1nZW4yXzcyMHAiLCJ4cHZfYXNzZXRfaWQiOjEzMzUyMjI1NTgwMjE4MzcsImFzc2V0X2FnZV9kYXlzIjowLCJ2aV91c2VjYXNlX2lkIjoxMDc5OSwiZHVyYXRpb25fcyI6NjEsInVybGdlbl9zb3VyY2UiOiJ3d3cifQ%3D%3D&ccb=17-1&vs=82baadf118a6c5f1&_nc_vs=HBksFQIYRWZiX2VwaGVtZXJhbC9EOTRGNzYwMUYzNjc5MzgzNTJBNTY2RDNENkY0MjlCOV9tdF8xX3ZpZGVvX2Rhc2hpbml0Lm1wNBUAAsgBEgAVAhhAZmJfcGVybWFuZW50LzY1NENBRjk2MzM4NjRCODE0NzgxNkJGRDYxNjA5Qzk2X2F1ZGlvX2Rhc2hpbml0Lm1wNBUCAsgBEgAoABgAGwKIB3VzZV9vaWwBMRJwcm9ncmVzc2l2ZV9yZWNpcGUBMRUAACaa46Kkl5jfBBUCKAJDMywXQE7EOVgQYk4YGWRhc2hfaDI2NC1iYXNpYy1nZW4yXzcyMHARAHUAZd6oAQA&_nc_gid=DU_o--brr36ELmgQ1tc2Iw&_nc_ss=7b289&_nc_zt=28&oh=00_Af_sy7jh3Ogd5DBSi0-dDVEMu9_j93MW-G559fBnik8GDA&oe=6A384A79 | SD: https://video.fjai6-1.fna.fbcdn.net/o1/v/t2/f2/m412/AQMRbabCXe85QQwMzCI77tjnhR1KBENeUerJv7-xkaoAVMjvcl6CLpy0HkhKp1EKk3J8o3fvJu3Gfxs13zPP10CsjzsFdhpNlolF1Bl_PA.mp4?_nc_cat=101&_nc_oc=AdpsdzjInosampcGzYgJ18_IWPD_d_--PiOzU6oi8wMkr5mValY-MvdSXYZ9bbIW0RxJCB6q0S-S0IGHn2ZNli02&_nc_sid=ef5aa3&_nc_ht=video.fjai6-1.fna.fbcdn.net&_nc_ohc=JLpdB_U37xcQ7kNvwEKFRxf&efg=eyJ2ZW5jb2RlX3RhZyI6Inhwdl9wcm9ncmVzc2l2ZS5WSV9VU0VDQVNFX1BST0RVQ1RfVFlQRS4uQzMuMzYwLnN2ZV9zZCIsInhwdl9hc3NldF9pZCI6MTMzNTIyMjU1ODAyMTgzNywiYXNzZXRfYWdlX2RheXMiOjAsInZpX3VzZWNhc2VfaWQiOjEwNzk5LCJkdXJhdGlvbl9zIjo2MSwidXJsZ2VuX3NvdXJjZSI6Ind3dyJ9&ccb=17-1&_nc_gid=DU_o--brr36ELmgQ1tc2Iw&_nc_ss=7b289&_nc_zt=28&oh=00_Af_L5kHC8yOd-oeBp73lUTCyKR8aO9JzFNKIi_6Va-2i1g&oe=6A384035 | Preview: https://scontent.fjai6-1.fna.fbcdn.net/v/t39.35426-6/725153341_1601688685295983_8710958956579263241_n.jpg?_nc_cat=109&ccb=1-7&_nc_sid=c53f8f&_nc_ohc=uvoFss4ENcAQ7kNvwG1ehtY&_nc_oc=Ado2i_fwIlzX3RB28631OQ4780k58VwAWMeymu0L3ZxgnIcjpls4XWqhQgnr-REo0FJggPYH2XithA15Q-Ihep9r&_nc_zt=14&_nc_ht=scontent.fjai6-1.fna&_nc_gid=DU_o--brr36ELmgQ1tc2Iw&_nc_ss=7b289&oh=00_Af-YxN2ondwBDeThvR_VOaRcazy6MfydtX0_-2wuryT6sg&oe=6A383AFB,,,,,,,
1550686189764932,https://www.facebook.com/61578668524280/,fb.me,https://www.facebook.com/61578668524280/,,,,,,,,,712529871944917,http://fb.me/,New Launch - Mumbai,https://www.facebook.com/ads/library/?id=1550686189764932,The Altimus by Sosar Group - Low-Density Luxury Living at Khar West. Premium 2 BHK Sky-Residences from ₹ 2.99 Cr* Onwards. Exclusive G+22 storey tower featuring a rare layout of only 2 flats per floor with no shared walls. Secure your RERA-approved home today. Enquire Now*,51,Get offer,fb.me,"FACEBOOK; INSTAGRAM",2026-06-06,2026-06-17,,,The Altimus by Sosar Group - Low-Density Luxury Living at Khar West. Premium 2 BHK Sky-Residences from ₹ 2.99 Cr* Onwards. Exclusive G+22 storey tower featuring a rare layout of only 2 flats per floor with no shared walls. Secure your RERA-approved home today. Enquire Now* || The Altimus by Sosar Group - Low-Density Luxury Living at Khar West. Premium 2 BHK Sky-Residences from ₹ 2.99 Cr* Onwards. Exclusive G+22 storey tower featuring a rare layout of only 2 flats per floor with no shared walls. Secure your RERA-approved home today. Enquire Now*,http://fb.me/ || http://fb.me/,,Get Offer || Get Offer,,HD: https://video.fjai6-1.fna.fbcdn.net/o1/v/t2/f2/m366/AQMHPD-Q28awoekbxwxFkuM9F_YW525-_v-CNgmQxwjv7ZBuoT73iW5Fio1m8mMwNhc_j61yB1HkLJ2FquPMFfbB30Q87UeryZ5djzxjbKoTYQ.mp4?_nc_cat=103&_nc_oc=AdpSnkaFUTNIOQBAHghnJBXkTvKVFPAkqmOM9pCsUB72eF3n4Sn9Q6jdP3arMMbwazn1K0Hee18-qRnYApG3aDnR&_nc_sid=b66105&_nc_ht=video.fjai6-1.fna.fbcdn.net&_nc_ohc=2gByw46-LrsQ7kNvwEeDbmv&efg=eyJ2ZW5jb2RlX3RhZyI6Inhwdl9wcm9ncmVzc2l2ZS5WSV9VU0VDQVNFX1BST0RVQ1RfVFlQRS4uQzMuNzIwLmRhc2hfaDI2NC1iYXNpYy1nZW4yXzcyMHAiLCJ4cHZfYXNzZXRfaWQiOjEwMDQzNDQ5ODg2NTc0MTIsImFzc2V0X2FnZV9kYXlzIjoxMCwidmlfdXNlY2FzZV9pZCI6MTA3OTksImR1cmF0aW9uX3MiOjUyLCJ1cmxnZW5fc291cmNlIjoid3d3In0%3D&ccb=17-1&vs=5d7be5914e8a4f2c&_nc_vs=HBksFQIYRWZiX2VwaGVtZXJhbC84NjQ0RTIzQzM0MTk3NkUxRDM5NkM2MTZGQTJFMjY5QV9tdF8xX3ZpZGVvX2Rhc2hpbml0Lm1wNBUAAsgBEgAVAhhAZmJfcGVybWFuZW50Lzg4NEJEMTlCQ0FGRkMwOTg2OEU2NDRGNjEzNjhGREI1X2F1ZGlvX2Rhc2hpbml0Lm1wNBUCAsgBEgAoABgAGwKIB3VzZV9vaWwBMRJwcm9ncmVzc2l2ZV9yZWNpcGUBMRUAACaInL-kydzIAxUCKAJDMywXQEpzMzMzMzMYGWRhc2hfaDI2NC1iYXNpYy1nZW4yXzcyMHARAHUAZd6oAQA&_nc_gid=DU_o--brr36ELmgQ1tc2Iw&_nc_ss=7b289&_nc_zt=28&oh=00_Af86hzU8LQ298YLB2F7llpC_3FziUpJZ2aBjb_N-Mibd3Q&oe=6A3845C9 | SD: https://video.fjai6-1.fna.fbcdn.net/o1/v/t2/f2/m412/AQMgRvj5wEo-yNzHDkKbwmzmfAw1xy6gD4WdwHcxMCfRLFMB1Z-XQjDn7uEpbewNlREDasP2sE-G5W4F0vISLXinZhe-gH4vwRmbGCOPRw.mp4?_nc_cat=105&_nc_oc=AdoZrPm6JyCTt8yLttpxPX5-ujYyNiinjZSzYMOxdoiJtFoyp8nJkFXOXZXZAb--dlP7IkQePnq3Y1qTUgbEyUhW&_nc_sid=ef5aa3&_nc_ht=video.fjai6-1.fna.fbcdn.net&_nc_ohc=PCppIQPmC48Q7kNvwG2-BZ7&efg=eyJ2ZW5jb2RlX3RhZyI6Inhwdl9wcm9ncmVzc2l2ZS5WSV9VU0VDQVNFX1BST0RVQ1RfVFlQRS4uQzMuMzYwLnN2ZV9zZCIsInhwdl9hc3NldF9pZCI6MTAwNDM0NDk4ODY1NzQxMiwiYXNzZXRfYWdlX2RheXMiOjEwLCJ2aV91c2VjYXNlX2lkIjoxMDc5OSwiZHVyYXRpb25fcyI6NTIsInVybGdlbl9zb3VyY2UiOiJ3d3cifQ%3D%3D&ccb=17-1&_nc_gid=DU_o--brr36ELmgQ1tc2Iw&_nc_ss=7b289&_nc_zt=28&oh=00_Af-5Q37Rjeu391DsuSHwPNwiLJdlUP34Pk6U8OF7AbAJ5g&oe=6A3862F9 | Preview: https://scontent.fjai6-1.fna.fbcdn.net/v/t39.35426-6/718213086_1002269385609589_8144767852867478042_n.jpg?_nc_cat=110&ccb=1-7&_nc_sid=c53f8f&_nc_ohc=fBX4O2PTuFAQ7kNvwG_lbq3&_nc_oc=AdqDle3ikd246qr7Ey5CMv2tb5pQMQUDKn8zxpRoz8e0L-6389gQcASZ9qlUNnFLUui4d-VBR2ARaQIoUGNqq5Ib&_nc_zt=14&_nc_ht=scontent.fjai6-1.fna&_nc_gid=DU_o--brr36ELmgQ1tc2Iw&_nc_ss=7b289&oh=00_Af-Xz4zrG2evLqiVEGYsyh15Bpbt9HLSvrJGLW21hLS-4Q&oe=6A384C64 || HD: https://video.fjai6-1.fna.fbcdn.net/o1/v/t2/f2/m366/AQMJEArd1QxllTq1bX8FnYo8MAj5VS0mTEpOTJfoCunxo-yWOVDsdhKirTZ3JORronJ6FJLDJIWVxNtGtr03utudXqpkSWvNLxgE8Jj7h2lGsg.mp4?_nc_cat=108&_nc_oc=AdqUOOBQdjnGArLzLoBx8qglSW4ylr6GcfzPSYq8gHSIcqZ5mHUDKSA2z9s3CZay9k_eH8iLqt_NAhosygzMTQV6&_nc_sid=b66105&_nc_ht=video.fjai6-1.fna.fbcdn.net&_nc_ohc=015-UsfG4ugQ7kNvwGfepT8&efg=eyJ2ZW5jb2RlX3RhZyI6Inhwdl9wcm9ncmVzc2l2ZS5WSV9VU0VDQVNFX1BST0RVQ1RfVFlQRS4uQzMuNzIwLmRhc2hfaDI2NC1iYXNpYy1nZW4yXzcyMHAiLCJ4cHZfYXNzZXRfaWQiOjIwNTk4NjAyNTQ4NzgzNzgsImFzc2V0X2FnZV9kYXlzIjoxMCwidmlfdXNlY2FzZV9pZCI6MTA3OTksImR1cmF0aW9uX3MiOjUyLCJ1cmxnZW5fc291cmNlIjoid3d3In0%3D&ccb=17-1&vs=9bfde07d4e89924f&_nc_vs=HBksFQIYRWZiX2VwaGVtZXJhbC8yRTRCRkYyRkUxMDk3RTRFMzE4QThFQTBGMTRCOTVBOF9tdF8xX3ZpZGVvX2Rhc2hpbml0Lm1wNBUAAsgBEgAVAhhAZmJfcGVybWFuZW50L0FFNDM5NkJGMzNGNDM4QTk3NDcxODZCNkRGQUM2M0EwX2F1ZGlvX2Rhc2hpbml0Lm1wNBUCAsgBEgAoABgAGwKIB3VzZV9vaWwBMRJwcm9ncmVzc2l2ZV9yZWNpcGUBMRUAACbUqrvs0tuoBxUCKAJDMywXQEpzMzMzMzMYGWRhc2hfaDI2NC1iYXNpYy1nZW4yXzcyMHARAHUAZd6oAQA&_nc_gid=DU_o--brr36ELmgQ1tc2Iw&_nc_ss=7b289&_nc_zt=28&oh=00_Af_hwlSV0ZKKTM46TjJgjxOOQIbZGJKGC3cUQtywVGPCQQ&oe=6A3832B8 | SD: https://video.fjai6-1.fna.fbcdn.net/o1/v/t2/f2/m412/AQPg0BqwCMpU7TJt7lt3He9RpJ9EnVhGM2GXyo9wFCNIqcCKMC-Bg8ExDrYcD6TUUyneutmjrQf5BVrtNVALcywrIDvg5jZ5v_X2Vmwg-A.mp4?_nc_cat=1&_nc_oc=AdoNDxQh1Pmw03V6gYyq7QWtXEowF9lsBhsnRRfSHy6x7A_lNwFqQ6-ONrB6UwDC358OUK0WDC4xzCJ616mil8B7&_nc_sid=ef5aa3&_nc_ht=video.fjai6-1.fna.fbcdn.net&_nc_ohc=gTgFcdYmKKEQ7kNvwHgalzE&efg=eyJ2ZW5jb2RlX3RhZyI6Inhwdl9wcm9ncmVzc2l2ZS5WSV9VU0VDQVNFX1BST0RVQ1RfVFlQRS4uQzMuMzYwLnN2ZV9zZCIsInhwdl9hc3NldF9pZCI6MjA1OTg2MDI1NDg3ODM3OCwiYXNzZXRfYWdlX2RheXMiOjEwLCJ2aV91c2VjYXNlX2lkIjoxMDc5OSwiZHVyYXRpb25fcyI6NTIsInVybGdlbl9zb3VyY2UiOiJ3d3cifQ%3D%3D&ccb=17-1&_nc_gid=DU_o--brr36ELmgQ1tc2Iw&_nc_ss=7b289&_nc_zt=28&oh=00_Af81PyMO3he3oxzWORreMCLMf3_84ERDYwXW4f35V1AcrQ&oe=6A382E17 | Preview: https://scontent.fjai6-1.fna.fbcdn.net/v/t39.35426-6/715691763_2051337279148549_8026139759125936843_n.jpg?_nc_cat=108&ccb=1-7&_nc_sid=c53f8f&_nc_ohc=er6EzcP-otoQ7kNvwGjrDvy&_nc_oc=AdpNC9UjNKPEyW8bWJ0f6eZ-eeAGIwAO90yomn3D4ll4QE-rbzapAhVtpY5SKDojvsaJ88h2BCk9sihzSifCeL0E&_nc_zt=14&_nc_ht=scontent.fjai6-1.fna&_nc_gid=DU_o--brr36ELmgQ1tc2Iw&_nc_ss=7b289&oh=00_Af96ym_XN6ZY8Fa1sqEhHHZbH9aavNH2NS3RNDXx2BS4Sg&oe=6A382E81
1503088307980343,https://www.facebook.com/signatureglobaltitaniumsprproject/,fb.me,https://www.facebook.com/signatureglobaltitaniumsprproject/,,,,,,,,,324770197392908,http://fb.me/,Sīgnaturė Glóbal Titanium SPR,https://www.facebook.com/ads/library/?id=1503088307980343,"🌿 Where Luxury, Location & Lifestyle Come Together
Live in a thoughtfully designed high-rise community that blends modern architecture, green landscapes, and seamless connectivity at Signature Global – Sarvam.

- Premium 3 & 4 BHK Residences
- Modern Amenities | Gated Community

- Smart Payment Plan
- Own with ₹29 Lacs Now
- Balance Payable After 3 Years

📍 Bang on Dwarka Expressway
🔥 Limited Homes Available

Click on the button below and avail this offer now.
📞 Or, Call us at +𝟵𝟭-𝟕𝟔𝟔𝟗𝟔 𝟒𝟔𝟓𝟓𝟔 and book your free site visit.",21,Get quote,fb.me,"FACEBOOK; INSTAGRAM; AUDIENCE_NETWORK",2026-06-07,2026-06-15,,Original: https://scontent.fjai6-1.fna.fbcdn.net/v/t39.35426-6/718907168_2222519985169348_118935339821276346_n.jpg?_nc_cat=109&ccb=1-7&_nc_sid=c53f8f&_nc_ohc=mfDSEHqCsAQQ7kNvwE4na-T&_nc_oc=AdrxftrEfRKpJIl6WyJ-R78GKbU18Bvt0Wj90KsDbJjHn0J4wp-NbgV38umHplGfVPIG2134NYna_jsY8IOw3iJi&_nc_zt=14&_nc_ht=scontent.fjai6-1.fna&_nc_gid=DU_o--brr36ELmgQ1tc2Iw&_nc_ss=7b289&oh=00_Af_OmJjXyh9EBIdu4AUlYOWf5KmQHBu0CpRbfI6rF8o3Lw&oe=6A3857B7 | Resized: https://scontent.fjai6-1.fna.fbcdn.net/v/t39.35426-6/718943533_1985240515329475_8247286522185161861_n.jpg?stp=dst-jpg_s600x600_tt6&_nc_cat=103&ccb=1-7&_nc_sid=c53f8f&_nc_ohc=BypJIoCyIr8Q7kNvwGF-Q7U&_nc_oc=AdrrwvYADzfK8tpC4x9fPscl2soq4WGU6Qu8gp5FVeKcLTCyJzDIrQ4n3xRUtbEOt423rUUTtMVmMmjQThSRJKTb&_nc_zt=14&_nc_ht=scontent.fjai6-1.fna&_nc_gid=DU_o--brr36ELmgQ1tc2Iw&_nc_ss=7b289&oh=00_Af-_40hakF4gp_YoddZHd2u6-V5P9LcVuCvfaoFViw9oQg&oe=6A3840FA,,,,,,
1668054341168307,https://www.facebook.com/100092413929926/,api.whatsapp.com,https://www.facebook.com/100092413929926/,,,,,,,,,108819305526004,https://api.whatsapp.com/send,DSA Groups,https://www.facebook.com/ads/library/?id=1668054341168307,"3BHK Fully Furnished Apartment Starting from 1.04 CR* Luxury Living Redefined!

✨ Live in Style with 3BHK High-Rise Apartments
✨ Spacious Apartments: 1745 sqft | 1822 sqft
✨ Corner Flats for Maximum Privacy & Natural Light
✨ Ready for Possession

🌳 Amenities That Redefine Comfort:

Lush Green Parks 🌿
Open Amphitheatre 🎭
Elder Sitting Zone & Kids Play Area 👶
Basketball & Badminton Courts 🏀🏸
Jogging Track 🏃‍♂️ & Outdoor Games 🎯
Clubhouse with Gym, Swimming Pool & Indoor Games 🏋️‍♀️
🚗
Prime Location: Near Airport Road & Patiala Highway, Zirakpur
📍 Multiple Connectivity Roads - 66ft Wide

🅿️ Stilt/Basement Parking
🏢 Double Staircase & 2 Lifts in Each Block

💵 SBI-Approved Loan Facility Available

For More Information, Call Us at 078887 96472",128,Send WhatsApp message,api.whatsapp.com,"FACEBOOK; INSTAGRAM; AUDIENCE_NETWORK; MESSENGER",2026-06-13,2026-06-17,HD: https://video.fjai6-1.fna.fbcdn.net/o1/v/t2/f2/m366/AQPH9SFLqUl4r8tRyfaWhhvJTxnJipeAfn8rY0qzOJnpCglxa4Is0In4i6qgUdBm0PJjXghqIAG_NEhFR4-7QMFwwTADEWpVvFoy0NkdA_poeA.mp4?_nc_cat=106&_nc_oc=AdpHGsnJ_uyms_VlmmFvuRl0ldzBEe87O0Re1QNrDDphwc1cmceHfXe6rSfzvbBbnuJeL95stVEAzwfqa1LHHBDF&_nc_sid=b66105&_nc_ht=video.fjai6-1.fna.fbcdn.net&_nc_ohc=XimFHrqyfXgQ7kNvwGXMg1A&efg=eyJ2ZW5jb2RlX3RhZyI6Inhwdl9wcm9ncmVzc2l2ZS5WSV9VU0VDQVNFX1BST0RVQ1RfVFlQRS4uQzMuNzIwLmRhc2hfaDI2NC1iYXNpYy1nZW4yXzcyMHAiLCJ4cHZfYXNzZXRfaWQiOjE2MzYwMTQ3MTc0NjY4MTMsImFzc2V0X2FnZV9kYXlzIjo1LCJ2aV91c2VjYXNlX2lkIjoxMDc5OSwiZHVyYXRpb25fcyI6ODEsInVybGdlbl9zb3VyY2UiOiJ3d3cifQ%3D%3D&ccb=17-1&vs=56ef2e63e44ea701&_nc_vs=HBksFQIYRWZiX2VwaGVtZXJhbC9DRDQ0NDY0NTc4RTNGNEFFODRBQzdFQ0IxNTVDNzA5NV9tdF8xX3ZpZGVvX2Rhc2hpbml0Lm1wNBUAAsgBEgAVAhhAZmJfcGVybWFuZW50LzcxNEY1RDU2RjUyN0NGNTM1QzUyNzIwNjU5MzNGOEE4X2F1ZGlvX2Rhc2hpbml0Lm1wNBUCAsgBEgAoABgAGwKIB3VzZV9vaWwBMRJwcm9ncmVzc2l2ZV9yZWNpcGUBMRUAACb64qfBy_znBRUCKAJDMywXQFRgAAAAAAAYGWRhc2hfaDI2NC1iYXNpYy1nZW4yXzcyMHARAHUAZd6oAQA&_nc_gid=5CO3Vq6Y40CnWj6MhqtZfg&_nc_ss=7b289&_nc_zt=28&oh=00_Af9IKINbw0Co__Vyu3AO7qU94jNSwpA-8ki63gN5loCBQA&oe=6A3865BA | SD: https://video.fjai6-1.fna.fbcdn.net/o1/v/t2/f2/m412/AQMI12W-EJsbTYL36yHmkRFmqkRCWGm70N9Mza-jkbrvg0_LohfEN0iYkOG7EHXYYJF1tDy3D8C8wXVHHifCJgNI1t0mdaVCDAry8sBuZQ.mp4?_nc_cat=106&_nc_oc=Adru2IykNUihc1dE7QSLT9kiew9kWzzhaiM7uHDFyoJEE9ATx7eEt7hZL1ofBajbUIGiGRLo_ebYdrjsCQ93Bi9X&_nc_sid=ef5aa3&_nc_ht=video.fjai6-1.fna.fbcdn.net&_nc_ohc=zQzcWQu6k_YQ7kNvwHHPRMn&efg=eyJ2ZW5jb2RlX3RhZyI6Inhwdl9wcm9ncmVzc2l2ZS5WSV9VU0VDQVNFX1BST0RVQ1RfVFlQRS4uQzMuMzYwLnN2ZV9zZCIsInhwdl9hc3NldF9pZCI6MTYzNjAxNDcxNzQ2NjgxMywiYXNzZXRfYWdlX2RheXMiOjUsInZpX3VzZWNhc2VfaWQiOjEwNzk5LCJkdXJhdGlvbl9zIjo4MSwidXJsZ2VuX3NvdXJjZSI6Ind3dyJ9&ccb=17-1&_nc_gid=5CO3Vq6Y40CnWj6MhqtZfg&_nc_ss=7b289&_nc_zt=28&oh=00_Af8J-kjaBDarSDsbcupzEbVehfJogn18VREmYklmkNFaUg&oe=6A384080 | Preview: https://scontent.fjai6-1.fna.fbcdn.net/v/t39.35426-6/721415703_1531234361971069_8122139922002088209_n.jpg?_nc_cat=111&ccb=1-7&_nc_sid=c53f8f&_nc_ohc=f3hreFqQNrQQ7kNvwEcrxWN&_nc_oc=AdoX6PzSJG8tgkMe1f0TjnBZ615kuU99vRNobzrgF_USxyox2P9F88FxzKF4-wtZl4X0M07QDNnHEV111D2R28Oh&_nc_zt=14&_nc_ht=scontent.fjai6-1.fna&_nc_gid=5CO3Vq6Y40CnWj6MhqtZfg&_nc_ss=7b289&oh=00_Af8p4ryrKe6Vezp8KlhtgJB42SgeicsPynYCJs3QVUhZ3Q&oe=6A383EDE,,,,,,,
1287267756698945,https://www.facebook.com/61570868796467/,fb.me,https://www.facebook.com/61570868796467/,,,,contact@casatrance.com,+91 70267 99812,,,,1090568260802148,http://fb.me/,CT Realty,https://www.facebook.com/ads/library/?id=1287267756698945,"Looking for your dream home in Bangalore? 🏡
Grab this limited pre-launch offer in Whitefield and pay just 10% now & nothing till possession!

✨ Premium high-rise apartments
✨ 2, 2.5, 3 & 4 BHK homes
✨ 1223 to 2215 sqft spacious layouts

Live in Bangalore’s most desirable location.
📞 Call Now: 70267 99812

#WhitefieldHomes #BangaloreRealEstate #DreamHome #LuxuryLiving #PreLaunchOffer #NoEMITillPossession #InvestInProperty #BangaloreHomes #HighRiseLiving #RealEstateIndia #PropertyInvestment #2BHK #3BHK #4BHK #HomeBuyers",3,Get offer,fb.me,"FACEBOOK; INSTAGRAM",2026-04-27,2026-06-16,,Original: https://scontent.fjai6-1.fna.fbcdn.net/v/t39.35426-6/679746227_1903180267034078_928167180383772538_n.jpg?_nc_cat=111&ccb=1-7&_nc_sid=c53f8f&_nc_ohc=QvCgogbiMgAQ7kNvwHkgELr&_nc_oc=AdrHS1Vin3Iy_JeEQmgZk2_mLmmuc7g8w6f4eIhnVGRuCcqmFRn12d4BFr_lnmbfMr53PEG_IIAdTAWXs5qrIX1Q&_nc_zt=14&_nc_ht=scontent.fjai6-1.fna&_nc_gid=5CO3Vq6Y40CnWj6MhqtZfg&_nc_ss=7b289&oh=00_Af_X6rf1Y9X4ruLeTke6eGnkDV2C0l-GW3ZbDoIolBW4cA&oe=6A3836A7 | Resized: https://scontent.fjai6-1.fna.fbcdn.net/v/t39.35426-6/679198032_1666081677915372_2692071278556895459_n.jpg?stp=dst-jpg_s600x600_tt6&_nc_cat=107&ccb=1-7&_nc_sid=c53f8f&_nc_ohc=iPtUHMx0pIQQ7kNvwFB44pd&_nc_oc=AdosK6HrjPHojJXbbH6TmFJHH2Ug28bYFPJuZc04XyxbB2UdTVQ1mTvRUJd20Jm9RqMjEwv3GTd0BRNzfRHOoDWw&_nc_zt=14&_nc_ht=scontent.fjai6-1.fna&_nc_gid=5CO3Vq6Y40CnWj6MhqtZfg&_nc_ss=7b289&oh=00_Af9AsO4WMNdEMlNQ0S6dciFcuuyeUwe2aTJmYwLsyQbwNQ&oe=6A383685,,,,,,
1025702427079570,https://www.facebook.com/ermglobalinvestors/,fb.me,https://www.facebook.com/ermglobalinvestors/,,,,contact@ermglobalinvestors.com,+91 97111 99915,,,,101599769099658,http://fb.me/,ERM Global Investors,https://www.facebook.com/ads/library/?id=1025702427079570,"𝟭 & 𝟮 𝗕𝗛𝗞 𝗵𝗼𝘁𝗲𝗹-𝘀𝗲𝗿𝘃𝗶𝗰𝗲𝗱 𝗮𝗽𝗮𝗿𝘁𝗺𝗲𝗻𝘁𝘀 𝗮𝘁 𝗦𝗺𝗮𝗿𝘁 𝗪𝗼𝗿𝗹𝗱 𝗘𝗹𝗶𝗲 𝗦𝗮𝗮𝗯 𝗥𝗲𝘀𝗶𝗱𝗲𝗻𝗰𝗲𝘀, 𝗦𝗲𝗰𝘁𝗼𝗿 𝟵𝟴
-
📍 Minutes from DND & Noida Expressway
🛋️ Elie Saab interiors | Fully managed living
🏊 Pool, fitness centre & concierge services
💰 Starting ₹𝟐 𝐂𝐫 | Limited inventory
-
𝗘𝗻𝗾𝘂𝗶𝗿𝗲 𝗻𝗼𝘄 𝗳𝗼𝗿 𝗽𝗿𝗶𝗰𝗶𝗻𝗴, 𝗳𝗹𝗼𝗼𝗿 𝗽𝗹𝗮𝗻𝘀 & 𝗶𝗻𝘃𝗲𝘀𝘁𝗺𝗲𝗻𝘁 𝗱𝗲𝘁𝗮𝗶𝗹𝘀.",25345,Get quote,fb.me,"FACEBOOK; INSTAGRAM; AUDIENCE_NETWORK",2026-06-06,2026-06-11,HD: https://video.fjai6-1.fna.fbcdn.net/o1/v/t2/f2/m366/AQPobdCWbSkqUEk6hEDsW0hQ8wHbaWeUTHcBe15FKzoQxMVAWlMFuiQw8AOYUB9PNpBTWyIMLxKrMSGI2BDmUxXRRvzD94klxPYiTAfsbgg2kw.mp4?_nc_cat=103&_nc_oc=Adp-ztg1NrjO8Bk7vewUNuYf8fTCgGdOo24uBIMb9MQa8OQVHYe6XZyfc3ECq8V8dGcsl5I2Y-Pgim2_rX7c48s0&_nc_sid=b66105&_nc_ht=video.fjai6-1.fna.fbcdn.net&_nc_ohc=SFFi3BKjl3YQ7kNvwFKNWmm&efg=eyJ2ZW5jb2RlX3RhZyI6Inhwdl9wcm9ncmVzc2l2ZS5WSV9VU0VDQVNFX1BST0RVQ1RfVFlQRS4uQzMuNzIwLmRhc2hfaDI2NC1iYXNpYy1nZW4yXzcyMHAiLCJ4cHZfYXNzZXRfaWQiOjE1MjI4MzU0ODg4MjMxNTMsImFzc2V0X2FnZV9kYXlzIjoxNTIsInZpX3VzZWNhc2VfaWQiOjEwNzk5LCJkdXJhdGlvbl9zIjo0MywidXJsZ2VuX3NvdXJjZSI6Ind3dyJ9&ccb=17-1&vs=6ff069346a954e6a&_nc_vs=HBksFQIYRWZiX2VwaGVtZXJhbC80RTQ1OEQzOUVBMEM0REJFQTc4MkZGQkY5MTYxMzA5MV9tdF8xX3ZpZGVvX2Rhc2hpbml0Lm1wNBUAAsgBEgAVAhhAZmJfcGVybWFuZW50LzBFNEMzRkM1RTk5NDIwRkIyMjZENDA0NjUyMEJBNDlFX2F1ZGlvX2Rhc2hpbml0Lm1wNBUCAsgBEgAoABgAGwKIB3VzZV9vaWwBMRJwcm9ncmVzc2l2ZV9yZWNpcGUBMRUAACbi3ebF2MC0BRUCKAJDMywXQEWfGp--dskYGWRhc2hfaDI2NC1iYXNpYy1nZW4yXzcyMHARAHUAZd6oAQA&_nc_gid=5CO3Vq6Y40CnWj6MhqtZfg&_nc_ss=7b289&_nc_zt=28&oh=00_Af_SDPEt8qRK7rGZktlaHQl0sYnudkwSIlEUy8TNxHgSbA&oe=6A383605 | SD: https://video.fjai6-1.fna.fbcdn.net/o1/v/t2/f2/m412/AQMvOAbkZwhSqILiZw7COBteDjjg6aRABPOVNbzOZ_OnSHwTNKf-je7UonMnesqt8oKthsYAclAyNXvaljRT73GGay2ENpAF3mKXTJqC3g.mp4?_nc_cat=105&_nc_oc=Ado3mM9fRgUaa6mZKcjZP_ZLlVsW48gUVX_a03cInww0xi7VAAT58dApWka-ZtHsvKXtD19BBjBvaE4sHJ6OD-bp&_nc_sid=ef5aa3&_nc_ht=video.fjai6-1.fna.fbcdn.net&_nc_ohc=PXwjFxBSBDMQ7kNvwGxtkUt&efg=eyJ2ZW5jb2RlX3RhZyI6Inhwdl9wcm9ncmVzc2l2ZS5WSV9VU0VDQVNFX1BST0RVQ1RfVFlQRS4uQzMuMzYwLnN2ZV9zZCIsInhwdl9hc3NldF9pZCI6MTUyMjgzNTQ4ODgyMzE1MywiYXNzZXRfYWdlX2RheXMiOjE1MiwidmlfdXNlY2FzZV9pZCI6MTA3OTksImR1cmF0aW9uX3MiOjQzLCJ1cmxnZW5fc291cmNlIjoid3d3In0%3D&ccb=17-1&_nc_gid=5CO3Vq6Y40CnWj6MhqtZfg&_nc_ss=7b289&_nc_zt=28&oh=00_Af-xJCHsf-OZnIli0D6BKT27jZoFyA5yUAD97CADzsagCQ&oe=6A383B51 | Preview: https://scontent.fjai6-1.fna.fbcdn.net/v/t39.35426-6/718118387_1668550830856121_324715078821325814_n.jpg?_nc_cat=103&ccb=1-7&_nc_sid=c53f8f&_nc_ohc=-Hf2LDuJKk8Q7kNvwGFqDF0&_nc_oc=Adr4t07nAuMcLvwrBkGPjNlGih86rQ1d8UUuthr--LgTC6ZzW3qLeM4kTCeJroNgL_MMS_dNzVSXJMc-5aOEwiNf&_nc_zt=14&_nc_ht=scontent.fjai6-1.fna&_nc_gid=5CO3Vq6Y40CnWj6MhqtZfg&_nc_ss=7b289&oh=00_Af_C0IhKnl2j4V0ms3x5i9Hn8il-bR6LIK-hMG6s2maNgQ&oe=6A384281,,,,,,,
1517217866793984,https://www.facebook.com/ShriMahaLaxmiEnclaves/,fb.me,https://www.facebook.com/ShriMahaLaxmiEnclaves/,,,,,+91 88269 27269,,,,626091923912349,http://fb.me/,Shri MahaLaxmi Enclave,https://www.facebook.com/ads/library/?id=1517217866793984,"₹20,000 per sq yard near Greater Noida?

That price may not stay possible for long.

High-rise apartments consume money.
Land creates long-term wealth.

✅ Premium Township
✅ Wide Roads
✅ Future Growth Corridor
✅ High Appreciation Potential

Get complete pricing & site visit details now.

Comment “PLOT”.

For More Info

Call Us: 097182 12226",126,Learn more,fb.me,"FACEBOOK; INSTAGRAM; AUDIENCE_NETWORK",2026-06-15,2026-06-17,HD: https://video.fjai6-1.fna.fbcdn.net/o1/v/t2/f2/m366/AQPSPlgNfoeTwzn3J_0E6Wln5GD8IyYOaNUtNaCDPzWyglGTaJrlZzevjq7J2ch5ibi04LfFn_GDCcVYh4swlGG-cIkPF9ypHGQUK71HgDS7MQ.mp4?_nc_cat=102&_nc_oc=Adqhv8dZCkkDLFBECOcvGt3Hk4Q9GoV8i3F3xXqvMUYWe-1a_4QN9jS1SgggtP22I_Y42sn3oC-SS8Ec07le9ccQ&_nc_sid=b66105&_nc_ht=video.fjai6-1.fna.fbcdn.net&_nc_ohc=M4Bk7Rn_P68Q7kNvwEiEgQu&efg=eyJ2ZW5jb2RlX3RhZyI6Inhwdl9wcm9ncmVzc2l2ZS5WSV9VU0VDQVNFX1BST0RVQ1RfVFlQRS4uQzMuNzIwLmRhc2hfaDI2NC1iYXNpYy1nZW4yXzcyMHAiLCJ4cHZfYXNzZXRfaWQiOjEwMTgxOTYxNTA4OTM3NTEsImFzc2V0X2FnZV9kYXlzIjozLCJ2aV91c2VjYXNlX2lkIjoxMDc5OSwiZHVyYXRpb25fcyI6NDksInVybGdlbl9zb3VyY2UiOiJ3d3cifQ%3D%3D&ccb=17-1&vs=93095ce163390a54&_nc_vs=HBksFQIYRWZiX2VwaGVtZXJhbC9GMDRBQUI0M0NBMEU0MjRDRjQ2MzUxRUFGMDI2RTBBMl9tdF8xX3ZpZGVvX2Rhc2hpbml0Lm1wNBUAAsgBEgAVAhhAZmJfcGVybWFuZW50LzUyNEY5RDA4QzM3MzlFRDcyRjg3NTVDREU4MzVFODlBX2F1ZGlvX2Rhc2hpbml0Lm1wNBUCAsgBEgAoABgAGwKIB3VzZV9vaWwBMRJwcm9ncmVzc2l2ZV9yZWNpcGUBMRUAACbu8pW-6ILPAxUCKAJDMywXQEj7peNT988YGWRhc2hfaDI2NC1iYXNpYy1nZW4yXzcyMHARAHUAZd6oAQA&_nc_gid=5CO3Vq6Y40CnWj6MhqtZfg&_nc_ss=7b289&_nc_zt=28&oh=00_Af_WFnkUw5YE2WvfL435cSRK02OwX58eYqyWdjMCRKLAIw&oe=6A385016 | SD: https://video.fjai6-1.fna.fbcdn.net/o1/v/t2/f2/m412/AQO2pqL5coSFp164MhR5oWlw8P-qxj8EqwH2sePSn_i7yefyTBrniqrkVmHZ4_rtVo0r4ChJWkwhlaiEymcjRLtrtBzgWvJQGz6h8d-aeg.mp4?_nc_cat=105&_nc_oc=AdpH8fdnAX4mjvwt3xneqnnx5IGnA8xfwvuAdpQgOftWHqaHS3Bm1B8kKqId-aMJuSUOxOWeA2waO5vOQFHc-PjV&_nc_sid=ef5aa3&_nc_ht=video.fjai6-1.fna.fbcdn.net&_nc_ohc=TS-U1ZytO9YQ7kNvwEBeg0d&efg=eyJ2ZW5jb2RlX3RhZyI6Inhwdl9wcm9ncmVzc2l2ZS5WSV9VU0VDQVNFX1BST0RVQ1RfVFlQRS4uQzMuMzYwLnN2ZV9zZCIsInhwdl9hc3NldF9pZCI6MTAxODE5NjE1MDg5Mzc1MSwiYXNzZXRfYWdlX2RheXMiOjMsInZpX3VzZWNhc2VfaWQiOjEwNzk5LCJkdXJhdGlvbl9zIjo0OSwidXJsZ2VuX3NvdXJjZSI6Ind3dyJ9&ccb=17-1&_nc_gid=5CO3Vq6Y40CnWj6MhqtZfg&_nc_ss=7b289&_nc_zt=28&oh=00_Af94DiA0wkQAgwtkX_1rFJim3eWQq-cqjjCyepAobanhYA&oe=6A384F15 | Preview: https://scontent.fjai6-1.fna.fbcdn.net/v/t39.35426-6/724368836_1027428459783698_3754272612772308900_n.jpg?_nc_cat=104&ccb=1-7&_nc_sid=c53f8f&_nc_ohc=o4d6QJfmtaAQ7kNvwH_mXCJ&_nc_oc=AdqIOkHPuLywMaGfzcKsvUqc_ekmnK8FY7PYF7i9Wt2dbwJcQWWvbGcRJe_7MOuT8isWVwM_ZOKyBy8igmMmPZ1s&_nc_zt=14&_nc_ht=scontent.fjai6-1.fna&_nc_gid=5CO3Vq6Y40CnWj6MhqtZfg&_nc_ss=7b289&oh=00_Af9NUhEElW8AJsNM58ZQnvyx_O1RKXXhiH1yOQEnHmJCKw&oe=6A3850A3,,,,,,,
1918012618902934,https://www.facebook.com/JainHousing/,fb.me,https://www.facebook.com/JainHousing/,,,,enquiry@jainhousing.com,+91 44 4949 4455,,,,449972571700056,http://fb.me/,Jain Housing,https://www.facebook.com/ads/library/?id=1918012618902934,"Step into villa-style 2 & 3BHK apartments with double balconies, designed for better light, ventilation, and peaceful living.

✅Price  starts from ₹6495/ sq.ft 
✅ Premium Living at an Unmissable Value

RERA No : TNRERA/11/BLG/0351/2025

Book your site visit
📞 Call now: 90927 74111",103164,Get quote,fb.me,"FACEBOOK; INSTAGRAM",2026-06-16,2026-06-16,,,"Step into villa-style 2 & 3BHK apartments with double balconies, designed for better light, ventilation, and peaceful living.

✅Price  starts from ₹6495/ sq.ft 
✅ Premium Living at an Unmissable Value

RERA No : TNRERA/11/BLG/0351/2025

Book your site visit
📞 Call now: 90927 74111 || Step into villa-style 2 & 3BHK apartments with double balconies, designed for better light, ventilation, and peaceful living.

✅Price  starts from ₹6495/ sq.ft 
✅ Premium Living at an Unmissable Value

RERA No : TNRERA/11/BLG/0351/2025

Book your site visit
📞 Call now: 90927 74111 || Step into villa-style 2 & 3BHK apartments with double balconies, designed for better light, ventilation, and peaceful living.

✅Price  starts from ₹6495/ sq.ft 
✅ Premium Living at an Unmissable Value

RERA No : TNRERA/11/BLG/0351/2025

Book your site visit
📞 Call now: 90927 74111",http://fb.me/ || http://fb.me/ || http://fb.me/,,Get Quote || Get Quote || Get Quote,Original: https://scontent.fjai6-1.fna.fbcdn.net/v/t39.35426-6/723819982_1364309035621072_3675404932499908713_n.jpg?_nc_cat=107&ccb=1-7&_nc_sid=c53f8f&_nc_ohc=C9y-DQf4gx4Q7kNvwFKefW_&_nc_oc=AdrmGIUFMmEA5j1P8jv9mYS8Q8AxF78y4CWG3HnR05kqWHOBTaG89DeoJuiJDJk2cDz6fUCuQz5bocIYnu9MNAXV&_nc_zt=14&_nc_ht=scontent.fjai6-1.fna&_nc_gid=d58H74hOTMQFfrnhb5H_vQ&_nc_ss=7b289&oh=00_Af_a4izLJ7EamDyuBQAjln3G4kmof1HJ0yqD0cBLVSxNLA&oe=6A3849AD | Resized: https://scontent.fjai6-1.fna.fbcdn.net/v/t39.35426-6/724170399_1008386681562416_8215571108096046884_n.jpg?stp=dst-jpg_s600x600_tt6&_nc_cat=107&ccb=1-7&_nc_sid=c53f8f&_nc_ohc=CYEN8ndcSuEQ7kNvwFz7xxs&_nc_oc=AdpZuUqOPdPq0D7p64d6ucFqVu2UAds4jnb81TOSFgLrZegmMhlnyRxCCHa4v49Q70sa7prkBQPBcttiySefTQnA&_nc_zt=14&_nc_ht=scontent.fjai6-1.fna&_nc_gid=d58H74hOTMQFfrnhb5H_vQ&_nc_ss=7b289&oh=00_Af_ehiFJx5sp5AnY7GkszNp1cddPTfVap8p1N7GLXonlPw&oe=6A3845ED || Original: https://scontent.fjai6-1.fna.fbcdn.net/v/t39.35426-6/724527373_1538652961375012_4215837792996345686_n.jpg?_nc_cat=106&ccb=1-7&_nc_sid=c53f8f&_nc_ohc=Ad63RvBAJwoQ7kNvwEEmreB&_nc_oc=AdpLkMffc3yadKfSItSTMvFm5Y7ttRo4dCeLhUHDLstopBxUCOCmvyIhaz4Pys9t76IxdgsLmHJpm7to4YZL5p5E&_nc_zt=14&_nc_ht=scontent.fjai6-1.fna&_nc_gid=d58H74hOTMQFfrnhb5H_vQ&_nc_ss=7b289&oh=00_Af-S5VrORSlkP0fjZXLYAAmx1X4g60JbE9AGY2QHJE3-Dg&oe=6A384D9E | Resized: https://scontent.fjai6-1.fna.fbcdn.net/v/t39.35426-6/724738636_827999400181095_514233803939288532_n.jpg?stp=dst-jpg_s600x600_tt6&_nc_cat=108&ccb=1-7&_nc_sid=c53f8f&_nc_ohc=KARKNPCUmgAQ7kNvwFIRevo&_nc_oc=AdqrDi-_jDY3mHSItKWJrYfbceKy5sTBPgIW3qyd56tQBoDbs87GGWxfjfESy2Ab4eMZRdCc2uPfwv2jMpiAIgVr&_nc_zt=14&_nc_ht=scontent.fjai6-1.fna&_nc_gid=d58H74hOTMQFfrnhb5H_vQ&_nc_ss=7b289&oh=00_Af-pIlQdsXeTX5TFY7FvJYbfGwzkltSa21U9Qh6pfcn_lQ&oe=6A383317 || Original: https://scontent.fjai6-1.fna.fbcdn.net/v/t39.35426-6/722336395_1736811474889727_8347800174649993782_n.jpg?_nc_cat=101&ccb=1-7&_nc_sid=c53f8f&_nc_ohc=jrEVSdHNNzcQ7kNvwFGGw9R&_nc_oc=AdqGWuo2p9D_f3qZIAbvwvbA6FyAX6kPlQiEsF8jAGbuZJ8jMCk4EDFpFXHVegc3_dr51ChFh55Dc8GiWCnKP23F&_nc_zt=14&_nc_ht=scontent.fjai6-1.fna&_nc_gid=d58H74hOTMQFfrnhb5H_vQ&_nc_ss=7b289&oh=00_Af_qjlznn-Qkiix0wZOMpBzbarwima_5AxwFT69RoEu3GA&oe=6A38651B | Resized: https://scontent.fjai6-1.fna.fbcdn.net/v/t39.35426-6/724376220_2257328095017258_3946718515562331018_n.jpg?stp=dst-jpg_s600x600_tt6&_nc_cat=104&ccb=1-7&_nc_sid=c53f8f&_nc_ohc=oHYbMYYEKvMQ7kNvwGA0CJZ&_nc_oc=AdrTd7VoWmZn1Ht1atUfXss1eekxrVRHojZxCfv4ajhIfevvTtKJxgiTC5_-ZeXEUJj2ixmj-2q2JM2CZ-UzVnd8&_nc_zt=14&_nc_ht=scontent.fjai6-1.fna&_nc_gid=d58H74hOTMQFfrnhb5H_vQ&_nc_ss=7b289&oh=00_Af_KGFnDMaFcOtEs2mOpCQ01EX9w0JYsLdTvCJrBIA3PWA&oe=6A3857E5,
1311654087612724,https://www.facebook.com/61570146343873/,fb.me,https://www.facebook.com/61570146343873/,,,,info@aventurinehomes.com,+91 96636 00916,,,,525133607330433,http://fb.me/,Aventurine Homes,https://www.facebook.com/ads/library/?id=1311654087612724,"Experience luxury living at Brigade Belvedere.
Premium 2 & 3 BHK apartments crafted for modern lifestyles.
Located near Whitefield with seamless connectivity to Airport & KR Puram.
Starting at ₹1.5 Cr* onwards.
Enquire now for complete details.",242,Get quote,fb.me,"FACEBOOK; INSTAGRAM",2026-06-14,2026-06-16,,Original: https://scontent.fjai6-1.fna.fbcdn.net/v/t39.35426-6/689473172_1358437909432745_9133329121351436609_n.jpg?_nc_cat=106&ccb=1-7&_nc_sid=c53f8f&_nc_ohc=PPvYJcBBYVIQ7kNvwFJjPXO&_nc_oc=Adoc7DMxgr9kss--8OJo5UUyzHNaW_UcUa7E1gOSNracxMvHyDMjwczKHFfGyKfK6wBBO5H-82j5UZlDEVDILVwa&_nc_zt=14&_nc_ht=scontent.fjai6-1.fna&_nc_gid=d58H74hOTMQFfrnhb5H_vQ&_nc_ss=7b289&oh=00_Af_Eo5WHg0cvuYQAVcNb8N-BSgNjklWjhyNjnf5bzOrW-g&oe=6A384D24 | Resized: https://scontent.fjai6-1.fna.fbcdn.net/v/t39.35426-6/690509733_1301821954667132_1133327556570183267_n.jpg?stp=dst-jpg_s600x600_tt6&_nc_cat=109&ccb=1-7&_nc_sid=c53f8f&_nc_ohc=CssauLJ2wDwQ7kNvwH9nO__&_nc_oc=Adq9YBqbOYgyHxQ8_CfnJ1jgMzVg3EJGHXUQL7D_4Ik1TmDjvewiqaCzWmFTXH-HCuyEo7AMArvA7jVb2gcwYuTj&_nc_zt=14&_nc_ht=scontent.fjai6-1.fna&_nc_gid=d58H74hOTMQFfrnhb5H_vQ&_nc_ss=7b289&oh=00_Af9V3oYPhYSJZ-ovADEReIHI7hL99jONcdVI2PZwF_iHdA&oe=6A3863C0,,,,,,
927099040349185,https://www.facebook.com/61590423972774/,fb.me,https://www.facebook.com/61590423972774/,,,,,,,,,1205747525947893,http://fb.me/,Property Event in Gurugram,https://www.facebook.com/ads/library/?id=927099040349185,"Exclusive Property Showcase 2026

Explore Villas, Farmhouses, Plots & Premium Homes across top destinations like Goa, Dehradun, Vrindavan, Pataudi & more — all under one roof.

📍 The Bristol Hotel, Gurugram
📅 20–21 June 2026 | ⏰ 10 AM – 7 PM

✔ Multiple Projects
✔ One-to-One Consultation
✔ Hi-Tea & Networking

Get project details, pricing, payment plans & exclusive event-day assistance.

📌 Limited consultation slots available.
Click ""See Details"" and register now.",,See details,fb.me,"FACEBOOK; INSTAGRAM; AUDIENCE_NETWORK",2026-06-16,2026-06-17,HD: https://video.fjai6-1.fna.fbcdn.net/o1/v/t2/f2/m366/AQNAK5FwZywLpEBte5GiKo7p1OhXuUJFIDtZxPwcFHDbe-8qqalaYFg3d8Qgnp32E784-xGnx1wLJ3xsiggCfzizU1xD7TAVzccci1Jy9HJMhQ.mp4?_nc_cat=110&_nc_oc=Ado-A0eVUbb2cIBMqdPPNvXJ90ewLNiELchO32wKQdqdbaQDek4MpkdLZ1xy9mrlwr2uLnDa4GsIsIWpfke3-0Z8&_nc_sid=b66105&_nc_ht=video.fjai6-1.fna.fbcdn.net&_nc_ohc=3Bh0HmjDtj4Q7kNvwH3wVkD&efg=eyJ2ZW5jb2RlX3RhZyI6Inhwdl9wcm9ncmVzc2l2ZS5WSV9VU0VDQVNFX1BST0RVQ1RfVFlQRS4uQzMuNzIwLmRhc2hfaDI2NC1iYXNpYy1nZW4yXzcyMHAiLCJ4cHZfYXNzZXRfaWQiOjg3NzA1NjcwNDgzOTA3MywiYXNzZXRfYWdlX2RheXMiOjAsInZpX3VzZWNhc2VfaWQiOjEwNzk5LCJkdXJhdGlvbl9zIjo2MSwidXJsZ2VuX3NvdXJjZSI6Ind3dyJ9&ccb=17-1&vs=2242dd8adc645d0e&_nc_vs=HBksFQIYRWZiX2VwaGVtZXJhbC8wQzRGOEI1RkQwOTZEOTc2N0FENzA1ODE5MzI3REI5MF9tdF8xX3ZpZGVvX2Rhc2hpbml0Lm1wNBUAAsgBEgAVAhhAZmJfcGVybWFuZW50LzMzNEQ2OEE2M0IzQTk5MTRFRDcxQTFBRjFBQjRERjlGX2F1ZGlvX2Rhc2hpbml0Lm1wNBUCAsgBEgAoABgAGwKIB3VzZV9vaWwBMRJwcm9ncmVzc2l2ZV9yZWNpcGUBMRUAACbC9rfVteuOAxUCKAJDMywXQE7EOVgQYk4YGWRhc2hfaDI2NC1iYXNpYy1nZW4yXzcyMHARAHUAZd6oAQA&_nc_gid=d58H74hOTMQFfrnhb5H_vQ&_nc_ss=7b289&_nc_zt=28&oh=00_Af88bg8GVXNc4en_LRF6g_GFXIYyVFjhNwtqcgpnq6UQCQ&oe=6A3862EA | SD: https://video.fjai6-1.fna.fbcdn.net/o1/v/t2/f2/m412/AQNcBkLlgf082eoi6uyhT4J1aIC_KF15EhlE5v8Lmly75dc6bld18ZzpxEg992ESbqBvFRmoD2CkrwkY_qA9E7bYr6w03qMuRiXDX2cCbQ.mp4?_nc_cat=102&_nc_oc=AdqrkZVNjx_jyVBjQtPVACX_bnWhFI9TIWB33hb_ygmFVg156Twr94PyxBeUaHOJPwuLsYTjuag1nCi4Tr2cliPp&_nc_sid=ef5aa3&_nc_ht=video.fjai6-1.fna.fbcdn.net&_nc_ohc=uFCLababgZUQ7kNvwGGqHLq&efg=eyJ2ZW5jb2RlX3RhZyI6Inhwdl9wcm9ncmVzc2l2ZS5WSV9VU0VDQVNFX1BST0RVQ1RfVFlQRS4uQzMuMzYwLnN2ZV9zZCIsInhwdl9hc3NldF9pZCI6ODc3MDU2NzA0ODM5MDczLCJhc3NldF9hZ2VfZGF5cyI6MCwidmlfdXNlY2FzZV9pZCI6MTA3OTksImR1cmF0aW9uX3MiOjYxLCJ1cmxnZW5fc291cmNlIjoid3d3In0%3D&ccb=17-1&_nc_gid=d58H74hOTMQFfrnhb5H_vQ&_nc_ss=7b289&_nc_zt=28&oh=00_Af-15RnK4Kimh8yhw4nJS1TrZ7ROYaQdBwlqI_coEo2XJQ&oe=6A3835D0 | Preview: https://scontent.fjai6-1.fna.fbcdn.net/v/t39.35426-6/724516301_1533719424937045_7615777551046263688_n.jpg?_nc_cat=104&ccb=1-7&_nc_sid=c53f8f&_nc_ohc=WGZxwKvJX3QQ7kNvwHu8FZZ&_nc_oc=AdoLS7thuQC6VQroknULwiPkGXTpvmhwdbExsdS-PGORhwAIp1hg31E-mAp_hW561PjAG70CLSa-_5DUu4arIqxc&_nc_zt=14&_nc_ht=scontent.fjai6-1.fna&_nc_gid=d58H74hOTMQFfrnhb5H_vQ&_nc_ss=7b289&oh=00_Af8UxUWRoHIVl9WpYsS_mWINF52S8ne-ql77M4IGCP92sQ&oe=6A384A2B,,,,,,,
1025487136568954,https://www.facebook.com/100094939590591/,fb.me,https://www.facebook.com/100094939590591/,,,,info@gcon.co.in,+91 76808 77227,,,,113843151769227,http://fb.me/,GCON,https://www.facebook.com/ads/library/?id=1025487136568954,"Why live far from everything?

Discover The Prime at Satyam Junction — premium 3 BHK high-rise apartments designed for modern city living.

✔ Central location with excellent connectivity
✔ No common walls for enhanced privacy
✔ Spacious homes from 2152 – 3056 SFT
✔ Premium amenities & designer landscaping
✔ GVMC & RERA Approved Project

Live where Vizag connects.",983,Get quote,fb.me,"FACEBOOK; INSTAGRAM; AUDIENCE_NETWORK",2026-06-12,2026-06-15,HD: https://video.fjai6-1.fna.fbcdn.net/o1/v/t2/f2/m366/AQOBKdZHLi-P1pBpXfv9pUIRAlAqIFp6dj2goDxyB2kTEggS8cgIjRdcZqItyzc98XByGXBbzR_lGXaPJssOiUjlzP3PIetxIZwdqEz5v2BoIQ.mp4?_nc_cat=101&_nc_oc=AdogszqleeRNpe7HqPpQiwzyQTAzOqSa0F9ogtqc9DYWHgf7sdA8TVumvgCH9bv5Mbx6Szwdbaf9muwt_bmRjQXH&_nc_sid=b66105&_nc_ht=video.fjai6-1.fna.fbcdn.net&_nc_ohc=yE2nQDSX1f0Q7kNvwF2Wa4E&efg=eyJ2ZW5jb2RlX3RhZyI6Inhwdl9wcm9ncmVzc2l2ZS5WSV9VU0VDQVNFX1BST0RVQ1RfVFlQRS4uQzMuNzIwLmRhc2hfaDI2NC1iYXNpYy1nZW4yXzcyMHAiLCJ4cHZfYXNzZXRfaWQiOjQyMTQzMjUyODg4Mjk0MDIsImFzc2V0X2FnZV9kYXlzIjozNiwidmlfdXNlY2FzZV9pZCI6MTA3OTksImR1cmF0aW9uX3MiOjI1LCJ1cmxnZW5fc291cmNlIjoid3d3In0%3D&ccb=17-1&vs=7cbd05fc1bc2acec&_nc_vs=HBksFQIYRWZiX2VwaGVtZXJhbC8yRTQxNkU2QUQ2MkQyQ0RGN0E4RTE5Nzg5MzZENEU5Nl9tdF8xX3ZpZGVvX2Rhc2hpbml0Lm1wNBUAAsgBEgAVAhhAZmJfcGVybWFuZW50LzNCNDY0RkU2MTczOUJENTJCMDU1NTREMjAxMUE1RkI4X2F1ZGlvX2Rhc2hpbml0Lm1wNBUCAsgBEgAoABgAGwKIB3VzZV9vaWwBMRJwcm9ncmVzc2l2ZV9yZWNpcGUBMRUAACa0h_icgrr8DhUCKAJDMywXQDkIcrAgxJwYGWRhc2hfaDI2NC1iYXNpYy1nZW4yXzcyMHARAHUAZd6oAQA&_nc_gid=d58H74hOTMQFfrnhb5H_vQ&_nc_ss=7b289&_nc_zt=28&oh=00_Af8wJrrPNAGSKtGHHGodBqPN5nUG-iBiKoP-n2wWYXqFuw&oe=6A386293 | SD: https://video.fjai6-1.fna.fbcdn.net/o1/v/t2/f2/m412/AQNqPNxqMEB-BJD4BN9hcQ6x5YADDUbni6DAcANBUSPyv8fLmbHX1CYJxUPyZqG_bb5PxkMOcO8OP5Zcr0kqbe79RgOkttHm4WsgkYEayg.mp4?_nc_cat=108&_nc_oc=Adrwt1oqjHIM8t0MtWPO3jiZu8XdGlSz4aNKbGJy0QvLBVry7KSUk7wxhZUGW7t2OjScpDsJpkngKuS0_9zfDsyF&_nc_sid=ef5aa3&_nc_ht=video.fjai6-1.fna.fbcdn.net&_nc_ohc=JUZrXmwcRskQ7kNvwHOELWa&efg=eyJ2ZW5jb2RlX3RhZyI6Inhwdl9wcm9ncmVzc2l2ZS5WSV9VU0VDQVNFX1BST0RVQ1RfVFlQRS4uQzMuMzYwLnN2ZV9zZCIsInhwdl9hc3NldF9pZCI6NDIxNDMyNTI4ODgyOTQwMiwiYXNzZXRfYWdlX2RheXMiOjM2LCJ2aV91c2VjYXNlX2lkIjoxMDc5OSwiZHVyYXRpb25fcyI6MjUsInVybGdlbl9zb3VyY2UiOiJ3d3cifQ%3D%3D&ccb=17-1&_nc_gid=d58H74hOTMQFfrnhb5H_vQ&_nc_ss=7b289&_nc_zt=28&oh=00_Af9buo30I-ZNx8JVNAn8OEPFhYld9u4Y7TEA2UmMV36h4w&oe=6A3854FA | Preview: https://scontent.fjai6-1.fna.fbcdn.net/v/t39.35426-6/699858972_1287562770207130_3858569196096495086_n.jpg?_nc_cat=103&ccb=1-7&_nc_sid=c53f8f&_nc_ohc=SzSW1EVEQaUQ7kNvwGOZDWk&_nc_oc=Adok2Aizj-abvjWSPHtHV28pYdArUMQaKa-gXkacc-e6oviMNcjFfAXQ3MAZOO8z-FivJ1W_zfJkOGMGa3KL4hk4&_nc_zt=14&_nc_ht=scontent.fjai6-1.fna&_nc_gid=d58H74hOTMQFfrnhb5H_vQ&_nc_ss=7b289&oh=00_Af9YFrsG5IthrbM5ZRDNvFySiGv8hx_S7AtSPY2-am_wqQ&oe=6A383EC6,,,,,,,
1526284279155009,https://www.facebook.com/61572568545177/,fb.me,https://www.facebook.com/61572568545177/,,,,,+91 90003 58004,,,,1122098024309638,http://fb.me/,Zuari Gangothri Tribhuja,https://www.facebook.com/ads/library/?id=1526284279155009,"You’ve worked hard and adjusted for years. Now, it’s time to choose a home that gives you exactly what you deserve.
Welcome to Tribhuja by Zuari Infraworld, Kollur’s finest premium community designed for those who refuse to compromise.

Why Hyderabad’s smartest buyers are moving here:
🌟 No More Cramped Spaces: Ultra-luxurious 3 & 4 BHK high-rise apartments.
🚗 No More Traffic Woes: Just 2 Mins from ORR Exit 2—seamless connectivity to the IT Hub.
👑 No More Boring Weekends: A massive 1 Lakh sqft. Grand Clubhouse at your doorstep.
💰 Unmatched Value: Premium luxury starting at ₹1.26 Cr onwards.
Don't settle for less when you can have it all. Upgrade your lifestyle today.

📞 Claim Your Exclusive Site Visit & Pricing Details:+91 8008891543",15,Book now,fb.me,"FACEBOOK; INSTAGRAM",2026-06-04,2026-06-17,,,"You’ve worked hard and adjusted for years. Now, it’s time to choose a home that gives you exactly what you deserve.
Welcome to Tribhuja by Zuari Infraworld, Kollur’s finest premium community designed for those who refuse to compromise.

Why Hyderabad’s smartest buyers are moving here:
🌟 No More Cramped Spaces: Ultra-luxurious 3 & 4 BHK high-rise apartments.
🚗 No More Traffic Woes: Just 2 Mins from ORR Exit 2—seamless connectivity to the IT Hub.
👑 No More Boring Weekends: A massive 1 Lakh sqft. Grand Clubhouse at your doorstep.
💰 Unmatched Value: Premium luxury starting at ₹1.26 Cr onwards.
Don't settle for less when you can have it all. Upgrade your lifestyle today.

📞 Claim Your Exclusive Site Visit & Pricing Details:+91 8008891543 || You’ve worked hard and adjusted for years. Now, it’s time to choose a home that gives you exactly what you deserve.
Welcome to Tribhuja by Zuari Infraworld, Kollur’s finest premium community designed for those who refuse to compromise.

Why Hyderabad’s smartest buyers are moving here:
🌟 No More Cramped Spaces: Ultra-luxurious 3 & 4 BHK high-rise apartments.
🚗 No More Traffic Woes: Just 2 Mins from ORR Exit 2—seamless connectivity to the IT Hub.
👑 No More Boring Weekends: A massive 1 Lakh sqft. Grand Clubhouse at your doorstep.
💰 Unmatched Value: Premium luxury starting at ₹1.26 Cr onwards.
Don't settle for less when you can have it all. Upgrade your lifestyle today.

📞 Claim Your Exclusive Site Visit & Pricing Details:+91 8008891543",http://fb.me/ || http://fb.me/,,Book Now || Book Now,Original: https://scontent.fjai6-1.fna.fbcdn.net/v/t39.35426-6/715750117_4036710203288610_2495967757469358190_n.jpg?_nc_cat=111&ccb=1-7&_nc_sid=c53f8f&_nc_ohc=f9KrR3QkjWIQ7kNvwHAAirl&_nc_oc=AdpaBncgGLYfxhKmUoM6Ay_u4sJB5ED7SjAKQWMakp0s0aWftXF43Gs-tWN2KW4AgX4eArFyDwfVgkaee5UREFe7&_nc_zt=14&_nc_ht=scontent.fjai6-1.fna&_nc_gid=mWuoQ6SPUKHUVX28lVxFnA&_nc_ss=7b289&oh=00_Af-sbaOMcHcGCU-kcElsAJnuBegjBD964Qtzoum8L3zolA&oe=6A386301 | Resized: https://scontent.fjai6-1.fna.fbcdn.net/v/t39.35426-6/714910781_4589732341347839_8748121524416766853_n.jpg?stp=dst-jpg_s600x600_tt6&_nc_cat=103&ccb=1-7&_nc_sid=c53f8f&_nc_ohc=MvgIxHjj3wQQ7kNvwHQsAE-&_nc_oc=AdrZCbeWHGfLcNzn_4gmUGzjZhSA0hQPXdrdYG2yEevM8swi_zx6ULXyIOaqc-mr8ly3zeAr3c4YzpE4g_gDCpqE&_nc_zt=14&_nc_ht=scontent.fjai6-1.fna&_nc_gid=mWuoQ6SPUKHUVX28lVxFnA&_nc_ss=7b289&oh=00_Af8s_7hTZzw_r_ClrVtY4QVpPE3U-DzyfrwLWd5skIdiRw&oe=6A38315E || Original: https://scontent.fjai6-1.fna.fbcdn.net/v/t39.35426-6/712664174_805515279308656_3328255659452391416_n.jpg?_nc_cat=111&ccb=1-7&_nc_sid=c53f8f&_nc_ohc=e3gK-YB2rjEQ7kNvwF9beDv&_nc_oc=Ado8toPeT0HfRww12_zb3OE8FTwxq26HjHow5jmOLiSDz_KZF1w11cKO-jQeD7b_1rfboukK5kXVe5Swo1GE1sox&_nc_zt=14&_nc_ht=scontent.fjai6-1.fna&_nc_gid=mWuoQ6SPUKHUVX28lVxFnA&_nc_ss=7b289&oh=00_Af-OoQmCNwDtNYA-k5wCcK5mRCNXFmb9nKjRpQfhzQSfKw&oe=6A385B70 | Resized: https://scontent.fjai6-1.fna.fbcdn.net/v/t39.35426-6/716962034_1349943193789933_6963504364740803686_n.jpg?stp=dst-jpg_s600x600_tt6&_nc_cat=102&ccb=1-7&_nc_sid=c53f8f&_nc_ohc=1mf2r5vAZQkQ7kNvwEqH1dr&_nc_oc=AdqOdmoh0CVYzzHhxa4GhW7IIO-dEnDEwa2xIkLhzLOIBqibTepSiwZXO6dDlrjkPemY37ldjYnYyP_GOrtU1sYH&_nc_zt=14&_nc_ht=scontent.fjai6-1.fna&_nc_gid=mWuoQ6SPUKHUVX28lVxFnA&_nc_ss=7b289&oh=00_Af9Tbw57k_0AIehbFpYLvawzu_SxqnEUUGYR8DIJIum6HQ&oe=6A3836FC,
2416266012193794,https://www.facebook.com/61584895028865/,fb.me,https://www.facebook.com/61584895028865/,,,,,,,,,961338663738657,http://fb.me/,KK.Buildcon,https://www.facebook.com/ads/library/?id=2416266012193794,"Luxurious 2,3,4 & 5 BHK Apartments in JP Nagar, 7th Phase starting from ₹2.7 Cr*

✅ RERA Approved High-rise Apartments in Gated Community
✅ Spacious Layouts And Large Balconies 
✅ Exclusive 72 Residences
✅ Located In The Heart Of Bangalore",5,Book now,fb.me,"FACEBOOK; INSTAGRAM",2026-06-15,2026-06-17,HD: https://video.fjai6-1.fna.fbcdn.net/o1/v/t2/f2/m366/AQOrW9-9ch6LaHNk9eZCosRbyYcFDw2Xb8cSdL4KBW1d1faAuzX3IczGKES_3kxe4VFzMSMp5A4eH1oH9s1XxwgAvFlrwfRSZoFh76Icy4LJmA.mp4?_nc_cat=103&_nc_oc=AdodEugUeEp6FkKbEWaAtIXSBsQLx9JMGV9_11rCBN8RmT01Tyr-p1ny16BjJefiARo24tIQaKgR2Kk8Aqdr-9s1&_nc_sid=b66105&_nc_ht=video.fjai6-1.fna.fbcdn.net&_nc_ohc=WNBCK4dUgkQQ7kNvwEVyaFr&efg=eyJ2ZW5jb2RlX3RhZyI6Inhwdl9wcm9ncmVzc2l2ZS5WSV9VU0VDQVNFX1BST0RVQ1RfVFlQRS4uQzMuNzIwLmRhc2hfaDI2NC1iYXNpYy1nZW4yXzcyMHAiLCJ4cHZfYXNzZXRfaWQiOjg1NjQ5MDYwNDE1NjQ3OCwiYXNzZXRfYWdlX2RheXMiOjM5LCJ2aV91c2VjYXNlX2lkIjoxMDc5OSwiZHVyYXRpb25fcyI6MzAsInVybGdlbl9zb3VyY2UiOiJ3d3cifQ%3D%3D&ccb=17-1&vs=b1f587e75968c796&_nc_vs=HBksFQIYRWZiX2VwaGVtZXJhbC8xMTRFQ0YzQjNDQzgwODNCMEM2MTgzNUZEREI1QjE4NF9tdF8xX3ZpZGVvX2Rhc2hpbml0Lm1wNBUAAsgBEgAVAhhAZmJfcGVybWFuZW50L0UyNDcyNjI5RkE2NTg2Q0U1NzM5NEQ2MzA2ODBBMTkxX2F1ZGlvX2Rhc2hpbml0Lm1wNBUCAsgBEgAoABgAGwKIB3VzZV9vaWwBMRJwcm9ncmVzc2l2ZV9yZWNpcGUBMRUAACb82LajqL6FAxUCKAJDMywXQD4euFHrhR8YGWRhc2hfaDI2NC1iYXNpYy1nZW4yXzcyMHARAHUAZd6oAQA&_nc_gid=mWuoQ6SPUKHUVX28lVxFnA&_nc_ss=7b289&_nc_zt=28&oh=00_Af_HRRUkHVhj0XTrsoKOYwm0IcwYM5nWSfYpboceQNda-w&oe=6A383F29 | SD: https://video.fjai6-1.fna.fbcdn.net/o1/v/t2/f2/m412/AQNf58Bt7mq8vKyOMcsxVqV9j8nJtFtsvcWGC49gTO9_uhaktKt66hjKfL_OHgW2FDXmlsUUbiWlm-UCTciCvcJaAC4diVP8gzgwFq-IaA.mp4?_nc_cat=107&_nc_oc=AdqSehEx4fN10eGROKGMfhRqpe8_psEf4jjn4sYq9oxcRubSI9qZR12Ml2Nl1Br8FP4660oCzAorCFIx0CBy1FGJ&_nc_sid=ef5aa3&_nc_ht=video.fjai6-1.fna.fbcdn.net&_nc_ohc=iII52PrdCDoQ7kNvwGL7cva&efg=eyJ2ZW5jb2RlX3RhZyI6Inhwdl9wcm9ncmVzc2l2ZS5WSV9VU0VDQVNFX1BST0RVQ1RfVFlQRS4uQzMuMzYwLnN2ZV9zZCIsInhwdl9hc3NldF9pZCI6ODU2NDkwNjA0MTU2NDc4LCJhc3NldF9hZ2VfZGF5cyI6MzksInZpX3VzZWNhc2VfaWQiOjEwNzk5LCJkdXJhdGlvbl9zIjozMCwidXJsZ2VuX3NvdXJjZSI6Ind3dyJ9&ccb=17-1&_nc_gid=mWuoQ6SPUKHUVX28lVxFnA&_nc_ss=7b289&_nc_zt=28&oh=00_Af9fFMM7J7uMKruit8r3M50KlZmXWCU2PKRk96mWX5DZ8Q&oe=6A3859F7 | Preview: https://scontent.fjai6-1.fna.fbcdn.net/v/t39.35426-6/725059422_1393392135949025_2620891165450766661_n.jpg?_nc_cat=102&ccb=1-7&_nc_sid=c53f8f&_nc_ohc=oWcwRckGWcsQ7kNvwGH0LYs&_nc_oc=AdrLQs8tPTXOsuMLJkdr-jAPSreZKK1vnN8M0u_qszzRayC8-cXoAxQbha3ZyBo8EYDC-eN_tIVObeWxmZ39g9k5&_nc_zt=14&_nc_ht=scontent.fjai6-1.fna&_nc_gid=mWuoQ6SPUKHUVX28lVxFnA&_nc_ss=7b289&oh=00_Af_QdGacIUsi4V4eD0Sk5dotHXxHhY_2N2OF3D28PbaUcw&oe=6A3852FE,,,,,,,
27292895853664003,https://www.facebook.com/61565641080598/,fb.me,https://www.facebook.com/61565641080598/,,,,,,,,,452134437972525,http://fb.me/,SVL Group,https://www.facebook.com/ads/library/?id=27292895853664003,"Pay 25% now, own your home
Prime location = faster appreciation.
Eldeco Sector 80 Gurugram

📍 Just 5–7 mins from NH-48 (Delhi–Jaipur Expressway)
📍 Only 20 mins from Rajiv Chowk, Gurgaon

🏢 Premium 3 & 3.5 BHK High-Rise Apartments in Sector 80

💰 Starting from ₹3 Cr* 

✨ World-class amenities, excellent connectivity & high growth potential

👉 Enquire now for best offers & site visit!",136,Get quote,fb.me,"FACEBOOK; INSTAGRAM; AUDIENCE_NETWORK",2026-06-15,2026-06-16,HD: https://video.fjai6-1.fna.fbcdn.net/o1/v/t2/f2/m366/AQObaOOiB6MPz7CQo8AEbp3yQrU-TJ_Hs-f6iSIv84tBu7oXJ3SjZECJ_rnDEAu2P7q4HPn4KR2qXv79tevrJEyMuai9OG-X1HstL0VxMzX4xA.mp4?_nc_cat=104&_nc_oc=Adr5DsGl0_1fdcZPcHjpXTleporfuji7mJZg14cy2TCscxA7JX1zyCrrApahAbm1SEWAwRWrLKrxzh0SEmIuNgow&_nc_sid=b66105&_nc_ht=video.fjai6-1.fna.fbcdn.net&_nc_ohc=7FdIfbbpahEQ7kNvwEQ7lSP&efg=eyJ2ZW5jb2RlX3RhZyI6Inhwdl9wcm9ncmVzc2l2ZS5WSV9VU0VDQVNFX1BST0RVQ1RfVFlQRS4uQzMuNzIwLmRhc2hfaDI2NC1iYXNpYy1nZW4yXzcyMHAiLCJ4cHZfYXNzZXRfaWQiOjIwMzUwNDYwNjcwODY4MzcsImFzc2V0X2FnZV9kYXlzIjo3LCJ2aV91c2VjYXNlX2lkIjoxMDc5OSwiZHVyYXRpb25fcyI6NDQsInVybGdlbl9zb3VyY2UiOiJ3d3cifQ%3D%3D&ccb=17-1&vs=798b3eab9a56359c&_nc_vs=HBksFQIYRWZiX2VwaGVtZXJhbC9FMzQxOTk3RTk1NTJEMTE1QjY5QzI2MEVBMzk3REM4NV9tdF8xX3ZpZGVvX2Rhc2hpbml0Lm1wNBUAAsgBEgAVAhhAZmJfcGVybWFuZW50LzM2NDE0OTM4OTRDODREMjQ4MUMzRDBENUY3OTIzNDhEX2F1ZGlvX2Rhc2hpbml0Lm1wNBUCAsgBEgAoABgAGwKIB3VzZV9vaWwBMRJwcm9ncmVzc2l2ZV9yZWNpcGUBMRUAACbql_HeoredBxUCKAJDMywXQEYZmZmZmZoYGWRhc2hfaDI2NC1iYXNpYy1nZW4yXzcyMHARAHUAZd6oAQA&_nc_gid=mWuoQ6SPUKHUVX28lVxFnA&_nc_ss=7b289&_nc_zt=28&oh=00_Af-wKU4gB3xQ2v9DCumqq58Gak7reKfQTYlCN7f9aQfDxg&oe=6A384714 | SD: https://video.fjai6-1.fna.fbcdn.net/o1/v/t2/f2/m412/AQNg6gPnJQPMMesnaFQOQII7l0TzVPhY_PB1v9jzfeifniA6pJTPEdiGOYHayflVnWZPkUTC-acONhxRTw_NobyuBwk-HHISsBqOBAZFDw.mp4?_nc_cat=101&_nc_oc=Adpa1z4FkJqf3Uidq-g4CHNH43As1M-cQ-Zbt8dPs5ujUhtLluO2S5N299mSBmsg8ycNRk2NvwoRY2gwtqPwxxy1&_nc_sid=ef5aa3&_nc_ht=video.fjai6-1.fna.fbcdn.net&_nc_ohc=BARUXrfsHOgQ7kNvwFbqTmU&efg=eyJ2ZW5jb2RlX3RhZyI6Inhwdl9wcm9ncmVzc2l2ZS5WSV9VU0VDQVNFX1BST0RVQ1RfVFlQRS4uQzMuMzYwLnN2ZV9zZCIsInhwdl9hc3NldF9pZCI6MjAzNTA0NjA2NzA4NjgzNywiYXNzZXRfYWdlX2RheXMiOjcsInZpX3VzZWNhc2VfaWQiOjEwNzk5LCJkdXJhdGlvbl9zIjo0NCwidXJsZ2VuX3NvdXJjZSI6Ind3dyJ9&ccb=17-1&_nc_gid=mWuoQ6SPUKHUVX28lVxFnA&_nc_ss=7b289&_nc_zt=28&oh=00_Af9aSLRZcs-EvBUkzz4anmGGmt5ua_TCZALiO9SMVfI9kA&oe=6A38379D | Preview: https://scontent.fjai6-1.fna.fbcdn.net/v/t39.35426-6/720236128_4461514984110075_2468453142919237272_n.jpg?_nc_cat=105&ccb=1-7&_nc_sid=c53f8f&_nc_ohc=54puA7T-XQ8Q7kNvwFxjiDi&_nc_oc=AdpECdSDuXbwgNLb3tXIVIsftbP0DP4a3Gl7ze_8papN_dFeYnPuw9cAq62MlonnlCXs7NItD728Y6jLB5nXKzOW&_nc_zt=14&_nc_ht=scontent.fjai6-1.fna&_nc_gid=mWuoQ6SPUKHUVX28lVxFnA&_nc_ss=7b289&oh=00_Af_SQAjJa44I-nLSgZviUmefilUL8_PWubJAaywh1ZVk_Q&oe=6A383C22,,,,,,,
2082188522359952,https://www.facebook.com/renomate.in1/,fb.me,https://www.facebook.com/renomate.in1/,,,,,+91 63029 70400,,,,106323818986794,http://fb.me/,Renomate ,https://www.facebook.com/ads/library/?id=2082188522359952,"Protect Your Loved Ones Without Blocking the View.

Premium Invisible Grills by Renomate.in
✔️ Child Safety
✔️ Modern Luxury Look
✔️ Rust-Free Stainless Steel Wire
✔️ Strong & Elegant Finish
✔️ Perfect for High-Rise Apartments

Free Site Visit Available in Hyderabad.
Call Now: 94038 92965",869,Get quote,fb.me,"FACEBOOK; INSTAGRAM; AUDIENCE_NETWORK",2026-06-04,2026-06-16,,Original: https://scontent.fjai6-1.fna.fbcdn.net/v/t39.35426-6/710799539_1521135992990648_3117328330883931256_n.jpg?_nc_cat=104&ccb=1-7&_nc_sid=c53f8f&_nc_ohc=kXqDmAQDf_EQ7kNvwG-WJff&_nc_oc=Adq0Qyc7mydtOYrKIdxdTv5w3VGWSk9YSgh7tf3k1CnLfRCiNPTbAnxwPSKc_auuBkPvQNwst4cnhPPhgtLGEZmz&_nc_zt=14&_nc_ht=scontent.fjai6-1.fna&_nc_gid=G8KFETQthtm91ug_IzpSRg&_nc_ss=7b289&oh=00_Af8f2663q-7fUSSWomggcz6TPMQylo4kYWSpUs77hIbeBw&oe=6A382E65 | Resized: https://scontent.fjai6-1.fna.fbcdn.net/v/t39.35426-6/710782172_2247661706007139_1697326366866219540_n.jpg?stp=dst-jpg_s600x600_tt6&_nc_cat=108&ccb=1-7&_nc_sid=c53f8f&_nc_ohc=sHy-hl1lU8wQ7kNvwHdBvWJ&_nc_oc=AdrxcPL_DYPVlMT-jXtwRRuBvfTpU7U6JY_u4an4Wr-_OcBiX2ZCMg58WeygSfFCHZVpExTkusPDl0DIafQIkbPU&_nc_zt=14&_nc_ht=scontent.fjai6-1.fna&_nc_gid=G8KFETQthtm91ug_IzpSRg&_nc_ss=7b289&oh=00_Af85Js508ifTUWkBr-WjSEJ-ckTrOHXF4cxJFh9v0OuMSA&oe=6A385DE6,,,,,,
2132094501078626,https://www.facebook.com/minkariverdaleofficial/,fb.me,https://www.facebook.com/minkariverdaleofficial/,,,,sales@arpanna.com,+91 91677 70115,,,,192538630614169,http://fb.me/,Minka Riverdale,https://www.facebook.com/ads/library/?id=2132094501078626,"Tired of living in crowded high-rise apartments?
Imagine waking up in your own private luxury villa in Nashik starting at 3.22 CR++

✔ Premium gated community
✔ Spacious luxury villas
✔ Peaceful lifestyle away from city chaos

Upgrade From an Apartment to Your Own Private Villa
Call Now: +91 91677 70115",1381,Learn more,fb.me,"FACEBOOK; INSTAGRAM",2026-06-16,2026-06-16,,,"Tired of living in crowded high-rise apartments?
Imagine waking up in your own private luxury villa in Nashik starting at 3.22 CR++

✔ Premium gated community
✔ Spacious luxury villas
✔ Peaceful lifestyle away from city chaos

Upgrade From an Apartment to Your Own Private Villa
Call Now: +91 91677 70115 || Tired of living in crowded high-rise apartments?
Imagine waking up in your own private luxury villa in Nashik starting at 3.22 CR++

✔ Premium gated community
✔ Spacious luxury villas
✔ Peaceful lifestyle away from city chaos

Upgrade From an Apartment to Your Own Private Villa
Call Now: +91 91677 70115",http://fb.me/ || http://fb.me/,,Learn More || Learn More,Original: https://scontent.fjai6-1.fna.fbcdn.net/v/t39.35426-6/717154397_985661524100204_7265323694314249875_n.jpg?_nc_cat=107&ccb=1-7&_nc_sid=c53f8f&_nc_ohc=5jF3mHhAyYAQ7kNvwHph4vJ&_nc_oc=AdrWPbU3m06YMO0rLTe8-W0CV4JYK-qKqGIoBSW04yUzRg0zi80U-FKmsy2AL4sKPqjji4t48t2zI7utkud_Rsom&_nc_zt=14&_nc_ht=scontent.fjai6-1.fna&_nc_gid=aN7ffyG_OXZT5VSd6a3qjQ&_nc_ss=7b289&oh=00_Af_YzMm8pOprdlsQsnJSwkkWSdQOEpSxiAT7dFT6gB1KDg&oe=6A384E7B | Resized: https://scontent.fjai6-1.fna.fbcdn.net/v/t39.35426-6/718687295_1719024796214572_6252324992424415576_n.jpg?stp=dst-jpg_s600x600_tt6&_nc_cat=107&ccb=1-7&_nc_sid=c53f8f&_nc_ohc=1-EPcTgOsdMQ7kNvwHFPuDo&_nc_oc=Adr5gL_gJo2vI7kwbWa3wyNNL0JDak2uLBK4BeEiV-tDK8fq8b6roMz3donzzXWFkc976N7s3SWKqfwR1MSHSiSh&_nc_zt=14&_nc_ht=scontent.fjai6-1.fna&_nc_gid=aN7ffyG_OXZT5VSd6a3qjQ&_nc_ss=7b289&oh=00_Af_qS4nqvCDiBmrBoZhB-UgR8BFhB9tbll_QlKwwv2_XFA&oe=6A385448 || Original: https://scontent.fjai6-1.fna.fbcdn.net/v/t39.35426-6/718964510_1714268309816382_8464533605860386433_n.jpg?_nc_cat=104&ccb=1-7&_nc_sid=c53f8f&_nc_ohc=XUNEYdAWIh0Q7kNvwGMfNuJ&_nc_oc=Adqp57to-vWA_zDXOLDKZYzXmKorTMPm8ZAYwybJJu_F_5j1uVX2jqkwM3rOudMytpTxlS5Rl4QTeO8L3rGrSEYL&_nc_zt=14&_nc_ht=scontent.fjai6-1.fna&_nc_gid=aN7ffyG_OXZT5VSd6a3qjQ&_nc_ss=7b289&oh=00_Af98Jw_ZIPxwB8A_z6kolwhzBzw0xXDeTVaVP-S4b-C_og&oe=6A3840CB | Resized: https://scontent.fjai6-1.fna.fbcdn.net/v/t39.35426-6/719714624_1695240721719589_7480883674126478885_n.jpg?stp=dst-jpg_s600x600_tt6&_nc_cat=106&ccb=1-7&_nc_sid=c53f8f&_nc_ohc=_T-PmEq4X2EQ7kNvwH-_VWC&_nc_oc=AdqImmiTE-Earwaqu2CXdoazyTdebKuH1cnTb4SicGznDYr5euMaGrsbQf7X4H2pGxA8Wvx9aydiI3OqXgr34cDF&_nc_zt=14&_nc_ht=scontent.fjai6-1.fna&_nc_gid=aN7ffyG_OXZT5VSd6a3qjQ&_nc_ss=7b289&oh=00_Af_ecqYlC6iaVfA9Ts7NgIxtCc645VO080gibdtdPtv1TQ&oe=6A3858F2,
2779770475741374,https://www.facebook.com/61578668524280/,fb.me,https://www.facebook.com/61578668524280/,,,,,,,,,712529871944917,http://fb.me/,New Launch - Mumbai,https://www.facebook.com/ads/library/?id=2779770475741374,The Altimus by Sosar Group - Low-Density Luxury Living at Khar West. Premium 2 BHK Sky-Residences from ₹ 2.99 Cr* Onwards. Exclusive G+22 storey tower featuring a rare layout of only 2 flats per floor with no shared walls. Secure your RERA-approved home today. Enquire Now*,51,Get offer,fb.me,"FACEBOOK; INSTAGRAM",2026-06-06,2026-06-17,,,The Altimus by Sosar Group - Low-Density Luxury Living at Khar West. Premium 2 BHK Sky-Residences from ₹ 2.99 Cr* Onwards. Exclusive G+22 storey tower featuring a rare layout of only 2 flats per floor with no shared walls. Secure your RERA-approved home today. Enquire Now* || The Altimus by Sosar Group - Low-Density Luxury Living at Khar West. Premium 2 BHK Sky-Residences from ₹ 2.99 Cr* Onwards. Exclusive G+22 storey tower featuring a rare layout of only 2 flats per floor with no shared walls. Secure your RERA-approved home today. Enquire Now* || The Altimus by Sosar Group - Low-Density Luxury Living at Khar West. Premium 2 BHK Sky-Residences from ₹ 2.99 Cr* Onwards. Exclusive G+22 storey tower featuring a rare layout of only 2 flats per floor with no shared walls. Secure your RERA-approved home today. Enquire Now*,http://fb.me/ || http://fb.me/ || http://fb.me/,,Get Offer || Get Offer || Get Offer,Original: https://scontent.fjai6-1.fna.fbcdn.net/v/t39.35426-6/718993789_1792660385038152_1339919775480428447_n.jpg?_nc_cat=102&ccb=1-7&_nc_sid=c53f8f&_nc_ohc=MzKtwCtLNZcQ7kNvwF3fAoj&_nc_oc=Ado4MDIStrrvLEwoB2Ac9OhZzVEbC4vIYb9u5556y4jyAYy8eSDFX07vm1uIlNfEiC6gElgRHrfJOouvCl68UP2d&_nc_zt=14&_nc_ht=scontent.fjai6-1.fna&_nc_gid=aN7ffyG_OXZT5VSd6a3qjQ&_nc_ss=7b289&oh=00_Af-anGF029pdXOQcQ68zkknHieotp6_YDnECrlEdnrzLYw&oe=6A384FBD | Resized: https://scontent.fjai6-1.fna.fbcdn.net/v/t39.35426-6/716331254_27057924877189737_4034787913063867207_n.jpg?stp=dst-jpg_s600x600_tt6&_nc_cat=108&ccb=1-7&_nc_sid=c53f8f&_nc_ohc=nJlRxKyBHlUQ7kNvwEHV8s6&_nc_oc=AdouulhnWA9msW0DJRq-Xrt0uIqfNEb31R-5Cb8ob-B-YiJtV4Aqb2xIxHbqPWSF5-SezL3bLEhl3A1tDI4LvMSK&_nc_zt=14&_nc_ht=scontent.fjai6-1.fna&_nc_gid=aN7ffyG_OXZT5VSd6a3qjQ&_nc_ss=7b289&oh=00_Af80rqhDLeQYcBZRFEF_1vi_fjTdrkAJn14FLmBPhbDZ7A&oe=6A382E9C || Original: https://scontent.fjai6-1.fna.fbcdn.net/v/t39.35426-6/717337797_1558119252657716_9062994371129449421_n.jpg?_nc_cat=100&ccb=1-7&_nc_sid=c53f8f&_nc_ohc=Dt8uXO9bVVAQ7kNvwHEqcX1&_nc_oc=AdrYi8OehsmPp01ir-M3JRqXMBE0fwzmTBe-6V-QXowd5vGlibwRT2uq8SZUtsOahT4_x0WM1PX7QWtnr07rCr2b&_nc_zt=14&_nc_ht=scontent.fjai6-1.fna&_nc_gid=aN7ffyG_OXZT5VSd6a3qjQ&_nc_ss=7b289&oh=00_Af-afMPG8n7kXnvSTg9SQCSCvdVmoxpO7pf3nW5qbm7DzQ&oe=6A3858DC | Resized: https://scontent.fjai6-1.fna.fbcdn.net/v/t39.35426-6/718076223_1533618258150346_4914582126120693004_n.jpg?stp=dst-jpg_s600x600_tt6&_nc_cat=108&ccb=1-7&_nc_sid=c53f8f&_nc_ohc=-MXi3x6koKcQ7kNvwFy-Z6-&_nc_oc=AdpQunuWwVvtIvYbTVcZRXCC8F-6aN0KvjAvKKL8lwJ3AJDPEHcDXuqP4-gAV4a0m5-OJM_cNSjbMSxweMirInfB&_nc_zt=14&_nc_ht=scontent.fjai6-1.fna&_nc_gid=aN7ffyG_OXZT5VSd6a3qjQ&_nc_ss=7b289&oh=00_Af_xpshDNqW5p1ERRIT_sEVhq19LVoJMW3TJfhc-nx-j_w&oe=6A38570F || Original: https://scontent.fjai6-1.fna.fbcdn.net/v/t39.35426-6/715375760_1525304332558956_1296483816576371694_n.jpg?_nc_cat=103&ccb=1-7&_nc_sid=c53f8f&_nc_ohc=L9yAKsmW4UoQ7kNvwHq8HtG&_nc_oc=AdrFsq0g32UDuG655vHe3stPR6rbCuhDVqeP2UWdPpGDys3DQWQ6MOXu7KchKXxj5Mqsj2jw9e1sXiI_RotGCDoo&_nc_zt=14&_nc_ht=scontent.fjai6-1.fna&_nc_gid=aN7ffyG_OXZT5VSd6a3qjQ&_nc_ss=7b289&oh=00_Af8Yn-5gSWJQN6Zr_Ko1pUouw4k3w1wbHpos4KZhfvcECQ&oe=6A383076 | Resized: https://scontent.fjai6-1.fna.fbcdn.net/v/t39.35426-6/718541569_792454650502047_1088324813976748956_n.jpg?stp=dst-jpg_s600x600_tt6&_nc_cat=109&ccb=1-7&_nc_sid=c53f8f&_nc_ohc=DAIPBo0hRZsQ7kNvwHFgdbq&_nc_oc=Adr-MPzqKm_gqm1yjJKMioL5kgljuPZPlq3u-elZDCwQ6ALU0-gAWiZoJA7Y8776ceLjgmYTjia2bl6BZRxzqhXq&_nc_zt=14&_nc_ht=scontent.fjai6-1.fna&_nc_gid=aN7ffyG_OXZT5VSd6a3qjQ&_nc_ss=7b289&oh=00_Af-4vxpXTdLqjnVQcd8b0SpnUjNgnZUKeQdnRtN8wk9L9A&oe=6A38395F,
1569313184806786,https://www.facebook.com/renomate.in1/,fb.me,https://www.facebook.com/renomate.in1/,,,,,+91 63029 70400,,,,106323818986794,http://fb.me/,Renomate ,https://www.facebook.com/ads/library/?id=1569313184806786,"Protect Your Loved Ones Without Blocking the View.

Premium Invisible Grills by Renomate.in
✔️ Child Safety
✔️ Modern Luxury Look
✔️ Rust-Free Stainless Steel Wire
✔️ Strong & Elegant Finish
✔️ Perfect for High-Rise Apartments

Free Site Visit Available in Hyderabad.
Call Now: 94038 92965",869,Get quote,fb.me,"FACEBOOK; INSTAGRAM; AUDIENCE_NETWORK",2026-06-04,2026-06-16,,Original: https://scontent.fjai6-1.fna.fbcdn.net/v/t39.35426-6/715453974_2143961986446846_5368245660942297329_n.jpg?_nc_cat=111&ccb=1-7&_nc_sid=c53f8f&_nc_ohc=1X0MmnSV9FwQ7kNvwHVIMT6&_nc_oc=Adp6SX3rvkT997e_UNiItWjS-sUVRHVVc9ri_fUG8ii2cxQ2hLJdHH5BDVxVgqFuN8YMNr5pVCrDhlibZ_luKJxH&_nc_zt=14&_nc_ht=scontent.fjai6-1.fna&_nc_gid=aN7ffyG_OXZT5VSd6a3qjQ&_nc_ss=7b289&oh=00_Af9nEn-U0XhNK5B3pbTBtC3CmNFFkvNsmJWtshn52Hh4_g&oe=6A383F8E | Resized: https://scontent.fjai6-1.fna.fbcdn.net/v/t39.35426-6/715404925_2721549161542042_4071793648485255889_n.jpg?stp=dst-jpg_s600x600_tt6&_nc_cat=103&ccb=1-7&_nc_sid=c53f8f&_nc_ohc=q4qp4WswlcwQ7kNvwFw2h7p&_nc_oc=Adr7K662uaSaOBoaGugfFREvfYv_XMlbp59WWyoKdLWaiVPnBh2FLZsAddxhtY6rJCPvVxUY0EKojC6YtMkvVSdM&_nc_zt=14&_nc_ht=scontent.fjai6-1.fna&_nc_gid=aN7ffyG_OXZT5VSd6a3qjQ&_nc_ss=7b289&oh=00_Af_N5QAbg0bep2zF_Yq9vtZmgGCRSZ9kEkBXz5AIlSyaLQ&oe=6A38644F,,,,,,
2115443259393823,https://www.facebook.com/61551542248364/,api.whatsapp.com,https://www.facebook.com/61551542248364/,,,,,+91 93705 86873,,,,127576280439624,https://api.whatsapp.com/send,Pune_invisible_grilll,https://www.facebook.com/ads/library/?id=2115443259393823,"Don't compromise your apartment's view for safety. Get the best of both worlds! 👇

Our Invisible Grills are made from high-tensile stainless steel wires, providing heavy-duty protection for high-rise apartments, balconies, and windows—while keeping your open view 100% intact.

👶 Child Safety Approved
🌧️ Rust-Resistant Design
💸 Starts at only ₹100/Sq.Ft.
📍 Service available all over Pune.

🔥 Special Offer: Book a FREE Site Inspection right now!

📲 Call +91 93705 86873 or DM us to get a quick quote.

#InvisibleGrill #PuneRealEstate #BalconySafety #PuneHomes #ModernHomeDecor #ChildSafety #BalconyView #ApartmentLivingPune #HomeRenovation #InvisibleGrillPune",5,Send WhatsApp message,api.whatsapp.com,"FACEBOOK; INSTAGRAM; AUDIENCE_NETWORK; WHATSAPP",2026-06-16,2026-06-17,HD: https://video.fjai6-1.fna.fbcdn.net/o1/v/t2/f2/m367/AQOFUNkNb9-Xdy67mXog0kAVH1cif6yHeHfuZS7MpwM1fgyomkIVHqeD19MiTKJfYLrc8BEIn89X_ADUHZXRgMyHfDpYan00kJ2Wd9jwlQ.mp4?_nc_cat=111&_nc_oc=AdpcySWhpRmYMKslrnWvVOyqFP8LVge2AKXqQvKArf3Xt2OdtHxKxOc-nO9j4zvCeruPcDOm0v01hmjldWI5-lzp&_nc_sid=ef5aa3&_nc_ht=video.fjai6-1.fna.fbcdn.net&_nc_ohc=SBssLmTBEc8Q7kNvwFpG4u0&efg=eyJ2ZW5jb2RlX3RhZyI6Inhwdl9wcm9ncmVzc2l2ZS5WSV9VU0VDQVNFX1BST0RVQ1RfVFlQRS4uQzMuNzE2LnByb2dyZXNzaXZlX2gyNjQtYmFzaWMtZ2VuMl83MjBwIiwieHB2X2Fzc2V0X2lkIjoxNzk3OTk3MzMzNTA0MDg3MSwiYXNzZXRfYWdlX2RheXMiOjcsInZpX3VzZWNhc2VfaWQiOjEwMDk5LCJkdXJhdGlvbl9zIjo1MywidXJsZ2VuX3NvdXJjZSI6Ind3dyJ9&ccb=17-1&_nc_gid=aN7ffyG_OXZT5VSd6a3qjQ&_nc_ss=7b289&_nc_zt=28&oh=00_Af_PENKkPe3he6EDKoonhfn-QM329lb23EEF9rGqkswvlQ&oe=6A383B43 | SD: https://video.fjai6-1.fna.fbcdn.net/o1/v/t2/f2/m367/AQOUYXBjJriNqtW7IXppGViWVX-r0cqKXrUX8MiUKBgMWZEyEk4QUbvPAqxSWbKqh37pLIkjg6OpSleqryHIecSPQkcJrCMABz4LtsGazA.mp4?_nc_cat=111&_nc_oc=AdqH9130Oyo2dPk30vzyQWnQIejuCYk7VnKoI2FT3zQOg6k_EFgDgqU5zxlBwDfhMePqFbmYevSfL-d6ZqVffe1V&_nc_sid=ef5aa3&_nc_ht=video.fjai6-1.fna.fbcdn.net&_nc_ohc=X8ODmU_8yY8Q7kNvwGdIkvC&efg=eyJ2ZW5jb2RlX3RhZyI6Inhwdl9wcm9ncmVzc2l2ZS5WSV9VU0VDQVNFX1BST0RVQ1RfVFlQRS4uQzMuMzYwLnByb2dyZXNzaXZlX2gyNjQtYmFzaWMtZ2VuMl8zNjBwIiwieHB2X2Fzc2V0X2lkIjoxNzk3OTk3MzMzNTA0MDg3MSwiYXNzZXRfYWdlX2RheXMiOjcsInZpX3VzZWNhc2VfaWQiOjEwMDk5LCJkdXJhdGlvbl9zIjo1MywidXJsZ2VuX3NvdXJjZSI6Ind3dyJ9&ccb=17-1&_nc_gid=aN7ffyG_OXZT5VSd6a3qjQ&_nc_ss=7b289&_nc_zt=28&oh=00_Af_3rs9ZN2d-vlEHe1N_obewfu_aaM0Z3FYHWS_Fpbi81g&oe=6A3864BF | Preview: https://scontent.fjai6-1.fna.fbcdn.net/v/t39.35426-6/719892958_1662079351741625_8646964694388434839_n.jpg?_nc_cat=106&ccb=1-7&_nc_sid=c53f8f&_nc_ohc=uhZC90qCxiAQ7kNvwG_N8bB&_nc_oc=Ado6r-iRWGAIXL7ws0GySZSLzza5bif-MwD48cFu5F3lX6lRYTv8L4Rej_dI52dYp8jBjHG2quYe2uJR7UXrGu6L&_nc_zt=14&_nc_ht=scontent.fjai6-1.fna&_nc_gid=aN7ffyG_OXZT5VSd6a3qjQ&_nc_ss=7b289&oh=00_Af8yGM0Dg4UL9TEF-bu7TIlQMD3nNAqf9W_wx-FU84adkg&oe=6A384710,,,,,,,
1791941855116807,https://www.facebook.com/JainHousing/,fb.me,https://www.facebook.com/JainHousing/,,,,enquiry@jainhousing.com,+91 44 4949 4455,,,,449972571700056,http://fb.me/,Jain Housing,https://www.facebook.com/ads/library/?id=1791941855116807,"Own a villa-style 2 & 3 BHK apartment with double balconies.
✅Crafted for comfort, space, and modern living.
💰 Special Price: ₹6495/sq.ft.
✨ Premium Lifestyle | Smart Investment
📍 Villankurichi

Book your site visit now:
📞 90927 74111",103164,Get quote,fb.me,"FACEBOOK; INSTAGRAM",2026-06-16,2026-06-16,HD: https://video.fjai6-1.fna.fbcdn.net/o1/v/t2/f2/m366/AQMixJuXi9XPzbh6oTeXyQEjgeJalC7a8mioG1dRG3uqknE5FWwsGyBJd4KC7aZzjRwVsRmZ-w3HUCg_0Yt1eBWty8yNAuLa907jztoNbC5CGw.mp4?_nc_cat=100&_nc_oc=AdqZDe3wwkTuogqe1iK7XQdmq8JBN_acfDu4RaTns9nClYZ0TQmDJZH6fhHRcHNhQdwq3zcZUmwgu0vmBnNdYRVa&_nc_sid=b66105&_nc_ht=video.fjai6-1.fna.fbcdn.net&_nc_ohc=6Wg2iikhGmkQ7kNvwHjT5ql&efg=eyJ2ZW5jb2RlX3RhZyI6Inhwdl9wcm9ncmVzc2l2ZS5WSV9VU0VDQVNFX1BST0RVQ1RfVFlQRS4uQzMuNzEyLmRhc2hfaDI2NC1iYXNpYy1nZW4yXzcyMHAiLCJ4cHZfYXNzZXRfaWQiOjk2MjIxNzQwMjkzMTg4NCwiYXNzZXRfYWdlX2RheXMiOjY5LCJ2aV91c2VjYXNlX2lkIjoxMDc5OSwiZHVyYXRpb25fcyI6MjMsInVybGdlbl9zb3VyY2UiOiJ3d3cifQ%3D%3D&ccb=17-1&vs=410bff65e2223609&_nc_vs=HBksFQIYRWZiX2VwaGVtZXJhbC9CMDRFRkI3QzlBNUFDNkUwNUJDNDQwRjIyMjZGRDI5NV9tdF8xX3ZpZGVvX2Rhc2hpbml0Lm1wNBUAAsgBEgAVAhhAZmJfcGVybWFuZW50LzM2NDhEMTNBNTJCQThDNkJDQjU5RTVERDlGM0VERUJFX2F1ZGlvX2Rhc2hpbml0Lm1wNBUCAsgBEgAoABgAGwKIB3VzZV9vaWwBMRJwcm9ncmVzc2l2ZV9yZWNpcGUBMRUAACbY6vyntsi1AxUCKAJDMywXQDdgAAAAAAAYGWRhc2hfaDI2NC1iYXNpYy1nZW4yXzcyMHARAHUAZd6oAQA&_nc_gid=aN7ffyG_OXZT5VSd6a3qjQ&_nc_ss=7b289&_nc_zt=28&oh=00_Af8jJlpnbsJhShjaLJg5np8SN9eZ9BJ9pKW42mqTJoJIhA&oe=6A383DFC | SD: https://video.fjai6-1.fna.fbcdn.net/o1/v/t2/f2/m412/AQN8zxlJwJ9ZkB3RhPLvAcN87Cv8jayDR8CxS3boQSbOLaMFl1vOB9XDW4VatcIB5i4giyBpJEiPIJiLb1alLP_oDD68EMwxcq04Pw5MeQ.mp4?_nc_cat=104&_nc_oc=AdphcSMH2dIUOCWdpAcddsDRgZoqrL1i8C5v7iT23gVgIqPVXtrk1T_Z1tVRr1j3wPA1x0y8FtUzdGFRbp5pusxf&_nc_sid=ef5aa3&_nc_ht=video.fjai6-1.fna.fbcdn.net&_nc_ohc=BqX8S2dssYoQ7kNvwF6gi61&efg=eyJ2ZW5jb2RlX3RhZyI6Inhwdl9wcm9ncmVzc2l2ZS5WSV9VU0VDQVNFX1BST0RVQ1RfVFlQRS4uQzMuMzU2LnN2ZV9zZCIsInhwdl9hc3NldF9pZCI6OTYyMjE3NDAyOTMxODg0LCJhc3NldF9hZ2VfZGF5cyI6NjksInZpX3VzZWNhc2VfaWQiOjEwNzk5LCJkdXJhdGlvbl9zIjoyMywidXJsZ2VuX3NvdXJjZSI6Ind3dyJ9&ccb=17-1&_nc_gid=aN7ffyG_OXZT5VSd6a3qjQ&_nc_ss=7b289&_nc_zt=28&oh=00_Af-sg2f4p-JsCfWbpIXTNItTMwZ-1xfJrI4LSOgE_ZzPcQ&oe=6A385676 | Preview: https://scontent.fjai6-1.fna.fbcdn.net/v/t39.35426-6/725025819_4569101679989150_2959563903831518027_n.jpg?_nc_cat=100&ccb=1-7&_nc_sid=c53f8f&_nc_ohc=0r6OqYWupHUQ7kNvwGAas4K&_nc_oc=AdoDM-v2x7T9XrS1F0LlnCn6D-lldcZZeKLt2BuZVJ6jfYAvYlsGh6AX0FEKxWW0WizWriq0gV6Szqws4J3l3Jgu&_nc_zt=14&_nc_ht=scontent.fjai6-1.fna&_nc_gid=aN7ffyG_OXZT5VSd6a3qjQ&_nc_ss=7b289&oh=00_Af_rjbh3KSltr3Xn4eXaPi1qvIlQWDkzWaufX2atPuMf-Q&oe=6A383728,,,,,,,
2209557046536088,https://www.facebook.com/61565641080598/,fb.me,https://www.facebook.com/61565641080598/,,,,,,,,,452134437972525,http://fb.me/,SVL Group,https://www.facebook.com/ads/library/?id=2209557046536088,"Pay 30% now, own your home
Prime location = faster appreciation.
Eldeco Sector 80 Gurugram

📍 Just 5–7 mins from NH-48 (Delhi–Jaipur Expressway)
📍 Only 20 mins from Rajiv Chowk, Gurgaon

🏢 Premium 3.5 & 4.5 BHK High-Rise Apartments in Sector 80

💰 Starting from ₹3 Cr* 

✨ World-class amenities, excellent connectivity & high growth potential

👉 Enquire now for best offers & site visit!",136,Learn more,fb.me,"FACEBOOK; INSTAGRAM; AUDIENCE_NETWORK",2026-06-16,2026-06-16,HD: https://video.fjai6-1.fna.fbcdn.net/o1/v/t2/f2/m366/AQNmqEl9X7nsIMtKW79-o5bpKUaNtKRnCw58vhRnZlcbnIbSa5PXJYrnzo-WWSLvegokJVgQEwiOcTWlvzbLsQI2Wjga2ZAPecTsJDdJHEtQtQ.mp4?_nc_cat=108&_nc_oc=AdqXUp5pApeh1aZ5uN7fjRdM71Qzr2va7kQj4sT3zwJxUrM27_LtILpoeYF9z06_PzXkykPC3fDbv5dKBGDxIBBv&_nc_sid=b66105&_nc_ht=video.fjai6-1.fna.fbcdn.net&_nc_ohc=Esf1AypPEDAQ7kNvwHh8AZU&efg=eyJ2ZW5jb2RlX3RhZyI6Inhwdl9wcm9ncmVzc2l2ZS5WSV9VU0VDQVNFX1BST0RVQ1RfVFlQRS4uQzMuNzIwLmRhc2hfaDI2NC1iYXNpYy1nZW4yXzcyMHAiLCJ4cHZfYXNzZXRfaWQiOjE1NzE3Njc1MzEyODEyMzMsImFzc2V0X2FnZV9kYXlzIjoyNCwidmlfdXNlY2FzZV9pZCI6MTA3OTksImR1cmF0aW9uX3MiOjUzLCJ1cmxnZW5fc291cmNlIjoid3d3In0%3D&ccb=17-1&vs=e33a6a580e10d553&_nc_vs=HBksFQIYRWZiX2VwaGVtZXJhbC83MTQzMzIzRDJCRTg1RUQ2NzQ1MENGMzBBREQwRThCMl9tdF8xX3ZpZGVvX2Rhc2hpbml0Lm1wNBUAAsgBEgAVAhhAZmJfcGVybWFuZW50L0Y4NDlENTJFRDc3ODYwOUJCRjdFQjIwMEVGQTYwNDg5X2F1ZGlvX2Rhc2hpbml0Lm1wNBUCAsgBEgAoABgAGwKIB3VzZV9vaWwBMRJwcm9ncmVzc2l2ZV9yZWNpcGUBMRUAACai7fjV9ODKBRUCKAJDMywXQEqzMzMzMzMYGWRhc2hfaDI2NC1iYXNpYy1nZW4yXzcyMHARAHUAZd6oAQA&_nc_gid=aN7ffyG_OXZT5VSd6a3qjQ&_nc_ss=7b289&_nc_zt=28&oh=00_Af9l0LbFRCTnMfOF3K3jMQKaRJS8Aoi7b7ji7TmIsH6vlA&oe=6A384498 | SD: https://video.fjai6-1.fna.fbcdn.net/o1/v/t2/f2/m412/AQP5Vb2CmLfM8wNF4CLDvvtal3WzlkfOuJpPUb1c3f2yfD5niwf4OwoN9bRKXqKLWxqWGX9JnN1e1p84mUeHYIRgZWXfzLr3x_bIOPLGdA.mp4?_nc_cat=104&_nc_oc=AdqjSiuwpimASJ6qDJ-RFuOmM31vHQb6WW53n58H4iU_Vx0pOZ3zafyz6hcRFJzcRYbbqF8gy5fdjvp7hBKN0_I4&_nc_sid=ef5aa3&_nc_ht=video.fjai6-1.fna.fbcdn.net&_nc_ohc=RlFQJeFhgugQ7kNvwH33K0v&efg=eyJ2ZW5jb2RlX3RhZyI6Inhwdl9wcm9ncmVzc2l2ZS5WSV9VU0VDQVNFX1BST0RVQ1RfVFlQRS4uQzMuMzYwLnN2ZV9zZCIsInhwdl9hc3NldF9pZCI6MTU3MTc2NzUzMTI4MTIzMywiYXNzZXRfYWdlX2RheXMiOjI0LCJ2aV91c2VjYXNlX2lkIjoxMDc5OSwiZHVyYXRpb25fcyI6NTMsInVybGdlbl9zb3VyY2UiOiJ3d3cifQ%3D%3D&ccb=17-1&_nc_gid=aN7ffyG_OXZT5VSd6a3qjQ&_nc_ss=7b289&_nc_zt=28&oh=00_Af-14vDZpRjvHJy4NFL8fprNyYWPAT2jAsOAabsMcpZ0kA&oe=6A3836E6 | Preview: https://scontent.fjai6-1.fna.fbcdn.net/v/t39.35426-6/724239553_990867343927820_7865152877404457390_n.jpg?_nc_cat=107&ccb=1-7&_nc_sid=c53f8f&_nc_ohc=PydCYTFUpo0Q7kNvwGcDALd&_nc_oc=AdorpPoXSiTUF3UgBDJBq7Iw-fepqnjE37mPjVOHdEKnZdA-071R3Um6pbXbYF9kVlVxx1zPy34hwrX6koGOYJUe&_nc_zt=14&_nc_ht=scontent.fjai6-1.fna&_nc_gid=aN7ffyG_OXZT5VSd6a3qjQ&_nc_ss=7b289&oh=00_Af9cQtOPpO9_qFPE7zl_5NB1bipYNIRss-TQZgmRPHl6GA&oe=6A3834CB,,,,,,,
2535779500198000,https://www.facebook.com/61565641080598/,fb.me,https://www.facebook.com/61565641080598/,,,,,,,,,452134437972525,http://fb.me/,SVL Group,https://www.facebook.com/ads/library/?id=2535779500198000,"Pay 30% now, own your home
Prime location = faster appreciation.
Eldeco Sector 80 Gurugram

📍 Just 5–7 mins from NH-48 (Delhi–Jaipur Expressway)

📍 Only 20 mins from Rajiv Chowk, Gurgaon

🏢 Premium 3 & 3.5 BHK High-Rise Apartments in Sector 80

💰 Starting from ₹3 Cr* 

✨ World-class amenities, excellent connectivity & high growth potential

👉 Enquire now for best offers & site visit!",136,Learn more,fb.me,"FACEBOOK; INSTAGRAM; AUDIENCE_NETWORK",2026-06-11,2026-06-15,HD: https://video.fjai6-1.fna.fbcdn.net/o1/v/t2/f2/m366/AQObaOOiB6MPz7CQo8AEbp3yQrU-TJ_Hs-f6iSIv84tBu7oXJ3SjZECJ_rnDEAu2P7q4HPn4KR2qXv79tevrJEyMuai9OG-X1HstL0VxMzX4xA.mp4?_nc_cat=104&_nc_oc=Adr5DsGl0_1fdcZPcHjpXTleporfuji7mJZg14cy2TCscxA7JX1zyCrrApahAbm1SEWAwRWrLKrxzh0SEmIuNgow&_nc_sid=b66105&_nc_ht=video.fjai6-1.fna.fbcdn.net&_nc_ohc=7FdIfbbpahEQ7kNvwEQ7lSP&efg=eyJ2ZW5jb2RlX3RhZyI6Inhwdl9wcm9ncmVzc2l2ZS5WSV9VU0VDQVNFX1BST0RVQ1RfVFlQRS4uQzMuNzIwLmRhc2hfaDI2NC1iYXNpYy1nZW4yXzcyMHAiLCJ4cHZfYXNzZXRfaWQiOjIwMzUwNDYwNjcwODY4MzcsImFzc2V0X2FnZV9kYXlzIjo3LCJ2aV91c2VjYXNlX2lkIjoxMDc5OSwiZHVyYXRpb25fcyI6NDQsInVybGdlbl9zb3VyY2UiOiJ3d3cifQ%3D%3D&ccb=17-1&vs=798b3eab9a56359c&_nc_vs=HBksFQIYRWZiX2VwaGVtZXJhbC9FMzQxOTk3RTk1NTJEMTE1QjY5QzI2MEVBMzk3REM4NV9tdF8xX3ZpZGVvX2Rhc2hpbml0Lm1wNBUAAsgBEgAVAhhAZmJfcGVybWFuZW50LzM2NDE0OTM4OTRDODREMjQ4MUMzRDBENUY3OTIzNDhEX2F1ZGlvX2Rhc2hpbml0Lm1wNBUCAsgBEgAoABgAGwKIB3VzZV9vaWwBMRJwcm9ncmVzc2l2ZV9yZWNpcGUBMRUAACbql_HeoredBxUCKAJDMywXQEYZmZmZmZoYGWRhc2hfaDI2NC1iYXNpYy1nZW4yXzcyMHARAHUAZd6oAQA&_nc_gid=cMC4o9qB9gl5uzCEKX6aGg&_nc_ss=7b289&_nc_zt=28&oh=00_Af_-ISAXFdeWc40dChCsh7cBfHeZ34kCh7szySHu3A5S8Q&oe=6A384714 | SD: https://video.fjai6-1.fna.fbcdn.net/o1/v/t2/f2/m412/AQNg6gPnJQPMMesnaFQOQII7l0TzVPhY_PB1v9jzfeifniA6pJTPEdiGOYHayflVnWZPkUTC-acONhxRTw_NobyuBwk-HHISsBqOBAZFDw.mp4?_nc_cat=101&_nc_oc=Adpa1z4FkJqf3Uidq-g4CHNH43As1M-cQ-Zbt8dPs5ujUhtLluO2S5N299mSBmsg8ycNRk2NvwoRY2gwtqPwxxy1&_nc_sid=ef5aa3&_nc_ht=video.fjai6-1.fna.fbcdn.net&_nc_ohc=BARUXrfsHOgQ7kNvwFbqTmU&efg=eyJ2ZW5jb2RlX3RhZyI6Inhwdl9wcm9ncmVzc2l2ZS5WSV9VU0VDQVNFX1BST0RVQ1RfVFlQRS4uQzMuMzYwLnN2ZV9zZCIsInhwdl9hc3NldF9pZCI6MjAzNTA0NjA2NzA4NjgzNywiYXNzZXRfYWdlX2RheXMiOjcsInZpX3VzZWNhc2VfaWQiOjEwNzk5LCJkdXJhdGlvbl9zIjo0NCwidXJsZ2VuX3NvdXJjZSI6Ind3dyJ9&ccb=17-1&_nc_gid=cMC4o9qB9gl5uzCEKX6aGg&_nc_ss=7b289&_nc_zt=28&oh=00_Af--DWDexL_IK3B2LqAccA65k9Ywmo1KOxVoBzRQIp9xsw&oe=6A38379D | Preview: https://scontent.fjai6-1.fna.fbcdn.net/v/t39.35426-6/718855288_1707440153623775_3874195849520630236_n.jpg?_nc_cat=106&ccb=1-7&_nc_sid=c53f8f&_nc_ohc=J8XIO_amma0Q7kNvwEVWmmf&_nc_oc=AdqtMmWMm3uBzto_9FjnpQIcmHb2kb4QKAk2ikKZExH4V7WYC72ufxFkVhtxG3c5Dfzih_-OnPx9TDoiv_X8NuKm&_nc_zt=14&_nc_ht=scontent.fjai6-1.fna&_nc_gid=cMC4o9qB9gl5uzCEKX6aGg&_nc_ss=7b289&oh=00_Af_m58lpoa_YYfDCsry6VSY4DPVmgVFMDxC3dXnA7d-QJw&oe=6A385F06,,,,,,,
1027217693135579,https://www.facebook.com/61584517256232/,api.whatsapp.com,https://www.facebook.com/61584517256232/,,,,govindanettingsolutions@gmail.com,+91 98676 72380,,,,886853094511755,https://api.whatsapp.com/send,Govinda Netting Solutions,https://www.facebook.com/ads/library/?id=1027217693135579,"✨ Balcony ko dijiye Modern Safety Upgrade!
Stylish Invisible Grill ke saath family safety bhi aur premium premium look bhi.

Perfect for home balconies, high-rise apartments, commercial spaces, individual bungalows aur extra risk areas.
Strong, rust-free & low maintenance solution with trusted quality finishing. 

Contact Details:
📞 Rohit Tiwari
9834643954 / 7499937446 
govindanettingsolutions@gmail.com

Address:
Shop No.16, Devisha Perl Complex, Old DP Road, Near Dreams Park, Amravati
.
.
.
#govindanettingsolutions #invisiblegrill #amravati #amravaticity",8,Send WhatsApp message,api.whatsapp.com,"FACEBOOK; INSTAGRAM; AUDIENCE_NETWORK; MESSENGER; WHATSAPP",2026-06-16,2026-06-17,HD: https://video.fjai6-1.fna.fbcdn.net/o1/v/t2/f2/m367/AQOPrV7j5EaIHa9tCMv2GmUkX15PoJaTXdqD1OWS0T0oKbKHpUANh7yy39vANpZxIexuAVtpj7UUXy2v9Gpi28V4FiHIAgpojvBqEvfkhA.mp4?_nc_cat=108&_nc_oc=AdqR4BdqjiP_K4vX2MVyTpGeMAIuoumWCrGPkOhJqCT4BkN104K2kf-dTli7dlbbdOdRVLsu2aSRuJyZSCZ3snvG&_nc_sid=ef5aa3&_nc_ht=video.fjai6-1.fna.fbcdn.net&_nc_ohc=vnKHuCbPj1EQ7kNvwHugHEX&efg=eyJ2ZW5jb2RlX3RhZyI6Inhwdl9wcm9ncmVzc2l2ZS5WSV9VU0VDQVNFX1BST0RVQ1RfVFlQRS4uQzMuNzE2LnByb2dyZXNzaXZlX2gyNjQtYmFzaWMtZ2VuMl83MjBwIiwieHB2X2Fzc2V0X2lkIjoyNDYyNTgwMzYwOTA5Mjk2LCJhc3NldF9hZ2VfZGF5cyI6MjAsInZpX3VzZWNhc2VfaWQiOjEwMDk5LCJkdXJhdGlvbl9zIjo3MSwidXJsZ2VuX3NvdXJjZSI6Ind3dyJ9&ccb=17-1&_nc_gid=cMC4o9qB9gl5uzCEKX6aGg&_nc_ss=7b289&_nc_zt=28&oh=00_Af_Q7VEmXte1ntIijSmcRbYA--QFG39t8q-GrYTJT6u2aQ&oe=6A3860EE | SD: https://video.fjai6-1.fna.fbcdn.net/o1/v/t2/f2/m367/AQMB_Kplvppf9U-OM4EpIi4EiIynG97nskJpstDc96CrsyJBiL9TKLVGqUto39ialWtsOhoy-p_4UImaiAxnwIA8wCX6cCKQFKryZoywGQ.mp4?_nc_cat=105&_nc_oc=AdonYMLv8fG4xDpWA0rzP_eIsz_wdgyyw73TN_kxWSPTdK1r1wa7ONr7ZgK5pafZTfXWi9dUiPLFD6mj25UcFhVN&_nc_sid=ef5aa3&_nc_ht=video.fjai6-1.fna.fbcdn.net&_nc_ohc=tGVwdxOcGPwQ7kNvwEyq893&efg=eyJ2ZW5jb2RlX3RhZyI6Inhwdl9wcm9ncmVzc2l2ZS5WSV9VU0VDQVNFX1BST0RVQ1RfVFlQRS4uQzMuMzYwLnByb2dyZXNzaXZlX2gyNjQtYmFzaWMtZ2VuMl8zNjBwIiwieHB2X2Fzc2V0X2lkIjoyNDYyNTgwMzYwOTA5Mjk2LCJhc3NldF9hZ2VfZGF5cyI6MjAsInZpX3VzZWNhc2VfaWQiOjEwMDk5LCJkdXJhdGlvbl9zIjo3MSwidXJsZ2VuX3NvdXJjZSI6Ind3dyJ9&ccb=17-1&_nc_gid=cMC4o9qB9gl5uzCEKX6aGg&_nc_ss=7b289&_nc_zt=28&oh=00_Af_cE1fiSgpkeeAt619IqHdZ5symiARFdrAO3RMMH8BZbg&oe=6A38337D | Preview: https://scontent.fjai6-1.fna.fbcdn.net/v/t39.35426-6/710781958_958432670512193_684883962820498763_n.jpg?_nc_cat=105&ccb=1-7&_nc_sid=c53f8f&_nc_ohc=EMWl2r6wKLUQ7kNvwF83y1T&_nc_oc=AdqJWREmxDvsnLkoJnxpoWw9WaXOX8dLVbGSofa0wgcLw2x_MTGb7KISwmAmob4KNwOHHtLhG0l-uqCh4OXDIDET&_nc_zt=14&_nc_ht=scontent.fjai6-1.fna&_nc_gid=cMC4o9qB9gl5uzCEKX6aGg&_nc_ss=7b289&oh=00_Af-fJaxWjt6NET66hWdEMFQs2Z5F_pRi5mjwvB9EJ90b2Q&oe=6A38362F,,,,,,,
1468789378051358,https://www.facebook.com/61570868796467/,fb.me,https://www.facebook.com/61570868796467/,,,,contact@casatrance.com,+91 70267 99812,,,,1090568260802148,http://fb.me/,CT Realty,https://www.facebook.com/ads/library/?id=1468789378051358,"Looking for your dream home in Bangalore? 🏡
Grab this limited pre-launch offer in Whitefield and pay just 10% now & nothing till possession!

✨ Premium high-rise apartments
✨ 2, 2.5, 3 & 4 BHK homes
✨ 1223 to 2215 sqft spacious layouts

Live in Bangalore’s most desirable location.
📞 Call Now: 70267 99812

#WhitefieldHomes #BangaloreRealEstate #DreamHome #LuxuryLiving #PreLaunchOffer #NoEMITillPossession #InvestInProperty #BangaloreHomes #HighRiseLiving #RealEstateIndia #PropertyInvestment #2BHK #3BHK #4BHK #HomeBuyers",3,Get offer,fb.me,"FACEBOOK; INSTAGRAM",2026-04-28,2026-06-17,,Original: https://scontent.fjai6-1.fna.fbcdn.net/v/t39.35426-6/681182316_970141095611808_6282934468949248316_n.jpg?_nc_cat=111&ccb=1-7&_nc_sid=c53f8f&_nc_ohc=8ADVSOCMW08Q7kNvwF3dg79&_nc_oc=AdrF80kl6oWEYn0X1U83OifIGuYDJiBXIdlR_9TxadwwgoSkJWV75QJrJPPG-a0R-0pBtPqEZGHePaMkBFHykQU4&_nc_zt=14&_nc_ht=scontent.fjai6-1.fna&_nc_gid=cMC4o9qB9gl5uzCEKX6aGg&_nc_ss=7b289&oh=00_Af9TIZmx8CpOTHsTLfEEUEWKT8XC8G37VcwlUwmfqMuwYg&oe=6A384980 | Resized: https://scontent.fjai6-1.fna.fbcdn.net/v/t39.35426-6/682652363_2125203864943470_7011103965454710024_n.jpg?stp=dst-jpg_s600x600_tt6&_nc_cat=106&ccb=1-7&_nc_sid=c53f8f&_nc_ohc=TPs86KlHoYcQ7kNvwHWwt7Q&_nc_oc=AdoHHO9VNuDj4jp3CVmg4fLChk_mOhBLutc_Mh_8GsUsIxbA4A3BvzoD4G9yXR34xHl-eZmCovG83ArcAfT1UXY8&_nc_zt=14&_nc_ht=scontent.fjai6-1.fna&_nc_gid=cMC4o9qB9gl5uzCEKX6aGg&_nc_ss=7b289&oh=00_Af-wKkPlm2ND-ITb350k0xQBR4qniV63B1fdB75TwsCOiw&oe=6A3832FD,,,,,,
1004078422579401,https://www.facebook.com/61575328785758/,fb.me,https://www.facebook.com/61575328785758/,,,,theassociates144@gmail.com,+91 98153 29192,,,,1011284622075858,http://fb.me/,The Associates ,https://www.facebook.com/ads/library/?id=1004078422579401,"Looking to buy a premium home in Ludhiana?
Step into Singapore-style living at The Welkin Heights – luxury high-rise apartments at South City.

✔️ 42 Lifestyle Amenities
✔️ 80% Open Green Spaces
✔️ Built with MiVAN Technology
✔️ 7-Layer Security
✔️ Easy CLP Payment Plan

💰 Perfect for both living & investment – high appreciation potential.

📍 Opp. Shri Ram School, Bypass Road

📞 Call Now to Book Your Unit
THE ASSOCIATES
📲 98882 26000 | 98153 29192",35464,See details,fb.me,"FACEBOOK; INSTAGRAM; AUDIENCE_NETWORK",2026-06-16,2026-06-16,HD: https://video.fjai6-1.fna.fbcdn.net/o1/v/t2/f2/m366/AQOctwXtNnLDqOdddeGqngql631tQzKcotRTzZK3H32exD-QI9xd8smBrC-sct85-sSC85EGRinwwoR5YtrclusGgaMPCBfZ2wUuA-MaHX-C6w.mp4?_nc_cat=107&_nc_oc=AdrLyrGAaISQUFnPk5abzoOTBBXxUJ6muuthdBPuhUhVYBkUrrgOPvZvCGgStQAcOjWzZnUWJPx8r6Vee87UWWL-&_nc_sid=b66105&_nc_ht=video.fjai6-1.fna.fbcdn.net&_nc_ohc=4K2H2MjytN0Q7kNvwF8iloq&efg=eyJ2ZW5jb2RlX3RhZyI6Inhwdl9wcm9ncmVzc2l2ZS5WSV9VU0VDQVNFX1BST0RVQ1RfVFlQRS4uQzMuNzIwLmRhc2hfaDI2NC1iYXNpYy1nZW4yXzcyMHAiLCJ4cHZfYXNzZXRfaWQiOjEwMDA4NjQ2ODI2Mzk0NTcsImFzc2V0X2FnZV9kYXlzIjowLCJ2aV91c2VjYXNlX2lkIjoxMDc5OSwiZHVyYXRpb25fcyI6MTA3LCJ1cmxnZW5fc291cmNlIjoid3d3In0%3D&ccb=17-1&vs=52b05f7910b6a5ac&_nc_vs=HBksFQIYRWZiX2VwaGVtZXJhbC8xRTREMzc5Qjk2OUU3OUI2NDM3QTA4NUQyOTYzNTc4Rl9tdF8xX3ZpZGVvX2Rhc2hpbml0Lm1wNBUAAsgBEgAVAhhAZmJfcGVybWFuZW50Lzk2NDg1REJDM0JENjUzOEUwRTMzNjQ2RDQ3OEZFQzlDX2F1ZGlvX2Rhc2hpbml0Lm1wNBUCAsgBEgAoABgAGwKIB3VzZV9vaWwBMRJwcm9ncmVzc2l2ZV9yZWNpcGUBMRUAACbCgYT-_pHHAxUCKAJDMywXQFrlT987ZFoYGWRhc2hfaDI2NC1iYXNpYy1nZW4yXzcyMHARAHUAZd6oAQA&_nc_gid=cMC4o9qB9gl5uzCEKX6aGg&_nc_ss=7b289&_nc_zt=28&oh=00_Af-rqbMmnD59V05CtDAKkzOKITYVjFo_gEsRxZzPzZdOyQ&oe=6A3830D5 | SD: https://video.fjai6-1.fna.fbcdn.net/o1/v/t2/f2/m412/AQNh0bQGmBE1SNUR0qAntANpXgm2EYOjzAceESUdudYNgA4y0F1AVhCrPMnbwCW_OcLTO6YuHz7CrO7E51i0PEDn68qsCBpVJYgwd5qPeA.mp4?_nc_cat=100&_nc_oc=AdrXdaTe46d2KxVrJapKAfX9i96a6kXikxDM0XSCmr9Synfj8_x_GJ0FIw4vgWqcK2rZNTfSIGpsLdAetF7gj0ly&_nc_sid=ef5aa3&_nc_ht=video.fjai6-1.fna.fbcdn.net&_nc_ohc=6Z5Toiyh2ikQ7kNvwExAGpk&efg=eyJ2ZW5jb2RlX3RhZyI6Inhwdl9wcm9ncmVzc2l2ZS5WSV9VU0VDQVNFX1BST0RVQ1RfVFlQRS4uQzMuMzYwLnN2ZV9zZCIsInhwdl9hc3NldF9pZCI6MTAwMDg2NDY4MjYzOTQ1NywiYXNzZXRfYWdlX2RheXMiOjAsInZpX3VzZWNhc2VfaWQiOjEwNzk5LCJkdXJhdGlvbl9zIjoxMDcsInVybGdlbl9zb3VyY2UiOiJ3d3cifQ%3D%3D&ccb=17-1&_nc_gid=cMC4o9qB9gl5uzCEKX6aGg&_nc_ss=7b289&_nc_zt=28&oh=00_Af_FJmOSMgTe0-vfJXgC6QnhIqDA5LFmMZqJxQRMtKjTyA&oe=6A38568E | Preview: https://scontent.fjai6-1.fna.fbcdn.net/v/t39.35426-6/725015932_1004999111923663_1794250622926194903_n.jpg?_nc_cat=107&ccb=1-7&_nc_sid=c53f8f&_nc_ohc=ranjmrEJqU0Q7kNvwFeydaU&_nc_oc=AdrQwSusL_ydIIRfxJdV42bfwQrh01MQYJdIfdSraLFdvTdiT7izofW7u77_axLvHxGLq3HZHeQc-Kydj-rpUAWl&_nc_zt=14&_nc_ht=scontent.fjai6-1.fna&_nc_gid=cMC4o9qB9gl5uzCEKX6aGg&_nc_ss=7b289&oh=00_Af-RdlGwHFTIIH5eyXoxoe6-HSnyN3NH9PlKZJMPYNj0yw&oe=6A383C7D,,,,,,,
1214333804065810,https://www.facebook.com/61589911285381/,fb.me,https://www.facebook.com/61589911285381/,,,,crownstonepropertiess@gmail.com,+91 88977 22131,,,,1030403500166137,http://fb.me/,Crownstone Properties,https://www.facebook.com/ads/library/?id=1214333804065810,"Luxury living doesn't have to break the bank. 💰
📍 Location: Exit No. 2, Kollur, Velimela
📏 Sizes: 1369 to 2272 SFT
💎 Offer: OTP (One Time Payment) Special
🏷️ Price: Starts at ₹4499/- SFT
​Don't miss out on this limited-time pricing for premium high-rise apartments.",,Get quote,fb.me,"FACEBOOK; INSTAGRAM; AUDIENCE_NETWORK",2026-06-16,2026-06-17,,,"Luxury living doesn't have to break the bank. 💰
📍 Location: Exit No. 2, Kollur, Velimela
📏 Sizes: 1369 to 2272 SFT
💎 Offer: OTP (One Time Payment) Special
🏷️ Price: Starts at ₹4499/- SFT
​Don't miss out on this limited-time pricing for premium high-rise apartments. || Luxury living doesn't have to break the bank. 💰
📍 Location: Exit No. 2, Kollur, Velimela
📏 Sizes: 1369 to 2272 SFT
💎 Offer: OTP (One Time Payment) Special
🏷️ Price: Starts at ₹4499/- SFT
​Don't miss out on this limited-time pricing for premium high-rise apartments. || Luxury living doesn't have to break the bank. 💰
📍 Location: Exit No. 2, Kollur, Velimela
📏 Sizes: 1369 to 2272 SFT
💎 Offer: OTP (One Time Payment) Special
🏷️ Price: Starts at ₹4499/- SFT
​Don't miss out on this limited-time pricing for premium high-rise apartments.",http://fb.me/ || http://fb.me/ || http://fb.me/,,Get Quote || Get Quote || Get Quote,Original: https://scontent.fjai6-1.fna.fbcdn.net/v/t39.35426-6/721737141_1317286123286136_3660755694093266098_n.jpg?_nc_cat=100&ccb=1-7&_nc_sid=c53f8f&_nc_ohc=Ls5D-IR8IYEQ7kNvwFW9sJg&_nc_oc=Adod3SYJmzDKqVyT9CECdYJh4n4ENVJS9V-6EgO9ADpr2aS5UrpNiSFTLcUvQDduNPFkvPO1qbXrlC-2MisGJ-os&_nc_zt=14&_nc_ht=scontent.fjai6-1.fna&_nc_gid=cMC4o9qB9gl5uzCEKX6aGg&_nc_ss=7b289&oh=00_Af-QdW17hpBaXftTXTKZCZJjwsIpvWnDgWueG1irHoonPA&oe=6A385ADA | Resized: https://scontent.fjai6-1.fna.fbcdn.net/v/t39.35426-6/723792414_889668130112608_2185131783576228652_n.jpg?stp=dst-jpg_s600x600_tt6&_nc_cat=105&ccb=1-7&_nc_sid=c53f8f&_nc_ohc=67bQGXh5a5UQ7kNvwHIvuG7&_nc_oc=Adr3Z9uUy59DalSAPQRgYZqNhDDBnp7aFR4t2cKAzCD190J4Lv4J0EuZF5UGR3J7Uk3A75gyo1nvRa2dEyAx_LXJ&_nc_zt=14&_nc_ht=scontent.fjai6-1.fna&_nc_gid=cMC4o9qB9gl5uzCEKX6aGg&_nc_ss=7b289&oh=00_Af9FIbhPULVTYsC4uomk64TKxOZdA2Z4dZQ8l5DRHgZ1kg&oe=6A3854BE || Original: https://scontent.fjai6-1.fna.fbcdn.net/v/t39.35426-6/723792367_893347463795847_3234622453854179456_n.jpg?_nc_cat=101&ccb=1-7&_nc_sid=c53f8f&_nc_ohc=sQtzIzcX9jIQ7kNvwEqVmcf&_nc_oc=Adr4xiWetcC7PXDv-oEDVy8zIWkcI1qfSqG_snga1UnLiaJGV-hAv8II95-0nPigpRR_KPH6tKL4bbh25uEdzxkd&_nc_zt=14&_nc_ht=scontent.fjai6-1.fna&_nc_gid=cMC4o9qB9gl5uzCEKX6aGg&_nc_ss=7b289&oh=00_Af9vfeQUylPj4oi9C6M1jydwssqM7qFygLDKS-HTEtdm7g&oe=6A383464 | Resized: https://scontent.fjai6-1.fna.fbcdn.net/v/t39.35426-6/725156285_885743241209870_6526098373145904744_n.jpg?stp=dst-jpg_s600x600_tt6&_nc_cat=108&ccb=1-7&_nc_sid=c53f8f&_nc_ohc=czB0_ruuABoQ7kNvwGBUh36&_nc_oc=AdqZqYB9_kEWwvvZTVp_-tRLpngPSWYcC33u7NauiOE4wd3a2XsXxub3lY529YXZ3EIhlsv80GrBA6Y6qZKG397H&_nc_zt=14&_nc_ht=scontent.fjai6-1.fna&_nc_gid=cMC4o9qB9gl5uzCEKX6aGg&_nc_ss=7b289&oh=00_Af_eb9xsccPmlmYHylEIzbzX8jq1LbWxqpWXZHzDPndloA&oe=6A384787 || Original: https://scontent.fjai6-1.fna.fbcdn.net/v/t39.35426-6/723706696_1535092014724600_6921127046953180498_n.jpg?_nc_cat=111&ccb=1-7&_nc_sid=c53f8f&_nc_ohc=QOLd1mrw-sIQ7kNvwF0cfWa&_nc_oc=Ado-A0_eZ1ZatK1EAd7idIgwtC-mR6s7EswFhCOwXYzq3WaQf8PeE7OGJnJbt9kenp_XrHF19HflvcmDyhkswG0B&_nc_zt=14&_nc_ht=scontent.fjai6-1.fna&_nc_gid=cMC4o9qB9gl5uzCEKX6aGg&_nc_ss=7b289&oh=00_Af-NGrIe9oW9q2izFuUc_o3serns_u08Bv2cT8CP7cCUaA&oe=6A38588D | Resized: https://scontent.fjai6-1.fna.fbcdn.net/v/t39.35426-6/723942263_1552485746533695_1619815289308964919_n.jpg?stp=dst-jpg_s600x600_tt6&_nc_cat=109&ccb=1-7&_nc_sid=c53f8f&_nc_ohc=RgJMhTr5t7wQ7kNvwEd2XHc&_nc_oc=Adp6V5sTdy6Rf5YfBWsGudUFsNvN330xaIYeHuxIo_gVXC24WtVDKtF_mXQKPawUNcFWvBcZ94RU8qLQ73WenamV&_nc_zt=14&_nc_ht=scontent.fjai6-1.fna&_nc_gid=cMC4o9qB9gl5uzCEKX6aGg&_nc_ss=7b289&oh=00_Af_yfaEuYW5s40Bm1o5g-4vgIna-zQMFCShgjCYVSYPMlQ&oe=6A383B60,
1342836807951507,https://www.facebook.com/estatekolkata/,fb.me,https://www.facebook.com/estatekolkata/,,,,,,,,,100259103053065,http://fb.me/,Real Estate Kolkata,https://www.facebook.com/ads/library/?id=1342836807951507,"🌆 LIVING BEYOND THE CLOUDS

📍 Southern Bypass, Kolkata
🚗 Just 7 Minutes from Kamalgazi

🏢 2 & 3 BHK Apartments
💰 Starting from ₹65 Lacs onwards

🏙️ B+G+25 High-Rise Towers
🏢 2 Exclusive Towers
📅 Project Handover: 2027

🏊 Infinity-Edge Swimming Pools in Both Towers
🌿 Enjoy breathtaking skyline views and a refreshing lifestyle above the city.

✨ A perfect blend of modern architecture, elevated living, and excellent connectivity in one of South Kolkata's fastest-growing locations.

📞 Call / WhatsApp: 9830012741
WhatsApp: https://bit.ly/4gi5pjB

#SouthernBypass #Kamalgazi #2BHK #3BHK #HighRiseLiving #InfinityPool #SouthKolkata #KolkataRealEstate #RERAApproved #PremiumLiving",213,Get quote,fb.me,"FACEBOOK; INSTAGRAM; AUDIENCE_NETWORK",2026-06-16,2026-06-17,HD: https://video.fjai6-1.fna.fbcdn.net/o1/v/t2/f2/m366/AQNHt1zEtq48ZPxSM5BcTqC3_g3f_CAEXZR3K4OCxXWEXRRt-rScUhDLZajb4FlJc3IY1lWHLngADXer-_DBknPXB_dnllEqay8VtxkO7r-mHg.mp4?_nc_cat=103&_nc_oc=AdobltKo_Cr45g5YwLzXsiJ3vJ36_N5rPX2Kbd98fQfpSGfmjjaLdXTwh63f_0gLaNzK8J_mjHBUDP4HAFFzDCTJ&_nc_sid=b66105&_nc_ht=video.fjai6-1.fna.fbcdn.net&_nc_ohc=tmM6Cidv-lEQ7kNvwFRrIWe&efg=eyJ2ZW5jb2RlX3RhZyI6Inhwdl9wcm9ncmVzc2l2ZS5WSV9VU0VDQVNFX1BST0RVQ1RfVFlQRS4uQzMuNzIwLmRhc2hfaDI2NC1iYXNpYy1nZW4yXzcyMHAiLCJ4cHZfYXNzZXRfaWQiOjE1MTk5MTQ1MzYyNjMyMTksImFzc2V0X2FnZV9kYXlzIjozLCJ2aV91c2VjYXNlX2lkIjoxMDc5OSwiZHVyYXRpb25fcyI6NDEsInVybGdlbl9zb3VyY2UiOiJ3d3cifQ%3D%3D&ccb=17-1&vs=bc72b4845ac565ce&_nc_vs=HBksFQIYRWZiX2VwaGVtZXJhbC80MzQ2MEZFMDVCNTUzNDcwNDY4NkZBQTEyQ0UxQTJBRl9tdF8xX3ZpZGVvX2Rhc2hpbml0Lm1wNBUAAsgBEgAVAhhAZmJfcGVybWFuZW50LzBFNDc3Q0E2N0QwRDlGQ0NDM0RGNzkwMTM4MkUzQUE1X2F1ZGlvX2Rhc2hpbml0Lm1wNBUCAsgBEgAoABgAGwKIB3VzZV9vaWwBMRJwcm9ncmVzc2l2ZV9yZWNpcGUBMRUAACbm-K7g1ZazBRUCKAJDMywXQES8rAgxJukYGWRhc2hfaDI2NC1iYXNpYy1nZW4yXzcyMHARAHUAZd6oAQA&_nc_gid=cMC4o9qB9gl5uzCEKX6aGg&_nc_ss=7b289&_nc_zt=28&oh=00_Af848aGTDW8c_EADOmw6lBTufQSYzxOMoJ4MB2pzTpUbdQ&oe=6A383FD9 | SD: https://video.fjai6-1.fna.fbcdn.net/o1/v/t2/f2/m412/AQO89DKgK7g148o-DaY5c8Uf0PEkk5AhYuxPpD00erFe2meMmtLeBJ0vXwmFywOv12nnlZb96_2dLeimmIR1JojEqHKbhdwi4ZOSVXAFNg.mp4?_nc_cat=106&_nc_oc=AdrE1p1fBYaQfYdF428cR6NmmLENZigtpPuiz4jjF88uCJfpK4_cgEltOnQQp-HU1cAOa3FO1TQmY6NNw3uJJK-w&_nc_sid=ef5aa3&_nc_ht=video.fjai6-1.fna.fbcdn.net&_nc_ohc=wxrxjzUeZqcQ7kNvwGXCWaO&efg=eyJ2ZW5jb2RlX3RhZyI6Inhwdl9wcm9ncmVzc2l2ZS5WSV9VU0VDQVNFX1BST0RVQ1RfVFlQRS4uQzMuMzYwLnN2ZV9zZCIsInhwdl9hc3NldF9pZCI6MTUxOTkxNDUzNjI2MzIxOSwiYXNzZXRfYWdlX2RheXMiOjMsInZpX3VzZWNhc2VfaWQiOjEwNzk5LCJkdXJhdGlvbl9zIjo0MSwidXJsZ2VuX3NvdXJjZSI6Ind3dyJ9&ccb=17-1&_nc_gid=cMC4o9qB9gl5uzCEKX6aGg&_nc_ss=7b289&_nc_zt=28&oh=00_Af_ghWmwERBO9AXe0R29-RW5alzxG-WE2jU2yZdMJ0USng&oe=6A385440 | Preview: https://scontent.fjai6-1.fna.fbcdn.net/v/t39.35426-6/723131441_28239768615612219_4833112655159893988_n.jpg?_nc_cat=106&ccb=1-7&_nc_sid=c53f8f&_nc_ohc=ycpaENkj3BoQ7kNvwGeLFlu&_nc_oc=AdoBQg-wYE4TwWwKc6HUL3K5Ha8lGUh9R6MMihm5yfxPBgWJRDznVwjEt88LkSlwEPvdyCFCRuoPS7UVmygZLwxx&_nc_zt=14&_nc_ht=scontent.fjai6-1.fna&_nc_gid=cMC4o9qB9gl5uzCEKX6aGg&_nc_ss=7b289&oh=00_Af-XNmUFaB2Op6AIB9F8JvCx3gyrLTZ4R-PEFDol4ll_YQ&oe=6A3841A2,,,,,,,
1725065735510420,https://www.facebook.com/MahaveerConstructionss/,fb.me,https://www.facebook.com/MahaveerConstructionss/,,,,sales@mahaveerconstructions.com,+91 79977 22931,,,,104673948645621,http://fb.me/,Mahaveer Constructions,https://www.facebook.com/ads/library/?id=1725065735510420,"Experience the Uncompromising Luxury with Mahaveer Crystal Garden.
3 & 4 BHK Ultra luxury apartments price starting from ₹ 1.29 Cr*
📍At Attapur, Hyderabad.
Book Now & Get 10g Gold Free!
✅ 150 feet main road facing | 3 High-Rise Towers
✅ Developed over 5 acres | 75 % Open space
✅3 BHK with 2 Car Parking | 4 BHK with 3 Car Parking
✅ Homes ranging from 1640 - 5345 Sq. ft
✅ Higher floor to ceiling height of 3.3 m
✅ 60+ Luxury Amenities
✅ Ultra-modern clubhouse spread across 60,000 Sq. Ft
✅Close proximity to banjara hills and film nagar
✅ Well Connected to shopping malls, Educational Institutions and Entertainments
✅ Brigade Public School 3.8 Km | Mythri Hospital in 500 mts.",11792,Book now,fb.me,"FACEBOOK; INSTAGRAM",2026-06-04,2026-06-15,,,"Experience the Uncompromising Luxury with Mahaveer Crystal Garden.
3 & 4 BHK Ultra luxury apartments price starting from ₹ 1.29 Cr*
📍At Attapur, Hyderabad.
Book Now & Get 10g Gold Free!
✅ 150 feet main road facing | 3 High-Rise Towers
✅ Developed over 5 acres | 75 % Open space
✅3 BHK with 2 Car Parking | 4 BHK with 3 Car Parking
✅ Homes ranging from 1640 - 5345 Sq. ft
✅ Higher floor to ceiling height of 3.3 m
✅ 60+ Luxury Amenities
✅ Ultra-modern clubhouse spread across 60,000 Sq. Ft
✅Close proximity to banjara hills and film nagar
✅ Well Connected to shopping malls, Educational Institutions and Entertainments
✅ Brigade Public School 3.8 Km | Mythri Hospital in 500 mts. || Experience the Uncompromising Luxury with Mahaveer Crystal Garden.
3 & 4 BHK Ultra luxury apartments price starting from ₹ 1.29 Cr*
📍At Attapur, Hyderabad.
Book Now & Get 10g Gold Free!
✅ 150 feet main road facing | 3 High-Rise Towers
✅ Developed over 5 acres | 75 % Open space
✅3 BHK with 2 Car Parking | 4 BHK with 3 Car Parking
✅ Homes ranging from 1640 - 5345 Sq. ft
✅ Higher floor to ceiling height of 3.3 m
✅ 60+ Luxury Amenities
✅ Ultra-modern clubhouse spread across 60,000 Sq. Ft
✅Close proximity to banjara hills and film nagar
✅ Well Connected to shopping malls, Educational Institutions and Entertainments
✅ Brigade Public School 3.8 Km | Mythri Hospital in 500 mts.",http://fb.me/ || http://fb.me/,,Book Now || Book Now,Original: https://scontent.fjai6-1.fna.fbcdn.net/v/t39.35426-6/649277295_1476236417544322_5989427269607781283_n.jpg?_nc_cat=106&ccb=1-7&_nc_sid=c53f8f&_nc_ohc=BMHD8f12a38Q7kNvwEjBRFm&_nc_oc=Adop9QlOPBMpoeQ1HdW0acvbi2S6nCS-nAVfocvqYcu6kXHaTb6rNhg5Sp_6nWoV0vlAKFsY16M89qk6yFk7-StK&_nc_zt=14&_nc_ht=scontent.fjai6-1.fna&_nc_gid=kaMyW-ZtOk8Ur1L_Aal-xw&_nc_ss=7b289&oh=00_Af_GreUYxdtIb0NY_KLse_AXomfbt2Zc202qkNGJHdAzgQ&oe=6A38634E | Resized: https://scontent.fjai6-1.fna.fbcdn.net/v/t39.35426-6/650223908_1480981486875028_6067357689794051334_n.jpg?stp=dst-jpg_s600x600_tt6&_nc_cat=100&ccb=1-7&_nc_sid=c53f8f&_nc_ohc=BCAEVKCtJj0Q7kNvwGy6ah7&_nc_oc=Ado5FesHDvxjea2e3Q2vOtGnRL5WAhvq_PG30jK9sw6Inred2x8smnqqhbar1AI9M3paA_2KjWObs5f-m6HVIskJ&_nc_zt=14&_nc_ht=scontent.fjai6-1.fna&_nc_gid=kaMyW-ZtOk8Ur1L_Aal-xw&_nc_ss=7b289&oh=00_Af8rYqr_44d_zJZSVIDXTWPehhUGEIwtJkFFrpkX8_fNCA&oe=6A384FBA || Original: https://scontent.fjai6-1.fna.fbcdn.net/v/t39.35426-6/650191164_949668750830327_464729870300954626_n.jpg?_nc_cat=105&ccb=1-7&_nc_sid=c53f8f&_nc_ohc=TM3kQ8aaKMIQ7kNvwFmR7N0&_nc_oc=AdrBy01n6Pcs6EvKw9EOSKJqWAVxgDeCMzHmLsMpIbyZu23HGru41M912vCb67poSqHY69SL48aqeZNgWCmn9o-G&_nc_zt=14&_nc_ht=scontent.fjai6-1.fna&_nc_gid=kaMyW-ZtOk8Ur1L_Aal-xw&_nc_ss=7b289&oh=00_Af90Qi4FkfKDY5pUkQWhuLe4qp_0lHNDexAj9ZZW27qRMw&oe=6A384C4B | Resized: https://scontent.fjai6-1.fna.fbcdn.net/v/t39.35426-6/649327369_811901377936954_1713234807126257347_n.jpg?stp=dst-jpg_s600x600_tt6&_nc_cat=101&ccb=1-7&_nc_sid=c53f8f&_nc_ohc=uCLJXY2NjDYQ7kNvwF50Qfz&_nc_oc=AdoXW8MdMkxh5Hma8oQo_-XbW0-Jim68TXn9NFlKR6lLlTNBzP8PavyumY1IW5JaY9f1_mInbx5nS7Cd2U21C-jV&_nc_zt=14&_nc_ht=scontent.fjai6-1.fna&_nc_gid=kaMyW-ZtOk8Ur1L_Aal-xw&_nc_ss=7b289&oh=00_Af8RMqd1UzUPQYnP77l7k2N7fBA-LDHsArrsUeAU4qNllw&oe=6A384340,
1790019035698849,https://www.facebook.com/hatchwayindia/,fb.me,https://www.facebook.com/hatchwayindia/,,,,,+91 86050 17086,,,,101993619447371,http://fb.me/,Hatchway Windoor Pvt Ltd,https://www.facebook.com/ads/library/?id=1790019035698849,"Rain outside. Calm inside. 🌧️
That’s the power of TOSTEM windows , where Japanese precision meets everyday comfort. 
Enjoy the beauty of rain without the worry - no leaks, no noise, just pure peace. 

Tag someone who loves monsoons but hates the mess👇

📧 lctostem@hatchway.in
 | vntostem@hatchway.in
🌐 www.hatchwaywindoor.in
📍 Law College Road: +91 86050 17086
📍 Vimannagar: +91 93220 87592

#tostem #interiordesign #tostemindia #aluminiumdoors #aluminiumwindows #windows #architect #interiors #hatchway #waterresistant #premium",374,Get in touch,fb.me,"FACEBOOK; INSTAGRAM; AUDIENCE_NETWORK",2026-06-16,2026-06-16,HD: https://video.fjai6-1.fna.fbcdn.net/o1/v/t2/f2/m86/AQNQLD2sCdc8CZppBaEUz2Iedk_Su-Fo2A6aIc0Et6nNggKSt0SczwoCLA33tB2IJ2h9gOqqZXVoTQFGEEaVHbyJ8aKohS2Iq8nMX4Q.mp4?_nc_cat=104&_nc_oc=AdrdOWBX2UBed_tDdB2hCKRGO_oFAfavYPLG_CcA-SPtp0pq4aYAleFZx_ZJjzrZc0-UKA-1j6qxbHwjFhmGJI6v&_nc_sid=b66105&_nc_ht=video.fjai6-1.fna.fbcdn.net&_nc_ohc=Y1sW2FDREUUQ7kNvwFzltcH&efg=eyJ2ZW5jb2RlX3RhZyI6Inhwdl9wcm9ncmVzc2l2ZS5WSV9VU0VDQVNFX1BST0RVQ1RfVFlQRS4uQzMuNzIwLmRhc2hfYmFzZWxpbmVfMV92MSIsInhwdl9hc3NldF9pZCI6ODU2ODk3MzkwMDA0MzMzLCJhc3NldF9hZ2VfZGF5cyI6MjUyLCJ2aV91c2VjYXNlX2lkIjoxMDA5OSwiZHVyYXRpb25fcyI6NTAsInVybGdlbl9zb3VyY2UiOiJ3d3cifQ%3D%3D&ccb=17-1&vs=bf9b182f45c6fe0b&_nc_vs=HBksFQIYUmlnX3hwdl9yZWVsc19wZXJtYW5lbnRfc3JfcHJvZC9GNTRBQTZGMDk0MjIyODVBMzg0NTQ1RkIwRTBGNThCN192aWRlb19kYXNoaW5pdC5tcDQVAALIARIAFQIYR2lnX3hwdl9yZWVsc19wZXJtYW5lbnRfc3JfcHJvZC8xMTMzMDE0NzcyMjU1Mzk5XzM5NTY3OTM1MjQxMTQxMzMwODEubXA0FQICyAESACgAGAAbAogHdXNlX29pbAExEnByb2dyZXNzaXZlX3JlY2lwZQExFQAAJtqh0oj_1YUDFQIoAkMzLBdASTU_fO2RaBgSZGFzaF9iYXNlbGluZV8xX3YxEQB1AGXmnQEA&_nc_gid=kaMyW-ZtOk8Ur1L_Aal-xw&_nc_ss=7b289&_nc_zt=28&oh=00_Af9AbX4h0U0LRAovEFBh4EBpGmPKsTpMykEXnRKpkbtkFg&oe=6A343E31 | SD: https://video.fjai6-1.fna.fbcdn.net/o1/v/t2/f2/m86/AQO0gQiyGMnWqXL7jnyiPCOnXCsGZ6RObTCoSImBREGZVY7cASbCcMnu3liTA5aybsE6g6XLzFZINPYaccW_M3s1DmHP7IfM9l0v5XI.mp4?_nc_cat=108&_nc_oc=AdrWZGuE3bH0R1oKdpOCJ3GoDNAkeq9nP6GXIPwiadHozYDbV45UM7Jno15tEFFn0n4v_Xtux7MLayopgiH7Ojbs&_nc_sid=b66105&_nc_ht=video.fjai6-1.fna.fbcdn.net&_nc_ohc=2MSth9dAhMUQ7kNvwEK1VI2&efg=eyJ2ZW5jb2RlX3RhZyI6Inhwdl9wcm9ncmVzc2l2ZS5WSV9VU0VDQVNFX1BST0RVQ1RfVFlQRS4uQzMuMzYwLmRhc2hfYmFzZWxpbmVfM192MSIsInhwdl9hc3NldF9pZCI6ODU2ODk3MzkwMDA0MzMzLCJhc3NldF9hZ2VfZGF5cyI6MjUyLCJ2aV91c2VjYXNlX2lkIjoxMDA5OSwiZHVyYXRpb25fcyI6NTAsInVybGdlbl9zb3VyY2UiOiJ3d3cifQ%3D%3D&ccb=17-1&vs=bcfc585dc5a396d1&_nc_vs=HBksFQIYUmlnX3hwdl9yZWVsc19wZXJtYW5lbnRfc3JfcHJvZC85MzQ0NEVBRjJFRkQ3NDMyMjlCRDYxMjJCNUZGQzI4MV92aWRlb19kYXNoaW5pdC5tcDQVAALIARIAFQIYR2lnX3hwdl9yZWVsc19wZXJtYW5lbnRfc3JfcHJvZC8xMTMzMDE0NzcyMjU1Mzk5XzM5NTY3OTM1MjQxMTQxMzMwODEubXA0FQICyAESACgAGAAbAogHdXNlX29pbAExEnByb2dyZXNzaXZlX3JlY2lwZQExFQAAJtqh0oj_1YUDFQIoAkMzLBdASTU_fO2RaBgSZGFzaF9iYXNlbGluZV8zX3YxEQB1AGXmnQEA&_nc_gid=kaMyW-ZtOk8Ur1L_Aal-xw&_nc_ss=7b289&_nc_zt=28&oh=00_Af9Xcv6r12xy8wyLHKtgU6plooNaoW5WbXV9u7kB083EoA&oe=6A344DC9 | Preview: https://scontent.fjai6-1.fna.fbcdn.net/v/t39.35426-6/724894362_1594613055330551_9185174589834756452_n.jpg?_nc_cat=111&ccb=1-7&_nc_sid=c53f8f&_nc_ohc=3JPVgiqGZiAQ7kNvwE7ZgO3&_nc_oc=Adpn8JuWeb6t2s_XrERFFwHbRptdGlmD2bgIjIpIBaL28Jo6jsfP3-jLXFfhZHP9bksOcxAjxkdmMizzD7ptmoZR&_nc_zt=14&_nc_ht=scontent.fjai6-1.fna&_nc_gid=kaMyW-ZtOk8Ur1L_Aal-xw&_nc_ss=7b289&oh=00_Af-MaA2vulMkzU67Hl5SRSfZWhgr77srgshygjbWLyD8hg&oe=6A383EA8,,,,,,,
1504458865025981,https://www.facebook.com/renomate.in1/,fb.me,https://www.facebook.com/renomate.in1/,,,,,+91 63029 70400,,,,106323818986794,http://fb.me/,Renomate ,https://www.facebook.com/ads/library/?id=1504458865025981,"Protect Your Loved Ones Without Blocking the View.

Premium Invisible Grills by Renomate.in
✔️ Child Safety
✔️ Modern Luxury Look
✔️ Rust-Free Stainless Steel Wire
✔️ Strong & Elegant Finish
✔️ Perfect for High-Rise Apartments

Free Site Visit Available in Hyderabad.
Call Now: 94038 92965",869,Get quote,fb.me,"FACEBOOK; INSTAGRAM; AUDIENCE_NETWORK",2026-06-04,2026-06-15,,Original: https://scontent.fjai6-1.fna.fbcdn.net/v/t39.35426-6/714147512_2071772016707631_1758206951178311981_n.jpg?_nc_cat=104&ccb=1-7&_nc_sid=c53f8f&_nc_ohc=y5MvPGws1yMQ7kNvwFKWgdF&_nc_oc=Adr9PBXSr-yqHaYEeq-5XKea1KIAvmbR6ENmjjGRhzX44kkCBGCsAny64sc6JClkNVdIpo_5RjK_czEZT_P8l4E2&_nc_zt=14&_nc_ht=scontent.fjai6-1.fna&_nc_gid=kaMyW-ZtOk8Ur1L_Aal-xw&_nc_ss=7b289&oh=00_Af9kOLhUkmZW7l82HfK0ZJsIytSNE4aLGM_RDpo6A_RbLA&oe=6A384580 | Resized: https://scontent.fjai6-1.fna.fbcdn.net/v/t39.35426-6/715651768_2449257205551925_2649439788634639264_n.jpg?stp=dst-jpg_s600x600_tt6&_nc_cat=110&ccb=1-7&_nc_sid=c53f8f&_nc_ohc=x11ol_p0TEUQ7kNvwHFcc4-&_nc_oc=AdqwtKDxH2W434rND__6PrsWJ8bIObYkp1OUAtq7a7W0vJYjfiXpN9uNCbVk_m45sYz1GeAZiqS_TC3xDO_Ul1pL&_nc_zt=14&_nc_ht=scontent.fjai6-1.fna&_nc_gid=kaMyW-ZtOk8Ur1L_Aal-xw&_nc_ss=7b289&oh=00_Af8_wbbu-l94cE6Sol7E2JJb5WF9YjgmCCe6nwb-C4Heaw&oe=6A385B48,,,,,,
990819590335859,https://www.facebook.com/allisonyogii/,api.whatsapp.com,https://www.facebook.com/allisonyogii/,,,,,,,,,100820472558804,https://api.whatsapp.com/send,Allisonyogi,https://www.facebook.com/ads/library/?id=990819590335859,"Your land could hold more value than you realise. 

Before deciding to sell, explore its development potential, joint venture opportunities, and long-term possibilities. 

Suitable for land parcels of 6 Guntha & above in Pune. Land owners, brokers & direct mandate holders are welcome to connect.",2,Send WhatsApp message,api.whatsapp.com,"FACEBOOK; INSTAGRAM; AUDIENCE_NETWORK; MESSENGER",2026-06-07,2026-06-16,,,"Your land could hold more value than you realise. 

Before deciding to sell, explore its development potential, joint venture opportunities, and long-term possibilities. 

Suitable for land parcels of 6 Guntha & above in Pune. Land owners, brokers & direct mandate holders are welcome to connect. || Your land could hold more value than you realise. 

Before deciding to sell, explore its development potential, joint venture opportunities, and long-term possibilities. 

Suitable for land parcels of 6 Guntha & above in Pune. Land owners, brokers & direct mandate holders are welcome to connect. || Your land could hold more value than you realise. 

Before deciding to sell, explore its development potential, joint venture opportunities, and long-term possibilities. 

Suitable for land parcels of 6 Guntha & above in Pune. Land owners, brokers & direct mandate holders are welcome to connect.",https://api.whatsapp.com/send || https://api.whatsapp.com/send || https://api.whatsapp.com/send,,Send WhatsApp Message || Send WhatsApp Message || Send WhatsApp Message,Original: https://scontent.fjai6-1.fna.fbcdn.net/v/t39.35426-6/718943044_834431819426724_8032181084876039876_n.jpg?_nc_cat=104&ccb=1-7&_nc_sid=c53f8f&_nc_ohc=TFL3eHbRHlEQ7kNvwHkVlG3&_nc_oc=Adpimw-qeveDF6Pn4zyL3qvtijgfu4o7ftTK8u3hQBEPNPEnt2ak1SajM14CiOCrg7kd_WTv90Fvob7LEv-xUXuZ&_nc_zt=14&_nc_ht=scontent.fjai6-1.fna&_nc_gid=kaMyW-ZtOk8Ur1L_Aal-xw&_nc_ss=7b289&oh=00_Af8oTJoh0nlfSjEgxXqW1PP9tqAfmvKycj4Zn6wLFyOPoA&oe=6A385636 | Resized: https://scontent.fjai6-1.fna.fbcdn.net/v/t39.35426-6/718043521_1891556011535577_5779011951414095640_n.jpg?stp=dst-jpg_s600x600_tt6&_nc_cat=111&ccb=1-7&_nc_sid=c53f8f&_nc_ohc=gNZBEHv3NpcQ7kNvwGCtNxH&_nc_oc=AdoWjqNtEhwHAZabRHzPeezVUtfi8XAFVZcA847NvsfID54ZCUqFeh8JsmWRkyIt8QusW0c2PZ6iznx2zaYz6ebl&_nc_zt=14&_nc_ht=scontent.fjai6-1.fna&_nc_gid=kaMyW-ZtOk8Ur1L_Aal-xw&_nc_ss=7b289&oh=00_Af9d4hqdXFTU0TvPqz2RMHv2n4SgGjOIdxcD09T2GISahw&oe=6A384D50 || Original: https://scontent.fjai6-1.fna.fbcdn.net/v/t39.35426-6/719804135_1332345274971921_1224243517445178927_n.jpg?_nc_cat=108&ccb=1-7&_nc_sid=c53f8f&_nc_ohc=XOG7oGYGFbYQ7kNvwEWEzOb&_nc_oc=AdqTwtsWyKkNh_B8i0R23CA-79ZT0OEq7QCCAy9Xz6t9YBEOKnblj-k0h2sWaUaKSsshLxPefTVskDWb2wWM-j17&_nc_zt=14&_nc_ht=scontent.fjai6-1.fna&_nc_gid=kaMyW-ZtOk8Ur1L_Aal-xw&_nc_ss=7b289&oh=00_Af9NgQB4Rmvb3N8kXi3IXsLnb5aG0rLnJcgMrJjL3Lgq5g&oe=6A38582C | Resized: https://scontent.fjai6-1.fna.fbcdn.net/v/t39.35426-6/719127127_2197868237733153_7300983914316361352_n.jpg?stp=dst-jpg_s600x600_tt6&_nc_cat=101&ccb=1-7&_nc_sid=c53f8f&_nc_ohc=5tjitBKOOwQQ7kNvwFEOrw_&_nc_oc=AdqwsuhXv9Kl_yVglilzJB7IaIlwX6v9pbnnzAKS7wfjnin7UZ00ye4zPbCeJ1WzHX8sNOSJrxV79wMoHtQGviGh&_nc_zt=14&_nc_ht=scontent.fjai6-1.fna&_nc_gid=kaMyW-ZtOk8Ur1L_Aal-xw&_nc_ss=7b289&oh=00_Af8L_D8wU3Sdb5zSJAlVeNQg67IYTj1V98vBCcWpQVIiOA&oe=6A385CB5 || Original: https://scontent.fjai6-1.fna.fbcdn.net/v/t39.35426-6/717777366_1010776821447026_3916969076183139238_n.jpg?_nc_cat=110&ccb=1-7&_nc_sid=c53f8f&_nc_ohc=350K2tmbGVcQ7kNvwHNKSkb&_nc_oc=Adp8CtoOT1AyM6N473400LCc_YY2iNRNGdU5Xu3dH8qBn1NkI-M1Hw45SdH2ZVPxr4ctbzOTzxRIzN0f3sEfenza&_nc_zt=14&_nc_ht=scontent.fjai6-1.fna&_nc_gid=kaMyW-ZtOk8Ur1L_Aal-xw&_nc_ss=7b289&oh=00_Af_cSU3UDUOO9LTyX9xYrBP3kno2SFqwK6u_uMJdso3LQQ&oe=6A382E11 | Resized: https://scontent.fjai6-1.fna.fbcdn.net/v/t39.35426-6/718659822_1660267315231728_9185221767119309134_n.jpg?stp=dst-jpg_s600x600_tt6&_nc_cat=100&ccb=1-7&_nc_sid=c53f8f&_nc_ohc=zPjTn1DTKR4Q7kNvwGVxf-2&_nc_oc=Adodv-Ia77cyOm2lNvoc7cpr2HM-TkTz6mdzN0qYKQjC37fVbzBZOtfIBZHpReDr-pW28-vGd_2rixlh-WLHCi_H&_nc_zt=14&_nc_ht=scontent.fjai6-1.fna&_nc_gid=kaMyW-ZtOk8Ur1L_Aal-xw&_nc_ss=7b289&oh=00_Af9F-oWp4uEP4EESPUMSzcuhcqtv7TBMr5o27Inl79fb2g&oe=6A385C63,
1002428135647284,https://www.facebook.com/MahaveerConstructionss/,fb.me,https://www.facebook.com/MahaveerConstructionss/,,,,sales@mahaveerconstructions.com,+91 79977 22931,,,,104673948645621,http://fb.me/,Mahaveer Constructions,https://www.facebook.com/ads/library/?id=1002428135647284,Luxury 3 & 4 BHK Flats in Attapur | Mahaveer Crystal Garden,11792,Book now,fb.me,"FACEBOOK; INSTAGRAM; AUDIENCE_NETWORK",2026-05-30,2026-06-15,,,"Welcome to Mahaveer Crystal Garden, a landmark luxury high-rise community in Attapur, Hyderabad, designed for peaceful yet premium living. 🏙️ G+35 Floors of Elegant Living 🏡 Luxury 3 & 4 BHK Apartments 🌿 5 Acres Gated Community 🏊 60,000 SFT Grand Clubhouse 🛕 In-Campus Shyam Baba & Jain Temples 🚗 Excellent Connectivity | Prime Location This isn’t just a home. It’s a lifestyle where faith, comfort, and modern design come together. 📞 Call Now: +91 9542 28 28 28 📍 Pillar No. 86, Attapur 🌐 www.mahaveerconstructions.com || World-Class Living, Redefined • G+35 iconic floors • 60,000 SFT grand clubhouse • 5 acres of premium community living • Top-tier amenities & a magnificent lobby ✅ HMDA Approved Project ✅ RERA Approved | RERA No. P0250004287 📊 A Legacy Built on Trust ✔ 115+ Projects Delivered ✔ 9 Million Sq. Ft. Completed Area ✔ 12,000+ Happy Residents ✔ 2 Landmark Projects Ongoing 📍 Prime Location: Pillar No. 86, Attapur 📞 Call: +91 9542 28 28 28 🌐 www.mahaveerconstructions.com Own a home that reflects your success. Live Royal. Live Mahaveer. 👑 #RoyalTower #MahaveerCrystalGar || Experience elevated living at Mahaveer Crystal Garden, offering luxury 3 & 4 BHK flats in Attapur, Hyderabad. Designed for modern families, these spacious homes feature premium interiors, world-class amenities, and excellent connectivity to key city hubs.  ✔ Prime Attapur location ✔ High-rise luxury living ✔ Premium amenities & green spaces ✔ Excellent connectivity via PVNR Expressway  📞 Book your site visit today and step into a refined lifestyle!",http://fb.me/ || http://fb.me/ || http://fb.me/,fb.me || fb.me || fb.me,Book Now || Book Now || Book Now,Original: https://scontent.fjai6-1.fna.fbcdn.net/v/t39.35426-6/710059230_2383006662109791_7501941838981890848_n.jpg?_nc_cat=106&ccb=1-7&_nc_sid=c53f8f&_nc_ohc=N9Tg-JcW_6oQ7kNvwEiJhxF&_nc_oc=AdobJ4Zkkey0VRlvDMlI7FV48PuB934Isj7MbGszUr0G8VZBGGPbecqixCXr1E4iWWekchI1TZFnXXXJpXwwDUJp&_nc_zt=14&_nc_ht=scontent.fjai6-1.fna&_nc_gid=1uDaHX8HU96EK16ZxddDdg&_nc_ss=7b289&oh=00_Af83g_12zLYQFGbgnNkUHZsdRjdz0uxCNn0Eoo4DvBvqzA&oe=6A385DF4 | Resized: https://scontent.fjai6-1.fna.fbcdn.net/v/t39.35426-6/711752532_26535730089461720_744917366085105823_n.jpg?stp=dst-jpg_s600x600_tt6&_nc_cat=111&ccb=1-7&_nc_sid=c53f8f&_nc_ohc=UmMxB8AXwqcQ7kNvwEClWEq&_nc_oc=AdpuJ0GsQdIc5Xwj14hUAWFBOPm6ckCwRmbKYHsdphnQrB_W7_IQRBTcps3l86lhu4DV7jyH527uLb09jlhZRuo4&_nc_zt=14&_nc_ht=scontent.fjai6-1.fna&_nc_gid=1uDaHX8HU96EK16ZxddDdg&_nc_ss=7b289&oh=00_Af-J7vHQppx-xJf1o-lY9Egy2NafvU1U_mydxUMgEhX3jg&oe=6A38388F || Original: https://scontent.fjai6-1.fna.fbcdn.net/v/t39.35426-6/710556507_984611924187989_1349400686195312681_n.jpg?_nc_cat=105&ccb=1-7&_nc_sid=c53f8f&_nc_ohc=E9pwJLUI3YoQ7kNvwExrtQh&_nc_oc=AdrosxFgYq2vgKJ7vR8Jz9qHyav_cPdihkdT2vhaKS7o8Z13_p9ILzknh0blt76Z2a8MlCwJR35DZTB0J2w3gPqW&_nc_zt=14&_nc_ht=scontent.fjai6-1.fna&_nc_gid=1uDaHX8HU96EK16ZxddDdg&_nc_ss=7b289&oh=00_Af-OEvr-XM3qEVHuKsSKdYuyIEleJrAnP3icTe2cxtHhoA&oe=6A3857A8 | Resized: https://scontent.fjai6-1.fna.fbcdn.net/v/t39.35426-6/710203330_984411607670561_48272561357506766_n.jpg?stp=dst-jpg_s600x600_tt6&_nc_cat=110&ccb=1-7&_nc_sid=c53f8f&_nc_ohc=L3RkqqcUGRkQ7kNvwEp46WT&_nc_oc=AdqGr-hmsUTChJX-1jOn1CzO2ZGm5KZ760VONg7lY0BPOJp6qS1JDpTo0GFHA4eA67w81bWA5MrK4BdxdnpTZusC&_nc_zt=14&_nc_ht=scontent.fjai6-1.fna&_nc_gid=1uDaHX8HU96EK16ZxddDdg&_nc_ss=7b289&oh=00_Af_hJpEr6CTJFMKiQDAYeUYuf1yM7oLOvaN-95DlYRHzEw&oe=6A3838E9 || Original: https://scontent.fjai6-1.fna.fbcdn.net/v/t39.35426-6/711686447_974072402296333_6871374825862150861_n.jpg?_nc_cat=110&ccb=1-7&_nc_sid=c53f8f&_nc_ohc=bzgKFwnvunkQ7kNvwFKe8mq&_nc_oc=AdpW-8tNavYyJoZgWujon-jDMMs-XAr_edAXOa5EbC9pU17OMcLY9ARqrtgx6cMuqdGW-XPMGNACVrnW-ztzsqGC&_nc_zt=14&_nc_ht=scontent.fjai6-1.fna&_nc_gid=1uDaHX8HU96EK16ZxddDdg&_nc_ss=7b289&oh=00_Af92rwKgST3lQU2gj1X4jj1KqV9RezTld5A5pRQ5JvnPHg&oe=6A385BBE | Resized: https://scontent.fjai6-1.fna.fbcdn.net/v/t39.35426-6/709135078_1819994748977891_3530873478936368370_n.jpg?stp=dst-jpg_s600x600_tt6&_nc_cat=110&ccb=1-7&_nc_sid=c53f8f&_nc_ohc=FOu3cf4fTk8Q7kNvwHfHjI0&_nc_oc=AdoAZffyDmPHD-CZ5-rHCrYOxffXo0PR-ZbSTIQnRdOJEZ1qAcPkTBXjgsYnYQ_jMmRzZj1dur4NqC8Tc01TuzkK&_nc_zt=14&_nc_ht=scontent.fjai6-1.fna&_nc_gid=1uDaHX8HU96EK16ZxddDdg&_nc_ss=7b289&oh=00_Af-Q2pagW_8qJRK2s031YKl6NuUJwWRmSoj9rO_t8_vZkw&oe=6A383B5E,
1753046122352219,https://www.facebook.com/Bobbie-Manpreet-Singh-1204689846051411/,api.whatsapp.com,https://www.facebook.com/Bobbie-Manpreet-Singh-1204689846051411/,,,,,,,,,1204689846051411,https://api.whatsapp.com/send,Bobbie Manpreet Singh,https://www.facebook.com/ads/library/?id=1753046122352219,"Premium High-Rise Apartments Reputed Group already delivered many projects

Built with Advanced MIVAN Construction Technology

📍 Prime Location: Near Sec 20 Panchkula PeerMuchalla Chandigarh Zrk

🏠 3 BHK & 3+1 BHK Luxury Apartments
📐 Area: 1721 Sq. Ft.
💰 Price Starts From: ₹1.05 Crore
⏳ Possession Timeline
✅ Tower 3 & 4: Within 3–4 Months
✅ Tower 1 & 2: Expected in 2027
🌟 Project Highlights
✔️ IIT Roorkee Approved Structure
✔️ RERA Approved Project
✔️ Construction in Full Swing
✔️ Families Already Residing in the Township
✔️ Loan Facility Available from SBI, PNB, UCO Bank, Bank of Baroda & Other Leading Banks
✔️ 9 Acres Township | 12 Towers | 472 Apartments
✔️ 1.5 Acres Landscaped Green Park
✔️ Grand Earth Club (Approx. 11,000 Sq. Ft.)
✔️ Premium Lifestyle & Luxury Amenities
🏊 Lifestyle Amenities
🏊 Swimming Pool
🏸 Badminton Court
🏀 Basketball Court
💪 Modern Gymnasium
🏛️ Clubhouse
📶 Wi-Fi Enabled Campus
🎮 Indoor & Outdoor Games
💧 24×7 Water Supply
🔒 Safety & Convenience
🏫 Close to Top Schools, Colleges & Hospitals
🔒 3-Tier Security System
📹 CCTV Surveillance
⚡ 24×7 Power Backup
🏡 Own Your Dream Home Today!
Invest with one of the region's most trusted builders known for quality construction and timely delivery.

📞 Call / WhatsApp: 9858506792

Luxury Living • Prime Location • Smart Investment
✨ Book Your Site Visit Today! ✨",,Send WhatsApp message,api.whatsapp.com,"FACEBOOK; INSTAGRAM; AUDIENCE_NETWORK; MESSENGER; WHATSAPP",2026-06-16,2026-06-17,HD: https://video.fjai6-1.fna.fbcdn.net/o1/v/t2/f2/m366/AQOumo3ezDhCZwK-c514KKZuIAVp2WI7gXw-FlD7TX-tdvTl_wpCdQFGDtEaEMseR-r99NmF-Ab-d1eZmMNu3RQECDfvPxKdHJCG5_0kDPt7ng.mp4?_nc_cat=104&_nc_oc=Adrx_IMBGY2nIzNVKK2vyyYZPefS97tcmkWjKOBt55Ebn9V1HObtw16w4eQgFwCvJ9sNX2_aNalUkKQjJcEx_5_2&_nc_sid=b66105&_nc_ht=video.fjai6-1.fna.fbcdn.net&_nc_ohc=dHlfSHcJ65MQ7kNvwEbCZYc&efg=eyJ2ZW5jb2RlX3RhZyI6Inhwdl9wcm9ncmVzc2l2ZS5WSV9VU0VDQVNFX1BST0RVQ1RfVFlQRS4uQzMuNDgwLmRhc2hfaDI2NC1iYXNpYy1nZW4yXzcyMHAiLCJ4cHZfYXNzZXRfaWQiOjE3Mjc5OTEyODQ4OTQ4NzksImFzc2V0X2FnZV9kYXlzIjoxMiwidmlfdXNlY2FzZV9pZCI6MTAxMzksImR1cmF0aW9uX3MiOjM0LCJ1cmxnZW5fc291cmNlIjoid3d3In0%3D&ccb=17-1&vs=2607cb0b03a3a566&_nc_vs=HBksFQIYRWZiX2VwaGVtZXJhbC83ODQ3QTlGRDkzOTY4MEI1MTBENUYxQTNBMjAyRjhBOV9tdF8xX3ZpZGVvX2Rhc2hpbml0Lm1wNBUAAsgBEgAVAhhAZmJfcGVybWFuZW50LzhDNERFRTk3MEMwNzM4M0EwRURBNDYwNkUwNDZEQTlDX2F1ZGlvX2Rhc2hpbml0Lm1wNBUCAsgBEgAoABgAGwKIB3VzZV9vaWwBMRJwcm9ncmVzc2l2ZV9yZWNpcGUBMRUAACa-srCrquaRBhUCKAJDMywXQEFrhR64UewYGWRhc2hfaDI2NC1iYXNpYy1nZW4yXzcyMHARAHUAZbaeAQA&_nc_gid=1uDaHX8HU96EK16ZxddDdg&_nc_ss=7b289&_nc_zt=28&oh=00_Af9rRLSGuKJH2wQtgo7xBATW8UExfp9cWz7liLWplOeHbg&oe=6A38405C | SD: https://video.fjai6-1.fna.fbcdn.net/o1/v/t2/f2/m412/AQPdfgrBpwXuGvN3woU1KnJHmna-UG6dpa-wEgx6S4X1jElDfvvQaVGq18P8AAuQFP1tpwk0bx_Rfq4Q64RHLD9tJIQG14e9KvqFrYmSFA.mp4?_nc_cat=106&_nc_oc=AdpYHERUFCpSHVklxjojxNlrsztloBqe7RY5OQprHWlT-v1xyG7tuJ6p7uosQoxUjftqy9VD_P0EryWlHGIdjCt6&_nc_sid=ef5aa3&_nc_ht=video.fjai6-1.fna.fbcdn.net&_nc_ohc=a9RBj849nxEQ7kNvwGuU3Nh&efg=eyJ2ZW5jb2RlX3RhZyI6Inhwdl9wcm9ncmVzc2l2ZS5WSV9VU0VDQVNFX1BST0RVQ1RfVFlQRS4uQzMuMzYwLnN2ZV9zZCIsInhwdl9hc3NldF9pZCI6MTcyNzk5MTI4NDg5NDg3OSwiYXNzZXRfYWdlX2RheXMiOjEyLCJ2aV91c2VjYXNlX2lkIjoxMDEzOSwiZHVyYXRpb25fcyI6MzQsInVybGdlbl9zb3VyY2UiOiJ3d3cifQ%3D%3D&ccb=17-1&_nc_gid=1uDaHX8HU96EK16ZxddDdg&_nc_ss=7b289&_nc_zt=28&oh=00_Af_sEDdOpDy7G49MFAA5j1OaVwF1mXYhKHhay4Yc_42raA&oe=6A383B6C | Preview: https://scontent.fjai6-1.fna.fbcdn.net/v/t39.35426-6/725319258_942598422141196_6721062872722474366_n.jpg?_nc_cat=106&ccb=1-7&_nc_sid=c53f8f&_nc_ohc=fBQK40HEWuIQ7kNvwHT2e7n&_nc_oc=AdpZ9YSRpaL_WEQos23v7LC1bMBpe97IxD23NpYdYuY8i50e5ZEJUus5CfRkYmWS-rmojGnFXfa6wslOqW9UoVGw&_nc_zt=14&_nc_ht=scontent.fjai6-1.fna&_nc_gid=1uDaHX8HU96EK16ZxddDdg&_nc_ss=7b289&oh=00_Af8oDtYjmHhLW7GYs1XsJLo-15NVJE2GBHpNpH8mGDyARA&oe=6A384BA9,,,,,,,
1003493499204606,https://www.facebook.com/planetsprop/,fb.me,https://www.facebook.com/planetsprop/,,,,sales@planetsproperties.com,+91 99002 69744,,,,1131550356934743,http://fb.me/,Planets Properties - India,https://www.facebook.com/ads/library/?id=1003493499204606,"🏡 Godrej Properties presents a spectacular new landmark in South Bengaluru — Godrej Vanantara on Bannerghatta Road.
Spread across 35 acres of thoughtfully planned development, this premium township offers luxurious 2, 3, 3.5 & 4.5 BHK residences surrounded by lush greenery, open spaces, and world-class amenities.

✨ Highlights:
🌿 80% Open Spaces with 10 Acres of Green Zone
🏞️ 15,000 sq.ft Natural Pond & Temple Within the Community
🏢 3B + G + 31 Floors | Only 4 Residences Per Floor
🏏 40+ Premium Amenities Including Mini Cricket Ground

📍 Excellent Connectivity:
• 4 Minutes to NICE Road
• 9 Minutes to Upcoming Metro Station
• 15 Minutes to Meenakshi Mall
• 20 Minutes to Electronic City

Experience elevated living in one of South Bengaluru’s most anticipated launches.

📞 Enquire now for launch pricing, floor plans, and exclusive early-bird benefits.",2126,Sign up,fb.me,"FACEBOOK; INSTAGRAM; AUDIENCE_NETWORK",2026-06-10,2026-06-15,HD: https://video.fjai6-1.fna.fbcdn.net/o1/v/t2/f2/m366/AQMnaHLIKXx2TvJWOcrWHrHhdncImhP0WoXSR65Y8YXnWjSyxzUfcC7yX-AmRjFVsvPCOkRYM_xjdJb4V2JGXoXcpLN416v8xPSfOPiY7QfRCg.mp4?_nc_cat=109&_nc_oc=AdpATWOusgZvvzmt6hc-jf5SxUCdLlpH-RtTjRmGIg1w6sEovbpKNR2j93gLVrEjct3wphZrNqBVRicPQfeSGEzi&_nc_sid=b66105&_nc_ht=video.fjai6-1.fna.fbcdn.net&_nc_ohc=3pMA8Rfgs28Q7kNvwEaCinX&efg=eyJ2ZW5jb2RlX3RhZyI6Inhwdl9wcm9ncmVzc2l2ZS5WSV9VU0VDQVNFX1BST0RVQ1RfVFlQRS4uQzMuNzIwLmRhc2hfaDI2NC1iYXNpYy1nZW4yXzcyMHAiLCJ4cHZfYXNzZXRfaWQiOjIyMzUzNjY2MzA2NDY3NzQsImFzc2V0X2FnZV9kYXlzIjoyOCwidmlfdXNlY2FzZV9pZCI6MTA3OTksImR1cmF0aW9uX3MiOjQ3LCJ1cmxnZW5fc291cmNlIjoid3d3In0%3D&ccb=17-1&vs=e36d879773e2f740&_nc_vs=HBksFQIYRWZiX2VwaGVtZXJhbC8xNjQyQzIxQzk1QkEzNTBCQUNDMzExOEI3QTA3Mjk5QV9tdF8xX3ZpZGVvX2Rhc2hpbml0Lm1wNBUAAsgBEgAVAhhAZmJfcGVybWFuZW50LzJBNDVBOTRDQTQ3RkY1MDNGOTRDNEU3QTNBOUMzMEE0X2F1ZGlvX2Rhc2hpbml0Lm1wNBUCAsgBEgAoABgAGwKIB3VzZV9vaWwBMRJwcm9ncmVzc2l2ZV9yZWNpcGUBMRUAACbsj7Ofu8P4BxUCKAJDMywXQEfmZmZmZmYYGWRhc2hfaDI2NC1iYXNpYy1nZW4yXzcyMHARAHUAZd6oAQA&_nc_gid=1uDaHX8HU96EK16ZxddDdg&_nc_ss=7b289&_nc_zt=28&oh=00_Af-qKDsgRjysn9JlfqzGED6RB60Etn3if37BSVzT6XsJqw&oe=6A384697 | SD: https://video.fjai6-1.fna.fbcdn.net/o1/v/t2/f2/m412/AQOJ8NF0L7TGHFFW3th6igO4YwrRqL84SIT4WRxBukS1SjQRDc3FVRqnN1iS6TRN8gtzZOGcoOhUGHOgaGzUQ1kHqRxnJsbtGEwVswPwxA.mp4?_nc_cat=102&_nc_oc=AdohOVgQ6u1XsdZmRLs-B6yWfqoWunYxLtUROcezmFPNnXzXBFN7yJmuaJx8hDcvwLxFwAYPVTPgG5e7XOQvt-_v&_nc_sid=ef5aa3&_nc_ht=video.fjai6-1.fna.fbcdn.net&_nc_ohc=dthuG3FLvS0Q7kNvwHnAlxf&efg=eyJ2ZW5jb2RlX3RhZyI6Inhwdl9wcm9ncmVzc2l2ZS5WSV9VU0VDQVNFX1BST0RVQ1RfVFlQRS4uQzMuMzYwLnN2ZV9zZCIsInhwdl9hc3NldF9pZCI6MjIzNTM2NjYzMDY0Njc3NCwiYXNzZXRfYWdlX2RheXMiOjI4LCJ2aV91c2VjYXNlX2lkIjoxMDc5OSwiZHVyYXRpb25fcyI6NDcsInVybGdlbl9zb3VyY2UiOiJ3d3cifQ%3D%3D&ccb=17-1&_nc_gid=1uDaHX8HU96EK16ZxddDdg&_nc_ss=7b289&_nc_zt=28&oh=00_Af-Qq4jT4uqkupJPJQBHqjKKUVoePXphWb3AjQnwYPIhag&oe=6A385D70 | Preview: https://scontent.fjai6-1.fna.fbcdn.net/v/t39.35426-6/701664224_1341755141134166_4209604433102814652_n.jpg?_nc_cat=107&ccb=1-7&_nc_sid=c53f8f&_nc_ohc=HcDc8ff3p8MQ7kNvwF9sbTB&_nc_oc=AdqCE3-j7ZPLzqXkVoljc9TRrANxZzq0IvIfGKBcq72xr8kVsh1Wz5tG6IdZXJxpnul-rzXgSI7GyFhgb02wsM4-&_nc_zt=14&_nc_ht=scontent.fjai6-1.fna&_nc_gid=1uDaHX8HU96EK16ZxddDdg&_nc_ss=7b289&oh=00_Af_XNkTIQS478RKhGZaj-h1VmTFm5sLVN49yyMMRSF-fDg&oe=6A383F91,,,,,,,
2747357008984781,https://www.facebook.com/renomate.in1/,fb.me,https://www.facebook.com/renomate.in1/,,,,,+91 63029 70400,,,,106323818986794,http://fb.me/,Renomate ,https://www.facebook.com/ads/library/?id=2747357008984781,"Protect Your Loved Ones Without Blocking the View.

Premium Invisible Grills by Renomate.in
✔️ Child Safety
✔️ Modern Luxury Look
✔️ Rust-Free Stainless Steel Wire
✔️ Strong & Elegant Finish
✔️ Perfect for High-Rise Apartments

Free Site Visit Available in Hyderabad.
Call Now: 94038 92965",869,Get quote,fb.me,"FACEBOOK; INSTAGRAM; AUDIENCE_NETWORK",2026-06-07,2026-06-16,,Original: https://scontent.fjai6-1.fna.fbcdn.net/v/t39.35426-6/717442083_1507848390878274_7558679921622476608_n.jpg?_nc_cat=109&ccb=1-7&_nc_sid=c53f8f&_nc_ohc=zVQT_vxMiG0Q7kNvwH2ghyq&_nc_oc=AdoqI7OPyCBe6COsEYFhRLIN-Hy9QWqlbERxplvXV1hUkPsNqbV6tyxEN1KtL30ZS0MzCVG7q_HhE8FXiUCBVuG_&_nc_zt=14&_nc_ht=scontent.fjai6-1.fna&_nc_gid=sGUBGsoA2VFAhcHNvmS09Q&_nc_ss=7b289&oh=00_Af9PkOu54gICJuHDJE7sLqKesC2bx15dRyxfbIKzjOqL6Q&oe=6A385007 | Resized: https://scontent.fjai6-1.fna.fbcdn.net/v/t39.35426-6/716765717_1646095036689358_5844461317001016794_n.jpg?stp=dst-jpg_s600x600_tt6&_nc_cat=106&ccb=1-7&_nc_sid=c53f8f&_nc_ohc=V9QXSjuYOtkQ7kNvwF8r1VE&_nc_oc=AdrMw0nHG9GXGzIaVS-AUbBITLRtJoV8FLcc8uS_Aj_kvATymFj9KlQ-XQQhkk9jX9Oc8JDbVxzwL4DAH41gcQKr&_nc_zt=14&_nc_ht=scontent.fjai6-1.fna&_nc_gid=sGUBGsoA2VFAhcHNvmS09Q&_nc_ss=7b289&oh=00_Af9g5qfWXVH6YlWEEd1VuPDf3q1iRpjiFow05WfZHoL5_A&oe=6A3851A7,,,,,,
1227094102770467,https://www.facebook.com/jsbrealtors/,fb.me,https://www.facebook.com/jsbrealtors/,,,,gaurav.ch1210@gmail.com,+91 98116 66041,,,,986149604573752,http://fb.me/,JSB Realtors,https://www.facebook.com/ads/library/?id=1227094102770467,"Live the Italian legacy. 🇮🇹 Presenting India’s 1st Tonino Lamborghini Residences by Signature Global in Sector 71, Gurugram. Ultra-luxury 3, 4 & 4.5 BHK high-rise apartments designed for the elite.",59,Learn more,fb.me,"FACEBOOK; INSTAGRAM",2026-06-16,2026-06-16,,,"Ultra-Luxury in Sector 71, Gurugram || Sprawling Spaces from 2,400 Sq. Ft. || Designed by Tonino Lamborghini",http://fb.me/ || http://fb.me/ || http://fb.me/,fb.me || fb.me || fb.me,Learn More || Learn More || Learn More,Original: https://scontent.fjai6-1.fna.fbcdn.net/v/t39.35426-6/723824560_1529003229224622_9070665827987815602_n.jpg?_nc_cat=101&ccb=1-7&_nc_sid=c53f8f&_nc_ohc=2y76o4TNKREQ7kNvwH_Jdg8&_nc_oc=AdrNT8Xbdw4hzw2XdwHLu63uNI-akIJTTgVAispZkuS6PkZFZBPLncCoKizf2jyG6Dwd403-avWtHxDYmCgU-25t&_nc_zt=14&_nc_ht=scontent.fjai6-1.fna&_nc_gid=sGUBGsoA2VFAhcHNvmS09Q&_nc_ss=7b289&oh=00_Af-fLJm8ewPde6XCzCyyN6rh8VuTHufSfpH6L2f64vF5aw&oe=6A384EF2 | Resized: https://scontent.fjai6-1.fna.fbcdn.net/v/t39.35426-6/723821453_2741292389577356_4262809250387522797_n.jpg?stp=dst-jpg_s600x600_tt6&_nc_cat=107&ccb=1-7&_nc_sid=c53f8f&_nc_ohc=t6IdoKCWfBcQ7kNvwGatOpY&_nc_oc=AdoPWYi6G-gPG9XvMD6mvKFcUtDXMuLfpRNAfEJnq4bjA-S-IenYza4wKcNloiAZ2W_JqpLxXwtMWmmfMtCKCG64&_nc_zt=14&_nc_ht=scontent.fjai6-1.fna&_nc_gid=sGUBGsoA2VFAhcHNvmS09Q&_nc_ss=7b289&oh=00_Af8tz4K90ffATG4jqP2XJD3j6Cto3mt5g3oOsA_ahAZX_w&oe=6A3842B1,HD: https://video.fjai6-1.fna.fbcdn.net/o1/v/t2/f2/m366/AQPdbtItO-xeIW1HnsNLheSGbGJnZmI34cQ8TnKusHAIr9nOGAPFzXqEXXryjR7z3VYJZkp9SmOS4kv3NW4jzGa1EwXNJtconW8Vb_IchkSC4g.mp4?_nc_cat=106&_nc_oc=Adp1CvhjPXZxSPtX3u7-QHkDvdljVw12Er089ItzePt6TuiPCbatA47tSKGPflpCzkYFRn7UUP8BKhRinDIp_Eaa&_nc_sid=b66105&_nc_ht=video.fjai6-1.fna.fbcdn.net&_nc_ohc=YgRI02ngKjUQ7kNvwE0DdRH&efg=eyJ2ZW5jb2RlX3RhZyI6Inhwdl9wcm9ncmVzc2l2ZS5WSV9VU0VDQVNFX1BST0RVQ1RfVFlQRS4uQzMuNTc2LmRhc2hfaDI2NC1iYXNpYy1nZW4yXzcyMHAiLCJ4cHZfYXNzZXRfaWQiOjk4MDU2MTU2MTQwMDEzMiwiYXNzZXRfYWdlX2RheXMiOjgsInZpX3VzZWNhc2VfaWQiOjEwNzk5LCJkdXJhdGlvbl9zIjoxNSwidXJsZ2VuX3NvdXJjZSI6Ind3dyJ9&ccb=17-1&vs=7288168c80426df3&_nc_vs=HBksFQIYRWZiX2VwaGVtZXJhbC9FMzRFN0MwRkMyNzE0RUY4RDlDRDIxRTgyMTc2MkM5Nl9tdF8xX3ZpZGVvX2Rhc2hpbml0Lm1wNBUAAsgBEgAVAhhAZmJfcGVybWFuZW50Lzg1NEY1M0IyMTdEMkQ5RDYxNzAwMTEwNDlBOUZBNDg2X2F1ZGlvX2Rhc2hpbml0Lm1wNBUCAsgBEgAoABgAGwKIB3VzZV9vaWwBMRJwcm9ncmVzc2l2ZV9yZWNpcGUBMRUAACaIzeH4mPS9AxUCKAJDMywXQC4Q5WBBiTcYGWRhc2hfaDI2NC1iYXNpYy1nZW4yXzcyMHARAHUAZd6oAQA&_nc_gid=sGUBGsoA2VFAhcHNvmS09Q&_nc_ss=7b289&_nc_zt=28&oh=00_Af9bf4ofnsx7xP6OqgsE81zMemA2aUnQvfru9UPOGcjZfw&oe=6A384CB6 | SD: https://video.fjai6-1.fna.fbcdn.net/o1/v/t2/f2/m412/AQOZCARfkUkBzxx_Kx8-zQgIZZMk4M5rSMNSrk3zaWpZXVdQK2s6ZTT5_YAG4VhIit9sLQEP4qvRTY9VeQmJ7Eq12tq8VoqSFYA23OdJCA.mp4?_nc_cat=100&_nc_oc=AdqbdzPE8TPrwnGlcdheKeTyusZAwPhcWWOZGSbKw9_BfB90WmQ1SRok5VbX-k9vdbtauflHGImYGbBb2PdezPJ-&_nc_sid=ef5aa3&_nc_ht=video.fjai6-1.fna.fbcdn.net&_nc_ohc=TqWi1CT-xS4Q7kNvwHwtLnu&efg=eyJ2ZW5jb2RlX3RhZyI6Inhwdl9wcm9ncmVzc2l2ZS5WSV9VU0VDQVNFX1BST0RVQ1RfVFlQRS4uQzMuMzYwLnN2ZV9zZCIsInhwdl9hc3NldF9pZCI6OTgwNTYxNTYxNDAwMTMyLCJhc3NldF9hZ2VfZGF5cyI6OCwidmlfdXNlY2FzZV9pZCI6MTA3OTksImR1cmF0aW9uX3MiOjE1LCJ1cmxnZW5fc291cmNlIjoid3d3In0%3D&ccb=17-1&_nc_gid=sGUBGsoA2VFAhcHNvmS09Q&_nc_ss=7b289&_nc_zt=28&oh=00_Af_lI6K9IB7AM3QxrxEoOxjjPo5TSSSSHlV8keW71BjXqQ&oe=6A385E56 | Preview: https://scontent.fjai6-1.fna.fbcdn.net/v/t39.35426-6/725085035_1807891680380042_5207696447762022359_n.jpg?_nc_cat=103&ccb=1-7&_nc_sid=c53f8f&_nc_ohc=WJSPK6JuBOIQ7kNvwFTcQ1g&_nc_oc=AdoqdkDhXtzn7fy5sN-If4sS9y5ZPxSnvZHJhGoy4UCJwBVuzl9zIhN7WcSnNkz8FFgw6QpKG_a16P86uieXCTej&_nc_zt=14&_nc_ht=scontent.fjai6-1.fna&_nc_gid=sGUBGsoA2VFAhcHNvmS09Q&_nc_ss=7b289&oh=00_Af8nodCEF2cTOKS9qZtKvkOa8oX75DYtKAVvnv6gvTdQRg&oe=6A38520D || HD: https://video.fjai6-1.fna.fbcdn.net/o1/v/t2/f2/m366/AQNjyVVXBksRV8G8-56xQLh9Cq6CqypKbeVOm2MMdxQr1eAh7zd1tBmmDd2xG1GdFeY6jjqJHEdH5MTi6fyqGd07NcP33IjhS79i27MxkFZABg.mp4?_nc_cat=104&_nc_oc=Ado9Eq9fI-tTZiKnZ2o6pByKhSvKLzSZK_aN_JrMzuhp1SH97SOyRGhRroSAfFg0lhjjWR9uCHXVzjfQtFWD8CLz&_nc_sid=b66105&_nc_ht=video.fjai6-1.fna.fbcdn.net&_nc_ohc=9rKyEwU-4HEQ7kNvwE2--wL&efg=eyJ2ZW5jb2RlX3RhZyI6Inhwdl9wcm9ncmVzc2l2ZS5WSV9VU0VDQVNFX1BST0RVQ1RfVFlQRS4uQzMuNTc2LmRhc2hfaDI2NC1iYXNpYy1nZW4yXzcyMHAiLCJ4cHZfYXNzZXRfaWQiOjI3NTkxMzY4NDA3MTQ4MjE1LCJhc3NldF9hZ2VfZGF5cyI6OCwidmlfdXNlY2FzZV9pZCI6MTA3OTksImR1cmF0aW9uX3MiOjI2LCJ1cmxnZW5fc291cmNlIjoid3d3In0%3D&ccb=17-1&vs=8896706329e92c19&_nc_vs=HBksFQIYRWZiX2VwaGVtZXJhbC82OTQ2MzZFMzY5RDgxMDZCRTBCNzAxMzdFMTg3Q0Y5MF9tdF8xX3ZpZGVvX2Rhc2hpbml0Lm1wNBUAAsgBEgAVAhhAZmJfcGVybWFuZW50Lzg2NEYxMkUyMUNFMzM4REExMUY0OTk4QzYyNzk2NThGX2F1ZGlvX2Rhc2hpbml0Lm1wNBUCAsgBEgAoABgAGwKIB3VzZV9vaWwBMRJwcm9ncmVzc2l2ZV9yZWNpcGUBMRUAACbumrOMgo2DYhUCKAJDMywXQDoUeuFHrhQYGWRhc2hfaDI2NC1iYXNpYy1nZW4yXzcyMHARAHUAZd6oAQA&_nc_gid=sGUBGsoA2VFAhcHNvmS09Q&_nc_ss=7b289&_nc_zt=28&oh=00_Af9DcuTYXypSVAIWSEXZzEyVyT0VLuZtuMG8sUrc9msKjQ&oe=6A3848A4 | SD: https://video.fjai6-1.fna.fbcdn.net/o1/v/t2/f2/m412/AQOdDQPdZG6TVry48dh599TEqMgM6MsxBHdr68uxRl75fEKRSbRYBa3GTKYwSmU064gj22Q_CVI8YGt5mVbNEWlQaovHoCKUVfpIUPQEdw.mp4?_nc_cat=110&_nc_oc=AdqD87YxeB4fvVHHaWHBse4NPYQ-vDmpoKkxTirl5Nq_CYf-37uArzcjxJyXGFoxNNVGq0mt7LdDTFtXWJ-gXWUW&_nc_sid=ef5aa3&_nc_ht=video.fjai6-1.fna.fbcdn.net&_nc_ohc=TwI0TtBXAUwQ7kNvwFmuESr&efg=eyJ2ZW5jb2RlX3RhZyI6Inhwdl9wcm9ncmVzc2l2ZS5WSV9VU0VDQVNFX1BST0RVQ1RfVFlQRS4uQzMuMzYwLnN2ZV9zZCIsInhwdl9hc3NldF9pZCI6Mjc1OTEzNjg0MDcxNDgyMTUsImFzc2V0X2FnZV9kYXlzIjo4LCJ2aV91c2VjYXNlX2lkIjoxMDc5OSwiZHVyYXRpb25fcyI6MjYsInVybGdlbl9zb3VyY2UiOiJ3d3cifQ%3D%3D&ccb=17-1&_nc_gid=sGUBGsoA2VFAhcHNvmS09Q&_nc_ss=7b289&_nc_zt=28&oh=00_Af-3TC4rTb1wNop-ZavWVo7w2QhV5lUg3fBnzgovgwZF3A&oe=6A386390 | Preview: https://scontent.fjai6-1.fna.fbcdn.net/v/t39.35426-6/718816796_27499187966437975_3601041664454293547_n.jpg?_nc_cat=110&ccb=1-7&_nc_sid=c53f8f&_nc_ohc=7ffRokDmepcQ7kNvwHD5xcw&_nc_oc=Adr3LHur2_eNTbyIP-hE7WxFBb3tAH5ihL6fV6l1PkjV338nnUnc8Na0aJWWOK8Pb_JVI2sd_H6ua7IemkUZkLjT&_nc_zt=14&_nc_ht=scontent.fjai6-1.fna&_nc_gid=sGUBGsoA2VFAhcHNvmS09Q&_nc_ss=7b289&oh=00_Af8_KP_A9T30QqIZ_EhyMxc1Wy8elhXNGz5AW5usAIaD9g&oe=6A382FBB
1329180745429629,https://www.facebook.com/61586706040476/,fb.me,https://www.facebook.com/61586706040476/,,,,,,,,,923544437514593,http://fb.me/,Sarvbandhu Reality,https://www.facebook.com/ads/library/?id=1329180745429629,"Arvind Skycrest 📍 Bannerghatta Road, Bangalore
🏡 Premium 2, 3 & 4 BHK High-Rise Apartments
📐 Sizes from 1131 Sq.ft up to ~1944 Sq.ft
🌿 Forest-Front Living overlooking 250-Acre Reserve Forest
🏢 Iconic towers designed by Broadway Malyan
🏋️ 50+ Lifestyle Amenities with dedicated Health & Club Streets
🏗️ Crafted by Arvind SmartSpaces – 120-year legacy of Lalbhai Group

💰 Pre-launch pricing from ₹1.25 Cr onwards*
🟢 EOI Phase Live | Priority Allotment for Early Buyers

For complete project details and EOI information",2,Get offer,fb.me,"FACEBOOK; INSTAGRAM; AUDIENCE_NETWORK",2026-06-16,2026-06-17,HD: https://video.fjai6-1.fna.fbcdn.net/o1/v/t2/f2/m366/AQPoHpdu1FLvhFj_5nhPgGuaP3anUAhCkEg_ObPE_AiO0Bgdi4Q5tvxnGJTivwBkYWVBRvIEK_-aJqAq5U42VV-y8j2dUlMVX9g2wAXgNA2VpA.mp4?_nc_cat=108&_nc_oc=AdqyN70brlqna7rGEJHAhjw99vXfFIT_a8IiW1jlDn9ObL_AJtnkNUMkcBzPOvuInNd14QYb7oLKICkFPNo61Ncq&_nc_sid=b66105&_nc_ht=video.fjai6-1.fna.fbcdn.net&_nc_ohc=S_slUgAgY-QQ7kNvwEOfjdI&efg=eyJ2ZW5jb2RlX3RhZyI6Inhwdl9wcm9ncmVzc2l2ZS5WSV9VU0VDQVNFX1BST0RVQ1RfVFlQRS4uQzMuNzIwLmRhc2hfaDI2NC1iYXNpYy1nZW4yXzcyMHAiLCJ4cHZfYXNzZXRfaWQiOjgyODc3ODM3MDA4ODcwMiwiYXNzZXRfYWdlX2RheXMiOjUsInZpX3VzZWNhc2VfaWQiOjEwNzk5LCJkdXJhdGlvbl9zIjo0NywidXJsZ2VuX3NvdXJjZSI6Ind3dyJ9&ccb=17-1&vs=cb7629aeb281e03b&_nc_vs=HBksFQIYRWZiX2VwaGVtZXJhbC85RjQyNkZFRTA2MDQ2QzM5NzZDNjkyRkRFQkNBQTU5Ql9tdF8xX3ZpZGVvX2Rhc2hpbml0Lm1wNBUAAsgBEgAVAhhAZmJfcGVybWFuZW50L0FDNEIyMDExNTE1OEQzRUZBRDIzOUYzNUFENUE2NDg5X2F1ZGlvX2Rhc2hpbml0Lm1wNBUCAsgBEgAoABgAGwKIB3VzZV9vaWwBMRJwcm9ncmVzc2l2ZV9yZWNpcGUBMRUAACb8-8WFoPH4AhUCKAJDMywXQEeEOVgQYk4YGWRhc2hfaDI2NC1iYXNpYy1nZW4yXzcyMHARAHUAZd6oAQA&_nc_gid=sGUBGsoA2VFAhcHNvmS09Q&_nc_ss=7b289&_nc_zt=28&oh=00_Af_tgUW3MtKFrHiPF0ugqwW5eM2fPzuLvBZi5yWAaM9nvQ&oe=6A384058 | SD: https://video.fjai6-1.fna.fbcdn.net/o1/v/t2/f2/m412/AQN0LcGywRv0Inlt1fX7_58mQn63ttxOUdeHfBqu0hv1A6dZC5VtA-lJKQV1HBVMmVuPaR-r8vNoSYzzGpBPXCw94OeLVi5BHipJhKkZSw.mp4?_nc_cat=103&_nc_oc=AdqkpOqqsxixCt9PTOYzROrhjVHPSZg6141XPSNrmojWoRJq5DTWV7AHPgFPY79llUUkUCyU_52AX9TGogIfA2he&_nc_sid=ef5aa3&_nc_ht=video.fjai6-1.fna.fbcdn.net&_nc_ohc=FUt2xkDRds8Q7kNvwFteGS5&efg=eyJ2ZW5jb2RlX3RhZyI6Inhwdl9wcm9ncmVzc2l2ZS5WSV9VU0VDQVNFX1BST0RVQ1RfVFlQRS4uQzMuMzYwLnN2ZV9zZCIsInhwdl9hc3NldF9pZCI6ODI4Nzc4MzcwMDg4NzAyLCJhc3NldF9hZ2VfZGF5cyI6NSwidmlfdXNlY2FzZV9pZCI6MTA3OTksImR1cmF0aW9uX3MiOjQ3LCJ1cmxnZW5fc291cmNlIjoid3d3In0%3D&ccb=17-1&_nc_gid=sGUBGsoA2VFAhcHNvmS09Q&_nc_ss=7b289&_nc_zt=28&oh=00_Af_zhHQZAaRYU08S1_ifoin9l9dnIrtrmCXHu-5c4CH3wA&oe=6A3852FB | Preview: https://scontent.fjai6-1.fna.fbcdn.net/v/t39.35426-6/721466332_2578632125886743_4615952784894250119_n.jpg?_nc_cat=103&ccb=1-7&_nc_sid=c53f8f&_nc_ohc=xFpYpZDXdj8Q7kNvwEUrrNV&_nc_oc=AdqCAdeDKVpAygjWFPaDmeufh_CzlN6LOzN8buibWPgTASumUUZ333wD2jNLW36tgMoxCeY8xfNim_KkY7cb_G9-&_nc_zt=14&_nc_ht=scontent.fjai6-1.fna&_nc_gid=sGUBGsoA2VFAhcHNvmS09Q&_nc_ss=7b289&oh=00_Af-p_DUD4czH0iHzwlHS8MpYwTjbxCeGauyxzs8puAUtYw&oe=6A384793,,,,,,,
1670922900903443,https://www.facebook.com/61574371414298/,fb.me,https://www.facebook.com/61574371414298/,,,,sales@smdevelopersindia.com,+91 88844 45253,,,,1039095489290417,http://fb.me/,SM Developers ,https://www.facebook.com/ads/library/?id=1670922900903443,"Looking for premium gated community high-rise apartments near Whitefield, Bangalore? 🏙️ The Pre-Launch Expression of Interest (EOI) window is officially OPEN for SM Vertex by SM Developers at Sadaramangala, Whitefield.

Rising 36 floors across an expansive 20+ acre sports-centric enclave, this iconic township is designed flawlessly for elite tech professionals and corporate leaders who want to cut their daily commute to zero.

📐 The Vertex Advantage & Specs:

Elite Inventory: Premium 2, 3 & 4 BHK Luxury Layouts.

Streamlined Sizing: Layouts optimized from 1,223 Sq. Ft. to 2,215 Sq. Ft. Max.

Maximal Airflow: Structural engineering built for superior cross-ventilation with absolute zero space wastage.

🏆 The 3.3-Acre Stadium Lifestyle:
Step out onto a massive, integrated professional Cricket Stadium and a world-class luxury sports club right at your doorstep.

By submitting your digital EOI form today, you freeze exclusive early-bird pricing benefits and secure priority layout allotment before the public launch phase.

👇 Tap 'Learn More' to open your digital priority pass and join the shortlist instantly!",41,See details,fb.me,"FACEBOOK; INSTAGRAM; AUDIENCE_NETWORK",2026-06-13,2026-06-15,,,36 Floors | 3.3-Acre Cricket Stadium. Tap to pre-register. ||   ||   ||  ,http://fb.me/ || http://fb.me/ || http://fb.me/ || http://fb.me/,fb.me || fb.me || fb.me || fb.me,Learn More || Learn More || Learn More || Learn More,Original: https://scontent.fjai6-1.fna.fbcdn.net/v/t39.35426-6/723407060_1286796999886403_2478034951159934690_n.jpg?_nc_cat=110&ccb=1-7&_nc_sid=c53f8f&_nc_ohc=R_i-aG2PnfEQ7kNvwFJzQm9&_nc_oc=AdqL8pxSgmYTr_A8mFx9T94Tt40FqKdY9iINJHqvfHljZz9X6BzqAfY4hAQQwMfhBkFyCdlRKgeNMcGdHMVJUQhF&_nc_zt=14&_nc_ht=scontent.fjai6-1.fna&_nc_gid=wTz7BiQljMsoUJjWPz9mkw&_nc_ss=7b289&oh=00_Af_mf0svSaYRBIREpdSzdpkVW7tmYPfLcZOVgXT42Qn99Q&oe=6A384A53 | Resized: https://scontent.fjai6-1.fna.fbcdn.net/v/t39.35426-6/723190641_1522043142987486_3550125233274118431_n.jpg?stp=dst-jpg_s600x600_tt6&_nc_cat=108&ccb=1-7&_nc_sid=c53f8f&_nc_ohc=gb24diU1ExcQ7kNvwEk90_v&_nc_oc=AdqvVcf6kkYSrMuEhONIORR2Z_yfnteQf-3ac_KxCeHAU8vP1FJ1Qq1q8FWwB0jnSG1QVzFem5UMXGrhQwQp96aw&_nc_zt=14&_nc_ht=scontent.fjai6-1.fna&_nc_gid=wTz7BiQljMsoUJjWPz9mkw&_nc_ss=7b289&oh=00_Af_eudJUKhyNdH6CfFRbVgZ1wmZJhaAEQGY1oGxX1lisWA&oe=6A384C25 || Original: https://scontent.fjai6-1.fna.fbcdn.net/v/t39.35426-6/719585184_2412640862591980_3291229598246444384_n.jpg?_nc_cat=103&ccb=1-7&_nc_sid=c53f8f&_nc_ohc=JUMk-1zyriYQ7kNvwEwoHKe&_nc_oc=AdruXJJxXLgEmx3z_sd9a42oF-mwvCcn5mc9xpJgPuFLu7D9nlM5Nm8DQbdDu9oMgw303AMYNNC0deXODyJrxmNq&_nc_zt=14&_nc_ht=scontent.fjai6-1.fna&_nc_gid=wTz7BiQljMsoUJjWPz9mkw&_nc_ss=7b289&oh=00_Af_P_2fm1g5o5OKxbeoi8W2ym_c989bda6lg9EYwWLNsYQ&oe=6A38392F | Resized: https://scontent.fjai6-1.fna.fbcdn.net/v/t39.35426-6/720602902_1538293561131927_4110549712596585134_n.jpg?stp=dst-jpg_s600x600_tt6&_nc_cat=102&ccb=1-7&_nc_sid=c53f8f&_nc_ohc=wYyAIrl12GEQ7kNvwFXnJKW&_nc_oc=AdrlZt8tDTZDaEXpKzzOAm0l7IRv4ZlMNrDZcfpWI4-DuCVD222grZaiVp63yCaUbk7OE-GRKbWZEYZq-vAu02If&_nc_zt=14&_nc_ht=scontent.fjai6-1.fna&_nc_gid=wTz7BiQljMsoUJjWPz9mkw&_nc_ss=7b289&oh=00_Af_ORCwRcz9-zkbSsHz2xSKOh64ww3bpOesBlnMCeM9sbA&oe=6A384568 || Original: https://scontent.fjai6-1.fna.fbcdn.net/v/t39.35426-6/724000041_2040157546887489_8122483097467262192_n.jpg?_nc_cat=103&ccb=1-7&_nc_sid=c53f8f&_nc_ohc=CO21EYBH1kkQ7kNvwGPoufH&_nc_oc=AdpRXVjGEWGXIgwYfg252ciMbeU4yfz_v8x2N1Ls2VxoPhAkSX9hnLjcsQk71rRaENhWtmY6zOzyNLmQsLAEyP8m&_nc_zt=14&_nc_ht=scontent.fjai6-1.fna&_nc_gid=wTz7BiQljMsoUJjWPz9mkw&_nc_ss=7b289&oh=00_Af-_tpl4xPI7j_VZrhAr7nyhX4eW9vASYFo9x-Px6ntX6A&oe=6A384CEB | Resized: https://scontent.fjai6-1.fna.fbcdn.net/v/t39.35426-6/723664099_1693697408445776_5633169492990559859_n.jpg?stp=dst-jpg_s600x600_tt6&_nc_cat=111&ccb=1-7&_nc_sid=c53f8f&_nc_ohc=iI_ufAMViGMQ7kNvwFcD32o&_nc_oc=Ado3M0ptMnQirHuy0v2vTvkEtVyMLjquV42DtGF-3V60tEPWaEfqrLJ8FFClV_UMYxe4fKTqCCOIeJqNQJHTolt4&_nc_zt=14&_nc_ht=scontent.fjai6-1.fna&_nc_gid=wTz7BiQljMsoUJjWPz9mkw&_nc_ss=7b289&oh=00_Af-FvJVidZbLZQa6P-kNUuosNyUNfjI0n4_7972JMKJ-sg&oe=6A38302D || Original: https://scontent.fjai6-1.fna.fbcdn.net/v/t39.35426-6/723445074_1680471712895972_6868498068348070817_n.jpg?_nc_cat=108&ccb=1-7&_nc_sid=c53f8f&_nc_ohc=7mX2saBHQ-UQ7kNvwGZByW5&_nc_oc=AdpUwTNKHBtfkO7vdyUOFJ76Cl2XHoDSgBGZBrZBT9pTOPSHEpo4n9HiOd3Bor5HwEZigRPxyFDpO0gPJqPeGtQV&_nc_zt=14&_nc_ht=scontent.fjai6-1.fna&_nc_gid=wTz7BiQljMsoUJjWPz9mkw&_nc_ss=7b289&oh=00_Af8tR9rJ6_gaVFesUK1SklRCjtoU66lIfMD0G2GY0h_W-Q&oe=6A383814 | Resized: https://scontent.fjai6-1.fna.fbcdn.net/v/t39.35426-6/723608822_1547865720067752_1042972771714279616_n.jpg?stp=dst-jpg_s600x600_tt6&_nc_cat=107&ccb=1-7&_nc_sid=c53f8f&_nc_ohc=HtRpfhZ6XEAQ7kNvwHMCUVo&_nc_oc=AdrZfKD36MaxY4AxpF_EsWCn9ldjZRQtmBE06tw7yhnhSiGKkJdS_QnZNhzaPZM3ENa95SJbHdDAINaZ1GgDk5QU&_nc_zt=14&_nc_ht=scontent.fjai6-1.fna&_nc_gid=wTz7BiQljMsoUJjWPz9mkw&_nc_ss=7b289&oh=00_Af9BxMG6Z6_unv5aOyWHEAqeIUXT4yAJZjbd3e1M3leCtQ&oe=6A384839,
2563819044070993,https://www.facebook.com/61587243453123/,fb.me,https://www.facebook.com/61587243453123/,,,,zindalrahul@gmail.com,+91 97119 11661,,,,1022942697558212,http://fb.me/,Faridabad High Rise  Apartments,https://www.facebook.com/ads/library/?id=2563819044070993,"₹2.75 Cr+

Independent Builder Floor

Sector 16, HUDA Faridabad

A Home in Sector 16.

Request property details.",186,Learn more,fb.me,FACEBOOK,2026-06-16,2026-06-16,,Original: https://scontent.fjai6-1.fna.fbcdn.net/v/t39.35426-6/724143217_1841888610112296_1855795050861556068_n.jpg?_nc_cat=100&ccb=1-7&_nc_sid=c53f8f&_nc_ohc=1GPw6kN-_4oQ7kNvwFD9HKR&_nc_oc=Adre0qFGeaMHibN87wtlFsD8JQOx-YWO9lZly7bsktFM_ifTutIeVqHbrwqjo9LN4lnMiZRRtmB2kcwMzZK_ivZw&_nc_zt=14&_nc_ht=scontent.fjai6-1.fna&_nc_gid=wTz7BiQljMsoUJjWPz9mkw&_nc_ss=7b289&oh=00_Af_5k960Qs_I0pus7MoTDvfnWQ1FaWLsrb3A7FT1tfWCDw&oe=6A385BA3 | Resized: https://scontent.fjai6-1.fna.fbcdn.net/v/t39.35426-6/724706139_1793233952086522_5983215419339418907_n.jpg?stp=dst-jpg_s600x600_tt6&_nc_cat=106&ccb=1-7&_nc_sid=c53f8f&_nc_ohc=9FFd_SxuPdAQ7kNvwGa3Igl&_nc_oc=AdqRR0IAQgLxGziSCFIUSSlIYkLjvujGju2bduVjPPJRFetthT5RP8X0-h4yl5PLjSzWA3dP-2-_H-Vmc9192GyU&_nc_zt=14&_nc_ht=scontent.fjai6-1.fna&_nc_gid=wTz7BiQljMsoUJjWPz9mkw&_nc_ss=7b289&oh=00_Af8tYay50fQiGXn-2L3gzB1BvOb1BaekFu5nrTo7iOmIhw&oe=6A386378,,,,,,
2497253817441980,https://www.facebook.com/61589379093599/,fb.me,https://www.facebook.com/61589379093599/,,,,,,,,,1081687165034641,http://fb.me/,Luxury Property Fest In NCR,https://www.facebook.com/ads/library/?id=2497253817441980,"🏡 Explore Premium Property Opportunities Across India

Join an exclusive property showcase featuring projects from Vrindavan, Goa, Dehradun, Jhajjar & Pataudi.

📅 20th & 21st June 2026
📍 The Bristol Hotel, DLF Phase 1, Gurugram
⏰ 10 AM – 7 PM

✔ Villas, Farmhouses & Plots
✔ Holiday & Second Home Options
✔ One-to-One Property Consultation
✔ Compare Multiple Projects Under One Roof

Entry by Prior Appointment Only.

Book your consultation slot today.",25,Book now,fb.me,"FACEBOOK; INSTAGRAM; AUDIENCE_NETWORK",2026-06-16,2026-06-17,HD: https://video.fjai6-1.fna.fbcdn.net/o1/v/t2/f2/m366/AQPD80mylOhy7VlC1aVUaC5RI9OpU6aj6TPg9LNFREcCxfM1gQZRCy_S36_9-XR1WZsEx-0lwM2YXRb--Wb4LPYJQnmMdx8TlX5Tv5lVqV4k6g.mp4?_nc_cat=108&_nc_oc=Adq8_dUvF5wLpL8wjxT48A3ynTFY2UvYCVL4D9ZuizIQUCkOjN6Ezsn-Ge04KuqW4agbqFo9ptnxWBgr15SaayzT&_nc_sid=b66105&_nc_ht=video.fjai6-1.fna.fbcdn.net&_nc_ohc=Tf3uh0qJdoAQ7kNvwFJVSP3&efg=eyJ2ZW5jb2RlX3RhZyI6Inhwdl9wcm9ncmVzc2l2ZS5WSV9VU0VDQVNFX1BST0RVQ1RfVFlQRS4uQzMuNzIwLmRhc2hfaDI2NC1iYXNpYy1nZW4yXzcyMHAiLCJ4cHZfYXNzZXRfaWQiOjMyMTIzOTg4MjIyOTUwNTAsImFzc2V0X2FnZV9kYXlzIjowLCJ2aV91c2VjYXNlX2lkIjoxMDc5OSwiZHVyYXRpb25fcyI6NjEsInVybGdlbl9zb3VyY2UiOiJ3d3cifQ%3D%3D&ccb=17-1&vs=f25972408f8500c0&_nc_vs=HBksFQIYRWZiX2VwaGVtZXJhbC81MTQ2NTAwOUJFMjIyOTI2MDQyMjY4NUU4RDkwOUQ4MV9tdF8xX3ZpZGVvX2Rhc2hpbml0Lm1wNBUAAsgBEgAVAhhAZmJfcGVybWFuZW50L0ZGNDI0QjFGOTA1Rjc4MDIxOTIwMENDMjhBQ0U3Qzk5X2F1ZGlvX2Rhc2hpbml0Lm1wNBUCAsgBEgAoABgAGwKIB3VzZV9vaWwBMRJwcm9ncmVzc2l2ZV9yZWNpcGUBMRUAACaUmPCqnOq0CxUCKAJDMywXQE7EOVgQYk4YGWRhc2hfaDI2NC1iYXNpYy1nZW4yXzcyMHARAHUAZd6oAQA&_nc_gid=UmAwQ3e5s2g3d5cEtEkNTQ&_nc_ss=7b289&_nc_zt=28&oh=00_Af9Iy-fEUgiPsom6QkpAVfMlz_fFQYTQp8TAECE9uQ0XVw&oe=6A3849B4 | SD: https://video.fjai6-1.fna.fbcdn.net/o1/v/t2/f2/m412/AQNyBqM1Kxk2AbrbKXQMX8KIU-usj8PBQoMR84He3mfgggT01SoRSQfompBuX19oJDdcSi7w17aVEk6SFB3aFTqKUN0RtmjsR5ejpbtDMw.mp4?_nc_cat=111&_nc_oc=Adq1lSlhXJUmF9npxM7NVP5e7Q0ogRK-LTfgaT73O_qDxoc64QqsYgLw1cu9w1ttysw9Ji9qibsl4I8hTlpzx6Ot&_nc_sid=ef5aa3&_nc_ht=video.fjai6-1.fna.fbcdn.net&_nc_ohc=0-arhkHqHzkQ7kNvwGfecDa&efg=eyJ2ZW5jb2RlX3RhZyI6Inhwdl9wcm9ncmVzc2l2ZS5WSV9VU0VDQVNFX1BST0RVQ1RfVFlQRS4uQzMuMzYwLnN2ZV9zZCIsInhwdl9hc3NldF9pZCI6MzIxMjM5ODgyMjI5NTA1MCwiYXNzZXRfYWdlX2RheXMiOjAsInZpX3VzZWNhc2VfaWQiOjEwNzk5LCJkdXJhdGlvbl9zIjo2MSwidXJsZ2VuX3NvdXJjZSI6Ind3dyJ9&ccb=17-1&_nc_gid=UmAwQ3e5s2g3d5cEtEkNTQ&_nc_ss=7b289&_nc_zt=28&oh=00_Af8UuD_fjL4eFyQ8eNPjrF9rQ_61V8I_AM-9zEVdclrQUA&oe=6A386503 | Preview: https://scontent.fjai6-1.fna.fbcdn.net/v/t39.35426-6/723196966_2178410506036241_3409456517826296528_n.jpg?_nc_cat=101&ccb=1-7&_nc_sid=c53f8f&_nc_ohc=LMUuyzzpISIQ7kNvwEQ6GQL&_nc_oc=AdrZO5srCgmqFwAZlg8ZhveTHekOEnvSjLZWn5Y2M_Zdp10aWiHjo-Lp-FCLvdBzF059ry-M7KFQKqmGzCpR4G1j&_nc_zt=14&_nc_ht=scontent.fjai6-1.fna&_nc_gid=UmAwQ3e5s2g3d5cEtEkNTQ&_nc_ss=7b289&oh=00_Af-597TZVMk7poHQ3YI_YurW5yQrP3FnEoQaMxV-HiLOsA&oe=6A384715,,,,,,,
1301241982186275,https://www.facebook.com/primarkprojects/,fb.me,https://www.facebook.com/primarkprojects/,,,,sales@primarkprojects.in,+91 89519 81122,,,,1062757713825127,http://fb.me/,Primark Projects,https://www.facebook.com/ads/library/?id=1301241982186275,"Inspira in Miyapur is a ready-to-move-in high-rise community designed for modern city living, spread across 6 acres with 4 towers, 17 floors, and 884 elegant 2- and 3-BHK homes.

With seamless metro access, proximity to HITEC City and Gachibowli, and a 9 storey clubhouse with premium lifestyle amenities, this is a home you can step into today.

Book your dream home today.",1600,Book now,fb.me,"FACEBOOK; INSTAGRAM",2026-06-16,2026-06-17,HD: https://video.fjai6-1.fna.fbcdn.net/o1/v/t2/f2/m366/AQOuFjK00SfyMRhQYhSoyBkln35t5hMrxqJwqONggL8WYfTy5sxlimCqlVYxQ7-JqNe_7hoBoZqoBECDVmZzCE21YZgR37CMNWEjdFimEuqaNw.mp4?_nc_cat=106&_nc_oc=AdqS_T1Dqle_ISda51yirpCkIRxobGJxRUwrjkEPJKcV4MaSCXgH31grIjGDO03yOSgOFap91faX6xp1r0IRXpAy&_nc_sid=b66105&_nc_ht=video.fjai6-1.fna.fbcdn.net&_nc_ohc=0K3JWAQ-8GMQ7kNvwFb0RJE&efg=eyJ2ZW5jb2RlX3RhZyI6Inhwdl9wcm9ncmVzc2l2ZS5WSV9VU0VDQVNFX1BST0RVQ1RfVFlQRS4uQzMuNzIwLmRhc2hfaDI2NC1iYXNpYy1nZW4yXzcyMHAiLCJ4cHZfYXNzZXRfaWQiOjE2OTE3MDUzODUyODg4MDMsImFzc2V0X2FnZV9kYXlzIjo2LCJ2aV91c2VjYXNlX2lkIjoxMDc5OSwiZHVyYXRpb25fcyI6NjksInVybGdlbl9zb3VyY2UiOiJ3d3cifQ%3D%3D&ccb=17-1&vs=c2480f11372da642&_nc_vs=HBksFQIYRWZiX2VwaGVtZXJhbC9ENzRDOTNGMTE2QjczODUzREMzQjg5NTI0MTIyQTA4M19tdF8xX3ZpZGVvX2Rhc2hpbml0Lm1wNBUAAsgBEgAVAhhAZmJfcGVybWFuZW50LzlENEMzOUMzMjQxQUNFMUZGRDlFRDQ4NTBFNTY5REJBX2F1ZGlvX2Rhc2hpbml0Lm1wNBUCAsgBEgAoABgAGwKIB3VzZV9vaWwBMRJwcm9ncmVzc2l2ZV9yZWNpcGUBMRUAACbGkfCom6aBBhUCKAJDMywXQFFd0vGp--cYGWRhc2hfaDI2NC1iYXNpYy1nZW4yXzcyMHARAHUAZd6oAQA&_nc_gid=OoCuqPAWoTFZvzFNLKFswA&_nc_ss=7b289&_nc_zt=28&oh=00_Af_wVkZCBYLLuHPC-EJZB9d1w6Jmidzd9fKdSbuSFBY-cg&oe=6A385046 | SD: https://video.fjai6-1.fna.fbcdn.net/o1/v/t2/f2/m412/AQNrJsElFD_5qGJiOUgn8nRgzdc4CZs95fNetUJk5CJZQBsly6uZZXRNKGJqU6H8eKomdGAZ5uGXvvz5zFptKaRGazWAwspRvLx4wgVwYQ.mp4?_nc_cat=103&_nc_oc=AdpeTdADodhfNAT2Y6G4G68y3jqR8z0OscuICT6wDbmgG3T8dIAs2QtVkBiF4skPZewZGtv9L4M9XsDkvdMPtpTy&_nc_sid=ef5aa3&_nc_ht=video.fjai6-1.fna.fbcdn.net&_nc_ohc=ioIO1nnlhF8Q7kNvwFfbnW7&efg=eyJ2ZW5jb2RlX3RhZyI6Inhwdl9wcm9ncmVzc2l2ZS5WSV9VU0VDQVNFX1BST0RVQ1RfVFlQRS4uQzMuMzYwLnN2ZV9zZCIsInhwdl9hc3NldF9pZCI6MTY5MTcwNTM4NTI4ODgwMywiYXNzZXRfYWdlX2RheXMiOjYsInZpX3VzZWNhc2VfaWQiOjEwNzk5LCJkdXJhdGlvbl9zIjo2OSwidXJsZ2VuX3NvdXJjZSI6Ind3dyJ9&ccb=17-1&_nc_gid=OoCuqPAWoTFZvzFNLKFswA&_nc_ss=7b289&_nc_zt=28&oh=00_Af_zyr-gFAmSRFDkqJx1n9uwCZe5gCJadtR-11MWvPdnoA&oe=6A383B07 | Preview: https://scontent.fjai6-1.fna.fbcdn.net/v/t39.35426-6/720416597_1520440669722996_1642070148627215967_n.jpg?_nc_cat=104&ccb=1-7&_nc_sid=c53f8f&_nc_ohc=_9EkcKFdK8cQ7kNvwHyDAfz&_nc_oc=AdqbnvDbBaO4XEAPOvgK_VxL7ScAtKUlwbRlB07vqeO-q09Y2VaTvzcPGcEn3HSAMS4ZcACttN4g6oC1lMto5CK0&_nc_zt=14&_nc_ht=scontent.fjai6-1.fna&_nc_gid=OoCuqPAWoTFZvzFNLKFswA&_nc_ss=7b289&oh=00_Af-_-jL-Sdt3bX2VRCp-d9z3t-6gnvMHbCNp9v-kZAcKKg&oe=6A382FEE,,,,,,,