Ad Archive ID,Page Profile URI,Website URL,Facebook,Instagram,TikTok,YouTube,Email,Phone,Twitter,LinkedIn,Pinterest,Page ID,Link URL,Page Name,Facebook AD URL,Body Text,Page Like Count,CTA Text,Content (Caption),Publisher Platform,Start Date,End Date,Videos,Images,Cards Body,Cards Link URL,Cards Caption,Cards CTA Text,Cards Images,Cards Videos
1480151480523397,https://www.facebook.com/HiranandaniParksOragadam/,parkville.hiranandaniparks.com,https://www.facebook.com/HiranandaniParksOragadam/,,,,,,,,,979620852112007,https://parkville.hiranandaniparks.com/,Hiranandani Parks,https://www.facebook.com/ads/library/?id=1480151480523397,"Spacious Hiranandani POCKET-FRIENDLY Apts. near Oragadam, Chennai
2BHK Apartments Starting at ₹60 Lakhs + Taxes

✅ Spacious 1070Sq.ft POCKET-FRIENDLY Apts. with Balcony
✅ Distinctive design, Energy-efficient and Ventilated Homes
✅ Vaastu Compliant Homes with efficient planning
✅ Mixed Use integrated township
✅ Located at Oragadam , fast appreciating!

DTCP & Rera Registered 
Rera No. SWP/BPA/0125870/2024

Schedule a Site Visit Today",82220,Learn more,https://parkville.hiranandaniparks.com/,"FACEBOOK; INSTAGRAM; AUDIENCE_NETWORK; MESSENGER; THREADS",2026-05-15,2026-06-15,,,"Spacious Hiranandani POCKET-FRIENDLY Apts. near Oragadam, Chennai
2BHK Apartments Starting at ₹60 Lakhs + Taxes

✅ Spacious 1070Sq.ft POCKET-FRIENDLY Apts. with Balcony
✅ Distinctive design, Energy-efficient and Ventilated Homes
✅ Vaastu Compliant Homes with efficient planning
✅ Mixed Use integrated township
✅ Located at Oragadam , fast appreciating!

DTCP & Rera Registered 
Rera No. SWP/BPA/0125870/2024

Schedule a Site Visit Today || Spacious Hiranandani POCKET-FRIENDLY Apts. near Oragadam, Chennai
2BHK Apartments Starting at ₹60 Lakhs + Taxes

✅ Spacious 1070Sq.ft POCKET-FRIENDLY Apts. with Balcony
✅ Distinctive design, Energy-efficient and Ventilated Homes
✅ Vaastu Compliant Homes with efficient planning
✅ Mixed Use integrated township
✅ Located at Oragadam , fast appreciating!

DTCP & Rera Registered 
Rera No. SWP/BPA/0125870/2024

Schedule a Site Visit Today || Spacious Hiranandani POCKET-FRIENDLY Apts. near Oragadam, Chennai
2BHK Apartments Starting at ₹60 Lakhs + Taxes

✅ Spacious 1070Sq.ft POCKET-FRIENDLY Apts. with Balcony
✅ Distinctive design, Energy-efficient and Ventilated Homes
✅ Vaastu Compliant Homes with efficient planning
✅ Mixed Use integrated township
✅ Located at Oragadam , fast appreciating!

DTCP & Rera Registered 
Rera No. SWP/BPA/0125870/2024

Schedule a Site Visit Today || Spacious Hiranandani POCKET-FRIENDLY Apts. near Oragadam, Chennai
2BHK Apartments Starting at ₹60 Lakhs + Taxes

✅ Spacious 1070Sq.ft POCKET-FRIENDLY Apts. with Balcony
✅ Distinctive design, Energy-efficient and Ventilated Homes
✅ Vaastu Compliant Homes with efficient planning
✅ Mixed Use integrated township
✅ Located at Oragadam , fast appreciating!

DTCP & Rera Registered 
Rera No. SWP/BPA/0125870/2024

Schedule a Site Visit Today || Spacious Hiranandani POCKET-FRIENDLY Apts. near Oragadam, Chennai
2BHK Apartments Starting at ₹60 Lakhs + Taxes

✅ Spacious 1070Sq.ft POCKET-FRIENDLY Apts. with Balcony
✅ Distinctive design, Energy-efficient and Ventilated Homes
✅ Vaastu Compliant Homes with efficient planning
✅ Mixed Use integrated township
✅ Located at Oragadam , fast appreciating!

DTCP & Rera Registered 
Rera No. SWP/BPA/0125870/2024

Schedule a Site Visit Today",https://parkville.hiranandaniparks.com/ || https://parkville.hiranandaniparks.com/ || https://parkville.hiranandaniparks.com/ || https://parkville.hiranandaniparks.com/ || https://parkville.hiranandaniparks.com/,https://parkville.hiranandaniparks.com/ || https://parkville.hiranandaniparks.com/ || https://parkville.hiranandaniparks.com/ || https://parkville.hiranandaniparks.com/ || https://parkville.hiranandaniparks.com/,Learn More || Learn More || Learn More || Learn More || Learn More,Original: https://scontent.fjai6-1.fna.fbcdn.net/v/t39.35426-6/701312367_2041640446775838_832627200841539373_n.jpg?_nc_cat=110&ccb=1-7&_nc_sid=c53f8f&_nc_ohc=qzHqW4ValeMQ7kNvwFdnFQn&_nc_oc=AdoSw2V89_YJwVXq2TuNuNwEaZxwBOD107TLqkcqJI2pu7wFYXqNMe_p7_Fx6LaH_k0hrQbgIiZZdRqdfUP_Gqvu&_nc_zt=14&_nc_ht=scontent.fjai6-1.fna&_nc_gid=UhZ9zu3Yf-1MpAuQikjoqg&_nc_ss=7b289&oh=00_Af-fyNedXtwwqWvpksxUAiYSntPUgNyetrvMvB-KwET5Cg&oe=6A36BCBC | Resized: https://scontent.fjai6-1.fna.fbcdn.net/v/t39.35426-6/700762745_1544170453795876_1539344730329558472_n.jpg?stp=dst-jpg_s600x600_tt6&_nc_cat=105&ccb=1-7&_nc_sid=c53f8f&_nc_ohc=GzaXMG6D4PQQ7kNvwH3w_bj&_nc_oc=Adp-OUnljww7wCypj3ruoVMXyYMkhYaAKfcGJ6B8erVknZhmh1TDUFFLAROF7iWjOBMWuQwOtxbmfkmQT4MRJqnC&_nc_zt=14&_nc_ht=scontent.fjai6-1.fna&_nc_gid=UhZ9zu3Yf-1MpAuQikjoqg&_nc_ss=7b289&oh=00_Af-C4YzcaXDPge8t3YXwQTYEz_Sw6mxJoTARpOVAfIgOHQ&oe=6A36E4A9 || Original: https://scontent.fjai6-1.fna.fbcdn.net/v/t39.35426-6/700740163_27518195807766173_5503343400100889090_n.jpg?_nc_cat=102&ccb=1-7&_nc_sid=c53f8f&_nc_ohc=PbnLFPFVnX4Q7kNvwGCS6RF&_nc_oc=AdpgISX5_3CqIaDB-LhYzMP65upGv1i2ONRxcGSQVQy90TIq8dl3ISDZIchvG6yaqi2aVf_KZwfzowacYrkFWLcA&_nc_zt=14&_nc_ht=scontent.fjai6-1.fna&_nc_gid=UhZ9zu3Yf-1MpAuQikjoqg&_nc_ss=7b289&oh=00_Af-04BYcWkcEb0MJlyf88vGKasN154XTp_Lpd6fUn01phw&oe=6A36B3F5 | Resized: https://scontent.fjai6-1.fna.fbcdn.net/v/t39.35426-6/701184701_1373537007924939_5745858403652057617_n.jpg?stp=dst-jpg_s600x600_tt6&_nc_cat=104&ccb=1-7&_nc_sid=c53f8f&_nc_ohc=8OSMvcWvROkQ7kNvwH0Ynku&_nc_oc=Adqu5EdgWbORkjHMTay8ImsHk0n9XlBx4vb2Wky3DtQw5IKq9FKEplsQHL7cpCl0dtxZChqrgK4LBc_VRGrdkmdS&_nc_zt=14&_nc_ht=scontent.fjai6-1.fna&_nc_gid=UhZ9zu3Yf-1MpAuQikjoqg&_nc_ss=7b289&oh=00_Af-C0gUUte4orF8EG3orWjrA3_YW7KNJajAqzPLbxo7iyg&oe=6A36D7E0 || Original: https://scontent.fjai6-1.fna.fbcdn.net/v/t39.35426-6/700477278_2219320495553325_7613326438489789770_n.jpg?_nc_cat=109&ccb=1-7&_nc_sid=c53f8f&_nc_ohc=yccCTMX_UV4Q7kNvwEa6lB9&_nc_oc=AdqNiNzM7boDUC0r8rcCGVRmNOMiV6-zn5jTHl0hRDOjdlnPLfPe5HKdjxnJseKpAaP13ZSsnJzXWkWOqgLmEAY8&_nc_zt=14&_nc_ht=scontent.fjai6-1.fna&_nc_gid=UhZ9zu3Yf-1MpAuQikjoqg&_nc_ss=7b289&oh=00_Af-YcgiVm8d_8b0EBksk15MMCOWH-ePRgcVvYgMTrjcSMQ&oe=6A36E087 | Resized: https://scontent.fjai6-1.fna.fbcdn.net/v/t39.35426-6/699806831_2664325837301653_396573849317354816_n.jpg?stp=dst-jpg_s600x600_tt6&_nc_cat=101&ccb=1-7&_nc_sid=c53f8f&_nc_ohc=d56_EBR91IgQ7kNvwHiSpdp&_nc_oc=AdpoIqftudocvYWm9TsfDUren6M-cPcYy3xZ4cnpg5v7ClG4UazfnA2I7QMNzIjsNpuKQIS27dUm1yLzpKTv0tvs&_nc_zt=14&_nc_ht=scontent.fjai6-1.fna&_nc_gid=UhZ9zu3Yf-1MpAuQikjoqg&_nc_ss=7b289&oh=00_Af98U6ktPlz-o4y8OwGvbuc7GDTz1TIUYTHV8lNqDRPH-A&oe=6A36C9D2 || Original: https://scontent.fjai6-1.fna.fbcdn.net/v/t39.35426-6/700740163_27518195807766173_5503343400100889090_n.jpg?_nc_cat=102&ccb=1-7&_nc_sid=c53f8f&_nc_ohc=PbnLFPFVnX4Q7kNvwGCS6RF&_nc_oc=AdpgISX5_3CqIaDB-LhYzMP65upGv1i2ONRxcGSQVQy90TIq8dl3ISDZIchvG6yaqi2aVf_KZwfzowacYrkFWLcA&_nc_zt=14&_nc_ht=scontent.fjai6-1.fna&_nc_gid=UhZ9zu3Yf-1MpAuQikjoqg&_nc_ss=7b289&oh=00_Af-04BYcWkcEb0MJlyf88vGKasN154XTp_Lpd6fUn01phw&oe=6A36B3F5 | Resized: https://scontent.fjai6-1.fna.fbcdn.net/v/t39.35426-6/701184701_1373537007924939_5745858403652057617_n.jpg?stp=dst-jpg_s600x600_tt6&_nc_cat=104&ccb=1-7&_nc_sid=c53f8f&_nc_ohc=8OSMvcWvROkQ7kNvwH0Ynku&_nc_oc=Adqu5EdgWbORkjHMTay8ImsHk0n9XlBx4vb2Wky3DtQw5IKq9FKEplsQHL7cpCl0dtxZChqrgK4LBc_VRGrdkmdS&_nc_zt=14&_nc_ht=scontent.fjai6-1.fna&_nc_gid=UhZ9zu3Yf-1MpAuQikjoqg&_nc_ss=7b289&oh=00_Af-C0gUUte4orF8EG3orWjrA3_YW7KNJajAqzPLbxo7iyg&oe=6A36D7E0 || Original: https://scontent.fjai6-1.fna.fbcdn.net/v/t39.35426-6/699443445_3749302958541012_8477266922732586570_n.jpg?_nc_cat=102&ccb=1-7&_nc_sid=c53f8f&_nc_ohc=l5uMOiQ4cP8Q7kNvwHva4lM&_nc_oc=AdrgkHHoDPARA6iZ74uL4mp3IQAZr562NWO_V1wWFAFe9O8pZjT8ZgLb8XkKJSIqCXEnuMOOeqSIQ1Xyv_0OS4wh&_nc_zt=14&_nc_ht=scontent.fjai6-1.fna&_nc_gid=UhZ9zu3Yf-1MpAuQikjoqg&_nc_ss=7b289&oh=00_Af_gdziMISlk9XShj8cPQGwFIEboL0eLDdXZMm27KPPKkg&oe=6A36D5EE | Resized: https://scontent.fjai6-1.fna.fbcdn.net/v/t39.35426-6/701510063_1295688106092035_4467564533902760662_n.jpg?stp=dst-jpg_s600x600_tt6&_nc_cat=100&ccb=1-7&_nc_sid=c53f8f&_nc_ohc=ZW92NVohCY4Q7kNvwHZCtJm&_nc_oc=Adq_EUnA-TL7FpxUMfxlFWOS7pgzzvnuDa_utehL_Vl-voQRMqO00OQ1bPLTUi0O6XkN0IS6sR0-mU5690dWGp92&_nc_zt=14&_nc_ht=scontent.fjai6-1.fna&_nc_gid=UhZ9zu3Yf-1MpAuQikjoqg&_nc_ss=7b289&oh=00_Af-8HPCvFiFrOF6OAeDrnEkcgkU-uz6a5OjDbBrOL0abgA&oe=6A36C804,
1015884351320715,https://www.facebook.com/HiranandaniParksOragadam/,parkville.hiranandaniparks.com,https://www.facebook.com/HiranandaniParksOragadam/,,,,,,,,,979620852112007,https://parkville.hiranandaniparks.com/,Hiranandani Parks,https://www.facebook.com/ads/library/?id=1015884351320715,"Spacious Hiranandani POCKET-FRIENDLY Apts. near Oragadam, Chennai
2BHK Apartments Starting at ₹60 Lakhs + Taxes

✅ Spacious 1070Sq.ft POCKET-FRIENDLY Apts. with Balcony
✅ Distinctive design, Energy-efficient and Ventilated Homes
✅ Vaastu Compliant Homes with efficient planning
✅ Mixed Use integrated township
✅ Located at Oragadam , fast appreciating!

DTCP & Rera Registered 
Rera No. SWP/BPA/0125870/2024

Schedule a Site Visit Today",82220,Learn more,https://parkville.hiranandaniparks.com/,"FACEBOOK; INSTAGRAM; AUDIENCE_NETWORK; MESSENGER; THREADS",2026-05-16,2026-06-15,,Original: https://scontent.fjai6-1.fna.fbcdn.net/v/t39.35426-6/702084105_1461973959037618_2525476253926409510_n.jpg?_nc_cat=110&ccb=1-7&_nc_sid=c53f8f&_nc_ohc=36mTSQaVpi4Q7kNvwE_wipW&_nc_oc=Ado2ETL1_bbYzVGC6lSXDFt7dmseB3IT-N1HAY3uxgwWvUnBlN_upTWhP-VWqz7Y5ZjiBEuLNust-VwYukPrqQfe&_nc_zt=14&_nc_ht=scontent.fjai6-1.fna&_nc_gid=d4VTZoX8-E7cPRp18UICTw&_nc_ss=7b289&oh=00_Af-FNmvuGGnll0sExQORm1ZplSzDyKWpalORC3sDthpQEg&oe=6A36BF78 | Resized: https://scontent.fjai6-1.fna.fbcdn.net/v/t39.35426-6/700086801_1499001618517910_1662648710142292459_n.jpg?stp=dst-jpg_s600x600_tt6&_nc_cat=100&ccb=1-7&_nc_sid=c53f8f&_nc_ohc=DBuRdcMC4gIQ7kNvwE4ZHww&_nc_oc=AdqzQq9wviMvRmNF_4KdNLp8sMJi0Ve34Ji3sFH_1IwqeopJfi1LtjYO91HQtUPWZ31tVfzJ272FxG6Ah27hf9La&_nc_zt=14&_nc_ht=scontent.fjai6-1.fna&_nc_gid=d4VTZoX8-E7cPRp18UICTw&_nc_ss=7b289&oh=00_Af9Gdu3cpQEY4b1QN16REfmXIjzdEFDMRUXBBKtq9QvHcQ&oe=6A36C493,,,,,,
1644584730105350,https://www.facebook.com/doshihousing/,doshirisington.com,https://www.facebook.com/doshihousing/,,,,,,,,,215102308522325,https://www.doshirisington.com/campaign/?utm_source=facebook&utm_medium=paid&utm_campaign=VME,Doshi Housing,https://www.facebook.com/ads/library/?id=1644584730105350,"✨ Own your dream home at Karapakkam, OMR! ✨

Discover 2 & 3 BHK premium apartments at Doshi Risington 2.0 – where comfort meets convenience.
🏢 Starting from just ₹1.01 Cr*
🌟 Spacious lifestyle, modern amenities & prime OMR location.
🏗️ RERA Approved | Trusted by 3,500+ families
🌳 12.4-acre integrated township | Clubhouse | Pool | Landscaped Gardens

📍 Karapakkam, OMR – close to IT hubs, schools & hospitals.

✅ Limited-time festive offers – book your home now!
📞 Call: 8110862626",6194,Learn more,Doshirisington.com,"FACEBOOK; INSTAGRAM",2026-05-30,2026-06-05,HD: https://video.fjai6-1.fna.fbcdn.net/o1/v/t2/f2/m366/AQP7CBFN5Bg0XY5WF1bGu_kF1GLSsdEjN7-fdN1nV0llV4-mUc_NsSLY3GUhUNa4fmLdIGQIJaENhTnfj1bUxb1HFQhVfIIkLj7tpqIr8b3TBw.mp4?_nc_cat=100&_nc_oc=AdpjJUwy9aJwV8E05grTiDgxdNeAfVdK1wUlCyEfadQJOrEOTL3wG-qJ1bFfbUNmIw1N669bhAK-ZBuq7WRmAF7p&_nc_sid=b66105&_nc_ht=video.fjai6-1.fna.fbcdn.net&_nc_ohc=gr4PS2yVhzoQ7kNvwEtAj8B&efg=eyJ2ZW5jb2RlX3RhZyI6Inhwdl9wcm9ncmVzc2l2ZS5WSV9VU0VDQVNFX1BST0RVQ1RfVFlQRS4uQzMuNzIwLmRhc2hfaDI2NC1iYXNpYy1nZW4yXzcyMHAiLCJ4cHZfYXNzZXRfaWQiOjIxMTI2MTUyMjI4MjUwMjIsImFzc2V0X2FnZV9kYXlzIjo5NSwidmlfdXNlY2FzZV9pZCI6MTA3OTksImR1cmF0aW9uX3MiOjExOCwidXJsZ2VuX3NvdXJjZSI6Ind3dyJ9&ccb=17-1&vs=7375d439474b5b4c&_nc_vs=HBksFQIYRWZiX2VwaGVtZXJhbC84MDQ5NEQ2MTM5QjBGQjg2NzBCRURGMjVENDkxN0Y5MV9tdF8xX3ZpZGVvX2Rhc2hpbml0Lm1wNBUAAsgBEgAVAhhAZmJfcGVybWFuZW50LzYwNDdBN0UyRTg0OEM5NTlEMzlBNjlBQzEyRTdFQThBX2F1ZGlvX2Rhc2hpbml0Lm1wNBUCAsgBEgAoABgAGwKIB3VzZV9vaWwBMRJwcm9ncmVzc2l2ZV9yZWNpcGUBMRUAACb8wLr-sdrABxUCKAJDMywXQF2AAAAAAAAYGWRhc2hfaDI2NC1iYXNpYy1nZW4yXzcyMHARAHUAZd6oAQA&_nc_gid=d4VTZoX8-E7cPRp18UICTw&_nc_ss=7b289&_nc_zt=28&oh=00_Af8X2xMiygzrBwO0iHsnYX58vQmI_HvNFU40w26Qiks1bA&oe=6A36B90C | SD: https://video.fjai6-1.fna.fbcdn.net/o1/v/t2/f2/m412/AQPIetALAEB3gkYYwSWeQNE9Ty2RJo_nz_V0tz8p67NjoC03UD8bBHDhvMc3aJtPb7CV23_7or18vPuFCqJoRRAV3fqQldGyWcHSuIEU2w.mp4?_nc_cat=111&_nc_oc=AdpV3VMHRjeUicOZFWqTfA3BDr3QsR-SFqc_MOjYysi9ofKHI2SEOCzTshaTE3ChAoqfLgZxY7HAcjPP0hYwZ7lp&_nc_sid=ef5aa3&_nc_ht=video.fjai6-1.fna.fbcdn.net&_nc_ohc=K4tyUwEqb3YQ7kNvwF6Tcsi&efg=eyJ2ZW5jb2RlX3RhZyI6Inhwdl9wcm9ncmVzc2l2ZS5WSV9VU0VDQVNFX1BST0RVQ1RfVFlQRS4uQzMuMzYwLnN2ZV9zZCIsInhwdl9hc3NldF9pZCI6MjExMjYxNTIyMjgyNTAyMiwiYXNzZXRfYWdlX2RheXMiOjk1LCJ2aV91c2VjYXNlX2lkIjoxMDc5OSwiZHVyYXRpb25fcyI6MTE4LCJ1cmxnZW5fc291cmNlIjoid3d3In0%3D&ccb=17-1&_nc_gid=d4VTZoX8-E7cPRp18UICTw&_nc_ss=7b289&_nc_zt=28&oh=00_Af8n2vx-d_p1g1O5dWhx_RYYu2sHq3Ks1r4DXefjqr9FDw&oe=6A36C383 | Preview: https://scontent.fjai6-1.fna.fbcdn.net/v/t39.35426-6/651716376_2460506941051661_7211758487799671091_n.jpg?_nc_cat=100&ccb=1-7&_nc_sid=c53f8f&_nc_ohc=EN2F4dBLJVkQ7kNvwEX0Tuw&_nc_oc=AdrS1MA_FwhyIjbi2tKAxkhDLYLhGWAxA9r5ugnPlNlkwQvnhjvPb5yJjC2vrPcT6xsUlKjDFISsXgE4iazc1QK5&_nc_zt=14&_nc_ht=scontent.fjai6-1.fna&_nc_gid=d4VTZoX8-E7cPRp18UICTw&_nc_ss=7b289&oh=00_Af_lBFLuSXCyRCqjWM1FB1uvXz2n7r4JQzr8IT8lXqtopQ&oe=6A36DCBA,,,,,,,
1707994320225046,https://www.facebook.com/doshihousing/,doshirisington.com,https://www.facebook.com/doshihousing/,,,,,,,,,215102308522325,https://www.doshirisington.com/campaign/?utm_source=facebook&utm_medium=paid&utm_campaign=VME,Doshi Housing,https://www.facebook.com/ads/library/?id=1707994320225046,"✨ Own your dream home at Karapakkam, OMR! ✨

Discover 2 & 3 BHK premium apartments at Doshi Risington 2.0 – where comfort meets convenience.
🏢 Starting from just ₹1.01 Cr*
🌟 Spacious lifestyle, modern amenities & prime OMR location.
🏗️ RERA Approved | Trusted by 3,500+ families
🌳 12.4-acre integrated township | Clubhouse | Pool | Landscaped Gardens

📍 Karapakkam, OMR – close to IT hubs, schools & hospitals.

✅ Limited-time festive offers – book your home now!
📞 Call: 8110862626",6194,Learn more,Doshirisington.com,"FACEBOOK; INSTAGRAM",2026-06-01,2026-06-14,HD: https://video.fjai6-1.fna.fbcdn.net/o1/v/t2/f2/m366/AQP7CBFN5Bg0XY5WF1bGu_kF1GLSsdEjN7-fdN1nV0llV4-mUc_NsSLY3GUhUNa4fmLdIGQIJaENhTnfj1bUxb1HFQhVfIIkLj7tpqIr8b3TBw.mp4?_nc_cat=100&_nc_oc=AdpjJUwy9aJwV8E05grTiDgxdNeAfVdK1wUlCyEfadQJOrEOTL3wG-qJ1bFfbUNmIw1N669bhAK-ZBuq7WRmAF7p&_nc_sid=b66105&_nc_ht=video.fjai6-1.fna.fbcdn.net&_nc_ohc=gr4PS2yVhzoQ7kNvwEtAj8B&efg=eyJ2ZW5jb2RlX3RhZyI6Inhwdl9wcm9ncmVzc2l2ZS5WSV9VU0VDQVNFX1BST0RVQ1RfVFlQRS4uQzMuNzIwLmRhc2hfaDI2NC1iYXNpYy1nZW4yXzcyMHAiLCJ4cHZfYXNzZXRfaWQiOjIxMTI2MTUyMjI4MjUwMjIsImFzc2V0X2FnZV9kYXlzIjo5NSwidmlfdXNlY2FzZV9pZCI6MTA3OTksImR1cmF0aW9uX3MiOjExOCwidXJsZ2VuX3NvdXJjZSI6Ind3dyJ9&ccb=17-1&vs=7375d439474b5b4c&_nc_vs=HBksFQIYRWZiX2VwaGVtZXJhbC84MDQ5NEQ2MTM5QjBGQjg2NzBCRURGMjVENDkxN0Y5MV9tdF8xX3ZpZGVvX2Rhc2hpbml0Lm1wNBUAAsgBEgAVAhhAZmJfcGVybWFuZW50LzYwNDdBN0UyRTg0OEM5NTlEMzlBNjlBQzEyRTdFQThBX2F1ZGlvX2Rhc2hpbml0Lm1wNBUCAsgBEgAoABgAGwKIB3VzZV9vaWwBMRJwcm9ncmVzc2l2ZV9yZWNpcGUBMRUAACb8wLr-sdrABxUCKAJDMywXQF2AAAAAAAAYGWRhc2hfaDI2NC1iYXNpYy1nZW4yXzcyMHARAHUAZd6oAQA&_nc_gid=d4VTZoX8-E7cPRp18UICTw&_nc_ss=7b289&_nc_zt=28&oh=00_Af8X2xMiygzrBwO0iHsnYX58vQmI_HvNFU40w26Qiks1bA&oe=6A36B90C | SD: https://video.fjai6-1.fna.fbcdn.net/o1/v/t2/f2/m412/AQPIetALAEB3gkYYwSWeQNE9Ty2RJo_nz_V0tz8p67NjoC03UD8bBHDhvMc3aJtPb7CV23_7or18vPuFCqJoRRAV3fqQldGyWcHSuIEU2w.mp4?_nc_cat=111&_nc_oc=AdpV3VMHRjeUicOZFWqTfA3BDr3QsR-SFqc_MOjYysi9ofKHI2SEOCzTshaTE3ChAoqfLgZxY7HAcjPP0hYwZ7lp&_nc_sid=ef5aa3&_nc_ht=video.fjai6-1.fna.fbcdn.net&_nc_ohc=K4tyUwEqb3YQ7kNvwF6Tcsi&efg=eyJ2ZW5jb2RlX3RhZyI6Inhwdl9wcm9ncmVzc2l2ZS5WSV9VU0VDQVNFX1BST0RVQ1RfVFlQRS4uQzMuMzYwLnN2ZV9zZCIsInhwdl9hc3NldF9pZCI6MjExMjYxNTIyMjgyNTAyMiwiYXNzZXRfYWdlX2RheXMiOjk1LCJ2aV91c2VjYXNlX2lkIjoxMDc5OSwiZHVyYXRpb25fcyI6MTE4LCJ1cmxnZW5fc291cmNlIjoid3d3In0%3D&ccb=17-1&_nc_gid=d4VTZoX8-E7cPRp18UICTw&_nc_ss=7b289&_nc_zt=28&oh=00_Af8n2vx-d_p1g1O5dWhx_RYYu2sHq3Ks1r4DXefjqr9FDw&oe=6A36C383 | Preview: https://scontent.fjai6-1.fna.fbcdn.net/v/t39.35426-6/648486550_942260158326003_3050591187798351300_n.jpg?_nc_cat=101&ccb=1-7&_nc_sid=c53f8f&_nc_ohc=nlF9DaOZELgQ7kNvwELUJM-&_nc_oc=AdqWWNJmWxvCBhXzsmdiPTtLZQPgr3wOK5juie1vdU4p16_m5hU4admqUxucoY9g538Xo2-ncOFLraOcpvJalmPq&_nc_zt=14&_nc_ht=scontent.fjai6-1.fna&_nc_gid=d4VTZoX8-E7cPRp18UICTw&_nc_ss=7b289&oh=00_Af-LGkS3v9i6v0ynz_ZmO0_UNMkl2E2RsIzRY71c0ngvLQ&oe=6A36DBE1,,,,,,,
987487490539116,https://www.facebook.com/arvindinfrastructure/,fb.me,https://www.facebook.com/arvindinfrastructure/,,,,,,,,,925570300845452,http://fb.me/,Arvind SmartSpaces,https://www.facebook.com/ads/library/?id=987487490539116,"Premium Plots starting 45L+ at Arvind Aqua City in Kalyangadh.

✅ Premium 400 Sq. yd Plots. Pre-Booking Window now open.
✅ 500+ acre mega township with a breathtaking 30 Acre Central Lake
✅ 18-hole golf course & resort-style island living experience
✅ Grand clubhouse on a private island with world-class amenities
✅ Wellness-focused living with meditation zones & green landscapes

📍 Kalyangadh, Ahmedabad",31619,Learn more,fb.me,"FACEBOOK; INSTAGRAM",2026-05-21,2026-06-15,,,"Premium Plots starting 45L+ at Arvind Aqua City in Kalyangadh.

✅ Premium 400 Sq. yd Plots. Pre-Booking Window now open.
✅ 500+ acre mega township with a breathtaking 30 Acre Central Lake
✅ 18-hole golf course & resort-style island living experience
✅ Grand clubhouse on a private island with world-class amenities
✅ Wellness-focused living with meditation zones & green landscapes

📍 Kalyangadh, Ahmedabad || Premium Plots starting 45L+ at Arvind Aqua City in Kalyangadh.

✅ Premium 400 Sq. yd Plots. Pre-Booking Window now open.
✅ 500+ acre mega township with a breathtaking 30 Acre Central Lake
✅ 18-hole golf course & resort-style island living experience
✅ Grand clubhouse on a private island with world-class amenities
✅ Wellness-focused living with meditation zones & green landscapes

📍 Kalyangadh, Ahmedabad || Premium Plots starting 45L+ at Arvind Aqua City in Kalyangadh.

✅ Premium 400 Sq. yd Plots. Pre-Booking Window now open.
✅ 500+ acre mega township with a breathtaking 30 Acre Central Lake
✅ 18-hole golf course & resort-style island living experience
✅ Grand clubhouse on a private island with world-class amenities
✅ Wellness-focused living with meditation zones & green landscapes

📍 Kalyangadh, Ahmedabad",http://fb.me/ || http://fb.me/ || http://fb.me/,,Learn More || Learn More || Learn More,Original: https://scontent.fjai6-1.fna.fbcdn.net/v/t39.35426-6/704149739_2728961874153578_3968379683826994663_n.jpg?_nc_cat=101&ccb=1-7&_nc_sid=c53f8f&_nc_ohc=uVIQwOtFbmEQ7kNvwGfbNOi&_nc_oc=AdpGraLpEPDmeO7HT3qjjowoU6vl4ELAqrubbsjzPvkQx0UsqaMbzSkIh_WMswYfhg7ypE40pIhITCwGEfa6ch21&_nc_zt=14&_nc_ht=scontent.fjai6-1.fna&_nc_gid=UhZ9zu3Yf-1MpAuQikjoqg&_nc_ss=7b289&oh=00_Af8l1quE6vQIZvhECOBtMIeCw_kGJ44KcEDnAN4O_7xRDw&oe=6A36DCF5 | Resized: https://scontent.fjai6-1.fna.fbcdn.net/v/t39.35426-6/703032113_1000276485801283_574337435346178120_n.jpg?stp=dst-jpg_s600x600_tt6&_nc_cat=104&ccb=1-7&_nc_sid=c53f8f&_nc_ohc=agwau6-FRgEQ7kNvwHsDQWT&_nc_oc=AdrTDz9v4H6kqPqg0UWSOhfj48EACERrm6UKnGgf76KQ5hLnP1BvKa-TKJATkfToLDQmDstOZFt5DXstEluiHUyA&_nc_zt=14&_nc_ht=scontent.fjai6-1.fna&_nc_gid=UhZ9zu3Yf-1MpAuQikjoqg&_nc_ss=7b289&oh=00_Af9NcZlqfqlBswZMOkrcIUl0KpckyTXZOPPuqFfrqmoCIg&oe=6A36BA68 || Original: https://scontent.fjai6-1.fna.fbcdn.net/v/t39.35426-6/704732389_2170452616829277_5376215368064308002_n.jpg?_nc_cat=105&ccb=1-7&_nc_sid=c53f8f&_nc_ohc=lGq3k7Q_INoQ7kNvwEa5r9D&_nc_oc=AdqXni7iFzKBtc5IDEBrSrsPyxMSvHYi3RSg9x_bbqbaG3qj2CNfza219cphbgQ55odp1QcnWimS0gieY-j_FbPa&_nc_zt=14&_nc_ht=scontent.fjai6-1.fna&_nc_gid=UhZ9zu3Yf-1MpAuQikjoqg&_nc_ss=7b289&oh=00_Af81v3MrI3frgKssI-tf0rcmkeFSfp0asuw8-SaI7pNjVA&oe=6A36DFB0 | Resized: https://scontent.fjai6-1.fna.fbcdn.net/v/t39.35426-6/703702690_955944330746639_1920941254331592713_n.jpg?stp=dst-jpg_s600x600_tt6&_nc_cat=101&ccb=1-7&_nc_sid=c53f8f&_nc_ohc=J4guM8hW2qcQ7kNvwHEtOP-&_nc_oc=Adr0EMLrLBA2QbvRmWU9FgXd7qF6BFgQB8dYqxIMOnG888-6YfQzbCnQkGQrAwTSKViaB0UQgnOlpAfQsNNwpL1d&_nc_zt=14&_nc_ht=scontent.fjai6-1.fna&_nc_gid=UhZ9zu3Yf-1MpAuQikjoqg&_nc_ss=7b289&oh=00_Af_phFUz6xDcm0vs9oWv2fD30Oj7F-RAPivxFe8kiBFadQ&oe=6A36E325 || Original: https://scontent.fjai6-1.fna.fbcdn.net/v/t39.35426-6/704732389_2170452616829277_5376215368064308002_n.jpg?_nc_cat=105&ccb=1-7&_nc_sid=c53f8f&_nc_ohc=lGq3k7Q_INoQ7kNvwEa5r9D&_nc_oc=AdqXni7iFzKBtc5IDEBrSrsPyxMSvHYi3RSg9x_bbqbaG3qj2CNfza219cphbgQ55odp1QcnWimS0gieY-j_FbPa&_nc_zt=14&_nc_ht=scontent.fjai6-1.fna&_nc_gid=UhZ9zu3Yf-1MpAuQikjoqg&_nc_ss=7b289&oh=00_Af81v3MrI3frgKssI-tf0rcmkeFSfp0asuw8-SaI7pNjVA&oe=6A36DFB0 | Resized: https://scontent.fjai6-1.fna.fbcdn.net/v/t39.35426-6/703702690_955944330746639_1920941254331592713_n.jpg?stp=dst-jpg_s600x600_tt6&_nc_cat=101&ccb=1-7&_nc_sid=c53f8f&_nc_ohc=J4guM8hW2qcQ7kNvwHEtOP-&_nc_oc=Adr0EMLrLBA2QbvRmWU9FgXd7qF6BFgQB8dYqxIMOnG888-6YfQzbCnQkGQrAwTSKViaB0UQgnOlpAfQsNNwpL1d&_nc_zt=14&_nc_ht=scontent.fjai6-1.fna&_nc_gid=UhZ9zu3Yf-1MpAuQikjoqg&_nc_ss=7b289&oh=00_Af_phFUz6xDcm0vs9oWv2fD30Oj7F-RAPivxFe8kiBFadQ&oe=6A36E325,
1492388222219078,https://www.facebook.com/100093836321557/,fb.me,https://www.facebook.com/100093836321557/,,,,,,,,,116703961453228,http://fb.me/,Ultra Luxury Properties,https://www.facebook.com/ads/library/?id=1492388222219078,"Your Dream Home Awaits!
🏙️ India's Biggest Developer - Iconic Living Near India Gate
🏡 Prices Starting at ₹3.2 Cr | Luxury Meets Convenience*
🏦 Luxury 3&4 BHK Apartments

✨ Key Highlights

Just 20 minutes away from India Gate
Developed by one of India's Largest Listed Developers
Set within a 60-acre integrated township with premium amenities
📞 Book Your Exclusive Tour Today! Limited Units Available!",179,Get quote,fb.me,"FACEBOOK; INSTAGRAM",2026-01-22,2026-06-15,,Original: https://scontent.fjai6-1.fna.fbcdn.net/v/t39.35426-6/598633999_1996316347604615_2315479452102061175_n.jpg?_nc_cat=100&ccb=1-7&_nc_sid=c53f8f&_nc_ohc=gXKlH1-psUAQ7kNvwED8qFO&_nc_oc=AdqRKN_vEq03gJrpHdundyOIhHuL-Ru80cZVqSJa9v3WKijEz_q3_oAPUf-2VFGZOoisW8AT9KxDlsepDIvTQjy0&_nc_zt=14&_nc_ht=scontent.fjai6-1.fna&_nc_gid=d4VTZoX8-E7cPRp18UICTw&_nc_ss=7b289&oh=00_Af_pxsd9UCfQnt7vK8jJAm8OTqzOXNVCKuV-ITNl6virjQ&oe=6A36B79A | Resized: https://scontent.fjai6-1.fna.fbcdn.net/v/t39.35426-6/599831833_1172794331185061_3220635970555883041_n.jpg?stp=dst-jpg_s600x600_tt6&_nc_cat=105&ccb=1-7&_nc_sid=c53f8f&_nc_ohc=xTp9wQ8AHKEQ7kNvwHYNLke&_nc_oc=Adowcs8sJDVZrbjthuhM3bu04vrxRa50xThJzSIUJ8TY5muk_V_csYtyUiRgOSIRwjW98wu1sxQfsQWX0YKsn7xx&_nc_zt=14&_nc_ht=scontent.fjai6-1.fna&_nc_gid=d4VTZoX8-E7cPRp18UICTw&_nc_ss=7b289&oh=00_Af-KO3rOQSQEOmZ89ZiC7jPR-Q8M1iCrGpIwThhiTQYzMQ&oe=6A36C73F,,,,,,
1405013270951599,https://www.facebook.com/AishwaryamGroup/,aishwaryamanand.com,https://www.facebook.com/AishwaryamGroup/,,,,,,,,,338649319837174,https://aishwaryamanand.com/,Aishwaryam Group,https://www.facebook.com/ads/library/?id=1405013270951599,"Experience the Blockbuster Beginning of happiness at Aishwaryam Anand, Moshi. 

Own your dream home with exclusive launch prices in a premium township designed for modern living. 1 BHK Homes starting from ₹35.5 Lacs | 2 BHK Homes starting from ₹48 Lacs (All Inclusive). Project Highlights:

✅ 40 Lifestyle Amenities
✅ 25-Floor Supertall Towers
✅ Part of 30-Acre Integrated Township

📍 Prime Moshi Location with Excellent Connectivity",47060,Contact us,aishwaryamanand.com,"FACEBOOK; INSTAGRAM; AUDIENCE_NETWORK",2026-03-14,2026-06-12,,Original: https://scontent.fjai6-1.fna.fbcdn.net/v/t39.35426-6/651911623_966142559284612_4336764806418098864_n.jpg?_nc_cat=106&ccb=1-7&_nc_sid=c53f8f&_nc_ohc=97gKTCBR5FEQ7kNvwHsRcto&_nc_oc=AdrADAnRhTdf5OMVB3XH9npYeevJh5sI6uxXOMQHxsTF65qQKpBwFvkeGzDwgG1xD7Sem6lrn8MJ1gnSkoFp6VC4&_nc_zt=14&_nc_ht=scontent.fjai6-1.fna&_nc_gid=d4VTZoX8-E7cPRp18UICTw&_nc_ss=7b289&oh=00_Af9OzNQH2eIITSEPNY7lChN8rcmQPOFEutjoxol8ZLYvGQ&oe=6A36D7C9 | Resized: https://scontent.fjai6-1.fna.fbcdn.net/v/t39.35426-6/651223859_817683153958470_3137860060595732633_n.jpg?stp=dst-jpg_s600x600_tt6&_nc_cat=107&ccb=1-7&_nc_sid=c53f8f&_nc_ohc=BcQAMUNHgg8Q7kNvwEZuqYs&_nc_oc=AdqULLTOrtzPUsK1zwCsrxy_ds3JT15iL92jRlJ1JVcbkxoUvC2kDAxCaP-cZLsAZFV8If7XNhZdpZWa4UwxBGQ5&_nc_zt=14&_nc_ht=scontent.fjai6-1.fna&_nc_gid=d4VTZoX8-E7cPRp18UICTw&_nc_ss=7b289&oh=00_Af_wKUn0jnsQl17LV-9vZbkz6DBuW1SMpcRbIvzoeAhqaw&oe=6A36ADF3,,,,,,
2355995324910085,https://www.facebook.com/HiranandaniParksOragadam/,parkville.hiranandaniparks.com,https://www.facebook.com/HiranandaniParksOragadam/,,,,hparks@hrealty.com,+91 44 4627 2999,,,,979620852112007,https://parkville.hiranandaniparks.com/,Hiranandani Parks,https://www.facebook.com/ads/library/?id=2355995324910085,"Spacious Hiranandani POCKET-FRIENDLY Apts. near Oragadam, Chennai
2BHK Apartments Starting at ₹60 Lakhs + Taxes

✅ Spacious 1070Sq.ft POCKET-FRIENDLY Apts. with Balcony
✅ Distinctive design, Energy-efficient and Ventilated Homes
✅ Vaastu Compliant Homes with efficient planning
✅ Mixed Use integrated township
✅ Located at Oragadam , fast appreciating!

DTCP & Rera Registered 
Rera No. SWP/BPA/0125870/2024

Schedule a Site Visit Today",82220,Learn more,https://parkville.hiranandaniparks.com/,"FACEBOOK; INSTAGRAM; AUDIENCE_NETWORK; MESSENGER; THREADS",2026-04-28,2026-06-15,,Original: https://scontent.fjai6-1.fna.fbcdn.net/v/t39.35426-6/683302058_835351696299441_7603931553247085965_n.jpg?_nc_cat=102&ccb=1-7&_nc_sid=c53f8f&_nc_ohc=XZUqtAEzk64Q7kNvwFnNCCO&_nc_oc=AdpwrjVkdAlGSHrVmma74XNjXl5SYlFZ1VAfrujESIUckzzcVpfmokJhm6m8lh3_L5n4HJXLziLc5Pg_GBhKEHXg&_nc_zt=14&_nc_ht=scontent.fjai6-1.fna&_nc_gid=d4VTZoX8-E7cPRp18UICTw&_nc_ss=7b289&oh=00_Af9iRWyjjXd6B3o3CZhXY2CU0_4WjMBTRExEcP1PWnK_OA&oe=6A36DD20 | Resized: https://scontent.fjai6-1.fna.fbcdn.net/v/t39.35426-6/682564418_1247447874044978_1359150215384336168_n.jpg?stp=dst-jpg_s600x600_tt6&_nc_cat=106&ccb=1-7&_nc_sid=c53f8f&_nc_ohc=RnetOgyNb0cQ7kNvwGBwSDH&_nc_oc=AdqdVJoWzj3PCphbtJuVRgazfnQnHUn2vzLPvQP0kSv4edXDkKoN7tyGm4WcbrZXImqi_3rNeN5Kl0calSPsjps5&_nc_zt=14&_nc_ht=scontent.fjai6-1.fna&_nc_gid=d4VTZoX8-E7cPRp18UICTw&_nc_ss=7b289&oh=00_Af9-fckwggHYD99U-oZUa_l0vbveR8UlkJEDL0dZ3mAsnQ&oe=6A36DCBA,,,,,,
4390664657855169,https://www.facebook.com/AishwaryamGroup/,aishwaryamanand.com,https://www.facebook.com/AishwaryamGroup/,,,,support@aishwaryam.com,"08065910310, 1260002502648, +91 20 2951 7267",,,,338649319837174,https://aishwaryamanand.com/,Aishwaryam Group,https://www.facebook.com/ads/library/?id=4390664657855169,"Experience the Blockbuster Beginning of happiness at Aishwaryam Anand, Moshi. 

Own your dream home with exclusive launch prices in a premium township designed for modern living. 1 BHK Homes starting from ₹35.5 Lacs | 2 BHK Homes starting from ₹48 Lacs (All Inclusive). Project Highlights:

✅ 40 Lifestyle Amenities
✅ 25-Floor Supertall Towers
✅ Part of 30-Acre Integrated Township

📍 Prime Moshi Location with Excellent Connectivity",47060,Contact us,aishwaryamanand.com,"FACEBOOK; INSTAGRAM; AUDIENCE_NETWORK",2026-03-14,2026-06-12,,Original: https://scontent.fjai6-1.fna.fbcdn.net/v/t39.35426-6/650928493_2456942871410545_3935614855325189320_n.jpg?_nc_cat=110&ccb=1-7&_nc_sid=c53f8f&_nc_ohc=dO89ykmkVA8Q7kNvwHKiCc-&_nc_oc=AdoJxtTXUtn1cj6d5x8Eeazv4HrKGw8hq2KCP9cD7BkT6QtmfeV_w_1oj0qhIERrlgd4A1KFYdDhIWJUhMDikOtu&_nc_zt=14&_nc_ht=scontent.fjai6-1.fna&_nc_gid=d4VTZoX8-E7cPRp18UICTw&_nc_ss=7b289&oh=00_Af9N6QfgWIw8GMZQBmFkt_-FbfgU6ZixwMYONcghYboZqQ&oe=6A36ADEE | Resized: https://scontent.fjai6-1.fna.fbcdn.net/v/t39.35426-6/650694745_1605118484133175_5012099367704312433_n.jpg?stp=dst-jpg_s600x600_tt6&_nc_cat=104&ccb=1-7&_nc_sid=c53f8f&_nc_ohc=pRKE6chdaqcQ7kNvwH3N_Nz&_nc_oc=AdoaZBQ85Hc4IcdlK2zn4dHMCxBK_h35Sur3vTJ9nj1akk3YGH0IwnfRlc4UpRtnkA3ke6YYJ_fIgfbY9NR6wwhx&_nc_zt=14&_nc_ht=scontent.fjai6-1.fna&_nc_gid=d4VTZoX8-E7cPRp18UICTw&_nc_ss=7b289&oh=00_Af8WRiwBRYLF-Qsc2k8XfgoaL8zxAMKtraid5LpiugjMaA&oe=6A36B66D,,,,,,
1518209995924421,https://www.facebook.com/trident.parktown/,tridentparktown.in,https://www.facebook.com/trident.parktown/,,,,,,,,,904581472739089,http://www.tridentparktown.in/,Trident Parktown,https://www.facebook.com/ads/library/?id=1518209995924421,"Premium residential plots in Panipat’s most thoughtfully planned township — Introducing Trident Parktown by Trident Realty.

✔️Premium Residential Plots from ₹2 Cr*
✔️Panipat’s First Premium 125+ Acre Integrated Township
✔️Direct access from NH-44 | 60 mins from Delhi
✔️10 Theme-Based Parks & Green Corridors
✔️Well-Planned Internal Roads
✔️Ideal for custom-built homes",13215,,tridentparktown.in,"FACEBOOK; INSTAGRAM; AUDIENCE_NETWORK; THREADS",2026-01-21,2026-06-15,,,"Premium residential plots in Panipat’s most thoughtfully planned township — Introducing Trident Parktown by Trident Realty.

✔️Premium Residential Plots from ₹2 Cr*
✔️Panipat’s First Premium 125+ Acre Integrated Township
✔️Direct access from NH-44 | 60 mins from Delhi
✔️10 Theme-Based Parks & Green Corridors
✔️Well-Planned Internal Roads
✔️Ideal for custom-built homes || Premium residential plots in Panipat’s most thoughtfully planned township — Introducing Trident Parktown by Trident Realty.

✔️Premium Residential Plots from ₹2 Cr*
✔️Panipat’s First Premium 125+ Acre Integrated Township
✔️Direct access from NH-44 | 60 mins from Delhi
✔️10 Theme-Based Parks & Green Corridors
✔️Well-Planned Internal Roads
✔️Ideal for custom-built homes || Premium residential plots in Panipat’s most thoughtfully planned township — Introducing Trident Parktown by Trident Realty.

✔️Premium Residential Plots from ₹2 Cr*
✔️Panipat’s First Premium 125+ Acre Integrated Township
✔️Direct access from NH-44 | 60 mins from Delhi
✔️10 Theme-Based Parks & Green Corridors
✔️Well-Planned Internal Roads
✔️Ideal for custom-built homes",,,,Original: https://scontent.fjai6-1.fna.fbcdn.net/v/t39.35426-6/619287848_2037853780114032_1267205645438187902_n.jpg?_nc_cat=109&ccb=1-7&_nc_sid=c53f8f&_nc_ohc=3ms_rWiSB2UQ7kNvwFEOuUL&_nc_oc=Adp_4i2Kl3K2VzOR_bxoiyE3C-QW89ImWP3KEGxFeFslb6olooL8H71wBULIo4TOgl74tp-Ta7XNiSH5Cmqbd6uT&_nc_zt=14&_nc_ht=scontent.fjai6-1.fna&_nc_gid=UhZ9zu3Yf-1MpAuQikjoqg&_nc_ss=7b289&oh=00_Af-SjvXKkldaOzMvrgmruiURrqOWM6wLII4mQCT51nzTTQ&oe=6A36E427 | Resized: https://scontent.fjai6-1.fna.fbcdn.net/v/t39.35426-6/618732975_720603124247660_1321226948874097349_n.jpg?stp=dst-jpg_s600x600_tt6&_nc_cat=107&ccb=1-7&_nc_sid=c53f8f&_nc_ohc=-MOJfG0SKBsQ7kNvwGxIndf&_nc_oc=Adoaed67wd2wfyb1QGG3fY8q-ySheUY4hynmlIMvBrIHhzmyn040qpNe4LlNfbXqsR8Pj5F5gkCa1-3SKlzPCHkw&_nc_zt=14&_nc_ht=scontent.fjai6-1.fna&_nc_gid=UhZ9zu3Yf-1MpAuQikjoqg&_nc_ss=7b289&oh=00_Af96I7XHuFqc4s58JAAA9-fWFN6i-NIU6b8X-UYwsdwOCA&oe=6A36C32E || Original: https://scontent.fjai6-1.fna.fbcdn.net/v/t39.35426-6/615897412_1861556844502673_1474926859413633715_n.jpg?_nc_cat=111&ccb=1-7&_nc_sid=c53f8f&_nc_ohc=2dhVXG9C_7QQ7kNvwGM-J70&_nc_oc=AdrCGYgWwhTitXIsZG821q3ye1DJJuiif2aJzla4lUigy99QX2aHBZyD3XuT8_sFgYNgDXM1ioFR9SnsNiMOmHnb&_nc_zt=14&_nc_ht=scontent.fjai6-1.fna&_nc_gid=UhZ9zu3Yf-1MpAuQikjoqg&_nc_ss=7b289&oh=00_Af9E_QIiOK2Dn8T9hJPYUlSQcwgzmHPrXxjVQUK_zKXbww&oe=6A36E2EE | Resized: https://scontent.fjai6-1.fna.fbcdn.net/v/t39.35426-6/616650134_1263583352253445_4717887424445072904_n.jpg?stp=dst-jpg_s600x600_tt6&_nc_cat=110&ccb=1-7&_nc_sid=c53f8f&_nc_ohc=xEd6b0tAD6oQ7kNvwGTMB5-&_nc_oc=AdrjP44HXBSZKkyIEAw71Bg5g7fN21aNNc0Jx7wMt-EsGsyxK9ZT3WsykAA1fK9syjRXKo61kEHdEUNTcRh9H1aP&_nc_zt=14&_nc_ht=scontent.fjai6-1.fna&_nc_gid=UhZ9zu3Yf-1MpAuQikjoqg&_nc_ss=7b289&oh=00_Af8A5CpUS2s-It5Hmx3R3STknOt5EuYAME5Iijr0s-DsnQ&oe=6A36BD9C || Original: https://scontent.fjai6-1.fna.fbcdn.net/v/t39.35426-6/615387905_912113944673051_1174431798044343714_n.jpg?_nc_cat=107&ccb=1-7&_nc_sid=c53f8f&_nc_ohc=hOp1AXVjzHQQ7kNvwH3z3Cj&_nc_oc=Adr88pbo7OywrL-7wXT4WmNPX-cVdHXWSiM2_aBZQAwSccGqQXj13mpYNPDPCbD1b7U9pRvyeCissu4syZUaT39F&_nc_zt=14&_nc_ht=scontent.fjai6-1.fna&_nc_gid=UhZ9zu3Yf-1MpAuQikjoqg&_nc_ss=7b289&oh=00_Af8BGzpRYNyMdjZkgmcRrj9rYBNGuZocOT5vw-MnHTHbbA&oe=6A36C69D | Resized: https://scontent.fjai6-1.fna.fbcdn.net/v/t39.35426-6/618956443_885494897399144_7971423314433642814_n.jpg?stp=dst-jpg_s600x600_tt6&_nc_cat=107&ccb=1-7&_nc_sid=c53f8f&_nc_ohc=qUc1BlRnusQQ7kNvwGfmGAx&_nc_oc=AdoQjmBJD-PPjG_SCr19OV34I28FVMxtyJ--qKQEx48ip2VGL5BgCxAanMn5myaVncZMZFB18rua6DFinQZhavlS&_nc_zt=14&_nc_ht=scontent.fjai6-1.fna&_nc_gid=UhZ9zu3Yf-1MpAuQikjoqg&_nc_ss=7b289&oh=00_Af-LocYlxoQ804BMod2uckk4PCdP9SVulAPPM_ASxzrwdQ&oe=6A36C288,
1679182402976164,https://www.facebook.com/arvindinfrastructure/,fb.me,https://www.facebook.com/arvindinfrastructure/,,,,,,,,,925570300845452,http://fb.me/,Arvind SmartSpaces,https://www.facebook.com/ads/library/?id=1679182402976164,"Premium Plots starting 45L+ at Arvind Aqua City in Kalyangadh.

✅ Premium 400 Sq. yd Plots. Pre-Booking Window now open.
✅ 500+ acre mega township with a breathtaking 30 Acre Central Lake
✅ 18-hole golf course & resort-style island living experience
✅ Grand clubhouse on a private island with world-class amenities
✅ Wellness-focused living with meditation zones & green landscapes

📍 Kalyangadh, Ahmedabad",31619,Learn more,fb.me,"FACEBOOK; INSTAGRAM",2026-05-22,2026-06-15,,Original: https://scontent.fjai6-1.fna.fbcdn.net/v/t39.35426-6/704133461_1390031176266858_5827551951608997264_n.jpg?_nc_cat=102&ccb=1-7&_nc_sid=c53f8f&_nc_ohc=E1RzCAxtIioQ7kNvwH6Y_Ak&_nc_oc=Adq9F9U_ptHM9V1YwBDL86BRrLdcmyl5Z15Y1o1RLndvI4vHim_JQDcS7UH7ykqlW2etFXK_57nFWpeLyZw95w1v&_nc_zt=14&_nc_ht=scontent.fjai6-1.fna&_nc_gid=d4VTZoX8-E7cPRp18UICTw&_nc_ss=7b289&oh=00_Af8IslOiFzvy9FR2iBd1Htto_MIwN6AmSecv9utNxnZJRA&oe=6A36CCCA | Resized: https://scontent.fjai6-1.fna.fbcdn.net/v/t39.35426-6/706473906_2131608350952986_1858891866244300753_n.jpg?stp=dst-jpg_s600x600_tt6&_nc_cat=100&ccb=1-7&_nc_sid=c53f8f&_nc_ohc=4W3Q0gr9JAkQ7kNvwG2wA_Q&_nc_oc=AdpvobyMCUeGJjM2nzCmqqNS-WM3CFtmgGI1lmgY7iU0WxC7tOy9EZng8N_jXDbzP_sAzhzgLv98VFQvYRTRnShD&_nc_zt=14&_nc_ht=scontent.fjai6-1.fna&_nc_gid=d4VTZoX8-E7cPRp18UICTw&_nc_ss=7b289&oh=00_Af_eoMT8hBmu_MtOjajxQ6bg_IUIDN8W2Z0-zEVXyfa_Ug&oe=6A36C2BD,,,,,,
1501932507724557,https://www.facebook.com/arvindinfrastructure/,fb.me,https://www.facebook.com/arvindinfrastructure/,,,,,,,,,925570300845452,http://fb.me/,Arvind SmartSpaces,https://www.facebook.com/ads/library/?id=1501932507724557,"Premium Plots starting 45L+ at Arvind Aqua City in Kalyangadh.

✅ Premium 400 Sq. yd Plots. Pre-Booking Window now open.
✅ 500+ acre mega township with a breathtaking 30 Acre Central Lake
✅ 18-hole golf course & resort-style island living experience
✅ Grand clubhouse on a private island with world-class amenities
✅ Wellness-focused living with meditation zones & green landscapes

📍 Kalyangadh, Ahmedabad",31619,Learn more,fb.me,"FACEBOOK; INSTAGRAM",2026-05-21,2026-06-15,,,"Premium Plots starting 45L+ at Arvind Aqua City in Kalyangadh.

✅ Premium 400 Sq. yd Plots. Pre-Booking Window now open.
✅ 500+ acre mega township with a breathtaking 30 Acre Central Lake
✅ 18-hole golf course & resort-style island living experience
✅ Grand clubhouse on a private island with world-class amenities
✅ Wellness-focused living with meditation zones & green landscapes

📍 Kalyangadh, Ahmedabad || Premium Plots starting 45L+ at Arvind Aqua City in Kalyangadh.

✅ Premium 400 Sq. yd Plots. Pre-Booking Window now open.
✅ 500+ acre mega township with a breathtaking 30 Acre Central Lake
✅ 18-hole golf course & resort-style island living experience
✅ Grand clubhouse on a private island with world-class amenities
✅ Wellness-focused living with meditation zones & green landscapes

📍 Kalyangadh, Ahmedabad || Premium Plots starting 45L+ at Arvind Aqua City in Kalyangadh.

✅ Premium 400 Sq. yd Plots. Pre-Booking Window now open.
✅ 500+ acre mega township with a breathtaking 30 Acre Central Lake
✅ 18-hole golf course & resort-style island living experience
✅ Grand clubhouse on a private island with world-class amenities
✅ Wellness-focused living with meditation zones & green landscapes

📍 Kalyangadh, Ahmedabad",http://fb.me/ || http://fb.me/ || http://fb.me/,,Learn More || Learn More || Learn More,Original: https://scontent.fjai6-1.fna.fbcdn.net/v/t39.35426-6/705018789_1540141334793718_3572687252355563889_n.jpg?_nc_cat=103&ccb=1-7&_nc_sid=c53f8f&_nc_ohc=Mayq2SCr20EQ7kNvwGM18q9&_nc_oc=AdppmYwD2hRMZLprlOCZeZkm4Qy-uC_IrKx-dRqOBKpNuNsI0gTjHsA-AnR11-ZjEgExSR7o7oZEMr8zgN0sid8V&_nc_zt=14&_nc_ht=scontent.fjai6-1.fna&_nc_gid=UhZ9zu3Yf-1MpAuQikjoqg&_nc_ss=7b289&oh=00_Af-UGMSvfeDSzrsvAoa_yFzgaFk3cI07bVYj--CQCzNWCw&oe=6A36BC5D | Resized: https://scontent.fjai6-1.fna.fbcdn.net/v/t39.35426-6/703468057_973928358867719_4210775961058539406_n.jpg?stp=dst-jpg_s600x600_tt6&_nc_cat=108&ccb=1-7&_nc_sid=c53f8f&_nc_ohc=Si15hBchJCMQ7kNvwE-S79C&_nc_oc=AdraXjMhrd-mzQ0V3mVfKNKVI-qZipA6uI8YlVosZx6pQPbHr-5uEv1mhfqTxyU_CNQygGBnI4nzs0JFgg2zaNP8&_nc_zt=14&_nc_ht=scontent.fjai6-1.fna&_nc_gid=UhZ9zu3Yf-1MpAuQikjoqg&_nc_ss=7b289&oh=00_Af9XdAazHqdP0DEMEKQra6-6CrBXphqopfA-aIzy06H7YA&oe=6A36DA7C || Original: https://scontent.fjai6-1.fna.fbcdn.net/v/t39.35426-6/703896661_1468557827696709_8218892162536298187_n.jpg?_nc_cat=110&ccb=1-7&_nc_sid=c53f8f&_nc_ohc=TdRW7Bcrp_0Q7kNvwF_o0Ie&_nc_oc=Adq59sPb0zjpulCgGAmNfPw0Ap4L1N7UabLBYyhCeRsf6hbF3Zzi3ke0azPkQ58RxxSpKTandcuXQ7zrr8dARd02&_nc_zt=14&_nc_ht=scontent.fjai6-1.fna&_nc_gid=UhZ9zu3Yf-1MpAuQikjoqg&_nc_ss=7b289&oh=00_Af8_JIn9gl5l6mw5fI2R9PltHH1qJ1M3yHxXk35JF5JutA&oe=6A36C321 | Resized: https://scontent.fjai6-1.fna.fbcdn.net/v/t39.35426-6/703105088_965644609608248_4237654712361029947_n.jpg?stp=dst-jpg_s600x600_tt6&_nc_cat=103&ccb=1-7&_nc_sid=c53f8f&_nc_ohc=CyWnm-Zh1T4Q7kNvwFVMYv8&_nc_oc=AdoAk0IItzTxPf9ZvpXN80t0uroKkO0LMLBbRB1W6vOrw_Etquz52VSldBK63aL7FxO2e_apTVSBgOItbLs8kFSt&_nc_zt=14&_nc_ht=scontent.fjai6-1.fna&_nc_gid=UhZ9zu3Yf-1MpAuQikjoqg&_nc_ss=7b289&oh=00_Af-hW-e7OtXhPMDLavd2O4vHVFgc_ddXCMXs7gyraODtVA&oe=6A36CEB2 || Original: https://scontent.fjai6-1.fna.fbcdn.net/v/t39.35426-6/703896661_1468557827696709_8218892162536298187_n.jpg?_nc_cat=110&ccb=1-7&_nc_sid=c53f8f&_nc_ohc=TdRW7Bcrp_0Q7kNvwF_o0Ie&_nc_oc=Adq59sPb0zjpulCgGAmNfPw0Ap4L1N7UabLBYyhCeRsf6hbF3Zzi3ke0azPkQ58RxxSpKTandcuXQ7zrr8dARd02&_nc_zt=14&_nc_ht=scontent.fjai6-1.fna&_nc_gid=UhZ9zu3Yf-1MpAuQikjoqg&_nc_ss=7b289&oh=00_Af8_JIn9gl5l6mw5fI2R9PltHH1qJ1M3yHxXk35JF5JutA&oe=6A36C321 | Resized: https://scontent.fjai6-1.fna.fbcdn.net/v/t39.35426-6/703105088_965644609608248_4237654712361029947_n.jpg?stp=dst-jpg_s600x600_tt6&_nc_cat=103&ccb=1-7&_nc_sid=c53f8f&_nc_ohc=CyWnm-Zh1T4Q7kNvwFVMYv8&_nc_oc=AdoAk0IItzTxPf9ZvpXN80t0uroKkO0LMLBbRB1W6vOrw_Etquz52VSldBK63aL7FxO2e_apTVSBgOItbLs8kFSt&_nc_zt=14&_nc_ht=scontent.fjai6-1.fna&_nc_gid=UhZ9zu3Yf-1MpAuQikjoqg&_nc_ss=7b289&oh=00_Af-hW-e7OtXhPMDLavd2O4vHVFgc_ddXCMXs7gyraODtVA&oe=6A36CEB2,
4491218777826377,https://www.facebook.com/arvindinfrastructure/,fb.me,https://www.facebook.com/arvindinfrastructure/,,,,,,,,,925570300845452,http://fb.me/,Arvind SmartSpaces,https://www.facebook.com/ads/library/?id=4491218777826377,"Premium Plots starting 45L+ at Arvind Aqua City in Kalyangadh.

✅ Premium 400 Sq. yd Plots. Pre-Booking Window now open.
✅ 500+ acre mega township with a breathtaking 30 Acre Central Lake
✅ 18-hole golf course & resort-style island living experience
✅ Grand clubhouse on a private island with world-class amenities
✅ Wellness-focused living with meditation zones & green landscapes

📍 Kalyangadh, Ahmedabad
📞 Enquire Now",31619,Learn more,fb.me,"FACEBOOK; INSTAGRAM",2026-05-21,2026-06-15,,,"Premium Plots starting 45L+ at Arvind Aqua City in Kalyangadh.

✅ Premium 400 Sq. yd Plots. Pre-Booking Window now open.
✅ 500+ acre mega township with a breathtaking 30 Acre Central Lake
✅ 18-hole golf course & resort-style island living experience
✅ Grand clubhouse on a private island with world-class amenities
✅ Wellness-focused living with meditation zones & green landscapes

📍 Kalyangadh, Ahmedabad
📞 Enquire Now || Premium Plots starting 45L+ at Arvind Aqua City in Kalyangadh.

✅ Premium 400 Sq. yd Plots. Pre-Booking Window now open.
✅ 500+ acre mega township with a breathtaking 30 Acre Central Lake
✅ 18-hole golf course & resort-style island living experience
✅ Grand clubhouse on a private island with world-class amenities
✅ Wellness-focused living with meditation zones & green landscapes

📍 Kalyangadh, Ahmedabad
📞 Enquire Now || Premium Plots starting 45L+ at Arvind Aqua City in Kalyangadh.

✅ Premium 400 Sq. yd Plots. Pre-Booking Window now open.
✅ 500+ acre mega township with a breathtaking 30 Acre Central Lake
✅ 18-hole golf course & resort-style island living experience
✅ Grand clubhouse on a private island with world-class amenities
✅ Wellness-focused living with meditation zones & green landscapes

📍 Kalyangadh, Ahmedabad
📞 Enquire Now",http://fb.me/ || http://fb.me/ || http://fb.me/,,Learn More || Learn More || Learn More,Original: https://scontent.fjai6-1.fna.fbcdn.net/v/t39.35426-6/700490022_1292404783009168_5710515657798101095_n.jpg?_nc_cat=105&ccb=1-7&_nc_sid=c53f8f&_nc_ohc=xw-t9Ns0_JYQ7kNvwFfTrZR&_nc_oc=Adogob1cl7rtB5MH-RQbZjmcWO2ivs1CvdoYxcXnMGxdlhDk9DShzt-NcI29IXmPTmfM24Ohj1zRJlpLBpBaucnX&_nc_zt=14&_nc_ht=scontent.fjai6-1.fna&_nc_gid=UhZ9zu3Yf-1MpAuQikjoqg&_nc_ss=7b289&oh=00_Af9QqfSG7mC73b6GZZmxUl1pKgBEBZ177pRWwoydySML3w&oe=6A36DDBC | Resized: https://scontent.fjai6-1.fna.fbcdn.net/v/t39.35426-6/700827836_1544882290550057_6383203896004009383_n.jpg?stp=dst-jpg_s600x600_tt6&_nc_cat=103&ccb=1-7&_nc_sid=c53f8f&_nc_ohc=Z6rxv7P5WbsQ7kNvwG6wAAO&_nc_oc=Adrk7NHQXP_DbPQ6zIPMQQK9ooA38OkF7EDAiZD-1MIAQfeHdd1od33Ea3Kxb1cdMspwgUM4k0P6h-9zHIIoMniP&_nc_zt=14&_nc_ht=scontent.fjai6-1.fna&_nc_gid=UhZ9zu3Yf-1MpAuQikjoqg&_nc_ss=7b289&oh=00_Af8dNu-hmzl20d7BVyp_pIG96MBQ6uzr0QJpGsy0UDhOkQ&oe=6A36B61C || Original: https://scontent.fjai6-1.fna.fbcdn.net/v/t39.35426-6/699544792_1379443757393555_2944356348190150482_n.jpg?_nc_cat=109&ccb=1-7&_nc_sid=c53f8f&_nc_ohc=bKbcDvyNkVsQ7kNvwE9mzBK&_nc_oc=AdojyRaT9o232HYqj_hR6ML3cN1G0DufMwccjNgCYAW-FN24F2D8ADUG1vUYKykBZouf_r-qi1KMhQ1ngZVsAOqh&_nc_zt=14&_nc_ht=scontent.fjai6-1.fna&_nc_gid=UhZ9zu3Yf-1MpAuQikjoqg&_nc_ss=7b289&oh=00_Af-gVdhBYU01qhGZ6JPWqe9SWu1oAEhwym-d534AGj_vlA&oe=6A36C8A5 | Resized: https://scontent.fjai6-1.fna.fbcdn.net/v/t39.35426-6/700692089_2648056655591374_5886881096644588731_n.jpg?stp=dst-jpg_s600x600_tt6&_nc_cat=103&ccb=1-7&_nc_sid=c53f8f&_nc_ohc=dr-Y9IjzG-4Q7kNvwHDlrEi&_nc_oc=AdqxDN_DpKdEOFHNYOGBw1vbiNrr0bfHA2aRBscI5Mo_lAMrsnAtcLTA-lY3x0pJ8qEslp3befmFPCMUlmc4_6J6&_nc_zt=14&_nc_ht=scontent.fjai6-1.fna&_nc_gid=UhZ9zu3Yf-1MpAuQikjoqg&_nc_ss=7b289&oh=00_Af_ikR6TlWeHTymqLwz89hnQ0G4nS4gs-PCHWUAhccBIag&oe=6A36C7FB || Original: https://scontent.fjai6-1.fna.fbcdn.net/v/t39.35426-6/699544792_1379443757393555_2944356348190150482_n.jpg?_nc_cat=109&ccb=1-7&_nc_sid=c53f8f&_nc_ohc=bKbcDvyNkVsQ7kNvwE9mzBK&_nc_oc=AdojyRaT9o232HYqj_hR6ML3cN1G0DufMwccjNgCYAW-FN24F2D8ADUG1vUYKykBZouf_r-qi1KMhQ1ngZVsAOqh&_nc_zt=14&_nc_ht=scontent.fjai6-1.fna&_nc_gid=UhZ9zu3Yf-1MpAuQikjoqg&_nc_ss=7b289&oh=00_Af-gVdhBYU01qhGZ6JPWqe9SWu1oAEhwym-d534AGj_vlA&oe=6A36C8A5 | Resized: https://scontent.fjai6-1.fna.fbcdn.net/v/t39.35426-6/700692089_2648056655591374_5886881096644588731_n.jpg?stp=dst-jpg_s600x600_tt6&_nc_cat=103&ccb=1-7&_nc_sid=c53f8f&_nc_ohc=dr-Y9IjzG-4Q7kNvwHDlrEi&_nc_oc=AdqxDN_DpKdEOFHNYOGBw1vbiNrr0bfHA2aRBscI5Mo_lAMrsnAtcLTA-lY3x0pJ8qEslp3befmFPCMUlmc4_6J6&_nc_zt=14&_nc_ht=scontent.fjai6-1.fna&_nc_gid=UhZ9zu3Yf-1MpAuQikjoqg&_nc_ss=7b289&oh=00_Af_ikR6TlWeHTymqLwz89hnQ0G4nS4gs-PCHWUAhccBIag&oe=6A36C7FB,
2670718299951964,https://www.facebook.com/trident.parktown/,tridentparktown.in,https://www.facebook.com/trident.parktown/,,,,,,,,,904581472739089,https://tridentparktown.in/?utm_source=Facebook&utm_medium=CTW&utm_campaign=Branding,Trident Parktown,https://www.facebook.com/ads/library/?id=2670718299951964,"Premium residential plots in Panipat’s most thoughtfully planned township — Introducing Trident Parktown by Trident Realty.

✔️Premium Residential Plots from ₹2 Cr*
✔️Panipat’s First Premium 125+ Acre Integrated Township
✔️Direct access from NH-44 | 60 mins from Delhi
✔️10 Theme-Based Parks & Green Corridors
✔️Well-Planned Internal Roads
✔️Ideal for custom-built homes",13215,Learn more,tridentparktown.in,"FACEBOOK; INSTAGRAM; AUDIENCE_NETWORK; THREADS",2026-01-21,2026-06-15,,,"Premium residential plots in Panipat’s most thoughtfully planned township — Introducing Trident Parktown by Trident Realty.

✔️Premium Residential Plots from ₹2 Cr*
✔️Panipat’s First Premium 125+ Acre Integrated Township
✔️Direct access from NH-44 | 60 mins from Delhi
✔️10 Theme-Based Parks & Green Corridors
✔️Well-Planned Internal Roads
✔️Ideal for custom-built homes || Premium residential plots in Panipat’s most thoughtfully planned township — Introducing Trident Parktown by Trident Realty.

✔️Premium Residential Plots from ₹2 Cr*
✔️Panipat’s First Premium 125+ Acre Integrated Township
✔️Direct access from NH-44 | 60 mins from Delhi
✔️10 Theme-Based Parks & Green Corridors
✔️Well-Planned Internal Roads
✔️Ideal for custom-built homes",https://tridentparktown.in/?utm_source=Facebook&utm_medium=CTW&utm_campaign=Branding || https://tridentparktown.in/?utm_source=Facebook&utm_medium=CTW&utm_campaign=Branding,,Learn More || Learn More,Original: https://scontent.fjai6-1.fna.fbcdn.net/v/t39.35426-6/618949777_25644486261881311_113821494454696791_n.jpg?_nc_cat=111&ccb=1-7&_nc_sid=c53f8f&_nc_ohc=Hv2CKH_SaWYQ7kNvwHCRKnf&_nc_oc=Ado8Xh5DKpGUenL8H9ltNY5gqUeHdjgMYeVsTBOcEQu6TMA3GuX2z-1PehWM5YK36GgLp4gdDGa62ju1UMB-WUgU&_nc_zt=14&_nc_ht=scontent.fjai6-1.fna&_nc_gid=UhZ9zu3Yf-1MpAuQikjoqg&_nc_ss=7b289&oh=00_Af99cIT6h9-YsT8lj1fFdxKFH1sPPXtPG152PeP3oHaT9A&oe=6A36C7B8 | Resized: https://scontent.fjai6-1.fna.fbcdn.net/v/t39.35426-6/619603269_1415776183391333_4444864694708050395_n.jpg?stp=dst-jpg_s600x600_tt6&_nc_cat=107&ccb=1-7&_nc_sid=c53f8f&_nc_ohc=KgiEZrLKlC8Q7kNvwFncWqA&_nc_oc=AdoBTU8n9ZBgCvSmb6YUDExEO9UEgv43E3-b963v1ZWeU8ZTt_GK2KC65Wu7GKdPcMrhKxqPy8b4DWYvjwaIV4D6&_nc_zt=14&_nc_ht=scontent.fjai6-1.fna&_nc_gid=UhZ9zu3Yf-1MpAuQikjoqg&_nc_ss=7b289&oh=00_Af-1l6i_aPZArnT5bzkBoGcBO3qvxEgTb6umXGVJ67JPGg&oe=6A36DECB || Original: https://scontent.fjai6-1.fna.fbcdn.net/v/t39.35426-6/617868460_1210754250555157_6134719157503737089_n.jpg?_nc_cat=100&ccb=1-7&_nc_sid=c53f8f&_nc_ohc=KI09kmeF4rAQ7kNvwFCrx05&_nc_oc=Adoi7ZVHjerIUASKOHOhzUwZAeTX9-_XZ3K0sK4W3-avVtI21ymscHn50HPa9Avc0beyDnT3qt4k8F5SDVABoZMC&_nc_zt=14&_nc_ht=scontent.fjai6-1.fna&_nc_gid=UhZ9zu3Yf-1MpAuQikjoqg&_nc_ss=7b289&oh=00_Af85d8fsRkxBQBNp4MwjNgUnxtl9C-I-mcxoaXNTHDdnKA&oe=6A36D03C | Resized: https://scontent.fjai6-1.fna.fbcdn.net/v/t39.35426-6/618621018_2432373373847146_2052337098038010065_n.jpg?stp=dst-jpg_s600x600_tt6&_nc_cat=104&ccb=1-7&_nc_sid=c53f8f&_nc_ohc=4u0scunlG5oQ7kNvwFKZC-V&_nc_oc=AdrdPjSSalgomtciYvKqSuMS-KhbU-EdO8JfvwXtbaVn-8BhUiGE-xW1XQFPvloGsE7bD-mznpwsTBYwI0MaPS3M&_nc_zt=14&_nc_ht=scontent.fjai6-1.fna&_nc_gid=UhZ9zu3Yf-1MpAuQikjoqg&_nc_ss=7b289&oh=00_Af-0m8FJ_cp-1KjSEIRsgDlYtYMJYyNeQdyhkULnbsflcQ&oe=6A36E353,
1598734531253113,https://www.facebook.com/trident.parktown/,tridentparktown.in,https://www.facebook.com/trident.parktown/,,,,,,,,,904581472739089,https://tridentparktown.in/?utm_source=Facebook&utm_medium=CTW&utm_campaign=Branding,Trident Parktown,https://www.facebook.com/ads/library/?id=1598734531253113,"Premium residential plots in Panipat’s most thoughtfully planned township — Introducing Trident Parktown by Trident Realty.

✔️Premium Residential Plots from ₹2 Cr*
✔️Panipat’s First Premium 125+ Acre Integrated Township
✔️Direct access from NH-44 | 60 mins from Delhi
✔️10 Theme-Based Parks & Green Corridors
✔️Well-Planned Internal Roads
✔️Ideal for custom-built homes",13215,Learn more,tridentparktown.in,"FACEBOOK; INSTAGRAM; AUDIENCE_NETWORK; THREADS",2026-01-21,2026-06-15,,,"Premium residential plots in Panipat’s most thoughtfully planned township — Introducing Trident Parktown by Trident Realty.

✔️Premium Residential Plots from ₹2 Cr*
✔️Panipat’s First Premium 125+ Acre Integrated Township
✔️Direct access from NH-44 | 60 mins from Delhi
✔️10 Theme-Based Parks & Green Corridors
✔️Well-Planned Internal Roads
✔️Ideal for custom-built homes || Premium residential plots in Panipat’s most thoughtfully planned township — Introducing Trident Parktown by Trident Realty.

✔️Premium Residential Plots from ₹2 Cr*
✔️Panipat’s First Premium 125+ Acre Integrated Township
✔️Direct access from NH-44 | 60 mins from Delhi
✔️10 Theme-Based Parks & Green Corridors
✔️Well-Planned Internal Roads
✔️Ideal for custom-built homes",https://tridentparktown.in/?utm_source=Facebook&utm_medium=CTW&utm_campaign=Branding || https://tridentparktown.in/?utm_source=Facebook&utm_medium=CTW&utm_campaign=Branding,,Learn More || Learn More,Original: https://scontent.fjai6-1.fna.fbcdn.net/v/t39.35426-6/616110063_1602792727834343_8254304142562610338_n.jpg?_nc_cat=111&ccb=1-7&_nc_sid=c53f8f&_nc_ohc=O8c1RHp8OOYQ7kNvwGK15cN&_nc_oc=Adq20rFhMfhxxRLTqCYKEYkBuzEWCH2qyeM0IUyfxHxJ0eQ4qhkhm_GmOiPNGLsHjtFryz-h1taMcHikN9R0jF_B&_nc_zt=14&_nc_ht=scontent.fjai6-1.fna&_nc_gid=UhZ9zu3Yf-1MpAuQikjoqg&_nc_ss=7b289&oh=00_Af_AGHB8nroUowkuhUQcWTZwE2KUJZvTFAKGQm2PLQtMDw&oe=6A36C7B1 | Resized: https://scontent.fjai6-1.fna.fbcdn.net/v/t39.35426-6/617644386_3657132947755951_434311230802962002_n.jpg?stp=dst-jpg_s600x600_tt6&_nc_cat=102&ccb=1-7&_nc_sid=c53f8f&_nc_ohc=cRBe8eIFV7IQ7kNvwF6GOz3&_nc_oc=Adq0iQufbJG3JGTidavwOu9K6ZoAHLXb79xpkaXfn08DXzwknRBts0EeZghRUTZmvZ52ZYRKZZxfsDXE-sbodpyd&_nc_zt=14&_nc_ht=scontent.fjai6-1.fna&_nc_gid=UhZ9zu3Yf-1MpAuQikjoqg&_nc_ss=7b289&oh=00_Af_URmfIaGpWr7SLgaRj_tSLUUiawn7LEzIOj8Lx6122Ig&oe=6A36BB96 || Original: https://scontent.fjai6-1.fna.fbcdn.net/v/t39.35426-6/617773962_1348528897075097_7518341551070021796_n.jpg?_nc_cat=104&ccb=1-7&_nc_sid=c53f8f&_nc_ohc=A74mXcv73qwQ7kNvwFdQNZf&_nc_oc=AdriNSNrgFlyqDGXAcD-OFOMWLamw9dJM5dGwnyvnarmlwo8iUtOufIVB_GTxo8ViDI9ETpsB0uTJ7LLPox_3DJ1&_nc_zt=14&_nc_ht=scontent.fjai6-1.fna&_nc_gid=UhZ9zu3Yf-1MpAuQikjoqg&_nc_ss=7b289&oh=00_Af-H-HvZHiUhzOjk3UnHfRoo3TzfiI4854PyEbvd3Caoew&oe=6A36C8E1 | Resized: https://scontent.fjai6-1.fna.fbcdn.net/v/t39.35426-6/616243461_1316678070475438_77832992484088110_n.jpg?stp=dst-jpg_s600x600_tt6&_nc_cat=110&ccb=1-7&_nc_sid=c53f8f&_nc_ohc=5Ph2DGRbXSAQ7kNvwH03V-P&_nc_oc=AdrpW0XFVAhPwAQw9fzC2LyGnehaFrpo-KjmbNjkSC8cE8mh4nbXr_M7QeVZfgsd0X05mKNjLq9549XBsgDlpMLx&_nc_zt=14&_nc_ht=scontent.fjai6-1.fna&_nc_gid=UhZ9zu3Yf-1MpAuQikjoqg&_nc_ss=7b289&oh=00_Af_52qdLJd9OdUPyIDcjjVVJq8LltDl9RSjDtesBlBiNOQ&oe=6A36C4A9,
987039577373847,https://www.facebook.com/trident.parktown/,,https://www.facebook.com/trident.parktown/,,,,care@tridentrealty.co.in,+91 76058 08080,,,,904581472739089,,Trident Parktown,https://www.facebook.com/ads/library/?id=987039577373847,"Premium residential plots in Panipat’s most thoughtfully planned township — Introducing Trident Parktown by Trident Realty.

✔️Premium Residential Plots from ₹2 Cr*
✔️Panipat’s First Premium 125+ Acre Integrated Township
✔️Direct access from NH-44 | 60 mins from Delhi
✔️10 Theme-Based Parks & Green Corridors
✔️Well-Planned Internal Roads
✔️Ideal for custom-built homes",13215,,,"FACEBOOK; INSTAGRAM; AUDIENCE_NETWORK; THREADS",2026-05-31,2026-05-31,,Original: https://scontent.fjai6-1.fna.fbcdn.net/v/t39.35426-6/616832522_1529994394773599_7789406584111424887_n.jpg?_nc_cat=103&ccb=1-7&_nc_sid=c53f8f&_nc_ohc=E0--ZOSYhDgQ7kNvwGpCGCL&_nc_oc=AdoZrSxMTUEJ0v7HIrW_eOIaRX0L14DgI3JxUc5Z8UxEDyiPLogKMoj9LwEc1-2z1oltm6VG1LBNbxk77E5Tsalo&_nc_zt=14&_nc_ht=scontent.fjai6-1.fna&_nc_gid=d4VTZoX8-E7cPRp18UICTw&_nc_ss=7b289&oh=00_Af_-YthbJXRPtytOvKlrPiBS1tcqTcCn4Zk7VYr5IewpRQ&oe=6A36ADC0 | Resized: https://scontent.fjai6-1.fna.fbcdn.net/v/t39.35426-6/616832864_731570653070579_7105817890452237286_n.jpg?stp=dst-jpg_s600x600_tt6&_nc_cat=101&ccb=1-7&_nc_sid=c53f8f&_nc_ohc=a8tEho_KXigQ7kNvwEoZF4U&_nc_oc=Adqn12SwhTnBTNJm5-o8DIUEfpEz_RxOG4Ay09TrFIk56GM8Wl4iSXRF7yRx_O2DcBH5TIalYh3pFpA8w0l3WLsf&_nc_zt=14&_nc_ht=scontent.fjai6-1.fna&_nc_gid=d4VTZoX8-E7cPRp18UICTw&_nc_ss=7b289&oh=00_Af-KS9YvTB1mKQCHvegpC3Y1K2WBLrAVVashz8j4llaHAA&oe=6A36DB59,,,,,,
1433999598235568,https://www.facebook.com/nambiarbuilders/,fb.me,https://www.facebook.com/nambiarbuilders/,,,,info@nambiarbuilders.com,,,,,199196880106245,http://fb.me/,Nambiar Builders,https://www.facebook.com/ads/library/?id=1433999598235568,"Nambiar District 25 Phase 2 - Villa Style Skyrise Residences with 7-Acre Club SOHO

✅ Luxury 2, 3 & 4 BHK residences with private balconies
✅ Experience 40% Untouched Nature & 3500+ Native Tree
✅ 120+ World-Class Lifestyle Amenities designed for a high-end lifestyle
✅ Effortless connectivity in Bengaluru's fastest growing neighbourhood",12972,Book now,fb.me,"FACEBOOK; INSTAGRAM; AUDIENCE_NETWORK",2026-01-29,2026-06-15,,,"Nambiar District 25 Phase 2 - Villa Style Skyrise Residences with 7-Acre Club SOHO

✅ Luxury 2, 3 & 4 BHK residences with private balconies
✅ Experience 40% Untouched Nature & 3500+ Native Tree
✅ 120+ World-Class Lifestyle Amenities designed for a high-end lifestyle
✅ Effortless connectivity in Bengaluru's fastest growing neighbourhood || Nambiar District 25 Phase 2 - Villa Style Skyrise Residences with 7-Acre Club SOHO

✅ Luxury 2, 3 & 4 BHK residences with private balconies
✅ Experience 40% Untouched Nature & 3500+ Native Tree
✅ 120+ World-Class Lifestyle Amenities designed for a high-end lifestyle
✅ Effortless connectivity in Bengaluru's fastest growing neighbourhood",http://fb.me/ || http://fb.me/,,Book Now || Book Now,Original: https://scontent.fjai6-1.fna.fbcdn.net/v/t39.35426-6/622811612_872670719079978_8925804771414866917_n.jpg?_nc_cat=109&ccb=1-7&_nc_sid=c53f8f&_nc_ohc=89b5ssxgV8UQ7kNvwGcIow8&_nc_oc=AdoLhwRmKz9Bh1Hpj9gYwXpM7Jk3Mjckt1UAJKat_hc-owf_-VVucyIflJTHLYjCWygYxMkdOebuTBBRT3vs5qW4&_nc_zt=14&_nc_ht=scontent.fjai6-1.fna&_nc_gid=UhZ9zu3Yf-1MpAuQikjoqg&_nc_ss=7b289&oh=00_Af914GHHkrUJw9MVj7HFVzOReXTlmAUTW2BwegBXteN94w&oe=6A36D5AD | Resized: https://scontent.fjai6-1.fna.fbcdn.net/v/t39.35426-6/622460735_1480943380122330_3172292492827536998_n.jpg?stp=dst-jpg_s600x600_tt6&_nc_cat=108&ccb=1-7&_nc_sid=c53f8f&_nc_ohc=AHP_cenOIUsQ7kNvwE6S3cS&_nc_oc=AdrVVUQuMuwocUkFUVmXkFntlwdmtv3YLpJTjvEJBOwlz2GWcQLfXQzny3w1nqLm6bN9v9x7hO7jzUAqQmZbytTr&_nc_zt=14&_nc_ht=scontent.fjai6-1.fna&_nc_gid=UhZ9zu3Yf-1MpAuQikjoqg&_nc_ss=7b289&oh=00_Af8rDDjE2YFgG5ABzCzWTCClR3T2Ioic_WdZBe0wmGv7ZA&oe=6A36D7DA || Original: https://scontent.fjai6-1.fna.fbcdn.net/v/t39.35426-6/619602979_4538247689795818_2227629509543145723_n.jpg?_nc_cat=108&ccb=1-7&_nc_sid=c53f8f&_nc_ohc=XSr8c_FCaLcQ7kNvwH3sEbR&_nc_oc=Adqpnf4ivjYq0KTWauH5sZH2lJXgbtR-nxCGTZK0EzRFrqImmSulKhgx2UgUsxyP6Ac0caIgOxcHWNwa85LyukXr&_nc_zt=14&_nc_ht=scontent.fjai6-1.fna&_nc_gid=UhZ9zu3Yf-1MpAuQikjoqg&_nc_ss=7b289&oh=00_Af8ZH9P2-ue8xsqY6Vt4PdMFnTUaRbPCxuRT4e7faXNJvQ&oe=6A36DEC2 | Resized: https://scontent.fjai6-1.fna.fbcdn.net/v/t39.35426-6/622243483_1407622494229886_5414115764829328212_n.jpg?stp=dst-jpg_s600x600_tt6&_nc_cat=105&ccb=1-7&_nc_sid=c53f8f&_nc_ohc=mIpr8E2ETHQQ7kNvwHB4mDN&_nc_oc=AdqSass1OORxp9fIP4sV_7wWVmVnHk8VHCPk42X5NjTOzE8sknKKY3ZlebX3Qj0P-e5oB-9Yef2NNetv5941Nd9-&_nc_zt=14&_nc_ht=scontent.fjai6-1.fna&_nc_gid=UhZ9zu3Yf-1MpAuQikjoqg&_nc_ss=7b289&oh=00_Af8mjODGQtS8f93xtVaebadYAdQBX-2yMspZPX3d7x6ppA&oe=6A36B36B,
962551029720814,https://www.facebook.com/arvindinfrastructure/,fb.me,https://www.facebook.com/arvindinfrastructure/,,,,,,,,,925570300845452,http://fb.me/,Arvind SmartSpaces,https://www.facebook.com/ads/library/?id=962551029720814,"Premium Plots starting 45L+ at Arvind Aqua City in Kalyangadh.

✅ Premium 400 Sq. yd Plots. Pre-Booking Window now open.
✅ 500+ acre mega township with a breathtaking 30 Acre Central Lake
✅ 18-hole golf course & resort-style island living experience
✅ Grand clubhouse on a private island with world-class amenities
✅ Wellness-focused living with meditation zones & green landscapes

📍 Kalyangadh, Ahmedabad",31619,Learn more,fb.me,"FACEBOOK; INSTAGRAM",2026-05-26,2026-06-13,,Original: https://scontent.fjai6-1.fna.fbcdn.net/v/t39.35426-6/707347737_1959580464661411_7135741316174281727_n.jpg?_nc_cat=101&ccb=1-7&_nc_sid=c53f8f&_nc_ohc=SIL85T6ourgQ7kNvwFIuMsZ&_nc_oc=AdrvYp3dFFEaLrrmh9wy7Mr0Xi85QtaafG0jd6qHI5ALL28YkSAnTNl3WOJQzxf4IpKOV5GOTOEPR-HipUYa0clx&_nc_zt=14&_nc_ht=scontent.fjai6-1.fna&_nc_gid=d4VTZoX8-E7cPRp18UICTw&_nc_ss=7b289&oh=00_Af-KrBJrau9m06yVPlAQeuRvImOn9s4nldbeAIAjrBqgUA&oe=6A36E3AF | Resized: https://scontent.fjai6-1.fna.fbcdn.net/v/t39.35426-6/707694135_1878325056517052_9218480429357334039_n.jpg?stp=dst-jpg_s600x600_tt6&_nc_cat=105&ccb=1-7&_nc_sid=c53f8f&_nc_ohc=TY2lIJ6IoUYQ7kNvwEiwwj9&_nc_oc=AdoGESih96MrGSNrCcfScb2qaFmry3YKUGl9MiBdjliH8lPjwJDvZzsvWnOHVcr5mQdqBu0wv4SixEpN4J86_xdl&_nc_zt=14&_nc_ht=scontent.fjai6-1.fna&_nc_gid=d4VTZoX8-E7cPRp18UICTw&_nc_ss=7b289&oh=00_Af--4GxypFHDKjLWGr1goqXmheHIOePIscplJUD1Ad7d3Q&oe=6A36C0F9,,,,,,
1688997015577123,https://www.facebook.com/doshihousing/,doshirisington.com,https://www.facebook.com/doshihousing/,,,,marketing@doshihousing.com,"+918110864646, +918110844455, +91 81108 44455",,,,215102308522325,https://www.doshirisington.com/campaign/?utm_source=facebook&utm_medium=paid&utm_campaign=VME,Doshi Housing,https://www.facebook.com/ads/library/?id=1688997015577123,"✨ Own your dream home at Karapakkam, OMR! ✨

Discover 2 & 3 BHK premium apartments at Doshi Risington 2.0 – where comfort meets convenience.
🏢 Starting from just ₹1.01 Cr*
🌟 Spacious lifestyle, modern amenities & prime OMR location.
🏗️ RERA Approved | Trusted by 3,500+ families
🌳 12.4-acre integrated township | Clubhouse | Pool | Landscaped Gardens

📍 Karapakkam, OMR – close to IT hubs, schools & hospitals.

✅ Limited-time festive offers – book your home now!
📞 Call: 8110862626",6194,Learn more,Doshirisington.com,"FACEBOOK; INSTAGRAM",2026-05-24,2026-06-12,HD: https://video.fjai6-1.fna.fbcdn.net/o1/v/t2/f2/m366/AQMxOFv6eIV35zOaLPbrabm-EiATqbSkxZmMah0K465nI6bk-b9va-l3nNbzPh978aDkRAkrZEcFMZdakoTi63WxxB5fvjc6Tq-B0VhY3cwdiA.mp4?_nc_cat=102&_nc_oc=AdrNvtX8Henc_5WHddpsjHVvRzz0CFTEoHNTNxrmMcH0Gi2V0vvK8HSwNhQyBniY9CKN0xHv98noSWeIM4xkLTEh&_nc_sid=b66105&_nc_ht=video.fjai6-1.fna.fbcdn.net&_nc_ohc=AJFKU_xrl9AQ7kNvwGipJqd&efg=eyJ2ZW5jb2RlX3RhZyI6Inhwdl9wcm9ncmVzc2l2ZS5WSV9VU0VDQVNFX1BST0RVQ1RfVFlQRS4uQzMuNzIwLmRhc2hfaDI2NC1iYXNpYy1nZW4yXzcyMHAiLCJ4cHZfYXNzZXRfaWQiOjE2MzY0NDU5MTQwMTkzNjEsImFzc2V0X2FnZV9kYXlzIjo5NSwidmlfdXNlY2FzZV9pZCI6MTA3OTksImR1cmF0aW9uX3MiOjExOCwidXJsZ2VuX3NvdXJjZSI6Ind3dyJ9&ccb=17-1&vs=c60c5e6dde85f6f&_nc_vs=HBksFQIYRWZiX2VwaGVtZXJhbC9GQTQ5RUI4QzVGREM0QjBBMDkyMUEwRTM1RTYxOTVCMV9tdF8xX3ZpZGVvX2Rhc2hpbml0Lm1wNBUAAsgBEgAVAhhAZmJfcGVybWFuZW50L0RDNDU3N0E2NkYxODFGRkU3MUVGNjU1N0MzOTM1NUI1X2F1ZGlvX2Rhc2hpbml0Lm1wNBUCAsgBEgAoABgAGwKIB3VzZV9vaWwBMRJwcm9ncmVzc2l2ZV9yZWNpcGUBMRUAACbC2LGW2JXoBRUCKAJDMywXQF2AAAAAAAAYGWRhc2hfaDI2NC1iYXNpYy1nZW4yXzcyMHARAHUAZd6oAQA&_nc_gid=d4VTZoX8-E7cPRp18UICTw&_nc_ss=7b289&_nc_zt=28&oh=00_Af8UkSJU76c8LcCcnv5m3ZqlsMBQ-7tufGsBv9mFaVy_5w&oe=6A36B7F6 | SD: https://video.fjai6-1.fna.fbcdn.net/o1/v/t2/f2/m412/AQNDz_dmE4KzM6YGqTfDF5Tyn4oguGWAiuchm5il2egWGlLb1kYynV1ZmsP9WGbMkglLBPdHdFCHG8gOKHX0VdH2AAJjhIjiMy_dFsoqRQ.mp4?_nc_cat=109&_nc_oc=AdpKhEd_88dRUPjdFnyoj48cfnIV2NpA4RRczGc7lZMdTti5YBde9ABaKaMo7m8l7L2axNvNCGB_NZa29kwS56bL&_nc_sid=ef5aa3&_nc_ht=video.fjai6-1.fna.fbcdn.net&_nc_ohc=iEh4f2DVqHQQ7kNvwFBGntE&efg=eyJ2ZW5jb2RlX3RhZyI6Inhwdl9wcm9ncmVzc2l2ZS5WSV9VU0VDQVNFX1BST0RVQ1RfVFlQRS4uQzMuMzYwLnN2ZV9zZCIsInhwdl9hc3NldF9pZCI6MTYzNjQ0NTkxNDAxOTM2MSwiYXNzZXRfYWdlX2RheXMiOjk1LCJ2aV91c2VjYXNlX2lkIjoxMDc5OSwiZHVyYXRpb25fcyI6MTE4LCJ1cmxnZW5fc291cmNlIjoid3d3In0%3D&ccb=17-1&_nc_gid=d4VTZoX8-E7cPRp18UICTw&_nc_ss=7b289&_nc_zt=28&oh=00_Af9uUGIz1UgIoc6c6W4zvmJngZd6-GqygR1MaogE5pvOHQ&oe=6A36DD59 | Preview: https://scontent.fjai6-1.fna.fbcdn.net/v/t39.35426-6/650398153_34619539827659370_13878956347416955_n.jpg?_nc_cat=109&ccb=1-7&_nc_sid=c53f8f&_nc_ohc=0_8nt4mrbkAQ7kNvwFZNEJz&_nc_oc=AdpI09LMWk6yZCN9w0FtDlWi69hFCy7EqEt0X5tZxlhCwtxOzPpjsuWEyXz3mr4uQImViUgaqyZNVBbIcas2Ms99&_nc_zt=14&_nc_ht=scontent.fjai6-1.fna&_nc_gid=d4VTZoX8-E7cPRp18UICTw&_nc_ss=7b289&oh=00_Af9d5UbbUTW3jmyS1CMGQNShgZVclNusgX_ihN99Xk8wfQ&oe=6A36CFB3,,,,,,,
1578456036770175,https://www.facebook.com/trident.parktown/,tridentparktown.in,https://www.facebook.com/trident.parktown/,,,,,,,,,904581472739089,https://tridentparktown.in/?utm_source=Facebook&utm_medium=CTW&utm_campaign=Branding,Trident Parktown,https://www.facebook.com/ads/library/?id=1578456036770175,"Premium residential plots in Panipat’s most thoughtfully planned township — Introducing Trident Parktown by Trident Realty.

✔️Premium Residential Plots from ₹2 Cr*
✔️Panipat’s First Premium 125+ Acre Integrated Township
✔️Direct access from NH-44 | 60 mins from Delhi
✔️10 Theme-Based Parks & Green Corridors
✔️Well-Planned Internal Roads
✔️Ideal for custom-built homes",13215,Learn more,tridentparktown.in,"FACEBOOK; INSTAGRAM; AUDIENCE_NETWORK; THREADS",2026-01-21,2026-06-15,,,"Premium residential plots in Panipat’s most thoughtfully planned township — Introducing Trident Parktown by Trident Realty.

✔️Premium Residential Plots from ₹2 Cr*
✔️Panipat’s First Premium 125+ Acre Integrated Township
✔️Direct access from NH-44 | 60 mins from Delhi
✔️10 Theme-Based Parks & Green Corridors
✔️Well-Planned Internal Roads
✔️Ideal for custom-built homes || Premium residential plots in Panipat’s most thoughtfully planned township — Introducing Trident Parktown by Trident Realty.

✔️Premium Residential Plots from ₹2 Cr*
✔️Panipat’s First Premium 125+ Acre Integrated Township
✔️Direct access from NH-44 | 60 mins from Delhi
✔️10 Theme-Based Parks & Green Corridors
✔️Well-Planned Internal Roads
✔️Ideal for custom-built homes",https://tridentparktown.in/?utm_source=Facebook&utm_medium=CTW&utm_campaign=Branding || https://tridentparktown.in/?utm_source=Facebook&utm_medium=CTW&utm_campaign=Branding,,Learn More || Learn More,Original: https://scontent.fjai6-1.fna.fbcdn.net/v/t39.35426-6/617138832_1710252813278347_2731392420184244355_n.jpg?_nc_cat=101&ccb=1-7&_nc_sid=c53f8f&_nc_ohc=rhsAwKK6q74Q7kNvwEr2_GS&_nc_oc=Ado0ffH5wiuYpw_xoJ9TXA_n29ti-MBMOFpiuM9TICMVttaiNk27bCxHeyNm1zbgyF8sTVQvbJ87zaFO5ibqFXpM&_nc_zt=14&_nc_ht=scontent.fjai6-1.fna&_nc_gid=UhZ9zu3Yf-1MpAuQikjoqg&_nc_ss=7b289&oh=00_Af8P39MPwydTAoSwEs-GvzEz0FrGB7_czIEqlATFaiOzgg&oe=6A36CCBD | Resized: https://scontent.fjai6-1.fna.fbcdn.net/v/t39.35426-6/616374142_1675929197149026_7936565154322582833_n.jpg?stp=dst-jpg_s600x600_tt6&_nc_cat=110&ccb=1-7&_nc_sid=c53f8f&_nc_ohc=wD1c2yjudu4Q7kNvwGCBOA_&_nc_oc=Adr-rh7SlNy5O5DVI3NapLjVl9smoVIfXhGcK3R7GbF3IZNQFVzr-nLpAN0L7fF79-w-LaY9yBNaFk00WAXHFAae&_nc_zt=14&_nc_ht=scontent.fjai6-1.fna&_nc_gid=UhZ9zu3Yf-1MpAuQikjoqg&_nc_ss=7b289&oh=00_Af8hH0QG-HAhfGwwENJ-vUktrfRKgarFbg9bi-eOoFJSuQ&oe=6A36D37B || Original: https://scontent.fjai6-1.fna.fbcdn.net/v/t39.35426-6/616099871_894035729942975_1200841472804630079_n.jpg?_nc_cat=101&ccb=1-7&_nc_sid=c53f8f&_nc_ohc=UOnb37EduloQ7kNvwE6k0gp&_nc_oc=Adq7vUHYwFd7KmDB9t3QGnEuwvDZ0j6UZMLqyvpKshNmmGeny_dN7mfBgTGrAbzntQCAgrv1SbdmNXu0wHJnp2rD&_nc_zt=14&_nc_ht=scontent.fjai6-1.fna&_nc_gid=UhZ9zu3Yf-1MpAuQikjoqg&_nc_ss=7b289&oh=00_Af_5dWXjET9lHX-vFHhFRqHuwPZPvIyRVxJfCENW_MQN9A&oe=6A36BD3B | Resized: https://scontent.fjai6-1.fna.fbcdn.net/v/t39.35426-6/616799492_1446062533748304_5330066146418904407_n.jpg?stp=dst-jpg_s600x600_tt6&_nc_cat=106&ccb=1-7&_nc_sid=c53f8f&_nc_ohc=sSfJ591VYE0Q7kNvwEO7tnx&_nc_oc=Ado9GTZUIGIj3Zw_8kJfNVzlrZ8lUprQ4JSMTAy_Otd3_kHZQOlgHDD8HzT3lCr-ZS4B9xSl50_jIERc_wzKsNNM&_nc_zt=14&_nc_ht=scontent.fjai6-1.fna&_nc_gid=UhZ9zu3Yf-1MpAuQikjoqg&_nc_ss=7b289&oh=00_Af-twJYKtJ_I52CqVuZMBynznkIk7nZ3TBkHidYiaQgzQQ&oe=6A36D8BC,
1601066297829591,https://www.facebook.com/inspirabuilder/,fb.me,https://www.facebook.com/inspirabuilder/,,,,digital@inspirabuilders.com,+91 76767 80000,,,,879992248778487,http://fb.me/,Inspira Builders,https://www.facebook.com/ads/library/?id=1601066297829591,"Presenting Inspira Smart City 
Located in Harakere, Shivamogga.

✅ Project Highlights:
 
➣ Luxury Villa Plotted Community Development
➣ 35 Acres Integrated Township
➣ 400+ Plots - 30x50 | 40x60
➣ RERA & SUDA Approved
➣ 30+ Luxury Amenities with Clubhouse
➣ 5 Mins from nearby Hospitals & Colleges
➣ Landscape Garden with Natural Trees

Bookings are now open📋!",88511,Book now,fb.me,"FACEBOOK; INSTAGRAM; AUDIENCE_NETWORK",2026-04-10,2026-06-15,,,"Presenting Inspira Smart City 
Located in Harakere, Shivamogga.

✅ Project Highlights:
 
➣ Luxury Villa Plotted Community Development
➣ 35 Acres Integrated Township
➣ 400+ Plots - 30x50 | 40x60
➣ RERA & SUDA Approved
➣ 30+ Luxury Amenities with Clubhouse
➣ 5 Mins from nearby Hospitals & Colleges
➣ Landscape Garden with Natural Trees

Bookings are now open📋! || Presenting Inspira Smart City 
Located in Harakere, Shivamogga.

✅ Project Highlights:
 
➣ Luxury Villa Plotted Community Development
➣ 35 Acres Integrated Township
➣ 400+ Plots - 30x50 | 40x60
➣ RERA & SUDA Approved
➣ 30+ Luxury Amenities with Clubhouse
➣ 5 Mins from nearby Hospitals & Colleges
➣ Landscape Garden with Natural Trees

Bookings are now open📋!",http://fb.me/ || http://fb.me/,,Book Now || Book Now,Original: https://scontent.fjai6-1.fna.fbcdn.net/v/t39.35426-6/668577694_1161177676057654_328891952819204108_n.jpg?_nc_cat=109&ccb=1-7&_nc_sid=c53f8f&_nc_ohc=W84EPXAnrMIQ7kNvwGBOsUW&_nc_oc=AdpJ--qG18NT0y9PqPGJAndZjRBEihSgkHlZqiZXfKTMKtj-LiMfFw7YK-hFlEJhSBp0uSqvo5UGQ2i6yrySuZo9&_nc_zt=14&_nc_ht=scontent.fjai6-1.fna&_nc_gid=UhZ9zu3Yf-1MpAuQikjoqg&_nc_ss=7b289&oh=00_Af83BCXuSeLu2RZ5SRVRKKo99hTcVaAL38G1hOPVd8njNA&oe=6A36D0FF | Resized: https://scontent.fjai6-1.fna.fbcdn.net/v/t39.35426-6/668522627_1276203678014919_6679788831361630135_n.jpg?stp=dst-jpg_s600x600_tt6&_nc_cat=107&ccb=1-7&_nc_sid=c53f8f&_nc_ohc=KneWMiwsnvQQ7kNvwHzWLzn&_nc_oc=Adol96Vp8F6i4oeqQDXXdQfyh9YXMQOohDg_ulT-Gu1GNBIwk5_mdAbnEuV6U9c0o08lph-S6L416WhDh4DErtAg&_nc_zt=14&_nc_ht=scontent.fjai6-1.fna&_nc_gid=UhZ9zu3Yf-1MpAuQikjoqg&_nc_ss=7b289&oh=00_Af-JXDwFLAXtD7IEfxRI2CTcJCzX7MW7_ijfTSpNpaAw6Q&oe=6A36D0C6 || Original: https://scontent.fjai6-1.fna.fbcdn.net/v/t39.35426-6/668109776_2347061015805626_3955100447133157427_n.jpg?_nc_cat=109&ccb=1-7&_nc_sid=c53f8f&_nc_ohc=aoiulBbEYhIQ7kNvwE-zsEM&_nc_oc=AdpP5wTSNi4X_bdtEIDg0YnZSXukyw-PAX2VRXRo-u-dsBCS_vMvv9LMX-p0UvdPog3DNK3qGGaO6iyqTzLhKYkN&_nc_zt=14&_nc_ht=scontent.fjai6-1.fna&_nc_gid=UhZ9zu3Yf-1MpAuQikjoqg&_nc_ss=7b289&oh=00_Af_cWwZ-UXhOkGHk3YKYiqvaRTMR4t7A9aLMHE6m5a4GRQ&oe=6A36D448 | Resized: https://scontent.fjai6-1.fna.fbcdn.net/v/t39.35426-6/667024818_1549272113397703_1109932418785880659_n.jpg?stp=dst-jpg_s600x600_tt6&_nc_cat=103&ccb=1-7&_nc_sid=c53f8f&_nc_ohc=3GLZnIC8lRMQ7kNvwE_5mAb&_nc_oc=Adpruom_HI_hrjJNn2-cqY1EWOTD1nlWcZ5Y9eyorwI2O63TizLuL5CnnlSLcII0JroGjOvyL3eNnP4oK_piB81e&_nc_zt=14&_nc_ht=scontent.fjai6-1.fna&_nc_gid=UhZ9zu3Yf-1MpAuQikjoqg&_nc_ss=7b289&oh=00_Af95MVaeL6ogkPMQJfuUOOMDtR4tDyvVfn1Tf0aYJd9HcQ&oe=6A36CBFD,
1560936059375646,https://www.facebook.com/SignatureGlobal/,signatureglobal.in,https://www.facebook.com/SignatureGlobal/,,,,"customercare@signatureglobal.in, escalation@signatureglobal.in, info@signatureglobal.in, feedback@signatureglobal.in, media@signatureglobal.in, infosec@signatureglobal.in","+911149281700, +911244398011, 0124-4908200, 9311144624, 9311144630, 8527120120, 01244908200, +919311144624, +911244908200",,,,792137190800558,https://www.signatureglobal.in/residential/city-of-colours,Signature Global,https://www.facebook.com/ads/library/?id=1560936059375646,"Premium residential plots at City of Colours within a 135.72-acres integrated township crafted with planned infrastructure, open spaces, and strong appreciation potential.

Create a home that reflects your vision while securing an investment for generations to come.

Now available with an Exclusive 20:80 Payment Plan*


*T&C Apply

Own Your Plot That Brings A Whole New Space For You And Your Family.",107385,Book now,signatureglobal.in,"FACEBOOK; INSTAGRAM; MESSENGER; THREADS",2026-05-29,2026-06-15,,,"Premium residential plots at City of Colours within a 135.72-acres integrated township crafted with planned infrastructure, open spaces, and strong appreciation potential.

Create a home that reflects your vision while securing an investment for generations to come.

Now available with an Exclusive 20:80 Payment Plan*


*T&C Apply

Own Your Plot That Brings A Whole New Space For You And Your Family. || Premium residential plots at City of Colours within a 135.72-acres integrated township crafted with planned infrastructure, open spaces, and strong appreciation potential.

Create a home that reflects your vision while securing an investment for generations to come.

Now available with an Exclusive 20:80 Payment Plan*


*T&C Apply

Own Your Plot That Brings A Whole New Space For You And Your Family. || Premium residential plots at City of Colours within a 135.72-acres integrated township crafted with planned infrastructure, open spaces, and strong appreciation potential.

Create a home that reflects your vision while securing an investment for generations to come.

Now available with an Exclusive 20:80 Payment Plan*


*T&C Apply

Own Your Plot That Brings A Whole New Space For You And Your Family.",https://www.signatureglobal.in/residential/city-of-colours || https://www.signatureglobal.in/residential/city-of-colours || https://www.signatureglobal.in/residential/city-of-colours,,Book Now || Book Now || Book Now,Original: https://scontent.fjai6-1.fna.fbcdn.net/v/t39.35426-6/710306932_2145353906007939_1318423470274425317_n.jpg?_nc_cat=102&ccb=1-7&_nc_sid=c53f8f&_nc_ohc=Q1LRTzeZA-IQ7kNvwHoHGTn&_nc_oc=AdqT-u9rUVbEg2lFrkSMnKz98HrxHFZFXNJUem-1HAhCyZelhOb_Hp45j3bnJh8_keJu1sM0oeAS3unmyerv6kKP&_nc_zt=14&_nc_ht=scontent.fjai6-1.fna&_nc_gid=UhZ9zu3Yf-1MpAuQikjoqg&_nc_ss=7b289&oh=00_Af-zqf2Xuzt47sF0Bss-aYd_tbiyLFOtavY8SvXCynOHRA&oe=6A36CEAB | Resized: https://scontent.fjai6-1.fna.fbcdn.net/v/t39.35426-6/710755869_1512555897120577_7756649432098540173_n.jpg?stp=dst-jpg_s600x600_tt6&_nc_cat=106&ccb=1-7&_nc_sid=c53f8f&_nc_ohc=a91lchP60AcQ7kNvwGJ8hQu&_nc_oc=AdqOi6Eaf2V6mYYsrDxXTrAiXvQ2iT5gjOaK5_XwiqR06quSpAOg7f51pLlooLKfJ3qf9mIT6hjdg8_QxSdmmUTq&_nc_zt=14&_nc_ht=scontent.fjai6-1.fna&_nc_gid=UhZ9zu3Yf-1MpAuQikjoqg&_nc_ss=7b289&oh=00_Af85gj-qyWLEBMwuaErXw-tUbDZD6mRbyiuUsO0b_f9C8A&oe=6A36E2B1 || Original: https://scontent.fjai6-1.fna.fbcdn.net/v/t39.35426-6/710745430_1233709006484028_7328930259693387557_n.jpg?_nc_cat=108&ccb=1-7&_nc_sid=c53f8f&_nc_ohc=cdrBaFyzUDUQ7kNvwGDKjJM&_nc_oc=Adr-sDLG3QPzmrSgAjV2vX5o0Cm8FAwrf8Qi3psN_XSYq7khnhjfJZpT6ZjJ9DswdQueMz9opuLNmGpNsmCcWYrq&_nc_zt=14&_nc_ht=scontent.fjai6-1.fna&_nc_gid=UhZ9zu3Yf-1MpAuQikjoqg&_nc_ss=7b289&oh=00_Af95hfnG1at72kE07k_CU6SYD8UVwOym63l4InKVG1k-FA&oe=6A36B28F | Resized: https://scontent.fjai6-1.fna.fbcdn.net/v/t39.35426-6/710596715_1892512338106689_2701870362704156846_n.jpg?stp=dst-jpg_s600x600_tt6&_nc_cat=104&ccb=1-7&_nc_sid=c53f8f&_nc_ohc=G0KkFdEi79wQ7kNvwHZ_lNR&_nc_oc=AdoCod9TxY0oQKVPQllQ4tNExNEhlyyNDxiGzkpx3Qf0JWSOQWGiUD-FCuBZRrldUA1cCi_RWJ9zKTbAxshjehiD&_nc_zt=14&_nc_ht=scontent.fjai6-1.fna&_nc_gid=UhZ9zu3Yf-1MpAuQikjoqg&_nc_ss=7b289&oh=00_Af9Xmvc96F-RxVjSH8lXJ6_SH-xqsbLK7SIGv82v_JEvIQ&oe=6A36D885 || Original: https://scontent.fjai6-1.fna.fbcdn.net/v/t39.35426-6/710745430_1233709006484028_7328930259693387557_n.jpg?_nc_cat=108&ccb=1-7&_nc_sid=c53f8f&_nc_ohc=cdrBaFyzUDUQ7kNvwGDKjJM&_nc_oc=Adr-sDLG3QPzmrSgAjV2vX5o0Cm8FAwrf8Qi3psN_XSYq7khnhjfJZpT6ZjJ9DswdQueMz9opuLNmGpNsmCcWYrq&_nc_zt=14&_nc_ht=scontent.fjai6-1.fna&_nc_gid=UhZ9zu3Yf-1MpAuQikjoqg&_nc_ss=7b289&oh=00_Af95hfnG1at72kE07k_CU6SYD8UVwOym63l4InKVG1k-FA&oe=6A36B28F | Resized: https://scontent.fjai6-1.fna.fbcdn.net/v/t39.35426-6/710596715_1892512338106689_2701870362704156846_n.jpg?stp=dst-jpg_s600x600_tt6&_nc_cat=104&ccb=1-7&_nc_sid=c53f8f&_nc_ohc=G0KkFdEi79wQ7kNvwHZ_lNR&_nc_oc=AdoCod9TxY0oQKVPQllQ4tNExNEhlyyNDxiGzkpx3Qf0JWSOQWGiUD-FCuBZRrldUA1cCi_RWJ9zKTbAxshjehiD&_nc_zt=14&_nc_ht=scontent.fjai6-1.fna&_nc_gid=UhZ9zu3Yf-1MpAuQikjoqg&_nc_ss=7b289&oh=00_Af9Xmvc96F-RxVjSH8lXJ6_SH-xqsbLK7SIGv82v_JEvIQ&oe=6A36D885,
2014874809082737,https://www.facebook.com/trident.parktown/,tridentparktown.in,https://www.facebook.com/trident.parktown/,,,,,,,,,904581472739089,http://www.tridentparktown.in/,Trident Parktown,https://www.facebook.com/ads/library/?id=2014874809082737,"Premium residential plots in Panipat’s most thoughtfully planned township — Introducing Trident Parktown by Trident Realty.

✔️Premium Residential Plots from ₹2 Cr*
✔️Panipat’s First Premium 125+ Acre Integrated Township
✔️Direct access from NH-44 | 60 mins from Delhi
✔️10 Theme-Based Parks & Green Corridors
✔️Well-Planned Internal Roads
✔️Ideal for custom-built homes",13215,,tridentparktown.in,"FACEBOOK; INSTAGRAM; AUDIENCE_NETWORK; THREADS",2026-01-21,2026-06-15,,,"Premium residential plots in Panipat’s most thoughtfully planned township — Introducing Trident Parktown by Trident Realty.

✔️Premium Residential Plots from ₹2 Cr*
✔️Panipat’s First Premium 125+ Acre Integrated Township
✔️Direct access from NH-44 | 60 mins from Delhi
✔️10 Theme-Based Parks & Green Corridors
✔️Well-Planned Internal Roads
✔️Ideal for custom-built homes || Premium residential plots in Panipat’s most thoughtfully planned township — Introducing Trident Parktown by Trident Realty.

✔️Premium Residential Plots from ₹2 Cr*
✔️Panipat’s First Premium 125+ Acre Integrated Township
✔️Direct access from NH-44 | 60 mins from Delhi
✔️10 Theme-Based Parks & Green Corridors
✔️Well-Planned Internal Roads
✔️Ideal for custom-built homes || Premium residential plots in Panipat’s most thoughtfully planned township — Introducing Trident Parktown by Trident Realty.

✔️Premium Residential Plots from ₹2 Cr*
✔️Panipat’s First Premium 125+ Acre Integrated Township
✔️Direct access from NH-44 | 60 mins from Delhi
✔️10 Theme-Based Parks & Green Corridors
✔️Well-Planned Internal Roads
✔️Ideal for custom-built homes",,,,Original: https://scontent.fjai6-1.fna.fbcdn.net/v/t39.35426-6/615817879_1221084836300745_5693845937643387724_n.jpg?_nc_cat=104&ccb=1-7&_nc_sid=c53f8f&_nc_ohc=KfV50ygUpGgQ7kNvwHNSrEj&_nc_oc=Adrd18wegX-detjNSEnUGOZAnqRaa0Jsbr2lQzv39mE2gQZBUwxwK3zHwk-ZrZAwKcl9r4VZWoibdOhwqJ5vAm2f&_nc_zt=14&_nc_ht=scontent.fjai6-1.fna&_nc_gid=UhZ9zu3Yf-1MpAuQikjoqg&_nc_ss=7b289&oh=00_Af9ac7KhqOUpQR9vfYJMYLOM6CXSRedKKcHZl6iMRQk9Qg&oe=6A36ADC9 | Resized: https://scontent.fjai6-1.fna.fbcdn.net/v/t39.35426-6/616134655_1966497104297764_2130771317346078228_n.jpg?stp=dst-jpg_s600x600_tt6&_nc_cat=111&ccb=1-7&_nc_sid=c53f8f&_nc_ohc=i0VybyktHmwQ7kNvwHvhCI9&_nc_oc=AdoOIp-9o8hHJX525R3fsxpqZCyuUXnLTfWC6IoWlh8n3T01AEErM_OTMUEwK06dDWLUmwj56e8_fH2Cz4ebfKV6&_nc_zt=14&_nc_ht=scontent.fjai6-1.fna&_nc_gid=UhZ9zu3Yf-1MpAuQikjoqg&_nc_ss=7b289&oh=00_Af90u64inL9bOLKlTEhqEA-XnIqwbJuumt7CviDC8Nr0qg&oe=6A36C634 || Original: https://scontent.fjai6-1.fna.fbcdn.net/v/t39.35426-6/618095402_1598205424544091_5281151064697448861_n.jpg?_nc_cat=103&ccb=1-7&_nc_sid=c53f8f&_nc_ohc=YRuJTsEFVSIQ7kNvwEQgP8k&_nc_oc=AdpXVnWIlLZhmAfyLx-PiG9ebLLTR3Vjiozmy3beA8n6DzHgglmXtQLAZs7DFluUukS2wcl6NcBCKi1ZCVAWPLK5&_nc_zt=14&_nc_ht=scontent.fjai6-1.fna&_nc_gid=UhZ9zu3Yf-1MpAuQikjoqg&_nc_ss=7b289&oh=00_Af8rhxpWve0nEIizCU3m0xwSEijxsoNnUguPv07hd050jA&oe=6A36C61A | Resized: https://scontent.fjai6-1.fna.fbcdn.net/v/t39.35426-6/617762001_1431734065257361_393468572527975533_n.jpg?stp=dst-jpg_s600x600_tt6&_nc_cat=106&ccb=1-7&_nc_sid=c53f8f&_nc_ohc=zhJOy5mJ09sQ7kNvwF51a3T&_nc_oc=AdqFYacqs8rkQCVaDeHQS8r_vjz1Twfi84Ib7kBGNJwR-q6o0w8qqffHrSGcwQ7a81Bc-4BH72Vnx29dtc6YL1xw&_nc_zt=14&_nc_ht=scontent.fjai6-1.fna&_nc_gid=UhZ9zu3Yf-1MpAuQikjoqg&_nc_ss=7b289&oh=00_Af_bu8FzYAWgYCPaj6gI1480obmU_xHPprOYrMEZRZEBtQ&oe=6A36CAC8 || Original: https://scontent.fjai6-1.fna.fbcdn.net/v/t39.35426-6/619063673_934230689273598_7807019912385705097_n.jpg?_nc_cat=110&ccb=1-7&_nc_sid=c53f8f&_nc_ohc=dk7eoPzYpQoQ7kNvwHCgQs6&_nc_oc=AdrvDqeKknu7pv1HrcM2P0P4BUtv2T7O3L9lkERCtQ9ebQYHkA5HjrM4euhVK2OjdcNbbCcGtT3MhUDRkXCncMuj&_nc_zt=14&_nc_ht=scontent.fjai6-1.fna&_nc_gid=UhZ9zu3Yf-1MpAuQikjoqg&_nc_ss=7b289&oh=00_Af8F5-OObsNMraxfxzz0FO18FXbG2_5k6nZmWJ6mpAZUVA&oe=6A36AE11 | Resized: https://scontent.fjai6-1.fna.fbcdn.net/v/t39.35426-6/617918752_892446276586989_2477806448966472962_n.jpg?stp=dst-jpg_s600x600_tt6&_nc_cat=100&ccb=1-7&_nc_sid=c53f8f&_nc_ohc=Z8Y75pn-6m4Q7kNvwFbS4n1&_nc_oc=AdoBf9PGVNAoDQDMfroOJZIYV1p4jo9toSvVzrxsdnqvrI9O54axX5qIe1BKfaiGuw2PS3S1r6gxx5ZiHtCBbBld&_nc_zt=14&_nc_ht=scontent.fjai6-1.fna&_nc_gid=UhZ9zu3Yf-1MpAuQikjoqg&_nc_ss=7b289&oh=00_Af-2mTGEKhdTECSC3TAaI4DT_OT5TocAe7Swm6L6_TYDyQ&oe=6A36AE08,
1184199340360005,https://www.facebook.com/61572566190687/,fb.me,https://www.facebook.com/61572566190687/,,,,,,,,,1107144849139562,http://fb.me/,Pune's Grand Township ,https://www.facebook.com/ads/library/?id=1184199340360005,"Introducing a Premium Launch by Hiranandani

Project Highlights:
✓ Limited-edition duplex residences also available
✓ India’s first racecourse-facing apartments
✓ Expansive 105-acre integrated township
✓ Premium Italian marble flooring
✓ 60+ world-class luxury amenities

➜ Schedule your site visit today!",25,Get quote,fb.me,"FACEBOOK; INSTAGRAM",2026-04-20,2026-06-15,HD: https://video.fjai6-1.fna.fbcdn.net/o1/v/t2/f2/m366/AQMLC7BMG_3G7Fa6ocDz_bUev8FGv7W8kHNJXAm1MTrWNhgAHT6-M0QrqVWaA3it2zbScHX1sATTVq1wzvUg_xaIAu8ypDfP3PS6wXzlmouGcA.mp4?_nc_cat=101&_nc_oc=AdrLvHdVgC1ZmmUFEJnRMeEmLpAsixc7tRiI1Pk3asYbcdEstDmZjXRID2VnHOuLS0aGT-7h9HAEc6kE6fEBI3Bx&_nc_sid=b66105&_nc_ht=video.fjai6-1.fna.fbcdn.net&_nc_ohc=OG_V4ra8OlMQ7kNvwGfKB-Q&efg=eyJ2ZW5jb2RlX3RhZyI6Inhwdl9wcm9ncmVzc2l2ZS5WSV9VU0VDQVNFX1BST0RVQ1RfVFlQRS4uQzMuNzIwLmRhc2hfaDI2NC1iYXNpYy1nZW4yXzcyMHAiLCJ4cHZfYXNzZXRfaWQiOjk4NzI5MTE5MDM5NTQxMCwiYXNzZXRfYWdlX2RheXMiOjU2LCJ2aV91c2VjYXNlX2lkIjoxMDc5OSwiZHVyYXRpb25fcyI6NTQsInVybGdlbl9zb3VyY2UiOiJ3d3cifQ%3D%3D&ccb=17-1&vs=57f89d92b3b71502&_nc_vs=HBksFQIYRWZiX2VwaGVtZXJhbC9CMTQwQkVBQzBBOEU0NDE2QkZBRDFFM0UxQUIwNTVCQV9tdF8xX3ZpZGVvX2Rhc2hpbml0Lm1wNBUAAsgBEgAVAhhAZmJfcGVybWFuZW50LzM0NERCMkQ5NjJGQzFCQ0Y5MDU1QkRFMzk2RkVFRDk5X2F1ZGlvX2Rhc2hpbml0Lm1wNBUCAsgBEgAoABgAGwKIB3VzZV9vaWwBMRJwcm9ncmVzc2l2ZV9yZWNpcGUBMRUAACakiIzL9PvAAxUCKAJDMywXQEsTtkWhysEYGWRhc2hfaDI2NC1iYXNpYy1nZW4yXzcyMHARAHUAZd6oAQA&_nc_gid=d4VTZoX8-E7cPRp18UICTw&_nc_ss=7b289&_nc_zt=28&oh=00_Af_fsMe-JGGRY1xom8gyHq_MCteGcFXOOIrUpWJ18wi8Tg&oe=6A36CDB7 | SD: https://video.fjai6-1.fna.fbcdn.net/o1/v/t2/f2/m412/AQOPzxHN_eb9jb8uqRrAjAhscvh_2al2BomQTHQZSywYPBJBqnn-dM3HmA0tOiStXXVMhgTqwdc2xmNBopVB4OY7Cp7shgrx0gU9rBMbHw.mp4?_nc_cat=106&_nc_oc=AdqguUTOEtVm5AkMyWOPvi4v2BBKmhElmf4Xc8ZeVxY7WHF8a0HjzSX-YwXbu3v-wp14qbbkGosftVHGVe0KCC71&_nc_sid=ef5aa3&_nc_ht=video.fjai6-1.fna.fbcdn.net&_nc_ohc=72i6k7iSNRgQ7kNvwEHpa0B&efg=eyJ2ZW5jb2RlX3RhZyI6Inhwdl9wcm9ncmVzc2l2ZS5WSV9VU0VDQVNFX1BST0RVQ1RfVFlQRS4uQzMuMzYwLnN2ZV9zZCIsInhwdl9hc3NldF9pZCI6OTg3MjkxMTkwMzk1NDEwLCJhc3NldF9hZ2VfZGF5cyI6NTYsInZpX3VzZWNhc2VfaWQiOjEwNzk5LCJkdXJhdGlvbl9zIjo1NCwidXJsZ2VuX3NvdXJjZSI6Ind3dyJ9&ccb=17-1&_nc_gid=d4VTZoX8-E7cPRp18UICTw&_nc_ss=7b289&_nc_zt=28&oh=00_Af_1ZqWxyQloP5L_-3NvUASfYx0FmL8re7sTdq4lv4PsUg&oe=6A36D9F8 | Preview: https://scontent.fjai6-1.fna.fbcdn.net/v/t39.35426-6/675926365_1662639578097545_2937227396503431659_n.jpg?_nc_cat=103&ccb=1-7&_nc_sid=c53f8f&_nc_ohc=1HPATOvNeRkQ7kNvwEONWxY&_nc_oc=Adr5EcxDhuJdKtAUenGT4lSA72sOt8ztKETvUg_RYHOoYI_ieF9YiqjirJkp9uIEInTWEc0nBEbjU2uPUDvrQLke&_nc_zt=14&_nc_ht=scontent.fjai6-1.fna&_nc_gid=d4VTZoX8-E7cPRp18UICTw&_nc_ss=7b289&oh=00_Af9z-12rGizC6vwflLVwaucSlnX2VLElytuFoRnpM8z6Pg&oe=6A36B938,,,,,,,
2951626731699335,https://www.facebook.com/100093836321557/,fb.me,https://www.facebook.com/100093836321557/,,,,,,,,,116703961453228,http://fb.me/,Ultra Luxury Properties,https://www.facebook.com/ads/library/?id=2951626731699335,"Your Dream Home Awaits!
🏙️ India's Biggest Developer - Iconic Living Near India Gate
🏡 Prices Starting at ₹3.25 Cr | Luxury Meets Convenience*
🏦 Luxury 3&4 BHK Apartments

✨ Key Highlights

Payment Plan - 30:40:30
Just 20 minutes away from India Gate
Developed by one of India's Largest Listed Developers
Set within a 60-acre integrated township with premium amenities
📞 Book Your Exclusive Tour Today! Limited Units Available!",179,Get quote,fb.me,"FACEBOOK; INSTAGRAM",2026-04-13,2026-06-15,,Original: https://scontent.fjai6-1.fna.fbcdn.net/v/t39.35426-6/671179969_1633746617829104_7697354779576054543_n.jpg?_nc_cat=104&ccb=1-7&_nc_sid=c53f8f&_nc_ohc=w0VmZUe4_H8Q7kNvwEC_RhL&_nc_oc=AdpIYBGqt-6hoiYT6uoFUc_jbWLiPkrwZPv-ddqvOP6L5pC4nBQ6jDAFHBTpchxHI-AWqytMICDK3w0WfICLrc-p&_nc_zt=14&_nc_ht=scontent.fjai6-1.fna&_nc_gid=d4VTZoX8-E7cPRp18UICTw&_nc_ss=7b289&oh=00_Af9SBUTgSLJUKtkv1enXrZ141WB-H-Iq6lpiZOd0o4iJxA&oe=6A36E2A9 | Resized: https://scontent.fjai6-1.fna.fbcdn.net/v/t39.35426-6/669292886_1271159211216602_3475659838612778213_n.jpg?stp=dst-jpg_s600x600_tt6&_nc_cat=109&ccb=1-7&_nc_sid=c53f8f&_nc_ohc=sOB0uAKNndcQ7kNvwG7Pnv3&_nc_oc=AdrNCq97Rde4FOff65XOMsO0ASzkm8ZowkZ0tleQpklNKooiRX0e3aUrywXpUJWTjsjMtYVIIfd37fqqJ0ydISTd&_nc_zt=14&_nc_ht=scontent.fjai6-1.fna&_nc_gid=d4VTZoX8-E7cPRp18UICTw&_nc_ss=7b289&oh=00_Af-LoR8tzdPIDSFCKieXv2CRfY9PJPDzzTXGjAeCGPSlbg&oe=6A36C1D9,,,,,,
1349704913632765,https://www.facebook.com/inspirabuilder/,fb.me,https://www.facebook.com/inspirabuilder/,,,,digital@inspirabuilders.com,+91 76767 80000,,,,879992248778487,http://fb.me/,Inspira Builders,https://www.facebook.com/ads/library/?id=1349704913632765,"Premium Residential Villa Plots | Inspira Smart City | Harakere, Shivamogga.

✅Project Highlights :
 
➣ Luxury Villa Plotted Community Development
➣ 35 Acres Integrated Township
➣ 400+ Plots - 30x50 | 40x60
➣ RERA & SUDA Approved 
➣ 30+ Luxury Amenities with Clubhouse
➣ 5 Mins from nearby Hospitals & Colleges
➣ Landscape Garden with Natural Trees

Bookings are now open📋!",88511,Book now,fb.me,"FACEBOOK; INSTAGRAM; AUDIENCE_NETWORK",2026-04-10,2026-06-14,,Original: https://scontent.fjai6-1.fna.fbcdn.net/v/t39.35426-6/669767647_1602657184356571_5726398116368657938_n.jpg?_nc_cat=100&ccb=1-7&_nc_sid=c53f8f&_nc_ohc=bMnof8bT8pQQ7kNvwEU5WV7&_nc_oc=AdqVClAzFSWpDlY-PyUGtlSgunVreewWgcljqFJNdXeKaMed7NF0ntUr_BOgDcLJe3eiX_GlvMvq85M57Es3AtWP&_nc_zt=14&_nc_ht=scontent.fjai6-1.fna&_nc_gid=d4VTZoX8-E7cPRp18UICTw&_nc_ss=7b289&oh=00_Af9in0z8q-dG6K9S7Do6XH0HQqRj2VQKoZ97ISZpxnaQ7A&oe=6A36C0EC | Resized: https://scontent.fjai6-1.fna.fbcdn.net/v/t39.35426-6/670108261_1510581917083721_3670480606679894742_n.jpg?stp=dst-jpg_s600x600_tt6&_nc_cat=110&ccb=1-7&_nc_sid=c53f8f&_nc_ohc=SjnK9IvkWhsQ7kNvwFqyqV9&_nc_oc=Adp7CVLNYSUsO8HhNt3691Nh2UQA29xilNJyw_oCTA-2sAon1jDFJod5tzgK2eHHExp_hcmoKf4TLKJr0UdvKTSX&_nc_zt=14&_nc_ht=scontent.fjai6-1.fna&_nc_gid=d4VTZoX8-E7cPRp18UICTw&_nc_ss=7b289&oh=00_Af_Ca72PBrYdEXOMjc5vmhjzYbPceNJeIMot4v0D90i4IQ&oe=6A36B07D,,,,,,
1457176459471765,https://www.facebook.com/100093836321557/,fb.me,https://www.facebook.com/100093836321557/,,,,,,,,,116703961453228,http://fb.me/,Ultra Luxury Properties,https://www.facebook.com/ads/library/?id=1457176459471765,"Your Dream Home Awaits!
🏙️ India's Biggest Developer - Iconic Living Near India Gate
🏡 Prices Starting at ₹3.25 Cr | Luxury Meets Convenience*
🏦 Luxury 3&4 BHK Apartments

✨ Key Highlights

Payment Plan - 30:40:30
Just 20 minutes away from India Gate
Developed by one of India's Largest Listed Developers
Set within a 60-acre integrated township with premium amenities
📞 Book Your Exclusive Tour Today! Limited Units Available!",179,Get quote,fb.me,"FACEBOOK; INSTAGRAM",2026-04-13,2026-06-02,,Original: https://scontent.fjai6-1.fna.fbcdn.net/v/t39.35426-6/671005998_1902577700424539_3106793590353132959_n.jpg?_nc_cat=106&ccb=1-7&_nc_sid=c53f8f&_nc_ohc=J5_rOFJ-S8wQ7kNvwGpR8yN&_nc_oc=AdqqlkB9h4GjHjGOetCm4pCX-higHRy-DNNNV4NQ-c9TuDlIP_R67E39PXZUuGP9vq1sVkJ66YhaZrQH9JS50gG5&_nc_zt=14&_nc_ht=scontent.fjai6-1.fna&_nc_gid=A5OMWqLs0cJSTQtVcc5Lpg&_nc_ss=7b289&oh=00_Af-qPV0NOfmsR6_La9phe7ucPECIVOXtgINwCmf0tssV0Q&oe=6A36C5D0 | Resized: https://scontent.fjai6-1.fna.fbcdn.net/v/t39.35426-6/672118425_668792652995316_7624937190120253854_n.jpg?stp=dst-jpg_s600x600_tt6&_nc_cat=104&ccb=1-7&_nc_sid=c53f8f&_nc_ohc=BFFh60R9Z-8Q7kNvwGwnRBn&_nc_oc=Ado5gOLB4TgUNnwheU1PX6vKqbF-ytABe3ClNrrKDpc2s_u14oil2X8bzBl1yf7vUcZ4CF13mfjmgchwypMVQYHd&_nc_zt=14&_nc_ht=scontent.fjai6-1.fna&_nc_gid=A5OMWqLs0cJSTQtVcc5Lpg&_nc_ss=7b289&oh=00_Af8JcGwxzIFsOZljudJEvsKQ1-AHJ_DqqF63sF-TZRSElQ&oe=6A36C7BB,,,,,,
1947689872540470,https://www.facebook.com/SignatureGlobal/,signatureglobal.in,https://www.facebook.com/SignatureGlobal/,,,,"customercare@signatureglobal.in, escalation@signatureglobal.in, info@signatureglobal.in, feedback@signatureglobal.in, media@signatureglobal.in, infosec@signatureglobal.in","+911149281700, +911244398011, 0124-4908200, 9311144624, 9311144630, 8527120120, 01244908200, +919311144624, +911244908200",,,,792137190800558,https://www.signatureglobal.in/residential/city-of-colours,Signature Global,https://www.facebook.com/ads/library/?id=1947689872540470,"Premium residential plots at City of Colours within a 135.72-acres integrated township crafted with planned infrastructure, open spaces, and strong appreciation potential.

Create a home that reflects your vision while securing an investment for generations to come.

Now available with an Exclusive 20:80 Payment Plan*

*T&C Apply

Own Your Plot That Brings A Whole New Space For You And Your Family.",107385,Book now,signatureglobal.in,"FACEBOOK; INSTAGRAM; MESSENGER; THREADS",2026-06-01,2026-06-15,,Original: https://scontent.fjai6-1.fna.fbcdn.net/v/t39.35426-6/710226729_1293296072973044_4248431256404771050_n.jpg?_nc_cat=100&ccb=1-7&_nc_sid=c53f8f&_nc_ohc=XCo0ZkUwaKoQ7kNvwFhP91m&_nc_oc=AdrnJLFxEQcarJEHMlgFSaIY09O5zVDqp01vwGlK2tW2M5F36CengXlMclvgwQU5fkya30dv5QjRLV35lU6Sq0jU&_nc_zt=14&_nc_ht=scontent.fjai6-1.fna&_nc_gid=A5OMWqLs0cJSTQtVcc5Lpg&_nc_ss=7b289&oh=00_Af_eYZhbOWKaiqJhr5MKlOBrOHK4fsyqXBMR8f3ntRTImA&oe=6A36C4D6 | Resized: https://scontent.fjai6-1.fna.fbcdn.net/v/t39.35426-6/710373096_1260554069261467_805195003343889870_n.jpg?stp=dst-jpg_s600x600_tt6&_nc_cat=109&ccb=1-7&_nc_sid=c53f8f&_nc_ohc=PVNlbsL3MQMQ7kNvwG0Di_d&_nc_oc=AdoO2Zf_jc7yDMN7Csb7F9Z24f1djC-pwKRxrV3amgPAj7-1nEYPTtCjOiFcAVHZsDiSRmG5wt0gjzuvdtqt5z0T&_nc_zt=14&_nc_ht=scontent.fjai6-1.fna&_nc_gid=A5OMWqLs0cJSTQtVcc5Lpg&_nc_ss=7b289&oh=00_Af91RK9TfKXFnkW21QxIFZaDhWwDq7Z_jM8sf16xL2mlhA&oe=6A36DEFE,,,,,,
1041777408525330,https://www.facebook.com/61568909439175/,sansacountybyauro.aurorealty.com,https://www.facebook.com/61568909439175/,,,,,"01100005179, +91 91212 22851",,,,489136254285054,https://sansacountybyauro.aurorealty.com/sector-3/,Sansa County By Auro Tattva,https://www.facebook.com/ads/library/?id=1041777408525330,"Luxury today isn’t about living in the middle of chaos anymore.

At Sansa County by Auro Realty, it’s about space, privacy, and an integrated township living.

✨ 313-Acre Integrated Township
🌊 70-Acre Lakeside Living
🏡 Premium 4BHK Triplex Villas
📐 300 & 405 Sq. Yds. Villas
📍 ORR Exit 3, Patancheru
🌿 30+ Premium Lifestyle Amenities
🏢 Villas, Apartments, Plots & Commercial Spaces
💰 Flexible 40:30:30 Payment Plan

Book your site visit today.",773,Get quote,https://sansacountybyauro.aurorealty.com/sector-3/,"FACEBOOK; INSTAGRAM",2026-06-01,2026-06-14,,,"Luxury today isn’t about living in the middle of chaos anymore.

At Sansa County by Auro Realty, it’s about space, privacy, and an integrated township living.

✨ 313-Acre Integrated Township
🌊 70-Acre Lakeside Living
🏡 Premium 4BHK Triplex Villas
📐 300 & 405 Sq. Yds. Villas
📍 ORR Exit 3, Patancheru
🌿 30+ Premium Lifestyle Amenities
🏢 Villas, Apartments, Plots & Commercial Spaces
💰 Flexible 40:30:30 Payment Plan

Book your site visit today. || Luxury today isn’t about living in the middle of chaos anymore.

At Sansa County by Auro Realty, it’s about space, privacy, and an integrated township living.

✨ 313-Acre Integrated Township
🌊 70-Acre Lakeside Living
🏡 Premium 4BHK Triplex Villas
📐 300 & 405 Sq. Yds. Villas
📍 ORR Exit 3, Patancheru
🌿 30+ Premium Lifestyle Amenities
🏢 Villas, Apartments, Plots & Commercial Spaces
💰 Flexible 40:30:30 Payment Plan

Book your site visit today. || Luxury today isn’t about living in the middle of chaos anymore.

At Sansa County by Auro Realty, it’s about space, privacy, and an integrated township living.

✨ 313-Acre Integrated Township
🌊 70-Acre Lakeside Living
🏡 Premium 4BHK Triplex Villas
📐 300 & 405 Sq. Yds. Villas
📍 ORR Exit 3, Patancheru
🌿 30+ Premium Lifestyle Amenities
🏢 Villas, Apartments, Plots & Commercial Spaces
💰 Flexible 40:30:30 Payment Plan

Book your site visit today.",https://sansacountybyauro.aurorealty.com/sector-3/ || https://sansacountybyauro.aurorealty.com/sector-3/ || https://sansacountybyauro.aurorealty.com/sector-3/,https://sansacountybyauro.aurorealty.com/sector-3/ || https://sansacountybyauro.aurorealty.com/sector-3/ || https://sansacountybyauro.aurorealty.com/sector-3/,Get Quote || Get Quote || Get Quote,Original: https://scontent.fjai6-1.fna.fbcdn.net/v/t39.35426-6/713645084_1298065812502544_535837293027828787_n.jpg?_nc_cat=106&ccb=1-7&_nc_sid=c53f8f&_nc_ohc=pvN6MAFRX7EQ7kNvwEmnwf0&_nc_oc=Adp8JcEecBVoBZ6G7esS4G8kigG59zeLgJJQPphSTfCEKeHXBH1wwMf2hNFhUZ-ZsVMkZ5U_eZWcviywvfBUbR9U&_nc_zt=14&_nc_ht=scontent.fjai6-1.fna&_nc_gid=A5OMWqLs0cJSTQtVcc5Lpg&_nc_ss=7b289&oh=00_Af-QLUZZG7HS7MlZAQ5EmHDoDATiA5o88rLmUYXehxoDoA&oe=6A36E0BE | Resized: https://scontent.fjai6-1.fna.fbcdn.net/v/t39.35426-6/710432299_1492969291852078_6436644375270774616_n.jpg?stp=dst-jpg_s600x600_tt6&_nc_cat=107&ccb=1-7&_nc_sid=c53f8f&_nc_ohc=fbBi0MOeNCUQ7kNvwFDwj8z&_nc_oc=Adq0RM9laYn_4l03renKf4VpQgaJLp412oQxf44xZ6O0S8OKpa82KpLFWiHsabqW-LXvoAAuSAmXWccpfsHFG5s4&_nc_zt=14&_nc_ht=scontent.fjai6-1.fna&_nc_gid=A5OMWqLs0cJSTQtVcc5Lpg&_nc_ss=7b289&oh=00_Af9p2tLPuNYVCSy2BbhDg0MDjPwtt7crLBvKQrHP8hg-TQ&oe=6A36B0C4 || Original: https://scontent.fjai6-1.fna.fbcdn.net/v/t39.35426-6/710252403_2170885843746500_2295029959056952632_n.jpg?_nc_cat=110&ccb=1-7&_nc_sid=c53f8f&_nc_ohc=6bXUzUedOAYQ7kNvwEH-cIj&_nc_oc=Adozz1ne7bR1RTPwDIAhSYSuhWH0JKHI7wAcBVf-jT4g06UavNaQsOrUKH92tVsAKOyKA3a3UedkathXRT_XpKHJ&_nc_zt=14&_nc_ht=scontent.fjai6-1.fna&_nc_gid=A5OMWqLs0cJSTQtVcc5Lpg&_nc_ss=7b289&oh=00_Af_uP2bWMMxcyL6HObNHDZj239BmUjr6vQdPMgC9TSYSAQ&oe=6A36DB95 | Resized: https://scontent.fjai6-1.fna.fbcdn.net/v/t39.35426-6/714611808_1506399044197633_4591968609521319391_n.jpg?stp=dst-jpg_s600x600_tt6&_nc_cat=105&ccb=1-7&_nc_sid=c53f8f&_nc_ohc=W5eKDarvBvcQ7kNvwGTCIA5&_nc_oc=AdpMiao4qYL4hK_G4GYmF5CxXHY_kqhR_yqoqqIyt2zTjG-MNfhXdkhv11wnTi8fDtrHrs1V2-MuinGIN-dp-Vqm&_nc_zt=14&_nc_ht=scontent.fjai6-1.fna&_nc_gid=A5OMWqLs0cJSTQtVcc5Lpg&_nc_ss=7b289&oh=00_Af8eMaeiUfOZkMgpayO17C8mvidPYU2zu83eGIeSuI3eRw&oe=6A36D69F || Original: https://scontent.fjai6-1.fna.fbcdn.net/v/t39.35426-6/713143561_847065198471758_7378160035801677506_n.jpg?_nc_cat=100&ccb=1-7&_nc_sid=c53f8f&_nc_ohc=aE6n7t3AQJMQ7kNvwFG-O80&_nc_oc=Adrc9f7MyXTdqrQprImddM2fFqPSO6c-OeaqWd9J5Ss041xo4bJZmzVZjUgq0xgVuQSdDss-ApFsRIu2_gi9eOq9&_nc_zt=14&_nc_ht=scontent.fjai6-1.fna&_nc_gid=A5OMWqLs0cJSTQtVcc5Lpg&_nc_ss=7b289&oh=00_Af88eRexTlskaqXr9kFTvNMChHC8twtzAm_z--JgMHUbzg&oe=6A36C7AB | Resized: https://scontent.fjai6-1.fna.fbcdn.net/v/t39.35426-6/713645086_1373881457898446_7730479640754574029_n.jpg?stp=dst-jpg_s600x600_tt6&_nc_cat=107&ccb=1-7&_nc_sid=c53f8f&_nc_ohc=OgtG42nEwoYQ7kNvwHHeL6J&_nc_oc=Adodo-vSO4UdjDsvziCmqs1GYI_UghUPnK1m_8Z7PVu1iznePHLk5WmZK1trmCrbrUjCSNhVCzdD2p9oXSnryizo&_nc_zt=14&_nc_ht=scontent.fjai6-1.fna&_nc_gid=A5OMWqLs0cJSTQtVcc5Lpg&_nc_ss=7b289&oh=00_Af_tWcjBCsTtZH-vWI8Yg75vxf7GmNY1vqqS7VjlqRG8pw&oe=6A36C080,
1537824131232432,https://www.facebook.com/therightlifeofficial/,,https://www.facebook.com/therightlifeofficial/,,,,enquiry@therightlife.in,+91 76765 55000,,,,123158527554647,,The Right Life,https://www.facebook.com/ads/library/?id=1537824131232432,"Ranbir Kapoor’s 4 steps to living the perfect life:
1️⃣ Get outdoors 🌳
2️⃣ Learn to get lost in the moment 🍃
3️⃣ Move to The Right Life by MANA Skanda 🏡
4️⃣ Always listen to your... well, you’ll have to watch until the end to find out who you actually need to listen to 😉👇

Welcome to a 100-acre integrated township designed for a fulfilling life combining beautiful homes, green spaces, wellness, and unmatched convenience.
Step into a wonderland for all ages. Your Right Life starts here.

 (Integrated township, luxury living, sustainable lifestyle, wellness living, green spaces, modern homes, community living, Bengaluru real estate, premium residences, family living, nature-inspired living, MANA Skanda, The Right Life, urban convenience, lifestyle homes)

#TheRightLife #ManaSkanda #LuxuryLiving #IntegratedTownship #RanbirKapoor",52261,,,"FACEBOOK; INSTAGRAM; AUDIENCE_NETWORK; WHATSAPP; THREADS",2026-06-03,2026-06-15,HD: https://video.fjai6-1.fna.fbcdn.net/o1/v/t2/f2/m367/AQPN7HQHUY2ePTk9lxpy07RivZ8xcRROHk8Sj5WtJnWi660LxWtQ9_5X2p18TWvzWhRtApMVimylmOKZgjUZ-iDyOKHe2im-jr-5yh6B5Q.mp4?_nc_cat=105&_nc_oc=AdpIWFflpSruCNdN9TXV-CMLMYT2WjHVxUB73Og0sf9lFExyLMVtINrjdYJyPfXZurV5CxlvUrKEwEPRsblOOeua&_nc_sid=ef5aa3&_nc_ht=video.fjai6-1.fna.fbcdn.net&_nc_ohc=3qj_Xy0_3r0Q7kNvwEtD50v&efg=eyJ2ZW5jb2RlX3RhZyI6Inhwdl9wcm9ncmVzc2l2ZS5WSV9VU0VDQVNFX1BST0RVQ1RfVFlQRS4uQzMuMTI4MC5wcm9ncmVzc2l2ZV9oMjY0LWJhc2ljLWdlbjJfNzIwcCIsInhwdl9hc3NldF9pZCI6MTc5NDk4MjAyMTgwNzc3MDUsImFzc2V0X2FnZV9kYXlzIjoyNCwidmlfdXNlY2FzZV9pZCI6MTAwOTksImR1cmF0aW9uX3MiOjc2LCJ1cmxnZW5fc291cmNlIjoid3d3In0%3D&ccb=17-1&_nc_gid=A5OMWqLs0cJSTQtVcc5Lpg&_nc_ss=7b289&_nc_zt=28&oh=00_Af_jUlauLhNKQ3R9YXiEOp9FFZbgb7niF6EmnupWxT2P4w&oe=6A36AF69 | SD: https://video.fjai6-1.fna.fbcdn.net/o1/v/t2/f2/m367/AQOBWzmJEYVEhY3c26Zy7Qy0YfOlUXKRfTx12SKRstlr6_7krLfxQ3OgMlRsuXbPPy0jG2qNhZCkdAsDQLtUJXobglGvjOIPO8zy_qHiyQ.mp4?_nc_cat=104&_nc_oc=Adq9kov7dClI2JTNPVCkCUcx282ygfiPdukTaSSt7uejvqHGDMgXX1e6V4NA43nfcvMMqJVKZpXuDZRJo-XzvvKL&_nc_sid=ef5aa3&_nc_ht=video.fjai6-1.fna.fbcdn.net&_nc_ohc=5pP400YCcDoQ7kNvwEGD-40&efg=eyJ2ZW5jb2RlX3RhZyI6Inhwdl9wcm9ncmVzc2l2ZS5WSV9VU0VDQVNFX1BST0RVQ1RfVFlQRS4uQzMuNjQwLnByb2dyZXNzaXZlX2gyNjQtYmFzaWMtZ2VuMl8zNjBwIiwieHB2X2Fzc2V0X2lkIjoxNzk0OTgyMDIxODA3NzcwNSwiYXNzZXRfYWdlX2RheXMiOjI0LCJ2aV91c2VjYXNlX2lkIjoxMDA5OSwiZHVyYXRpb25fcyI6NzYsInVybGdlbl9zb3VyY2UiOiJ3d3cifQ%3D%3D&ccb=17-1&_nc_gid=A5OMWqLs0cJSTQtVcc5Lpg&_nc_ss=7b289&_nc_zt=28&oh=00_Af94Bloyny0ROoWFnPBCsa19OH-ZckvnpY9qZN49hSJZKg&oe=6A36BA2A | Preview: https://scontent.fjai6-1.fna.fbcdn.net/v/t39.35426-6/714776318_1521611503011164_4633590880734031984_n.jpg?_nc_cat=102&ccb=1-7&_nc_sid=c53f8f&_nc_ohc=p2MFA436Q_IQ7kNvwF-8oo7&_nc_oc=Adpb_mwVmvXOz04VQ1A1TDjxLJxa-97eIbSbYi6htQQXmz5db_OEWJ7EkFRWT2uDT9mkWcoJcdNIZv0f4WENxum4&_nc_zt=14&_nc_ht=scontent.fjai6-1.fna&_nc_gid=A5OMWqLs0cJSTQtVcc5Lpg&_nc_ss=7b289&oh=00_Af-PWEk3eHMfGgEBDqjEWy5NiM4P2OxJz-fZBMH7_T1PJw&oe=6A36B0CF,,,,,,,
1254116763568550,https://www.facebook.com/ssprimeinfra/,fb.me,https://www.facebook.com/ssprimeinfra/,,,,sales@ssprimeinfra.com,+91 98989 81498,,,,116648077973746,http://fb.me/,SS Prime Infra,https://www.facebook.com/ads/library/?id=1254116763568550,"✅ Carpet 1357 to 2260 Sq.ft
✅ Integrated Acres Township
✅ Chic Design Paired with Superior Finishes
✅ 25+ Curated Lifestyle Amenities – From Zen Zones 
  to Fitness Pods",494,Get offer,fb.me,"FACEBOOK; INSTAGRAM",2026-04-16,2026-06-15,HD: https://video.fjai6-1.fna.fbcdn.net/o1/v/t2/f2/m366/AQOj0EJX2eFpxJHXAj51nOYLl1oO8swSK-RjW_KOyVTSGZ140maiVuyBhJsPifBqvZ-YGkmsCsI0nKxeiNVt66h7fZkwxwAGmmI3wsuJDG2lRw.mp4?_nc_cat=103&_nc_oc=AdrrqfLCaFHwyTq9cik-Ub_nevhKIeziJ68DoUwumS7_e1gIR12cHK-N7EL50ZHvVsiFEDO8hoCR8XQDUvENiO79&_nc_sid=b66105&_nc_ht=video.fjai6-1.fna.fbcdn.net&_nc_ohc=gPK9mXAEuo4Q7kNvwFVVjre&efg=eyJ2ZW5jb2RlX3RhZyI6Inhwdl9wcm9ncmVzc2l2ZS5WSV9VU0VDQVNFX1BST0RVQ1RfVFlQRS4uQzMuNzIwLmRhc2hfaDI2NC1iYXNpYy1nZW4yXzcyMHAiLCJ4cHZfYXNzZXRfaWQiOjI2MjkwNjk1ODkwNjAwNDMwLCJhc3NldF9hZ2VfZGF5cyI6NjAsInZpX3VzZWNhc2VfaWQiOjEwNzk5LCJkdXJhdGlvbl9zIjozMiwidXJsZ2VuX3NvdXJjZSI6Ind3dyJ9&ccb=17-1&vs=f5babfcfd030a90a&_nc_vs=HBksFQIYRWZiX2VwaGVtZXJhbC84QTRCREVCNjcyRTU1RDlGRkVBMUU2RDgwNzExOEZCQl9tdF8xX3ZpZGVvX2Rhc2hpbml0Lm1wNBUAAsgBEgAVAhhAZmJfcGVybWFuZW50Lzg5NDhEN0MwRUQ4OTdGNzcxNjI1MUE2RkU3NkUzMEExX2F1ZGlvX2Rhc2hpbml0Lm1wNBUCAsgBEgAoABgAGwKIB3VzZV9vaWwBMRJwcm9ncmVzc2l2ZV9yZWNpcGUBMRUAACbch6jX9M-zXRUCKAJDMywXQEBmZmZmZmYYGWRhc2hfaDI2NC1iYXNpYy1nZW4yXzcyMHARAHUAZd6oAQA&_nc_gid=A5OMWqLs0cJSTQtVcc5Lpg&_nc_ss=7b289&_nc_zt=28&oh=00_Af-ef4x-Bp7WwU-yd1XuSs5fpQvfO6XzhAn6EhsPCmiGEw&oe=6A36C4CD | SD: https://video.fjai6-1.fna.fbcdn.net/o1/v/t2/f2/m412/AQN5KA6ujZlCFh6w7FZT0ozklICpPJd2ViNyW575Ej92BOndaqmSMg6HguFY0HGudBgcVndMgXoQTOO-_wvu2gPjbLjRkGKqrQQwsM49Mg.mp4?_nc_cat=106&_nc_oc=AdrTITRJf2CHZveveBqvq3yNBnmMUgLDIie-oRBEGN_IT79mfmADfBvkFnORyspuQNYRxZLOPb_j83_htpIxBDL8&_nc_sid=ef5aa3&_nc_ht=video.fjai6-1.fna.fbcdn.net&_nc_ohc=PVNa8TuNz1MQ7kNvwGSH7BF&efg=eyJ2ZW5jb2RlX3RhZyI6Inhwdl9wcm9ncmVzc2l2ZS5WSV9VU0VDQVNFX1BST0RVQ1RfVFlQRS4uQzMuMzYwLnN2ZV9zZCIsInhwdl9hc3NldF9pZCI6MjYyOTA2OTU4OTA2MDA0MzAsImFzc2V0X2FnZV9kYXlzIjo2MCwidmlfdXNlY2FzZV9pZCI6MTA3OTksImR1cmF0aW9uX3MiOjMyLCJ1cmxnZW5fc291cmNlIjoid3d3In0%3D&ccb=17-1&_nc_gid=A5OMWqLs0cJSTQtVcc5Lpg&_nc_ss=7b289&_nc_zt=28&oh=00_Af8P2w3dnVXnM2fWPrCOxashpVYc_RkK5xpe6Ka7D6QZ8g&oe=6A36D7A0 | Preview: https://scontent.fjai6-1.fna.fbcdn.net/v/t39.35426-6/674161289_26622114430806596_6271828283860591370_n.jpg?_nc_cat=110&ccb=1-7&_nc_sid=c53f8f&_nc_ohc=lASOsbahhtMQ7kNvwFGWVPV&_nc_oc=AdrUiF4TTjLM85rcbN6D-LLBh8MJ9VEZWJ9bQZwnme67pxAAhCOZ64Q3KVu77_a7SAL1GCa2rPFprJ0jDioYbCVT&_nc_zt=14&_nc_ht=scontent.fjai6-1.fna&_nc_gid=A5OMWqLs0cJSTQtVcc5Lpg&_nc_ss=7b289&oh=00_Af-38uKAe--bUNt-UM4HprRiPhVDHJmIcRATVoUHAhys8Q&oe=6A36D59C,,,,,,,
950192417902935,https://www.facebook.com/Valuepersqft/,fb.me,https://www.facebook.com/Valuepersqft/,,,,info@valuepersqft.com,+91 97398 15466,,,,321421378611576,http://fb.me/,Valuepersqft,https://www.facebook.com/ads/library/?id=950192417902935,"Experience the largest child-centric Integrated Township in Bengaluru
Located on Sarjapur Varthur Main Road
✨ 100+ lifestyle amenities
🏢 One of the largest clubhouses with over 1 lakh sqft
🏘️ Multiple clubhouses for entire 100+ acres
🌳 84% open space
🌿 Biophilic landscape design",1272,Get offer,fb.me,"FACEBOOK; INSTAGRAM; AUDIENCE_NETWORK",2026-05-10,2026-06-15,HD: https://video.fjai6-1.fna.fbcdn.net/o1/v/t2/f2/m366/AQMsL2z1r5U7MzvNCE7kkrBF6yIHz8jOPMco2QA7pbHslMKRp0FSpqesloL14kNIAjpi68kSYqnIa99KhM6Uw00-G89ByfWnpKANssrfmjPr2Q.mp4?_nc_cat=107&_nc_oc=AdoZA4hnWpqH5uuZXyC9JGxaC7w9ZjIfZwqbdRtbiQj6RBDYOctSbRwV6fFtOR_zA1VX_aBW66aDp6taG6FinAYA&_nc_sid=b66105&_nc_ht=video.fjai6-1.fna.fbcdn.net&_nc_ohc=yYECnDecYBgQ7kNvwHKKJu7&efg=eyJ2ZW5jb2RlX3RhZyI6Inhwdl9wcm9ncmVzc2l2ZS5WSV9VU0VDQVNFX1BST0RVQ1RfVFlQRS4uQzMuNzIwLmRhc2hfaDI2NC1iYXNpYy1nZW4yXzcyMHAiLCJ4cHZfYXNzZXRfaWQiOjIzOTA3OTc2ODQ3MjgwMjcsImFzc2V0X2FnZV9kYXlzIjo2NiwidmlfdXNlY2FzZV9pZCI6MTA3OTksImR1cmF0aW9uX3MiOjYyLCJ1cmxnZW5fc291cmNlIjoid3d3In0%3D&ccb=17-1&vs=39f99987c6a9867&_nc_vs=HBksFQIYRWZiX2VwaGVtZXJhbC82MjRFQzYxNDRGMTIzMjVCMUE3MERBQjNDQjg4OTk4OV9tdF8xX3ZpZGVvX2Rhc2hpbml0Lm1wNBUAAsgBEgAVAhhAZmJfcGVybWFuZW50LzY0NDczODc0MDgyODY1RUM0RTdCNzY4OTQwODA3NDlEX2F1ZGlvX2Rhc2hpbml0Lm1wNBUCAsgBEgAoABgAGwKIB3VzZV9vaWwBMRJwcm9ncmVzc2l2ZV9yZWNpcGUBMRUAACa2g9Pr3pq_CBUCKAJDMywXQE8dLxqfvncYGWRhc2hfaDI2NC1iYXNpYy1nZW4yXzcyMHARAHUAZd6oAQA&_nc_gid=cu0U_jrgdiNMZDep6gE3ZA&_nc_ss=7b289&_nc_zt=28&oh=00_Af8v6L_B3_mHsJwbxjjPNtkO5xKiQv1AYigwKQ5njZ-mRg&oe=6A36D901 | SD: https://video.fjai6-1.fna.fbcdn.net/o1/v/t2/f2/m412/AQMdnhFXq1mRB33oDTargW9yg8VsKTvtEColntpyOgFsmJVyTc37E3tkLgLNvlKLTU3CEvYLXnJeRMdnxYq3lCy9TxsECuRM8eRYhj2qIw.mp4?_nc_cat=110&_nc_oc=Adp9bZ0fU5BkuukYkejAu0TnnOGajEdm7wGvAHjU2N_GHb7zOWVqCwdwgLegoXZ2S1Uvvu3cZfBSWBPIvAUL_Gdr&_nc_sid=ef5aa3&_nc_ht=video.fjai6-1.fna.fbcdn.net&_nc_ohc=BijDVlMjOrcQ7kNvwHddlEw&efg=eyJ2ZW5jb2RlX3RhZyI6Inhwdl9wcm9ncmVzc2l2ZS5WSV9VU0VDQVNFX1BST0RVQ1RfVFlQRS4uQzMuMzYwLnN2ZV9zZCIsInhwdl9hc3NldF9pZCI6MjM5MDc5NzY4NDcyODAyNywiYXNzZXRfYWdlX2RheXMiOjY2LCJ2aV91c2VjYXNlX2lkIjoxMDc5OSwiZHVyYXRpb25fcyI6NjIsInVybGdlbl9zb3VyY2UiOiJ3d3cifQ%3D%3D&ccb=17-1&_nc_gid=cu0U_jrgdiNMZDep6gE3ZA&_nc_ss=7b289&_nc_zt=28&oh=00_Af84wzMQQoNAdo8OwMaXTaHdTlONNYZybiYb6x-2kkBaCw&oe=6A36ADC8 | Preview: https://scontent.fjai6-1.fna.fbcdn.net/v/t39.35426-6/670281922_2146479822841560_4596405638317479263_n.jpg?_nc_cat=110&ccb=1-7&_nc_sid=c53f8f&_nc_ohc=zxQW4eMOXKoQ7kNvwGQ9uj_&_nc_oc=AdpV27wJsW77k1Ed9z9IP0l1tmgcQoFZjpw3VG_XcIj9y5sgoeZeqRa6jk4-WgLi4tX43VnZC-Tn85X757foQ48o&_nc_zt=14&_nc_ht=scontent.fjai6-1.fna&_nc_gid=cu0U_jrgdiNMZDep6gE3ZA&_nc_ss=7b289&oh=00_Af9LgMvdseQA3Af4b2Vx2o0A3pWmAoPqwNjjB1jkeZ8OTA&oe=6A36CDB5,,,,,,,
1033687379323770,https://www.facebook.com/trident.parktown/,tridentparktown.in,https://www.facebook.com/trident.parktown/,,,,,,,,,904581472739089,https://tridentparktown.in/?utm_source=Facebook&utm_medium=CTW&utm_campaign=Branding,Trident Parktown,https://www.facebook.com/ads/library/?id=1033687379323770,"Premium residential plots in Panipat’s most thoughtfully planned township — Introducing Trident Parktown by Trident Realty.

✔️Premium Residential Plots from ₹2 Cr*
✔️Panipat’s First Premium 125+ Acre Integrated Township
✔️Direct access from NH-44 | 60 mins from Delhi
✔️10 Theme-Based Parks & Green Corridors
✔️Well-Planned Internal Roads
✔️Ideal for custom-built homes",13215,Learn more,tridentparktown.in,"FACEBOOK; INSTAGRAM; AUDIENCE_NETWORK; THREADS",2026-05-03,2026-05-03,,Original: https://scontent.fjai6-1.fna.fbcdn.net/v/t39.35426-6/619307923_893996139883248_8286490260660138852_n.jpg?_nc_cat=102&ccb=1-7&_nc_sid=c53f8f&_nc_ohc=ATSuwl9RgzkQ7kNvwEtMwXN&_nc_oc=AdqTUIHflSL0lTZiYK8xVZWeObkNtea7_NmLQHNAOWcgAwv-AKEx3lfgzX7Pkb8cEqAsRvzBEImjhA6kNXDT5rIk&_nc_zt=14&_nc_ht=scontent.fjai6-1.fna&_nc_gid=cu0U_jrgdiNMZDep6gE3ZA&_nc_ss=7b289&oh=00_Af9EgmUjlAArkeFH1T0MPgNTHYnzDKMpnYNr5l1i_27umg&oe=6A36DE40 | Resized: https://scontent.fjai6-1.fna.fbcdn.net/v/t39.35426-6/618242824_2086856442078819_5505798200373380450_n.jpg?stp=dst-jpg_s600x600_tt6&_nc_cat=104&ccb=1-7&_nc_sid=c53f8f&_nc_ohc=w_vYMOVROLYQ7kNvwG0EsDD&_nc_oc=AdrOUXYu4LCsJKszAKIgd8SqkOVCJsl_fjA9f1g32IpMb-MtdHDCg8BMSUVgmnAnHTnrxFnVPTCb7pzg2ue4qLiP&_nc_zt=14&_nc_ht=scontent.fjai6-1.fna&_nc_gid=cu0U_jrgdiNMZDep6gE3ZA&_nc_ss=7b289&oh=00_Af8fO2ptz9z-ubqWBF2tS7r-1GxSlNxwxxlPLf-nlV6D_Q&oe=6A36D6AB,,,,,,
1804483326894441,https://www.facebook.com/61577743940818/,fb.me,https://www.facebook.com/61577743940818/,,,,,+91 81108 44455,,,,717270981463083,http://fb.me/,Doshi Housing - Risington ,https://www.facebook.com/ads/library/?id=1804483326894441,"✨ Own your dream home at Karapakkam, OMR! ✨

Discover 2 & 3 BHK premium apartments at Doshi Risington 2.0 – where comfort meets convenience.
🏢 Starting from just ₹1.01 Cr*
🌟 Spacious lifestyle, modern amenities & prime OMR location.
🏗️ RERA Approved | Trusted by 3,500+ families
🌳 12.4-acre integrated township | Clubhouse | Pool | Landscaped Gardens

📍 Karapakkam, OMR – close to IT hubs, schools & hospitals.

✅ Limited-time festive offers – book your home now!
📞 Call: 8110862626",369,Get offer,fb.me,"FACEBOOK; INSTAGRAM",2026-02-11,2026-06-15,HD: https://video.fjai6-1.fna.fbcdn.net/o1/v/t2/f2/m366/AQOs07d56dpUXCATcejFT9y7SGbZ4J_TMHnjdx7eoNjIcshLU3qmVyltf-sDmxgIGk_5Wm6IRxGiI_H_a0oWJPV_fFuIKuTHh0mzkQmbApR7dA.mp4?_nc_cat=104&_nc_oc=AdrzAU8yV-xVFnG9EfnZWWCDHXxmEoDZnCaWRkjfoZH5uNT0y1J6sCMttecN2AOHyA44MLIDKeWl2dkSdlipWXGn&_nc_sid=b66105&_nc_ht=video.fjai6-1.fna.fbcdn.net&_nc_ohc=u4L9PZfmctQQ7kNvwGfol_8&efg=eyJ2ZW5jb2RlX3RhZyI6Inhwdl9wcm9ncmVzc2l2ZS5WSV9VU0VDQVNFX1BST0RVQ1RfVFlQRS4uQzMuNzIwLmRhc2hfaDI2NC1iYXNpYy1nZW4yXzcyMHAiLCJ4cHZfYXNzZXRfaWQiOjEwNDIxODE2OTgxMzA1NDUsImFzc2V0X2FnZV9kYXlzIjoxMzIsInZpX3VzZWNhc2VfaWQiOjEwNzk5LCJkdXJhdGlvbl9zIjoxNDAsInVybGdlbl9zb3VyY2UiOiJ3d3cifQ%3D%3D&ccb=17-1&vs=31f21ac7076bcd99&_nc_vs=HBksFQIYRWZiX2VwaGVtZXJhbC80MjQ0M0QwQkNCQTUyMDMwQUNCRTJEN0M2MTZBMTU4RV9tdF8xX3ZpZGVvX2Rhc2hpbml0Lm1wNBUAAsgBEgAVAhhAZmJfcGVybWFuZW50L0U5NEVEMDY4NzQxMkQ5NjVBMDlDNjM1Q0RCMTU2NzhEX2F1ZGlvX2Rhc2hpbml0Lm1wNBUCAsgBEgAoABgAGwKIB3VzZV9vaWwBMRJwcm9ncmVzc2l2ZV9yZWNpcGUBMRUAACbiycTe-vbZAxUCKAJDMywXQGGLhR64UewYGWRhc2hfaDI2NC1iYXNpYy1nZW4yXzcyMHARAHUAZd6oAQA&_nc_gid=cu0U_jrgdiNMZDep6gE3ZA&_nc_ss=7b289&_nc_zt=28&oh=00_Af9RhWAc-SJZZ2-q6QQkDM2kO98FgYTVV7nHHtzciotkAw&oe=6A36BA20 | SD: https://video.fjai6-1.fna.fbcdn.net/o1/v/t2/f2/m412/AQMriQXAQZ412DSEYqt0RhiVfAwvnksNyG0-QaVJ6_vwxEjT9cL57G-GePOgr-pH6XwUTWf8xYD3Cjv9_zaC24Vum7i2YBZUqzL_MZwKZg.mp4?_nc_cat=106&_nc_oc=AdpghKBmJPzOvzOuJRQ9a94BTZaZqDaYuUFB1tIu1qhJxw6Y__IsWvVYE6GEcUbdV9TYTYEfQA6-qNywgEekjC-O&_nc_sid=ef5aa3&_nc_ht=video.fjai6-1.fna.fbcdn.net&_nc_ohc=bCd9O_GSOYAQ7kNvwEyzGMF&efg=eyJ2ZW5jb2RlX3RhZyI6Inhwdl9wcm9ncmVzc2l2ZS5WSV9VU0VDQVNFX1BST0RVQ1RfVFlQRS4uQzMuMzYwLnN2ZV9zZCIsInhwdl9hc3NldF9pZCI6MTA0MjE4MTY5ODEzMDU0NSwiYXNzZXRfYWdlX2RheXMiOjEzMiwidmlfdXNlY2FzZV9pZCI6MTA3OTksImR1cmF0aW9uX3MiOjE0MCwidXJsZ2VuX3NvdXJjZSI6Ind3dyJ9&ccb=17-1&_nc_gid=cu0U_jrgdiNMZDep6gE3ZA&_nc_ss=7b289&_nc_zt=28&oh=00_Af_HEisnXuVdSP2IctTRfGShRubAiDhY58fP6Zlp7jZiEg&oe=6A36BF44 | Preview: https://scontent.fjai6-1.fna.fbcdn.net/v/t39.35426-6/633439969_765913482779960_8411321829533347473_n.jpg?_nc_cat=107&ccb=1-7&_nc_sid=c53f8f&_nc_ohc=b2aiGCXzN7QQ7kNvwFguimr&_nc_oc=AdqBrqDEQybWHQ9DacXT0vVBc_ns-UL1z23E-HzHzYGcEZ1hQbPQ4VtylwXLC5DbVhDiDAiKGkuCnShsbus7jl_L&_nc_zt=14&_nc_ht=scontent.fjai6-1.fna&_nc_gid=cu0U_jrgdiNMZDep6gE3ZA&_nc_ss=7b289&oh=00_Af-y28sWusY9FJ0MJ3TD25kBv0AkJ5vMpjSquLzzZ7ZCBQ&oe=6A36E090,,,,,,,
952364247403266,https://www.facebook.com/HiranandaniParksOragadam/,,https://www.facebook.com/HiranandaniParksOragadam/,,,,hparks@hrealty.com,+91 44 4627 2999,,,,979620852112007,,Hiranandani Parks,https://www.facebook.com/ads/library/?id=952364247403266,"Spacious Hiranandani POCKET-FRIENDLY Apts. near Oragadam Jn. in Chennai
2BHK Apartments Starting at ₹57.22 Lakhs + Taxes

✅ Spacious 1070Sq.ft POCKET-FRIENDLY Apts. with Balcony
✅ Distinctive design,Energy-efficient and Ventilated Homes
✅ Vaastu Compliant Homes with efficient planning
✅ Mixed Use integrated township
✅ Located at Oragadam, fast appreciating!

DTCP & Rera Registered 
TNRERA/1/BLG/0397/2025

Schedule a Site Visit Today",82220,Learn more,,"FACEBOOK; INSTAGRAM",2026-05-11,2026-06-11,HD: https://video.fjai6-1.fna.fbcdn.net/o1/v/t2/f2/m366/AQMahWoWtI9s-pcqpaWteSAM-z9nW6AlBCYRxaIE2l2AEw2T--Sc_acLL1KTxfWarJWTydW-3EuzjP84Hc8q93wX6JEfx59sOup8tNPmgk3enw.mp4?_nc_cat=111&_nc_oc=AdqkI_5uNP1UwDj3pQeLPCI8n7qYFzrpjHfuVW5WsOcimiNkuRQEz6lJhYQrOKFXjs9bqN9aFYD2jraeqFhQMazX&_nc_sid=b66105&_nc_ht=video.fjai6-1.fna.fbcdn.net&_nc_ohc=u1ZN6VoJeaoQ7kNvwEwgPco&efg=eyJ2ZW5jb2RlX3RhZyI6Inhwdl9wcm9ncmVzc2l2ZS5WSV9VU0VDQVNFX1BST0RVQ1RfVFlQRS4uQzMuNzIwLmRhc2hfaDI2NC1iYXNpYy1nZW4yXzcyMHAiLCJ4cHZfYXNzZXRfaWQiOjEyMjU5MDc5MTY0MjI3MDMsImFzc2V0X2FnZV9kYXlzIjoxMDgsInZpX3VzZWNhc2VfaWQiOjEwNzk5LCJkdXJhdGlvbl9zIjo2OSwidXJsZ2VuX3NvdXJjZSI6Ind3dyJ9&ccb=17-1&vs=284cfcc6ce0cd159&_nc_vs=HBksFQIYRWZiX2VwaGVtZXJhbC9CODQ5MkM2Nzk5Q0QzNDA5M0NCNUUzRDNGODU0MjJCQV9tdF8xX3ZpZGVvX2Rhc2hpbml0Lm1wNBUAAsgBEgAVAhhAZmJfcGVybWFuZW50LzRDNDNDNTQ2MTUxRDhGNjEzRjg4NTlDOTVCRTUzNzlEX2F1ZGlvX2Rhc2hpbml0Lm1wNBUCAsgBEgAoABgAGwKIB3VzZV9vaWwBMRJwcm9ncmVzc2l2ZV9yZWNpcGUBMRUAACbe-JXenb2tBBUCKAJDMywXQFF90vGp--cYGWRhc2hfaDI2NC1iYXNpYy1nZW4yXzcyMHARAHUAZd6oAQA&_nc_gid=cu0U_jrgdiNMZDep6gE3ZA&_nc_ss=7b289&_nc_zt=28&oh=00_Af9LfxjlnOdnfckK1yRuhhS8yDiGq7XTuNDwVQofEz592Q&oe=6A36E1DD | SD: https://video.fjai6-1.fna.fbcdn.net/o1/v/t2/f2/m412/AQMv7X7YzxSTsEZmaDyG8pAThy208pMxdx_uVHFn-8PyyLkYOuoJmDkDepTc9a1_T0lN0HkCw3fBhjhQ91WUKHQ0qJZi30RpvO3vYpp_yQ.mp4?_nc_cat=107&_nc_oc=AdqPBTii5UHMZNL6h4PYdfPQ9Z_wXH79fwKkmWlF5aXFI9ivcWvGgWqtadWCy8Z8JSoJT5MY6STQTk89RcsMEvv-&_nc_sid=ef5aa3&_nc_ht=video.fjai6-1.fna.fbcdn.net&_nc_ohc=cdfLCI77oXoQ7kNvwFdzfUP&efg=eyJ2ZW5jb2RlX3RhZyI6Inhwdl9wcm9ncmVzc2l2ZS5WSV9VU0VDQVNFX1BST0RVQ1RfVFlQRS4uQzMuMzYwLnN2ZV9zZCIsInhwdl9hc3NldF9pZCI6MTIyNTkwNzkxNjQyMjcwMywiYXNzZXRfYWdlX2RheXMiOjEwOCwidmlfdXNlY2FzZV9pZCI6MTA3OTksImR1cmF0aW9uX3MiOjY5LCJ1cmxnZW5fc291cmNlIjoid3d3In0%3D&ccb=17-1&_nc_gid=cu0U_jrgdiNMZDep6gE3ZA&_nc_ss=7b289&_nc_zt=28&oh=00_Af88dP_CKFA4KqORqsh6j1zSa_6rK6nwh01x7oRqtatmzQ&oe=6A36BF97 | Preview: https://scontent.fjai6-1.fna.fbcdn.net/v/t39.35426-6/670916966_1355847536590139_4410138409748439228_n.jpg?_nc_cat=107&ccb=1-7&_nc_sid=c53f8f&_nc_ohc=cbD_-kz5TM4Q7kNvwHasBt7&_nc_oc=AdrlvE-pfcSuHsBk3oG0N5TaneIBrmtdqPRVuGBcrrrPF_7kObSRE8OP88hjFZlUyq2d00WX1dJIqbE45tX2PrXV&_nc_zt=14&_nc_ht=scontent.fjai6-1.fna&_nc_gid=cu0U_jrgdiNMZDep6gE3ZA&_nc_ss=7b289&oh=00_Af9TxJCpPRsDsechc5G8_rvzItH_sMwQeZQR6H5glYa-nA&oe=6A36D6D9,,,,,,,
1501311457616834,https://www.facebook.com/100093836321557/,fb.me,https://www.facebook.com/100093836321557/,,,,,,,,,116703961453228,http://fb.me/,Ultra Luxury Properties,https://www.facebook.com/ads/library/?id=1501311457616834,"Your Dream Home Awaits!
🏙️ India's Biggest Developer - Iconic Living Near India Gate
🏡 Prices Starting at ₹3.2 Cr | Luxury Meets Convenience*
🏦 Luxury 3&4 BHK Apartments

✨ Key Highlights

Just 20 minutes away from India Gate
Developed by one of India's Largest Listed Developers
Set within a 60-acre integrated township with premium amenities
📞 Book Your Exclusive Tour Today! Limited Units Available!",179,Get quote,fb.me,"FACEBOOK; INSTAGRAM",2026-01-20,2026-06-15,HD: https://video.fjai6-1.fna.fbcdn.net/o1/v/t2/f2/m366/AQN53JJXTjZlB_UCp-t-uerC2RLzNvQTzeLb5hlT-tuyA1r_nUtTHvLW8CZPWK7lN7OQZlX67ipU0sqkusbRL7Zx_UJ52g_Ic-qv2DSsW-VGuA.mp4?_nc_cat=104&_nc_oc=AdpcNOp39fXPysDu-THQwdvacdpJ-ne0wRULRhk7w2PvCeoEa48KtZfRdQvHqFCVVCa8tShbYVUbD_687bsHRULO&_nc_sid=b66105&_nc_ht=video.fjai6-1.fna.fbcdn.net&_nc_ohc=nBLBCU5oFgsQ7kNvwF9Ftuo&efg=eyJ2ZW5jb2RlX3RhZyI6Inhwdl9wcm9ncmVzc2l2ZS5WSV9VU0VDQVNFX1BST0RVQ1RfVFlQRS4uQzMuNzIwLmRhc2hfaDI2NC1iYXNpYy1nZW4yXzcyMHAiLCJ4cHZfYXNzZXRfaWQiOjgzNTMwMjQyNjE2MjczNCwiYXNzZXRfYWdlX2RheXMiOjE0NywidmlfdXNlY2FzZV9pZCI6MTA3OTksImR1cmF0aW9uX3MiOjQ5LCJ1cmxnZW5fc291cmNlIjoid3d3In0%3D&ccb=17-1&vs=a619c6f5f9d96963&_nc_vs=HBksFQIYRWZiX2VwaGVtZXJhbC9DQjQ4ODM4NzYxQTJGMjYyNzk5NDJENDA4Mjk2NTJCNV9tdF8xX3ZpZGVvX2Rhc2hpbml0Lm1wNBUAAsgBEgAVAhhAZmJfcGVybWFuZW50LzlBNEIxNUJEMDE1NDA2NDVCQkFCRDNBQzZGRDdFMzgxX2F1ZGlvX2Rhc2hpbml0Lm1wNBUCAsgBEgAoABgAGwKIB3VzZV9vaWwBMRJwcm9ncmVzc2l2ZV9yZWNpcGUBMRUAACbc2KGGgO37AhUCKAJDMywXQEju2RaHKwIYGWRhc2hfaDI2NC1iYXNpYy1nZW4yXzcyMHARAHUAZd6oAQA&_nc_gid=cu0U_jrgdiNMZDep6gE3ZA&_nc_ss=7b289&_nc_zt=28&oh=00_Af8uGg9LE3VsmYuwHj0mJuOLZ2VOBB31o1g8I0pfmfbqOg&oe=6A36C450 | SD: https://video.fjai6-1.fna.fbcdn.net/o1/v/t2/f2/m412/AQNHZ3JCzy8nOOxVeNCEBXR1JD1UIADPi_hyt_BVfDcc3RFJ92VOPvey09p7tc6J1cfLYijx60TaAaIeqVtyv7di2qaAWeh75cSsRlQEcQ.mp4?_nc_cat=110&_nc_oc=AdqinmHJEMZkCUHgrx22uR2Ib0fd_zXDxvg9nNv-eT1ePnViIm2Kik6sIan-9z1MNOm0vhhUaJ805ARoAsN2CUO8&_nc_sid=ef5aa3&_nc_ht=video.fjai6-1.fna.fbcdn.net&_nc_ohc=SyFlujBEbEIQ7kNvwFHpraI&efg=eyJ2ZW5jb2RlX3RhZyI6Inhwdl9wcm9ncmVzc2l2ZS5WSV9VU0VDQVNFX1BST0RVQ1RfVFlQRS4uQzMuMzYwLnN2ZV9zZCIsInhwdl9hc3NldF9pZCI6ODM1MzAyNDI2MTYyNzM0LCJhc3NldF9hZ2VfZGF5cyI6MTQ3LCJ2aV91c2VjYXNlX2lkIjoxMDc5OSwiZHVyYXRpb25fcyI6NDksInVybGdlbl9zb3VyY2UiOiJ3d3cifQ%3D%3D&ccb=17-1&_nc_gid=cu0U_jrgdiNMZDep6gE3ZA&_nc_ss=7b289&_nc_zt=28&oh=00_Af_yT-CCpHNsHieZ5vtelIa3bjPc_M71x_PAh2MO8XaJcA&oe=6A36E368 | Preview: https://scontent.fjai6-1.fna.fbcdn.net/v/t39.35426-6/617080791_909521138431600_5017587992328088310_n.jpg?_nc_cat=104&ccb=1-7&_nc_sid=c53f8f&_nc_ohc=lUME9jn5WCgQ7kNvwHK6kni&_nc_oc=AdqnF5G0GyDN36ShLI1DZuHZTj6B9R0zzWmVAge_v9nKKY504mJxKREajzwlWRp9zw4vs6-TtBZSY77FaXPnycgd&_nc_zt=14&_nc_ht=scontent.fjai6-1.fna&_nc_gid=cu0U_jrgdiNMZDep6gE3ZA&_nc_ss=7b289&oh=00_Af_4T3I17O-xQsQjL7P7PhQof0RH4TVM5iFUzZaPJ7CPrA&oe=6A36B6FD,,,,,,,
1637233497506421,https://www.facebook.com/arvindinfrastructure/,fb.me,https://www.facebook.com/arvindinfrastructure/,,,,,,,,,925570300845452,http://fb.me/,Arvind SmartSpaces,https://www.facebook.com/ads/library/?id=1637233497506421,"Premium Plots starting 45L+ at Arvind Aqua City in Kalyangadh.

✅ Premium 400 Sq. yd Plots. Pre-Booking Window now open.
✅ 500+ acre mega township with a breathtaking 30 Acre Central Lake
✅ 18-hole golf course & resort-style island living experience
✅ Grand clubhouse on a private island with world-class amenities
✅ Wellness-focused living with meditation zones & green landscapes

📍 Kalyangadh, Ahmedabad
📞 Enquire Now",31619,Learn more,fb.me,"FACEBOOK; INSTAGRAM",2026-05-21,2026-06-12,,Original: https://scontent.fjai6-1.fna.fbcdn.net/v/t39.35426-6/704703523_951097844591430_5045239235496457186_n.jpg?_nc_cat=100&ccb=1-7&_nc_sid=c53f8f&_nc_ohc=T2fyEBsUBzcQ7kNvwFqMj0I&_nc_oc=Adrn1xbc-YSBGkYVquleprpog3Gj5n5GHaacKsjbWh2KBZFLduwrIC3c-rC-QZFfv2HL7wjJ3IPTZPneHIKFNUZ9&_nc_zt=14&_nc_ht=scontent.fjai6-1.fna&_nc_gid=5Uchi1FqXe0a62Z0LUP6nw&_nc_ss=7b289&oh=00_Af_-HEERMUJP3Qs2cbiGJsAluDRxCAmDM3jAt7fxXYlzIQ&oe=6A36C503 | Resized: https://scontent.fjai6-1.fna.fbcdn.net/v/t39.35426-6/703979341_1494711672198975_1330902304400235165_n.jpg?stp=dst-jpg_s600x600_tt6&_nc_cat=105&ccb=1-7&_nc_sid=c53f8f&_nc_ohc=S7SHLYttoJEQ7kNvwEklOv6&_nc_oc=AdqPne3h2hiH_5x0gEbjgGbE_2e-25_HyWJhXdoqtaWz00ueHWLtZ4N59sVemOQlEGq97DsWjEKlntU6qKHj8Xg7&_nc_zt=14&_nc_ht=scontent.fjai6-1.fna&_nc_gid=5Uchi1FqXe0a62Z0LUP6nw&_nc_ss=7b289&oh=00_Af8CEwsBmzAOpxKyxGS3pbj2pmMgLr3vORqn-1alxD87Yg&oe=6A36DA1B,,,,,,
811403348230622,https://www.facebook.com/trident.parktown/,,https://www.facebook.com/trident.parktown/,,,,care@tridentrealty.co.in,+91 76058 08080,,,,904581472739089,,Trident Parktown,https://www.facebook.com/ads/library/?id=811403348230622,"Premium residential plots in Panipat’s most thoughtfully planned township — Introducing Trident Parktown by Trident Realty.

✔️Premium Residential Plots from ₹2 Cr*
✔️Panipat’s First Premium 125+ Acre Integrated Township
✔️Direct access from NH-44 | 60 mins from Delhi
✔️10 Theme-Based Parks & Green Corridors
✔️Well-Planned Internal Roads
✔️Ideal for custom-built homes",13215,,,"FACEBOOK; INSTAGRAM; AUDIENCE_NETWORK; THREADS",2026-04-14,2026-04-14,,Original: https://scontent.fjai6-1.fna.fbcdn.net/v/t39.35426-6/618267011_766086276531435_5320074803680315553_n.jpg?_nc_cat=101&ccb=1-7&_nc_sid=c53f8f&_nc_ohc=UcROc6n9p8QQ7kNvwFFRYm_&_nc_oc=AdqVK2dE878pJK5sb3XIKSovDMMxNK2s3L6eb18m_AaYQRZ8e5GvRskO4OKTjjio8HF9uIEkvvUz0TOg75LQ5e4e&_nc_zt=14&_nc_ht=scontent.fjai6-1.fna&_nc_gid=5Uchi1FqXe0a62Z0LUP6nw&_nc_ss=7b289&oh=00_Af_ejMLq8o-kY258GlZh6tDjGOVrtPgI5kHxgMvXzRoL2A&oe=6A36D466 | Resized: https://scontent.fjai6-1.fna.fbcdn.net/v/t39.35426-6/616825616_1435440007967895_657723732529350941_n.jpg?stp=dst-jpg_s600x600_tt6&_nc_cat=109&ccb=1-7&_nc_sid=c53f8f&_nc_ohc=-vpb1dNbQgAQ7kNvwGoQWaZ&_nc_oc=AdoE1ljLys2Dedv-Zf8WH4Z4suo7eFvYS3x3TDl2mo2YYQueFt7yGvT2I6PbVbW_O7rSuA6u3iqTqtAEWwpnrME-&_nc_zt=14&_nc_ht=scontent.fjai6-1.fna&_nc_gid=5Uchi1FqXe0a62Z0LUP6nw&_nc_ss=7b289&oh=00_Af8ndIBI6h454DTuCn7S4cXMnK1a0alTEvX9jkWfQmYVTA&oe=6A36E0A3,,,,,,
1242237014452896,https://www.facebook.com/HiranandaniParksOragadam/,fb.me,https://www.facebook.com/HiranandaniParksOragadam/,,,,hparks@hrealty.com,+91 44 4627 2999,,,,979620852112007,http://fb.me/,Hiranandani Parks,https://www.facebook.com/ads/library/?id=1242237014452896,"Spacious Hiranandani POCKET-FRIENDLY Apts. near Oragadam Jn. in Chennai
2BHK Apartments Starting at ₹60 Lakhs + Taxes

✅ Spacious 1070Sq.ft POCKET-FRIENDLY Apts. with Balcony
✅ Distinctive design,Energy-efficient and Ventilated Homes
✅ Vaastu Compliant Homes with efficient planning
✅ Mixed Use integrated township
✅ Located at Oragadam, fast appreciating!

DTCP & Rera Registered 
TNRERA/1/BLG/0397/2025

Schedule a Site Visit Today",82220,Learn more,fb.me,"FACEBOOK; INSTAGRAM",2026-05-26,2026-06-15,,,"Spacious Hiranandani POCKET-FRIENDLY Apts. near Oragadam Jn. in Chennai
2BHK Apartments Starting at ₹60 Lakhs + Taxes

✅ Spacious 1070Sq.ft POCKET-FRIENDLY Apts. with Balcony
✅ Distinctive design,Energy-efficient and Ventilated Homes
✅ Vaastu Compliant Homes with efficient planning
✅ Mixed Use integrated township
✅ Located at Oragadam, fast appreciating!

DTCP & Rera Registered 
TNRERA/1/BLG/0397/2025

Schedule a Site Visit Today || Spacious Hiranandani POCKET-FRIENDLY Apts. near Oragadam Jn. in Chennai
2BHK Apartments Starting at ₹60 Lakhs + Taxes

✅ Spacious 1070Sq.ft POCKET-FRIENDLY Apts. with Balcony
✅ Distinctive design,Energy-efficient and Ventilated Homes
✅ Vaastu Compliant Homes with efficient planning
✅ Mixed Use integrated township
✅ Located at Oragadam, fast appreciating!

DTCP & Rera Registered 
TNRERA/1/BLG/0397/2025

Schedule a Site Visit Today || Spacious Hiranandani POCKET-FRIENDLY Apts. near Oragadam Jn. in Chennai
2BHK Apartments Starting at ₹60 Lakhs + Taxes

✅ Spacious 1070Sq.ft POCKET-FRIENDLY Apts. with Balcony
✅ Distinctive design,Energy-efficient and Ventilated Homes
✅ Vaastu Compliant Homes with efficient planning
✅ Mixed Use integrated township
✅ Located at Oragadam, fast appreciating!

DTCP & Rera Registered 
TNRERA/1/BLG/0397/2025

Schedule a Site Visit Today || Spacious Hiranandani POCKET-FRIENDLY Apts. near Oragadam Jn. in Chennai
2BHK Apartments Starting at ₹60 Lakhs + Taxes

✅ Spacious 1070Sq.ft POCKET-FRIENDLY Apts. with Balcony
✅ Distinctive design,Energy-efficient and Ventilated Homes
✅ Vaastu Compliant Homes with efficient planning
✅ Mixed Use integrated township
✅ Located at Oragadam, fast appreciating!

DTCP & Rera Registered 
TNRERA/1/BLG/0397/2025

Schedule a Site Visit Today",http://fb.me/ || http://fb.me/ || http://fb.me/ || http://fb.me/,,Learn More || Learn More || Learn More || Learn More,Original: https://scontent.fjai6-1.fna.fbcdn.net/v/t39.35426-6/707693665_1977616399792829_1731052875168651589_n.jpg?_nc_cat=103&ccb=1-7&_nc_sid=c53f8f&_nc_ohc=VlisfYTEWJMQ7kNvwF1Rnig&_nc_oc=Adq6R1_LXhk73c2VpeqJ-LIjgDQ53E9s3OoIWBJx4yCpGujb3youbiMwzdgJ7-ntcICuuURMenE-axBnWiXSBdg1&_nc_zt=14&_nc_ht=scontent.fjai6-1.fna&_nc_gid=5Uchi1FqXe0a62Z0LUP6nw&_nc_ss=7b289&oh=00_Af_P1l_c18qULH4UaNAt7UM95cw2UqpeSBXSZaLftwuB0w&oe=6A36C406 | Resized: https://scontent.fjai6-1.fna.fbcdn.net/v/t39.35426-6/708089075_976687761748378_3618778972397792632_n.jpg?stp=dst-jpg_s600x600_tt6&_nc_cat=108&ccb=1-7&_nc_sid=c53f8f&_nc_ohc=i8buPYjpJp4Q7kNvwHJX4hv&_nc_oc=AdqReDduJy67xOPqiIVmeGxPOTC6mlEV3mkao5dsTr9y3AT0b5OsJIfKUNrxWuAZBDL-oCaJ6gbbpNnkbyg5uevw&_nc_zt=14&_nc_ht=scontent.fjai6-1.fna&_nc_gid=5Uchi1FqXe0a62Z0LUP6nw&_nc_ss=7b289&oh=00_Af8a8yJhp3Vqpp6ifnlpv7JAh1wzewcY7zFL1wpPnu2ahQ&oe=6A36E2D2 || Original: https://scontent.fjai6-1.fna.fbcdn.net/v/t39.35426-6/706516448_988627206860198_1247114505490974342_n.jpg?_nc_cat=109&ccb=1-7&_nc_sid=c53f8f&_nc_ohc=BPLqTCj9SmYQ7kNvwGuUQsA&_nc_oc=AdoEpv8pJ5hwToDrQIO7MjCVOqFO6xnAl2X6LSk-E91doQ6Hq1NYkHs3qSTePmf7MezA8HCCT241pjylksMxUReL&_nc_zt=14&_nc_ht=scontent.fjai6-1.fna&_nc_gid=5Uchi1FqXe0a62Z0LUP6nw&_nc_ss=7b289&oh=00_Af8-jjwkOnpxLI0ftWJLU5BHBI5ujmxJtB5sMoaBoHRliA&oe=6A36D32F | Resized: https://scontent.fjai6-1.fna.fbcdn.net/v/t39.35426-6/707338772_1004376359199866_2907794017062499759_n.jpg?stp=dst-jpg_s600x600_tt6&_nc_cat=101&ccb=1-7&_nc_sid=c53f8f&_nc_ohc=AzF2M-kub4kQ7kNvwGCupml&_nc_oc=AdrDY0oONYG7TjK67Cp5uJ4_f3_vo89N_w_1ldEKUTTQJklrUgC1tBGtDJR-pQ8Zi6uVtRBQV0L63at9vkDoyIFf&_nc_zt=14&_nc_ht=scontent.fjai6-1.fna&_nc_gid=5Uchi1FqXe0a62Z0LUP6nw&_nc_ss=7b289&oh=00_Af_MYI6B15NJSbyU3d3HiXczFoT6v_n4KyYy_BEs1Bt5pg&oe=6A36C51A || Original: https://scontent.fjai6-1.fna.fbcdn.net/v/t39.35426-6/706516448_988627206860198_1247114505490974342_n.jpg?_nc_cat=109&ccb=1-7&_nc_sid=c53f8f&_nc_ohc=BPLqTCj9SmYQ7kNvwGuUQsA&_nc_oc=AdoEpv8pJ5hwToDrQIO7MjCVOqFO6xnAl2X6LSk-E91doQ6Hq1NYkHs3qSTePmf7MezA8HCCT241pjylksMxUReL&_nc_zt=14&_nc_ht=scontent.fjai6-1.fna&_nc_gid=5Uchi1FqXe0a62Z0LUP6nw&_nc_ss=7b289&oh=00_Af8-jjwkOnpxLI0ftWJLU5BHBI5ujmxJtB5sMoaBoHRliA&oe=6A36D32F | Resized: https://scontent.fjai6-1.fna.fbcdn.net/v/t39.35426-6/707338772_1004376359199866_2907794017062499759_n.jpg?stp=dst-jpg_s600x600_tt6&_nc_cat=101&ccb=1-7&_nc_sid=c53f8f&_nc_ohc=AzF2M-kub4kQ7kNvwGCupml&_nc_oc=AdrDY0oONYG7TjK67Cp5uJ4_f3_vo89N_w_1ldEKUTTQJklrUgC1tBGtDJR-pQ8Zi6uVtRBQV0L63at9vkDoyIFf&_nc_zt=14&_nc_ht=scontent.fjai6-1.fna&_nc_gid=5Uchi1FqXe0a62Z0LUP6nw&_nc_ss=7b289&oh=00_Af_MYI6B15NJSbyU3d3HiXczFoT6v_n4KyYy_BEs1Bt5pg&oe=6A36C51A || Original: https://scontent.fjai6-1.fna.fbcdn.net/v/t39.35426-6/707067293_980037297950095_2824263342412435758_n.jpg?_nc_cat=103&ccb=1-7&_nc_sid=c53f8f&_nc_ohc=Fj4x-FBCrU0Q7kNvwEjwWDH&_nc_oc=Adq33YUUl0Hw47OnCjhnpodi7w2tg_UZmLf-7u3hiLMZcg6DsD4EUwxp6Igips8OpR1h-qQnrAkekYrNVic3yR1Q&_nc_zt=14&_nc_ht=scontent.fjai6-1.fna&_nc_gid=5Uchi1FqXe0a62Z0LUP6nw&_nc_ss=7b289&oh=00_Af8WEsn5ll9gSt1_UAth83wwuf60rccgkd7ET3ve9umwvw&oe=6A36B64E | Resized: https://scontent.fjai6-1.fna.fbcdn.net/v/t39.35426-6/706457004_2130899447483674_6804830308719070538_n.jpg?stp=dst-jpg_s600x600_tt6&_nc_cat=109&ccb=1-7&_nc_sid=c53f8f&_nc_ohc=Jc5-0H0JKGMQ7kNvwGb58zv&_nc_oc=AdqQslX47MuyHsGcc9udS6AjQJb9hE2ZgPSbFbjE_2xjh7wI1LOwpBlcQc2c1hBEu_Kv-KYw9ebHKZ1Cc_i8mx5c&_nc_zt=14&_nc_ht=scontent.fjai6-1.fna&_nc_gid=5Uchi1FqXe0a62Z0LUP6nw&_nc_ss=7b289&oh=00_Af8X75heiR66MfzH3geBARY20xFiGZfxE6aiKj31VF_uEw&oe=6A36BD3F,
2886484985023307,https://www.facebook.com/61588581549468/,fb.me,https://www.facebook.com/61588581549468/,,,,,,,,,1033982149792676,http://fb.me/,Octavius & Verona by HOH,https://www.facebook.com/ads/library/?id=2886484985023307,"Discover spacious 3 BHK residences crafted with elegant finishes, expansive layouts, and the charm of world-class township living
✔ Iconic neoclassical architecture
✔ Premium clubhouse & curated sports amenities
✔ Strategically located near Chennai’s thriving IT corridor
✔ Integrated township with school, retail & everyday conveniences
✔Premium gated township living
✔Entrance foyer layouts & spacious bedrooms",9,Get quote,fb.me,"FACEBOOK; INSTAGRAM",2026-05-12,2026-06-15,,,"Discover spacious 3 BHK residences crafted with elegant finishes, expansive layouts, and the charm of world-class township living
✔ Iconic neoclassical architecture
✔ Premium clubhouse & curated sports amenities
✔ Strategically located near Chennai’s thriving IT corridor
✔ Integrated township with school, retail & everyday conveniences
✔Premium gated township living
✔Entrance foyer layouts & spacious bedrooms || Discover spacious 3 BHK residences crafted with elegant finishes, expansive layouts, and the charm of world-class township living
✔ Iconic neoclassical architecture
✔ Premium clubhouse & curated sports amenities
✔ Strategically located near Chennai’s thriving IT corridor
✔ Integrated township with school, retail & everyday conveniences
✔Premium gated township living
✔Entrance foyer layouts & spacious bedrooms || Discover spacious 3 BHK residences crafted with elegant finishes, expansive layouts, and the charm of world-class township living
✔ Iconic neoclassical architecture
✔ Premium clubhouse & curated sports amenities
✔ Strategically located near Chennai’s thriving IT corridor
✔ Integrated township with school, retail & everyday conveniences
✔Premium gated township living
✔Entrance foyer layouts & spacious bedrooms",http://fb.me/ || http://fb.me/ || http://fb.me/,,Get Quote || Get Quote || Get Quote,Original: https://scontent.fjai6-1.fna.fbcdn.net/v/t39.35426-6/695528971_1022013126822306_7895174594748993778_n.jpg?_nc_cat=100&ccb=1-7&_nc_sid=c53f8f&_nc_ohc=tLVhbt7ybF4Q7kNvwG2qTFX&_nc_oc=Adr10yLR8W8aYi9VJzRgozkPO0jQM6WeI2RW1efovU9csykvCAqAW9lhJKcHZHaWzJjab74ZlQXWhSxQ7UWOpGWJ&_nc_zt=14&_nc_ht=scontent.fjai6-1.fna&_nc_gid=5Uchi1FqXe0a62Z0LUP6nw&_nc_ss=7b289&oh=00_Af9nhGoWy7_4m5VxMGxu5J3dOrhsCbtzesRh8TsGrRVmUw&oe=6A36E37E | Resized: https://scontent.fjai6-1.fna.fbcdn.net/v/t39.35426-6/699467649_1630873394833212_2292684539836848986_n.jpg?stp=dst-jpg_s600x600_tt6&_nc_cat=110&ccb=1-7&_nc_sid=c53f8f&_nc_ohc=pDymdhiwe-AQ7kNvwFDDVuu&_nc_oc=AdrfKWMa5M126nvpGYiLuUKpjaWdA5kDYtlX4HztkKFnYXinNKTBOW2NzCvfOuqh-IVz4OjE6yf21ZQI93QZD1rc&_nc_zt=14&_nc_ht=scontent.fjai6-1.fna&_nc_gid=5Uchi1FqXe0a62Z0LUP6nw&_nc_ss=7b289&oh=00_Af8ZjdgXy1iEuZdOJePZZAUXH9V9E8l8MBIFg_OrvUljVg&oe=6A36C033 || Original: https://scontent.fjai6-1.fna.fbcdn.net/v/t39.35426-6/695837323_1291487949200624_7436504537398033483_n.jpg?_nc_cat=100&ccb=1-7&_nc_sid=c53f8f&_nc_ohc=05NMEDP5ElIQ7kNvwG84wK4&_nc_oc=Adqe7yDND3kEO3FFrRU_AweUolXstzsyGvqwtk9hYEWdDRm7aozl3o8veSmNjLsG_1BnPFLALfnu9ZPn1Ry4RWNw&_nc_zt=14&_nc_ht=scontent.fjai6-1.fna&_nc_gid=5Uchi1FqXe0a62Z0LUP6nw&_nc_ss=7b289&oh=00_Af-l_MFsTWZ_tvpgNrp2RnZhFxkCAHdUwEc-iJimvhD-3A&oe=6A36D7DB | Resized: https://scontent.fjai6-1.fna.fbcdn.net/v/t39.35426-6/696328603_829449193117153_2389545472105240458_n.jpg?stp=dst-jpg_s600x600_tt6&_nc_cat=106&ccb=1-7&_nc_sid=c53f8f&_nc_ohc=6vwGvsXK6dIQ7kNvwGHR2KU&_nc_oc=AdrCJ_T5ydDqbxRj6hJPx7y69JnC3vq35NnjzCw0USrfbwinwDe3N8HQEMM0lUKjBbh62avfTc_sLkdK-o3oR1ZO&_nc_zt=14&_nc_ht=scontent.fjai6-1.fna&_nc_gid=5Uchi1FqXe0a62Z0LUP6nw&_nc_ss=7b289&oh=00_Af-H_n9UszSVmCE1oDl2FRzxNIVQcq62rOgS4o0LrsDT4A&oe=6A36C530 || Original: https://scontent.fjai6-1.fna.fbcdn.net/v/t39.35426-6/696662766_1194894103697645_8962412697342290485_n.jpg?_nc_cat=109&ccb=1-7&_nc_sid=c53f8f&_nc_ohc=FZBRU02aZ_YQ7kNvwHiXlWV&_nc_oc=AdqrRTDIydKQW-XiIWcBapCQGWqo5n8_LboHnc5TDwZiRZw0wa7ub18SGPI2l8I1yIfJvjzZ9hgbwD3lcZTrDrCA&_nc_zt=14&_nc_ht=scontent.fjai6-1.fna&_nc_gid=5Uchi1FqXe0a62Z0LUP6nw&_nc_ss=7b289&oh=00_Af9_3S8ywHCf3DDh3Z1YApuM0PSLzUUMXJnZAqjEpXt9dg&oe=6A36CFB4 | Resized: https://scontent.fjai6-1.fna.fbcdn.net/v/t39.35426-6/693487117_1616012399696764_565131731430679804_n.jpg?stp=dst-jpg_s600x600_tt6&_nc_cat=104&ccb=1-7&_nc_sid=c53f8f&_nc_ohc=WVWdDqF57E8Q7kNvwEGGXc5&_nc_oc=Adqh3WNMWmNAePrS2wkfW4IpefH7PkW_nrpEjEY3G1he76IhSXxFfNQbbPKphFcEJ1IxM4Hxeb5Oeol6lRajXlL-&_nc_zt=14&_nc_ht=scontent.fjai6-1.fna&_nc_gid=5Uchi1FqXe0a62Z0LUP6nw&_nc_ss=7b289&oh=00_Af-u6V5ipK6W8mRVYspM8dJpt7TMsWasLPPQCONsm0g5Zw&oe=6A36AF51,
945079051667317,https://www.facebook.com/61577970924261/,fb.me,https://www.facebook.com/61577970924261/,,,,,,,,,660324860503539,http://fb.me/,Premium luxury apartments,https://www.facebook.com/ads/library/?id=945079051667317,"One of the most biggest township project  is launching a large-scale premium residential community on Bannerghatta Road, Bengaluru - an address known for greenery, reputed schools, and strong connectivity.

Introducing Godrej Bannerghatta,
a 35-acre integrated township on Bannerghatta Road, thoughtfully planned with ~2600 residences in a low-congestion, well-zoned community.
Designed for families upgrading to a more refined way of living —
with open spaces, iconic towers, and the comfort of a trusted brand.

Live where convenience meets class, and every detail is crafted to elevate your lifestyle. This is not just a home—it’s a statement of refined living.
Luxury residences starting from ₹1.32 Cr*
EOI now open for early access",60,Get offer,fb.me,"FACEBOOK; INSTAGRAM",2026-05-12,2026-06-15,,Original: https://scontent.fjai6-1.fna.fbcdn.net/v/t39.35426-6/686982777_1723905238979404_1119557248815230534_n.jpg?_nc_cat=100&ccb=1-7&_nc_sid=c53f8f&_nc_ohc=g0IkM_YeBnQQ7kNvwG9sM71&_nc_oc=Adrqy-CoGvhBZAn22Bm1n5_k1WGRSxuBjQRqM2L4N3SQZITorQrn8ydIW5JEGpujZVb6Tiu9VqoQuXZIaGP_rRAa&_nc_zt=14&_nc_ht=scontent.fjai6-1.fna&_nc_gid=v18oV5EI-ByEOECp8Z4Xtg&_nc_ss=7b289&oh=00_Af84RPWg3gbOE8A_Vyz36BWb5cDzvgccQSoX44fK-NyMrQ&oe=6A36CE01 | Resized: https://scontent.fjai6-1.fna.fbcdn.net/v/t39.35426-6/687384766_1501508194973875_8348623550758412422_n.jpg?stp=dst-jpg_s600x600_tt6&_nc_cat=110&ccb=1-7&_nc_sid=c53f8f&_nc_ohc=zF9O69bzkesQ7kNvwGSKhsD&_nc_oc=AdoA7d9irmOreVDTZC1wwa_-sNTpDpXe8m_kH59vhXOV4zlG0pztdc4l8eTB7izPuS-YDE8f6TR9LT7mGuOjhP08&_nc_zt=14&_nc_ht=scontent.fjai6-1.fna&_nc_gid=v18oV5EI-ByEOECp8Z4Xtg&_nc_ss=7b289&oh=00_Af-Pn9G3Y_Ol2yTymlvvET2emstRosnqAdYt_QQi1zIoDg&oe=6A36D5C0,,,,,,
1931697127463637,https://www.facebook.com/61579093800189/,,https://www.facebook.com/61579093800189/,,,,hiranandanipune@gmail.com,086586 54646,,,,712199091982428,,Hiranandani Krisala Luxe Living,https://www.facebook.com/ads/library/?id=1931697127463637,"Introducing 105 Acres of Grandeur by 𝐇𝐢𝐫𝐚𝐧𝐚𝐧𝐝𝐚𝐧𝐢 𝐏𝐡𝐚𝐬𝐞 3 ✨

📌Location: Hinjewadi Phase 2 

💵 2 & 3 BHK ₹75 Lakh Onwards
👉🏻Duplex Apartment Also Available

🔹 𝐏𝐫𝐨𝐣𝐞𝐜𝐭 𝐇𝐢𝐠𝐡𝐥𝐢𝐠𝐡𝐭𝐬 
👉105-acre integrated township
👉5-star Resort-Style Living
👉Premium Hospitality Zones
👉128 Private Villa Plots
👉40-acre Della Resort & Race Course
👉Upcoming Metro Line 3 Station – 10 mins
👉 Ring Road within 5 minutes distance

👉🏻 𝐂𝐥𝐢𝐜𝐤 𝐨𝐧 ""𝐆𝐞𝐭 𝐐𝐮𝐨𝐭𝐞"" 𝐛𝐮𝐭𝐭𝐨𝐧 𝐟𝐨𝐫 𝐦𝐨𝐫𝐞 𝐝𝐞𝐭𝐚𝐢𝐥𝐬",105,Get quote,,"FACEBOOK; INSTAGRAM",2026-04-14,2026-06-13,HD: https://video.fjai6-1.fna.fbcdn.net/o1/v/t2/f2/m366/AQNbsdjnQMX8kwb_by6x1weHVb8cJzjvCRWvLBmcrLovemuULI1EbTb4DmWpbgbs4Sa9fyXwEw0DWMdj_8kSGMI46Nzt-ttFkp8D3VI9oQnw-g.mp4?_nc_cat=102&_nc_oc=AdpqvoDcwXhd3DCrtPNEAZ7cACzH71R8IUCxVEcpCxsw0DwB8oC5d_2vn3AMLIaNAThqdOI-tGd2jE3fX6p-bQ2D&_nc_sid=b66105&_nc_ht=video.fjai6-1.fna.fbcdn.net&_nc_ohc=qfBeUiM92Q8Q7kNvwGIOTzu&efg=eyJ2ZW5jb2RlX3RhZyI6Inhwdl9wcm9ncmVzc2l2ZS5WSV9VU0VDQVNFX1BST0RVQ1RfVFlQRS4uQzMuNzIwLmRhc2hfaDI2NC1iYXNpYy1nZW4yXzcyMHAiLCJ4cHZfYXNzZXRfaWQiOjY5MjM1MDEzNzAwOTMwMywiYXNzZXRfYWdlX2RheXMiOjE5OSwidmlfdXNlY2FzZV9pZCI6MTA3OTksImR1cmF0aW9uX3MiOjUxLCJ1cmxnZW5fc291cmNlIjoid3d3In0%3D&ccb=17-1&vs=ae3079350c996d78&_nc_vs=HBksFQIYRWZiX2VwaGVtZXJhbC8wNjQ3ODFFNjI2MkE0QzZDNTQ1NTEwQzA0RUY0MjVBRV9tdF8xX3ZpZGVvX2Rhc2hpbml0Lm1wNBUAAsgBEgAVAhhAZmJfcGVybWFuZW50L0RFNDM5QkFDODlGRjc1MkQyNjZFQUQ0OENFNDIzMDk5X2F1ZGlvX2Rhc2hpbml0Lm1wNBUCAsgBEgAoABgAGwKIB3VzZV9vaWwBMRJwcm9ncmVzc2l2ZV9yZWNpcGUBMRUAACauktC_iuy6AhUCKAJDMywXQEnKwIMSbpgYGWRhc2hfaDI2NC1iYXNpYy1nZW4yXzcyMHARAHUAZd6oAQA&_nc_gid=v18oV5EI-ByEOECp8Z4Xtg&_nc_ss=7b289&_nc_zt=28&oh=00_Af-tG2rXquzaDshnlszhnmS_3pcjNeu4AjWqL8QOS9zb7g&oe=6A36E126 | SD: https://video.fjai6-1.fna.fbcdn.net/o1/v/t2/f2/m412/AQMgRVqigWJNklqow4xPZZJLrV5qTAfB1CRLQCnhqrs9UmE4WLTZTzO3tKy5Spu8p5r_RWPc37xNaNO4VDQmA52tdyt7wdyiK6Xrnx4pwQ.mp4?_nc_cat=106&_nc_oc=Adq0jfQT_Y4qaziyVEh7SJotPCUIp7DI0NZ2i0riTZhuYxGivnXDUrxIRk2MuHNaN6hMfhIPPmt09m2Vjv_4XCN1&_nc_sid=ef5aa3&_nc_ht=video.fjai6-1.fna.fbcdn.net&_nc_ohc=NFoPJ9r3FU8Q7kNvwFCn5rN&efg=eyJ2ZW5jb2RlX3RhZyI6Inhwdl9wcm9ncmVzc2l2ZS5WSV9VU0VDQVNFX1BST0RVQ1RfVFlQRS4uQzMuMzYwLnN2ZV9zZCIsInhwdl9hc3NldF9pZCI6NjkyMzUwMTM3MDA5MzAzLCJhc3NldF9hZ2VfZGF5cyI6MTk5LCJ2aV91c2VjYXNlX2lkIjoxMDc5OSwiZHVyYXRpb25fcyI6NTEsInVybGdlbl9zb3VyY2UiOiJ3d3cifQ%3D%3D&ccb=17-1&_nc_gid=v18oV5EI-ByEOECp8Z4Xtg&_nc_ss=7b289&_nc_zt=28&oh=00_Af9473Q8NKqb-oB9DVkXe9kOuo_2xvknFCQ-x3S64djMUg&oe=6A36C3D4 | Preview: https://scontent.fjai6-1.fna.fbcdn.net/v/t39.35426-6/642385373_1304336788203113_4028206741469668712_n.jpg?_nc_cat=101&ccb=1-7&_nc_sid=c53f8f&_nc_ohc=BgErAUCRxQkQ7kNvwGxtFfs&_nc_oc=AdoczeHQJWs2P0_zgKMpAh31X8EgOLfAHeEg1aUmGxQtOppeuJewggukUGAMN4yC9Ye4DUqN8uKmleggvdRZEVP0&_nc_zt=14&_nc_ht=scontent.fjai6-1.fna&_nc_gid=v18oV5EI-ByEOECp8Z4Xtg&_nc_ss=7b289&oh=00_Af9_2bgAYYYtTllBc8zd42gelx_Q6AEaKzwMAtj710DwYw&oe=6A36B6F5,,,,,,,
1617401719520248,https://www.facebook.com/bopgrp/,fb.me,https://www.facebook.com/bopgrp/,,,,info@boprealty.com,+91 96544 44355,,,,296508423701621,http://fb.me/,BOP Realty,https://www.facebook.com/ads/library/?id=1617401719520248,"Own a Premium Retail Shop | Business Suites | Office Spaces in Lucknow
with an easy 1% monthly payment plan.

Migsun Lucknow Central – Sushant Golf City
✅ Inside Lucknow’s largest integrated township
✅ Adjoining Medanta Hospital

💰 Starting at ₹60 Lakhs*

➡️ High footfall location
➡️ Strong rental potential
➡️ Strong capital appreciation in a prime commercial zone

🚨 Ideal for passive investors seeking high rental yields – Book a Site Visit, Now! (T&C Apply)

Marketed By BOP 
RERA No.: UPRERAAGT10206

All area measurements are approx. areas shown in Sq. Ft, are conversions from Sq. Mt. (1 Sq. Mt. = 10.7639 Sq. Ft.) for convenience only

#MigsunLucknowCentral #LuxuryLiving #InvestInLucknow #PremiumRetail #HighROI",8971,Get offer,fb.me,"FACEBOOK; INSTAGRAM",2026-05-07,2026-06-15,,,"Own a Premium Retail Shop | Business Suites | Office Spaces in Lucknow
with an easy 1% monthly payment plan.

Migsun Lucknow Central – Sushant Golf City
✅ Inside Lucknow’s largest integrated township
✅ Adjoining Medanta Hospital

💰 Starting at ₹60 Lakhs*

➡️ High footfall location
➡️ Strong rental potential
➡️ Strong capital appreciation in a prime commercial zone

🚨 Ideal for passive investors seeking high rental yields – Book a Site Visit, Now! (T&C Apply)

Marketed By BOP 
RERA No.: UPRERAAGT10206

All area measurements are approx. areas shown in Sq. Ft, are conversions from Sq. Mt. (1 Sq. Mt. = 10.7639 Sq. Ft.) for convenience only

#MigsunLucknowCentral #LuxuryLiving #InvestInLucknow #PremiumRetail #HighROI || Own a Premium Retail Shop | Business Suites | Office Spaces in Lucknow
with an easy 1% monthly payment plan.

Migsun Lucknow Central – Sushant Golf City
✅ Inside Lucknow’s largest integrated township
✅ Adjoining Medanta Hospital

💰 Starting at ₹60 Lakhs*

➡️ High footfall location
➡️ Strong rental potential
➡️ Strong capital appreciation in a prime commercial zone

🚨 Ideal for passive investors seeking high rental yields – Book a Site Visit, Now! (T&C Apply)

Marketed By BOP 
RERA No.: UPRERAAGT10206

All area measurements are approx. areas shown in Sq. Ft, are conversions from Sq. Mt. (1 Sq. Mt. = 10.7639 Sq. Ft.) for convenience only

#MigsunLucknowCentral #LuxuryLiving #InvestInLucknow #PremiumRetail #HighROI || Own a Premium Retail Shop | Business Suites | Office Spaces in Lucknow
with an easy 1% monthly payment plan.

Migsun Lucknow Central – Sushant Golf City
✅ Inside Lucknow’s largest integrated township
✅ Adjoining Medanta Hospital

💰 Starting at ₹60 Lakhs*

➡️ High footfall location
➡️ Strong rental potential
➡️ Strong capital appreciation in a prime commercial zone

🚨 Ideal for passive investors seeking high rental yields – Book a Site Visit, Now! (T&C Apply)

Marketed By BOP 
RERA No.: UPRERAAGT10206

All area measurements are approx. areas shown in Sq. Ft, are conversions from Sq. Mt. (1 Sq. Mt. = 10.7639 Sq. Ft.) for convenience only

#MigsunLucknowCentral #LuxuryLiving #InvestInLucknow #PremiumRetail #HighROI",http://fb.me/ || http://fb.me/ || http://fb.me/,,Get Offer || Get Offer || Get Offer,Original: https://scontent.fjai6-1.fna.fbcdn.net/v/t39.35426-6/688278904_1221623079871748_2509013000366116586_n.jpg?_nc_cat=107&ccb=1-7&_nc_sid=c53f8f&_nc_ohc=IgkZMSPYa9cQ7kNvwGTb6x0&_nc_oc=Ado7LA4NA6_lzrlINRgLJSMwrnKrkXWMS47DVkhQbUHu94ZhIPvSdv1Pl0JUhP62WPKZl9RvR4AYv5pzuoJv0NPO&_nc_zt=14&_nc_ht=scontent.fjai6-1.fna&_nc_gid=v18oV5EI-ByEOECp8Z4Xtg&_nc_ss=7b289&oh=00_Af9JGcnFXV6wvbvm_gVaDxIwRJSmTrhPh8NRY5aeVu3WXQ&oe=6A36C153 | Resized: https://scontent.fjai6-1.fna.fbcdn.net/v/t39.35426-6/692328219_26703636429279181_2808608700025363263_n.jpg?stp=dst-jpg_s600x600_tt6&_nc_cat=101&ccb=1-7&_nc_sid=c53f8f&_nc_ohc=acwHnBP-Xg8Q7kNvwGA4sGW&_nc_oc=Adp9rKcydD_gYqNLuM6GwiNB2v_HcpdBrhzapTfPxNdZcuEGKMKxIt18bV1m31FpCKojXEEBgwCh042M8XE8P3Ah&_nc_zt=14&_nc_ht=scontent.fjai6-1.fna&_nc_gid=v18oV5EI-ByEOECp8Z4Xtg&_nc_ss=7b289&oh=00_Af9Grk-Y7Qn6j_iacCkV5k4h5s8_raXNPYO_8oZvjrUN_Q&oe=6A36D10F || Original: https://scontent.fjai6-1.fna.fbcdn.net/v/t39.35426-6/690208828_4420093644926201_5063834491562538581_n.jpg?_nc_cat=107&ccb=1-7&_nc_sid=c53f8f&_nc_ohc=WI8oILxAAHkQ7kNvwGLH9U-&_nc_oc=AdpSZhMAetmzWbyt1Gfihgl7NJ2gEWg01q-S4rdKZeusTn8q3uVaZC0jfsuIRMW1ZUKjuPqX5IXxahxOivkzmmr9&_nc_zt=14&_nc_ht=scontent.fjai6-1.fna&_nc_gid=v18oV5EI-ByEOECp8Z4Xtg&_nc_ss=7b289&oh=00_Af8Nq_a9GNKjNkmAI-kdlpw5L0y_1CK1Q7XeXJfSVNOL6w&oe=6A36E2D6 | Resized: https://scontent.fjai6-1.fna.fbcdn.net/v/t39.35426-6/690373066_999994386045101_4456362499929891450_n.jpg?stp=dst-jpg_s600x600_tt6&_nc_cat=101&ccb=1-7&_nc_sid=c53f8f&_nc_ohc=VqNAGuis2g0Q7kNvwG7C7YM&_nc_oc=AdrqrZEZ4sCT6e3BPW6KiTLhLtk37lvcoLKl0-08G3udwiPYu1GYuJNvyfnVziJTfW_hqp8l93Vdo8Hhz5K23zcW&_nc_zt=14&_nc_ht=scontent.fjai6-1.fna&_nc_gid=v18oV5EI-ByEOECp8Z4Xtg&_nc_ss=7b289&oh=00_Af_jODMogkXXiz-A9CijjltQMJI9uHL5xwYIq__0TDGp9g&oe=6A36D21C || Original: https://scontent.fjai6-1.fna.fbcdn.net/v/t39.35426-6/691053387_1313376580743812_6813097788402213521_n.jpg?_nc_cat=106&ccb=1-7&_nc_sid=c53f8f&_nc_ohc=_HoByrpOilQQ7kNvwHI1Qvl&_nc_oc=AdrT44QZyZNfFjXcvtph2Bc2JcT3L-hcXToD6q1WhPJR2gN6WIm83C_LHqtSr54RnT3KHX5RD2h-qRNPMh-1vbOo&_nc_zt=14&_nc_ht=scontent.fjai6-1.fna&_nc_gid=v18oV5EI-ByEOECp8Z4Xtg&_nc_ss=7b289&oh=00_Af_HONQtIv1yiRt0hS2DzrljfkVR5E_D7GIOB0Mct1nCrA&oe=6A36DB03 | Resized: https://scontent.fjai6-1.fna.fbcdn.net/v/t39.35426-6/690452516_1632956277969608_8302436247838769991_n.jpg?stp=dst-jpg_s600x600_tt6&_nc_cat=101&ccb=1-7&_nc_sid=c53f8f&_nc_ohc=M1Cls5zcV5IQ7kNvwHUJgOq&_nc_oc=AdpJe2dRrHBCm5ykckEAqWh0YcA1upMk9jkxJPqGIKxfqixY_S7V84t8STzpf-xEhX62UjXm5bCikMPDECl9pVTo&_nc_zt=14&_nc_ht=scontent.fjai6-1.fna&_nc_gid=v18oV5EI-ByEOECp8Z4Xtg&_nc_ss=7b289&oh=00_Af9pgFHb8BX2o_-e02eBzn5KkFhoDCHNqwlV42bwoJ6EEA&oe=6A36CAF3,
1476149173999949,https://www.facebook.com/HiranandaniParksOragadam/,parkville.hiranandaniparks.com,https://www.facebook.com/HiranandaniParksOragadam/,,,,,,,,,979620852112007,https://parkville.hiranandaniparks.com/,Hiranandani Parks,https://www.facebook.com/ads/library/?id=1476149173999949,"Spacious Hiranandani POCKET-FRIENDLY Apts. near Oragadam, Chennai
2BHK Apartments Starting at ₹60 Lakhs + Taxes

✅ Spacious 1070Sq.ft POCKET-FRIENDLY Apts. with Balcony
✅ Distinctive design, Energy-efficient and Ventilated Homes
✅ Vaastu Compliant Homes with efficient planning
✅ Mixed Use integrated township
✅ Located at Oragadam , fast appreciating!

DTCP & Rera Registered 
Rera No. SWP/BPA/0125870/2024

Schedule a Site Visit Today",82220,Learn more,https://parkville.hiranandaniparks.com/,"FACEBOOK; INSTAGRAM; AUDIENCE_NETWORK; MESSENGER; THREADS",2026-04-16,2026-06-15,HD: https://video.fjai6-1.fna.fbcdn.net/o1/v/t2/f2/m366/AQMahWoWtI9s-pcqpaWteSAM-z9nW6AlBCYRxaIE2l2AEw2T--Sc_acLL1KTxfWarJWTydW-3EuzjP84Hc8q93wX6JEfx59sOup8tNPmgk3enw.mp4?_nc_cat=111&_nc_oc=AdqkI_5uNP1UwDj3pQeLPCI8n7qYFzrpjHfuVW5WsOcimiNkuRQEz6lJhYQrOKFXjs9bqN9aFYD2jraeqFhQMazX&_nc_sid=b66105&_nc_ht=video.fjai6-1.fna.fbcdn.net&_nc_ohc=u1ZN6VoJeaoQ7kNvwEwgPco&efg=eyJ2ZW5jb2RlX3RhZyI6Inhwdl9wcm9ncmVzc2l2ZS5WSV9VU0VDQVNFX1BST0RVQ1RfVFlQRS4uQzMuNzIwLmRhc2hfaDI2NC1iYXNpYy1nZW4yXzcyMHAiLCJ4cHZfYXNzZXRfaWQiOjEyMjU5MDc5MTY0MjI3MDMsImFzc2V0X2FnZV9kYXlzIjoxMDgsInZpX3VzZWNhc2VfaWQiOjEwNzk5LCJkdXJhdGlvbl9zIjo2OSwidXJsZ2VuX3NvdXJjZSI6Ind3dyJ9&ccb=17-1&vs=284cfcc6ce0cd159&_nc_vs=HBksFQIYRWZiX2VwaGVtZXJhbC9CODQ5MkM2Nzk5Q0QzNDA5M0NCNUUzRDNGODU0MjJCQV9tdF8xX3ZpZGVvX2Rhc2hpbml0Lm1wNBUAAsgBEgAVAhhAZmJfcGVybWFuZW50LzRDNDNDNTQ2MTUxRDhGNjEzRjg4NTlDOTVCRTUzNzlEX2F1ZGlvX2Rhc2hpbml0Lm1wNBUCAsgBEgAoABgAGwKIB3VzZV9vaWwBMRJwcm9ncmVzc2l2ZV9yZWNpcGUBMRUAACbe-JXenb2tBBUCKAJDMywXQFF90vGp--cYGWRhc2hfaDI2NC1iYXNpYy1nZW4yXzcyMHARAHUAZd6oAQA&_nc_gid=ZKSsMjnMpxpZ8hqH66lpfA&_nc_ss=7b289&_nc_zt=28&oh=00_Af91_Rb0TWCZaCpIs3C7tZzQn77AaEQy1DTo0gLEWoYTkA&oe=6A36E1DD | SD: https://video.fjai6-1.fna.fbcdn.net/o1/v/t2/f2/m412/AQMv7X7YzxSTsEZmaDyG8pAThy208pMxdx_uVHFn-8PyyLkYOuoJmDkDepTc9a1_T0lN0HkCw3fBhjhQ91WUKHQ0qJZi30RpvO3vYpp_yQ.mp4?_nc_cat=107&_nc_oc=AdqPBTii5UHMZNL6h4PYdfPQ9Z_wXH79fwKkmWlF5aXFI9ivcWvGgWqtadWCy8Z8JSoJT5MY6STQTk89RcsMEvv-&_nc_sid=ef5aa3&_nc_ht=video.fjai6-1.fna.fbcdn.net&_nc_ohc=cdfLCI77oXoQ7kNvwFdzfUP&efg=eyJ2ZW5jb2RlX3RhZyI6Inhwdl9wcm9ncmVzc2l2ZS5WSV9VU0VDQVNFX1BST0RVQ1RfVFlQRS4uQzMuMzYwLnN2ZV9zZCIsInhwdl9hc3NldF9pZCI6MTIyNTkwNzkxNjQyMjcwMywiYXNzZXRfYWdlX2RheXMiOjEwOCwidmlfdXNlY2FzZV9pZCI6MTA3OTksImR1cmF0aW9uX3MiOjY5LCJ1cmxnZW5fc291cmNlIjoid3d3In0%3D&ccb=17-1&_nc_gid=ZKSsMjnMpxpZ8hqH66lpfA&_nc_ss=7b289&_nc_zt=28&oh=00_Af_g_6WZe_zdWEqXtVGymWnrSFhSsZZcFBEcBEKcpG1yhg&oe=6A36BF97 | Preview: https://scontent.fjai6-1.fna.fbcdn.net/v/t39.35426-6/644531431_25226845426989484_2647853320333908554_n.jpg?_nc_cat=102&ccb=1-7&_nc_sid=c53f8f&_nc_ohc=zIikTpuBprYQ7kNvwEwU7KX&_nc_oc=Adr9ohtZaoBMhsGgKH8W-B8YYgEcVjIy_1EXQQrcgGxv5pglM1rJSwkCI183cEX5Y3a-0y2Qf-tZlC5IdJ21aRqw&_nc_zt=14&_nc_ht=scontent.fjai6-1.fna&_nc_gid=ZKSsMjnMpxpZ8hqH66lpfA&_nc_ss=7b289&oh=00_Af9Y0GuPl8C16tGoiVqIgAhxUxfXKBnXxRpCo2v0TUx07A&oe=6A36E2B7,,,,,,,
2153855945361632,https://www.facebook.com/nambiarbuilders/,fb.me,https://www.facebook.com/nambiarbuilders/,,,,info@nambiarbuilders.com,,,,,199196880106245,http://fb.me/,Nambiar Builders,https://www.facebook.com/ads/library/?id=2153855945361632,"Nambiar District 25 Phase 2 - Villa Style Skyrise Residences with 7-Acre Club SOHO

✅ Luxury 2, 3 & 4 BHK residences with private balconies
✅ Experience 40% Untouched Nature & 3500+ Native Tree
✅ 120+ World-Class Lifestyle Amenities designed for a high-end lifestyle
✅ Effortless connectivity in Bengaluru's fastest growing neighbourhood",12972,Book now,fb.me,"FACEBOOK; INSTAGRAM; AUDIENCE_NETWORK",2026-04-11,2026-05-11,,Original: https://scontent.fjai6-1.fna.fbcdn.net/v/t39.35426-6/670285835_1999168340636673_1911415944001462474_n.jpg?_nc_cat=111&ccb=1-7&_nc_sid=c53f8f&_nc_ohc=p8UKwPzlFiIQ7kNvwGmFagU&_nc_oc=AdoPIRtAcCTIl1mg88agpx9ZWEcirSWCshcgF5VGqNe7PqmDFwMP9FlvbDG8RQFZSZ5YVnn4MPIqrQF558s56xEu&_nc_zt=14&_nc_ht=scontent.fjai6-1.fna&_nc_gid=ZKSsMjnMpxpZ8hqH66lpfA&_nc_ss=7b289&oh=00_Af8jFpelGjqC77cgV2SSzjVk8FV2Ry7sm3XIOz_ZDvfsaQ&oe=6A36D987 | Resized: https://scontent.fjai6-1.fna.fbcdn.net/v/t39.35426-6/671356146_890565760626507_5397620272594242532_n.jpg?stp=dst-jpg_s600x600_tt6&_nc_cat=101&ccb=1-7&_nc_sid=c53f8f&_nc_ohc=KfBhbcxaj3EQ7kNvwGjlib2&_nc_oc=Ado1S6-k_0pIiI4pNXw4S5d_Qrr6m_V2twoj1fL6Z2YlTQ6dlLhobEwGqgqF6_PIT0JRQ3bx2VsxmOXLu_QmeJVD&_nc_zt=14&_nc_ht=scontent.fjai6-1.fna&_nc_gid=ZKSsMjnMpxpZ8hqH66lpfA&_nc_ss=7b289&oh=00_Af8jOHZUwt_EZSTxgQTz6c14NIj3SX-aATdITrsEa_uDMA&oe=6A36E19F,,,,,,
2139888266944763,https://www.facebook.com/61588581549468/,fb.me,https://www.facebook.com/61588581549468/,,,,,,,,,1033982149792676,http://fb.me/,Octavius & Verona by HOH,https://www.facebook.com/ads/library/?id=2139888266944763,"Discover spacious 3 BHK residences crafted with elegant finishes, expansive layouts, and the charm of world-class township living
✔ Iconic neoclassical architecture
✔ Premium clubhouse & curated sports amenities
✔ Strategically located near Chennai’s thriving IT corridor
✔ Integrated township with school, retail & everyday conveniences
✔Premium gated township living
✔Entrance foyer layouts & spacious bedrooms",9,Get quote,fb.me,"FACEBOOK; INSTAGRAM",2026-05-13,2026-06-11,,Original: https://scontent.fjai6-1.fna.fbcdn.net/v/t39.35426-6/699505316_3558682474270131_1888208597134278677_n.jpg?_nc_cat=104&ccb=1-7&_nc_sid=c53f8f&_nc_ohc=kheNXQ-Hi3sQ7kNvwEZPjhG&_nc_oc=AdoI54pezuPnW_pxN47YPwU5SLdnn3_82rQ012KfrUe6JUts9b8fosH4W-rlfpm45tepzn__IVH1AXHNYlBJjcrC&_nc_zt=14&_nc_ht=scontent.fjai6-1.fna&_nc_gid=ZKSsMjnMpxpZ8hqH66lpfA&_nc_ss=7b289&oh=00_Af8RiJp92bQ3J3brPvEvmwdEVXMYQDci_OwOaXvbLEnd4A&oe=6A36D1A5 | Resized: https://scontent.fjai6-1.fna.fbcdn.net/v/t39.35426-6/700461719_1119536494574620_5185163684875783134_n.jpg?stp=dst-jpg_s600x600_tt6&_nc_cat=105&ccb=1-7&_nc_sid=c53f8f&_nc_ohc=P2KFqA9xA_oQ7kNvwHtajJd&_nc_oc=AdpIMwZAJHYtRkTyejj6-h1Pjz_lZ-NuY6Bos1KgGGHI3nJazRFGGgl0nPNX60sxpGCMKzR_13-ae1vfKJE-hBwr&_nc_zt=14&_nc_ht=scontent.fjai6-1.fna&_nc_gid=ZKSsMjnMpxpZ8hqH66lpfA&_nc_ss=7b289&oh=00_Af9nFd0jRP_T3B-rGIBmPb8IUokr0AkhByW7uEDS4HjP1Q&oe=6A36D224,,,,,,
1321665279866837,https://www.facebook.com/ProvidentHousing/,fb.me,https://www.facebook.com/ProvidentHousing/,,,,,+91 78996 44202,,,,607163465962544,http://fb.me/,Provident Housing,https://www.facebook.com/ads/library/?id=1321665279866837,"Every NRI deserves a home address in India
that actually feels like a holiday.

Provident Adora De Goa — 3 BHK vacation homes
in Central Goa from ₹1.15 Cr.

Land at Goa Airport. Be home in 10 minutes.

✅ OC Received — Zero construction wait
✅ Managed community — no maintenance headache
✅ Strong rental income when you're abroad
✅ RERA Approved | Trusted developer since 2003

Our NRI desk is ready to assist.
Paperwork. Home loan guidance. Site visit coordination.",211090,Get quote,fb.me,"FACEBOOK; INSTAGRAM; AUDIENCE_NETWORK",2026-04-22,2026-06-15,HD: https://video.fjai6-1.fna.fbcdn.net/o1/v/t2/f2/m366/AQO4HMPmgV_d8_pAyA9OLEw3smJ_LDjVfZ2-JOLlSFNXwzCzV4xD8QAbRjgCln9RQLujEms0qjkhtfeD9z_Mr6eBi4HAJtrwHh92u5RO5z_HCQ.mp4?_nc_cat=111&_nc_oc=Adqc53PwB81FK9SHUA1fjNLa6f1qS6I5N3tBHK2sgUTYdik1wGr5_9jVPqiis8SAM1aHeDDRprFBMkVDWh3uJoya&_nc_sid=b66105&_nc_ht=video.fjai6-1.fna.fbcdn.net&_nc_ohc=x53-HGfBbF4Q7kNvwHVupE0&efg=eyJ2ZW5jb2RlX3RhZyI6Inhwdl9wcm9ncmVzc2l2ZS5WSV9VU0VDQVNFX1BST0RVQ1RfVFlQRS4uQzMuNzIwLmRhc2hfaDI2NC1iYXNpYy1nZW4yXzcyMHAiLCJ4cHZfYXNzZXRfaWQiOjE1Mjk1NzYxODg3MjcxMjUsImFzc2V0X2FnZV9kYXlzIjo1NSwidmlfdXNlY2FzZV9pZCI6MTA3OTksImR1cmF0aW9uX3MiOjEwNiwidXJsZ2VuX3NvdXJjZSI6Ind3dyJ9&ccb=17-1&vs=f313a2210f4e146b&_nc_vs=HBksFQIYRWZiX2VwaGVtZXJhbC8zODRFMTRBMTJGNTdDQzE1NzA0RDU2MEQyRDYwNzZBNV9tdF8xX3ZpZGVvX2Rhc2hpbml0Lm1wNBUAAsgBEgAVAhhAZmJfcGVybWFuZW50LzgxNDc0MEZDOTA4RDFENTAzNEM4Njg1OURERTY1RDk4X2F1ZGlvX2Rhc2hpbml0Lm1wNBUCAsgBEgAoABgAGwKIB3VzZV9vaWwBMRJwcm9ncmVzc2l2ZV9yZWNpcGUBMRUAACaqvZbWhsm3BRUCKAJDMywXQFqAAAAAAAAYGWRhc2hfaDI2NC1iYXNpYy1nZW4yXzcyMHARAHUAZd6oAQA&_nc_gid=LgPfKm5jGKq7VCpkRFmZYw&_nc_ss=7b289&_nc_zt=28&oh=00_Af_8ADLVwKWMXc84jhQ27Hew6QT7jWvRkFDSNYmyEktPNA&oe=6A36DD45 | SD: https://video.fjai6-1.fna.fbcdn.net/o1/v/t2/f2/m412/AQM5u0AiknfsejX_a-ydwNFuM6HzJbF0W2OCKFu-PEWQXjvqPlXXS6QjreKzg_L1OMmu7giQ_iTowillzLMPzSEop7a3OxzW6X6zr2AeYg.mp4?_nc_cat=105&_nc_oc=AdpRAlil00JXxybUt5kkiGzPiCzfU2J0CrXCrLOuLJ6NU4bKjuWQ0v7Ig2Mc5HhjpGVHsV3HuyqBPp_qQb5H3A2m&_nc_sid=ef5aa3&_nc_ht=video.fjai6-1.fna.fbcdn.net&_nc_ohc=26xgPY4uOigQ7kNvwGWJ0gw&efg=eyJ2ZW5jb2RlX3RhZyI6Inhwdl9wcm9ncmVzc2l2ZS5WSV9VU0VDQVNFX1BST0RVQ1RfVFlQRS4uQzMuMzYwLnN2ZV9zZCIsInhwdl9hc3NldF9pZCI6MTUyOTU3NjE4ODcyNzEyNSwiYXNzZXRfYWdlX2RheXMiOjU1LCJ2aV91c2VjYXNlX2lkIjoxMDc5OSwiZHVyYXRpb25fcyI6MTA2LCJ1cmxnZW5fc291cmNlIjoid3d3In0%3D&ccb=17-1&_nc_gid=LgPfKm5jGKq7VCpkRFmZYw&_nc_ss=7b289&_nc_zt=28&oh=00_Af_SKPYTyS-0aTAsh1ko6pgwdexmwA95Xw2Sil1MWG3KiA&oe=6A36E271 | Preview: https://scontent.fjai6-1.fna.fbcdn.net/v/t39.35426-6/678321602_1236104841928806_4486872211202045311_n.jpg?_nc_cat=100&ccb=1-7&_nc_sid=c53f8f&_nc_ohc=FvIcibz7kpcQ7kNvwErwM9S&_nc_oc=Adq232DI7rYim2F3TYB2dCNc-Z14sJVGs6G_Bc7dBmqKDS5R6eaLs4dov9ecTJpCHKs2LgniUBFWfqz-72T77CRm&_nc_zt=14&_nc_ht=scontent.fjai6-1.fna&_nc_gid=LgPfKm5jGKq7VCpkRFmZYw&_nc_ss=7b289&oh=00_Af-OP8yHee8ZOYzOOLYe5ZYIMeBVbPSKl3prp7PBSrU4Cg&oe=6A36BD5B,,,,,,,
1008239851570674,https://www.facebook.com/Valuepersqft/,fb.me,https://www.facebook.com/Valuepersqft/,,,,info@valuepersqft.com,+91 97398 15466,,,,321421378611576,http://fb.me/,Valuepersqft,https://www.facebook.com/ads/library/?id=1008239851570674,"Experience the largest child-centric Integrated Township in Bengaluru
Located on Sarjapur Varthur Main Road
✨ 100+ lifestyle amenities
🏢 One of the largest clubhouses with over 1 lakh sqft
🏘️ Multiple clubhouses for entire 100+ acres
🌳 84% open space
🌿 Biophilic landscape design",1272,Get offer,fb.me,"FACEBOOK; INSTAGRAM; AUDIENCE_NETWORK",2026-06-12,2026-06-15,,Original: https://scontent.fjai6-1.fna.fbcdn.net/v/t39.35426-6/722665760_1263307538988525_7183962335632932385_n.jpg?_nc_cat=107&ccb=1-7&_nc_sid=c53f8f&_nc_ohc=2capfrwTQyEQ7kNvwGpVzvn&_nc_oc=AdrFPC0ldXsCkPZGw8NGq6lBGHc11OHMr2FrVm-iSxMPcPtw3LJdjWjHtTU6qhedDM8rAbO9qY9T3IKE2UOwvlb8&_nc_zt=14&_nc_ht=scontent.fjai6-1.fna&_nc_gid=LgPfKm5jGKq7VCpkRFmZYw&_nc_ss=7b289&oh=00_Af-kkB2XShYeSdzdFc1X8q5doBiBOtlsxD55lfcs5f8BOg&oe=6A36C537 | Resized: https://scontent.fjai6-1.fna.fbcdn.net/v/t39.35426-6/722768614_4452914784991554_176312772556773754_n.jpg?stp=dst-jpg_s600x600_tt6&_nc_cat=109&ccb=1-7&_nc_sid=c53f8f&_nc_ohc=90-QsERE8YUQ7kNvwEvKmqe&_nc_oc=AdoQUhjjFZm8qhVyArrdLz5KQ17QdzvpjMuxIjHUpTY03Xvu2xoUlg-Yo3Ci22oA9f43NsPpJdxEZL9BUuFNyC8O&_nc_zt=14&_nc_ht=scontent.fjai6-1.fna&_nc_gid=LgPfKm5jGKq7VCpkRFmZYw&_nc_ss=7b289&oh=00_Af-3TY0jJwGEHrDPmTFw2ndE0XppYPQuyExzJoDvxmNftg&oe=6A36C83B,,,,,,
801376093041725,https://www.facebook.com/nambiarbuilders/,fb.me,https://www.facebook.com/nambiarbuilders/,,,,info@nambiarbuilders.com,,,,,199196880106245,http://fb.me/,Nambiar Builders,https://www.facebook.com/ads/library/?id=801376093041725,"Nambiar District 25 Phase 2 - Villa Style Skyrise Residences with 7-Acre Club SOHO

✅ Luxury 2, 3 & 4 BHK residences with private balconies
✅ Experience 40% Untouched Nature & 3500+ Native Tree
✅ 120+ World-Class Lifestyle Amenities designed for a high-end lifestyle
✅ Effortless connectivity in Bengaluru's fastest growing neighbourhood",12972,Book now,fb.me,"FACEBOOK; INSTAGRAM",2026-04-21,2026-06-15,,,"Nambiar District 25 Phase 2 - Villa Style Skyrise Residences with 7-Acre Club SOHO

✅ Luxury 2, 3 & 4 BHK residences with private balconies
✅ Experience 40% Untouched Nature & 3500+ Native Tree
✅ 120+ World-Class Lifestyle Amenities designed for a high-end lifestyle
✅ Effortless connectivity in Bengaluru's fastest growing neighbourhood || Nambiar District 25 Phase 2 - Villa Style Skyrise Residences with 7-Acre Club SOHO

✅ Luxury 2, 3 & 4 BHK residences with private balconies
✅ Experience 40% Untouched Nature & 3500+ Native Tree
✅ 120+ World-Class Lifestyle Amenities designed for a high-end lifestyle
✅ Effortless connectivity in Bengaluru's fastest growing neighbourhood",http://fb.me/ || http://fb.me/,,Book Now || Book Now,Original: https://scontent.fjai6-1.fna.fbcdn.net/v/t39.35426-6/674085888_2154468245389439_2014910566629899955_n.jpg?_nc_cat=104&ccb=1-7&_nc_sid=c53f8f&_nc_ohc=tZxGRNENqJkQ7kNvwE_CYQm&_nc_oc=AdrRlSA12K3rF9LJR22kYe37oHz0Lv5m_lvUp4J6hEIpuMKiJ4XpqTMpu17uc16P-aVNDyziGRO7dWR0RHZXfBxW&_nc_zt=14&_nc_ht=scontent.fjai6-1.fna&_nc_gid=LgPfKm5jGKq7VCpkRFmZYw&_nc_ss=7b289&oh=00_Af_6ulT6qnPIDh2i3EgvCyktToNAoEPC8e0YqJSTIXFZtg&oe=6A36D98F | Resized: https://scontent.fjai6-1.fna.fbcdn.net/v/t39.35426-6/675682200_1301200838600747_7771401269509893917_n.jpg?stp=dst-jpg_s600x600_tt6&_nc_cat=103&ccb=1-7&_nc_sid=c53f8f&_nc_ohc=z8vZgfIx38kQ7kNvwHPcb1_&_nc_oc=AdrCrd59y-3x7wUbzem_eaKKdlyWdVsK33XAkR8reacNo0i731o8GKc-xIS_yENxcEk0IYG6n8E14-GmZgKXhW9q&_nc_zt=14&_nc_ht=scontent.fjai6-1.fna&_nc_gid=LgPfKm5jGKq7VCpkRFmZYw&_nc_ss=7b289&oh=00_Af_ypBVpv8VeBQTOyse033_t-FbUBd94ASfi0B_hvKPmqw&oe=6A36AE46 || Original: https://scontent.fjai6-1.fna.fbcdn.net/v/t39.35426-6/675489082_1507409944302298_5655093976185095653_n.jpg?_nc_cat=106&ccb=1-7&_nc_sid=c53f8f&_nc_ohc=rv3lm2tfEZoQ7kNvwEvKDaO&_nc_oc=Adr2fAioqOuwWb1h15dNEFS3WKM-LD5kjgc4iM6ClqE3r2Mcs2xNGRM8a3z3ovfnwaSICvYtqNpPh4vZNzNtW7oQ&_nc_zt=14&_nc_ht=scontent.fjai6-1.fna&_nc_gid=LgPfKm5jGKq7VCpkRFmZYw&_nc_ss=7b289&oh=00_Af8NhuwDHEFWryULkio01LopEJT_9sEfxK-4sOJIVQBT3Q&oe=6A36D948 | Resized: https://scontent.fjai6-1.fna.fbcdn.net/v/t39.35426-6/675478896_953035510834397_3032184358466925922_n.jpg?stp=dst-jpg_s600x600_tt6&_nc_cat=104&ccb=1-7&_nc_sid=c53f8f&_nc_ohc=bKlmgcnblNUQ7kNvwFfQwbP&_nc_oc=AdoWvwRIE2ZLD6jlC6X7Iu4spSJOYBmOmYrDPNcR5l0lME1F3asdxgJg0COI1Ch9hvD-KR2R6ig9gjrbkD4qV5Pd&_nc_zt=14&_nc_ht=scontent.fjai6-1.fna&_nc_gid=LgPfKm5jGKq7VCpkRFmZYw&_nc_ss=7b289&oh=00_Af_OMm6xq0DhLxWa-fbuTP1duTPQJnxOxyhDI06xvbR4Sw&oe=6A36CD6D,
719102871263971,https://www.facebook.com/100093836321557/,fb.me,https://www.facebook.com/100093836321557/,,,,,,,,,116703961453228,http://fb.me/,Ultra Luxury Properties,https://www.facebook.com/ads/library/?id=719102871263971,"Your Dream Home Awaits!
🏙️ India's Biggest Developer - Iconic Living Near India Gate
🏡 Prices Starting at ₹3.2 Cr | Luxury Meets Convenience*
🏦 Luxury 3&4 BHK Apartments

✨ Key Highlights

Just 20 minutes away from India Gate
Developed by one of India's Largest Listed Developers
Set within a 60-acre integrated township with premium amenities
📞 Book Your Exclusive Tour Today! Limited Units Available!",179,Get quote,fb.me,"FACEBOOK; INSTAGRAM",2025-12-29,2026-06-15,,Original: https://scontent.fjai6-1.fna.fbcdn.net/v/t39.35426-6/605092642_1651068729208737_7488784667415265939_n.jpg?_nc_cat=102&ccb=1-7&_nc_sid=c53f8f&_nc_ohc=_8In8XDVEnAQ7kNvwFzJz2B&_nc_oc=AdoEqPLN891GZ8dbN5ncLNDOkAljUYLfkNCv7yWc-RHi51PVTJaHpBKwEuKJHrTQgiGu1K5IyZy8c2wXeSchX647&_nc_zt=14&_nc_ht=scontent.fjai6-1.fna&_nc_gid=VmtumUufeeZeoos1o4yEzQ&_nc_ss=7b289&oh=00_Af-USsJGWpovrFetQHoGpM7L8dK2ycLPIhRlejMZejILLg&oe=6A36CD66 | Resized: https://scontent.fjai6-1.fna.fbcdn.net/v/t39.35426-6/605568529_1316349660535698_4728712592400787836_n.jpg?stp=dst-jpg_s600x600_tt6&_nc_cat=106&ccb=1-7&_nc_sid=c53f8f&_nc_ohc=h8mGBoq4JZgQ7kNvwF4Z0rN&_nc_oc=Adoi7M1S8Bxh1r7wA78lBK8Bf0wOAfMMwnWl5ESPFmxuM6-f5ZWPPsjOT_u7uWJPshesKICM740KqUq7tudkOoXH&_nc_zt=14&_nc_ht=scontent.fjai6-1.fna&_nc_gid=VmtumUufeeZeoos1o4yEzQ&_nc_ss=7b289&oh=00_Af_-X676TbTD6F5F8apKEK_QiVMVV7W4iTK6x0rt5vxwtw&oe=6A36B737,,,,,,
1515898266597161,https://www.facebook.com/61568909439175/,sansacountybyauro.aurorealty.com,https://www.facebook.com/61568909439175/,,,,,"01100005179, +91 91212 22851",,,,489136254285054,https://sansacountybyauro.aurorealty.com/sector-3/,Sansa County By Auro Tattva,https://www.facebook.com/ads/library/?id=1515898266597161,"Luxury today isn’t about living in the middle of chaos anymore.

At Sansa County by Auro Realty, it’s about space, privacy, and an integrated township living.

✨ 313-Acre Integrated Township
🌊 70-Acre Lakeside Living
🏡 Premium 4BHK Triplex Villas
📐 300 & 405 Sq. Yds. Villas
📍 ORR Exit 3, Patancheru
🌿 30+ Premium Lifestyle Amenities
🏢 Villas, Apartments, Plots & Commercial Spaces
💰 Flexible 40:30:30 Payment Plan

Book your site visit today.",773,Get quote,https://sansacountybyauro.aurorealty.com/sector-3/,"FACEBOOK; INSTAGRAM",2026-06-03,2026-06-14,,Original: https://scontent.fjai6-1.fna.fbcdn.net/v/t39.35426-6/716230137_1650374136167966_1791331680185378365_n.jpg?_nc_cat=102&ccb=1-7&_nc_sid=c53f8f&_nc_ohc=c6zgWVxCdKgQ7kNvwEEet7v&_nc_oc=AdqcOxyITeIrVMn9uU4VT4dNxetLU6wozyNJsmxUa1u1C31mmVCEjTvOdRPn9izoVxQHl1vqzAHw5qoogvL82qmQ&_nc_zt=14&_nc_ht=scontent.fjai6-1.fna&_nc_gid=VmtumUufeeZeoos1o4yEzQ&_nc_ss=7b289&oh=00_Af85rvr6xJTqVued8OtZ6phLFtY5Ew6hvx9-S41I1b0SfA&oe=6A36C22E | Resized: https://scontent.fjai6-1.fna.fbcdn.net/v/t39.35426-6/714586174_1715598769446837_4646701696845642352_n.jpg?stp=dst-jpg_s600x600_tt6&_nc_cat=106&ccb=1-7&_nc_sid=c53f8f&_nc_ohc=_xq5QutKFswQ7kNvwFqwAkH&_nc_oc=Adrl9R2_X_XLLcE9Ece4Gud8ORO1EkysXaJAVfbJPAtgSoAEtwhS1sDCilpE3O_1S2OpNsDc3I-WnbLMeQE5dfHN&_nc_zt=14&_nc_ht=scontent.fjai6-1.fna&_nc_gid=VmtumUufeeZeoos1o4yEzQ&_nc_ss=7b289&oh=00_Af_9oechkyPLoFrTPKPsB9ouUPEBQxGcIYc1Hbnq5u6fZA&oe=6A36ADE9,,,,,,
1005557151938582,https://www.facebook.com/bopgrp/,fb.me,https://www.facebook.com/bopgrp/,,,,info@boprealty.com,+91 96544 44355,,,,296508423701621,http://fb.me/,BOP Realty,https://www.facebook.com/ads/library/?id=1005557151938582,"Own a Premium Retail Shop | Business Suites | Office Spaces in Lucknow
with an easy 1% monthly payment plan.

Migsun Lucknow Central – Sushant Golf City
✅ Inside Lucknow’s largest integrated township
✅ Adjoining Medanta Hospital

💰 Starting at ₹60 Lakhs*

➡️ High footfall location
➡️ Strong rental potential
➡️ Strong capital appreciation in a prime commercial zone

🚨 Ideal for passive investors seeking high rental yields – Book a Site Visit, Now! (T&C Apply)

Marketed By BOP 
RERA No.: UPRERAAGT10206

All area measurements are approx. areas shown in Sq. Ft, are conversions from Sq. Mt. (1 Sq. Mt. = 10.7639 Sq. Ft.) for convenience only

#MigsunLucknowCentral #LuxuryLiving #InvestInLucknow #PremiumRetail #HighROI",8971,Get offer,fb.me,"FACEBOOK; INSTAGRAM",2026-05-12,2026-06-10,,Original: https://scontent.fjai6-1.fna.fbcdn.net/v/t39.35426-6/699072146_2246284929510759_5881765094893106379_n.jpg?_nc_cat=108&ccb=1-7&_nc_sid=c53f8f&_nc_ohc=mmS2Wbv1qCcQ7kNvwEUXH0h&_nc_oc=AdpemmgKsiOrimDdYLS6NOo6c9vvpE41KQigzAsQL42XaQMpog0PXjaLsVYrFgqoYCamNb57b5VjarNFEfmYZEfR&_nc_zt=14&_nc_ht=scontent.fjai6-1.fna&_nc_gid=VmtumUufeeZeoos1o4yEzQ&_nc_ss=7b289&oh=00_Af9StezP2IcstgUI6470wsDBD3RECCcn1W0xE5DVIiRwPQ&oe=6A36E4E0 | Resized: https://scontent.fjai6-1.fna.fbcdn.net/v/t39.35426-6/696494605_4323110311294996_5620511886427047645_n.jpg?stp=dst-jpg_s600x600_tt6&_nc_cat=102&ccb=1-7&_nc_sid=c53f8f&_nc_ohc=YcC8aEBjraEQ7kNvwF2R9N2&_nc_oc=AdojLp_IB9V5VLUrfByoHoUj1FuWOtokI4uQDL_QFBRgoErBm4FfggAg5dOjdsu35zPIZaqpMjk3VI6EiR4hDqOg&_nc_zt=14&_nc_ht=scontent.fjai6-1.fna&_nc_gid=VmtumUufeeZeoos1o4yEzQ&_nc_ss=7b289&oh=00_Af-yMYQwjIDGJlotCl1Lwhki74VNwl6dDaVl_HmO-7qVtw&oe=6A36ADCF,,,,,,
782552981457123,https://www.facebook.com/nambiarbuilders/,fb.me,https://www.facebook.com/nambiarbuilders/,,,,info@nambiarbuilders.com,,,,,199196880106245,http://fb.me/,Nambiar Builders,https://www.facebook.com/ads/library/?id=782552981457123,"Nambiar District 25 Phase 2 - Villa Style Skyrise Residences with 7-Acre Club SOHO

✅ Luxury 2, 3 & 4 BHK residences with private balconies
✅ Experience 40% Untouched Nature & 3500+ Native Tree
✅ 120+ World-Class Lifestyle Amenities designed for a high-end lifestyle
✅ Effortless connectivity in Bengaluru's fastest growing neighbourhood",12972,Book now,fb.me,"FACEBOOK; INSTAGRAM",2026-05-06,2026-06-13,,Original: https://scontent.fjai6-1.fna.fbcdn.net/v/t39.35426-6/688961570_2193812258123511_6867839277510835917_n.jpg?_nc_cat=110&ccb=1-7&_nc_sid=c53f8f&_nc_ohc=skZDmDDZ1SAQ7kNvwEA4rUV&_nc_oc=AdoMreiMx0BOOJCNxg5_DU3AcsSP6Ae-YOv0XNPktmArS4PgucZiR9Qky3M-yOq6HeZz5MhIqYawObzKPNogU1ph&_nc_zt=14&_nc_ht=scontent.fjai6-1.fna&_nc_gid=0rGAhD0WUEWfxK7_wb5bhg&_nc_ss=7b289&oh=00_Af_FRp0781XSDoI077rkjOUSHxU_hx_PDOq-XBRGshduag&oe=6A36D958 | Resized: https://scontent.fjai6-1.fna.fbcdn.net/v/t39.35426-6/688141709_1445649217596678_2012786101148521365_n.jpg?stp=dst-jpg_s600x600_tt6&_nc_cat=103&ccb=1-7&_nc_sid=c53f8f&_nc_ohc=6FPpT0-X1GMQ7kNvwFRQg0Q&_nc_oc=AdofNqgUW8CCgihoOFFtp5TkN0w3EMMthGJHsPnnxfy5r1IVJ9v4lOOFTa5EJepvoTIvB-5F0uhaxzvAOD6zV-Wr&_nc_zt=14&_nc_ht=scontent.fjai6-1.fna&_nc_gid=0rGAhD0WUEWfxK7_wb5bhg&_nc_ss=7b289&oh=00_Af8v_6bsWAkQlvJO1mTjQXywFkbePuNTj-8FrcFrGo8JOg&oe=6A36C4C2,,,,,,
1518013306683160,https://www.facebook.com/tdi.connaught.estate.ludhiana/,fb.me,https://www.facebook.com/tdi.connaught.estate.ludhiana/,,,,,,,,,1044460875426382,http://fb.me/,TDI Connaught Estate Ludhiana,https://www.facebook.com/ads/library/?id=1518013306683160,"Ludhiana’s newest premium address is now open for pre-launch bookings.
Introducing Connaught Estate by TDI Infratech & DC Group — luxury S+4 independent 3BHK floors inside a 150-acre integrated township on Sidhwan Canal Road.

✅ Approx. 1850–1900 sq.ft homes
✅ Gated township with clubhouse & amenities
✅ Prime highway-facing location
✅ Launch Price: ₹5̶,̶5̶0̶0 6,000/sq.ft

Early buyers get the best inventory + highest appreciation advantage.

📩 Fill the form now to get floor plans, pricing & priority booking details.",34,Book now,fb.me,"FACEBOOK; INSTAGRAM; AUDIENCE_NETWORK",2026-05-21,2026-06-15,,,"Ludhiana’s newest premium address is now open for pre-launch bookings.
Introducing Connaught Estate by TDI Infratech & DC Group — luxury S+4 independent 3BHK floors inside a 150-acre integrated township on Sidhwan Canal Road.

✅ Approx. 1850–1900 sq.ft homes
✅ Gated township with clubhouse & amenities
✅ Prime highway-facing location
✅ Launch Price: ₹5̶,̶5̶0̶0 6,000/sq.ft

Early buyers get the best inventory + highest appreciation advantage.

📩 Fill the form now to get floor plans, pricing & priority booking details. || Ludhiana’s newest premium address is now open for pre-launch bookings.
Introducing Connaught Estate by TDI Infratech & DC Group — luxury S+4 independent 3BHK floors inside a 150-acre integrated township on Sidhwan Canal Road.

✅ Approx. 1850–1900 sq.ft homes
✅ Gated township with clubhouse & amenities
✅ Prime highway-facing location
✅ Launch Price: ₹5̶,̶5̶0̶0 6,000/sq.ft

Early buyers get the best inventory + highest appreciation advantage.

📩 Fill the form now to get floor plans, pricing & priority booking details. || Looking for a premium property with strong appreciation potential in Ludhiana?
Connaught Estate by TDI Infratech brings thoughtfully planned 3BHK S+4 floors in one of the city’s fastest-growing residential corridors.
✔ Spacious layouts
✔ Premium township infrastructure
✔ Excellent connectivity
✔ Gated secure community
✔ Early-stage investment advantage

Limited pre-launch inventory now available with inaugural pricing benefits.

📩 Submit your details to receive brochure, floor plans & payment plan.",http://fb.me/ || http://fb.me/ || http://fb.me/,,Book Now || Book Now || Book Now,Original: https://scontent.fjai6-1.fna.fbcdn.net/v/t39.35426-6/702730329_989773676964757_6774802393602360277_n.jpg?_nc_cat=108&ccb=1-7&_nc_sid=c53f8f&_nc_ohc=IHOEGAchWIcQ7kNvwFQ5O0C&_nc_oc=Adr6LWnYssOpEjsaPT6l6xTi3VCIOEPHd3LNdQ-MYiPuU0vu_x5REM8McxrNCSrK-9NtyN2Q5OZzr9llUclH_UvV&_nc_zt=14&_nc_ht=scontent.fjai6-1.fna&_nc_gid=0rGAhD0WUEWfxK7_wb5bhg&_nc_ss=7b289&oh=00_Af_o8UhUghl3XUQvk1cXZ4IcUv2TmBtP8pErU9UQ_UnOgQ&oe=6A36C15D | Resized: https://scontent.fjai6-1.fna.fbcdn.net/v/t39.35426-6/702866372_1560000808822757_8266225536096831330_n.jpg?stp=dst-jpg_s600x600_tt6&_nc_cat=101&ccb=1-7&_nc_sid=c53f8f&_nc_ohc=oJhcnsBldf4Q7kNvwGUi_YR&_nc_oc=Adrx23RzQH8eDUE_0LZB3614-KAxjtlRQS83lDrthN_zbKVr8DquJ_7w4Xw32JkRUWykfNb_xiS6k368L03p0CN4&_nc_zt=14&_nc_ht=scontent.fjai6-1.fna&_nc_gid=0rGAhD0WUEWfxK7_wb5bhg&_nc_ss=7b289&oh=00_Af81tzNK-CRfiGltXqLuy3my3vt5qRsmO6Xy0tcCQgSSow&oe=6A36C059 || Original: https://scontent.fjai6-1.fna.fbcdn.net/v/t39.35426-6/701789017_937924042561844_2054458821958725736_n.jpg?_nc_cat=107&ccb=1-7&_nc_sid=c53f8f&_nc_ohc=M-Ofc4JgSwsQ7kNvwFTtvup&_nc_oc=AdpWBABIvnDKiJ9khxDOVO9hMHjFjMgyRoOedjBSrjRC1kaH5IBJXTkEo9t4MTEkwq1EIusyiIncrUC5TLunBJwg&_nc_zt=14&_nc_ht=scontent.fjai6-1.fna&_nc_gid=0rGAhD0WUEWfxK7_wb5bhg&_nc_ss=7b289&oh=00_Af90F46j4MYvUmDsj3xJefp3cZk5aqZYKs6akLPTQkA47A&oe=6A36CFC6 | Resized: https://scontent.fjai6-1.fna.fbcdn.net/v/t39.35426-6/705122344_993617383215333_368988042972437839_n.jpg?stp=dst-jpg_s600x600_tt6&_nc_cat=100&ccb=1-7&_nc_sid=c53f8f&_nc_ohc=NOYtjDXOqkQQ7kNvwHk6VR9&_nc_oc=Adpo2kd-0SMtPuoVf0cOmE4FDYqSOkWMb0VgjrkCv9ODJjv8uRA_bkDF3tTh-ftTzgXtKLhjsJeUqm2ZN3kAHvnZ&_nc_zt=14&_nc_ht=scontent.fjai6-1.fna&_nc_gid=0rGAhD0WUEWfxK7_wb5bhg&_nc_ss=7b289&oh=00_Af8K0MwL1kGNlWr6Dj6WfaOMKZzN1Q7OIAUSlourlbTVMw&oe=6A36B44E || Original: https://scontent.fjai6-1.fna.fbcdn.net/v/t39.35426-6/701789017_937924042561844_2054458821958725736_n.jpg?_nc_cat=107&ccb=1-7&_nc_sid=c53f8f&_nc_ohc=M-Ofc4JgSwsQ7kNvwFTtvup&_nc_oc=AdpWBABIvnDKiJ9khxDOVO9hMHjFjMgyRoOedjBSrjRC1kaH5IBJXTkEo9t4MTEkwq1EIusyiIncrUC5TLunBJwg&_nc_zt=14&_nc_ht=scontent.fjai6-1.fna&_nc_gid=0rGAhD0WUEWfxK7_wb5bhg&_nc_ss=7b289&oh=00_Af90F46j4MYvUmDsj3xJefp3cZk5aqZYKs6akLPTQkA47A&oe=6A36CFC6 | Resized: https://scontent.fjai6-1.fna.fbcdn.net/v/t39.35426-6/705122344_993617383215333_368988042972437839_n.jpg?stp=dst-jpg_s600x600_tt6&_nc_cat=100&ccb=1-7&_nc_sid=c53f8f&_nc_ohc=NOYtjDXOqkQQ7kNvwHk6VR9&_nc_oc=Adpo2kd-0SMtPuoVf0cOmE4FDYqSOkWMb0VgjrkCv9ODJjv8uRA_bkDF3tTh-ftTzgXtKLhjsJeUqm2ZN3kAHvnZ&_nc_zt=14&_nc_ht=scontent.fjai6-1.fna&_nc_gid=0rGAhD0WUEWfxK7_wb5bhg&_nc_ss=7b289&oh=00_Af8K0MwL1kGNlWr6Dj6WfaOMKZzN1Q7OIAUSlourlbTVMw&oe=6A36B44E,
1722819692491454,https://www.facebook.com/therightlifeofficial/,therightlife.in,https://www.facebook.com/therightlifeofficial/,,,,,,,,,123158527554647,https://therightlife.in/bengaluru/?utm_source=Inso_TRL_CTW_FP_Job_Primary_3bhk,The Right Life,https://www.facebook.com/ads/library/?id=1722819692491454,"Step into a life where nature comes first at The Forest Province, The Right Life.

Own a premium 3, 3.5 & 4 BHK residence starting from ₹1.9 Cr* within a 100+ acre integrated township on Whitefield–Sarjapur Road.

➤ Forest-themed enclave with a 1+ acre Miyawaki Forest
➤ 1,000+ trees & plants within the community
➤ 1+ acre Miyawaki Forest at the heart of the community
➤ Expansive green views, natural light & ventilation
➤ 84% open spaces within the township
➤ 25+ lifestyle amenities & a 1 Lakh Sq. Ft. Grand Clubhouse
➤ Just 20 minutes from Whitefield, Sarjapur Road & Electronic City

Book Now & Start Paying from 2027.",52261,Learn more,therightlife.in,"FACEBOOK; INSTAGRAM",2026-06-04,2026-06-15,,,"Step into a life where nature comes first at The Forest Province, The Right Life.

Own a premium 3, 3.5 & 4 BHK residence starting from ₹1.9 Cr* within a 100+ acre integrated township on Whitefield–Sarjapur Road.

➤ Forest-themed enclave with a 1+ acre Miyawaki Forest
➤ 1,000+ trees & plants within the community
➤ 1+ acre Miyawaki Forest at the heart of the community
➤ Expansive green views, natural light & ventilation
➤ 84% open spaces within the township
➤ 25+ lifestyle amenities & a 1 Lakh Sq. Ft. Grand Clubhouse
➤ Just 20 minutes from Whitefield, Sarjapur Road & Electronic City

Book Now & Start Paying from 2027. || Step into a life where nature comes first at The Forest Province, The Right Life.

Own a premium 3, 3.5 & 4 BHK residence starting from ₹1.9 Cr* within a 100+ acre integrated township on Whitefield–Sarjapur Road.

➤ Forest-themed enclave with a 1+ acre Miyawaki Forest
➤ 1,000+ trees & plants within the community
➤ 1+ acre Miyawaki Forest at the heart of the community
➤ Expansive green views, natural light & ventilation
➤ 84% open spaces within the township
➤ 25+ lifestyle amenities & a 1 Lakh Sq. Ft. Grand Clubhouse
➤ Just 20 minutes from Whitefield, Sarjapur Road & Electronic City

Book Now & Start Paying from 2027. || Step into a life where nature comes first at The Forest Province, The Right Life.

Own a premium 3, 3.5 & 4 BHK residence starting from ₹1.9 Cr* within a 100+ acre integrated township on Whitefield–Sarjapur Road.

➤ Forest-themed enclave with a 1+ acre Miyawaki Forest
➤ 1,000+ trees & plants within the community
➤ 1+ acre Miyawaki Forest at the heart of the community
➤ Expansive green views, natural light & ventilation
➤ 84% open spaces within the township
➤ 25+ lifestyle amenities & a 1 Lakh Sq. Ft. Grand Clubhouse
➤ Just 20 minutes from Whitefield, Sarjapur Road & Electronic City

Book Now & Start Paying from 2027.",https://therightlife.in/bengaluru/?utm_source=Inso_TRL_CTW_FP_Job_Primary_3bhk || https://therightlife.in/bengaluru/?utm_source=Inso_TRL_CTW_FP_Job_Primary_3bhk || https://therightlife.in/bengaluru/?utm_source=Inso_TRL_CTW_FP_Job_Primary_3bhk,,Learn More || Learn More || Learn More,Original: https://scontent.fjai6-1.fna.fbcdn.net/v/t39.35426-6/715489326_2909218719417692_8002268986652330545_n.jpg?_nc_cat=106&ccb=1-7&_nc_sid=c53f8f&_nc_ohc=yclUpxA6hSwQ7kNvwEXRpl3&_nc_oc=AdqEObfSUkl373twIll40U6X_JCvSyWbuhWX0T0r0TreKi_v_1VmisqXYtFghtg2-GX50rcinARgnE19QWKZ1l2K&_nc_zt=14&_nc_ht=scontent.fjai6-1.fna&_nc_gid=0rGAhD0WUEWfxK7_wb5bhg&_nc_ss=7b289&oh=00_Af_y54tmLBDIqargHGRuuIaNmj22rcNJm0UEE3afe3CHrA&oe=6A36DA53 | Resized: https://scontent.fjai6-1.fna.fbcdn.net/v/t39.35426-6/710827428_1503421564594068_3746192367220649359_n.jpg?stp=dst-jpg_s600x600_tt6&_nc_cat=104&ccb=1-7&_nc_sid=c53f8f&_nc_ohc=JeudyRrSSZgQ7kNvwG55bQt&_nc_oc=AdrKOXmwsuL0oUDixBuRwRnS2Kmut0GNh7rU4o7ZXnrG1N5mQJKs7m53nboApYseM6LvH22ERDf8nKCDwFIJdBxc&_nc_zt=14&_nc_ht=scontent.fjai6-1.fna&_nc_gid=0rGAhD0WUEWfxK7_wb5bhg&_nc_ss=7b289&oh=00_Af_zJ7ET2crVfIB6yj3D6KViNgFdfZ_fPnkd6dKMfXsUTg&oe=6A36BE44 || Original: https://scontent.fjai6-1.fna.fbcdn.net/v/t39.35426-6/715040750_1547796216940774_59835619921654380_n.jpg?_nc_cat=108&ccb=1-7&_nc_sid=c53f8f&_nc_ohc=PkXN9A2SpD8Q7kNvwGhJDz0&_nc_oc=Adpa8X_Xf3IqtyZJHH7G7FMEXBVf_odzPStnP6DbyYyIfrw9DCHi4s-4Z7VDoPLKkjum3HVhldiTNXa_PyfI2m3f&_nc_zt=14&_nc_ht=scontent.fjai6-1.fna&_nc_gid=0rGAhD0WUEWfxK7_wb5bhg&_nc_ss=7b289&oh=00_Af8gtcYry03QStTYTHEiRC2x3DKDIF_Rpk8KT76MDJ-_cg&oe=6A36BC2C | Resized: https://scontent.fjai6-1.fna.fbcdn.net/v/t39.35426-6/715478500_1623781868714875_581021587551500345_n.jpg?stp=dst-jpg_s600x600_tt6&_nc_cat=110&ccb=1-7&_nc_sid=c53f8f&_nc_ohc=-PzMil1XMAQQ7kNvwHhG_V3&_nc_oc=AdpWOzU-TyWmTS_16yH7QIGx_pHv4McgD7IV4gG9Kh7s7r1JwblMo1W41fXR9gih0UYQV4-GE81C6UzNitvzSZdr&_nc_zt=14&_nc_ht=scontent.fjai6-1.fna&_nc_gid=0rGAhD0WUEWfxK7_wb5bhg&_nc_ss=7b289&oh=00_Af8kMT6JadSBRVVPgV7wT8vMyOXxcujo-NQgMIbqZldU-w&oe=6A36D6F6 || Original: https://scontent.fjai6-1.fna.fbcdn.net/v/t39.35426-6/715493890_1729400578075914_8911469048359772014_n.jpg?_nc_cat=107&ccb=1-7&_nc_sid=c53f8f&_nc_ohc=L5KgGvDdP9wQ7kNvwFNmfWJ&_nc_oc=AdojHsZqJhhvaVu8nFyToqsM4Bbyjg1pwcyXkFnGMhPaWdrkIJ58xcKsSxCc3hJD3m1Aec9WSifcIE8ffVyXw-UR&_nc_zt=14&_nc_ht=scontent.fjai6-1.fna&_nc_gid=0rGAhD0WUEWfxK7_wb5bhg&_nc_ss=7b289&oh=00_Af83ylbLZrGNVe7XY3rrqCZQPHx2CFQdAnM_ST9f1Et9Dg&oe=6A36BF3D | Resized: https://scontent.fjai6-1.fna.fbcdn.net/v/t39.35426-6/710799439_2240665513338897_1105275556728084207_n.jpg?stp=dst-jpg_s600x600_tt6&_nc_cat=106&ccb=1-7&_nc_sid=c53f8f&_nc_ohc=3LvbzvIlpxEQ7kNvwFwquS-&_nc_oc=Adp5r575d55Dwa9ASKKyiMGwtsO322UQ521uw-lct5gr6kMqdSIaui68twmppC0FHBDfEwTFDnLkXa0xYvHgPON5&_nc_zt=14&_nc_ht=scontent.fjai6-1.fna&_nc_gid=0rGAhD0WUEWfxK7_wb5bhg&_nc_ss=7b289&oh=00_Af_hWGPcsk_XBlSa3JHgpYs3UnAfOvS3RHSzG51xoYzCRA&oe=6A36C317,
3462616947248661,https://www.facebook.com/HiranandaniParksOragadam/,fb.me,https://www.facebook.com/HiranandaniParksOragadam/,,,,hparks@hrealty.com,+91 44 4627 2999,,,,979620852112007,http://fb.me/,Hiranandani Parks,https://www.facebook.com/ads/library/?id=3462616947248661,"Spacious Hiranandani POCKET-FRIENDLY Apts. near Oragadam Jn. in Chennai
2BHK Apartments Starting at ₹60 Lakhs + Taxes

✅ Spacious 1070Sq.ft POCKET-FRIENDLY Apts. with Balcony
✅ Distinctive design,Energy-efficient and Ventilated Homes
✅ Vaastu Compliant Homes with efficient planning
✅ Mixed Use integrated township
✅ Located at Oragadam, fast appreciating!

DTCP & Rera Registered 
TNRERA/1/BLG/0397/2025

Schedule a Site Visit Today",82220,Learn more,fb.me,"FACEBOOK; INSTAGRAM",2026-05-15,2026-06-15,,,"Spacious Hiranandani POCKET-FRIENDLY Apts. near Oragadam Jn. in Chennai
2BHK Apartments Starting at ₹60 Lakhs + Taxes

✅ Spacious 1070Sq.ft POCKET-FRIENDLY Apts. with Balcony
✅ Distinctive design,Energy-efficient and Ventilated Homes
✅ Vaastu Compliant Homes with efficient planning
✅ Mixed Use integrated township
✅ Located at Oragadam, fast appreciating!

DTCP & Rera Registered 
TNRERA/1/BLG/0397/2025

Schedule a Site Visit Today || Spacious Hiranandani POCKET-FRIENDLY Apts. near Oragadam Jn. in Chennai
2BHK Apartments Starting at ₹60 Lakhs + Taxes

✅ Spacious 1070Sq.ft POCKET-FRIENDLY Apts. with Balcony
✅ Distinctive design,Energy-efficient and Ventilated Homes
✅ Vaastu Compliant Homes with efficient planning
✅ Mixed Use integrated township
✅ Located at Oragadam, fast appreciating!

DTCP & Rera Registered 
TNRERA/1/BLG/0397/2025

Schedule a Site Visit Today || Spacious Hiranandani POCKET-FRIENDLY Apts. near Oragadam Jn. in Chennai
2BHK Apartments Starting at ₹60 Lakhs + Taxes

✅ Spacious 1070Sq.ft POCKET-FRIENDLY Apts. with Balcony
✅ Distinctive design,Energy-efficient and Ventilated Homes
✅ Vaastu Compliant Homes with efficient planning
✅ Mixed Use integrated township
✅ Located at Oragadam, fast appreciating!

DTCP & Rera Registered 
TNRERA/1/BLG/0397/2025

Schedule a Site Visit Today",http://fb.me/ || http://fb.me/ || http://fb.me/,,Learn More || Learn More || Learn More,Original: https://scontent.fjai6-1.fna.fbcdn.net/v/t39.35426-6/700087605_1331141872447549_8753994654693235470_n.jpg?_nc_cat=100&ccb=1-7&_nc_sid=c53f8f&_nc_ohc=JVBKDRfKjYsQ7kNvwFXoeXI&_nc_oc=AdoZ0Rt8QtmDLmYkz39BLczrLS-SvWOSkph7L92UgXxxDlsXVY_8EbZr_luI4x_nRna0SSZOj4yOA8PENAFL43Xf&_nc_zt=14&_nc_ht=scontent.fjai6-1.fna&_nc_gid=lKv3SBSJyssCne3cntwbLA&_nc_ss=7b289&oh=00_Af9eILBcrMoudX9t6QHBh-sMkKNxFGFTapJDntOABKOULQ&oe=6A36E5A7 | Resized: https://scontent.fjai6-1.fna.fbcdn.net/v/t39.35426-6/699997227_980794338259866_8175128542155827573_n.jpg?stp=dst-jpg_s600x600_tt6&_nc_cat=111&ccb=1-7&_nc_sid=c53f8f&_nc_ohc=4RxwgJ_BNvEQ7kNvwF9juFl&_nc_oc=AdobSahaB4XBvnnRyj4Tj7vHHmnwssOVM8HguGdFox-gQ8Wb1nAI_YwpOBJCw96ceBKKZfq9Td25kR6qfeEo6O9c&_nc_zt=14&_nc_ht=scontent.fjai6-1.fna&_nc_gid=lKv3SBSJyssCne3cntwbLA&_nc_ss=7b289&oh=00_Af8vBKppGqmL86OukMvTarB6Vkur-IKvYy_NNbDbhsG3VQ&oe=6A36E58D || Original: https://scontent.fjai6-1.fna.fbcdn.net/v/t39.35426-6/700063829_4371093403137164_5255926824469997175_n.jpg?_nc_cat=107&ccb=1-7&_nc_sid=c53f8f&_nc_ohc=4zie3H8McoEQ7kNvwERvDuI&_nc_oc=AdqR5T17faa16Oqh5XWIocrNrrui4NHNlNaOhZ4MxN90XgJ0X0F1IVaAPoFbEPGsMEBWWOzaO6hP7iHTP3PUsDU6&_nc_zt=14&_nc_ht=scontent.fjai6-1.fna&_nc_gid=lKv3SBSJyssCne3cntwbLA&_nc_ss=7b289&oh=00_Af8TjgWc7kj8x0xQUIizBuz6UqhdN-6yi2Irhg57ViQUiQ&oe=6A36DB1E | Resized: https://scontent.fjai6-1.fna.fbcdn.net/v/t39.35426-6/700075007_1452689062848475_4360202189557952242_n.jpg?stp=dst-jpg_s600x600_tt6&_nc_cat=101&ccb=1-7&_nc_sid=c53f8f&_nc_ohc=Av5BO9wgJjEQ7kNvwFe8kU0&_nc_oc=Ado-ZOWOb8bmyVRzriK6Gw_xcVl0ann_DUw4S4RDg2m3xtRWdlHrh_DF4yhJmaS2d4m5ZhMeQLf2iVNoAU9CI54O&_nc_zt=14&_nc_ht=scontent.fjai6-1.fna&_nc_gid=lKv3SBSJyssCne3cntwbLA&_nc_ss=7b289&oh=00_Af_loHC39iIE_Oea5A38vBzoLt_fOdMvL1UfwTXHuwL5DQ&oe=6A36CC88 || Original: https://scontent.fjai6-1.fna.fbcdn.net/v/t39.35426-6/700063829_4371093403137164_5255926824469997175_n.jpg?_nc_cat=107&ccb=1-7&_nc_sid=c53f8f&_nc_ohc=4zie3H8McoEQ7kNvwERvDuI&_nc_oc=AdqR5T17faa16Oqh5XWIocrNrrui4NHNlNaOhZ4MxN90XgJ0X0F1IVaAPoFbEPGsMEBWWOzaO6hP7iHTP3PUsDU6&_nc_zt=14&_nc_ht=scontent.fjai6-1.fna&_nc_gid=lKv3SBSJyssCne3cntwbLA&_nc_ss=7b289&oh=00_Af8TjgWc7kj8x0xQUIizBuz6UqhdN-6yi2Irhg57ViQUiQ&oe=6A36DB1E | Resized: https://scontent.fjai6-1.fna.fbcdn.net/v/t39.35426-6/700075007_1452689062848475_4360202189557952242_n.jpg?stp=dst-jpg_s600x600_tt6&_nc_cat=101&ccb=1-7&_nc_sid=c53f8f&_nc_ohc=Av5BO9wgJjEQ7kNvwFe8kU0&_nc_oc=Ado-ZOWOb8bmyVRzriK6Gw_xcVl0ann_DUw4S4RDg2m3xtRWdlHrh_DF4yhJmaS2d4m5ZhMeQLf2iVNoAU9CI54O&_nc_zt=14&_nc_ht=scontent.fjai6-1.fna&_nc_gid=lKv3SBSJyssCne3cntwbLA&_nc_ss=7b289&oh=00_Af_loHC39iIE_Oea5A38vBzoLt_fOdMvL1UfwTXHuwL5DQ&oe=6A36CC88,
4022743501303509,https://www.facebook.com/AishwaryamGroup/,aishwaryamanand.com,https://www.facebook.com/AishwaryamGroup/,,,,support@aishwaryam.com,"08065910310, 1260002502648, +91 20 2951 7267",,,,338649319837174,https://aishwaryamanand.com/,Aishwaryam Group,https://www.facebook.com/ads/library/?id=4022743501303509,"Experience the Blockbuster Beginning of happiness at Aishwaryam Anand, Moshi. 

Own your dream home with exclusive launch prices in a premium township designed for modern living. 1 BHK Homes starting from ₹35.5 Lacs | 2 BHK Homes starting from ₹48 Lacs (All Inclusive). Project Highlights:

✅ 40 Lifestyle Amenities
✅ 25-Floor Supertall Towers
✅ Part of 30-Acre Integrated Township

📍 Prime Moshi Location with Excellent Connectivity",47060,Contact us,aishwaryamanand.com,"FACEBOOK; INSTAGRAM; AUDIENCE_NETWORK",2026-03-15,2026-06-15,,Original: https://scontent.fjai6-1.fna.fbcdn.net/v/t39.35426-6/651652556_1763887707911529_5292718215095885798_n.jpg?_nc_cat=111&ccb=1-7&_nc_sid=c53f8f&_nc_ohc=5RRrVMvNJBQQ7kNvwERyc64&_nc_oc=AdrYZ5xovUi7bsDlR70qHliOaSDNet9AcuxzTcrzk42u3zZN8fVDcqv9RKm7ML1HAWwb5S09ZWX1jSeXJ_0N5VGq&_nc_zt=14&_nc_ht=scontent.fjai6-1.fna&_nc_gid=lKv3SBSJyssCne3cntwbLA&_nc_ss=7b289&oh=00_Af8IWFFTc44ZLMjs93itwz2IZq5RxOzexUKnifSqxKjopg&oe=6A36B6B0 | Resized: https://scontent.fjai6-1.fna.fbcdn.net/v/t39.35426-6/651826595_1268539112008316_3792544511305457370_n.jpg?stp=dst-jpg_s600x600_tt6&_nc_cat=104&ccb=1-7&_nc_sid=c53f8f&_nc_ohc=VCgI4J9GFakQ7kNvwHtdRz_&_nc_oc=AdoURXpAUYctr-HeBDox6q3qb3ryGmS12a5_ZZY-TDiZ_1tyLmf4iMNagr8QABN0i3wXwU_agpX_zrbF0O8QX8LV&_nc_zt=14&_nc_ht=scontent.fjai6-1.fna&_nc_gid=lKv3SBSJyssCne3cntwbLA&_nc_ss=7b289&oh=00_Af8IRm6CksJuQxjRc3zyG8hln6IRd5k5o7bg8qBQ8sxjXA&oe=6A36B704,,,,,,
1669191881193899,https://www.facebook.com/buybuzzinfra/,fb.me,https://www.facebook.com/buybuzzinfra/,,,,buybuzzinfra@gmail.com,+91 87500 72800,,,,583503381510952,http://fb.me/,Buybuzz Infra,https://www.facebook.com/ads/library/?id=1669191881193899,"Govt Approved & Registry Ready Residential Plots

📍 Opposite Reliance MET City, Jhajjar
🚗 Just 25 mins from Dwarka Expressway

✔ 150 Acre Integrated Township
✔ Ideal for Investment & End Use
✔ Strong future connectivity

💰 Prices starting from ₹37 Lakhs
Register to get location details & site visit.",1384,Get quote,fb.me,"FACEBOOK; INSTAGRAM; AUDIENCE_NETWORK",2026-04-11,2026-06-15,,Original: https://scontent.fjai6-1.fna.fbcdn.net/v/t39.35426-6/668362719_1736986947463253_1417764816697831726_n.jpg?_nc_cat=101&ccb=1-7&_nc_sid=c53f8f&_nc_ohc=zewXx3Ouzm8Q7kNvwHBEGlC&_nc_oc=AdpMJq0E2-7Q7ne0wyoKG1h6jG4yAcZTLlNARNmU8cHC7rgGLwLqfkGvvaVPQhQiJMhqjnMFZ6ZZ3XN-Rz79s38U&_nc_zt=14&_nc_ht=scontent.fjai6-1.fna&_nc_gid=lKv3SBSJyssCne3cntwbLA&_nc_ss=7b289&oh=00_Af8xJXdtm0SxXTUcPsZAd2FLtVzCWrLpWaLgqi_jkq-iAA&oe=6A36E267 | Resized: https://scontent.fjai6-1.fna.fbcdn.net/v/t39.35426-6/666124021_1513696826946875_6683490281487902133_n.jpg?stp=dst-jpg_s600x600_tt6&_nc_cat=104&ccb=1-7&_nc_sid=c53f8f&_nc_ohc=vyQLlO36jKkQ7kNvwFXx9rB&_nc_oc=AdoisAjefOl7bqZCt5VT8xULGB4m_wrmpWj8f5wU1y3SwMMH9Xe9CDS3IzLlGs56-z1TcKmVHCD87at5dmyYSG_i&_nc_zt=14&_nc_ht=scontent.fjai6-1.fna&_nc_gid=lKv3SBSJyssCne3cntwbLA&_nc_ss=7b289&oh=00_Af-74ypXbACpVMXJ7OgzJxDtTyiNkwYB74JJkRqfSdPVRw&oe=6A36BCF1,,,,,,
1727943255000745,https://www.facebook.com/therightlifeofficial/,therightlife.in,https://www.facebook.com/therightlifeofficial/,,,,enquiry@therightlife.in,08071175000,,,,123158527554647,https://therightlife.in/bengaluru/?utm_source=Inso_TRL_CTW_FP_Job_Primary_3bhk,The Right Life,https://www.facebook.com/ads/library/?id=1727943255000745,"Step into a life where nature comes first at The Forest Province, The Right Life.

Own a premium 3, 3.5 & 4 BHK residence starting from ₹1.9 Cr* within a 100+ acre integrated township on Whitefield–Sarjapur Road.

➤ Forest-themed enclave with a 1+ acre Miyawaki Forest
➤ 1,000+ trees & plants within the community
➤ 1+ acre Miyawaki Forest at the heart of the community
➤ Expansive green views, natural light & ventilation
➤ 84% open spaces within the township
➤ 25+ lifestyle amenities & a 1 Lakh Sq. Ft. Grand Clubhouse
➤ Just 20 minutes from Whitefield, Sarjapur Road & Electronic City

Book Now & Start Paying from 2027.",52261,Learn more,therightlife.in,"FACEBOOK; INSTAGRAM",2026-06-05,2026-06-10,,Original: https://scontent.fjai6-1.fna.fbcdn.net/v/t39.35426-6/715376439_2275861542953429_1214262674662759017_n.jpg?_nc_cat=110&ccb=1-7&_nc_sid=c53f8f&_nc_ohc=f0OeF5L29zwQ7kNvwGf4sge&_nc_oc=Adov-_VsO8Xqkj1KbijyCVDr3ur7oR0K4IQ6i6lZc_rubQkd2DhOsDb70hHhqZ0mOMRknEiujwOT98ekfu4zMakx&_nc_zt=14&_nc_ht=scontent.fjai6-1.fna&_nc_gid=BsoAgHUsTkVtTlKOJchorg&_nc_ss=7b289&oh=00_Af-ur15s6QeodCYZcGb_5RXhlsiBfrVNfOPVYoup2MbM8Q&oe=6A36D28E | Resized: https://scontent.fjai6-1.fna.fbcdn.net/v/t39.35426-6/716010243_1679408173109366_4472597539598158242_n.jpg?stp=dst-jpg_s600x600_tt6&_nc_cat=108&ccb=1-7&_nc_sid=c53f8f&_nc_ohc=xGE-0ugJEB0Q7kNvwELF3s5&_nc_oc=Adrz5EJndinNR71CNLKIRaCCUfbExs_haNEB-GP6QOJ7nh2l7hwvE6nbp35KdAeVmFz8ZeT8dupHgJ4R4OTsFOlI&_nc_zt=14&_nc_ht=scontent.fjai6-1.fna&_nc_gid=BsoAgHUsTkVtTlKOJchorg&_nc_ss=7b289&oh=00_Af8v8Kv0ltgYqn2ykN-ikDr7bJYxezqXzmVNFlgS6Y4rVQ&oe=6A36DA5E,,,,,,
26637384285883555,https://www.facebook.com/horizonpvtltd/,fb.me,https://www.facebook.com/horizonpvtltd/,,,,,,,,,784649165212675,http://fb.me/,Horizon Proptech Private Limited,https://www.facebook.com/ads/library/?id=26637384285883555,"🌟 Raheja Lunaris, Juinagar – Navi Mumbai
 Premium 1,2 & 2.5 BHK Homes Residences, Pricing Started From ₹ 98 Lakhs

🔹 Project Highlights
 ✔ Spacious 1,2 & 2.5 BHK homes with branded fittings
 ✔ Well-planned layouts with private decks
 ✔ Clubhouse, gym, swimming pool & kids’ play area
 ✔ Integrated township living at Raheja District, Juinagar
 ✔ Excellent connectivity to roads, transport & social hubs
📞 Enquire Now for Details & Offers +91 9228170768
 🔗 Book Your Site Visit Today: https://www.raheja-solaris.com/lunaris-juinagar/",2468,Book now,fb.me,"FACEBOOK; INSTAGRAM; AUDIENCE_NETWORK",2026-05-21,2026-06-15,,,"🌟 Raheja Lunaris, Juinagar – Navi Mumbai
 Premium 1,2 & 2.5 BHK Homes Residences, Pricing Started From ₹ 98 Lakhs

🔹 Project Highlights
 ✔ Spacious 1,2 & 2.5 BHK homes with branded fittings
 ✔ Well-planned layouts with private decks
 ✔ Clubhouse, gym, swimming pool & kids’ play area
 ✔ Integrated township living at Raheja District, Juinagar
 ✔ Excellent connectivity to roads, transport & social hubs
📞 Enquire Now for Details & Offers +91 9228170768
 🔗 Book Your Site Visit Today: https://www.raheja-solaris.com/lunaris-juinagar/ || 🌟 Raheja Lunaris, Juinagar – Navi Mumbai
 Premium 1,2 & 2.5 BHK Homes Residences, Pricing Started From ₹ 98 Lakhs

🔹 Project Highlights
 ✔ Spacious 1,2 & 2.5 BHK homes with branded fittings
 ✔ Well-planned layouts with private decks
 ✔ Clubhouse, gym, swimming pool & kids’ play area
 ✔ Integrated township living at Raheja District, Juinagar
 ✔ Excellent connectivity to roads, transport & social hubs
📞 Enquire Now for Details & Offers +91 9228170768
 🔗 Book Your Site Visit Today: https://www.raheja-solaris.com/lunaris-juinagar/ || 🌟 Raheja Lunaris, Juinagar – Navi Mumbai
 Premium 1,2 & 2.5 BHK Homes Residences, Pricing Started From ₹ 98 Lakhs

🔹 Project Highlights
 ✔ Spacious 1,2 & 2.5 BHK homes with branded fittings
 ✔ Well-planned layouts with private decks
 ✔ Clubhouse, gym, swimming pool & kids’ play area
 ✔ Integrated township living at Raheja District, Juinagar
 ✔ Excellent connectivity to roads, transport & social hubs
📞 Enquire Now for Details & Offers +91 9228170768
 🔗 Book Your Site Visit Today: https://www.raheja-solaris.com/lunaris-juinagar/",http://fb.me/ || http://fb.me/ || http://fb.me/,,Book Now || Book Now || Book Now,Original: https://scontent.fjai6-1.fna.fbcdn.net/v/t39.35426-6/704812486_2007625283201522_297583399103151663_n.jpg?_nc_cat=103&ccb=1-7&_nc_sid=c53f8f&_nc_ohc=sOoYxzvxGnkQ7kNvwGXShTk&_nc_oc=AdoXeeq_sY9uhZNXSyHtQNgKOaSt_ViHtuDFnbgo8lqs_sVE63B4EMrlnoQ2sROJ7VwlCYiVCv0SDT1SENnqobie&_nc_zt=14&_nc_ht=scontent.fjai6-1.fna&_nc_gid=BsoAgHUsTkVtTlKOJchorg&_nc_ss=7b289&oh=00_Af80dLYTlC3pS32IA_XaeHfdjTk6gDDEPjjF-AfK4vC0CA&oe=6A36C155 | Resized: https://scontent.fjai6-1.fna.fbcdn.net/v/t39.35426-6/703727798_1686887435648601_8516439187562626361_n.jpg?stp=dst-jpg_s600x600_tt6&_nc_cat=108&ccb=1-7&_nc_sid=c53f8f&_nc_ohc=ZfPpEKmFyCoQ7kNvwHSEyXF&_nc_oc=AdoijtZPbi2_xo6R7bw53Rg5Rh8UR1Qe8qhgvq7Cfke_DPT6Bh6kv8UYEHlF5Ab3QxiAy_Or7GSIYe-xliY72xyU&_nc_zt=14&_nc_ht=scontent.fjai6-1.fna&_nc_gid=BsoAgHUsTkVtTlKOJchorg&_nc_ss=7b289&oh=00_Af9Dzs6ui6nVvP0Ip5AF8geTAnpYaDFxrQWt42UyR9Rr8A&oe=6A36DB96 || Original: https://scontent.fjai6-1.fna.fbcdn.net/v/t39.35426-6/705031836_1500544734788282_8016487607589104522_n.jpg?_nc_cat=102&ccb=1-7&_nc_sid=c53f8f&_nc_ohc=TxFxOo9LIYAQ7kNvwEQWkd_&_nc_oc=Adr7bL5egyYN3i9GwFhuJMYlHVqj4sBdroWmlnKlq8cxAhB4zrN_MTYu_E7YfzdjzL4V1_onuNLPBvgJNZ_J0XnW&_nc_zt=14&_nc_ht=scontent.fjai6-1.fna&_nc_gid=BsoAgHUsTkVtTlKOJchorg&_nc_ss=7b289&oh=00_Af9QWDpK9fpxo57NnBkkHiOs71U7EfGYtOfY4QT6Ib7rZA&oe=6A36D7C6 | Resized: https://scontent.fjai6-1.fna.fbcdn.net/v/t39.35426-6/703538950_1641197017093590_1912706976785086822_n.jpg?stp=dst-jpg_s600x600_tt6&_nc_cat=101&ccb=1-7&_nc_sid=c53f8f&_nc_ohc=onjV292aA4IQ7kNvwGjIHVg&_nc_oc=AdpRA-Uylg0uz5Nfptdrf_F1c9n9MLFYI28l7r7gRSyE_oRQBCD4AbE6WAeO7vqUr1U2XZlhOgB_waPz6x_4nmgz&_nc_zt=14&_nc_ht=scontent.fjai6-1.fna&_nc_gid=BsoAgHUsTkVtTlKOJchorg&_nc_ss=7b289&oh=00_Af9IMR-Olo6Vwhx0LBtuwI6za7Jad8YrsDkdtJqUBPj5Ng&oe=6A36B735 || Original: https://scontent.fjai6-1.fna.fbcdn.net/v/t39.35426-6/705018760_4446907492296846_15395930383889978_n.jpg?_nc_cat=111&ccb=1-7&_nc_sid=c53f8f&_nc_ohc=lBfusjp59x8Q7kNvwH6GAPT&_nc_oc=AdrJPz58S0GHdwcEYEObg0ZJj1ZbegISLCjCHP4fdWHv3NFkSf2LbWwuP1-HT1d2DWbtazolTicZ9Imk1c2ENYG7&_nc_zt=14&_nc_ht=scontent.fjai6-1.fna&_nc_gid=BsoAgHUsTkVtTlKOJchorg&_nc_ss=7b289&oh=00_Af80S5hYmoXpv1768KPtA1hGNjhzX0YuzfFMUg1CUg-zJQ&oe=6A36D02C | Resized: https://scontent.fjai6-1.fna.fbcdn.net/v/t39.35426-6/703191617_35867575859524452_1464325972216615624_n.jpg?stp=dst-jpg_s600x600_tt6&_nc_cat=102&ccb=1-7&_nc_sid=c53f8f&_nc_ohc=THAsw7LXtBkQ7kNvwGsp2cP&_nc_oc=AdruKJRjd9jniSLqxEjJOCIrb2AyAvzSE6osbiTZRcQUVQyMD4ZFIDPcSxUIgR2yTZ1_D-EG11a8fpEGEYOKe2v2&_nc_zt=14&_nc_ht=scontent.fjai6-1.fna&_nc_gid=BsoAgHUsTkVtTlKOJchorg&_nc_ss=7b289&oh=00_Af9-e8VO5c5ApAQ7eQWmWyvQ59Fx_6VJpZjBEJZbpuepBw&oe=6A36AF49,
850131154376381,https://www.facebook.com/61585004274028/,fb.me,https://www.facebook.com/61585004274028/,,,,,,,,,910930122100467,http://fb.me/,New Launch Luxury Projects,https://www.facebook.com/ads/library/?id=850131154376381,"👉 Introducing The Prestige City Hyderabad | Premium 3 & 4 BHK Apartments in a Landmark Township

Experience elevated township living in one of Hyderabad’s largest integrated developments spread across 64 Acres.

🏡 Premium High-Rise Residences
🌿 Massive Open Spaces & Landscaped Greens
🏢 World-Class Amenities & Lifestyle Infrastructure

📍 Excellent connectivity to ORR, Financial District & Hyderabad Airport

🏡 CONFIGURATIONS & STARTING PRICES:

• 3 BHK – Starting from ₹1.45 Cr onwards*
• 4 BHK – Starting from ₹2.27 Cr onwards*

Perfect for families & professionals looking to upgrade to premium township living in Hyderabad.

👉 Register now for floor plans & best offers
📞 Call for more details: +91 8951045001",48,Learn more,fb.me,"FACEBOOK; INSTAGRAM",2026-06-05,2026-06-13,,Original: https://scontent.fjai6-1.fna.fbcdn.net/v/t39.35426-6/715413196_1810627436579482_5134826688950974371_n.jpg?_nc_cat=100&ccb=1-7&_nc_sid=c53f8f&_nc_ohc=OgNA2KljrQEQ7kNvwFjGDcf&_nc_oc=AdoxTX-_wS78uwJQv51ijlyqFYDn1qb8AQyvNYADIPt4Ly-N4ICcSJA7Sel59iGSmCBEmesQVVrNjqGO3fvNuK_U&_nc_zt=14&_nc_ht=scontent.fjai6-1.fna&_nc_gid=NqO_uVBKwHMLq293-Zu3ew&_nc_ss=7b289&oh=00_Af_l1jp8YUEmXkcJwaNcErVjOS4JkeDo3RVGADXgBRlLxQ&oe=6A36E0F8 | Resized: https://scontent.fjai6-1.fna.fbcdn.net/v/t39.35426-6/716230515_996084876506296_5881059545575950367_n.jpg?stp=dst-jpg_s600x600_tt6&_nc_cat=110&ccb=1-7&_nc_sid=c53f8f&_nc_ohc=OXPxAKtXnXkQ7kNvwHTMsIV&_nc_oc=AdoPOhP4EZ0V4y9SSaN_LFd8rLZc5jXecB1Wla9BXynfZZFu0IZWcKm6wF0jD14I_a14Ft_BVzqZ6SYjYn8WczfG&_nc_zt=14&_nc_ht=scontent.fjai6-1.fna&_nc_gid=NqO_uVBKwHMLq293-Zu3ew&_nc_ss=7b289&oh=00_Af8RGU7Tr6R-gg02rAi_yeR2TTp-jw2I5lkc28NLgreCGw&oe=6A36BE2D,,,,,,
1661829518426067,https://www.facebook.com/SignatureGlobal/,signatureglobal.in,https://www.facebook.com/SignatureGlobal/,,,,,,,,,792137190800558,https://www.signatureglobal.in/residential/city-of-colours,Signature Global,https://www.facebook.com/ads/library/?id=1661829518426067,"Premium residential plots at City of Colours within a 135.72-acres integrated township crafted with planned infrastructure, open spaces, and strong appreciation potential.

Create a home that reflects your vision while securing an investment for generations to come.

Now available with an Exclusive 20:80 Payment Plan*

*T&C Apply

Own Your Plot That Brings A Whole New Space For You And Your Family.",107385,Book now,signatureglobal.in,"FACEBOOK; INSTAGRAM; MESSENGER; THREADS",2026-06-04,2026-06-14,,Original: https://scontent.fjai6-1.fna.fbcdn.net/v/t39.35426-6/710799643_971308792277690_4976369086510863563_n.jpg?_nc_cat=108&ccb=1-7&_nc_sid=c53f8f&_nc_ohc=3mg-YjyYb2UQ7kNvwEHw1Ql&_nc_oc=AdoBvKS_rHwYBhIXfJLJN7Y8kxNcinkVGV3CZrxHs5EirRZzjOPLTqjctf0UTnpDo7MLbjBbkXS4HcBtxXt57om-&_nc_zt=14&_nc_ht=scontent.fjai6-1.fna&_nc_gid=NqO_uVBKwHMLq293-Zu3ew&_nc_ss=7b289&oh=00_Af-VOfYAF2o0Ok-yXRA_2xpf74mfdlcDQqEbg_BGjFXbzA&oe=6A36E463 | Resized: https://scontent.fjai6-1.fna.fbcdn.net/v/t39.35426-6/715501837_1393246552635660_2742295134810736359_n.jpg?stp=dst-jpg_s600x600_tt6&_nc_cat=100&ccb=1-7&_nc_sid=c53f8f&_nc_ohc=s-2d4mJGZZMQ7kNvwHcYj-6&_nc_oc=AdrZzcyTEzNY0O5t1gp03k3eaKcoFuNIJ_XUtjmvzNnqezYLd-wZng8xiFaQ5FWAwonu4a5TI1PAlKDT9RGrqXtY&_nc_zt=14&_nc_ht=scontent.fjai6-1.fna&_nc_gid=NqO_uVBKwHMLq293-Zu3ew&_nc_ss=7b289&oh=00_Af-cobesypmYrcuW4jomg3GA7PjcV6lCfC2Y-AtYY_Z98A&oe=6A36CD28,,,,,,
1346860407306226,https://www.facebook.com/61576602976602/,fb.me,https://www.facebook.com/61576602976602/,,,,,,,,,657698050768732,http://fb.me/,Bangalore luxury projects,https://www.facebook.com/ads/library/?id=1346860407306226,"🏙️ South Bangalore’s Next Landmark Address Awaits! 
Introducing a grand 38-acre luxury township by Godrej Properties at Bannerghatta Road, one of Bangalore’s fastest-growing and most premium residential locations. Enjoy seamless connectivity to IT hubs, top schools, malls, and hospitals.

✨ Premium 2, 3 & 4 BHK residences in iconic 31-floor towers, offering skyline views, spacious layouts, and a modern lifestyle surrounded by greenery.

🌿 Highlights:
✔ 38-Acre Integrated Township
✔ 2,100+ Premium Homes
✔ 80% Open Green Spaces
✔ 31-Storey High-Rise Towers
✔ Grand Clubhouse & Lifestyle Amenities
✔ Crafted by Godrej Properties

📍 Location Benefits:
✔ Near Electronic City
✔ Access to NICE Road & ORR
✔ Close to IIM Bangalore
✔ Connectivity to JP Nagar, BTM & Koramangala

💰 Starting from ₹1.57 Cr*
🏡 Book with Just ₹5 Lakhs EOI

🎯 Pre-Launch Benefits:
✔ Priority Unit Selection
✔ Early Bird Pricing
✔ Limited Inventory

📞 Register Now for Exclusive Launch Offers!",403,Get offer,fb.me,"FACEBOOK; INSTAGRAM; AUDIENCE_NETWORK",2026-05-12,2026-06-15,HD: https://video.fjai6-1.fna.fbcdn.net/o1/v/t2/f2/m366/AQNyiCHa768CbXCYYkTmvtce2yJ4KFKF_vZ2lCL0BKsDBgQiRgo0Jw8LzVM3R5YieiSyfXDLFgFT6nAg4Iy_2OP02wyK-zmjzxICFz5_gqNNFg.mp4?_nc_cat=106&_nc_oc=AdpJ3lRJ0L1eCM2_Cy3_cqOL9jsBngKPoVW16J283O6jr2qcql7fJEYCl8HFyrV-oajudRiopYcK-N65xijX9b5S&_nc_sid=b66105&_nc_ht=video.fjai6-1.fna.fbcdn.net&_nc_ohc=hF0t40GV4aoQ7kNvwHpKIIf&efg=eyJ2ZW5jb2RlX3RhZyI6Inhwdl9wcm9ncmVzc2l2ZS5WSV9VU0VDQVNFX1BST0RVQ1RfVFlQRS4uQzMuNzIwLmRhc2hfaDI2NC1iYXNpYy1nZW4yXzcyMHAiLCJ4cHZfYXNzZXRfaWQiOjEyNzA4OTEzNTEzMDA3NTEsImFzc2V0X2FnZV9kYXlzIjo1NSwidmlfdXNlY2FzZV9pZCI6MTA3OTksImR1cmF0aW9uX3MiOjQ4LCJ1cmxnZW5fc291cmNlIjoid3d3In0%3D&ccb=17-1&vs=66428bda76a4e298&_nc_vs=HBksFQIYRWZiX2VwaGVtZXJhbC9FMzQzMzE4RjVEREIyNzBBNkYwQkZDNkUxNkJBQkQ4Q19tdF8xX3ZpZGVvX2Rhc2hpbml0Lm1wNBUAAsgBEgAVAhhAZmJfcGVybWFuZW50L0VGNDBGQTQ0OTZCOERGNzEyMDUyMTgzQTk2MzNFMjhGX2F1ZGlvX2Rhc2hpbml0Lm1wNBUCAsgBEgAoABgAGwKIB3VzZV9vaWwBMRJwcm9ncmVzc2l2ZV9yZWNpcGUBMRUAACae6ta4zvfBBBUCKAJDMywXQEhwAAAAAAAYGWRhc2hfaDI2NC1iYXNpYy1nZW4yXzcyMHARAHUAZd6oAQA&_nc_gid=jVS82jaSJ3flLAzfTVIScA&_nc_ss=7b289&_nc_zt=28&oh=00_Af8BO_mYYMN4UQTha97yTFZqYxyS9uSSNzxll2ZO5APU9w&oe=6A36BE8A | SD: https://video.fjai6-1.fna.fbcdn.net/o1/v/t2/f2/m412/AQOLeVJqmo1o7fn62HtixCo5d1X7Wou57FoocVWDxIlGBkBzESSQvPttahGT1dTC8zsaFv2yPkd-TrgaEODT1mwDIZ7I_JLwVrZrNH0KfQ.mp4?_nc_cat=107&_nc_oc=Adr78xKsT6DA9MiihtPgNi-vY8S4VvFygBSr2a054BzcWubFOGtsT0ZnlNXEcwon-W2kCByXMJRTMUVf_PEJBq73&_nc_sid=ef5aa3&_nc_ht=video.fjai6-1.fna.fbcdn.net&_nc_ohc=mkbz_X6DYucQ7kNvwHquiLh&efg=eyJ2ZW5jb2RlX3RhZyI6Inhwdl9wcm9ncmVzc2l2ZS5WSV9VU0VDQVNFX1BST0RVQ1RfVFlQRS4uQzMuMzYwLnN2ZV9zZCIsInhwdl9hc3NldF9pZCI6MTI3MDg5MTM1MTMwMDc1MSwiYXNzZXRfYWdlX2RheXMiOjU1LCJ2aV91c2VjYXNlX2lkIjoxMDc5OSwiZHVyYXRpb25fcyI6NDgsInVybGdlbl9zb3VyY2UiOiJ3d3cifQ%3D%3D&ccb=17-1&_nc_gid=jVS82jaSJ3flLAzfTVIScA&_nc_ss=7b289&_nc_zt=28&oh=00_Af8KdC91yx9vsPALEkx0eY3Ytqfv4h1SKxPvR_GXM7N3ew&oe=6A36AFBF | Preview: https://scontent.fjai6-1.fna.fbcdn.net/v/t39.35426-6/674079973_4425149001062549_498391282967037235_n.jpg?_nc_cat=101&ccb=1-7&_nc_sid=c53f8f&_nc_ohc=6mlW7FyywOkQ7kNvwFoacta&_nc_oc=AdqjK9mruNuTFil678gZkGKAsF6Ozn4FqCOILyy-GS0mTOX3aZfCGB1L5zZXUYSk0XFJpdi6Pcp3Jjjdvs-Ag4hq&_nc_zt=14&_nc_ht=scontent.fjai6-1.fna&_nc_gid=jVS82jaSJ3flLAzfTVIScA&_nc_ss=7b289&oh=00_Af89G1bfhFbF1etzHtTwufgYQcbBHnTdqqkJ02FCInM0DQ&oe=6A36DF07,,,,,,,
1435890038578270,https://www.facebook.com/HiranandaniParksOragadam/,fb.me,https://www.facebook.com/HiranandaniParksOragadam/,,,,hparks@hrealty.com,+91 44 4627 2999,,,,979620852112007,http://fb.me/,Hiranandani Parks,https://www.facebook.com/ads/library/?id=1435890038578270,"Spacious Hiranandani POCKET-FRIENDLY Apts. near Oragadam Jn. in Chennai
2BHK Apartments Starting at ₹60 Lakhs + Taxes

✅ Spacious 1070Sq.ft POCKET-FRIENDLY Apts. with Balcony
✅ Distinctive design,Energy-efficient and Ventilated Homes
✅ Vaastu Compliant Homes with efficient planning
✅ Mixed Use integrated township
✅ Located at Oragadam, fast appreciating!

DTCP & Rera Registered 
TNRERA/1/BLG/0397/2025

Schedule a Site Visit Today",82220,Learn more,fb.me,"FACEBOOK; INSTAGRAM",2026-05-26,2026-06-12,,Original: https://scontent.fjai6-1.fna.fbcdn.net/v/t39.35426-6/710000699_1514056213631368_189394853629307519_n.jpg?_nc_cat=104&ccb=1-7&_nc_sid=c53f8f&_nc_ohc=5VRdYN_MXtQQ7kNvwFxKxCO&_nc_oc=AdrmLP_tCdb8zR1Sg4UPOC7Fmjb9fZ3IN7wY99Yce78rpiXcNIVGLCQYqBhisXK5Lo7C8YNSGFV1nsLGH03Bt2y4&_nc_zt=14&_nc_ht=scontent.fjai6-1.fna&_nc_gid=jVS82jaSJ3flLAzfTVIScA&_nc_ss=7b289&oh=00_Af-fQzL4BiStkmF67kjJcKt1pTCLIdgEsDBxzQO8xMKPCA&oe=6A36C4E0 | Resized: https://scontent.fjai6-1.fna.fbcdn.net/v/t39.35426-6/710059262_1651623659435065_7997717533393807040_n.jpg?stp=dst-jpg_s600x600_tt6&_nc_cat=103&ccb=1-7&_nc_sid=c53f8f&_nc_ohc=0phtIJf01ZMQ7kNvwEMJpGs&_nc_oc=AdpRx7VkER7fjzOEzG2zIGkT9uEe7bHojeNId_qUfTipSKiiqEm4elvDBaPHArrYPZL3O3P664eL4sISCKPEuelq&_nc_zt=14&_nc_ht=scontent.fjai6-1.fna&_nc_gid=jVS82jaSJ3flLAzfTVIScA&_nc_ss=7b289&oh=00_Af_QvtwRck09tgwYqS3-G0e7lssGSSQGrMocIMsX6nS4Aw&oe=6A36DE0D,,,,,,
1031477142542122,https://www.facebook.com/HiranandaniParksOragadam/,fb.me,https://www.facebook.com/HiranandaniParksOragadam/,,,,hparks@hrealty.com,+91 44 4627 2999,,,,979620852112007,http://fb.me/,Hiranandani Parks,https://www.facebook.com/ads/library/?id=1031477142542122,"Spacious Hiranandani POCKET-FRIENDLY Apts. near Oragadam Jn. in Chennai
2BHK Apartments Starting at ₹60 Lakhs + Taxes

✅ Spacious 1070Sq.ft POCKET-FRIENDLY Apts. with Balcony
✅ Distinctive design,Energy-efficient and Ventilated Homes
✅ Vaastu Compliant Homes with efficient planning
✅ Mixed Use integrated township
✅ Located at Oragadam, fast appreciating!

DTCP & Rera Registered 
TNRERA/1/BLG/0397/2025

Schedule a Site Visit Today",82220,Learn more,fb.me,"FACEBOOK; INSTAGRAM",2026-05-20,2026-06-14,,Original: https://scontent.fjai6-1.fna.fbcdn.net/v/t39.35426-6/703925615_902223376226572_4138755477291113822_n.jpg?_nc_cat=101&ccb=1-7&_nc_sid=c53f8f&_nc_ohc=-UlSumuE8xUQ7kNvwH8zJjN&_nc_oc=Adr0F7aLkvHI7Hjql1p54LJiSdrwlS2WwH-mTxnDRX0R7mKlTgI-QlpeggftRBVH_NZBJJmIvMaDs6GTkOR-wtOx&_nc_zt=14&_nc_ht=scontent.fjai6-1.fna&_nc_gid=3GT5_-png2GhoDRs0TzdMw&_nc_ss=7b289&oh=00_Af_CJeErSXdtgBok2CAtqESAbfhMVAahOhPLRs3JuAJ3pQ&oe=6A36D3AA | Resized: https://scontent.fjai6-1.fna.fbcdn.net/v/t39.35426-6/702530886_977718335163686_6920981926372072764_n.jpg?stp=dst-jpg_s600x600_tt6&_nc_cat=110&ccb=1-7&_nc_sid=c53f8f&_nc_ohc=cs8xV2TeSYcQ7kNvwEikxtK&_nc_oc=Adq9kWga5rD5UwJFWbCZNa31LS3SC2y16PEnpsR-29s7gtXROI7nU9k8c4A9ukUQtLxiYyIRPNjPTkZT4CJEwy82&_nc_zt=14&_nc_ht=scontent.fjai6-1.fna&_nc_gid=3GT5_-png2GhoDRs0TzdMw&_nc_ss=7b289&oh=00_Af_OcsSKc3fK5Yeunq8yJR8lEQYVfXniTKL-jf0EEuyOsA&oe=6A36BF37,,,,,,
854210574395339,https://www.facebook.com/realestateindia2024/,fb.me,https://www.facebook.com/realestateindia2024/,,,,,,,,,106871422142115,http://fb.me/,Real Estate India,https://www.facebook.com/ads/library/?id=854210574395339,"Experience a new benchmark in luxury living at The Prestige City Hyderabad - a massive 64-acre integrated township in Rajendra Nagar, Budwel.

Live in premium 2.5, 3 & 4 BHK lakeview apartments across 13 iconic high-rise towers designed for modern families. Enjoy breathtaking views, Vaastu-compliant layouts, and homes filled with natural light & ventilation.

Strategically located just 3 minutes from the upcoming Prestige Forum Mall and 15 minutes from the International Airport, it ensures seamless connectivity to IT hubs, schools, and hospitals.

🏡 Project Highlights:
✔️ 64-Acre Integrated Township
✔️ 13 High-Rise Towers (G+42 Floors)
✔️ Premium 2.5, 3 & 4 BHK Homes
✔️ Premium Lakeview Homes

🌿 Lifestyle & Amenities:
50+ World-Class Amenities
Swimming Pool | Gym | Clubhouse
Open Spaces for Relaxed Living

💰 Starting from ₹1.45 Cr*

🔥 Exclusive Offer Limited Time Only

This is not just a home - it’s a view you own for life.

👉 Register now for exclusive pricing & priority booking",857,Get offer,fb.me,"FACEBOOK; INSTAGRAM",2026-05-21,2026-06-15,,Original: https://scontent.fjai6-1.fna.fbcdn.net/v/t39.35426-6/701701765_1458071925609097_2443467792286547211_n.jpg?_nc_cat=102&ccb=1-7&_nc_sid=c53f8f&_nc_ohc=FeIH2D3tSGgQ7kNvwFu0dts&_nc_oc=AdqQXDHpdIbdaf9yoU5kXLFK6B-qY5rs16w4VSc-cdtVUt4Xv1-V8I_h5seO5DNQgkg5SLXOJH2_akjZURVnBSMj&_nc_zt=14&_nc_ht=scontent.fjai6-1.fna&_nc_gid=3GT5_-png2GhoDRs0TzdMw&_nc_ss=7b289&oh=00_Af-BmHlNQaaBeE736P0hHAqN8gnhs_3tBwX9vWqrPJ3vdA&oe=6A36D40F | Resized: https://scontent.fjai6-1.fna.fbcdn.net/v/t39.35426-6/702570998_970127599205092_4727670758917282267_n.jpg?stp=dst-jpg_s600x600_tt6&_nc_cat=105&ccb=1-7&_nc_sid=c53f8f&_nc_ohc=U6E0QM8gJbwQ7kNvwHgo66B&_nc_oc=AdpS7B7q_bguAsvAcBiLz8nIQzu9G9c_0pJzxCa5z2TpV_pudmgRAabuBNrZcNezARfwpwjhxEKpKj4uQzFA_5OP&_nc_zt=14&_nc_ht=scontent.fjai6-1.fna&_nc_gid=3GT5_-png2GhoDRs0TzdMw&_nc_ss=7b289&oh=00_Af8fyXUtcnPQa5LvAwo2gsGsoR8UJJ8tHSxMsP4GiWPzOA&oe=6A36B91D,,,,,,
3327815467399791,https://www.facebook.com/SignatureGlobal/,signatureglobal.in,https://www.facebook.com/SignatureGlobal/,,,,,,,,,792137190800558,https://www.signatureglobal.in/commercial/city-of-colours-industrial-hub,Signature Global,https://www.facebook.com/ads/library/?id=3327815467399791,"Premium residential plots at City of Colours within a 135.72-acres integrated township crafted with planned infrastructure, open spaces, and strong appreciation potential.

Create a home that reflects your vision while securing an investment for generations to come.

Now available with an Exclusive 20:80 Payment Plan*


*T&C Apply

Own Your Plot That Brings A Whole New Space For You And Your Family.",107385,Book now,signatureglobal.in,"FACEBOOK; INSTAGRAM; MESSENGER; THREADS",2026-06-12,2026-06-15,,,"Premium residential plots at City of Colours within a 135.72-acres integrated township crafted with planned infrastructure, open spaces, and strong appreciation potential.

Create a home that reflects your vision while securing an investment for generations to come.

Now available with an Exclusive 20:80 Payment Plan*


*T&C Apply

Own Your Plot That Brings A Whole New Space For You And Your Family. || Premium residential plots at City of Colours within a 135.72-acres integrated township crafted with planned infrastructure, open spaces, and strong appreciation potential.

Create a home that reflects your vision while securing an investment for generations to come.

Now available with an Exclusive 20:80 Payment Plan*


*T&C Apply

Own Your Plot That Brings A Whole New Space For You And Your Family.",https://www.signatureglobal.in/commercial/city-of-colours-industrial-hub || https://www.signatureglobal.in/commercial/city-of-colours-industrial-hub,,Book Now || Book Now,Original: https://scontent.fjai6-1.fna.fbcdn.net/v/t39.35426-6/723118329_1954164561949908_4275144829639516634_n.jpg?_nc_cat=100&ccb=1-7&_nc_sid=c53f8f&_nc_ohc=uUiy-Dgg8AUQ7kNvwE9ojaf&_nc_oc=AdqTxeLU12I7E0VMOTmZoJKEuVCsygRSFwvy7DWaHcatLBiIKxAIzWU4hlAR1yxSC6sTOq-9u7VfRoZpenETJNND&_nc_zt=14&_nc_ht=scontent.fjai6-1.fna&_nc_gid=Fxb8lDBs-dUKmrhz3iSoGA&_nc_ss=7b289&oh=00_Af84570gQo71DoeMQSjOt6ZGTRQoz_2ZYueLTy8pDP5Wjw&oe=6A36BEF1 | Resized: https://scontent.fjai6-1.fna.fbcdn.net/v/t39.35426-6/721383066_2064574564093074_4893217452846859187_n.jpg?stp=dst-jpg_s600x600_tt6&_nc_cat=108&ccb=1-7&_nc_sid=c53f8f&_nc_ohc=RTM3BPREO7oQ7kNvwFwlWqA&_nc_oc=AdoySR53U1-0MIFW3lqKULs15uQ59NKZZPX_vOrVIxDcbLhJYDaSN2oBNpDRrShzmCFz-1qe8Vl3C6-SasvENoXX&_nc_zt=14&_nc_ht=scontent.fjai6-1.fna&_nc_gid=Fxb8lDBs-dUKmrhz3iSoGA&_nc_ss=7b289&oh=00_Af9ucUZ1inGliePhzJdJbghU7O_aFXJfoY9OzKfeOcYWqA&oe=6A36DE48 || Original: https://scontent.fjai6-1.fna.fbcdn.net/v/t39.35426-6/720697703_1502387378035125_7963689561576559536_n.jpg?_nc_cat=104&ccb=1-7&_nc_sid=c53f8f&_nc_ohc=yn4dtZ_a7P8Q7kNvwEFBD2r&_nc_oc=AdoGSLJSa2_MQ_ZXABMm-a5wHOeaglCR5_VB4X_9hu4lOJrnQziTa3dw3zRNhFyTrKjDlkBIG6qwzdE7M7TTs_f9&_nc_zt=14&_nc_ht=scontent.fjai6-1.fna&_nc_gid=Fxb8lDBs-dUKmrhz3iSoGA&_nc_ss=7b289&oh=00_Af9kJ8c3qp8fd__pBKGIG0JUV8ZTZzQAcTb8lknlg1oSdQ&oe=6A36B99B | Resized: https://scontent.fjai6-1.fna.fbcdn.net/v/t39.35426-6/723256777_27181809064819708_820169772948347447_n.jpg?stp=dst-jpg_s600x600_tt6&_nc_cat=103&ccb=1-7&_nc_sid=c53f8f&_nc_ohc=T33Th50l0koQ7kNvwGCtNJr&_nc_oc=Adpn61OgrePq4h7IJQfBdqnbkIXjmYvdE5qZqo5Z4-YdVXRxbSCg_IeBbo_7BH97V_g0dmARKrK5hMlqCttNy_kG&_nc_zt=14&_nc_ht=scontent.fjai6-1.fna&_nc_gid=Fxb8lDBs-dUKmrhz3iSoGA&_nc_ss=7b289&oh=00_Af_byLf1alWXJSsZZI4GDIVFqM7LN9nEKEjo-JxakL0wvg&oe=6A36D06A,
1591974981898077,https://www.facebook.com/61577743940818/,fb.me,https://www.facebook.com/61577743940818/,,,,,+91 81108 44455,,,,717270981463083,http://fb.me/,Doshi Housing - Risington ,https://www.facebook.com/ads/library/?id=1591974981898077,"✨ Own your dream home at Karapakkam, OMR! ✨

Discover 2 & 3 BHK premium apartments at Doshi Risington 2.0 – where comfort meets convenience.
🏢 Starting from just ₹1.01 Cr*
🌟 Spacious lifestyle, modern amenities & prime OMR location.
🏗️ RERA Approved | Trusted by 3,500+ families
🌳 12.4-acre integrated township | Clubhouse | Pool | Landscaped Gardens

📍 Karapakkam, OMR – close to IT hubs, schools & hospitals.

✅ Limited-time festive offers – book your home now!
📞 Call: 8110862626",369,Get offer,fb.me,"FACEBOOK; INSTAGRAM",2026-05-08,2026-05-15,HD: https://video.fjai6-1.fna.fbcdn.net/o1/v/t2/f2/m366/AQPOkW-AY6sQsKaGJiQdRYQBipmSr1jGmCjf1aHEzs-Q7nVnirHOBi-lyn1SStCgJfn76eO82mlKhLEa6caLkWVegnsh_4QZXgX5Ubh0TXfHAQ.mp4?_nc_cat=102&_nc_oc=AdouiVY6V2env_2e7cHTDMWyBfZBkqGoIUYAoBmlC6CLUc91pxGv6Hi2QTWbu4OQ5RMnnENVFbTt4eB4FSAkOMmJ&_nc_sid=b66105&_nc_ht=video.fjai6-1.fna.fbcdn.net&_nc_ohc=EGJ0Q6TiECAQ7kNvwEjLKGJ&efg=eyJ2ZW5jb2RlX3RhZyI6Inhwdl9wcm9ncmVzc2l2ZS5WSV9VU0VDQVNFX1BST0RVQ1RfVFlQRS4uQzMuNzIwLmRhc2hfaDI2NC1iYXNpYy1nZW4yXzcyMHAiLCJ4cHZfYXNzZXRfaWQiOjkyMzk0MTU5Mzc5MjY3MiwiYXNzZXRfYWdlX2RheXMiOjUyLCJ2aV91c2VjYXNlX2lkIjoxMDc5OSwiZHVyYXRpb25fcyI6NjUsInVybGdlbl9zb3VyY2UiOiJ3d3cifQ%3D%3D&ccb=17-1&vs=766c7cee4c812ba4&_nc_vs=HBksFQIYRWZiX2VwaGVtZXJhbC82MjQzNTk3RUY5NTlDNzQ1RTRGREVBMzBBRTIwRjg4MV9tdF8xX3ZpZGVvX2Rhc2hpbml0Lm1wNBUAAsgBEgAVAhhAZmJfcGVybWFuZW50L0E4NEYyQzI4NDMyMzA4NEI3NjE0MkY3ODAxN0RERUFFX2F1ZGlvX2Rhc2hpbml0Lm1wNBUCAsgBEgAoABgAGwKIB3VzZV9vaWwBMRJwcm9ncmVzc2l2ZV9yZWNpcGUBMRUAACbAgu6nvZSkAxUCKAJDMywXQFBAAAAAAAAYGWRhc2hfaDI2NC1iYXNpYy1nZW4yXzcyMHARAHUAZd6oAQA&_nc_gid=Fxb8lDBs-dUKmrhz3iSoGA&_nc_ss=7b289&_nc_zt=28&oh=00_Af8JUlHu2HR1oS7MLallNXNacG2or964MnWxWUCPsrlpUw&oe=6A36B196 | SD: https://video.fjai6-1.fna.fbcdn.net/o1/v/t2/f2/m412/AQNRDuAgcstpvB39sWBP25OwzfZP0qq5kMvVF6R5cb73RCcPw_lAf-fiEz0QS6xaQFOgTxGMHC0Wtcx0F-UoGxm9Xl0EmZk3VSGUu5Gspg.mp4?_nc_cat=102&_nc_oc=AdqmROzHnbPFenmyYDpehBG5omfr9N0WXgDAfalJbWSz50tyciWUa-OTmW3qELZCkPICgqFBIdRw_PSTSa8DrFV8&_nc_sid=ef5aa3&_nc_ht=video.fjai6-1.fna.fbcdn.net&_nc_ohc=y8k8HCWUfNcQ7kNvwGWgbkK&efg=eyJ2ZW5jb2RlX3RhZyI6Inhwdl9wcm9ncmVzc2l2ZS5WSV9VU0VDQVNFX1BST0RVQ1RfVFlQRS4uQzMuMzYwLnN2ZV9zZCIsInhwdl9hc3NldF9pZCI6OTIzOTQxNTkzNzkyNjcyLCJhc3NldF9hZ2VfZGF5cyI6NTIsInZpX3VzZWNhc2VfaWQiOjEwNzk5LCJkdXJhdGlvbl9zIjo2NSwidXJsZ2VuX3NvdXJjZSI6Ind3dyJ9&ccb=17-1&_nc_gid=Fxb8lDBs-dUKmrhz3iSoGA&_nc_ss=7b289&_nc_zt=28&oh=00_Af8-F-ku_Dvv3DGr86J9dFWBfs1SII5Q5EIYwD_1qbTd_A&oe=6A36BB9C | Preview: https://scontent.fjai6-1.fna.fbcdn.net/v/t39.35426-6/680434958_1442660390443130_6236660057847825323_n.jpg?_nc_cat=103&ccb=1-7&_nc_sid=c53f8f&_nc_ohc=-HMhJ4n0G5sQ7kNvwFCd5hk&_nc_oc=Adrkm96mKbfPD7RWk3zdWT6YARcWFpRuvgYKS98ytx7txuX_rL-T8Yy5X4IeShsWovh1fM6u4gLcjY4zGiDY8HmM&_nc_zt=14&_nc_ht=scontent.fjai6-1.fna&_nc_gid=Fxb8lDBs-dUKmrhz3iSoGA&_nc_ss=7b289&oh=00_Af-iEqfO8sVzrF9lmkIHVQQNWmypCQVMuOioeBJbCHpujQ&oe=6A36CDCE,,,,,,,
1547404633540574,https://www.facebook.com/HomeKraftInfra/,homekraft.in,https://www.facebook.com/HomeKraftInfra/,,,,"customercare@homekraft.in, sales@homekraft.in",+918151970000,,,,180192379453004,http://homekraft.in/,ATS HomeKraft,https://www.facebook.com/ads/library/?id=1547404633540574,"Trust is built over time.

Over 30 years of legacy.
50 mn. sq.ft. delivered.
40 mn. sq.ft. under development.
35,000+ happy families.

These aren't just milestones they're a reflection of the aspirations we've helped shape.

ATS HomeKraft is preparing for its next chapter on Dwarka Expressway.",127060,,homekraft.in,"FACEBOOK; INSTAGRAM",2026-06-12,2026-06-15,,,"Trust is built over time.

Over 30 years of legacy.
50 mn. sq.ft. delivered.
40 mn. sq.ft. under development.
35,000+ happy families.

These aren't just milestones they're a reflection of the aspirations we've helped shape.

ATS HomeKraft is preparing for its next chapter on Dwarka Expressway. || Trust is built over time.

Over 30 years of legacy.
50 mn. sq.ft. delivered.
40 mn. sq.ft. under development.
35,000+ happy families.

These aren't just milestones they're a reflection of the aspirations we've helped shape.

ATS HomeKraft is preparing for its next chapter on Dwarka Expressway.",,,,,HD: https://video.fjai6-1.fna.fbcdn.net/o1/v/t2/f2/m366/AQPaA7FNhZttSYVJ34rF4CfBKZvmU2dK7Gpmwo-SglZBhkcVPDfkehtZlXHItIGGkA8ZLWFO7fzRUJy5BaslYdQrApyOV1SxDssyMS6wDc1iXw.mp4?_nc_cat=106&_nc_oc=AdoNQNrxvBGk56tYDtOVqiLor4OVJbJBiCpkr9Lq9whkf8bFUc1lFP1Qm3zFDWcgvkqT20haf-kSaf_OjR8t_BQ0&_nc_sid=b66105&_nc_ht=video.fjai6-1.fna.fbcdn.net&_nc_ohc=xyrKIan_9jQQ7kNvwFKAcrM&efg=eyJ2ZW5jb2RlX3RhZyI6Inhwdl9wcm9ncmVzc2l2ZS5WSV9VU0VDQVNFX1BST0RVQ1RfVFlQRS4uQzMuNzIwLmRhc2hfaDI2NC1iYXNpYy1nZW4yXzcyMHAiLCJ4cHZfYXNzZXRfaWQiOjE5NTc4MjA3ODE1MTYyNjQsImFzc2V0X2FnZV9kYXlzIjo0LCJ2aV91c2VjYXNlX2lkIjoxMDc5OSwiZHVyYXRpb25fcyI6NzMsInVybGdlbl9zb3VyY2UiOiJ3d3cifQ%3D%3D&ccb=17-1&vs=5deb3a34313309fd&_nc_vs=HBksFQIYRWZiX2VwaGVtZXJhbC8yNDQ5MjM3MzQxODY4NTY1NjJBNkJGMTgxQjFBQjdCRV9tdF8xX3ZpZGVvX2Rhc2hpbml0Lm1wNBUAAsgBEgAVAhhAZmJfcGVybWFuZW50LzY4NEI5MTE5RjY2OEE1QjI0NzdDRDcxMDgyNzM1REJEX2F1ZGlvX2Rhc2hpbml0Lm1wNBUCAsgBEgAoABgAGwKIB3VzZV9vaWwBMRJwcm9ncmVzc2l2ZV9yZWNpcGUBMRUAACbQ17rDlaj6BhUCKAJDMywXQFJ1T987ZFoYGWRhc2hfaDI2NC1iYXNpYy1nZW4yXzcyMHARAHUAZd6oAQA&_nc_gid=TEBCHesFf0UUrObNcmoHpQ&_nc_ss=7b289&_nc_zt=28&oh=00_Af-pZ77ZYD_20fcBKpWXXhL4flxy-2NXnGO1KilOsnywLg&oe=6A36D582 | SD: https://video.fjai6-1.fna.fbcdn.net/o1/v/t2/f2/m412/AQMVudPlVC5wcuSFSqVphy9YM4Wdo3_QXOXRS7u4UywZ9Mkhyqb9iq-y6EE2yvfCSIIcjfhmsApMzWUw4hoF5U5j8MB_Z4tBUVyeKSG3TA.mp4?_nc_cat=107&_nc_oc=AdoU4CDNnzVzhgsbS_VpiKbl3lp1s0wsD5_pwXbfIYGtgfRF8Stau0yraS0PyUgg68jM26bLc1ikvC7PyPpihFA_&_nc_sid=ef5aa3&_nc_ht=video.fjai6-1.fna.fbcdn.net&_nc_ohc=bw7OwDX0ma8Q7kNvwGtpWPi&efg=eyJ2ZW5jb2RlX3RhZyI6Inhwdl9wcm9ncmVzc2l2ZS5WSV9VU0VDQVNFX1BST0RVQ1RfVFlQRS4uQzMuMzYwLnN2ZV9zZCIsInhwdl9hc3NldF9pZCI6MTk1NzgyMDc4MTUxNjI2NCwiYXNzZXRfYWdlX2RheXMiOjQsInZpX3VzZWNhc2VfaWQiOjEwNzk5LCJkdXJhdGlvbl9zIjo3MywidXJsZ2VuX3NvdXJjZSI6Ind3dyJ9&ccb=17-1&_nc_gid=TEBCHesFf0UUrObNcmoHpQ&_nc_ss=7b289&_nc_zt=28&oh=00_Af8AUbl_FzkGi-fW-LXhmGeMomBD9IJtW1GeZZX7Boe3kg&oe=6A36DFA7 | Preview: https://scontent.fjai6-1.fna.fbcdn.net/v/t39.35426-6/720417664_1032126995980374_4715241484278882872_n.jpg?_nc_cat=105&ccb=1-7&_nc_sid=c53f8f&_nc_ohc=0GvlaiytCvwQ7kNvwHDGD5z&_nc_oc=AdppcAgTKRCM225nSPaJ0cw9LK4JOS86TLkZXFkx9-KksKzphNASSrOTUJxeu3Nj2jb--hLKIUSb28uE_B8tJjcO&_nc_zt=14&_nc_ht=scontent.fjai6-1.fna&_nc_gid=TEBCHesFf0UUrObNcmoHpQ&_nc_ss=7b289&oh=00_Af8ZuJe36pTsog28s6aZq4hqF4qHS8RRq28mExOFrO3w8g&oe=6A36C2E3 || HD: https://video.fjai6-1.fna.fbcdn.net/o1/v/t2/f2/m366/AQOMr7-65HEU1p1diWFXV06QshiWCN84lIyg3ID5-TMoPXF3RTngy0_lzzU9hrXlB840kCS0DwbXEM_s3EMf5Pj_q25ias8KPEi-Xa3uXtEotQ.mp4?_nc_cat=100&_nc_oc=AdqjfnHWhW7UEox50VAdB88ddhvCva1iq9qqyPOOlWv6MVGONHRhojimzQ7BS912C0azCGu2TzROIWKS6WxQFyDm&_nc_sid=b66105&_nc_ht=video.fjai6-1.fna.fbcdn.net&_nc_ohc=OCAkWHgkWjMQ7kNvwFqWRjR&efg=eyJ2ZW5jb2RlX3RhZyI6Inhwdl9wcm9ncmVzc2l2ZS5WSV9VU0VDQVNFX1BST0RVQ1RfVFlQRS4uQzMuNzIwLmRhc2hfaDI2NC1iYXNpYy1nZW4yXzcyMHAiLCJ4cHZfYXNzZXRfaWQiOjE2OTgzNjc5MzQ3NTExMDYsImFzc2V0X2FnZV9kYXlzIjo0LCJ2aV91c2VjYXNlX2lkIjoxMDc5OSwiZHVyYXRpb25fcyI6NzMsInVybGdlbl9zb3VyY2UiOiJ3d3cifQ%3D%3D&ccb=17-1&vs=b349af9edad61a9b&_nc_vs=HBksFQIYRWZiX2VwaGVtZXJhbC8yMjRGMzczOTVEN0U3MzdEMEMzRjhBQzdBMkM4MEE5Rl9tdF8xX3ZpZGVvX2Rhc2hpbml0Lm1wNBUAAsgBEgAVAhhAZmJfcGVybWFuZW50L0NCNDgwMkRGQkI1RTg4QUI3MkZDRDM1Q0ExRDc0ODkxX2F1ZGlvX2Rhc2hpbml0Lm1wNBUCAsgBEgAoABgAGwKIB3VzZV9vaWwBMRJwcm9ncmVzc2l2ZV9yZWNpcGUBMRUAACaEhpeXg6qEBhUCKAJDMywXQFJ1T987ZFoYGWRhc2hfaDI2NC1iYXNpYy1nZW4yXzcyMHARAHUAZd6oAQA&_nc_gid=TEBCHesFf0UUrObNcmoHpQ&_nc_ss=7b289&_nc_zt=28&oh=00_Af-sRSGm_zrdZxHAEt8P1oxu9Cpb1Out0QAPJn3KEqe8ng&oe=6A36B62C | SD: https://video.fjai6-1.fna.fbcdn.net/o1/v/t2/f2/m412/AQP0-ouHEzVfcguSfi9pR4BSac4q2I8SlUYGpZQpLuapEAFT--1lYthbbTSWatEiCAExJPU72KofVWhEEjw23Fk-6zNOjjPtY5CYhDCqWg.mp4?_nc_cat=109&_nc_oc=Adp80JRJommhL4nSvSoZgO-0blq1j0oujKa6kFB28-9-2nolUdMzkIQFG249eTx2f5ct-pvAOxVwaJ0uEI3l62K-&_nc_sid=ef5aa3&_nc_ht=video.fjai6-1.fna.fbcdn.net&_nc_ohc=-F16fWat_-0Q7kNvwE83rD6&efg=eyJ2ZW5jb2RlX3RhZyI6Inhwdl9wcm9ncmVzc2l2ZS5WSV9VU0VDQVNFX1BST0RVQ1RfVFlQRS4uQzMuMzYwLnN2ZV9zZCIsInhwdl9hc3NldF9pZCI6MTY5ODM2NzkzNDc1MTEwNiwiYXNzZXRfYWdlX2RheXMiOjQsInZpX3VzZWNhc2VfaWQiOjEwNzk5LCJkdXJhdGlvbl9zIjo3MywidXJsZ2VuX3NvdXJjZSI6Ind3dyJ9&ccb=17-1&_nc_gid=TEBCHesFf0UUrObNcmoHpQ&_nc_ss=7b289&_nc_zt=28&oh=00_Af_T_i7C1rcrMuytGKLxn7_sgO6xXfiODk88sDNBKpS3dQ&oe=6A36B13D | Preview: https://scontent.fjai6-1.fna.fbcdn.net/v/t39.35426-6/723362096_997887916344984_145226507083933233_n.jpg?_nc_cat=109&ccb=1-7&_nc_sid=c53f8f&_nc_ohc=2pJm6U1YXDAQ7kNvwGTFphJ&_nc_oc=AdoKbGeBM5-cA2TJYHyPUHcdX1fonJwxdcob2B7I_eJbKxX0pNYTVEiIabClGHV81wJXJYTZZXvJmtvcHQ_pFwEs&_nc_zt=14&_nc_ht=scontent.fjai6-1.fna&_nc_gid=TEBCHesFf0UUrObNcmoHpQ&_nc_ss=7b289&oh=00_Af_DKTFzTxJJS88GW239KLMrROs0fqObDjX67leFsf2zMg&oe=6A36B878
1968975433702675,https://www.facebook.com/61553857323080/,fb.me,https://www.facebook.com/61553857323080/,,,,,,,,,128985380308352,http://fb.me/,Pune New Launch,https://www.facebook.com/ads/library/?id=1968975433702675,"🏡Biggest Launch Near Baner Pashan Link Road, High Rise Towers.
Connected to Pune Mumbai, Bangalore Highway 

✨ Key Project Highlights:
✅ Floors: 4 Level Park + 27 Floors
✅ First high-rise tower in Kothrud
✅ 50+ Lifestyle Amenities on 3 levels
✅ Tech-enabled homes

📐 Configurations:
✅ 2 BHK: (780 Sq.ft - 900+ Sqft)
✅ 3 BHK: (1060 sqft - 1400+Sqft)
✅ 4 BHK: (1777 sqft - 2000+ Sqft)
✅ Simplex & Duplex Available

📍 Location Highlights:
✅ Located near Vanaz Metro Station 
✅ Hospital at walkable distance
✅ International Schools & Colleges Near by

🌟 Highlights
✅ Vastu - compliant designs offer mesmerising views
✅ Strategic Location, Seamless Connectivity 
✅A Part of an Integrated township
MahaRERA: A52100018143 | https://maharera.maharashtra.gov.in/

✅ Offers ✅
!Click to get Pre Launch Offer Now!. T&C Apply",192,Learn more,fb.me,"FACEBOOK; INSTAGRAM; AUDIENCE_NETWORK",2026-04-05,2026-06-15,HD: https://video.fjai6-1.fna.fbcdn.net/o1/v/t2/f2/m366/AQMOd52BodWvVFgefaVeysnDWnDUmP5vSGm_G2byrRpv72L1IlSjWY-VKZh0zPtbz6wWp3cDpI-3kwUreRywXcMTAPTiOe73dCv69S8X2WEHVA.mp4?_nc_cat=106&_nc_oc=AdqilX9887W_zOZ6jTiBpyZDaeDkt1_H3yEsbCUU4cyu1hRM73Yttzh6eVgjYbr05iCf-GpoJxw2MECVQqhtgatr&_nc_sid=b66105&_nc_ht=video.fjai6-1.fna.fbcdn.net&_nc_ohc=kUKcBALPRwgQ7kNvwE0D5xr&efg=eyJ2ZW5jb2RlX3RhZyI6Inhwdl9wcm9ncmVzc2l2ZS5WSV9VU0VDQVNFX1BST0RVQ1RfVFlQRS4uQzMuMTI4MC5kYXNoX2gyNjQtYmFzaWMtZ2VuMl83MjBwIiwieHB2X2Fzc2V0X2lkIjoxMzEwMTE1Mzk2ODYwNDY0LCJhc3NldF9hZ2VfZGF5cyI6NTA4LCJ2aV91c2VjYXNlX2lkIjoxMDc5OSwiZHVyYXRpb25fcyI6MzMsInVybGdlbl9zb3VyY2UiOiJ3d3cifQ%3D%3D&ccb=17-1&vs=4b8846c16bfc9233&_nc_vs=HBksFQIYRWZiX2VwaGVtZXJhbC9BRTRCMTUwOTNBODU0RjAwNjQwMzVGNDREMUQ2QUZCQV9tdF8xX3ZpZGVvX2Rhc2hpbml0Lm1wNBUAAsgBEgAVAhg6cGFzc3Rocm91Z2hfZXZlcnN0b3JlL0dFRFZTUndweWdRZDctRUZBSi1LRk8xNGpFNHVidjRHQUFBRhUCAsgBEgAoABgAGwKIB3VzZV9vaWwBMRJwcm9ncmVzc2l2ZV9yZWNpcGUBMRUAACbg6MGt4OLTBBUCKAJDMywXQEC9cKPXCj0YGWRhc2hfaDI2NC1iYXNpYy1nZW4yXzcyMHARAHUAZd6oAQA&_nc_gid=2ZlZspRr6xZO36XLNtZ8gw&_nc_ss=7b289&_nc_zt=28&oh=00_Af-as-miE0-ttRpjtYjftJzb43NVpXdxe4NGoIqeK7cdgg&oe=6A36B08E | SD: https://video.fjai6-1.fna.fbcdn.net/o1/v/t2/f2/m69/AQOLBSJGpXXsD-v22mtsdWWYe3_y9DiqbsYKG3fqWGiwF3cJmLYb6cr-atAg6IWWzvCUz03Sd66n6fN6Dkp9hkdd.mp4?strext=1&_nc_cat=100&_nc_oc=Adp_TPQDUxCOThaSySjQMLJvZprfavk9-F4vNH1fb2BlGyU3wg7tfi9IaEmuJFfGfz7LfJDubpy30hKAz75-hA9p&_nc_sid=ef5aa3&_nc_ht=video.fjai6-1.fna.fbcdn.net&_nc_ohc=rBww4PTxp8YQ7kNvwHUPD8l&efg=eyJ2ZW5jb2RlX3RhZyI6Inhwdl9wcm9ncmVzc2l2ZS5WSV9VU0VDQVNFX1BST0RVQ1RfVFlQRS4uQzMuNjQwLnN2ZV9zZCIsInhwdl9hc3NldF9pZCI6MTMxMDExNTM5Njg2MDQ2NCwiYXNzZXRfYWdlX2RheXMiOjUwOCwidmlfdXNlY2FzZV9pZCI6MTA3OTksImR1cmF0aW9uX3MiOjMzLCJ1cmxnZW5fc291cmNlIjoid3d3In0%3D&ccb=17-1&_nc_gid=2ZlZspRr6xZO36XLNtZ8gw&_nc_ss=7b289&_nc_zt=28&oh=00_Af_jmoP_JwL_3k1nl0PQ2p1uA953580DzNYeCeqZdUbz9w&oe=6A36AFD6 | Preview: https://scontent.fjai6-1.fna.fbcdn.net/v/t39.35426-6/506445983_1046534017458083_9191571211197526535_n.jpg?_nc_cat=110&ccb=1-7&_nc_sid=c53f8f&_nc_ohc=jm3hWIgmu_sQ7kNvwHYxyDD&_nc_oc=AdrLZ8MvUGYafZCIVFDgh-i9JEos7ursLvL1lr5nijbLqhvJfD_Drjut2OJEXW-_XieYumu0hHNWD-h3SSubiBCz&_nc_zt=14&_nc_ht=scontent.fjai6-1.fna&_nc_gid=2ZlZspRr6xZO36XLNtZ8gw&_nc_ss=7b289&oh=00_Af_DxZJI0j5aHIFrj3_kYmwtvaxmLzwzTqIubSnsj959pA&oe=6A36D886,,,,,,,
757085614122842,https://www.facebook.com/RaagaMayuriBuilders/,fb.me,https://www.facebook.com/RaagaMayuriBuilders/,,,,contact@raagamayuribuilders.com,+91 93465 88679,,,,1854281281566145,http://fb.me/,Raaga Mayuri Builders,https://www.facebook.com/ads/library/?id=757085614122842,"Build your future in a township that’s designed for growth and greatness.

KJR City is a RERA & KUDA approved integrated township located along the Hyderabad–Bangalore Industrial Corridor, offering premium residential plots.

This highway-connected project features:
✅ 80 Ft. Grand Entrance Road
✅ 10,000 SFT Clubhouse (Planned)
✅ 18 Acres of Educational Institutions
✅ 2.17 Acre Park + 24/7 Power Supply
✅ Plots priced at just ₹6 Lakhs per Cent / ₹2,350 per Sq. Yd.

Own a highway-facing plot in a future-ready township – 60% already sold out!",9165,Get quote,fb.me,"FACEBOOK; INSTAGRAM",2026-01-08,2026-06-15,,,"Build your future in a township that’s designed for growth and greatness.

KJR City is a RERA & KUDA approved integrated township located along the Hyderabad–Bangalore Industrial Corridor, offering premium residential plots.

This highway-connected project features:
✅ 80 Ft. Grand Entrance Road
✅ 10,000 SFT Clubhouse (Planned)
✅ 18 Acres of Educational Institutions
✅ 2.17 Acre Park + 24/7 Power Supply
✅ Plots priced at just ₹6 Lakhs per Cent / ₹2,350 per Sq. Yd.

Own a highway-facing plot in a future-ready township – 60% already sold out! || Build your future in a township that’s designed for growth and greatness.

KJR City is a RERA & KUDA approved integrated township located along the Hyderabad–Bangalore Industrial Corridor, offering premium residential plots.

This highway-connected project features:
✅ 80 Ft. Grand Entrance Road
✅ 10,000 SFT Clubhouse (Planned)
✅ 18 Acres of Educational Institutions
✅ 2.17 Acre Park + 24/7 Power Supply
✅ Plots priced at just ₹6 Lakhs per Cent / ₹2,350 per Sq. Yd.

Own a highway-facing plot in a future-ready township – 60% already sold out! || Build your future in a township that’s designed for growth and greatness.

KJR City is a RERA & KUDA approved integrated township located along the Hyderabad–Bangalore Industrial Corridor, offering premium residential plots.

This highway-connected project features:
✅ 80 Ft. Grand Entrance Road
✅ 10,000 SFT Clubhouse (Planned)
✅ 18 Acres of Educational Institutions
✅ 2.17 Acre Park + 24/7 Power Supply
✅ Plots priced at just ₹6 Lakhs per Cent / ₹2,350 per Sq. Yd.

Own a highway-facing plot in a future-ready township – 60% already sold out!",http://fb.me/ || http://fb.me/ || http://fb.me/,,Get Quote || Get Quote || Get Quote,Original: https://scontent.fjai6-1.fna.fbcdn.net/v/t39.35426-6/613580763_857400023672253_3355565612537595862_n.jpg?_nc_cat=103&ccb=1-7&_nc_sid=c53f8f&_nc_ohc=LwWJbjjP-y4Q7kNvwHvnMnJ&_nc_oc=AdpYqgSDl2SCJqR1WMXYt0RF7vW4ndL_3llcWeQBSx44u2FA-hvIg6pLSLm0Ylo9UWCTb6TFfifd9_sez2kkW27f&_nc_zt=14&_nc_ht=scontent.fjai6-1.fna&_nc_gid=q-Kou-iDY55VxwMwq0mv4g&_nc_ss=7b289&oh=00_Af-Ea1bq7bLzP3BW5xc3QDTYnsp93OyD1AnpslPcmCx1Pg&oe=6A36B15B | Resized: https://scontent.fjai6-1.fna.fbcdn.net/v/t39.35426-6/613346332_1375913657362691_338206809502365229_n.jpg?stp=dst-jpg_s600x600_tt6&_nc_cat=110&ccb=1-7&_nc_sid=c53f8f&_nc_ohc=D7nVloWOOvcQ7kNvwGouYTP&_nc_oc=AdpV4wty5nmtLM2s3M18yy9FqvykjbBHfYz8H3qF2T5JCm3OYp6rDZqE1nkIhoskGrOvcEb7-7p1prYZr0okMN58&_nc_zt=14&_nc_ht=scontent.fjai6-1.fna&_nc_gid=q-Kou-iDY55VxwMwq0mv4g&_nc_ss=7b289&oh=00_Af-eBZ16NUgYhV1V4eBe0j25Dib7AjUlKx7NQMO7a6AVCA&oe=6A36DCEB || Original: https://scontent.fjai6-1.fna.fbcdn.net/v/t39.35426-6/613031225_1383720026789169_3092070629561378189_n.jpg?_nc_cat=105&ccb=1-7&_nc_sid=c53f8f&_nc_ohc=vlogAQBt6g8Q7kNvwFazD-x&_nc_oc=AdrOeAwQIsGQDZjI0hfAgXmRJa8HlMmI3NUr0cR2PeqXriH_J7ISzqy4UnbwUqivzhvCJQi3r3rlJCcncM9c_3bn&_nc_zt=14&_nc_ht=scontent.fjai6-1.fna&_nc_gid=q-Kou-iDY55VxwMwq0mv4g&_nc_ss=7b289&oh=00_Af9I9Pd_kX09bMC2osRrGzRkGN9Lbii0DPp9gEev88KIVg&oe=6A36CD65 | Resized: https://scontent.fjai6-1.fna.fbcdn.net/v/t39.35426-6/613407134_1886360452252587_913897721031859289_n.jpg?stp=dst-jpg_s600x600_tt6&_nc_cat=108&ccb=1-7&_nc_sid=c53f8f&_nc_ohc=UvvIO3JTr74Q7kNvwFqYEqO&_nc_oc=AdrKBeIyPJDUE3NHY8Z59ZSRPkDGRUGr2UUjXcN8suR-M0GaABc02ZTsYLrcBgOsCIDRJ4U75mbK__iiJ5ei4EfF&_nc_zt=14&_nc_ht=scontent.fjai6-1.fna&_nc_gid=q-Kou-iDY55VxwMwq0mv4g&_nc_ss=7b289&oh=00_Af-pX_APOQGaeCokfqCEPQEgf9nyta-wDZSxj2i2VmLaCA&oe=6A36B475 || Original: https://scontent.fjai6-1.fna.fbcdn.net/v/t39.35426-6/612953969_742457761787799_4466600005199408946_n.jpg?_nc_cat=107&ccb=1-7&_nc_sid=c53f8f&_nc_ohc=1JbpvmqRCeAQ7kNvwHQjQ_W&_nc_oc=AdqnbsNRhwlyejzzuJkrGFas1_vEyui88pbSQZawbyf0l-_jsSoumEjOXqGYVK7Cz5ehPNt_7iiQAQU_ibgU_y5r&_nc_zt=14&_nc_ht=scontent.fjai6-1.fna&_nc_gid=q-Kou-iDY55VxwMwq0mv4g&_nc_ss=7b289&oh=00_Af9KnJTszLHizcUHFijbqrQV9rFvMvSmvWxVNYONbdmNbQ&oe=6A36AF47 | Resized: https://scontent.fjai6-1.fna.fbcdn.net/v/t39.35426-6/613233508_2056821638469890_1256651059028229874_n.jpg?stp=dst-jpg_s600x600_tt6&_nc_cat=111&ccb=1-7&_nc_sid=c53f8f&_nc_ohc=fM0klsMLyLgQ7kNvwFqXd1w&_nc_oc=AdpaGuUEfnaBdLdKWKAyqgon6dEExQeXoXlTd418K5VF7jl6uKm9GTgj8HdplLnMHxJ6UP3a1yWrfn2IO96Rneqw&_nc_zt=14&_nc_ht=scontent.fjai6-1.fna&_nc_gid=q-Kou-iDY55VxwMwq0mv4g&_nc_ss=7b289&oh=00_Af_7e7kbAPeLhF-wb5KFemv4sJpwpZOSHbr9_anRAiugng&oe=6A36C7F1,
2404018340102924,https://www.facebook.com/SignatureGlobal/,signatureglobal.in,https://www.facebook.com/SignatureGlobal/,,,,"customercare@signatureglobal.in, escalation@signatureglobal.in, info@signatureglobal.in, feedback@signatureglobal.in, media@signatureglobal.in, infosec@signatureglobal.in","+911149281700, +911244398011, 0124-4908200, 9311144624, 9311144630, 8527120120, 01244908200, +919311144624, +911244908200",,,,792137190800558,https://www.signatureglobal.in/commercial/city-of-colours-industrial-hub,Signature Global,https://www.facebook.com/ads/library/?id=2404018340102924,"Premium residential plots at City of Colours within a 135.72-acres integrated township crafted with planned infrastructure, open spaces, and strong appreciation potential.

Create a home that reflects your vision while securing an investment for generations to come.

Now available with an Exclusive 20:80 Payment Plan*

*T&C Apply

Own Your Plot That Brings A Whole New Space For You And Your Family.",107385,Book now,signatureglobal.in,"FACEBOOK; INSTAGRAM; MESSENGER; THREADS",2026-06-12,2026-06-15,,Original: https://scontent.fjai6-1.fna.fbcdn.net/v/t39.35426-6/722974345_1780355039472642_1477117427924092464_n.jpg?_nc_cat=103&ccb=1-7&_nc_sid=c53f8f&_nc_ohc=jcIap6kMInwQ7kNvwFkGzHm&_nc_oc=Adr6RmTZ65_VZcGJmRbVaHAPq52hbn1LAP2MRDwXK8X0iH0uxaUKGH3Q_47Ca-QWhPishum8PhVfkILq2yxqksRN&_nc_zt=14&_nc_ht=scontent.fjai6-1.fna&_nc_gid=84IeSg9OJ18eDal_2hDFxA&_nc_ss=7b289&oh=00_Af_yyzgZyvYimPWTb31kQFeifT9AMAOYEr1nP_TesNWnzg&oe=6A36C2CB | Resized: https://scontent.fjai6-1.fna.fbcdn.net/v/t39.35426-6/723988583_1506724047588202_4932167585177699548_n.jpg?stp=dst-jpg_s600x600_tt6&_nc_cat=105&ccb=1-7&_nc_sid=c53f8f&_nc_ohc=uWS3SSauDHgQ7kNvwH_6GqE&_nc_oc=AdpxNFoGpzGfKmrCRAHnPs5lccLOPpOIhR3zuZppig531licN-SezW_eitDjNsdDYq39S08nWE4O0POAnEZfPk6D&_nc_zt=14&_nc_ht=scontent.fjai6-1.fna&_nc_gid=84IeSg9OJ18eDal_2hDFxA&_nc_ss=7b289&oh=00_Af-a4MEO6kDuwNDZFS6KTnIL5lWEckS2wwA3Dk0L09MG6A&oe=6A36DACA,,,,,,
1542376654125015,https://www.facebook.com/mahsing/,fb.me,https://www.facebook.com/mahsing/,,,,,,,,,84629469132,http://fb.me/,Mah Sing Group,https://www.facebook.com/ads/library/?id=1542376654125015,"✨ Honoured Among the Best – M Sinar @ Southville City ✨

Recognised with the Family-Friendly Award (High-Rise Development). M Sinar sets a new benchmark for community-focused living.

Built within the 428-acre Southville City township, it’s where thoughtful design meets real family needs.

🌳 Award-winning 9.62-acre Summit Park with jogging tracks & playgrounds
🏢 Multi-generational facilities for every stage of life
📍 Freehold in Bangi with excellent highway & rail connectivity
🛍️ Integrated township with retail & daily conveniences

✨ Discover why award-winning living starts here — register today for a showroom visit.

*T&Cs apply
#MSinar #SouthvilleCity #MahSing #StarPropertyAwards",313940,Learn more,fb.me,"FACEBOOK; INSTAGRAM",2026-05-29,2026-06-15,,Original: https://scontent.fjai6-1.fna.fbcdn.net/v/t39.35426-6/710755160_1690930882177175_2196703903019388949_n.jpg?_nc_cat=104&ccb=1-7&_nc_sid=c53f8f&_nc_ohc=ouUhAC8XfYwQ7kNvwHd0zxq&_nc_oc=AdqkwP4-Vb2Hx1B-PEdcpPQAT94QoVSLJLYAIEXbXlf_u2__MHFBGPUnBWFqsJ42nP2TL3gAIwwgqXspyCYemD_p&_nc_zt=14&_nc_ht=scontent.fjai6-1.fna&_nc_gid=dH-juI5LmOeQOE5Kxa-huQ&_nc_ss=7b289&oh=00_Af-dmUQ6Qt5DuGjsYBbshnUfd27eBjFIQlpsgUzzDpJwJw&oe=6A36BFA6 | Resized: https://scontent.fjai6-1.fna.fbcdn.net/v/t39.35426-6/710745606_1493599888975846_3402426465128908055_n.jpg?stp=dst-jpg_s600x600_tt6&_nc_cat=109&ccb=1-7&_nc_sid=c53f8f&_nc_ohc=YqoV_ctpBJgQ7kNvwFHgR1B&_nc_oc=Ado4SonePUeftnyqyEOcewMH3AdzaggtEsGDgD6yOgmTXkN0O9CUBAK7hvx6upBjUqfGh1s0armuroLDBeN19JeR&_nc_zt=14&_nc_ht=scontent.fjai6-1.fna&_nc_gid=dH-juI5LmOeQOE5Kxa-huQ&_nc_ss=7b289&oh=00_Af-kHR_Rp0G7bYxVUC4mR_Xid13U8EDS5eIyMx1jKCm-Ow&oe=6A36C055,,,,,,
1605721090502203,https://www.facebook.com/61581087383546/,fb.me,https://www.facebook.com/61581087383546/,,,,marketing@redbrik.com,,,,,784198441445711,http://fb.me/,RedBrik.com,https://www.facebook.com/ads/library/?id=1605721090502203,"🌿🏡 Own Land in the Land of Krishna — Where Every Square Yard Brings Blessings & Returns
Vrindavan Raal Road Township is NCR's smartest land investment right now. Divine surroundings. Premium township. Unbeatable price.
💰 Starting @ ₹51,000/sq. yd.
📏 Plots: 120 | 150 | 200 sq. yd.
✨ What makes it special:
🛕 In-house temple — daily darshan at your doorstep
🌿 Meditation & green zones for peaceful living
🏊 Premium clubhouse & luxury amenities
🌊 Scenic water features & landscapes
🔐 100% gated & secure township
📍 Near Radha Kund Railway Station
📍 7 km from Chatikara Flyover
📍 8 km from Govardhan
📍 On upcoming Ring Road corridor
🔑 EOI starts @ ₹3 Lakhs only
⚡ Limited plots — early investors gain the most
📞 Call now for free site visit
🙏 Invest where peace & prosperity walk together",572,Book now,fb.me,"FACEBOOK; INSTAGRAM",2026-04-28,2026-06-15,HD: https://video.fjai6-1.fna.fbcdn.net/o1/v/t2/f2/m366/AQOeBhvKLwxk965nPEAzIRaQbSKJ6u8xW-tBA2eB3BICoLm6wh4CowhPuP6vfEHvqJaiqUCehTeAfYaKPFbXfUwpTFdd-kQD0F12DmQ_yT-wBQ.mp4?_nc_cat=103&_nc_oc=Adpj9uJLshDQuZgQRBZSoeqdLw46qZGmhvmOeuHpFsaSgeE5uS1A-3tWriEhD-7OnHrX1gXYieD8r5Fw-_pg_2yq&_nc_sid=b66105&_nc_ht=video.fjai6-1.fna.fbcdn.net&_nc_ohc=O9g2icZhMHMQ7kNvwFuDIC6&efg=eyJ2ZW5jb2RlX3RhZyI6Inhwdl9wcm9ncmVzc2l2ZS5WSV9VU0VDQVNFX1BST0RVQ1RfVFlQRS4uQzMuNzIwLmRhc2hfaDI2NC1iYXNpYy1nZW4yXzcyMHAiLCJ4cHZfYXNzZXRfaWQiOjE4OTEwMTE3NTUwMTEzMTYsImFzc2V0X2FnZV9kYXlzIjo0OCwidmlfdXNlY2FzZV9pZCI6MTA3OTksImR1cmF0aW9uX3MiOjgzLCJ1cmxnZW5fc291cmNlIjoid3d3In0%3D&ccb=17-1&vs=d7b75f35c02419cd&_nc_vs=HBksFQIYRWZiX2VwaGVtZXJhbC84RTQ4ODY1QTAwNzk0NTA2Qzg0ODBDMkMyMUNBODY5NF9tdF8xX3ZpZGVvX2Rhc2hpbml0Lm1wNBUAAsgBEgAVAhhAZmJfcGVybWFuZW50L0M0NDYyM0UyOTY0NDlFOUE0MjVCNUY5MzdCMUE2Q0EwX2F1ZGlvX2Rhc2hpbml0Lm1wNBUCAsgBEgAoABgAGwKIB3VzZV9vaWwBMRJwcm9ncmVzc2l2ZV9yZWNpcGUBMRUAACbos-O-r_fbBhUCKAJDMywXQFTwAAAAAAAYGWRhc2hfaDI2NC1iYXNpYy1nZW4yXzcyMHARAHUAZd6oAQA&_nc_gid=Uk04LcBssoMqq4vJkLCpgg&_nc_ss=7b289&_nc_zt=28&oh=00_Af-H6M47ErDMWtn3lQZ3LqVAOnISujNQB3q-l8Ld3zAMVw&oe=6A36DF05 | SD: https://video.fjai6-1.fna.fbcdn.net/o1/v/t2/f2/m412/AQPpOfPt2Rmn78dLROCmjChzdrY6SyjhISq6ts372edNn3g74fDpSGtVjb87mQcHT0E6lPFfWJCTbPqzpyq5pHlzrzcT9Nv8PkiwXjFi2Q.mp4?_nc_cat=106&_nc_oc=Adoj3xOmS8EBLFQ0Ms-oO6XezvorDRuGyrDUDAhWwlKVPnBDObxMWKesUPc75Izj5SuAGfxAoef0DQL5g38umqDK&_nc_sid=ef5aa3&_nc_ht=video.fjai6-1.fna.fbcdn.net&_nc_ohc=daF7RhmEtCMQ7kNvwHp-d9k&efg=eyJ2ZW5jb2RlX3RhZyI6Inhwdl9wcm9ncmVzc2l2ZS5WSV9VU0VDQVNFX1BST0RVQ1RfVFlQRS4uQzMuMzYwLnN2ZV9zZCIsInhwdl9hc3NldF9pZCI6MTg5MTAxMTc1NTAxMTMxNiwiYXNzZXRfYWdlX2RheXMiOjQ4LCJ2aV91c2VjYXNlX2lkIjoxMDc5OSwiZHVyYXRpb25fcyI6ODMsInVybGdlbl9zb3VyY2UiOiJ3d3cifQ%3D%3D&ccb=17-1&_nc_gid=Uk04LcBssoMqq4vJkLCpgg&_nc_ss=7b289&_nc_zt=28&oh=00_Af-f2G4xhuzAQoIl2IWG-OCjbLXUI76Uu5NDXMU-Z9zrrw&oe=6A36DD4C | Preview: https://scontent.fjai6-1.fna.fbcdn.net/v/t39.35426-6/683499275_1403671358481321_5726215050501514992_n.jpg?_nc_cat=109&ccb=1-7&_nc_sid=c53f8f&_nc_ohc=lJ5WOsXFhq8Q7kNvwG2SRf6&_nc_oc=AdpKHiFBagc73P3Jr3yTtKanzWj7SXmZoes617MXb7Xxhkb3Gviu-7rsdVLpQeQagLO5802vVL8e1Mrh9LWtm5Dy&_nc_zt=14&_nc_ht=scontent.fjai6-1.fna&_nc_gid=Uk04LcBssoMqq4vJkLCpgg&_nc_ss=7b289&oh=00_Af80qItScci-EqmKEPIxqroDz5Q2oggU28_XQUn-ODMMKA&oe=6A36D52B,,,,,,,
1719403105719911,https://www.facebook.com/trident.parktown/,,https://www.facebook.com/trident.parktown/,,,,care@tridentrealty.co.in,+91 76058 08080,,,,904581472739089,,Trident Parktown,https://www.facebook.com/ads/library/?id=1719403105719911,"The First Premium Integrated Township in Panipat - Introducing Trident Parktown by Trident Realty

✔️Premium Residential Plots from ₹2 Cr*
✔️Panipat’s First Premium 125+ Acre Integrated Township
✔️Direct access from NH-44 | 60 mins from Delhi
✔️10 Theme-Based Parks & Green Corridors
✔️Well-Planned Internal Roads & Park-Style Living
✔️Ideal for custom-built homes",13215,,,"FACEBOOK; INSTAGRAM; AUDIENCE_NETWORK; THREADS",2026-05-05,2026-05-05,,Original: https://scontent.fjai6-1.fna.fbcdn.net/v/t39.35426-6/616548551_1372979167372215_1057356083475368143_n.jpg?_nc_cat=100&ccb=1-7&_nc_sid=c53f8f&_nc_ohc=aSq7fvzRoVQQ7kNvwGFhhD7&_nc_oc=AdphXfgQAm9cldcnhLFNKACGXwmOuefInAgANiRV_u9qak4XQjUulmDACPb3hGpKdkN38V8XKeLcLWdAkHl_vAUK&_nc_zt=14&_nc_ht=scontent.fjai6-1.fna&_nc_gid=b0ou2vJRFaMar21Egf0Fdw&_nc_ss=7b289&oh=00_Af-nOk8hjLKS92obGN36AcNf9swdeIkLtxe8OKfnlcGVeQ&oe=6A36CC74 | Resized: https://scontent.fjai6-1.fna.fbcdn.net/v/t39.35426-6/618172711_4357692261219860_3923630108108263339_n.jpg?stp=dst-jpg_s600x600_tt6&_nc_cat=107&ccb=1-7&_nc_sid=c53f8f&_nc_ohc=mzN38fhTlewQ7kNvwHmUnCd&_nc_oc=Adp_VZMfm_ZKb4_ESC0p3pMgmDg9ErqI_1u4D0eB-ip8IouRTgm64YwVdGJlBvCHSpEc6Wlx7ArbURfSZkq7IUNc&_nc_zt=14&_nc_ht=scontent.fjai6-1.fna&_nc_gid=b0ou2vJRFaMar21Egf0Fdw&_nc_ss=7b289&oh=00_Af-CrnFg1vU1ppIUU3q0W9aeOSH7Yl_VJPJfZ06EmqGsEg&oe=6A36D62A,,,,,,
881671924955660,https://www.facebook.com/100076440398260/,fb.me,https://www.facebook.com/100076440398260/,,,,,,,,,106029661942311,http://fb.me/,Homesbucket,https://www.facebook.com/ads/library/?id=881671924955660,"🌿 Trade traffic for trees at Forest Hills at The Prestige City.
Luxury 3 & 4 BHK residences with 50+ amenities, hill views & seamless connectivity in Mulund West.

✅  60+ Storeys of Elevated Living
✅  Premium 3 & 4 BHK Homes Starts  3.19 Cr*
✅  Close to Malls | School | Markets | Hospital
✅  Peaceful & Well Connected Locality 
✅  40+ World Class Amenities
✅  Just 10 Mins to Mulund Station
✅  Only 5 Mins to LBS Road
✅  MahaRERA: P51800077457

 30+ Acre Integrated Township -- Designed for a peaceful yet connected lifestyle.
📩 Book Your Exclusive Site Visit Today!",580,Get quote,fb.me,"FACEBOOK; INSTAGRAM",2026-05-15,2026-06-15,,,"🌿 Trade traffic for trees at Forest Hills at The Prestige City.
Luxury 3 & 4 BHK residences with 50+ amenities, hill views & seamless connectivity in Mulund West.

✅  60+ Storeys of Elevated Living
✅  Premium 3 & 4 BHK Homes Starts  3.19 Cr*
✅  Close to Malls | School | Markets | Hospital
✅  Peaceful & Well Connected Locality 
✅  40+ World Class Amenities
✅  Just 10 Mins to Mulund Station
✅  Only 5 Mins to LBS Road
✅  MahaRERA: P51800077457

 30+ Acre Integrated Township -- Designed for a peaceful yet connected lifestyle.
📩 Book Your Exclusive Site Visit Today! || 🌿 Trade traffic for trees at Forest Hills at The Prestige City.
Luxury 3 & 4 BHK residences with 50+ amenities, hill views & seamless connectivity in Mulund West.

✅  60+ Storeys of Elevated Living
✅  Premium 3 & 4 BHK Homes Starts  3.19 Cr*
✅  Close to Malls | School | Markets | Hospital
✅  Peaceful & Well Connected Locality 
✅  40+ World Class Amenities
✅  Just 10 Mins to Mulund Station
✅  Only 5 Mins to LBS Road
✅  MahaRERA: P51800077457

 30+ Acre Integrated Township -- Designed for a peaceful yet connected lifestyle.
📩 Book Your Exclusive Site Visit Today! || 🌿 Trade traffic for trees at Forest Hills at The Prestige City.
Luxury 3 & 4 BHK residences with 50+ amenities, hill views & seamless connectivity in Mulund West.

✅  60+ Storeys of Elevated Living
✅  Premium 3 & 4 BHK Homes Starts  3.19 Cr*
✅  Close to Malls | School | Markets | Hospital
✅  Peaceful & Well Connected Locality 
✅  40+ World Class Amenities
✅  Just 10 Mins to Mulund Station
✅  Only 5 Mins to LBS Road
✅  MahaRERA: P51800077457

 30+ Acre Integrated Township -- Designed for a peaceful yet connected lifestyle.
📩 Book Your Exclusive Site Visit Today! || 🌿 Trade traffic for trees at Forest Hills at The Prestige City.
Luxury 3 & 4 BHK residences with 50+ amenities, hill views & seamless connectivity in Mulund West.

✅  60+ Storeys of Elevated Living
✅  Premium 3 & 4 BHK Homes Starts  3.19 Cr*
✅  Close to Malls | School | Markets | Hospital
✅  Peaceful & Well Connected Locality 
✅  40+ World Class Amenities
✅  Just 10 Mins to Mulund Station
✅  Only 5 Mins to LBS Road
✅  MahaRERA: P51800077457

 30+ Acre Integrated Township -- Designed for a peaceful yet connected lifestyle.
📩 Book Your Exclusive Site Visit Today!",http://fb.me/ || http://fb.me/ || http://fb.me/ || http://fb.me/,,Get Quote || Get Quote || Get Quote || Get Quote,Original: https://scontent.fjai6-1.fna.fbcdn.net/v/t39.35426-6/701084502_882934054823409_2810549870729797917_n.jpg?_nc_cat=105&ccb=1-7&_nc_sid=c53f8f&_nc_ohc=uyDCsHxSyT4Q7kNvwFPGbRN&_nc_oc=AdpZRXM0QOENOXlMHy8eHrHlYdMOPWApVe37l-qy8zrEz1IWp2T1NDuy_pImtHZ1K7hW3yANKp5Nl4vEXeExOd-q&_nc_zt=14&_nc_ht=scontent.fjai6-1.fna&_nc_gid=qrrGXZqGbLRwHNx4d2pftg&_nc_ss=7b289&oh=00_Af9_qdQaKJiQ0FKoMbIMlnfe3WtTg8ayTuAy7PWaTrWLtg&oe=6A36B6AD | Resized: https://scontent.fjai6-1.fna.fbcdn.net/v/t39.35426-6/699186877_4301869190053476_7467840240826125906_n.jpg?stp=dst-jpg_s600x600_tt6&_nc_cat=110&ccb=1-7&_nc_sid=c53f8f&_nc_ohc=pMty-RZKi5wQ7kNvwFgvUzA&_nc_oc=AdoQ3PtRPNIDtcc2OvcgtwYEp21V0ulk8mQz4nDgWqSfQuiWfPFTm-pl_xh8177yneQ12_rKOD6hr-VgDtQ1mbyg&_nc_zt=14&_nc_ht=scontent.fjai6-1.fna&_nc_gid=qrrGXZqGbLRwHNx4d2pftg&_nc_ss=7b289&oh=00_Af-OViD6kLqIcS_J0Jgf6iCfpJLaIyi-0ohk1jqzga9Zkw&oe=6A36BAAC || Original: https://scontent.fjai6-1.fna.fbcdn.net/v/t39.35426-6/696940078_1652012002694969_7960745086683871147_n.jpg?_nc_cat=102&ccb=1-7&_nc_sid=c53f8f&_nc_ohc=AgysVdXeSQsQ7kNvwGdOOE1&_nc_oc=AdrV6vMQjETVCY7SQq1EYVZ57uQwBrixonXwpTLDiIcqeKZGgRcfz3sMJfw-UjDSqF2d2hhqihIzi1gvV2B68K0k&_nc_zt=14&_nc_ht=scontent.fjai6-1.fna&_nc_gid=qrrGXZqGbLRwHNx4d2pftg&_nc_ss=7b289&oh=00_Af-9uqR8WRvYZ8xTG9UY_JLXkgQ3wgGwWa_9loyMUKUi2Q&oe=6A36C950 | Resized: https://scontent.fjai6-1.fna.fbcdn.net/v/t39.35426-6/698799896_860850133719516_3438328727143253594_n.jpg?stp=dst-jpg_s600x600_tt6&_nc_cat=100&ccb=1-7&_nc_sid=c53f8f&_nc_ohc=pBeur45nxGsQ7kNvwGSfBsD&_nc_oc=AdolNNOymFB-z5vm66HnxrsDWo9xMxcO8RZjKSSytERR2Og9CC9LWSIaMdMCBLlYKJwJczCye10Sz0mG5qvT5jr6&_nc_zt=14&_nc_ht=scontent.fjai6-1.fna&_nc_gid=qrrGXZqGbLRwHNx4d2pftg&_nc_ss=7b289&oh=00_Af_embZYPlLj2QoPT_C75XSXi2XpbWz34xldhiIujvCCKA&oe=6A36C6AB || Original: https://scontent.fjai6-1.fna.fbcdn.net/v/t39.35426-6/699000040_854807353677970_1427238287115551269_n.jpg?_nc_cat=107&ccb=1-7&_nc_sid=c53f8f&_nc_ohc=_RwN7yyqhoMQ7kNvwH4AkdH&_nc_oc=AdrfuD8sur54lCbIIRjDjBijHrVCEJo9uZMEGVZKYScUP60nqAVyKYTtjAgR8fpDM5UuXj7jot4dzjuYN6bVnq-t&_nc_zt=14&_nc_ht=scontent.fjai6-1.fna&_nc_gid=qrrGXZqGbLRwHNx4d2pftg&_nc_ss=7b289&oh=00_Af_2PtZqX8D9UfsEn3RWQh_4SKhZOhWcRnXYK3cqtmp4mA&oe=6A36BA63 | Resized: https://scontent.fjai6-1.fna.fbcdn.net/v/t39.35426-6/698979257_1570044141122923_4497365897978538201_n.jpg?stp=dst-jpg_s600x600_tt6&_nc_cat=111&ccb=1-7&_nc_sid=c53f8f&_nc_ohc=WH5C6zi_tx8Q7kNvwH59u8_&_nc_oc=AdoF-wvcQwyuHo9gstfdoEtt6TIrqqDPaQY2AtKYmzK1zLJ5PSHSTSQfQAa6ULnT8VOaicpFN7QdKiTltIGFt8_8&_nc_zt=14&_nc_ht=scontent.fjai6-1.fna&_nc_gid=qrrGXZqGbLRwHNx4d2pftg&_nc_ss=7b289&oh=00_Af-F7R8vi6wjNLsoBGgVpNc6Oqv2N03Rn5U49Uk2Lb1bDg&oe=6A36D2D6 || Original: https://scontent.fjai6-1.fna.fbcdn.net/v/t39.35426-6/699127180_1508808000597622_7454169420568794770_n.jpg?_nc_cat=101&ccb=1-7&_nc_sid=c53f8f&_nc_ohc=WI6NDHxYr8wQ7kNvwGwxV-H&_nc_oc=Adq8xpLccYZGmoDAL0ZFFhZjVEJViyu3mdBoZ0WoNe9TFswtMZ4qe1Cvfzgf1hfllh4NuzDDY-zHr3T35xIIl66D&_nc_zt=14&_nc_ht=scontent.fjai6-1.fna&_nc_gid=qrrGXZqGbLRwHNx4d2pftg&_nc_ss=7b289&oh=00_Af97dzq95ambbHRRxaoKMZoSkIvLymYle3tctGfI0QfeBA&oe=6A36DED5 | Resized: https://scontent.fjai6-1.fna.fbcdn.net/v/t39.35426-6/700109977_1381702764012360_5804484398780585544_n.jpg?stp=dst-jpg_s600x600_tt6&_nc_cat=102&ccb=1-7&_nc_sid=c53f8f&_nc_ohc=npi04_vc7tMQ7kNvwHJYwmZ&_nc_oc=AdqGIlIWqq5QuXrG-epE2ZUWkUZBqqhgtj9b3p0ZqVpj2Ll_8mZ_T3CWSiIhP62b1iflVERXXjRkQ6S7dvqe_zwe&_nc_zt=14&_nc_ht=scontent.fjai6-1.fna&_nc_gid=qrrGXZqGbLRwHNx4d2pftg&_nc_ss=7b289&oh=00_Af98igRbPPMPcuQxLkezdvP0Dcu6irM19myvFOD_BTm71g&oe=6A36C1CC,
1011381018100104,https://www.facebook.com/KoltePatilDevelopersLtd/,fb.me,https://www.facebook.com/KoltePatilDevelopersLtd/,,,,sales@koltepatil.com,+91 1800 266 6654,,,,196368923722236,http://fb.me/,Kolte Patil Developers Ltd,https://www.facebook.com/ads/library/?id=1011381018100104,"✨ What A Life! Home-Buying Bonanza Is Here ✨


Own your dream home at Life Republic by Kolte Patil near Hinjawadi and unlock exclusive benefits during our limited-period Home-Buying Bonanza.

4 Amazing Offers | 4 Amazing Weekends

Choose from thoughtfully designed 2, 3 & 4 BHK homes starting from ₹77 Lacs*

Township Highlights:

• 400+ Acre Integrated Township with Premium Amenities
• 70% Open Green Spaces with 7,000+ Trees
• 30,000+ Residents in a Thriving Community
• High Street Retail, Dining & Everyday Conveniences
• Dedicated Cycling & Jogging Tracks
• Expansive Urban Park & Grand Entrance Boulevard

Location Highlights:

• Near Hinjawadi IT Park
• Approx. 5 km from Upcoming Hinjawadi Metro Station
- Faster connectivity to Mumbai through missing link
• Easy Access to Mumbai-Bangalore Highway

Offer valid till 30th June 2026.",161504,Get quote,fb.me,"FACEBOOK; INSTAGRAM; AUDIENCE_NETWORK",2026-06-02,2026-06-15,,,"✨ What A Life! Home-Buying Bonanza Is Here ✨


Own your dream home at Life Republic by Kolte Patil near Hinjawadi and unlock exclusive benefits during our limited-period Home-Buying Bonanza.

4 Amazing Offers | 4 Amazing Weekends

Choose from thoughtfully designed 2, 3 & 4 BHK homes starting from ₹77 Lacs*

Township Highlights:

• 400+ Acre Integrated Township with Premium Amenities
• 70% Open Green Spaces with 7,000+ Trees
• 30,000+ Residents in a Thriving Community
• High Street Retail, Dining & Everyday Conveniences
• Dedicated Cycling & Jogging Tracks
• Expansive Urban Park & Grand Entrance Boulevard

Location Highlights:

• Near Hinjawadi IT Park
• Approx. 5 km from Upcoming Hinjawadi Metro Station
- Faster connectivity to Mumbai through missing link
• Easy Access to Mumbai-Bangalore Highway

Offer valid till 30th June 2026. || ✨ What A Life! Home-Buying Bonanza Is Here ✨


Own your dream home at Life Republic by Kolte Patil near Hinjawadi and unlock exclusive benefits during our limited-period Home-Buying Bonanza.

4 Amazing Offers | 4 Amazing Weekends

Choose from thoughtfully designed 2, 3 & 4 BHK homes starting from ₹77 Lacs*

Township Highlights:

• 400+ Acre Integrated Township with Premium Amenities
• 70% Open Green Spaces with 7,000+ Trees
• 30,000+ Residents in a Thriving Community
• High Street Retail, Dining & Everyday Conveniences
• Dedicated Cycling & Jogging Tracks
• Expansive Urban Park & Grand Entrance Boulevard

Location Highlights:

• Near Hinjawadi IT Park
• Approx. 5 km from Upcoming Hinjawadi Metro Station
- Faster connectivity to Mumbai through missing link
• Easy Access to Mumbai-Bangalore Highway

Offer valid till 30th June 2026. || ✨ What A Life! Home-Buying Bonanza Is Here ✨


Own your dream home at Life Republic by Kolte Patil near Hinjawadi and unlock exclusive benefits during our limited-period Home-Buying Bonanza.

4 Amazing Offers | 4 Amazing Weekends

Choose from thoughtfully designed 2, 3 & 4 BHK homes starting from ₹77 Lacs*

Township Highlights:

• 400+ Acre Integrated Township with Premium Amenities
• 70% Open Green Spaces with 7,000+ Trees
• 30,000+ Residents in a Thriving Community
• High Street Retail, Dining & Everyday Conveniences
• Dedicated Cycling & Jogging Tracks
• Expansive Urban Park & Grand Entrance Boulevard

Location Highlights:

• Near Hinjawadi IT Park
• Approx. 5 km from Upcoming Hinjawadi Metro Station
- Faster connectivity to Mumbai through missing link
• Easy Access to Mumbai-Bangalore Highway

Offer valid till 30th June 2026.",http://fb.me/ || http://fb.me/ || http://fb.me/,,Get Quote || Get Quote || Get Quote,Original: https://scontent.fjai6-1.fna.fbcdn.net/v/t39.35426-6/710782223_2555010804937404_4750004804744879621_n.jpg?_nc_cat=111&ccb=1-7&_nc_sid=c53f8f&_nc_ohc=gPYdwThdRqwQ7kNvwHTScRq&_nc_oc=Adqyq4Avl9_WXrqPEOW1TXxhb0LlBVDrmBIvMqsU6AcAfwBAVIrZ4A6D0KQ-o0tlJGA-Snwloo5rs_r9glFAGOGL&_nc_zt=14&_nc_ht=scontent.fjai6-1.fna&_nc_gid=RNyulzihZl6G9qSNWd5LQw&_nc_ss=7b289&oh=00_Af-wJCNIkHZZ8tO-eYur6pzOj5xl0CYDPxQV2ARJAWc-dA&oe=6A36D563 | Resized: https://scontent.fjai6-1.fna.fbcdn.net/v/t39.35426-6/710782197_1538669737955419_4396858989810918354_n.jpg?stp=dst-jpg_s600x600_tt6&_nc_cat=105&ccb=1-7&_nc_sid=c53f8f&_nc_ohc=numUx1xJaBgQ7kNvwETR2-I&_nc_oc=AdqSuDSVdX-R8gyKsHJ4NbDLPV9U3u0OODJsjtwvSkKmCiAOxbsoiqb5fwD0q6IvXRIZNRw32mA8dIMGnCRpCxjZ&_nc_zt=14&_nc_ht=scontent.fjai6-1.fna&_nc_gid=RNyulzihZl6G9qSNWd5LQw&_nc_ss=7b289&oh=00_Af-K3wjZEMgtcy6_7J3b2Zpy4PECrz2KLXULeoY5JocJQg&oe=6A36BEB1 || Original: https://scontent.fjai6-1.fna.fbcdn.net/v/t39.35426-6/710176354_1669943800946860_6601856997323491123_n.jpg?_nc_cat=102&ccb=1-7&_nc_sid=c53f8f&_nc_ohc=pIkz3RwsAn0Q7kNvwFC-pg0&_nc_oc=AdqxY1ylkwj58Nu-GbhCDYD4hB2ynSfYtEVaLj0vV8pt0y0nkuRmfyHpcxOpD79RzQcjflRQY5g7mlgMegm1qW8l&_nc_zt=14&_nc_ht=scontent.fjai6-1.fna&_nc_gid=RNyulzihZl6G9qSNWd5LQw&_nc_ss=7b289&oh=00_Af_koDsIIRlRbjW4UJ4Afm2vuKaJ562lsvLaQu3to0zPrg&oe=6A36E1D3 | Resized: https://scontent.fjai6-1.fna.fbcdn.net/v/t39.35426-6/709821665_27250638284546699_8848878379683805964_n.jpg?stp=dst-jpg_s600x600_tt6&_nc_cat=108&ccb=1-7&_nc_sid=c53f8f&_nc_ohc=U0LPV2aEmRUQ7kNvwESO0Yy&_nc_oc=AdplNTaD1t5qmUk8mUFc14ZPpyItuKAx2Ujh5eg6LcXUY9KPNHehDsJI-wP3SciAiWalrsZPgeQ8UQtH1ZOZWd-h&_nc_zt=14&_nc_ht=scontent.fjai6-1.fna&_nc_gid=RNyulzihZl6G9qSNWd5LQw&_nc_ss=7b289&oh=00_Af92C6H8CwT8NCKA8E9r9nEJvZGuaviRM_1TCWTGxlSA4w&oe=6A36B939 || Original: https://scontent.fjai6-1.fna.fbcdn.net/v/t39.35426-6/710827279_982685227946368_1973784141187795312_n.jpg?_nc_cat=107&ccb=1-7&_nc_sid=c53f8f&_nc_ohc=8bl_3ggIb7sQ7kNvwEvNanJ&_nc_oc=Adq1ysd2scdMMqNxti_He917toPma2aILQls8gBqCMudWs27f4PcZYUmyeN5-2XhV9ww-e8TzR6WONKBBGYU1D-G&_nc_zt=14&_nc_ht=scontent.fjai6-1.fna&_nc_gid=RNyulzihZl6G9qSNWd5LQw&_nc_ss=7b289&oh=00_Af_f2wQRyPulyOy8x0R54dusTTnm1lefJyn2sMsWZw-9Fw&oe=6A36D2A7 | Resized: https://scontent.fjai6-1.fna.fbcdn.net/v/t39.35426-6/710827361_1294431099543885_1293529256783883773_n.jpg?stp=dst-jpg_s600x600_tt6&_nc_cat=100&ccb=1-7&_nc_sid=c53f8f&_nc_ohc=YbraXi3ZHCcQ7kNvwG05aAE&_nc_oc=AdrjNnkd5HvLK-obJnq1Y0jRXbbKamDtCEg4gBKaW0BbP9ML4Lu-NAVBXyRw6rPN3LclZP0dIOS8aZ_eC9FPjVKR&_nc_zt=14&_nc_ht=scontent.fjai6-1.fna&_nc_gid=RNyulzihZl6G9qSNWd5LQw&_nc_ss=7b289&oh=00_Af9j6ioybkjYfPPOKiOyDZcpnR27RdU3BfgSS6Yk5iHRnQ&oe=6A36AF59,
3603753489780718,https://www.facebook.com/amanoraparktown/,,https://www.facebook.com/amanoraparktown/,,,,info@amanora.com,+91 97670 12345,,,,177703722242330,,Amanora Park Town,https://www.facebook.com/ads/library/?id=3603753489780718,"Discover a new standard of living at Amanora Gateway Towers, Hadapsar.
Homes starting from ₹2.26 Cr*, where iconic design, breathtaking views, and unmatched luxury come together.

✅ Premium Blue Orchid Club & rooftop access
✅ Designed for elite urban living
✅ Within a 400-acre integrated township
✅ Sunrise-to-sunset panoramic views

Your address of pride awaits. Enquire Today!",103921,Get quote,,"FACEBOOK; INSTAGRAM",2026-04-14,2026-06-02,HD: https://video.fjai6-1.fna.fbcdn.net/o1/v/t2/f2/m366/AQPESwj8EXvr8f-GpcKEP-jOmKjyKUYr9ZrF31yCZhU_9niB3O55yIS2rP3TAvT5z_KEljkstbpbHcQiZ0fHo4t1sc-HyyirCiDNXIhBei31Yg.mp4?_nc_cat=101&_nc_oc=AdrfjRrR6LlpbbXRL1BQyUgFxTY_hpNaY3smQJ0BTo4z8Y0xGi7anvWDBn7yh95odhH-EFYXXEAbJN2tobth6YTG&_nc_sid=b66105&_nc_ht=video.fjai6-1.fna.fbcdn.net&_nc_ohc=SbrfuoDrBSsQ7kNvwHu5yA2&efg=eyJ2ZW5jb2RlX3RhZyI6Inhwdl9wcm9ncmVzc2l2ZS5WSV9VU0VDQVNFX1BST0RVQ1RfVFlQRS4uQzMuNzIwLmRhc2hfaDI2NC1iYXNpYy1nZW4yXzcyMHAiLCJ4cHZfYXNzZXRfaWQiOjIxNDAxNzgxMjY1MjI0NTMsImFzc2V0X2FnZV9kYXlzIjo3NSwidmlfdXNlY2FzZV9pZCI6MTA3OTksImR1cmF0aW9uX3MiOjI5LCJ1cmxnZW5fc291cmNlIjoid3d3In0%3D&ccb=17-1&vs=a3b7a4006ab3afcc&_nc_vs=HBksFQIYRWZiX2VwaGVtZXJhbC84ODRFMDk3QjUzMEQ3ODY0NUZEOUNBN0MxMkM1MEI5Q19tdF8xX3ZpZGVvX2Rhc2hpbml0Lm1wNBUAAsgBEgAVAhhAZmJfcGVybWFuZW50LzUzNEY5NENBOEI1MkI1MDk2MjYyMkE4RERERUVEQjhBX2F1ZGlvX2Rhc2hpbml0Lm1wNBUCAsgBEgAoABgAGwKIB3VzZV9vaWwBMRJwcm9ncmVzc2l2ZV9yZWNpcGUBMRUAACaqoebP4Z7NBxUCKAJDMywXQD3u2RaHKwIYGWRhc2hfaDI2NC1iYXNpYy1nZW4yXzcyMHARAHUAZd6oAQA&_nc_gid=ClQrYJWRKayrb93jONq1ZQ&_nc_ss=7b289&_nc_zt=28&oh=00_Af9KsXCspiA71JcZo6Q3sHRttb64BvgAskEzEcC6uApHaA&oe=6A36BFD3 | SD: https://video.fjai6-1.fna.fbcdn.net/o1/v/t2/f2/m412/AQMvvYqE49gsij__eaXjyzMFVC7igeJ4eLDe7BqcXcTTklIfnBwasnj0n_p7WW_gB4171kurTn4bP9hTJFLh38ea9DMdE_YPLJOtGNpWxA.mp4?_nc_cat=109&_nc_oc=AdpDBad0gDUbmxmXVbdi2AZkx9p6zUCwDgvqQyH_q3Vu7ipe8OU1qLTIwUKziO4tdqG7Bs566lHJjYs5WDw6GT96&_nc_sid=ef5aa3&_nc_ht=video.fjai6-1.fna.fbcdn.net&_nc_ohc=wWTj5AgmC4AQ7kNvwEtM_8p&efg=eyJ2ZW5jb2RlX3RhZyI6Inhwdl9wcm9ncmVzc2l2ZS5WSV9VU0VDQVNFX1BST0RVQ1RfVFlQRS4uQzMuMzYwLnN2ZV9zZCIsInhwdl9hc3NldF9pZCI6MjE0MDE3ODEyNjUyMjQ1MywiYXNzZXRfYWdlX2RheXMiOjc1LCJ2aV91c2VjYXNlX2lkIjoxMDc5OSwiZHVyYXRpb25fcyI6MjksInVybGdlbl9zb3VyY2UiOiJ3d3cifQ%3D%3D&ccb=17-1&_nc_gid=ClQrYJWRKayrb93jONq1ZQ&_nc_ss=7b289&_nc_zt=28&oh=00_Af8NWIa-8OkbepRGo-DdcdlTkwOcm4AOZfg9MYrTQxpa2Q&oe=6A36B08D | Preview: https://scontent.fjai6-1.fna.fbcdn.net/v/t39.35426-6/662076745_2453025768493417_8471571863436411254_n.jpg?_nc_cat=100&ccb=1-7&_nc_sid=c53f8f&_nc_ohc=szL5bySKpIcQ7kNvwGKuC0q&_nc_oc=Ado_MYKQolvTjK1e4sjLQ3kkrrzAzfq9jZ6IIXZYN2-tGEiVimiP-pDrQPEA3QwsNV2JcaLqACbNrqa1qfTEhJof&_nc_zt=14&_nc_ht=scontent.fjai6-1.fna&_nc_gid=ClQrYJWRKayrb93jONq1ZQ&_nc_ss=7b289&oh=00_Af9-edJogCAy6Jbkx4vRnXxomFZcdu6cx4vB8Rxjc_X5dw&oe=6A36BDF5,,,,,,,
1713404229853842,https://www.facebook.com/61568909439175/,fb.me,https://www.facebook.com/61568909439175/,,,,,+91 91212 22851,,,,489136254285054,http://fb.me/,Sansa County By Auro Tattva,https://www.facebook.com/ads/library/?id=1713404229853842,"Luxury today isn’t about living in the middle of chaos anymore.

At Sansa County by Auro Realty, it’s about space, privacy, and an integrated township living.

✨ 313-Acre Integrated Township
🌊 70-Acre Lakeside Living
🏡 Premium 4BHK Triplex Villas
📐 300 & 405 Sq. Yds. Villas
📍 ORR Exit 3, Patancheru
🌿 30+ Premium Lifestyle Amenities
🏢 Villas, Apartments, Plots & Commercial Spaces
💰 Flexible 40:30:30 Payment Plan

Book your site visit today.",773,Get quote,fb.me,"FACEBOOK; INSTAGRAM",2026-06-08,2026-06-15,,Original: https://scontent.fjai6-1.fna.fbcdn.net/v/t39.35426-6/718659697_1028449933187058_1246557308391506402_n.jpg?_nc_cat=100&ccb=1-7&_nc_sid=c53f8f&_nc_ohc=6hHq6oFdNjoQ7kNvwEKNHCs&_nc_oc=AdpFc0bjBBTVBX5NMXS_9QViOaPSyjRtu0fKASzfV0hPt4RIVKgHeQWTevclYUq-q1B3Ifjv088sKb_3s9AuHbDh&_nc_zt=14&_nc_ht=scontent.fjai6-1.fna&_nc_gid=bc4g8b_xALHGQVZeoJ8XSw&_nc_ss=7b289&oh=00_Af-7l9oafTeY2bGVn_jb9pa1NkUxoRMh0uZdQQz5TTWfvA&oe=6A36D247 | Resized: https://scontent.fjai6-1.fna.fbcdn.net/v/t39.35426-6/718674522_1950079932305515_1807221193987832581_n.jpg?stp=dst-jpg_s600x600_tt6&_nc_cat=103&ccb=1-7&_nc_sid=c53f8f&_nc_ohc=ZGoOwBtdUHQQ7kNvwGSYvgC&_nc_oc=Adqtl0b-TvUgiR0Xns7innFAgKDIkBEgA2EOKfOLUaoXFhbaYhV4-VWxrCOAveahiUVfmyjUmTguWDIhwFknSdSc&_nc_zt=14&_nc_ht=scontent.fjai6-1.fna&_nc_gid=bc4g8b_xALHGQVZeoJ8XSw&_nc_ss=7b289&oh=00_Af8eIZq3TaJdFnMIInhTFQlZ8XjfllyKDhrDfbfbUaCQlQ&oe=6A36CA79,,,,,,
804805879206804,https://www.facebook.com/61574731045549/,fb.me,https://www.facebook.com/61574731045549/,,,,dm@whitetitle.in,+91 91642 94444,,,,665544033298729,http://fb.me/,WT Realty,https://www.facebook.com/ads/library/?id=804805879206804,"East Bangalore is growing faster than ever—making this the perfect time to own your premium 3 BHK at a price you won’t find again. Ideal for end-users & investors alike.
🟩 10+ Top Schools Nearby
🟩 70-Acre Integrated Township
🟩 5-Acre Sports City Inside
🟩 Prime East Bangalore Hub
🟩 Builder with 7M+ sq.ft. Delivered
🟩 Close to Metro & Major IT Corridors",23,Get quote,fb.me,"FACEBOOK; INSTAGRAM; AUDIENCE_NETWORK",2025-12-13,2026-06-15,HD: https://video.fjai6-1.fna.fbcdn.net/o1/v/t2/f2/m366/AQNX9c44qGwNhom8QtVnCvtpSKD59YrhJ3JWIZfJZXjIfgZhuhY7XIxQgG1IkdrmVfLslDGYwPxoKYDYpfJsv16JH6K5k30JnYHDGpb6BiIb-g.mp4?_nc_cat=103&_nc_oc=AdrwKzqFzwanLxM82waQ520Eufu-ft4nYC8oX1MQjUMfVkU0Uw57vx3P3Nbhw-CfD3a6X1KifjQwDWfd3O9b9yLr&_nc_sid=b66105&_nc_ht=video.fjai6-1.fna.fbcdn.net&_nc_ohc=UFTcIKM59asQ7kNvwGUuvsn&efg=eyJ2ZW5jb2RlX3RhZyI6Inhwdl9wcm9ncmVzc2l2ZS5WSV9VU0VDQVNFX1BST0RVQ1RfVFlQRS4uQzMuNzIwLmRhc2hfaDI2NC1iYXNpYy1nZW4yXzcyMHAiLCJ4cHZfYXNzZXRfaWQiOjE3NjYxMzM1MTA3NTY4NDMsImFzc2V0X2FnZV9kYXlzIjoxODQsInZpX3VzZWNhc2VfaWQiOjEwNzk5LCJkdXJhdGlvbl9zIjozMCwidXJsZ2VuX3NvdXJjZSI6Ind3dyJ9&ccb=17-1&vs=e76f1c6ee39949b2&_nc_vs=HBksFQIYRWZiX2VwaGVtZXJhbC9GNTQ2QjMzNUFCQzk2OUU0RjNCOTEzREVBQzFGM0Y4Nl9tdF8xX3ZpZGVvX2Rhc2hpbml0Lm1wNBUAAsgBEgAVAhhAZmJfcGVybWFuZW50L0YxNDA5MTk2QTY3MTMwNDIxOTZEQjRCRTZCMTg1Mzk1X2F1ZGlvX2Rhc2hpbml0Lm1wNBUCAsgBEgAoABgAGwKIB3VzZV9vaWwBMRJwcm9ncmVzc2l2ZV9yZWNpcGUBMRUAACbW58aIwJKjBhUCKAJDMywXQD49cKPXCj0YGWRhc2hfaDI2NC1iYXNpYy1nZW4yXzcyMHARAHUAZd6oAQA&_nc_gid=cAN3CJ40UDERKjiX3CmuNw&_nc_ss=7b289&_nc_zt=28&oh=00_Af8vGC31foPLxgzuPkh-YtHem8G63OA99PQg2-esYB8xqg&oe=6A36B08D | SD: https://video.fjai6-1.fna.fbcdn.net/o1/v/t2/f2/m412/AQORpC0vBRT7HGZ3llSZQgl66W5weHxWozxsz-X2QIMxKHzM3EmV-BhJ7YWAZGb5tM7z5pXgITwgKN5h6H6OldrhZZnCtGeR3Y7neOhIQA.mp4?_nc_cat=107&_nc_oc=Adrb5fGjca8frYWc4Sw0BBSNfU4XPsFa7QO2mnypBe7nfhr-0dUZbN7cB7iNc-fgds3F4NVhiwDdj3LdmTqUeLkr&_nc_sid=ef5aa3&_nc_ht=video.fjai6-1.fna.fbcdn.net&_nc_ohc=gYiRrSDmWQwQ7kNvwHSXLRv&efg=eyJ2ZW5jb2RlX3RhZyI6Inhwdl9wcm9ncmVzc2l2ZS5WSV9VU0VDQVNFX1BST0RVQ1RfVFlQRS4uQzMuMzYwLnN2ZV9zZCIsInhwdl9hc3NldF9pZCI6MTc2NjEzMzUxMDc1Njg0MywiYXNzZXRfYWdlX2RheXMiOjE4NCwidmlfdXNlY2FzZV9pZCI6MTA3OTksImR1cmF0aW9uX3MiOjMwLCJ1cmxnZW5fc291cmNlIjoid3d3In0%3D&ccb=17-1&_nc_gid=cAN3CJ40UDERKjiX3CmuNw&_nc_ss=7b289&_nc_zt=28&oh=00_Af9yloyPlbiuec_5XVH6VoR8DXnWT_XFgrGOimEbPbhlNw&oe=6A36C4FB | Preview: https://scontent.fjai6-1.fna.fbcdn.net/v/t39.35426-6/598358922_1485988352487023_5046716564995597899_n.jpg?_nc_cat=101&ccb=1-7&_nc_sid=c53f8f&_nc_ohc=97PSFmIXrWEQ7kNvwEQvnxJ&_nc_oc=AdpXv8JIYupqzS9bkhFCr3Ex0sKpglKr06-kEpchfPwNyAgkTcPqX62_f5jvyDfjmnbDg2xvlevGNGFEpXMVKTwv&_nc_zt=14&_nc_ht=scontent.fjai6-1.fna&_nc_gid=cAN3CJ40UDERKjiX3CmuNw&_nc_ss=7b289&oh=00_Af9dg21MjzhqwbVj5d4JKBxCExPkMDeuUt6LFgb3_XVp0Q&oe=6A36C3E3,,,,,,,
1004766255371565,https://www.facebook.com/housiey/,fb.me,https://www.facebook.com/housiey/,,,,sales@housiey.com,+91 80974 52839,,,,216444252147750,http://fb.me/,Housiey,https://www.facebook.com/ads/library/?id=1004766255371565,"Biggest New Launch Hiranandani-Krisala Everland Township in Hinjewadi, Pune
✅ 105 Acres Integrated Township
✅ 2/3 BHK/Duplex- ₹75.99 Lacs Onwards
✅ 8 Acre Racecourse & Polo Club
✅ 75+ Ultra Luxurious Amenities
✅ IT Park- 10min | Metro Stn- 12min
✅ Exclusive Launch Discounts
✅ Booking Window Open Now
✅ Housiey Rera No. A51900001761
✅ Project Rera No. PR1260002500600",31914,Download,fb.me,"FACEBOOK; INSTAGRAM; AUDIENCE_NETWORK",2026-06-09,2026-06-15,,Original: https://scontent.fjai6-1.fna.fbcdn.net/v/t39.35426-6/665736896_1382633643883106_9005167125094163743_n.jpg?_nc_cat=107&ccb=1-7&_nc_sid=c53f8f&_nc_ohc=Lp_RxMb68rAQ7kNvwHDE4PQ&_nc_oc=AdpMJMbYCT3No6skO6ZkrJAzeuBcO1K7UFWrFWxH5I5F2HhdlYFN9fl8lBgMMveRsRuCWTJ_GcjBo2OvNHOivPPA&_nc_zt=14&_nc_ht=scontent.fjai6-1.fna&_nc_gid=5LMaNGfZ7ljxdcqb9RyqOw&_nc_ss=7b289&oh=00_Af874Xrt635ns5Vc5gYsrPsE4hlNwbWXLrN-PHAU-JxVag&oe=6A36C5FA | Resized: https://scontent.fjai6-1.fna.fbcdn.net/v/t39.35426-6/666349182_1492997038996387_657106697548479483_n.jpg?stp=dst-jpg_s600x600_tt6&_nc_cat=107&ccb=1-7&_nc_sid=c53f8f&_nc_ohc=McHsngZIv8wQ7kNvwEh1LFS&_nc_oc=Adom6Nm7dnXU12wvIkodToxPKDHyfdJihMysJLWiY6aqcERtg2YyWVDAbO65fFZ9yuTFURmCUbw4v8DGEi_-hlDU&_nc_zt=14&_nc_ht=scontent.fjai6-1.fna&_nc_gid=5LMaNGfZ7ljxdcqb9RyqOw&_nc_ss=7b289&oh=00_Af9DvNEc5hBOzmT5AbN-VQUPiM-upqWaAANx8vpLnhERCQ&oe=6A36C4CF,,,,,,
1884490402165889,https://www.facebook.com/61577743940818/,fb.me,https://www.facebook.com/61577743940818/,,,,,+91 81108 44455,,,,717270981463083,http://fb.me/,Doshi Housing - Risington ,https://www.facebook.com/ads/library/?id=1884490402165889,"✨ Own your dream home at Karapakkam, OMR! ✨

Discover 2 & 3 BHK premium apartments at Doshi Risington 2.0 – where comfort meets convenience.
🏢 Starting from just ₹1.01 Cr*
🌟 Spacious lifestyle, modern amenities & prime OMR location.
🏗️ RERA Approved | Trusted by 3,500+ families
🌳 12.4-acre integrated township | Clubhouse | Pool | Landscaped Gardens

📍 Karapakkam, OMR – close to IT hubs, schools & hospitals.

✅ Limited-time festive offers – book your home now!
📞 Call: 8110862626",369,Get offer,fb.me,"FACEBOOK; INSTAGRAM",2026-02-27,2026-06-15,HD: https://video.fjai6-1.fna.fbcdn.net/o1/v/t2/f2/m366/AQMt8RtuwdxpIgFEsXer_c5ptazUH9fajNp7CbXCMNzsHoEB9eD8WXARGHB7ijK64USD6IEGgkjFOOILQO0BXi6qpt7nBwN2tj4W2E4IlXq3Fg.mp4?_nc_cat=102&_nc_oc=AdpjYOi5NBxRyeA48hFnGu0ROWn5sB6DiYaATkV6M3ok76CbDVsReHYrLmjAAAmxfpEf4ppQbLDpzHgUy3uQmt9o&_nc_sid=b66105&_nc_ht=video.fjai6-1.fna.fbcdn.net&_nc_ohc=nIDDzWwH0g0Q7kNvwH_D2in&efg=eyJ2ZW5jb2RlX3RhZyI6Inhwdl9wcm9ncmVzc2l2ZS5WSV9VU0VDQVNFX1BST0RVQ1RfVFlQRS4uQzMuNzIwLmRhc2hfaDI2NC1iYXNpYy1nZW4yXzcyMHAiLCJ4cHZfYXNzZXRfaWQiOjg3NDI3ODk3NTUzNjcyOSwiYXNzZXRfYWdlX2RheXMiOjE2MywidmlfdXNlY2FzZV9pZCI6MTA3OTksImR1cmF0aW9uX3MiOjU4LCJ1cmxnZW5fc291cmNlIjoid3d3In0%3D&ccb=17-1&vs=2d80e4e81db2de48&_nc_vs=HBksFQIYRWZiX2VwaGVtZXJhbC9FQzRERDg0NkY3RjYxRjMyNEE5MDQyMUYwODI0QThCRV9tdF8xX3ZpZGVvX2Rhc2hpbml0Lm1wNBUAAsgBEgAVAhhAZmJfcGVybWFuZW50LzBCNEU2NUE3Q0QzRkVCNzEyQ0NFQkI4QUQwQTZBMUFDX2F1ZGlvX2Rhc2hpbml0Lm1wNBUCAsgBEgAoABgAGwKIB3VzZV9vaWwBMRJwcm9ncmVzc2l2ZV9yZWNpcGUBMRUAACay-av83cmNAxUCKAJDMywXQE0AAAAAAAAYGWRhc2hfaDI2NC1iYXNpYy1nZW4yXzcyMHARAHUAZd6oAQA&_nc_gid=p7mackXQOl4s7fdaJYkAnw&_nc_ss=7b289&_nc_zt=28&oh=00_Af-T5YGTyHmTai14ANL-Q5P4bE3n6gK8xQxWm_I6524eTw&oe=6A36BDA2 | SD: https://video.fjai6-1.fna.fbcdn.net/o1/v/t2/f2/m412/AQOfK_cXa-_VQNIl3d_sZdQDltOobf1surEZARrZyIp6YnXuhweV-uLSNuT_LcUSdTNgKP2nL_0XlrX3Jpm0uJzT0O-IXKzHTCy-tk1_TA.mp4?_nc_cat=109&_nc_oc=Adpk6yj-GOZfA1-a7hWu2UFI507Vu3fwU6iv8g7MYqw7a9pQHV6KHheu4AVik7Bpc72VrCU7ix9_Saa6YHpJvWDR&_nc_sid=ef5aa3&_nc_ht=video.fjai6-1.fna.fbcdn.net&_nc_ohc=DsDLtPMx6zYQ7kNvwEN1TdB&efg=eyJ2ZW5jb2RlX3RhZyI6Inhwdl9wcm9ncmVzc2l2ZS5WSV9VU0VDQVNFX1BST0RVQ1RfVFlQRS4uQzMuMzYwLnN2ZV9zZCIsInhwdl9hc3NldF9pZCI6ODc0Mjc4OTc1NTM2NzI5LCJhc3NldF9hZ2VfZGF5cyI6MTYzLCJ2aV91c2VjYXNlX2lkIjoxMDc5OSwiZHVyYXRpb25fcyI6NTgsInVybGdlbl9zb3VyY2UiOiJ3d3cifQ%3D%3D&ccb=17-1&_nc_gid=p7mackXQOl4s7fdaJYkAnw&_nc_ss=7b289&_nc_zt=28&oh=00_Af9-3JVc0ybfyuab_1brY1mH1LcgsaFTq19dgLJIAOqRcw&oe=6A36C051 | Preview: https://scontent.fjai6-1.fna.fbcdn.net/v/t39.35426-6/643778844_3332908476869153_7785380043917753503_n.jpg?_nc_cat=105&ccb=1-7&_nc_sid=c53f8f&_nc_ohc=wRUmuL1MOFEQ7kNvwF7OGv8&_nc_oc=Ado4lcgEvZahEs-2cOxrFieYErwGa_HK0SiC3_IaZNG7CLoYpO34kYY7gz4UHPFYaEXBrSg6nRoE_m8dOUZZPAX_&_nc_zt=14&_nc_ht=scontent.fjai6-1.fna&_nc_gid=p7mackXQOl4s7fdaJYkAnw&_nc_ss=7b289&oh=00_Af9HFhGi4LPEROdLxH7fbnR94QCFdIah4fWdCedxp5wiyA&oe=6A36CF74,,,,,,,
1551377553070321,https://www.facebook.com/ourikaestates/,fb.me,https://www.facebook.com/ourikaestates/,,,,info@aurikahomes.com,+91 99906 99027,,,,106391159210268,http://fb.me/,Aurika Homes,https://www.facebook.com/ads/library/?id=1551377553070321,"Premium East-Facing Plots in Bareilly
Prices starting from ₹1.11 Cr
Approved by Bareilly Development Authority
Bank Loan Available | RERA Approved

✅ Integrated township with all modern amenities in Bareilly
✅ 4-star rated club
✅ Fully equipped gym
✅ 24×7 security with automated boom barriers and CCTV surveillance
✅ Children’s play area
✅ Yoga room
✅ Badminton court
✅ Theme-based parks and lush landscaping
✅ Green and serene surroundings
✅ Cricket pitch
✅ Banquet hall
✅ Two-side open plots
✅ Commercial project

📞 Call: +91 9911555509",13503,See details,fb.me,"FACEBOOK; INSTAGRAM; AUDIENCE_NETWORK",2026-05-02,2026-06-15,HD: https://video.fjai6-1.fna.fbcdn.net/o1/v/t2/f2/m366/AQN_XKGmVeoh75VZh5lwftxBmjx_XxxVTykXWiX_hH4J3eXWr6DINrheJU9yhecH-HazQj4EE6Cqscz6BAqBFNzsol3qFnKXH-sB5Yc58_GObw.mp4?_nc_cat=100&_nc_oc=AdpGVp4beu8A-LvA2bazuuh4t3lge4RmKaf8jXywXUEAmdJVkZcgfLi_dZxeC5SvvDqV1diSJL0sg5JtiW3qSm23&_nc_sid=b66105&_nc_ht=video.fjai6-1.fna.fbcdn.net&_nc_ohc=M9bVeTArC9kQ7kNvwFVJDw0&efg=eyJ2ZW5jb2RlX3RhZyI6Inhwdl9wcm9ncmVzc2l2ZS5WSV9VU0VDQVNFX1BST0RVQ1RfVFlQRS4uQzMuNzIwLmRhc2hfaDI2NC1iYXNpYy1nZW4yXzcyMHAiLCJ4cHZfYXNzZXRfaWQiOjE1NDQ1NzAzMTY4MzU2NDEsImFzc2V0X2FnZV9kYXlzIjoxMTgsInZpX3VzZWNhc2VfaWQiOjEwNzk5LCJkdXJhdGlvbl9zIjoxMzUsInVybGdlbl9zb3VyY2UiOiJ3d3cifQ%3D%3D&ccb=17-1&vs=2194a1c7c36a8df4&_nc_vs=HBksFQIYRWZiX2VwaGVtZXJhbC9CMzRENEM2MDEyMUNGODJFQjA2NjBFMjk1MkYyMjI4RF9tdF8xX3ZpZGVvX2Rhc2hpbml0Lm1wNBUAAsgBEgAVAhhAZmJfcGVybWFuZW50L0ZENEM2OEVBMTEwRTYyMzg5RDdENTczN0IxOUNEN0E1X2F1ZGlvX2Rhc2hpbml0Lm1wNBUCAsgBEgAoABgAGwKIB3VzZV9vaWwBMRJwcm9ncmVzc2l2ZV9yZWNpcGUBMRUAACbyrIbR6bG-BRUCKAJDMywXQGDndLxqfvoYGWRhc2hfaDI2NC1iYXNpYy1nZW4yXzcyMHARAHUAZd6oAQA&_nc_gid=p7mackXQOl4s7fdaJYkAnw&_nc_ss=7b289&_nc_zt=28&oh=00_Af_Z7E0SMSF5q3j11F9kOwfakPwDN7tGr5n2ZqwUhJxdPg&oe=6A36D530 | SD: https://video.fjai6-1.fna.fbcdn.net/o1/v/t2/f2/m412/AQNvEV6Qq1aGJbHlMcgiGA5ElZyg2k5acziRLCusoxTegMvAsB5QGb6lBe6EdYa0l0lPRmU0-AD_PPmFVUEuAbcnbr2i4exJiUllj-kUQA.mp4?_nc_cat=101&_nc_oc=AdpznhNAUcFMiEB7Fshq6Jkmeg-KbstxlYNwOjJA-AKMuFTxgv0rdC9dF1TJzYvBKdnhNBmorM6SXTYIztV0FxnA&_nc_sid=ef5aa3&_nc_ht=video.fjai6-1.fna.fbcdn.net&_nc_ohc=EkcFh8Re01QQ7kNvwH4Qkqy&efg=eyJ2ZW5jb2RlX3RhZyI6Inhwdl9wcm9ncmVzc2l2ZS5WSV9VU0VDQVNFX1BST0RVQ1RfVFlQRS4uQzMuMzYwLnN2ZV9zZCIsInhwdl9hc3NldF9pZCI6MTU0NDU3MDMxNjgzNTY0MSwiYXNzZXRfYWdlX2RheXMiOjExOCwidmlfdXNlY2FzZV9pZCI6MTA3OTksImR1cmF0aW9uX3MiOjEzNSwidXJsZ2VuX3NvdXJjZSI6Ind3dyJ9&ccb=17-1&_nc_gid=p7mackXQOl4s7fdaJYkAnw&_nc_ss=7b289&_nc_zt=28&oh=00_Af8FokV2cuf8Kq_ALofEg9ilyL9KRnIgfs5IP4s_XeyNsQ&oe=6A36AF79 | Preview: https://scontent.fjai6-1.fna.fbcdn.net/v/t39.35426-6/688914851_1994333084626717_2510953987628597341_n.jpg?_nc_cat=106&ccb=1-7&_nc_sid=c53f8f&_nc_ohc=OBXRBwjMNbYQ7kNvwHQb6XD&_nc_oc=AdpomIGPMWyYNacwtKhl1GlsuZg8boMq73tYyTO0-Kb-kraKdMG3lF9KW978eneNLFnDONzd4sTIG2DpO41dRRGE&_nc_zt=14&_nc_ht=scontent.fjai6-1.fna&_nc_gid=p7mackXQOl4s7fdaJYkAnw&_nc_ss=7b289&oh=00_Af-qA0bUfY1GnHLsJyVqVSr8uAXI_IiQ_CA-EIKZYao4Hw&oe=6A36BB51,,,,,,,
934266756096309,https://www.facebook.com/ourikaestates/,fb.me,https://www.facebook.com/ourikaestates/,,,,info@aurikahomes.com,+91 99906 99027,,,,106391159210268,http://fb.me/,Aurika Homes,https://www.facebook.com/ads/library/?id=934266756096309,"Premium East-Facing Plots in Bareilly
Prices starting from ₹1.11 Cr
Approved by Bareilly Development Authority
Bank Loan Available | RERA Approved

✅ Integrated township with all modern amenities in Bareilly
✅ 4-star rated club
✅ Fully equipped gym
✅ 24×7 security with automated boom barriers and CCTV surveillance
✅ Children’s play area
✅ Yoga room
✅ Badminton court
✅ Theme-based parks and lush landscaping
✅ Green and serene surroundings
✅ Cricket pitch
✅ Banquet hall
✅ Two-side open plots
✅ Commercial project

📞 Call: +91 9911555509",13503,See details,fb.me,"FACEBOOK; INSTAGRAM; AUDIENCE_NETWORK",2026-05-02,2026-06-15,HD: https://video.fjai6-1.fna.fbcdn.net/o1/v/t2/f2/m366/AQN_XKGmVeoh75VZh5lwftxBmjx_XxxVTykXWiX_hH4J3eXWr6DINrheJU9yhecH-HazQj4EE6Cqscz6BAqBFNzsol3qFnKXH-sB5Yc58_GObw.mp4?_nc_cat=100&_nc_oc=AdpGVp4beu8A-LvA2bazuuh4t3lge4RmKaf8jXywXUEAmdJVkZcgfLi_dZxeC5SvvDqV1diSJL0sg5JtiW3qSm23&_nc_sid=b66105&_nc_ht=video.fjai6-1.fna.fbcdn.net&_nc_ohc=M9bVeTArC9kQ7kNvwFVJDw0&efg=eyJ2ZW5jb2RlX3RhZyI6Inhwdl9wcm9ncmVzc2l2ZS5WSV9VU0VDQVNFX1BST0RVQ1RfVFlQRS4uQzMuNzIwLmRhc2hfaDI2NC1iYXNpYy1nZW4yXzcyMHAiLCJ4cHZfYXNzZXRfaWQiOjE1NDQ1NzAzMTY4MzU2NDEsImFzc2V0X2FnZV9kYXlzIjoxMTgsInZpX3VzZWNhc2VfaWQiOjEwNzk5LCJkdXJhdGlvbl9zIjoxMzUsInVybGdlbl9zb3VyY2UiOiJ3d3cifQ%3D%3D&ccb=17-1&vs=2194a1c7c36a8df4&_nc_vs=HBksFQIYRWZiX2VwaGVtZXJhbC9CMzRENEM2MDEyMUNGODJFQjA2NjBFMjk1MkYyMjI4RF9tdF8xX3ZpZGVvX2Rhc2hpbml0Lm1wNBUAAsgBEgAVAhhAZmJfcGVybWFuZW50L0ZENEM2OEVBMTEwRTYyMzg5RDdENTczN0IxOUNEN0E1X2F1ZGlvX2Rhc2hpbml0Lm1wNBUCAsgBEgAoABgAGwKIB3VzZV9vaWwBMRJwcm9ncmVzc2l2ZV9yZWNpcGUBMRUAACbyrIbR6bG-BRUCKAJDMywXQGDndLxqfvoYGWRhc2hfaDI2NC1iYXNpYy1nZW4yXzcyMHARAHUAZd6oAQA&_nc_gid=p7mackXQOl4s7fdaJYkAnw&_nc_ss=7b289&_nc_zt=28&oh=00_Af_Z7E0SMSF5q3j11F9kOwfakPwDN7tGr5n2ZqwUhJxdPg&oe=6A36D530 | SD: https://video.fjai6-1.fna.fbcdn.net/o1/v/t2/f2/m412/AQNvEV6Qq1aGJbHlMcgiGA5ElZyg2k5acziRLCusoxTegMvAsB5QGb6lBe6EdYa0l0lPRmU0-AD_PPmFVUEuAbcnbr2i4exJiUllj-kUQA.mp4?_nc_cat=101&_nc_oc=AdpznhNAUcFMiEB7Fshq6Jkmeg-KbstxlYNwOjJA-AKMuFTxgv0rdC9dF1TJzYvBKdnhNBmorM6SXTYIztV0FxnA&_nc_sid=ef5aa3&_nc_ht=video.fjai6-1.fna.fbcdn.net&_nc_ohc=EkcFh8Re01QQ7kNvwH4Qkqy&efg=eyJ2ZW5jb2RlX3RhZyI6Inhwdl9wcm9ncmVzc2l2ZS5WSV9VU0VDQVNFX1BST0RVQ1RfVFlQRS4uQzMuMzYwLnN2ZV9zZCIsInhwdl9hc3NldF9pZCI6MTU0NDU3MDMxNjgzNTY0MSwiYXNzZXRfYWdlX2RheXMiOjExOCwidmlfdXNlY2FzZV9pZCI6MTA3OTksImR1cmF0aW9uX3MiOjEzNSwidXJsZ2VuX3NvdXJjZSI6Ind3dyJ9&ccb=17-1&_nc_gid=p7mackXQOl4s7fdaJYkAnw&_nc_ss=7b289&_nc_zt=28&oh=00_Af8FokV2cuf8Kq_ALofEg9ilyL9KRnIgfs5IP4s_XeyNsQ&oe=6A36AF79 | Preview: https://scontent.fjai6-1.fna.fbcdn.net/v/t39.35426-6/687811485_1484694190050048_1146115254428419998_n.jpg?_nc_cat=108&ccb=1-7&_nc_sid=c53f8f&_nc_ohc=VUFP6d5ddaAQ7kNvwGnPweZ&_nc_oc=Adrlo9v9jxmntfhm3PAVWmV3DoHrEUtEf3ttszsqw5R7Fq1ygH3InoseiiyuOA8SrVOTSAcmHMT_3YRAN1h0tEHE&_nc_zt=14&_nc_ht=scontent.fjai6-1.fna&_nc_gid=p7mackXQOl4s7fdaJYkAnw&_nc_ss=7b289&oh=00_Af-z940nvizgq3TcIRYwKI9BYRmhRznByf6CoJ4zdOXGmQ&oe=6A36D07E,,,,,,,
991733966828196,https://www.facebook.com/official.prideworldcity/,fb.me,https://www.facebook.com/official.prideworldcity/,,,,digital@prideworldcity.com,,,,,754399147755860,http://fb.me/,"Pride World City, Pune",https://www.facebook.com/ads/library/?id=991733966828196,"🏡 𝐋𝐚𝐮𝐧𝐜𝐡𝐢𝐧𝐠 𝐭𝐡𝐞 𝐅𝐢𝐧𝐚𝐥 𝟐 𝐓𝐨𝐰𝐞𝐫𝐬 𝐨𝐟 𝐌𝐨𝐧𝐭𝐫𝐞𝐚𝐥 𝐚𝐭 𝐏𝐫𝐢𝐝𝐞 𝐖𝐨𝐫𝐥𝐝 𝐂𝐢𝐭𝐲, 𝐂𝐡𝐚𝐫𝐡𝐨𝐥𝐢, 𝐏𝐮𝐧𝐞.
3 & 4 BHK 𝐃𝐮𝐩𝐥𝐞𝐱 𝐀𝐩𝐚𝐫𝐭𝐦𝐞𝐧𝐭𝐬 from  𝐣𝐮𝐬𝐭 ₹𝟏.𝟔𝟖 𝐂𝐫*

✅ 400-Acre Integrated Township
✅ 10,000+ Happy Families
✅ 50+ World-Class Amenities
✅ Vastu-Compliant Homes

📢 𝐄𝐎𝐈 𝐎𝐩𝐞𝐧 𝐍𝐨𝐰
𝐒𝐜𝐡𝐞𝐝𝐮𝐥𝐞 𝐲𝐨𝐮𝐫 𝐬𝐢𝐭𝐞 𝐯𝐢𝐬𝐢𝐭 𝐭𝐨𝐝𝐚𝐲 𝐚𝐧𝐝 𝐝𝐢𝐬𝐜𝐨𝐯𝐞𝐫 𝐝𝐮𝐩𝐥𝐞𝐱 𝐥𝐢𝐯𝐢𝐧𝐠 𝐚𝐭 𝐢𝐭𝐬 𝐟𝐢𝐧𝐞𝐬𝐭.",1809,Book now,fb.me,"FACEBOOK; INSTAGRAM",2026-06-04,2026-06-16,,Original: https://scontent.fjai6-1.fna.fbcdn.net/v/t39.35426-6/715730011_2333395040518846_3757748856826444961_n.jpg?_nc_cat=106&ccb=1-7&_nc_sid=c53f8f&_nc_ohc=brLjNJo9dWUQ7kNvwFoxaaJ&_nc_oc=AdrksuR4OiMgFxtCNeMrNxvJybNXhwitn1n1K85KOCmlucVlRE4B18yl2bKgyRfpjUFi9Gc8j32PRPhc-c74OOlK&_nc_zt=14&_nc_ht=scontent.fjai6-1.fna&_nc_gid=p7mackXQOl4s7fdaJYkAnw&_nc_ss=7b289&oh=00_Af8ZhF3OerYDFHhZyKwVznzd3smhEdB4PRzsU4A5G-Nc0A&oe=6A36D4BF | Resized: https://scontent.fjai6-1.fna.fbcdn.net/v/t39.35426-6/711631885_27253894397630784_3996907094868348306_n.jpg?stp=dst-jpg_s600x600_tt6&_nc_cat=103&ccb=1-7&_nc_sid=c53f8f&_nc_ohc=y12ZFjttCCcQ7kNvwFBBZB-&_nc_oc=AdqrLS75Cx4VnVs4oJ364EgvHig1F9Qde-sJ4B1aDgDld6Ps9UJc6_xjTN1ONkVNY5pICveNiMD2icVlfvJPhRHk&_nc_zt=14&_nc_ht=scontent.fjai6-1.fna&_nc_gid=p7mackXQOl4s7fdaJYkAnw&_nc_ss=7b289&oh=00_Af8OwYDLmkYCnkdQXRgmUH88XbBiiTBGTt6M0FnCNETVaQ&oe=6A36B37D,,,,,,
1727247354935245,https://www.facebook.com/61577743940818/,fb.me,https://www.facebook.com/61577743940818/,,,,,+91 81108 44455,,,,717270981463083,http://fb.me/,Doshi Housing - Risington ,https://www.facebook.com/ads/library/?id=1727247354935245,"✨ Own your dream home at Karapakkam, OMR! ✨

Discover 2 & 3 BHK premium apartments at Doshi Risington 2.0 – where comfort meets convenience.
🏢 Starting from just ₹1.01 Cr*
🌟 Spacious lifestyle, modern amenities & prime OMR location.
🏗️ RERA Approved | Trusted by 3,500+ families
🌳 12.4-acre integrated township | Clubhouse | Pool | Landscaped Gardens

📍 Karapakkam, OMR – close to IT hubs, schools & hospitals.

✅ Limited-time festive offers – book your home now!
📞 Call: 8110862626",369,Get offer,fb.me,"FACEBOOK; INSTAGRAM",2026-05-12,2026-06-15,,,"✨ Own your dream home at Karapakkam, OMR! ✨

Discover 2 & 3 BHK premium apartments at Doshi Risington 2.0 – where comfort meets convenience.
🏢 Starting from just ₹1.01 Cr*
🌟 Spacious lifestyle, modern amenities & prime OMR location.
🏗️ RERA Approved | Trusted by 3,500+ families
🌳 12.4-acre integrated township | Clubhouse | Pool | Landscaped Gardens

📍 Karapakkam, OMR – close to IT hubs, schools & hospitals.

✅ Limited-time festive offers – book your home now!
📞 Call: 8110862626 || ✨ Own your dream home at Karapakkam, OMR! ✨

Discover 2 & 3 BHK premium apartments at Doshi Risington 2.0 – where comfort meets convenience.
🏢 Starting from just ₹1.01 Cr*
🌟 Spacious lifestyle, modern amenities & prime OMR location.
🏗️ RERA Approved | Trusted by 3,500+ families
🌳 12.4-acre integrated township | Clubhouse | Pool | Landscaped Gardens

📍 Karapakkam, OMR – close to IT hubs, schools & hospitals.

✅ Limited-time festive offers – book your home now!
📞 Call: 8110862626",http://fb.me/ || http://fb.me/,,Get Offer || Get Offer,,HD: https://video.fjai6-1.fna.fbcdn.net/o1/v/t2/f2/m366/AQPdZBHpQc3xsu49Q_XiUz8EE_jROq7Gt9VFl36v-c1PWrOd_oGKBnW2Z8ZhrjNmoKXThMvopadelRccsy_mL58jk8z1ZbhRgBeHCY7XUDSw5Q.mp4?_nc_cat=110&_nc_oc=AdoXw45nWy5oC-uM2bZXsmSb3yOQsl_RpCwouuVQIlwPQ7GhpwbN34wy_BZcMdvMJAWb2aYU8zAlJ48gWnsUGX2O&_nc_sid=b66105&_nc_ht=video.fjai6-1.fna.fbcdn.net&_nc_ohc=yhw8XwKj_h4Q7kNvwG9kw2e&efg=eyJ2ZW5jb2RlX3RhZyI6Inhwdl9wcm9ncmVzc2l2ZS5WSV9VU0VDQVNFX1BST0RVQ1RfVFlQRS4uQzMuNzIwLmRhc2hfaDI2NC1iYXNpYy1nZW4yXzcyMHAiLCJ4cHZfYXNzZXRfaWQiOjk0MTU5NTk0MTk1MDc3OSwiYXNzZXRfYWdlX2RheXMiOjUyLCJ2aV91c2VjYXNlX2lkIjoxMDc5OSwiZHVyYXRpb25fcyI6NjUsInVybGdlbl9zb3VyY2UiOiJ3d3cifQ%3D%3D&ccb=17-1&vs=c6cb9dc1033b5b08&_nc_vs=HBksFQIYRWZiX2VwaGVtZXJhbC84MDQ3NTIyMTBGNDQzMTU2NjFGODExRjQwNTU3QUFBOF9tdF8xX3ZpZGVvX2Rhc2hpbml0Lm1wNBUAAsgBEgAVAhhAZmJfcGVybWFuZW50LzQ0NEJEMUY4M0VDMkNDREExREU1MDk1NjE1NzI1QUEzX2F1ZGlvX2Rhc2hpbml0Lm1wNBUCAsgBEgAoABgAGwKIB3VzZV9vaWwBMRJwcm9ncmVzc2l2ZV9yZWNpcGUBMRUAACb21KK6jJisAxUCKAJDMywXQFBAAAAAAAAYGWRhc2hfaDI2NC1iYXNpYy1nZW4yXzcyMHARAHUAZd6oAQA&_nc_gid=p7mackXQOl4s7fdaJYkAnw&_nc_ss=7b289&_nc_zt=28&oh=00_Af9kY3OhiqFVy37iplJ2EmfZoJlx-DtSR2ANUhOK3UhzEg&oe=6A36B926 | SD: https://video.fjai6-1.fna.fbcdn.net/o1/v/t2/f2/m412/AQPt9RyDChzmxL8IUF9611jGvavQOCKy1_xmyTw8nDhPHcPbvFsE7OhDouQXxte0udqpG0QM6GatXswyVnB2WSxjyu72AODW_QNGQBkzog.mp4?_nc_cat=109&_nc_oc=AdoZntqy6oZkGw-s7GHjRK_V81RXf9pXLChcc0p2UXsHbi7po54R2KvMd5h3bWKKI7uIkMUNDQS-9TZmdm9IDEp6&_nc_sid=ef5aa3&_nc_ht=video.fjai6-1.fna.fbcdn.net&_nc_ohc=r6YZIoRcfNAQ7kNvwGaZHnn&efg=eyJ2ZW5jb2RlX3RhZyI6Inhwdl9wcm9ncmVzc2l2ZS5WSV9VU0VDQVNFX1BST0RVQ1RfVFlQRS4uQzMuMzYwLnN2ZV9zZCIsInhwdl9hc3NldF9pZCI6OTQxNTk1OTQxOTUwNzc5LCJhc3NldF9hZ2VfZGF5cyI6NTIsInZpX3VzZWNhc2VfaWQiOjEwNzk5LCJkdXJhdGlvbl9zIjo2NSwidXJsZ2VuX3NvdXJjZSI6Ind3dyJ9&ccb=17-1&_nc_gid=p7mackXQOl4s7fdaJYkAnw&_nc_ss=7b289&_nc_zt=28&oh=00_Af9A6cePhvrKwYhwotAbJv5q04dWDf4fnRyL7s2ML4u92w&oe=6A36DCB9 | Preview: https://scontent.fjai6-1.fna.fbcdn.net/v/t39.35426-6/679585974_803056702526844_3686859767748422933_n.jpg?_nc_cat=100&ccb=1-7&_nc_sid=c53f8f&_nc_ohc=Av6wjYLpKy0Q7kNvwGbbOnU&_nc_oc=AdrDxhQd-Ia39p2UBLP9wZq6tOxUg5jQ9hUd7IzKQJgzHdOVV7FbWnKU2scj_jAqdyiANIHtLHQyhlWNdDR-eCkM&_nc_zt=14&_nc_ht=scontent.fjai6-1.fna&_nc_gid=p7mackXQOl4s7fdaJYkAnw&_nc_ss=7b289&oh=00_Af9AP9HQauxjfzp_IloXevDnzcNzyKEn8EsirzNlC8Cd9Q&oe=6A36BA5E || HD: https://video.fjai6-1.fna.fbcdn.net/o1/v/t2/f2/m366/AQPOkW-AY6sQsKaGJiQdRYQBipmSr1jGmCjf1aHEzs-Q7nVnirHOBi-lyn1SStCgJfn76eO82mlKhLEa6caLkWVegnsh_4QZXgX5Ubh0TXfHAQ.mp4?_nc_cat=102&_nc_oc=AdouiVY6V2env_2e7cHTDMWyBfZBkqGoIUYAoBmlC6CLUc91pxGv6Hi2QTWbu4OQ5RMnnENVFbTt4eB4FSAkOMmJ&_nc_sid=b66105&_nc_ht=video.fjai6-1.fna.fbcdn.net&_nc_ohc=EGJ0Q6TiECAQ7kNvwEjLKGJ&efg=eyJ2ZW5jb2RlX3RhZyI6Inhwdl9wcm9ncmVzc2l2ZS5WSV9VU0VDQVNFX1BST0RVQ1RfVFlQRS4uQzMuNzIwLmRhc2hfaDI2NC1iYXNpYy1nZW4yXzcyMHAiLCJ4cHZfYXNzZXRfaWQiOjkyMzk0MTU5Mzc5MjY3MiwiYXNzZXRfYWdlX2RheXMiOjUyLCJ2aV91c2VjYXNlX2lkIjoxMDc5OSwiZHVyYXRpb25fcyI6NjUsInVybGdlbl9zb3VyY2UiOiJ3d3cifQ%3D%3D&ccb=17-1&vs=766c7cee4c812ba4&_nc_vs=HBksFQIYRWZiX2VwaGVtZXJhbC82MjQzNTk3RUY5NTlDNzQ1RTRGREVBMzBBRTIwRjg4MV9tdF8xX3ZpZGVvX2Rhc2hpbml0Lm1wNBUAAsgBEgAVAhhAZmJfcGVybWFuZW50L0E4NEYyQzI4NDMyMzA4NEI3NjE0MkY3ODAxN0RERUFFX2F1ZGlvX2Rhc2hpbml0Lm1wNBUCAsgBEgAoABgAGwKIB3VzZV9vaWwBMRJwcm9ncmVzc2l2ZV9yZWNpcGUBMRUAACbAgu6nvZSkAxUCKAJDMywXQFBAAAAAAAAYGWRhc2hfaDI2NC1iYXNpYy1nZW4yXzcyMHARAHUAZd6oAQA&_nc_gid=p7mackXQOl4s7fdaJYkAnw&_nc_ss=7b289&_nc_zt=28&oh=00_Af_o8qmzL7lZFdPcWl9-KNF7NCMuIpOjchTMOubiGQGkOg&oe=6A36B196 | SD: https://video.fjai6-1.fna.fbcdn.net/o1/v/t2/f2/m412/AQNRDuAgcstpvB39sWBP25OwzfZP0qq5kMvVF6R5cb73RCcPw_lAf-fiEz0QS6xaQFOgTxGMHC0Wtcx0F-UoGxm9Xl0EmZk3VSGUu5Gspg.mp4?_nc_cat=102&_nc_oc=AdqmROzHnbPFenmyYDpehBG5omfr9N0WXgDAfalJbWSz50tyciWUa-OTmW3qELZCkPICgqFBIdRw_PSTSa8DrFV8&_nc_sid=ef5aa3&_nc_ht=video.fjai6-1.fna.fbcdn.net&_nc_ohc=y8k8HCWUfNcQ7kNvwGWgbkK&efg=eyJ2ZW5jb2RlX3RhZyI6Inhwdl9wcm9ncmVzc2l2ZS5WSV9VU0VDQVNFX1BST0RVQ1RfVFlQRS4uQzMuMzYwLnN2ZV9zZCIsInhwdl9hc3NldF9pZCI6OTIzOTQxNTkzNzkyNjcyLCJhc3NldF9hZ2VfZGF5cyI6NTIsInZpX3VzZWNhc2VfaWQiOjEwNzk5LCJkdXJhdGlvbl9zIjo2NSwidXJsZ2VuX3NvdXJjZSI6Ind3dyJ9&ccb=17-1&_nc_gid=p7mackXQOl4s7fdaJYkAnw&_nc_ss=7b289&_nc_zt=28&oh=00_Af-EJ0RkmltVuhz_aK5E7obaGHHcIi54ffQUfZh_CEDwEw&oe=6A36BB9C | Preview: https://scontent.fjai6-1.fna.fbcdn.net/v/t39.35426-6/680374628_940527778699776_5879827791335629939_n.jpg?_nc_cat=105&ccb=1-7&_nc_sid=c53f8f&_nc_ohc=yT0gGkTn1j8Q7kNvwEYyv7L&_nc_oc=Adr6_jgHVcUd-RRlbRdTKjm-b2nUedAmUIIwZGjZk6AuapBMOtQH2BYRljkr6dT1Fi81ZzC_C-T6cvlEBC-ETxK5&_nc_zt=14&_nc_ht=scontent.fjai6-1.fna&_nc_gid=p7mackXQOl4s7fdaJYkAnw&_nc_ss=7b289&oh=00_Af9e3QndAb1-d6lJMO6duLAt2tnHq1UBAbuPeIukhHkIRA&oe=6A36BC8F
1317783749739993,https://www.facebook.com/SaludadOfficial/,phinmaproperties.com,https://www.facebook.com/SaludadOfficial/,,,,info@saludad.com,"+639175356801, +63285337777, 85337777, 0285337777, +63 917 535 6802",,,,364854750045530,https://phinmaproperties.com/saludad-township/,Saludad,https://www.facebook.com/ads/library/?id=1317783749739993,"Hello, prime location. Hello, your brand’s next home.

Saludad's commercial lots are open for businesses ready to grow alongside the city’s most credible township address—where TRYP by Wyndham, Southwestern University, and a growing residential community are already building the ecosystem around you.

Designed for Bacolod's next wave of growth, Saludad offers flexible commercial lots for various business needs in the city's most connected emerging address.

Step into Saludad. Schedule your site visit today.
📞 0917-535-6802
📍 Silay Airport Access Road, Brgy. Bata, Bacolod City
🌐 https://phinmaproperties.com/saludad-township/",13727,Learn more,phinmaproperties.com,"FACEBOOK; INSTAGRAM; AUDIENCE_NETWORK; THREADS",2026-06-02,2026-06-15,,,"Designed for Bacolod's next wave of growth, Saludad offers flexible commercial lots for various business needs in the city's most connected emerging address. || Designed for Bacolod's next wave of growth, Saludad offers flexible commercial lots for various business needs in the city's most connected emerging address. || Designed for Bacolod's next wave of growth, Saludad offers flexible commercial lots for various business needs in the city's most connected emerging address. || Designed for Bacolod's next wave of growth, Saludad offers flexible commercial lots for various business needs in the city's most connected emerging address. || Designed for Bacolod's next wave of growth, Saludad offers flexible commercial lots for various business needs in the city's most connected emerging address.",https://phinmaproperties.com/saludad-township/ || https://phinmaproperties.com/saludad-township/ || https://phinmaproperties.com/saludad-township/ || https://phinmaproperties.com/saludad-township/ || https://phinmaproperties.com/saludad-township/,phinmaproperties.com || phinmaproperties.com || phinmaproperties.com || phinmaproperties.com || phinmaproperties.com,Learn More || Learn More || Learn More || Learn More || Learn More,Original: https://scontent.fjai6-1.fna.fbcdn.net/v/t39.35426-6/711643331_1679807183167009_4760173284422153973_n.jpg?_nc_cat=105&ccb=1-7&_nc_sid=c53f8f&_nc_ohc=G4Kk2N50iakQ7kNvwGNays3&_nc_oc=AdqVYBcARQcII4d6FM9K2LQ0ZIhG9WMYFHXL6GZAil2g8_yv6iL5dGKNkV6b48Obd1189wJskY48Bb0Okv1gbdLU&_nc_zt=14&_nc_ht=scontent.fjai6-1.fna&_nc_gid=p7mackXQOl4s7fdaJYkAnw&_nc_ss=7b289&oh=00_Af-24VbajbQQbMqUfgkSJ66mcPBXI4PjnpZWgoWSNEI-GA&oe=6A36E1BA | Resized: https://scontent.fjai6-1.fna.fbcdn.net/v/t39.35426-6/711709014_963994643285288_5916100922051590569_n.jpg?stp=dst-jpg_s600x600_tt6&_nc_cat=101&ccb=1-7&_nc_sid=c53f8f&_nc_ohc=c1Z2ziJ6QqcQ7kNvwFUJAth&_nc_oc=AdoUrARMiULeyLiZgcQ1-N3ib16NODekqGeO69KbS2XQJFAaT3u9KJatUThfASk4fYCCJqqOHlG7PvSdSJL9062R&_nc_zt=14&_nc_ht=scontent.fjai6-1.fna&_nc_gid=p7mackXQOl4s7fdaJYkAnw&_nc_ss=7b289&oh=00_Af8LrQdIPi7Ow6vV5YoDhpUYJeqZKKmpw52kMcxPY3-kwQ&oe=6A36C010 || Original: https://scontent.fjai6-1.fna.fbcdn.net/v/t39.35426-6/711602043_2649262968824181_7861676267668473676_n.jpg?_nc_cat=100&ccb=1-7&_nc_sid=c53f8f&_nc_ohc=RDXmEdQ4YH4Q7kNvwGSxfMj&_nc_oc=AdrG6CIfEZfe4aDilZb1_eeCv-JBtAvzrUzgAuyuTTblXHVNCXd0afEEMrWS3tP2vXPbjpNXMzLbkFlJRNjTkNcX&_nc_zt=14&_nc_ht=scontent.fjai6-1.fna&_nc_gid=p7mackXQOl4s7fdaJYkAnw&_nc_ss=7b289&oh=00_Af8QkwjjFK9-8DKqdpxUXWiYCUc2PEWy6bfWb_6--fVbOQ&oe=6A36D56F | Resized: https://scontent.fjai6-1.fna.fbcdn.net/v/t39.35426-6/711618827_967288492603265_1360978976923022737_n.jpg?stp=dst-jpg_s600x600_tt6&_nc_cat=103&ccb=1-7&_nc_sid=c53f8f&_nc_ohc=3wEDvO2rYUkQ7kNvwGoy3UD&_nc_oc=AdpKk7kzH3aXyvEixHItOyFSikfUDViju44l22y7Y5KqMz4v6Q70Uss9_W7TIlbsAttnq0_PBLaKhjWlnHa2Pw3Y&_nc_zt=14&_nc_ht=scontent.fjai6-1.fna&_nc_gid=p7mackXQOl4s7fdaJYkAnw&_nc_ss=7b289&oh=00_Af-WdFgc0PzxXhw2kfPTnfpTo2kl7qnPfyq8wmhuPlcFXA&oe=6A36E5E2 || Original: https://scontent.fjai6-1.fna.fbcdn.net/v/t39.35426-6/711720899_1007021212289170_1053180883122011683_n.jpg?_nc_cat=105&ccb=1-7&_nc_sid=c53f8f&_nc_ohc=HYI_FT7W0K8Q7kNvwEnrQRk&_nc_oc=AdpmkEP82Lz4Me7ZYoNVP5HJ5CZWGd8dYle_1Cu0InfmdN-JddMHQH3u08GLCyPnN7j0ZvH0UyMq4Nv8EFrxiAWe&_nc_zt=14&_nc_ht=scontent.fjai6-1.fna&_nc_gid=p7mackXQOl4s7fdaJYkAnw&_nc_ss=7b289&oh=00_Af_D7pOTXuB_yi_lfiYzJRB_eNJ2AyFPnq0Vn8nT5Wxp6A&oe=6A36B92D | Resized: https://scontent.fjai6-1.fna.fbcdn.net/v/t39.35426-6/714631224_2745735679129204_7751002793140280383_n.jpg?stp=dst-jpg_s600x600_tt6&_nc_cat=105&ccb=1-7&_nc_sid=c53f8f&_nc_ohc=e-NQWTawSNsQ7kNvwH5mLpX&_nc_oc=Adpo-GJXA2n4xm2YYLbfSALKBngeyY6ClwjPsnLgkkEGPqRP_B-m5YKfJfaqiUbrMEgnrgTbY7T4oMwG43ebDqnD&_nc_zt=14&_nc_ht=scontent.fjai6-1.fna&_nc_gid=p7mackXQOl4s7fdaJYkAnw&_nc_ss=7b289&oh=00_Af-PZJCTXkux2FotQn4o5C9plzR6BIWsfKiBzanumYA7FA&oe=6A36BDC0 || Original: https://scontent.fjai6-1.fna.fbcdn.net/v/t39.35426-6/710687655_1332066522206486_8113407966850434992_n.jpg?_nc_cat=109&ccb=1-7&_nc_sid=c53f8f&_nc_ohc=6-yqJxsIuFEQ7kNvwHu9zsO&_nc_oc=AdoPL6zv7oTTjXv6psHux8LsHewaiA7WFfSvUeciMY_d_JFYD6-73pBb5JdhkDaKMnnubwB-b9_qGU7P46JbIOOX&_nc_zt=14&_nc_ht=scontent.fjai6-1.fna&_nc_gid=p7mackXQOl4s7fdaJYkAnw&_nc_ss=7b289&oh=00_Af80rEj31wLvEb8V6G91tXEtzONj3s90qHJl9yXzzUdlIQ&oe=6A36CBAE | Resized: https://scontent.fjai6-1.fna.fbcdn.net/v/t39.35426-6/711680066_1716652742751985_6366156553495832785_n.jpg?stp=dst-jpg_s600x600_tt6&_nc_cat=105&ccb=1-7&_nc_sid=c53f8f&_nc_ohc=bDPoBMwbetoQ7kNvwF2dTeh&_nc_oc=Adq5Hign8KSqZ4WZQsZapOoZ38DxaB7JT4-GrjZP5Zc4e1J94HgTTzY40dPPuaJyVf8Z3d38i1V2tdAYqPUu5cwG&_nc_zt=14&_nc_ht=scontent.fjai6-1.fna&_nc_gid=p7mackXQOl4s7fdaJYkAnw&_nc_ss=7b289&oh=00_Af91DpbD4naTK9wKCfytQZIAQLZ71PI11mH9InoRNRdFdw&oe=6A36B224 || Original: https://scontent.fjai6-1.fna.fbcdn.net/v/t39.35426-6/711720890_1257444246253577_1241835803734643966_n.jpg?_nc_cat=100&ccb=1-7&_nc_sid=c53f8f&_nc_ohc=2oSQyvHcQK0Q7kNvwHa0zr-&_nc_oc=AdqU4iCDtFZZ0TXM3NdX51GvVULM_LsJAchr4orkLus1J_ZN5t75J5NAr2Iyx4l6qkIJ1AojL2kMVK6z9OvC_OP4&_nc_zt=14&_nc_ht=scontent.fjai6-1.fna&_nc_gid=p7mackXQOl4s7fdaJYkAnw&_nc_ss=7b289&oh=00_Af_n5zvc4rJ2YiTbtGwjrHoHcS_6W9I21V2NyoWcY7nqCA&oe=6A36C75A | Resized: https://scontent.fjai6-1.fna.fbcdn.net/v/t39.35426-6/711709672_986420357608745_5936006408191916297_n.jpg?stp=dst-jpg_s600x600_tt6&_nc_cat=104&ccb=1-7&_nc_sid=c53f8f&_nc_ohc=NtuwO4qcW_MQ7kNvwERH7Ee&_nc_oc=AdrzMjlbuJezOJCC80FSi6V28uQ0sposHmhQxnvN6fMvLTNL57rZ55XJIQ4tG-wPeYz0wkWlVwJctxQsbM5627_e&_nc_zt=14&_nc_ht=scontent.fjai6-1.fna&_nc_gid=p7mackXQOl4s7fdaJYkAnw&_nc_ss=7b289&oh=00_Af_PV9px-5YaWbNWWWxIBPhTLLYwZU1czpAjdD4K99RFeg&oe=6A36B2C2,
960179986918321,https://www.facebook.com/arvindinfrastructure/,fb.me,https://www.facebook.com/arvindinfrastructure/,,,,,,,,,925570300845452,http://fb.me/,Arvind SmartSpaces,https://www.facebook.com/ads/library/?id=960179986918321,"Premium Plots starting 45L+ at Arvind Aqua City in Kalyangadh.

✅ Premium 400 Sq. yd Plots. Pre-Booking Window now open.
✅ 500+ acre mega township with a breathtaking 30 Acre Central Lake
✅ 18-hole golf course & resort-style island living experience
✅ Grand clubhouse on a private island with world-class amenities
✅ Wellness-focused living with meditation zones & green landscapes

📍 Kalyangadh, Ahmedabad",31619,Learn more,fb.me,"FACEBOOK; INSTAGRAM",2026-05-21,2026-06-15,,,"Premium Plots starting 45L+ at Arvind Aqua City in Kalyangadh.

✅ Premium 400 Sq. yd Plots. Pre-Booking Window now open.
✅ 500+ acre mega township with a breathtaking 30 Acre Central Lake
✅ 18-hole golf course & resort-style island living experience
✅ Grand clubhouse on a private island with world-class amenities
✅ Wellness-focused living with meditation zones & green landscapes

📍 Kalyangadh, Ahmedabad || Premium Plots starting 45L+ at Arvind Aqua City in Kalyangadh.

✅ Premium 400 Sq. yd Plots. Pre-Booking Window now open.
✅ 500+ acre mega township with a breathtaking 30 Acre Central Lake
✅ 18-hole golf course & resort-style island living experience
✅ Grand clubhouse on a private island with world-class amenities
✅ Wellness-focused living with meditation zones & green landscapes

📍 Kalyangadh, Ahmedabad",http://fb.me/ || http://fb.me/,,Learn More || Learn More,Original: https://scontent.fjai6-1.fna.fbcdn.net/v/t39.35426-6/704801770_2737485283294564_577017278569327190_n.jpg?_nc_cat=104&ccb=1-7&_nc_sid=c53f8f&_nc_ohc=NcPAdEWEtCwQ7kNvwGAAetx&_nc_oc=Adrqz9U8eirAammX190zbKOHYMd0hRXAOjKl8jmuvbwhObseCBToMeodumK_Vp14Hoq_dFQCI2NcBvLKWRiJxqX5&_nc_zt=14&_nc_ht=scontent.fjai6-1.fna&_nc_gid=p7mackXQOl4s7fdaJYkAnw&_nc_ss=7b289&oh=00_Af80EnR1UQOz0onstbQwIrR6m-OCPmxdqRyLEbVtWTEuxg&oe=6A36AF06 | Resized: https://scontent.fjai6-1.fna.fbcdn.net/v/t39.35426-6/703565165_1609979076777567_4949827247145752143_n.jpg?stp=dst-jpg_s600x600_tt6&_nc_cat=104&ccb=1-7&_nc_sid=c53f8f&_nc_ohc=2VuJ2XdCIZcQ7kNvwHydAAM&_nc_oc=AdoGwkDdwCjZViiozcf8eHD-vH1FfGhkxVmYDj7ZAOIFTLGkdZ2-YSgiezrkXfqWcUM3qIWPJjcgHiBajXM68C9o&_nc_zt=14&_nc_ht=scontent.fjai6-1.fna&_nc_gid=p7mackXQOl4s7fdaJYkAnw&_nc_ss=7b289&oh=00_Af-FoZojMH9pL6tGhDv9j71gg7WcCehQd_sKAECIfqO1oA&oe=6A36BEDF || Original: https://scontent.fjai6-1.fna.fbcdn.net/v/t39.35426-6/702764619_27304336109159280_7544321781428892174_n.jpg?_nc_cat=103&ccb=1-7&_nc_sid=c53f8f&_nc_ohc=o8ACnVim30EQ7kNvwGbww7Z&_nc_oc=Adozkbcixho1lBTYjy2Ny__a537G76VHw_iODJg9M5tn_VUsXz5AuCwdy9-87_aHHohppEuQ6sDXz5eqfIvILYuP&_nc_zt=14&_nc_ht=scontent.fjai6-1.fna&_nc_gid=p7mackXQOl4s7fdaJYkAnw&_nc_ss=7b289&oh=00_Af8JiQeJOZXPjP2fMKqVIanzsiiDfSZGR9fyAtyuf7XqQw&oe=6A36BEA9 | Resized: https://scontent.fjai6-1.fna.fbcdn.net/v/t39.35426-6/702813076_1281202294210320_3336455819523791028_n.jpg?stp=dst-jpg_s600x600_tt6&_nc_cat=101&ccb=1-7&_nc_sid=c53f8f&_nc_ohc=h1y5fS1x0doQ7kNvwF4Az5-&_nc_oc=Adoczl-W713oZ7DX0sZorhLI3ccpkGTWxYhfI5KUpjxkBb0IO-25SmXnToxrqLu9JRCZla80qOhRD-NCgPctbMbw&_nc_zt=14&_nc_ht=scontent.fjai6-1.fna&_nc_gid=p7mackXQOl4s7fdaJYkAnw&_nc_ss=7b289&oh=00_Af8qJLoSqsNaHgP1r8V6WwLr5m22LqIQUiFofhG-f4X6eg&oe=6A36E097,
1557674542539446,https://www.facebook.com/therightlifeofficial/,fb.me,https://www.facebook.com/therightlifeofficial/,,,,enquiry@therightlife.in,+91 76765 55000,,,,123158527554647,http://fb.me/,The Right Life,https://www.facebook.com/ads/library/?id=1557674542539446,"Step into a life where nature comes first at The Forest Province, The Right Life.

Own a premium 3, 3.5 & 4 BHK residence starting from ₹1.9 Cr* within a 100+ acre integrated township on Whitefield–Sarjapur Road.

➤ Forest-themed enclave with a 1+ acre Miyawaki Forest
➤ 1,000+ trees & plants within the community
➤ 1+ acre Miyawaki Forest at the heart of the community
➤ Expansive green views, natural light & ventilation
➤ 84% open spaces within the township
➤ 25+ lifestyle amenities & a 1 Lakh Sq. Ft. Grand Clubhouse
➤ Just 20 minutes from Whitefield, Sarjapur Road & Electronic City

Book Now & Start Paying from 2027.",52261,Learn more,fb.me,INSTAGRAM,2026-06-04,2026-06-14,,,"Step into a life where nature comes first at The Forest Province, The Right Life.

Own a premium 3, 3.5 & 4 BHK residence starting from ₹1.9 Cr* within a 100+ acre integrated township on Whitefield–Sarjapur Road.

➤ Forest-themed enclave with a 1+ acre Miyawaki Forest
➤ 1,000+ trees & plants within the community
➤ 1+ acre Miyawaki Forest at the heart of the community
➤ Expansive green views, natural light & ventilation
➤ 84% open spaces within the township
➤ 25+ lifestyle amenities & a 1 Lakh Sq. Ft. Grand Clubhouse
➤ Just 20 minutes from Whitefield, Sarjapur Road & Electronic City

Book Now & Start Paying from 2027. || Step into a life where nature comes first at The Forest Province, The Right Life.

Own a premium 3, 3.5 & 4 BHK residence starting from ₹1.9 Cr* within a 100+ acre integrated township on Whitefield–Sarjapur Road.

➤ Forest-themed enclave with a 1+ acre Miyawaki Forest
➤ 1,000+ trees & plants within the community
➤ 1+ acre Miyawaki Forest at the heart of the community
➤ Expansive green views, natural light & ventilation
➤ 84% open spaces within the township
➤ 25+ lifestyle amenities & a 1 Lakh Sq. Ft. Grand Clubhouse
➤ Just 20 minutes from Whitefield, Sarjapur Road & Electronic City

Book Now & Start Paying from 2027.",http://fb.me/ || http://fb.me/,,Learn More || Learn More,Original: https://scontent.fjai6-1.fna.fbcdn.net/v/t39.35426-6/714766168_1510534177474255_3826798324554203965_n.jpg?_nc_cat=106&ccb=1-7&_nc_sid=c53f8f&_nc_ohc=GCRaNDrhHDMQ7kNvwFkQcQ7&_nc_oc=Ado3W1JUjEvciipeqTJi-t59ceqt5bRTP8qfCyTU8kR97oGl3g9WyE_rMns58C5SZERchN9BKU2l0i8Efcb6NEr6&_nc_zt=14&_nc_ht=scontent.fjai6-1.fna&_nc_gid=p7mackXQOl4s7fdaJYkAnw&_nc_ss=7b289&oh=00_Af82B9liPwvpSL4f-y_kYcBXyxH6joy2ovpf1mcSbVr5KQ&oe=6A36C5B4 | Resized: https://scontent.fjai6-1.fna.fbcdn.net/v/t39.35426-6/714571796_1531263225373312_428282999485244115_n.jpg?stp=dst-jpg_s600x600_tt6&_nc_cat=110&ccb=1-7&_nc_sid=c53f8f&_nc_ohc=5N78lLLYQcQQ7kNvwEee6Mj&_nc_oc=AdqW1c4ayeSCQXEAYYFRY0h6Nq66z4uiwXjTlqrYTbbEaNIR9u_VlHWxWvWqt83egXgggies5mjjlvwqA5hm4O5U&_nc_zt=14&_nc_ht=scontent.fjai6-1.fna&_nc_gid=p7mackXQOl4s7fdaJYkAnw&_nc_ss=7b289&oh=00_Af-NZmnXQtDSMca4df3s4SszAi23e6zzV44sV39j0kR1eA&oe=6A36CFB8 || Original: https://scontent.fjai6-1.fna.fbcdn.net/v/t39.35426-6/714809332_1001294722300839_5658823213427517070_n.jpg?_nc_cat=105&ccb=1-7&_nc_sid=c53f8f&_nc_ohc=qym9o6MKMt4Q7kNvwFDvqmu&_nc_oc=Adr9kwLzkqPdJatRdkibOzTdMOXXfBXsVbNiXT-2yyaoWQ_HwtNfZscX35IcDuhZ3XKfufR_hDVvjDWxmWIPDzTa&_nc_zt=14&_nc_ht=scontent.fjai6-1.fna&_nc_gid=p7mackXQOl4s7fdaJYkAnw&_nc_ss=7b289&oh=00_Af9Sy0H4mQoUEYEsvWtWS1rHT4forI8FjTJDViO0qOEtXQ&oe=6A36D151 | Resized: https://scontent.fjai6-1.fna.fbcdn.net/v/t39.35426-6/714882066_1521412832767815_3150423841530500582_n.jpg?stp=dst-jpg_s600x600_tt6&_nc_cat=110&ccb=1-7&_nc_sid=c53f8f&_nc_ohc=UnsR_TfMjw4Q7kNvwH-l0Rg&_nc_oc=AdqARfdRCwCtW2Zq7_s5ayxb620RVBIhJnbSLuJV0GEcKTMP-78zliwdmM-DddGSy3jD9Uwctnh0GV5Tc5JAoqyw&_nc_zt=14&_nc_ht=scontent.fjai6-1.fna&_nc_gid=p7mackXQOl4s7fdaJYkAnw&_nc_ss=7b289&oh=00_Af9i_4k_nALGp55wO45qwKwiTUgYQPXH0YAcbi9aAneKYg&oe=6A36D153,
1673041597371179,https://www.facebook.com/plotsatchennai/,,https://www.facebook.com/plotsatchennai/,,,,udhayarega@gmail.com,,,,,101385489178634,,Prime Properties,https://www.facebook.com/ads/library/?id=1673041597371179,"TOWNSHIP PLOTS in SALEM's 1st and Only Integrated Township[3 MIN From OMALUR JUNCTION] . For more details call- 97870 34567

* One and Only Truly Integrated township in Salem for first time with Residential, Commercials, Plots, Villas and Mall etc inside one compound.
* Fully Pre-Engineered Plots.
* 80% Bank Loans approved by all major banks.
* Don't miss to invest in Salem's most finest community.

For details- Call- 97870 34567",313,Apply now,,"FACEBOOK; INSTAGRAM",2026-05-12,2026-06-15,,Original: https://scontent.fjai6-1.fna.fbcdn.net/v/t39.35426-6/696845255_2077795579501985_5424206382960194001_n.jpg?_nc_cat=105&ccb=1-7&_nc_sid=c53f8f&_nc_ohc=C_wIXPjdiesQ7kNvwFcMaIj&_nc_oc=Ado2LGDlNVWH5EC0y1u0615zn86zLHjdARPORLkk1pzKzeSzObyoO00aWVrjiu7b7A33kIA2VDZBhXo-TbbkVp0D&_nc_zt=14&_nc_ht=scontent.fjai6-1.fna&_nc_gid=_n8Kg527joaJrMw6GWeG_Q&_nc_ss=7b289&oh=00_Af9njUQCAQR8YcfrMp6d8XyQv86I1hochGamSF1kPjtmKg&oe=6A36B81F | Resized: https://scontent.fjai6-1.fna.fbcdn.net/v/t39.35426-6/696765926_1501543384751834_5443254536619991826_n.jpg?stp=dst-jpg_s600x600_tt6&_nc_cat=100&ccb=1-7&_nc_sid=c53f8f&_nc_ohc=lYrsDcLMPPIQ7kNvwF-xaL2&_nc_oc=AdrwSEuE9nNsqBgMcaaloAXtaBulCJTHFVvlMoToBip8rSOjOXDa9686NaqmR3__ccJXqOOZDJhAl0YNhHc9aVvL&_nc_zt=14&_nc_ht=scontent.fjai6-1.fna&_nc_gid=_n8Kg527joaJrMw6GWeG_Q&_nc_ss=7b289&oh=00_Af98GW03XJg4g66ICFPkJfQU1BkvOpbBBfQf-nNz5q-jKg&oe=6A36BB1C,,,,,,
950661334372135,https://www.facebook.com/amanoraparktown/,fb.me,https://www.facebook.com/amanoraparktown/,,,,info@amanora.com,+91 97670 12345,,,,177703722242330,http://fb.me/,Amanora Park Town,https://www.facebook.com/ads/library/?id=950661334372135,"A Timeless Legacy Crafted for the Elite at Amanora Gateway Towers
Indulge in unparalleled luxury with homes starting at ₹2.26 Cr* in Hadapsar, Pune.

✅ A part of 400 Acres Township
✅ Exclusive 2.5-5 BHK Residences
✅ State-of-the-Art Smart Home Features
✅ Spacious Living with Stunning City Views

Book your dream home in Pune's most iconic address.",103921,Get quote,fb.me,"FACEBOOK; INSTAGRAM",2026-04-02,2026-06-15,,,"A Timeless Legacy Crafted for the Elite at Amanora Gateway Towers
Indulge in unparalleled luxury with homes starting at ₹2.26 Cr* in Hadapsar, Pune.

✅ A part of 400 Acres Township
✅ Exclusive 2.5-5 BHK Residences
✅ State-of-the-Art Smart Home Features
✅ Spacious Living with Stunning City Views

Book your dream home in Pune's most iconic address. || A Timeless Legacy Crafted for the Elite at Amanora Gateway Towers
Indulge in unparalleled luxury with homes starting at ₹2.26 Cr* in Hadapsar, Pune.

✅ A part of 400 Acres Township
✅ Exclusive 2.5-5 BHK Residences
✅ State-of-the-Art Smart Home Features
✅ Spacious Living with Stunning City Views

Book your dream home in Pune's most iconic address. || A Timeless Legacy Crafted for the Elite at Amanora Gateway Towers
Indulge in unparalleled luxury with homes starting at ₹2.26 Cr* in Hadapsar, Pune.

✅ A part of 400 Acres Township
✅ Exclusive 2.5-5 BHK Residences
✅ State-of-the-Art Smart Home Features
✅ Spacious Living with Stunning City Views

Book your dream home in Pune's most iconic address.",http://fb.me/ || http://fb.me/ || http://fb.me/,,Get Quote || Get Quote || Get Quote,Original: https://scontent.fjai6-1.fna.fbcdn.net/v/t39.35426-6/658924960_1537875504520859_5775719313575180151_n.jpg?_nc_cat=110&ccb=1-7&_nc_sid=c53f8f&_nc_ohc=1sR6ZzM5yxcQ7kNvwHpIZpg&_nc_oc=Adprv1OW431IjGIFuOmUrzRVJQPTI9-uFF4Ew5l374mu04NNjssqbLaccxxrtj5yJPB1W8mK9QgHY1PGUOZedYHT&_nc_zt=14&_nc_ht=scontent.fjai6-1.fna&_nc_gid=_n8Kg527joaJrMw6GWeG_Q&_nc_ss=7b289&oh=00_Af-tqSI1hCVDwQt59WEI8waQLcHyQB3-vU9vS7rzFRPbEw&oe=6A36D731 | Resized: https://scontent.fjai6-1.fna.fbcdn.net/v/t39.35426-6/661314680_4592430344321501_8472076091809604799_n.jpg?stp=dst-jpg_s600x600_tt6&_nc_cat=107&ccb=1-7&_nc_sid=c53f8f&_nc_ohc=AOxGPKFO54UQ7kNvwFs3KLA&_nc_oc=AdqqRATLASRMaDb_7KApHDhH0GX7AzdDeOutW4dr-sBFW7JxkUnwnx_LY2drMIMqHXWARJLeNfmQmYhi1a6EfTjK&_nc_zt=14&_nc_ht=scontent.fjai6-1.fna&_nc_gid=_n8Kg527joaJrMw6GWeG_Q&_nc_ss=7b289&oh=00_Af-ZP5xMMlVpTXZNelq2bTJlblrWMDH3eBzG3CoyXYRcaQ&oe=6A36D53C || Original: https://scontent.fjai6-1.fna.fbcdn.net/v/t39.35426-6/658728514_1242114388108441_5079290215298637392_n.jpg?_nc_cat=108&ccb=1-7&_nc_sid=c53f8f&_nc_ohc=pkpjjBqLX40Q7kNvwFaI-so&_nc_oc=Ado0gFxOxN99LZwnFk0H8lcdhfn1cH81HPR_bDCM8byXvns5slykMvT7KrFf-g2tMbIlwH4aRxqOevbgPQkiC4XV&_nc_zt=14&_nc_ht=scontent.fjai6-1.fna&_nc_gid=_n8Kg527joaJrMw6GWeG_Q&_nc_ss=7b289&oh=00_Af9DTfAQrzbZuEWZ5zezIcuG1aXViy4OATvq2bweqCAIgA&oe=6A36BD5F | Resized: https://scontent.fjai6-1.fna.fbcdn.net/v/t39.35426-6/658195174_1264273121861627_5284015533980828482_n.jpg?stp=dst-jpg_s600x600_tt6&_nc_cat=105&ccb=1-7&_nc_sid=c53f8f&_nc_ohc=HrwvqD3UUigQ7kNvwF3jN5U&_nc_oc=AdqXEi6G2TcGg4EmZe4PMI_BlhX507ji58Qs1uL1VcAsCVCrZQBpv-R4mJr0G-lyooeFRH5I7FCjYyz2aq00COuS&_nc_zt=14&_nc_ht=scontent.fjai6-1.fna&_nc_gid=_n8Kg527joaJrMw6GWeG_Q&_nc_ss=7b289&oh=00_Af9NbIIFPrIKK5hDWF7cuQUDYZOkbUbs8pHlstkfvbaUGg&oe=6A36CC1B || Original: https://scontent.fjai6-1.fna.fbcdn.net/v/t39.35426-6/657923630_806264439201870_9161096382188939485_n.jpg?_nc_cat=107&ccb=1-7&_nc_sid=c53f8f&_nc_ohc=4KuFt86MuH0Q7kNvwEuUZzY&_nc_oc=AdrCofdwFON4bzwBTwcsj-yUo8SY6eyUH457R1NBPs0qiI5xtKRlsBYqVriGUyhVaayP3ASBJB8A0u6V9MDRfcWD&_nc_zt=14&_nc_ht=scontent.fjai6-1.fna&_nc_gid=_n8Kg527joaJrMw6GWeG_Q&_nc_ss=7b289&oh=00_Af9XbwlfSR9pQvrXSSKqX0auKA1iPlww0at8Pvljxu__Wg&oe=6A36B940 | Resized: https://scontent.fjai6-1.fna.fbcdn.net/v/t39.35426-6/658931302_1309788801004375_8598594181663702390_n.jpg?stp=dst-jpg_s600x600_tt6&_nc_cat=102&ccb=1-7&_nc_sid=c53f8f&_nc_ohc=J9jg4LJ6cqoQ7kNvwFeAltx&_nc_oc=AdrQFpu_ibGcIoFpwJB6aBo4azz_JXxd9psx6dGgnDqOFyiW78mfzxoW8asK_wfagFFu5ese2pJ_OTzc_BwilAfG&_nc_zt=14&_nc_ht=scontent.fjai6-1.fna&_nc_gid=_n8Kg527joaJrMw6GWeG_Q&_nc_ss=7b289&oh=00_Af_5HmJheyJg6zasse9mt9ypXWUJuFlgD-7ACJOBP0IxWA&oe=6A36BD8B,
4413268058893486,https://www.facebook.com/61578077422971/,fb.me,https://www.facebook.com/61578077422971/,,,,wtchandan25@gmail.com,+91 96069 58003,,,,707969312397565,http://fb.me/,Projects Details,https://www.facebook.com/ads/library/?id=4413268058893486,"Own a premium 3 BHK from just ₹1Cr* in Bangalore’s fastest-growing corridor — Whitefield–Sarjapur–Varthur.
Close to Prestige City, Raintree Park & Lakeside Habitat, but priced almost 50% lower!

🟩 10+ Top Schools Nearby
🟩 70-Acre Integrated Township
🟩 5-Acre Sports City Inside

Smart buyers are rushing. Will you?
👉 Hit Enquiry & Get Full Details Now! 🏡✨",34,Get offer,fb.me,"FACEBOOK; INSTAGRAM; AUDIENCE_NETWORK",2026-03-28,2026-06-15,HD: https://video.fjai6-1.fna.fbcdn.net/o1/v/t2/f2/m366/AQNrR41pUEvJ0DEWcCT--KwdI-rv_b1Zho6MqLVSDcg5jux0rUCVgtqW16a5g9ZDt5aw0WiZy5UeI6o-v89Klbyc2J-ZUqwTiA-PpgEljKkD0w.mp4?_nc_cat=105&_nc_oc=AdoouC07300HCcwyqH3XICA3_NPhY3efhv6Mp-PBPgzt7MmaQeASCKTIZG2-bmYv6Hj5zSSYzqp-AMfm9Z3kKiNv&_nc_sid=b66105&_nc_ht=video.fjai6-1.fna.fbcdn.net&_nc_ohc=otRDuboryToQ7kNvwEqANwD&efg=eyJ2ZW5jb2RlX3RhZyI6Inhwdl9wcm9ncmVzc2l2ZS5WSV9VU0VDQVNFX1BST0RVQ1RfVFlQRS4uQzMuNzIwLmRhc2hfaDI2NC1iYXNpYy1nZW4yXzcyMHAiLCJ4cHZfYXNzZXRfaWQiOjE0MzM1NTM4ODUxMDYxMjAsImFzc2V0X2FnZV9kYXlzIjoxNTEsInZpX3VzZWNhc2VfaWQiOjEwNzk5LCJkdXJhdGlvbl9zIjozMiwidXJsZ2VuX3NvdXJjZSI6Ind3dyJ9&ccb=17-1&vs=296a28b35895f77e&_nc_vs=HBksFQIYRWZiX2VwaGVtZXJhbC8wNjRBMTk0QUJGNzVFRkEwREZFMjVCMkE0QzQ1NzlBQl9tdF8xX3ZpZGVvX2Rhc2hpbml0Lm1wNBUAAsgBEgAVAhhAZmJfcGVybWFuZW50LzI4NDQyMUM4QzMxQjIxQkJBMTY0MzUzM0UyQzU1Qjk1X2F1ZGlvX2Rhc2hpbml0Lm1wNBUCAsgBEgAoABgAGwKIB3VzZV9vaWwBMRJwcm9ncmVzc2l2ZV9yZWNpcGUBMRUAACaQv7Th6POLBRUCKAJDMywXQEAzMzMzMzMYGWRhc2hfaDI2NC1iYXNpYy1nZW4yXzcyMHARAHUAZd6oAQA&_nc_gid=_n8Kg527joaJrMw6GWeG_Q&_nc_ss=7b289&_nc_zt=28&oh=00_Af9AUNUXZcFZKwuyfiCUTwMDhHCPW9FEXWJy62-rmkqpTA&oe=6A36E09B | SD: https://video.fjai6-1.fna.fbcdn.net/o1/v/t2/f2/m412/AQObEwUcRfHY1PVe34UHTxF36csbulRxpFSCUsu4pNrKaauzdsbId6IcD2brnOfxMMkl0sqqaQ_ZzNekGz2fr3_MPIihdqHfq7K7oeZAqg.mp4?_nc_cat=110&_nc_oc=Adq4lBm9es_oQMAa1nFTYF2FAaxVHmCa7wm-DWCu8iEqymQuS7MvBh6iBzw7DiE-LthCXPw848KcJLsewO8-0-de&_nc_sid=ef5aa3&_nc_ht=video.fjai6-1.fna.fbcdn.net&_nc_ohc=kl7XgT1MNdUQ7kNvwHtHiAG&efg=eyJ2ZW5jb2RlX3RhZyI6Inhwdl9wcm9ncmVzc2l2ZS5WSV9VU0VDQVNFX1BST0RVQ1RfVFlQRS4uQzMuMzYwLnN2ZV9zZCIsInhwdl9hc3NldF9pZCI6MTQzMzU1Mzg4NTEwNjEyMCwiYXNzZXRfYWdlX2RheXMiOjE1MSwidmlfdXNlY2FzZV9pZCI6MTA3OTksImR1cmF0aW9uX3MiOjMyLCJ1cmxnZW5fc291cmNlIjoid3d3In0%3D&ccb=17-1&_nc_gid=_n8Kg527joaJrMw6GWeG_Q&_nc_ss=7b289&_nc_zt=28&oh=00_Af_t_A99rs8_IfKyAw2ae5KaUJ7_xE6ZsAeXUguogi_dEQ&oe=6A36CC3C | Preview: https://scontent.fjai6-1.fna.fbcdn.net/v/t39.35426-6/616166644_1387606972255660_9211666046848684404_n.jpg?_nc_cat=111&ccb=1-7&_nc_sid=c53f8f&_nc_ohc=kjiYBsRPj9cQ7kNvwENdXX6&_nc_oc=AdqxjBbm-Hl-Cj9-TNx0Rc5omu9G5FX7c0Wk4NpYm95jK4j5rspQtbeJY-mQDjdPGGlcBqCO3JRdzzS4osLw0OyV&_nc_zt=14&_nc_ht=scontent.fjai6-1.fna&_nc_gid=_n8Kg527joaJrMw6GWeG_Q&_nc_ss=7b289&oh=00_Af-yYvQQyAZIr8YNwH4opFHQo2NmwM_OQLEZg0HqdxK1mQ&oe=6A36D3C0,,,,,,,
1460238162101342,https://www.facebook.com/RaagaMayuriBuilders/,fb.me,https://www.facebook.com/RaagaMayuriBuilders/,,,,contact@raagamayuribuilders.com,+91 93465 88679,,,,1854281281566145,http://fb.me/,Raaga Mayuri Builders,https://www.facebook.com/ads/library/?id=1460238162101342,"Build your future in a township that’s designed for growth and greatness.

KJR City is a RERA & KUDA approved integrated township located along the Hyderabad–Bangalore Industrial Corridor, offering premium residential plots.

This highway-connected project features:
✅ 80 Ft. Grand Entrance Road
✅ 10,000 SFT Clubhouse (Planned)
✅ 18 Acres of Educational Institutions
✅ 2.17 Acre Park + 24/7 Power Supply
✅ Plots priced at just ₹6 Lakhs per Cent / ₹2,350 per Sq. Yd.

Own a highway-facing plot in a future-ready township – 60% already sold out!",9165,Get quote,fb.me,"FACEBOOK; INSTAGRAM",2026-01-28,2026-06-15,,,"Build your future in a township that’s designed for growth and greatness.

KJR City is a RERA & KUDA approved integrated township located along the Hyderabad–Bangalore Industrial Corridor, offering premium residential plots.

This highway-connected project features:
✅ 80 Ft. Grand Entrance Road
✅ 10,000 SFT Clubhouse (Planned)
✅ 18 Acres of Educational Institutions
✅ 2.17 Acre Park + 24/7 Power Supply
✅ Plots priced at just ₹6 Lakhs per Cent / ₹2,350 per Sq. Yd.

Own a highway-facing plot in a future-ready township – 60% already sold out! || Build your future in a township that’s designed for growth and greatness.

KJR City is a RERA & KUDA approved integrated township located along the Hyderabad–Bangalore Industrial Corridor, offering premium residential plots.

This highway-connected project features:
✅ 80 Ft. Grand Entrance Road
✅ 10,000 SFT Clubhouse (Planned)
✅ 18 Acres of Educational Institutions
✅ 2.17 Acre Park + 24/7 Power Supply
✅ Plots priced at just ₹6 Lakhs per Cent / ₹2,350 per Sq. Yd.

Own a highway-facing plot in a future-ready township – 60% already sold out! || Build your future in a township that’s designed for growth and greatness.

KJR City is a RERA & KUDA approved integrated township located along the Hyderabad–Bangalore Industrial Corridor, offering premium residential plots.

This highway-connected project features:
✅ 80 Ft. Grand Entrance Road
✅ 10,000 SFT Clubhouse (Planned)
✅ 18 Acres of Educational Institutions
✅ 2.17 Acre Park + 24/7 Power Supply
✅ Plots priced at just ₹6 Lakhs per Cent / ₹2,350 per Sq. Yd.

Own a highway-facing plot in a future-ready township – 60% already sold out!",http://fb.me/ || http://fb.me/ || http://fb.me/,,Get Quote || Get Quote || Get Quote,Original: https://scontent.fjai6-1.fna.fbcdn.net/v/t39.35426-6/612247054_863652913096161_4803423843560717444_n.jpg?_nc_cat=100&ccb=1-7&_nc_sid=c53f8f&_nc_ohc=JE3KJKv6ZIEQ7kNvwGbMM9-&_nc_oc=AdpP8EqMyf7HMgfrSwOJorWzjvRPtDcWuF5D8AVUlhT7nfwp74p0lnFXJnNsNbU0NHohZ8GOwrPloOf3FBuQ8DiY&_nc_zt=14&_nc_ht=scontent.fjai6-1.fna&_nc_gid=_n8Kg527joaJrMw6GWeG_Q&_nc_ss=7b289&oh=00_Af-d4r5-VyzSop3ux2Walr9Q_RzOFYHYPMLRK7SjWw6dKg&oe=6A36B2CF | Resized: https://scontent.fjai6-1.fna.fbcdn.net/v/t39.35426-6/613574630_1648230906340288_6150196214972433810_n.jpg?stp=dst-jpg_s600x600_tt6&_nc_cat=103&ccb=1-7&_nc_sid=c53f8f&_nc_ohc=3DPqKfu-ifoQ7kNvwHP0gBJ&_nc_oc=Adpyce6SAsNbFdV6P-ji2oF8w2NURmCozylTe6HS5nOEf7HosrV4yj_sDQ4B3S2N8PYy_x0OnR_4lL7GcRCeHPF2&_nc_zt=14&_nc_ht=scontent.fjai6-1.fna&_nc_gid=_n8Kg527joaJrMw6GWeG_Q&_nc_ss=7b289&oh=00_Af8kHeR6nRiVM6IYeboqqo11mA4HBzlsUf8XWZwaQ8iLnA&oe=6A36DDC5 || Original: https://scontent.fjai6-1.fna.fbcdn.net/v/t39.35426-6/611378566_1688787242097856_8504974917019379377_n.jpg?_nc_cat=106&ccb=1-7&_nc_sid=c53f8f&_nc_ohc=_E85BDULkeMQ7kNvwG175pt&_nc_oc=Adpr2zvYyCXXeWcSdXngCZQKFjEKcbSOhj8yPUmBDIm_98vzeeTc6dLMrKQlrL-Y5dJ0u6MX_Rfc_Hh7H2zZ3p2D&_nc_zt=14&_nc_ht=scontent.fjai6-1.fna&_nc_gid=_n8Kg527joaJrMw6GWeG_Q&_nc_ss=7b289&oh=00_Af8jqaWpu-qHwPjJbWqliMz0Pc6q49sDLfAJ33-peCzbKQ&oe=6A36CE64 | Resized: https://scontent.fjai6-1.fna.fbcdn.net/v/t39.35426-6/611596874_1213247956820938_2789012444471477889_n.jpg?stp=dst-jpg_s600x600_tt6&_nc_cat=110&ccb=1-7&_nc_sid=c53f8f&_nc_ohc=dPFToAK2VC8Q7kNvwFuM1xY&_nc_oc=AdrZYGQJBg8x7AqV5JuGreltnBNi0V6iuajYt75qJWJRU1o8wwOXKrq5Od5BYRZe552Xo76f3XTaOl2DfZ1h4vVo&_nc_zt=14&_nc_ht=scontent.fjai6-1.fna&_nc_gid=_n8Kg527joaJrMw6GWeG_Q&_nc_ss=7b289&oh=00_Af9BEtVGG7cGbCjKXKdwdypdBWUiqQnXimjaaOpW_6kYow&oe=6A36CF3C || Original: https://scontent.fjai6-1.fna.fbcdn.net/v/t39.35426-6/613419920_935109465531515_1631912924610398942_n.jpg?_nc_cat=108&ccb=1-7&_nc_sid=c53f8f&_nc_ohc=UygFRFZmqFUQ7kNvwGxzKV2&_nc_oc=Adqr_NThq8ESKIJ-vSAX2Yi05joK7vIRnb4g9mUwVAburuSl0BJxSVeemF-INzrLBlAdSKJLVLzUjX0fiUHEn8Fb&_nc_zt=14&_nc_ht=scontent.fjai6-1.fna&_nc_gid=_n8Kg527joaJrMw6GWeG_Q&_nc_ss=7b289&oh=00_Af-_9KxVOZR0InW9bsZr4W-q0YkfC1mbtKxHzY7rcG2VRQ&oe=6A36BA25 | Resized: https://scontent.fjai6-1.fna.fbcdn.net/v/t39.35426-6/611299634_1291561746357355_5448118183575394649_n.jpg?stp=dst-jpg_s600x600_tt6&_nc_cat=110&ccb=1-7&_nc_sid=c53f8f&_nc_ohc=58C3WhVxxPkQ7kNvwH_RZG1&_nc_oc=AdqvBHYDc6nZibXignZLY-rBCAd_UvrLFu53xRTo1TTBhY1iXaI2kgEicGHoqn07JLbs2mMNiFvr_SEpuw7dd9Zc&_nc_zt=14&_nc_ht=scontent.fjai6-1.fna&_nc_gid=_n8Kg527joaJrMw6GWeG_Q&_nc_ss=7b289&oh=00_Af__fDjvaMkBxzHJVeqQDrMEkqRFB7SjI4BexydG0nGIDg&oe=6A36DB6C,
993912233011233,https://www.facebook.com/villo67/,fb.me,https://www.facebook.com/villo67/,,,,info@villo67.com,+91 88825 67567,,,,107283344226465,http://fb.me/,Villo 67,https://www.facebook.com/ads/library/?id=993912233011233,"✨ छ. संभाजीनगरमध्ये आता तुमची स्वतःची Private Villa Lifestyle!

Villo 67 Urban Villas मध्ये
Exclusive 4BHK Private Villas Starting ₹1.55 Cr

🌿 शांत परिसर
🏡 Premium Bungalow Living
🎯 15+ Rich Lifestyle Amenities
📍 Paithan Road पासून फक्त 100 मीटर

Phase-1 Ready Possession – म्हणजे तुमच्या dream villa मध्ये लवकरच shift होण्याची संधी.

📞 Limited Villas Available – Enquire Now!",2145,Get offer,fb.me,"FACEBOOK; INSTAGRAM; AUDIENCE_NETWORK",2026-05-22,2026-06-15,,Original: https://scontent.fjai6-1.fna.fbcdn.net/v/t39.35426-6/704487856_1568935008259073_1692885162516166260_n.jpg?_nc_cat=102&ccb=1-7&_nc_sid=c53f8f&_nc_ohc=kSRqQZFNfqYQ7kNvwFMz9Ka&_nc_oc=AdqjDcBMY_22G_ioDueYaN90eoQ9ofbO1JaYjNzfT6Ga3m9EdLs_80VJ7nOTBfxdKEiz0I9-SkXX9z3zO0DAcEiZ&_nc_zt=14&_nc_ht=scontent.fjai6-1.fna&_nc_gid=_n8Kg527joaJrMw6GWeG_Q&_nc_ss=7b289&oh=00_Af_kFmmeaz167kQEvpolTpUflvYJ4ZypJ-wdnIH6vBvtRg&oe=6A36DE4D | Resized: https://scontent.fjai6-1.fna.fbcdn.net/v/t39.35426-6/704507846_920655221008964_343329603151491732_n.jpg?stp=dst-jpg_s600x600_tt6&_nc_cat=104&ccb=1-7&_nc_sid=c53f8f&_nc_ohc=InWImyu5e44Q7kNvwEaYBwQ&_nc_oc=Adqa5EMLXhC-kRAKuVDSr6E1E8z13n5xQFV917PjrCfpxoVjpVzOwsoX7MXdEDry3xJ7QoMNyVIwDuAho3SC1pgB&_nc_zt=14&_nc_ht=scontent.fjai6-1.fna&_nc_gid=_n8Kg527joaJrMw6GWeG_Q&_nc_ss=7b289&oh=00_Af-BnF3Shft_z736gFIQvVLLwqO44Ux0qePdDe2soi79YQ&oe=6A36D2A5,,,,,,
3181042752092255,https://www.facebook.com/61590518103245/,fb.me,https://www.facebook.com/61590518103245/,,,,,,,,,1164688160059060,http://fb.me/,Kolte Patil,https://www.facebook.com/ads/library/?id=3181042752092255,"Upgrade to a Life Beyond Work at Life Republic, Hinjewadi, Pune

Discover premium residences within a sprawling 400+ Acre Integrated Township, thoughtfully designed for professionals who value connectivity, convenience, and an elevated lifestyle.

✨ Premium 2, 2.5, 3, 3.5 & 4 BHK Residences
💰 Starting from ₹75 Lakh*
📍 Just 4.5 KM from Hinjewadi IT Hub

Why Professionals Choose Life Republic:
✔ 50+ World-Class Amenities
✔ Infinity Edge Swimming Pool
✔ Executive Business Lounge
✔ Wellness & Fitness Spaces
✔ Premium All-Season Decks
✔ Only 8 Residences Per Floor
✔ 5 High-Speed Elevators
✔ Excellent Connectivity to Major IT Parks & Business Districts
✔ Vast Green Landscapes Across a 400+ Acre Township",,Learn more,fb.me,"FACEBOOK; INSTAGRAM; AUDIENCE_NETWORK",2026-06-03,2026-06-15,,,"Upgrade to a Life Beyond Work at Life Republic, Hinjewadi, Pune

Discover premium residences within a sprawling 400+ Acre Integrated Township, thoughtfully designed for professionals who value connectivity, convenience, and an elevated lifestyle.

✨ Premium 2, 2.5, 3, 3.5 & 4 BHK Residences
💰 Starting from ₹75 Lakh*
📍 Just 4.5 KM from Hinjewadi IT Hub

Why Professionals Choose Life Republic:
✔ 50+ World-Class Amenities
✔ Infinity Edge Swimming Pool
✔ Executive Business Lounge
✔ Wellness & Fitness Spaces
✔ Premium All-Season Decks
✔ Only 8 Residences Per Floor
✔ 5 High-Speed Elevators
✔ Excellent Connectivity to Major IT Parks & Business Districts
✔ Vast Green Landscapes Across a 400+ Acre Township || Upgrade to a Life Beyond Work at Life Republic, Hinjewadi, Pune

Discover premium residences within a sprawling 400+ Acre Integrated Township, thoughtfully designed for professionals who value connectivity, convenience, and an elevated lifestyle.

✨ Premium 2, 2.5, 3, 3.5 & 4 BHK Residences
💰 Starting from ₹75 Lakh*
📍 Just 4.5 KM from Hinjewadi IT Hub

Why Professionals Choose Life Republic:
✔ 50+ World-Class Amenities
✔ Infinity Edge Swimming Pool
✔ Executive Business Lounge
✔ Wellness & Fitness Spaces
✔ Premium All-Season Decks
✔ Only 8 Residences Per Floor
✔ 5 High-Speed Elevators
✔ Excellent Connectivity to Major IT Parks & Business Districts
✔ Vast Green Landscapes Across a 400+ Acre Township || Upgrade to a Life Beyond Work at Life Republic, Hinjewadi, Pune

Discover premium residences within a sprawling 400+ Acre Integrated Township, thoughtfully designed for professionals who value connectivity, convenience, and an elevated lifestyle.

✨ Premium 2, 2.5, 3, 3.5 & 4 BHK Residences
💰 Starting from ₹75 Lakh*
📍 Just 4.5 KM from Hinjewadi IT Hub

Why Professionals Choose Life Republic:
✔ 50+ World-Class Amenities
✔ Infinity Edge Swimming Pool
✔ Executive Business Lounge
✔ Wellness & Fitness Spaces
✔ Premium All-Season Decks
✔ Only 8 Residences Per Floor
✔ 5 High-Speed Elevators
✔ Excellent Connectivity to Major IT Parks & Business Districts
✔ Vast Green Landscapes Across a 400+ Acre Township",http://fb.me/ || http://fb.me/ || http://fb.me/,,Learn More || Learn More || Learn More,Original: https://scontent.fjai6-1.fna.fbcdn.net/v/t39.35426-6/715710295_1527447758777362_132147340978619218_n.jpg?_nc_cat=103&ccb=1-7&_nc_sid=c53f8f&_nc_ohc=AtlgmvgXWZsQ7kNvwHGgds1&_nc_oc=AdrdAx7pcR3G4oXwtYEzw_G_K1-kmsjaqwFheaZ5swq8YGPwnKPYsiBhSha9HX_HEYAb54ZUF_KZtZFByODr3_BN&_nc_zt=14&_nc_ht=scontent.fjai6-1.fna&_nc_gid=_n8Kg527joaJrMw6GWeG_Q&_nc_ss=7b289&oh=00_Af9_H8dGKZmzK8xhNK8ERbTdWxfEPEJkf8GXIqVvKAUorQ&oe=6A36D2AE | Resized: https://scontent.fjai6-1.fna.fbcdn.net/v/t39.35426-6/714598739_1468596474569409_2378660621718443217_n.jpg?stp=dst-jpg_s600x600_tt6&_nc_cat=105&ccb=1-7&_nc_sid=c53f8f&_nc_ohc=sflAs2beA-QQ7kNvwE0QhU2&_nc_oc=Adpq-97jZWpgaudE46jurgOgDZIMvnAdwXSnRJo1PeTXUYvabxYJxOgQR01FsKR_fTGypqMsYPkvCaQiwbX4Zbb0&_nc_zt=14&_nc_ht=scontent.fjai6-1.fna&_nc_gid=_n8Kg527joaJrMw6GWeG_Q&_nc_ss=7b289&oh=00_Af_aH8xgTokdOnwDnMAx9sO5IgfRTydmncAOBMTZJH5gQg&oe=6A36DCCE || Original: https://scontent.fjai6-1.fna.fbcdn.net/v/t39.35426-6/711670772_1481362489826894_3962581794444955389_n.jpg?_nc_cat=108&ccb=1-7&_nc_sid=c53f8f&_nc_ohc=scUZVSf94NIQ7kNvwFCa3nC&_nc_oc=Adrl_RpEdl89_BCunqMFWahVpJOUAZ9F8nm8ctvMazYFXnP_CgG0lK0G2X7pkRVY789si9W0Xm0s7AIEh3ijFYxF&_nc_zt=14&_nc_ht=scontent.fjai6-1.fna&_nc_gid=_n8Kg527joaJrMw6GWeG_Q&_nc_ss=7b289&oh=00_Af_ipsHtegUfOgWZBstusMeFPGFQeYT96QUL5OVqsWxOUA&oe=6A36CF61 | Resized: https://scontent.fjai6-1.fna.fbcdn.net/v/t39.35426-6/714423660_831421073051607_8554220467594277538_n.jpg?stp=dst-jpg_s600x600_tt6&_nc_cat=105&ccb=1-7&_nc_sid=c53f8f&_nc_ohc=4LYRkzqXSTgQ7kNvwE4c9Ti&_nc_oc=AdoNUyOetTQs3bXnlhcKkwYVCjTjwsL_oheCHGrRY2xa7xo4IkQx4gsDxxceVtnr4FOzPFDf5VpPEz0gC0oCbAP0&_nc_zt=14&_nc_ht=scontent.fjai6-1.fna&_nc_gid=_n8Kg527joaJrMw6GWeG_Q&_nc_ss=7b289&oh=00_Af-MndjRL04vkkJrws0vLAMdWp3CKRa7W9LUtu9P3f3X-w&oe=6A36D6AD || Original: https://scontent.fjai6-1.fna.fbcdn.net/v/t39.35426-6/712430231_3229697297232135_9099412130656174812_n.jpg?_nc_cat=103&ccb=1-7&_nc_sid=c53f8f&_nc_ohc=JfTJIQWZKQ8Q7kNvwEaUsu-&_nc_oc=AdodInitQQ9KfqpBywrUqyuMOej0o4WlI97JLrZ80JDKU_vOO7KjW2EmWoEOaoHrPEq3gVmNtTP7vXSj6UWu4X1q&_nc_zt=14&_nc_ht=scontent.fjai6-1.fna&_nc_gid=_n8Kg527joaJrMw6GWeG_Q&_nc_ss=7b289&oh=00_Af-D558U9TG0ION7pum1A5a3SVN-yDibNLMxTeQpNuAgNQ&oe=6A36BB17 | Resized: https://scontent.fjai6-1.fna.fbcdn.net/v/t39.35426-6/714410076_1321643043248968_5800007207528133546_n.jpg?stp=dst-jpg_s600x600_tt6&_nc_cat=107&ccb=1-7&_nc_sid=c53f8f&_nc_ohc=lmXqJbOv3h0Q7kNvwGPBXz1&_nc_oc=AdoYu5QgvDx7BbpYFXNEE7D7qUNpsRHH_Ob-pGWfi0nEg7p4ahA2sDgIgYs6ecz_H9scH34g3vlnovWuAnOvlU5C&_nc_zt=14&_nc_ht=scontent.fjai6-1.fna&_nc_gid=_n8Kg527joaJrMw6GWeG_Q&_nc_ss=7b289&oh=00_Af_wdNvrly5DgZFq_dnSkc2bzh_ZeNvs79VsO0ki5uRRmQ&oe=6A36B169,
27099198773034390,https://www.facebook.com/GeraDevelopments/,gera.in,https://www.facebook.com/GeraDevelopments/,,,,corporaterelations@gera.in,"+912026165580, 08322437123, +971501904966, +917676000800",,,,115028218540020,https://www.gera.in/avivetowers/?utm_source=Facebook&utm_medium=ctw&cstm_ppc_campaign=Facebook-Conversion_PrivatePoolUPStatics11thApril&cstm_ppc_channel=FacebookConversion&cstm_ppc_placement={{placement}}&cstm_ppc_keyword=PropertyPortal4.5BHKPP,Gera Developments,https://www.facebook.com/ads/library/?id=27099198773034390,"Gera's Avive Towers, East Kharadi^ | 3, 3.5 & 4.5 BHK Private Pool Residences
✓ Pay Just 25% a Year — Own a Home with a Private Pool
✓ 25 x 4 Payment Plan — Designed for Easy, Stress-Free Ownership
✓ Private Pool Apartments Starting ₹1.81 Cr* – ₹3.01 Cr*
✓ Future-Ready Living Designed with Wellness at the Core
✓ MAHA RERA Reg. No.: PR1261012500289
Click ""Learn More"" to know more about the 25x4 Payment Plan — Homes Where Luxury Meets Simplicity.
T&C Apply",156806,Learn more,gera.in,"FACEBOOK; INSTAGRAM",2026-05-19,2026-06-06,,Original: https://scontent.fjai6-1.fna.fbcdn.net/v/t39.35426-6/702470403_1328820042542583_4754242835465958267_n.jpg?_nc_cat=107&ccb=1-7&_nc_sid=c53f8f&_nc_ohc=x5Xv3XfAvhQQ7kNvwF9LWgJ&_nc_oc=AdoAmPN8LHibkgQ820bJBp_h9156fSMcBXV4oOurl5mOGpa04JTyZ7QKcrh8e8mbiyCL-_40ucZFNBRMfBb70Wtu&_nc_zt=14&_nc_ht=scontent.fjai6-1.fna&_nc_gid=l7wv8blPlrHjsqgiZ2Uglw&_nc_ss=7b289&oh=00_Af_EjpU_3hENOKfZKEv31cVi0Z5VvkzjU_T0k_49SDj8eg&oe=6A36D709 | Resized: https://scontent.fjai6-1.fna.fbcdn.net/v/t39.35426-6/703173666_1635570177520821_8041531751367445257_n.jpg?stp=dst-jpg_s600x600_tt6&_nc_cat=108&ccb=1-7&_nc_sid=c53f8f&_nc_ohc=N0d5j5GZB2IQ7kNvwHN_18E&_nc_oc=AdoSixfpCq3ZFfqm8xKWtllSOQ2w5z55tpxZsN_lL5Z3ManrFIAmKeoZM9vgX7ajW5WnflNhe0XJuL0pU-woefpC&_nc_zt=14&_nc_ht=scontent.fjai6-1.fna&_nc_gid=l7wv8blPlrHjsqgiZ2Uglw&_nc_ss=7b289&oh=00_Af9yI5inFEbsS1xCEH0XuKd6qafpdqSLpgotL6qVzlB2qQ&oe=6A36D68F,,,,,,
1783167553100172,https://www.facebook.com/advaitliving.medchal/,fb.me,https://www.facebook.com/advaitliving.medchal/,,,,marketing@advaithomes.com,+91 94911 63333,,,,107171447367524,http://fb.me/,Advait Living - Medchal,https://www.facebook.com/ads/library/?id=1783167553100172,"Exclusively for seniors - Gated villas for sale - designed for older parents in Medchal.
READY TO OCCUPY - 1BHK, 2BHK, 3BHK, 4BHK Options - The perfect HMDA-approved investment.

Welcome to Advait Living
Location: Medchal, North Hyderabad

154 villas
1 to 4BHK villa units
30 acres gated community
Fully integrated township (400 acres)
25+ Amenities & Clubhouse

Directions:
10 Min. ORR Exit 6
20 Min. ORR Exit 7 - Shamirpet
10 Min. Kandlakoya IT Park
20 Min. Genome Valley

4 Min.The Creek Planet School
7 Min. CMR & Malla Reddy Engineering Colleges
20 Min: Medicity Hospital

The price starts from Rs.1.25 Cr* (T&C Apply)
Book A Site Visit Now! Meet your new neighbours & best friends.",1571,Get quote,fb.me,"FACEBOOK; INSTAGRAM; AUDIENCE_NETWORK",2026-05-20,2026-06-15,,,"Exclusively for seniors - Gated villas for sale - designed for older parents in Medchal.
READY TO OCCUPY - 1BHK, 2BHK, 3BHK, 4BHK Options - The perfect HMDA-approved investment.

Welcome to Advait Living
Location: Medchal, North Hyderabad

154 villas
1 to 4BHK villa units
30 acres gated community
Fully integrated township (400 acres)
25+ Amenities & Clubhouse

Directions:
10 Min. ORR Exit 6
20 Min. ORR Exit 7 - Shamirpet
10 Min. Kandlakoya IT Park
20 Min. Genome Valley

4 Min.The Creek Planet School
7 Min. CMR & Malla Reddy Engineering Colleges
20 Min: Medicity Hospital

The price starts from Rs.1.25 Cr* (T&C Apply)
Book A Site Visit Now! Meet your new neighbours & best friends. || Exclusively for seniors - Gated villas for sale - designed for older parents in Medchal.
READY TO OCCUPY - 1BHK, 2BHK, 3BHK, 4BHK Options - The perfect HMDA-approved investment.

Welcome to Advait Living
Location: Medchal, North Hyderabad

154 villas
1 to 4BHK villa units
30 acres gated community
Fully integrated township (400 acres)
25+ Amenities & Clubhouse

Directions:
10 Min. ORR Exit 6
20 Min. ORR Exit 7 - Shamirpet
10 Min. Kandlakoya IT Park
20 Min. Genome Valley

4 Min.The Creek Planet School
7 Min. CMR & Malla Reddy Engineering Colleges
20 Min: Medicity Hospital

The price starts from Rs.1.25 Cr* (T&C Apply)
Book A Site Visit Now! Meet your new neighbours & best friends. || Exclusively for seniors - Gated villas for sale - designed for older parents in Medchal.
READY TO OCCUPY - 1BHK, 2BHK, 3BHK, 4BHK Options - The perfect HMDA-approved investment.

Welcome to Advait Living
Location: Medchal, North Hyderabad

154 villas
1 to 4BHK villa units
30 acres gated community
Fully integrated township (400 acres)
25+ Amenities & Clubhouse

Directions:
10 Min. ORR Exit 6
20 Min. ORR Exit 7 - Shamirpet
10 Min. Kandlakoya IT Park
20 Min. Genome Valley

4 Min.The Creek Planet School
7 Min. CMR & Malla Reddy Engineering Colleges
20 Min: Medicity Hospital

The price starts from Rs.1.25 Cr* (T&C Apply)
Book A Site Visit Now! Meet your new neighbours & best friends. || Exclusively for seniors - Gated villas for sale - designed for older parents in Medchal.
READY TO OCCUPY - 1BHK, 2BHK, 3BHK, 4BHK Options - The perfect HMDA-approved investment.

Welcome to Advait Living
Location: Medchal, North Hyderabad

154 villas
1 to 4BHK villa units
30 acres gated community
Fully integrated township (400 acres)
25+ Amenities & Clubhouse

Directions:
10 Min. ORR Exit 6
20 Min. ORR Exit 7 - Shamirpet
10 Min. Kandlakoya IT Park
20 Min. Genome Valley

4 Min.The Creek Planet School
7 Min. CMR & Malla Reddy Engineering Colleges
20 Min: Medicity Hospital

The price starts from Rs.1.25 Cr* (T&C Apply)
Book A Site Visit Now! Meet your new neighbours & best friends. || Exclusively for seniors - Gated villas for sale - designed for older parents in Medchal.
READY TO OCCUPY - 1BHK, 2BHK, 3BHK, 4BHK Options - The perfect HMDA-approved investment.

Welcome to Advait Living
Location: Medchal, North Hyderabad

154 villas
1 to 4BHK villa units
30 acres gated community
Fully integrated township (400 acres)
25+ Amenities & Clubhouse

Directions:
10 Min. ORR Exit 6
20 Min. ORR Exit 7 - Shamirpet
10 Min. Kandlakoya IT Park
20 Min. Genome Valley

4 Min.The Creek Planet School
7 Min. CMR & Malla Reddy Engineering Colleges
20 Min: Medicity Hospital

The price starts from Rs.1.25 Cr* (T&C Apply)
Book A Site Visit Now! Meet your new neighbours & best friends. || Exclusively for seniors - Gated villas for sale - designed for older parents in Medchal.
READY TO OCCUPY - 1BHK, 2BHK, 3BHK, 4BHK Options - The perfect HMDA-approved investment.

Welcome to Advait Living
Location: Medchal, North Hyderabad

154 villas
1 to 4BHK villa units
30 acres gated community
Fully integrated township (400 acres)
25+ Amenities & Clubhouse

Directions:
10 Min. ORR Exit 6
20 Min. ORR Exit 7 - Shamirpet
10 Min. Kandlakoya IT Park
20 Min. Genome Valley

4 Min.The Creek Planet School
7 Min. CMR & Malla Reddy Engineering Colleges
20 Min: Medicity Hospital

The price starts from Rs.1.25 Cr* (T&C Apply)
Book A Site Visit Now! Meet your new neighbours & best friends. || Exclusively for seniors - Gated villas for sale - designed for older parents in Medchal.
READY TO OCCUPY - 1BHK, 2BHK, 3BHK, 4BHK Options - The perfect HMDA-approved investment.

Welcome to Advait Living
Location: Medchal, North Hyderabad

154 villas
1 to 4BHK villa units
30 acres gated community
Fully integrated township (400 acres)
25+ Amenities & Clubhouse

Directions:
10 Min. ORR Exit 6
20 Min. ORR Exit 7 - Shamirpet
10 Min. Kandlakoya IT Park
20 Min. Genome Valley

4 Min.The Creek Planet School
7 Min. CMR & Malla Reddy Engineering Colleges
20 Min: Medicity Hospital

The price starts from Rs.1.25 Cr* (T&C Apply)
Book A Site Visit Now! Meet your new neighbours & best friends.",http://fb.me/ || http://fb.me/ || http://fb.me/ || http://fb.me/ || http://fb.me/ || http://fb.me/ || http://fb.me/,,Get Quote || Get Quote || Get Quote || Get Quote || Get Quote || Get Quote || Get Quote,,HD: https://video.fjai6-1.fna.fbcdn.net/o1/v/t2/f2/m366/AQM181o01kEscf4D9oCdH_7QANTgmRly8KjHyeUmm0saerWojQAQQg-VEvlc-8tk_BwNERhWSlF7npyYyPxcMs4NBrrUuEgUMZCDt5W46umtcg.mp4?_nc_cat=108&_nc_oc=Adpo5JlAzEWvZCLGejcx421p7tRsQti3Up1yTuEBD_9q4hs25JGYj1AhJs0vbmkIfj1FzPYFhAiYhhtD9pazN0NG&_nc_sid=b66105&_nc_ht=video.fjai6-1.fna.fbcdn.net&_nc_ohc=OoHRIhyTDiUQ7kNvwE1fCf2&efg=eyJ2ZW5jb2RlX3RhZyI6Inhwdl9wcm9ncmVzc2l2ZS5WSV9VU0VDQVNFX1BST0RVQ1RfVFlQRS4uQzMuNzIwLmRhc2hfaDI2NC1iYXNpYy1nZW4yXzcyMHAiLCJ4cHZfYXNzZXRfaWQiOjU0OTQyODIzNzQxOTc0MiwiYXNzZXRfYWdlX2RheXMiOjQ4MCwidmlfdXNlY2FzZV9pZCI6MTAxMjAsImR1cmF0aW9uX3MiOjU0LCJ1cmxnZW5fc291cmNlIjoid3d3In0%3D&ccb=17-1&vs=53b9d74d5380a0a&_nc_vs=HBksFQIYRWZiX2VwaGVtZXJhbC82ODQ1RDNCQjZGRDNDOTU0QUU0NDlGRUM1RjU5NkVCQl9tdF8xX3ZpZGVvX2Rhc2hpbml0Lm1wNBUAAsgBEgAVAhg1ZmJfcGVybWFuZW50LzEyODY2MTM4NDkyODk4ODdfMjY0NTA0NDI4NjI5NTg0OTY0OS5tcDQVAgLIARIAKAAYABsCiAd1c2Vfb2lsATEScHJvZ3Jlc3NpdmVfcmVjaXBlATEVAAAmvJPervfs-QEVAigCQzMsF0BLHdLxqfvnGBlkYXNoX2gyNjQtYmFzaWMtZ2VuMl83MjBwEQB1AGWQngEA&_nc_gid=l7wv8blPlrHjsqgiZ2Uglw&_nc_ss=7b289&_nc_zt=28&oh=00_Af-0oBq-nh7M0P3ExN0nxP95fp1gOVzhrr2l9UiddloeTA&oe=6A36E284 | SD: https://video.fjai6-1.fna.fbcdn.net/o1/v/t2/f2/m412/AQPBZAlYt8aY109SOZxQcoim4VGdCmlEh6fdGEA_iV8n0McHRji81kNh5PlgUD6Hefsng18Acbysp9opQmGP.mp4?_nc_cat=101&_nc_oc=Adr-ZaB5FPXVpHvWSONdjE1kLoF3or8EbD_osDe_xweUGxaGtV4h5BX4Ag_6ChA7Nl9UVzKLou_AjK9LGX3jrS6n&_nc_sid=ef5aa3&_nc_ht=video.fjai6-1.fna.fbcdn.net&_nc_ohc=4NYgQtcrrYwQ7kNvwHetLG1&efg=eyJ2ZW5jb2RlX3RhZyI6Inhwdl9wcm9ncmVzc2l2ZS5WSV9VU0VDQVNFX1BST0RVQ1RfVFlQRS4uQzMuMzYwLnN2ZV9zZCIsInhwdl9hc3NldF9pZCI6NTQ5NDI4MjM3NDE5NzQyLCJhc3NldF9hZ2VfZGF5cyI6NDgwLCJ2aV91c2VjYXNlX2lkIjoxMDEyMCwiZHVyYXRpb25fcyI6NTQsInVybGdlbl9zb3VyY2UiOiJ3d3cifQ%3D%3D&ccb=17-1&_nc_gid=l7wv8blPlrHjsqgiZ2Uglw&_nc_ss=7b289&_nc_zt=28&oh=00_Af9GrLpksTJEsn6iYjRv2EvdFUBm5A7OBhTl7_KYV9vHww&oe=6A36DC9B | Preview: https://scontent.fjai6-1.fna.fbcdn.net/v/t39.35426-6/704507187_3917012041764470_1559997280307219812_n.jpg?_nc_cat=106&ccb=1-7&_nc_sid=c53f8f&_nc_ohc=I5tJLnbNQL8Q7kNvwF30nJh&_nc_oc=Adoka6_XWIbApMrN_PcyD48HTDt8O7hwN7szYj9kAysMulEYU35-dmz5U8K5APPMhGyttXve3XNGFsfzEZeZEII9&_nc_zt=14&_nc_ht=scontent.fjai6-1.fna&_nc_gid=l7wv8blPlrHjsqgiZ2Uglw&_nc_ss=7b289&oh=00_Af_lJO6bz7TkeT4cGCRyKw_RNRai_luAqdDAWvgXbWr0iA&oe=6A36C4F3 || HD: https://video.fjai6-1.fna.fbcdn.net/o1/v/t2/f2/m367/AQMxATw_DrYj7v3xX2k0hLi1hSCGUVmrqu3_cIP4SMpZnw3AmMmib1QaZca-W0YiOYFaRkewKLReqha_KCxiF9EkRSoZI3lOA5wg2bXXbA.mp4?_nc_cat=106&_nc_oc=AdokE9NHyQCrsaMhOk87gz5gnCZxm17GDnphKalvMjzzwFwp9M0kdt1Crjihv8krEkTlXmWH_fjDwvY05PF9E8sQ&_nc_sid=ef5aa3&_nc_ht=video.fjai6-1.fna.fbcdn.net&_nc_ohc=EXQ2tUhwps4Q7kNvwEY3yPd&efg=eyJ2ZW5jb2RlX3RhZyI6Inhwdl9wcm9ncmVzc2l2ZS5WSV9VU0VDQVNFX1BST0RVQ1RfVFlQRS4uQzMuNzIwLnByb2dyZXNzaXZlX2gyNjQtYmFzaWMtZ2VuMl83MjBwIiwieHB2X2Fzc2V0X2lkIjoxNzkyMzQ4MDUyNzI5NTExNCwiYXNzZXRfYWdlX2RheXMiOjc0LCJ2aV91c2VjYXNlX2lkIjoxMDA5OSwiZHVyYXRpb25fcyI6NTksInVybGdlbl9zb3VyY2UiOiJ3d3cifQ%3D%3D&ccb=17-1&_nc_gid=l7wv8blPlrHjsqgiZ2Uglw&_nc_ss=7b289&_nc_zt=28&oh=00_Af9n7bfDrKiBZbR6XMw66xx8iMpJF1SV4qZb4TrPJV0zyw&oe=6A36C78C | SD: https://video.fjai6-1.fna.fbcdn.net/o1/v/t2/f2/m367/AQM2iips3XiPSxZjIiUiBg6EOoEJj0D399mrdjTWKCZ-kdtmK9glhsPt9dbi6epENb93PSnnT6v_l65t0y81ruGPuFCEukdTndpH-kazKA.mp4?_nc_cat=107&_nc_oc=AdolPw3vOl3D5rA6DoMINWKXJppigiGvxKLL9eu7O90Yi9o1zcKMQoCd2EWQAtHAVVXiAYf9_w4kieBQAxkVhBob&_nc_sid=ef5aa3&_nc_ht=video.fjai6-1.fna.fbcdn.net&_nc_ohc=e0w7-wEAsDUQ7kNvwGV-7Uc&efg=eyJ2ZW5jb2RlX3RhZyI6Inhwdl9wcm9ncmVzc2l2ZS5WSV9VU0VDQVNFX1BST0RVQ1RfVFlQRS4uQzMuMzYwLnByb2dyZXNzaXZlX2gyNjQtYmFzaWMtZ2VuMl8zNjBwIiwieHB2X2Fzc2V0X2lkIjoxNzkyMzQ4MDUyNzI5NTExNCwiYXNzZXRfYWdlX2RheXMiOjc0LCJ2aV91c2VjYXNlX2lkIjoxMDA5OSwiZHVyYXRpb25fcyI6NTksInVybGdlbl9zb3VyY2UiOiJ3d3cifQ%3D%3D&ccb=17-1&_nc_gid=l7wv8blPlrHjsqgiZ2Uglw&_nc_ss=7b289&_nc_zt=28&oh=00_Af-UvhR-MJ4cdC2H3ZNPPbaFvJI7Vsh7-_Z4ibQvl8hPnw&oe=6A36CEB7 | Preview: https://scontent.fjai6-1.fna.fbcdn.net/v/t39.35426-6/704715776_1302469641409953_8013467323719506292_n.jpg?_nc_cat=101&ccb=1-7&_nc_sid=c53f8f&_nc_ohc=gN1ssNFhQKAQ7kNvwE5PXZy&_nc_oc=AdoCb-Ie6hfDmxqIAjQtAyOKwjOr11VoC6p1kNnYBXJzDdDZytAwUAI7XFqPP9u3JZe2R2Llv9tM50eeZ20oVgUo&_nc_zt=14&_nc_ht=scontent.fjai6-1.fna&_nc_gid=l7wv8blPlrHjsqgiZ2Uglw&_nc_ss=7b289&oh=00_Af_MIjIeF_HWkMnVBl7T0uMhxzRtXPSN-WLPX4whRF6nCA&oe=6A36B05E || HD: https://video.fjai6-1.fna.fbcdn.net/o1/v/t2/f2/m367/AQOxqxzYjaRy3ixiyUJouc-bOgZ6H72bW_QMruhfXJUxjJetu2jChuIeSW76QFpfsQ0JYmNkL9-VwwfyRXr_-IoKanLHOHXKIATBxFMpZA.mp4?_nc_cat=106&_nc_oc=Adpjf5zRcyONEPlvUjNg3o2kwVmpdDD_iZO4dNLzcvEffq4yfjKRK86jMJv05756pCm9We0jRgSSVsTxc-y2nSlI&_nc_sid=ef5aa3&_nc_ht=video.fjai6-1.fna.fbcdn.net&_nc_ohc=6s5_SOMWbp0Q7kNvwElAikz&efg=eyJ2ZW5jb2RlX3RhZyI6Inhwdl9wcm9ncmVzc2l2ZS5WSV9VU0VDQVNFX1BST0RVQ1RfVFlQRS4uQzMuNzIwLnByb2dyZXNzaXZlX2gyNjQtYmFzaWMtZ2VuMl83MjBwIiwieHB2X2Fzc2V0X2lkIjoxNzkyNTcxMTU4ODI5NTExNCwiYXNzZXRfYWdlX2RheXMiOjU5LCJ2aV91c2VjYXNlX2lkIjoxMDA5OSwiZHVyYXRpb25fcyI6MzgsInVybGdlbl9zb3VyY2UiOiJ3d3cifQ%3D%3D&ccb=17-1&_nc_gid=l7wv8blPlrHjsqgiZ2Uglw&_nc_ss=7b289&_nc_zt=28&oh=00_Af_4FUdc6GbmTOrxlSUeDig9SZaDhnWYCEMXQSq-vAQe5w&oe=6A36E00C | SD: https://video.fjai6-1.fna.fbcdn.net/o1/v/t2/f2/m367/AQNG-lkBqQDpamhQy8627T-QzPpj838GpWxDVo0yiPMmMPcFjgNp8xOqtSyHkej0iyTvIefEzP1rvnonI1xCb_ZUx6xl8TOg-9U8kTV0Fw.mp4?_nc_cat=102&_nc_oc=AdqCUhvIGwEpSoPMYND01f2CCQkRA9bvkxGypjlJ8MH2MDeAWt_fJcpylFpxD7DgW2L-P6TsmlnBdIhPq7mtuB6m&_nc_sid=ef5aa3&_nc_ht=video.fjai6-1.fna.fbcdn.net&_nc_ohc=1Mq6zRprJ7sQ7kNvwHLX-fc&efg=eyJ2ZW5jb2RlX3RhZyI6Inhwdl9wcm9ncmVzc2l2ZS5WSV9VU0VDQVNFX1BST0RVQ1RfVFlQRS4uQzMuMzYwLnByb2dyZXNzaXZlX2gyNjQtYmFzaWMtZ2VuMl8zNjBwIiwieHB2X2Fzc2V0X2lkIjoxNzkyNTcxMTU4ODI5NTExNCwiYXNzZXRfYWdlX2RheXMiOjU5LCJ2aV91c2VjYXNlX2lkIjoxMDA5OSwiZHVyYXRpb25fcyI6MzgsInVybGdlbl9zb3VyY2UiOiJ3d3cifQ%3D%3D&ccb=17-1&_nc_gid=l7wv8blPlrHjsqgiZ2Uglw&_nc_ss=7b289&_nc_zt=28&oh=00_Af-KAqjHENTjaWwTt36kyoqGxuAtvjvVKJ60ThsRdr6Ikg&oe=6A36E1D4 | Preview: https://scontent.fjai6-1.fna.fbcdn.net/v/t39.35426-6/704614462_1766378440999439_9135702059466289354_n.jpg?_nc_cat=102&ccb=1-7&_nc_sid=c53f8f&_nc_ohc=2k_2_1CnEowQ7kNvwGUn4gg&_nc_oc=Adpx4txBopwVYy1nl6XX6kI_ZV4W2HLtog7JwVKCvBeJPJxoFvrt2Gqh9MJusB9tA_GwBA43m-iYI0fxeTWgvnyg&_nc_zt=14&_nc_ht=scontent.fjai6-1.fna&_nc_gid=l7wv8blPlrHjsqgiZ2Uglw&_nc_ss=7b289&oh=00_Af_5p9g0rvvFQ-VjtZNrihjMKWX6meoj7vzc88raSi49Ow&oe=6A36BEC6 || HD: https://video.fjai6-1.fna.fbcdn.net/o1/v/t2/f2/m367/AQOxqxzYjaRy3ixiyUJouc-bOgZ6H72bW_QMruhfXJUxjJetu2jChuIeSW76QFpfsQ0JYmNkL9-VwwfyRXr_-IoKanLHOHXKIATBxFMpZA.mp4?_nc_cat=106&_nc_oc=Adpjf5zRcyONEPlvUjNg3o2kwVmpdDD_iZO4dNLzcvEffq4yfjKRK86jMJv05756pCm9We0jRgSSVsTxc-y2nSlI&_nc_sid=ef5aa3&_nc_ht=video.fjai6-1.fna.fbcdn.net&_nc_ohc=6s5_SOMWbp0Q7kNvwElAikz&efg=eyJ2ZW5jb2RlX3RhZyI6Inhwdl9wcm9ncmVzc2l2ZS5WSV9VU0VDQVNFX1BST0RVQ1RfVFlQRS4uQzMuNzIwLnByb2dyZXNzaXZlX2gyNjQtYmFzaWMtZ2VuMl83MjBwIiwieHB2X2Fzc2V0X2lkIjoxNzkyNTcxMTU4ODI5NTExNCwiYXNzZXRfYWdlX2RheXMiOjU5LCJ2aV91c2VjYXNlX2lkIjoxMDA5OSwiZHVyYXRpb25fcyI6MzgsInVybGdlbl9zb3VyY2UiOiJ3d3cifQ%3D%3D&ccb=17-1&_nc_gid=l7wv8blPlrHjsqgiZ2Uglw&_nc_ss=7b289&_nc_zt=28&oh=00_Af_4FUdc6GbmTOrxlSUeDig9SZaDhnWYCEMXQSq-vAQe5w&oe=6A36E00C | SD: https://video.fjai6-1.fna.fbcdn.net/o1/v/t2/f2/m367/AQNG-lkBqQDpamhQy8627T-QzPpj838GpWxDVo0yiPMmMPcFjgNp8xOqtSyHkej0iyTvIefEzP1rvnonI1xCb_ZUx6xl8TOg-9U8kTV0Fw.mp4?_nc_cat=102&_nc_oc=AdqCUhvIGwEpSoPMYND01f2CCQkRA9bvkxGypjlJ8MH2MDeAWt_fJcpylFpxD7DgW2L-P6TsmlnBdIhPq7mtuB6m&_nc_sid=ef5aa3&_nc_ht=video.fjai6-1.fna.fbcdn.net&_nc_ohc=1Mq6zRprJ7sQ7kNvwHLX-fc&efg=eyJ2ZW5jb2RlX3RhZyI6Inhwdl9wcm9ncmVzc2l2ZS5WSV9VU0VDQVNFX1BST0RVQ1RfVFlQRS4uQzMuMzYwLnByb2dyZXNzaXZlX2gyNjQtYmFzaWMtZ2VuMl8zNjBwIiwieHB2X2Fzc2V0X2lkIjoxNzkyNTcxMTU4ODI5NTExNCwiYXNzZXRfYWdlX2RheXMiOjU5LCJ2aV91c2VjYXNlX2lkIjoxMDA5OSwiZHVyYXRpb25fcyI6MzgsInVybGdlbl9zb3VyY2UiOiJ3d3cifQ%3D%3D&ccb=17-1&_nc_gid=l7wv8blPlrHjsqgiZ2Uglw&_nc_ss=7b289&_nc_zt=28&oh=00_Af-KAqjHENTjaWwTt36kyoqGxuAtvjvVKJ60ThsRdr6Ikg&oe=6A36E1D4 | Preview: https://scontent.fjai6-1.fna.fbcdn.net/v/t39.35426-6/704614462_1766378440999439_9135702059466289354_n.jpg?_nc_cat=102&ccb=1-7&_nc_sid=c53f8f&_nc_ohc=2k_2_1CnEowQ7kNvwGUn4gg&_nc_oc=Adpx4txBopwVYy1nl6XX6kI_ZV4W2HLtog7JwVKCvBeJPJxoFvrt2Gqh9MJusB9tA_GwBA43m-iYI0fxeTWgvnyg&_nc_zt=14&_nc_ht=scontent.fjai6-1.fna&_nc_gid=l7wv8blPlrHjsqgiZ2Uglw&_nc_ss=7b289&oh=00_Af_5p9g0rvvFQ-VjtZNrihjMKWX6meoj7vzc88raSi49Ow&oe=6A36BEC6 || HD: https://video.fjai6-1.fna.fbcdn.net/o1/v/t2/f2/m366/AQM181o01kEscf4D9oCdH_7QANTgmRly8KjHyeUmm0saerWojQAQQg-VEvlc-8tk_BwNERhWSlF7npyYyPxcMs4NBrrUuEgUMZCDt5W46umtcg.mp4?_nc_cat=108&_nc_oc=Adpo5JlAzEWvZCLGejcx421p7tRsQti3Up1yTuEBD_9q4hs25JGYj1AhJs0vbmkIfj1FzPYFhAiYhhtD9pazN0NG&_nc_sid=b66105&_nc_ht=video.fjai6-1.fna.fbcdn.net&_nc_ohc=OoHRIhyTDiUQ7kNvwE1fCf2&efg=eyJ2ZW5jb2RlX3RhZyI6Inhwdl9wcm9ncmVzc2l2ZS5WSV9VU0VDQVNFX1BST0RVQ1RfVFlQRS4uQzMuNzIwLmRhc2hfaDI2NC1iYXNpYy1nZW4yXzcyMHAiLCJ4cHZfYXNzZXRfaWQiOjU0OTQyODIzNzQxOTc0MiwiYXNzZXRfYWdlX2RheXMiOjQ4MCwidmlfdXNlY2FzZV9pZCI6MTAxMjAsImR1cmF0aW9uX3MiOjU0LCJ1cmxnZW5fc291cmNlIjoid3d3In0%3D&ccb=17-1&vs=53b9d74d5380a0a&_nc_vs=HBksFQIYRWZiX2VwaGVtZXJhbC82ODQ1RDNCQjZGRDNDOTU0QUU0NDlGRUM1RjU5NkVCQl9tdF8xX3ZpZGVvX2Rhc2hpbml0Lm1wNBUAAsgBEgAVAhg1ZmJfcGVybWFuZW50LzEyODY2MTM4NDkyODk4ODdfMjY0NTA0NDI4NjI5NTg0OTY0OS5tcDQVAgLIARIAKAAYABsCiAd1c2Vfb2lsATEScHJvZ3Jlc3NpdmVfcmVjaXBlATEVAAAmvJPervfs-QEVAigCQzMsF0BLHdLxqfvnGBlkYXNoX2gyNjQtYmFzaWMtZ2VuMl83MjBwEQB1AGWQngEA&_nc_gid=l7wv8blPlrHjsqgiZ2Uglw&_nc_ss=7b289&_nc_zt=28&oh=00_Af-0oBq-nh7M0P3ExN0nxP95fp1gOVzhrr2l9UiddloeTA&oe=6A36E284 | SD: https://video.fjai6-1.fna.fbcdn.net/o1/v/t2/f2/m412/AQPBZAlYt8aY109SOZxQcoim4VGdCmlEh6fdGEA_iV8n0McHRji81kNh5PlgUD6Hefsng18Acbysp9opQmGP.mp4?_nc_cat=101&_nc_oc=Adr-ZaB5FPXVpHvWSONdjE1kLoF3or8EbD_osDe_xweUGxaGtV4h5BX4Ag_6ChA7Nl9UVzKLou_AjK9LGX3jrS6n&_nc_sid=ef5aa3&_nc_ht=video.fjai6-1.fna.fbcdn.net&_nc_ohc=4NYgQtcrrYwQ7kNvwHetLG1&efg=eyJ2ZW5jb2RlX3RhZyI6Inhwdl9wcm9ncmVzc2l2ZS5WSV9VU0VDQVNFX1BST0RVQ1RfVFlQRS4uQzMuMzYwLnN2ZV9zZCIsInhwdl9hc3NldF9pZCI6NTQ5NDI4MjM3NDE5NzQyLCJhc3NldF9hZ2VfZGF5cyI6NDgwLCJ2aV91c2VjYXNlX2lkIjoxMDEyMCwiZHVyYXRpb25fcyI6NTQsInVybGdlbl9zb3VyY2UiOiJ3d3cifQ%3D%3D&ccb=17-1&_nc_gid=l7wv8blPlrHjsqgiZ2Uglw&_nc_ss=7b289&_nc_zt=28&oh=00_Af9GrLpksTJEsn6iYjRv2EvdFUBm5A7OBhTl7_KYV9vHww&oe=6A36DC9B | Preview: https://scontent.fjai6-1.fna.fbcdn.net/v/t39.35426-6/704307257_1318391613569446_2766969924287051710_n.jpg?_nc_cat=107&ccb=1-7&_nc_sid=c53f8f&_nc_ohc=5221l_j64rUQ7kNvwFExI7x&_nc_oc=Ado-Z7pphmxmMFSNmZypvV65SnlsHfISSKNq4UBq3oK3I3EdWjYwlwvDSE_z588sy7TPOZON6Ipmq6luA8MvG0Ti&_nc_zt=14&_nc_ht=scontent.fjai6-1.fna&_nc_gid=l7wv8blPlrHjsqgiZ2Uglw&_nc_ss=7b289&oh=00_Af9ETwmS5afmxIqWyWntgcR-mMSNIHW3NJBU3VLjb8Se7A&oe=6A36C35A || HD: https://video.fjai6-1.fna.fbcdn.net/o1/v/t2/f2/m366/AQM181o01kEscf4D9oCdH_7QANTgmRly8KjHyeUmm0saerWojQAQQg-VEvlc-8tk_BwNERhWSlF7npyYyPxcMs4NBrrUuEgUMZCDt5W46umtcg.mp4?_nc_cat=108&_nc_oc=Adpo5JlAzEWvZCLGejcx421p7tRsQti3Up1yTuEBD_9q4hs25JGYj1AhJs0vbmkIfj1FzPYFhAiYhhtD9pazN0NG&_nc_sid=b66105&_nc_ht=video.fjai6-1.fna.fbcdn.net&_nc_ohc=OoHRIhyTDiUQ7kNvwE1fCf2&efg=eyJ2ZW5jb2RlX3RhZyI6Inhwdl9wcm9ncmVzc2l2ZS5WSV9VU0VDQVNFX1BST0RVQ1RfVFlQRS4uQzMuNzIwLmRhc2hfaDI2NC1iYXNpYy1nZW4yXzcyMHAiLCJ4cHZfYXNzZXRfaWQiOjU0OTQyODIzNzQxOTc0MiwiYXNzZXRfYWdlX2RheXMiOjQ4MCwidmlfdXNlY2FzZV9pZCI6MTAxMjAsImR1cmF0aW9uX3MiOjU0LCJ1cmxnZW5fc291cmNlIjoid3d3In0%3D&ccb=17-1&vs=53b9d74d5380a0a&_nc_vs=HBksFQIYRWZiX2VwaGVtZXJhbC82ODQ1RDNCQjZGRDNDOTU0QUU0NDlGRUM1RjU5NkVCQl9tdF8xX3ZpZGVvX2Rhc2hpbml0Lm1wNBUAAsgBEgAVAhg1ZmJfcGVybWFuZW50LzEyODY2MTM4NDkyODk4ODdfMjY0NTA0NDI4NjI5NTg0OTY0OS5tcDQVAgLIARIAKAAYABsCiAd1c2Vfb2lsATEScHJvZ3Jlc3NpdmVfcmVjaXBlATEVAAAmvJPervfs-QEVAigCQzMsF0BLHdLxqfvnGBlkYXNoX2gyNjQtYmFzaWMtZ2VuMl83MjBwEQB1AGWQngEA&_nc_gid=l7wv8blPlrHjsqgiZ2Uglw&_nc_ss=7b289&_nc_zt=28&oh=00_Af-0oBq-nh7M0P3ExN0nxP95fp1gOVzhrr2l9UiddloeTA&oe=6A36E284 | SD: https://video.fjai6-1.fna.fbcdn.net/o1/v/t2/f2/m412/AQPBZAlYt8aY109SOZxQcoim4VGdCmlEh6fdGEA_iV8n0McHRji81kNh5PlgUD6Hefsng18Acbysp9opQmGP.mp4?_nc_cat=101&_nc_oc=Adr-ZaB5FPXVpHvWSONdjE1kLoF3or8EbD_osDe_xweUGxaGtV4h5BX4Ag_6ChA7Nl9UVzKLou_AjK9LGX3jrS6n&_nc_sid=ef5aa3&_nc_ht=video.fjai6-1.fna.fbcdn.net&_nc_ohc=4NYgQtcrrYwQ7kNvwHetLG1&efg=eyJ2ZW5jb2RlX3RhZyI6Inhwdl9wcm9ncmVzc2l2ZS5WSV9VU0VDQVNFX1BST0RVQ1RfVFlQRS4uQzMuMzYwLnN2ZV9zZCIsInhwdl9hc3NldF9pZCI6NTQ5NDI4MjM3NDE5NzQyLCJhc3NldF9hZ2VfZGF5cyI6NDgwLCJ2aV91c2VjYXNlX2lkIjoxMDEyMCwiZHVyYXRpb25fcyI6NTQsInVybGdlbl9zb3VyY2UiOiJ3d3cifQ%3D%3D&ccb=17-1&_nc_gid=l7wv8blPlrHjsqgiZ2Uglw&_nc_ss=7b289&_nc_zt=28&oh=00_Af9GrLpksTJEsn6iYjRv2EvdFUBm5A7OBhTl7_KYV9vHww&oe=6A36DC9B | Preview: https://scontent.fjai6-1.fna.fbcdn.net/v/t39.35426-6/704507187_3917012041764470_1559997280307219812_n.jpg?_nc_cat=106&ccb=1-7&_nc_sid=c53f8f&_nc_ohc=I5tJLnbNQL8Q7kNvwF30nJh&_nc_oc=Adoka6_XWIbApMrN_PcyD48HTDt8O7hwN7szYj9kAysMulEYU35-dmz5U8K5APPMhGyttXve3XNGFsfzEZeZEII9&_nc_zt=14&_nc_ht=scontent.fjai6-1.fna&_nc_gid=l7wv8blPlrHjsqgiZ2Uglw&_nc_ss=7b289&oh=00_Af_lJO6bz7TkeT4cGCRyKw_RNRai_luAqdDAWvgXbWr0iA&oe=6A36C4F3 || HD: https://video.fjai6-1.fna.fbcdn.net/o1/v/t2/f2/m366/AQMiKdmjTp0hrOnvAScA3EbFCIogONqwYvO4YQyFiUyzGea6P21wUI_YngUTIA0xYuIZUFhMsr3fezw8djj3hYEj1S6ZFp4cm-TRivQXHtUhvg.mp4?_nc_cat=110&_nc_oc=AdpJlgULJ4Yan5lfpJJqAx3F2sE9Bwf06VUwxiKLuoUMVQ_1pzIR3jFSNqLYalcmd0iLFxxUQI_29dwRt5ynLaFw&_nc_sid=b66105&_nc_ht=video.fjai6-1.fna.fbcdn.net&_nc_ohc=TKzNIgXynfEQ7kNvwEE1WkV&efg=eyJ2ZW5jb2RlX3RhZyI6Inhwdl9wcm9ncmVzc2l2ZS5WSV9VU0VDQVNFX1BST0RVQ1RfVFlQRS4uQzMuNzIwLmRhc2hfaDI2NC1iYXNpYy1nZW4yXzcyMHAiLCJ4cHZfYXNzZXRfaWQiOjg4MzIyOTc1MzkyNTQzNCwiYXNzZXRfYWdlX2RheXMiOjU1NywidmlfdXNlY2FzZV9pZCI6MTA3OTksImR1cmF0aW9uX3MiOjU0LCJ1cmxnZW5fc291cmNlIjoid3d3In0%3D&ccb=17-1&vs=60468eb9d8025a3c&_nc_vs=HBksFQIYRWZiX2VwaGVtZXJhbC82MjRBMEY3REU1NjI2RDZBMDgzNkFEQjRFNTcyQ0JBMF9tdF8xX3ZpZGVvX2Rhc2hpbml0Lm1wNBUAAsgBEgAVAhg6cGFzc3Rocm91Z2hfZXZlcnN0b3JlL0dKM2I5QnNmVVJoY2hmTUJBRGkxZUdXcFVsODJidjRHQUFBRhUCAsgBEgAoABgAGwKIB3VzZV9vaWwBMRJwcm9ncmVzc2l2ZV9yZWNpcGUBMRUAACb0_Oa73tKRAxUCKAJDMywXQEscKPXCj1wYGWRhc2hfaDI2NC1iYXNpYy1nZW4yXzcyMHARAHUAZd6oAQA&_nc_gid=l7wv8blPlrHjsqgiZ2Uglw&_nc_ss=7b289&_nc_zt=28&oh=00_Af_3mH-uV5MiWq2dSkPkPXMopikAbEj3P-2MPVBTbUckxQ&oe=6A36CEA6 | SD: https://video.fjai6-1.fna.fbcdn.net/o1/v/t2/f2/m69/AQMflV5-44AVErXGEOOaljnrvz62fLOX43RPslab_J3PVrbgeqiOMB__hSivahxXevrvP-Ae70PcF3qzFoNzgg1Z.mp4?strext=1&_nc_cat=111&_nc_oc=Adq09J1VnkfcpUTusuJsOzU7A_M4_EFfL0yDQRgVPVAW0gZQFIKl6USBFiQIwHDIPfu3VUImM4rBe9eQAL2ezHDG&_nc_sid=ef5aa3&_nc_ht=video.fjai6-1.fna.fbcdn.net&_nc_ohc=b1wtlXVwSJYQ7kNvwGvbWU0&efg=eyJ2ZW5jb2RlX3RhZyI6Inhwdl9wcm9ncmVzc2l2ZS5WSV9VU0VDQVNFX1BST0RVQ1RfVFlQRS4uQzMuMzYwLnN2ZV9zZCIsInhwdl9hc3NldF9pZCI6ODgzMjI5NzUzOTI1NDM0LCJhc3NldF9hZ2VfZGF5cyI6NTU3LCJ2aV91c2VjYXNlX2lkIjoxMDc5OSwiZHVyYXRpb25fcyI6NTQsInVybGdlbl9zb3VyY2UiOiJ3d3cifQ%3D%3D&ccb=17-1&_nc_gid=l7wv8blPlrHjsqgiZ2Uglw&_nc_ss=7b289&_nc_zt=28&oh=00_Af-e39WVTylrmlDnlfVFoxLpHQsuWO2pVZ0BdTlVa8y7Vw&oe=6A36BD8B | Preview: https://scontent.fjai6-1.fna.fbcdn.net/v/t39.35426-6/704347293_1000693232915648_9181839721428217316_n.jpg?_nc_cat=108&ccb=1-7&_nc_sid=c53f8f&_nc_ohc=5I2M86FFxz0Q7kNvwELoOsg&_nc_oc=AdqLunrniVbFTU3dn2x9juf740yZbLO88wzCnDCEhX0Rrkk4OsCX7K-aIELrPR7RA9331P3TeEK9OHASCSyNV6Ym&_nc_zt=14&_nc_ht=scontent.fjai6-1.fna&_nc_gid=l7wv8blPlrHjsqgiZ2Uglw&_nc_ss=7b289&oh=00_Af_Uy_MB6nDPeDZYSY21_zIdE2deGOR4lxbJjx-gEd80Rw&oe=6A36B910
1738064320549744,https://www.facebook.com/61572566190687/,fb.me,https://www.facebook.com/61572566190687/,,,,,,,,,1107144849139562,http://fb.me/,Pune's Grand Township ,https://www.facebook.com/ads/library/?id=1738064320549744,"Premium 2, 3, 4 & 3/4 BHK Duplex Homes in Pune’s Biggest Township at North Hinjewadi.

Project Highlight : 
➜ Benefits Up to ₹9 Lakhs – Book Now
➜ 105 Acres Integrated Township
➜ India’s First Racecourse-Facing Apartments
➜ Seamless Connectivity to Hinjewadi IT Hub & Major Highways

Book your site visit today and unlock exclusive launch benefits",25,Get quote,fb.me,"FACEBOOK; INSTAGRAM",2026-05-27,2026-06-15,HD: https://video.fjai6-1.fna.fbcdn.net/o1/v/t2/f2/m366/AQPqB3J569juPMBxho5Ryp3hNWuma248QeiVLFmDri1O3E2YCHx6ZnBFP0lfZi4S3Vn5CMu7gf8dEe-kpvRQERXo_zokd1GrJt7-VWrAGB2QJA.mp4?_nc_cat=107&_nc_oc=AdpxBliUx3SLmyBc8LSlQ_32R26k5TbFgsIde7lgZpyTcU2AquHWbMqXZW7IuhvYiJzDj-GRxlOE_0cu0MLd5Q-8&_nc_sid=b66105&_nc_ht=video.fjai6-1.fna.fbcdn.net&_nc_ohc=z4GUHOOk0WkQ7kNvwF4H13t&efg=eyJ2ZW5jb2RlX3RhZyI6Inhwdl9wcm9ncmVzc2l2ZS5WSV9VU0VDQVNFX1BST0RVQ1RfVFlQRS4uQzMuNzIwLmRhc2hfaDI2NC1iYXNpYy1nZW4yXzcyMHAiLCJ4cHZfYXNzZXRfaWQiOjEyODEzNjg3NTQxMDQ2NjgsImFzc2V0X2FnZV9kYXlzIjo2NywidmlfdXNlY2FzZV9pZCI6MTA3OTksImR1cmF0aW9uX3MiOjQ5LCJ1cmxnZW5fc291cmNlIjoid3d3In0%3D&ccb=17-1&vs=f3dcc07b4d2f1cdf&_nc_vs=HBksFQIYRWZiX2VwaGVtZXJhbC85QzQxNDQwRDQ4QzkzNDFCNDAwMEQ0Q0Y2MUY2Mzc5RF9tdF8xX3ZpZGVvX2Rhc2hpbml0Lm1wNBUAAsgBEgAVAhhAZmJfcGVybWFuZW50LzAxNDJCMzU5NEY3M0ZERUMyQTgyQzZFQjQxM0JGREJFX2F1ZGlvX2Rhc2hpbml0Lm1wNBUCAsgBEgAoABgAGwKIB3VzZV9vaWwBMRJwcm9ncmVzc2l2ZV9yZWNpcGUBMRUAACa4pdGWvdnGBBUCKAJDMywXQEjRBiTdLxsYGWRhc2hfaDI2NC1iYXNpYy1nZW4yXzcyMHARAHUAZd6oAQA&_nc_gid=l7wv8blPlrHjsqgiZ2Uglw&_nc_ss=7b289&_nc_zt=28&oh=00_Af_MnVlNXutRZEzwlROSIWAuQ4_pwhhwlTSg17oxdBOUCA&oe=6A36BF0D | SD: https://video.fjai6-1.fna.fbcdn.net/o1/v/t2/f2/m412/AQO7UkOCsbsCTAmjK-rRwnyX_Op3PdBgPBwv6NecgLABU4sZHks2U7Ri9pCDhkaW0ErgWKt_1VJ2yyBmyEL7jfSLfQAv8SYoJ-_3TiPwNg.mp4?_nc_cat=110&_nc_oc=AdoYM1AbCTTNl2K6dkHBgIL4Bqnquh_0aAnzZDuo3kqNhmxLu6ax88cY1siZfWvE1faQMkW8111UFsp2riTzxruY&_nc_sid=ef5aa3&_nc_ht=video.fjai6-1.fna.fbcdn.net&_nc_ohc=jUzf_h3qGGkQ7kNvwH5Z7vT&efg=eyJ2ZW5jb2RlX3RhZyI6Inhwdl9wcm9ncmVzc2l2ZS5WSV9VU0VDQVNFX1BST0RVQ1RfVFlQRS4uQzMuMzYwLnN2ZV9zZCIsInhwdl9hc3NldF9pZCI6MTI4MTM2ODc1NDEwNDY2OCwiYXNzZXRfYWdlX2RheXMiOjY3LCJ2aV91c2VjYXNlX2lkIjoxMDc5OSwiZHVyYXRpb25fcyI6NDksInVybGdlbl9zb3VyY2UiOiJ3d3cifQ%3D%3D&ccb=17-1&_nc_gid=l7wv8blPlrHjsqgiZ2Uglw&_nc_ss=7b289&_nc_zt=28&oh=00_Af8_rA6zwbub8-2sIVolf5IU9u-pZFaSq1cCr1YaIBJogg&oe=6A36D41C | Preview: https://scontent.fjai6-1.fna.fbcdn.net/v/t39.35426-6/708068373_991721250507060_3734647925302165578_n.jpg?_nc_cat=103&ccb=1-7&_nc_sid=c53f8f&_nc_ohc=ocNNL5-1uzsQ7kNvwGL-Nqh&_nc_oc=AdqTJHw-4q65mcKyPXC9GEkHW32Mubb0TE-zQEXGD9Vyb9Ra596VNklwjmr1CWjl0Ko9gMvGTtcdnmZO78IUB5f3&_nc_zt=14&_nc_ht=scontent.fjai6-1.fna&_nc_gid=l7wv8blPlrHjsqgiZ2Uglw&_nc_ss=7b289&oh=00_Af-WGLCrMNikL3iXVHu8Czt2N5WB2YXdW9F-BmJpq_fcMw&oe=6A36D598,,,,,,,
1019935560978548,https://www.facebook.com/PropertyHyderabadofficial/,fb.me,https://www.facebook.com/PropertyHyderabadofficial/,,,,propertyhydweb@gmail.com,,,,,100803721830660,http://fb.me/,Property Hyderabad,https://www.facebook.com/ads/library/?id=1019935560978548,"Upgrade to grander living at Sansa County with luxurious 4BHK Triplex Villas crafted for those who want more from life.
Now enjoy savings up to ₹21 Lakhs + exclusive spot offers up to ₹7.5 Lakhs for a limited period.
✨ Project Highlights: 🏡 Spacious 4BHK Triplex Villas
🌿 Premium integrated township lifestyle
📍 Excellent connectivity to ORR & IT hubs
🏊 World-class clubhouse & amenities
🛣️ Wide roads & green open spaces
🔐 Gated community with modern infrastructure
📈 High investment appreciation potential
⏳ Limited-period exclusive benefits
Book your site visit today and experience elevated living at Sansa County.",1040,Get quote,fb.me,"FACEBOOK; INSTAGRAM",2026-05-30,2026-06-15,HD: https://video.fjai6-1.fna.fbcdn.net/o1/v/t2/f2/m366/AQOScS798RWakU2wogpht23quIn_6dUhpRc59slWjmZvfsPGHEY7Kco4E_brfEtaXw6JF3wqLZKfTpkhzxv_bCJPPXGLzWeMGO_kvfQSokr57Q.mp4?_nc_cat=110&_nc_oc=AdrCpFXwdCW-2nm3VO5pOUwSNaJ-8l_rVphdTpnrUYducM5oE612W-UaE4Vfwy4Q32MmoGh7PGKrdQukZHSraEbL&_nc_sid=b66105&_nc_ht=video.fjai6-1.fna.fbcdn.net&_nc_ohc=uiC-PjTJl-oQ7kNvwGMkMdI&efg=eyJ2ZW5jb2RlX3RhZyI6Inhwdl9wcm9ncmVzc2l2ZS5WSV9VU0VDQVNFX1BST0RVQ1RfVFlQRS4uQzMuNDY0LmRhc2hfaDI2NC1iYXNpYy1nZW4yXzcyMHAiLCJ4cHZfYXNzZXRfaWQiOjk2NTczMTA2OTQxNDU1NSwiYXNzZXRfYWdlX2RheXMiOjE3LCJ2aV91c2VjYXNlX2lkIjoxMDc5OSwiZHVyYXRpb25fcyI6MzcsInVybGdlbl9zb3VyY2UiOiJ3d3cifQ%3D%3D&ccb=17-1&vs=1764e971787cc771&_nc_vs=HBksFQIYRWZiX2VwaGVtZXJhbC9BMTQyQjcyMEE2M0FDNEU2ODNDQzlCOUJGNEIwMTA4OF9tdF8xX3ZpZGVvX2Rhc2hpbml0Lm1wNBUAAsgBEgAVAhhAZmJfcGVybWFuZW50L0I2NERDMTZBQzdBMzc1NTNBN0Q5REZGQzYwQkYwQUJFX2F1ZGlvX2Rhc2hpbml0Lm1wNBUCAsgBEgAoABgAGwKIB3VzZV9vaWwBMRJwcm9ncmVzc2l2ZV9yZWNpcGUBMRUAACa2srqV-ZS3AxUCKAJDMywXQEKqn752yLQYGWRhc2hfaDI2NC1iYXNpYy1nZW4yXzcyMHARAHUAZd6oAQA&_nc_gid=l7wv8blPlrHjsqgiZ2Uglw&_nc_ss=7b289&_nc_zt=28&oh=00_Af-XNZuDUvsCsh_bxHXg1i53vaSzY45eR2TEjojc7exIvQ&oe=6A36C726 | SD: https://video.fjai6-1.fna.fbcdn.net/o1/v/t2/f2/m412/AQNJUKFRCC0Q_WVF-un1HsPLNc8SmTFrQZPdEHXoDp__n1FYLunmGLY8FfEnFSu4vVljyrcYATo3BHqawdGvFuoDSEZEuZ_2nd4Fy-4row.mp4?_nc_cat=108&_nc_oc=AdoS-ePDE1NiEBl9nq-IlIP-Rjw0vZMG5KV_D1RkPeVV4naGMFGmkJUr8e1-sAAjL4ZTb96RxXIEVCRmkT7zOSf9&_nc_sid=ef5aa3&_nc_ht=video.fjai6-1.fna.fbcdn.net&_nc_ohc=MiXWSLb0IYQQ7kNvwG-cCd3&efg=eyJ2ZW5jb2RlX3RhZyI6Inhwdl9wcm9ncmVzc2l2ZS5WSV9VU0VDQVNFX1BST0RVQ1RfVFlQRS4uQzMuMzU2LnN2ZV9zZCIsInhwdl9hc3NldF9pZCI6OTY1NzMxMDY5NDE0NTU1LCJhc3NldF9hZ2VfZGF5cyI6MTcsInZpX3VzZWNhc2VfaWQiOjEwNzk5LCJkdXJhdGlvbl9zIjozNywidXJsZ2VuX3NvdXJjZSI6Ind3dyJ9&ccb=17-1&_nc_gid=l7wv8blPlrHjsqgiZ2Uglw&_nc_ss=7b289&_nc_zt=28&oh=00_Af8rfHQzT0XliChTiw0WAqsRkW7D0p5AdsY43sSgMpMDPw&oe=6A36BD0A | Preview: https://scontent.fjai6-1.fna.fbcdn.net/v/t39.35426-6/710461137_1775162410523103_7840423664841059921_n.jpg?_nc_cat=108&ccb=1-7&_nc_sid=c53f8f&_nc_ohc=9qL9rnXzkN4Q7kNvwHEQ9nh&_nc_oc=Adr7QdHcELS055tk2Qr-z8XSgpjkaLEQ00nofA8cmjwd5A6z_dVmk0tKV-pjKPNDZQ3-fKXkpxFGH7Ps9cKRkdkn&_nc_zt=14&_nc_ht=scontent.fjai6-1.fna&_nc_gid=l7wv8blPlrHjsqgiZ2Uglw&_nc_ss=7b289&oh=00_Af9e-TtdoeyetG9_M0Xs4Jfg0ZDtgjgqLSld3ODsD_F3wQ&oe=6A36B3BB,,,,,,,
1713353709669510,https://www.facebook.com/HiranandaniParksOragadam/,parkville.hiranandaniparks.com,https://www.facebook.com/HiranandaniParksOragadam/,,,,,,,,,979620852112007,https://parkville.hiranandaniparks.com/,Hiranandani Parks,https://www.facebook.com/ads/library/?id=1713353709669510,"Spacious Hiranandani POCKET-FRIENDLY Apts. near Oragadam, Chennai
2BHK Apartments Starting at ₹60 Lakhs + Taxes

✅ Spacious 1070Sq.ft POCKET-FRIENDLY Apts. with Balcony
✅ Distinctive design, Energy-efficient and Ventilated Homes
✅ Vaastu Compliant Homes with efficient planning
✅ Mixed Use integrated township
✅ Located at Oragadam , fast appreciating!

DTCP & Rera Registered 
Rera No. SWP/BPA/0125870/2024

Schedule a Site Visit Today",82220,Learn more,https://parkville.hiranandaniparks.com/,"FACEBOOK; INSTAGRAM; AUDIENCE_NETWORK; MESSENGER; THREADS",2026-05-15,2026-06-15,,,"Spacious Hiranandani POCKET-FRIENDLY Apts. near Oragadam, Chennai
2BHK Apartments Starting at ₹60 Lakhs + Taxes

✅ Spacious 1070Sq.ft POCKET-FRIENDLY Apts. with Balcony
✅ Distinctive design, Energy-efficient and Ventilated Homes
✅ Vaastu Compliant Homes with efficient planning
✅ Mixed Use integrated township
✅ Located at Oragadam , fast appreciating!

DTCP & Rera Registered 
Rera No. SWP/BPA/0125870/2024

Schedule a Site Visit Today || Spacious Hiranandani POCKET-FRIENDLY Apts. near Oragadam, Chennai
2BHK Apartments Starting at ₹60 Lakhs + Taxes

✅ Spacious 1070Sq.ft POCKET-FRIENDLY Apts. with Balcony
✅ Distinctive design, Energy-efficient and Ventilated Homes
✅ Vaastu Compliant Homes with efficient planning
✅ Mixed Use integrated township
✅ Located at Oragadam , fast appreciating!

DTCP & Rera Registered 
Rera No. SWP/BPA/0125870/2024

Schedule a Site Visit Today || Spacious Hiranandani POCKET-FRIENDLY Apts. near Oragadam, Chennai
2BHK Apartments Starting at ₹60 Lakhs + Taxes

✅ Spacious 1070Sq.ft POCKET-FRIENDLY Apts. with Balcony
✅ Distinctive design, Energy-efficient and Ventilated Homes
✅ Vaastu Compliant Homes with efficient planning
✅ Mixed Use integrated township
✅ Located at Oragadam , fast appreciating!

DTCP & Rera Registered 
Rera No. SWP/BPA/0125870/2024

Schedule a Site Visit Today || Spacious Hiranandani POCKET-FRIENDLY Apts. near Oragadam, Chennai
2BHK Apartments Starting at ₹60 Lakhs + Taxes

✅ Spacious 1070Sq.ft POCKET-FRIENDLY Apts. with Balcony
✅ Distinctive design, Energy-efficient and Ventilated Homes
✅ Vaastu Compliant Homes with efficient planning
✅ Mixed Use integrated township
✅ Located at Oragadam , fast appreciating!

DTCP & Rera Registered 
Rera No. SWP/BPA/0125870/2024

Schedule a Site Visit Today || Spacious Hiranandani POCKET-FRIENDLY Apts. near Oragadam, Chennai
2BHK Apartments Starting at ₹60 Lakhs + Taxes

✅ Spacious 1070Sq.ft POCKET-FRIENDLY Apts. with Balcony
✅ Distinctive design, Energy-efficient and Ventilated Homes
✅ Vaastu Compliant Homes with efficient planning
✅ Mixed Use integrated township
✅ Located at Oragadam , fast appreciating!

DTCP & Rera Registered 
Rera No. SWP/BPA/0125870/2024

Schedule a Site Visit Today",https://parkville.hiranandaniparks.com/ || https://parkville.hiranandaniparks.com/ || https://parkville.hiranandaniparks.com/ || https://parkville.hiranandaniparks.com/ || https://parkville.hiranandaniparks.com/,https://parkville.hiranandaniparks.com/ || https://parkville.hiranandaniparks.com/ || https://parkville.hiranandaniparks.com/ || https://parkville.hiranandaniparks.com/ || https://parkville.hiranandaniparks.com/,Learn More || Learn More || Learn More || Learn More || Learn More,Original: https://scontent.fjai6-1.fna.fbcdn.net/v/t39.35426-6/699504110_1613660813079783_5464643454115124567_n.jpg?_nc_cat=104&ccb=1-7&_nc_sid=c53f8f&_nc_ohc=l4WCmEvJS_YQ7kNvwGkqpIO&_nc_oc=AdrTMQ2gah8cus60Hvcs8oEkvmo3oWy-8DQDCcX0OKaUvd_j35H-pkWLa0Evwin6hQG2EXaCtCZnPU8N8hq5PDG6&_nc_zt=14&_nc_ht=scontent.fjai6-1.fna&_nc_gid=l7wv8blPlrHjsqgiZ2Uglw&_nc_ss=7b289&oh=00_Af_o2BRDuRos7J12aKvwlAV_HSi9D08sSZvFXseHydXJ-w&oe=6A36E06A | Resized: https://scontent.fjai6-1.fna.fbcdn.net/v/t39.35426-6/700490015_1411282294360394_18431189084639808_n.jpg?stp=dst-jpg_s600x600_tt6&_nc_cat=106&ccb=1-7&_nc_sid=c53f8f&_nc_ohc=f6x2nj36n18Q7kNvwEB02LY&_nc_oc=Adq51FnKHmVyASyZsiHC7XUsKyNT2I4-csx3aps5YHXOoiJ_ne3t5nJBx-FvG6GcpjO4ErtGgF05eMkKW8igrKtr&_nc_zt=14&_nc_ht=scontent.fjai6-1.fna&_nc_gid=l7wv8blPlrHjsqgiZ2Uglw&_nc_ss=7b289&oh=00_Af9kIyzZ-DrQ5IAy8KiEr9ipLDkVogPH3GHlNsM5-yaOHQ&oe=6A36AFB9 || Original: https://scontent.fjai6-1.fna.fbcdn.net/v/t39.35426-6/699228120_984466750977594_8221239178587435849_n.jpg?_nc_cat=105&ccb=1-7&_nc_sid=c53f8f&_nc_ohc=t7MPV141w_0Q7kNvwG1YnMz&_nc_oc=Adpu1UU7cJnUdbACZ_TsxTAH1WaS78y0qPy0ym3wJJW1K1F6fYp7ZGjUFkusaxcliSoMcv5dvwu5aclfhubq8AVs&_nc_zt=14&_nc_ht=scontent.fjai6-1.fna&_nc_gid=l7wv8blPlrHjsqgiZ2Uglw&_nc_ss=7b289&oh=00_Af8nk-95M9oDWvXgsj9iVeACCMRG-VXdVBR6zA3kmvhqWw&oe=6A36AE44 | Resized: https://scontent.fjai6-1.fna.fbcdn.net/v/t39.35426-6/699106009_1008780018769635_6556018120434886967_n.jpg?stp=dst-jpg_s600x600_tt6&_nc_cat=104&ccb=1-7&_nc_sid=c53f8f&_nc_ohc=sOaViOqHWAgQ7kNvwFq4OFE&_nc_oc=AdrCD1PAxUyX869bY3mAsy7r1MppFOB3tiKnqlQzEAaW-KY_Dvk3EoN4l2gzSiNnW2sqrUiUSp1P244tNxntfBUn&_nc_zt=14&_nc_ht=scontent.fjai6-1.fna&_nc_gid=l7wv8blPlrHjsqgiZ2Uglw&_nc_ss=7b289&oh=00_Af9qIjgwZr6iXgEoRpsJ--FpvR6rxESbgyrNBLLaWwgTTQ&oe=6A36D848 || Original: https://scontent.fjai6-1.fna.fbcdn.net/v/t39.35426-6/699701145_842443501719236_352233182989296652_n.jpg?_nc_cat=106&ccb=1-7&_nc_sid=c53f8f&_nc_ohc=OHTYszTV09MQ7kNvwEFR6U7&_nc_oc=AdpUNJdWo-XVssvSjuiILzTYdR1kpidJLCmJZ-u-DpZLEQ8EGeNjzIYd7JG-KjeYCxOrI-p0Pg4q5IErQGJ47lM-&_nc_zt=14&_nc_ht=scontent.fjai6-1.fna&_nc_gid=l7wv8blPlrHjsqgiZ2Uglw&_nc_ss=7b289&oh=00_Af8I5S9zskrN5-Q_WFOJrUBu82ZZuewj6_hjUO2KihidLA&oe=6A36B27E | Resized: https://scontent.fjai6-1.fna.fbcdn.net/v/t39.35426-6/700472476_989379330245215_9164264638634771146_n.jpg?stp=dst-jpg_s600x600_tt6&_nc_cat=100&ccb=1-7&_nc_sid=c53f8f&_nc_ohc=XG0CSQD-JkcQ7kNvwEiwmAc&_nc_oc=AdrNCdO1xONBFFJLtmzvVi7rYOQJNh496vIrM-J4IFRfmR7jkZ0oRQliBPVn07_yonxPuN__AnzHYqiXM7sPHl9F&_nc_zt=14&_nc_ht=scontent.fjai6-1.fna&_nc_gid=l7wv8blPlrHjsqgiZ2Uglw&_nc_ss=7b289&oh=00_Af-zsZWlhxMqcLg9UcjDPl3Ud7k5W5jG_EcGU_uuObfdVg&oe=6A36DF90 || Original: https://scontent.fjai6-1.fna.fbcdn.net/v/t39.35426-6/699228120_984466750977594_8221239178587435849_n.jpg?_nc_cat=105&ccb=1-7&_nc_sid=c53f8f&_nc_ohc=t7MPV141w_0Q7kNvwG1YnMz&_nc_oc=Adpu1UU7cJnUdbACZ_TsxTAH1WaS78y0qPy0ym3wJJW1K1F6fYp7ZGjUFkusaxcliSoMcv5dvwu5aclfhubq8AVs&_nc_zt=14&_nc_ht=scontent.fjai6-1.fna&_nc_gid=l7wv8blPlrHjsqgiZ2Uglw&_nc_ss=7b289&oh=00_Af8nk-95M9oDWvXgsj9iVeACCMRG-VXdVBR6zA3kmvhqWw&oe=6A36AE44 | Resized: https://scontent.fjai6-1.fna.fbcdn.net/v/t39.35426-6/699106009_1008780018769635_6556018120434886967_n.jpg?stp=dst-jpg_s600x600_tt6&_nc_cat=104&ccb=1-7&_nc_sid=c53f8f&_nc_ohc=sOaViOqHWAgQ7kNvwFq4OFE&_nc_oc=AdrCD1PAxUyX869bY3mAsy7r1MppFOB3tiKnqlQzEAaW-KY_Dvk3EoN4l2gzSiNnW2sqrUiUSp1P244tNxntfBUn&_nc_zt=14&_nc_ht=scontent.fjai6-1.fna&_nc_gid=l7wv8blPlrHjsqgiZ2Uglw&_nc_ss=7b289&oh=00_Af9qIjgwZr6iXgEoRpsJ--FpvR6rxESbgyrNBLLaWwgTTQ&oe=6A36D848 || Original: https://scontent.fjai6-1.fna.fbcdn.net/v/t39.35426-6/700499804_2043467736555209_7991362051738330371_n.jpg?_nc_cat=107&ccb=1-7&_nc_sid=c53f8f&_nc_ohc=En-evqF9S2YQ7kNvwGacVJm&_nc_oc=AdqP8dfS9vDlknAIgFR6fz88ctZ8FW_78PzYVnrNtjqzLspPFPGxB8CdLGFACy1AjUFBL3IYxXAhUj9IhGc5o3AR&_nc_zt=14&_nc_ht=scontent.fjai6-1.fna&_nc_gid=l7wv8blPlrHjsqgiZ2Uglw&_nc_ss=7b289&oh=00_Af_qCpCQnuZn3sHZeq87jO_ZTYbu7upc7BmhqCF4ebopzA&oe=6A36E60E | Resized: https://scontent.fjai6-1.fna.fbcdn.net/v/t39.35426-6/698254486_1341340351171978_4146582497810899922_n.jpg?stp=dst-jpg_s600x600_tt6&_nc_cat=105&ccb=1-7&_nc_sid=c53f8f&_nc_ohc=rCh25Bjamq0Q7kNvwF6OzZY&_nc_oc=AdrzCS2IRhl6RqBTEk9FRUHZwhqRBMDYrJ6_-OTSFc6eZ0i0oy_BrKaZgCB09Ldjx0Q5mswBe7_cD8ir1agqH8m8&_nc_zt=14&_nc_ht=scontent.fjai6-1.fna&_nc_gid=l7wv8blPlrHjsqgiZ2Uglw&_nc_ss=7b289&oh=00_Af-s-WMdEDp0a6Gx7RHMeBCrcBdT016lgT9nsUlqocb-6Q&oe=6A36B272,
954278634259671,https://www.facebook.com/bopgrp/,fb.me,https://www.facebook.com/bopgrp/,,,,info@boprealty.com,+91 96544 44355,,,,296508423701621,http://fb.me/,BOP Realty,https://www.facebook.com/ads/library/?id=954278634259671,"Own a Premium Retail Shop | Business Suites | Office Spaces in Lucknow
with an easy 1% monthly payment plan.

Migsun Lucknow Central – Sushant Golf City
✅ Inside Lucknow’s largest integrated township
✅ Adjoining Medanta Hospital

💰 Starting at ₹60 Lakhs*

➡️ High footfall location
➡️ Strong rental potential
➡️ Strong capital appreciation in a prime commercial zone

🚨 Ideal for passive investors seeking high rental yields – Book a Site Visit, Now! (T&C Apply)

Marketed By BOP 
RERA No.: UPRERAAGT10206

All area measurements are approx. areas shown in Sq. Ft, are conversions from Sq. Mt. (1 Sq. Mt. = 10.7639 Sq. Ft.) for convenience only

#MigsunLucknowCentral #LuxuryLiving #InvestInLucknow #PremiumRetail #HighROI",8971,Get offer,fb.me,"FACEBOOK; INSTAGRAM",2026-05-07,2026-06-15,,,"Own a Premium Retail Shop | Business Suites | Office Spaces in Lucknow
with an easy 1% monthly payment plan.

Migsun Lucknow Central – Sushant Golf City
✅ Inside Lucknow’s largest integrated township
✅ Adjoining Medanta Hospital

💰 Starting at ₹60 Lakhs*

➡️ High footfall location
➡️ Strong rental potential
➡️ Strong capital appreciation in a prime commercial zone

🚨 Ideal for passive investors seeking high rental yields – Book a Site Visit, Now! (T&C Apply)

Marketed By BOP 
RERA No.: UPRERAAGT10206

All area measurements are approx. areas shown in Sq. Ft, are conversions from Sq. Mt. (1 Sq. Mt. = 10.7639 Sq. Ft.) for convenience only

#MigsunLucknowCentral #LuxuryLiving #InvestInLucknow #PremiumRetail #HighROI || Own a Premium Retail Shop | Business Suites | Office Spaces in Lucknow
with an easy 1% monthly payment plan.

Migsun Lucknow Central – Sushant Golf City
✅ Inside Lucknow’s largest integrated township
✅ Adjoining Medanta Hospital

💰 Starting at ₹60 Lakhs*

➡️ High footfall location
➡️ Strong rental potential
➡️ Strong capital appreciation in a prime commercial zone

🚨 Ideal for passive investors seeking high rental yields – Book a Site Visit, Now! (T&C Apply)

Marketed By BOP 
RERA No.: UPRERAAGT10206

All area measurements are approx. areas shown in Sq. Ft, are conversions from Sq. Mt. (1 Sq. Mt. = 10.7639 Sq. Ft.) for convenience only

#MigsunLucknowCentral #LuxuryLiving #InvestInLucknow #PremiumRetail #HighROI || Own a Premium Retail Shop | Business Suites | Office Spaces in Lucknow
with an easy 1% monthly payment plan.

Migsun Lucknow Central – Sushant Golf City
✅ Inside Lucknow’s largest integrated township
✅ Adjoining Medanta Hospital

💰 Starting at ₹60 Lakhs*

➡️ High footfall location
➡️ Strong rental potential
➡️ Strong capital appreciation in a prime commercial zone

🚨 Ideal for passive investors seeking high rental yields – Book a Site Visit, Now! (T&C Apply)

Marketed By BOP 
RERA No.: UPRERAAGT10206

All area measurements are approx. areas shown in Sq. Ft, are conversions from Sq. Mt. (1 Sq. Mt. = 10.7639 Sq. Ft.) for convenience only

#MigsunLucknowCentral #LuxuryLiving #InvestInLucknow #PremiumRetail #HighROI",http://fb.me/ || http://fb.me/ || http://fb.me/,,Get Offer || Get Offer || Get Offer,Original: https://scontent.fjai6-1.fna.fbcdn.net/v/t39.35426-6/689330636_1642704850107082_3077562071077749357_n.jpg?_nc_cat=108&ccb=1-7&_nc_sid=c53f8f&_nc_ohc=_xIpSvRTJYwQ7kNvwEWg3uu&_nc_oc=AdpfPQIBwjBtTCnewZQFvZnpMC_OLw77qEqaYBylgtRuqyXkZkfCQ57-mxNIrQVVZei5L53WhRaasFc61DIbOsFc&_nc_zt=14&_nc_ht=scontent.fjai6-1.fna&_nc_gid=l7wv8blPlrHjsqgiZ2Uglw&_nc_ss=7b289&oh=00_Af_zC77eyN_dAtWWMNljbxRDQ7Koqe_okU8e6olzpkwbOw&oe=6A36C0F6 | Resized: https://scontent.fjai6-1.fna.fbcdn.net/v/t39.35426-6/690873062_2111618206052105_5139502376488768511_n.jpg?stp=dst-jpg_s600x600_tt6&_nc_cat=100&ccb=1-7&_nc_sid=c53f8f&_nc_ohc=oERc5c0yO-gQ7kNvwEQeZu9&_nc_oc=AdpP2rJ0uC9-pAEtOO_qG2Sgz-R7RT3U2PoUMC0MawWiXlTWkrXbe3_2Osptkfq1kJLeGtwVA0jiwFGVaDJSLo5S&_nc_zt=14&_nc_ht=scontent.fjai6-1.fna&_nc_gid=l7wv8blPlrHjsqgiZ2Uglw&_nc_ss=7b289&oh=00_Af_oUN6kpXYtZ4VMK7oYTSv8k4UB-s7lgpb1QkvRuFD7Dg&oe=6A36BF09 || Original: https://scontent.fjai6-1.fna.fbcdn.net/v/t39.35426-6/688896870_979273641360143_2684582515084792173_n.jpg?_nc_cat=105&ccb=1-7&_nc_sid=c53f8f&_nc_ohc=diH9wACt3WUQ7kNvwGWSOk4&_nc_oc=AdqyD4okOrpokdCNgKJesivyRohgEgHxsaF86H4QCZ3FgslcW4n_f_x-Jw1UThdPpi_RCtsm4I3m7YTzVfAIjmUf&_nc_zt=14&_nc_ht=scontent.fjai6-1.fna&_nc_gid=l7wv8blPlrHjsqgiZ2Uglw&_nc_ss=7b289&oh=00_Af8I0t-eMcsb2GO5q56yJjnvU_GiKX-KDPWAeTmgeTf1zg&oe=6A36D2DE | Resized: https://scontent.fjai6-1.fna.fbcdn.net/v/t39.35426-6/689020055_1187223360095364_9003262488302890576_n.jpg?stp=dst-jpg_s600x600_tt6&_nc_cat=111&ccb=1-7&_nc_sid=c53f8f&_nc_ohc=Y9mdK3mZJ-8Q7kNvwHmyDzk&_nc_oc=AdrWWe0unr2Inc7nwgjecxEzMcyQTwK9ynKGffabKP96bXlVf4K8sw8S9WpdUYVbVYrZigHa-T6Mxnrs8eRfa-3A&_nc_zt=14&_nc_ht=scontent.fjai6-1.fna&_nc_gid=l7wv8blPlrHjsqgiZ2Uglw&_nc_ss=7b289&oh=00_Af8Y0Dfqmm_hvCSz_Rwwtvvyko9TjU15eGLTlS2ZFTZ_kw&oe=6A36C062 || Original: https://scontent.fjai6-1.fna.fbcdn.net/v/t39.35426-6/687960631_1676375380229095_7082973434916950806_n.jpg?_nc_cat=106&ccb=1-7&_nc_sid=c53f8f&_nc_ohc=tThB7X1ODGgQ7kNvwGD4Zeg&_nc_oc=AdpvSY86Tm_RkmdDXLG61TFyW6rSIKP9ROLhj4wY9ALJRatdHem0McgkBxr6fbAHJdwmUihVW1Wfu9njxPpRjvpy&_nc_zt=14&_nc_ht=scontent.fjai6-1.fna&_nc_gid=l7wv8blPlrHjsqgiZ2Uglw&_nc_ss=7b289&oh=00_Af85wH6PXW2TRZXbR9HaEw046vdh5jSA9b0PfUhkMWjQ0Q&oe=6A36AF47 | Resized: https://scontent.fjai6-1.fna.fbcdn.net/v/t39.35426-6/690588459_4429773637294851_5196090618859766122_n.jpg?stp=dst-jpg_s600x600_tt6&_nc_cat=100&ccb=1-7&_nc_sid=c53f8f&_nc_ohc=KOJHnbD90okQ7kNvwH1U1dZ&_nc_oc=AdqQh19qgBj4DkFteLBff2wCM3qF0WCECSrNQ-MJBu4uyp6zsJmcTE4-kfab4IfNyf3YYug1P2JmOgE7-CF8aBoB&_nc_zt=14&_nc_ht=scontent.fjai6-1.fna&_nc_gid=l7wv8blPlrHjsqgiZ2Uglw&_nc_ss=7b289&oh=00_Af-u3bhrI2Mp6WafPXYlxL9K3oKGze1z1AXpL97s3QWbKQ&oe=6A36B3FE,
1335341331433466,https://www.facebook.com/therightlifeofficial/,therightlife.in,https://www.facebook.com/therightlifeofficial/,,,,,,,,,123158527554647,https://therightlife.in/bengaluru/?utm_source=Inso_TRL_CTW_FP_Job_Primary_3bhk,The Right Life,https://www.facebook.com/ads/library/?id=1335341331433466,"Step into a life where nature comes first at The Forest Province, The Right Life.

Own a premium 3, 3.5 & 4 BHK residence starting from ₹1.9 Cr* within a 100+ acre integrated township on Whitefield–Sarjapur Road.

➤ Forest-themed enclave with a 1+ acre Miyawaki Forest
➤ 1,000+ trees & plants within the community
➤ 1+ acre Miyawaki Forest at the heart of the community
➤ Expansive green views, natural light & ventilation
➤ 84% open spaces within the township
➤ 25+ lifestyle amenities & a 1 Lakh Sq. Ft. Grand Clubhouse
➤ Just 20 minutes from Whitefield, Sarjapur Road & Electronic City

Book Now & Start Paying from 2027.",52261,Learn more,therightlife.in,"FACEBOOK; INSTAGRAM",2026-06-11,2026-06-15,,,"Step into a life where nature comes first at The Forest Province, The Right Life.

Own a premium 3, 3.5 & 4 BHK residence starting from ₹1.9 Cr* within a 100+ acre integrated township on Whitefield–Sarjapur Road.

➤ Forest-themed enclave with a 1+ acre Miyawaki Forest
➤ 1,000+ trees & plants within the community
➤ 1+ acre Miyawaki Forest at the heart of the community
➤ Expansive green views, natural light & ventilation
➤ 84% open spaces within the township
➤ 25+ lifestyle amenities & a 1 Lakh Sq. Ft. Grand Clubhouse
➤ Just 20 minutes from Whitefield, Sarjapur Road & Electronic City

Book Now & Start Paying from 2027. || Step into a life where nature comes first at The Forest Province, The Right Life.

Own a premium 3, 3.5 & 4 BHK residence starting from ₹1.9 Cr* within a 100+ acre integrated township on Whitefield–Sarjapur Road.

➤ Forest-themed enclave with a 1+ acre Miyawaki Forest
➤ 1,000+ trees & plants within the community
➤ 1+ acre Miyawaki Forest at the heart of the community
➤ Expansive green views, natural light & ventilation
➤ 84% open spaces within the township
➤ 25+ lifestyle amenities & a 1 Lakh Sq. Ft. Grand Clubhouse
➤ Just 20 minutes from Whitefield, Sarjapur Road & Electronic City

Book Now & Start Paying from 2027. || Step into a life where nature comes first at The Forest Province, The Right Life.

Own a premium 3, 3.5 & 4 BHK residence starting from ₹1.9 Cr* within a 100+ acre integrated township on Whitefield–Sarjapur Road.

➤ Forest-themed enclave with a 1+ acre Miyawaki Forest
➤ 1,000+ trees & plants within the community
➤ 1+ acre Miyawaki Forest at the heart of the community
➤ Expansive green views, natural light & ventilation
➤ 84% open spaces within the township
➤ 25+ lifestyle amenities & a 1 Lakh Sq. Ft. Grand Clubhouse
➤ Just 20 minutes from Whitefield, Sarjapur Road & Electronic City

Book Now & Start Paying from 2027.",https://therightlife.in/bengaluru/?utm_source=Inso_TRL_CTW_FP_Job_Primary_3bhk || https://therightlife.in/bengaluru/?utm_source=Inso_TRL_CTW_FP_Job_Primary_3bhk || https://therightlife.in/bengaluru/?utm_source=Inso_TRL_CTW_FP_Job_Primary_3bhk,,Learn More || Learn More || Learn More,Original: https://scontent.fjai6-1.fna.fbcdn.net/v/t39.35426-6/719675192_1544777654037829_5603053055009106618_n.jpg?_nc_cat=111&ccb=1-7&_nc_sid=c53f8f&_nc_ohc=sCF-FGfNtpQQ7kNvwF0AekQ&_nc_oc=Adpo9G3RD-VEm3mC9PbIqjXnl9bC_st08j2xRYbz_t5zyYhzX6qVK9qM16J5is_q5l3QNIo08ToXgBd6mhK2C7TK&_nc_zt=14&_nc_ht=scontent.fjai6-1.fna&_nc_gid=k7KQvjR21_Lbc5225dEsig&_nc_ss=7b289&oh=00_Af8hyPwmBFD854HXhT_mLSPGuWUkSowX84ofvbL4AnceYw&oe=6A36C5A7 | Resized: https://scontent.fjai6-1.fna.fbcdn.net/v/t39.35426-6/721415938_2781577982201534_5546824453644465423_n.jpg?stp=dst-jpg_s600x600_tt6&_nc_cat=104&ccb=1-7&_nc_sid=c53f8f&_nc_ohc=rScnYMP6i8IQ7kNvwG9kjf_&_nc_oc=AdqGzARcKMqKuKsvcAWLcsolA8zBRvV8INdSlwiNRMKy51Qd7W0Bx5O9XdwPkZ7hAoPOqAjfbg1GZbPmvwIUIph4&_nc_zt=14&_nc_ht=scontent.fjai6-1.fna&_nc_gid=k7KQvjR21_Lbc5225dEsig&_nc_ss=7b289&oh=00_Af_ODgd3F8EZl2yM1JNc6YQDgq-3EXpa-bcSq9slHdPiLg&oe=6A36AFEE || Original: https://scontent.fjai6-1.fna.fbcdn.net/v/t39.35426-6/722454559_1505356127752847_7208066288069105537_n.jpg?_nc_cat=104&ccb=1-7&_nc_sid=c53f8f&_nc_ohc=KaZhI-A70kwQ7kNvwGfp2ic&_nc_oc=Ado9Ikvr8SNO4_fVXMW5wRjWWfxiLsSNDdasftzogj4fLITUV2mr_P6ILOKI_yuyT1UFIAq8QwDxxDxTy13SS_p_&_nc_zt=14&_nc_ht=scontent.fjai6-1.fna&_nc_gid=k7KQvjR21_Lbc5225dEsig&_nc_ss=7b289&oh=00_Af9OEfhDfY-81dPLTD6lQOJHpm8UEhGhkHBSgJFFmwlSFQ&oe=6A36C168 | Resized: https://scontent.fjai6-1.fna.fbcdn.net/v/t39.35426-6/721290334_4372130479669986_5482905358994287328_n.jpg?stp=dst-jpg_s600x600_tt6&_nc_cat=108&ccb=1-7&_nc_sid=c53f8f&_nc_ohc=wpxkG-rE8CcQ7kNvwEJiYAN&_nc_oc=AdrF6NY3FOj8NQIanLFT6EojX55I_Vnn7gky8QEbj2Sll2udfO2prm8TkulpZfNR_CJD2qzUiQqsMxAeoiWhELmd&_nc_zt=14&_nc_ht=scontent.fjai6-1.fna&_nc_gid=k7KQvjR21_Lbc5225dEsig&_nc_ss=7b289&oh=00_Af-VbcMIiZu-pWE3RiNkcX5zDv3XkXT4uMp7AFJaCkWSlQ&oe=6A36C494 || Original: https://scontent.fjai6-1.fna.fbcdn.net/v/t39.35426-6/722860545_1813029069674413_1270785638294958650_n.jpg?_nc_cat=110&ccb=1-7&_nc_sid=c53f8f&_nc_ohc=XSyooDZWuwsQ7kNvwHc4XIY&_nc_oc=AdrkWvIadJbZhLe_tRZXNfZ2sGJkBG0m8PuTqDFaSdxqOIP6rqC4I9lRVpuQCPEK4IZ0q74oKK68lSnU7WSie8Fb&_nc_zt=14&_nc_ht=scontent.fjai6-1.fna&_nc_gid=k7KQvjR21_Lbc5225dEsig&_nc_ss=7b289&oh=00_Af8mYf9EJcFD46L633RuOKaHRPPHSGgLTgHRDn6jvMj9tA&oe=6A36CFEA | Resized: https://scontent.fjai6-1.fna.fbcdn.net/v/t39.35426-6/721290335_2852595441740204_1169397542751856929_n.jpg?stp=dst-jpg_s600x600_tt6&_nc_cat=111&ccb=1-7&_nc_sid=c53f8f&_nc_ohc=TcH8K3eOUzwQ7kNvwHsGRzi&_nc_oc=AdqSNmwkG2WmO9vLq3XkgMYfGTVosYkCBOYd86_TFUD-iJ1U1nzlkjINb6E53ISILzxMueK_oNGbTTj-3ZBMS43E&_nc_zt=14&_nc_ht=scontent.fjai6-1.fna&_nc_gid=k7KQvjR21_Lbc5225dEsig&_nc_ss=7b289&oh=00_Af8cZ5Pe16CNbifxm2eVpt4f1_m8nlYB8Uh_NiaRKOKSAQ&oe=6A36B7DB,
1721794588841584,https://www.facebook.com/therightlifeofficial/,therightlife.in,https://www.facebook.com/therightlifeofficial/,,,,enquiry@therightlife.in,08071175000,,,,123158527554647,https://therightlife.in/bengaluru/?utm_source=Inso_TRL_CTW_FP_Job_Primary_3bhk,The Right Life,https://www.facebook.com/ads/library/?id=1721794588841584,"Step into a life where nature comes first at The Forest Province, The Right Life.

Own a premium 3, 3.5 & 4 BHK residence starting from ₹1.9 Cr* within a 100+ acre integrated township on Whitefield–Sarjapur Road.

➤ Forest-themed enclave with a 1+ acre Miyawaki Forest
➤ 1,000+ trees & plants within the community
➤ 1+ acre Miyawaki Forest at the heart of the community
➤ Expansive green views, natural light & ventilation
➤ 84% open spaces within the township
➤ 25+ lifestyle amenities & a 1 Lakh Sq. Ft. Grand Clubhouse
➤ Just 20 minutes from Whitefield, Sarjapur Road & Electronic City

Book Now & Start Paying from 2027.",52261,Learn more,therightlife.in,"FACEBOOK; INSTAGRAM",2026-06-14,2026-06-15,,Original: https://scontent.fjai6-1.fna.fbcdn.net/v/t39.35426-6/724598304_1563190802050284_9043961329491191947_n.jpg?_nc_cat=100&ccb=1-7&_nc_sid=c53f8f&_nc_ohc=OUJNOb2p3rcQ7kNvwF0T0D9&_nc_oc=AdqQZPU4YYMdyk5YZBLCInK295WKRCi6lsKpwfr4fvm640mR4khb3zUCe2rOULWji_VlYGVtbMqInsbkNyu9XQwz&_nc_zt=14&_nc_ht=scontent.fjai6-1.fna&_nc_gid=k7KQvjR21_Lbc5225dEsig&_nc_ss=7b289&oh=00_Af_3jXtfYFRCqN38kMha7QwVkGKIfU62s2T1lxjPcpJTIQ&oe=6A36DB2E | Resized: https://scontent.fjai6-1.fna.fbcdn.net/v/t39.35426-6/724221452_1716708809758265_3635312940609807160_n.jpg?stp=dst-jpg_s600x600_tt6&_nc_cat=104&ccb=1-7&_nc_sid=c53f8f&_nc_ohc=i5bal6Zgg98Q7kNvwGWs55W&_nc_oc=AdqQwM2fpNt5ldEjVzHjsqRn4TBVqWnirtFM5Ey-9pAtMwG72ViHv5shLglW5H9AgS_NwhMCC7c8Zgrci34i2cm6&_nc_zt=14&_nc_ht=scontent.fjai6-1.fna&_nc_gid=k7KQvjR21_Lbc5225dEsig&_nc_ss=7b289&oh=00_Af9J-lu6DKLnXTA15ZNV-TzPxku8hGUE3OA49uvJdp2OKQ&oe=6A36E54A,,,,,,
3892433241064033,https://www.facebook.com/61590781313500/,fb.me,https://www.facebook.com/61590781313500/,,,,madsy1@gmail.com,+91 96060 33078,,,,1089922607546005,http://fb.me/,Sobha One World,https://www.facebook.com/ads/library/?id=3892433241064033,"1,2,3 & 4 Bed Luxury Residences starting from 1.65cr onwards",,Get offer,fb.me,"FACEBOOK; INSTAGRAM; AUDIENCE_NETWORK",2026-06-12,2026-06-15,,,"SOBHA OneWorld marks the advent of Bengaluru’s next generation of integrated township. This one-of-a-kind community brings residential, retail, commercial, and cultural realms into one master vision. || SOBHA OneWorld marks the advent of Bengaluru’s next generation of integrated township. This one-of-a-kind community brings residential, retail, commercial, and cultural realms into one master vision.",http://fb.me/ || http://fb.me/,fb.me || fb.me,Get Offer || Get Offer,Original: https://scontent.fjai6-1.fna.fbcdn.net/v/t39.35426-6/719548595_983158697853646_2169227512183726913_n.jpg?_nc_cat=107&ccb=1-7&_nc_sid=c53f8f&_nc_ohc=xsQ118mqCNUQ7kNvwEwUPwD&_nc_oc=AdoSIIJB6w1s7fPLHnxUI2-GPJVPxZvbf9t4f7jwXIi0bsIig8WsVqDYo4IyoiYHpyU0U27chcwWzIr_U2lw6Vst&_nc_zt=14&_nc_ht=scontent.fjai6-1.fna&_nc_gid=k7KQvjR21_Lbc5225dEsig&_nc_ss=7b289&oh=00_Af9n1iU_7sKt_qXVM6fEHBZXsFaJc7dB9zzFMukbtypuOw&oe=6A36B1B2 | Resized: https://scontent.fjai6-1.fna.fbcdn.net/v/t39.35426-6/722363798_938048622627372_589565645141916409_n.jpg?stp=dst-jpg_s600x600_tt6&_nc_cat=104&ccb=1-7&_nc_sid=c53f8f&_nc_ohc=Oyh1RrD3P1YQ7kNvwGjK7dq&_nc_oc=Adow5DN-O71qN-CJ0bWgFoJH9kF8qEzsjTATM---z5nUwkYGdDZX9LEOZl-1eC7MI2OJvStpe7b7STNwulzJgXss&_nc_zt=14&_nc_ht=scontent.fjai6-1.fna&_nc_gid=k7KQvjR21_Lbc5225dEsig&_nc_ss=7b289&oh=00_Af_b5-enl-a_A4SJE61pbdqoghkXLd3yeQGiEIkZsjiVog&oe=6A36BC09 || Original: https://scontent.fjai6-1.fna.fbcdn.net/v/t39.35426-6/719863515_27215618708096391_5786716572701460638_n.jpg?_nc_cat=111&ccb=1-7&_nc_sid=c53f8f&_nc_ohc=k7Qbqx4lkN4Q7kNvwHKjUn1&_nc_oc=Adofp13kgSTHZk3jhmi68PwqUP4qWdwxFBhcGjVGK55y-87KWzLtp_4dsJ2XlI9m2OVzauVmNeleWT5llr0o7AR8&_nc_zt=14&_nc_ht=scontent.fjai6-1.fna&_nc_gid=k7KQvjR21_Lbc5225dEsig&_nc_ss=7b289&oh=00_Af-daajz41siXMa3IwiTptXFQ1lGhDHpKVr497mqk-4H2w&oe=6A36CF6D | Resized: https://scontent.fjai6-1.fna.fbcdn.net/v/t39.35426-6/722268091_1002086848901525_4657528321060238184_n.jpg?stp=dst-jpg_s600x600_tt6&_nc_cat=100&ccb=1-7&_nc_sid=c53f8f&_nc_ohc=q3MaW1PIBygQ7kNvwHy1wrg&_nc_oc=Adr5u7w5hkTc1_DMjiYTicTxwFHLmZvUP6SFzldkDjrw5ZlaSflL6r_nnzHLIWU0S0Fxmre6N_HiSGjdUSRwx9-e&_nc_zt=14&_nc_ht=scontent.fjai6-1.fna&_nc_gid=k7KQvjR21_Lbc5225dEsig&_nc_ss=7b289&oh=00_Af97Alf8Az2E3raQn0yxW5MRbD_iO6IR4BUVxkzZMIn96g&oe=6A36C423,
1253263586692671,https://www.facebook.com/housiey/,fb.me,https://www.facebook.com/housiey/,,,,sales@housiey.com,+91 80974 52839,,,,216444252147750,http://fb.me/,Housiey,https://www.facebook.com/ads/library/?id=1253263586692671,"Lodha Group New Launch at Palava City off Kalyan-Shilphata Road, Dombivli East
✅ 700 Acres Integrated Township
✅ 1/2/3 BHK - ₹47 Lacs Onwards
✅ Metro Stn- 5min | Tunnel - 7min
✅ 50+ Luxurious Amenities
✅ Exclusive Launch Discounts
✅ Booking Window Open Now
✅ Housiey Rera No. A51900001761
✅ Project Rera No. P51700017487",31914,Download,fb.me,"FACEBOOK; INSTAGRAM; AUDIENCE_NETWORK",2026-06-09,2026-06-15,,Original: https://scontent.fjai6-1.fna.fbcdn.net/v/t39.35426-6/701120060_948319924655392_8760224367838386162_n.jpg?_nc_cat=110&ccb=1-7&_nc_sid=c53f8f&_nc_ohc=2UKq-UL2MK4Q7kNvwFmHijv&_nc_oc=Adq5HGabepmfggX7zfSaOq2RwV84pMfGaDwLwx1CQSEiiNSthVV9jM7WfQrGV1_O2iv3abtTVs9qBHMkWRbrgpps&_nc_zt=14&_nc_ht=scontent.fjai6-1.fna&_nc_gid=k7KQvjR21_Lbc5225dEsig&_nc_ss=7b289&oh=00_Af8S1Xg0YbpFtud8wW6O8EOQxHk2n8s5kP2nO_OfSLUm6g&oe=6A36CB8D | Resized: https://scontent.fjai6-1.fna.fbcdn.net/v/t39.35426-6/701302002_1801655977911842_3616526620378864399_n.jpg?stp=dst-jpg_s600x600_tt6&_nc_cat=110&ccb=1-7&_nc_sid=c53f8f&_nc_ohc=P1qvI_BE6jsQ7kNvwECvbyf&_nc_oc=Adr61IwjM8GCZoM5PHFf_rEwDG0kLDaEWgAse7BLpRKfce54YPyv5nq-B71jTGEeAcs7jiqcrZWCYT2KlGc_IvI3&_nc_zt=14&_nc_ht=scontent.fjai6-1.fna&_nc_gid=k7KQvjR21_Lbc5225dEsig&_nc_ss=7b289&oh=00_Af9VEqknv9Cz9r-mBxeiOWgnuay3lxsRBeREzl51qCaoxA&oe=6A36B8A9,,,,,,
2447931585651516,https://www.facebook.com/61581087383546/,fb.me,https://www.facebook.com/61581087383546/,,,,marketing@redbrik.com,,,,,784198441445711,http://fb.me/,RedBrik.com,https://www.facebook.com/ads/library/?id=2447931585651516,"🌍 NRIs Are Choosing Vrindavan for India Investment — Here's WhyVrindavan Raal Road Township offers what no other city can — spiritual value + strong land appreciation + year-round demand. Your best India investment is waiting.💰 Plot @ ₹51,000/sq. yd. starting
📏 120 | 150 | 200 sq. yd.✅ Fully gated premium township
✅ In-house temple · Clubhouse · Meditation zones
✅ Near Radha Kund Railway Station
✅ Ring Road corridor — massive appreciation ahead
✅ Fully managed — worry-free investment🔑 EOI @ ₹3 Lakhs only
📞 Book a FREE call with our NRI investment advisor
🌿 Your roots are here — let your wealth grow here too",572,Book now,fb.me,"FACEBOOK; INSTAGRAM",2026-04-30,2026-06-15,HD: https://video.fjai6-1.fna.fbcdn.net/o1/v/t2/f2/m366/AQOeBhvKLwxk965nPEAzIRaQbSKJ6u8xW-tBA2eB3BICoLm6wh4CowhPuP6vfEHvqJaiqUCehTeAfYaKPFbXfUwpTFdd-kQD0F12DmQ_yT-wBQ.mp4?_nc_cat=103&_nc_oc=Adpj9uJLshDQuZgQRBZSoeqdLw46qZGmhvmOeuHpFsaSgeE5uS1A-3tWriEhD-7OnHrX1gXYieD8r5Fw-_pg_2yq&_nc_sid=b66105&_nc_ht=video.fjai6-1.fna.fbcdn.net&_nc_ohc=O9g2icZhMHMQ7kNvwFuDIC6&efg=eyJ2ZW5jb2RlX3RhZyI6Inhwdl9wcm9ncmVzc2l2ZS5WSV9VU0VDQVNFX1BST0RVQ1RfVFlQRS4uQzMuNzIwLmRhc2hfaDI2NC1iYXNpYy1nZW4yXzcyMHAiLCJ4cHZfYXNzZXRfaWQiOjE4OTEwMTE3NTUwMTEzMTYsImFzc2V0X2FnZV9kYXlzIjo0OCwidmlfdXNlY2FzZV9pZCI6MTA3OTksImR1cmF0aW9uX3MiOjgzLCJ1cmxnZW5fc291cmNlIjoid3d3In0%3D&ccb=17-1&vs=d7b75f35c02419cd&_nc_vs=HBksFQIYRWZiX2VwaGVtZXJhbC84RTQ4ODY1QTAwNzk0NTA2Qzg0ODBDMkMyMUNBODY5NF9tdF8xX3ZpZGVvX2Rhc2hpbml0Lm1wNBUAAsgBEgAVAhhAZmJfcGVybWFuZW50L0M0NDYyM0UyOTY0NDlFOUE0MjVCNUY5MzdCMUE2Q0EwX2F1ZGlvX2Rhc2hpbml0Lm1wNBUCAsgBEgAoABgAGwKIB3VzZV9vaWwBMRJwcm9ncmVzc2l2ZV9yZWNpcGUBMRUAACbos-O-r_fbBhUCKAJDMywXQFTwAAAAAAAYGWRhc2hfaDI2NC1iYXNpYy1nZW4yXzcyMHARAHUAZd6oAQA&_nc_gid=k7KQvjR21_Lbc5225dEsig&_nc_ss=7b289&_nc_zt=28&oh=00_Af8mQbaxVrjHQmCcsPy3UHx3lu2zLXUEi6Qrr9ZGxqvQvg&oe=6A36DF05 | SD: https://video.fjai6-1.fna.fbcdn.net/o1/v/t2/f2/m412/AQPpOfPt2Rmn78dLROCmjChzdrY6SyjhISq6ts372edNn3g74fDpSGtVjb87mQcHT0E6lPFfWJCTbPqzpyq5pHlzrzcT9Nv8PkiwXjFi2Q.mp4?_nc_cat=106&_nc_oc=Adoj3xOmS8EBLFQ0Ms-oO6XezvorDRuGyrDUDAhWwlKVPnBDObxMWKesUPc75Izj5SuAGfxAoef0DQL5g38umqDK&_nc_sid=ef5aa3&_nc_ht=video.fjai6-1.fna.fbcdn.net&_nc_ohc=daF7RhmEtCMQ7kNvwHp-d9k&efg=eyJ2ZW5jb2RlX3RhZyI6Inhwdl9wcm9ncmVzc2l2ZS5WSV9VU0VDQVNFX1BST0RVQ1RfVFlQRS4uQzMuMzYwLnN2ZV9zZCIsInhwdl9hc3NldF9pZCI6MTg5MTAxMTc1NTAxMTMxNiwiYXNzZXRfYWdlX2RheXMiOjQ4LCJ2aV91c2VjYXNlX2lkIjoxMDc5OSwiZHVyYXRpb25fcyI6ODMsInVybGdlbl9zb3VyY2UiOiJ3d3cifQ%3D%3D&ccb=17-1&_nc_gid=k7KQvjR21_Lbc5225dEsig&_nc_ss=7b289&_nc_zt=28&oh=00_Af_MeFmaYQMdMch5NTAGJKvRsKdBO9S5oPafIV7Z-Xr0Zg&oe=6A36DD4C | Preview: https://scontent.fjai6-1.fna.fbcdn.net/v/t39.35426-6/683297749_2077058919536768_3154924362687160089_n.jpg?_nc_cat=109&ccb=1-7&_nc_sid=c53f8f&_nc_ohc=MI7cSbvQMzAQ7kNvwHHyp5Z&_nc_oc=AdoeNitn9H-TPsAcdsUzmLfm-zQh5gp0MsmBZnr36-3DRrJkBJ3-j6bsptiG670nmMkHa69YIFs7iJaGxQa6WjDt&_nc_zt=14&_nc_ht=scontent.fjai6-1.fna&_nc_gid=k7KQvjR21_Lbc5225dEsig&_nc_ss=7b289&oh=00_Af-igW0egxcw4eZxetDwyxVjSc33H8dfQFdSTSQ5bQoNDw&oe=6A36DA22,,,,,,,
3259640654205834,https://www.facebook.com/61580928814732/,fb.me,https://www.facebook.com/61580928814732/,,,,newlaunchinnavimumbai@info.in,+91 98978 78909,,,,768119299722062,http://fb.me/,New Launch In Navi Mumbai,https://www.facebook.com/ads/library/?id=3259640654205834,"Live A Superior Lifestyle With Exclusive Amenities !

🏘️ Configurations:
🏠 1 BHK – ₹98 Lacs onwards
🏠 2 BHK – ₹1.50 Cr onwards
🏠 2.5 BHK – ₹1.80 Cr onwards

🌟 Key Highlights:

🛣️ Sion–Panvel Highway – 2 min
🚆 Juinagar Railway Station – 2 min
✅ IT-Integrated Township
🏢 G+32 Tower | 6 Flats Per Floor 
🚗 Thane–Belapur Road – 1 min
🌄 Mountain-Facing Views & Streamlined Connectivity

Get Details On WhatsApp - https://wa.link/oe5pi5",49,Get offer,fb.me,"FACEBOOK; INSTAGRAM",2026-04-13,2026-06-14,HD: https://video.fjai6-1.fna.fbcdn.net/o1/v/t2/f2/m366/AQNwTUDdaVCUp0SbMR21aroTKUCDJE8N2Mxs6DvPxUsCDDcZQ6CzIxyTvREHsBHKKtSJvcarxE70PukEu3TKf75GdK77mZjS8Z9xO-eU69pvhQ.mp4?_nc_cat=105&_nc_oc=AdoQUED5N8bpMrNNFkyK0jPNu0sKta11Sn0xUNgng8RJzBIwvVKG4mEvKESf6Gy-PWW4NdSF8hI4bN-jyS-AQWyw&_nc_sid=b66105&_nc_ht=video.fjai6-1.fna.fbcdn.net&_nc_ohc=ZHWm1LGuoX0Q7kNvwGK3lBL&efg=eyJ2ZW5jb2RlX3RhZyI6Inhwdl9wcm9ncmVzc2l2ZS5WSV9VU0VDQVNFX1BST0RVQ1RfVFlQRS4uQzMuNzIwLmRhc2hfaDI2NC1iYXNpYy1nZW4yXzcyMHAiLCJ4cHZfYXNzZXRfaWQiOjg4ODQxMzMwNzE0NDQ4MSwiYXNzZXRfYWdlX2RheXMiOjEyNCwidmlfdXNlY2FzZV9pZCI6MTA3OTksImR1cmF0aW9uX3MiOjM1LCJ1cmxnZW5fc291cmNlIjoid3d3In0%3D&ccb=17-1&vs=bf87cdd4ca6a98e3&_nc_vs=HBksFQIYRWZiX2VwaGVtZXJhbC82OTQ4OUQ4NEEzNzg3OUM5QTNENDlGQjc4QUY4NjQ4RF9tdF8xX3ZpZGVvX2Rhc2hpbml0Lm1wNBUAAsgBEgAVAhhAZmJfcGVybWFuZW50L0ZENERGMDI0MEQzNENFM0FCN0Q4ODY5NTZEQTA2MDk4X2F1ZGlvX2Rhc2hpbml0Lm1wNBUCAsgBEgAoABgAGwKIB3VzZV9vaWwBMRJwcm9ncmVzc2l2ZV9yZWNpcGUBMRUAACbCpLD5uoCUAxUCKAJDMywXQEGd0vGp--cYGWRhc2hfaDI2NC1iYXNpYy1nZW4yXzcyMHARAHUAZd6oAQA&_nc_gid=xGQI_y_-iQhjuzD0G27NIA&_nc_ss=7b289&_nc_zt=28&oh=00_Af96eyQjINBDk962mHL36iVTruFGNe0gjNr5Z92iWV51sw&oe=6A36E137 | SD: https://video.fjai6-1.fna.fbcdn.net/o1/v/t2/f2/m412/AQNczhc7qtdS2JzFeEDW-PeJd1iHcPoKSfmf3DI1bnzLIoMMw__X1diNWOfFKUDiyQsEs_3npu6Pm1AZtAW_MEtx-YP_Xg2WqZIqYag4oQ.mp4?_nc_cat=105&_nc_oc=Adr5_1SyWdfT87RN7-khr8SwAYpc5FfV_vEcWIZ0Rm3AOOIBFUTjstRFZtDUEyHvVxqLJiafYeFYGd31ujmFumjr&_nc_sid=ef5aa3&_nc_ht=video.fjai6-1.fna.fbcdn.net&_nc_ohc=AFn8BT6DXgEQ7kNvwGn-Qim&efg=eyJ2ZW5jb2RlX3RhZyI6Inhwdl9wcm9ncmVzc2l2ZS5WSV9VU0VDQVNFX1BST0RVQ1RfVFlQRS4uQzMuMzYwLnN2ZV9zZCIsInhwdl9hc3NldF9pZCI6ODg4NDEzMzA3MTQ0NDgxLCJhc3NldF9hZ2VfZGF5cyI6MTI0LCJ2aV91c2VjYXNlX2lkIjoxMDc5OSwiZHVyYXRpb25fcyI6MzUsInVybGdlbl9zb3VyY2UiOiJ3d3cifQ%3D%3D&ccb=17-1&_nc_gid=xGQI_y_-iQhjuzD0G27NIA&_nc_ss=7b289&_nc_zt=28&oh=00_Af9tfaDECErLPw2Gt97PbSMZZauDg4d3VThX5quo69Zuwg&oe=6A36B87D | Preview: https://scontent.fjai6-1.fna.fbcdn.net/v/t39.35426-6/670091413_1511329480404786_5935435288704546718_n.jpg?_nc_cat=105&ccb=1-7&_nc_sid=c53f8f&_nc_ohc=V-XYRcXr9PAQ7kNvwHAKE2B&_nc_oc=AdqXusy7tMHxbNCtamF44PX5ZtcmzQDhxzVFW6cTehmwurG4Fpqxdb1XPub7WabTu8Mclgd0i1Btfrsx2io7puBa&_nc_zt=14&_nc_ht=scontent.fjai6-1.fna&_nc_gid=xGQI_y_-iQhjuzD0G27NIA&_nc_ss=7b289&oh=00_Af_hRiYjKZGzhhBIfLomcYwQ-gN59GW9N5xGQXA0DyrFFw&oe=6A36CF47,,,,,,,
2007207593562866,https://www.facebook.com/61566822665715/,fb.me,https://www.facebook.com/61566822665715/,,,,,,,,,425733257294938,http://fb.me/,Upcoming Property Bangalore,https://www.facebook.com/ads/library/?id=2007207593562866,"Introducing the New Launch by Sobha in Hoskote – where luxury meets scale.
Discover exquisitely crafted 3 & 4 BHK luxurious residences set within a massive 450-acre integrated township.

Experience elevated living with world-class amenities, thoughtfully planned open spaces, and premium lifestyle facilities designed for modern families.

Own your dream home in one of East Bengaluru’s most promising destinations.",956,Learn more,fb.me,"FACEBOOK; INSTAGRAM; AUDIENCE_NETWORK",2026-05-02,2026-06-12,,Original: https://scontent.fjai6-1.fna.fbcdn.net/v/t39.35426-6/689238410_1734132824633645_8862012459572593971_n.jpg?_nc_cat=103&ccb=1-7&_nc_sid=c53f8f&_nc_ohc=qFDG_fzPdsIQ7kNvwEyM9kE&_nc_oc=AdpCP47AUgg3HT7MWcMAiRfnjq__cE18R-I5By34Oquo0S9VIzpE1kcsuonHd8oj5QQ8CeS1p4i_DNDcC50elMaA&_nc_zt=14&_nc_ht=scontent.fjai6-1.fna&_nc_gid=xGQI_y_-iQhjuzD0G27NIA&_nc_ss=7b289&oh=00_Af_7ffZKEPyb93umDacjS7v16o_7DrBs6g40K6NVYWUwDg&oe=6A36C6C2 | Resized: https://scontent.fjai6-1.fna.fbcdn.net/v/t39.35426-6/686942269_978463784597570_1750706849364267508_n.jpg?stp=dst-jpg_s600x600_tt6&_nc_cat=109&ccb=1-7&_nc_sid=c53f8f&_nc_ohc=UvcsUzKgtvsQ7kNvwHg74pn&_nc_oc=Adq4o-lxoBX35G7llP6aHZXijfCdOr7kI6LBnl43RhPNU8WndedZFilt5PTIsc8thQmUQmZzBxhdauCUe7RUON6u&_nc_zt=14&_nc_ht=scontent.fjai6-1.fna&_nc_gid=xGQI_y_-iQhjuzD0G27NIA&_nc_ss=7b289&oh=00_Af-0OgOEgoer_EzZfrLbFhIjOd9jl4G-Q9quyMprBUgP9Q&oe=6A36D465,,,,,,
1281852294073452,https://www.facebook.com/gauryamunaa/,fb.me,https://www.facebook.com/gauryamunaa/,,,,,,,,,134630329742955,http://fb.me/,Gaur Yamuna City,https://www.facebook.com/ads/library/?id=1281852294073452,"A new property concept is launching near Noida International Airport.
Fully furnished 5-Star style serviced studio apartments in Gaur Yamuna City.

Hotel-like luxury, but the apartment is completely yours.",36,Book now,fb.me,"FACEBOOK; INSTAGRAM; AUDIENCE_NETWORK",2026-05-15,2026-06-15,HD: https://video.fjai6-1.fna.fbcdn.net/o1/v/t2/f2/m366/AQMYkIrDflvK6nIQZwqXPTI-UF-Z36nJTQk2flqbfVw3NXa5coKZwQQGcrkcKayBKsWdYt-_y6vIccy0Bb4NcsXXbCuKzuQCJKK88z4GMQva7w.mp4?_nc_cat=107&_nc_oc=AdohvsZp6gHvRL8hK5FbV82RYDoXgk5mmABalxPeEBXu7m6rpro9n2GsrRWYeTrf64kcFytAwB_6NI79VgtPRDyj&_nc_sid=b66105&_nc_ht=video.fjai6-1.fna.fbcdn.net&_nc_ohc=X3bwdRZIFy4Q7kNvwHt_wSA&efg=eyJ2ZW5jb2RlX3RhZyI6Inhwdl9wcm9ncmVzc2l2ZS5WSV9VU0VDQVNFX1BST0RVQ1RfVFlQRS4uQzMuNzIwLmRhc2hfaDI2NC1iYXNpYy1nZW4yXzcyMHAiLCJ4cHZfYXNzZXRfaWQiOjIwMjQ3MTAxNTE3ODE3MTIsImFzc2V0X2FnZV9kYXlzIjo2MywidmlfdXNlY2FzZV9pZCI6MTA3OTksImR1cmF0aW9uX3MiOjYyLCJ1cmxnZW5fc291cmNlIjoid3d3In0%3D&ccb=17-1&vs=5b152598ea5be7aa&_nc_vs=HBksFQIYRWZiX2VwaGVtZXJhbC8yNzRCOTNCQjAxQjU4MEVFQ0VBNjJBOEJDQjVBQTQ5NF9tdF8xX3ZpZGVvX2Rhc2hpbml0Lm1wNBUAAsgBEgAVAhhAZmJfcGVybWFuZW50LzJBNDVFMEMxOENBQURDQjlCNjU4NTIxOTlGMUM3MzgxX2F1ZGlvX2Rhc2hpbml0Lm1wNBUCAsgBEgAoABgAGwKIB3VzZV9vaWwBMRJwcm9ncmVzc2l2ZV9yZWNpcGUBMRUAACag9fWV0t2YBxUCKAJDMywXQE9ZmZmZmZoYGWRhc2hfaDI2NC1iYXNpYy1nZW4yXzcyMHARAHUAZd6oAQA&_nc_gid=xGQI_y_-iQhjuzD0G27NIA&_nc_ss=7b289&_nc_zt=28&oh=00_Af8wp5FNKc3kP3KIRbZzI6F2omJ5MAd3WTh_2DU4GzmRlQ&oe=6A36C871 | SD: https://video.fjai6-1.fna.fbcdn.net/o1/v/t2/f2/m412/AQOOzyQR_ghglhIYsXFWnofuRb-sE2Ixu3kaY6__qsxLFyWsvhirciGK8-YstUvi1cQHxn5XDrm0Cp1oMgjC6W0wx4g9hb5ufR4Il2AE7A.mp4?_nc_cat=107&_nc_oc=AdonyUGbTpWWIM8rGOJvgngpTE9U2rU3fLQGHtzny8IOkCL3CSjCq3HDbr-OdS4ox3Z8ZNSXf-nb1quQSsrP3IyZ&_nc_sid=ef5aa3&_nc_ht=video.fjai6-1.fna.fbcdn.net&_nc_ohc=QTi8bZ9AnPUQ7kNvwGIPgpl&efg=eyJ2ZW5jb2RlX3RhZyI6Inhwdl9wcm9ncmVzc2l2ZS5WSV9VU0VDQVNFX1BST0RVQ1RfVFlQRS4uQzMuMzYwLnN2ZV9zZCIsInhwdl9hc3NldF9pZCI6MjAyNDcxMDE1MTc4MTcxMiwiYXNzZXRfYWdlX2RheXMiOjYzLCJ2aV91c2VjYXNlX2lkIjoxMDc5OSwiZHVyYXRpb25fcyI6NjIsInVybGdlbl9zb3VyY2UiOiJ3d3cifQ%3D%3D&ccb=17-1&_nc_gid=xGQI_y_-iQhjuzD0G27NIA&_nc_ss=7b289&_nc_zt=28&oh=00_Af8hQXDVM3omzVFAdHSM7Z9BFczLgP-3TUdNxs6VPKCrzg&oe=6A36B28B | Preview: https://scontent.fjai6-1.fna.fbcdn.net/v/t39.35426-6/684296806_27220820690848180_3101256020218407700_n.jpg?_nc_cat=103&ccb=1-7&_nc_sid=c53f8f&_nc_ohc=EpMdPlGnXuoQ7kNvwEfJN92&_nc_oc=AdpmDANqcOrxxGpEwj4byA4-3GyQKu6alUl4iK8fxwFik5fEK-S_0Mwxsbxwas2RS-sqfNNLDOk_qhRYu0KY4pZF&_nc_zt=14&_nc_ht=scontent.fjai6-1.fna&_nc_gid=xGQI_y_-iQhjuzD0G27NIA&_nc_ss=7b289&oh=00_Af-xZwPVMqk9ERFWbAcf6OhVgSUD8pNQ3fwI3ITuKghjYw&oe=6A36B417,,,,,,,
2004837580460082,https://www.facebook.com/buybuzzinfra/,fb.me,https://www.facebook.com/buybuzzinfra/,,,,buybuzzinfra@gmail.com,+91 87500 72800,,,,583503381510952,http://fb.me/,Buybuzz Infra,https://www.facebook.com/ads/library/?id=2004837580460082,"Govt Approved & Registry Ready Residential Plots

📍 Opposite Reliance MET City, Jhajjar
🚗 Just 25 mins from Dwarka Expressway

✔ 150 Acre Integrated Township
✔ Ideal for Investment & End Use
✔ Strong future connectivity

💰 Prices starting from ₹37 Lakhs
Register to get location details & site visit.",1384,Get quote,fb.me,"FACEBOOK; INSTAGRAM; AUDIENCE_NETWORK",2026-04-11,2026-06-15,,Original: https://scontent.fjai6-1.fna.fbcdn.net/v/t39.35426-6/669767647_837488722731477_4696691864840667523_n.jpg?_nc_cat=104&ccb=1-7&_nc_sid=c53f8f&_nc_ohc=hq36ipzSWS8Q7kNvwEMcurV&_nc_oc=AdojuxagxNVq1JYIGeqg32Iv0r8cgYuj7r6NXU0R3Y-UrOcqFm717JnEvuDAG3mxajQKIYZuJPXyDQIOzSN26ggy&_nc_zt=14&_nc_ht=scontent.fjai6-1.fna&_nc_gid=tZvoMoIJjgr_7l_CjMfCQA&_nc_ss=7b289&oh=00_Af_73dfaU3cbZB9ZgRGVKWZM77YHeNFcxGzMITkOiAyV2w&oe=6A36E65C | Resized: https://scontent.fjai6-1.fna.fbcdn.net/v/t39.35426-6/666466975_1669035120758186_6869265816446493289_n.jpg?stp=dst-jpg_s600x600_tt6&_nc_cat=111&ccb=1-7&_nc_sid=c53f8f&_nc_ohc=L168616QL5wQ7kNvwFm7d0y&_nc_oc=Adp2zcRkfLokZH4LSsWmMkuUIwC1Y6MVA7Xv0OkL5Y83mqfFHUJ-00LgpqUrUCtNyiOaJcSeR8RSvwVfIScOSiqT&_nc_zt=14&_nc_ht=scontent.fjai6-1.fna&_nc_gid=tZvoMoIJjgr_7l_CjMfCQA&_nc_ss=7b289&oh=00_Af-iQ6Nk4fVqVxBa9yUcfzSFpUcViMK2I--g9cm2O2xhwQ&oe=6A36C0D0,,,,,,
1037755725257489,https://www.facebook.com/handpickedhomesbangalore/,fb.me,https://www.facebook.com/handpickedhomesbangalore/,,,,,,,,,107955887332719,http://fb.me/,Handpicked Homes - Bangalore,https://www.facebook.com/ads/library/?id=1037755725257489,"✨Something Extraordinary Is Rising at Hoskote by Sobha Realty
🏡 Luxurious 2, 3 & 4 BHK Residences Starting From ₹1.20 Cr*

- 350-Acre Integrated Township
- 80% Open Spaces & World-Class Amenities
- Whitefield–Hoskote Corridor | Excellent IT Connectivity

👉 Register Now for Pre-Launch Benefits & Priority Access",530,Get offer,fb.me,"FACEBOOK; INSTAGRAM; AUDIENCE_NETWORK",2026-05-06,2026-05-29,,Original: https://scontent.fjai6-1.fna.fbcdn.net/v/t39.35426-6/692117000_1308509711179337_7363171491101981211_n.jpg?_nc_cat=101&ccb=1-7&_nc_sid=c53f8f&_nc_ohc=ipevSVAhfhEQ7kNvwF7RlOC&_nc_oc=AdoqR6E6_cAfcw3yaL11dFwHwGWVHk9MN3ooauK3RRD2G1-enzlhD4KFsEF3mP4NmkDoq2YdZzlm6mR501e16FsE&_nc_zt=14&_nc_ht=scontent.fjai6-1.fna&_nc_gid=tZvoMoIJjgr_7l_CjMfCQA&_nc_ss=7b289&oh=00_Af861LsOhl2D4Dvw55lkD9nNOjm1aP7IJtB2hE-vU-jjkA&oe=6A36E00A | Resized: https://scontent.fjai6-1.fna.fbcdn.net/v/t39.35426-6/691747859_1274791614720428_892692466338376289_n.jpg?stp=dst-jpg_s600x600_tt6&_nc_cat=109&ccb=1-7&_nc_sid=c53f8f&_nc_ohc=cdGu7UmPCmQQ7kNvwEGZemN&_nc_oc=AdqrvpT6VFGpWsCnsWMgrt0WRgyQMfktJnpSe_k6L305lB2cckMnVoIZgbRGhvGd4eISaRxnE0cAVp8hqJpA-_tS&_nc_zt=14&_nc_ht=scontent.fjai6-1.fna&_nc_gid=tZvoMoIJjgr_7l_CjMfCQA&_nc_ss=7b289&oh=00_Af-FTt8dT1SE047iVfWgyyw6xm4M4xLolbjmjvStlprhIw&oe=6A36B9E4,,,,,,
2021425381780338,https://www.facebook.com/100076440398260/,fb.me,https://www.facebook.com/100076440398260/,,,,,,,,,106029661942311,http://fb.me/,Homesbucket,https://www.facebook.com/ads/library/?id=2021425381780338,"🌿 Trade traffic for trees at Forest Hills at The Prestige City.
Luxury 3 & 4 BHK residences with 50+ amenities, hill views & seamless connectivity in Mulund West.

✅  60+ Storeys of Elevated Living
✅  Premium 3 & 4 BHK Homes Starts  3.19 Cr*
✅  Close to Malls | School | Markets | Hospital
✅  Peaceful & Well Connected Locality 
✅  40+ World Class Amenities
✅  Just 10 Mins to Mulund Station
✅  Only 5 Mins to LBS Road
✅  MahaRERA: P51800077457

 30+ Acre Integrated Township -- Designed for a peaceful yet connected lifestyle.
📩 Book Your Exclusive Site Visit Today!",580,Get quote,fb.me,"FACEBOOK; INSTAGRAM",2026-05-26,2026-06-01,,Original: https://scontent.fjai6-1.fna.fbcdn.net/v/t39.35426-6/707339559_26888832930766058_2419427272562441172_n.jpg?_nc_cat=100&ccb=1-7&_nc_sid=c53f8f&_nc_ohc=5EaoOi-y_msQ7kNvwFH1tK_&_nc_oc=Adp6xMbDb2KdSZlt0u1lDXhW0Xl74ZHgsDbtlEoJ_e87INOkQDK-B-wyGhF2ual1tFTafYLHgOeenb1nLlbDvBHQ&_nc_zt=14&_nc_ht=scontent.fjai6-1.fna&_nc_gid=6l0XHy3lXNxRxziZyMSLdw&_nc_ss=7b289&oh=00_Af8aHOUs17F-ZRcMDEX195jUT-OvbnoBWiAN2vWjWnJAsg&oe=6A36D602 | Resized: https://scontent.fjai6-1.fna.fbcdn.net/v/t39.35426-6/708088884_1419728256855311_6169388600102711038_n.jpg?stp=dst-jpg_s600x600_tt6&_nc_cat=101&ccb=1-7&_nc_sid=c53f8f&_nc_ohc=e9sqZ_qxNAYQ7kNvwEzZjuD&_nc_oc=AdqkTxQG_ukHpW8PvuBu3V-DcVDHfgsYoAY0GPa8mQJgWNHNFG4tjJ51dPQ2E1P1kDZIoIdCeBDMhqAwOHThwWMF&_nc_zt=14&_nc_ht=scontent.fjai6-1.fna&_nc_gid=6l0XHy3lXNxRxziZyMSLdw&_nc_ss=7b289&oh=00_Af_1fbcr19ekyOHESJnP9wsPJ13jPTdeiTIrRKFtVgSKCQ&oe=6A36BD11,,,,,,
805723459014975,https://www.facebook.com/61567702928542/,api.whatsapp.com,https://www.facebook.com/61567702928542/,,,,omaxesupercorridor@gmail.com,+91 78801 13745,,,,1040322469170635,https://api.whatsapp.com/send,Omaxe Super Corridor Indore,https://www.facebook.com/ads/library/?id=805723459014975,"आज का Super Corridor… कल का नया शहर बनने वाला है 🏙️📈

Omaxe Super Corridor टाउनशिप में मिलेगा:
✔ बेहतर प्लानिंग
✔ आधुनिक लाइफस्टाइल
✔ तेज़ प्रॉपर्टी ग्रोथ

📞9424836640",32,Send WhatsApp message,api.whatsapp.com,"FACEBOOK; INSTAGRAM; AUDIENCE_NETWORK; WHATSAPP",2026-05-08,2026-06-15,,,"आज का Super Corridor… कल का नया शहर बनने वाला है 🏙️📈

Omaxe Super Corridor टाउनशिप में मिलेगा:
✔ बेहतर प्लानिंग
✔ आधुनिक लाइफस्टाइल
✔ तेज़ प्रॉपर्टी ग्रोथ

📞9424836640 || आज का Super Corridor… कल का नया शहर बनने वाला है 🏙️📈

Omaxe Super Corridor टाउनशिप में मिलेगा:
✔ बेहतर प्लानिंग
✔ आधुनिक लाइफस्टाइल
✔ तेज़ प्रॉपर्टी ग्रोथ

📞9424836640 || आज का Super Corridor… कल का नया शहर बनने वाला है 🏙️📈

Omaxe Super Corridor टाउनशिप में मिलेगा:
✔ बेहतर प्लानिंग
✔ आधुनिक लाइफस्टाइल
✔ तेज़ प्रॉपर्टी ग्रोथ

📞9424836640 || आज का Super Corridor… कल का नया शहर बनने वाला है 🏙️📈

Omaxe Super Corridor टाउनशिप में मिलेगा:
✔ बेहतर प्लानिंग
✔ आधुनिक लाइफस्टाइल
✔ तेज़ प्रॉपर्टी ग्रोथ

📞9424836640 || आज का Super Corridor… कल का नया शहर बनने वाला है 🏙️📈

Omaxe Super Corridor टाउनशिप में मिलेगा:
✔ बेहतर प्लानिंग
✔ आधुनिक लाइफस्टाइल
✔ तेज़ प्रॉपर्टी ग्रोथ

📞9424836640",https://api.whatsapp.com/send || https://api.whatsapp.com/send || https://api.whatsapp.com/send || https://api.whatsapp.com/send || https://api.whatsapp.com/send,,Send WhatsApp Message || Send WhatsApp Message || Send WhatsApp Message || Send WhatsApp Message || Send WhatsApp Message,,HD: https://video.fjai6-1.fna.fbcdn.net/o1/v/t2/f2/m366/AQOy-InKTbRYlXyAcxmydIqh7Zcdttr_Db96dksjgt5lUVySXDjwpQyI-QGarYAy49eXRbD5uIJI7nNdgBSrhQxmYcO_Dkwn_gz2FiLx3NYUvw.mp4?_nc_cat=107&_nc_oc=AdooiDM86_B3vDnckBch7u0ASdHiZbREvXhKXmo7IanIRT3cbiQ1Kp12_kZax1pzWSprYLp3HVzoz19oDNuUP36w&_nc_sid=b66105&_nc_ht=video.fjai6-1.fna.fbcdn.net&_nc_ohc=zS-tug2fs18Q7kNvwFdSvxd&efg=eyJ2ZW5jb2RlX3RhZyI6Inhwdl9wcm9ncmVzc2l2ZS5WSV9VU0VDQVNFX1BST0RVQ1RfVFlQRS4uQzMuMTI4MC5kYXNoX2gyNjQtYmFzaWMtZ2VuMl83MjBwIiwieHB2X2Fzc2V0X2lkIjoyNjc2MDEwMjUzMDMyMTYwMiwiYXNzZXRfYWdlX2RheXMiOjQwLCJ2aV91c2VjYXNlX2lkIjoxMDc5OSwiZHVyYXRpb25fcyI6ODYsInVybGdlbl9zb3VyY2UiOiJ3d3cifQ%3D%3D&ccb=17-1&vs=d5bb673078db9f81&_nc_vs=HBksFQIYRWZiX2VwaGVtZXJhbC9DNTQ1NEQ4QjNDODg0MDJGRDI0OUJCQ0NFQkEzOUQ4OF9tdF8xX3ZpZGVvX2Rhc2hpbml0Lm1wNBUAAsgBEgAVAhhAZmJfcGVybWFuZW50L0U3NDc5QUEzNTcyMURDQTgyQzE3MTQxQjFDNDhEOTk4X2F1ZGlvX2Rhc2hpbml0Lm1wNBUCAsgBEgAoABgAGwKIB3VzZV9vaWwBMRJwcm9ncmVzc2l2ZV9yZWNpcGUBMRUAACaEs8jX_IqJXxUCKAJDMywXQFWiHKwIMScYGWRhc2hfaDI2NC1iYXNpYy1nZW4yXzcyMHARAHUAZd6oAQA&_nc_gid=6l0XHy3lXNxRxziZyMSLdw&_nc_ss=7b289&_nc_zt=28&oh=00_Af86eTb7ua7IJKd3BmrQHSt0REbeAXbbCPVPSOA_iMyd0g&oe=6A36D615 | SD: https://video.fjai6-1.fna.fbcdn.net/o1/v/t2/f2/m412/AQNwHnQSQxfNGOxg4SKxwPchx1im7rWmSgH_mb7-9xkqW4PSnbRiulN-k6uJB9k0unn-fntzrf0WDFMtX8gtF58N8QMBnOao3fAaGL9NgA.mp4?_nc_cat=109&_nc_oc=Adq5zASe_yda-hZ-oF5sf98gPl-l8EkFtw4T_dC53RobC_0mlzmUU2zqycSGj1Su5KncBpZSCICxlznuUcp84_jT&_nc_sid=ef5aa3&_nc_ht=video.fjai6-1.fna.fbcdn.net&_nc_ohc=ImkSX-AM0hIQ7kNvwGS-7Hh&efg=eyJ2ZW5jb2RlX3RhZyI6Inhwdl9wcm9ncmVzc2l2ZS5WSV9VU0VDQVNFX1BST0RVQ1RfVFlQRS4uQzMuNjQwLnN2ZV9zZCIsInhwdl9hc3NldF9pZCI6MjY3NjAxMDI1MzAzMjE2MDIsImFzc2V0X2FnZV9kYXlzIjo0MCwidmlfdXNlY2FzZV9pZCI6MTA3OTksImR1cmF0aW9uX3MiOjg2LCJ1cmxnZW5fc291cmNlIjoid3d3In0%3D&ccb=17-1&_nc_gid=6l0XHy3lXNxRxziZyMSLdw&_nc_ss=7b289&_nc_zt=28&oh=00_Af8mR1JRrg68anLxlX6NwYsXLa7l3MW_QUeOiqUlepslrg&oe=6A36B345 | Preview: https://scontent.fjai6-1.fna.fbcdn.net/v/t39.35426-6/687051585_1950303942321882_564565576666908670_n.jpg?_nc_cat=100&ccb=1-7&_nc_sid=c53f8f&_nc_ohc=elP14dg5GD4Q7kNvwFUYv6O&_nc_oc=Adp81pLVGMnvv-b-cRNrmqUHcrS9bLqDuo6GoWH_-hISh7duSVy_k3OsjXcE28q42Krqp-tRTWUVAVJ_YQEIp_tD&_nc_zt=14&_nc_ht=scontent.fjai6-1.fna&_nc_gid=6l0XHy3lXNxRxziZyMSLdw&_nc_ss=7b289&oh=00_Af96rdft5a3JB_eO_fYHCl-3RyG_lCNy4SGV7Hd8YXCwGg&oe=6A36BD4C || HD: https://video.fjai6-1.fna.fbcdn.net/o1/v/t2/f2/m366/AQPfQkAe7YlnQFKzKFEw5EPk6DBR7DjgBFFD-Rra_l1vb5piCVsSR6v800RaMqR7BOiUQcu2EbNxIKt_QrS8nFB-3TGNBhiqxPkg04ZGEvJwsg.mp4?_nc_cat=105&_nc_oc=AdpBxaN_jHcgug7cjiwSM0W42nYHtG0ZdpAkBqVAMmKhnvL4cxFLhJ4vZV86c8z5VSBp7-ICwv6887mqB8XaSrte&_nc_sid=b66105&_nc_ht=video.fjai6-1.fna.fbcdn.net&_nc_ohc=JZeVsll3ZLcQ7kNvwHvHbjW&efg=eyJ2ZW5jb2RlX3RhZyI6Inhwdl9wcm9ncmVzc2l2ZS5WSV9VU0VDQVNFX1BST0RVQ1RfVFlQRS4uQzMuNzIwLmRhc2hfaDI2NC1iYXNpYy1nZW4yXzcyMHAiLCJ4cHZfYXNzZXRfaWQiOjE2NDE3NDAzMzcwOTg2MTYsImFzc2V0X2FnZV9kYXlzIjo0MCwidmlfdXNlY2FzZV9pZCI6MTA3OTksImR1cmF0aW9uX3MiOjg2LCJ1cmxnZW5fc291cmNlIjoid3d3In0%3D&ccb=17-1&vs=ab000b37f2cd56dc&_nc_vs=HBksFQIYRWZiX2VwaGVtZXJhbC81RDQzNzM5OEY1M0E1MTVBMTM0M0M3OTM4MzI5MEM4MV9tdF8xX3ZpZGVvX2Rhc2hpbml0Lm1wNBUAAsgBEgAVAhhAZmJfcGVybWFuZW50LzZDNDlDQjBCRjkzQzZEQTcyNjE4MjY4ODhDMkRENDhDX2F1ZGlvX2Rhc2hpbml0Lm1wNBUCAsgBEgAoABgAGwKIB3VzZV9vaWwBMRJwcm9ncmVzc2l2ZV9yZWNpcGUBMRUAACbwvdnZ7snqBRUCKAJDMywXQFWiHKwIMScYGWRhc2hfaDI2NC1iYXNpYy1nZW4yXzcyMHARAHUAZd6oAQA&_nc_gid=6l0XHy3lXNxRxziZyMSLdw&_nc_ss=7b289&_nc_zt=28&oh=00_Af--QqaJn2pZarYSQWnKXuBNmgZvU7o1itZOc3rK3jjpLg&oe=6A36BE87 | SD: https://video.fjai6-1.fna.fbcdn.net/o1/v/t2/f2/m412/AQOKFWZGqWg_wI2YdiQKFKPPhDwd7UexqyhrSNm2g1D1LbzZCrj971Bnwt5zrfoPdxsYMVbB0VgE0I8d38ZT03obIK1wekCXJMOZQ-uIvQ.mp4?_nc_cat=103&_nc_oc=AdrsGdwqKL9TfQGOQECnt8czvwteTNpn4SE9VMhcO42UgLi1DK7yUqB0bIj6jIU1tQ3A9Bsil7tmSO3y-f_ir17C&_nc_sid=ef5aa3&_nc_ht=video.fjai6-1.fna.fbcdn.net&_nc_ohc=V0ZuZAHo_qIQ7kNvwHfcPV_&efg=eyJ2ZW5jb2RlX3RhZyI6Inhwdl9wcm9ncmVzc2l2ZS5WSV9VU0VDQVNFX1BST0RVQ1RfVFlQRS4uQzMuMzYwLnN2ZV9zZCIsInhwdl9hc3NldF9pZCI6MTY0MTc0MDMzNzA5ODYxNiwiYXNzZXRfYWdlX2RheXMiOjQwLCJ2aV91c2VjYXNlX2lkIjoxMDc5OSwiZHVyYXRpb25fcyI6ODYsInVybGdlbl9zb3VyY2UiOiJ3d3cifQ%3D%3D&ccb=17-1&_nc_gid=6l0XHy3lXNxRxziZyMSLdw&_nc_ss=7b289&_nc_zt=28&oh=00_Af-DBbP5oQ4udoK-EU9N-ZmQEL4qKUrST2iyxuxCJw_v8g&oe=6A36E63B | Preview: https://scontent.fjai6-1.fna.fbcdn.net/v/t39.35426-6/686168122_975614921511765_6750381529213589496_n.jpg?_nc_cat=105&ccb=1-7&_nc_sid=c53f8f&_nc_ohc=9JhzHHItjz8Q7kNvwE8AOgW&_nc_oc=AdrTFPaKMCHTBulXu8yw0iD5dqTGoZFHzlcd0gr8RU3C76XeN4PGHcO3rWq8UeD1hkx-56sVbjKrP5PaxsoZNMwW&_nc_zt=14&_nc_ht=scontent.fjai6-1.fna&_nc_gid=6l0XHy3lXNxRxziZyMSLdw&_nc_ss=7b289&oh=00_Af_iWnTdhA4b04mpQLWsXYc_IURfaGXDU9qqPvMM-5C11Q&oe=6A36B808 || HD: https://video.fjai6-1.fna.fbcdn.net/o1/v/t2/f2/m366/AQPfQkAe7YlnQFKzKFEw5EPk6DBR7DjgBFFD-Rra_l1vb5piCVsSR6v800RaMqR7BOiUQcu2EbNxIKt_QrS8nFB-3TGNBhiqxPkg04ZGEvJwsg.mp4?_nc_cat=105&_nc_oc=AdpBxaN_jHcgug7cjiwSM0W42nYHtG0ZdpAkBqVAMmKhnvL4cxFLhJ4vZV86c8z5VSBp7-ICwv6887mqB8XaSrte&_nc_sid=b66105&_nc_ht=video.fjai6-1.fna.fbcdn.net&_nc_ohc=JZeVsll3ZLcQ7kNvwHvHbjW&efg=eyJ2ZW5jb2RlX3RhZyI6Inhwdl9wcm9ncmVzc2l2ZS5WSV9VU0VDQVNFX1BST0RVQ1RfVFlQRS4uQzMuNzIwLmRhc2hfaDI2NC1iYXNpYy1nZW4yXzcyMHAiLCJ4cHZfYXNzZXRfaWQiOjE2NDE3NDAzMzcwOTg2MTYsImFzc2V0X2FnZV9kYXlzIjo0MCwidmlfdXNlY2FzZV9pZCI6MTA3OTksImR1cmF0aW9uX3MiOjg2LCJ1cmxnZW5fc291cmNlIjoid3d3In0%3D&ccb=17-1&vs=ab000b37f2cd56dc&_nc_vs=HBksFQIYRWZiX2VwaGVtZXJhbC81RDQzNzM5OEY1M0E1MTVBMTM0M0M3OTM4MzI5MEM4MV9tdF8xX3ZpZGVvX2Rhc2hpbml0Lm1wNBUAAsgBEgAVAhhAZmJfcGVybWFuZW50LzZDNDlDQjBCRjkzQzZEQTcyNjE4MjY4ODhDMkRENDhDX2F1ZGlvX2Rhc2hpbml0Lm1wNBUCAsgBEgAoABgAGwKIB3VzZV9vaWwBMRJwcm9ncmVzc2l2ZV9yZWNpcGUBMRUAACbwvdnZ7snqBRUCKAJDMywXQFWiHKwIMScYGWRhc2hfaDI2NC1iYXNpYy1nZW4yXzcyMHARAHUAZd6oAQA&_nc_gid=6l0XHy3lXNxRxziZyMSLdw&_nc_ss=7b289&_nc_zt=28&oh=00_Af--QqaJn2pZarYSQWnKXuBNmgZvU7o1itZOc3rK3jjpLg&oe=6A36BE87 | SD: https://video.fjai6-1.fna.fbcdn.net/o1/v/t2/f2/m412/AQOKFWZGqWg_wI2YdiQKFKPPhDwd7UexqyhrSNm2g1D1LbzZCrj971Bnwt5zrfoPdxsYMVbB0VgE0I8d38ZT03obIK1wekCXJMOZQ-uIvQ.mp4?_nc_cat=103&_nc_oc=AdrsGdwqKL9TfQGOQECnt8czvwteTNpn4SE9VMhcO42UgLi1DK7yUqB0bIj6jIU1tQ3A9Bsil7tmSO3y-f_ir17C&_nc_sid=ef5aa3&_nc_ht=video.fjai6-1.fna.fbcdn.net&_nc_ohc=V0ZuZAHo_qIQ7kNvwHfcPV_&efg=eyJ2ZW5jb2RlX3RhZyI6Inhwdl9wcm9ncmVzc2l2ZS5WSV9VU0VDQVNFX1BST0RVQ1RfVFlQRS4uQzMuMzYwLnN2ZV9zZCIsInhwdl9hc3NldF9pZCI6MTY0MTc0MDMzNzA5ODYxNiwiYXNzZXRfYWdlX2RheXMiOjQwLCJ2aV91c2VjYXNlX2lkIjoxMDc5OSwiZHVyYXRpb25fcyI6ODYsInVybGdlbl9zb3VyY2UiOiJ3d3cifQ%3D%3D&ccb=17-1&_nc_gid=6l0XHy3lXNxRxziZyMSLdw&_nc_ss=7b289&_nc_zt=28&oh=00_Af-DBbP5oQ4udoK-EU9N-ZmQEL4qKUrST2iyxuxCJw_v8g&oe=6A36E63B | Preview: https://scontent.fjai6-1.fna.fbcdn.net/v/t39.35426-6/686168122_975614921511765_6750381529213589496_n.jpg?_nc_cat=105&ccb=1-7&_nc_sid=c53f8f&_nc_ohc=9JhzHHItjz8Q7kNvwE8AOgW&_nc_oc=AdrTFPaKMCHTBulXu8yw0iD5dqTGoZFHzlcd0gr8RU3C76XeN4PGHcO3rWq8UeD1hkx-56sVbjKrP5PaxsoZNMwW&_nc_zt=14&_nc_ht=scontent.fjai6-1.fna&_nc_gid=6l0XHy3lXNxRxziZyMSLdw&_nc_ss=7b289&oh=00_Af_iWnTdhA4b04mpQLWsXYc_IURfaGXDU9qqPvMM-5C11Q&oe=6A36B808 || HD: https://video.fjai6-1.fna.fbcdn.net/o1/v/t2/f2/m366/AQPfQkAe7YlnQFKzKFEw5EPk6DBR7DjgBFFD-Rra_l1vb5piCVsSR6v800RaMqR7BOiUQcu2EbNxIKt_QrS8nFB-3TGNBhiqxPkg04ZGEvJwsg.mp4?_nc_cat=105&_nc_oc=AdpBxaN_jHcgug7cjiwSM0W42nYHtG0ZdpAkBqVAMmKhnvL4cxFLhJ4vZV86c8z5VSBp7-ICwv6887mqB8XaSrte&_nc_sid=b66105&_nc_ht=video.fjai6-1.fna.fbcdn.net&_nc_ohc=JZeVsll3ZLcQ7kNvwHvHbjW&efg=eyJ2ZW5jb2RlX3RhZyI6Inhwdl9wcm9ncmVzc2l2ZS5WSV9VU0VDQVNFX1BST0RVQ1RfVFlQRS4uQzMuNzIwLmRhc2hfaDI2NC1iYXNpYy1nZW4yXzcyMHAiLCJ4cHZfYXNzZXRfaWQiOjE2NDE3NDAzMzcwOTg2MTYsImFzc2V0X2FnZV9kYXlzIjo0MCwidmlfdXNlY2FzZV9pZCI6MTA3OTksImR1cmF0aW9uX3MiOjg2LCJ1cmxnZW5fc291cmNlIjoid3d3In0%3D&ccb=17-1&vs=ab000b37f2cd56dc&_nc_vs=HBksFQIYRWZiX2VwaGVtZXJhbC81RDQzNzM5OEY1M0E1MTVBMTM0M0M3OTM4MzI5MEM4MV9tdF8xX3ZpZGVvX2Rhc2hpbml0Lm1wNBUAAsgBEgAVAhhAZmJfcGVybWFuZW50LzZDNDlDQjBCRjkzQzZEQTcyNjE4MjY4ODhDMkRENDhDX2F1ZGlvX2Rhc2hpbml0Lm1wNBUCAsgBEgAoABgAGwKIB3VzZV9vaWwBMRJwcm9ncmVzc2l2ZV9yZWNpcGUBMRUAACbwvdnZ7snqBRUCKAJDMywXQFWiHKwIMScYGWRhc2hfaDI2NC1iYXNpYy1nZW4yXzcyMHARAHUAZd6oAQA&_nc_gid=6l0XHy3lXNxRxziZyMSLdw&_nc_ss=7b289&_nc_zt=28&oh=00_Af--QqaJn2pZarYSQWnKXuBNmgZvU7o1itZOc3rK3jjpLg&oe=6A36BE87 | SD: https://video.fjai6-1.fna.fbcdn.net/o1/v/t2/f2/m412/AQOKFWZGqWg_wI2YdiQKFKPPhDwd7UexqyhrSNm2g1D1LbzZCrj971Bnwt5zrfoPdxsYMVbB0VgE0I8d38ZT03obIK1wekCXJMOZQ-uIvQ.mp4?_nc_cat=103&_nc_oc=AdrsGdwqKL9TfQGOQECnt8czvwteTNpn4SE9VMhcO42UgLi1DK7yUqB0bIj6jIU1tQ3A9Bsil7tmSO3y-f_ir17C&_nc_sid=ef5aa3&_nc_ht=video.fjai6-1.fna.fbcdn.net&_nc_ohc=V0ZuZAHo_qIQ7kNvwHfcPV_&efg=eyJ2ZW5jb2RlX3RhZyI6Inhwdl9wcm9ncmVzc2l2ZS5WSV9VU0VDQVNFX1BST0RVQ1RfVFlQRS4uQzMuMzYwLnN2ZV9zZCIsInhwdl9hc3NldF9pZCI6MTY0MTc0MDMzNzA5ODYxNiwiYXNzZXRfYWdlX2RheXMiOjQwLCJ2aV91c2VjYXNlX2lkIjoxMDc5OSwiZHVyYXRpb25fcyI6ODYsInVybGdlbl9zb3VyY2UiOiJ3d3cifQ%3D%3D&ccb=17-1&_nc_gid=6l0XHy3lXNxRxziZyMSLdw&_nc_ss=7b289&_nc_zt=28&oh=00_Af-DBbP5oQ4udoK-EU9N-ZmQEL4qKUrST2iyxuxCJw_v8g&oe=6A36E63B | Preview: https://scontent.fjai6-1.fna.fbcdn.net/v/t39.35426-6/687688403_4306940156288963_6009317190215856466_n.jpg?_nc_cat=111&ccb=1-7&_nc_sid=c53f8f&_nc_ohc=aVSY8R8Q2F8Q7kNvwHdxBUm&_nc_oc=Adq2cuVtKRzOtZPlwTgVwesSaLIm0w4qRLynN3PQ7UosC-_Si-u7Ib9CZ1DEQwO63d8fulWi2KdoDL0Ydld9k0EI&_nc_zt=14&_nc_ht=scontent.fjai6-1.fna&_nc_gid=6l0XHy3lXNxRxziZyMSLdw&_nc_ss=7b289&oh=00_Af-M9Ef0c93e-1oi-DMK75K8zd1GOyyGg5mX-B7hy1tiVg&oe=6A36D3DA || HD: https://video.fjai6-1.fna.fbcdn.net/o1/v/t2/f2/m366/AQPfQkAe7YlnQFKzKFEw5EPk6DBR7DjgBFFD-Rra_l1vb5piCVsSR6v800RaMqR7BOiUQcu2EbNxIKt_QrS8nFB-3TGNBhiqxPkg04ZGEvJwsg.mp4?_nc_cat=105&_nc_oc=AdpBxaN_jHcgug7cjiwSM0W42nYHtG0ZdpAkBqVAMmKhnvL4cxFLhJ4vZV86c8z5VSBp7-ICwv6887mqB8XaSrte&_nc_sid=b66105&_nc_ht=video.fjai6-1.fna.fbcdn.net&_nc_ohc=JZeVsll3ZLcQ7kNvwHvHbjW&efg=eyJ2ZW5jb2RlX3RhZyI6Inhwdl9wcm9ncmVzc2l2ZS5WSV9VU0VDQVNFX1BST0RVQ1RfVFlQRS4uQzMuNzIwLmRhc2hfaDI2NC1iYXNpYy1nZW4yXzcyMHAiLCJ4cHZfYXNzZXRfaWQiOjE2NDE3NDAzMzcwOTg2MTYsImFzc2V0X2FnZV9kYXlzIjo0MCwidmlfdXNlY2FzZV9pZCI6MTA3OTksImR1cmF0aW9uX3MiOjg2LCJ1cmxnZW5fc291cmNlIjoid3d3In0%3D&ccb=17-1&vs=ab000b37f2cd56dc&_nc_vs=HBksFQIYRWZiX2VwaGVtZXJhbC81RDQzNzM5OEY1M0E1MTVBMTM0M0M3OTM4MzI5MEM4MV9tdF8xX3ZpZGVvX2Rhc2hpbml0Lm1wNBUAAsgBEgAVAhhAZmJfcGVybWFuZW50LzZDNDlDQjBCRjkzQzZEQTcyNjE4MjY4ODhDMkRENDhDX2F1ZGlvX2Rhc2hpbml0Lm1wNBUCAsgBEgAoABgAGwKIB3VzZV9vaWwBMRJwcm9ncmVzc2l2ZV9yZWNpcGUBMRUAACbwvdnZ7snqBRUCKAJDMywXQFWiHKwIMScYGWRhc2hfaDI2NC1iYXNpYy1nZW4yXzcyMHARAHUAZd6oAQA&_nc_gid=6l0XHy3lXNxRxziZyMSLdw&_nc_ss=7b289&_nc_zt=28&oh=00_Af--QqaJn2pZarYSQWnKXuBNmgZvU7o1itZOc3rK3jjpLg&oe=6A36BE87 | SD: https://video.fjai6-1.fna.fbcdn.net/o1/v/t2/f2/m412/AQOKFWZGqWg_wI2YdiQKFKPPhDwd7UexqyhrSNm2g1D1LbzZCrj971Bnwt5zrfoPdxsYMVbB0VgE0I8d38ZT03obIK1wekCXJMOZQ-uIvQ.mp4?_nc_cat=103&_nc_oc=AdrsGdwqKL9TfQGOQECnt8czvwteTNpn4SE9VMhcO42UgLi1DK7yUqB0bIj6jIU1tQ3A9Bsil7tmSO3y-f_ir17C&_nc_sid=ef5aa3&_nc_ht=video.fjai6-1.fna.fbcdn.net&_nc_ohc=V0ZuZAHo_qIQ7kNvwHfcPV_&efg=eyJ2ZW5jb2RlX3RhZyI6Inhwdl9wcm9ncmVzc2l2ZS5WSV9VU0VDQVNFX1BST0RVQ1RfVFlQRS4uQzMuMzYwLnN2ZV9zZCIsInhwdl9hc3NldF9pZCI6MTY0MTc0MDMzNzA5ODYxNiwiYXNzZXRfYWdlX2RheXMiOjQwLCJ2aV91c2VjYXNlX2lkIjoxMDc5OSwiZHVyYXRpb25fcyI6ODYsInVybGdlbl9zb3VyY2UiOiJ3d3cifQ%3D%3D&ccb=17-1&_nc_gid=6l0XHy3lXNxRxziZyMSLdw&_nc_ss=7b289&_nc_zt=28&oh=00_Af-DBbP5oQ4udoK-EU9N-ZmQEL4qKUrST2iyxuxCJw_v8g&oe=6A36E63B | Preview: https://scontent.fjai6-1.fna.fbcdn.net/v/t39.35426-6/689022054_966235586130534_4965023225429959398_n.jpg?_nc_cat=109&ccb=1-7&_nc_sid=c53f8f&_nc_ohc=9XmeZPzhYt8Q7kNvwGCNcyz&_nc_oc=AdqdhNKjlzZuxTDw6mZ6BtkZTLUChpanq4anKCkrC4mcvfovNPQpt65vRuZH1k69TEfAPq44OxT1R6mGhTgQr3Kc&_nc_zt=14&_nc_ht=scontent.fjai6-1.fna&_nc_gid=6l0XHy3lXNxRxziZyMSLdw&_nc_ss=7b289&oh=00_Af9rrGDZcLwaC4hcMisyWo7O6UEl81ORCuqSIK0uHqzSUA&oe=6A36DD64
2440992629678501,https://www.facebook.com/HiranandaniParksOragadam/,fb.me,https://www.facebook.com/HiranandaniParksOragadam/,,,,hparks@hrealty.com,+91 44 4627 2999,,,,979620852112007,http://fb.me/,Hiranandani Parks,https://www.facebook.com/ads/library/?id=2440992629678501,"Spacious Hiranandani POCKET-FRIENDLY Apts. near Oragadam Jn. in Chennai
2BHK Apartments Starting at ₹57.22 Lakhs + Taxes

✅ Spacious 1070Sq.ft POCKET-FRIENDLY Apts. with Balcony
✅ Distinctive design,Energy-efficient and Ventilated Homes
✅ Vaastu Compliant Homes with efficient planning
✅ Mixed Use integrated township
✅ Located at Oragadam, fast appreciating!

DTCP & Rera Registered 
TNRERA/1/BLG/0397/2025

Schedule a Site Visit Today",82220,Learn more,fb.me,"FACEBOOK; INSTAGRAM",2026-05-08,2026-06-15,,,"Spacious Hiranandani POCKET-FRIENDLY Apts. near Oragadam Jn. in Chennai
2BHK Apartments Starting at ₹57.22 Lakhs + Taxes

✅ Spacious 1070Sq.ft POCKET-FRIENDLY Apts. with Balcony
✅ Distinctive design,Energy-efficient and Ventilated Homes
✅ Vaastu Compliant Homes with efficient planning
✅ Mixed Use integrated township
✅ Located at Oragadam, fast appreciating!

DTCP & Rera Registered 
TNRERA/1/BLG/0397/2025

Schedule a Site Visit Today || Spacious Hiranandani POCKET-FRIENDLY Apts. near Oragadam, Chennai
2BHK Apartments Starting at ₹60 Lakhs + Taxes

✅ Spacious 1070Sq.ft POCKET-FRIENDLY Apts. with Balcony
✅ Distinctive design,Energy-efficient and Ventilated Homes
✅ Vaastu Compliant Homes with efficient planning
✅ Mixed Use integrated township
✅ Located at Oragadam, fast appreciating!

DTCP & Rera Registered 
Rera No. SWP/BPA/0125870/2024

Schedule a Site Visit Today",http://fb.me/ || http://fb.me/,,Learn More || Learn More,,HD: https://video.fjai6-1.fna.fbcdn.net/o1/v/t2/f2/m366/AQMahWoWtI9s-pcqpaWteSAM-z9nW6AlBCYRxaIE2l2AEw2T--Sc_acLL1KTxfWarJWTydW-3EuzjP84Hc8q93wX6JEfx59sOup8tNPmgk3enw.mp4?_nc_cat=111&_nc_oc=AdqkI_5uNP1UwDj3pQeLPCI8n7qYFzrpjHfuVW5WsOcimiNkuRQEz6lJhYQrOKFXjs9bqN9aFYD2jraeqFhQMazX&_nc_sid=b66105&_nc_ht=video.fjai6-1.fna.fbcdn.net&_nc_ohc=u1ZN6VoJeaoQ7kNvwEwgPco&efg=eyJ2ZW5jb2RlX3RhZyI6Inhwdl9wcm9ncmVzc2l2ZS5WSV9VU0VDQVNFX1BST0RVQ1RfVFlQRS4uQzMuNzIwLmRhc2hfaDI2NC1iYXNpYy1nZW4yXzcyMHAiLCJ4cHZfYXNzZXRfaWQiOjEyMjU5MDc5MTY0MjI3MDMsImFzc2V0X2FnZV9kYXlzIjoxMDgsInZpX3VzZWNhc2VfaWQiOjEwNzk5LCJkdXJhdGlvbl9zIjo2OSwidXJsZ2VuX3NvdXJjZSI6Ind3dyJ9&ccb=17-1&vs=284cfcc6ce0cd159&_nc_vs=HBksFQIYRWZiX2VwaGVtZXJhbC9CODQ5MkM2Nzk5Q0QzNDA5M0NCNUUzRDNGODU0MjJCQV9tdF8xX3ZpZGVvX2Rhc2hpbml0Lm1wNBUAAsgBEgAVAhhAZmJfcGVybWFuZW50LzRDNDNDNTQ2MTUxRDhGNjEzRjg4NTlDOTVCRTUzNzlEX2F1ZGlvX2Rhc2hpbml0Lm1wNBUCAsgBEgAoABgAGwKIB3VzZV9vaWwBMRJwcm9ncmVzc2l2ZV9yZWNpcGUBMRUAACbe-JXenb2tBBUCKAJDMywXQFF90vGp--cYGWRhc2hfaDI2NC1iYXNpYy1nZW4yXzcyMHARAHUAZd6oAQA&_nc_gid=lrvLzYIaIejrKgQoT6yCWQ&_nc_ss=7b289&_nc_zt=28&oh=00_Af8xmD6IGtYCSKjtprwI0gqKaePTJ4IwFVJqr7RD_ve-gw&oe=6A36E1DD | SD: https://video.fjai6-1.fna.fbcdn.net/o1/v/t2/f2/m412/AQMv7X7YzxSTsEZmaDyG8pAThy208pMxdx_uVHFn-8PyyLkYOuoJmDkDepTc9a1_T0lN0HkCw3fBhjhQ91WUKHQ0qJZi30RpvO3vYpp_yQ.mp4?_nc_cat=107&_nc_oc=AdqPBTii5UHMZNL6h4PYdfPQ9Z_wXH79fwKkmWlF5aXFI9ivcWvGgWqtadWCy8Z8JSoJT5MY6STQTk89RcsMEvv-&_nc_sid=ef5aa3&_nc_ht=video.fjai6-1.fna.fbcdn.net&_nc_ohc=cdfLCI77oXoQ7kNvwFdzfUP&efg=eyJ2ZW5jb2RlX3RhZyI6Inhwdl9wcm9ncmVzc2l2ZS5WSV9VU0VDQVNFX1BST0RVQ1RfVFlQRS4uQzMuMzYwLnN2ZV9zZCIsInhwdl9hc3NldF9pZCI6MTIyNTkwNzkxNjQyMjcwMywiYXNzZXRfYWdlX2RheXMiOjEwOCwidmlfdXNlY2FzZV9pZCI6MTA3OTksImR1cmF0aW9uX3MiOjY5LCJ1cmxnZW5fc291cmNlIjoid3d3In0%3D&ccb=17-1&_nc_gid=lrvLzYIaIejrKgQoT6yCWQ&_nc_ss=7b289&_nc_zt=28&oh=00_Af8dmILbrCWw5CbblITEsLbT0N5hw6o4AS3U-h7aOmDRqg&oe=6A36BF97 | Preview: https://scontent.fjai6-1.fna.fbcdn.net/v/t39.35426-6/668585121_1448061093466225_2829583025705082942_n.jpg?_nc_cat=108&ccb=1-7&_nc_sid=c53f8f&_nc_ohc=dAGykfqCR58Q7kNvwFdkogL&_nc_oc=AdoSIf9BxqS5vYJk8PVZ_Mcc-iGssPkPFc0CXcpztGNeWbFuQL2dMViDdsILiJlH4CKmA0eGKnCkeL_j3K_PtlK0&_nc_zt=14&_nc_ht=scontent.fjai6-1.fna&_nc_gid=lrvLzYIaIejrKgQoT6yCWQ&_nc_ss=7b289&oh=00_Af9WHY3ZNsKGmAGtjxgL0Re98FNLvN3cGWIhk7lzD9wDeA&oe=6A36DD03 || HD: https://video.fjai6-1.fna.fbcdn.net/o1/v/t2/f2/m366/AQMahWoWtI9s-pcqpaWteSAM-z9nW6AlBCYRxaIE2l2AEw2T--Sc_acLL1KTxfWarJWTydW-3EuzjP84Hc8q93wX6JEfx59sOup8tNPmgk3enw.mp4?_nc_cat=111&_nc_oc=AdqkI_5uNP1UwDj3pQeLPCI8n7qYFzrpjHfuVW5WsOcimiNkuRQEz6lJhYQrOKFXjs9bqN9aFYD2jraeqFhQMazX&_nc_sid=b66105&_nc_ht=video.fjai6-1.fna.fbcdn.net&_nc_ohc=u1ZN6VoJeaoQ7kNvwEwgPco&efg=eyJ2ZW5jb2RlX3RhZyI6Inhwdl9wcm9ncmVzc2l2ZS5WSV9VU0VDQVNFX1BST0RVQ1RfVFlQRS4uQzMuNzIwLmRhc2hfaDI2NC1iYXNpYy1nZW4yXzcyMHAiLCJ4cHZfYXNzZXRfaWQiOjEyMjU5MDc5MTY0MjI3MDMsImFzc2V0X2FnZV9kYXlzIjoxMDgsInZpX3VzZWNhc2VfaWQiOjEwNzk5LCJkdXJhdGlvbl9zIjo2OSwidXJsZ2VuX3NvdXJjZSI6Ind3dyJ9&ccb=17-1&vs=284cfcc6ce0cd159&_nc_vs=HBksFQIYRWZiX2VwaGVtZXJhbC9CODQ5MkM2Nzk5Q0QzNDA5M0NCNUUzRDNGODU0MjJCQV9tdF8xX3ZpZGVvX2Rhc2hpbml0Lm1wNBUAAsgBEgAVAhhAZmJfcGVybWFuZW50LzRDNDNDNTQ2MTUxRDhGNjEzRjg4NTlDOTVCRTUzNzlEX2F1ZGlvX2Rhc2hpbml0Lm1wNBUCAsgBEgAoABgAGwKIB3VzZV9vaWwBMRJwcm9ncmVzc2l2ZV9yZWNpcGUBMRUAACbe-JXenb2tBBUCKAJDMywXQFF90vGp--cYGWRhc2hfaDI2NC1iYXNpYy1nZW4yXzcyMHARAHUAZd6oAQA&_nc_gid=lrvLzYIaIejrKgQoT6yCWQ&_nc_ss=7b289&_nc_zt=28&oh=00_Af8xmD6IGtYCSKjtprwI0gqKaePTJ4IwFVJqr7RD_ve-gw&oe=6A36E1DD | SD: https://video.fjai6-1.fna.fbcdn.net/o1/v/t2/f2/m412/AQMv7X7YzxSTsEZmaDyG8pAThy208pMxdx_uVHFn-8PyyLkYOuoJmDkDepTc9a1_T0lN0HkCw3fBhjhQ91WUKHQ0qJZi30RpvO3vYpp_yQ.mp4?_nc_cat=107&_nc_oc=AdqPBTii5UHMZNL6h4PYdfPQ9Z_wXH79fwKkmWlF5aXFI9ivcWvGgWqtadWCy8Z8JSoJT5MY6STQTk89RcsMEvv-&_nc_sid=ef5aa3&_nc_ht=video.fjai6-1.fna.fbcdn.net&_nc_ohc=cdfLCI77oXoQ7kNvwFdzfUP&efg=eyJ2ZW5jb2RlX3RhZyI6Inhwdl9wcm9ncmVzc2l2ZS5WSV9VU0VDQVNFX1BST0RVQ1RfVFlQRS4uQzMuMzYwLnN2ZV9zZCIsInhwdl9hc3NldF9pZCI6MTIyNTkwNzkxNjQyMjcwMywiYXNzZXRfYWdlX2RheXMiOjEwOCwidmlfdXNlY2FzZV9pZCI6MTA3OTksImR1cmF0aW9uX3MiOjY5LCJ1cmxnZW5fc291cmNlIjoid3d3In0%3D&ccb=17-1&_nc_gid=lrvLzYIaIejrKgQoT6yCWQ&_nc_ss=7b289&_nc_zt=28&oh=00_Af8dmILbrCWw5CbblITEsLbT0N5hw6o4AS3U-h7aOmDRqg&oe=6A36BF97 | Preview: https://scontent.fjai6-1.fna.fbcdn.net/v/t39.35426-6/668585121_1448061093466225_2829583025705082942_n.jpg?_nc_cat=108&ccb=1-7&_nc_sid=c53f8f&_nc_ohc=dAGykfqCR58Q7kNvwFdkogL&_nc_oc=AdoSIf9BxqS5vYJk8PVZ_Mcc-iGssPkPFc0CXcpztGNeWbFuQL2dMViDdsILiJlH4CKmA0eGKnCkeL_j3K_PtlK0&_nc_zt=14&_nc_ht=scontent.fjai6-1.fna&_nc_gid=lrvLzYIaIejrKgQoT6yCWQ&_nc_ss=7b289&oh=00_Af9WHY3ZNsKGmAGtjxgL0Re98FNLvN3cGWIhk7lzD9wDeA&oe=6A36DD03
1006329178588684,https://www.facebook.com/hiranandani.communities/,hiranandaniexclusive.com,https://www.facebook.com/hiranandani.communities/,,,,,,,,,877638698998589,https://hiranandaniexclusive.com/projects/hiranandani-gardens/rockside?utm_source=Facebook&utm_medium=FBConversion&utm_campaign=Rockside-Video7-FB-Conversion-LAL-May26&cstm_ppc_channel=Facebook&cstm_ppc_medium=FBConversion&cstm_ppc_campaign=Rockside-Video7-FB-Conversion-LAL-May26,Hiranandani Communities,https://www.facebook.com/ads/library/?id=1006329178588684,"Discover Luxury Living at Rockside, Hiranandani Gardens, Powai

✅ Launching The Finest 4 Bed Residences with Only 2 Exclusive Residences on Each Floor
✅ Rooftop amenities & 24x7 concierge Services by Quintessentially
✅ Access to three lifestyle clubs within a single, refined clubhouse setting.
✅ Exclusive Privileges by Meluha The Fern Series by Marriott Hotel, Powai.
✅ Fully integrated smart home automation.
✅ Live in India's Finest Integrated Township with Education, Retail, Commercial, Hospital, Entertainment & More
✅ MahaRERA registration number: ROCKSIDE A & B: PR1180002502729",162833,Learn more,hiranandaniexclusive.com/projects/hiranandani-gardens/rockside,"FACEBOOK; INSTAGRAM; MESSENGER",2026-05-15,2026-06-15,HD: https://video.fjai6-1.fna.fbcdn.net/o1/v/t2/f2/m366/AQOmgi4uPDuJkK_dJ-PS9gAqM9NadjXvB-aduKVmwxRNgLRSNIBMmh9iPpXcM7xIjMaFbpffWT36m6ee53GsVgjQwpv4ObApA52XXgs04I4M0g.mp4?_nc_cat=105&_nc_oc=AdrABaITUx6XEw6DsuXlPZSN2Xg9_Bldyq_sVOAfZ_nk-nslkGgAKWZ89YwnRdM3MuNUNeou9rQhPM_29yR4QNXT&_nc_sid=b66105&_nc_ht=video.fjai6-1.fna.fbcdn.net&_nc_ohc=8DlFzO38AJ4Q7kNvwGafFCH&efg=eyJ2ZW5jb2RlX3RhZyI6Inhwdl9wcm9ncmVzc2l2ZS5WSV9VU0VDQVNFX1BST0RVQ1RfVFlQRS4uQzMuNzIwLmRhc2hfaDI2NC1iYXNpYy1nZW4yXzcyMHAiLCJ4cHZfYXNzZXRfaWQiOjk0NTM1Mjg5NDU3MDczNSwiYXNzZXRfYWdlX2RheXMiOjY4LCJ2aV91c2VjYXNlX2lkIjoxMDc5OSwiZHVyYXRpb25fcyI6MjAsInVybGdlbl9zb3VyY2UiOiJ3d3cifQ%3D%3D&ccb=17-1&vs=8140049c695cfd57&_nc_vs=HBksFQIYRWZiX2VwaGVtZXJhbC81NjQ0REQyNEEwMDZBRkZDMUYzQjQ5OTY0MTdEMTg4RV9tdF8xX3ZpZGVvX2Rhc2hpbml0Lm1wNBUAAsgBEgAVAhhAZmJfcGVybWFuZW50LzU4NDBENkYxMUZBRUQ3QjBENEEzREJBQjQxMkQ2RjlEX2F1ZGlvX2Rhc2hpbml0Lm1wNBUCAsgBEgAoABgAGwKIB3VzZV9vaWwBMRJwcm9ncmVzc2l2ZV9yZWNpcGUBMRUAACbeg7_34_KtAxUCKAJDMywXQDQqfvnbItEYGWRhc2hfaDI2NC1iYXNpYy1nZW4yXzcyMHARAHUAZd6oAQA&_nc_gid=lrvLzYIaIejrKgQoT6yCWQ&_nc_ss=7b289&_nc_zt=28&oh=00_Af8GbqzxaOEVcLKSjthXqGz7U1GPNtt1lA8hX4tdq_RLlA&oe=6A36D1B7 | SD: https://video.fjai6-1.fna.fbcdn.net/o1/v/t2/f2/m412/AQO39KdXFbn-Z66kiBa3l2p8VGm-l2oAaguOEHgtKV3IoGYNPxaR2adcxebb2iMWMCQP5rzEnQG-P7DYLNk_Q26QDVOPr7N3KRQoylXGFQ.mp4?_nc_cat=104&_nc_oc=AdpjwmdVUuxU9wBV07Ghxlh_vgRcjm8rv2DRwj-HQdzGAKl76LxH807GECDLjn259ihVQ815fTDTZLop4IxJnCiZ&_nc_sid=ef5aa3&_nc_ht=video.fjai6-1.fna.fbcdn.net&_nc_ohc=ptEpAKCjxo8Q7kNvwErUQz1&efg=eyJ2ZW5jb2RlX3RhZyI6Inhwdl9wcm9ncmVzc2l2ZS5WSV9VU0VDQVNFX1BST0RVQ1RfVFlQRS4uQzMuMzYwLnN2ZV9zZCIsInhwdl9hc3NldF9pZCI6OTQ1MzUyODk0NTcwNzM1LCJhc3NldF9hZ2VfZGF5cyI6NjgsInZpX3VzZWNhc2VfaWQiOjEwNzk5LCJkdXJhdGlvbl9zIjoyMCwidXJsZ2VuX3NvdXJjZSI6Ind3dyJ9&ccb=17-1&_nc_gid=lrvLzYIaIejrKgQoT6yCWQ&_nc_ss=7b289&_nc_zt=28&oh=00_Af_nNUOt8LKvQ-JY66ace9-fKdzXFg25QGIkwGw0KEQ-mQ&oe=6A36E082 | Preview: https://scontent.fjai6-1.fna.fbcdn.net/v/t39.35426-6/701915396_1516141556686135_4135622741658224611_n.jpg?_nc_cat=109&ccb=1-7&_nc_sid=c53f8f&_nc_ohc=n1gfsNdf1VMQ7kNvwGYGLnJ&_nc_oc=AdopMFHxnq-iMzzI_WKYaf11YwM-RWWIQ0vVAkU9EGMOlpdDZHqCjJXuUEaVcbEqupaUNPXoUGJoyDYHknEnyZnK&_nc_zt=14&_nc_ht=scontent.fjai6-1.fna&_nc_gid=lrvLzYIaIejrKgQoT6yCWQ&_nc_ss=7b289&oh=00_Af-Z_uhs2PVTw3DupgJucohlnpAvuwatniqgLUCKF7wqWw&oe=6A36E5EC,,,,,,,
1008121244995418,https://www.facebook.com/RaagaMayuriBuilders/,fb.me,https://www.facebook.com/RaagaMayuriBuilders/,,,,contact@raagamayuribuilders.com,+91 93465 88679,,,,1854281281566145,http://fb.me/,Raaga Mayuri Builders,https://www.facebook.com/ads/library/?id=1008121244995418,"Come home to a villa community where comfort meets thoughtful planning!
Mayuri Fortune Homes is Kurnool’s premier gated villa community offering spacious 3 & 4 BHK duplex and triplex villas starting at ₹1.25 Cr*

Set on 6 acres, this thoughtfully planned enclave offers
✅ 11,000 SFT clubhouse
✅ Temperature-controlled Pool
✅ Supermarket
✅ Party Lawn & 15+ world-class amenities!

Book your villa now and win rewards worth 1 Crore*",9165,Get quote,fb.me,"FACEBOOK; INSTAGRAM",2026-05-29,2026-06-12,,Original: https://scontent.fjai6-1.fna.fbcdn.net/v/t39.35426-6/709578610_3593392750812651_1222745212030621621_n.jpg?_nc_cat=107&ccb=1-7&_nc_sid=c53f8f&_nc_ohc=B6NF8gR-CDYQ7kNvwH0eAQf&_nc_oc=AdrnnDihoJNMv02hK0bw9ZKz5q-Oh55pL4MzcOUTMNvcrzS6WN1i3kX5hEGlzXXkVg9wWcW4lihqxTYQYWMbOoj3&_nc_zt=14&_nc_ht=scontent.fjai6-1.fna&_nc_gid=F5jgkWACNsv63JN0byy0qg&_nc_ss=7b289&oh=00_Af-IkUjosbPymyAdOSHz0OUsK0HNAiSzEDJwbHc8t-lfWg&oe=6A36E327 | Resized: https://scontent.fjai6-1.fna.fbcdn.net/v/t39.35426-6/709578610_1788896042094084_898113035077525034_n.jpg?stp=dst-jpg_s600x600_tt6&_nc_cat=107&ccb=1-7&_nc_sid=c53f8f&_nc_ohc=l3V3alaZ5QYQ7kNvwHdTG4_&_nc_oc=AdpQScnGqIepUldjLYo5taDmC3x5J_h0B-xpqu1J_2FaFoeN2Dr1o44yBfmXFU2Dp_2ezrVVNslA-bepKTfPkoH1&_nc_zt=14&_nc_ht=scontent.fjai6-1.fna&_nc_gid=F5jgkWACNsv63JN0byy0qg&_nc_ss=7b289&oh=00_Af_qwAo1QGcpgSw54JqVX41GAPSONnbaCUFr3H_TpVSawQ&oe=6A36DAF3,,,,,,
2877319295952276,https://www.facebook.com/hiranandani.communities/,hiranandaniexclusive.com,https://www.facebook.com/hiranandani.communities/,,,,,,,,,877638698998589,https://hiranandaniexclusive.com/projects/hiranandani-gardens/rockside?utm_source=Facebook&utm_medium=FBConversion&utm_campaign=Rockside-Video5-FB-Conversion-LAL-May26&cstm_ppc_channel=Facebook&cstm_ppc_medium=FBConversion&cstm_ppc_campaign=Rockside-Video5-FB-Conversion-LAL-May26,Hiranandani Communities,https://www.facebook.com/ads/library/?id=2877319295952276,"Discover Luxury Living at Rockside, Hiranandani Gardens, Powai

✅ Launching The Finest 4 Bed Residences with Only 2 Exclusive Residences on Each Floor
✅ Rooftop amenities & 24x7 concierge Services by Quintessentially
✅ Access to three lifestyle clubs within a single, refined clubhouse setting.
✅ Exclusive Privileges by Meluha The Fern Series by Marriott Hotel, Powai.
✅ Fully integrated smart home automation.
✅ Live in India's Finest Integrated Township with Education, Retail, Commercial, Hospital, Entertainment & More
✅ MahaRERA registration number: ROCKSIDE A & B: PR1180002502729",162833,Learn more,hiranandaniexclusive.com/projects/hiranandani-gardens/rockside,"FACEBOOK; INSTAGRAM; MESSENGER",2026-05-15,2026-06-15,HD: https://video.fjai6-1.fna.fbcdn.net/o1/v/t2/f2/m366/AQMDciwS8_svia4u2qsYbvJycXSnDoC_tWf9eerYg3ZgC56-4wnBmEqITtUs-qb2KZ_-cGserrn3lohLi8ZmrulNBxqJ3MCPMDDE2cgUjz1OfA.mp4?_nc_cat=103&_nc_oc=AdpxAsIvJdDQh4o85pjfuym9ngQ2CgXE_8oI2mBanA1tkagJYZPetpfx0zx1o0s3ZMvrAk6iDHT0YwUZjvF0Xl14&_nc_sid=b66105&_nc_ht=video.fjai6-1.fna.fbcdn.net&_nc_ohc=QJTWDA3zkbsQ7kNvwGzJN7-&efg=eyJ2ZW5jb2RlX3RhZyI6Inhwdl9wcm9ncmVzc2l2ZS5WSV9VU0VDQVNFX1BST0RVQ1RfVFlQRS4uQzMuNzIwLmRhc2hfaDI2NC1iYXNpYy1nZW4yXzcyMHAiLCJ4cHZfYXNzZXRfaWQiOjE5NTI2NjI1ODUzNjI3MTgsImFzc2V0X2FnZV9kYXlzIjo4NCwidmlfdXNlY2FzZV9pZCI6MTA3OTksImR1cmF0aW9uX3MiOjIzLCJ1cmxnZW5fc291cmNlIjoid3d3In0%3D&ccb=17-1&vs=f4d600ddb295ab3c&_nc_vs=HBksFQIYRWZiX2VwaGVtZXJhbC9BNTQ3M0E5OThEOTU2MzIzMzQyN0E3NUNEOTQ4RTk4Nl9tdF8xX3ZpZGVvX2Rhc2hpbml0Lm1wNBUAAsgBEgAVAhhAZmJfcGVybWFuZW50LzZCNDMwMzVBODVGOTcxQTFFRUE4NTYyQzg3NUUzMEJBX2F1ZGlvX2Rhc2hpbml0Lm1wNBUCAsgBEgAoABgAGwKIB3VzZV9vaWwBMRJwcm9ncmVzc2l2ZV9yZWNpcGUBMRUAACa8pKL89fv3BhUCKAJDMywXQDciDEm6XjUYGWRhc2hfaDI2NC1iYXNpYy1nZW4yXzcyMHARAHUAZd6oAQA&_nc_gid=F5jgkWACNsv63JN0byy0qg&_nc_ss=7b289&_nc_zt=28&oh=00_Af9pJWzSkmCJBY6Vrlrr55DuzNEw3CGHHyehqluWQG4Ktg&oe=6A36AF29 | SD: https://video.fjai6-1.fna.fbcdn.net/o1/v/t2/f2/m412/AQPind5jXjwqBU1RklnyX56RPmNEgxT8Od49Jv01n4zXJWzBxABcrbci3X6AOaDnJmhHgVPXx4rBdk7w5XHQyjmSj7KlD9E-DknCKtZIHw.mp4?_nc_cat=111&_nc_oc=AdpHMIzQYHYSNy4Z9e6YU75QTcAQvyYHdyrJGqA6pDCEBe-1QoX-JvXrnoJX8mJbg61L3WzvZ3_3jrpzPqNJMb3F&_nc_sid=ef5aa3&_nc_ht=video.fjai6-1.fna.fbcdn.net&_nc_ohc=xCGGxezQhdgQ7kNvwFjJQB3&efg=eyJ2ZW5jb2RlX3RhZyI6Inhwdl9wcm9ncmVzc2l2ZS5WSV9VU0VDQVNFX1BST0RVQ1RfVFlQRS4uQzMuMzYwLnN2ZV9zZCIsInhwdl9hc3NldF9pZCI6MTk1MjY2MjU4NTM2MjcxOCwiYXNzZXRfYWdlX2RheXMiOjg0LCJ2aV91c2VjYXNlX2lkIjoxMDc5OSwiZHVyYXRpb25fcyI6MjMsInVybGdlbl9zb3VyY2UiOiJ3d3cifQ%3D%3D&ccb=17-1&_nc_gid=F5jgkWACNsv63JN0byy0qg&_nc_ss=7b289&_nc_zt=28&oh=00_Af-1Dttk3699aMSSO3LCY81I15T4X9Q3j63Ig_xUMgzp7A&oe=6A36D083 | Preview: https://scontent.fjai6-1.fna.fbcdn.net/v/t39.35426-6/700109840_997793066020357_7720775480015368473_n.jpg?_nc_cat=105&ccb=1-7&_nc_sid=c53f8f&_nc_ohc=6mwmRM96EEUQ7kNvwFkyrX7&_nc_oc=AdrroI4SNr-O3fK4B_M5ab-yrKAg2XJsFD9h61iwU0bEPpgk14NoSJyRkZkbm4OrSrlUKycDHWrQwsq_HLej2KuM&_nc_zt=14&_nc_ht=scontent.fjai6-1.fna&_nc_gid=F5jgkWACNsv63JN0byy0qg&_nc_ss=7b289&oh=00_Af_AuRLadHGs3XmVk9FPIJLV56eePn5I-WZTn76N6QvWoA&oe=6A36D01C,,,,,,,
1014377224258985,https://www.facebook.com/sebanacoveproperty/,fb.me,https://www.facebook.com/sebanacoveproperty/,,,,,+60 18-667 6119,,,,164727440377171,http://fb.me/,Sebana Cove Property by IJM Land,https://www.facebook.com/ads/library/?id=1014377224258985,"Imagine every day is a holiday and it’s so attainable! 2-Storey Bungalow from RM1 Mil*

𝐅𝐚𝐢𝐫𝐰𝐚𝐲 𝐕𝐢𝐥𝐥𝐚𝐬 𝐢𝐧 𝐒𝐞𝐛𝐚𝐧𝐚 𝐂𝐨𝐯𝐞 offers resort township living, designed for those who value space, privacy, and a slower pace of life. Whether for a peaceful retirement or a weekend getaway, this is your chance to own something truly special.

✔️ Surrounded by greenery 
✔️ Bungalow layout with spacious built-up and 3-car side-by-side car porch
✔️ Exclusive cul-de-sac design for added privacy and safety
✔️ Located within a peaceful resort township
✔️ Ideal for retirees, business owners and luxury weekend escapes
✔️ Limited villas available. 

𝐅𝐮𝐥𝐥𝐲 𝐒𝐞𝐭𝐭𝐥𝐞𝐝. 𝐅𝐮𝐥𝐥𝐲 𝐑𝐞𝐰𝐚𝐫𝐝𝐞𝐝. ✅ 
✅  Enjoy furnishing benefits of up to RM300,000*  with every home
✅  Free Legal Fees, Stamp Duty & MOT
✅  Free 364 days clubhouse membership
✅  Free 2 years maintenance fees

𝐉𝐮𝐬𝐭 𝐏𝐢𝐜𝐤. 𝐏𝐚𝐲. 𝐋𝐢𝐯𝐞. 𝐂𝐡𝐨𝐨𝐬𝐞 𝐲𝐨𝐮𝐫 𝐝𝐫𝐞𝐚𝐦 𝐡𝐨𝐦𝐞 𝐚𝐧𝐝 𝐛𝐞 𝐬𝐞𝐭𝐭𝐥𝐞𝐝! ✨

Promo ends 31st July 2026.

👉 Book your exclusive showhouse tour today or click to view promo now! ijmland.com/SETTLED

*𝑇𝑒𝑟𝑚𝑠 𝑎𝑛𝑑 𝑐𝑜𝑛𝑑𝑖𝑡𝑖𝑜𝑛𝑠 𝑎𝑝𝑝𝑙𝑦

#IJMLand #DistinctivelyIJM #SebanaCove #SETTLED #IJMLandSettled4U #FairwayGolfVillas",4884,Sign up,fb.me,"FACEBOOK; INSTAGRAM; AUDIENCE_NETWORK",2026-05-12,2026-06-15,HD: https://video.fjai6-1.fna.fbcdn.net/o1/v/t2/f2/m366/AQPGQo9BTTRS6Bkquy5LasSet0MwxR8A9KeX5rSY3H44RHJoIDXkLXWQjgcSRJi_264xkyDNLUw7ezxdpnyrbTQnr1RdfQI4BKH0OnsFbTcUXw.mp4?_nc_cat=108&_nc_oc=AdrDGfTfTk3ldlO40Y7kUFHuLAc_gFSmuye7ZeBorP_toPIXYfCgmMS6nIFc2M4FXSmLUSuq6q6Hbe8q9emZBFlo&_nc_sid=b66105&_nc_ht=video.fjai6-1.fna.fbcdn.net&_nc_ohc=m0znmAXqmaAQ7kNvwHnoChm&efg=eyJ2ZW5jb2RlX3RhZyI6Inhwdl9wcm9ncmVzc2l2ZS5WSV9VU0VDQVNFX1BST0RVQ1RfVFlQRS4uQzMuMTI4MC5kYXNoX2gyNjQtYmFzaWMtZ2VuMl83MjBwIiwieHB2X2Fzc2V0X2lkIjoxMzEyNzQ4NTc0MjgxNTIxLCJhc3NldF9hZ2VfZGF5cyI6MzQsInZpX3VzZWNhc2VfaWQiOjEwNzk5LCJkdXJhdGlvbl9zIjoxODMsInVybGdlbl9zb3VyY2UiOiJ3d3cifQ%3D%3D&ccb=17-1&vs=57a0489c794148b7&_nc_vs=HBksFQIYRWZiX2VwaGVtZXJhbC8zNjQ0ODg5NjhCNzExNTQ2QjE0RkM0NzlDNzEzOUI4NV9tdF8xX3ZpZGVvX2Rhc2hpbml0Lm1wNBUAAsgBEgAVAhhAZmJfcGVybWFuZW50LzVBNDA0Mjc2RjgxQkRBMEEwMEUxMzMyMkYwOTQ5NEEzX2F1ZGlvX2Rhc2hpbml0Lm1wNBUCAsgBEgAoABgAGwKIB3VzZV9vaWwBMRJwcm9ncmVzc2l2ZV9yZWNpcGUBMRUAACbivJiHg_zUBBUCKAJDMywXQGbpJul41P4YGWRhc2hfaDI2NC1iYXNpYy1nZW4yXzcyMHARAHUAZd6oAQA&_nc_gid=tWxFtyz3UOnsp8Rlmi93dA&_nc_ss=7b289&_nc_zt=28&oh=00_Af9dgLvCrLZTcV2u_Z1gMDNZe6TKIeKvj7n4p0Z02-evCQ&oe=6A36BAD4 | SD: https://video.fjai6-1.fna.fbcdn.net/o1/v/t2/f2/m412/AQMnK73gy8tX3AbuBwzkp7P0F08rrANrWOaoRGqRWv72he7mlPYwrw8fQRm58EbS2e0OyR21XUD7H8o3_sGNJPfmYUOHYS2t7lRwz4klTg.mp4?_nc_cat=106&_nc_oc=AdqabkEHTXPHrd0aL_cb4uxiBP9Mw8j_cf3iLWv0n9x3Z9RhxXm4qChvHL49qeDumVKplTIqLpJ0F9AnjjEyb999&_nc_sid=ef5aa3&_nc_ht=video.fjai6-1.fna.fbcdn.net&_nc_ohc=AfBud085XqgQ7kNvwGnNgQg&efg=eyJ2ZW5jb2RlX3RhZyI6Inhwdl9wcm9ncmVzc2l2ZS5WSV9VU0VDQVNFX1BST0RVQ1RfVFlQRS4uQzMuNjQwLnN2ZV9zZCIsInhwdl9hc3NldF9pZCI6MTMxMjc0ODU3NDI4MTUyMSwiYXNzZXRfYWdlX2RheXMiOjM0LCJ2aV91c2VjYXNlX2lkIjoxMDc5OSwiZHVyYXRpb25fcyI6MTgzLCJ1cmxnZW5fc291cmNlIjoid3d3In0%3D&ccb=17-1&_nc_gid=tWxFtyz3UOnsp8Rlmi93dA&_nc_ss=7b289&_nc_zt=28&oh=00_Af-5ewyPc-WEAcPS7W9kp8v_TWECURSS6vf5EibpWlIVMg&oe=6A36C3F0 | Preview: https://scontent.fjai6-1.fna.fbcdn.net/v/t39.35426-6/694717690_1531440548377912_6295676382025271456_n.jpg?_nc_cat=109&ccb=1-7&_nc_sid=c53f8f&_nc_ohc=asoxQNOdxYkQ7kNvwETzUyp&_nc_oc=AdrU-7RWRzoe4Rw-x6AZ6izf-Uh3G2ZYGjpmrFSHBV8fkT_VqOSs1ba4gf6YVRMVpTqMgeNOrhbKU_2TSw6rCw4H&_nc_zt=14&_nc_ht=scontent.fjai6-1.fna&_nc_gid=tWxFtyz3UOnsp8Rlmi93dA&_nc_ss=7b289&oh=00_Af_Xt6YbuPEApG9quybpcJqvFnkF1foYIBj6Q7FEJFu2tg&oe=6A36E5EC,,,,,,,
26708779055469982,https://www.facebook.com/hiranandani.communities/,hiranandaniexclusive.com,https://www.facebook.com/hiranandani.communities/,,,,sales@hiranandani.net,+912265456730,,,,877638698998589,https://hiranandaniexclusive.com/projects/hiranandani-gardens/rockside?utm_source=Facebook&utm_medium=FBConversion&utm_campaign=Rockside-Video4-FB-Conversion-LAL-May26&cstm_ppc_channel=Facebook&cstm_ppc_medium=FBConversion&cstm_ppc_campaign=Rockside-Video4-FB-Conversion-LAL-May26,Hiranandani Communities,https://www.facebook.com/ads/library/?id=26708779055469982,"Discover Luxury Living at Rockside, Hiranandani Gardens, Powai

✅ Launching The Finest 4 Bed Residences with Only 2 Exclusive Residences on Each Floor
✅ Rooftop amenities & 24x7 concierge Services by Quintessentially
✅ Access to three lifestyle clubs within a single, refined clubhouse setting.
✅ Exclusive Privileges by Meluha The Fern Series by Marriott Hotel, Powai.
✅ Fully integrated smart home automation.
✅ Live in India's Finest Integrated Township with Education, Retail, Commercial, Hospital, Entertainment & More
✅ MahaRERA registration number: ROCKSIDE A & B: PR1180002502729",162833,Learn more,hiranandaniexclusive.com/projects/hiranandani-gardens/rockside,"FACEBOOK; INSTAGRAM; MESSENGER",2026-05-15,2026-06-15,HD: https://video.fjai6-1.fna.fbcdn.net/o1/v/t2/f2/m366/AQMMzh-AVBVO_b6ObYVBgr5j7EvAVINDMYCN2IZX7V_gtT45WsP3GHpIUsqXOq95o0u7KURDgOyXc9EGSAwLJNC0bIK4z0r3u9oXLNyQNEAY9Q.mp4?_nc_cat=111&_nc_oc=Adq6xPOpqgopIiRX151YMa7v_eR4CbMwVxHVevGOlzg8y69xmNK7y2ql5KXY4Y_Z56p2IJ4Y0q4htjud_vHFeBQ1&_nc_sid=b66105&_nc_ht=video.fjai6-1.fna.fbcdn.net&_nc_ohc=UUlTtMyeb9MQ7kNvwH-RQre&efg=eyJ2ZW5jb2RlX3RhZyI6Inhwdl9wcm9ncmVzc2l2ZS5WSV9VU0VDQVNFX1BST0RVQ1RfVFlQRS4uQzMuNzIwLmRhc2hfaDI2NC1iYXNpYy1nZW4yXzcyMHAiLCJ4cHZfYXNzZXRfaWQiOjQ1MzA5NjYzMzcxMzU4NjcsImFzc2V0X2FnZV9kYXlzIjo4NCwidmlfdXNlY2FzZV9pZCI6MTA3OTksImR1cmF0aW9uX3MiOjIyLCJ1cmxnZW5fc291cmNlIjoid3d3In0%3D&ccb=17-1&vs=ccdbd781996f0817&_nc_vs=HBksFQIYRWZiX2VwaGVtZXJhbC82RjRBQUM2NDcxRjMxQzU5MjNBQjA0M0ZCNzc0NzBCMV9tdF8xX3ZpZGVvX2Rhc2hpbml0Lm1wNBUAAsgBEgAVAhhAZmJfcGVybWFuZW50L0YyNDE2NDk2MjU0QUFDMDVDRjNFMTIwODI2NEEyNTkyX2F1ZGlvX2Rhc2hpbml0Lm1wNBUCAsgBEgAoABgAGwKIB3VzZV9vaWwBMRJwcm9ncmVzc2l2ZV9yZWNpcGUBMRUAACb2k53w-biMEBUCKAJDMywXQDZu2RaHKwIYGWRhc2hfaDI2NC1iYXNpYy1nZW4yXzcyMHARAHUAZd6oAQA&_nc_gid=tWxFtyz3UOnsp8Rlmi93dA&_nc_ss=7b289&_nc_zt=28&oh=00_Af-KzaPj5DBtI99mIahMBVvuR4KMH7dmnt5r1vcL8SWyLg&oe=6A36BD45 | SD: https://video.fjai6-1.fna.fbcdn.net/o1/v/t2/f2/m412/AQPO1u9ABX1PMqbgu6K72B_pnPRtqBAIk38Rnuv46WYrxhdAMN_uogZ8GzQuyDmfoZerMSASxqACQxvQdNznWmFtAb3uqbsFuXGHk6DxBw.mp4?_nc_cat=111&_nc_oc=Adot9f2rXN7qkyrCXRZ_Cy6yfyXC_AwY1HwTuStfQOolYUfkbi6m1omQbDdsDcTjaIzFKU_9plGkSU8pA15FqV2H&_nc_sid=ef5aa3&_nc_ht=video.fjai6-1.fna.fbcdn.net&_nc_ohc=0x9jSwbC-6gQ7kNvwHxtIl0&efg=eyJ2ZW5jb2RlX3RhZyI6Inhwdl9wcm9ncmVzc2l2ZS5WSV9VU0VDQVNFX1BST0RVQ1RfVFlQRS4uQzMuMzYwLnN2ZV9zZCIsInhwdl9hc3NldF9pZCI6NDUzMDk2NjMzNzEzNTg2NywiYXNzZXRfYWdlX2RheXMiOjg0LCJ2aV91c2VjYXNlX2lkIjoxMDc5OSwiZHVyYXRpb25fcyI6MjIsInVybGdlbl9zb3VyY2UiOiJ3d3cifQ%3D%3D&ccb=17-1&_nc_gid=tWxFtyz3UOnsp8Rlmi93dA&_nc_ss=7b289&_nc_zt=28&oh=00_Af_klMOO3bhvuNQr_iV1008Vffg2CHb8Sut6ztwRGW0T3w&oe=6A36C85B | Preview: https://scontent.fjai6-1.fna.fbcdn.net/v/t39.35426-6/700004774_1705607447283109_6396863730861902281_n.jpg?_nc_cat=108&ccb=1-7&_nc_sid=c53f8f&_nc_ohc=8PVkIKwWSAYQ7kNvwF71IF_&_nc_oc=Adrbgw9FpJqwhbspu0kuERs7TBlTJnNakCK7ucp8gWiP4f9F-s5mbB7xmd_ZdF3xf8t0LqxKiiJQX5eabtMnH8uS&_nc_zt=14&_nc_ht=scontent.fjai6-1.fna&_nc_gid=tWxFtyz3UOnsp8Rlmi93dA&_nc_ss=7b289&oh=00_Af9p43xeBvj1EhLPs-TmDdIPCM6OhiyWvfTTlkVN6zPipQ&oe=6A36E0C3,,,,,,,
1500672078191964,https://www.facebook.com/tresrockdotin/,fb.me,https://www.facebook.com/tresrockdotin/,,,,info@tresrock.in,+91 76050 82580,,,,104114515973817,http://fb.me/,Tresrock,https://www.facebook.com/ads/library/?id=1500672078191964,A Landmark Township in Kalyani.,478,Apply now,fb.me,"FACEBOOK; INSTAGRAM; AUDIENCE_NETWORK",2026-05-28,2026-06-14,,,"Welcome to a new way of living in Kalyani — a destination crafted for families seeking peace, comfort, and elevated lifestyle. Surrounded by nature and modern conveniences, this township offers the perfect balance of serenity and urban living. || An iconic residential township redefining premium living in Kalyani with elegant residences, curated lifestyle amenities, expansive green spaces, and a future-ready urban ecosystem. || Premium residences in Kalyani with world-class amenities, landscaped greens, clubhouse lifestyle, and seamless connectivity to Kolkata & Mayapur. Discover elevated living today. || Wake up to greenery, open skies, and a refined lifestyle in a township crafted for those who seek luxury blended with peace and nature.",http://fb.me/ || http://fb.me/ || http://fb.me/ || http://fb.me/,fb.me || fb.me || fb.me || fb.me,Apply Now || Apply Now || Apply Now || Apply Now,Original: https://scontent.fjai6-1.fna.fbcdn.net/v/t39.35426-6/708289787_2127251064872747_4065058049039400972_n.jpg?_nc_cat=100&ccb=1-7&_nc_sid=c53f8f&_nc_ohc=NuNKq9QGQ-kQ7kNvwGCv8CF&_nc_oc=AdpmG_T5vrtf0YV4WLxpFgwGy6qjoexn82Ffqjxz9eUD7rrk4qJBptLQi-xIdm8oIGrih6DEUzdBarNdJ0gh013_&_nc_zt=14&_nc_ht=scontent.fjai6-1.fna&_nc_gid=tGT-CPuq-PTrRhKrvRv9DQ&_nc_ss=7b289&oh=00_Af93wWjVhZyZ-Sxm_BmuuN_OHp7c5Xl5nyQc6efWdhnGrQ&oe=6A36DE63 | Resized: https://scontent.fjai6-1.fna.fbcdn.net/v/t39.35426-6/707360427_27458455677071973_6737940859565475106_n.jpg?stp=dst-jpg_s600x600_tt6&_nc_cat=109&ccb=1-7&_nc_sid=c53f8f&_nc_ohc=VFB20XD61P4Q7kNvwHsLY8f&_nc_oc=AdrwYR4E0fhk4KjnkuqPZof3cmS1AGica_7wsR-eOWnHssYwkWwQ7POSiU1ZaHPtOAUOXZuDKUDSFuDZvU9VCVz9&_nc_zt=14&_nc_ht=scontent.fjai6-1.fna&_nc_gid=tGT-CPuq-PTrRhKrvRv9DQ&_nc_ss=7b289&oh=00_Af-ZSaTPQZgdUPJewYowiQdsRy6S5Nus9C0Gnx934Qs_FQ&oe=6A36B29B || Original: https://scontent.fjai6-1.fna.fbcdn.net/v/t39.35426-6/709101664_2212877536121039_5324283325413364385_n.jpg?_nc_cat=102&ccb=1-7&_nc_sid=c53f8f&_nc_ohc=NWfbBBNU5koQ7kNvwFoinhR&_nc_oc=Adrjc-4p_jWUQmim8IUUlNCA8OAS6iOLLg_YsCEXh6JvihkOB0V4x7wBSg2DAnwmAB5cCumfDmG4NybxUKiozjVZ&_nc_zt=14&_nc_ht=scontent.fjai6-1.fna&_nc_gid=tGT-CPuq-PTrRhKrvRv9DQ&_nc_ss=7b289&oh=00_Af8Z5JHfTcngUHxBImUI0kp0joyAxicNusevgzZJnJvvRA&oe=6A36DA5A | Resized: https://scontent.fjai6-1.fna.fbcdn.net/v/t39.35426-6/707946664_1008215505323110_155645828855244547_n.jpg?stp=dst-jpg_s600x600_tt6&_nc_cat=111&ccb=1-7&_nc_sid=c53f8f&_nc_ohc=-7dNsAJYzyIQ7kNvwFhcemQ&_nc_oc=Adp7aYw00O2wx78F014G2t0Qmhb3ZKo9Jsu1qb9XGJuuYoxY-OyX7JkRYKrXC3NXq3buAJGD7MLw0T6nLY43-lEd&_nc_zt=14&_nc_ht=scontent.fjai6-1.fna&_nc_gid=tGT-CPuq-PTrRhKrvRv9DQ&_nc_ss=7b289&oh=00_Af81ZTa06wGbWuhCKGgHJ810XqIDeT3Xb8IpMp-5-FfOaA&oe=6A36BB3D || Original: https://scontent.fjai6-1.fna.fbcdn.net/v/t39.35426-6/707478950_2157565644817128_8101144129991869243_n.jpg?_nc_cat=107&ccb=1-7&_nc_sid=c53f8f&_nc_ohc=XGxgQKHabLEQ7kNvwFoMJXr&_nc_oc=AdrboxiV6luhdw-46QabVzrNvzDanPtjDGPNQ0GPO8uCicUkd9wtM7p6gNovEcr-ybKg9fD4WaKRM00M3gr6x9YU&_nc_zt=14&_nc_ht=scontent.fjai6-1.fna&_nc_gid=tGT-CPuq-PTrRhKrvRv9DQ&_nc_ss=7b289&oh=00_Af9_PYYE3kMrapfMflvpHjuSG1gtiOfTfM0FR_DE7J9yLw&oe=6A36D01D | Resized: https://scontent.fjai6-1.fna.fbcdn.net/v/t39.35426-6/708156101_1728819254987138_5916180631335241000_n.jpg?stp=dst-jpg_s600x600_tt6&_nc_cat=108&ccb=1-7&_nc_sid=c53f8f&_nc_ohc=4rsHFi5fHbkQ7kNvwGsdSEp&_nc_oc=AdocJU_NolHpG9ir1LmUMYCKDLu9q9NbPbQrQ0EFaPXt2ujFTOxTNghbMgrw691X0qS9QEFc-ADFpexRH9m_aLRZ&_nc_zt=14&_nc_ht=scontent.fjai6-1.fna&_nc_gid=tGT-CPuq-PTrRhKrvRv9DQ&_nc_ss=7b289&oh=00_Af8xJ6eG_zJNy5POWohzkGY1iUwruZEaUD5OmbVB62b9BA&oe=6A36E6A2 || Original: https://scontent.fjai6-1.fna.fbcdn.net/v/t39.35426-6/708216155_1612143380556656_2503351797927395972_n.jpg?_nc_cat=110&ccb=1-7&_nc_sid=c53f8f&_nc_ohc=xqDLFBsA9jEQ7kNvwEFTdfS&_nc_oc=AdoeJ5uFAxtMPILRqvRhDXcFvlFgynVzOBMOIcVDPekOC5tenmL76Mi5eMGL4XfN8kC-sgoS9cIZ0-Keigf13uOI&_nc_zt=14&_nc_ht=scontent.fjai6-1.fna&_nc_gid=tGT-CPuq-PTrRhKrvRv9DQ&_nc_ss=7b289&oh=00_Af-6pgpB20HN3KFysU4EFWgukz8xyheZVNIwFBuGkSNSrQ&oe=6A36DB67 | Resized: https://scontent.fjai6-1.fna.fbcdn.net/v/t39.35426-6/710059188_1311364490489399_8043740745879941656_n.jpg?stp=dst-jpg_s600x600_tt6&_nc_cat=106&ccb=1-7&_nc_sid=c53f8f&_nc_ohc=3ZD-rIUFpKwQ7kNvwGkl-MC&_nc_oc=AdoMar6HQoPn1TX-MJ3350IdB1EJJ2ouah1ZkxqavYDD9aVXdamPVARp9tpifGzFAwycdmqChXSk2azprNDEcBaK&_nc_zt=14&_nc_ht=scontent.fjai6-1.fna&_nc_gid=tGT-CPuq-PTrRhKrvRv9DQ&_nc_ss=7b289&oh=00_Af9yTnD5KsM7HutYsTmz-b6GU6JwZdbJljSc_xbSSPY-uw&oe=6A36CBB6,
4396473280617840,https://www.facebook.com/61590518103245/,fb.me,https://www.facebook.com/61590518103245/,,,,,,,,,1164688160059060,http://fb.me/,Kolte Patil,https://www.facebook.com/ads/library/?id=4396473280617840,"Upgrade to a Life Beyond Work at Life Republic, Hinjewadi, Pune

Discover premium residences within a sprawling 400+ Acre Integrated Township, thoughtfully designed for professionals who value connectivity, convenience, and an elevated lifestyle.

✨ Premium 2, 2.5, 3, 3.5 & 4 BHK Residences
💰 Starting from ₹75 Lakh*
📍 Just 4.5 KM from Hinjewadi IT Hub

Why Professionals Choose Life Republic:
✔ 50+ World-Class Amenities
✔ Infinity Edge Swimming Pool
✔ Executive Business Lounge
✔ Wellness & Fitness Spaces
✔ Premium All-Season Decks
✔ Only 8 Residences Per Floor
✔ 5 High-Speed Elevators
✔ Excellent Connectivity to Major IT Parks & Business Districts
✔ Vast Green Landscapes Across a 400+ Acre Township",,Learn more,fb.me,"FACEBOOK; INSTAGRAM; AUDIENCE_NETWORK",2026-06-05,2026-06-12,,Original: https://scontent.fjai6-1.fna.fbcdn.net/v/t39.35426-6/715324192_2121561031722573_8855651561225270662_n.jpg?_nc_cat=102&ccb=1-7&_nc_sid=c53f8f&_nc_ohc=TVv1oHD5ohcQ7kNvwGcIqp0&_nc_oc=AdoIY9KNItiBILJ2pC0ont5Zk6NGBaXTW5UAAwj51gWlVMMr5hgeiL1BjPGzIvKVmMNaHhE02cKdcBAwkcd-Lt3r&_nc_zt=14&_nc_ht=scontent.fjai6-1.fna&_nc_gid=tGT-CPuq-PTrRhKrvRv9DQ&_nc_ss=7b289&oh=00_Af9rNCNJhRxTrCcacIHV3TRW7VLyFS6tMYTbwKJ__IYOhA&oe=6A36E50C | Resized: https://scontent.fjai6-1.fna.fbcdn.net/v/t39.35426-6/711474738_1338610468195093_5900295016418599192_n.jpg?stp=dst-jpg_s600x600_tt6&_nc_cat=103&ccb=1-7&_nc_sid=c53f8f&_nc_ohc=1_RpAzd35uoQ7kNvwHJLtWb&_nc_oc=Adoi2S1lMMY_ubXWOj7srgwOpvIIFgLIE6VC6MB4Vgbk36H1zKcesizPkUR8iuoX-M2_hHMWteOI9DfB9Znq_DTU&_nc_zt=14&_nc_ht=scontent.fjai6-1.fna&_nc_gid=tGT-CPuq-PTrRhKrvRv9DQ&_nc_ss=7b289&oh=00_Af-djH6ahNXGfhs1eKnRgqXMxJYNl23js_KWXolyO1vo-w&oe=6A36C493,,,,,,