Ad Archive ID,Page Profile URI,Website URL,Facebook,Instagram,TikTok,YouTube,Email,Phone,Twitter,LinkedIn,Pinterest,Page ID,Link URL,Page Name,Facebook AD URL,Body Text,Page Like Count,CTA Text,Content (Caption),Publisher Platform,Start Date,End Date,Videos,Images,Cards Body,Cards Link URL,Cards Caption,Cards CTA Text,Cards Images,Cards Videos
2137255500422715,https://www.facebook.com/61558748211160/,fb.me,https://www.facebook.com/61558748211160/,,,,care@srijanrealty.in,+91 98741 24940,,,,296641856861350,http://fb.me/,Srijan Industrial Logistic Parks,https://www.facebook.com/ads/library/?id=2137255500422715,"At Srijan Industrial Logistic Park, BT Road, every square foot is engineered for growth, efficiency, and peace of mind.

✅ Units from 7,000 sq. ft. onwards
✅ Seamless operations with 4-ton goods lifts for upper floor movement
✅ 9+ acres of non-polluting, green industrial space
✅ Engineered for seismic & flood resilience
✅ 24x7 power backup, water supply & professional maintenance
✅ Excellent connectivity to Kolkata, Howrah & National Highways
✅ Access to skilled labour and transport hubs nearby

Enquire Now | Price on Request",463,Get quote,fb.me,"FACEBOOK; INSTAGRAM",2026-02-24,2026-06-18,,,"At Srijan Industrial Logistic Park, BT Road, every square foot is engineered for growth, efficiency, and peace of mind.

✅ Units from 7,000 sq. ft. onwards
✅ Seamless operations with 4-ton goods lifts for upper floor movement
✅ 9+ acres of non-polluting, green industrial space
✅ Engineered for seismic & flood resilience
✅ 24x7 power backup, water supply & professional maintenance
✅ Excellent connectivity to Kolkata, Howrah & National Highways
✅ Access to skilled labour and transport hubs nearby

Enquire Now | Price on Request || At Srijan Industrial Logistic Park, BT Road, every square foot is engineered for growth, efficiency, and peace of mind.

✅ Units from 7,000 sq. ft. onwards
✅ Seamless operations with 4-ton goods lifts for upper floor movement
✅ 9+ acres of non-polluting, green industrial space
✅ Engineered for seismic & flood resilience
✅ 24x7 power backup, water supply & professional maintenance
✅ Excellent connectivity to Kolkata, Howrah & National Highways
✅ Access to skilled labour and transport hubs nearby

Enquire Now | Price on Request || At Srijan Industrial Logistic Park, BT Road, every square foot is engineered for growth, efficiency, and peace of mind.

✅ Units from 7,000 sq. ft. onwards
✅ Seamless operations with 4-ton goods lifts for upper floor movement
✅ 9+ acres of non-polluting, green industrial space
✅ Engineered for seismic & flood resilience
✅ 24x7 power backup, water supply & professional maintenance
✅ Excellent connectivity to Kolkata, Howrah & National Highways
✅ Access to skilled labour and transport hubs nearby

Enquire Now | Price on Request",http://fb.me/ || http://fb.me/ || http://fb.me/,,Get Quote || Get Quote || Get Quote,Original: https://scontent.fjai6-1.fna.fbcdn.net/v/t39.35426-6/641250622_775171495643391_287242564230973340_n.jpg?_nc_cat=110&ccb=1-7&_nc_sid=c53f8f&_nc_ohc=U6rYq9tHYkkQ7kNvwH9rJ_b&_nc_oc=AdpYJqXJP6y0Lsb3jzkmLIWkix4GR-KABAE6U9X1wchS21i13yrRhYZodWXyEjeAw4eEycSmUl5qFtxeS-Ds6hYA&_nc_zt=14&_nc_ht=scontent.fjai6-1.fna&_nc_gid=HhwaiyFFbQZTiHq62sZneQ&_nc_ss=7b289&oh=00_Af-1w1tKNt5EVED6F7zuiOIg0j5d5UpjSIFeHDUjq2MBTw&oe=6A398DD2 | Resized: https://scontent.fjai6-1.fna.fbcdn.net/v/t39.35426-6/642237976_1229874355922695_8026903058400384480_n.jpg?stp=dst-jpg_s600x600_tt6&_nc_cat=103&ccb=1-7&_nc_sid=c53f8f&_nc_ohc=RgtlLk__nCEQ7kNvwGNjLt-&_nc_oc=AdrX6hfulsqBMqH2WIC2tDV55WVaW3Boeh1XmK6gC2ec38CFb0k4rsyVWX-Y6juxI3ClG_xnv_x55KKKmkhJKzx9&_nc_zt=14&_nc_ht=scontent.fjai6-1.fna&_nc_gid=HhwaiyFFbQZTiHq62sZneQ&_nc_ss=7b289&oh=00_Af_z1FbI312i_h54KKmqMySM5ARsP4TIWJa6M2Osk9Swog&oe=6A39ABE2 || Original: https://scontent.fjai6-1.fna.fbcdn.net/v/t39.35426-6/641302986_943006668081508_8331933785131292873_n.jpg?_nc_cat=111&ccb=1-7&_nc_sid=c53f8f&_nc_ohc=oLaXO41PTWgQ7kNvwGiJhvt&_nc_oc=AdpCuOlJhR95GmRhOakmQ2YqlMd35Ne7IUFRyADQyXmQs24t6RPZquKZUb9Bp-mIJ8q1hTDcvqr6bVN-Ja6aOMhO&_nc_zt=14&_nc_ht=scontent.fjai6-1.fna&_nc_gid=HhwaiyFFbQZTiHq62sZneQ&_nc_ss=7b289&oh=00_Af_XzMSlz03sumcggysfA6ndwpgezr6V5NmCT3WfKC4Rpg&oe=6A39A6AC | Resized: https://scontent.fjai6-1.fna.fbcdn.net/v/t39.35426-6/642349069_2733732733646877_7786162663876122478_n.jpg?stp=dst-jpg_s600x600_tt6&_nc_cat=110&ccb=1-7&_nc_sid=c53f8f&_nc_ohc=QF_yISIYbz8Q7kNvwEraICM&_nc_oc=AdqhgHvpuk81vGEbUyolsZgr4MDNRD3PreJ7c_C-OId_-oEIetdcEsX1X-hLD9Euak00VC4gR_nYFJ-3Cu2h1xah&_nc_zt=14&_nc_ht=scontent.fjai6-1.fna&_nc_gid=HhwaiyFFbQZTiHq62sZneQ&_nc_ss=7b289&oh=00_Af-CIxnQkeumOOr8dYTGO5uQ7llFxhue3pIgwWCe1WBP3w&oe=6A399471 || Original: https://scontent.fjai6-1.fna.fbcdn.net/v/t39.35426-6/641650450_4294407054210912_4699641085100271261_n.jpg?_nc_cat=109&ccb=1-7&_nc_sid=c53f8f&_nc_ohc=BH9QLPK5o4AQ7kNvwGO1IQQ&_nc_oc=Adrnv2RzRdOKo8FyEJ8QlLUzIZ8m8CxJeADbQ80YkaPjwWPOprFCyj0kPV6boUFNj1bqvpVk4OcMsl_fzAHtuHKX&_nc_zt=14&_nc_ht=scontent.fjai6-1.fna&_nc_gid=HhwaiyFFbQZTiHq62sZneQ&_nc_ss=7b289&oh=00_Af8Q0G74ZH-xuWa4dWMnJGHPBafYx-DwMa7UNt4NS6WUXg&oe=6A3986F6 | Resized: https://scontent.fjai6-1.fna.fbcdn.net/v/t39.35426-6/640440819_1523925778704141_3047402510009970448_n.jpg?stp=dst-jpg_s600x600_tt6&_nc_cat=105&ccb=1-7&_nc_sid=c53f8f&_nc_ohc=_JwtQEPtfSgQ7kNvwHMnVuw&_nc_oc=AdrqpaaUi4uiF0kXSPrq8hJO01AC20qUm4EKa0BwsSY-FYcr3NsGP7VhKzEMF9kk4UIEJQVAeIahOuOp8nnqpq1U&_nc_zt=14&_nc_ht=scontent.fjai6-1.fna&_nc_gid=HhwaiyFFbQZTiHq62sZneQ&_nc_ss=7b289&oh=00_Af-2Vvki6qJq73W1fg453m572ygeRfJ8HDs8m1av2ue9YQ&oe=6A39A74D,
2009671336426399,https://www.facebook.com/61558748211160/,fb.me,https://www.facebook.com/61558748211160/,,,,care@srijanrealty.in,+91 98741 24940,,,,296641856861350,http://fb.me/,Srijan Industrial Logistic Parks,https://www.facebook.com/ads/library/?id=2009671336426399,"At Srijan Industrial Logistic Park, BT Road, every square foot is engineered for growth, efficiency, and peace of mind.

✅ Units from 7,000 sq. ft. onwards
✅ Seamless operations with 4-ton goods lifts for upper floor movement
✅ 9+ acres of non-polluting, green industrial space
✅ Engineered for seismic & flood resilience
✅ 24x7 power backup, water supply & professional maintenance
✅ Excellent connectivity to Kolkata, Howrah & National Highways
✅ Access to skilled labour and transport hubs nearby

Enquire Now | Price on Request",463,Get quote,fb.me,"FACEBOOK; INSTAGRAM",2026-02-25,2026-06-18,,,"At Srijan Industrial Logistic Park, BT Road, every square foot is engineered for growth, efficiency, and peace of mind.

✅ Units from 7,000 sq. ft. onwards
✅ Seamless operations with 4-ton goods lifts for upper floor movement
✅ 9+ acres of non-polluting, green industrial space
✅ Engineered for seismic & flood resilience
✅ 24x7 power backup, water supply & professional maintenance
✅ Excellent connectivity to Kolkata, Howrah & National Highways
✅ Access to skilled labour and transport hubs nearby

Enquire Now | Price on Request || At Srijan Industrial Logistic Park, BT Road, every square foot is engineered for growth, efficiency, and peace of mind.

✅ Units from 7,000 sq. ft. onwards
✅ Seamless operations with 4-ton goods lifts for upper floor movement
✅ 9+ acres of non-polluting, green industrial space
✅ Engineered for seismic & flood resilience
✅ 24x7 power backup, water supply & professional maintenance
✅ Excellent connectivity to Kolkata, Howrah & National Highways
✅ Access to skilled labour and transport hubs nearby

Enquire Now | Price on Request || At Srijan Industrial Logistic Park, BT Road, every square foot is engineered for growth, efficiency, and peace of mind.

✅ Units from 7,000 sq. ft. onwards
✅ Seamless operations with 4-ton goods lifts for upper floor movement
✅ 9+ acres of non-polluting, green industrial space
✅ Engineered for seismic & flood resilience
✅ 24x7 power backup, water supply & professional maintenance
✅ Excellent connectivity to Kolkata, Howrah & National Highways
✅ Access to skilled labour and transport hubs nearby

Enquire Now | Price on Request",http://fb.me/ || http://fb.me/ || http://fb.me/,,Get Quote || Get Quote || Get Quote,Original: https://scontent.fjai6-1.fna.fbcdn.net/v/t39.35426-6/640388686_1458281939230968_7387859013386294394_n.jpg?_nc_cat=106&ccb=1-7&_nc_sid=c53f8f&_nc_ohc=g3n-w91u5h4Q7kNvwH0XlCk&_nc_oc=Adp_9qE2b6Z9LJrsCw7TyrmzknFsN9ZrJEjYn1UR76-WAswGVy0DKtTnViywSANL_99wlIjnhA53F22Vac8fQ4TL&_nc_zt=14&_nc_ht=scontent.fjai6-1.fna&_nc_gid=HhwaiyFFbQZTiHq62sZneQ&_nc_ss=7b289&oh=00_Af8ZatVxSRVT-VmAudo96onn9vxkMgFQAkkal-d9gDy1eA&oe=6A39973D | Resized: https://scontent.fjai6-1.fna.fbcdn.net/v/t39.35426-6/641228677_1302107188620039_100230618913802892_n.jpg?stp=dst-jpg_s600x600_tt6&_nc_cat=102&ccb=1-7&_nc_sid=c53f8f&_nc_ohc=hOo7FcE_v30Q7kNvwFTuTm6&_nc_oc=AdoP2wqoVd0_tw3u3HW5OKc2yowdzsUKyAjZEPO7vJN8flUnCR7djhHZyJ3pcma3Gdeyw7QR7XoCk_8e17BgCGOo&_nc_zt=14&_nc_ht=scontent.fjai6-1.fna&_nc_gid=HhwaiyFFbQZTiHq62sZneQ&_nc_ss=7b289&oh=00_Af8lMwFqFWHiBSkNtQ-hilkXdmQBfTcQPyONdpd_M7YU2w&oe=6A39AFD1 || Original: https://scontent.fjai6-1.fna.fbcdn.net/v/t39.35426-6/641228672_767608376006297_2587128223695797758_n.jpg?_nc_cat=102&ccb=1-7&_nc_sid=c53f8f&_nc_ohc=62I2wRFzPcoQ7kNvwHaeph4&_nc_oc=Ado42V_DIJzwYUjybL3ObMP92VlRGgWmSSu8_GyfxFPiSRgo6BM43A8c1dWBeZbWZssn10Wzqsk9f5qxoIecz_mi&_nc_zt=14&_nc_ht=scontent.fjai6-1.fna&_nc_gid=HhwaiyFFbQZTiHq62sZneQ&_nc_ss=7b289&oh=00_Af-tdNPIa15ZVCos1jFYnPKswVos7fDRVJP5R2JVsin8xQ&oe=6A398885 | Resized: https://scontent.fjai6-1.fna.fbcdn.net/v/t39.35426-6/639947266_1465366314952016_1773529121226754670_n.jpg?stp=dst-jpg_s600x600_tt6&_nc_cat=107&ccb=1-7&_nc_sid=c53f8f&_nc_ohc=vsmy8zJjCpkQ7kNvwHpQuHl&_nc_oc=AdppYjimtscKOg3fFRi2l-0LoCvW4gntBHUedxPzZa3hY0ajs7BKJ2TB2Obi1jluZ2ZPJkhz7gxY3YXV0eQW0p24&_nc_zt=14&_nc_ht=scontent.fjai6-1.fna&_nc_gid=HhwaiyFFbQZTiHq62sZneQ&_nc_ss=7b289&oh=00_Af8OHVEA3vI9ZtPBWWY86Wpiq6N-yWzBVSzwZEQh1qFykg&oe=6A39B61E || Original: https://scontent.fjai6-1.fna.fbcdn.net/v/t39.35426-6/640229850_1422970885361046_89872100708122824_n.jpg?_nc_cat=102&ccb=1-7&_nc_sid=c53f8f&_nc_ohc=zyaDtAGis60Q7kNvwGRQzLs&_nc_oc=AdqVknDuejh4FsGgNhGPD9DFF0ykUk6oJH3VWi90NW_Lu1yFa_3hQ61LG6h-BzN8wgOiazy7vCAAles01BeAmPmG&_nc_zt=14&_nc_ht=scontent.fjai6-1.fna&_nc_gid=HhwaiyFFbQZTiHq62sZneQ&_nc_ss=7b289&oh=00_Af-2G0ZzeecRlEc534oQ8528Y_YoSNHQAUEXXFo20Ms10Q&oe=6A39A7EB | Resized: https://scontent.fjai6-1.fna.fbcdn.net/v/t39.35426-6/641479631_1943389256247068_6162525548494337148_n.jpg?stp=dst-jpg_s600x600_tt6&_nc_cat=106&ccb=1-7&_nc_sid=c53f8f&_nc_ohc=cMcS4ePNBukQ7kNvwEGgscd&_nc_oc=Ado9n0DC3ceLaaqiq7owJDYOqAG4-820gngPOiv8Jy7caHN2cTjtNcBbz5xhFx_7xmPHlGa0JRh0_b7Bs22ygSNX&_nc_zt=14&_nc_ht=scontent.fjai6-1.fna&_nc_gid=HhwaiyFFbQZTiHq62sZneQ&_nc_ss=7b289&oh=00_Af_Y--FXXlzFWgdBBUY9bccEwsS4a5T3c-dho6A4jeGMOg&oe=6A39990C,
1609925573567617,https://www.facebook.com/61558748211160/,fb.me,https://www.facebook.com/61558748211160/,,,,care@srijanrealty.in,+91 98741 24940,,,,296641856861350,http://fb.me/,Srijan Industrial Logistic Parks,https://www.facebook.com/ads/library/?id=1609925573567617,"At Srijan Industrial Logistic Park, BT Road, every square foot is engineered for growth, efficiency, and peace of mind.

✅ Units from 7,000 sq. ft. onwards
✅ Seamless operations with 4-ton goods lifts for upper floor movement
✅ 9+ acres of non-polluting, green industrial space
✅ Engineered for seismic & flood resilience
✅ 24x7 power backup, water supply & professional maintenance
✅ Excellent connectivity to Kolkata, Howrah & National Highways
✅ Access to skilled labour and transport hubs nearby

Enquire Now | Price on Request",463,Get quote,fb.me,"FACEBOOK; INSTAGRAM",2026-04-10,2026-06-17,,,"At Srijan Industrial Logistic Park, BT Road, every square foot is engineered for growth, efficiency, and peace of mind.

✅ Units from 7,000 sq. ft. onwards
✅ Seamless operations with 4-ton goods lifts for upper floor movement
✅ 9+ acres of non-polluting, green industrial space
✅ Engineered for seismic & flood resilience
✅ 24x7 power backup, water supply & professional maintenance
✅ Excellent connectivity to Kolkata, Howrah & National Highways
✅ Access to skilled labour and transport hubs nearby

Enquire Now | Price on Request || At Srijan Industrial Logistic Park, BT Road, every square foot is engineered for growth, efficiency, and peace of mind.

✅ Units from 7,000 sq. ft. onwards
✅ Seamless operations with 4-ton goods lifts for upper floor movement
✅ 9+ acres of non-polluting, green industrial space
✅ Engineered for seismic & flood resilience
✅ 24x7 power backup, water supply & professional maintenance
✅ Excellent connectivity to Kolkata, Howrah & National Highways
✅ Access to skilled labour and transport hubs nearby

Enquire Now | Price on Request || At Srijan Industrial Logistic Park, BT Road, every square foot is engineered for growth, efficiency, and peace of mind.

✅ Units from 7,000 sq. ft. onwards
✅ Seamless operations with 4-ton goods lifts for upper floor movement
✅ 9+ acres of non-polluting, green industrial space
✅ Engineered for seismic & flood resilience
✅ 24x7 power backup, water supply & professional maintenance
✅ Excellent connectivity to Kolkata, Howrah & National Highways
✅ Access to skilled labour and transport hubs nearby

Enquire Now | Price on Request",http://fb.me/ || http://fb.me/ || http://fb.me/,,Get Quote || Get Quote || Get Quote,Original: https://scontent.fjai6-1.fna.fbcdn.net/v/t39.35426-6/667329446_877925351973936_2181581673458623155_n.jpg?_nc_cat=104&ccb=1-7&_nc_sid=c53f8f&_nc_ohc=Zn9gZBDpSA8Q7kNvwE8kQpv&_nc_oc=AdrV2x1BuuJ7omnvEM5bZd31osBuyeTEqde3eEgo1vvWpnrnQ9na2EcxdA-V2mO_bqZkc3Q47v-pBBtyf_yMVhbo&_nc_zt=14&_nc_ht=scontent.fjai6-1.fna&_nc_gid=HhwaiyFFbQZTiHq62sZneQ&_nc_ss=7b289&oh=00_Af86yfDUXgXGciDJJNUYNjRRXtubVCaDsqCBhk8mrYPhpw&oe=6A39A24A | Resized: https://scontent.fjai6-1.fna.fbcdn.net/v/t39.35426-6/667943140_721446330992259_6178000327865866048_n.jpg?stp=dst-jpg_s600x600_tt6&_nc_cat=102&ccb=1-7&_nc_sid=c53f8f&_nc_ohc=faXVW_5v0bIQ7kNvwFJMPuP&_nc_oc=AdrV7xSmqoMO8AgWtMdbrSUclsnAjI-Rr_Osd1AcTXxVc-Eg4JlzWAa8HH-L0WDVMFNKtAKZlkFyPv0ymiCrkqG2&_nc_zt=14&_nc_ht=scontent.fjai6-1.fna&_nc_gid=HhwaiyFFbQZTiHq62sZneQ&_nc_ss=7b289&oh=00_Af8MO_co4ApwVZOevH8TbmVyP6kzp2RAzeAluQX_rXxZ7w&oe=6A399629 || Original: https://scontent.fjai6-1.fna.fbcdn.net/v/t39.35426-6/669646023_1343742820901868_9028742386406798560_n.jpg?_nc_cat=103&ccb=1-7&_nc_sid=c53f8f&_nc_ohc=RckDyWRqlekQ7kNvwEEUreJ&_nc_oc=AdrVRrO7A8YVQmpSdLYdGhj4JQic763muoSuuKArVhPHYJRX-_ULtYfhY_aPuEccA15MCFQz_Qp-5LliRUY_aYge&_nc_zt=14&_nc_ht=scontent.fjai6-1.fna&_nc_gid=HhwaiyFFbQZTiHq62sZneQ&_nc_ss=7b289&oh=00_Af_sqCFD9m9LVmSAc-rNmor8EwE6bcG45u1oemUtI7JMTA&oe=6A398EDB | Resized: https://scontent.fjai6-1.fna.fbcdn.net/v/t39.35426-6/668783883_2485670525199951_5000180324895832437_n.jpg?stp=dst-jpg_s600x600_tt6&_nc_cat=109&ccb=1-7&_nc_sid=c53f8f&_nc_ohc=Hcu-l7K6EssQ7kNvwH8xkKL&_nc_oc=AdoS13Ou0QmZaEPlaJomvBpKkBet_V5RztcVrL0Ijw4s--RPZT3p9qQSGFEAo4n29iWbRVAUhNEhiupweCnZuIOb&_nc_zt=14&_nc_ht=scontent.fjai6-1.fna&_nc_gid=HhwaiyFFbQZTiHq62sZneQ&_nc_ss=7b289&oh=00_Af9SgwpaxQMfDsAQmLXy_CGK7w8ezuXukS3FGKAL7Zjjrw&oe=6A39AEFD || Original: https://scontent.fjai6-1.fna.fbcdn.net/v/t39.35426-6/671156185_948067704300860_5747196367690699609_n.jpg?_nc_cat=102&ccb=1-7&_nc_sid=c53f8f&_nc_ohc=rThVXIXt0VgQ7kNvwGjjhOw&_nc_oc=AdpOuauP0Y1-spF8BRZKaFdCtj9xd7c7F-pA6Nsbg5_U8xSKCUsOG9n9zQecF-zUa0dQpO1G55acXzRh0MJmJLoR&_nc_zt=14&_nc_ht=scontent.fjai6-1.fna&_nc_gid=HhwaiyFFbQZTiHq62sZneQ&_nc_ss=7b289&oh=00_Af8wrLVNAS4FC3nvXuIiwZGQhNWr4bHpyyWldmWMRwkiOA&oe=6A39920E | Resized: https://scontent.fjai6-1.fna.fbcdn.net/v/t39.35426-6/669588499_1273782761632019_3764085278941548866_n.jpg?stp=dst-jpg_s600x600_tt6&_nc_cat=105&ccb=1-7&_nc_sid=c53f8f&_nc_ohc=W2_DJADV5fYQ7kNvwFxVMX9&_nc_oc=AdrZUVq2iKSceX8ECSvYs_c8OB25BWhPe_XwDXDiACIyzqBSl71K06qacLShwiG6f1hcecOUS4mn7QBJKFxRuTU6&_nc_zt=14&_nc_ht=scontent.fjai6-1.fna&_nc_gid=HhwaiyFFbQZTiHq62sZneQ&_nc_ss=7b289&oh=00_Af8QLf1CEKSkYA9FEjp-MIPhVtnOUmMtA-aQ_KIq9vAOvw&oe=6A399B15,
1507005728101937,https://www.facebook.com/SLMTInternational/,fb.me,https://www.facebook.com/SLMTInternational/,,,,info@slmt.in,+91 94975 86786,,,,891998614225876,http://fb.me/,School of Logistics Management and Technology,https://www.facebook.com/ads/library/?id=1507005728101937,"SLMTൽ പഠിച്ചാൽ ജോലിയുറപ്പാ..!ഇതിലും ഉറപ്പ് വേറെവിടെ കിട്ടാനാ?

Learn Diploma in Logistics from SLMT, The Official Training Partner CILT

SLMT is the only institute offering 100% Placement Assistance, providing practical and theoretical training in the field of Logistics & Supply Chain Management.

✔  Diploma in Logistics and Supply Chain Management

✔  Professional Diploma in Supply Chain and Shipping 
     Management

✔  PG Diploma in Logistics and Shipping Management

For Admissions & More details
Contact SLMT
☎️ 9497586786 ☎️ 9496449933
For More Info visit our website: 
https://slmt.in/",4086,Apply now,fb.me,"FACEBOOK; INSTAGRAM",2026-03-22,2026-06-18,,,"SLMTൽ പഠിച്ചാൽ ജോലിയുറപ്പാ..!ഇതിലും ഉറപ്പ് വേറെവിടെ കിട്ടാനാ?

Learn Diploma in Logistics from SLMT, The Official Training Partner CILT

SLMT is the only institute offering 100% Placement Assistance, providing practical and theoretical training in the field of Logistics & Supply Chain Management.

✔  Diploma in Logistics and Supply Chain Management

✔  Professional Diploma in Supply Chain and Shipping 
     Management

✔  PG Diploma in Logistics and Shipping Management

For Admissions & More details
Contact SLMT
☎️ 9497586786 ☎️ 9496449933
For More Info visit our website: 
https://slmt.in/ || SLMTൽ പഠിച്ചാൽ ജോലിയുറപ്പാ..!ഇതിലും ഉറപ്പ് വേറെവിടെ കിട്ടാനാ?

Learn Diploma in Logistics from SLMT, The Official Training Partner CILT

SLMT is the only institute offering 100% Placement Assistance, providing practical and theoretical training in the field of Logistics & Supply Chain Management.

✔  Diploma in Logistics and Supply Chain Management

✔  Professional Diploma in Supply Chain and Shipping 
     Management

✔  PG Diploma in Logistics and Shipping Management

For Admissions & More details
Contact SLMT
☎️ 9497586786 ☎️ 9496449933
For More Info visit our website: 
https://slmt.in/ || SLMTൽ പഠിച്ചാൽ ജോലിയുറപ്പാ..!ഇതിലും ഉറപ്പ് വേറെവിടെ കിട്ടാനാ?

Learn Diploma in Logistics from SLMT, The Official Training Partner CILT

SLMT is the only institute offering 100% Placement Assistance, providing practical and theoretical training in the field of Logistics & Supply Chain Management.

✔  Diploma in Logistics and Supply Chain Management

✔  Professional Diploma in Supply Chain and Shipping 
     Management

✔  PG Diploma in Logistics and Shipping Management

For Admissions & More details
Contact SLMT
☎️ 9497586786 ☎️ 9496449933
For More Info visit our website: 
https://slmt.in/",http://fb.me/ || http://fb.me/ || http://fb.me/,,Apply Now || Apply Now || Apply Now,,HD: https://video.fjai6-1.fna.fbcdn.net/o1/v/t2/f2/m366/AQOKpC3bPAGOsoFESaH1Qq0-fz40qYtJMcrKVF5v7ZGyuI1cs8uTN5iFtsajVa96SnVVg8_Q-zgPUAyZ5o0IqBgRfi_JnKJfkVWJrJa25VbWAw.mp4?_nc_cat=107&_nc_oc=Adp8m-xeRH1ImJAJxTr2NiS2mj0t3UCLgIGI9lNxBpDRfNbR-CGpWXX_WCZ2et3kF3b3oUzk1Yvq3NadXziSevr0&_nc_sid=b66105&_nc_ht=video.fjai6-1.fna.fbcdn.net&_nc_ohc=9TrLE25rEccQ7kNvwEuboHY&efg=eyJ2ZW5jb2RlX3RhZyI6Inhwdl9wcm9ncmVzc2l2ZS5WSV9VU0VDQVNFX1BST0RVQ1RfVFlQRS4uQzMuNzIwLmRhc2hfaDI2NC1iYXNpYy1nZW4yXzcyMHAiLCJ4cHZfYXNzZXRfaWQiOjE3MDQyMDMwMjM1NDM5OTMsImFzc2V0X2FnZV9kYXlzIjo0MTksInZpX3VzZWNhc2VfaWQiOjEwNzk5LCJkdXJhdGlvbl9zIjo1NiwidXJsZ2VuX3NvdXJjZSI6Ind3dyJ9&ccb=17-1&vs=df09ec8102e78d22&_nc_vs=HBksFQIYRWZiX2VwaGVtZXJhbC8xNjQ2OEZGQTQ1N0Q2NTFBQ0UxNjZBODRBRTA0NTNBOV9tdF8xX3ZpZGVvX2Rhc2hpbml0Lm1wNBUAAsgBEgAVAhg6cGFzc3Rocm91Z2hfZXZlcnN0b3JlL0dISGtVUjFZOUJaUWE1NEhBQmxPQ2VEZ2VKcHdidjRHQUFBRhUCAsgBEgAoABgAGwKIB3VzZV9vaWwBMRJwcm9ncmVzc2l2ZV9yZWNpcGUBMRUAACbyur_91f2GBhUCKAJDMywXQExqn752yLQYGWRhc2hfaDI2NC1iYXNpYy1nZW4yXzcyMHARAHUAZd6oAQA&_nc_gid=HhwaiyFFbQZTiHq62sZneQ&_nc_ss=7b289&_nc_zt=28&oh=00_Af9xsCc_Fo_qdYWfhtzxI3xtTa33t8Kp6Wz4PGsQgWTPQw&oe=6A39B0FD | SD: https://video.fjai6-1.fna.fbcdn.net/o1/v/t2/f2/m69/AQOywbe-q4kDnCgkPjsdSdTDW_QEvkvn_K_QQS3loZrIu1nIrBHTvyZmjV-rwvSpOAFWYdaG9N4YiTAj9Qa23CSd.mp4?strext=1&_nc_cat=106&_nc_oc=Adqg3RHWfKGS7J0hQTPz8dbBByyeRMEqbYGptTIhFQVnu4Gb-qaydmi88r2LauWj0snNJRIKPe8pEjL53DbN9-6E&_nc_sid=ef5aa3&_nc_ht=video.fjai6-1.fna.fbcdn.net&_nc_ohc=ynnN9nBuRwsQ7kNvwGbT1AA&efg=eyJ2ZW5jb2RlX3RhZyI6Inhwdl9wcm9ncmVzc2l2ZS5WSV9VU0VDQVNFX1BST0RVQ1RfVFlQRS4uQzMuMzYwLnN2ZV9zZCIsInhwdl9hc3NldF9pZCI6MTcwNDIwMzAyMzU0Mzk5MywiYXNzZXRfYWdlX2RheXMiOjQxOSwidmlfdXNlY2FzZV9pZCI6MTA3OTksImR1cmF0aW9uX3MiOjU2LCJ1cmxnZW5fc291cmNlIjoid3d3In0%3D&ccb=17-1&_nc_gid=HhwaiyFFbQZTiHq62sZneQ&_nc_ss=7b289&_nc_zt=28&oh=00_Af9OknurJpNlAb8OBAeRiu3fMKAuPQaX3q-Xu3qQu-k4sg&oe=6A39A51C | Preview: https://scontent.fjai6-1.fna.fbcdn.net/v/t39.35426-6/656033846_957570593506395_5829922109891630494_n.jpg?_nc_cat=101&ccb=1-7&_nc_sid=c53f8f&_nc_ohc=wuZ3gPboOpYQ7kNvwEowc3T&_nc_oc=AdpJvIGrDRh68gim9w4Ya0Dg3tFjOHZPoLn10Udr3jGAXDFlh4zyArK4A3hQ9b-GEErsj4TailsbimZLJ_fDHsG3&_nc_zt=14&_nc_ht=scontent.fjai6-1.fna&_nc_gid=HhwaiyFFbQZTiHq62sZneQ&_nc_ss=7b289&oh=00_Af-3JRQedp-iCrHcOnaVzIX0gWZD7F2P5BxHUdHbi0BOpg&oe=6A398968 || HD: https://video.fjai6-1.fna.fbcdn.net/o1/v/t2/f2/m366/AQOKpC3bPAGOsoFESaH1Qq0-fz40qYtJMcrKVF5v7ZGyuI1cs8uTN5iFtsajVa96SnVVg8_Q-zgPUAyZ5o0IqBgRfi_JnKJfkVWJrJa25VbWAw.mp4?_nc_cat=107&_nc_oc=Adp8m-xeRH1ImJAJxTr2NiS2mj0t3UCLgIGI9lNxBpDRfNbR-CGpWXX_WCZ2et3kF3b3oUzk1Yvq3NadXziSevr0&_nc_sid=b66105&_nc_ht=video.fjai6-1.fna.fbcdn.net&_nc_ohc=9TrLE25rEccQ7kNvwEuboHY&efg=eyJ2ZW5jb2RlX3RhZyI6Inhwdl9wcm9ncmVzc2l2ZS5WSV9VU0VDQVNFX1BST0RVQ1RfVFlQRS4uQzMuNzIwLmRhc2hfaDI2NC1iYXNpYy1nZW4yXzcyMHAiLCJ4cHZfYXNzZXRfaWQiOjE3MDQyMDMwMjM1NDM5OTMsImFzc2V0X2FnZV9kYXlzIjo0MTksInZpX3VzZWNhc2VfaWQiOjEwNzk5LCJkdXJhdGlvbl9zIjo1NiwidXJsZ2VuX3NvdXJjZSI6Ind3dyJ9&ccb=17-1&vs=df09ec8102e78d22&_nc_vs=HBksFQIYRWZiX2VwaGVtZXJhbC8xNjQ2OEZGQTQ1N0Q2NTFBQ0UxNjZBODRBRTA0NTNBOV9tdF8xX3ZpZGVvX2Rhc2hpbml0Lm1wNBUAAsgBEgAVAhg6cGFzc3Rocm91Z2hfZXZlcnN0b3JlL0dISGtVUjFZOUJaUWE1NEhBQmxPQ2VEZ2VKcHdidjRHQUFBRhUCAsgBEgAoABgAGwKIB3VzZV9vaWwBMRJwcm9ncmVzc2l2ZV9yZWNpcGUBMRUAACbyur_91f2GBhUCKAJDMywXQExqn752yLQYGWRhc2hfaDI2NC1iYXNpYy1nZW4yXzcyMHARAHUAZd6oAQA&_nc_gid=HhwaiyFFbQZTiHq62sZneQ&_nc_ss=7b289&_nc_zt=28&oh=00_Af9xsCc_Fo_qdYWfhtzxI3xtTa33t8Kp6Wz4PGsQgWTPQw&oe=6A39B0FD | SD: https://video.fjai6-1.fna.fbcdn.net/o1/v/t2/f2/m69/AQOywbe-q4kDnCgkPjsdSdTDW_QEvkvn_K_QQS3loZrIu1nIrBHTvyZmjV-rwvSpOAFWYdaG9N4YiTAj9Qa23CSd.mp4?strext=1&_nc_cat=106&_nc_oc=Adqg3RHWfKGS7J0hQTPz8dbBByyeRMEqbYGptTIhFQVnu4Gb-qaydmi88r2LauWj0snNJRIKPe8pEjL53DbN9-6E&_nc_sid=ef5aa3&_nc_ht=video.fjai6-1.fna.fbcdn.net&_nc_ohc=ynnN9nBuRwsQ7kNvwGbT1AA&efg=eyJ2ZW5jb2RlX3RhZyI6Inhwdl9wcm9ncmVzc2l2ZS5WSV9VU0VDQVNFX1BST0RVQ1RfVFlQRS4uQzMuMzYwLnN2ZV9zZCIsInhwdl9hc3NldF9pZCI6MTcwNDIwMzAyMzU0Mzk5MywiYXNzZXRfYWdlX2RheXMiOjQxOSwidmlfdXNlY2FzZV9pZCI6MTA3OTksImR1cmF0aW9uX3MiOjU2LCJ1cmxnZW5fc291cmNlIjoid3d3In0%3D&ccb=17-1&_nc_gid=HhwaiyFFbQZTiHq62sZneQ&_nc_ss=7b289&_nc_zt=28&oh=00_Af9OknurJpNlAb8OBAeRiu3fMKAuPQaX3q-Xu3qQu-k4sg&oe=6A39A51C | Preview: https://scontent.fjai6-1.fna.fbcdn.net/v/t39.35426-6/656033846_957570593506395_5829922109891630494_n.jpg?_nc_cat=101&ccb=1-7&_nc_sid=c53f8f&_nc_ohc=wuZ3gPboOpYQ7kNvwEowc3T&_nc_oc=AdpJvIGrDRh68gim9w4Ya0Dg3tFjOHZPoLn10Udr3jGAXDFlh4zyArK4A3hQ9b-GEErsj4TailsbimZLJ_fDHsG3&_nc_zt=14&_nc_ht=scontent.fjai6-1.fna&_nc_gid=HhwaiyFFbQZTiHq62sZneQ&_nc_ss=7b289&oh=00_Af-3JRQedp-iCrHcOnaVzIX0gWZD7F2P5BxHUdHbi0BOpg&oe=6A398968 || HD: https://video.fjai6-1.fna.fbcdn.net/o1/v/t2/f2/m366/AQOKpC3bPAGOsoFESaH1Qq0-fz40qYtJMcrKVF5v7ZGyuI1cs8uTN5iFtsajVa96SnVVg8_Q-zgPUAyZ5o0IqBgRfi_JnKJfkVWJrJa25VbWAw.mp4?_nc_cat=107&_nc_oc=Adp8m-xeRH1ImJAJxTr2NiS2mj0t3UCLgIGI9lNxBpDRfNbR-CGpWXX_WCZ2et3kF3b3oUzk1Yvq3NadXziSevr0&_nc_sid=b66105&_nc_ht=video.fjai6-1.fna.fbcdn.net&_nc_ohc=9TrLE25rEccQ7kNvwEuboHY&efg=eyJ2ZW5jb2RlX3RhZyI6Inhwdl9wcm9ncmVzc2l2ZS5WSV9VU0VDQVNFX1BST0RVQ1RfVFlQRS4uQzMuNzIwLmRhc2hfaDI2NC1iYXNpYy1nZW4yXzcyMHAiLCJ4cHZfYXNzZXRfaWQiOjE3MDQyMDMwMjM1NDM5OTMsImFzc2V0X2FnZV9kYXlzIjo0MTksInZpX3VzZWNhc2VfaWQiOjEwNzk5LCJkdXJhdGlvbl9zIjo1NiwidXJsZ2VuX3NvdXJjZSI6Ind3dyJ9&ccb=17-1&vs=df09ec8102e78d22&_nc_vs=HBksFQIYRWZiX2VwaGVtZXJhbC8xNjQ2OEZGQTQ1N0Q2NTFBQ0UxNjZBODRBRTA0NTNBOV9tdF8xX3ZpZGVvX2Rhc2hpbml0Lm1wNBUAAsgBEgAVAhg6cGFzc3Rocm91Z2hfZXZlcnN0b3JlL0dISGtVUjFZOUJaUWE1NEhBQmxPQ2VEZ2VKcHdidjRHQUFBRhUCAsgBEgAoABgAGwKIB3VzZV9vaWwBMRJwcm9ncmVzc2l2ZV9yZWNpcGUBMRUAACbyur_91f2GBhUCKAJDMywXQExqn752yLQYGWRhc2hfaDI2NC1iYXNpYy1nZW4yXzcyMHARAHUAZd6oAQA&_nc_gid=HhwaiyFFbQZTiHq62sZneQ&_nc_ss=7b289&_nc_zt=28&oh=00_Af9xsCc_Fo_qdYWfhtzxI3xtTa33t8Kp6Wz4PGsQgWTPQw&oe=6A39B0FD | SD: https://video.fjai6-1.fna.fbcdn.net/o1/v/t2/f2/m69/AQOywbe-q4kDnCgkPjsdSdTDW_QEvkvn_K_QQS3loZrIu1nIrBHTvyZmjV-rwvSpOAFWYdaG9N4YiTAj9Qa23CSd.mp4?strext=1&_nc_cat=106&_nc_oc=Adqg3RHWfKGS7J0hQTPz8dbBByyeRMEqbYGptTIhFQVnu4Gb-qaydmi88r2LauWj0snNJRIKPe8pEjL53DbN9-6E&_nc_sid=ef5aa3&_nc_ht=video.fjai6-1.fna.fbcdn.net&_nc_ohc=ynnN9nBuRwsQ7kNvwGbT1AA&efg=eyJ2ZW5jb2RlX3RhZyI6Inhwdl9wcm9ncmVzc2l2ZS5WSV9VU0VDQVNFX1BST0RVQ1RfVFlQRS4uQzMuMzYwLnN2ZV9zZCIsInhwdl9hc3NldF9pZCI6MTcwNDIwMzAyMzU0Mzk5MywiYXNzZXRfYWdlX2RheXMiOjQxOSwidmlfdXNlY2FzZV9pZCI6MTA3OTksImR1cmF0aW9uX3MiOjU2LCJ1cmxnZW5fc291cmNlIjoid3d3In0%3D&ccb=17-1&_nc_gid=HhwaiyFFbQZTiHq62sZneQ&_nc_ss=7b289&_nc_zt=28&oh=00_Af9OknurJpNlAb8OBAeRiu3fMKAuPQaX3q-Xu3qQu-k4sg&oe=6A39A51C | Preview: https://scontent.fjai6-1.fna.fbcdn.net/v/t39.35426-6/655817966_968760795826767_8886459092318525203_n.jpg?_nc_cat=107&ccb=1-7&_nc_sid=c53f8f&_nc_ohc=itSparZ3C88Q7kNvwFKXUiM&_nc_oc=AdpcAPkvrRXPcV3sxjSJ719Cj-0dYzxUo5yZytzGjKzdS9CUAeb0gvQudv7zxwtM9ileeTbq96viX9Z5z-lRLhsm&_nc_zt=14&_nc_ht=scontent.fjai6-1.fna&_nc_gid=HhwaiyFFbQZTiHq62sZneQ&_nc_ss=7b289&oh=00_Af83mLBnqyLyd9dS70Y2q27D6xvuaY9I55OIcOjSL6cRMQ&oe=6A39AD05
993570266858138,https://www.facebook.com/mpgi.edu.in/,fb.me,https://www.facebook.com/mpgi.edu.in/,,,,,+91 80046 64578,,,,117723505064660,http://fb.me/,Maharana Pratap Group of Institutions,https://www.facebook.com/ads/library/?id=993570266858138,"MBA & MCA Admissions Open 2026 at MPGI Kanpur

Looking to build a successful career in Management or Technology?

✅ MBA & MCA Programs

✅ Assured Placement Programs with Imarticus Learning

✅ Industry Collaborations & Global Exposure

✅ 300+ Campus Drives

✅ 100% Placement Assistance

✅ Modern Campus & Industry Visits

✅ Scholarships Available

📍 Kanpur Campus

Fill the form now and get admission counselling, fee details, scholarship information, and placement guidance from MPGI experts.

👉 Limited Seats Available – Apply Now",18907,Apply now,fb.me,"FACEBOOK; INSTAGRAM; AUDIENCE_NETWORK",2026-06-01,2026-06-18,,,Apply Now | Limited Seats || Apply Now | Limited Seats || Apply Now | Limited Seats || Apply Now | Limited Seats || Apply Now | Limited Seats || Apply Now | Limited Seats || Apply Now | Limited Seats || Apply Now | Limited Seats || Apply Now | Limited Seats || Apply Now | Limited Seats,http://fb.me/ || http://fb.me/ || http://fb.me/ || http://fb.me/ || http://fb.me/ || http://fb.me/ || http://fb.me/ || http://fb.me/ || http://fb.me/ || http://fb.me/,fb.me || fb.me || fb.me || fb.me || fb.me || fb.me || fb.me || fb.me || fb.me || fb.me,Apply Now || Apply Now || Apply Now || Apply Now || Apply Now || Apply Now || Apply Now || Apply Now || Apply Now || Apply Now,Original: https://scontent.fjai6-1.fna.fbcdn.net/v/t39.35426-6/710625693_1301278315494805_6387332203492595379_n.jpg?_nc_cat=104&ccb=1-7&_nc_sid=c53f8f&_nc_ohc=VS0j7rsMbf8Q7kNvwH3baV_&_nc_oc=AdpZdaY2Fx23kGDdFwfNqL7KEgTFGxeCFAWWrWHoF7a5NXAxj291wa2yJEhV1wgeVnrMQHzTak4vFYQbrKh8q90a&_nc_zt=14&_nc_ht=scontent.fjai6-1.fna&_nc_gid=HhwaiyFFbQZTiHq62sZneQ&_nc_ss=7b289&oh=00_Af8xuWY4kyrEDUwvfr3oUMjlzrUpcHdyOLraSry1jGmeJw&oe=6A3986B7 | Resized: https://scontent.fjai6-1.fna.fbcdn.net/v/t39.35426-6/710755402_1016084167516751_6474748545506379133_n.jpg?stp=dst-jpg_s600x600_tt6&_nc_cat=106&ccb=1-7&_nc_sid=c53f8f&_nc_ohc=ky5OUlUSHs4Q7kNvwFUZgYn&_nc_oc=AdrYp704DLC8VM2JhigdhwM3PP2nPTO6cwmtC__EBRucy2Ooe6G_xYoKREZtvvxiVAgmbcdYRyo681RZUc0KqRr6&_nc_zt=14&_nc_ht=scontent.fjai6-1.fna&_nc_gid=HhwaiyFFbQZTiHq62sZneQ&_nc_ss=7b289&oh=00_Af-ztgsUmm9PCDfgdv9Z9-fim1wV6U9DZeVEcrvNWmZ2Mw&oe=6A399005 || Original: https://scontent.fjai6-1.fna.fbcdn.net/v/t39.35426-6/710756326_887322107723762_2880186705763125374_n.jpg?_nc_cat=109&ccb=1-7&_nc_sid=c53f8f&_nc_ohc=j_1FUvIxBKYQ7kNvwHBPsKx&_nc_oc=AdqUjYZWB520Lf9pnQIrno7ED02TVCOWwsWRATk1riETqVUlWquuUkpIjmdNshDWptysrURTOGDWAJXtOIl8xmWa&_nc_zt=14&_nc_ht=scontent.fjai6-1.fna&_nc_gid=HhwaiyFFbQZTiHq62sZneQ&_nc_ss=7b289&oh=00_Af9xtIoSTcr5ggNpQ1G9P5qt33XvXq2uzRA4mKCyqjcCZg&oe=6A39957A | Resized: https://scontent.fjai6-1.fna.fbcdn.net/v/t39.35426-6/710098522_1897045437581150_3480974255981798025_n.jpg?stp=dst-jpg_s600x600_tt6&_nc_cat=111&ccb=1-7&_nc_sid=c53f8f&_nc_ohc=Jl7IxLa-2Z8Q7kNvwHypwQq&_nc_oc=AdpINIkAv84VFJLtCQP564CEsLM8nC03Avg-iwJD61XHy17Z5dYnBbeFDHxLTHFisde_c6vFW2S410zg7Zaxfu27&_nc_zt=14&_nc_ht=scontent.fjai6-1.fna&_nc_gid=HhwaiyFFbQZTiHq62sZneQ&_nc_ss=7b289&oh=00_Af9T-jqbdhIzpJqSo097kXJ3D-wxn60fooQo992Qc9RjeA&oe=6A39AAE1 || Original: https://scontent.fjai6-1.fna.fbcdn.net/v/t39.35426-6/710799572_2128025788054754_8677911920729781154_n.jpg?_nc_cat=103&ccb=1-7&_nc_sid=c53f8f&_nc_ohc=3Mo59yYqH80Q7kNvwErALcY&_nc_oc=AdrtcRx5tpyNIob3A0OEfQ1SaVG90zBYP_WNXy7LNidieMJOlkg3CkUAhMvOnhWte9pUoWjTIpAgPikIvj9h7sbv&_nc_zt=14&_nc_ht=scontent.fjai6-1.fna&_nc_gid=HhwaiyFFbQZTiHq62sZneQ&_nc_ss=7b289&oh=00_Af-CUHIkF9ZZcfTVdGugvMWuWYg2DVyT0vb1ERxQ-UuYrw&oe=6A39B5FF | Resized: https://scontent.fjai6-1.fna.fbcdn.net/v/t39.35426-6/710365483_1321585239951696_5411007269105770286_n.jpg?stp=dst-jpg_s600x600_tt6&_nc_cat=103&ccb=1-7&_nc_sid=c53f8f&_nc_ohc=ovQti-ObGDwQ7kNvwFk7JS3&_nc_oc=AdpO6mVTJoTK1LNV9bxUm2CqMcjxbGhzAM7SvMvFRpsyB9xMyy1YYBD-3vVpNncJ1dJ27vTi6r6Z65gMFSo57aYt&_nc_zt=14&_nc_ht=scontent.fjai6-1.fna&_nc_gid=HhwaiyFFbQZTiHq62sZneQ&_nc_ss=7b289&oh=00_Af9wWfXtS4Cg0eEtHSJOOkVX044ed6YO0JJakgWn-EQtbw&oe=6A39A63C || Original: https://scontent.fjai6-1.fna.fbcdn.net/v/t39.35426-6/710782235_1471977990734427_5048054032937268112_n.jpg?_nc_cat=100&ccb=1-7&_nc_sid=c53f8f&_nc_ohc=y0Ag4lS2eDQQ7kNvwEL8z-L&_nc_oc=AdpKx3mudv0WwKP1iPN14bVH94XPKnAqDB4NfbfkJp3AKYPGrSwdtA83UJ64lyEnRbeiNG5h1jAnqvgCu1pNSqQD&_nc_zt=14&_nc_ht=scontent.fjai6-1.fna&_nc_gid=HhwaiyFFbQZTiHq62sZneQ&_nc_ss=7b289&oh=00_Af9ai8Vhby8P3SUBktetd4IzAv3dNBw2F0O1Kk41nUQqOg&oe=6A39AD04 | Resized: https://scontent.fjai6-1.fna.fbcdn.net/v/t39.35426-6/710478466_745098691994834_1763203532158610697_n.jpg?stp=dst-jpg_s600x600_tt6&_nc_cat=102&ccb=1-7&_nc_sid=c53f8f&_nc_ohc=NIYltM-Gh0AQ7kNvwFY6ugI&_nc_oc=AdohOi5QOZeC4va27ywc28R6N7eFAw_yBJapulYNLevGqzpUTtWFSoLC46lvdwya4fzgzOubLdKekC--_6pYQrn1&_nc_zt=14&_nc_ht=scontent.fjai6-1.fna&_nc_gid=HhwaiyFFbQZTiHq62sZneQ&_nc_ss=7b289&oh=00_Af_2idp_XhRpmQGmXm6i-ViFFrZhuRd103UNVIHMc41vhA&oe=6A39B35F || Original: https://scontent.fjai6-1.fna.fbcdn.net/v/t39.35426-6/710405225_1934581600595345_1746901633714082126_n.jpg?_nc_cat=111&ccb=1-7&_nc_sid=c53f8f&_nc_ohc=rp1n8R-oJj8Q7kNvwGEPzvH&_nc_oc=Adr4YglvUC9vhqN2g-RtRBJWPAzpo0wFRWw8okMgaKzkmgYtqUI9T_Unv_LHK2YEIRTmS2zSLTq-Fd0eInc0YLgY&_nc_zt=14&_nc_ht=scontent.fjai6-1.fna&_nc_gid=HhwaiyFFbQZTiHq62sZneQ&_nc_ss=7b289&oh=00_Af-ZiCo4iz1abo44sPMK2shX7qH4Ssyz3TC-0jJnRKiVQg&oe=6A39B705 | Resized: https://scontent.fjai6-1.fna.fbcdn.net/v/t39.35426-6/710755987_3735051216637338_167444220233473652_n.jpg?stp=dst-jpg_s600x600_tt6&_nc_cat=111&ccb=1-7&_nc_sid=c53f8f&_nc_ohc=n4j75x9lQvkQ7kNvwGoYbdo&_nc_oc=AdokL1v-wIIgUUWiOfEC3-CWGNxOQcVdHQL0J2BJwatglppT3UPTVlV6CMBJhX-_gQmW2opixt7D8gijOfEcGRAp&_nc_zt=14&_nc_ht=scontent.fjai6-1.fna&_nc_gid=HhwaiyFFbQZTiHq62sZneQ&_nc_ss=7b289&oh=00_Af-bZJb_EOelo060sjEJwbQ6SgrQjqeIzWbGiA2QuJzLag&oe=6A39B6C4 || Original: https://scontent.fjai6-1.fna.fbcdn.net/v/t39.35426-6/710638959_2179002196281725_4975553223143624923_n.jpg?_nc_cat=101&ccb=1-7&_nc_sid=c53f8f&_nc_ohc=r4dgXQYYB-wQ7kNvwFoyKQN&_nc_oc=AdqLCfB-BahV3sJPqDuh_SQWOoZdjXpAF71xwScyojHVz3KUN6wJ41wrbob2wAAurBc_imDq6Xfe42Tp8WoiUAXw&_nc_zt=14&_nc_ht=scontent.fjai6-1.fna&_nc_gid=HhwaiyFFbQZTiHq62sZneQ&_nc_ss=7b289&oh=00_Af_Tg1vz68d8hS4azSHHK_c2jY6flbfSR39T_pZQMTleBQ&oe=6A399676 | Resized: https://scontent.fjai6-1.fna.fbcdn.net/v/t39.35426-6/710555355_2091390821730216_7934618704075931622_n.jpg?stp=dst-jpg_s600x600_tt6&_nc_cat=102&ccb=1-7&_nc_sid=c53f8f&_nc_ohc=Zedu9r0gYP4Q7kNvwFFJaNJ&_nc_oc=AdofD6Nkq9h5fwkArgn-G6YRqYsNahIcc9Rl0nvQZVKc6oNSknXx6iG_91hMaJWGwlTAPMtfVC2dh5dWQ8l-iVpJ&_nc_zt=14&_nc_ht=scontent.fjai6-1.fna&_nc_gid=HhwaiyFFbQZTiHq62sZneQ&_nc_ss=7b289&oh=00_Af_iVM9t2aAf00SKPWNJOCCcLM4mQs5q7axdvsJs-n5n0A&oe=6A39B3FF || Original: https://scontent.fjai6-1.fna.fbcdn.net/v/t39.35426-6/710755242_1628410625952887_8692883770154522494_n.jpg?_nc_cat=109&ccb=1-7&_nc_sid=c53f8f&_nc_ohc=IeLqc6xcwr8Q7kNvwEIHKeJ&_nc_oc=Ado7KPzcyDdGwlH135vaqak9K_uom36MXcys0NFSftFkOrVJ_rwdJlxrJqXqNXgDXSVYrFGrks1ytnmw2RhIqHEN&_nc_zt=14&_nc_ht=scontent.fjai6-1.fna&_nc_gid=HhwaiyFFbQZTiHq62sZneQ&_nc_ss=7b289&oh=00_Af_nHdavnynWUrTsyjAaQraPzCxnsUo4eophQ1NRCW2c0A&oe=6A39BD36 | Resized: https://scontent.fjai6-1.fna.fbcdn.net/v/t39.35426-6/710799709_788997860848598_126556393652937020_n.jpg?stp=dst-jpg_s600x600_tt6&_nc_cat=101&ccb=1-7&_nc_sid=c53f8f&_nc_ohc=FKmPC0xmU-oQ7kNvwEVdp6e&_nc_oc=Adqetu2XrqHWDV9qNgzVAliYXGMnBPWZlmch3aL0T2h5UK8GLZO0nVY8ve9J6bG4WEL3JK33haiAewLDB3RCQryZ&_nc_zt=14&_nc_ht=scontent.fjai6-1.fna&_nc_gid=HhwaiyFFbQZTiHq62sZneQ&_nc_ss=7b289&oh=00_Af9vMKQQGR4dlhmUs8_BQV7eXeFo-vFpNEwcdT98BaJvOQ&oe=6A39A740 || Original: https://scontent.fjai6-1.fna.fbcdn.net/v/t39.35426-6/710118258_1926443768075342_1498951662043970888_n.jpg?_nc_cat=106&ccb=1-7&_nc_sid=c53f8f&_nc_ohc=V8L7GD2c1UEQ7kNvwEr1lgV&_nc_oc=AdoaMLrvXDHlavGXFZ2IvdAwx1NUd4ObBwASB3ZU-eqbfbdw7OlxiK8Z10gVyJGdhzylFo4FVfmo-6TpdCOWTUdG&_nc_zt=14&_nc_ht=scontent.fjai6-1.fna&_nc_gid=HhwaiyFFbQZTiHq62sZneQ&_nc_ss=7b289&oh=00_Af_JUgpp_4DvkVTgcJR3-HTTQluCXcVuvowBjsTV6sf5WA&oe=6A39BD94 | Resized: https://scontent.fjai6-1.fna.fbcdn.net/v/t39.35426-6/710613409_991608623514539_4312416921394114449_n.jpg?stp=dst-jpg_s600x600_tt6&_nc_cat=104&ccb=1-7&_nc_sid=c53f8f&_nc_ohc=NeXHar2qjX4Q7kNvwEQYArq&_nc_oc=Adpdy_0heb10YA1iyIvHL0Ev-8yTccWY1bN1tlZamSZzd40WIGE0Tu-wwU5mtJm6mlwRz5ssUscA_nH6tLz4lCxE&_nc_zt=14&_nc_ht=scontent.fjai6-1.fna&_nc_gid=HhwaiyFFbQZTiHq62sZneQ&_nc_ss=7b289&oh=00_Af_lL2NUfZGCKSnnJEzO_NkmSLAMGkHTIRURbXX3Gc6vIw&oe=6A39A85B || Original: https://scontent.fjai6-1.fna.fbcdn.net/v/t39.35426-6/710432591_957755797082733_1206410656114379745_n.jpg?_nc_cat=103&ccb=1-7&_nc_sid=c53f8f&_nc_ohc=JfwAl0YDNJYQ7kNvwGI5Tae&_nc_oc=Adpvq5BlR5pixnwF8mn8brUjKER_7ICWd0KUREKsoSKQMViNMIAaFoUPNJPwQIsY0zl8nF3Z431F1e2irsBy8zPz&_nc_zt=14&_nc_ht=scontent.fjai6-1.fna&_nc_gid=HhwaiyFFbQZTiHq62sZneQ&_nc_ss=7b289&oh=00_Af_nQdYaf21v67_noOlDt_rUemRBAWb9Ckgp_Y7XVBsqJQ&oe=6A39B45A | Resized: https://scontent.fjai6-1.fna.fbcdn.net/v/t39.35426-6/710280166_1016406237402917_8445079874662078992_n.jpg?stp=dst-jpg_s600x600_tt6&_nc_cat=103&ccb=1-7&_nc_sid=c53f8f&_nc_ohc=6NOM5NYsi8YQ7kNvwGZe0TU&_nc_oc=Adr3hglhBmLgHiL9pcHUkPjNMB2x1i8AdKfUHafiQpN9YFasuxEPX0D9ej_t8v6AWj_4dT4wz7fNe9ajatHfXwN-&_nc_zt=14&_nc_ht=scontent.fjai6-1.fna&_nc_gid=HhwaiyFFbQZTiHq62sZneQ&_nc_ss=7b289&oh=00_Af9pMRIlXQdSGu15j4kBeRDNS7uOLlTw8DHLC9ZKIptQdw&oe=6A398E49 || Original: https://scontent.fjai6-1.fna.fbcdn.net/v/t39.35426-6/710478554_1003122922097621_4879461854216938538_n.jpg?_nc_cat=105&ccb=1-7&_nc_sid=c53f8f&_nc_ohc=IEw-R3pC59gQ7kNvwHsAi0M&_nc_oc=Adol_xJfaI6GUpZjWNKFKRROmVI2CNjmslV3ZxPJzOjKit5nTnwWOb1hVuLpuVxZYDSDt8nzZA0QkeixMe03Vr1x&_nc_zt=14&_nc_ht=scontent.fjai6-1.fna&_nc_gid=HhwaiyFFbQZTiHq62sZneQ&_nc_ss=7b289&oh=00_Af--DNYynAuIyGKr1z-VfwNOK2whJoup_2OOUDnBeESMnA&oe=6A399884 | Resized: https://scontent.fjai6-1.fna.fbcdn.net/v/t39.35426-6/710782155_1284833556706490_3097130516010615331_n.jpg?stp=dst-jpg_s600x600_tt6&_nc_cat=107&ccb=1-7&_nc_sid=c53f8f&_nc_ohc=QpCsK-8aMdcQ7kNvwHck1EI&_nc_oc=Ado5Bhnvpug7fwAzc_gr2ynEP_GfmxYNvt7GY968XyVIpuHeyTfnOuMUmQFZ7wfu4zqvg6tZucuVGZPeaSVmghtR&_nc_zt=14&_nc_ht=scontent.fjai6-1.fna&_nc_gid=HhwaiyFFbQZTiHq62sZneQ&_nc_ss=7b289&oh=00_Af-0yspxMnU14ttF5MLnKiEiWime-Ot2-dLm0uXJOIS28w&oe=6A399541,
2798068080557083,https://www.facebook.com/61585613997328/,api.whatsapp.com,https://www.facebook.com/61585613997328/,,,,,,,,,901297666405537,https://api.whatsapp.com/send,Keton Kurta,https://www.facebook.com/ads/library/?id=2798068080557083,"Kurta Manufacturer in Surat for Bulk & Wholesale Orders

If you are a kurta retailer, wholesaler, or ethnic wear brand, sourcing quality products in bulk starts with the right manufacturer.
Keton Kurta is a manufacturer specializing in premium designer kurtas and ethnic wear, crafted for large-scale retail and wholesale requirements.

We manufacture kurtas that meet market demand, seasonal trends, and consistent sizing standards, ensuring smooth retail performance across festivals and regular sales cycles.

• Bulk kurta manufacturing 
• Premium fabrics & finishing
• Consistent quality across lots
• Competitive wholesale pricing
• Reliable production timelines

📞Enquiries Only: 073740 08200
267, RAGHUVIR SCARLETT, NEAR DMD LOGISTICS PARK, SAROLI, Surat, Gujarat 395010",123,Send WhatsApp message,api.whatsapp.com,"FACEBOOK; INSTAGRAM; WHATSAPP; THREADS",2026-05-26,2026-06-16,HD: https://video.fjai6-1.fna.fbcdn.net/o1/v/t2/f2/m366/AQNXcm8xeSvakAtemSyF9JA3HQ7EQKs7KfJ9StOiPOhwnBBDGDwIBmEboJ8-f6WYinxOcouOmUimcViguLKgNrMyqjZt4Qc9b0SKc65G11lP5Q.mp4?_nc_cat=111&_nc_oc=AdqTplex3Guh3ZTj5Jwdq3Y2ccNryf3ZrN4Gvq_EyvrVrqLfX31qZfFaTDDHuOTaRqGOlkX8Wtfj8nqtJyXNa-5y&_nc_sid=b66105&_nc_ht=video.fjai6-1.fna.fbcdn.net&_nc_ohc=ULe9HAerv-AQ7kNvwH7K7nu&efg=eyJ2ZW5jb2RlX3RhZyI6Inhwdl9wcm9ncmVzc2l2ZS5WSV9VU0VDQVNFX1BST0RVQ1RfVFlQRS4uQzMuNzIwLmRhc2hfaDI2NC1iYXNpYy1nZW4yXzcyMHAiLCJ4cHZfYXNzZXRfaWQiOjk5MTUzOTgxMzI1NTU1NiwiYXNzZXRfYWdlX2RheXMiOjIzLCJ2aV91c2VjYXNlX2lkIjoxMDc5OSwiZHVyYXRpb25fcyI6MzEsInVybGdlbl9zb3VyY2UiOiJ3d3cifQ%3D%3D&ccb=17-1&vs=c60592d30db067f2&_nc_vs=HBksFQIYRWZiX2VwaGVtZXJhbC9CNzQyOTYxQzY2RjE4Njk1OEMxMUFBRDVDMkExODdBN19tdF8xX3ZpZGVvX2Rhc2hpbml0Lm1wNBUAAsgBEgAVAhhAZmJfcGVybWFuZW50L0UyNEE0QUQyODFDMjc1QUEzRjI3NDQ3QTg4QzMwQjg3X2F1ZGlvX2Rhc2hpbml0Lm1wNBUCAsgBEgAoABgAGwKIB3VzZV9vaWwBMRJwcm9ncmVzc2l2ZV9yZWNpcGUBMRUAACaIpsylm_PCAxUCKAJDMywXQD8Q5WBBiTcYGWRhc2hfaDI2NC1iYXNpYy1nZW4yXzcyMHARAHUAZd6oAQA&_nc_gid=HhwaiyFFbQZTiHq62sZneQ&_nc_ss=7b289&_nc_zt=28&oh=00_Af8r6Z0ROFqCIOoV3wQahLrYHFHckeG1MLMAB46O7k1V5Q&oe=6A39A3AD | SD: https://video.fjai6-1.fna.fbcdn.net/o1/v/t2/f2/m412/AQOd69oIbDoRPZ_uGKrtnOmPoE_MqPvEWI8R-9kKMCgTtsc4DCOhxrL0FOK-k8s9UYbEtpGdeV3LgPhfX-Wadfbsfs_BtbDbhpmZusYclQ.mp4?_nc_cat=102&_nc_oc=AdoKhL-tSVesea22tUvzvlv16sxTShaUvGNWvbSKp8UtmEYJ8YtbjxP0O6WTzmzDnso9cesNaIEZ9JMkuLsAs2q5&_nc_sid=ef5aa3&_nc_ht=video.fjai6-1.fna.fbcdn.net&_nc_ohc=FWmJYnnB5EcQ7kNvwEDSjMg&efg=eyJ2ZW5jb2RlX3RhZyI6Inhwdl9wcm9ncmVzc2l2ZS5WSV9VU0VDQVNFX1BST0RVQ1RfVFlQRS4uQzMuMzYwLnN2ZV9zZCIsInhwdl9hc3NldF9pZCI6OTkxNTM5ODEzMjU1NTU2LCJhc3NldF9hZ2VfZGF5cyI6MjMsInZpX3VzZWNhc2VfaWQiOjEwNzk5LCJkdXJhdGlvbl9zIjozMSwidXJsZ2VuX3NvdXJjZSI6Ind3dyJ9&ccb=17-1&_nc_gid=HhwaiyFFbQZTiHq62sZneQ&_nc_ss=7b289&_nc_zt=28&oh=00_Af-7mV58fYLD2Wyp4cWqkF99ec5A1TyMcsgMP9i9cP3Zcw&oe=6A399790 | Preview: https://scontent.fjai6-1.fna.fbcdn.net/v/t39.35426-6/708122784_908917882168712_2973779386964253941_n.jpg?_nc_cat=107&ccb=1-7&_nc_sid=c53f8f&_nc_ohc=G3-lgsjReVUQ7kNvwG1DoFR&_nc_oc=AdofAf-GT_liRPCJZieh2ygqtYlNtVC7YxPs5WXXdISdR_6gBPIkoqbpX85C0JglCCD5HpyCAqNRezI2RZ2I_ggn&_nc_zt=14&_nc_ht=scontent.fjai6-1.fna&_nc_gid=HhwaiyFFbQZTiHq62sZneQ&_nc_ss=7b289&oh=00_Af8-nLLo2RJrbMv4dzop2cJYJbg20v-sud2ScyKM0NnJpg&oe=6A398BDF,,,,,,,
2224427678120822,https://www.facebook.com/61585613997328/,api.whatsapp.com,https://www.facebook.com/61585613997328/,,,,,,,,,901297666405537,https://api.whatsapp.com/send,Keton Kurta,https://www.facebook.com/ads/library/?id=2224427678120822,"Kurta Manufacturer in Surat for Bulk & Wholesale Orders

If you are a kurta retailer, wholesaler, or ethnic wear brand, sourcing quality products in bulk starts with the right manufacturer.
Keton Kurta is a manufacturer specializing in premium designer kurtas and ethnic wear, crafted for large-scale retail and wholesale requirements.

We manufacture kurtas that meet market demand, seasonal trends, and consistent sizing standards, ensuring smooth retail performance across festivals and regular sales cycles.

• Bulk kurta manufacturing 
• Premium fabrics & finishing
• Consistent quality across lots
• Competitive wholesale pricing
• Reliable production timelines

📞Enquiries Only: 073740 08200
267, RAGHUVIR SCARLETT, NEAR DMD LOGISTICS PARK, SAROLI, Surat, Gujarat 395010",123,Send WhatsApp message,api.whatsapp.com,"FACEBOOK; INSTAGRAM; WHATSAPP; THREADS",2026-06-06,2026-06-18,HD: https://video.fjai6-1.fna.fbcdn.net/o1/v/t2/f2/m366/AQMZPEnu1cqAnxuUpbOy0FJhagpzJsrGuTkaL4MuvbvcdspxgUbZCFni-v9GwiYbw-nTwMTEa5If_naHmEndsiVCmHYKVpGbQBbrY8VvklrkHQ.mp4?_nc_cat=109&_nc_oc=AdqrFAYG9hjUQ1inWAtKTWPd1Yutge5Y5e5UKYItYbkYOwxpJmBCYphFkt7BWxZpj1tYZBNNvvVw-6AacEhd3W26&_nc_sid=b66105&_nc_ht=video.fjai6-1.fna.fbcdn.net&_nc_ohc=tyKaLUHTJXQQ7kNvwHQJFVH&efg=eyJ2ZW5jb2RlX3RhZyI6Inhwdl9wcm9ncmVzc2l2ZS5WSV9VU0VDQVNFX1BST0RVQ1RfVFlQRS4uQzMuNzIwLmRhc2hfaDI2NC1iYXNpYy1nZW4yXzcyMHAiLCJ4cHZfYXNzZXRfaWQiOjIyMzYxMTY1MjcyMTk3MzIsImFzc2V0X2FnZV9kYXlzIjoxMiwidmlfdXNlY2FzZV9pZCI6MTA3OTksImR1cmF0aW9uX3MiOjI4LCJ1cmxnZW5fc291cmNlIjoid3d3In0%3D&ccb=17-1&vs=6494bc9cf11ac5c1&_nc_vs=HBksFQIYRWZiX2VwaGVtZXJhbC9FQTRCQkI0QURBRUJDNTg1QzlGRDkyMTYzOUMyMzk4NV9tdF8xX3ZpZGVvX2Rhc2hpbml0Lm1wNBUAAsgBEgAVAhhAZmJfcGVybWFuZW50L0U2NEVDM0QxOTM4MTM2NzFGQTQ3MzM2RjE4M0JENTkyX2F1ZGlvX2Rhc2hpbml0Lm1wNBUCAsgBEgAoABgAGwKIB3VzZV9vaWwBMRJwcm9ncmVzc2l2ZV9yZWNpcGUBMRUAACaokMC0ju_4BxUCKAJDMywXQDx3S8an754YGWRhc2hfaDI2NC1iYXNpYy1nZW4yXzcyMHARAHUAZd6oAQA&_nc_gid=HhwaiyFFbQZTiHq62sZneQ&_nc_ss=7b289&_nc_zt=28&oh=00_Af9r_W-L7A9WTKkfIovYyZlW8jfWTd6aAsUSuYXzgvRcqg&oe=6A39AA77 | SD: https://video.fjai6-1.fna.fbcdn.net/o1/v/t2/f2/m412/AQMtTMEK59pOcNMsZYK9xdhhkbV6qOr15VBaBKKp7VIFB0QZmi1-CWvBmNVZ0l9pBnX4QViOYmEURv9GPKLVeQd6I2KcPXLSzvjiqdQ0eg.mp4?_nc_cat=110&_nc_oc=Ado4f3uTs1whPU1iyMnNZoH-XxSQn37ucH2V3XGBd_VzHUFI9ZsIF4oXlx9vLS4ECCsR397-qY4WmoY5iYtoIbUg&_nc_sid=ef5aa3&_nc_ht=video.fjai6-1.fna.fbcdn.net&_nc_ohc=sjzxR4bPSjsQ7kNvwHXx73x&efg=eyJ2ZW5jb2RlX3RhZyI6Inhwdl9wcm9ncmVzc2l2ZS5WSV9VU0VDQVNFX1BST0RVQ1RfVFlQRS4uQzMuMzYwLnN2ZV9zZCIsInhwdl9hc3NldF9pZCI6MjIzNjExNjUyNzIxOTczMiwiYXNzZXRfYWdlX2RheXMiOjEyLCJ2aV91c2VjYXNlX2lkIjoxMDc5OSwiZHVyYXRpb25fcyI6MjgsInVybGdlbl9zb3VyY2UiOiJ3d3cifQ%3D%3D&ccb=17-1&_nc_gid=HhwaiyFFbQZTiHq62sZneQ&_nc_ss=7b289&_nc_zt=28&oh=00_Af_Cqnx3qrcEg2djJQYfcUj0PrTAfajeQcvedO1AA4ZRwQ&oe=6A3993A8 | Preview: https://scontent.fjai6-1.fna.fbcdn.net/v/t39.35426-6/715970508_2052889105655442_5353781900299455655_n.jpg?_nc_cat=105&ccb=1-7&_nc_sid=c53f8f&_nc_ohc=W_AOhc_lsWUQ7kNvwG5ZC4Z&_nc_oc=AdpkOLg0cuM7MvTmi3x2nA70zhnhPoiheZNAeitItifZVBZlkuTVPUP8KHrcMSLNqtbKkXViVoIx0LxP16bxOPVP&_nc_zt=14&_nc_ht=scontent.fjai6-1.fna&_nc_gid=HhwaiyFFbQZTiHq62sZneQ&_nc_ss=7b289&oh=00_Af-9nGgXDKRH2mGC6RrFNTXmEDDREkL51NmPmouL0Vg3Xg&oe=6A39A7CA,,,,,,,
1528338278704424,https://www.facebook.com/mpgi.edu.in/,fb.me,https://www.facebook.com/mpgi.edu.in/,,,,,+91 80046 64578,,,,117723505064660,http://fb.me/,Maharana Pratap Group of Institutions,https://www.facebook.com/ads/library/?id=1528338278704424,"MBA & MCA Admissions Open 2026 at MPGI Kanpur

Looking to build a successful career in Management or Technology?

✅ MBA & MCA Programs

✅ Assured Placement Programs with Imarticus Learning

✅ Industry Collaborations & Global Exposure

✅ 300+ Campus Drives

✅ 100% Placement Assistance

✅ Modern Campus & Industry Visits

✅ Scholarships Available

📍 Kanpur Campus

Fill the form now and get admission counselling, fee details, scholarship information, and placement guidance from MPGI experts.

👉 Limited Seats Available – Apply Now",18907,Apply now,fb.me,"FACEBOOK; INSTAGRAM",2026-06-01,2026-06-17,,,Apply Now | Limited Seats || Apply Now | Limited Seats || Apply Now | Limited Seats || Apply Now | Limited Seats || Apply Now | Limited Seats || Apply Now | Limited Seats || Apply Now | Limited Seats || Apply Now | Limited Seats || Apply Now | Limited Seats || Apply Now | Limited Seats,http://fb.me/ || http://fb.me/ || http://fb.me/ || http://fb.me/ || http://fb.me/ || http://fb.me/ || http://fb.me/ || http://fb.me/ || http://fb.me/ || http://fb.me/,fb.me || fb.me || fb.me || fb.me || fb.me || fb.me || fb.me || fb.me || fb.me || fb.me,Apply Now || Apply Now || Apply Now || Apply Now || Apply Now || Apply Now || Apply Now || Apply Now || Apply Now || Apply Now,Original: https://scontent.fjai6-1.fna.fbcdn.net/v/t39.35426-6/710755534_3475748585913964_7032666735103057632_n.jpg?_nc_cat=107&ccb=1-7&_nc_sid=c53f8f&_nc_ohc=Kfe4xemaV0gQ7kNvwH5XL0x&_nc_oc=AdqDkurp0Y02jK-fSvl9T7dsYovua5-IuFbFm12HaEyX8MZ-c9l1xSsjrY5oMnvt-AuyQglCihrHQUMLMRx9fiWe&_nc_zt=14&_nc_ht=scontent.fjai6-1.fna&_nc_gid=HhwaiyFFbQZTiHq62sZneQ&_nc_ss=7b289&oh=00_Af_LtPGVOcxxq6RN6UboUklbcklYPNL2ICJF866enKNnFw&oe=6A399765 | Resized: https://scontent.fjai6-1.fna.fbcdn.net/v/t39.35426-6/710827565_1359127289652800_59282062316821015_n.jpg?stp=dst-jpg_s600x600_tt6&_nc_cat=111&ccb=1-7&_nc_sid=c53f8f&_nc_ohc=NoCYvs90yVoQ7kNvwFalXyh&_nc_oc=AdptVHfjnARaaY8rErvZ0xVtgDBevgO_Ob3PoHPfGWTAFABW5pnY3SfzSIRAtyCRe_431Vxok5TFGZeUiE3j7ldp&_nc_zt=14&_nc_ht=scontent.fjai6-1.fna&_nc_gid=HhwaiyFFbQZTiHq62sZneQ&_nc_ss=7b289&oh=00_Af-mCdI_892s-sNXD_dwTWZn0uEF3TmPQ2EaQLwCYQtcsg&oe=6A39B779 || Original: https://scontent.fjai6-1.fna.fbcdn.net/v/t39.35426-6/710537809_2136729173539764_2429913896174483374_n.jpg?_nc_cat=111&ccb=1-7&_nc_sid=c53f8f&_nc_ohc=JT1n2TDEbgcQ7kNvwFi1AQa&_nc_oc=AdpJLmen9k3BC7Izcl2BAKE-BGW8zX1beEsvGJQkPk7rO4upFgjcVx3JchoP6mlGXtx59JxlEdI0qjG-eOl1tiOl&_nc_zt=14&_nc_ht=scontent.fjai6-1.fna&_nc_gid=HhwaiyFFbQZTiHq62sZneQ&_nc_ss=7b289&oh=00_Af95SyrzA1XKAgbjvkajYQUic7O6qIrjdf1UNSvVzzC5RA&oe=6A39BE32 | Resized: https://scontent.fjai6-1.fna.fbcdn.net/v/t39.35426-6/710613617_1320084340310241_4532580459010427122_n.jpg?stp=dst-jpg_s600x600_tt6&_nc_cat=102&ccb=1-7&_nc_sid=c53f8f&_nc_ohc=dwgW2o0bbboQ7kNvwGpj79l&_nc_oc=AdpZAtLBDTrgmMCJIxAIPgDRMvrlKQLBa3XdgSuCJasYhD5UadB0NOAIf_dQrVRNzFnWPvxyqC5KJz3jIXkvD_Wv&_nc_zt=14&_nc_ht=scontent.fjai6-1.fna&_nc_gid=HhwaiyFFbQZTiHq62sZneQ&_nc_ss=7b289&oh=00_Af8oVS2DW_E-ysOKe37_gDSoRIBzDbSreVay3PNA7LBNuQ&oe=6A39B9C3 || Original: https://scontent.fjai6-1.fna.fbcdn.net/v/t39.35426-6/710098563_3109190055941797_4962757914588638026_n.jpg?_nc_cat=105&ccb=1-7&_nc_sid=c53f8f&_nc_ohc=3EfiSimtxxUQ7kNvwGGvUqt&_nc_oc=AdoTTidIEjZWZLRz6Lf2_pFUZYM61vQm-X6XRgQexDKUVAtkm3Wf_HM7FELhVdJovjSWHcsieGwgXjVz1LYT-K7N&_nc_zt=14&_nc_ht=scontent.fjai6-1.fna&_nc_gid=HhwaiyFFbQZTiHq62sZneQ&_nc_ss=7b289&oh=00_Af8p5-quzYmGSkWuf6IXip0dK9JgEJAP5d4hXqkkNbGiYQ&oe=6A39B1D8 | Resized: https://scontent.fjai6-1.fna.fbcdn.net/v/t39.35426-6/710649889_27086640121001589_6678477174152300843_n.jpg?stp=dst-jpg_s600x600_tt6&_nc_cat=100&ccb=1-7&_nc_sid=c53f8f&_nc_ohc=gVsX_oT2-hUQ7kNvwFgAdvA&_nc_oc=Adpvg6qfRjD_N1E4eibGS9LGiWhzIFSXQio2RRaHhEuY5zEeJEB5DB60nddd2MUc1jsMN5pKQ2PRxPTeu6DMAQ1n&_nc_zt=14&_nc_ht=scontent.fjai6-1.fna&_nc_gid=HhwaiyFFbQZTiHq62sZneQ&_nc_ss=7b289&oh=00_Af_E8W-UgySKQ11THuKxo_MBXPz-mF-aJtn6SnAyyOYnRQ&oe=6A399CBA || Original: https://scontent.fjai6-1.fna.fbcdn.net/v/t39.35426-6/710598357_1674157947243779_5107151352939971816_n.jpg?_nc_cat=104&ccb=1-7&_nc_sid=c53f8f&_nc_ohc=lxM0qTN3RA0Q7kNvwE9oxZ7&_nc_oc=Adr-s5rIDPRrJ_MsFWMUZJBYZwc7wkXWMrg7WcXsWtdocCilufu62NDvd4kRny9dPQ0ezNTPiNtfG4QiTDV-amcy&_nc_zt=14&_nc_ht=scontent.fjai6-1.fna&_nc_gid=HhwaiyFFbQZTiHq62sZneQ&_nc_ss=7b289&oh=00_Af8nrezzJHo-XjfX6PaZN38WOV5OtDVtR4FQYq8dL84Uew&oe=6A39A205 | Resized: https://scontent.fjai6-1.fna.fbcdn.net/v/t39.35426-6/710756192_1711655153452829_3259486841605297358_n.jpg?stp=dst-jpg_s600x600_tt6&_nc_cat=107&ccb=1-7&_nc_sid=c53f8f&_nc_ohc=UM_NqQxeeV0Q7kNvwEm6vle&_nc_oc=Adoq59j9MP_JhCBGkWIDPwudIvrpD86I0DIgpBVScjmcKCy05fKzJhAOBlE1q4YhkMnV7aTTaDTYM-plHPGlfDzi&_nc_zt=14&_nc_ht=scontent.fjai6-1.fna&_nc_gid=HhwaiyFFbQZTiHq62sZneQ&_nc_ss=7b289&oh=00_Af_hzzPVxu4U2hKmah1TSqcAOXGYZWFzR35ulmfUBUm1mg&oe=6A398898 || Original: https://scontent.fjai6-1.fna.fbcdn.net/v/t39.35426-6/710667073_2389775544863861_2532916172486490890_n.jpg?_nc_cat=104&ccb=1-7&_nc_sid=c53f8f&_nc_ohc=mEM-qCCprIcQ7kNvwHKtF-1&_nc_oc=Adp7dIc5Pux27DIDDxSSeXxic6PGNzzSjqMT4BkFFOn1ihRDtoD_31jxT0uhwImxpLpwr4dhX4oMm2wn7OkMnI5m&_nc_zt=14&_nc_ht=scontent.fjai6-1.fna&_nc_gid=HhwaiyFFbQZTiHq62sZneQ&_nc_ss=7b289&oh=00_Af_ZPZidzKMiLDh0P9qZvdhPHvioIvZuRNufguzWlUYKuQ&oe=6A398A6F | Resized: https://scontent.fjai6-1.fna.fbcdn.net/v/t39.35426-6/710469893_2116065192596803_1299813497499071213_n.jpg?stp=dst-jpg_s600x600_tt6&_nc_cat=108&ccb=1-7&_nc_sid=c53f8f&_nc_ohc=B00IVK4PzhoQ7kNvwGxIsFq&_nc_oc=Adr7cz4mIBJKn0YCfzIy5bySBMe81Ue_QNaEbEYvn1idXBCyVjCydCWeXD87_wE69OhjE8Vlf2f7oOxJAdb798-w&_nc_zt=14&_nc_ht=scontent.fjai6-1.fna&_nc_gid=HhwaiyFFbQZTiHq62sZneQ&_nc_ss=7b289&oh=00_Af8Dk1aMH-uYITf1gNBA-cHcSWZZ2m2FtB-1JgTe2MZo4g&oe=6A3996B5 || Original: https://scontent.fjai6-1.fna.fbcdn.net/v/t39.35426-6/710799663_791691957361594_2684306167128021939_n.jpg?_nc_cat=111&ccb=1-7&_nc_sid=c53f8f&_nc_ohc=dY55WBwjaiMQ7kNvwEX8KAS&_nc_oc=AdqXoE79qBLv0rfA7KGPyN1vsatRW1saEOj8QiEBlqo_U3pr1TNSbRfR8iYxwLSSsHMg0dYQho9DYJyGUXgwo-QY&_nc_zt=14&_nc_ht=scontent.fjai6-1.fna&_nc_gid=HhwaiyFFbQZTiHq62sZneQ&_nc_ss=7b289&oh=00_Af9V_4tlHGKPKSp9d9TIen4VqSrs3Wq-yCrDl0IKdY-wvw&oe=6A39A982 | Resized: https://scontent.fjai6-1.fna.fbcdn.net/v/t39.35426-6/710556845_2426657074492120_6626070635314018851_n.jpg?stp=dst-jpg_s600x600_tt6&_nc_cat=111&ccb=1-7&_nc_sid=c53f8f&_nc_ohc=92kIF1Z4_okQ7kNvwHuvBvn&_nc_oc=AdoOFGXghC2AYfcsBorrQpN0RYbRaEm5hoZUhJOwTh05KQvS9i2AHtwDxzduMqZCLmn3S6648-aPa6HUHFCBcvGc&_nc_zt=14&_nc_ht=scontent.fjai6-1.fna&_nc_gid=HhwaiyFFbQZTiHq62sZneQ&_nc_ss=7b289&oh=00_Af_tEtE1BHMeQUnPedkauWV5mUFP0UvrhmPyW_kbTwXd2Q&oe=6A39B5F7 || Original: https://scontent.fjai6-1.fna.fbcdn.net/v/t39.35426-6/710710604_1849199406066023_8363544099845261876_n.jpg?_nc_cat=107&ccb=1-7&_nc_sid=c53f8f&_nc_ohc=3ittsTXZ2dYQ7kNvwFJ5WWW&_nc_oc=AdoLxpZBk8UaOd5_m2omKMXrKKfdwn86ITafDpc-HnKb2TVthb3m4qfZ1wjgjBKja3MrLH53xuqgFR_fKB1D3NnR&_nc_zt=14&_nc_ht=scontent.fjai6-1.fna&_nc_gid=HhwaiyFFbQZTiHq62sZneQ&_nc_ss=7b289&oh=00_Af9aqJdrib9XxZ-rv4lwkYakUSvkLp0GGGOM2ERCNeAZaQ&oe=6A39AA1A | Resized: https://scontent.fjai6-1.fna.fbcdn.net/v/t39.35426-6/710742272_826086353655831_4450256983794549594_n.jpg?stp=dst-jpg_s600x600_tt6&_nc_cat=111&ccb=1-7&_nc_sid=c53f8f&_nc_ohc=TAgKvVrcI-UQ7kNvwGR2Nok&_nc_oc=AdpeKXdnbxZqyNsEI4YCes9RuvkDbJ7rhjL6_-mCG3TfGDNh7BaKtsom1hKQE5D59wT0O5WpgvmuYFXdCeuI9a0-&_nc_zt=14&_nc_ht=scontent.fjai6-1.fna&_nc_gid=HhwaiyFFbQZTiHq62sZneQ&_nc_ss=7b289&oh=00_Af8aWo2f_20ZraBx3oWTfkBsFyIUAGkPXJZEHyQ_SjcblQ&oe=6A39B0A7 || Original: https://scontent.fjai6-1.fna.fbcdn.net/v/t39.35426-6/710755715_1645067273450261_8455224681298766259_n.jpg?_nc_cat=111&ccb=1-7&_nc_sid=c53f8f&_nc_ohc=CSiVXDc3JIcQ7kNvwF1RR4A&_nc_oc=AdoI8yUrteP9mB01TIgFmcX8Kqno02jnvv1Xp5txTFs8Mh_s8_56eFLpgKgqBk8HGrCghKSIAY7byhByL-pBxnX0&_nc_zt=14&_nc_ht=scontent.fjai6-1.fna&_nc_gid=HhwaiyFFbQZTiHq62sZneQ&_nc_ss=7b289&oh=00_Af9NAxMomayoWwucUzWnMG9vDpwjzwsWgtBzsNpN2eU8Lg&oe=6A39A596 | Resized: https://scontent.fjai6-1.fna.fbcdn.net/v/t39.35426-6/710098662_37257727857159283_3445193661746991163_n.jpg?stp=dst-jpg_s600x600_tt6&_nc_cat=105&ccb=1-7&_nc_sid=c53f8f&_nc_ohc=cvoqLlVb7lQQ7kNvwFm_Ybo&_nc_oc=AdoCVLwejvJf4pHNtwmRnDDxisAA28WZvFn1wGxP8FvF_YrEUNdQT7PH0HuwfpezYBp49fasvZ9aIze3ekiKZXy7&_nc_zt=14&_nc_ht=scontent.fjai6-1.fna&_nc_gid=HhwaiyFFbQZTiHq62sZneQ&_nc_ss=7b289&oh=00_Af8CmX-HWHZqEdzSeKy97XfHzDYjMNKu7KBMGBgoLI35jA&oe=6A398A9F || Original: https://scontent.fjai6-1.fna.fbcdn.net/v/t39.35426-6/710307465_1675983016987869_2485794702145434794_n.jpg?_nc_cat=100&ccb=1-7&_nc_sid=c53f8f&_nc_ohc=ghz6zICrrBYQ7kNvwHxMDW8&_nc_oc=AdqYfJZWtF4YhoiZR4btlrRw_cepYnKYo3metLnHXecnTGoCflg97YWAAnjAOL5PQjxgZR7VJyedjtwtaKkHO74X&_nc_zt=14&_nc_ht=scontent.fjai6-1.fna&_nc_gid=HhwaiyFFbQZTiHq62sZneQ&_nc_ss=7b289&oh=00_Af-NxUHBEeyXtRm_0GFtfyjr0f8tYsuhoLhVt5N5iUalew&oe=6A398EBA | Resized: https://scontent.fjai6-1.fna.fbcdn.net/v/t39.35426-6/710742211_984457047519900_1191559925771133251_n.jpg?stp=dst-jpg_s600x600_tt6&_nc_cat=110&ccb=1-7&_nc_sid=c53f8f&_nc_ohc=tvZmcAEM5bsQ7kNvwFyDK_J&_nc_oc=AdooUzmLOjdE3NEOt7m_BkMNxLX6a0COvtpI1LfxadEgYOnRceRK2WRDOASBoLodFNCmjAA_I6T96UCNzORsGsYh&_nc_zt=14&_nc_ht=scontent.fjai6-1.fna&_nc_gid=HhwaiyFFbQZTiHq62sZneQ&_nc_ss=7b289&oh=00_Af9O5JFYkXvyVhGrbVWP2Uc9KatSw6xp3E28DEMX0TbooQ&oe=6A39B70C || Original: https://scontent.fjai6-1.fna.fbcdn.net/v/t39.35426-6/710755978_1567405778327828_5112002744516924898_n.jpg?_nc_cat=109&ccb=1-7&_nc_sid=c53f8f&_nc_ohc=SxjGp6dAJR8Q7kNvwGHhnvA&_nc_oc=AdoW93_4-beva552Q5mkQ79NQvuui_1TxJA_BJH266RL2FGHfNTO-swQQMRonTt4K_vtvJtq4oq2v21Ahb5FAFt6&_nc_zt=14&_nc_ht=scontent.fjai6-1.fna&_nc_gid=HhwaiyFFbQZTiHq62sZneQ&_nc_ss=7b289&oh=00_Af80bVfvEI6pa-f78o_KfMTJbwbhIg9Iajm07b7cbh8aFw&oe=6A39A937 | Resized: https://scontent.fjai6-1.fna.fbcdn.net/v/t39.35426-6/710782199_3121068018088555_5889095200285547507_n.jpg?stp=dst-jpg_s600x600_tt6&_nc_cat=108&ccb=1-7&_nc_sid=c53f8f&_nc_ohc=toQAFrXWLgUQ7kNvwF5Uw_c&_nc_oc=AdrrcpJk37OevLyXBHVrYFdEOVVAT8aiwRLISg-CkILfgz4bS2YIwzO0kepBNQOyD-z2w8z6AthViCuYNX75Qei5&_nc_zt=14&_nc_ht=scontent.fjai6-1.fna&_nc_gid=HhwaiyFFbQZTiHq62sZneQ&_nc_ss=7b289&oh=00_Af9ZptMTAeD99D4Ohii82lc5wgWf3TZ2VNcT90eB7zXhjw&oe=6A399E33,
1450770843024453,https://www.facebook.com/AsopalavRealty/,fb.me,https://www.facebook.com/AsopalavRealty/,,,,sales.asopalav@gmail.com,+91 96876 81757,,,,1413223545656782,http://fb.me/,Asopalav Realty,https://www.facebook.com/ads/library/?id=1450770843024453,"Invest in Vadodara’s nearest industrial & logistics park.

✔️ Excellent highway & freight connectivity
✔️ Freehold industrial plots
✔️ Ideal for warehouse, logistics & manufacturing

Secure your plot in a high-growth location.
Book your site visit today.",7019,See details,fb.me,"FACEBOOK; INSTAGRAM",2026-04-25,2026-06-18,,Original: https://scontent.fjai6-1.fna.fbcdn.net/v/t39.35426-6/681806189_1155531640967577_6188771342426225924_n.jpg?_nc_cat=109&ccb=1-7&_nc_sid=c53f8f&_nc_ohc=xTndf00GI7UQ7kNvwGrCgJi&_nc_oc=AdoDu-FGWAbTvWlKhnxpGkO_iZ1EF1XlIh79d8jdUN15yXwc4ein7yOBETEt6QbEYZls3LFWzhJn4cQFIfnI_s47&_nc_zt=14&_nc_ht=scontent.fjai6-1.fna&_nc_gid=HhwaiyFFbQZTiHq62sZneQ&_nc_ss=7b289&oh=00_Af_OGctFSmaYNpX5lCn-cZSk2O5Sjp5DKm7B7dNOJKaaww&oe=6A398DEE | Resized: https://scontent.fjai6-1.fna.fbcdn.net/v/t39.35426-6/680184693_1585405785898092_1635180835196565859_n.jpg?stp=dst-jpg_s600x600_tt6&_nc_cat=108&ccb=1-7&_nc_sid=c53f8f&_nc_ohc=mNB-ocfNmQsQ7kNvwGPSA-Q&_nc_oc=Adpd1mJgwSnRflTbw_8TQ2p2xuzT3E0pmFcvTb3C6xI-xyfu0mXxpXvattAxw_DEcI2vQsQnzO2eDAolEyZnPtOQ&_nc_zt=14&_nc_ht=scontent.fjai6-1.fna&_nc_gid=HhwaiyFFbQZTiHq62sZneQ&_nc_ss=7b289&oh=00_Af_LnYs1DXbcYvXcc6IMowi9aTzde8utFU_FmvRHFCGIEg&oe=6A399891,,,,,,
3973980116228854,https://www.facebook.com/AsopalavRealty/,fb.me,https://www.facebook.com/AsopalavRealty/,,,,sales.asopalav@gmail.com,+91 96876 81757,,,,1413223545656782,http://fb.me/,Asopalav Realty,https://www.facebook.com/ads/library/?id=3973980116228854,"Invest in Vadodara’s nearest industrial & logistics park.

✔️ Excellent highway & freight connectivity
✔️ Freehold industrial plots
✔️ Ideal for warehouse, logistics & manufacturing

Secure your plot in a high-growth location.
Book your site visit today.",7019,See details,fb.me,"FACEBOOK; INSTAGRAM",2026-06-04,2026-06-18,,Original: https://scontent.fjai6-1.fna.fbcdn.net/v/t39.35426-6/680567311_1017130367405498_1914012576725897700_n.jpg?_nc_cat=108&ccb=1-7&_nc_sid=c53f8f&_nc_ohc=-7fT1slWzMkQ7kNvwE_MNPf&_nc_oc=Ado2anVCdBBa9LEAsXZPqiAI-rIq28UOPvee9jpswpAMLWEY09UK9HBcSzy3DpkEdgGOiEzCb0cxX-g0ZP3JsQhK&_nc_zt=14&_nc_ht=scontent.fjai6-1.fna&_nc_gid=HhwaiyFFbQZTiHq62sZneQ&_nc_ss=7b289&oh=00_Af88HuVkHPZZtEePyta-mlVZ7AIu1TdagH0ZOD1oD0kWxg&oe=6A39B17C | Resized: https://scontent.fjai6-1.fna.fbcdn.net/v/t39.35426-6/680534128_2251880788969286_8429325426876467417_n.jpg?stp=dst-jpg_s600x600_tt6&_nc_cat=110&ccb=1-7&_nc_sid=c53f8f&_nc_ohc=FqxkKppmNWUQ7kNvwGLnhtm&_nc_oc=AdpODJxqxTXIaUx3gDpHMmmorJMxVYuUZ9m-CCJCdUK-6n8LuYUwMCWXUtfUeEwhjF7RlW3GU2sFTeKs379sVlU8&_nc_zt=14&_nc_ht=scontent.fjai6-1.fna&_nc_gid=HhwaiyFFbQZTiHq62sZneQ&_nc_ss=7b289&oh=00_Af_6PmlqfwFTqeFbOdfqAUEsjCGpvr9PDAPf52NytbftgQ&oe=6A39B457,,,,,,
1291924136476183,https://www.facebook.com/TVSILPs/,fb.me,https://www.facebook.com/TVSILPs/,,,,info@tvsilp.in,+91 44 4556 6747,,,,102176288929379,http://fb.me/,TVS Industrial & Logistics Parks,https://www.facebook.com/ads/library/?id=1291924136476183,"Looking for prime warehousing space in Indore?

TVS ILP offers a Grade A logistics facility right next to the Pithampur industrial zone, perfectly suited for FMCG, Automotive, E-commerce, and 3PL businesses.

Facility features:

- FM 2 Complaint and vacuum dewatered flooring of 5MT/ sq.mt
- Solar rooftop provisions and rainwater harvesting system
- 12 m eaves height with built-to-suit infrastructure
 
Available for Lease, Connect Today:

+91 7718989520 | bd.team@tvsilp.in | info@tvsilp.in

#TVSILP #Indore #Warehousing #MadhyaPradesh #Logistics #CentralIndia #Pithampur",784,Get quote,fb.me,"FACEBOOK; INSTAGRAM; AUDIENCE_NETWORK",2026-06-09,2026-06-18,,Original: https://scontent.fjai6-1.fna.fbcdn.net/v/t39.35426-6/719192107_862633559698954_6211288190973431179_n.jpg?_nc_cat=111&ccb=1-7&_nc_sid=c53f8f&_nc_ohc=EceqZbu7_k8Q7kNvwGJnUC8&_nc_oc=AdoG0jjPP6h8taAp1Sp511__393ECaaP9TQ9cDBFJyaQWakICqnPdlv8BOTiXbDGop_UaMdEXZfq_L0UmgXERDR0&_nc_zt=14&_nc_ht=scontent.fjai6-1.fna&_nc_gid=HhwaiyFFbQZTiHq62sZneQ&_nc_ss=7b289&oh=00_Af_qveUWZAuHZncVrpPwUKWAkf_N1ib5fOMi3sN_rrN-iA&oe=6A39B7A9 | Resized: https://scontent.fjai6-1.fna.fbcdn.net/v/t39.35426-6/721310648_4291133677777374_8024696633157412377_n.jpg?stp=dst-jpg_s600x600_tt6&_nc_cat=100&ccb=1-7&_nc_sid=c53f8f&_nc_ohc=3lYdL0KJmHIQ7kNvwFsV3aR&_nc_oc=Adq9cOziyVM6MJuefLfyOCbXoogbYYTiXLJzGOEns0_VcTXjK6owPmCQXahsXNgvZvqEgHHUsChX783htZ7KVjnv&_nc_zt=14&_nc_ht=scontent.fjai6-1.fna&_nc_gid=HhwaiyFFbQZTiHq62sZneQ&_nc_ss=7b289&oh=00_Af8mciMEeC_8Np2gvHufdicTjmdHuK96QFxkAC0QkU_agg&oe=6A39BB0C,,,,,,
914931511144691,https://www.facebook.com/61558748211160/,fb.me,https://www.facebook.com/61558748211160/,,,,care@srijanrealty.in,+91 98741 24940,,,,296641856861350,http://fb.me/,Srijan Industrial Logistic Parks,https://www.facebook.com/ads/library/?id=914931511144691,"At Srijan Industrial Logistic Park, BT Road, every square foot is engineered for growth, efficiency, and peace of mind.

✅ Units from 7,000 sq. ft. onwards
✅ Seamless operations with 4-ton goods lifts for upper floor movement
✅ 9+ acres of non-polluting, green industrial space
✅ Engineered for seismic & flood resilience
✅ 24x7 power backup, water supply & professional maintenance
✅ Excellent connectivity to Kolkata, Howrah & National Highways
✅ Access to skilled labour and transport hubs nearby

Enquire Now | Price on Request",463,Get quote,fb.me,"FACEBOOK; INSTAGRAM",2026-02-18,2026-06-18,,,"At Srijan Industrial Logistic Park, BT Road, every square foot is engineered for growth, efficiency, and peace of mind.

✅ Units from 7,000 sq. ft. onwards
✅ Seamless operations with 4-ton goods lifts for upper floor movement
✅ 9+ acres of non-polluting, green industrial space
✅ Engineered for seismic & flood resilience
✅ 24x7 power backup, water supply & professional maintenance
✅ Excellent connectivity to Kolkata, Howrah & National Highways
✅ Access to skilled labour and transport hubs nearby

Enquire Now | Price on Request || At Srijan Industrial Logistic Park, BT Road, every square foot is engineered for growth, efficiency, and peace of mind.

✅ Units from 7,000 sq. ft. onwards
✅ Seamless operations with 4-ton goods lifts for upper floor movement
✅ 9+ acres of non-polluting, green industrial space
✅ Engineered for seismic & flood resilience
✅ 24x7 power backup, water supply & professional maintenance
✅ Excellent connectivity to Kolkata, Howrah & National Highways
✅ Access to skilled labour and transport hubs nearby

Enquire Now | Price on Request || At Srijan Industrial Logistic Park, BT Road, every square foot is engineered for growth, efficiency, and peace of mind.

✅ Units from 7,000 sq. ft. onwards
✅ Seamless operations with 4-ton goods lifts for upper floor movement
✅ 9+ acres of non-polluting, green industrial space
✅ Engineered for seismic & flood resilience
✅ 24x7 power backup, water supply & professional maintenance
✅ Excellent connectivity to Kolkata, Howrah & National Highways
✅ Access to skilled labour and transport hubs nearby

Enquire Now | Price on Request",http://fb.me/ || http://fb.me/ || http://fb.me/,,Get Quote || Get Quote || Get Quote,Original: https://scontent.fjai6-1.fna.fbcdn.net/v/t39.35426-6/636693687_847558068319805_1063806528392226238_n.jpg?_nc_cat=106&ccb=1-7&_nc_sid=c53f8f&_nc_ohc=YmRzQau_wN0Q7kNvwHwdr5-&_nc_oc=AdqWB8qFRrdhlizbCD-iW0fswD_TO-V5VWNCzRZYmqRuE36qwlIjdMRxb2RUPla6of6mQlsmemnz2zNS_60cyT0c&_nc_zt=14&_nc_ht=scontent.fjai6-1.fna&_nc_gid=HhwaiyFFbQZTiHq62sZneQ&_nc_ss=7b289&oh=00_Af_j48aZilr_7yhycoeyVLok-zOyZZsqwRinQj3mft5NQA&oe=6A39BA83 | Resized: https://scontent.fjai6-1.fna.fbcdn.net/v/t39.35426-6/634216898_1863107011003096_5767801395674367960_n.jpg?stp=dst-jpg_s600x600_tt6&_nc_cat=106&ccb=1-7&_nc_sid=c53f8f&_nc_ohc=cMUPb231yZ8Q7kNvwEOFxte&_nc_oc=AdoBRGs3TWjXS_1WZFDCci_OEdaJTVCjiGEmFPXwq3zbFCd49GAyYIkTDC9gVoTMRg9f0rXJBInc6p_w2UTwtbOQ&_nc_zt=14&_nc_ht=scontent.fjai6-1.fna&_nc_gid=HhwaiyFFbQZTiHq62sZneQ&_nc_ss=7b289&oh=00_Af_3uAduxNhVR375OVaSuorv_d6J14EJ5VKKrt99Uz4H_A&oe=6A398DFB || Original: https://scontent.fjai6-1.fna.fbcdn.net/v/t39.35426-6/636527620_1914646892476316_5276931895315202431_n.jpg?_nc_cat=110&ccb=1-7&_nc_sid=c53f8f&_nc_ohc=wOnM-bN2j_YQ7kNvwFK_pBn&_nc_oc=AdoY5QaqorjRluLQLqnXPZcWmVisvPImz_1gX-DmpGavNq7xyqoyfXQ6gcVQJHjF4MHYqzALNwJere8ya1Lsxwv9&_nc_zt=14&_nc_ht=scontent.fjai6-1.fna&_nc_gid=HhwaiyFFbQZTiHq62sZneQ&_nc_ss=7b289&oh=00_Af-MRukBmcF9LDHdfod_zaOcZDzandQJyyuPGfq47dNs8Q&oe=6A39AB8F | Resized: https://scontent.fjai6-1.fna.fbcdn.net/v/t39.35426-6/637816574_3427303897448633_4272069747551521980_n.jpg?stp=dst-jpg_s600x600_tt6&_nc_cat=101&ccb=1-7&_nc_sid=c53f8f&_nc_ohc=Xr7p0ybIWIgQ7kNvwGHqjrC&_nc_oc=AdpU8u1DTL6q1NKZHNMFOuXPgx1CBtsz6-OpoChsWUV2hmdsc9Ed4Q9EYL6uIASoFyePpi3O_RWIUYLaUNBm2eqb&_nc_zt=14&_nc_ht=scontent.fjai6-1.fna&_nc_gid=HhwaiyFFbQZTiHq62sZneQ&_nc_ss=7b289&oh=00_Af9yFhzdXheyX9nvv4X_eztyO5btyOhxNF7VRsuY7q9gUA&oe=6A39AABC || Original: https://scontent.fjai6-1.fna.fbcdn.net/v/t39.35426-6/636358102_2367739803670412_4467641007121338336_n.jpg?_nc_cat=105&ccb=1-7&_nc_sid=c53f8f&_nc_ohc=t1Fde85aQnQQ7kNvwEgfec1&_nc_oc=Adp8infb6qy5VRLMQu3YREQZB_T7IzxXOckJrUxP56Dv5wk3A-5Ou7XaNjNqXYguSxBP89us8WcpqZgxeF3y86_r&_nc_zt=14&_nc_ht=scontent.fjai6-1.fna&_nc_gid=HhwaiyFFbQZTiHq62sZneQ&_nc_ss=7b289&oh=00_Af80ReoYpTn0TIUYlpZk_I2n9q-XrHu5pisJ4mdhB_17TA&oe=6A3996FE | Resized: https://scontent.fjai6-1.fna.fbcdn.net/v/t39.35426-6/636371168_793373057119593_3620362871000417298_n.jpg?stp=dst-jpg_s600x600_tt6&_nc_cat=102&ccb=1-7&_nc_sid=c53f8f&_nc_ohc=2PXDa78kZd4Q7kNvwGROUJF&_nc_oc=Adonit2a_DTo5HeEqJGWmsrnlb8vNILGk_rmUfWyFvCVwISUYKSka5uT2VBOdJevFAgMTe72u0aS_XQw8tio1cT4&_nc_zt=14&_nc_ht=scontent.fjai6-1.fna&_nc_gid=HhwaiyFFbQZTiHq62sZneQ&_nc_ss=7b289&oh=00_Af-8a5Wyko7U6LXU1am9r0ljdj122x4c5SRAgeDCyLN5LA&oe=6A39A63D,
1442841430706830,https://www.facebook.com/61558748211160/,fb.me,https://www.facebook.com/61558748211160/,,,,care@srijanrealty.in,+91 98741 24940,,,,296641856861350,http://fb.me/,Srijan Industrial Logistic Parks,https://www.facebook.com/ads/library/?id=1442841430706830,"At Srijan Industrial Logistic Park, BT Road, every square foot is engineered for growth, efficiency, and peace of mind.

✅ Units from 7,000 sq. ft. onwards
✅ Seamless operations with 4-ton goods lifts for upper floor movement
✅ 9+ acres of non-polluting, green industrial space
✅ Engineered for seismic & flood resilience
✅ 24x7 power backup, water supply & professional maintenance
✅ Excellent connectivity to Kolkata, Howrah & National Highways
✅ Access to skilled labour and transport hubs nearby

Enquire Now | Price on Request",463,Get quote,fb.me,"FACEBOOK; INSTAGRAM",2026-02-19,2026-06-16,,,"At Srijan Industrial Logistic Park, BT Road, every square foot is engineered for growth, efficiency, and peace of mind.

✅ Units from 7,000 sq. ft. onwards
✅ Seamless operations with 4-ton goods lifts for upper floor movement
✅ 9+ acres of non-polluting, green industrial space
✅ Engineered for seismic & flood resilience
✅ 24x7 power backup, water supply & professional maintenance
✅ Excellent connectivity to Kolkata, Howrah & National Highways
✅ Access to skilled labour and transport hubs nearby

Enquire Now | Price on Request || At Srijan Industrial Logistic Park, BT Road, every square foot is engineered for growth, efficiency, and peace of mind.

✅ Units from 7,000 sq. ft. onwards
✅ Seamless operations with 4-ton goods lifts for upper floor movement
✅ 9+ acres of non-polluting, green industrial space
✅ Engineered for seismic & flood resilience
✅ 24x7 power backup, water supply & professional maintenance
✅ Excellent connectivity to Kolkata, Howrah & National Highways
✅ Access to skilled labour and transport hubs nearby

Enquire Now | Price on Request || At Srijan Industrial Logistic Park, BT Road, every square foot is engineered for growth, efficiency, and peace of mind.

✅ Units from 7,000 sq. ft. onwards
✅ Seamless operations with 4-ton goods lifts for upper floor movement
✅ 9+ acres of non-polluting, green industrial space
✅ Engineered for seismic & flood resilience
✅ 24x7 power backup, water supply & professional maintenance
✅ Excellent connectivity to Kolkata, Howrah & National Highways
✅ Access to skilled labour and transport hubs nearby

Enquire Now | Price on Request",http://fb.me/ || http://fb.me/ || http://fb.me/,,Get Quote || Get Quote || Get Quote,Original: https://scontent.fjai6-1.fna.fbcdn.net/v/t39.35426-6/638082956_2370174493494584_7486617175550411755_n.jpg?_nc_cat=102&ccb=1-7&_nc_sid=c53f8f&_nc_ohc=ugQKn8XYnIkQ7kNvwE1RKvU&_nc_oc=Adq3CRudqH8khz24RS6ja7dJKiDTEYym8RU10Bf30-0_5_uD1S8vQfIWa6ghy3yZAcrz_tYKNATTEUl8Yf5YnAJv&_nc_zt=14&_nc_ht=scontent.fjai6-1.fna&_nc_gid=HhwaiyFFbQZTiHq62sZneQ&_nc_ss=7b289&oh=00_Af-QY73-XZlaFfUykY9ICs2lerkAmRlet9F2zI-M0mbb0g&oe=6A399175 | Resized: https://scontent.fjai6-1.fna.fbcdn.net/v/t39.35426-6/638145009_26052385417755828_8679933185935956576_n.jpg?stp=dst-jpg_s600x600_tt6&_nc_cat=106&ccb=1-7&_nc_sid=c53f8f&_nc_ohc=-CZBs96Ws1EQ7kNvwFEFdjd&_nc_oc=AdrjVM0rUG-M23w0CRrIDsJzgiorO7623vha--U83BLbtTfCcIJh3OTzTndwSj_reSOke4bUdCKhLCTJwNO8787U&_nc_zt=14&_nc_ht=scontent.fjai6-1.fna&_nc_gid=HhwaiyFFbQZTiHq62sZneQ&_nc_ss=7b289&oh=00_Af8E2DlpL5-pVSmqt2HxLMPqARl6rYByVpwyLfG6XHV6qw&oe=6A39A511 || Original: https://scontent.fjai6-1.fna.fbcdn.net/v/t39.35426-6/638302022_1746017676362616_7503725781615320044_n.jpg?_nc_cat=106&ccb=1-7&_nc_sid=c53f8f&_nc_ohc=EOa53lakHIIQ7kNvwFNH-y9&_nc_oc=Adpy-BZWCCc90JUmkGc85CGtTTD_9o6cwptGe078ILlbIUoXhdJlRWCGYT3aUg-DUmbcrBhQYZHrDIClhWisDbcb&_nc_zt=14&_nc_ht=scontent.fjai6-1.fna&_nc_gid=HhwaiyFFbQZTiHq62sZneQ&_nc_ss=7b289&oh=00_Af84hb8RLoq8TSBYAlsfukvJS9q0kMCZ97NLfZteo93sxQ&oe=6A39972C | Resized: https://scontent.fjai6-1.fna.fbcdn.net/v/t39.35426-6/638317851_3629132440559674_4820083555190392697_n.jpg?stp=dst-jpg_s600x600_tt6&_nc_cat=110&ccb=1-7&_nc_sid=c53f8f&_nc_ohc=wV6QYjb58x0Q7kNvwG94ZJm&_nc_oc=AdpSiLXFZYCOE3ubz60yori8Y4doWScEz4W8ylsnRJ6rWzrJs94CQ2BeAQO-lydRyWpVzoQ4tr9BJqz5aE2kB4a7&_nc_zt=14&_nc_ht=scontent.fjai6-1.fna&_nc_gid=HhwaiyFFbQZTiHq62sZneQ&_nc_ss=7b289&oh=00_Af9thMRsC7uLx1J7H6nd_15P4Y-mWBYnK4l4MaQO-0xsJQ&oe=6A39A65D || Original: https://scontent.fjai6-1.fna.fbcdn.net/v/t39.35426-6/638007225_909727925237149_6363625757436303187_n.jpg?_nc_cat=111&ccb=1-7&_nc_sid=c53f8f&_nc_ohc=yMgayv_9gXYQ7kNvwFA4870&_nc_oc=Adq4RBlqEVsdo6HyD9HYDLg3QBc6yXlQuNES6ltfyi32s_qtNlU2fbhiVvAwumPiHbSGZpWbvV_iRRbZFWfe6PQ7&_nc_zt=14&_nc_ht=scontent.fjai6-1.fna&_nc_gid=HhwaiyFFbQZTiHq62sZneQ&_nc_ss=7b289&oh=00_Af9okXULkVoD8w1A4F6j_X-0nziU04o_JD4aNzqHBPBvBw&oe=6A39A8E7 | Resized: https://scontent.fjai6-1.fna.fbcdn.net/v/t39.35426-6/638116605_910117838233533_3642200714050883214_n.jpg?stp=dst-jpg_s600x600_tt6&_nc_cat=111&ccb=1-7&_nc_sid=c53f8f&_nc_ohc=lo0Cvle46yIQ7kNvwHWAwhS&_nc_oc=AdoymSKs3MCcEK8AlGd7kZ2DMLlznKXSFQqG3uClPiBECzbUNh8F5jKO01Wt7lkYqUasiM4qfzpfhw1Kbfsx-d4v&_nc_zt=14&_nc_ht=scontent.fjai6-1.fna&_nc_gid=HhwaiyFFbQZTiHq62sZneQ&_nc_ss=7b289&oh=00_Af_ZD-aK1847lh5A7pyL5xNT9A1-vNGsRSThQ9z_PPI_fg&oe=6A39B767,
3466042823572445,https://www.facebook.com/PSGroupRealty/,pslogisticspark.com,https://www.facebook.com/PSGroupRealty/,,,,,,,,,1161764063844369,https://pslogisticspark.com/?utm_source=meta&utm_medium=social&utm_campaign=PS_LeadGen_Interest_04042026&utm_id=701OX00000pqdRd,PS Group,https://www.facebook.com/ads/library/?id=3466042823572445,"Grade-A logistics units from ₹2.99 Cr on Kona Expressway.
That’s what PS Logistics Park brings to businesses looking to scale near Kolkata.

Spread across 21 acres, this future-ready logistics hub combines connectivity, operational efficiency, and workforce comfort—so operations run smoother and teams work smarter.

✅ Spacious units with up to 17 ft clear height
✅ Workforce-ready amenities: dorms, crèche & medical bay
✅ Advanced safety systems with 24×7 operations
✅ Just 32 mins from central Kolkata business zones

Enquire today to check availability or book a site visit.
📞 +91 033 3567 6735",43113,Get quote,pslogisticspark.com,"FACEBOOK; INSTAGRAM; AUDIENCE_NETWORK; MESSENGER; THREADS",2026-05-08,2026-06-17,,,"Grade-A logistics units from ₹2.99 Cr on Kona Expressway.
That’s what PS Logistics Park brings to businesses looking to scale near Kolkata.

Spread across 21 acres, this future-ready logistics hub combines connectivity, operational efficiency, and workforce comfort—so operations run smoother and teams work smarter.

✅ Spacious units with up to 17 ft clear height
✅ Workforce-ready amenities: dorms, crèche & medical bay
✅ Advanced safety systems with 24×7 operations
✅ Just 32 mins from central Kolkata business zones

Enquire today to check availability or book a site visit.
📞 +91 033 3567 6735 || Grade-A logistics units from ₹2.99 Cr on Kona Expressway.
That’s what PS Logistics Park brings to businesses looking to scale near Kolkata.

Spread across 21 acres, this future-ready logistics hub combines connectivity, operational efficiency, and workforce comfort—so operations run smoother and teams work smarter.

✅ Spacious units with up to 17 ft clear height
✅ Workforce-ready amenities: dorms, crèche & medical bay
✅ Advanced safety systems with 24×7 operations
✅ Just 32 mins from central Kolkata business zones

Enquire today to check availability or book a site visit.
📞 +91 033 3567 6735 || Grade-A logistics units from ₹2.99 Cr on Kona Expressway.
That’s what PS Logistics Park brings to businesses looking to scale near Kolkata.

Spread across 21 acres, this future-ready logistics hub combines connectivity, operational efficiency, and workforce comfort—so operations run smoother and teams work smarter.

✅ Spacious units with up to 17 ft clear height
✅ Workforce-ready amenities: dorms, crèche & medical bay
✅ Advanced safety systems with 24×7 operations
✅ Just 32 mins from central Kolkata business zones

Enquire today to check availability or book a site visit.
📞 +91 033 3567 6735",https://pslogisticspark.com/?utm_source=meta&utm_medium=social&utm_campaign=PS_LeadGen_Interest_04042026&utm_id=701OX00000pqdRd || https://pslogisticspark.com/?utm_source=meta&utm_medium=social&utm_campaign=PS_LeadGen_Interest_04042026&utm_id=701OX00000pqdRd || https://pslogisticspark.com/?utm_source=meta&utm_medium=social&utm_campaign=PS_LeadGen_Interest_04042026&utm_id=701OX00000pqdRd,,Get Quote || Get Quote || Get Quote,Original: https://scontent.fjai6-1.fna.fbcdn.net/v/t39.35426-6/674242476_2248960305513048_6391613965110182409_n.jpg?_nc_cat=110&ccb=1-7&_nc_sid=c53f8f&_nc_ohc=KSAnDumuqS0Q7kNvwEg4jJ7&_nc_oc=Adoysai9xvPJ30saxcwCcAzGxtLQT3v0h0Osfe_fj29oIvaNCKflBpPMUpR5RLsw9jrHYlJdAkDoTAiUqOVGR5uA&_nc_zt=14&_nc_ht=scontent.fjai6-1.fna&_nc_gid=HhwaiyFFbQZTiHq62sZneQ&_nc_ss=7b289&oh=00_Af9it7vr1Q_EdyQlPyqwV7KVmY1wcu_OAiVKhM5Fuy8lGw&oe=6A398EF6 | Resized: https://scontent.fjai6-1.fna.fbcdn.net/v/t39.35426-6/671738517_4378449015755742_8624111123016956373_n.jpg?stp=dst-jpg_s600x600_tt6&_nc_cat=106&ccb=1-7&_nc_sid=c53f8f&_nc_ohc=Qhgwv6ZR54UQ7kNvwGPltye&_nc_oc=Adpq6IxQT9razRvgDioOPpUe2Lomk3CeXXxI5a4D-uhNx5E9sVf2EzQSQaUIo62kQYUaTb7swlLtN_pvu-CqDNqu&_nc_zt=14&_nc_ht=scontent.fjai6-1.fna&_nc_gid=HhwaiyFFbQZTiHq62sZneQ&_nc_ss=7b289&oh=00_Af-jKUp9BUqPZ2cnvXLPfooKs1fxxw5KZfLk65D5Tc1zug&oe=6A39866C || Original: https://scontent.fjai6-1.fna.fbcdn.net/v/t39.35426-6/671380416_2386143348576083_3259126622561308814_n.jpg?_nc_cat=102&ccb=1-7&_nc_sid=c53f8f&_nc_ohc=d6nU9Ez8yX8Q7kNvwGzyxv1&_nc_oc=AdpiVuWo5_MxMYQ9fnT-TUdaYj0RPmOkdvOUJvEKX0EHWF-BoqdoeUIoSVhASvTSGevVYednY5Q32bdujIj0iBzV&_nc_zt=14&_nc_ht=scontent.fjai6-1.fna&_nc_gid=HhwaiyFFbQZTiHq62sZneQ&_nc_ss=7b289&oh=00_Af_yZ1meDXE_7wGV36-CZtOt2HlQ29-HQ1VfyGGyR4Sa9w&oe=6A39B68D | Resized: https://scontent.fjai6-1.fna.fbcdn.net/v/t39.35426-6/671548758_902767946130206_8799189853720451300_n.jpg?stp=dst-jpg_s600x600_tt6&_nc_cat=105&ccb=1-7&_nc_sid=c53f8f&_nc_ohc=dUBvFwzL_lIQ7kNvwGcOek5&_nc_oc=AdqtoW4ImbPkEsCvONN_jif5vWLZHchi4JGNN9Z3KMKDLiUxPeTup8kZcZPWToy3KIC-dQTiDIq2AyCvg08dFl7M&_nc_zt=14&_nc_ht=scontent.fjai6-1.fna&_nc_gid=HhwaiyFFbQZTiHq62sZneQ&_nc_ss=7b289&oh=00_Af_gYP44fx-CAKRNq6fIMMAzNQ1LN7YEarHxT21DtB5Skg&oe=6A3987A2 || Original: https://scontent.fjai6-1.fna.fbcdn.net/v/t39.35426-6/671572821_1179830570794037_836632257901183167_n.jpg?_nc_cat=105&ccb=1-7&_nc_sid=c53f8f&_nc_ohc=YBPIf1t2pY4Q7kNvwG_Z2-2&_nc_oc=AdpYN-RmoDswjr99MpizMVA2XDOtbHmU1fFpkBDiQ-2Z67iJjy9ZWty7R_DEKHbyZCKEl-XeSZe8Fnpagv6ZcPEO&_nc_zt=14&_nc_ht=scontent.fjai6-1.fna&_nc_gid=HhwaiyFFbQZTiHq62sZneQ&_nc_ss=7b289&oh=00_Af9cYfaVzFOGNvpnFtItSIus2w0Q1hMsrhRWiSoKs6NE0Q&oe=6A39A9E1 | Resized: https://scontent.fjai6-1.fna.fbcdn.net/v/t39.35426-6/670653027_1282361329908222_5170770138469775913_n.jpg?stp=dst-jpg_s600x600_tt6&_nc_cat=111&ccb=1-7&_nc_sid=c53f8f&_nc_ohc=oyrMVtDE_ogQ7kNvwEYsEjx&_nc_oc=Adp4Ru8iTPYQPDl2OfPJEP_8BtsXr0fOUlQ6kSBIWACWL_4B23yQggxQLHODZ7g5WJ2IhtNd65MLaIZk_qVw5Ony&_nc_zt=14&_nc_ht=scontent.fjai6-1.fna&_nc_gid=HhwaiyFFbQZTiHq62sZneQ&_nc_ss=7b289&oh=00_Af8-0iLsWTH1xFel2PJl-MXqhT7aGsLA9z2ZuR8oZOtB3Q&oe=6A39971A,
1775012960350978,https://www.facebook.com/61585613997328/,api.whatsapp.com,https://www.facebook.com/61585613997328/,,,,,,,,,901297666405537,https://api.whatsapp.com/send,Keton Kurta,https://www.facebook.com/ads/library/?id=1775012960350978,"Kurta Manufacturer in Surat for Bulk & Wholesale Orders

If you are a kurta retailer, wholesaler, or ethnic wear brand, sourcing quality products in bulk starts with the right manufacturer.
Keton Kurta is a manufacturer specializing in premium designer kurtas and ethnic wear, crafted for large-scale retail and wholesale requirements.

We manufacture kurtas that meet market demand, seasonal trends, and consistent sizing standards, ensuring smooth retail performance across festivals and regular sales cycles.

• Bulk kurta manufacturing 
• Premium fabrics & finishing
• Consistent quality across lots
• Competitive wholesale pricing
• Reliable production timelines

📞Enquiries Only: 073740 08200
267, RAGHUVIR SCARLETT, NEAR DMD LOGISTICS PARK, SAROLI, Surat, Gujarat 395010",123,Send WhatsApp message,api.whatsapp.com,"FACEBOOK; INSTAGRAM; WHATSAPP; THREADS",2026-06-06,2026-06-17,HD: https://video.fjai6-1.fna.fbcdn.net/o1/v/t2/f2/m366/AQPfH0QQnGGXIT3MDAHvRga7haUwHW52ZpY22r09AwesxOyV7A96zdjyd-B7pwyxHBH3QXSMFCbrOy-XGsOYiSl8H34mx04weIr71YpvF2Fn6g.mp4?_nc_cat=101&_nc_oc=Adr-M7OQ1sNvubriMha_nMjmaoDFmglnjpgC6IvYxfIUQEYAXtCd3KqgtCny-M-fZwIDbivbq6QDySa19N6Y6pTy&_nc_sid=b66105&_nc_ht=video.fjai6-1.fna.fbcdn.net&_nc_ohc=PEz0cepwB8IQ7kNvwGlVVe7&efg=eyJ2ZW5jb2RlX3RhZyI6Inhwdl9wcm9ncmVzc2l2ZS5WSV9VU0VDQVNFX1BST0RVQ1RfVFlQRS4uQzMuNzIwLmRhc2hfaDI2NC1iYXNpYy1nZW4yXzcyMHAiLCJ4cHZfYXNzZXRfaWQiOjEwMjYzNTQ4Njk4NjUwNjIsImFzc2V0X2FnZV9kYXlzIjoxMiwidmlfdXNlY2FzZV9pZCI6MTA3OTksImR1cmF0aW9uX3MiOjU3LCJ1cmxnZW5fc291cmNlIjoid3d3In0%3D&ccb=17-1&vs=cc4041ada9ecbb0e&_nc_vs=HBksFQIYRWZiX2VwaGVtZXJhbC9FQjQyOTlGRUQ2N0I1ODUwMjc4ODI2Q0VCNTIzQUFBMF9tdF8xX3ZpZGVvX2Rhc2hpbml0Lm1wNBUAAsgBEgAVAhhAZmJfcGVybWFuZW50L0E2NEQ5QjBFMTQ0MzBBQjVFQTBBN0M0OEE3NDNGNEIxX2F1ZGlvX2Rhc2hpbml0Lm1wNBUCAsgBEgAoABgAGwKIB3VzZV9vaWwBMRJwcm9ncmVzc2l2ZV9yZWNpcGUBMRUAACbMqfTW293SAxUCKAJDMywXQEyqn752yLQYGWRhc2hfaDI2NC1iYXNpYy1nZW4yXzcyMHARAHUAZd6oAQA&_nc_gid=HhwaiyFFbQZTiHq62sZneQ&_nc_ss=7b289&_nc_zt=28&oh=00_Af9sBaN2XzNjQewXk_xak7mibOt8ktissUGoxxCxLmbfsg&oe=6A398E2B | SD: https://video.fjai6-1.fna.fbcdn.net/o1/v/t2/f2/m412/AQMXYkmHeDjoZLFj_SOvTT-fF0V8LR59OO6elTmND4llx3ZQd__yzv16qyntD9GC1pI5kn1w0nJjIL-z6oI4WEqrNfWI84zJtFZqTJmLpg.mp4?_nc_cat=106&_nc_oc=Adr1vW0yrFwIsUXpoCMnLYYa-oIOUX0qngxXaEpOh9oWsN8rkPgsCx2iuoLfIidtsnvQpxGPLIw_jkFb4U4W8Y35&_nc_sid=ef5aa3&_nc_ht=video.fjai6-1.fna.fbcdn.net&_nc_ohc=GbaPzti-n20Q7kNvwE-RNoM&efg=eyJ2ZW5jb2RlX3RhZyI6Inhwdl9wcm9ncmVzc2l2ZS5WSV9VU0VDQVNFX1BST0RVQ1RfVFlQRS4uQzMuMzYwLnN2ZV9zZCIsInhwdl9hc3NldF9pZCI6MTAyNjM1NDg2OTg2NTA2MiwiYXNzZXRfYWdlX2RheXMiOjEyLCJ2aV91c2VjYXNlX2lkIjoxMDc5OSwiZHVyYXRpb25fcyI6NTcsInVybGdlbl9zb3VyY2UiOiJ3d3cifQ%3D%3D&ccb=17-1&_nc_gid=HhwaiyFFbQZTiHq62sZneQ&_nc_ss=7b289&_nc_zt=28&oh=00_Af9wM27CCjDg7N482QKMiaZVmM7WYwSSEtJjI9gzzo7amA&oe=6A39B59C | Preview: https://scontent.fjai6-1.fna.fbcdn.net/v/t39.35426-6/718649478_1507206677611147_7906949018423655531_n.jpg?_nc_cat=107&ccb=1-7&_nc_sid=c53f8f&_nc_ohc=Klb79Ly0BQkQ7kNvwGGGKXm&_nc_oc=AdpiwK8P2n686PwO07x8gmSdfaaWpr_aQRSWZpPXWWvTN21s8dcDxAbOlfo5rwj7ukAo1upra9VwY7PkAgYgqjdj&_nc_zt=14&_nc_ht=scontent.fjai6-1.fna&_nc_gid=HhwaiyFFbQZTiHq62sZneQ&_nc_ss=7b289&oh=00_Af-SDWDejujz4yFUdBuin7WRNfBwaDP6sYgJgoettAbTfA&oe=6A39BC4A,,,,,,,
1628042058991558,https://www.facebook.com/61557557017102/,fb.me,https://www.facebook.com/61557557017102/,,,,sales@arihantfoundations.in,+91 89883 38833,,,,263995340130655,http://fb.me/,DMR Landz,https://www.facebook.com/ads/library/?id=1628042058991558,"DMR Landz Infinity's industrial plots at Redhills! 

Our ready-to-build infrastructure is packed with extensive features, providing everything you need to get started. With plot sizes starting from 10,000 sq. ft., this is the perfect opportunity to secure a prime location for your business. 

- 24/7 Security
- Solar lights on Road
- Zero water logging
- CCTV Surveillance
- Upto 80% bank loan available
- 60 Ft wide tar road
- Lush green landscape

Don't miss out—invest now in DMR Landz Infinity and build your future today!",17952,Get quote,fb.me,"FACEBOOK; INSTAGRAM",2026-06-08,2026-06-17,,,"DMR Landz Infinity's industrial plots at Redhills! 

Our ready-to-build infrastructure is packed with extensive features, providing everything you need to get started. With plot sizes starting from 10,000 sq. ft., this is the perfect opportunity to secure a prime location for your business. 

- 24/7 Security
- Solar lights on Road
- Zero water logging
- CCTV Surveillance
- Upto 80% bank loan available
- 60 Ft wide tar road
- Lush green landscape

Don't miss out—invest now in DMR Landz Infinity and build your future today! || DMR Landz Infinity's industrial plots at Redhills! 

Our ready-to-build infrastructure is packed with extensive features, providing everything you need to get started. With plot sizes starting from 10,000 sq. ft., this is the perfect opportunity to secure a prime location for your business. 

- 24/7 Security
- Solar lights on Road
- Zero water logging
- CCTV Surveillance
- Upto 80% bank loan available
- 60 Ft wide tar road
- Lush green landscape

Don't miss out—invest now in DMR Landz Infinity and build your future today! || DMR Landz Infinity's industrial plots at Redhills! 

Our ready-to-build infrastructure is packed with extensive features, providing everything you need to get started. With plot sizes starting from 10,000 sq. ft., this is the perfect opportunity to secure a prime location for your business. 

- 24/7 Security
- Solar lights on Road
- Zero water logging
- CCTV Surveillance
- Upto 80% bank loan available
- 60 Ft wide tar road
- Lush green landscape

Don't miss out—invest now in DMR Landz Infinity and build your future today!",http://fb.me/ || http://fb.me/ || http://fb.me/,,Get Quote || Get Quote || Get Quote,Original: https://scontent.fjai6-1.fna.fbcdn.net/v/t39.35426-6/678988423_925460620301918_3582184665524930513_n.jpg?_nc_cat=102&ccb=1-7&_nc_sid=c53f8f&_nc_ohc=ZN3eGyAz42gQ7kNvwFuVHFw&_nc_oc=AdrufzwgirAdNNIXNhkh2tZLiEz-Fu34PV1drLpiz-VUxDXlfelEAsx4kAxuiGxolFPtslBxwLTedi44QzF4N0J4&_nc_zt=14&_nc_ht=scontent.fjai6-1.fna&_nc_gid=HhwaiyFFbQZTiHq62sZneQ&_nc_ss=7b289&oh=00_Af8nbJnkJxK0xyS2tfCEa9TB8k4UdXtAyp5TRFohaxvVcw&oe=6A39AC95 | Resized: https://scontent.fjai6-1.fna.fbcdn.net/v/t39.35426-6/678127099_1466440114959820_6807786465699195889_n.jpg?stp=dst-jpg_s600x600_tt6&_nc_cat=100&ccb=1-7&_nc_sid=c53f8f&_nc_ohc=9Fqt9l2hYOsQ7kNvwEomfLX&_nc_oc=AdoBlz2j65G84P7oZ3Iz9wBMn253ff8Btni1gDbz4ftWqJkRtofHOjxFYaHH7_AGomEMSwh5IIR5daukk1njUtSb&_nc_zt=14&_nc_ht=scontent.fjai6-1.fna&_nc_gid=HhwaiyFFbQZTiHq62sZneQ&_nc_ss=7b289&oh=00_Af9AMt07XDuAspYQYaCrcu1QLA6yA_qLczAS5JL2N4KOAQ&oe=6A39A691 || Original: https://scontent.fjai6-1.fna.fbcdn.net/v/t39.35426-6/677789478_1997235824564645_1995207330698770439_n.jpg?_nc_cat=109&ccb=1-7&_nc_sid=c53f8f&_nc_ohc=C7QjqKCd0x4Q7kNvwFL583t&_nc_oc=AdrssHAAvWvvh1n0hotENwMKVFzgf6NCYcuf372aP19BZJvrq3W9fEwR2sjyI-3Qc3DaIynFxn-F59tbeUnWj9HR&_nc_zt=14&_nc_ht=scontent.fjai6-1.fna&_nc_gid=HhwaiyFFbQZTiHq62sZneQ&_nc_ss=7b289&oh=00_Af-5F9hW7jAg19CeFCKQ6OnlnXrhK3uKY64LEdnBpJCeJw&oe=6A3999C0 | Resized: https://scontent.fjai6-1.fna.fbcdn.net/v/t39.35426-6/678302930_842644814866116_6985420884432285868_n.jpg?stp=dst-jpg_s600x600_tt6&_nc_cat=107&ccb=1-7&_nc_sid=c53f8f&_nc_ohc=pJUgb0wW8TkQ7kNvwFaC_rA&_nc_oc=Adr2SqoHYgQWni2P_T0Dyp-np3Li0aWr9t3PLmuZZZrv29Wc6-J4nhs4vk94Q5181780wcO-nbx4NRiT8epLvwij&_nc_zt=14&_nc_ht=scontent.fjai6-1.fna&_nc_gid=HhwaiyFFbQZTiHq62sZneQ&_nc_ss=7b289&oh=00_Af8S-ImeSL3na-W7CRn0jvAuQ0AmFqgsPac9aOFimkPSvw&oe=6A39A40F || Original: https://scontent.fjai6-1.fna.fbcdn.net/v/t39.35426-6/679364208_26508140385519246_1614508080321796656_n.jpg?_nc_cat=102&ccb=1-7&_nc_sid=c53f8f&_nc_ohc=bUUtFzx1DBMQ7kNvwE6nLgO&_nc_oc=Ado6D9l3oYj_qgQjvubCfcTm7mzw9b4UhtkcTbVyaEOILGzez7VcfabCZZd2pVeh-V_ovCPgs1oYaE5vUZH3TB10&_nc_zt=14&_nc_ht=scontent.fjai6-1.fna&_nc_gid=HhwaiyFFbQZTiHq62sZneQ&_nc_ss=7b289&oh=00_Af8uSms57Ze6t1UQ4vqgGMe7jVA9l1YI940W8kgSh97nFQ&oe=6A398C04 | Resized: https://scontent.fjai6-1.fna.fbcdn.net/v/t39.35426-6/680701031_930432859797462_2060632786335993791_n.jpg?stp=dst-jpg_s600x600_tt6&_nc_cat=107&ccb=1-7&_nc_sid=c53f8f&_nc_ohc=2XQsefWSMp8Q7kNvwFt2gb_&_nc_oc=AdpD2yJmLdWydtwsWMwic91zGG1KhwpfkYcOBqwjYIvO_jj3zNTvbSQ0XPUjg_BYsilWu65nqvEMXiCBqVteLB76&_nc_zt=14&_nc_ht=scontent.fjai6-1.fna&_nc_gid=HhwaiyFFbQZTiHq62sZneQ&_nc_ss=7b289&oh=00_Af_2RXAsx7TQz1syg-KTvX8PGca2HpRw15xDVx62KkO9tg&oe=6A39AFEE,
1036090902443059,https://www.facebook.com/61564369332120/,fb.me,https://www.facebook.com/61564369332120/,,,,,+91 93554 40808,,,,428244743700192,http://fb.me/,Square bigha,https://www.facebook.com/ads/library/?id=1036090902443059,"🏡 Premium Residential Plots Near Noida International Airport

💰 Price: ₹52,500 per Sq. Yd.

✔️ Approved Project
✔️ Loan Facility Available
✔️ Prime Location

📍 Near Noida International Airport

📲 Call Now: 9355440808
🚨 Limited plots available – Book your site visit today",147368,Book now,fb.me,"FACEBOOK; INSTAGRAM; AUDIENCE_NETWORK",2026-06-15,2026-06-17,HD: https://video.fjai6-1.fna.fbcdn.net/o1/v/t2/f2/m366/AQOERL9nGHx6zT8qPiegr6ETNT0mai6anGiha_WMsrbMNo_2_WTbelXOmBgPq1Fl2gfo_ARu_gow4Zjfyenj0yLog-eBFHIUtnG6LJeX3JFD-A.mp4?_nc_cat=106&_nc_oc=AdppHMQ8vhy-W6YGiymOgG__odwfg4lLE76bRqGhnhxWOtgYD36vvYixYif_PN8KUq3Bi5fpC1G23TdjB-oV9Ynb&_nc_sid=b66105&_nc_ht=video.fjai6-1.fna.fbcdn.net&_nc_ohc=bJSnCMhtCkUQ7kNvwH-hNL1&efg=eyJ2ZW5jb2RlX3RhZyI6Inhwdl9wcm9ncmVzc2l2ZS5WSV9VU0VDQVNFX1BST0RVQ1RfVFlQRS4uQzMuNzIwLmRhc2hfaDI2NC1iYXNpYy1nZW4yXzcyMHAiLCJ4cHZfYXNzZXRfaWQiOjE2NjQ0Njg1NDgxNzU0OTEsImFzc2V0X2FnZV9kYXlzIjozLCJ2aV91c2VjYXNlX2lkIjoxMDc5OSwiZHVyYXRpb25fcyI6NTYsInVybGdlbl9zb3VyY2UiOiJ3d3cifQ%3D%3D&ccb=17-1&vs=351d8a4873f6072e&_nc_vs=HBksFQIYRWZiX2VwaGVtZXJhbC81QzRDNEVDMkMzQkYyMDUyMjUyQkUwRDhBRkZENkNBOV9tdF8xX3ZpZGVvX2Rhc2hpbml0Lm1wNBUAAsgBEgAVAhhAZmJfcGVybWFuZW50L0I2NDI3ODEwMjE0Qzc5QTlCODU1MkI5NzRBQUJEMDk5X2F1ZGlvX2Rhc2hpbml0Lm1wNBUCAsgBEgAoABgAGwKIB3VzZV9vaWwBMRJwcm9ncmVzc2l2ZV9yZWNpcGUBMRUAACaGmu6I6fT0BRUCKAJDMywXQEwxysCDEm8YGWRhc2hfaDI2NC1iYXNpYy1nZW4yXzcyMHARAHUAZd6oAQA&_nc_gid=HhwaiyFFbQZTiHq62sZneQ&_nc_ss=7b289&_nc_zt=28&oh=00_Af9EiuH4jChondqCbBMCB4UwWLEYHrTwc1g7bsmxA7JlEg&oe=6A39B686 | SD: https://video.fjai6-1.fna.fbcdn.net/o1/v/t2/f2/m412/AQNGtYHvE8wm5aroDpDVLawDGYLh_mE-ECIybihNhpcRgD4peEKRqKeA8jHkWwtISrVm6R-19Isuo2lGolRL1U8gEssZt4x76HdaAa_ZKg.mp4?_nc_cat=101&_nc_oc=Adqsnl9mMHImcG2Y9xD41Lt1ilkXEDVFcIxImnmhbQnfoBSCi_2JvYBpltGpufVuQ69cVha6USNIxuRHh6iM-f1u&_nc_sid=ef5aa3&_nc_ht=video.fjai6-1.fna.fbcdn.net&_nc_ohc=7kKTJwuy0yYQ7kNvwHHyo5I&efg=eyJ2ZW5jb2RlX3RhZyI6Inhwdl9wcm9ncmVzc2l2ZS5WSV9VU0VDQVNFX1BST0RVQ1RfVFlQRS4uQzMuMzYwLnN2ZV9zZCIsInhwdl9hc3NldF9pZCI6MTY2NDQ2ODU0ODE3NTQ5MSwiYXNzZXRfYWdlX2RheXMiOjMsInZpX3VzZWNhc2VfaWQiOjEwNzk5LCJkdXJhdGlvbl9zIjo1NiwidXJsZ2VuX3NvdXJjZSI6Ind3dyJ9&ccb=17-1&_nc_gid=HhwaiyFFbQZTiHq62sZneQ&_nc_ss=7b289&_nc_zt=28&oh=00_Af_gfAQ6RYwsHgZmC7-p0K1OMMB2TMIARSlZXBS13YQ4xg&oe=6A39A551 | Preview: https://scontent.fjai6-1.fna.fbcdn.net/v/t39.35426-6/722638518_1296133896013825_5380067560190330895_n.jpg?_nc_cat=101&ccb=1-7&_nc_sid=c53f8f&_nc_ohc=tNkLiAsHAiMQ7kNvwHMmpZM&_nc_oc=Adom1xCiWa_sVVjXd7YRowaS0jLcVzYj2BEWl0BfV7GqLowKsWXh-cnaV6go4j2rHaIp1eltIiO8UCMZAWyiU9nZ&_nc_zt=14&_nc_ht=scontent.fjai6-1.fna&_nc_gid=HhwaiyFFbQZTiHq62sZneQ&_nc_ss=7b289&oh=00_Af_3VIzCLgE_BBGeJxKPfE55WgRNPtQXIFSu2vDVUTVwGQ&oe=6A39BA26,,,,,,,
1521757442965033,https://www.facebook.com/61584068265894/,sanjayandsunil.com,https://www.facebook.com/61584068265894/,,,,,+91 75500 99212,,,,958056854046375,https://sanjayandsunil.com/Pollivakkam-Land/,Sanjay and Sunil Realty,https://www.facebook.com/ads/library/?id=1521757442965033,"Pollivakkam sits at the heart of Chennai's fastest-growing industrial corridor — home to logistics giants, manufacturing hubs, and Tier-1 supply chains. 

Land of this scale, in this location, simply does not come available often. We're talking about 100 contiguous acres on a 200-ft road, with direct access to Chennai's western industrial belt and proximity to major infrastructure. 

Whether you're a developer, investor, or industrialist — this is the kind of opportunity that defines portfolios. One parcel. One chance. 

Enquire now before it's gone.",2,See details,sanjayandsunil.com,"FACEBOOK; INSTAGRAM",2026-06-11,2026-06-18,HD: https://video.fjai6-1.fna.fbcdn.net/o1/v/t2/f2/m366/AQOosfGLTpkeUXsHLTS9KTAQ4HxS6zwE-e6mPeGTV0N5td8bCfbJbpkgo9mHmg4Z1DLxr1sInwTXfgtlq0yQO6-rUCWSeG3y-veHRRG14SlYkg.mp4?_nc_cat=102&_nc_oc=AdpdyHKRcPAb1jCcZMl3WSaBd9Yl_FuGV7mAx4Ls8tPlBz3KggAAoeL5cV6901KTJMQmJIC8V4ZU9aKq4pr3-vha&_nc_sid=b66105&_nc_ht=video.fjai6-1.fna.fbcdn.net&_nc_ohc=lVMhRFNNiFkQ7kNvwE5xHID&efg=eyJ2ZW5jb2RlX3RhZyI6Inhwdl9wcm9ncmVzc2l2ZS5WSV9VU0VDQVNFX1BST0RVQ1RfVFlQRS4uQzMuNzIwLmRhc2hfaDI2NC1iYXNpYy1nZW4yXzcyMHAiLCJ4cHZfYXNzZXRfaWQiOjEzNjAxOTgyODYwNDY0MjIsImFzc2V0X2FnZV9kYXlzIjo3LCJ2aV91c2VjYXNlX2lkIjoxMDc5OSwiZHVyYXRpb25fcyI6NjAsInVybGdlbl9zb3VyY2UiOiJ3d3cifQ%3D%3D&ccb=17-1&vs=83d2635a06a20d46&_nc_vs=HBksFQIYRWZiX2VwaGVtZXJhbC9FQzQ3NzVEQTY2NzAwRTUzMUY1QTk0RjE1OTM4MkVBQ19tdF8xX3ZpZGVvX2Rhc2hpbml0Lm1wNBUAAsgBEgAVAhhAZmJfcGVybWFuZW50LzRDNDRDNzRFM0FEMUZDRDEwRjQ5NEYxRkIyMDZFNTg1X2F1ZGlvX2Rhc2hpbml0Lm1wNBUCAsgBEgAoABgAGwKIB3VzZV9vaWwBMRJwcm9ncmVzc2l2ZV9yZWNpcGUBMRUAACas08_6-sXqBBUCKAJDMywXQE4u2RaHKwIYGWRhc2hfaDI2NC1iYXNpYy1nZW4yXzcyMHARAHUAZd6oAQA&_nc_gid=HhwaiyFFbQZTiHq62sZneQ&_nc_ss=7b289&_nc_zt=28&oh=00_Af_D7IdjIzJ9-2bIH9U-DVOD6pXmjTG4aA5NrkmtufhrLA&oe=6A39961E | SD: https://video.fjai6-1.fna.fbcdn.net/o1/v/t2/f2/m412/AQN3hnXg34Tv2HZa-nOlk5W7WJ6BxspydfOzeKNcdEnMTmUaUWLlp_Wc7DxfEOpWzriry9ErGCxaLuOTj3Hq_hu-fmSAqbqoB1nWSzPHwA.mp4?_nc_cat=106&_nc_oc=Adr005jAv9tu4FqSGXGkacbVWO2S1rgR5owBCNPanH1aIPwbaGE5rjNBtGZ0r1f1IyU6887a0rcNgUTMNRz5mPcL&_nc_sid=ef5aa3&_nc_ht=video.fjai6-1.fna.fbcdn.net&_nc_ohc=SeAicK8_s2gQ7kNvwEYoC6J&efg=eyJ2ZW5jb2RlX3RhZyI6Inhwdl9wcm9ncmVzc2l2ZS5WSV9VU0VDQVNFX1BST0RVQ1RfVFlQRS4uQzMuMzYwLnN2ZV9zZCIsInhwdl9hc3NldF9pZCI6MTM2MDE5ODI4NjA0NjQyMiwiYXNzZXRfYWdlX2RheXMiOjcsInZpX3VzZWNhc2VfaWQiOjEwNzk5LCJkdXJhdGlvbl9zIjo2MCwidXJsZ2VuX3NvdXJjZSI6Ind3dyJ9&ccb=17-1&_nc_gid=HhwaiyFFbQZTiHq62sZneQ&_nc_ss=7b289&_nc_zt=28&oh=00_Af9wYIL1FTZAlSYmQcF_1JE8nCZXnsp2UihogPrueIh-lA&oe=6A399EA0 | Preview: https://scontent.fjai6-1.fna.fbcdn.net/v/t39.35426-6/720111729_2907424756283671_3348215415408240525_n.jpg?_nc_cat=102&ccb=1-7&_nc_sid=c53f8f&_nc_ohc=AYU1H5Ax160Q7kNvwHop93b&_nc_oc=AdrEG57UWyNHdcKp7__2SCTtqVIsJcohX9wz9VoE3XAngDHmFBUAZ2A8ozRn7k5g7mZDU7xIJ2s6g_Z4Rr_zlVmC&_nc_zt=14&_nc_ht=scontent.fjai6-1.fna&_nc_gid=HhwaiyFFbQZTiHq62sZneQ&_nc_ss=7b289&oh=00_Af8Y3nhgrQb6wbNSjWuQ3faW9lvrc_6FaJyXtMmlqD7A_g&oe=6A39A840,,,,,,,
1000711309213642,https://www.facebook.com/Rocky-Vishwakarma-812920788563077/,facebook.com,https://www.facebook.com/Rocky-Vishwakarma-812920788563077/,,,,,,,,,812920788563077,https://facebook.com/marketplace/item/1771155104050361/,Rocky Vishwakarma,https://www.facebook.com/ads/library/?id=1000711309213642,"Studio 0 Baths - Townhouse - ₹192,000,000.00

Warehousing For Sale And Rental Available 
1) Kelween Logistics Park – Sale Calculation
Rate: ₹3300 per sq. ft.
Area: 2,60,000 sq. ft.
Property Highlights
Location: KELWEEN LOGISTICS PARK LLP
Clear Height: 42 ft
Center Height: 48 ft
Grade-A logistics and warehousing facility
Strategic location on Kalyan–Sape Road, Amane
2) Property Sale harihar compound mankoli Bhiwandi
Area: 16,000 Sq. Ft.
Rate: ₹12,000 per Sq. Ft.
3) Atlanta industrial complex sonale 
Ground +1+1 
Area 33000 sq.ft
8000 per sq.ft
All Properties Price Negotiable.
Call 🤙 Pankaj Vishwakarma 7977455242 /7738578003
(Pawar Proparties)
Facebook Marketplace",1,Contact us,,"FACEBOOK; INSTAGRAM",2026-06-13,2026-06-18,,Original: https://scontent.fjai6-1.fna.fbcdn.net/v/t39.35426-6/722117124_864626509501108_255325415938774149_n.jpg?_nc_cat=103&ccb=1-7&_nc_sid=c53f8f&_nc_ohc=_fkSlYDagkAQ7kNvwGawvDo&_nc_oc=AdoQ_nDx7TXKN9n6FhCGMvpsW-H4dO2tFHq4DsnWA_vyotvym_vN7ukiW83MY2gvh-i6ymXX6i5FX9hx1Pcx_41Y&_nc_zt=14&_nc_ht=scontent.fjai6-1.fna&_nc_gid=HhwaiyFFbQZTiHq62sZneQ&_nc_ss=7b289&oh=00_Af-4G6cE59Ieel_-KEgKVLkV0lp7Xjx7DjcImX0z_QDXRg&oe=6A399F7E | Resized: https://scontent.fjai6-1.fna.fbcdn.net/v/t39.35426-6/722911102_1488474149684403_253671753042360775_n.jpg?stp=dst-jpg_s600x600_tt6&_nc_cat=100&ccb=1-7&_nc_sid=c53f8f&_nc_ohc=skq0MSZc_mQQ7kNvwEgoQhx&_nc_oc=AdrfRIxb4brLEy9Q_iwp7evSYxhFWSxuimrLXrftbV7j_Vfc9K8ONf0wlehta-rZ2trJDrGA0zCeA9jJyGuHLM1M&_nc_zt=14&_nc_ht=scontent.fjai6-1.fna&_nc_gid=HhwaiyFFbQZTiHq62sZneQ&_nc_ss=7b289&oh=00_Af930s-uyvLzRQBeqTysiPlIM7BIUdPiD30htRQbkUIAyw&oe=6A399CB7,,,,,,
26408913102121276,https://www.facebook.com/yardsandsqft/,fb.me,https://www.facebook.com/yardsandsqft/,,,,,,,,,362154770325085,http://fb.me/,Yards&sqft Gurgaon,https://www.facebook.com/ads/library/?id=26408913102121276,"📦 Grade-A Logistics Park for Sale – Ludhiana

Strategically located on NH-44, this premium warehousing asset is anchored by leading national occupiers.

✔ 22 Acre Land Parcel
✔ 5.6 Lac sq.ft Built-up
✔ ₹12.17 Cr+ Annual Rent
✔ Operational + Expansion Potential
✔ Blue-Chip Tenants including Flipkart & Delhivery

Ideal for institutional investors, REITs, logistics funds & family offices.

📞 Connect for confidential investment details.",386,Learn more,fb.me,"FACEBOOK; INSTAGRAM; AUDIENCE_NETWORK",2026-05-25,2026-06-15,,Original: https://scontent.fjai6-1.fna.fbcdn.net/v/t39.35426-6/707415126_2202905277147261_5302386063139809511_n.jpg?_nc_cat=105&ccb=1-7&_nc_sid=c53f8f&_nc_ohc=MzblyLrjc4QQ7kNvwHgwLrn&_nc_oc=AdqRsRW4FLh1WZ37l3IjxGc6KgQ2rsiEfm9WzTEpwYvml4YClv_M165xB7jN1T_QOIOhw6-X-AwFNcapXlsulWZ0&_nc_zt=14&_nc_ht=scontent.fjai6-1.fna&_nc_gid=HhwaiyFFbQZTiHq62sZneQ&_nc_ss=7b289&oh=00_Af8oMOxoayqbGNQ3LM9iXhuOb-y2yZu4P60KWf63MNzwbQ&oe=6A39B85F | Resized: https://scontent.fjai6-1.fna.fbcdn.net/v/t39.35426-6/707914185_980950387674839_7897939151246986425_n.jpg?stp=dst-jpg_s600x600_tt6&_nc_cat=108&ccb=1-7&_nc_sid=c53f8f&_nc_ohc=xFaNJPyMqJEQ7kNvwFdo00A&_nc_oc=AdqXFxM4fkweg_gnM-NgFfb24XLY4KWmT6AZ6MAGx70d_7H1Asnz91sPgHi3N1NM2ahzC9q86Rr1tNvWcG1iCA5L&_nc_zt=14&_nc_ht=scontent.fjai6-1.fna&_nc_gid=HhwaiyFFbQZTiHq62sZneQ&_nc_ss=7b289&oh=00_Af9JGTsSl1NrlB1QHrD2DBax-64S8oEIZRh40PvVAps0hQ&oe=6A398793,,,,,,
2121973608594185,https://www.facebook.com/61586247959548/,realtyads.com,https://www.facebook.com/61586247959548/,,,,,,,,,1020357764494791,https://realtyads.com/trk/96t/?u=aHR0cHM6Ly93d3cuZmVzdGl2YWxsb2dpc3RpY3NwYXJrLmNvbS9wLzE/dXRtX3NvdXJjZT1SZWFsdHlBZHMmdXRtX21lZGl1bT1GYWNlYm9vayZ1dG1fY2FtcGFpZ249RmFjZWJvb2tfQ2Fyb3VzZWw=,Festival Logistics Park - Pompano Beach,https://www.facebook.com/ads/library/?id=2121973608594185,"From Market to Marketplace. 483,806 SF of Class A industrial space is coming to Pompano Beach — on the legendary Festival Marketplace site, reimagined for what's next. Now Leasing!",1,Learn more,festivallogisticspark.com,"FACEBOOK; MESSENGER",2026-03-11,2026-05-21,,,  ||   ||   ||   ||   ||  ,https://realtyads.com/trk/96t/?u=aHR0cHM6Ly93d3cuZmVzdGl2YWxsb2dpc3RpY3NwYXJrLmNvbS9wLzE/dXRtX3NvdXJjZT1SZWFsdHlBZHMmdXRtX21lZGl1bT1GYWNlYm9vayZ1dG1fY2FtcGFpZ249RmFjZWJvb2tfQ2Fyb3VzZWw= || https://realtyads.com/trk/96t/?u=aHR0cHM6Ly93d3cuZmVzdGl2YWxsb2dpc3RpY3NwYXJrLmNvbS9wLzE/dXRtX3NvdXJjZT1SZWFsdHlBZHMmdXRtX21lZGl1bT1GYWNlYm9vayZ1dG1fY2FtcGFpZ249RmFjZWJvb2tfQ2Fyb3VzZWw= || https://realtyads.com/trk/96t/?u=aHR0cHM6Ly93d3cuZmVzdGl2YWxsb2dpc3RpY3NwYXJrLmNvbS9wLzE/dXRtX3NvdXJjZT1SZWFsdHlBZHMmdXRtX21lZGl1bT1GYWNlYm9vayZ1dG1fY2FtcGFpZ249RmFjZWJvb2tfQ2Fyb3VzZWw= || https://realtyads.com/trk/96t/?u=aHR0cHM6Ly93d3cuZmVzdGl2YWxsb2dpc3RpY3NwYXJrLmNvbS9wLzE/dXRtX3NvdXJjZT1SZWFsdHlBZHMmdXRtX21lZGl1bT1GYWNlYm9vayZ1dG1fY2FtcGFpZ249RmFjZWJvb2tfQ2Fyb3VzZWw= || https://realtyads.com/trk/96t/?u=aHR0cHM6Ly93d3cuZmVzdGl2YWxsb2dpc3RpY3NwYXJrLmNvbS9wLzE/dXRtX3NvdXJjZT1SZWFsdHlBZHMmdXRtX21lZGl1bT1GYWNlYm9vayZ1dG1fY2FtcGFpZ249RmFjZWJvb2tfQ2Fyb3VzZWw= || https://realtyads.com/trk/96t/?u=aHR0cHM6Ly93d3cuZmVzdGl2YWxsb2dpc3RpY3NwYXJrLmNvbS9wLzE/dXRtX3NvdXJjZT1SZWFsdHlBZHMmdXRtX21lZGl1bT1GYWNlYm9vayZ1dG1fY2FtcGFpZ249RmFjZWJvb2tfQ2Fyb3VzZWw=,realtyads.com || realtyads.com || realtyads.com || realtyads.com || realtyads.com || realtyads.com,Learn More || Learn More || Learn More || Learn More || Learn More || Learn More,Original: https://scontent.fjai6-1.fna.fbcdn.net/v/t39.35426-6/650861361_950207490678606_1809144808557587027_n.jpg?_nc_cat=108&ccb=1-7&_nc_sid=c53f8f&_nc_ohc=ZtZE9dohrrIQ7kNvwGXY_-D&_nc_oc=AdppLBuSi_rQD7XbflxnFWiWNXsqKFKpGW5qMI_iAb2vkDUOflgVOV526GNADo6t5hu1x8Giw3kyd2dr7KvTvSAt&_nc_zt=14&_nc_ht=scontent.fjai6-1.fna&_nc_gid=HhwaiyFFbQZTiHq62sZneQ&_nc_ss=7b289&oh=00_Af8HptWIGJLJbLt9e0JXddU0-k4QH-iB8U3wRfqK2o7C7w&oe=6A39BC26 | Resized: https://scontent.fjai6-1.fna.fbcdn.net/v/t39.35426-6/650894212_897813736190531_6786509375767161586_n.jpg?stp=dst-jpg_s600x600_tt6&_nc_cat=100&ccb=1-7&_nc_sid=c53f8f&_nc_ohc=dPQPyRXlEeIQ7kNvwFIUD8p&_nc_oc=Adrq5EFaT40dsGv7B39LdynY8-6Y71evs35RGHWpBuNof5dYXa7UyuU2atE8e2tugwJeyjlqCC6ZNfvmiVYeidrq&_nc_zt=14&_nc_ht=scontent.fjai6-1.fna&_nc_gid=HhwaiyFFbQZTiHq62sZneQ&_nc_ss=7b289&oh=00_Af-E4zGzLpamgQAv2R1Xgh_llBSJJULRcH1G_YoL1i3hSQ&oe=6A39B8F9 || Original: https://scontent.fjai6-1.fna.fbcdn.net/v/t39.35426-6/651146046_1410063960803272_4364468992898985514_n.jpg?_nc_cat=110&ccb=1-7&_nc_sid=c53f8f&_nc_ohc=jOGM_06tAfMQ7kNvwFQ5BTz&_nc_oc=AdpL0xRu_0iPNizw0ep3G8Yf9jMbDPWb3lUs_F9gIOq31fzqw_0QMIFI_dqtiiigoEEq2HPVdzk5Rl-7rdk2x3CZ&_nc_zt=14&_nc_ht=scontent.fjai6-1.fna&_nc_gid=HhwaiyFFbQZTiHq62sZneQ&_nc_ss=7b289&oh=00_Af_6xukOMbAym0MLfvUjs7TGWxLr5sbBXva6g1sGo7dXuQ&oe=6A39BDD7 | Resized: https://scontent.fjai6-1.fna.fbcdn.net/v/t39.35426-6/650894820_1277318537654801_5800622584990287564_n.jpg?stp=dst-jpg_s600x600_tt6&_nc_cat=108&ccb=1-7&_nc_sid=c53f8f&_nc_ohc=VsPhvaHUSQ4Q7kNvwFIELlb&_nc_oc=Adq0BlYCFpw2Qr7YXHZJemP8GARyNE0pYz9NwiydHc1mifAUlMJPvgFcRszJ9kh2n4SyzzyyWihHSQUK21XstPI6&_nc_zt=14&_nc_ht=scontent.fjai6-1.fna&_nc_gid=HhwaiyFFbQZTiHq62sZneQ&_nc_ss=7b289&oh=00_Af93740YidorQN6Pw5BRVaI7Qgp1iyp7B6hR8UxuxZMurg&oe=6A398FEF || Original: https://scontent.fjai6-1.fna.fbcdn.net/v/t39.35426-6/649746074_3888000498162528_7734274165675742790_n.jpg?_nc_cat=105&ccb=1-7&_nc_sid=c53f8f&_nc_ohc=w876Evh8Q34Q7kNvwFVKq8P&_nc_oc=AdqypKVOsalPzWDHz61LGQxMQNzWzLx6XZZ2S8J9dawcqO_4iI2FfIxJI7nZxK2PpSJLeqFpdgFkTwVFCsom4RYL&_nc_zt=14&_nc_ht=scontent.fjai6-1.fna&_nc_gid=HhwaiyFFbQZTiHq62sZneQ&_nc_ss=7b289&oh=00_Af862-BMPeXt9GaYnLMRd6SPqZFPrZPqOQaLoHW-DQqyLQ&oe=6A39B8AB | Resized: https://scontent.fjai6-1.fna.fbcdn.net/v/t39.35426-6/649710533_1193189252893690_4490116212217187185_n.jpg?stp=dst-jpg_s600x600_tt6&_nc_cat=107&ccb=1-7&_nc_sid=c53f8f&_nc_ohc=mNznQ8IvvrMQ7kNvwFe2sKS&_nc_oc=Adr82xvk5GHlupb0lLOIl3kCFYDqSpUZaINAAL9a4rNXCfvXKrqYBuAug03CtXEwz5BU0m_eAvtKzktoP6vpRK9q&_nc_zt=14&_nc_ht=scontent.fjai6-1.fna&_nc_gid=HhwaiyFFbQZTiHq62sZneQ&_nc_ss=7b289&oh=00_Af-otazRZCm8hTwBewCLvf-Tnv9Mq1hgXS9OokK20PYnfw&oe=6A39A2DF || Original: https://scontent.fjai6-1.fna.fbcdn.net/v/t39.35426-6/650895674_972558061785939_6883809029830158170_n.jpg?_nc_cat=109&ccb=1-7&_nc_sid=c53f8f&_nc_ohc=nSNELJ2TRdkQ7kNvwGYg2f8&_nc_oc=Adpd4AVOQzEaj107f1kV6QkDo2gInbuhEXFdN0Mf-5E1w2PlJ8f9_HM75kQe4SPaANZ-i65Iq5U6qA00KQ2klfkz&_nc_zt=14&_nc_ht=scontent.fjai6-1.fna&_nc_gid=HhwaiyFFbQZTiHq62sZneQ&_nc_ss=7b289&oh=00_Af_wXT9HjS1bDGosaGBHTVs4b4VoMG2BFlIcv17AZKmHsg&oe=6A39992C | Resized: https://scontent.fjai6-1.fna.fbcdn.net/v/t39.35426-6/649710749_26023532637257415_6450133782482427162_n.jpg?stp=dst-jpg_s600x600_tt6&_nc_cat=107&ccb=1-7&_nc_sid=c53f8f&_nc_ohc=OMbAgX0mmBwQ7kNvwFyRVAY&_nc_oc=AdoNqtvqJBa9IW5LRvg1YPLvipl2O6Yd34knz9XgV9Fo6NtFtZiHO37efsZF1rrqdDOboZ2Aqawn-BtPHcvsth3Z&_nc_zt=14&_nc_ht=scontent.fjai6-1.fna&_nc_gid=HhwaiyFFbQZTiHq62sZneQ&_nc_ss=7b289&oh=00_Af923sxXpxSjGYEzTFZ_eVf2hJhpRUQ46YmUDRnP3ASnHA&oe=6A39B7A9 || Original: https://scontent.fjai6-1.fna.fbcdn.net/v/t39.35426-6/649728892_2160623634724837_8125959190071360422_n.jpg?_nc_cat=105&ccb=1-7&_nc_sid=c53f8f&_nc_ohc=XP38fCuB77gQ7kNvwFHT1pI&_nc_oc=AdofNf5fTg-2CHQWmuu_hh1trEy8Rp743N3FkSV1xTnpk4SbvMcDOMG-yE-DF_K5MHNY_430e4xJDGXfY0auLeMY&_nc_zt=14&_nc_ht=scontent.fjai6-1.fna&_nc_gid=HhwaiyFFbQZTiHq62sZneQ&_nc_ss=7b289&oh=00_Af8jlBBLk1GMxHMMZt2VVaRZGh5UqWPf8rhOFkcgHYX6cw&oe=6A399194 | Resized: https://scontent.fjai6-1.fna.fbcdn.net/v/t39.35426-6/649687713_2001392950803047_4590272703354948556_n.jpg?stp=dst-jpg_s600x600_tt6&_nc_cat=105&ccb=1-7&_nc_sid=c53f8f&_nc_ohc=V2rk80HRavMQ7kNvwE4zYUN&_nc_oc=Adr2paTVbgwFrYJCECMZ-tnLkICcMN1ugY3o_y0HcetL4bNAypxIDM6OHdJgGqnmFZzVj3uOKzwk39iIN8qQw3gu&_nc_zt=14&_nc_ht=scontent.fjai6-1.fna&_nc_gid=HhwaiyFFbQZTiHq62sZneQ&_nc_ss=7b289&oh=00_Af-IY0pLhl_TziuymK3dcWB9MVnwIQfrzdxIPK9dvS0Cyw&oe=6A39A136 || Original: https://scontent.fjai6-1.fna.fbcdn.net/v/t39.35426-6/649731158_1424300942525081_3370480366593843447_n.jpg?_nc_cat=105&ccb=1-7&_nc_sid=c53f8f&_nc_ohc=B-A1yT6y5fQQ7kNvwHLrQIl&_nc_oc=AdrcGqbUYnj320gjrrtJRojK0u78rJQZEkq9xjeU5uLVI5HdVaR7dBmR_TauA5pGF2XQRU9eOumRbQrwfSZCJe6R&_nc_zt=14&_nc_ht=scontent.fjai6-1.fna&_nc_gid=HhwaiyFFbQZTiHq62sZneQ&_nc_ss=7b289&oh=00_Af_5_SetM88xZmObfFX-zMaQAYu3qT_RKebZ4_L3vQBfJA&oe=6A39AA3F | Resized: https://scontent.fjai6-1.fna.fbcdn.net/v/t39.35426-6/651181494_1866006460755022_1804839042701191718_n.jpg?stp=dst-jpg_s600x600_tt6&_nc_cat=107&ccb=1-7&_nc_sid=c53f8f&_nc_ohc=VyccfqaXcXEQ7kNvwG_MUzv&_nc_oc=AdpBzoSABeVf2E-hrf96UaOwrg2K6cUOEgbdcaB2wtVZ0yCct__3yv5U1D0Opr5uZhnwJcZoKD5xu6OTcl7BMjqP&_nc_zt=14&_nc_ht=scontent.fjai6-1.fna&_nc_gid=HhwaiyFFbQZTiHq62sZneQ&_nc_ss=7b289&oh=00_Af_dae07YWhWxF1kvfajZM65pr88CloA4JVrXT_xISmm7Q&oe=6A3996C2,
1306995658273974,https://www.facebook.com/100085214273081/,fb.me,https://www.facebook.com/100085214273081/,,,,sidusrealty@gmail.com,+91 82402 22529,,,,102905605899687,http://fb.me/,Sidus Realty,https://www.facebook.com/ads/library/?id=1306995658273974,"🏭 Invest in the Future of West Bengal

Premium industrial and commercial plots available in Singur, directly connected to Durgapur Expressway.

✅ Starting from 2 Bigha

✅ Land Filling Included

✅ Boundary Wall Included

✅ Conversion & Mutation Included

✅ Excellent Industrial Growth Potential

Singur is rapidly emerging as one of West Bengal's most sought-after industrial corridors with strong connectivity and future appreciation potential.

Limited inventory available.

📞 Enquire Now for Site Visit & Price Details.",185,Learn more,fb.me,"FACEBOOK; INSTAGRAM",2026-06-16,2026-06-18,,,"🏭 Invest in the Future of West Bengal

Premium industrial and commercial plots available in Singur, directly connected to Durgapur Expressway.

✅ Starting from 2 Bigha

✅ Land Filling Included

✅ Boundary Wall Included

✅ Conversion & Mutation Included

✅ Excellent Industrial Growth Potential

Singur is rapidly emerging as one of West Bengal's most sought-after industrial corridors with strong connectivity and future appreciation potential.

Limited inventory available.

📞 Enquire Now for Site Visit & Price Details. || 🏭 Invest in the Future of West Bengal

Premium industrial and commercial plots available in Singur, directly connected to Durgapur Expressway.

✅ Starting from 2 Bigha

✅ Land Filling Included

✅ Boundary Wall Included

✅ Conversion & Mutation Included

✅ Excellent Industrial Growth Potential

Singur is rapidly emerging as one of West Bengal's most sought-after industrial corridors with strong connectivity and future appreciation potential.

Limited inventory available.

📞 Enquire Now for Site Visit & Price Details. || 🏭 Invest in the Future of West Bengal

Premium industrial and commercial plots available in Singur, directly connected to Durgapur Expressway.

✅ Starting from 2 Bigha

✅ Land Filling Included

✅ Boundary Wall Included

✅ Conversion & Mutation Included

✅ Excellent Industrial Growth Potential

Singur is rapidly emerging as one of West Bengal's most sought-after industrial corridors with strong connectivity and future appreciation potential.

Limited inventory available.

📞 Enquire Now for Site Visit & Price Details. || 🏭 Invest in the Future of West Bengal

Premium industrial and commercial plots available in Singur, directly connected to Durgapur Expressway.

✅ Starting from 2 Bigha

✅ Land Filling Included

✅ Boundary Wall Included

✅ Conversion & Mutation Included

✅ Excellent Industrial Growth Potential

Singur is rapidly emerging as one of West Bengal's most sought-after industrial corridors with strong connectivity and future appreciation potential.

Limited inventory available.

📞 Enquire Now for Site Visit & Price Details.",http://fb.me/ || http://fb.me/ || http://fb.me/ || http://fb.me/,,Learn More || Learn More || Learn More || Learn More,Original: https://scontent.fjai6-1.fna.fbcdn.net/v/t39.35426-6/720796494_1344682080375731_8860538478678239405_n.jpg?_nc_cat=100&ccb=1-7&_nc_sid=c53f8f&_nc_ohc=QuVJ-fl4eh4Q7kNvwGCJzz8&_nc_oc=AdqTI1o7MuD8wgVcMX5oYZckQqgFaD1ps-86uUdXS7lmZ-PxcRs3MAHxN9KY386F7lvQqCNJ7GVZlQ2dIf__ysxw&_nc_zt=14&_nc_ht=scontent.fjai6-1.fna&_nc_gid=HhwaiyFFbQZTiHq62sZneQ&_nc_ss=7b289&oh=00_Af9ospGMdjDqzLzOkGGcob6R9zjEjH8AykcMGRAJX6L46Q&oe=6A39A06D | Resized: https://scontent.fjai6-1.fna.fbcdn.net/v/t39.35426-6/724197450_1016134984211205_8915639233412511292_n.jpg?stp=dst-jpg_s600x600_tt6&_nc_cat=105&ccb=1-7&_nc_sid=c53f8f&_nc_ohc=M-lNpiAUrd0Q7kNvwGIeVyc&_nc_oc=AdpKSQHQsHoudNncF622dxqTRPpZd7hRMuWCZOs5QpCjPAdtE-t2_VuZR1oHGBOC_9DF7zIjiy8W1ReHknSBab2F&_nc_zt=14&_nc_ht=scontent.fjai6-1.fna&_nc_gid=HhwaiyFFbQZTiHq62sZneQ&_nc_ss=7b289&oh=00_Af-otrNv20Cye2vbEBGO7QnUg1xBpwwUi7v38fw0myCTkQ&oe=6A39BC78 || Original: https://scontent.fjai6-1.fna.fbcdn.net/v/t39.35426-6/723585895_1597904361757165_2302654969829624876_n.jpg?_nc_cat=106&ccb=1-7&_nc_sid=c53f8f&_nc_ohc=aNZVjtEgAj4Q7kNvwGpo2gC&_nc_oc=AdrZzH3Mmb8Hsc1sYw4FiYpYQw5A-e2X1u9hlOXj8dWcV9e0oqLAUN6g_1hJTYsstAtMF98vZtXQw3on5b9R_Z6G&_nc_zt=14&_nc_ht=scontent.fjai6-1.fna&_nc_gid=HhwaiyFFbQZTiHq62sZneQ&_nc_ss=7b289&oh=00_Af8Dg6ab-B6WvyXtKN6kV4l7A-GFDBtz4wzK-ulo9A8m-g&oe=6A398711 | Resized: https://scontent.fjai6-1.fna.fbcdn.net/v/t39.35426-6/725015833_838541102378362_8976462946872531609_n.jpg?stp=dst-jpg_s600x600_tt6&_nc_cat=100&ccb=1-7&_nc_sid=c53f8f&_nc_ohc=TaZfHZHM0eIQ7kNvwEI1ko-&_nc_oc=AdokwQB_P3SYW2-x3J_9Z9zV0we9eTPibwh5imXf3WpcqIAQVZ1Gi7WYwWxyIIgFiFfuNsIn1PWrgDNiTgG9Txoj&_nc_zt=14&_nc_ht=scontent.fjai6-1.fna&_nc_gid=HhwaiyFFbQZTiHq62sZneQ&_nc_ss=7b289&oh=00_Af-Q67YUQE0MPbOYavZWmntWrKILMJAuwtgCSgwxKEtsvA&oe=6A39ACB4 || Original: https://scontent.fjai6-1.fna.fbcdn.net/v/t39.35426-6/724261496_1700653767733343_2294716450245812174_n.jpg?_nc_cat=100&ccb=1-7&_nc_sid=c53f8f&_nc_ohc=bzHMwc5xPNQQ7kNvwHq7dHi&_nc_oc=Adp967myvvBBGZdfffrGcSnt5nMpgW8qjRwvTOAezVZ945Wn-Ridu2JqqELxZ0HQ2RAjwiycE4uqo-eedc-qs_a9&_nc_zt=14&_nc_ht=scontent.fjai6-1.fna&_nc_gid=HhwaiyFFbQZTiHq62sZneQ&_nc_ss=7b289&oh=00_Af9EknyiT3PGVnHiIZpyDwZs4-9ZIXRHQUJjS8UpFHftsA&oe=6A39A6FE | Resized: https://scontent.fjai6-1.fna.fbcdn.net/v/t39.35426-6/723941840_3975570642743031_1932194896855839295_n.jpg?stp=dst-jpg_s600x600_tt6&_nc_cat=106&ccb=1-7&_nc_sid=c53f8f&_nc_ohc=cXg4yvW5520Q7kNvwG5joGC&_nc_oc=AdpY_uZV0GUFv0f81LMo0a4LF2IXzxRmnDsdDhWnSi_P8ctWONlv5WBJuSqRUD6IXyConFBqcNCqZyRZsezWvEmu&_nc_zt=14&_nc_ht=scontent.fjai6-1.fna&_nc_gid=HhwaiyFFbQZTiHq62sZneQ&_nc_ss=7b289&oh=00_Af8Nu_XibQh5R-Zv1Vm1We9JKw--NvkuuPA85o3ZULy1Rg&oe=6A39B3E5 || Original: https://scontent.fjai6-1.fna.fbcdn.net/v/t39.35426-6/724189612_4557756724457442_7157858639289014730_n.jpg?_nc_cat=111&ccb=1-7&_nc_sid=c53f8f&_nc_ohc=tm7E3jd0orIQ7kNvwE4KhvJ&_nc_oc=AdrolU7j_VbytEi7vZrW1P6mFejYw1r_IQh2ZJgWRhMX05mxq76xqlueCvL3FmhPzZcYploS6qHSm83fMcUosKer&_nc_zt=14&_nc_ht=scontent.fjai6-1.fna&_nc_gid=HhwaiyFFbQZTiHq62sZneQ&_nc_ss=7b289&oh=00_Af9c4JxWAGYU266turvrS4FEQghLorpf6WVnXc3MkmHwfA&oe=6A3991AC | Resized: https://scontent.fjai6-1.fna.fbcdn.net/v/t39.35426-6/721208635_1662297128309290_8845234433547658135_n.jpg?stp=dst-jpg_s600x600_tt6&_nc_cat=100&ccb=1-7&_nc_sid=c53f8f&_nc_ohc=JmL4cxGWjzAQ7kNvwE5Xtur&_nc_oc=AdpCFyWk8s61X0pajoTa_pZZ54C04ipBWIb0oWbBol1pB3J9dg_129eGzH7ahuPjZSc5EsRO1DpANMsuOcQu5uEd&_nc_zt=14&_nc_ht=scontent.fjai6-1.fna&_nc_gid=HhwaiyFFbQZTiHq62sZneQ&_nc_ss=7b289&oh=00_Af_rLvl1Mqd_VKYs-1HHSgevL3svARncp9sD4s4uQioTpQ&oe=6A39BE5C,
1683591756117665,https://www.facebook.com/PSGroupRealty/,pslogisticspark.com,https://www.facebook.com/PSGroupRealty/,,,,contact@psgroup.in,"+913367676726, 03335676726, +76757576560, 03367676700, 03340304030, +91 33 6767 6764",,,,1161764063844369,https://pslogisticspark.com/?utm_source=meta&utm_medium=social&utm_campaign=PS_LeadGen_Interest_04042026&utm_id=701OX00000pqdRd,PS Group,https://www.facebook.com/ads/library/?id=1683591756117665,"Losing time and money due to inefficient warehouse setups?
Step into smarter logistics at ₹2.99 Cr on Kona Expressway.

PS Logistics Park brings scale, structure, and speed together—so your business runs without compromises.

✅ Large, efficient units with 17 ft clear height
✅ On-site workforce facilities for smoother ops
✅ 24×7 secure, compliant infrastructure
✅ Close to Kolkata’s key business hubs

Enquire now before availability tightens.
📞 +91 033 3567 6735",43113,Get quote,pslogisticspark.com,"FACEBOOK; INSTAGRAM; AUDIENCE_NETWORK; MESSENGER; THREADS",2026-05-09,2026-06-17,,,"Losing time and money due to inefficient warehouse setups?
Step into smarter logistics at ₹2.99 Cr on Kona Expressway.

PS Logistics Park brings scale, structure, and speed together—so your business runs without compromises.

✅ Large, efficient units with 17 ft clear height
✅ On-site workforce facilities for smoother ops
✅ 24×7 secure, compliant infrastructure
✅ Close to Kolkata’s key business hubs

Enquire now before availability tightens.
📞 +91 033 3567 6735 || Losing time and money due to inefficient warehouse setups?
Step into smarter logistics at ₹2.99 Cr on Kona Expressway.

PS Logistics Park brings scale, structure, and speed together—so your business runs without compromises.

✅ Large, efficient units with 17 ft clear height
✅ On-site workforce facilities for smoother ops
✅ 24×7 secure, compliant infrastructure
✅ Close to Kolkata’s key business hubs

Enquire now before availability tightens.
📞 +91 033 3567 6735 || Losing time and money due to inefficient warehouse setups?
Step into smarter logistics at ₹2.99 Cr on Kona Expressway.

PS Logistics Park brings scale, structure, and speed together—so your business runs without compromises.

✅ Large, efficient units with 17 ft clear height
✅ On-site workforce facilities for smoother ops
✅ 24×7 secure, compliant infrastructure
✅ Close to Kolkata’s key business hubs

Enquire now before availability tightens.
📞 +91 033 3567 6735",https://pslogisticspark.com/?utm_source=meta&utm_medium=social&utm_campaign=PS_LeadGen_Interest_04042026&utm_id=701OX00000pqdRd || https://pslogisticspark.com/?utm_source=meta&utm_medium=social&utm_campaign=PS_LeadGen_Interest_04042026&utm_id=701OX00000pqdRd || https://pslogisticspark.com/?utm_source=meta&utm_medium=social&utm_campaign=PS_LeadGen_Interest_04042026&utm_id=701OX00000pqdRd,,Get Quote || Get Quote || Get Quote,Original: https://scontent.fjai6-1.fna.fbcdn.net/v/t39.35426-6/671583979_909390488749061_1877192124843581331_n.jpg?_nc_cat=111&ccb=1-7&_nc_sid=c53f8f&_nc_ohc=616Kvsy0I98Q7kNvwEzpQ4p&_nc_oc=Adrsx9V20MeX3-bi90xBGicZFu99xkBmBVXO6tVOtjgvlQN7oI855xp8rb3YkLZEVtBrAU45yirWfE6-S0tvqyCl&_nc_zt=14&_nc_ht=scontent.fjai6-1.fna&_nc_gid=HhwaiyFFbQZTiHq62sZneQ&_nc_ss=7b289&oh=00_Af_6cxPv9hNMQ7IslabMPgAQy5IjV5mIKfMU0GpIRwpFQg&oe=6A39978C | Resized: https://scontent.fjai6-1.fna.fbcdn.net/v/t39.35426-6/669351383_1322127513098073_1192918798233974280_n.jpg?stp=dst-jpg_s600x600_tt6&_nc_cat=104&ccb=1-7&_nc_sid=c53f8f&_nc_ohc=ZOK1TwiRyL4Q7kNvwEOnNmy&_nc_oc=AdqdBTpkFLctzV3xddBeqq_dDYOYMCBumCUBTENvQ_dwzhZNUgvaYufXzncT-WMFmIYkJzFbaq5BMLxQMHE_bmsk&_nc_zt=14&_nc_ht=scontent.fjai6-1.fna&_nc_gid=HhwaiyFFbQZTiHq62sZneQ&_nc_ss=7b289&oh=00_Af-yk0J4AgCvMKs6hNkCOVHMJVdouDGDc0blq9e1yz-H3A&oe=6A399A90 || Original: https://scontent.fjai6-1.fna.fbcdn.net/v/t39.35426-6/671271412_1397432402152996_1318844901062903033_n.jpg?_nc_cat=105&ccb=1-7&_nc_sid=c53f8f&_nc_ohc=WPGmAq_XSS0Q7kNvwGbJ3yw&_nc_oc=Adq_48PySEh5LFYelvbKiRy8yr8NsR-VOzK9Um46ld76V8EtOS45aaIorCumz7irorWyMhPfIbCmuKbUub85jJc3&_nc_zt=14&_nc_ht=scontent.fjai6-1.fna&_nc_gid=HhwaiyFFbQZTiHq62sZneQ&_nc_ss=7b289&oh=00_Af9eIKAsftK6GrtA5K7Y3NwT4qinfmeUGmD0TUuGTbeyHQ&oe=6A39A313 | Resized: https://scontent.fjai6-1.fna.fbcdn.net/v/t39.35426-6/669650242_2228357957699340_302811713888118846_n.jpg?stp=dst-jpg_s600x600_tt6&_nc_cat=104&ccb=1-7&_nc_sid=c53f8f&_nc_ohc=5x9aZCd7TFIQ7kNvwH7H9RX&_nc_oc=AdqLtBmQ7b_W-izgy8Za46dSA_4UsbVEgG6LGZZT5c1S1FRcI2BXAWDctSYBnlhwXGiZQU7NHwNP3YkWeKI44dbY&_nc_zt=14&_nc_ht=scontent.fjai6-1.fna&_nc_gid=HhwaiyFFbQZTiHq62sZneQ&_nc_ss=7b289&oh=00_Af8A2HGEjjsvZxkmCrBc-Quc-Git8fKNRmPVJs7s7rKThg&oe=6A39AA7A || Original: https://scontent.fjai6-1.fna.fbcdn.net/v/t39.35426-6/673722665_1611611109920122_2281057224668913821_n.jpg?_nc_cat=107&ccb=1-7&_nc_sid=c53f8f&_nc_ohc=oazJdOV5-xMQ7kNvwFZguoM&_nc_oc=AdoC1puGE75r23UxzqI37r7EbaTJ9p_mOYWnoq-dUd_2UPVn5kXnw5Uu1CLYPGmXw0Bm0Gma5wesvy1vGK30abz8&_nc_zt=14&_nc_ht=scontent.fjai6-1.fna&_nc_gid=HhwaiyFFbQZTiHq62sZneQ&_nc_ss=7b289&oh=00_Af95-Clm8pvm4gs0Tji8Px9mbxFDOBCoUG7v6eASIt5RLg&oe=6A39950E | Resized: https://scontent.fjai6-1.fna.fbcdn.net/v/t39.35426-6/670903762_1611428936757472_5225998854883648704_n.jpg?stp=dst-jpg_s600x600_tt6&_nc_cat=109&ccb=1-7&_nc_sid=c53f8f&_nc_ohc=5lqZ7eriuYAQ7kNvwEDgYBC&_nc_oc=AdoWRgB4Pmw3uUYt3RsOQa6PD-TNTv66aLFTFpHH4Er43kxBT8uXIXdjKE_PIu1fT0PSpq_tS8s93mhDMwdT05_m&_nc_zt=14&_nc_ht=scontent.fjai6-1.fna&_nc_gid=HhwaiyFFbQZTiHq62sZneQ&_nc_ss=7b289&oh=00_Af9eEc--G2qxWCgb8RTxZB-af6u_DS6dXPPIijL_7LT15A&oe=6A399688,
1962421827716018,https://www.facebook.com/61585613997328/,api.whatsapp.com,https://www.facebook.com/61585613997328/,,,,,,,,,901297666405537,https://api.whatsapp.com/send,Keton Kurta,https://www.facebook.com/ads/library/?id=1962421827716018,"Kurta Manufacturer in Surat for Bulk & Wholesale Orders If you are a kurta retailer, wholesaler, or ethnic wear brand, sourcing quality products in bulk starts with the right manufacturer.
Keton Kurta is a manufacturer specializing in premium designer kurtas and ethnic wear, crafted for large-scale retail and wholesale requirements.

We manufacture kurtas that meet market demand, seasonal trends, and consistent sizing standards, ensuring smooth retail performance across festivals and regular sales cycles.

• Bulk kurta manufacturing 
• Premium fabrics & finishing
• Consistent quality across lots
• Competitive wholesale pricing
• Reliable production timelines

📞Enquiries Only: +91 73740 08200
267, RAGHUVIR SCARLETT, NEAR DMD LOGISTICS PARK, SAROLI, Surat, Gujarat 395010",123,Send WhatsApp message,api.whatsapp.com,"FACEBOOK; INSTAGRAM; AUDIENCE_NETWORK; WHATSAPP",2026-06-13,2026-06-18,HD: https://video.fjai6-1.fna.fbcdn.net/o1/v/t2/f2/m366/AQOoY1rFKGJyt3h42-QOskqrGlr7ew6Qud185gIp0JJSyIycC031K3m9Ag8R4T2meTRi1LQ2NIQo5VFB7XXHDC9qAs0Ve_ozgUzIF0dyIyOBbA.mp4?_nc_cat=102&_nc_oc=AdrJhqgUtDiAlY3DfKddw8G--8z4MDCo-1ZaQ72oM6UUeHXhYTNqKwRBAKCithciSeG4r-ZxNC9zYwrv_3VlrpwX&_nc_sid=b66105&_nc_ht=video.fjai6-1.fna.fbcdn.net&_nc_ohc=R-0WILy6W7cQ7kNvwGYK-Hq&efg=eyJ2ZW5jb2RlX3RhZyI6Inhwdl9wcm9ncmVzc2l2ZS5WSV9VU0VDQVNFX1BST0RVQ1RfVFlQRS4uQzMuNzIwLmRhc2hfaDI2NC1iYXNpYy1nZW4yXzcyMHAiLCJ4cHZfYXNzZXRfaWQiOjE1NTQ0OTg0NjI5MjY2NzQsImFzc2V0X2FnZV9kYXlzIjo0LCJ2aV91c2VjYXNlX2lkIjoxMDc5OSwiZHVyYXRpb25fcyI6NTksInVybGdlbl9zb3VyY2UiOiJ3d3cifQ%3D%3D&ccb=17-1&vs=b99499cf4c68c91a&_nc_vs=HBksFQIYRWZiX2VwaGVtZXJhbC9ERjQ5M0UzQkI3NDBGMEJCNzFERUY0RDIxNENGMDBBNF9tdF8xX3ZpZGVvX2Rhc2hpbml0Lm1wNBUAAsgBEgAVAhhAZmJfcGVybWFuZW50LzJGNDRBMDYzMzk0RUY5Q0I4OUM1MkQxQjQ4RUU5MDk5X2F1ZGlvX2Rhc2hpbml0Lm1wNBUCAsgBEgAoABgAGwKIB3VzZV9vaWwBMRJwcm9ncmVzc2l2ZV9yZWNpcGUBMRUAACaknf6K3PPCBRUCKAJDMywXQE2MzMzMzM0YGWRhc2hfaDI2NC1iYXNpYy1nZW4yXzcyMHARAHUAZd6oAQA&_nc_gid=Hgbw3TZHswUC8o9JxW3MEQ&_nc_ss=7b289&_nc_zt=28&oh=00_Af_tAT6jTvhbyzPPI677awLYbp5clIij3DFxHXPIQR3gAQ&oe=6A3998AA | SD: https://video.fjai6-1.fna.fbcdn.net/o1/v/t2/f2/m412/AQNrM87JOqjoUO9YANEy0p28V5iFqe7Ht_bRvoCqNd2UU6TkAQEYR9z-SDPc2_lTcxn9F29o1J07jV27QNGyhZc5OvkNLhnUx9SB6gb6bg.mp4?_nc_cat=105&_nc_oc=Adpq_ZvZG3nj6RtYOZxUljCBLP43Xr7mtcp4tlOXMNIWBK0RLoJzdq6f6fLqggKwuzNKKgcYxA0-ABn5NPw6YTkZ&_nc_sid=ef5aa3&_nc_ht=video.fjai6-1.fna.fbcdn.net&_nc_ohc=M0KoWtegDZcQ7kNvwGXPRgd&efg=eyJ2ZW5jb2RlX3RhZyI6Inhwdl9wcm9ncmVzc2l2ZS5WSV9VU0VDQVNFX1BST0RVQ1RfVFlQRS4uQzMuMzYwLnN2ZV9zZCIsInhwdl9hc3NldF9pZCI6MTU1NDQ5ODQ2MjkyNjY3NCwiYXNzZXRfYWdlX2RheXMiOjQsInZpX3VzZWNhc2VfaWQiOjEwNzk5LCJkdXJhdGlvbl9zIjo1OSwidXJsZ2VuX3NvdXJjZSI6Ind3dyJ9&ccb=17-1&_nc_gid=Hgbw3TZHswUC8o9JxW3MEQ&_nc_ss=7b289&_nc_zt=28&oh=00_Af9IlPy8nACU7FiHpejcL6TCHhJ6e42fgtzy7SxgSD-f_g&oe=6A39A005 | Preview: https://scontent.fjai6-1.fna.fbcdn.net/v/t39.35426-6/721602870_1876839886330603_952723410941543566_n.jpg?_nc_cat=104&ccb=1-7&_nc_sid=c53f8f&_nc_ohc=6xpvF_-ZXrwQ7kNvwFab7lz&_nc_oc=AdrQt3cEUBDMfAe5gRHJEkAGCLdi1fVVRTW3iAm8CKL912aynXMvZ1AhoK51sKLVBkH1siL_QxjqCG-8Cb0kYqSK&_nc_zt=14&_nc_ht=scontent.fjai6-1.fna&_nc_gid=Hgbw3TZHswUC8o9JxW3MEQ&_nc_ss=7b289&oh=00_Af-R3_xKYgbv4FqdEER1E-wcUcSCptPwi2IXZZWQCprUgA&oe=6A398E0C,,,,,,,
997049656431322,https://www.facebook.com/PSGroupRealty/,fb.me,https://www.facebook.com/PSGroupRealty/,,,,contact@psgroup.in,+91 33 6767 6764,,,,1161764063844369,http://fb.me/,PS Group,https://www.facebook.com/ads/library/?id=997049656431322,"Grade-A logistics units from ₹2.99 Cr on Kona Expressway.
That’s what PS Logistics Park brings to businesses looking to scale near Kolkata.

Spread across 21 acres, this future-ready logistics hub combines connectivity, operational efficiency, and workforce comfort—so operations run smoother and teams work smarter.

✅ Spacious units with up to 17 ft clear height
✅ Workforce-ready amenities: dorms, crèche & medical bay
✅ Advanced safety systems with 24×7 operations
✅ Just 32 mins from central Kolkata business zones

Enquire today to check availability or book a site visit.
📞 +91 033 3567 6735",43113,Get quote,fb.me,"FACEBOOK; INSTAGRAM; AUDIENCE_NETWORK",2026-06-16,2026-06-17,,,"Grade-A logistics units from ₹2.99 Cr on Kona Expressway.
That’s what PS Logistics Park brings to businesses looking to scale near Kolkata.

Spread across 21 acres, this future-ready logistics hub combines connectivity, operational efficiency, and workforce comfort—so operations run smoother and teams work smarter.

✅ Spacious units with up to 17 ft clear height
✅ Workforce-ready amenities: dorms, crèche & medical bay
✅ Advanced safety systems with 24×7 operations
✅ Just 32 mins from central Kolkata business zones

Enquire today to check availability or book a site visit.
📞 +91 033 3567 6735 || Grade-A logistics units from ₹2.99 Cr on Kona Expressway.
That’s what PS Logistics Park brings to businesses looking to scale near Kolkata.

Spread across 21 acres, this future-ready logistics hub combines connectivity, operational efficiency, and workforce comfort—so operations run smoother and teams work smarter.

✅ Spacious units with up to 17 ft clear height
✅ Workforce-ready amenities: dorms, crèche & medical bay
✅ Advanced safety systems with 24×7 operations
✅ Just 32 mins from central Kolkata business zones

Enquire today to check availability or book a site visit.
📞 +91 033 3567 6735 || Grade-A logistics units from ₹2.99 Cr on Kona Expressway.
That’s what PS Logistics Park brings to businesses looking to scale near Kolkata.

Spread across 21 acres, this future-ready logistics hub combines connectivity, operational efficiency, and workforce comfort—so operations run smoother and teams work smarter.

✅ Spacious units with up to 17 ft clear height
✅ Workforce-ready amenities: dorms, crèche & medical bay
✅ Advanced safety systems with 24×7 operations
✅ Just 32 mins from central Kolkata business zones

Enquire today to check availability or book a site visit.
📞 +91 033 3567 6735",http://fb.me/ || http://fb.me/ || http://fb.me/,,Get Quote || Get Quote || Get Quote,Original: https://scontent.fjai6-1.fna.fbcdn.net/v/t39.35426-6/724350308_2820628748270732_2867077146514965902_n.jpg?_nc_cat=111&ccb=1-7&_nc_sid=c53f8f&_nc_ohc=x-YzoTNHQa8Q7kNvwHEuXoJ&_nc_oc=AdrOXKbo-hIOpOGjvT2NoK2OSaF97KTcZ7C__PcGMLLlejTEC6nF960e3xZnaeTCuhDk9IB3ZU3-zpstDXv3I5nG&_nc_zt=14&_nc_ht=scontent.fjai6-1.fna&_nc_gid=Hgbw3TZHswUC8o9JxW3MEQ&_nc_ss=7b289&oh=00_Af_SynN2rHLy4eKAtHkkKMd1N1ehQAb62C-Sl5Zn8RCuSg&oe=6A3989FA | Resized: https://scontent.fjai6-1.fna.fbcdn.net/v/t39.35426-6/725159985_1001228165976737_5897437902170875400_n.jpg?stp=dst-jpg_s600x600_tt6&_nc_cat=108&ccb=1-7&_nc_sid=c53f8f&_nc_ohc=rLrbCE53EekQ7kNvwFfNyWr&_nc_oc=AdqEv5k0Jy11JLloTa6zWI_-UKkoAYTlodoRL1n0iJEQbPTzRi_jwdqgQNPZbaoTEE7JatHFBvSz0pTQzp2klgAI&_nc_zt=14&_nc_ht=scontent.fjai6-1.fna&_nc_gid=Hgbw3TZHswUC8o9JxW3MEQ&_nc_ss=7b289&oh=00_Af_NwaILo0qPT-gREYVQJ2Z1r3jTC9uGsrzfl9ErAFpRaA&oe=6A39AF21 || Original: https://scontent.fjai6-1.fna.fbcdn.net/v/t39.35426-6/724024364_2201300100645451_5256331215046590080_n.jpg?_nc_cat=107&ccb=1-7&_nc_sid=c53f8f&_nc_ohc=6HttLEVfHoQQ7kNvwHdCcJc&_nc_oc=AdqLwpTMZiFIQ3a_97Y0uLhuQ0sN4pqrTWrWNzWkxC-x1_Om3mrGQ_6XQhIEW2IcjECFeXKafeaC6v54bh6k6-5B&_nc_zt=14&_nc_ht=scontent.fjai6-1.fna&_nc_gid=Hgbw3TZHswUC8o9JxW3MEQ&_nc_ss=7b289&oh=00_Af-G4PThvEqjLqqltLkrVc7_wYo1IAwq8tuYkNh12xvODA&oe=6A3994F5 | Resized: https://scontent.fjai6-1.fna.fbcdn.net/v/t39.35426-6/721387715_2101851990732197_4420107669953048560_n.jpg?stp=dst-jpg_s600x600_tt6&_nc_cat=102&ccb=1-7&_nc_sid=c53f8f&_nc_ohc=rt_0HtNv7mIQ7kNvwHiaNPg&_nc_oc=AdqW8Rc6bUDLnfJw_WzhL-sCTGGnX2veDAN6FTbegK7ogVeZUl2hSDwxj1gzDPZ29MWKix4x1_2pO2X8Gm_MsKk2&_nc_zt=14&_nc_ht=scontent.fjai6-1.fna&_nc_gid=Hgbw3TZHswUC8o9JxW3MEQ&_nc_ss=7b289&oh=00_Af-UqeXVmG9jx4RJW10gNQloLox140JsraVAr3ZWl0bV2A&oe=6A398864 || Original: https://scontent.fjai6-1.fna.fbcdn.net/v/t39.35426-6/724103296_863866756308612_5443039814376427420_n.jpg?_nc_cat=104&ccb=1-7&_nc_sid=c53f8f&_nc_ohc=lDoE0dCutnAQ7kNvwFfExez&_nc_oc=AdrMdIKKjVaBc_rT4lzcRxiQ7Ii4QuhOFg4zliKr95BG_x6cD-WxUEqhhY3fo6kC7nXQVDjqkTwB7idGWQeH1AR-&_nc_zt=14&_nc_ht=scontent.fjai6-1.fna&_nc_gid=Hgbw3TZHswUC8o9JxW3MEQ&_nc_ss=7b289&oh=00_Af9HxSLbJGKtDcKnIwrUvCj7JGabwVTQF9pdXh6nWsvt4Q&oe=6A398C1A | Resized: https://scontent.fjai6-1.fna.fbcdn.net/v/t39.35426-6/724019966_1700220480876815_683978498965260327_n.jpg?stp=dst-jpg_s600x600_tt6&_nc_cat=108&ccb=1-7&_nc_sid=c53f8f&_nc_ohc=MQu5PVCzOcgQ7kNvwFhkffQ&_nc_oc=AdoFewC6G2dY1CqtM0BNBhAnptusIqmSvlGf9oj-jqvwss0v-CvKWNFRyAdJ0A0eFcmq6TTejZ6ZtqMRTEgxM2nX&_nc_zt=14&_nc_ht=scontent.fjai6-1.fna&_nc_gid=Hgbw3TZHswUC8o9JxW3MEQ&_nc_ss=7b289&oh=00_Af-hrPQ0-0gT3-GBVKcQ8rE_G4QsH1QPhVfIn29KrH991Q&oe=6A39A48C,
927126486974739,https://www.facebook.com/PSGroupRealty/,pslogisticspark.com,https://www.facebook.com/PSGroupRealty/,,,,,,,,,1161764063844369,https://pslogisticspark.com/?utm_source=meta&utm_medium=social&utm_campaign=PS_LeadGen_Interest_04042026&utm_id=701OX00000pqdRd,PS Group,https://www.facebook.com/ads/library/?id=927126486974739,"Grade-A logistics units from ₹2.99 Cr on Kona Expressway.
That’s what PS Logistics Park brings to businesses looking to scale near Kolkata.

Spread across 21 acres, this future-ready logistics hub combines connectivity, operational efficiency, and workforce comfort—so operations run smoother and teams work smarter.

✅ Spacious units with up to 17 ft clear height
✅ Workforce-ready amenities: dorms, crèche & medical bay
✅ Advanced safety systems with 24×7 operations
✅ Just 32 mins from central Kolkata business zones

Enquire today to check availability or book a site visit.
📞 +91 033 3567 6735",43113,Get quote,pslogisticspark.com,"FACEBOOK; INSTAGRAM; AUDIENCE_NETWORK; MESSENGER; THREADS",2026-05-08,2026-06-17,,,"Grade-A logistics units from ₹2.99 Cr on Kona Expressway.
That’s what PS Logistics Park brings to businesses looking to scale near Kolkata.

Spread across 21 acres, this future-ready logistics hub combines connectivity, operational efficiency, and workforce comfort—so operations run smoother and teams work smarter.

✅ Spacious units with up to 17 ft clear height
✅ Workforce-ready amenities: dorms, crèche & medical bay
✅ Advanced safety systems with 24×7 operations
✅ Just 32 mins from central Kolkata business zones

Enquire today to check availability or book a site visit.
📞 +91 033 3567 6735 || Grade-A logistics units from ₹2.99 Cr on Kona Expressway.
That’s what PS Logistics Park brings to businesses looking to scale near Kolkata.

Spread across 21 acres, this future-ready logistics hub combines connectivity, operational efficiency, and workforce comfort—so operations run smoother and teams work smarter.

✅ Spacious units with up to 17 ft clear height
✅ Workforce-ready amenities: dorms, crèche & medical bay
✅ Advanced safety systems with 24×7 operations
✅ Just 32 mins from central Kolkata business zones

Enquire today to check availability or book a site visit.
📞 +91 033 3567 6735 || Grade-A logistics units from ₹2.99 Cr on Kona Expressway.
That’s what PS Logistics Park brings to businesses looking to scale near Kolkata.

Spread across 21 acres, this future-ready logistics hub combines connectivity, operational efficiency, and workforce comfort—so operations run smoother and teams work smarter.

✅ Spacious units with up to 17 ft clear height
✅ Workforce-ready amenities: dorms, crèche & medical bay
✅ Advanced safety systems with 24×7 operations
✅ Just 32 mins from central Kolkata business zones

Enquire today to check availability or book a site visit.
📞 +91 033 3567 6735",https://pslogisticspark.com/?utm_source=meta&utm_medium=social&utm_campaign=PS_LeadGen_Interest_04042026&utm_id=701OX00000pqdRd || https://pslogisticspark.com/?utm_source=meta&utm_medium=social&utm_campaign=PS_LeadGen_Interest_04042026&utm_id=701OX00000pqdRd || https://pslogisticspark.com/?utm_source=meta&utm_medium=social&utm_campaign=PS_LeadGen_Interest_04042026&utm_id=701OX00000pqdRd,,Get Quote || Get Quote || Get Quote,Original: https://scontent.fjai6-1.fna.fbcdn.net/v/t39.35426-6/673461706_1271639747817470_8028220022144818355_n.jpg?_nc_cat=110&ccb=1-7&_nc_sid=c53f8f&_nc_ohc=5G93IqmTZAgQ7kNvwHFjr2i&_nc_oc=AdpD7x65bQjctf2xL_RFkmT6leteHjfZo_pSeBe8wQzrty5RsBmNSHrH5y5G9lXrla_GepQ8lTPxjx7XX9Dqx61B&_nc_zt=14&_nc_ht=scontent.fjai6-1.fna&_nc_gid=Hgbw3TZHswUC8o9JxW3MEQ&_nc_ss=7b289&oh=00_Af_vkoDfom2woo_UTqubm7JHtf7WBCjiVHAIhuzdTYzCiQ&oe=6A3991F3 | Resized: https://scontent.fjai6-1.fna.fbcdn.net/v/t39.35426-6/671222300_1710544863442492_1310646066412015248_n.jpg?stp=dst-jpg_s600x600_tt6&_nc_cat=108&ccb=1-7&_nc_sid=c53f8f&_nc_ohc=wDHZzokFkTMQ7kNvwGkZdoZ&_nc_oc=Adrg9Mr_a6ZH2Y7Ys08mfnKhOWAK8iOxj6lL-NRY4g1iG7txtm0mgNKXiGFXawaf5T6n0W0LsFPCD4jDlxIc8AkG&_nc_zt=14&_nc_ht=scontent.fjai6-1.fna&_nc_gid=Hgbw3TZHswUC8o9JxW3MEQ&_nc_ss=7b289&oh=00_Af-H766AWZDv3PX1d3BD50BeDNNZJKi8dLTMM_HSJG80Vw&oe=6A39A666 || Original: https://scontent.fjai6-1.fna.fbcdn.net/v/t39.35426-6/670265307_1486907956281131_7659548414855758715_n.jpg?_nc_cat=108&ccb=1-7&_nc_sid=c53f8f&_nc_ohc=vJN5xIyn-OgQ7kNvwG9ler4&_nc_oc=AdqF82kPguGjeQv7_avCP5l6Y-262A3RtIMNqUdT5fvJq7VRtI-x8P3XvzM8ai0fYVNAHwu4uo-qBoHYuMv68Ihr&_nc_zt=14&_nc_ht=scontent.fjai6-1.fna&_nc_gid=Hgbw3TZHswUC8o9JxW3MEQ&_nc_ss=7b289&oh=00_Af8Kfx_kBvdqa6SaSucJCMV_2f4RZBABEnhWlj6luJnZuQ&oe=6A39A785 | Resized: https://scontent.fjai6-1.fna.fbcdn.net/v/t39.35426-6/671212928_1608205303565335_2190167847209244600_n.jpg?stp=dst-jpg_s600x600_tt6&_nc_cat=100&ccb=1-7&_nc_sid=c53f8f&_nc_ohc=kCaB_5YBnPYQ7kNvwEuiUFg&_nc_oc=Adq6Ye6W6CuaOjF_zDLmKzWSnRtZVYl1mk5pSRS81OlRwEqAb06QoMU0pEkwzDwEwKRIfHz-ctA6Jh9cjbc9wij2&_nc_zt=14&_nc_ht=scontent.fjai6-1.fna&_nc_gid=Hgbw3TZHswUC8o9JxW3MEQ&_nc_ss=7b289&oh=00_Af9AEcmPo67tSzcxUWMoo2BYsmCOnP2fVhRPFmIwPLzOCA&oe=6A39A257 || Original: https://scontent.fjai6-1.fna.fbcdn.net/v/t39.35426-6/672608327_1608206270445338_8312249105967657943_n.jpg?_nc_cat=107&ccb=1-7&_nc_sid=c53f8f&_nc_ohc=8o7u04-IHOsQ7kNvwHMzkUp&_nc_oc=Adpa1VLZxr5Fa95xcbGhAb5B8nlxHa_PN8ihTe2J6WfydtohA-fFzcZ5mFgCdPD36C6pL0CRSd99ao9WcSElauWo&_nc_zt=14&_nc_ht=scontent.fjai6-1.fna&_nc_gid=Hgbw3TZHswUC8o9JxW3MEQ&_nc_ss=7b289&oh=00_Af_ZTyHfEF3Bu1lsgVuZYgGvx4lF9VmHC25hKMCYvorABw&oe=6A39BD5B | Resized: https://scontent.fjai6-1.fna.fbcdn.net/v/t39.35426-6/671695975_2009841043270087_5645770297912764461_n.jpg?stp=dst-jpg_s600x600_tt6&_nc_cat=109&ccb=1-7&_nc_sid=c53f8f&_nc_ohc=X12zvAWWqNoQ7kNvwGUSldt&_nc_oc=AdoPylcMBCu9gDGagT7eMCBBdPtV0IPgXSkmcvXYupkRyTsgsjdUTDcUFLtLYhAN-VN0KisLoy6SXBZi-0iaAyzT&_nc_zt=14&_nc_ht=scontent.fjai6-1.fna&_nc_gid=Hgbw3TZHswUC8o9JxW3MEQ&_nc_ss=7b289&oh=00_Af8N7XaWWetX9pDhmTlOLRuL_bkgCjh6BWgV5I5eVFpGbA&oe=6A39B8CA,
2770199760006502,https://www.facebook.com/61577003415045/,fb.me,https://www.facebook.com/61577003415045/,,,,info@atulyaminfra.com,+91 98712 89477,,,,674316942433959,http://fb.me/,Atulyam India,https://www.facebook.com/ads/library/?id=2770199760006502,"✨INDIA’S NO.1 DEVELOPER 
Godrej 3.0 Plotting Development Nagpur 🏗️
💥 Plots starting from ₹83.99 Lacs 
🎯(Pre-launch Price, including Discount)
📍 Launching 75 Acres near Samruddhi Mahamarg
✨ Project Highlights:
✅ Plot Sizes: 1500 – 3000 sq. ft.
✅ Price: ₹5500 – ₹6000 / sq. ft.
✅ Pre-Launch Discount: ₹250 / sq. ft.
👍 The most preferred Plotting Investment Destination returns!
🏆 Your Dream Home in Nagpur Just Got Closer to Reality! 
📌 Strategically located near:
IT Hub | DMart | AIIMS | IIM | MIHAN | Samruddhi Circle
💰 Invest in Central India’s fastest-growing hotspot & secure strong returns
📍 Visit the site today and experience the future firsthand.
✨ Invest where growth meets opportunity.
⏳ Limited Pre-Launch Offer – Don’t Miss Out!
📞 Contact us today, for more details!",107,Learn more,fb.me,"FACEBOOK; INSTAGRAM; AUDIENCE_NETWORK",2026-06-16,2026-06-18,HD: https://video.fjai6-1.fna.fbcdn.net/o1/v/t2/f2/m366/AQPjia0dzMQZe0TMb_fNVl8AnbzB-n34YwpPoZIQWQeqsSV2kCuBX193XkqyNonUWvQuEv2FbEZJ9gOroIAD_HY-k_SKRlAFiXqlMNGH1fO0CQ.mp4?_nc_cat=111&_nc_oc=AdoSI2Bp3rvdtfFOW-GH4O2U0wD5vF2CGz0_NC1vPc7eaqZn76BMg77vb5v-dGnBvEce2a7SgMG61XlNJEAjsfvc&_nc_sid=b66105&_nc_ht=video.fjai6-1.fna.fbcdn.net&_nc_ohc=SouN2ED2xVIQ7kNvwFHSMcc&efg=eyJ2ZW5jb2RlX3RhZyI6Inhwdl9wcm9ncmVzc2l2ZS5WSV9VU0VDQVNFX1BST0RVQ1RfVFlQRS4uQzMuNzIwLmRhc2hfaDI2NC1iYXNpYy1nZW4yXzcyMHAiLCJ4cHZfYXNzZXRfaWQiOjIyNjQxNzgxMDQ0Mjk2MzIsImFzc2V0X2FnZV9kYXlzIjo0LCJ2aV91c2VjYXNlX2lkIjoxMDc5OSwiZHVyYXRpb25fcyI6MTMyLCJ1cmxnZW5fc291cmNlIjoid3d3In0%3D&ccb=17-1&vs=85b78c7d5c7abff9&_nc_vs=HBksFQIYRWZiX2VwaGVtZXJhbC8wMTQ1MzRDOUUyNTYwQkQzRUM0QTVCOUE5OTc0M0M5Rl9tdF8xX3ZpZGVvX2Rhc2hpbml0Lm1wNBUAAsgBEgAVAhhAZmJfcGVybWFuZW50L0YxNDNDMEVDOUJFMjY4MEU0RDc1MjE0OTY3RjBDODhGX2F1ZGlvX2Rhc2hpbml0Lm1wNBUCAsgBEgAoABgAGwKIB3VzZV9vaWwBMRJwcm9ncmVzc2l2ZV9yZWNpcGUBMRUAACaAsfu5wdCFCBUCKAJDMywXQGCDMzMzMzMYGWRhc2hfaDI2NC1iYXNpYy1nZW4yXzcyMHARAHUAZd6oAQA&_nc_gid=Hgbw3TZHswUC8o9JxW3MEQ&_nc_ss=7b289&_nc_zt=28&oh=00_Af_0guBePaau5oZTs8N7dFaTqUaG-jYwnvdP7vr4ZSKM-Q&oe=6A39B50D | SD: https://video.fjai6-1.fna.fbcdn.net/o1/v/t2/f2/m412/AQOkvr8XOayd2xEVea177xGfQYP54OF2MIqNlChbuNoH978lJGTRqLkb9dCMpO35Wfxw64tpOXkWCp0eRGgP7BepQZCzeUolB1gPFKxE6w.mp4?_nc_cat=105&_nc_oc=AdoECVDc4Xn19aPE17RtEgHpNTIHMO0XSkGpV2sWWrvEZWyH4bS0i4EijSY5hWw7NuKIR_ah_WZqG71D7xJMGWzE&_nc_sid=ef5aa3&_nc_ht=video.fjai6-1.fna.fbcdn.net&_nc_ohc=I5ng7ug_u7wQ7kNvwFJcg8T&efg=eyJ2ZW5jb2RlX3RhZyI6Inhwdl9wcm9ncmVzc2l2ZS5WSV9VU0VDQVNFX1BST0RVQ1RfVFlQRS4uQzMuMzYwLnN2ZV9zZCIsInhwdl9hc3NldF9pZCI6MjI2NDE3ODEwNDQyOTYzMiwiYXNzZXRfYWdlX2RheXMiOjQsInZpX3VzZWNhc2VfaWQiOjEwNzk5LCJkdXJhdGlvbl9zIjoxMzIsInVybGdlbl9zb3VyY2UiOiJ3d3cifQ%3D%3D&ccb=17-1&_nc_gid=Hgbw3TZHswUC8o9JxW3MEQ&_nc_ss=7b289&_nc_zt=28&oh=00_Af-lwF4937X2DmzjIEsXSfQuS4n5BFx5C7X1ZSHs8coZ1A&oe=6A399221 | Preview: https://scontent.fjai6-1.fna.fbcdn.net/v/t39.35426-6/724832154_1333539062202990_5922162326952056753_n.jpg?_nc_cat=100&ccb=1-7&_nc_sid=c53f8f&_nc_ohc=4ymQXAb2AA0Q7kNvwG1QVfl&_nc_oc=Adrd23GEI5rCu75au0gBX3C3jdlTHs4WPU18--2lYETNbwmsrTYqvLlyzSejZuCBdU0Fi_FSXmx8vv80lvNlm86g&_nc_zt=14&_nc_ht=scontent.fjai6-1.fna&_nc_gid=Hgbw3TZHswUC8o9JxW3MEQ&_nc_ss=7b289&oh=00_Af8SoU9hlFZlRmJ7gTuqg2x3Ljd4AfVbpi8K2yHtxEQu4Q&oe=6A39AFC0,,,,,,,
1635984924059448,https://www.facebook.com/61586247959548/,realtyads.com,https://www.facebook.com/61586247959548/,,,,support@realtyads.com,3122169995,,,,1020357764494791,https://realtyads.com/trk/96t/?u=aHR0cHM6Ly93d3cuZmVzdGl2YWxsb2dpc3RpY3NwYXJrLmNvbS9wLzE/dXRtX3NvdXJjZT1SZWFsdHlBZHMmdXRtX21lZGl1bT1JbnN0YWdyYW0mdXRtX2NhbXBhaWduPUluc3RhZ3JhbV9DYXJvdXNlbA==,Festival Logistics Park - Pompano Beach,https://www.facebook.com/ads/library/?id=1635984924059448,"From Market to Marketplace. 483,806 SF of Class A industrial space is coming to Pompano Beach — on the legendary Festival Marketplace site, reimagined for what's next. Now Leasing!",1,Learn more,festivallogisticspark.com,INSTAGRAM,2026-03-11,2026-05-21,,,  ||   ||   ||   ||   ||  ,https://realtyads.com/trk/96t/?u=aHR0cHM6Ly93d3cuZmVzdGl2YWxsb2dpc3RpY3NwYXJrLmNvbS9wLzE/dXRtX3NvdXJjZT1SZWFsdHlBZHMmdXRtX21lZGl1bT1JbnN0YWdyYW0mdXRtX2NhbXBhaWduPUluc3RhZ3JhbV9DYXJvdXNlbA== || https://realtyads.com/trk/96t/?u=aHR0cHM6Ly93d3cuZmVzdGl2YWxsb2dpc3RpY3NwYXJrLmNvbS9wLzE/dXRtX3NvdXJjZT1SZWFsdHlBZHMmdXRtX21lZGl1bT1JbnN0YWdyYW0mdXRtX2NhbXBhaWduPUluc3RhZ3JhbV9DYXJvdXNlbA== || https://realtyads.com/trk/96t/?u=aHR0cHM6Ly93d3cuZmVzdGl2YWxsb2dpc3RpY3NwYXJrLmNvbS9wLzE/dXRtX3NvdXJjZT1SZWFsdHlBZHMmdXRtX21lZGl1bT1JbnN0YWdyYW0mdXRtX2NhbXBhaWduPUluc3RhZ3JhbV9DYXJvdXNlbA== || https://realtyads.com/trk/96t/?u=aHR0cHM6Ly93d3cuZmVzdGl2YWxsb2dpc3RpY3NwYXJrLmNvbS9wLzE/dXRtX3NvdXJjZT1SZWFsdHlBZHMmdXRtX21lZGl1bT1JbnN0YWdyYW0mdXRtX2NhbXBhaWduPUluc3RhZ3JhbV9DYXJvdXNlbA== || https://realtyads.com/trk/96t/?u=aHR0cHM6Ly93d3cuZmVzdGl2YWxsb2dpc3RpY3NwYXJrLmNvbS9wLzE/dXRtX3NvdXJjZT1SZWFsdHlBZHMmdXRtX21lZGl1bT1JbnN0YWdyYW0mdXRtX2NhbXBhaWduPUluc3RhZ3JhbV9DYXJvdXNlbA== || https://realtyads.com/trk/96t/?u=aHR0cHM6Ly93d3cuZmVzdGl2YWxsb2dpc3RpY3NwYXJrLmNvbS9wLzE/dXRtX3NvdXJjZT1SZWFsdHlBZHMmdXRtX21lZGl1bT1JbnN0YWdyYW0mdXRtX2NhbXBhaWduPUluc3RhZ3JhbV9DYXJvdXNlbA==,realtyads.com || realtyads.com || realtyads.com || realtyads.com || realtyads.com || realtyads.com,Learn More || Learn More || Learn More || Learn More || Learn More || Learn More,Original: https://scontent.fjai6-1.fna.fbcdn.net/v/t39.35426-6/650494478_1649460156402761_6535188690458098342_n.jpg?_nc_cat=110&ccb=1-7&_nc_sid=c53f8f&_nc_ohc=r-ClCIsZS-8Q7kNvwGNcwpV&_nc_oc=AdpAuHERwEXs6ZO1TfUW-o8b0W7S1iowEJ_q00csWlzYzk4i6Ub4QC--jHrPR8PpK6tLYsbWv7uc4u77zvBqyZUV&_nc_zt=14&_nc_ht=scontent.fjai6-1.fna&_nc_gid=Hgbw3TZHswUC8o9JxW3MEQ&_nc_ss=7b289&oh=00_Af_LQVRO3mM8VBooCt2S_sFNf_peAL5CpOU0qTMwoZfXdw&oe=6A39ADA3 | Resized: https://scontent.fjai6-1.fna.fbcdn.net/v/t39.35426-6/650601202_1999899194244211_6063012235806668264_n.jpg?stp=dst-jpg_s600x600_tt6&_nc_cat=108&ccb=1-7&_nc_sid=c53f8f&_nc_ohc=OX-JF2mvii0Q7kNvwEFkPsR&_nc_oc=Adrmj1YjMDOrotIdKyGG8sUoA6HVRs67NNvfIsMVO0M2sL36iSMmJhzt6LESSV8CgPLLE-AYhIRJzn7NvLk5Rrzw&_nc_zt=14&_nc_ht=scontent.fjai6-1.fna&_nc_gid=Hgbw3TZHswUC8o9JxW3MEQ&_nc_ss=7b289&oh=00_Af_JC_Yw9-YVYNBYSMcb6T4LnmzSsakpqGnViGlhAxdfcQ&oe=6A39B58A || Original: https://scontent.fjai6-1.fna.fbcdn.net/v/t39.35426-6/650119362_1973123064086430_6650326740101926045_n.jpg?_nc_cat=107&ccb=1-7&_nc_sid=c53f8f&_nc_ohc=KI1ZYB_CC2gQ7kNvwGpgLxP&_nc_oc=AdqmiyAKuiaEJQ5bGu6lHomrw269Rox7YznOTSMJdKJNlzfMdsGoMrXXq8eLzo_H3Jq5wL1ThNiM5fPZwRuvuZrQ&_nc_zt=14&_nc_ht=scontent.fjai6-1.fna&_nc_gid=Hgbw3TZHswUC8o9JxW3MEQ&_nc_ss=7b289&oh=00_Af_Rlk_yMQpWEmeabtBs3gfEd-u559ZQmtwdfHje5CPyQA&oe=6A39A851 | Resized: https://scontent.fjai6-1.fna.fbcdn.net/v/t39.35426-6/650143911_1929776007641472_7987999439205145564_n.jpg?stp=dst-jpg_s600x600_tt6&_nc_cat=105&ccb=1-7&_nc_sid=c53f8f&_nc_ohc=D-9Ss2howBYQ7kNvwG1HonN&_nc_oc=Adp498GFGSNTCm_Pf7B5IyoZ8tTsaLUuqS6GW53twqFDg_mUeTL7uQb8am6NuUvUSaNLP850prCExw7_TPi3FVlU&_nc_zt=14&_nc_ht=scontent.fjai6-1.fna&_nc_gid=Hgbw3TZHswUC8o9JxW3MEQ&_nc_ss=7b289&oh=00_Af8BqZg__5wePuH3pi_QT5lyZ9dl3fUV4LdYpXIuDoTNwQ&oe=6A398BAB || Original: https://scontent.fjai6-1.fna.fbcdn.net/v/t39.35426-6/650363401_1639964887418381_4567517899901202366_n.jpg?_nc_cat=101&ccb=1-7&_nc_sid=c53f8f&_nc_ohc=hkHWP1LL4EcQ7kNvwHpVqEH&_nc_oc=AdrFu49CCD4una71UAAVxFa15FjlDk5NxWdWKdnq1kBx6_OY-FYW3SW93KgxHcCW5PcnbQKr9eE4EwbZFdSdeDPH&_nc_zt=14&_nc_ht=scontent.fjai6-1.fna&_nc_gid=Hgbw3TZHswUC8o9JxW3MEQ&_nc_ss=7b289&oh=00_Af8sUL9zcxiMWrNoDsRwychFLZreL1IOIUSg3Isqv1pnkQ&oe=6A39A153 | Resized: https://scontent.fjai6-1.fna.fbcdn.net/v/t39.35426-6/649989739_906901618853202_6057731663709486711_n.jpg?stp=dst-jpg_s600x600_tt6&_nc_cat=104&ccb=1-7&_nc_sid=c53f8f&_nc_ohc=sChLfZre9qMQ7kNvwHt7h6f&_nc_oc=AdpeBQquX6KFbTdqDjKM9M-LGrEa2NkS_Z2XKroZ5C7OOvjpPdXp69HBQa-upJlU-8uhMOUQgZlu29xevVeGZ0ov&_nc_zt=14&_nc_ht=scontent.fjai6-1.fna&_nc_gid=Hgbw3TZHswUC8o9JxW3MEQ&_nc_ss=7b289&oh=00_Af-AvGYYWKPjI6UVto7jQA7m3Piph90gaFijxol2o_Q_dw&oe=6A39AAB9 || Original: https://scontent.fjai6-1.fna.fbcdn.net/v/t39.35426-6/650358772_1240568698270663_2931516584662402074_n.jpg?_nc_cat=107&ccb=1-7&_nc_sid=c53f8f&_nc_ohc=IAhJFt3H6WoQ7kNvwE8woV1&_nc_oc=AdokwKk26CBz8xm3Z2Pxr2v5rDZYRdSfGQDAOz4C-pneABqVOk1pZj9BMSfI-0q22l0M9PE6oxpIuHgOWkDxmIVR&_nc_zt=14&_nc_ht=scontent.fjai6-1.fna&_nc_gid=Hgbw3TZHswUC8o9JxW3MEQ&_nc_ss=7b289&oh=00_Af8VxADa9D3Ek3_Sbp3NtUPvkywXYBMGdaVKCW3zv2RrYg&oe=6A398E87 | Resized: https://scontent.fjai6-1.fna.fbcdn.net/v/t39.35426-6/649859644_905685788965240_623690183036867798_n.jpg?stp=dst-jpg_s600x600_tt6&_nc_cat=103&ccb=1-7&_nc_sid=c53f8f&_nc_ohc=So3em6-cywQQ7kNvwF-klvH&_nc_oc=Adqd9ggDJN1b1XsRUo2iFd9JYmFAn0m5EjvfnAoRtqvNR0aYq589qiR3ynAuJsuh2tWwknpMDfUgKWuOejMtQ4YT&_nc_zt=14&_nc_ht=scontent.fjai6-1.fna&_nc_gid=Hgbw3TZHswUC8o9JxW3MEQ&_nc_ss=7b289&oh=00_Af9xD4hkJhPS1NcwKTsXL4QomdG3YuC-dNgzxijtySPnfg&oe=6A39ACB4 || Original: https://scontent.fjai6-1.fna.fbcdn.net/v/t39.35426-6/650787650_1218761580243829_3758396743854341673_n.jpg?_nc_cat=102&ccb=1-7&_nc_sid=c53f8f&_nc_ohc=ZFm80b1j2hYQ7kNvwHHHfeX&_nc_oc=Adr_hnzmSXPfvWbCWVBz8dkgZKYNN5t8cTVNCgo_-fOtAdcrVZSkZmQwmFKKAX7MQlww24Ehs-OsYHlsznKehBKY&_nc_zt=14&_nc_ht=scontent.fjai6-1.fna&_nc_gid=Hgbw3TZHswUC8o9JxW3MEQ&_nc_ss=7b289&oh=00_Af_HbBhJ-03tBUeAEtdFSMWy2bubGJemgVYlKTtXfIrlCg&oe=6A39929E | Resized: https://scontent.fjai6-1.fna.fbcdn.net/v/t39.35426-6/651145580_896829916677179_2625427040110032915_n.jpg?stp=dst-jpg_s600x600_tt6&_nc_cat=110&ccb=1-7&_nc_sid=c53f8f&_nc_ohc=QrTxgkEAaUIQ7kNvwFZxuaN&_nc_oc=Adq6jK2-7wvBAm_4-AOgfaYegWxkwxHR4Zkk-f5cxWRj22T_92vAKeMVIjs6BxWXXTk-5f_L7j4fQSphUnF2j9lD&_nc_zt=14&_nc_ht=scontent.fjai6-1.fna&_nc_gid=Hgbw3TZHswUC8o9JxW3MEQ&_nc_ss=7b289&oh=00_Af-IakCJT2YYbLAscYaLtyXtWuHywTQiyjIIp64FMbRRlg&oe=6A39B088 || Original: https://scontent.fjai6-1.fna.fbcdn.net/v/t39.35426-6/650679764_871132159310341_2128182890587828527_n.jpg?_nc_cat=100&ccb=1-7&_nc_sid=c53f8f&_nc_ohc=UAftlWUdFO0Q7kNvwGcmNwC&_nc_oc=AdoUZehMk89XzIi9VU5icjiQFu5jJ9k59vfZPh7Ob8P_HEmEfcfnL5GWgjzv39_X0kbtErbhkdsuwmjvcfH2hhz_&_nc_zt=14&_nc_ht=scontent.fjai6-1.fna&_nc_gid=Hgbw3TZHswUC8o9JxW3MEQ&_nc_ss=7b289&oh=00_Af-8C_RUicoqxMIGsriIaLVTIeAlxtMQLSDKq8I_vt89nw&oe=6A3993A8 | Resized: https://scontent.fjai6-1.fna.fbcdn.net/v/t39.35426-6/650230642_926349529977022_3342876889098524253_n.jpg?stp=dst-jpg_s600x600_tt6&_nc_cat=110&ccb=1-7&_nc_sid=c53f8f&_nc_ohc=eoP2vMb_rPwQ7kNvwHDdtCS&_nc_oc=Adqjnq0H57OcnZgt_2LbHprZkFJADtTgjUkXRErvOvNGmkiI35BNyu3_vrqX6JvY2wrRs3R_2e-AX-XyWkgF4PvY&_nc_zt=14&_nc_ht=scontent.fjai6-1.fna&_nc_gid=Hgbw3TZHswUC8o9JxW3MEQ&_nc_ss=7b289&oh=00_Af-qFwQYIZDQt2z3s8EZacwdkhQmSFyohuJ60pcasmml-Q&oe=6A39B84E,
1307508361361862,https://www.facebook.com/PSGroupRealty/,fb.me,https://www.facebook.com/PSGroupRealty/,,,,contact@psgroup.in,+91 33 6767 6764,,,,1161764063844369,http://fb.me/,PS Group,https://www.facebook.com/ads/library/?id=1307508361361862,"Grade-A logistics units from ₹2.99 Cr on Kona Expressway.
That’s what PS Logistics Park brings to businesses looking to scale near Kolkata.

Spread across 21 acres, this future-ready logistics hub combines connectivity, operational efficiency, and workforce comfort—so operations run smoother and teams work smarter.

✅ Spacious units with up to 17 ft clear height
✅ Workforce-ready amenities: dorms, crèche & medical bay
✅ Advanced safety systems with 24×7 operations
✅ Just 32 mins from central Kolkata business zones

Enquire today to check availability or book a site visit.
📞 +91 033 3567 6735",43113,Get quote,fb.me,"FACEBOOK; INSTAGRAM; AUDIENCE_NETWORK",2026-06-16,2026-06-17,,,"Grade-A logistics units from ₹2.99 Cr on Kona Expressway.
That’s what PS Logistics Park brings to businesses looking to scale near Kolkata.

Spread across 21 acres, this future-ready logistics hub combines connectivity, operational efficiency, and workforce comfort—so operations run smoother and teams work smarter.

✅ Spacious units with up to 17 ft clear height
✅ Workforce-ready amenities: dorms, crèche & medical bay
✅ Advanced safety systems with 24×7 operations
✅ Just 32 mins from central Kolkata business zones

Enquire today to check availability or book a site visit.
📞 +91 033 3567 6735 || Grade-A logistics units from ₹2.99 Cr on Kona Expressway.
That’s what PS Logistics Park brings to businesses looking to scale near Kolkata.

Spread across 21 acres, this future-ready logistics hub combines connectivity, operational efficiency, and workforce comfort—so operations run smoother and teams work smarter.

✅ Spacious units with up to 17 ft clear height
✅ Workforce-ready amenities: dorms, crèche & medical bay
✅ Advanced safety systems with 24×7 operations
✅ Just 32 mins from central Kolkata business zones

Enquire today to check availability or book a site visit.
📞 +91 033 3567 6735 || Grade-A logistics units from ₹2.99 Cr on Kona Expressway.
That’s what PS Logistics Park brings to businesses looking to scale near Kolkata.

Spread across 21 acres, this future-ready logistics hub combines connectivity, operational efficiency, and workforce comfort—so operations run smoother and teams work smarter.

✅ Spacious units with up to 17 ft clear height
✅ Workforce-ready amenities: dorms, crèche & medical bay
✅ Advanced safety systems with 24×7 operations
✅ Just 32 mins from central Kolkata business zones

Enquire today to check availability or book a site visit.
📞 +91 033 3567 6735",http://fb.me/ || http://fb.me/ || http://fb.me/,,Get Quote || Get Quote || Get Quote,Original: https://scontent.fjai6-1.fna.fbcdn.net/v/t39.35426-6/723240838_2049307018992696_8548825772018819946_n.jpg?_nc_cat=103&ccb=1-7&_nc_sid=c53f8f&_nc_ohc=CB242dOB_1cQ7kNvwEzY9tX&_nc_oc=AdqajeEn3t49GaSEIgp3TAI2UtKZMvw9djC2T1blTowsU62aJKB1qJpVg-qGK43cD8qKcchKcBJuYmx2bxk8Os4y&_nc_zt=14&_nc_ht=scontent.fjai6-1.fna&_nc_gid=Hgbw3TZHswUC8o9JxW3MEQ&_nc_ss=7b289&oh=00_Af-Txq7pNcLMCUl5QeQVc6dGB7QXm4uggvgR73X_o6P2iw&oe=6A39B6A6 | Resized: https://scontent.fjai6-1.fna.fbcdn.net/v/t39.35426-6/720112453_935766142884935_6577776042250823274_n.jpg?stp=dst-jpg_s600x600_tt6&_nc_cat=110&ccb=1-7&_nc_sid=c53f8f&_nc_ohc=ms3mu1zqgsEQ7kNvwHNotPd&_nc_oc=Adr_k3AHFcJovlDQdeWyHAeVF24xyk4RtJ6zLl8WAM9vu-HT9mIm3ydVTIHff3CNmU1lKA4Q1r1wNZO_Oxu2FALF&_nc_zt=14&_nc_ht=scontent.fjai6-1.fna&_nc_gid=Hgbw3TZHswUC8o9JxW3MEQ&_nc_ss=7b289&oh=00_Af8uErgLZXfaMOS3v6VHUJphNDkAPrFAAwgRa5vVQsTLoA&oe=6A39B5E6 || Original: https://scontent.fjai6-1.fna.fbcdn.net/v/t39.35426-6/722640398_1282278820654952_898508038729691277_n.jpg?_nc_cat=100&ccb=1-7&_nc_sid=c53f8f&_nc_ohc=XGeWS-2gjcQQ7kNvwFZTdkx&_nc_oc=Adr6hsSSr7QF8wnOcHzID1sMEgCOZL2hU_SPidlPCixxMkRcYX7UoYW5bBYPYd2j_yoVKGgGlMOsqej-VMsVhIfP&_nc_zt=14&_nc_ht=scontent.fjai6-1.fna&_nc_gid=Hgbw3TZHswUC8o9JxW3MEQ&_nc_ss=7b289&oh=00_Af9qh_RJIXVHPa-Cb9yKcM6tbBnnNhmRARjd70oz5XBAIg&oe=6A398E13 | Resized: https://scontent.fjai6-1.fna.fbcdn.net/v/t39.35426-6/723779160_1015565818076016_867910893791224191_n.jpg?stp=dst-jpg_s600x600_tt6&_nc_cat=111&ccb=1-7&_nc_sid=c53f8f&_nc_ohc=azXQLG-Q_24Q7kNvwHtUCvt&_nc_oc=Adq3QzYAxvWHZj0JW1cgGtal2-qqkPUyGA7hGra-skSJ4LPT98ea3ZQjNkz6JYFL-j3vJlyJHB94l2YVFAMv00HT&_nc_zt=14&_nc_ht=scontent.fjai6-1.fna&_nc_gid=Hgbw3TZHswUC8o9JxW3MEQ&_nc_ss=7b289&oh=00_Af-9fIBipnoikzDN3X5a_C2MQ1hZZHFr6UbgjQC-5QgHJg&oe=6A39A770 || Original: https://scontent.fjai6-1.fna.fbcdn.net/v/t39.35426-6/724500168_2037634243505777_4706542602560736922_n.jpg?_nc_cat=107&ccb=1-7&_nc_sid=c53f8f&_nc_ohc=PFr8tWZ0wIoQ7kNvwEU-HVe&_nc_oc=AdrRZeNTr3RyQX6TYX2VKW0dcX5zblde7JrCI5FrKwUUijJoANP2NI7Kg2L6btIoGSYTqEi2JOsLgSFH-lvuVEkD&_nc_zt=14&_nc_ht=scontent.fjai6-1.fna&_nc_gid=Hgbw3TZHswUC8o9JxW3MEQ&_nc_ss=7b289&oh=00_Af8RjguPNnzMk3831sDooJHR88wYR6v5SgcdS-4vhpZG9A&oe=6A39A687 | Resized: https://scontent.fjai6-1.fna.fbcdn.net/v/t39.35426-6/722859000_1541360260897783_3366895079762956313_n.jpg?stp=dst-jpg_s600x600_tt6&_nc_cat=101&ccb=1-7&_nc_sid=c53f8f&_nc_ohc=L5F2RWFC-cwQ7kNvwHfoj-l&_nc_oc=AdqKSjOUIiGmsLu3E8HMwvNSgxITuVhUZ0oBbKKA4cSib3Bm_GhGWnRD4wk8rvPNVcdgazyu2zAU547lNJwzOLJS&_nc_zt=14&_nc_ht=scontent.fjai6-1.fna&_nc_gid=Hgbw3TZHswUC8o9JxW3MEQ&_nc_ss=7b289&oh=00_Af8xHIIQkQ3rN19oelAK3V_-UfjFKUcBs4OR1shHbN1d0w&oe=6A39A59F,
1019515310419627,https://www.facebook.com/61557557017102/,fb.me,https://www.facebook.com/61557557017102/,,,,sales@arihantfoundations.in,+91 89883 38833,,,,263995340130655,http://fb.me/,DMR Landz,https://www.facebook.com/ads/library/?id=1019515310419627,"Looking for the perfect space to grow your industrial business? 

DMR Landz Infinity offers industrial plots, sizes starting from 10,000 sq. ft, situated just 3 minutes from GNT Road. With unmatched proximity to major transport routes and excellent accessibility, this is the ideal location for businesses ready to thrive. Don’t miss this opportunity to establish yourself in a highly connected industrial zone.

- 3 mins from GNT Road
- 24/7 Security
- Solar lights on Road
- Suitable for immediate construction
- CCTV Surveillance
- Upto 80% bank loan available
- Hassle Free EB
- Zero water logging


Don't miss out—invest now in DMR Landz Infinity and build your future today!",17952,Get quote,fb.me,"FACEBOOK; INSTAGRAM",2026-06-15,2026-06-18,,,"Looking for the perfect space to grow your industrial business? 

DMR Landz Infinity offers industrial plots, sizes starting from 10,000 sq. ft, situated just 3 minutes from GNT Road. With unmatched proximity to major transport routes and excellent accessibility, this is the ideal location for businesses ready to thrive. Don’t miss this opportunity to establish yourself in a highly connected industrial zone.

- 3 mins from GNT Road
- 24/7 Security
- Solar lights on Road
- Suitable for immediate construction
- CCTV Surveillance
- Upto 80% bank loan available
- Hassle Free EB
- Zero water logging


Don't miss out—invest now in DMR Landz Infinity and build your future today! || Looking for the perfect space to grow your industrial business? 

DMR Landz Infinity offers industrial plots, sizes starting from 10,000 sq. ft, situated just 3 minutes from GNT Road. With unmatched proximity to major transport routes and excellent accessibility, this is the ideal location for businesses ready to thrive. Don’t miss this opportunity to establish yourself in a highly connected industrial zone.

- 3 mins from GNT Road
- 24/7 Security
- Solar lights on Road
- Suitable for immediate construction
- CCTV Surveillance
- Upto 80% bank loan available
- Hassle Free EB
- Zero water logging


Don't miss out—invest now in DMR Landz Infinity and build your future today! || Looking for the perfect space to grow your industrial business? 

DMR Landz Infinity offers industrial plots, sizes starting from 10,000 sq. ft, situated just 3 minutes from GNT Road. With unmatched proximity to major transport routes and excellent accessibility, this is the ideal location for businesses ready to thrive. Don’t miss this opportunity to establish yourself in a highly connected industrial zone.

- 3 mins from GNT Road
- 24/7 Security
- Solar lights on Road
- Suitable for immediate construction
- CCTV Surveillance
- Upto 80% bank loan available
- Hassle Free EB
- Zero water logging


Don't miss out—invest now in DMR Landz Infinity and build your future today!",http://fb.me/ || http://fb.me/ || http://fb.me/,,Get Quote || Get Quote || Get Quote,Original: https://scontent.fjai6-1.fna.fbcdn.net/v/t39.35426-6/679497441_2321269418364878_7719535236012776320_n.jpg?_nc_cat=104&ccb=1-7&_nc_sid=c53f8f&_nc_ohc=WdfFrjQD6qkQ7kNvwGyWLya&_nc_oc=AdoFFpH5WpBteFxp6m4otRrJLG7M4HXgOkyyL-Yim846f3dg-FJJcl51cBKMcYWEO7G-X8dnKvbaxeQefeFC2Ekr&_nc_zt=14&_nc_ht=scontent.fjai6-1.fna&_nc_gid=Hgbw3TZHswUC8o9JxW3MEQ&_nc_ss=7b289&oh=00_Af_mP8dB6Wfzf8c0TrCjVzrbUuBWaia_UPHMZMctCGz1Cw&oe=6A39B2E8 | Resized: https://scontent.fjai6-1.fna.fbcdn.net/v/t39.35426-6/679720973_2167021217447024_8377111794708673109_n.jpg?stp=dst-jpg_s600x600_tt6&_nc_cat=105&ccb=1-7&_nc_sid=c53f8f&_nc_ohc=HHGnq7b5EXgQ7kNvwGjWZYX&_nc_oc=Adr1FJpGltnEjB4_923BNT54khjMF8OdY3mHQ1tF01UihqWJQ9K7IU3cNk2r8YQIfjyFveAsYV9WYxvfBhuldv0K&_nc_zt=14&_nc_ht=scontent.fjai6-1.fna&_nc_gid=Hgbw3TZHswUC8o9JxW3MEQ&_nc_ss=7b289&oh=00_Af8_2G-2VRLZbql87odQPOUonXqQTBArKS7QxisuyBpM9A&oe=6A39AFE6 || Original: https://scontent.fjai6-1.fna.fbcdn.net/v/t39.35426-6/678782769_1886215868705684_1442892129355472937_n.jpg?_nc_cat=111&ccb=1-7&_nc_sid=c53f8f&_nc_ohc=8mTigKZP1WYQ7kNvwFoGnvQ&_nc_oc=AdoWq2GHyKcHR3IvuQt9ikRyOg0ze66UoPS2LE10hGIVusSK2OdxBjWzCGtuxDNcCxQT1DjsK3e3YFyH2RGXD8kM&_nc_zt=14&_nc_ht=scontent.fjai6-1.fna&_nc_gid=Hgbw3TZHswUC8o9JxW3MEQ&_nc_ss=7b289&oh=00_Af-N_Xg8mERkCZQuqPhQKO4b4H1WAzR-c0Evq691ZHBzYg&oe=6A39BB43 | Resized: https://scontent.fjai6-1.fna.fbcdn.net/v/t39.35426-6/679598982_788974730757128_4604952070457690089_n.jpg?stp=dst-jpg_s600x600_tt6&_nc_cat=100&ccb=1-7&_nc_sid=c53f8f&_nc_ohc=JSkTVpxJ4oIQ7kNvwEMhbZE&_nc_oc=AdomwCNH3nAZiTu8BQfewkpY1ccZTn9QvaQwL79WnYpOxET-QLJk_SVk9zUSVAp69jy5yiTnF3algcmfkvxzf2pB&_nc_zt=14&_nc_ht=scontent.fjai6-1.fna&_nc_gid=Hgbw3TZHswUC8o9JxW3MEQ&_nc_ss=7b289&oh=00_Af-g44T2ODqb2rB1XJUDX5f4FULTtTGtx7rjyyhxCAqdEA&oe=6A398F80 || Original: https://scontent.fjai6-1.fna.fbcdn.net/v/t39.35426-6/680216454_1423430136134652_4040247746289311384_n.jpg?_nc_cat=105&ccb=1-7&_nc_sid=c53f8f&_nc_ohc=HXIKVk0hWdYQ7kNvwG9Gcer&_nc_oc=Adrs_UDieI2-zZakWz-2jeQB-GK3Yyza9iJIPXctwFOJOUg7tVEWNL71z2ryJT5qgSNn1G4Fc2GAK2EiRTDBJlRj&_nc_zt=14&_nc_ht=scontent.fjai6-1.fna&_nc_gid=Hgbw3TZHswUC8o9JxW3MEQ&_nc_ss=7b289&oh=00_Af_O1cohwpcsDRKWXIRP5MLGgj21ftbl48veAzVTiTVl2Q&oe=6A399BC1 | Resized: https://scontent.fjai6-1.fna.fbcdn.net/v/t39.35426-6/679037100_1667580268024998_3966824699771270210_n.jpg?stp=dst-jpg_s600x600_tt6&_nc_cat=109&ccb=1-7&_nc_sid=c53f8f&_nc_ohc=j7gpAOe9DLAQ7kNvwF3jsdh&_nc_oc=AdrGC5JwAFS7XaU0NIz9FvPtqrAI_DCB7R9Ym3je5yt9FafXaPHqD9SM9Mmk58t06jQxE93y-VTq8YbfaB4pr7Jv&_nc_zt=14&_nc_ht=scontent.fjai6-1.fna&_nc_gid=Hgbw3TZHswUC8o9JxW3MEQ&_nc_ss=7b289&oh=00_Af8_HS1dGsehVJZsEvEo7Z7FzCcQTKxuhX4cKVAVe27wgA&oe=6A39A6E6,
1415192847038753,https://www.facebook.com/61590680665103/,fb.me,https://www.facebook.com/61590680665103/,,,,,+91 89777 34093,,,,1066117053261388,http://fb.me/,Golden Trees by Oorjita,https://www.facebook.com/ads/library/?id=1415192847038753,"A smart investment for smart professionals.

Whether you're an IT employee, doctor, CA, government officer, or pharma professional, Golden Trees offers ready-to-construct villa plots with modern infrastructure and lifestyle amenities.

✔ Clubhouse & Amenities
✔ 5 Landscaped Parks
✔ Children's Play Area
✔ 30' & 40' Wide Roads
✔ Excellent Future Appreciation

Enquire Now Before the Limited-Time Offer Ends.",,Book now,fb.me,"FACEBOOK; INSTAGRAM; AUDIENCE_NETWORK",2026-06-15,2026-06-17,,,"A smart investment for smart professionals.

Whether you're an IT employee, doctor, CA, government officer, or pharma professional, Golden Trees offers ready-to-construct villa plots with modern infrastructure and lifestyle amenities.

✔ Clubhouse & Amenities
✔ 5 Landscaped Parks
✔ Children's Play Area
✔ 30' & 40' Wide Roads
✔ Excellent Future Appreciation

Enquire Now Before the Limited-Time Offer Ends. || A smart investment for smart professionals.

Whether you're an IT employee, doctor, CA, government officer, or pharma professional, Golden Trees offers ready-to-construct villa plots with modern infrastructure and lifestyle amenities.

✔ Clubhouse & Amenities
✔ 5 Landscaped Parks
✔ Children's Play Area
✔ 30' & 40' Wide Roads
✔ Excellent Future Appreciation

Enquire Now Before the Limited-Time Offer Ends. || A smart investment for smart professionals.

Whether you're an IT employee, doctor, CA, government officer, or pharma professional, Golden Trees offers ready-to-construct villa plots with modern infrastructure and lifestyle amenities.

✔ Clubhouse & Amenities
✔ 5 Landscaped Parks
✔ Children's Play Area
✔ 30' & 40' Wide Roads
✔ Excellent Future Appreciation

Enquire Now Before the Limited-Time Offer Ends. || A smart investment for smart professionals.

Whether you're an IT employee, doctor, CA, government officer, or pharma professional, Golden Trees offers ready-to-construct villa plots with modern infrastructure and lifestyle amenities.

✔ Clubhouse & Amenities
✔ 5 Landscaped Parks
✔ Children's Play Area
✔ 30' & 40' Wide Roads
✔ Excellent Future Appreciation

Enquire Now Before the Limited-Time Offer Ends. || A smart investment for smart professionals.

Whether you're an IT employee, doctor, CA, government officer, or pharma professional, Golden Trees offers ready-to-construct villa plots with modern infrastructure and lifestyle amenities.

✔ Clubhouse & Amenities
✔ 5 Landscaped Parks
✔ Children's Play Area
✔ 30' & 40' Wide Roads
✔ Excellent Future Appreciation

Enquire Now Before the Limited-Time Offer Ends.",http://fb.me/ || http://fb.me/ || http://fb.me/ || http://fb.me/ || http://fb.me/,,Book Now || Book Now || Book Now || Book Now || Book Now,Original: https://scontent.fjai6-1.fna.fbcdn.net/v/t39.35426-6/722638697_4464862423754457_8679752668473212807_n.jpg?_nc_cat=109&ccb=1-7&_nc_sid=c53f8f&_nc_ohc=_YvQL5Mzbu4Q7kNvwEa83YI&_nc_oc=AdqQO5negYHYKi1jy1IdWUTmI1agYS8SuBBEliR7ND7AbyGfc7610_ABft0tmWvmrExS5ARxHWrdatrjnVqi18ac&_nc_zt=14&_nc_ht=scontent.fjai6-1.fna&_nc_gid=Hgbw3TZHswUC8o9JxW3MEQ&_nc_ss=7b289&oh=00_Af8gsbwYsfcvaSi1qaZPfEddVAbyD1yLf1-15H9zHvELTQ&oe=6A39B5B9 | Resized: https://scontent.fjai6-1.fna.fbcdn.net/v/t39.35426-6/723706241_1529228888849939_2012628784949502343_n.jpg?stp=dst-jpg_s600x600_tt6&_nc_cat=104&ccb=1-7&_nc_sid=c53f8f&_nc_ohc=LlUkloXE73sQ7kNvwF2Heib&_nc_oc=AdoYLvK_42HeeugzLD5I0v-7n4QPI2-lDraieY8HcJUjwP9b8LXxFkxpRgd_4RmhKi4qElH1JIRdw2dJV2hDQXP_&_nc_zt=14&_nc_ht=scontent.fjai6-1.fna&_nc_gid=Hgbw3TZHswUC8o9JxW3MEQ&_nc_ss=7b289&oh=00_Af-ZkrIfx8jax3v8dLMqMhpJ1wooSe92u-Nu8elRiieVIw&oe=6A39B501 || Original: https://scontent.fjai6-1.fna.fbcdn.net/v/t39.35426-6/723126880_1317221806635808_3237335972844579634_n.jpg?_nc_cat=111&ccb=1-7&_nc_sid=c53f8f&_nc_ohc=J9aatV9XMwYQ7kNvwGlYZSC&_nc_oc=AdrOPe3XNl3NylDBE_EWKRBrgZVj4QWIyUtoQiLs6CTtbr6Ec_9s1sL-H9zSuHFtf-4LKKAEFBoubh1VBLS_rYZy&_nc_zt=14&_nc_ht=scontent.fjai6-1.fna&_nc_gid=Hgbw3TZHswUC8o9JxW3MEQ&_nc_ss=7b289&oh=00_Af_cnH40o4qfnITpgprEVbkCo0-JaBfL6ZdqQeJejcEdGQ&oe=6A398D5C | Resized: https://scontent.fjai6-1.fna.fbcdn.net/v/t39.35426-6/724598005_1507458251168976_7211100824535761993_n.jpg?stp=dst-jpg_s600x600_tt6&_nc_cat=109&ccb=1-7&_nc_sid=c53f8f&_nc_ohc=xjczw0lgEOcQ7kNvwH9xFGM&_nc_oc=Adointb4hqsBDOMZJkLwOfgm17eSDAExX7H1bEq84J5u-js03fHGea3LQkYHSQ6WgHiMTT6pYjvJLH5KoQzJgN2w&_nc_zt=14&_nc_ht=scontent.fjai6-1.fna&_nc_gid=Hgbw3TZHswUC8o9JxW3MEQ&_nc_ss=7b289&oh=00_Af_gzAhXSgID7dSZdai5oVqA_0r0hRPxg6he4lT8Y7_DPw&oe=6A39B65E || Original: https://scontent.fjai6-1.fna.fbcdn.net/v/t39.35426-6/723118784_2393324434490627_5181044352405851126_n.jpg?_nc_cat=111&ccb=1-7&_nc_sid=c53f8f&_nc_ohc=JsZaeQkYDbYQ7kNvwFx2G8P&_nc_oc=AdrcnafB6PTIDoY3IbJ8yxYnDtvPBY2yflJTBLC_gXRft6K2vO801OgEGbTtHGjXFt9tnaZKKCffD823EO1z12mt&_nc_zt=14&_nc_ht=scontent.fjai6-1.fna&_nc_gid=Hgbw3TZHswUC8o9JxW3MEQ&_nc_ss=7b289&oh=00_Af9PJAKM54Z91zWX1UL0KWsih9RNnr1JkjxF_qxZ-Honyw&oe=6A398F03 | Resized: https://scontent.fjai6-1.fna.fbcdn.net/v/t39.35426-6/724577561_1466288805249647_9005667395640573298_n.jpg?stp=dst-jpg_s600x600_tt6&_nc_cat=108&ccb=1-7&_nc_sid=c53f8f&_nc_ohc=zLTw_pkmehYQ7kNvwHyWyfx&_nc_oc=AdrX5B3XvTSDkqGNueSWi3RSnHkXrWbnUIvu5LDn68uS0DEigiDpexJZfrbSTJd3r5fUaiXPdbeWC1TgF99u4T6K&_nc_zt=14&_nc_ht=scontent.fjai6-1.fna&_nc_gid=Hgbw3TZHswUC8o9JxW3MEQ&_nc_ss=7b289&oh=00_Af_MMGSrWRMpH2dmEjuCwntNgcJUlCSusFl34ZjmrdYowA&oe=6A39B70D || Original: https://scontent.fjai6-1.fna.fbcdn.net/v/t39.35426-6/724211627_1552256813218552_2210107654046668233_n.jpg?_nc_cat=106&ccb=1-7&_nc_sid=c53f8f&_nc_ohc=yBJ74C_4JNYQ7kNvwFBWjei&_nc_oc=AdqFMSBHGilnIdiVsGNOuCO3xxMnifg_95O5wKNMu8C_2t7yFwgB-mraF7PVd0sgOajf-Do0K9O8SqXYm1yrqady&_nc_zt=14&_nc_ht=scontent.fjai6-1.fna&_nc_gid=Hgbw3TZHswUC8o9JxW3MEQ&_nc_ss=7b289&oh=00_Af9OzAHsO2wymOLFXEHI4TlLVQdrNgtXzR21E-lM88khrw&oe=6A399C12 | Resized: https://scontent.fjai6-1.fna.fbcdn.net/v/t39.35426-6/724770782_1523596276130536_4483963351629430680_n.jpg?stp=dst-jpg_s600x600_tt6&_nc_cat=104&ccb=1-7&_nc_sid=c53f8f&_nc_ohc=-66vJH15j_MQ7kNvwEoNzhY&_nc_oc=Ado-Hb2kgChVX1rZAu9aV9itFuNlhyOh7tvfXscbY4xkFP3ifoz3gVuhZspxaYFr7BuloOyWTRjd7Xm2e4cLWko3&_nc_zt=14&_nc_ht=scontent.fjai6-1.fna&_nc_gid=Hgbw3TZHswUC8o9JxW3MEQ&_nc_ss=7b289&oh=00_Af_06kkhalO4S-vCGarvN4MvPE73pyqEqZfF1OAROTrd8A&oe=6A39B898 || Original: https://scontent.fjai6-1.fna.fbcdn.net/v/t39.35426-6/724500778_1684861329447734_4273075354065327535_n.jpg?_nc_cat=108&ccb=1-7&_nc_sid=c53f8f&_nc_ohc=R6fiUM_Rb_AQ7kNvwHFoUH6&_nc_oc=Ado0qvQKAVrY2QHgYcMJMIsN8ZCB1kINOYLA6SUJ8slwwbuYp9KgAlzFKmFLdbY05p6LdZUdBZHvTqmK-U87B4gm&_nc_zt=14&_nc_ht=scontent.fjai6-1.fna&_nc_gid=Hgbw3TZHswUC8o9JxW3MEQ&_nc_ss=7b289&oh=00_Af-O_S37P85uciR7fuy3THt_a9JxlYHcxTfrHB3XvHEDDQ&oe=6A39B64C | Resized: https://scontent.fjai6-1.fna.fbcdn.net/v/t39.35426-6/724869954_1927562178647973_4368027865602421007_n.jpg?stp=dst-jpg_s600x600_tt6&_nc_cat=102&ccb=1-7&_nc_sid=c53f8f&_nc_ohc=6Au8hhucB4YQ7kNvwGgQcGK&_nc_oc=Adr0YGkgd-goRNJT6U9pZ6I-YfkuFR6_D5WqhtzH8P-j8_uxduPJjWOZPbLO4oX6aRFGf6ZF88sjKit1PuTcXPgJ&_nc_zt=14&_nc_ht=scontent.fjai6-1.fna&_nc_gid=Hgbw3TZHswUC8o9JxW3MEQ&_nc_ss=7b289&oh=00_Af9E0FYPUHMTaWWPTyMy-QHlPfvHIDcHzfEx98yKerFRZg&oe=6A39963B,
3825537054415881,https://www.facebook.com/61558748211160/,fb.me,https://www.facebook.com/61558748211160/,,,,care@srijanrealty.in,+91 98741 24940,,,,296641856861350,http://fb.me/,Srijan Industrial Logistic Parks,https://www.facebook.com/ads/library/?id=3825537054415881,"At Srijan Industrial Logistic Park, BT Road, every square foot is engineered for growth, efficiency, and peace of mind.

✅ Units from 7,000 sq. ft. onwards
✅ Seamless operations with 4-ton goods lifts for upper floor movement
✅ 9+ acres of non-polluting, green industrial space
✅ Engineered for seismic & flood resilience
✅ 24x7 power backup, water supply & professional maintenance
✅ Excellent connectivity to Kolkata, Howrah & National Highways
✅ Access to skilled labour and transport hubs nearby

Enquire Now | Price on Request",463,Get quote,fb.me,"FACEBOOK; INSTAGRAM",2026-04-11,2026-06-15,,,"At Srijan Industrial Logistic Park, BT Road, every square foot is engineered for growth, efficiency, and peace of mind.

✅ Units from 7,000 sq. ft. onwards
✅ Seamless operations with 4-ton goods lifts for upper floor movement
✅ 9+ acres of non-polluting, green industrial space
✅ Engineered for seismic & flood resilience
✅ 24x7 power backup, water supply & professional maintenance
✅ Excellent connectivity to Kolkata, Howrah & National Highways
✅ Access to skilled labour and transport hubs nearby

Enquire Now | Price on Request || At Srijan Industrial Logistic Park, BT Road, every square foot is engineered for growth, efficiency, and peace of mind.

✅ Units from 7,000 sq. ft. onwards
✅ Seamless operations with 4-ton goods lifts for upper floor movement
✅ 9+ acres of non-polluting, green industrial space
✅ Engineered for seismic & flood resilience
✅ 24x7 power backup, water supply & professional maintenance
✅ Excellent connectivity to Kolkata, Howrah & National Highways
✅ Access to skilled labour and transport hubs nearby

Enquire Now | Price on Request || At Srijan Industrial Logistic Park, BT Road, every square foot is engineered for growth, efficiency, and peace of mind.

✅ Units from 7,000 sq. ft. onwards
✅ Seamless operations with 4-ton goods lifts for upper floor movement
✅ 9+ acres of non-polluting, green industrial space
✅ Engineered for seismic & flood resilience
✅ 24x7 power backup, water supply & professional maintenance
✅ Excellent connectivity to Kolkata, Howrah & National Highways
✅ Access to skilled labour and transport hubs nearby

Enquire Now | Price on Request",http://fb.me/ || http://fb.me/ || http://fb.me/,,Get Quote || Get Quote || Get Quote,Original: https://scontent.fjai6-1.fna.fbcdn.net/v/t39.35426-6/669564735_2156656368415064_5341470861038556017_n.jpg?_nc_cat=111&ccb=1-7&_nc_sid=c53f8f&_nc_ohc=nG81hsTniQoQ7kNvwEcH9dp&_nc_oc=AdqWmvNIu-iQECpLVpVGAy87gOfQaJhhhl3NOVidkeUOsazNNxek98UvnORcCodT9Fg5WxpAqllYKMB8-ZNokz94&_nc_zt=14&_nc_ht=scontent.fjai6-1.fna&_nc_gid=bCPoBJD6IgQHUVOA6B8ddw&_nc_ss=7b289&oh=00_Af8rClACRFIJAyDuaBx2a20hqGG1BQ0hQ1F0it4G9F1MPQ&oe=6A399791 | Resized: https://scontent.fjai6-1.fna.fbcdn.net/v/t39.35426-6/669576752_983487667526743_7026685637926854119_n.jpg?stp=dst-jpg_s600x600_tt6&_nc_cat=102&ccb=1-7&_nc_sid=c53f8f&_nc_ohc=NJVqoBXSwe4Q7kNvwGEr0Mv&_nc_oc=Adpa2g3VO15LnVzxRv1eE6YhERSukSchA_23rypUorMca8QZTLASGFwduDrZq01fS6ju_1-u9slPXGdO3BSJWPhj&_nc_zt=14&_nc_ht=scontent.fjai6-1.fna&_nc_gid=bCPoBJD6IgQHUVOA6B8ddw&_nc_ss=7b289&oh=00_Af_dsajE8k9LxteQLxgKpPUijfRR16JkRZRqIHzg3rdHGQ&oe=6A39A2F2 || Original: https://scontent.fjai6-1.fna.fbcdn.net/v/t39.35426-6/670418223_1674709913715229_8618716908379213148_n.jpg?_nc_cat=102&ccb=1-7&_nc_sid=c53f8f&_nc_ohc=N33r24RA9XQQ7kNvwHW3Lm9&_nc_oc=AdoHiFG-xumappjHsCn8iPq4zrSYgBzDhK822Or6eAj_jKyoaka-vL9efOW9l-6XYsjolbCiH9wNdho7hD28JYI8&_nc_zt=14&_nc_ht=scontent.fjai6-1.fna&_nc_gid=bCPoBJD6IgQHUVOA6B8ddw&_nc_ss=7b289&oh=00_Af_cJv8i4xNQnzaahCptGlL3Ctt0_Io4W0-fNew5S4OADw&oe=6A398F8E | Resized: https://scontent.fjai6-1.fna.fbcdn.net/v/t39.35426-6/669619579_884775044570840_5548614788242364228_n.jpg?stp=dst-jpg_s600x600_tt6&_nc_cat=109&ccb=1-7&_nc_sid=c53f8f&_nc_ohc=0MgkgnDzjnUQ7kNvwFTAKdz&_nc_oc=AdqvnAMODs7f2FVIRlX6Nc_1qvddNG3SsBpFPBuZBGEknU35iHEVTW6NUlYYswdHtWdljx-IiPwJ6YCFUn6Jdp-_&_nc_zt=14&_nc_ht=scontent.fjai6-1.fna&_nc_gid=bCPoBJD6IgQHUVOA6B8ddw&_nc_ss=7b289&oh=00_Af_bGu9XQGKXudtUY2J2TwqsNSHM-8x24yHWj5AAuTCiJA&oe=6A39B6F4 || Original: https://scontent.fjai6-1.fna.fbcdn.net/v/t39.35426-6/669306472_754010820999506_8555697514442829471_n.jpg?_nc_cat=104&ccb=1-7&_nc_sid=c53f8f&_nc_ohc=KHzRXAdIjJ4Q7kNvwFE6jL8&_nc_oc=Adr6dUdiIe5T5ui_x8es9-oeRvyhY4ja8T4zQ_w9souKtdmPjXaCXKZw57zUArGsbM5v5soqWgqu-3NQMftcP01L&_nc_zt=14&_nc_ht=scontent.fjai6-1.fna&_nc_gid=bCPoBJD6IgQHUVOA6B8ddw&_nc_ss=7b289&oh=00_Af-8jgAiR9l3emaaR7YQH3E6X5TO5KVOSBbAYa_u9bDlMg&oe=6A39B78C | Resized: https://scontent.fjai6-1.fna.fbcdn.net/v/t39.35426-6/669539928_1450081603056151_8387059725318528659_n.jpg?stp=dst-jpg_s600x600_tt6&_nc_cat=109&ccb=1-7&_nc_sid=c53f8f&_nc_ohc=gB4CoIq1v9wQ7kNvwFmM7m6&_nc_oc=AdqEMCcOuL-61QTPP19wc0tKHrCLI1LMn7bnje6zMvUe414bnxOCUMef6PWhqLLCQIke67DQUGkK7791KGE9CAV0&_nc_zt=14&_nc_ht=scontent.fjai6-1.fna&_nc_gid=bCPoBJD6IgQHUVOA6B8ddw&_nc_ss=7b289&oh=00_Af-p_FdonPYu3580qxbhagswPO7X5SYblEoeO1Vzmtpqaw&oe=6A39AE2E,
880756227790192,https://www.facebook.com/yardsandsqft/,fb.me,https://www.facebook.com/yardsandsqft/,,,,,,,,,362154770325085,http://fb.me/,Yards&sqft Gurgaon,https://www.facebook.com/ads/library/?id=880756227790192,"🏭 Looking for Industrial Land, Warehousing Assets or Income Generating Industrial Investments?

Presenting 3 premium opportunities across Haryana & Punjab.

✅ 24.75 Acre Industrial Land – Karnal

✅ Income Generating Logistics Park – Ludhiana

✅ Freehold Industrial Property – Opposite Ludhiana Airport

Suitable for manufacturers, logistics operators, investors and industrial groups.",386,Learn more,fb.me,"FACEBOOK; INSTAGRAM; AUDIENCE_NETWORK",2026-06-13,2026-06-18,,Original: https://scontent.fjai6-1.fna.fbcdn.net/v/t39.35426-6/722604878_2561705244267283_2150686595704081092_n.jpg?_nc_cat=105&ccb=1-7&_nc_sid=c53f8f&_nc_ohc=JHUIIVc3XFIQ7kNvwHHos7c&_nc_oc=Adokdhu6PgtmMAQL42GbQvoFtivN3Pv_r28rzUNf9VzCKJAqws8td6jgXoY6FZ4X5TeHOlbwMriiKFvr1MMIIg-c&_nc_zt=14&_nc_ht=scontent.fjai6-1.fna&_nc_gid=bCPoBJD6IgQHUVOA6B8ddw&_nc_ss=7b289&oh=00_Af_jmqqWA_iYnbSL3vSe7BdlKL08Fdjl-9O6byGB2h94cA&oe=6A39A7B8 | Resized: https://scontent.fjai6-1.fna.fbcdn.net/v/t39.35426-6/721995521_26911076365251446_1605706493667877833_n.jpg?stp=dst-jpg_s600x600_tt6&_nc_cat=110&ccb=1-7&_nc_sid=c53f8f&_nc_ohc=fW_YNONvAmYQ7kNvwE1I1gY&_nc_oc=AdopblISVYElACt944V4VreXdo5D-ukB8EGY_P5uR4JABFdy6KIyt4ek5wpB0KdSl_aaMoPANUj6eVhSRs-glqoD&_nc_zt=14&_nc_ht=scontent.fjai6-1.fna&_nc_gid=bCPoBJD6IgQHUVOA6B8ddw&_nc_ss=7b289&oh=00_Af-Ss1RgDRv6x-dC7DftMQPnyL_f9KEX248hBbkJhEo2HQ&oe=6A39B7E8,,,,,,
1517136740156162,https://www.facebook.com/61586119149682/,api.whatsapp.com,https://www.facebook.com/61586119149682/,,,,vihaarealestate25@gmail.com,+91 99002 35606,,,,988309067690817,https://api.whatsapp.com/send,Vihaa Real estate,https://www.facebook.com/ads/library/?id=1517136740156162,"A ಖಾತಾ Sites @ ₹3999! 🏡✨

Presenting ""Harmony Greens""
Premium BMRDA 'A' Khata NPA sites ready for immediate registration.

💰 Price: ₹3,999/Sq.ft. (Negotiable)

📍 Prime Location:
📌 1 km from the Nelamangala - Doddaballapura Highway
📌 1 km from Basavanahalli
📌 Attached to MS Ramaiah Layout & Nadaprabhu Kempegowda Layout
📌 1.5 km from Nelamangala Railway Station
📌 2 km from Nelamangala Junction
📌 2 km from the upcoming Nelamangala Metro Station

🌀 Top-Class Amenities:
💧 Overhead Water Tank & Individual Water Connections for each site
♻️ STP (Sewage Treatment Plant)
🛣️ Asphalted 30-foot wide roads
⚡ Transformer with Electric Poles
🏞️ Park & Tree Plantations

🌟 Project Highlights:
🏢 ABB Factory, Nelamangala
🛒 D-Mart nearby
🏭 50+ Companies in the vicinity
🛣️ Upcoming PRR (Peripheral Ring Road)
🚗 NICE Road Junction
🚇 BIEC Metro Station
🏗️ Upcoming Multi-Modal Logistics Park

💫 Get ready for your future life investments! All facilities are completed and ready to go.

📞 Book a Site Visit today: +91 9900235606

#HarmonyGreens #Nelamangala #BangaloreRealEstate #BMRDASites #AKhata #RealEstateKarnataka #PropertyInvestment #SitesForSale #BangaloreProperties #InvestmentOpportunity",12,Send WhatsApp message,api.whatsapp.com,"FACEBOOK; INSTAGRAM; AUDIENCE_NETWORK; MESSENGER",2026-05-25,2026-06-17,HD: https://video.fjai6-1.fna.fbcdn.net/o1/v/t2/f2/m366/AQPrbBWzRNlJgLLwf97U4vxTYKTIpkic-srADcXwyOQm5CeI2cKE9f5NJJlVudizAHQn4PUfV0NGsdTmfjk3L81kv8P1FXvvdWfJiSyJCMTo7g.mp4?_nc_cat=100&_nc_oc=Adr3fKAx5fhhYOZ0V6-eTqjf2fj8C34_H-6Kd81noRncil4BpXvwFaMLWbVNx_M7iux03EK0xIV-5hClCC-FbRdC&_nc_sid=b66105&_nc_ht=video.fjai6-1.fna.fbcdn.net&_nc_ohc=_u7H1IMbR3kQ7kNvwER-o_-&efg=eyJ2ZW5jb2RlX3RhZyI6Inhwdl9wcm9ncmVzc2l2ZS5WSV9VU0VDQVNFX1BST0RVQ1RfVFlQRS4uQzMuNzIwLmRhc2hfaDI2NC1iYXNpYy1nZW4yXzcyMHAiLCJ4cHZfYXNzZXRfaWQiOjE2NDg4MzE2OTI5MjU0NDksImFzc2V0X2FnZV9kYXlzIjo2NCwidmlfdXNlY2FzZV9pZCI6MTAxMjIsImR1cmF0aW9uX3MiOjUzLCJ1cmxnZW5fc291cmNlIjoid3d3In0%3D&ccb=17-1&vs=c997bbead2911263&_nc_vs=HBksFQIYRWZiX2VwaGVtZXJhbC9GNTQzRjM5QjZFNDk1REY0MEMxNzE1ODZDQTY1RTdBMV9tdF8xX3ZpZGVvX2Rhc2hpbml0Lm1wNBUAAsgBEgAVAhhAZmJfcGVybWFuZW50L0IyNDE0Q0JFREJBMTU2OUQ0MjIzOTFCQ0Q4Qjk1RTkyX2F1ZGlvX2Rhc2hpbml0Lm1wNBUCAsgBEgAoABgAGwKIB3VzZV9vaWwBMRJwcm9ncmVzc2l2ZV9yZWNpcGUBMRUAACaSqM-10ebtBRUCKAJDMywXQEqqn752yLQYGWRhc2hfaDI2NC1iYXNpYy1nZW4yXzcyMHARAHUAZZSeAQA&_nc_gid=bCPoBJD6IgQHUVOA6B8ddw&_nc_ss=7b289&_nc_zt=28&oh=00_Af-dz-tXgetpRHxYbe04S-n4UREmPj75QzMsXWoV3clVZA&oe=6A39AEA0 | SD: https://video.fjai6-1.fna.fbcdn.net/o1/v/t2/f2/m412/AQMS2KbcF6GLs8rVbiWKbX_t6qj4plM3vAFakN5lrLeGkYrOEKaOWSEddT-nFyLAZQcopD9L00wKwGNOR5ZHwxpE7S92bIVUvuroeLodLA.mp4?_nc_cat=101&_nc_oc=Adq9JIhY3RgsGU4TDE0exZOfKesmFkezve_HwssGkuKaWIdgwQiULJXnMoIU5LtPq_BncG-J_g8g95TqIh4J7r9u&_nc_sid=ef5aa3&_nc_ht=video.fjai6-1.fna.fbcdn.net&_nc_ohc=9bmu7ICIFnYQ7kNvwH4q4yT&efg=eyJ2ZW5jb2RlX3RhZyI6Inhwdl9wcm9ncmVzc2l2ZS5WSV9VU0VDQVNFX1BST0RVQ1RfVFlQRS4uQzMuMzYwLnN2ZV9zZCIsInhwdl9hc3NldF9pZCI6MTY0ODgzMTY5MjkyNTQ0OSwiYXNzZXRfYWdlX2RheXMiOjY0LCJ2aV91c2VjYXNlX2lkIjoxMDEyMiwiZHVyYXRpb25fcyI6NTMsInVybGdlbl9zb3VyY2UiOiJ3d3cifQ%3D%3D&ccb=17-1&_nc_gid=bCPoBJD6IgQHUVOA6B8ddw&_nc_ss=7b289&_nc_zt=28&oh=00_Af8A6jGztkzMt-7OjoTW-5BlQAclzQTYF0GAd8hS3JT1ww&oe=6A39954D | Preview: https://scontent.fjai6-1.fna.fbcdn.net/v/t39.35426-6/704914305_961804730100750_8565015497288300732_n.jpg?_nc_cat=100&ccb=1-7&_nc_sid=c53f8f&_nc_ohc=BDcpXH5ycJcQ7kNvwHN_YLK&_nc_oc=AdpQ089vDlP73LZ4iqAONWrhlN83PjSKQFC1Fc2fJTF_tSy2_fKFkZESXNEqEB7jFc3--54ikqoQwasSOpjW-rn0&_nc_zt=14&_nc_ht=scontent.fjai6-1.fna&_nc_gid=bCPoBJD6IgQHUVOA6B8ddw&_nc_ss=7b289&oh=00_Af8YgDWWvpOQ0SxgQJ1LATtJlenvyeP6Ldj48zOuw3rKAg&oe=6A39B25F,,,,,,,
1466867991860313,https://www.facebook.com/TVSILPs/,fb.me,https://www.facebook.com/TVSILPs/,,,,info@tvsilp.in,+91 44 4556 6747,,,,102176288929379,http://fb.me/,TVS Industrial & Logistics Parks,https://www.facebook.com/ads/library/?id=1466867991860313,"Looking to expand your business in Central India? We have the perfect location for you.

TVS Industrial & Logistics Parks brings you Built-to-Suit warehousing facility in Indore, the logistics hub of Central India.

Whether you're in FMCG, Automotive, E-commerce, or 3PL, our facility near Pithampur Sector 7 is ideal for all your operational needs.

Don't miss out on this prime location, connect today:

+91 7718989520 | bd.team@tvsilp.in | info@tvsilp.in

#TVSILP #Indore #Warehousing #MadhyaPradesh #Logistics #CentralIndia #Pithampur",784,Get quote,fb.me,"FACEBOOK; INSTAGRAM; AUDIENCE_NETWORK",2026-06-09,2026-06-17,,Original: https://scontent.fjai6-1.fna.fbcdn.net/v/t39.35426-6/720971976_4346240135615809_3316648663043055038_n.jpg?_nc_cat=100&ccb=1-7&_nc_sid=c53f8f&_nc_ohc=DsfHutoxkzYQ7kNvwGN_HNw&_nc_oc=AdpwAlP3Tj61hP-659exSkirJ0fJJ4zROBOgMaKANYhH7ind9z9BQbZytaUZ_Xf_Bz7svAj8f8LXHmN6Yx1KxGSZ&_nc_zt=14&_nc_ht=scontent.fjai6-1.fna&_nc_gid=bCPoBJD6IgQHUVOA6B8ddw&_nc_ss=7b289&oh=00_Af9w_E6JGDGmxi9_XpWU58hdbapRi7WgrqZ2u9Y2y9Bd_Q&oe=6A39A64D | Resized: https://scontent.fjai6-1.fna.fbcdn.net/v/t39.35426-6/720398847_2260802171325128_5957211355119594557_n.jpg?stp=dst-jpg_s600x600_tt6&_nc_cat=103&ccb=1-7&_nc_sid=c53f8f&_nc_ohc=AXujHJQxIOoQ7kNvwE4ed3r&_nc_oc=AdpxqF92DPwx1Ii9eyqnSnNwE2z6-Em9vLW0I_-tbqUwpsDrepVeYT9sP27bcFb6JX9VRYZqVqDCa1i29vOVHd-H&_nc_zt=14&_nc_ht=scontent.fjai6-1.fna&_nc_gid=bCPoBJD6IgQHUVOA6B8ddw&_nc_ss=7b289&oh=00_Af-qlhK0MgAQYXp9_BGRp8tQ84yKIEVRIbk2PID2ePynTQ&oe=6A398EC5,,,,,,
2897522060592649,https://www.facebook.com/61557557017102/,fb.me,https://www.facebook.com/61557557017102/,,,,sales@arihantfoundations.in,+91 89883 38833,,,,263995340130655,http://fb.me/,DMR Landz,https://www.facebook.com/ads/library/?id=2897522060592649,"Looking for the perfect space to grow your industrial business? 

DMR Landz Infinity offers industrial plots, sizes starting from 10,000 sq. ft, situated just 3 minutes from GNT Road. With unmatched proximity to major transport routes and excellent accessibility, this is the ideal location for businesses ready to thrive. Don’t miss this opportunity to establish yourself in a highly connected industrial zone.

- 3 mins from GNT Road
- 24/7 Security
- Solar lights on Road
- Suitable for immediate construction
- CCTV Surveillance
- Upto 80% bank loan available
- Hassle Free EB
- Zero water logging

Don't miss out—invest now in DMR Landz Infinity and build your future today!",17952,Get quote,fb.me,"FACEBOOK; INSTAGRAM",2026-06-11,2026-06-17,,Original: https://scontent.fjai6-1.fna.fbcdn.net/v/t39.35426-6/720988360_1729020948535445_2371199704659888259_n.jpg?_nc_cat=108&ccb=1-7&_nc_sid=c53f8f&_nc_ohc=rRmePinLZpAQ7kNvwFhgBY-&_nc_oc=AdrwaUmOUOyWmEweiqWwzYH-Bp8UCkXlCtJT2ezpnccJ-3ThPBm2BnA0bVXLL-7jzyaxmYC4Z5JDCOZw-HFvQcWR&_nc_zt=14&_nc_ht=scontent.fjai6-1.fna&_nc_gid=bCPoBJD6IgQHUVOA6B8ddw&_nc_ss=7b289&oh=00_Af_QIfwKQIHgjX1eCIlvxkJ7lyhmuavdkGKA11WKWXy1Pg&oe=6A398DF7 | Resized: https://scontent.fjai6-1.fna.fbcdn.net/v/t39.35426-6/720971501_1542412927319283_4320066552441463120_n.jpg?stp=dst-jpg_s600x600_tt6&_nc_cat=101&ccb=1-7&_nc_sid=c53f8f&_nc_ohc=Fk2UA311K8oQ7kNvwHYUCFg&_nc_oc=AdrJcf5Xc3ghKTcTF6ZQHGzysqS9jHGuUmoklZnMezbVROtt0gKWlpjIBqpNWdr0BdyMdWGSJtwDTs065Np8gkqp&_nc_zt=14&_nc_ht=scontent.fjai6-1.fna&_nc_gid=bCPoBJD6IgQHUVOA6B8ddw&_nc_ss=7b289&oh=00_Af9-5qB7OGHxmdtPz9mYLjbDyNrzBf6tYelUEHNPzxu35g&oe=6A39B9C9,,,,,,
1933583907194677,https://www.facebook.com/61585613997328/,api.whatsapp.com,https://www.facebook.com/61585613997328/,,,,,,,,,901297666405537,https://api.whatsapp.com/send,Keton Kurta,https://www.facebook.com/ads/library/?id=1933583907194677,"Kurta Manufacturer in Surat for Bulk & Wholesale Orders If you are a kurta retailer, wholesaler, or ethnic wear brand, sourcing quality products in bulk starts with the right manufacturer.
Keton Kurta is a manufacturer specializing in premium designer kurtas and ethnic wear, crafted for large-scale retail and wholesale requirements.

We manufacture kurtas that meet market demand, seasonal trends, and consistent sizing standards, ensuring smooth retail performance across festivals and regular sales cycles.

• Bulk kurta manufacturing 
• Premium fabrics & finishing
• Consistent quality across lots
• Competitive wholesale pricing
• Reliable production timelines

📞Enquiries Only: +91 73740 08200
267, RAGHUVIR SCARLETT, NEAR DMD LOGISTICS PARK, SAROLI, Surat, Gujarat 395010",123,Send WhatsApp message,api.whatsapp.com,"FACEBOOK; INSTAGRAM; AUDIENCE_NETWORK; WHATSAPP",2026-06-13,2026-06-16,HD: https://video.fjai6-1.fna.fbcdn.net/o1/v/t2/f2/m366/AQMfpzSYbtzMeEp52RzAYyq_F3hgo8SFRVPORPWR_NvAsFxIL2PzwgBDZQQhoComu-F6e4TSRqdGv5h3ZltchRFwLDPQp_OrIMzjON4gAaZXpQ.mp4?_nc_cat=110&_nc_oc=AdpTn6LtjgboTDX9ntePpUSgP8nQAZbIYv2hvP0xnHKittAlVr2yiIhSXQiq_d-GUYV5prjmmkqOlHMF9mNOEY4z&_nc_sid=b66105&_nc_ht=video.fjai6-1.fna.fbcdn.net&_nc_ohc=0NZcOWQ2L5UQ7kNvwF6uz2m&efg=eyJ2ZW5jb2RlX3RhZyI6Inhwdl9wcm9ncmVzc2l2ZS5WSV9VU0VDQVNFX1BST0RVQ1RfVFlQRS4uQzMuNzIwLmRhc2hfaDI2NC1iYXNpYy1nZW4yXzcyMHAiLCJ4cHZfYXNzZXRfaWQiOjI2NDY5MjYzMDQ2MTA2NjE4LCJhc3NldF9hZ2VfZGF5cyI6MzQsInZpX3VzZWNhc2VfaWQiOjEwNzk5LCJkdXJhdGlvbl9zIjozOSwidXJsZ2VuX3NvdXJjZSI6Ind3dyJ9&ccb=17-1&vs=a66f964a28378261&_nc_vs=HBksFQIYRWZiX2VwaGVtZXJhbC84RTQ5N0E5MThCNzUxRTE5MzQ1QkVFMDA1MjVCMEU5RF9tdF8xX3ZpZGVvX2Rhc2hpbml0Lm1wNBUAAsgBEgAVAhhAZmJfcGVybWFuZW50LzVFNEQ3MzRDRkU0OERCNkQ0MTVGQjU2NjgzODhEMkFCX2F1ZGlvX2Rhc2hpbml0Lm1wNBUCAsgBEgAoABgAGwKIB3VzZV9vaWwBMRJwcm9ncmVzc2l2ZV9yZWNpcGUBMRUAACb096LV8emEXhUCKAJDMywXQEOu2RaHKwIYGWRhc2hfaDI2NC1iYXNpYy1nZW4yXzcyMHARAHUAZd6oAQA&_nc_gid=bCPoBJD6IgQHUVOA6B8ddw&_nc_ss=7b289&_nc_zt=28&oh=00_Af9jGZ3Xmx55MhHw1MRwqEQjiTxD5m5v6QuMlLoGqOGS2A&oe=6A39A386 | SD: https://video.fjai6-1.fna.fbcdn.net/o1/v/t2/f2/m412/AQPp5Cv0IIk6jzGDM4I_jXFY04kQaWcEABesgSCXDGxcgNMmo7BDsHBGKlC4YRZWbC-4uR7_QYrewUOMVdLC_ytXqcNSLTNh-di2uS-mGA.mp4?_nc_cat=108&_nc_oc=AdruzyyXUkij6vl1pvo5e6-uoDpEEa4Pzx9RSNEoobSqs5w6--4JDQ8aFNtvEmyemJi-fZTVsSkPx44KgSBI4jnc&_nc_sid=ef5aa3&_nc_ht=video.fjai6-1.fna.fbcdn.net&_nc_ohc=nWCZ79EiJIYQ7kNvwHYtWlD&efg=eyJ2ZW5jb2RlX3RhZyI6Inhwdl9wcm9ncmVzc2l2ZS5WSV9VU0VDQVNFX1BST0RVQ1RfVFlQRS4uQzMuMzYwLnN2ZV9zZCIsInhwdl9hc3NldF9pZCI6MjY0NjkyNjMwNDYxMDY2MTgsImFzc2V0X2FnZV9kYXlzIjozNCwidmlfdXNlY2FzZV9pZCI6MTA3OTksImR1cmF0aW9uX3MiOjM5LCJ1cmxnZW5fc291cmNlIjoid3d3In0%3D&ccb=17-1&_nc_gid=bCPoBJD6IgQHUVOA6B8ddw&_nc_ss=7b289&_nc_zt=28&oh=00_Af9OOT1qHqNdgsmxbYXxaX9kCeSUcAf7fMkdWAFKPXv7vg&oe=6A39AEE2 | Preview: https://scontent.fjai6-1.fna.fbcdn.net/v/t39.35426-6/706218778_26818328144460301_207270397034130955_n.jpg?_nc_cat=107&ccb=1-7&_nc_sid=c53f8f&_nc_ohc=U1VykwYSNncQ7kNvwGvAhii&_nc_oc=AdrLit7cnq_j_dxShSEU0OpwEKT5mW9tm5g5m4CtlY65eE8JwIlH1UP1__Q_7iskvRWt2AfKrbVYQq8IYK9gfQ8A&_nc_zt=14&_nc_ht=scontent.fjai6-1.fna&_nc_gid=bCPoBJD6IgQHUVOA6B8ddw&_nc_ss=7b289&oh=00_Af8kH6z-tcrcBEB9v2i1wnZplWOJKgUzpXhaxxupdhq7eA&oe=6A39B73B,,,,,,,
977322951843656,https://www.facebook.com/jkpropertiesrealstate/,api.whatsapp.com,https://www.facebook.com/jkpropertiesrealstate/,,,,jkpropertiestigaon@gmail.com,+91 95998 88999,,,,1040067919196921,https://api.whatsapp.com/send,JK Properties,https://www.facebook.com/ads/library/?id=977322951843656,"Premium 6.75 Acre Land Available for Sale

📍 Near Eastern & Western Peripheral Expressway

✅ 4 Side Open Land
✅ 155 Feet Front on 27.5 Feet Black Road
✅ Precast Boundary Installed
✅ 3 Additional Frontages
✅ Ideal for Warehouse, Logistics Park, Industrial Unit & Commercial Development
✅ Fast Growing NCR Investment Corridor
✅ Clear Ownership & Immediate Possession

This strategic land parcel offers excellent connectivity, strong appreciation potential, and multiple development opportunities for investors, developers, and industrial buyers.

📞 Call Now: 9599888999

📅 Site Visit Available

Book Your Site Visit Today!",6,Send WhatsApp message,WhatsApp,"FACEBOOK; INSTAGRAM; AUDIENCE_NETWORK; MESSENGER; WHATSAPP",2026-06-16,2026-06-17,,Original: https://scontent.fjai6-1.fna.fbcdn.net/v/t39.35426-6/724407905_2222869501900425_1219813025853983949_n.jpg?_nc_cat=105&ccb=1-7&_nc_sid=c53f8f&_nc_ohc=skhCuuVNhCUQ7kNvwH17JnV&_nc_oc=Adq7sSPDWQCS7_GiK7u2JWGJW2XiERwJYWKXkNo03HIHYIM1CtcyDAmvASa4KNEa0gZI4Po2Tp2ism4tyFbK_7Rl&_nc_zt=14&_nc_ht=scontent.fjai6-1.fna&_nc_gid=bCPoBJD6IgQHUVOA6B8ddw&_nc_ss=7b289&oh=00_Af_lIVh-YDsd1B8njLSjDvAGJFtDQYVcEaNE0ZMSfp7etg&oe=6A39B22D | Resized: https://scontent.fjai6-1.fna.fbcdn.net/v/t39.35426-6/724484442_1690037398739558_8066186479192775357_n.jpg?stp=dst-jpg_s600x600_tt6&_nc_cat=110&ccb=1-7&_nc_sid=c53f8f&_nc_ohc=4ADx1wGB2YUQ7kNvwEKWI14&_nc_oc=Adqn6B-vG_D-Kke2cly3dqwjgzSpDvaDxSro4uOtMioft_A3Nevf13iUOmt9I5oRcX0-FEvmPzo7SJUjyyPgAif4&_nc_zt=14&_nc_ht=scontent.fjai6-1.fna&_nc_gid=bCPoBJD6IgQHUVOA6B8ddw&_nc_ss=7b289&oh=00_Af8F10HcLsKPEdcpBMdYb4SYs3STU4Vff5tv07SsTd_QUw&oe=6A39A201,,,,,,
2260648958076958,https://www.facebook.com/61576439761237/,fb.me,https://www.facebook.com/61576439761237/,,,,,,,,,959082910631471,http://fb.me/,Vision Properties,https://www.facebook.com/ads/library/?id=2260648958076958,"OMR chance miss ஆயிடுச்சா?
கவலை வேண்டாம்!

Mappedu – Thakkolam வளர்ந்து வரும் Chennai’s biggest logistics corridorல
State Highway facing land just ₹15 Lakhs!

Hyundai, Johnson Lifts, Expressway, Logistics Park, Parandur Airport — எல்லாமே அருகில்.

🔥 First 25 customersக்கு Registration FREE!

👇 Site Visit Book பண்ணுங்க!",4,Book now,fb.me,"FACEBOOK; INSTAGRAM; AUDIENCE_NETWORK",2026-06-15,2026-06-18,HD: https://video.fjai6-1.fna.fbcdn.net/o1/v/t2/f2/m366/AQMBuzpEUDkWs1MM97vQnHsWb4femaXbECunA1QkIYABd1qPgJLHmqkZAhLLd3HM7HoJyzjmYnUd5QTSeAB-GxzAr5e6ghFM4TkkjY4m_y9iWQ.mp4?_nc_cat=102&_nc_oc=AdqtxaACP8knaFmuWpIVBkogaD3IaQiX8502U-KmpmOdIMn3eny4Y9XUhbR7EPPPl9D6BHgT08U9oXVvNB7S7hfX&_nc_sid=b66105&_nc_ht=video.fjai6-1.fna.fbcdn.net&_nc_ohc=DsLGJ0E_sNAQ7kNvwHO4FCk&efg=eyJ2ZW5jb2RlX3RhZyI6Inhwdl9wcm9ncmVzc2l2ZS5WSV9VU0VDQVNFX1BST0RVQ1RfVFlQRS4uQzMuNzIwLmRhc2hfaDI2NC1iYXNpYy1nZW4yXzcyMHAiLCJ4cHZfYXNzZXRfaWQiOjEzMzg0NjY5MDQ5MjYwNDMsImFzc2V0X2FnZV9kYXlzIjo1LCJ2aV91c2VjYXNlX2lkIjoxMDc5OSwiZHVyYXRpb25fcyI6NTAsInVybGdlbl9zb3VyY2UiOiJ3d3cifQ%3D%3D&ccb=17-1&vs=9306c05d1bd8295a&_nc_vs=HBksFQIYRWZiX2VwaGVtZXJhbC9CRTRFQUIzNDA0REY4MEU2MUE1RUE4M0U2MUI2RkNBQV9tdF8xX3ZpZGVvX2Rhc2hpbml0Lm1wNBUAAsgBEgAVAhhAZmJfcGVybWFuZW50LzkyNDM1Qjk0RUNDNTdDNDQxQTg5NjZBMEQyREExNzhBX2F1ZGlvX2Rhc2hpbml0Lm1wNBUCAsgBEgAoABgAGwKIB3VzZV9vaWwBMRJwcm9ncmVzc2l2ZV9yZWNpcGUBMRUAACa2ncvGg9XgBBUCKAJDMywXQElqn752yLQYGWRhc2hfaDI2NC1iYXNpYy1nZW4yXzcyMHARAHUAZd6oAQA&_nc_gid=bCPoBJD6IgQHUVOA6B8ddw&_nc_ss=7b289&_nc_zt=28&oh=00_Af85BpCuGOcKnIGamCL9_MqMr-0gCChfxc2X5z_rwXg0lw&oe=6A39B362 | SD: https://video.fjai6-1.fna.fbcdn.net/o1/v/t2/f2/m412/AQPgcjBKuJtgI7OU2ue5LiaZhn6xiq3JM_JmexHACArkTon_pLDP8Smvtu5bN2uJ-OUC0bDcZlCTIIEv1v9E5W0uuoh9LFwP1xKrq9QX3w.mp4?_nc_cat=111&_nc_oc=AdpmFjWApEoo1TGBBBrcbf_bJ9PliMROHeZ9c2bI9y7W9A-AIZkD54r6x8K_9XxzFFh5gYDDeidK3Y11Gfv4xy3l&_nc_sid=ef5aa3&_nc_ht=video.fjai6-1.fna.fbcdn.net&_nc_ohc=Ek7_HDYOvWEQ7kNvwFHo4Ri&efg=eyJ2ZW5jb2RlX3RhZyI6Inhwdl9wcm9ncmVzc2l2ZS5WSV9VU0VDQVNFX1BST0RVQ1RfVFlQRS4uQzMuMzYwLnN2ZV9zZCIsInhwdl9hc3NldF9pZCI6MTMzODQ2NjkwNDkyNjA0MywiYXNzZXRfYWdlX2RheXMiOjUsInZpX3VzZWNhc2VfaWQiOjEwNzk5LCJkdXJhdGlvbl9zIjo1MCwidXJsZ2VuX3NvdXJjZSI6Ind3dyJ9&ccb=17-1&_nc_gid=bCPoBJD6IgQHUVOA6B8ddw&_nc_ss=7b289&_nc_zt=28&oh=00_Af-_vWocF8af6nmXy5Xs6Imns2fDjmCvB7SFRJ6b3S4eBA&oe=6A39A9C3 | Preview: https://scontent.fjai6-1.fna.fbcdn.net/v/t39.35426-6/722117090_963508286498725_6065612311756096962_n.jpg?_nc_cat=106&ccb=1-7&_nc_sid=c53f8f&_nc_ohc=gJghmfejD1IQ7kNvwFux9sK&_nc_oc=AdpbTAWvwGKmTawSaSn3JQJaNRDi51Dytn5ASEZpSDdBVcS_4U8Wq27ZwJw3UQgoxgoRyz4mo8bPzs7lTgy3uZ6D&_nc_zt=14&_nc_ht=scontent.fjai6-1.fna&_nc_gid=bCPoBJD6IgQHUVOA6B8ddw&_nc_ss=7b289&oh=00_Af_H6JQV4SmztF2Iw04a7d41yFP6nYnjjkwxp5PyHzqMdA&oe=6A399FA0,,,,,,,
1556974465794719,https://www.facebook.com/61557557017102/,fb.me,https://www.facebook.com/61557557017102/,,,,sales@arihantfoundations.in,+91 89883 38833,,,,263995340130655,http://fb.me/,DMR Landz,https://www.facebook.com/ads/library/?id=1556974465794719,"Looking for the perfect space to grow your industrial business? 

DMR Landz Infinity offers industrial plots, sizes starting from 10,000 sq. ft, situated just 3 minutes from GNT Road. With unmatched proximity to major transport routes and excellent accessibility, this is the ideal location for businesses ready to thrive. Don’t miss this opportunity to establish yourself in a highly connected industrial zone.

- 3 mins from GNT Road
- 24/7 Security
- Solar lights on Road
- Suitable for immediate construction
- CCTV Surveillance
- Upto 80% bank loan available
- Hassle Free EB
- Zero water logging


Don't miss out—invest now in DMR Landz Infinity and build your future today!",17952,Get quote,fb.me,"FACEBOOK; INSTAGRAM",2026-06-16,2026-06-18,,,"Looking for the perfect space to grow your industrial business? 

DMR Landz Infinity offers industrial plots, sizes starting from 10,000 sq. ft, situated just 3 minutes from GNT Road. With unmatched proximity to major transport routes and excellent accessibility, this is the ideal location for businesses ready to thrive. Don’t miss this opportunity to establish yourself in a highly connected industrial zone.

- 3 mins from GNT Road
- 24/7 Security
- Solar lights on Road
- Suitable for immediate construction
- CCTV Surveillance
- Upto 80% bank loan available
- Hassle Free EB
- Zero water logging


Don't miss out—invest now in DMR Landz Infinity and build your future today! || Looking for the perfect space to grow your industrial business? 

DMR Landz Infinity offers industrial plots, sizes starting from 10,000 sq. ft, situated just 3 minutes from GNT Road. With unmatched proximity to major transport routes and excellent accessibility, this is the ideal location for businesses ready to thrive. Don’t miss this opportunity to establish yourself in a highly connected industrial zone.

- 3 mins from GNT Road
- 24/7 Security
- Solar lights on Road
- Suitable for immediate construction
- CCTV Surveillance
- Upto 80% bank loan available
- Hassle Free EB
- Zero water logging


Don't miss out—invest now in DMR Landz Infinity and build your future today! || Looking for the perfect space to grow your industrial business? 

DMR Landz Infinity offers industrial plots, sizes starting from 10,000 sq. ft, situated just 3 minutes from GNT Road. With unmatched proximity to major transport routes and excellent accessibility, this is the ideal location for businesses ready to thrive. Don’t miss this opportunity to establish yourself in a highly connected industrial zone.

- 3 mins from GNT Road
- 24/7 Security
- Solar lights on Road
- Suitable for immediate construction
- CCTV Surveillance
- Upto 80% bank loan available
- Hassle Free EB
- Zero water logging


Don't miss out—invest now in DMR Landz Infinity and build your future today!",http://fb.me/ || http://fb.me/ || http://fb.me/,,Get Quote || Get Quote || Get Quote,Original: https://scontent.fjai6-1.fna.fbcdn.net/v/t39.35426-6/678924860_796158099971938_6900431398191641172_n.jpg?_nc_cat=110&ccb=1-7&_nc_sid=c53f8f&_nc_ohc=SGyFJvPmcmcQ7kNvwGt7wCp&_nc_oc=AdohvmKwoFaDi359wNlFDbvIlphCUm2zdGE_lLthOETJ099FylS75bas98l6o-jrxZEJhDFuPWALnbU9dAHDwO9H&_nc_zt=14&_nc_ht=scontent.fjai6-1.fna&_nc_gid=5zH_k6I2qA6DUohj1B83gA&_nc_ss=7b289&oh=00_Af-FKhI_0iAGWRvb3x1E28YXzxw7XJgbpc3KaYZIXUzwZA&oe=6A399ABF | Resized: https://scontent.fjai6-1.fna.fbcdn.net/v/t39.35426-6/678976243_2083647535514445_4156283944642017560_n.jpg?stp=dst-jpg_s600x600_tt6&_nc_cat=106&ccb=1-7&_nc_sid=c53f8f&_nc_ohc=1yEHC78EFOQQ7kNvwFLcn6f&_nc_oc=AdozqSYoHn_QdEQ81gzqHirQgi-xI3vvomt9ABNUQ2Cqq8qCniPeUpOiyFbM2A4C6qeQ0F6v_zdTdCaWfNFyA7sm&_nc_zt=14&_nc_ht=scontent.fjai6-1.fna&_nc_gid=5zH_k6I2qA6DUohj1B83gA&_nc_ss=7b289&oh=00_Af_tkZvI5Iluzf9PSocwuBs5usXyn1irLBZui9q6686odw&oe=6A39A23A || Original: https://scontent.fjai6-1.fna.fbcdn.net/v/t39.35426-6/678532204_1388992239718720_189248532951475842_n.jpg?_nc_cat=101&ccb=1-7&_nc_sid=c53f8f&_nc_ohc=KQTG8vgyhz8Q7kNvwGz5ycs&_nc_oc=AdoKndFhhfMIf3Il5yGioZ5lwPka59QbHNeMOmrUdxP29Y0V_J4418iNgqtdoLb-dWtrAElWryd2cS7ad04QbeL-&_nc_zt=14&_nc_ht=scontent.fjai6-1.fna&_nc_gid=5zH_k6I2qA6DUohj1B83gA&_nc_ss=7b289&oh=00_Af9YWtbeK7BJBISnLPJMvNWXPc4EcSuan4cDD_Xjvchx0A&oe=6A399309 | Resized: https://scontent.fjai6-1.fna.fbcdn.net/v/t39.35426-6/679188180_1339199308049793_3453764874073357092_n.jpg?stp=dst-jpg_s600x600_tt6&_nc_cat=105&ccb=1-7&_nc_sid=c53f8f&_nc_ohc=DSS5h5qxPcUQ7kNvwG9nwnM&_nc_oc=AdrwbDm1GxlehgmtOwLyzfV1oWlLd52TKkcWcgghqLDL9rGqynBvUcf_tDTm1qCojIRblFueK_-juOmdbIB4-IeG&_nc_zt=14&_nc_ht=scontent.fjai6-1.fna&_nc_gid=5zH_k6I2qA6DUohj1B83gA&_nc_ss=7b289&oh=00_Af8VTiguYhQxNe4huufr-lisMLM3GOePYG2uTOZdbM0UJA&oe=6A39B9C0 || Original: https://scontent.fjai6-1.fna.fbcdn.net/v/t39.35426-6/673876503_2133537570799456_3344524248333162143_n.jpg?_nc_cat=107&ccb=1-7&_nc_sid=c53f8f&_nc_ohc=r5K0XyWUGacQ7kNvwGvufwy&_nc_oc=AdojjtpRHsz-vg6aTnkyfhp3jqrsTM43TzFiQIQOqtuycTH8z2CugF4mro8i7gKqaIeFp0kzn9xJJaxQnWZccGRH&_nc_zt=14&_nc_ht=scontent.fjai6-1.fna&_nc_gid=5zH_k6I2qA6DUohj1B83gA&_nc_ss=7b289&oh=00_Af9jZThEvpZSp5_Q6QU8PVHX6n_VLCegBiSmxM5jF1tbxg&oe=6A399EAD | Resized: https://scontent.fjai6-1.fna.fbcdn.net/v/t39.35426-6/676472910_1834943237660343_9164896611120970285_n.jpg?stp=dst-jpg_s600x600_tt6&_nc_cat=103&ccb=1-7&_nc_sid=c53f8f&_nc_ohc=sdDrGTUb-2kQ7kNvwFuK5C4&_nc_oc=Adr9y9QQUGQO_2RXKYh9N_MPScKPgj2NHb1-u121X_A2LeQQ_TVkJl19i-vSnoeD02YPVceOzkFOKS4ORpfI4LTv&_nc_zt=14&_nc_ht=scontent.fjai6-1.fna&_nc_gid=5zH_k6I2qA6DUohj1B83gA&_nc_ss=7b289&oh=00_Af9aQgh03trckCAXYRaqp4hxeh2Co9kFIs0x3psVZx_7rw&oe=6A39B2AD,
4980025925557630,https://www.facebook.com/PSGroupRealty/,pslogisticspark.com,https://www.facebook.com/PSGroupRealty/,,,,,"+913367676726, 03335676726, +76757576560, 03367676700, 03340304030",,,,1161764063844369,https://pslogisticspark.com/?utm_source=meta&utm_medium=social&utm_campaign=PS_LeadGen_Interest_04042026&utm_id=701OX00000pqdRd,PS Group,https://www.facebook.com/ads/library/?id=4980025925557630,"Grade-A logistics units from ₹2.99 Cr on Kona Expressway.
That’s what PS Logistics Park brings to businesses looking to scale near Kolkata.

Spread across 21 acres, this future-ready logistics hub combines connectivity, operational efficiency, and workforce comfort—so operations run smoother and teams work smarter.

✅ Spacious units with up to 17 ft clear height
✅ Workforce-ready amenities: dorms, crèche & medical bay
✅ Advanced safety systems with 24×7 operations
✅ Just 32 mins from central Kolkata business zones

Enquire today to check availability or book a site visit.
📞 +91 033 3567 6735",43113,Get quote,pslogisticspark.com,"FACEBOOK; INSTAGRAM; AUDIENCE_NETWORK; MESSENGER; THREADS",2026-06-16,2026-06-17,,,"Grade-A logistics units from ₹2.99 Cr on Kona Expressway.
That’s what PS Logistics Park brings to businesses looking to scale near Kolkata.

Spread across 21 acres, this future-ready logistics hub combines connectivity, operational efficiency, and workforce comfort—so operations run smoother and teams work smarter.

✅ Spacious units with up to 17 ft clear height
✅ Workforce-ready amenities: dorms, crèche & medical bay
✅ Advanced safety systems with 24×7 operations
✅ Just 32 mins from central Kolkata business zones

Enquire today to check availability or book a site visit.
📞 +91 033 3567 6735 || Grade-A logistics units from ₹2.99 Cr on Kona Expressway.
That’s what PS Logistics Park brings to businesses looking to scale near Kolkata.

Spread across 21 acres, this future-ready logistics hub combines connectivity, operational efficiency, and workforce comfort—so operations run smoother and teams work smarter.

✅ Spacious units with up to 17 ft clear height
✅ Workforce-ready amenities: dorms, crèche & medical bay
✅ Advanced safety systems with 24×7 operations
✅ Just 32 mins from central Kolkata business zones

Enquire today to check availability or book a site visit.
📞 +91 033 3567 6735 || Grade-A logistics units from ₹2.99 Cr on Kona Expressway.
That’s what PS Logistics Park brings to businesses looking to scale near Kolkata.

Spread across 21 acres, this future-ready logistics hub combines connectivity, operational efficiency, and workforce comfort—so operations run smoother and teams work smarter.

✅ Spacious units with up to 17 ft clear height
✅ Workforce-ready amenities: dorms, crèche & medical bay
✅ Advanced safety systems with 24×7 operations
✅ Just 32 mins from central Kolkata business zones

Enquire today to check availability or book a site visit.
📞 +91 033 3567 6735",https://pslogisticspark.com/?utm_source=meta&utm_medium=social&utm_campaign=PS_LeadGen_Interest_04042026&utm_id=701OX00000pqdRd || https://pslogisticspark.com/?utm_source=meta&utm_medium=social&utm_campaign=PS_LeadGen_Interest_04042026&utm_id=701OX00000pqdRd || https://pslogisticspark.com/?utm_source=meta&utm_medium=social&utm_campaign=PS_LeadGen_Interest_04042026&utm_id=701OX00000pqdRd,,Get Quote || Get Quote || Get Quote,Original: https://scontent.fjai6-1.fna.fbcdn.net/v/t39.35426-6/673461706_1271639747817470_8028220022144818355_n.jpg?_nc_cat=110&ccb=1-7&_nc_sid=c53f8f&_nc_ohc=5G93IqmTZAgQ7kNvwHFjr2i&_nc_oc=AdpD7x65bQjctf2xL_RFkmT6leteHjfZo_pSeBe8wQzrty5RsBmNSHrH5y5G9lXrla_GepQ8lTPxjx7XX9Dqx61B&_nc_zt=14&_nc_ht=scontent.fjai6-1.fna&_nc_gid=5zH_k6I2qA6DUohj1B83gA&_nc_ss=7b289&oh=00_Af-EnOw95sDMYV1cE4XoKavXvxBozOevmmfnBlMt12gWmA&oe=6A3991F3 | Resized: https://scontent.fjai6-1.fna.fbcdn.net/v/t39.35426-6/671222300_1710544863442492_1310646066412015248_n.jpg?stp=dst-jpg_s600x600_tt6&_nc_cat=108&ccb=1-7&_nc_sid=c53f8f&_nc_ohc=wDHZzokFkTMQ7kNvwGkZdoZ&_nc_oc=Adrg9Mr_a6ZH2Y7Ys08mfnKhOWAK8iOxj6lL-NRY4g1iG7txtm0mgNKXiGFXawaf5T6n0W0LsFPCD4jDlxIc8AkG&_nc_zt=14&_nc_ht=scontent.fjai6-1.fna&_nc_gid=5zH_k6I2qA6DUohj1B83gA&_nc_ss=7b289&oh=00_Af9krAesXnLL40Hreyct_rb7_2R7sc3G_DVpJWefxmf6_g&oe=6A39A666 || Original: https://scontent.fjai6-1.fna.fbcdn.net/v/t39.35426-6/670265307_1486907956281131_7659548414855758715_n.jpg?_nc_cat=108&ccb=1-7&_nc_sid=c53f8f&_nc_ohc=vJN5xIyn-OgQ7kNvwG9ler4&_nc_oc=AdqF82kPguGjeQv7_avCP5l6Y-262A3RtIMNqUdT5fvJq7VRtI-x8P3XvzM8ai0fYVNAHwu4uo-qBoHYuMv68Ihr&_nc_zt=14&_nc_ht=scontent.fjai6-1.fna&_nc_gid=5zH_k6I2qA6DUohj1B83gA&_nc_ss=7b289&oh=00_Af-ALiTCN_yJX2eOo-HnbBuRb2xxKR0xYbhc6P5UaSFZyQ&oe=6A39A785 | Resized: https://scontent.fjai6-1.fna.fbcdn.net/v/t39.35426-6/671212928_1608205303565335_2190167847209244600_n.jpg?stp=dst-jpg_s600x600_tt6&_nc_cat=100&ccb=1-7&_nc_sid=c53f8f&_nc_ohc=kCaB_5YBnPYQ7kNvwEuiUFg&_nc_oc=Adq6Ye6W6CuaOjF_zDLmKzWSnRtZVYl1mk5pSRS81OlRwEqAb06QoMU0pEkwzDwEwKRIfHz-ctA6Jh9cjbc9wij2&_nc_zt=14&_nc_ht=scontent.fjai6-1.fna&_nc_gid=5zH_k6I2qA6DUohj1B83gA&_nc_ss=7b289&oh=00_Af9TM2mLuMWG_VANSkh3eWGb0kscM7cBMCTYW6fYm-cHBw&oe=6A39A257 || Original: https://scontent.fjai6-1.fna.fbcdn.net/v/t39.35426-6/672608327_1608206270445338_8312249105967657943_n.jpg?_nc_cat=107&ccb=1-7&_nc_sid=c53f8f&_nc_ohc=8o7u04-IHOsQ7kNvwHMzkUp&_nc_oc=Adpa1VLZxr5Fa95xcbGhAb5B8nlxHa_PN8ihTe2J6WfydtohA-fFzcZ5mFgCdPD36C6pL0CRSd99ao9WcSElauWo&_nc_zt=14&_nc_ht=scontent.fjai6-1.fna&_nc_gid=5zH_k6I2qA6DUohj1B83gA&_nc_ss=7b289&oh=00_Af-qH4pIOMDuiWKQtb7KFWSw4gt1RTeBZLObEQt_pBeP5w&oe=6A39BD5B | Resized: https://scontent.fjai6-1.fna.fbcdn.net/v/t39.35426-6/671695975_2009841043270087_5645770297912764461_n.jpg?stp=dst-jpg_s600x600_tt6&_nc_cat=109&ccb=1-7&_nc_sid=c53f8f&_nc_ohc=X12zvAWWqNoQ7kNvwGUSldt&_nc_oc=AdoPylcMBCu9gDGagT7eMCBBdPtV0IPgXSkmcvXYupkRyTsgsjdUTDcUFLtLYhAN-VN0KisLoy6SXBZi-0iaAyzT&_nc_zt=14&_nc_ht=scontent.fjai6-1.fna&_nc_gid=5zH_k6I2qA6DUohj1B83gA&_nc_ss=7b289&oh=00_Af8YyQmYbtVibPQJ_E8JXQzm_NqlqhooNfORXsCZF0gpnA&oe=6A39B8CA,
1229911255756582,https://www.facebook.com/manoramahorizon/,fb.me,https://www.facebook.com/manoramahorizon/,,,,support@manoramahorizon.com,+91 90489 91111,,,,305125096582438,http://fb.me/,Manorama Horizon,https://www.facebook.com/ads/library/?id=1229911255756582,"2026ഓടെ കൊച്ചി ഇന്ത്യയിലെ പ്രധാന Logistics Mother Hub ആയി മാറുന്നു 🚢📦

₹1400 കോടി രൂപയുടെ mega investments.
70 ഏക്കറിൽ Adani Group logistics park.
100 ഏക്കറിൽ International logistics giant project.

1500+ direct jobs.
Hundreds of indirect opportunities.

Logistics മേഖല ഇനി Keralaയിൽ explosive growth കാണും.

ചോദ്യം ഒന്ന് മാത്രം —
ഈ അവസരങ്ങൾക്ക് നിങ്ങൾ ready ആണോ?

Companies ഇനി അന്വേഷിക്കുന്നത്:

✔ Supply Chain Planning skills
✔ Inventory Optimization
✔ AI-based Forecasting
✔ Data-driven logistics management

Manorama Horizon അവതരിപ്പിക്കുന്ന
Advanced Course in Logistics & Supply Chain Management with AI

Industry-oriented syllabus
Expert guidance
Career-focused training",99756,Apply now,fb.me,"FACEBOOK; INSTAGRAM; AUDIENCE_NETWORK",2026-06-08,2026-06-16,HD: https://video.fjai6-1.fna.fbcdn.net/o1/v/t2/f2/m366/AQN953wPBWAOZBWIyhO2cKQBGcBSEIqnFaXYrwjY8kbgZh94lmvI1wW922tfYLAzf59YUDr5XRAdOQLml3YEZPMiVONGTXmu7RuqbiieZIOkOA.mp4?_nc_cat=102&_nc_oc=AdrdKxeZzXfyd-82vTYNvA_2qjcHIW-DBYCsUWjwa7pErILs8H4iw2Kp1q8W7l3U2r0yW7fF9oX528GPk8LUOehi&_nc_sid=b66105&_nc_ht=video.fjai6-1.fna.fbcdn.net&_nc_ohc=Lc7imxvt_3kQ7kNvwFMlTxC&efg=eyJ2ZW5jb2RlX3RhZyI6Inhwdl9wcm9ncmVzc2l2ZS5WSV9VU0VDQVNFX1BST0RVQ1RfVFlQRS4uQzMuNzIwLmRhc2hfaDI2NC1iYXNpYy1nZW4yXzcyMHAiLCJ4cHZfYXNzZXRfaWQiOjc4ODcwNDEzNzYxMTU5MywiYXNzZXRfYWdlX2RheXMiOjExNCwidmlfdXNlY2FzZV9pZCI6MTA3OTksImR1cmF0aW9uX3MiOjM0LCJ1cmxnZW5fc291cmNlIjoid3d3In0%3D&ccb=17-1&vs=2c977a6dc8218f8f&_nc_vs=HBksFQIYRWZiX2VwaGVtZXJhbC9BODRFNjU0QTBCN0I0ODhENUYxRThCMTkwREI4Mjk4N19tdF8xX3ZpZGVvX2Rhc2hpbml0Lm1wNBUAAsgBEgAVAhhAZmJfcGVybWFuZW50L0ZDNDIxRDQ0QUREMTE1OUE4REJBQTdEMTJERUMyM0JGX2F1ZGlvX2Rhc2hpbml0Lm1wNBUCAsgBEgAoABgAGwKIB3VzZV9vaWwBMRJwcm9ncmVzc2l2ZV9yZWNpcGUBMRUAACaSpaTfz9TmAhUCKAJDMywXQEEAAAAAAAAYGWRhc2hfaDI2NC1iYXNpYy1nZW4yXzcyMHARAHUAZd6oAQA&_nc_gid=5zH_k6I2qA6DUohj1B83gA&_nc_ss=7b289&_nc_zt=28&oh=00_Af_UXa97BOq7yKg4WK-CAab5yBkwYF1p6bZ_9qEz_SD-uQ&oe=6A39A04E | SD: https://video.fjai6-1.fna.fbcdn.net/o1/v/t2/f2/m412/AQNlclpo-ILUj4ZNekDuKlW1oFLNbGHgnmNDnoNerEjF2f5uaBzRgajleGVgbJhVKYyHDkvx8RbjBJk-T2p1xgqMsE3fiGO-wBsMGT1pYQ.mp4?_nc_cat=110&_nc_oc=Adrk5sUG6x1EI0Ew0MyKswrh_urk9YWD_aNFZV_omAPTrSbjKZbMPEkJbrxX6r4bk-3YeUskQdifKLh5WVyAVq60&_nc_sid=ef5aa3&_nc_ht=video.fjai6-1.fna.fbcdn.net&_nc_ohc=uLu--iH8nwYQ7kNvwHKQgBj&efg=eyJ2ZW5jb2RlX3RhZyI6Inhwdl9wcm9ncmVzc2l2ZS5WSV9VU0VDQVNFX1BST0RVQ1RfVFlQRS4uQzMuMzYwLnN2ZV9zZCIsInhwdl9hc3NldF9pZCI6Nzg4NzA0MTM3NjExNTkzLCJhc3NldF9hZ2VfZGF5cyI6MTE0LCJ2aV91c2VjYXNlX2lkIjoxMDc5OSwiZHVyYXRpb25fcyI6MzQsInVybGdlbl9zb3VyY2UiOiJ3d3cifQ%3D%3D&ccb=17-1&_nc_gid=5zH_k6I2qA6DUohj1B83gA&_nc_ss=7b289&_nc_zt=28&oh=00_Af8Ktxc5hTNrtwV7bzCxBkSPeJOf2YyvvH9RPHlLh31RDQ&oe=6A399958 | Preview: https://scontent.fjai6-1.fna.fbcdn.net/v/t39.35426-6/720603173_27433286989630778_5288989757467406229_n.jpg?_nc_cat=104&ccb=1-7&_nc_sid=c53f8f&_nc_ohc=7Ik59IEyCikQ7kNvwHvTaQM&_nc_oc=AdoUzeyIjwLRyNFXfEmP2q0iHTnoRlIeFA1JUeWw5hsluBz3Yp9ToEozguHCSw0dU_XPfqhnOXZBS7p268hoAY_H&_nc_zt=14&_nc_ht=scontent.fjai6-1.fna&_nc_gid=5zH_k6I2qA6DUohj1B83gA&_nc_ss=7b289&oh=00_Af9_Fe01iodxLsTEA6VibnqEQG15jJyjdrkNCDpkK_OT2Q&oe=6A39A25C,,,,,,,
1710371276811951,https://www.facebook.com/61557557017102/,fb.me,https://www.facebook.com/61557557017102/,,,,sales@arihantfoundations.in,+91 89883 38833,,,,263995340130655,http://fb.me/,DMR Landz,https://www.facebook.com/ads/library/?id=1710371276811951,"Looking for the perfect space to grow your industrial business? 

DMR Landz Infinity offers industrial plots, sizes starting from 5000 sq. ft, situated just 3 minutes from GNT Road. With unmatched proximity to major transport routes and excellent accessibility, this is the ideal location for businesses ready to thrive. Don’t miss this opportunity to establish yourself in a highly connected industrial zone.

- 3 mins from GNT Road
- 24/7 Security
- Solar lights on Road
- Suitable for immediate construction
- CCTV Surveillance
- Upto 80% bank loan available
- Hassle Free EB
- Zero water logging


Don't miss out—invest now in DMR Landz Infinity and build your future today!",17952,Get quote,fb.me,"FACEBOOK; INSTAGRAM",2026-06-08,2026-06-18,,,"Looking for the perfect space to grow your industrial business? 

DMR Landz Infinity offers industrial plots, sizes starting from 5000 sq. ft, situated just 3 minutes from GNT Road. With unmatched proximity to major transport routes and excellent accessibility, this is the ideal location for businesses ready to thrive. Don’t miss this opportunity to establish yourself in a highly connected industrial zone.

- 3 mins from GNT Road
- 24/7 Security
- Solar lights on Road
- Suitable for immediate construction
- CCTV Surveillance
- Upto 80% bank loan available
- Hassle Free EB
- Zero water logging


Don't miss out—invest now in DMR Landz Infinity and build your future today! || Looking for the perfect space to grow your industrial business? 

DMR Landz Infinity offers industrial plots, sizes starting from 5000 sq. ft, situated just 3 minutes from GNT Road. With unmatched proximity to major transport routes and excellent accessibility, this is the ideal location for businesses ready to thrive. Don’t miss this opportunity to establish yourself in a highly connected industrial zone.

- 3 mins from GNT Road
- 24/7 Security
- Solar lights on Road
- Suitable for immediate construction
- CCTV Surveillance
- Upto 80% bank loan available
- Hassle Free EB
- Zero water logging


Don't miss out—invest now in DMR Landz Infinity and build your future today! || Looking for the perfect space to grow your industrial business? 

DMR Landz Infinity offers industrial plots, sizes starting from 5000 sq. ft, situated just 3 minutes from GNT Road. With unmatched proximity to major transport routes and excellent accessibility, this is the ideal location for businesses ready to thrive. Don’t miss this opportunity to establish yourself in a highly connected industrial zone.

- 3 mins from GNT Road
- 24/7 Security
- Solar lights on Road
- Suitable for immediate construction
- CCTV Surveillance
- Upto 80% bank loan available
- Hassle Free EB
- Zero water logging


Don't miss out—invest now in DMR Landz Infinity and build your future today!",http://fb.me/ || http://fb.me/ || http://fb.me/,,Get Quote || Get Quote || Get Quote,Original: https://scontent.fjai6-1.fna.fbcdn.net/v/t39.35426-6/716962569_1697023574784764_604744074440135790_n.jpg?_nc_cat=102&ccb=1-7&_nc_sid=c53f8f&_nc_ohc=Qfre328QNRUQ7kNvwEHGhFo&_nc_oc=AdoEeyqUGtttqNcyGZ0cDwUf19pokHv0NBqK8-lyR-qarobUd5SVN_iReg0iV1ljwcwJNxuFptv8yoBaw60lIl2W&_nc_zt=14&_nc_ht=scontent.fjai6-1.fna&_nc_gid=5zH_k6I2qA6DUohj1B83gA&_nc_ss=7b289&oh=00_Af_vB61SUgJWMI0By_rN_fNU3k_mNH9eNLFnopd1L2iTJw&oe=6A39A21E | Resized: https://scontent.fjai6-1.fna.fbcdn.net/v/t39.35426-6/719970547_1673134657242319_1342063761105710813_n.jpg?stp=dst-jpg_s600x600_tt6&_nc_cat=110&ccb=1-7&_nc_sid=c53f8f&_nc_ohc=nusFyCwgjI0Q7kNvwGZZiLd&_nc_oc=AdosmtNyuFtbtMGLyqKca8kmsiq5B-zPt9lRPi_fb6jtAk_kq6TYoLL8PoXnm7eVHJJpDEKM03xI2jgx7fpvdVK9&_nc_zt=14&_nc_ht=scontent.fjai6-1.fna&_nc_gid=5zH_k6I2qA6DUohj1B83gA&_nc_ss=7b289&oh=00_Af_efgzxBSuZr76hv3dt7A4zL5zbNRXK-oQW9wKa1PF9Qg&oe=6A399A61 || Original: https://scontent.fjai6-1.fna.fbcdn.net/v/t39.35426-6/719161236_1319718279551915_3171189613475437274_n.jpg?_nc_cat=107&ccb=1-7&_nc_sid=c53f8f&_nc_ohc=eBoEZtS5rQIQ7kNvwEcWCxH&_nc_oc=AdrkZYEt42eQeytL-xAX_l9cAgTGL3svELC8X2ThyliDbRiP5ZYP2jVJRcArmcGwYnnvXXVM9qPFZCLtUZK3WO_i&_nc_zt=14&_nc_ht=scontent.fjai6-1.fna&_nc_gid=5zH_k6I2qA6DUohj1B83gA&_nc_ss=7b289&oh=00_Af9_YepXo7W3Srl37ry7ia6bZ-SyGWXCqtQDPogL4wjsQg&oe=6A39B7E7 | Resized: https://scontent.fjai6-1.fna.fbcdn.net/v/t39.35426-6/717154598_2250170342400541_6911953655350523685_n.jpg?stp=dst-jpg_s600x600_tt6&_nc_cat=110&ccb=1-7&_nc_sid=c53f8f&_nc_ohc=iTiak8z7TZQQ7kNvwHHjU37&_nc_oc=Adr8hS_5fdKmpQahyubbqImiNNvwvkZYy_v3cEhRfmK2AhxZhYd4ZGGYiEmg8FJTttdY9i335cDhR5i6wsHG8rB-&_nc_zt=14&_nc_ht=scontent.fjai6-1.fna&_nc_gid=5zH_k6I2qA6DUohj1B83gA&_nc_ss=7b289&oh=00_Af97-Awe06zXxlYxfSvpGDwTOEuoUL-NNAAZE_ZBBodGOg&oe=6A398C6B || Original: https://scontent.fjai6-1.fna.fbcdn.net/v/t39.35426-6/717439011_1395816155940510_5613580571093024580_n.jpg?_nc_cat=101&ccb=1-7&_nc_sid=c53f8f&_nc_ohc=Mpl1PDFH4XkQ7kNvwEeN71_&_nc_oc=AdpjMv5k3F7zm-hySTJXDak2WrFHRYHnzxA-TiruFPxEMd_hs15xcZlkMW-7VikA_JuYy1wMdU_Zdbolta8IWHVn&_nc_zt=14&_nc_ht=scontent.fjai6-1.fna&_nc_gid=5zH_k6I2qA6DUohj1B83gA&_nc_ss=7b289&oh=00_Af8MSVM50FmLJ5k3LGXD41pt10YM3UUgiYRuFx5lra5elw&oe=6A398FFF | Resized: https://scontent.fjai6-1.fna.fbcdn.net/v/t39.35426-6/718334169_1001865012204402_2731352634280511908_n.jpg?stp=dst-jpg_s600x600_tt6&_nc_cat=106&ccb=1-7&_nc_sid=c53f8f&_nc_ohc=6iCDjPyYTU8Q7kNvwHy1mip&_nc_oc=Adrim94mDsR21VAQLF7pP8x7n0wfMHBtG2FOZRRVIFhsPI__kzTBrie3ezd7Z0na5F63CpKDAwSbnUqAeV8G1T9e&_nc_zt=14&_nc_ht=scontent.fjai6-1.fna&_nc_gid=5zH_k6I2qA6DUohj1B83gA&_nc_ss=7b289&oh=00_Af8b8GgSgOGNLC3ToSyybWlkKOsXlPF-T7EmGfSj-4-y1Q&oe=6A39A5BF,
1002167572657340,https://www.facebook.com/leebuilders1995/,fb.me,https://www.facebook.com/leebuilders1995/,,,,leebuilders@gmail.com,+91 94460 01574,,,,1045370468656568,http://fb.me/,Lee Builders,https://www.facebook.com/ads/library/?id=1002167572657340,"Expanding your logistics, warehousing, or industrial footprint? 🏗️
Partner with Lee Builders—the trusted PEB and steel construction experts behind the massive new Flipkart warehouse at the Adani Logistics Park.

We specialize in:
🔹 Pre-Engineered Buildings (PEB)
🔹 Warehouse & Cold Storage Manufacturing
🔹 Multistorey Steel Buildings
🔹 Heavy Metal Fabrication

With a legacy of excellence since 1995 and major clients like Southern Railways, we deliver projects of any magnitude.

👉 Tap ""Get Quote"" to share your project requirements with our team.",43,Get quote,fb.me,"FACEBOOK; INSTAGRAM; AUDIENCE_NETWORK",2026-06-16,2026-06-18,HD: https://video.fjai6-1.fna.fbcdn.net/o1/v/t2/f2/m367/AQMgL-yyPKPcW-eH0gOZ4qYqmZQ6y7BR21aReLguH30-af0PBp2hfjbOPcZQjnRqdrftkSzREK3aj6lOKiuELUuEUPrQmtqcCYWR9KNG1g.mp4?_nc_cat=104&_nc_oc=AdokWOU96RuFQjqhnX7h2y_FqhYDUcX7_R9IljmsIuK4jxLXEMAQltuuKDspGLViIZeTSlt8TsXQb8a4d7hRz9w7&_nc_sid=ef5aa3&_nc_ht=video.fjai6-1.fna.fbcdn.net&_nc_ohc=QZ3x4-pQQwUQ7kNvwFE88Lz&efg=eyJ2ZW5jb2RlX3RhZyI6Inhwdl9wcm9ncmVzc2l2ZS5WSV9VU0VDQVNFX1BST0RVQ1RfVFlQRS4uQzMuNzIwLnByb2dyZXNzaXZlX2gyNjQtYmFzaWMtZ2VuMl83MjBwIiwieHB2X2Fzc2V0X2lkIjoxNzk0MTEwMjQ4MjE3NTQ5OSwiYXNzZXRfYWdlX2RheXMiOjc0LCJ2aV91c2VjYXNlX2lkIjoxMDgyNywiZHVyYXRpb25fcyI6MzMsInVybGdlbl9zb3VyY2UiOiJ3d3cifQ%3D%3D&ccb=17-1&_nc_gid=5zH_k6I2qA6DUohj1B83gA&_nc_ss=7b289&_nc_zt=28&oh=00_Af9LpaR3UNdL4bSd-yqdP9gVTyxnu8elP34wpZh5v3XTvw&oe=6A39BCF2 | SD: https://video.fjai6-1.fna.fbcdn.net/o1/v/t2/f2/m367/AQMKr2N_JDytUaeClAYlyG_daTMxeQ5EB_Wnm4v3lIzPqXTD6sVbuLJCM-aeOv1JUmpl9ACw0YOx-btapTKEMKqn1yDitZ04PwPeWnUmpA.mp4?_nc_cat=108&_nc_oc=AdrW-dzTBjowFb4RrZDSbt4b3LixUB6Nz1QX0Aw2P9hpzSSyHhfbX07KigNrgoT1wsPtz0_w8qrdP50uZD43KK7V&_nc_sid=ef5aa3&_nc_ht=video.fjai6-1.fna.fbcdn.net&_nc_ohc=hhl3uWS4_uoQ7kNvwGrLg0N&efg=eyJ2ZW5jb2RlX3RhZyI6Inhwdl9wcm9ncmVzc2l2ZS5WSV9VU0VDQVNFX1BST0RVQ1RfVFlQRS4uQzMuMzYwLnByb2dyZXNzaXZlX2gyNjQtYmFzaWMtZ2VuMl8zNjBwIiwieHB2X2Fzc2V0X2lkIjoxNzk0MTEwMjQ4MjE3NTQ5OSwiYXNzZXRfYWdlX2RheXMiOjc0LCJ2aV91c2VjYXNlX2lkIjoxMDgyNywiZHVyYXRpb25fcyI6MzMsInVybGdlbl9zb3VyY2UiOiJ3d3cifQ%3D%3D&ccb=17-1&_nc_gid=5zH_k6I2qA6DUohj1B83gA&_nc_ss=7b289&_nc_zt=28&oh=00_Af9lT5cfTCtjFqSMdFNsP3o95Nt_41ibj7Y2dFg4XOsWuA&oe=6A399FDE | Preview: https://scontent.fjai6-1.fna.fbcdn.net/v/t39.35426-6/722752980_1724750492288070_3630952757693489576_n.jpg?_nc_cat=102&ccb=1-7&_nc_sid=c53f8f&_nc_ohc=Pfdii_z1tzwQ7kNvwEz2Si6&_nc_oc=AdrEVUxGrkV8cV4P6wg8QdGo_bVrATa-4hZcwyupGDR8W0Vi47hzlEweZrj3sAOumFHdmRFGEbdvB8Uz2Nj0RNL5&_nc_zt=14&_nc_ht=scontent.fjai6-1.fna&_nc_gid=5zH_k6I2qA6DUohj1B83gA&_nc_ss=7b289&oh=00_Af_8543JG_-xfR-Opb-5dXu_helANWvBb_YK_66imGZx5w&oe=6A39B9F3,,,,,,,
989225860625692,https://www.facebook.com/61572570362775/,,https://www.facebook.com/61572570362775/,,,,kawanoisorac@gmail.com,+86 180 6951 6789,,,,1047853855081863,,多功能扫地车商家,https://www.facebook.com/ads/library/?id=989225860625692,"Looking for a game-changer for your large-area cleaning operations? 🧹
Our enclosed-cab ride-on electric sweeper is built for heavy-duty, all-day cleaning, designed to transform how you maintain warehouses, factory yards, parking lots, municipal roads, and commercial campuses.
✅ Key Advantages for Your Business:
🚗 Fully enclosed cabin: Protect operators from dust, weather, and debris, boosting work efficiency and safety
⚡ High-performance electric power: Zero emissions, low operating costs, and quiet operation for both indoor and outdoor use
🧹 Powerful sweeping system: Dual front brushes + main roller brush, easily handles gravel, leaves, dust, and industrial waste
🛡️ Smart safety features: Warning lights, large-view mirrors, and ergonomic controls for fatigue-free operation
💰 Labor & cost-saving: Cuts manual sweeping time by 70%+, reduces long-term cleaning expenses
Whether you're managing a logistics park, manufacturing facility, or municipal street cleaning, this sweeper delivers consistent, professional results every time.
📩 Contact us for detailed specs, pricing, and a free demo!
WhatsApp: +86 18069516789
#IndustrialCleaning #RideOnSweeper #WarehouseEquipment #ElectricSweeper #FacilityManagement #CleaningEquipment #CommercialCleaning #MunicipalMaintenance",47,Apply now,,"FACEBOOK; INSTAGRAM; AUDIENCE_NETWORK; MESSENGER",2026-06-15,2026-06-17,,,  ||   ||   ||   ||  ,,fb.me || fb.me || fb.me || fb.me || fb.me,Apply Now || Apply Now || Apply Now || Apply Now || Apply Now,Original: https://scontent.fjai6-1.fna.fbcdn.net/v/t39.35426-6/719674780_1003100105416821_7902536486733607628_n.jpg?_nc_cat=101&ccb=1-7&_nc_sid=c53f8f&_nc_ohc=XoThb-XP6i8Q7kNvwEvAns6&_nc_oc=Adop8wS69HN9jiNPf6ENDJhB3h2pL65KHQbB5_fhzBC3bwkaCi-VYKe2cw8l6YvntM10cJQ1jShFavRKQXyPkcqs&_nc_zt=14&_nc_ht=scontent.fjai6-1.fna&_nc_gid=5zH_k6I2qA6DUohj1B83gA&_nc_ss=7b289&oh=00_Af9r7cubF4dCSRpcr4agInM7_sA4YC91DoBNUPVYuxOVeQ&oe=6A3992E0 | Resized: https://scontent.fjai6-1.fna.fbcdn.net/v/t39.35426-6/724261634_1765437421298069_5203491795178959985_n.jpg?stp=dst-jpg_s600x600_tt6&_nc_cat=110&ccb=1-7&_nc_sid=c53f8f&_nc_ohc=BglxDCBcQQgQ7kNvwHq661V&_nc_oc=AdpTQIoH6vbHcfdsQAK14yvNbcd0bCpognf9R3y8_k-BnPKE71wfboAbeZHKFwSw_YFqo0T-WzRQEvmqx7Qw3vW2&_nc_zt=14&_nc_ht=scontent.fjai6-1.fna&_nc_gid=5zH_k6I2qA6DUohj1B83gA&_nc_ss=7b289&oh=00_Af8QV53umj6y9LCwMCD1TnI4U82rPn7fIV4Q-fWaxukKUQ&oe=6A399F8B || Original: https://scontent.fjai6-1.fna.fbcdn.net/v/t39.35426-6/724045400_2452791575196884_6899225197393327639_n.jpg?_nc_cat=111&ccb=1-7&_nc_sid=c53f8f&_nc_ohc=QYNN0ttKcNoQ7kNvwH6U_yJ&_nc_oc=AdoizsbARwKG91FJzeMTFsgJfLJCgcRtKwZdx7tSG67DK9vVItkfV2o1vqWLKBwmLT7JvZ4PuK6bv6c6iLtZnhu7&_nc_zt=14&_nc_ht=scontent.fjai6-1.fna&_nc_gid=5zH_k6I2qA6DUohj1B83gA&_nc_ss=7b289&oh=00_Af-FEXvHdsjByUK95QkAI7WgZJcplwkgFmCkLboOPNWH7Q&oe=6A39B1B3 | Resized: https://scontent.fjai6-1.fna.fbcdn.net/v/t39.35426-6/724109761_1356493489885212_1668179111848096499_n.jpg?stp=dst-jpg_s600x600_tt6&_nc_cat=104&ccb=1-7&_nc_sid=c53f8f&_nc_ohc=kuUiYpNstAQQ7kNvwH5eVZ0&_nc_oc=AdoWytH2i7Ju3wLBLO1apwjaueaWAC_1JeCD3YGQ87ayPQ9ec1js68FCe2ULc0uQBb9ipLDLMUFaAeYdLaNenqDv&_nc_zt=14&_nc_ht=scontent.fjai6-1.fna&_nc_gid=5zH_k6I2qA6DUohj1B83gA&_nc_ss=7b289&oh=00_Af9gWxX13jeufLsj9bcIb4ZlLymur0XONWfOs2fz3UNngQ&oe=6A39B1C2 || Original: https://scontent.fjai6-1.fna.fbcdn.net/v/t39.35426-6/724539946_1730440137957883_6331270727597939610_n.jpg?_nc_cat=110&ccb=1-7&_nc_sid=c53f8f&_nc_ohc=ytGQ5VKSX3kQ7kNvwHQBpLY&_nc_oc=Adr9z6TI-r6Lj-5A3KtBhlnSpjmAyPSNU-MUqcuWjLK55I4-997lpIYNjyucQobOINJNg3WRRPiLDpsixnj3oJtt&_nc_zt=14&_nc_ht=scontent.fjai6-1.fna&_nc_gid=5zH_k6I2qA6DUohj1B83gA&_nc_ss=7b289&oh=00_Af_bWI3dM3WSkukMPUzsxdPz5-7rjwNK6p2_jy8JpvHMtA&oe=6A39B0F1 | Resized: https://scontent.fjai6-1.fna.fbcdn.net/v/t39.35426-6/719891862_1314664383609844_6223823481796342860_n.jpg?stp=dst-jpg_s600x600_tt6&_nc_cat=104&ccb=1-7&_nc_sid=c53f8f&_nc_ohc=AO_eWYm3F5MQ7kNvwGAls5j&_nc_oc=AdqLmOqc1r1wfjIEaNgWyxvH7OqhxBtnUKLqCjFi2sxtMMNAMJSK_iWD80LSAfCiUOKl871_VkCHrxPg2EEFHI7G&_nc_zt=14&_nc_ht=scontent.fjai6-1.fna&_nc_gid=5zH_k6I2qA6DUohj1B83gA&_nc_ss=7b289&oh=00_Af_fkliVxVMWNXEoOhwVmIrgKTMnCkA_ckaOB6uvJ4VsCA&oe=6A398B9D || Original: https://scontent.fjai6-1.fna.fbcdn.net/v/t39.35426-6/724534558_3153099571745846_1557071779267927066_n.jpg?_nc_cat=106&ccb=1-7&_nc_sid=c53f8f&_nc_ohc=VYTWoCMj-_QQ7kNvwFvPnnz&_nc_oc=AdqHlNXCK37-5VxVQY6FYFLShjy_1y_10maZYMv3EgrbagmcN57COPVD1YvMKc_Ld14x7e5gY5ZJTYUHIb08Z-db&_nc_zt=14&_nc_ht=scontent.fjai6-1.fna&_nc_gid=5zH_k6I2qA6DUohj1B83gA&_nc_ss=7b289&oh=00_Af_hu4CFZFko4gSH-4VcgntnOY5yeOQFVV8K4wWGilMf5Q&oe=6A39BCE6 | Resized: https://scontent.fjai6-1.fna.fbcdn.net/v/t39.35426-6/724869957_4437330173174469_2961697620925446838_n.jpg?stp=dst-jpg_s600x600_tt6&_nc_cat=107&ccb=1-7&_nc_sid=c53f8f&_nc_ohc=LSE9YjNqDL4Q7kNvwGexfF9&_nc_oc=AdrLMIadjRY2FoFwWyugkzGvDxhne2yqmaLLk_AEdxUQhb_n594DBNrfSO0PXNMAU2dSqL1cDgp_3JtWXmR3gqof&_nc_zt=14&_nc_ht=scontent.fjai6-1.fna&_nc_gid=5zH_k6I2qA6DUohj1B83gA&_nc_ss=7b289&oh=00_Af-fA0F1cnHJYbkWUx00ay8jwWlUFMcOPnYsNAlS4x4xTw&oe=6A3992AA || Original: https://scontent.fjai6-1.fna.fbcdn.net/v/t39.35426-6/725182395_1052071654152618_4022581002164833631_n.jpg?_nc_cat=101&ccb=1-7&_nc_sid=c53f8f&_nc_ohc=EugMrxybl8kQ7kNvwGt_4gr&_nc_oc=Adpl0hWEC1HPQJ3K6Pa1ZVMm7ONPZv9HtZ2OiXaaH8CmTwpFRKS0WFKnEfPT6o-mPNNWuDzPQMCW9ofb27CP1MIX&_nc_zt=14&_nc_ht=scontent.fjai6-1.fna&_nc_gid=5zH_k6I2qA6DUohj1B83gA&_nc_ss=7b289&oh=00_Af_6DXexP142x0PGzetk8kw3E4B07eMbvzwzoulxZvnxoQ&oe=6A39A0F5 | Resized: https://scontent.fjai6-1.fna.fbcdn.net/v/t39.35426-6/722117083_1560463678751432_1490962376776569824_n.jpg?stp=dst-jpg_s600x600_tt6&_nc_cat=101&ccb=1-7&_nc_sid=c53f8f&_nc_ohc=9v9tUX1KMVsQ7kNvwF5h0f6&_nc_oc=Adrt3QWQejo4Q0wFfBQyItAVNLrFu_Zeqy8bSv06n_m6mg0m87ryYqXGCpOsxzAg0QzAAQfmF2AfHjnux60EpUjQ&_nc_zt=14&_nc_ht=scontent.fjai6-1.fna&_nc_gid=5zH_k6I2qA6DUohj1B83gA&_nc_ss=7b289&oh=00_Af9a72wZl87C1SK9GeBaRzwWU3PpkcHeJoLHyy2qYBDPlA&oe=6A398AE3,
1638672353914619,https://www.facebook.com/yardsandsqft/,fb.me,https://www.facebook.com/yardsandsqft/,,,,,,,,,362154770325085,http://fb.me/,Yards&sqft Gurgaon,https://www.facebook.com/ads/library/?id=1638672353914619,"📈 Looking for industrial land in a strategic manufacturing corridor?

Presenting 24.75 acres of industrial-ready land near Panipat Refinery.

✔ D-Zone Industrial Classification
✔ Large Frontage
✔ Textile & Processing Industry Friendly
✔ Long-Term Capital Appreciation Potential

Request complete information today.",386,Learn more,fb.me,"FACEBOOK; INSTAGRAM; AUDIENCE_NETWORK",2026-06-08,2026-06-17,,Original: https://scontent.fjai6-1.fna.fbcdn.net/v/t39.35426-6/719427384_1034649962560550_2741118913995360695_n.jpg?_nc_cat=107&ccb=1-7&_nc_sid=c53f8f&_nc_ohc=krYTj5xzWGEQ7kNvwHA8g0n&_nc_oc=Adoili3GQrEQmZVHkqyh7QGMeHb_0OmWl1XSRrlhXRsQkgLX1zbOlb21HMRcVAA_wpGIjK_E8nMtLHKHePZgA-4z&_nc_zt=14&_nc_ht=scontent.fjai6-1.fna&_nc_gid=5zH_k6I2qA6DUohj1B83gA&_nc_ss=7b289&oh=00_Af_SsP67oLm6hoE91yJNhl5_LIjcXHlaVXdlmp3It7ww0Q&oe=6A399A47 | Resized: https://scontent.fjai6-1.fna.fbcdn.net/v/t39.35426-6/719742146_2536329886808851_3692040425880994768_n.jpg?stp=dst-jpg_s600x600_tt6&_nc_cat=103&ccb=1-7&_nc_sid=c53f8f&_nc_ohc=Nk31W2FWsTAQ7kNvwG-PNyP&_nc_oc=Ado7765Fq6Zyq0MAd_C6frGtMx9AydEhblGxB0UM2-JcjYeEchydwKJF4tEcVRdCFnTD9BU0RmaqlexL7A40XPZ5&_nc_zt=14&_nc_ht=scontent.fjai6-1.fna&_nc_gid=5zH_k6I2qA6DUohj1B83gA&_nc_ss=7b289&oh=00_Af-_5Q3NOPwoxm_FUepN63_nmaab6weKP1PgHJzwBk_SpA&oe=6A399D50,,,,,,
1823781921914727,https://www.facebook.com/61557557017102/,fb.me,https://www.facebook.com/61557557017102/,,,,sales@arihantfoundations.in,+91 89883 38833,,,,263995340130655,http://fb.me/,DMR Landz,https://www.facebook.com/ads/library/?id=1823781921914727,"Looking for the perfect space to grow your industrial business? 

DMR Landz Infinity offers industrial plots, sizes starting from 5,000 sq. ft, situated just 3 minutes from GNT Road. With unmatched proximity to major transport routes and excellent accessibility, this is the ideal location for businesses ready to thrive. Don’t miss this opportunity to establish yourself in a highly connected industrial zone.

- 3 mins from GNT Road
- 24/7 Security
- Solar lights on Road
- Suitable for immediate construction
- CCTV Surveillance
- Upto 80% bank loan available
- Hassle Free EB
- Zero water logging


Don't miss out—invest now in DMR Landz Infinity and build your future today!",17952,Get quote,fb.me,"FACEBOOK; INSTAGRAM",2026-06-10,2026-06-17,,,"Looking for the perfect space to grow your industrial business? 

DMR Landz Infinity offers industrial plots, sizes starting from 5,000 sq. ft, situated just 3 minutes from GNT Road. With unmatched proximity to major transport routes and excellent accessibility, this is the ideal location for businesses ready to thrive. Don’t miss this opportunity to establish yourself in a highly connected industrial zone.

- 3 mins from GNT Road
- 24/7 Security
- Solar lights on Road
- Suitable for immediate construction
- CCTV Surveillance
- Upto 80% bank loan available
- Hassle Free EB
- Zero water logging


Don't miss out—invest now in DMR Landz Infinity and build your future today! || Looking for the perfect space to grow your industrial business? 

DMR Landz Infinity offers industrial plots, sizes starting from 5,000 sq. ft, situated just 3 minutes from GNT Road. With unmatched proximity to major transport routes and excellent accessibility, this is the ideal location for businesses ready to thrive. Don’t miss this opportunity to establish yourself in a highly connected industrial zone.

- 3 mins from GNT Road
- 24/7 Security
- Solar lights on Road
- Suitable for immediate construction
- CCTV Surveillance
- Upto 80% bank loan available
- Hassle Free EB
- Zero water logging


Don't miss out—invest now in DMR Landz Infinity and build your future today! || Looking for the perfect space to grow your industrial business? 

DMR Landz Infinity offers industrial plots, sizes starting from 5,000 sq. ft, situated just 3 minutes from GNT Road. With unmatched proximity to major transport routes and excellent accessibility, this is the ideal location for businesses ready to thrive. Don’t miss this opportunity to establish yourself in a highly connected industrial zone.

- 3 mins from GNT Road
- 24/7 Security
- Solar lights on Road
- Suitable for immediate construction
- CCTV Surveillance
- Upto 80% bank loan available
- Hassle Free EB
- Zero water logging


Don't miss out—invest now in DMR Landz Infinity and build your future today!",http://fb.me/ || http://fb.me/ || http://fb.me/,,Get Quote || Get Quote || Get Quote,Original: https://scontent.fjai6-1.fna.fbcdn.net/v/t39.35426-6/574094683_1371605990999817_4990870275367758585_n.jpg?_nc_cat=108&ccb=1-7&_nc_sid=c53f8f&_nc_ohc=U2wivBItf7IQ7kNvwH1QJPf&_nc_oc=AdrwHIlTLuPExTw8ML3EvoGAKHyy4SxomHpWb1gw1gvX7Y2WakFTPoqeqmtk8Rqqo82Dmes1jtYBhvYOr_n3tnET&_nc_zt=14&_nc_ht=scontent.fjai6-1.fna&_nc_gid=5zH_k6I2qA6DUohj1B83gA&_nc_ss=7b289&oh=00_Af9Iupcgne_QE3XKwRz5vyM0XPe9VhYvyJYByzwwcbthEw&oe=6A39BCBF | Resized: https://scontent.fjai6-1.fna.fbcdn.net/v/t39.35426-6/571261712_1440462117019924_8548020703990611196_n.jpg?stp=dst-jpg_s600x600_tt6&_nc_cat=110&ccb=1-7&_nc_sid=c53f8f&_nc_ohc=1r1SH7WAjg4Q7kNvwF8yqKh&_nc_oc=Adr46NEFQrqQuY0IUXYzWAVXxafCIf2Ew9GBUCbSqU7bBAUexqXys4eB1VTsMFmxRSn990KCkY45zKggFQem2ibN&_nc_zt=14&_nc_ht=scontent.fjai6-1.fna&_nc_gid=5zH_k6I2qA6DUohj1B83gA&_nc_ss=7b289&oh=00_Af_5lT2KSWS8Z_L_cfMAdurY2Oqktb3tImsMjcCCqUBPIQ&oe=6A3995C0 || Original: https://scontent.fjai6-1.fna.fbcdn.net/v/t39.35426-6/574082527_1533081711176548_6432040493999206790_n.jpg?_nc_cat=108&ccb=1-7&_nc_sid=c53f8f&_nc_ohc=Zjw-HdTx64AQ7kNvwFvi_c8&_nc_oc=AdpSnoCAfj36KJB_1UNkFPnOL0epWNsLrFiqAVqiFzSmKPebyh71v5geiqkbKq5h_Dt3BYXH0wT4YbXI3PA0J8B4&_nc_zt=14&_nc_ht=scontent.fjai6-1.fna&_nc_gid=5zH_k6I2qA6DUohj1B83gA&_nc_ss=7b289&oh=00_Af-HSiVGh1fLSjX1b-fAOnZojIR4cP564gXltqpgG7vKnw&oe=6A39B3C6 | Resized: https://scontent.fjai6-1.fna.fbcdn.net/v/t39.35426-6/571237015_1312425500576158_7248239899573039922_n.jpg?stp=dst-jpg_s600x600_tt6&_nc_cat=110&ccb=1-7&_nc_sid=c53f8f&_nc_ohc=U1dXutxXVvwQ7kNvwFxwSOe&_nc_oc=AdoR2ruLShldxymMil9BxXQF3KGSv8763oJ_xzwjErN22M7vCF53VDiaqjOT2ADKTxY5uMO7Ueohypq-rgS09Y6p&_nc_zt=14&_nc_ht=scontent.fjai6-1.fna&_nc_gid=5zH_k6I2qA6DUohj1B83gA&_nc_ss=7b289&oh=00_Af_akDGm3nbsrRdwGIKng6kWSCoa3-Vg2RXbdbjKlrrpwg&oe=6A39A5FC || Original: https://scontent.fjai6-1.fna.fbcdn.net/v/t39.35426-6/572957575_1245938157564391_228074189605098124_n.jpg?_nc_cat=106&ccb=1-7&_nc_sid=c53f8f&_nc_ohc=Fr8ohK5X3oMQ7kNvwF3HcO2&_nc_oc=AdqBngscJ8ZHpAB1ngHNzpquXZ7O_Zb2PsKpLwX2gyWW-huxYz1p6dn7uNi_O1rEuawxhk-F-Evp0FgcYTioRkUC&_nc_zt=14&_nc_ht=scontent.fjai6-1.fna&_nc_gid=5zH_k6I2qA6DUohj1B83gA&_nc_ss=7b289&oh=00_Af_IeMKslR5MPKB9O7E-pbFpZkZfgQaCsx-6exdAiiWwLA&oe=6A3999E7 | Resized: https://scontent.fjai6-1.fna.fbcdn.net/v/t39.35426-6/573310574_1793516614603556_5800505752406639266_n.jpg?stp=dst-jpg_s600x600_tt6&_nc_cat=106&ccb=1-7&_nc_sid=c53f8f&_nc_ohc=1DqjKGoWjN4Q7kNvwEXMzs4&_nc_oc=AdqRS4cEfykOgnCkkRC5Yg_A43_BHWxhpdeG8XdoKINlzsvp2B1UrFBEzrmq86Kh1bU7M_eb_gNaTQZUWkWL-oLX&_nc_zt=14&_nc_ht=scontent.fjai6-1.fna&_nc_gid=5zH_k6I2qA6DUohj1B83gA&_nc_ss=7b289&oh=00_Af_Q5KjCacWUwP8J6xRJ2VuTRNdJwCGJgwND-wOtn6xr5w&oe=6A39A98E,
1870001380344943,https://www.facebook.com/PSGroupRealty/,fb.me,https://www.facebook.com/PSGroupRealty/,,,,contact@psgroup.in,+91 33 6767 6764,,,,1161764063844369,http://fb.me/,PS Group,https://www.facebook.com/ads/library/?id=1870001380344943,"Grade-A logistics units from ₹2.99 Cr on Kona Expressway.
That’s what PS Logistics Park brings to businesses looking to scale near Kolkata.

Spread across 21 acres, this future-ready logistics hub combines connectivity, operational efficiency, and workforce comfort—so operations run smoother and teams work smarter.

✅ Spacious units with up to 17 ft clear height
✅ Workforce-ready amenities: dorms, crèche & medical bay
✅ Advanced safety systems with 24×7 operations
✅ Just 32 mins from central Kolkata business zones

Enquire today to check availability or book a site visit.
📞 +91 033 3567 6735",43113,Get quote,fb.me,"FACEBOOK; INSTAGRAM; AUDIENCE_NETWORK",2026-06-16,2026-06-17,,,"Grade-A logistics units from ₹2.99 Cr on Kona Expressway.
That’s what PS Logistics Park brings to businesses looking to scale near Kolkata.

Spread across 21 acres, this future-ready logistics hub combines connectivity, operational efficiency, and workforce comfort—so operations run smoother and teams work smarter.

✅ Spacious units with up to 17 ft clear height
✅ Workforce-ready amenities: dorms, crèche & medical bay
✅ Advanced safety systems with 24×7 operations
✅ Just 32 mins from central Kolkata business zones

Enquire today to check availability or book a site visit.
📞 +91 033 3567 6735 || Grade-A logistics units from ₹2.99 Cr on Kona Expressway.
That’s what PS Logistics Park brings to businesses looking to scale near Kolkata.

Spread across 21 acres, this future-ready logistics hub combines connectivity, operational efficiency, and workforce comfort—so operations run smoother and teams work smarter.

✅ Spacious units with up to 17 ft clear height
✅ Workforce-ready amenities: dorms, crèche & medical bay
✅ Advanced safety systems with 24×7 operations
✅ Just 32 mins from central Kolkata business zones

Enquire today to check availability or book a site visit.
📞 +91 033 3567 6735 || Grade-A logistics units from ₹2.99 Cr on Kona Expressway.
That’s what PS Logistics Park brings to businesses looking to scale near Kolkata.

Spread across 21 acres, this future-ready logistics hub combines connectivity, operational efficiency, and workforce comfort—so operations run smoother and teams work smarter.

✅ Spacious units with up to 17 ft clear height
✅ Workforce-ready amenities: dorms, crèche & medical bay
✅ Advanced safety systems with 24×7 operations
✅ Just 32 mins from central Kolkata business zones

Enquire today to check availability or book a site visit.
📞 +91 033 3567 6735",http://fb.me/ || http://fb.me/ || http://fb.me/,,Get Quote || Get Quote || Get Quote,Original: https://scontent.fjai6-1.fna.fbcdn.net/v/t39.35426-6/668566956_1552732866188146_6512214809382468856_n.jpg?_nc_cat=104&ccb=1-7&_nc_sid=c53f8f&_nc_ohc=G2ROS2vh2XQQ7kNvwGp_UOd&_nc_oc=AdpEeOT7SpC1sLBX2XFnEz3xrszmgcRvAvYJwv4Yu9KTmvcGdHolmnx3qs4j0_zgMyNAkIlx1-dvJzk33y7SQk6K&_nc_zt=14&_nc_ht=scontent.fjai6-1.fna&_nc_gid=fOwjuM78CnyBvsBYru_5Lg&_nc_ss=7b289&oh=00_Af-Vaa8mT8pjdSBB2DOv-8HrptMTodT4rnnB5e3w5_NeXQ&oe=6A39B4BC | Resized: https://scontent.fjai6-1.fna.fbcdn.net/v/t39.35426-6/666499422_960534223126448_8486195514949770329_n.jpg?stp=dst-jpg_s600x600_tt6&_nc_cat=106&ccb=1-7&_nc_sid=c53f8f&_nc_ohc=nn0ly6k7iOoQ7kNvwEL4f_t&_nc_oc=AdqThQzMGqdaFK3LBwGT5mJzT-1GUo3IV7hyRhyvJ__6XW71DuuoCaN27SeQkAOx89TiKIxrSpMm1zpIi1bP8-ix&_nc_zt=14&_nc_ht=scontent.fjai6-1.fna&_nc_gid=fOwjuM78CnyBvsBYru_5Lg&_nc_ss=7b289&oh=00_Af9d2Ra1IjACZgYeal3j3JbS2auC2JqZf_MEUylFAKsSSg&oe=6A3992A2 || Original: https://scontent.fjai6-1.fna.fbcdn.net/v/t39.35426-6/669672449_1513496130289882_3500007931226982466_n.jpg?_nc_cat=110&ccb=1-7&_nc_sid=c53f8f&_nc_ohc=7-PE-jSW_H0Q7kNvwH74_Jo&_nc_oc=AdqQhF3_ASlYT20aKZ_XyKnimOWPbuYxNjZJO-cRknBHHdXcafjpyyDv1eKSTMQPBwX3Y8pq2_G4P4soSii_H8tH&_nc_zt=14&_nc_ht=scontent.fjai6-1.fna&_nc_gid=fOwjuM78CnyBvsBYru_5Lg&_nc_ss=7b289&oh=00_Af-gIjfch128m6m-KUnbwxrsem6QXbquKrlvj4eYsm_3LQ&oe=6A39BE0D | Resized: https://scontent.fjai6-1.fna.fbcdn.net/v/t39.35426-6/668765761_1271991801739711_3310786957561673707_n.jpg?stp=dst-jpg_s600x600_tt6&_nc_cat=106&ccb=1-7&_nc_sid=c53f8f&_nc_ohc=PsxJ2TXhfusQ7kNvwG1apPQ&_nc_oc=AdqXC_nSA_tIlSbBD4yCJ35R2y5O1bOmOEcQFFi-ahojcMyw-AtcmFyxdr0Hu7EYCjkUzjskMPPRZcJJc2XUe6eZ&_nc_zt=14&_nc_ht=scontent.fjai6-1.fna&_nc_gid=fOwjuM78CnyBvsBYru_5Lg&_nc_ss=7b289&oh=00_Af-Ru-uD1_MTi656EZlG31YpmQ1cL7vgbeDTmjP5-HYreA&oe=6A398DD0 || Original: https://scontent.fjai6-1.fna.fbcdn.net/v/t39.35426-6/669349739_1456645979262450_8606397103027022871_n.jpg?_nc_cat=105&ccb=1-7&_nc_sid=c53f8f&_nc_ohc=amrLsQCkYBgQ7kNvwF1MJRo&_nc_oc=AdqE6x-xeZadmFt64emz4e5k6M-0hX2nIRKGOjTKUB80iDECvQYD5VWKCztZkY5HJfKI5_CMHrN7Y0V7pZvoTk5N&_nc_zt=14&_nc_ht=scontent.fjai6-1.fna&_nc_gid=fOwjuM78CnyBvsBYru_5Lg&_nc_ss=7b289&oh=00_Af8cQgu36gQirJKQ1O3ge9XCnSu7RH6EPgsAy6qfXE4aKw&oe=6A399F71 | Resized: https://scontent.fjai6-1.fna.fbcdn.net/v/t39.35426-6/667178047_1479713040330938_6134801091124326787_n.jpg?stp=dst-jpg_s600x600_tt6&_nc_cat=103&ccb=1-7&_nc_sid=c53f8f&_nc_ohc=saH3KPYrtHQQ7kNvwG45WA2&_nc_oc=Ado5GNTR5uFhZ-Qf59ogrDWUAcLJ-tGhqNCVyH5qq8fu4AOmZ3w1fTEILmUeuRwjqB1VWKIuzrDav9qeQqUxqODe&_nc_zt=14&_nc_ht=scontent.fjai6-1.fna&_nc_gid=fOwjuM78CnyBvsBYru_5Lg&_nc_ss=7b289&oh=00_Af8D4Hrn9uTIlquYNWLw9mJ3uiAYj3qvp9sMftYxxP-ISA&oe=6A39AE08,
28429147703341000,https://www.facebook.com/PSGroupRealty/,fb.me,https://www.facebook.com/PSGroupRealty/,,,,contact@psgroup.in,+91 33 6767 6764,,,,1161764063844369,http://fb.me/,PS Group,https://www.facebook.com/ads/library/?id=28429147703341000,"At PS Logistics Park, discover well-planned industrial spaces on Kona Expressway designed for high-performing businesses across manufacturing, auto, textile, pharma, and distribution.

Set within a 21-acre Grade-A logistics destination, the park offers the scale, connectivity, and infrastructure needed for seamless operations and long-term growth.

✅ Spacious industrial units from 7,500+ sq. ft.
✅ Strategic location on Kona Expressway, Kolkata
✅ Built to support modern industrial workflows

Spaces from ₹2.99 Cr onwards
Schedule your site visit and take the next step forward.",43113,Book now,fb.me,"FACEBOOK; INSTAGRAM; AUDIENCE_NETWORK",2026-06-16,2026-06-17,HD: https://video.fjai6-1.fna.fbcdn.net/o1/v/t2/f2/m366/AQP3GLdHRcG8xoXqqvFUr1rGI8eml_zGUvjhFJUqSTO9ZKyOvF8BkS0IZWbfQNW6eP_tEgZZ4KmUeAcgXE5k7aybMo0gjgs6FUsNZ70gHxp-gw.mp4?_nc_cat=104&_nc_oc=AdrTIZyvbakSXwWfClCXKUqDXd9jGv5KZov7FV9R1dhwFWJC_GuXt_rZuv4zG1EhON6NgiLlP87N0ObU_ikBJexm&_nc_sid=b66105&_nc_ht=video.fjai6-1.fna.fbcdn.net&_nc_ohc=N855UJOxbtMQ7kNvwG1qqEz&efg=eyJ2ZW5jb2RlX3RhZyI6Inhwdl9wcm9ncmVzc2l2ZS5WSV9VU0VDQVNFX1BST0RVQ1RfVFlQRS4uQzMuNzIwLmRhc2hfaDI2NC1iYXNpYy1nZW4yXzcyMHAiLCJ4cHZfYXNzZXRfaWQiOjIzNDIzODAwMTk1ODQ4NTUsImFzc2V0X2FnZV9kYXlzIjozNCwidmlfdXNlY2FzZV9pZCI6MTA3OTksImR1cmF0aW9uX3MiOjQxLCJ1cmxnZW5fc291cmNlIjoid3d3In0%3D&ccb=17-1&vs=e2a59369801fb5ae&_nc_vs=HBksFQIYRWZiX2VwaGVtZXJhbC8wMzRDQzgyMUIxQ0I4MkJFOUQ3NDVBMjIyMjdFQ0FBMF9tdF8xX3ZpZGVvX2Rhc2hpbml0Lm1wNBUAAsgBEgAVAhhAZmJfcGVybWFuZW50LzRGNDE4NzREOTBEOUM2NEVFMEIyMTFGMzk2MjI2OEJGX2F1ZGlvX2Rhc2hpbml0Lm1wNBUCAsgBEgAoABgAGwKIB3VzZV9vaWwBMRJwcm9ncmVzc2l2ZV9yZWNpcGUBMRUAACauvfiPu5ipCBUCKAJDMywXQESJeNT987YYGWRhc2hfaDI2NC1iYXNpYy1nZW4yXzcyMHARAHUAZd6oAQA&_nc_gid=fOwjuM78CnyBvsBYru_5Lg&_nc_ss=7b289&_nc_zt=28&oh=00_Af8C28uOqJtM1pY-W4ZMb3vFcPKm5_ROKzk4krblgs7eaw&oe=6A39AA18 | SD: https://video.fjai6-1.fna.fbcdn.net/o1/v/t2/f2/m412/AQOK1Qtz_wYXJk8mEjWOZzhtUtloORU4TcREBIeCvt3IIbS9h2dCGcrwu10ekmTdqwnCKT0Xp5QW5kUoZvCJGuy4d3iMNvvd8IoliNDzqQ.mp4?_nc_cat=110&_nc_oc=AdrfVPIXpjglcV-23lYP8hazEed6O94NdYGBFDdXekJPuak65Ti6o1tADLTlAnhk4QKoPjM5EN2UAeOvu9gs7uL4&_nc_sid=ef5aa3&_nc_ht=video.fjai6-1.fna.fbcdn.net&_nc_ohc=y42yWKDajwMQ7kNvwHI-lzG&efg=eyJ2ZW5jb2RlX3RhZyI6Inhwdl9wcm9ncmVzc2l2ZS5WSV9VU0VDQVNFX1BST0RVQ1RfVFlQRS4uQzMuMzYwLnN2ZV9zZCIsInhwdl9hc3NldF9pZCI6MjM0MjM4MDAxOTU4NDg1NSwiYXNzZXRfYWdlX2RheXMiOjM0LCJ2aV91c2VjYXNlX2lkIjoxMDc5OSwiZHVyYXRpb25fcyI6NDEsInVybGdlbl9zb3VyY2UiOiJ3d3cifQ%3D%3D&ccb=17-1&_nc_gid=fOwjuM78CnyBvsBYru_5Lg&_nc_ss=7b289&_nc_zt=28&oh=00_Af8nxH-bibkQyr7Ne08hf9t3LWqBA0ZZzd2FTlpMntO22g&oe=6A39BC7C | Preview: https://scontent.fjai6-1.fna.fbcdn.net/v/t39.35426-6/700581501_859837026487897_4011732729968156790_n.jpg?_nc_cat=103&ccb=1-7&_nc_sid=c53f8f&_nc_ohc=bIUaA-YJNh0Q7kNvwFkYaLx&_nc_oc=Ado5EdcOJap6z_yBHOwY_7eZ6lEQ9Rv7uqUA3vUV2kgHJX7uHtxL-mktkWBXYb5SyhonkLVW7PScrVmbi4izwUd2&_nc_zt=14&_nc_ht=scontent.fjai6-1.fna&_nc_gid=fOwjuM78CnyBvsBYru_5Lg&_nc_ss=7b289&oh=00_Af-cf7GmDaIwM1u9sl8vHFzR6OZc6JNmBfvDSVu_m5lKeg&oe=6A39B96C,,,,,,,
1715374346410430,https://www.facebook.com/61590680665103/,fb.me,https://www.facebook.com/61590680665103/,,,,,+91 89777 34093,,,,1066117053261388,http://fb.me/,Golden Trees by Oorjita,https://www.facebook.com/ads/library/?id=1715374346410430,"A smart investment for smart professionals.

Whether you're an IT employee, doctor, CA, government officer, or pharma professional, Golden Trees offers ready-to-construct villa plots with modern infrastructure and lifestyle amenities.

✔ Clubhouse & Amenities
✔ 5 Landscaped Parks
✔ Children's Play Area
✔ 30' & 40' Wide Roads
✔ Excellent Future Appreciation

Enquire Now Before the Limited-Time Offer Ends.",,Book now,fb.me,"FACEBOOK; INSTAGRAM; AUDIENCE_NETWORK",2026-06-17,2026-06-17,,,"A smart investment for smart professionals.

Whether you're an IT employee, doctor, CA, government officer, or pharma professional, Golden Trees offers ready-to-construct villa plots with modern infrastructure and lifestyle amenities.

✔ Clubhouse & Amenities
✔ 5 Landscaped Parks
✔ Children's Play Area
✔ 30' & 40' Wide Roads
✔ Excellent Future Appreciation

Enquire Now Before the Limited-Time Offer Ends. || A smart investment for smart professionals.

Whether you're an IT employee, doctor, CA, government officer, or pharma professional, Golden Trees offers ready-to-construct villa plots with modern infrastructure and lifestyle amenities.

✔ Clubhouse & Amenities
✔ 5 Landscaped Parks
✔ Children's Play Area
✔ 30' & 40' Wide Roads
✔ Excellent Future Appreciation

Enquire Now Before the Limited-Time Offer Ends. || Smart investors know that land creates long-term wealth. Golden Trees offers premium villa plots in a rapidly developing location with strong appreciation potential, modern infrastructure, and excellent connectivity. Invest today and secure tomorrow. || A smart investment for smart professionals.

Whether you're an IT employee, doctor, CA, government officer, or pharma professional, Golden Trees offers ready-to-construct villa plots with modern infrastructure and lifestyle amenities.

✔ Clubhouse & Amenities
✔ 5 Landscaped Parks
✔ Children's Play Area
✔ 30' & 40' Wide Roads
✔ Excellent Future Appreciation

Enquire Now Before the Limited-Time Offer Ends. || Smart investors know that land creates long-term wealth. Golden Trees offers premium villa plots in a rapidly developing location with strong appreciation potential, modern infrastructure, and excellent connectivity. Invest today and secure tomorrow.",http://fb.me/ || http://fb.me/ || http://fb.me/ || http://fb.me/ || http://fb.me/,,Book Now || Book Now || Book Now || Book Now || Book Now,Original: https://scontent.fjai6-1.fna.fbcdn.net/v/t39.35426-6/723085266_1679506433356029_2516841527578772213_n.jpg?_nc_cat=104&ccb=1-7&_nc_sid=c53f8f&_nc_ohc=nDlXyruiAG0Q7kNvwEOKpzu&_nc_oc=AdoOyJzmJxxgki4W-sY0FOrDigTk5HklIBqkkdUSDjJi1UWD-h6fUbuo2gVTkEQhvY6OYXIjgxY2510poZUJddx6&_nc_zt=14&_nc_ht=scontent.fjai6-1.fna&_nc_gid=fOwjuM78CnyBvsBYru_5Lg&_nc_ss=7b289&oh=00_Af_VjP-cwg1SpJT6RacXh8Bu6VY7jxSJYPM3bOBCOV0GcA&oe=6A399FC9 | Resized: https://scontent.fjai6-1.fna.fbcdn.net/v/t39.35426-6/723894992_975589441926539_3153963757483098460_n.jpg?stp=dst-jpg_s600x600_tt6&_nc_cat=110&ccb=1-7&_nc_sid=c53f8f&_nc_ohc=1uCPl7sMSnAQ7kNvwEP5Yu7&_nc_oc=Adq9EBsncrYrljk20FrH9TrsnCdWsDcTgCnU5U9tA6uMyjXD5Ou_pXfUSWjN8b2w58DQfO4AKz5HKSw25fUo-DqC&_nc_zt=14&_nc_ht=scontent.fjai6-1.fna&_nc_gid=fOwjuM78CnyBvsBYru_5Lg&_nc_ss=7b289&oh=00_Af_82J8Rff7CXYefO08Up_-pVWuF5iLukkN_ZkdKGMs48A&oe=6A398DB5 || Original: https://scontent.fjai6-1.fna.fbcdn.net/v/t39.35426-6/724235690_1279402310942223_6687718305939187429_n.jpg?_nc_cat=108&ccb=1-7&_nc_sid=c53f8f&_nc_ohc=w-9ewNTfIJQQ7kNvwH6xAev&_nc_oc=AdpKvZhHdUkus7MJGWjVr85-VqKbPDrEsEh46nJBg5XqJkbBDL7PBlzRw2ErQf62R-RSaH6bZFakJHaDwPsTUA7z&_nc_zt=14&_nc_ht=scontent.fjai6-1.fna&_nc_gid=fOwjuM78CnyBvsBYru_5Lg&_nc_ss=7b289&oh=00_Af-vOGl7dM_KZKq04iOTE2fS0ofAk8pbVqjm4OhjQCGqmg&oe=6A3998AE | Resized: https://scontent.fjai6-1.fna.fbcdn.net/v/t39.35426-6/719813380_1613625279735319_873105497324404900_n.jpg?stp=dst-jpg_s600x600_tt6&_nc_cat=102&ccb=1-7&_nc_sid=c53f8f&_nc_ohc=bl3hJKUbcR8Q7kNvwH6-n3a&_nc_oc=AdqJ2LjC549S34ww80zIsWpajIcKZCEBxq6mhhVXPjiSQuiuYVdxMgoV3gPVqNiPQwglKpdekRVTFraR8_T2bQDo&_nc_zt=14&_nc_ht=scontent.fjai6-1.fna&_nc_gid=fOwjuM78CnyBvsBYru_5Lg&_nc_ss=7b289&oh=00_Af9NpsgGqXf0k8S0OQFGwdgOS3G7RGlGfMxIX-Bu_3Z-OA&oe=6A39AC0D || Original: https://scontent.fjai6-1.fna.fbcdn.net/v/t39.35426-6/723041506_1354426063236209_8443623163574894701_n.jpg?_nc_cat=100&ccb=1-7&_nc_sid=c53f8f&_nc_ohc=oTHnqRxJVmcQ7kNvwFK1rfo&_nc_oc=AdpCtKkrnNqmUvWSsDeGlG97pXwdNnjQ-BhXxwbKVvgkSlh46ZJq_t05qc6deygXJH9xtcHLWbQ7HbE5n90qvycu&_nc_zt=14&_nc_ht=scontent.fjai6-1.fna&_nc_gid=fOwjuM78CnyBvsBYru_5Lg&_nc_ss=7b289&oh=00_Af_v9Fg9psjjvu_4C7-vI2cWzaBfu5cV5dllZvmn0aVllA&oe=6A399ABE | Resized: https://scontent.fjai6-1.fna.fbcdn.net/v/t39.35426-6/720407672_2006796306863434_8337874049492757619_n.jpg?stp=dst-jpg_s600x600_tt6&_nc_cat=101&ccb=1-7&_nc_sid=c53f8f&_nc_ohc=sXBUM_GFkCcQ7kNvwHGIP1e&_nc_oc=AdremA3wwa77Jxxgaj-r5pRGRecon2AvLQtZ6SqjoumI0Z_At_Xl4QBSykR2TRqY1n9ClCT2jE_g9GbQSkn3u-dB&_nc_zt=14&_nc_ht=scontent.fjai6-1.fna&_nc_gid=fOwjuM78CnyBvsBYru_5Lg&_nc_ss=7b289&oh=00_Af-leatkJ_8gogx8oNdKfQ9zs52I3VgQFSEPk5d6ItULXA&oe=6A398966 || Original: https://scontent.fjai6-1.fna.fbcdn.net/v/t39.35426-6/723162201_2215636022601836_4709592920736993406_n.jpg?_nc_cat=103&ccb=1-7&_nc_sid=c53f8f&_nc_ohc=i6ia2XEx5ygQ7kNvwFrjruE&_nc_oc=AdoqxdVVuboztWQSmnkveSP4ZRik7ImV3_w9dQ4DqJuMAULv9x5NCo28i9P_8gfZHuonGcRCVy2wZRkoa9R3khf9&_nc_zt=14&_nc_ht=scontent.fjai6-1.fna&_nc_gid=fOwjuM78CnyBvsBYru_5Lg&_nc_ss=7b289&oh=00_Af_LgLXgr6XYWX4JHeWq3zHM7gW-mkGrL2-pkYX0dKAEOQ&oe=6A39A0C4 | Resized: https://scontent.fjai6-1.fna.fbcdn.net/v/t39.35426-6/720138515_1698488694624100_5015926021798699935_n.jpg?stp=dst-jpg_s600x600_tt6&_nc_cat=108&ccb=1-7&_nc_sid=c53f8f&_nc_ohc=c0v7Cx2mRjkQ7kNvwH-XGjT&_nc_oc=AdrkTG6HpdnJVkcOLvMR9RPnFdA7fQTSIN358uCPWEL37BEJVGCXRsWqMTEGyHiVY8nkY-BdNDwvfaa8T435-4MX&_nc_zt=14&_nc_ht=scontent.fjai6-1.fna&_nc_gid=fOwjuM78CnyBvsBYru_5Lg&_nc_ss=7b289&oh=00_Af_R7LiffEOFYjc8_lJhRqv4rG9RF2qqLGYA8x-RxxiZbw&oe=6A39AA08 || Original: https://scontent.fjai6-1.fna.fbcdn.net/v/t39.35426-6/721152346_1542804493950183_3706172990605987671_n.jpg?_nc_cat=102&ccb=1-7&_nc_sid=c53f8f&_nc_ohc=9K1i8MD9jIAQ7kNvwEOY_P5&_nc_oc=AdrRzJ3jQWYvgHJ7u_8rWNvssGVaGs7gwqIzvr_rRe7W4ANj4PzXO3oPLAC046BE57vyAuhhZoUlIt0TNajbyFFw&_nc_zt=14&_nc_ht=scontent.fjai6-1.fna&_nc_gid=fOwjuM78CnyBvsBYru_5Lg&_nc_ss=7b289&oh=00_Af9YyZiO2CCxlEqEVTvpB0BLpn-xpGJhOUbhnWdl0kTILg&oe=6A399BDC | Resized: https://scontent.fjai6-1.fna.fbcdn.net/v/t39.35426-6/719476082_1595846545806759_8923352863227967491_n.jpg?stp=dst-jpg_s600x600_tt6&_nc_cat=104&ccb=1-7&_nc_sid=c53f8f&_nc_ohc=lk4cw6oMwzkQ7kNvwHUmObK&_nc_oc=AdrZSLOiscRoNu5is7-qFkrF-actYVrSTIAgOtuPdqQJdThyA-R2cYq9lvKEokuHgVNEaGM_o3j3fwl3GUIMxJuD&_nc_zt=14&_nc_ht=scontent.fjai6-1.fna&_nc_gid=fOwjuM78CnyBvsBYru_5Lg&_nc_ss=7b289&oh=00_Af_k3-_IqAPVXRucGHfJapWvlNopKC1sbgqwvVi-TCPpfw&oe=6A39B916,
1543964963932568,https://www.facebook.com/61576439761237/,fb.me,https://www.facebook.com/61576439761237/,,,,,,,,,959082910631471,http://fb.me/,Vision Properties,https://www.facebook.com/ads/library/?id=1543964963932568,"OMR chance miss ஆயிடுச்சா?
கவலை வேண்டாம்!

Mappedu – Thakkolam வளர்ந்து வரும் Chennai’s biggest logistics corridorல
State Highway facing land just ₹15 Lakhs!

Hyundai, Johnson Lifts, Expressway, Logistics Park, Parandur Airport — எல்லாமே அருகில்.

🔥 First 25 customersக்கு Registration FREE!

👇 Site Visit Book பண்ணுங்க!",4,Book now,fb.me,"FACEBOOK; INSTAGRAM; AUDIENCE_NETWORK",2026-06-15,2026-06-18,HD: https://video.fjai6-1.fna.fbcdn.net/o1/v/t2/f2/m366/AQM2nHauzkhXyjk79oTtYRptg3qrWMySBlwcA9Ly4srt_uFwc2eop82Azv6rMu_w78tlEWYCbKyOOtPnrXe8axQjIyPmHa93gsQSje1QuLLw-w.mp4?_nc_cat=107&_nc_oc=Adqi46G5jQsmDhySQn__j5_ilhnSBp87qmsw59fXm5TUYRXE5pIcVeZmIGIL9gSHZAAv3vuHq-dQJa9krih6FyDZ&_nc_sid=b66105&_nc_ht=video.fjai6-1.fna.fbcdn.net&_nc_ohc=cyFIuXuZ2oUQ7kNvwFGt_6b&efg=eyJ2ZW5jb2RlX3RhZyI6Inhwdl9wcm9ncmVzc2l2ZS5WSV9VU0VDQVNFX1BST0RVQ1RfVFlQRS4uQzMuNzIwLmRhc2hfaDI2NC1iYXNpYy1nZW4yXzcyMHAiLCJ4cHZfYXNzZXRfaWQiOjI3MzY0ODUxNjM2NDgwOTU1LCJhc3NldF9hZ2VfZGF5cyI6NSwidmlfdXNlY2FzZV9pZCI6MTA3OTksImR1cmF0aW9uX3MiOjQ5LCJ1cmxnZW5fc291cmNlIjoid3d3In0%3D&ccb=17-1&vs=1a01f7bc29389c46&_nc_vs=HBksFQIYRWZiX2VwaGVtZXJhbC84QTRDNzlDRDgxMkM3Nzc0NUM5QjFGNzcwMTFDQ0Y4OV9tdF8xX3ZpZGVvX2Rhc2hpbml0Lm1wNBUAAsgBEgAVAhhAZmJfcGVybWFuZW50LzJBNEYxQ0MwRkE2MjNBRkFCM0UyMDJBMjQyOUY1M0E2X2F1ZGlvX2Rhc2hpbml0Lm1wNBUCAsgBEgAoABgAGwKIB3VzZV9vaWwBMRJwcm9ncmVzc2l2ZV9yZWNpcGUBMRUAACb2rv3RgIycYRUCKAJDMywXQEimZmZmZmYYGWRhc2hfaDI2NC1iYXNpYy1nZW4yXzcyMHARAHUAZd6oAQA&_nc_gid=fOwjuM78CnyBvsBYru_5Lg&_nc_ss=7b289&_nc_zt=28&oh=00_Af83KusOU9Dv3s-u5W5D1Cn5ihMM-0AatbY5ubxO_ZZiiA&oe=6A3991CD | SD: https://video.fjai6-1.fna.fbcdn.net/o1/v/t2/f2/m412/AQPf1JmNsYFmuMET9LD4uOh_jd-AzJe6PmhoL94PbYcwXJsv-O8S50LtOJPW1SoN1tMGv202ktnTH3R0anHwoiluwPx3ofW41htV_gcUQQ.mp4?_nc_cat=103&_nc_oc=AdoXJD0vD8-srPFQDBvNHZGM-Jxr34SLVF0AWc194NhTT-q_MM-v7_3RVcuXYi4t5WOxd9TJQ6BK_9HiH9NftTJr&_nc_sid=ef5aa3&_nc_ht=video.fjai6-1.fna.fbcdn.net&_nc_ohc=newgxYvcECoQ7kNvwGfYiuz&efg=eyJ2ZW5jb2RlX3RhZyI6Inhwdl9wcm9ncmVzc2l2ZS5WSV9VU0VDQVNFX1BST0RVQ1RfVFlQRS4uQzMuMzYwLnN2ZV9zZCIsInhwdl9hc3NldF9pZCI6MjczNjQ4NTE2MzY0ODA5NTUsImFzc2V0X2FnZV9kYXlzIjo1LCJ2aV91c2VjYXNlX2lkIjoxMDc5OSwiZHVyYXRpb25fcyI6NDksInVybGdlbl9zb3VyY2UiOiJ3d3cifQ%3D%3D&ccb=17-1&_nc_gid=fOwjuM78CnyBvsBYru_5Lg&_nc_ss=7b289&_nc_zt=28&oh=00_Af9C4zapr-BmKr4jORBNYukEVExgntbMqDWYxX6ghUb0Cw&oe=6A39AE9B | Preview: https://scontent.fjai6-1.fna.fbcdn.net/v/t39.35426-6/723664094_1324103919180957_1151044134344839527_n.jpg?_nc_cat=108&ccb=1-7&_nc_sid=c53f8f&_nc_ohc=gNfjTxjhOQUQ7kNvwEj3sJP&_nc_oc=Adr9TjriuAgOC50N7pM7QqGknm2YYVtQchl_3jMnhVDjghrxJMBOPWM6Y03WYowTn0UYVeb0BR1TGHxg6GdX37Jj&_nc_zt=14&_nc_ht=scontent.fjai6-1.fna&_nc_gid=fOwjuM78CnyBvsBYru_5Lg&_nc_ss=7b289&oh=00_Af-aV0C63TnYonHLu0bNmBSGi-GST1HfxSllr9lH-ssSkg&oe=6A399FAA,,,,,,,
1529791665361850,https://www.facebook.com/61584068265894/,sanjayandsunil.com,https://www.facebook.com/61584068265894/,,,,,+91 75500 99212,,,,958056854046375,https://sanjayandsunil.com/Pollivakkam-Land/,Sanjay and Sunil Realty,https://www.facebook.com/ads/library/?id=1529791665361850,"Pollivakkam sits at the heart of Chennai's fastest-growing industrial corridor — home to logistics giants, manufacturing hubs, and Tier-1 supply chains. 

Land of this scale, in this location, simply does not come available often. We're talking about 100 contiguous acres on a 200-ft road, with direct access to Chennai's western industrial belt and proximity to major infrastructure. 

Whether you're a developer, investor, or industrialist — this is the kind of opportunity that defines portfolios. One parcel. One chance. 

Enquire now before it's gone.",2,See details,sanjayandsunil.com,"FACEBOOK; INSTAGRAM",2026-06-11,2026-06-18,HD: https://video.fjai6-1.fna.fbcdn.net/o1/v/t2/f2/m366/AQOosfGLTpkeUXsHLTS9KTAQ4HxS6zwE-e6mPeGTV0N5td8bCfbJbpkgo9mHmg4Z1DLxr1sInwTXfgtlq0yQO6-rUCWSeG3y-veHRRG14SlYkg.mp4?_nc_cat=102&_nc_oc=AdpdyHKRcPAb1jCcZMl3WSaBd9Yl_FuGV7mAx4Ls8tPlBz3KggAAoeL5cV6901KTJMQmJIC8V4ZU9aKq4pr3-vha&_nc_sid=b66105&_nc_ht=video.fjai6-1.fna.fbcdn.net&_nc_ohc=lVMhRFNNiFkQ7kNvwE5xHID&efg=eyJ2ZW5jb2RlX3RhZyI6Inhwdl9wcm9ncmVzc2l2ZS5WSV9VU0VDQVNFX1BST0RVQ1RfVFlQRS4uQzMuNzIwLmRhc2hfaDI2NC1iYXNpYy1nZW4yXzcyMHAiLCJ4cHZfYXNzZXRfaWQiOjEzNjAxOTgyODYwNDY0MjIsImFzc2V0X2FnZV9kYXlzIjo3LCJ2aV91c2VjYXNlX2lkIjoxMDc5OSwiZHVyYXRpb25fcyI6NjAsInVybGdlbl9zb3VyY2UiOiJ3d3cifQ%3D%3D&ccb=17-1&vs=83d2635a06a20d46&_nc_vs=HBksFQIYRWZiX2VwaGVtZXJhbC9FQzQ3NzVEQTY2NzAwRTUzMUY1QTk0RjE1OTM4MkVBQ19tdF8xX3ZpZGVvX2Rhc2hpbml0Lm1wNBUAAsgBEgAVAhhAZmJfcGVybWFuZW50LzRDNDRDNzRFM0FEMUZDRDEwRjQ5NEYxRkIyMDZFNTg1X2F1ZGlvX2Rhc2hpbml0Lm1wNBUCAsgBEgAoABgAGwKIB3VzZV9vaWwBMRJwcm9ncmVzc2l2ZV9yZWNpcGUBMRUAACas08_6-sXqBBUCKAJDMywXQE4u2RaHKwIYGWRhc2hfaDI2NC1iYXNpYy1nZW4yXzcyMHARAHUAZd6oAQA&_nc_gid=fOwjuM78CnyBvsBYru_5Lg&_nc_ss=7b289&_nc_zt=28&oh=00_Af_3YBHJA7nACBL_KbjWHGS_HeG0-I4U9nAyXFEZV030gw&oe=6A39961E | SD: https://video.fjai6-1.fna.fbcdn.net/o1/v/t2/f2/m412/AQN3hnXg34Tv2HZa-nOlk5W7WJ6BxspydfOzeKNcdEnMTmUaUWLlp_Wc7DxfEOpWzriry9ErGCxaLuOTj3Hq_hu-fmSAqbqoB1nWSzPHwA.mp4?_nc_cat=106&_nc_oc=Adr005jAv9tu4FqSGXGkacbVWO2S1rgR5owBCNPanH1aIPwbaGE5rjNBtGZ0r1f1IyU6887a0rcNgUTMNRz5mPcL&_nc_sid=ef5aa3&_nc_ht=video.fjai6-1.fna.fbcdn.net&_nc_ohc=SeAicK8_s2gQ7kNvwEYoC6J&efg=eyJ2ZW5jb2RlX3RhZyI6Inhwdl9wcm9ncmVzc2l2ZS5WSV9VU0VDQVNFX1BST0RVQ1RfVFlQRS4uQzMuMzYwLnN2ZV9zZCIsInhwdl9hc3NldF9pZCI6MTM2MDE5ODI4NjA0NjQyMiwiYXNzZXRfYWdlX2RheXMiOjcsInZpX3VzZWNhc2VfaWQiOjEwNzk5LCJkdXJhdGlvbl9zIjo2MCwidXJsZ2VuX3NvdXJjZSI6Ind3dyJ9&ccb=17-1&_nc_gid=fOwjuM78CnyBvsBYru_5Lg&_nc_ss=7b289&_nc_zt=28&oh=00_Af8Ro3lil5HWKBy5Q87iDrtLniN9T_4WkKNbZ9b4x2Xkqw&oe=6A399EA0 | Preview: https://scontent.fjai6-1.fna.fbcdn.net/v/t39.35426-6/721463472_1321067643552815_3073435097815374696_n.jpg?_nc_cat=106&ccb=1-7&_nc_sid=c53f8f&_nc_ohc=FrlX5Q5SMh4Q7kNvwGe1fmG&_nc_oc=AdogHhoQrZf_8E9xiT0pi88NhY1HKwBza0AwvuQAEZMzZkAPKAfkoU4iqNbqaaGuWiW0NNPqSzsPF5UUxQK2ZrGp&_nc_zt=14&_nc_ht=scontent.fjai6-1.fna&_nc_gid=fOwjuM78CnyBvsBYru_5Lg&_nc_ss=7b289&oh=00_Af8L3rcEhQpiq2YOzE7gAABoPDopJTf8_j4rOJ6Oe6d1mg&oe=6A39885D,,,,,,,
2827391590927539,https://www.facebook.com/61557557017102/,fb.me,https://www.facebook.com/61557557017102/,,,,sales@arihantfoundations.in,+91 89883 38833,,,,263995340130655,http://fb.me/,DMR Landz,https://www.facebook.com/ads/library/?id=2827391590927539,"DMR Landz's industrial plots at Redhills! 

Our ready-to-build infrastructure is packed with extensive features, providing everything you need to get started. With plot sizes starting from 10,000 sq. ft., this is the perfect opportunity to secure a prime location for your business. 

- 24/7 Security
- Solar lights on Road
- Zero water logging
- CCTV Surveillance
- Upto 80% bank loan available
- 60 Ft wide tar road
- Lush green landscape

Don't miss out—invest now in DMR Landz Infinity and build your future today!",17952,Get quote,fb.me,"FACEBOOK; INSTAGRAM",2026-06-16,2026-06-16,,,"DMR Landz's industrial plots at Redhills! 

Our ready-to-build infrastructure is packed with extensive features, providing everything you need to get started. With plot sizes starting from 10,000 sq. ft., this is the perfect opportunity to secure a prime location for your business. 

- 24/7 Security
- Solar lights on Road
- Zero water logging
- CCTV Surveillance
- Upto 80% bank loan available
- 60 Ft wide tar road
- Lush green landscape

Don't miss out—invest now in DMR Landz Infinity and build your future today! || DMR Landz's industrial plots at Redhills! 

Our ready-to-build infrastructure is packed with extensive features, providing everything you need to get started. With plot sizes starting from 10,000 sq. ft., this is the perfect opportunity to secure a prime location for your business. 

- 24/7 Security
- Solar lights on Road
- Zero water logging
- CCTV Surveillance
- Upto 80% bank loan available
- 60 Ft wide tar road
- Lush green landscape

Don't miss out—invest now in DMR Landz Infinity and build your future today! || DMR Landz's industrial plots at Redhills! 

Our ready-to-build infrastructure is packed with extensive features, providing everything you need to get started. With plot sizes starting from 10,000 sq. ft., this is the perfect opportunity to secure a prime location for your business. 

- 24/7 Security
- Solar lights on Road
- Zero water logging
- CCTV Surveillance
- Upto 80% bank loan available
- 60 Ft wide tar road
- Lush green landscape

Don't miss out—invest now in DMR Landz Infinity and build your future today!",http://fb.me/ || http://fb.me/ || http://fb.me/,,Get Quote || Get Quote || Get Quote,Original: https://scontent.fjai6-1.fna.fbcdn.net/v/t39.35426-6/686539224_2373649139787149_3824685623777894766_n.jpg?_nc_cat=109&ccb=1-7&_nc_sid=c53f8f&_nc_ohc=UBGw3U-bu2wQ7kNvwEGrKAo&_nc_oc=Adq40T0GzbglqKav5z7oQuQ1xfzHZmYj583KmWUSe-xmrY0_xyN3Q41uhvFw3KFlLPs6LOQfpEWLAZLVIy5UdqMF&_nc_zt=14&_nc_ht=scontent.fjai6-1.fna&_nc_gid=fOwjuM78CnyBvsBYru_5Lg&_nc_ss=7b289&oh=00_Af-YIS-ZSCEiUYZ671_mJBHS1Not754DLOd7mAOEKtqxnw&oe=6A39B087 | Resized: https://scontent.fjai6-1.fna.fbcdn.net/v/t39.35426-6/684772048_1452755413531295_6685930277986070612_n.jpg?stp=dst-jpg_s600x600_tt6&_nc_cat=103&ccb=1-7&_nc_sid=c53f8f&_nc_ohc=TVve-8wX54EQ7kNvwHOffAp&_nc_oc=Adq0_86TEfGgI8SAxYqox6ISfK-Ff0AOadubz7dQqUy9P_WQ8VsBtqhOLIlNXbW4Vtz0ip3kcfUU7cGiLm8bXLHe&_nc_zt=14&_nc_ht=scontent.fjai6-1.fna&_nc_gid=fOwjuM78CnyBvsBYru_5Lg&_nc_ss=7b289&oh=00_Af_R6k7EtXqejHkoNac7WeIbVpfXtidZWYDgX2mMJ0kwsw&oe=6A39AB6B || Original: https://scontent.fjai6-1.fna.fbcdn.net/v/t39.35426-6/686939225_1520748972723374_2276655043104767596_n.jpg?_nc_cat=105&ccb=1-7&_nc_sid=c53f8f&_nc_ohc=pUlkHSP5-lQQ7kNvwHNaqyE&_nc_oc=AdqXwt0HcTDHkyKiJj56wWGwM6rWSWQTeiMaTDyvwbydJxvnGrNPQo46IwIdKNLhxteocUFloGtCMHfpC40OmLmb&_nc_zt=14&_nc_ht=scontent.fjai6-1.fna&_nc_gid=fOwjuM78CnyBvsBYru_5Lg&_nc_ss=7b289&oh=00_Af_cuAXcdWFFXq6OtRgsqboir5J71GI2H5NIcgcjWOMQaA&oe=6A39A558 | Resized: https://scontent.fjai6-1.fna.fbcdn.net/v/t39.35426-6/686937691_26419310764407161_1943091336917946777_n.jpg?stp=dst-jpg_s600x600_tt6&_nc_cat=105&ccb=1-7&_nc_sid=c53f8f&_nc_ohc=66wXYo1bJN0Q7kNvwFCwPS5&_nc_oc=Adr1jiEv0PLuC3OkJyO-Y-sonBIBWB0xptc5RIBI-DWyfHhZ-eT8F72vSMMCl_AK0zrhh0XrU-5eyiJ_cPvbIKul&_nc_zt=14&_nc_ht=scontent.fjai6-1.fna&_nc_gid=fOwjuM78CnyBvsBYru_5Lg&_nc_ss=7b289&oh=00_Af_PnoquJdqfCcYM23El63Zr7uAfPZt5vVoPZF7ZiYvdNw&oe=6A399DB8 || Original: https://scontent.fjai6-1.fna.fbcdn.net/v/t39.35426-6/685052236_966742165991829_5502733282309587165_n.jpg?_nc_cat=108&ccb=1-7&_nc_sid=c53f8f&_nc_ohc=4vD2VulQh5sQ7kNvwH9IkSZ&_nc_oc=Adrp01Sx1MdCdmob1xq83QYTr42B6yOkTMmRhViuZp_evF-VBMDI3CRSWj_n847QomO65C0v5s5vlcnW8PpXAvR8&_nc_zt=14&_nc_ht=scontent.fjai6-1.fna&_nc_gid=fOwjuM78CnyBvsBYru_5Lg&_nc_ss=7b289&oh=00_Af9V1MhC5ArTX7OPWs8kGwcDtrAMCK2DsgkUkxedLD7pdA&oe=6A39BD7C | Resized: https://scontent.fjai6-1.fna.fbcdn.net/v/t39.35426-6/686941277_1688436669034038_6753373263036239326_n.jpg?stp=dst-jpg_s600x600_tt6&_nc_cat=101&ccb=1-7&_nc_sid=c53f8f&_nc_ohc=ONoDFsvkmcsQ7kNvwEoGY5F&_nc_oc=Ado2Tpf3EB0GWGcF63jJZzFzCMHD7UE7FQTCqWh2LN-q8OSRfNAHQUvv3W4Dhs161kFZg2LQPy41LAg37QUohd7y&_nc_zt=14&_nc_ht=scontent.fjai6-1.fna&_nc_gid=fOwjuM78CnyBvsBYru_5Lg&_nc_ss=7b289&oh=00_Af9KviXA0RwhvOq_oMLbQNfFkAWeltPDtWFrrA0osSQhHQ&oe=6A39B2A0,
1017852307671146,https://www.facebook.com/prajapropertiesindiapvtltd/,api.whatsapp.com,https://www.facebook.com/prajapropertiesindiapvtltd/,,,,info@prajaproperties.com,+91 95352 51967,,,,213819735156351,https://api.whatsapp.com/send,Praja Properties India Pvt Ltd,https://www.facebook.com/ads/library/?id=1017852307671146,"Residential Plots in Malur City - A Smart Investment Opportunity!

RERA Registered | Individual Site A-Khata | Malur Town Planning Approved |BMRDA Approved

Well connected to Hoskote, Sarjapur, Whitefield, STRR, And NH 75, Bangalore-Chennai Expressway.

Book your site visit today and secure your future investment!",3759,Send WhatsApp message,api.whatsapp.com,"FACEBOOK; INSTAGRAM; AUDIENCE_NETWORK",2026-06-17,2026-06-17,,,"Residential Plots in Malur City - A Smart Investment Opportunity!

RERA Registered | Individual Site A-Khata | Malur Town Planning Approved |BMRDA Approved

Well connected to Hoskote, Sarjapur, Whitefield, STRR, And NH 75, Bangalore-Chennai Expressway.

Book your site visit today and secure your future investment! || Residential Plots in Malur City - A Smart Investment Opportunity!

RERA Registered | Individual Site A-Khata | Malur Town Planning Approved |BMRDA Approved

Well connected to Hoskote, Sarjapur, Whitefield, STRR, And NH 75, Bangalore-Chennai Expressway.

Book your site visit today and secure your future investment! || Residential Plots in Malur City - A Smart Investment Opportunity!

RERA Registered | Individual Site A-Khata | Malur Town Planning Approved |BMRDA Approved

Well connected to Hoskote, Sarjapur, Whitefield, STRR, And NH 75, Bangalore-Chennai Expressway.

Book your site visit today and secure your future investment!",https://api.whatsapp.com/send || https://api.whatsapp.com/send || https://api.whatsapp.com/send,,Send WhatsApp Message || Send WhatsApp Message || Send WhatsApp Message,Original: https://scontent.fjai6-1.fna.fbcdn.net/v/t39.35426-6/724858735_2267564830733578_7305684861516178360_n.jpg?_nc_cat=103&ccb=1-7&_nc_sid=c53f8f&_nc_ohc=XGXWko1bNpkQ7kNvwHeV-3S&_nc_oc=AdoLlYsYWbOCqbcZfgFvk7kM7W35UCAnEhY9o70SZ79aAJ0lOwuoJQZaJz2SCu7vDg9e9ctvfR_GXPU7m34vZ40f&_nc_zt=14&_nc_ht=scontent.fjai6-1.fna&_nc_gid=fOwjuM78CnyBvsBYru_5Lg&_nc_ss=7b289&oh=00_Af_HZCDvhCWoKFdb-VAcOgyholSxFkV9tCUsDJGgOiN8GA&oe=6A399A06 | Resized: https://scontent.fjai6-1.fna.fbcdn.net/v/t39.35426-6/725860207_2274404879979166_2907366996327558816_n.jpg?stp=dst-jpg_s600x600_tt6&_nc_cat=101&ccb=1-7&_nc_sid=c53f8f&_nc_ohc=abHp0XN2tDoQ7kNvwHSfKwR&_nc_oc=AdpuftuvK6YvXy52iqHJHAmib3_G96Ac8YDQfPC1dhkptxYJbVJpGdot_j3YWYvuolJMwqj474XpNXnbfBpCmg7e&_nc_zt=14&_nc_ht=scontent.fjai6-1.fna&_nc_gid=fOwjuM78CnyBvsBYru_5Lg&_nc_ss=7b289&oh=00_Af_I7GBv5vklOpjqElHQLdXln2h5slkdyuiAP70SjIFf4w&oe=6A39B67D || Original: https://scontent.fjai6-1.fna.fbcdn.net/v/t39.35426-6/724858735_2267564830733578_7305684861516178360_n.jpg?_nc_cat=103&ccb=1-7&_nc_sid=c53f8f&_nc_ohc=XGXWko1bNpkQ7kNvwHeV-3S&_nc_oc=AdoLlYsYWbOCqbcZfgFvk7kM7W35UCAnEhY9o70SZ79aAJ0lOwuoJQZaJz2SCu7vDg9e9ctvfR_GXPU7m34vZ40f&_nc_zt=14&_nc_ht=scontent.fjai6-1.fna&_nc_gid=fOwjuM78CnyBvsBYru_5Lg&_nc_ss=7b289&oh=00_Af_HZCDvhCWoKFdb-VAcOgyholSxFkV9tCUsDJGgOiN8GA&oe=6A399A06 | Resized: https://scontent.fjai6-1.fna.fbcdn.net/v/t39.35426-6/725860207_2274404879979166_2907366996327558816_n.jpg?stp=dst-jpg_s600x600_tt6&_nc_cat=101&ccb=1-7&_nc_sid=c53f8f&_nc_ohc=abHp0XN2tDoQ7kNvwHSfKwR&_nc_oc=AdpuftuvK6YvXy52iqHJHAmib3_G96Ac8YDQfPC1dhkptxYJbVJpGdot_j3YWYvuolJMwqj474XpNXnbfBpCmg7e&_nc_zt=14&_nc_ht=scontent.fjai6-1.fna&_nc_gid=fOwjuM78CnyBvsBYru_5Lg&_nc_ss=7b289&oh=00_Af_I7GBv5vklOpjqElHQLdXln2h5slkdyuiAP70SjIFf4w&oe=6A39B67D || Original: https://scontent.fjai6-1.fna.fbcdn.net/v/t39.35426-6/724996207_2265668457510408_9151410134924370916_n.jpg?_nc_cat=101&ccb=1-7&_nc_sid=c53f8f&_nc_ohc=8pN4YnfsiNYQ7kNvwHIhBSP&_nc_oc=Adpj_GRsn15650ETd67ZKKVfVcVVCM__ZHVsFakfauSm72Y6vFRs6fThg1bqSn7lXK9n_owjSseWqSlN1kUiRKCB&_nc_zt=14&_nc_ht=scontent.fjai6-1.fna&_nc_gid=fOwjuM78CnyBvsBYru_5Lg&_nc_ss=7b289&oh=00_Af8uYP2du6a7s-ENzI-1Y2NENPvURpykwdAIwicuZ3mVBw&oe=6A39A045 | Resized: https://scontent.fjai6-1.fna.fbcdn.net/v/t39.35426-6/726307655_2087000041849443_4470693215552463406_n.jpg?stp=dst-jpg_s600x600_tt6&_nc_cat=104&ccb=1-7&_nc_sid=c53f8f&_nc_ohc=Vv3WVJz-K0wQ7kNvwGiyPCf&_nc_oc=AdoRV3-W3lkoNHgGA1KjPfMiq-WkbMCttvCoxrH8Q6N6YjmcWP9mIH_BtfgC0z6zasfAYmgL6oTkzWCBChKP5fRE&_nc_zt=14&_nc_ht=scontent.fjai6-1.fna&_nc_gid=fOwjuM78CnyBvsBYru_5Lg&_nc_ss=7b289&oh=00_Af_NgumCMHe0JIlGYGM8jrv3oAMwCN9F_-Q7KRZexlHvpA&oe=6A39A8D9,
1709511053654954,https://www.facebook.com/PSGroupRealty/,pslogisticspark.com,https://www.facebook.com/PSGroupRealty/,,,,,,,,,1161764063844369,https://pslogisticspark.com/?utm_source=meta&utm_medium=social&utm_campaign=PS_LeadGen_Interest_04042026&utm_id=701OX00000pqdRd,PS Group,https://www.facebook.com/ads/library/?id=1709511053654954,"Grade-A logistics units from ₹2.99 Cr on Kona Expressway.
That’s what PS Logistics Park brings to businesses looking to scale near Kolkata.

Spread across 21 acres, this future-ready logistics hub combines connectivity, operational efficiency, and workforce comfort—so operations run smoother and teams work smarter.

✅ Spacious units with up to 17 ft clear height
✅ Workforce-ready amenities: dorms, crèche & medical bay
✅ Advanced safety systems with 24×7 operations
✅ Just 32 mins from central Kolkata business zones

Enquire today to check availability or book a site visit.
📞 +91 033 3567 6735",43113,Get quote,pslogisticspark.com,"FACEBOOK; INSTAGRAM; AUDIENCE_NETWORK; MESSENGER; THREADS",2026-06-16,2026-06-17,,,"Grade-A logistics units from ₹2.99 Cr on Kona Expressway.
That’s what PS Logistics Park brings to businesses looking to scale near Kolkata.

Spread across 21 acres, this future-ready logistics hub combines connectivity, operational efficiency, and workforce comfort—so operations run smoother and teams work smarter.

✅ Spacious units with up to 17 ft clear height
✅ Workforce-ready amenities: dorms, crèche & medical bay
✅ Advanced safety systems with 24×7 operations
✅ Just 32 mins from central Kolkata business zones

Enquire today to check availability or book a site visit.
📞 +91 033 3567 6735 || Grade-A logistics units from ₹2.99 Cr on Kona Expressway.
That’s what PS Logistics Park brings to businesses looking to scale near Kolkata.

Spread across 21 acres, this future-ready logistics hub combines connectivity, operational efficiency, and workforce comfort—so operations run smoother and teams work smarter.

✅ Spacious units with up to 17 ft clear height
✅ Workforce-ready amenities: dorms, crèche & medical bay
✅ Advanced safety systems with 24×7 operations
✅ Just 32 mins from central Kolkata business zones

Enquire today to check availability or book a site visit.
📞 +91 033 3567 6735 || Grade-A logistics units from ₹2.99 Cr on Kona Expressway.
That’s what PS Logistics Park brings to businesses looking to scale near Kolkata.

Spread across 21 acres, this future-ready logistics hub combines connectivity, operational efficiency, and workforce comfort—so operations run smoother and teams work smarter.

✅ Spacious units with up to 17 ft clear height
✅ Workforce-ready amenities: dorms, crèche & medical bay
✅ Advanced safety systems with 24×7 operations
✅ Just 32 mins from central Kolkata business zones

Enquire today to check availability or book a site visit.
📞 +91 033 3567 6735",https://pslogisticspark.com/?utm_source=meta&utm_medium=social&utm_campaign=PS_LeadGen_Interest_04042026&utm_id=701OX00000pqdRd || https://pslogisticspark.com/?utm_source=meta&utm_medium=social&utm_campaign=PS_LeadGen_Interest_04042026&utm_id=701OX00000pqdRd || https://pslogisticspark.com/?utm_source=meta&utm_medium=social&utm_campaign=PS_LeadGen_Interest_04042026&utm_id=701OX00000pqdRd,,Get Quote || Get Quote || Get Quote,Original: https://scontent.fjai6-1.fna.fbcdn.net/v/t39.35426-6/674242476_2248960305513048_6391613965110182409_n.jpg?_nc_cat=110&ccb=1-7&_nc_sid=c53f8f&_nc_ohc=KSAnDumuqS0Q7kNvwEg4jJ7&_nc_oc=Adoysai9xvPJ30saxcwCcAzGxtLQT3v0h0Osfe_fj29oIvaNCKflBpPMUpR5RLsw9jrHYlJdAkDoTAiUqOVGR5uA&_nc_zt=14&_nc_ht=scontent.fjai6-1.fna&_nc_gid=fOwjuM78CnyBvsBYru_5Lg&_nc_ss=7b289&oh=00_Af8AMALnQI_sndEBa62D-O5zE7c6-JCKJf2Q0OQrC7GbfQ&oe=6A398EF6 | Resized: https://scontent.fjai6-1.fna.fbcdn.net/v/t39.35426-6/671738517_4378449015755742_8624111123016956373_n.jpg?stp=dst-jpg_s600x600_tt6&_nc_cat=106&ccb=1-7&_nc_sid=c53f8f&_nc_ohc=Qhgwv6ZR54UQ7kNvwGPltye&_nc_oc=Adpq6IxQT9razRvgDioOPpUe2Lomk3CeXXxI5a4D-uhNx5E9sVf2EzQSQaUIo62kQYUaTb7swlLtN_pvu-CqDNqu&_nc_zt=14&_nc_ht=scontent.fjai6-1.fna&_nc_gid=fOwjuM78CnyBvsBYru_5Lg&_nc_ss=7b289&oh=00_Af-FppAmeFvFfW72SCazrstRwoGe8Ix42ZkOja6UsEri1Q&oe=6A39866C || Original: https://scontent.fjai6-1.fna.fbcdn.net/v/t39.35426-6/671380416_2386143348576083_3259126622561308814_n.jpg?_nc_cat=102&ccb=1-7&_nc_sid=c53f8f&_nc_ohc=d6nU9Ez8yX8Q7kNvwGzyxv1&_nc_oc=AdpiVuWo5_MxMYQ9fnT-TUdaYj0RPmOkdvOUJvEKX0EHWF-BoqdoeUIoSVhASvTSGevVYednY5Q32bdujIj0iBzV&_nc_zt=14&_nc_ht=scontent.fjai6-1.fna&_nc_gid=fOwjuM78CnyBvsBYru_5Lg&_nc_ss=7b289&oh=00_Af_ERvXfHdA38BQeHbqfKxQW4yyGCJKhJe2wkToH8qEFEg&oe=6A39B68D | Resized: https://scontent.fjai6-1.fna.fbcdn.net/v/t39.35426-6/671548758_902767946130206_8799189853720451300_n.jpg?stp=dst-jpg_s600x600_tt6&_nc_cat=105&ccb=1-7&_nc_sid=c53f8f&_nc_ohc=dUBvFwzL_lIQ7kNvwGcOek5&_nc_oc=AdqtoW4ImbPkEsCvONN_jif5vWLZHchi4JGNN9Z3KMKDLiUxPeTup8kZcZPWToy3KIC-dQTiDIq2AyCvg08dFl7M&_nc_zt=14&_nc_ht=scontent.fjai6-1.fna&_nc_gid=fOwjuM78CnyBvsBYru_5Lg&_nc_ss=7b289&oh=00_Af-Tg1Z_pAs2m6dvQnO4lbzNp2ka6Px1nf5WqUhpGyM19w&oe=6A3987A2 || Original: https://scontent.fjai6-1.fna.fbcdn.net/v/t39.35426-6/671572821_1179830570794037_836632257901183167_n.jpg?_nc_cat=105&ccb=1-7&_nc_sid=c53f8f&_nc_ohc=YBPIf1t2pY4Q7kNvwG_Z2-2&_nc_oc=AdpYN-RmoDswjr99MpizMVA2XDOtbHmU1fFpkBDiQ-2Z67iJjy9ZWty7R_DEKHbyZCKEl-XeSZe8Fnpagv6ZcPEO&_nc_zt=14&_nc_ht=scontent.fjai6-1.fna&_nc_gid=fOwjuM78CnyBvsBYru_5Lg&_nc_ss=7b289&oh=00_Af-PQo3-DEyOzF72QcdpDYa9LJaMxN5us3HECjRaI8HmRg&oe=6A39A9E1 | Resized: https://scontent.fjai6-1.fna.fbcdn.net/v/t39.35426-6/670653027_1282361329908222_5170770138469775913_n.jpg?stp=dst-jpg_s600x600_tt6&_nc_cat=111&ccb=1-7&_nc_sid=c53f8f&_nc_ohc=oyrMVtDE_ogQ7kNvwEYsEjx&_nc_oc=Adp4Ru8iTPYQPDl2OfPJEP_8BtsXr0fOUlQ6kSBIWACWL_4B23yQggxQLHODZ7g5WJ2IhtNd65MLaIZk_qVw5Ony&_nc_zt=14&_nc_ht=scontent.fjai6-1.fna&_nc_gid=fOwjuM78CnyBvsBYru_5Lg&_nc_ss=7b289&oh=00_Af9oX6aWqDQWK7V2CLTJFzViCRaDxjwozCSKdAX5ar8rrA&oe=6A39971A,
4413629575523726,https://www.facebook.com/61557557017102/,fb.me,https://www.facebook.com/61557557017102/,,,,sales@arihantfoundations.in,+91 89883 38833,,,,263995340130655,http://fb.me/,DMR Landz,https://www.facebook.com/ads/library/?id=4413629575523726,"Looking for the perfect space to grow your industrial business? 

DMR Landz Infinity offers industrial plots, sizes starting from 5000 sq. ft, situated just 2 minutes from GNT Road. With unmatched proximity to major transport routes and excellent accessibility, this is the ideal location for businesses ready to thrive. Don’t miss this opportunity to establish yourself in a highly connected industrial zone.

- 2 mins from GNT Road
- 24/7 Security
- Solar lights on Road
- Suitable for immediate construction
- CCTV Surveillance
- Upto 80% bank loan available
- Hassle Free EB
- Zero water logging

Don't miss out—invest now in DMR Landz Infinity and build your future today!",17952,Get quote,fb.me,"FACEBOOK; INSTAGRAM",2026-06-17,2026-06-17,,Original: https://scontent.fjai6-1.fna.fbcdn.net/v/t39.35426-6/720603014_1907108113284642_4804704270097857064_n.jpg?_nc_cat=103&ccb=1-7&_nc_sid=c53f8f&_nc_ohc=Lk3ec8taKIEQ7kNvwE4mogP&_nc_oc=AdrzNlee1nWWClTdGaofYPRIrXUunB62_6wHSbDCjpQMz-plBnaQKugbzBWSvvwEcJHao1FUuU-kdiCK1z68gkwo&_nc_zt=14&_nc_ht=scontent.fjai6-1.fna&_nc_gid=fOwjuM78CnyBvsBYru_5Lg&_nc_ss=7b289&oh=00_Af_x1Ltd9U5qkUzvMtnH4IiE9Qou659unllVFbYPS4BBiQ&oe=6A39BAD3 | Resized: https://scontent.fjai6-1.fna.fbcdn.net/v/t39.35426-6/721248844_1346659144057309_7659220626713944328_n.jpg?stp=dst-jpg_s600x600_tt6&_nc_cat=102&ccb=1-7&_nc_sid=c53f8f&_nc_ohc=IDAjXMU3FuMQ7kNvwHlZ0n6&_nc_oc=Ado4ITk6mpruuLDjp1d0VmeNeSLGBlcW5gtlzlkFKe0vyj3d3akKx6tw1M_ziyyHq12CikjPyNAuVA51J00vDCMV&_nc_zt=14&_nc_ht=scontent.fjai6-1.fna&_nc_gid=fOwjuM78CnyBvsBYru_5Lg&_nc_ss=7b289&oh=00_Af-8gGp-Uolh8t-w43g1Dfpj9Ob3LRukFpDMfevNa2I3xA&oe=6A39B0B2,,,,,,
4629388837295165,https://www.facebook.com/JMDeveloperspune1/,fb.me,https://www.facebook.com/JMDeveloperspune1/,,,,,+91 96230 28769,,,,836897186170090,http://fb.me/,JM Developers,https://www.facebook.com/ads/library/?id=4629388837295165,"JM DEVELOPERS निर्मित – तुमच्या भविष्याची स्मार्ट गुंतवणूक! ✨

📍 सासवड – जेजुरी नॅशनल हायवे लगत, खळद येथे प्रीमियम प्लॉट्स
✈️ पुरंदर इंटरनॅशनल एअरपोर्ट, IT पार्क आणि Logistics Park पासून अगदी जवळ!

💰 फक्त ₹7.99 लाखात 1 गुंठा
🔥 95% SOLD OUT – शेवटची संधी!

🌟 तुमच्या परिवारासाठी सुरक्षित आणि फायदेशीर इन्व्हेस्टमेंट
✅ सासवड – जेजुरी नॅशनल हायवे टच लोकेशन
✈️ पुरंदर इंटरनॅशनल एअरपोर्ट जवळ
💻 IT पार्क जवळ
🚛 Logistics Park जवळ
🏡 सर्व सुख-सुविधायुक्त प्रोजेक्ट
📈 भविष्याची स्मार्ट आणि फायदेशीर गुंतवणूक

⏳ उद्याचा मोठा फायदा मिळवायचा असेल, तर आजच निर्णय घ्या!
मर्यादित प्लॉट्स उपलब्ध – तुमच्या स्वप्नातील जागा आजच बुक करा!

📞 संपर्क: 9623028769 | 74999243757",14,Sign up,fb.me,"FACEBOOK; INSTAGRAM; AUDIENCE_NETWORK",2026-06-16,2026-06-18,,Original: https://scontent.fjai6-1.fna.fbcdn.net/v/t39.35426-6/721842414_2013466915937640_5298491499793594026_n.jpg?_nc_cat=101&ccb=1-7&_nc_sid=c53f8f&_nc_ohc=p1pSolhQ2QQQ7kNvwGgdxfl&_nc_oc=Adp8ScSwQV3gFxVVoWnL8v5b1Vl_bbsFZpc1Q5mtoEGrjMgTmBim1owuiopGvDc52Gm4pD2tOiAP311CbOkdqAE5&_nc_zt=14&_nc_ht=scontent.fjai6-1.fna&_nc_gid=OlvsfcldSvGcG7HtfJMPoQ&_nc_ss=7b289&oh=00_Af_-KfxCTDNjqB8IHygRUHBzL5v0wONnklecyObkGo9phw&oe=6A3988B8 | Resized: https://scontent.fjai6-1.fna.fbcdn.net/v/t39.35426-6/722205415_1638140593943263_2677857066312404883_n.jpg?stp=dst-jpg_s600x600_tt6&_nc_cat=105&ccb=1-7&_nc_sid=c53f8f&_nc_ohc=imCwQ1WIZskQ7kNvwH3Zjul&_nc_oc=Adr9HWMCHu3EGWtRoRnc_XldAshTz3s7Du6S31oiYpybyio00xkJXzhnFJC4hVP7lpy8bOa63Sf4_ptfIUbxhHLn&_nc_zt=14&_nc_ht=scontent.fjai6-1.fna&_nc_gid=OlvsfcldSvGcG7HtfJMPoQ&_nc_ss=7b289&oh=00_Af9dQeTczWWVJhHkXJN8pv68dgLvCmtvvLJcPfivl9y_rw&oe=6A39956F,,,,,,
868234659662764,https://www.facebook.com/PSGroupRealty/,pslogisticspark.com,https://www.facebook.com/PSGroupRealty/,,,,,,,,,1161764063844369,https://pslogisticspark.com/?utm_source=meta&utm_medium=social&utm_campaign=PS_LeadGen_Interest_04042026&utm_id=701OX00000pqdRd,PS Group,https://www.facebook.com/ads/library/?id=868234659662764,"Losing time and money due to inefficient warehouse setups?
Step into smarter logistics at ₹2.99 Cr on Kona Expressway.

PS Logistics Park brings scale, structure, and speed together—so your business runs without compromises.

✅ Large, efficient units with 17 ft clear height
✅ On-site workforce facilities for smoother ops
✅ 24×7 secure, compliant infrastructure
✅ Close to Kolkata’s key business hubs

Enquire now before availability tightens.
📞 +91 033 3567 6735",43113,Get quote,pslogisticspark.com,"FACEBOOK; INSTAGRAM; AUDIENCE_NETWORK; MESSENGER; THREADS",2026-06-17,2026-06-17,,,"Losing time and money due to inefficient warehouse setups?
Step into smarter logistics at ₹2.99 Cr on Kona Expressway.

PS Logistics Park brings scale, structure, and speed together—so your business runs without compromises.

✅ Large, efficient units with 17 ft clear height
✅ On-site workforce facilities for smoother ops
✅ 24×7 secure, compliant infrastructure
✅ Close to Kolkata’s key business hubs

Enquire now before availability tightens.
📞 +91 033 3567 6735 || Losing time and money due to inefficient warehouse setups?
Step into smarter logistics at ₹2.99 Cr on Kona Expressway.

PS Logistics Park brings scale, structure, and speed together—so your business runs without compromises.

✅ Large, efficient units with 17 ft clear height
✅ On-site workforce facilities for smoother ops
✅ 24×7 secure, compliant infrastructure
✅ Close to Kolkata’s key business hubs

Enquire now before availability tightens.
📞 +91 033 3567 6735 || Losing time and money due to inefficient warehouse setups?
Step into smarter logistics at ₹2.99 Cr on Kona Expressway.

PS Logistics Park brings scale, structure, and speed together—so your business runs without compromises.

✅ Large, efficient units with 17 ft clear height
✅ On-site workforce facilities for smoother ops
✅ 24×7 secure, compliant infrastructure
✅ Close to Kolkata’s key business hubs

Enquire now before availability tightens.
📞 +91 033 3567 6735",https://pslogisticspark.com/?utm_source=meta&utm_medium=social&utm_campaign=PS_LeadGen_Interest_04042026&utm_id=701OX00000pqdRd || https://pslogisticspark.com/?utm_source=meta&utm_medium=social&utm_campaign=PS_LeadGen_Interest_04042026&utm_id=701OX00000pqdRd || https://pslogisticspark.com/?utm_source=meta&utm_medium=social&utm_campaign=PS_LeadGen_Interest_04042026&utm_id=701OX00000pqdRd,,Get Quote || Get Quote || Get Quote,Original: https://scontent.fjai6-1.fna.fbcdn.net/v/t39.35426-6/725436254_1429307202560535_2644451339298463989_n.jpg?_nc_cat=102&ccb=1-7&_nc_sid=c53f8f&_nc_ohc=Ji3BwGm6g4EQ7kNvwHUNXux&_nc_oc=AdrjElQrl9BenAFlLNpS9ExYH4KWVwPSdKOfapEZyq861ph90LRbNK0v-SD1-9ALviMQkPRJx7AUr7S0qGZ57dw5&_nc_zt=14&_nc_ht=scontent.fjai6-1.fna&_nc_gid=OlvsfcldSvGcG7HtfJMPoQ&_nc_ss=7b289&oh=00_Af97tN5lXCYzUSfemkhJkhsVe6xMhKnfQh4onG98ltv-4g&oe=6A39A4FD | Resized: https://scontent.fjai6-1.fna.fbcdn.net/v/t39.35426-6/725305587_36517935291185324_6209960396391556318_n.jpg?stp=dst-jpg_s600x600_tt6&_nc_cat=111&ccb=1-7&_nc_sid=c53f8f&_nc_ohc=fPCczQHVpwEQ7kNvwEqvX5R&_nc_oc=AdqchnMJ5bFCyw4KGPUX2wVQE9hpg2uyopvua3zn2xPXNzCMuUZ2Pum-DBamQPbB0jgChEIxaIE8SHV4lB_uW_7_&_nc_zt=14&_nc_ht=scontent.fjai6-1.fna&_nc_gid=OlvsfcldSvGcG7HtfJMPoQ&_nc_ss=7b289&oh=00_Af-TFbNiz5WwpfLMfMtQT8O1QOI9Z8X67g9ukdM9cbE8bA&oe=6A39BDB1 || Original: https://scontent.fjai6-1.fna.fbcdn.net/v/t39.35426-6/726432733_2890506504675282_5912941134208029183_n.jpg?_nc_cat=103&ccb=1-7&_nc_sid=c53f8f&_nc_ohc=z5-8z2PvMWoQ7kNvwGXZZnB&_nc_oc=AdrkzI018HfOb2QO4sfGO0x4pc83E0Nk48JWgv6m5aqFb8a0VvBLd9kS9Zp-nlSAdgtVo21iXf8okWcYqp3dXcWZ&_nc_zt=14&_nc_ht=scontent.fjai6-1.fna&_nc_gid=OlvsfcldSvGcG7HtfJMPoQ&_nc_ss=7b289&oh=00_Af8VTilWyXvLr-BUvQLFX8O92fm2SuPbGuoPnKP2AVF_uQ&oe=6A399F3F | Resized: https://scontent.fjai6-1.fna.fbcdn.net/v/t39.35426-6/725776443_1335746488514615_3191889965518879087_n.jpg?stp=dst-jpg_s600x600_tt6&_nc_cat=104&ccb=1-7&_nc_sid=c53f8f&_nc_ohc=E0ikkwRJIagQ7kNvwFFifZi&_nc_oc=AdqRANQ_bqGHMvV4kCYIzEqmdmret3SsX1Gdtliblk2RGzYqlAUNrFQnVae__EYaKoqjIN1eRWBfn3Rpoo2xQJ-g&_nc_zt=14&_nc_ht=scontent.fjai6-1.fna&_nc_gid=OlvsfcldSvGcG7HtfJMPoQ&_nc_ss=7b289&oh=00_Af-HOJXMvxRauJ3BrFdEtN3EhIR60Vc2rrJ0jWdnPTXvmQ&oe=6A39A2F6 || Original: https://scontent.fjai6-1.fna.fbcdn.net/v/t39.35426-6/725133479_2172455613539048_1028974415931163806_n.jpg?_nc_cat=102&ccb=1-7&_nc_sid=c53f8f&_nc_ohc=0s0qymmIfnsQ7kNvwGH-Zfl&_nc_oc=AdoTgmzDgtsciE4JrG6jOWF0Kx_65fIT9jAhXDLB-Z5hXBFAfmERhpVYOMlKTNb5w3EIWsXXDiXM2k0sf0CzosKV&_nc_zt=14&_nc_ht=scontent.fjai6-1.fna&_nc_gid=OlvsfcldSvGcG7HtfJMPoQ&_nc_ss=7b289&oh=00_Af-XnVqruwhmL4ORONY8CPeq36TNd5hoGjunQGbZWHm4TQ&oe=6A39AFE5 | Resized: https://scontent.fjai6-1.fna.fbcdn.net/v/t39.35426-6/725279089_1553456066179897_1083465059730530977_n.jpg?stp=dst-jpg_s600x600_tt6&_nc_cat=111&ccb=1-7&_nc_sid=c53f8f&_nc_ohc=hxnetoM1IaQQ7kNvwEb9oyp&_nc_oc=Ado157FffA5q_exO7-OopYFBzjPG1B2x0xqBxHsNY5NKFW5cgrrVN7_5sKBcP62wEFFqY73d1Tyt_5FqXmdJJAvV&_nc_zt=14&_nc_ht=scontent.fjai6-1.fna&_nc_gid=OlvsfcldSvGcG7HtfJMPoQ&_nc_ss=7b289&oh=00_Af_aWBqmBzHTLcunBek9H1pGfWkBp2Hum0mgouPILzHFEw&oe=6A39878E,
1730173774663770,https://www.facebook.com/61557557017102/,fb.me,https://www.facebook.com/61557557017102/,,,,sales@arihantfoundations.in,+91 89883 38833,,,,263995340130655,http://fb.me/,DMR Landz,https://www.facebook.com/ads/library/?id=1730173774663770,"Looking for the perfect space to grow your industrial business? 

DMR Landz Infinity offers industrial plots, sizes starting from 10,000 sq. ft, situated just 3 minutes from GNT Road. With unmatched proximity to major transport routes and excellent accessibility, this is the ideal location for businesses ready to thrive. Don’t miss this opportunity to establish yourself in a highly connected industrial zone.

- 3 mins from GNT Road
- 24/7 Security
- Solar lights on Road
- Suitable for immediate construction
- CCTV Surveillance
- Upto 80% bank loan available
- Hassle Free EB
- Zero water logging


Don't miss out—invest now in DMR Landz Infinity and build your future today!",17952,Get quote,fb.me,"FACEBOOK; INSTAGRAM",2026-06-08,2026-06-17,,,"Looking for the perfect space to grow your industrial business? 

DMR Landz Infinity offers industrial plots, sizes starting from 10,000 sq. ft, situated just 3 minutes from GNT Road. With unmatched proximity to major transport routes and excellent accessibility, this is the ideal location for businesses ready to thrive. Don’t miss this opportunity to establish yourself in a highly connected industrial zone.

- 3 mins from GNT Road
- 24/7 Security
- Solar lights on Road
- Suitable for immediate construction
- CCTV Surveillance
- Upto 80% bank loan available
- Hassle Free EB
- Zero water logging


Don't miss out—invest now in DMR Landz Infinity and build your future today! || Looking for the perfect space to grow your industrial business? 

DMR Landz Infinity offers industrial plots, sizes starting from 10,000 sq. ft, situated just 3 minutes from GNT Road. With unmatched proximity to major transport routes and excellent accessibility, this is the ideal location for businesses ready to thrive. Don’t miss this opportunity to establish yourself in a highly connected industrial zone.

- 3 mins from GNT Road
- 24/7 Security
- Solar lights on Road
- Suitable for immediate construction
- CCTV Surveillance
- Upto 80% bank loan available
- Hassle Free EB
- Zero water logging


Don't miss out—invest now in DMR Landz Infinity and build your future today! || Looking for the perfect space to grow your industrial business? 

DMR Landz Infinity offers industrial plots, sizes starting from 10,000 sq. ft, situated just 3 minutes from GNT Road. With unmatched proximity to major transport routes and excellent accessibility, this is the ideal location for businesses ready to thrive. Don’t miss this opportunity to establish yourself in a highly connected industrial zone.

- 3 mins from GNT Road
- 24/7 Security
- Solar lights on Road
- Suitable for immediate construction
- CCTV Surveillance
- Upto 80% bank loan available
- Hassle Free EB
- Zero water logging


Don't miss out—invest now in DMR Landz Infinity and build your future today!",http://fb.me/ || http://fb.me/ || http://fb.me/,,Get Quote || Get Quote || Get Quote,Original: https://scontent.fjai6-1.fna.fbcdn.net/v/t39.35426-6/679785852_1005324128624167_4921377944270824929_n.jpg?_nc_cat=106&ccb=1-7&_nc_sid=c53f8f&_nc_ohc=Okb_0TKiQkMQ7kNvwEp4Rl7&_nc_oc=Adrn3dvHRjRJmfzQSQT6W_YUk9sjY35PUQmtk_mYT3fPbb5gqnKP3CZzclzCvjtp9dyOsQqDeksRydUxaJN_dysj&_nc_zt=14&_nc_ht=scontent.fjai6-1.fna&_nc_gid=OlvsfcldSvGcG7HtfJMPoQ&_nc_ss=7b289&oh=00_Af9Z6e4C9TDe86K52Vnctt2NZNMWvhKkkvQwQQk-PYbsKQ&oe=6A3988D7 | Resized: https://scontent.fjai6-1.fna.fbcdn.net/v/t39.35426-6/679009985_1683536009304084_8024804695798216151_n.jpg?stp=dst-jpg_s600x600_tt6&_nc_cat=103&ccb=1-7&_nc_sid=c53f8f&_nc_ohc=1_o_le1J4tMQ7kNvwFyxcaw&_nc_oc=Adp2xGwEglEDbogcuibkN-jMEnVOqrYbBcWtsHVEn7JCBJmW6UiZfMpJc9h6Zb2Xzeb82YHodQ_BWqBb3NlLxtS5&_nc_zt=14&_nc_ht=scontent.fjai6-1.fna&_nc_gid=OlvsfcldSvGcG7HtfJMPoQ&_nc_ss=7b289&oh=00_Af9mC9Gj2LVcuxPFDoBdGAykconh4eZC0errPQ8UPk4wYw&oe=6A39A25A || Original: https://scontent.fjai6-1.fna.fbcdn.net/v/t39.35426-6/678604844_27373823775534517_6928032119218403571_n.jpg?_nc_cat=108&ccb=1-7&_nc_sid=c53f8f&_nc_ohc=BeFo7xwJL-AQ7kNvwHpll1j&_nc_oc=Adq5uhlYf3akHtVmMJnicZgtrS88uC9YpTIbvU1RJvPxYAhpfauYFwRMVb7O9cSNfF0CYHFgUU6I5PM8hLo0E39X&_nc_zt=14&_nc_ht=scontent.fjai6-1.fna&_nc_gid=OlvsfcldSvGcG7HtfJMPoQ&_nc_ss=7b289&oh=00_Af-twXcZ9aZZRyX3vki_JRgoATJ3b3Y_LTVKI1qqN9tMvQ&oe=6A39AE08 | Resized: https://scontent.fjai6-1.fna.fbcdn.net/v/t39.35426-6/678206789_1733925541294900_7896888413643057441_n.jpg?stp=dst-jpg_s600x600_tt6&_nc_cat=108&ccb=1-7&_nc_sid=c53f8f&_nc_ohc=w-P9V5hsSDgQ7kNvwGOzST7&_nc_oc=AdpjYzO2KU4hyMCMwE3EeSzH4xV3-ErquIuy5nV5VIQ9b7K_OuT3s-rd1JUN3i8CfgTBe72rpBRfBquak6rGlOGb&_nc_zt=14&_nc_ht=scontent.fjai6-1.fna&_nc_gid=OlvsfcldSvGcG7HtfJMPoQ&_nc_ss=7b289&oh=00_Af8L16zqSbj2SaEzC9a9Mphd2TNBMs-XnLKwflVZQudeDQ&oe=6A3998DB || Original: https://scontent.fjai6-1.fna.fbcdn.net/v/t39.35426-6/679987276_934759639326532_6803258907036927425_n.jpg?_nc_cat=104&ccb=1-7&_nc_sid=c53f8f&_nc_ohc=GFrAomm3KO0Q7kNvwGHQs3G&_nc_oc=AdoIq-NIurhF0_CB6KUnTwxY_Q0l786dLqFG0xgGwkfTQoulbNREQwyrH2dsZ6fSzFiYm25a59dghHl6ZqmgNLAi&_nc_zt=14&_nc_ht=scontent.fjai6-1.fna&_nc_gid=OlvsfcldSvGcG7HtfJMPoQ&_nc_ss=7b289&oh=00_Af-sQ0DBgopnNvbGZ6NAeeo8e_1rQgx-jvHc72AwUvTS8Q&oe=6A39ABCD | Resized: https://scontent.fjai6-1.fna.fbcdn.net/v/t39.35426-6/679963710_2022554845275814_1423140537028048706_n.jpg?stp=dst-jpg_s600x600_tt6&_nc_cat=111&ccb=1-7&_nc_sid=c53f8f&_nc_ohc=DuYGJTicY9YQ7kNvwGKfNxw&_nc_oc=Adp1A3i6vaCEyw_NX8_DatfI881kXQN7qGRm29gkFDRfsFzrntkj75uzOgjSKtCNfgHEDIp1IBxW1-MTSWoEDvqV&_nc_zt=14&_nc_ht=scontent.fjai6-1.fna&_nc_gid=OlvsfcldSvGcG7HtfJMPoQ&_nc_ss=7b289&oh=00_Af9icyBosgemhEWp28gj1wNq3AcAdQjCvmu4Qj4zCaob_w&oe=6A3994D7,
2004467000158972,https://www.facebook.com/TVSILPs/,fb.me,https://www.facebook.com/TVSILPs/,,,,info@tvsilp.in,+91 44 4556 6747,,,,102176288929379,http://fb.me/,TVS Industrial & Logistics Parks,https://www.facebook.com/ads/library/?id=2004467000158972,"Looking to set up your business in South India? We have the perfect infrastructure for you.

TVS Industrial & Logistics Parks brings you a premium integrated industrial facility in Oragadam, Chennai's fastest-growing auto and manufacturing hub.

Whether you're in Manufacturing, Automotive, R&D, or 3PL, our park is built-to-suit for all your operational needs.

Our Facilities Include:
Industrial & Logistics Park
Staff Accommodation Facility
Recreational Centre

📍 Why Oragadam?

2 KMs | Auto HUB Road
10 KMs | NH 4 Bangalore Highway
18 KMs | GST Road
30 KMs from Chennai Airport

Don't miss out on this prime location. Connect today:
📞 +91 7718989520
📧 info@tvsilp.in | bd.team@tvsilp.in

#TVSILP #Oragadam #Chennai #Industrial #Manufacturing #Logistics #SouthIndia #TamilNadu",784,Get quote,fb.me,"FACEBOOK; INSTAGRAM; AUDIENCE_NETWORK",2026-06-16,2026-06-18,,Original: https://scontent.fjai6-1.fna.fbcdn.net/v/t39.35426-6/724757731_1848917956075108_2270271101592974172_n.jpg?_nc_cat=110&ccb=1-7&_nc_sid=c53f8f&_nc_ohc=CJZps4mj3zAQ7kNvwE3tPyj&_nc_oc=AdqFbBW2Cu9a4bXvGEIdrwT1kMHkFg8M12W85x-h8OOnXsUm1ympcAvhICgyG7RvJZ5gahgdcYU55J2YX7QTbmaL&_nc_zt=14&_nc_ht=scontent.fjai6-1.fna&_nc_gid=OlvsfcldSvGcG7HtfJMPoQ&_nc_ss=7b289&oh=00_Af9nTHe-QExEYTXLr3ZfaCkX9istTnO7QQxd7W4q4xqaLA&oe=6A399690 | Resized: https://scontent.fjai6-1.fna.fbcdn.net/v/t39.35426-6/724493784_828447023469668_7865638182032609086_n.jpg?stp=dst-jpg_s600x600_tt6&_nc_cat=108&ccb=1-7&_nc_sid=c53f8f&_nc_ohc=jwBiRIIt7BMQ7kNvwESRdeG&_nc_oc=AdoVRKwsg-yQe61X_HrIaCswE8SQx9DKK3vBx8rsLTNricUFWhUw_ID4v1xdt0QmWHzKBXRrMBPD2eG583vmcq_O&_nc_zt=14&_nc_ht=scontent.fjai6-1.fna&_nc_gid=OlvsfcldSvGcG7HtfJMPoQ&_nc_ss=7b289&oh=00_Af9O2jKhAsRkP9T3s5RZ_DQTybLYYBXHQo5SCuqvFCHwrA&oe=6A39A458,,,,,,
1207513901432443,https://www.facebook.com/ParthIndustrialZone1/,fb.me,https://www.facebook.com/ParthIndustrialZone1/,,,,,,,,,1155598750959797,http://fb.me/,Parth Industrial Zone,https://www.facebook.com/ads/library/?id=1207513901432443,"Looking for a large industrial plot near Pune?

Own a 38,000 Sq. Ft. Industrial NA Plot at Khed Shivapur Toll Naka — a strategic location with excellent highway connectivity and strong industrial growth potential.

✅ Industrial NA Approved Plot
✅ Ideal for Manufacturing & Warehousing
✅ Excellent Connectivity to Pune & Mumbai
✅ Suitable for Factory Expansion
✅ High Investment Appreciation Potential
✅ Growing Industrial Hub

Whether you're planning a manufacturing unit, warehouse, logistics park, or a long-term investment, this plot offers the location and scale your business needs.

📞 Call Now: +91 70305 22722",3,See details,fb.me,"FACEBOOK; INSTAGRAM; AUDIENCE_NETWORK",2026-06-16,2026-06-18,,Original: https://scontent.fjai6-1.fna.fbcdn.net/v/t39.35426-6/724558833_27987795444156174_3527827245509089677_n.jpg?_nc_cat=102&ccb=1-7&_nc_sid=c53f8f&_nc_ohc=NR-RBjFpS1YQ7kNvwHqrBXe&_nc_oc=AdrDpKp1Bb-gWr2Vd_dJ6pg-w6Odu3SNgVOWUQkp2QAVG764BZ_N-V1LNosHnGs2FYQ3bw2PGXHQJ9tKc14--U3y&_nc_zt=14&_nc_ht=scontent.fjai6-1.fna&_nc_gid=OlvsfcldSvGcG7HtfJMPoQ&_nc_ss=7b289&oh=00_Af-El2IWDXsUFRtkmQ9p7jukGSJyLbmL-rEoQLc2us2rXA&oe=6A398E5C | Resized: https://scontent.fjai6-1.fna.fbcdn.net/v/t39.35426-6/722994106_1918689428685493_2920108054846095349_n.jpg?stp=dst-jpg_s600x600_tt6&_nc_cat=107&ccb=1-7&_nc_sid=c53f8f&_nc_ohc=bX3tfyfpN4oQ7kNvwH7bQPp&_nc_oc=AdomzjIQcmrsuoaXKIl2KEUllH-N-mafxuNmzIVExhdHZD2FKITy6UYAj5QCURrENZzqp-48-I2ZPmBHl_IAIH_8&_nc_zt=14&_nc_ht=scontent.fjai6-1.fna&_nc_gid=OlvsfcldSvGcG7HtfJMPoQ&_nc_ss=7b289&oh=00_Af931Ip49gw5Vp8VqizZ382kIt8nnrhS475PLOCqeEv8bg&oe=6A39BC25,,,,,,
980947868082202,https://www.facebook.com/ParthIndustrialZone1/,fb.me,https://www.facebook.com/ParthIndustrialZone1/,,,,,,,,,1155598750959797,http://fb.me/,Parth Industrial Zone,https://www.facebook.com/ads/library/?id=980947868082202,"Looking for a large industrial plot near Pune?

Own a 38,000 Sq. Ft. Industrial NA Plot at Khed Shivapur Toll Naka — a strategic location with excellent highway connectivity and strong industrial growth potential.

✅ Industrial NA Approved Plot
✅ Ideal for Manufacturing & Warehousing
✅ Excellent Connectivity to Pune & Mumbai
✅ Suitable for Factory Expansion
✅ High Investment Appreciation Potential
✅ Growing Industrial Hub

Whether you're planning a manufacturing unit, warehouse, logistics park, or a long-term investment, this plot offers the location and scale your business needs.

📞 Call Now: +91 70305 22722",3,Learn more,fb.me,"FACEBOOK; INSTAGRAM; AUDIENCE_NETWORK",2026-06-16,2026-06-18,,Original: https://scontent.fjai6-1.fna.fbcdn.net/v/t39.35426-6/725436014_1427337299198575_5861485701933576260_n.jpg?_nc_cat=106&ccb=1-7&_nc_sid=c53f8f&_nc_ohc=o6HSyvKZO4MQ7kNvwG4CC8a&_nc_oc=AdqepjYHkiI-MSPAo0zPIHWzmFIaBZ-dOehcxsCGlXF2u9pSwPrDEUefOGelyZfDMkV0EbA37ZelFsEu8oxFOd2J&_nc_zt=14&_nc_ht=scontent.fjai6-1.fna&_nc_gid=OlvsfcldSvGcG7HtfJMPoQ&_nc_ss=7b289&oh=00_Af-d2WiCRnFocWH677TIHCbfA4VZoj11weDmauLYp5H4rw&oe=6A39AE63 | Resized: https://scontent.fjai6-1.fna.fbcdn.net/v/t39.35426-6/725006193_987763997584260_5045604144579935120_n.jpg?stp=dst-jpg_s600x600_tt6&_nc_cat=108&ccb=1-7&_nc_sid=c53f8f&_nc_ohc=qr4piK9ZDHcQ7kNvwGCP15Y&_nc_oc=Adp4Tc-mzw-QacB_L3dGFmhEbDQlv8qWI870WY0edkEY_5RXYWVzwpfvEm5Ejb1EJ9O_km_TOecRfbb9DHSXVUJG&_nc_zt=14&_nc_ht=scontent.fjai6-1.fna&_nc_gid=OlvsfcldSvGcG7HtfJMPoQ&_nc_ss=7b289&oh=00_Af_1S2sudmAPI87gpsbZUXyMnCBlAeZBnPPgsdkURtVynQ&oe=6A39B935,,,,,,
882706964876905,https://www.facebook.com/PSGroupRealty/,fb.me,https://www.facebook.com/PSGroupRealty/,,,,contact@psgroup.in,+91 33 6767 6764,,,,1161764063844369,http://fb.me/,PS Group,https://www.facebook.com/ads/library/?id=882706964876905,"Grade-A logistics units from ₹2.99 Cr on Kona Expressway.
That’s what PS Logistics Park brings to businesses looking to scale near Kolkata.

Spread across 21 acres, this future-ready logistics hub combines connectivity, operational efficiency, and workforce comfort—so operations run smoother and teams work smarter.

✅ Spacious units with up to 17 ft clear height
✅ Workforce-ready amenities: dorms, crèche & medical bay
✅ Advanced safety systems with 24×7 operations
✅ Just 32 mins from central Kolkata business zones

Enquire today to check availability or book a site visit.
📞 +91 033 3567 6735",43113,Get quote,fb.me,"FACEBOOK; INSTAGRAM; AUDIENCE_NETWORK",2026-06-17,2026-06-17,,,"Grade-A logistics units from ₹2.99 Cr on Kona Expressway.
That’s what PS Logistics Park brings to businesses looking to scale near Kolkata.

Spread across 21 acres, this future-ready logistics hub combines connectivity, operational efficiency, and workforce comfort—so operations run smoother and teams work smarter.

✅ Spacious units with up to 17 ft clear height
✅ Workforce-ready amenities: dorms, crèche & medical bay
✅ Advanced safety systems with 24×7 operations
✅ Just 32 mins from central Kolkata business zones

Enquire today to check availability or book a site visit.
📞 +91 033 3567 6735 || Grade-A logistics units from ₹2.99 Cr on Kona Expressway.
That’s what PS Logistics Park brings to businesses looking to scale near Kolkata.

Spread across 21 acres, this future-ready logistics hub combines connectivity, operational efficiency, and workforce comfort—so operations run smoother and teams work smarter.

✅ Spacious units with up to 17 ft clear height
✅ Workforce-ready amenities: dorms, crèche & medical bay
✅ Advanced safety systems with 24×7 operations
✅ Just 32 mins from central Kolkata business zones

Enquire today to check availability or book a site visit.
📞 +91 033 3567 6735",http://fb.me/ || http://fb.me/,,Get Quote || Get Quote,,HD: https://video.fjai6-1.fna.fbcdn.net/o1/v/t2/f2/m366/AQPCJ6Iw5zOv8mSRP5SoZtoIepzhvNL5o0VZXV7A0vTnwUZZ22LZljT8BfN7d7EU07a9EecXPspq6xtKIczmPJH7NKZbmZ_xbNPBx_FubusxiA.mp4?_nc_cat=105&_nc_oc=AdouCOPSkovPOibdwqll1ibWnkMU08T9O8N58VJgmiKeYX4aZ9HE3an34OwRyskRTce904l9XYB8IkIm8x9FQNk7&_nc_sid=b66105&_nc_ht=video.fjai6-1.fna.fbcdn.net&_nc_ohc=ahNOKaUHgWgQ7kNvwGHClC5&efg=eyJ2ZW5jb2RlX3RhZyI6Inhwdl9wcm9ncmVzc2l2ZS5WSV9VU0VDQVNFX1BST0RVQ1RfVFlQRS4uQzMuNzIwLmRhc2hfaDI2NC1iYXNpYy1nZW4yXzcyMHAiLCJ4cHZfYXNzZXRfaWQiOjE2MzE0NTIxODEzNTIxOTEsImFzc2V0X2FnZV9kYXlzIjoxNDksInZpX3VzZWNhc2VfaWQiOjEwNzk5LCJkdXJhdGlvbl9zIjozMiwidXJsZ2VuX3NvdXJjZSI6Ind3dyJ9&ccb=17-1&vs=f9c9feddc807d400&_nc_vs=HBksFQIYRWZiX2VwaGVtZXJhbC9GQjQ1Q0E0RDhEMDMxNUZBRTZCRjkxNTREREM2MTlCRl9tdF8xX3ZpZGVvX2Rhc2hpbml0Lm1wNBUAAsgBEgAVAhhAZmJfcGVybWFuZW50L0I4NEU3RjQxQUIzN0U2QzIzQkVENkNDODczMzE0MkI1X2F1ZGlvX2Rhc2hpbml0Lm1wNBUCAsgBEgAoABgAGwKIB3VzZV9vaWwBMRJwcm9ncmVzc2l2ZV9yZWNpcGUBMRUAACb-u-b7gfPlBRUCKAJDMywXQEAZmZmZmZoYGWRhc2hfaDI2NC1iYXNpYy1nZW4yXzcyMHARAHUAZd6oAQA&_nc_gid=OlvsfcldSvGcG7HtfJMPoQ&_nc_ss=7b289&_nc_zt=28&oh=00_Af9Cd8UBhPrCawjcTTnaQyM1cQgq94Go05-ddDz7gw6Mkw&oe=6A39B7B7 | SD: https://video.fjai6-1.fna.fbcdn.net/o1/v/t2/f2/m412/AQOAZ0G0x4X2sdFnScjCfhuwhUYxSdwHCdMHmZFbUKArsGjqmyFQxQGUqedhBeSqC450f0ZiI80XWX15Kpq8zdC19Kugvm-nge_DxKlcKg.mp4?_nc_cat=104&_nc_oc=Adr7_4TyNJKNUZEai4t0ud0xN3JX8otAH50xAIcq4EMX0k4uUuZlOG7I3HlBVaL3qisuR2NcV0imddFf_W6jyEFz&_nc_sid=ef5aa3&_nc_ht=video.fjai6-1.fna.fbcdn.net&_nc_ohc=_0lJgtWgTGwQ7kNvwFbCSQU&efg=eyJ2ZW5jb2RlX3RhZyI6Inhwdl9wcm9ncmVzc2l2ZS5WSV9VU0VDQVNFX1BST0RVQ1RfVFlQRS4uQzMuMzYwLnN2ZV9zZCIsInhwdl9hc3NldF9pZCI6MTYzMTQ1MjE4MTM1MjE5MSwiYXNzZXRfYWdlX2RheXMiOjE0OSwidmlfdXNlY2FzZV9pZCI6MTA3OTksImR1cmF0aW9uX3MiOjMyLCJ1cmxnZW5fc291cmNlIjoid3d3In0%3D&ccb=17-1&_nc_gid=OlvsfcldSvGcG7HtfJMPoQ&_nc_ss=7b289&_nc_zt=28&oh=00_Af_kIH0QohS8K8Py58M6WMZjfRG5VMfgAKSwfuHMBaZycw&oe=6A398826 | Preview: https://scontent.fjai6-1.fna.fbcdn.net/v/t39.35426-6/669439035_3368213353339249_5561807653658540663_n.jpg?_nc_cat=101&ccb=1-7&_nc_sid=c53f8f&_nc_ohc=LauCoQN5EHgQ7kNvwFEC0pE&_nc_oc=AdoCuMutBIlYg9fIKYsxalxZeCqw-8g7jSQMgqElQnESE0VXEUySgCcoPBSW5Wpbig8gMYqoTK0PIr2QYp9ti7n0&_nc_zt=14&_nc_ht=scontent.fjai6-1.fna&_nc_gid=OlvsfcldSvGcG7HtfJMPoQ&_nc_ss=7b289&oh=00_Af_wzQHAbTQWtOa3Zix1rdsmRmmsCyVecGjred3Er8k-Gg&oe=6A39A6E0 || HD: https://video.fjai6-1.fna.fbcdn.net/o1/v/t2/f2/m366/AQNZ40fVJ9bBpw4eVOcnqd9YXKDwBrW-qJ7miFvM6qZK231nJZviueEKn_1HjRW7l-XFp3dyJlkxv4e-b_Cq6yQ2ktx8WSnYakS0EGDLReTg8w.mp4?_nc_cat=106&_nc_oc=AdpsIxFG8WnvL-D2Z7ARuHUZHWpGxdaFnJbbSprYvlopZlyF36jo94GbYKifs2L30p1dm3J6Tt3hvyIl3zrESGJs&_nc_sid=b66105&_nc_ht=video.fjai6-1.fna.fbcdn.net&_nc_ohc=yGSDLMW3EroQ7kNvwGDIAmX&efg=eyJ2ZW5jb2RlX3RhZyI6Inhwdl9wcm9ncmVzc2l2ZS5WSV9VU0VDQVNFX1BST0RVQ1RfVFlQRS4uQzMuNzIwLmRhc2hfaDI2NC1iYXNpYy1nZW4yXzcyMHAiLCJ4cHZfYXNzZXRfaWQiOjEyMDcyMzM3NjQyNzgzMzUsImFzc2V0X2FnZV9kYXlzIjoxNDksInZpX3VzZWNhc2VfaWQiOjEwNzk5LCJkdXJhdGlvbl9zIjozMiwidXJsZ2VuX3NvdXJjZSI6Ind3dyJ9&ccb=17-1&vs=68d7c7395b3ac150&_nc_vs=HBksFQIYRWZiX2VwaGVtZXJhbC9BRDQwMTE5Njk0MEI3Q0VENzc5QjBDMUNCMUM1QkRCN19tdF8xX3ZpZGVvX2Rhc2hpbml0Lm1wNBUAAsgBEgAVAhhAZmJfcGVybWFuZW50L0I1NDQ5RTAzRENBNUM1NzhCOTEzNzlDMkNFM0M2QzhEX2F1ZGlvX2Rhc2hpbml0Lm1wNBUCAsgBEgAoABgAGwKIB3VzZV9vaWwBMRJwcm9ncmVzc2l2ZV9yZWNpcGUBMRUAACb-gPK6oP6kBBUCKAJDMywXQEAZmZmZmZoYGWRhc2hfaDI2NC1iYXNpYy1nZW4yXzcyMHARAHUAZd6oAQA&_nc_gid=OlvsfcldSvGcG7HtfJMPoQ&_nc_ss=7b289&_nc_zt=28&oh=00_Af8pCDxexaGx2LQGjy3Z38Cdm9A4V64ScfjdoMYwoBsP5w&oe=6A399F62 | SD: https://video.fjai6-1.fna.fbcdn.net/o1/v/t2/f2/m412/AQOTyPtC7bQkMFuVebB9i3CQn8uu1X4pn-QorhwZEZaLnl1xsjW4eY5PfI5jt3K2dUUH_zJwpPUo7l1eBLpjicwSELTfdw9b0VqM6_v0JQ.mp4?_nc_cat=104&_nc_oc=AdoiPmikuhjNMzxRAtPLys3na6HxFQCWA8EDjKJLLtLIewWytNWnEPSCSyu5wUdVlEhSjrLCT99EQRVopflitwEg&_nc_sid=ef5aa3&_nc_ht=video.fjai6-1.fna.fbcdn.net&_nc_ohc=KLgWcdxEe6QQ7kNvwH26L8-&efg=eyJ2ZW5jb2RlX3RhZyI6Inhwdl9wcm9ncmVzc2l2ZS5WSV9VU0VDQVNFX1BST0RVQ1RfVFlQRS4uQzMuMzYwLnN2ZV9zZCIsInhwdl9hc3NldF9pZCI6MTIwNzIzMzc2NDI3ODMzNSwiYXNzZXRfYWdlX2RheXMiOjE0OSwidmlfdXNlY2FzZV9pZCI6MTA3OTksImR1cmF0aW9uX3MiOjMyLCJ1cmxnZW5fc291cmNlIjoid3d3In0%3D&ccb=17-1&_nc_gid=OlvsfcldSvGcG7HtfJMPoQ&_nc_ss=7b289&_nc_zt=28&oh=00_Af_bzEqUYOjyKqG4c-tX5qNzRjnL8aiJtdSvZ0MBaGmTfA&oe=6A39AA5A | Preview: https://scontent.fjai6-1.fna.fbcdn.net/v/t39.35426-6/667841186_829793170170441_8657171521615718652_n.jpg?_nc_cat=107&ccb=1-7&_nc_sid=c53f8f&_nc_ohc=dqVB_6It1UEQ7kNvwF22Qfo&_nc_oc=Adqrv6_kGorstiLL3OITXLnj9utonrDkb6r5kKfIrPbLyfxRJ8KEI2qLYlhptC9bLac-mIO2pLKIXi0rObPBh0Vn&_nc_zt=14&_nc_ht=scontent.fjai6-1.fna&_nc_gid=OlvsfcldSvGcG7HtfJMPoQ&_nc_ss=7b289&oh=00_Af8BCZ3jiu0fCQKK94qNOQ0f5cdTyXx-bjZ2VGApEUplmQ&oe=6A39BC31
2054639968454230,https://www.facebook.com/61557557017102/,fb.me,https://www.facebook.com/61557557017102/,,,,sales@arihantfoundations.in,+91 89883 38833,,,,263995340130655,http://fb.me/,DMR Landz,https://www.facebook.com/ads/library/?id=2054639968454230,"Looking for the perfect space to grow your industrial business? 

DMR Landz Infinity offers industrial plots, sizes starting from 5,000 sq. ft, situated just 3 minutes from GNT Road. With unmatched proximity to major transport routes and excellent accessibility, this is the ideal location for businesses ready to thrive. Don’t miss this opportunity to establish yourself in a highly connected industrial zone.

- 3 mins from GNT Road
- 24/7 Security
- Solar lights on Road
- Suitable for immediate construction
- CCTV Surveillance
- Upto 80% bank loan available
- Hassle Free EB
- Zero water logging


Don't miss out—invest now in DMR Landz Infinity and build your future today!",17952,Get quote,fb.me,"FACEBOOK; INSTAGRAM",2026-06-10,2026-06-17,,,"Looking for the perfect space to grow your industrial business? 

DMR Landz Infinity offers industrial plots, sizes starting from 5,000 sq. ft, situated just 3 minutes from GNT Road. With unmatched proximity to major transport routes and excellent accessibility, this is the ideal location for businesses ready to thrive. Don’t miss this opportunity to establish yourself in a highly connected industrial zone.

- 3 mins from GNT Road
- 24/7 Security
- Solar lights on Road
- Suitable for immediate construction
- CCTV Surveillance
- Upto 80% bank loan available
- Hassle Free EB
- Zero water logging


Don't miss out—invest now in DMR Landz Infinity and build your future today! || Looking for the perfect space to grow your industrial business? 

DMR Landz Infinity offers industrial plots, sizes starting from 5,000 sq. ft, situated just 3 minutes from GNT Road. With unmatched proximity to major transport routes and excellent accessibility, this is the ideal location for businesses ready to thrive. Don’t miss this opportunity to establish yourself in a highly connected industrial zone.

- 3 mins from GNT Road
- 24/7 Security
- Solar lights on Road
- Suitable for immediate construction
- CCTV Surveillance
- Upto 80% bank loan available
- Hassle Free EB
- Zero water logging


Don't miss out—invest now in DMR Landz Infinity and build your future today! || Looking for the perfect space to grow your industrial business? 

DMR Landz Infinity offers industrial plots, sizes starting from 5,000 sq. ft, situated just 3 minutes from GNT Road. With unmatched proximity to major transport routes and excellent accessibility, this is the ideal location for businesses ready to thrive. Don’t miss this opportunity to establish yourself in a highly connected industrial zone.

- 3 mins from GNT Road
- 24/7 Security
- Solar lights on Road
- Suitable for immediate construction
- CCTV Surveillance
- Upto 80% bank loan available
- Hassle Free EB
- Zero water logging


Don't miss out—invest now in DMR Landz Infinity and build your future today!",http://fb.me/ || http://fb.me/ || http://fb.me/,,Get Quote || Get Quote || Get Quote,Original: https://scontent.fjai6-1.fna.fbcdn.net/v/t39.35426-6/686857685_1299624072108424_5300167735817299798_n.jpg?_nc_cat=100&ccb=1-7&_nc_sid=c53f8f&_nc_ohc=2abhg0Us3RoQ7kNvwEty44-&_nc_oc=AdpxZNTQgxtKWQEh0vCvM3Mp1U-zkyFNoGxAzIEVX8SNRCwb3R-UtxZ2GSpoKWQF37pRwxTodSxnrtY9d6XJsDBY&_nc_zt=14&_nc_ht=scontent.fjai6-1.fna&_nc_gid=OlvsfcldSvGcG7HtfJMPoQ&_nc_ss=7b289&oh=00_Af8ubg5LZgispYvJJAERMkk1Z-2PNmKFFu5pXWD949VZyQ&oe=6A39B51E | Resized: https://scontent.fjai6-1.fna.fbcdn.net/v/t39.35426-6/687042310_1298493555721797_4780014111815302974_n.jpg?stp=dst-jpg_s600x600_tt6&_nc_cat=111&ccb=1-7&_nc_sid=c53f8f&_nc_ohc=GQRvphQXxhcQ7kNvwHJ_nbF&_nc_oc=AdpbOcUTDsTTisHogCojhAlMIYTQ563A5A2cWGsR2V0w1Mea9kVs2XSBRmjrQSvg7OK5XrTzRW_rPWewpvRGUKO9&_nc_zt=14&_nc_ht=scontent.fjai6-1.fna&_nc_gid=OlvsfcldSvGcG7HtfJMPoQ&_nc_ss=7b289&oh=00_Af_xadSpm2-J_Ag0VeOHzXTr-yRQKvIv9-P-Y-Pc_3YEwg&oe=6A39BE26 || Original: https://scontent.fjai6-1.fna.fbcdn.net/v/t39.35426-6/687042843_1584382159914719_7895864105828655876_n.jpg?_nc_cat=102&ccb=1-7&_nc_sid=c53f8f&_nc_ohc=PEXCX5N9Go0Q7kNvwFb3ofY&_nc_oc=Adp8OFOsvHYDH_lHEXa-Cn-E2MR-HPCKd6VeT5sPJDcdc5RAKdTQdIL6wxFcCGHhhc5wJUJctDx9Tn3GPGNX9oUM&_nc_zt=14&_nc_ht=scontent.fjai6-1.fna&_nc_gid=OlvsfcldSvGcG7HtfJMPoQ&_nc_ss=7b289&oh=00_Af-TdGiT2KCDQgC3tfhwKUPTLgrV9wt720GRczXxg7HV5w&oe=6A398792 | Resized: https://scontent.fjai6-1.fna.fbcdn.net/v/t39.35426-6/686942726_1336947728295670_3183606736293732642_n.jpg?stp=dst-jpg_s600x600_tt6&_nc_cat=109&ccb=1-7&_nc_sid=c53f8f&_nc_ohc=911UkOZ1hF8Q7kNvwEX4mr5&_nc_oc=AdrmjoVAOCvmkzRQZp-qp8FVSGA1yFLxpc_0eB536CXlfdcCk-pga3GI8HBs5YKNF8loFndhXrUvDrm8o4FIIFUl&_nc_zt=14&_nc_ht=scontent.fjai6-1.fna&_nc_gid=OlvsfcldSvGcG7HtfJMPoQ&_nc_ss=7b289&oh=00_Af-SCV18o8rsK7nK3JBRYspdKUIW0SR2sVMELgWD1TpGUg&oe=6A39BA0A || Original: https://scontent.fjai6-1.fna.fbcdn.net/v/t39.35426-6/686943249_1389980032895166_7131211167240190187_n.jpg?_nc_cat=106&ccb=1-7&_nc_sid=c53f8f&_nc_ohc=O8_v8nJNBdoQ7kNvwGkJoSn&_nc_oc=AdqC2U_CUKhY_o0Uh5-JRyhjYvRlM_htBZwn24Z55uaw7y16bFT9LejKC8Wy7ZaEC01nmbI5sEofVmvHiSG65WKg&_nc_zt=14&_nc_ht=scontent.fjai6-1.fna&_nc_gid=OlvsfcldSvGcG7HtfJMPoQ&_nc_ss=7b289&oh=00_Af_YJXUELlt2epYOJ1aZ1M7uRG3r6PHI36-w3umLvT5OZw&oe=6A3995DB | Resized: https://scontent.fjai6-1.fna.fbcdn.net/v/t39.35426-6/686921165_1335398198450783_6834095112149967291_n.jpg?stp=dst-jpg_s600x600_tt6&_nc_cat=109&ccb=1-7&_nc_sid=c53f8f&_nc_ohc=C5-l7DIzo3AQ7kNvwG6Uk8E&_nc_oc=AdqIAJQQSdRW01saKvNUqJPn99j9ZooScksbMF-FiJUQcCZnVZeA1XTdQ3wDowyzBlbwJn05Kl-k_Pi5n8Q0w2pb&_nc_zt=14&_nc_ht=scontent.fjai6-1.fna&_nc_gid=OlvsfcldSvGcG7HtfJMPoQ&_nc_ss=7b289&oh=00_Af9ArktqaOYPZ2NeBSYK8nPXwOlG9aNwAmZfsxC6UfxYMw&oe=6A3993CC,
809369385439968,https://www.facebook.com/61557557017102/,fb.me,https://www.facebook.com/61557557017102/,,,,sales@arihantfoundations.in,+91 89883 38833,,,,263995340130655,http://fb.me/,DMR Landz,https://www.facebook.com/ads/library/?id=809369385439968,"Looking for the perfect space to grow your industrial business? 

DMR Landz Infinity offers industrial plots, sizes starting from 10,000 sq. ft, situated just 3 minutes from GNT Road. With unmatched proximity to major transport routes and excellent accessibility, this is the ideal location for businesses ready to thrive. Don’t miss this opportunity to establish yourself in a highly connected industrial zone.

- 3 mins from GNT Road
- 24/7 Security
- Solar lights on Road
- Suitable for immediate construction
- CCTV Surveillance
- Upto 80% bank loan available
- Hassle Free EB
- Zero water logging


Don't miss out—invest now in DMR Landz Infinity and build your future today!",17952,Get quote,fb.me,"FACEBOOK; INSTAGRAM",2026-06-10,2026-06-17,,,"Looking for the perfect space to grow your industrial business? 

DMR Landz Infinity offers industrial plots, sizes starting from 10,000 sq. ft, situated just 3 minutes from GNT Road. With unmatched proximity to major transport routes and excellent accessibility, this is the ideal location for businesses ready to thrive. Don’t miss this opportunity to establish yourself in a highly connected industrial zone.

- 3 mins from GNT Road
- 24/7 Security
- Solar lights on Road
- Suitable for immediate construction
- CCTV Surveillance
- Upto 80% bank loan available
- Hassle Free EB
- Zero water logging


Don't miss out—invest now in DMR Landz Infinity and build your future today! || Looking for the perfect space to grow your industrial business? 

DMR Landz Infinity offers industrial plots, sizes starting from 10,000 sq. ft, situated just 3 minutes from GNT Road. With unmatched proximity to major transport routes and excellent accessibility, this is the ideal location for businesses ready to thrive. Don’t miss this opportunity to establish yourself in a highly connected industrial zone.

- 3 mins from GNT Road
- 24/7 Security
- Solar lights on Road
- Suitable for immediate construction
- CCTV Surveillance
- Upto 80% bank loan available
- Hassle Free EB
- Zero water logging


Don't miss out—invest now in DMR Landz Infinity and build your future today! || Looking for the perfect space to grow your industrial business? 

DMR Landz Infinity offers industrial plots, sizes starting from 10,000 sq. ft, situated just 3 minutes from GNT Road. With unmatched proximity to major transport routes and excellent accessibility, this is the ideal location for businesses ready to thrive. Don’t miss this opportunity to establish yourself in a highly connected industrial zone.

- 3 mins from GNT Road
- 24/7 Security
- Solar lights on Road
- Suitable for immediate construction
- CCTV Surveillance
- Upto 80% bank loan available
- Hassle Free EB
- Zero water logging


Don't miss out—invest now in DMR Landz Infinity and build your future today!",http://fb.me/ || http://fb.me/ || http://fb.me/,,Get Quote || Get Quote || Get Quote,Original: https://scontent.fjai6-1.fna.fbcdn.net/v/t39.35426-6/680068645_1917853685530800_1130904389377362832_n.jpg?_nc_cat=109&ccb=1-7&_nc_sid=c53f8f&_nc_ohc=2vr9xhnLD4UQ7kNvwFZWLWY&_nc_oc=AdofKVHcVEt3FSUNTvYqtgEUGdzIv-5bt_V-zeTpHDtJP7qryxD0e8qAPu0Kk-jE_AcH8HEFDfCYGv2cfMGK6q2F&_nc_zt=14&_nc_ht=scontent.fjai6-1.fna&_nc_gid=OlvsfcldSvGcG7HtfJMPoQ&_nc_ss=7b289&oh=00_Af8xHc6XXCRtG2WvPaHIP3sDg-4lPNPpiAWedDLGjuqfvA&oe=6A39A0E0 | Resized: https://scontent.fjai6-1.fna.fbcdn.net/v/t39.35426-6/678404598_4061585313997086_516931071910605015_n.jpg?stp=dst-jpg_s600x600_tt6&_nc_cat=104&ccb=1-7&_nc_sid=c53f8f&_nc_ohc=9HYtuKDj17UQ7kNvwGEj1WZ&_nc_oc=Adq0aJPirWdJnz0oId3gM7lB2oZFTrzmPJ8skSGVImcggQkJaM2ZuL26yIMf3J3Ebu0v_UXuwozYW132FFcZmEUj&_nc_zt=14&_nc_ht=scontent.fjai6-1.fna&_nc_gid=OlvsfcldSvGcG7HtfJMPoQ&_nc_ss=7b289&oh=00_Af8hsz5Kecf6wDY1EEmMRwPVKhIdOc8jYULgvuqexVfo_g&oe=6A39B4AD || Original: https://scontent.fjai6-1.fna.fbcdn.net/v/t39.35426-6/677790156_648768938331828_5230141033746016394_n.jpg?_nc_cat=102&ccb=1-7&_nc_sid=c53f8f&_nc_ohc=wvBvbyZBUm0Q7kNvwGNfTeC&_nc_oc=AdoFQ__b_x26dGIQz7LOEHftF_w29H99bYfP6w8_66pq03dnmSFIF2U_nW_0ZKro5BXDkywc0G87SQ4m8GR_IDRY&_nc_zt=14&_nc_ht=scontent.fjai6-1.fna&_nc_gid=OlvsfcldSvGcG7HtfJMPoQ&_nc_ss=7b289&oh=00_Af_eeSdxKu_LlA895yR1QnZI3ZzQdbgdnxuyVAva-eYXSg&oe=6A39B48C | Resized: https://scontent.fjai6-1.fna.fbcdn.net/v/t39.35426-6/679179475_1313993437297783_7459490659766575660_n.jpg?stp=dst-jpg_s600x600_tt6&_nc_cat=108&ccb=1-7&_nc_sid=c53f8f&_nc_ohc=ndj5GLPxjQgQ7kNvwGHKnbW&_nc_oc=AdowFM9db7ZNL3nUmUU20tNf68oeAwEiSsIWY3DzFoXoSbetl-QTbiz-eRA7LoJFKULYmZdyu1PjJ75gWtELJwqj&_nc_zt=14&_nc_ht=scontent.fjai6-1.fna&_nc_gid=OlvsfcldSvGcG7HtfJMPoQ&_nc_ss=7b289&oh=00_Af8i_xykfj5y673p8rh-o8xd3m-6De_FxfdPhIbRRimU-w&oe=6A3995BB || Original: https://scontent.fjai6-1.fna.fbcdn.net/v/t39.35426-6/678644761_1483496623436071_3554123910759395328_n.jpg?_nc_cat=108&ccb=1-7&_nc_sid=c53f8f&_nc_ohc=YInr1NsvKXsQ7kNvwGRxI9G&_nc_oc=AdqE8sTjB9gHxYvUYCFgMx1nA-ew1BwkkTgXu3Q58GvP3HrwNb-NublPHSXUNLXmGhuHhdbsJCngfdKlZop5ag8Z&_nc_zt=14&_nc_ht=scontent.fjai6-1.fna&_nc_gid=OlvsfcldSvGcG7HtfJMPoQ&_nc_ss=7b289&oh=00_Af_f1rCA2wUPs18cDeTSmns3FYDp0WmT4ddN0v8VXPtZ3Q&oe=6A3986A8 | Resized: https://scontent.fjai6-1.fna.fbcdn.net/v/t39.35426-6/678986840_1303331418662927_4206172870058111948_n.jpg?stp=dst-jpg_s600x600_tt6&_nc_cat=102&ccb=1-7&_nc_sid=c53f8f&_nc_ohc=IAVzdCI9vJQQ7kNvwEgu8jj&_nc_oc=AdqRug7IbySbCimE9NjGdvinBmcEXW8CLm1Uh20t8O1qOZEOfGMQSsEhSTJz3EjZTp-jGQwm-K4xyeMVh4SLHm9v&_nc_zt=14&_nc_ht=scontent.fjai6-1.fna&_nc_gid=OlvsfcldSvGcG7HtfJMPoQ&_nc_ss=7b289&oh=00_Af9upwIHA7dBNwiz8uC49JQrKrudqW4bDg0-1s-xoN2oXA&oe=6A39A601,
1378776804306867,https://www.facebook.com/PSGroupRealty/,pslogisticspark.com,https://www.facebook.com/PSGroupRealty/,,,,,"+913367676726, 03335676726, +76757576560, 03367676700, 03340304030",,,,1161764063844369,https://pslogisticspark.com/?utm_source=meta&utm_medium=social&utm_campaign=PS_LeadGen_Interest_04042026&utm_id=701OX00000pqdRd,PS Group,https://www.facebook.com/ads/library/?id=1378776804306867,"Losing time and money due to inefficient warehouse setups?
Step into smarter logistics at ₹2.99 Cr on Kona Expressway.

PS Logistics Park brings scale, structure, and speed together—so your business runs without compromises.

✅ Large, efficient units with 17 ft clear height
✅ On-site workforce facilities for smoother ops
✅ 24×7 secure, compliant infrastructure
✅ Close to Kolkata’s key business hubs

Enquire now before availability tightens.
📞 +91 033 3567 6735",43113,Get quote,pslogisticspark.com,"FACEBOOK; INSTAGRAM; AUDIENCE_NETWORK; MESSENGER; THREADS",2026-06-17,2026-06-17,,,"Losing time and money due to inefficient warehouse setups?
Step into smarter logistics at ₹2.99 Cr on Kona Expressway.

PS Logistics Park brings scale, structure, and speed together—so your business runs without compromises.

✅ Large, efficient units with 17 ft clear height
✅ On-site workforce facilities for smoother ops
✅ 24×7 secure, compliant infrastructure
✅ Close to Kolkata’s key business hubs

Enquire now before availability tightens.
📞 +91 033 3567 6735 || Losing time and money due to inefficient warehouse setups?
Step into smarter logistics at ₹2.99 Cr on Kona Expressway.

PS Logistics Park brings scale, structure, and speed together—so your business runs without compromises.

✅ Large, efficient units with 17 ft clear height
✅ On-site workforce facilities for smoother ops
✅ 24×7 secure, compliant infrastructure
✅ Close to Kolkata’s key business hubs

Enquire now before availability tightens.
📞 +91 033 3567 6735 || Losing time and money due to inefficient warehouse setups?
Step into smarter logistics at ₹2.99 Cr on Kona Expressway.

PS Logistics Park brings scale, structure, and speed together—so your business runs without compromises.

✅ Large, efficient units with 17 ft clear height
✅ On-site workforce facilities for smoother ops
✅ 24×7 secure, compliant infrastructure
✅ Close to Kolkata’s key business hubs

Enquire now before availability tightens.
📞 +91 033 3567 6735",https://pslogisticspark.com/?utm_source=meta&utm_medium=social&utm_campaign=PS_LeadGen_Interest_04042026&utm_id=701OX00000pqdRd || https://pslogisticspark.com/?utm_source=meta&utm_medium=social&utm_campaign=PS_LeadGen_Interest_04042026&utm_id=701OX00000pqdRd || https://pslogisticspark.com/?utm_source=meta&utm_medium=social&utm_campaign=PS_LeadGen_Interest_04042026&utm_id=701OX00000pqdRd,,Get Quote || Get Quote || Get Quote,Original: https://scontent.fjai6-1.fna.fbcdn.net/v/t39.35426-6/725622170_1541959413983626_4225619184052954816_n.jpg?_nc_cat=111&ccb=1-7&_nc_sid=c53f8f&_nc_ohc=YEY6r74TBVkQ7kNvwFprlFG&_nc_oc=AdrMKrSOpH06_-viLPZEMeV-9ZdjosM5KY8V_zvm5_RHtSUhw4BrKaO1HH06f3aoCwq-omJcpcsiEF0JUPGa_tLY&_nc_zt=14&_nc_ht=scontent.fjai6-1.fna&_nc_gid=OlvsfcldSvGcG7HtfJMPoQ&_nc_ss=7b289&oh=00_Af_X23VN7GzDVY7HGDQOdZ0htKm5kX8gH6ukpL_8LtgLgw&oe=6A39A38F | Resized: https://scontent.fjai6-1.fna.fbcdn.net/v/t39.35426-6/725113379_3180785818791537_4537804702773511679_n.jpg?stp=dst-jpg_s600x600_tt6&_nc_cat=101&ccb=1-7&_nc_sid=c53f8f&_nc_ohc=IWQHSOKTkacQ7kNvwGKBTCp&_nc_oc=AdpBaBcPv3Oad7PNgOBoEvKDELumVi6-39P-EcvVJ3Op5aGedRdQB6p3hhr3GpRzk9R1h8Jvb2PoflZq3Ig6wUQK&_nc_zt=14&_nc_ht=scontent.fjai6-1.fna&_nc_gid=OlvsfcldSvGcG7HtfJMPoQ&_nc_ss=7b289&oh=00_Af_Zb_CAO8aJ-FS3Kl3XTYt_21VtlwYHh5GPcpKZimr_Gw&oe=6A39AAE2 || Original: https://scontent.fjai6-1.fna.fbcdn.net/v/t39.35426-6/725725324_26897335616632690_2907958344470933258_n.jpg?_nc_cat=106&ccb=1-7&_nc_sid=c53f8f&_nc_ohc=uhX1y_a65vcQ7kNvwFAKt3B&_nc_oc=AdpYOfgbHmS6RIAj_vwguwXZp6ogKi3oN1nXw8FXZQpluCbYi1RuAs-J25UdxintI6FC-XGHaMMxe2q0rwVf_C0C&_nc_zt=14&_nc_ht=scontent.fjai6-1.fna&_nc_gid=OlvsfcldSvGcG7HtfJMPoQ&_nc_ss=7b289&oh=00_Af8BRdkSoEnCS0L-z63BeThGO6D3dMUT8NiputEBOkMdYQ&oe=6A39BDCB | Resized: https://scontent.fjai6-1.fna.fbcdn.net/v/t39.35426-6/724446522_1018813271137871_5276593971364446070_n.jpg?stp=dst-jpg_s600x600_tt6&_nc_cat=106&ccb=1-7&_nc_sid=c53f8f&_nc_ohc=93NUTrJ5pJEQ7kNvwFDYN6d&_nc_oc=AdqETNLwfqgpgwu1QHTVcex3VJFkes0LLkkN3unJg8-I_EkBH_1Q3wY2ww1qR20PIkRdQS9FX6tx25yd5FPaUo95&_nc_zt=14&_nc_ht=scontent.fjai6-1.fna&_nc_gid=OlvsfcldSvGcG7HtfJMPoQ&_nc_ss=7b289&oh=00_Af_7yeNMnmHKV_eRaf9HcCASRFVgZphMWGm-A2buWQLEhw&oe=6A39A327 || Original: https://scontent.fjai6-1.fna.fbcdn.net/v/t39.35426-6/724485045_2078473346037115_223776503347783677_n.jpg?_nc_cat=108&ccb=1-7&_nc_sid=c53f8f&_nc_ohc=0UggJIcnc70Q7kNvwGHSdE_&_nc_oc=AdqiPfLYatkzCtU_oT49_8eJoueIiBUMqulvpcaQ6GG7i_m8sppeBbkf8MAA19T35ps7AifcMVszSVG6fajKXRbE&_nc_zt=14&_nc_ht=scontent.fjai6-1.fna&_nc_gid=OlvsfcldSvGcG7HtfJMPoQ&_nc_ss=7b289&oh=00_Af_saPRERrxTsxlxp0MjydsLCqLrZfpbfyw-kvr3SZ7oyQ&oe=6A398B90 | Resized: https://scontent.fjai6-1.fna.fbcdn.net/v/t39.35426-6/726220440_1516302809960995_4934979648962049256_n.jpg?stp=dst-jpg_s600x600_tt6&_nc_cat=104&ccb=1-7&_nc_sid=c53f8f&_nc_ohc=APXrZwXe8nQQ7kNvwHKJMc0&_nc_oc=Ado4_sqvni58PtpSgn4V939BseTHhAe0U4Idkee4XGJeGStaq1OlLOT2NXEQnUerm2GZdQ3m861JkpWFdemJ8bbe&_nc_zt=14&_nc_ht=scontent.fjai6-1.fna&_nc_gid=OlvsfcldSvGcG7HtfJMPoQ&_nc_ss=7b289&oh=00_Af_76jHDOMhkueJCQBXoJUFrFoZbladmzjbjiGjxULSZpg&oe=6A39B38A,
1810527316946483,https://www.facebook.com/61576439761237/,fb.me,https://www.facebook.com/61576439761237/,,,,,,,,,959082910631471,http://fb.me/,Vision Properties,https://www.facebook.com/ads/library/?id=1810527316946483,"OMR chance miss ஆயிடுச்சா?
கவலை வேண்டாம்!

Mappedu – Thakkolam வளர்ந்து வரும் Chennai’s biggest logistics corridorல
State Highway facing land just ₹15 Lakhs!

Hyundai, Johnson Lifts, Expressway, Logistics Park, Parandur Airport — எல்லாமே அருகில்.

🔥 First 25 customersக்கு Registration FREE!

👇 Site Visit Book பண்ணுங்க!",4,Book now,fb.me,"FACEBOOK; INSTAGRAM; AUDIENCE_NETWORK",2026-06-15,2026-06-17,HD: https://video.fjai6-1.fna.fbcdn.net/o1/v/t2/f2/m366/AQM2nHauzkhXyjk79oTtYRptg3qrWMySBlwcA9Ly4srt_uFwc2eop82Azv6rMu_w78tlEWYCbKyOOtPnrXe8axQjIyPmHa93gsQSje1QuLLw-w.mp4?_nc_cat=107&_nc_oc=Adqi46G5jQsmDhySQn__j5_ilhnSBp87qmsw59fXm5TUYRXE5pIcVeZmIGIL9gSHZAAv3vuHq-dQJa9krih6FyDZ&_nc_sid=b66105&_nc_ht=video.fjai6-1.fna.fbcdn.net&_nc_ohc=cyFIuXuZ2oUQ7kNvwFGt_6b&efg=eyJ2ZW5jb2RlX3RhZyI6Inhwdl9wcm9ncmVzc2l2ZS5WSV9VU0VDQVNFX1BST0RVQ1RfVFlQRS4uQzMuNzIwLmRhc2hfaDI2NC1iYXNpYy1nZW4yXzcyMHAiLCJ4cHZfYXNzZXRfaWQiOjI3MzY0ODUxNjM2NDgwOTU1LCJhc3NldF9hZ2VfZGF5cyI6NSwidmlfdXNlY2FzZV9pZCI6MTA3OTksImR1cmF0aW9uX3MiOjQ5LCJ1cmxnZW5fc291cmNlIjoid3d3In0%3D&ccb=17-1&vs=1a01f7bc29389c46&_nc_vs=HBksFQIYRWZiX2VwaGVtZXJhbC84QTRDNzlDRDgxMkM3Nzc0NUM5QjFGNzcwMTFDQ0Y4OV9tdF8xX3ZpZGVvX2Rhc2hpbml0Lm1wNBUAAsgBEgAVAhhAZmJfcGVybWFuZW50LzJBNEYxQ0MwRkE2MjNBRkFCM0UyMDJBMjQyOUY1M0E2X2F1ZGlvX2Rhc2hpbml0Lm1wNBUCAsgBEgAoABgAGwKIB3VzZV9vaWwBMRJwcm9ncmVzc2l2ZV9yZWNpcGUBMRUAACb2rv3RgIycYRUCKAJDMywXQEimZmZmZmYYGWRhc2hfaDI2NC1iYXNpYy1nZW4yXzcyMHARAHUAZd6oAQA&_nc_gid=X5SDn4PHjgcF_BPl2XXieA&_nc_ss=7b289&_nc_zt=28&oh=00_Af_UzV6naJH3kmfcHwsBIr56ygVXddYNzeI7TK9TA0Q_hg&oe=6A3991CD | SD: https://video.fjai6-1.fna.fbcdn.net/o1/v/t2/f2/m412/AQPf1JmNsYFmuMET9LD4uOh_jd-AzJe6PmhoL94PbYcwXJsv-O8S50LtOJPW1SoN1tMGv202ktnTH3R0anHwoiluwPx3ofW41htV_gcUQQ.mp4?_nc_cat=103&_nc_oc=AdoXJD0vD8-srPFQDBvNHZGM-Jxr34SLVF0AWc194NhTT-q_MM-v7_3RVcuXYi4t5WOxd9TJQ6BK_9HiH9NftTJr&_nc_sid=ef5aa3&_nc_ht=video.fjai6-1.fna.fbcdn.net&_nc_ohc=newgxYvcECoQ7kNvwGfYiuz&efg=eyJ2ZW5jb2RlX3RhZyI6Inhwdl9wcm9ncmVzc2l2ZS5WSV9VU0VDQVNFX1BST0RVQ1RfVFlQRS4uQzMuMzYwLnN2ZV9zZCIsInhwdl9hc3NldF9pZCI6MjczNjQ4NTE2MzY0ODA5NTUsImFzc2V0X2FnZV9kYXlzIjo1LCJ2aV91c2VjYXNlX2lkIjoxMDc5OSwiZHVyYXRpb25fcyI6NDksInVybGdlbl9zb3VyY2UiOiJ3d3cifQ%3D%3D&ccb=17-1&_nc_gid=X5SDn4PHjgcF_BPl2XXieA&_nc_ss=7b289&_nc_zt=28&oh=00_Af8cdqHREkbiuYcK34lHPz3yZR5do6d7OKB23t_srmOfqg&oe=6A39AE9B | Preview: https://scontent.fjai6-1.fna.fbcdn.net/v/t39.35426-6/723664094_1324103919180957_1151044134344839527_n.jpg?_nc_cat=108&ccb=1-7&_nc_sid=c53f8f&_nc_ohc=gNfjTxjhOQUQ7kNvwEj3sJP&_nc_oc=Adr9TjriuAgOC50N7pM7QqGknm2YYVtQchl_3jMnhVDjghrxJMBOPWM6Y03WYowTn0UYVeb0BR1TGHxg6GdX37Jj&_nc_zt=14&_nc_ht=scontent.fjai6-1.fna&_nc_gid=X5SDn4PHjgcF_BPl2XXieA&_nc_ss=7b289&oh=00_Af_LNcQ9utUTt4PUJFcfcpFFRcBNg3Tu7BffgRln6o5R2w&oe=6A399FAA,,,,,,,
965559866482274,https://www.facebook.com/61557557017102/,fb.me,https://www.facebook.com/61557557017102/,,,,sales@arihantfoundations.in,+91 89883 38833,,,,263995340130655,http://fb.me/,DMR Landz,https://www.facebook.com/ads/library/?id=965559866482274,"Looking for the perfect space to grow your industrial business? 

DMR Landz Infinity offers industrial plots, sizes starting from 10,000 sq. ft, situated just 3 minutes from GNT Road. With unmatched proximity to major transport routes and excellent accessibility, this is the ideal location for businesses ready to thrive. Don’t miss this opportunity to establish yourself in a highly connected industrial zone.

- 3 mins from GNT Road
- 24/7 Security
- Solar lights on Road
- Suitable for immediate construction
- CCTV Surveillance
- Upto 80% bank loan available
- Hassle Free EB
- Zero water logging


Don't miss out—invest now in DMR Landz Infinity and build your future today!",17952,Get quote,fb.me,"FACEBOOK; INSTAGRAM",2026-06-09,2026-06-17,,,"Looking for the perfect space to grow your industrial business? 

DMR Landz Infinity offers industrial plots, sizes starting from 10,000 sq. ft, situated just 3 minutes from GNT Road. With unmatched proximity to major transport routes and excellent accessibility, this is the ideal location for businesses ready to thrive. Don’t miss this opportunity to establish yourself in a highly connected industrial zone.

- 3 mins from GNT Road
- 24/7 Security
- Solar lights on Road
- Suitable for immediate construction
- CCTV Surveillance
- Upto 80% bank loan available
- Hassle Free EB
- Zero water logging


Don't miss out—invest now in DMR Landz Infinity and build your future today! || Looking for the perfect space to grow your industrial business? 

DMR Landz Infinity offers industrial plots, sizes starting from 10,000 sq. ft, situated just 3 minutes from GNT Road. With unmatched proximity to major transport routes and excellent accessibility, this is the ideal location for businesses ready to thrive. Don’t miss this opportunity to establish yourself in a highly connected industrial zone.

- 3 mins from GNT Road
- 24/7 Security
- Solar lights on Road
- Suitable for immediate construction
- CCTV Surveillance
- Upto 80% bank loan available
- Hassle Free EB
- Zero water logging


Don't miss out—invest now in DMR Landz Infinity and build your future today! || Looking for the perfect space to grow your industrial business? 

DMR Landz Infinity offers industrial plots, sizes starting from 10,000 sq. ft, situated just 3 minutes from GNT Road. With unmatched proximity to major transport routes and excellent accessibility, this is the ideal location for businesses ready to thrive. Don’t miss this opportunity to establish yourself in a highly connected industrial zone.

- 3 mins from GNT Road
- 24/7 Security
- Solar lights on Road
- Suitable for immediate construction
- CCTV Surveillance
- Upto 80% bank loan available
- Hassle Free EB
- Zero water logging


Don't miss out—invest now in DMR Landz Infinity and build your future today!",http://fb.me/ || http://fb.me/ || http://fb.me/,,Get Quote || Get Quote || Get Quote,Original: https://scontent.fjai6-1.fna.fbcdn.net/v/t39.35426-6/698919605_2223154808518036_7319931494619239634_n.jpg?_nc_cat=103&ccb=1-7&_nc_sid=c53f8f&_nc_ohc=8R96YXDj25sQ7kNvwEizkBM&_nc_oc=AdrKeFptLoDkqQfCnz2gQHB90uAqW1J_dN8R9IWdr505zuCFUKBOb61WE-6datjazzEOG3OsMMBBwOtc7h9tUuW-&_nc_zt=14&_nc_ht=scontent.fjai6-1.fna&_nc_gid=X5SDn4PHjgcF_BPl2XXieA&_nc_ss=7b289&oh=00_Af9nzpL8jya7iR4MEVwLALWueD6pOZEOvhgw1FEwL9bNnw&oe=6A399D92 | Resized: https://scontent.fjai6-1.fna.fbcdn.net/v/t39.35426-6/699121614_1526602662212777_3917504326608972654_n.jpg?stp=dst-jpg_s600x600_tt6&_nc_cat=109&ccb=1-7&_nc_sid=c53f8f&_nc_ohc=vF6Yw85IjpcQ7kNvwFgWlMx&_nc_oc=AdrY3J1rl1Fs986trg2PJkPUiRuDWVgdpiswPTRbyrbDitBP4EeDkVDi4_sC2Ybk-92yhkRVCR17K4rx_XiQakIc&_nc_zt=14&_nc_ht=scontent.fjai6-1.fna&_nc_gid=X5SDn4PHjgcF_BPl2XXieA&_nc_ss=7b289&oh=00_Af8mjFKnun5hz3iRjvM9v5-17oNSMAeyFPDutKxh9DNQNA&oe=6A39BDE2 || Original: https://scontent.fjai6-1.fna.fbcdn.net/v/t39.35426-6/699806831_2048212409067364_4561161190795591860_n.jpg?_nc_cat=108&ccb=1-7&_nc_sid=c53f8f&_nc_ohc=IWWQ6pvofVMQ7kNvwFNBj3i&_nc_oc=AdoC7eW3E8bM-5I-_FTkF5Y9QzrMIutZ3Q-WsvcKIMAPpBQ1vWu00jVS0avScBcTBL0AeDFlKSmatJjzs_DewWL5&_nc_zt=14&_nc_ht=scontent.fjai6-1.fna&_nc_gid=X5SDn4PHjgcF_BPl2XXieA&_nc_ss=7b289&oh=00_Af__bP_eGeWk6jmQ5EXac9I1ZYkWysCvxXIhDNpgjpZ4yQ&oe=6A399913 | Resized: https://scontent.fjai6-1.fna.fbcdn.net/v/t39.35426-6/698784021_1290558863258208_6464197422428592197_n.jpg?stp=dst-jpg_s600x600_tt6&_nc_cat=104&ccb=1-7&_nc_sid=c53f8f&_nc_ohc=vNBXubcQqSAQ7kNvwFIocdM&_nc_oc=Adp24atF_pTcZ6s-tm62UYeMV_NNmBGx9WeYX41VYkJJioKWOkGZFmQYKH9thqNUyfdfTRCkQzQFMPnWnIHvDaO7&_nc_zt=14&_nc_ht=scontent.fjai6-1.fna&_nc_gid=X5SDn4PHjgcF_BPl2XXieA&_nc_ss=7b289&oh=00_Af_9QprkgaA9FwAg7Nl_hwSv7gQY6zIb0U5SepxDpw4YgQ&oe=6A399962 || Original: https://scontent.fjai6-1.fna.fbcdn.net/v/t39.35426-6/701088326_995073766806310_200975815575341063_n.jpg?_nc_cat=100&ccb=1-7&_nc_sid=c53f8f&_nc_ohc=5ma55h5SFJ4Q7kNvwEEv_mR&_nc_oc=AdpNw6a06AptBWlPYAe6KWbogNmYeb4kIXUpP3bndJEvrCKR5Q9cLCX6jnGzI5aa51rwVSGW2hvKmnl5bwuR4INg&_nc_zt=14&_nc_ht=scontent.fjai6-1.fna&_nc_gid=X5SDn4PHjgcF_BPl2XXieA&_nc_ss=7b289&oh=00_Af_9T22Ccfm8k1uPCXk3e93w_G8YDq6uveqa-ifm6aqNnA&oe=6A398F61 | Resized: https://scontent.fjai6-1.fna.fbcdn.net/v/t39.35426-6/698558202_1565786565178899_2799177987339418142_n.jpg?stp=dst-jpg_s600x600_tt6&_nc_cat=102&ccb=1-7&_nc_sid=c53f8f&_nc_ohc=VEGQxvycK_AQ7kNvwHVXRWZ&_nc_oc=Ado2tJ5EBfnRj9btVdPT_JHeM_xR07QNy2pDHpBaYttiPyV-buOOrM2g1vHUQPlF7wZziBGIXdK6WqnrmjpkgjkH&_nc_zt=14&_nc_ht=scontent.fjai6-1.fna&_nc_gid=X5SDn4PHjgcF_BPl2XXieA&_nc_ss=7b289&oh=00_Af9xb3txqEnhu9N0u2SdMQJxmXrxqymUH0xqqrGBd_8C5g&oe=6A39A247,
1094510530115559,https://www.facebook.com/61557557017102/,fb.me,https://www.facebook.com/61557557017102/,,,,sales@arihantfoundations.in,+91 89883 38833,,,,263995340130655,http://fb.me/,DMR Landz,https://www.facebook.com/ads/library/?id=1094510530115559,"Looking for the perfect space to grow your industrial business? 

DMR Landz Infinity offers industrial plots, sizes starting from 5,000 sq. ft, situated just 3 minutes from GNT Road. With unmatched proximity to major transport routes and excellent accessibility, this is the ideal location for businesses ready to thrive. Don’t miss this opportunity to establish yourself in a highly connected industrial zone.

- 3 mins from GNT Road
- 24/7 Security
- Solar lights on Road
- Suitable for immediate construction
- CCTV Surveillance
- Upto 80% bank loan available
- Hassle Free EB
- Zero water logging


Don't miss out—invest now in DMR Landz Infinity and build your future today!",17952,Get quote,fb.me,"FACEBOOK; INSTAGRAM",2026-06-10,2026-06-17,,,"Looking for the perfect space to grow your industrial business? 

DMR Landz Infinity offers industrial plots, sizes starting from 5,000 sq. ft, situated just 3 minutes from GNT Road. With unmatched proximity to major transport routes and excellent accessibility, this is the ideal location for businesses ready to thrive. Don’t miss this opportunity to establish yourself in a highly connected industrial zone.

- 3 mins from GNT Road
- 24/7 Security
- Solar lights on Road
- Suitable for immediate construction
- CCTV Surveillance
- Upto 80% bank loan available
- Hassle Free EB
- Zero water logging


Don't miss out—invest now in DMR Landz Infinity and build your future today! || Looking for the perfect space to grow your industrial business? 

DMR Landz Infinity offers industrial plots, sizes starting from 5,000 sq. ft, situated just 3 minutes from GNT Road. With unmatched proximity to major transport routes and excellent accessibility, this is the ideal location for businesses ready to thrive. Don’t miss this opportunity to establish yourself in a highly connected industrial zone.

- 3 mins from GNT Road
- 24/7 Security
- Solar lights on Road
- Suitable for immediate construction
- CCTV Surveillance
- Upto 80% bank loan available
- Hassle Free EB
- Zero water logging


Don't miss out—invest now in DMR Landz Infinity and build your future today! || Looking for the perfect space to grow your industrial business? 

DMR Landz Infinity offers industrial plots, sizes starting from 5,000 sq. ft, situated just 3 minutes from GNT Road. With unmatched proximity to major transport routes and excellent accessibility, this is the ideal location for businesses ready to thrive. Don’t miss this opportunity to establish yourself in a highly connected industrial zone.

- 3 mins from GNT Road
- 24/7 Security
- Solar lights on Road
- Suitable for immediate construction
- CCTV Surveillance
- Upto 80% bank loan available
- Hassle Free EB
- Zero water logging


Don't miss out—invest now in DMR Landz Infinity and build your future today!",http://fb.me/ || http://fb.me/ || http://fb.me/,,Get Quote || Get Quote || Get Quote,Original: https://scontent.fjai6-1.fna.fbcdn.net/v/t39.35426-6/574282051_1712971536055004_4008691225236313561_n.jpg?_nc_cat=100&ccb=1-7&_nc_sid=c53f8f&_nc_ohc=qtvqGfAPBGIQ7kNvwFhxqRD&_nc_oc=AdoVs6Ky12ASmGoOeRzuHCNmx2LDNKXC-dcy44cqHBnfeF-_x9N6IMNC07HHPn0HN4EK3J93i2dJfHlkn89aJy3d&_nc_zt=14&_nc_ht=scontent.fjai6-1.fna&_nc_gid=X5SDn4PHjgcF_BPl2XXieA&_nc_ss=7b289&oh=00_Af_Tix3SNDWfp-vzobSSoSaGLINHufv-uCmESfK29POKUQ&oe=6A39A50F | Resized: https://scontent.fjai6-1.fna.fbcdn.net/v/t39.35426-6/571999594_1853339352283753_8390684568582268735_n.jpg?stp=dst-jpg_s600x600_tt6&_nc_cat=101&ccb=1-7&_nc_sid=c53f8f&_nc_ohc=ipNnHC1ma_gQ7kNvwHVCgVD&_nc_oc=AdoAThHStdF1vOmxUfrh8AQDCpIsk4gMl8cO592rz52tC-dr0z7sR4fXolyLiBUVHf5nfSOT4XGsLXExadoTKfh1&_nc_zt=14&_nc_ht=scontent.fjai6-1.fna&_nc_gid=X5SDn4PHjgcF_BPl2XXieA&_nc_ss=7b289&oh=00_Af81ziG0IB1wVNCklhum5AhjKCT_94TJVmsGwZD7sQA2ww&oe=6A3996C6 || Original: https://scontent.fjai6-1.fna.fbcdn.net/v/t39.35426-6/572068903_2060063404795414_982278853770803478_n.jpg?_nc_cat=100&ccb=1-7&_nc_sid=c53f8f&_nc_ohc=bhH6YLubhK0Q7kNvwF9Si9G&_nc_oc=AdpNLny783GNtFRNC0xFYL23IaX7wPkYYjtr71KTJB5rWOO7iU6Vcr0bAlsxIiCOX245xstBi-ndEuXoU-_hDPBr&_nc_zt=14&_nc_ht=scontent.fjai6-1.fna&_nc_gid=X5SDn4PHjgcF_BPl2XXieA&_nc_ss=7b289&oh=00_Af9Ma9VSmDIwIctqrvkUlX9S44qoomZaru83Fy6HGUmRAw&oe=6A39A168 | Resized: https://scontent.fjai6-1.fna.fbcdn.net/v/t39.35426-6/571342336_811535991588295_8662540821177729407_n.jpg?stp=dst-jpg_s600x600_tt6&_nc_cat=103&ccb=1-7&_nc_sid=c53f8f&_nc_ohc=WqXxi5avZb8Q7kNvwEsS4HU&_nc_oc=Ado_y9vJJbvwmvNun3S9gPBDVcgrwWrbfcJxCyfew22mCfWO3H2QLKk-WLRXWFCBjsyFHUdW0-dqaRkAP7Bf9or6&_nc_zt=14&_nc_ht=scontent.fjai6-1.fna&_nc_gid=X5SDn4PHjgcF_BPl2XXieA&_nc_ss=7b289&oh=00_Af9Qw75XJ7iR7xmjtm4tkHIGyWUlwEoQZwGR9MNkMsNQiA&oe=6A39AD21 || Original: https://scontent.fjai6-1.fna.fbcdn.net/v/t39.35426-6/572841224_1461687821576898_6689670807924246327_n.jpg?_nc_cat=106&ccb=1-7&_nc_sid=c53f8f&_nc_ohc=joUghSt2nU0Q7kNvwG8HtQf&_nc_oc=AdrjABzUhxSzSA9nOoedbw1beDHTfttSu9icCi1EvQZvO3p_M1eomBVqwQqOosnabzkByOY4Kb3Kac5wBtdEvtQL&_nc_zt=14&_nc_ht=scontent.fjai6-1.fna&_nc_gid=X5SDn4PHjgcF_BPl2XXieA&_nc_ss=7b289&oh=00_Af82d2WX9YM0k-FhwZMhb_cvJ1GAg0Q0auPVCmPp8NWz3A&oe=6A39B454 | Resized: https://scontent.fjai6-1.fna.fbcdn.net/v/t39.35426-6/571224722_655401884316797_4296654667882361987_n.jpg?stp=dst-jpg_s600x600_tt6&_nc_cat=106&ccb=1-7&_nc_sid=c53f8f&_nc_ohc=K3y_H4DPQGoQ7kNvwGjYAMf&_nc_oc=AdoHcEIWGxhRzFGfL5jPawYDZmgitza_H4MVt2zZhLNyD4wCvLvglhuGveZqdw7NA6rX3ktkK0j5nwoeZK67oGoH&_nc_zt=14&_nc_ht=scontent.fjai6-1.fna&_nc_gid=X5SDn4PHjgcF_BPl2XXieA&_nc_ss=7b289&oh=00_Af9Ch54fg3wQmTIciAxz3YfUv9uMRBa5Gzc1Ui0k-oKAjQ&oe=6A39A3AD,
1707970453986574,https://www.facebook.com/PSGroupRealty/,fb.me,https://www.facebook.com/PSGroupRealty/,,,,contact@psgroup.in,+91 33 6767 6764,,,,1161764063844369,http://fb.me/,PS Group,https://www.facebook.com/ads/library/?id=1707970453986574,"Sustainability isn’t an add-on at PS Logistics Park—it’s built into the way the park operates.

Designed to support responsible logistics operations while meeting evolving environmental standards.

✅ ISO & PCB-aligned waste management systems
✅ Green cover planned to offset operational emissions
✅ Infrastructure designed to minimise environmental impact

An ESG-aligned logistics hub built for the future of business.

Spaces from 7,500+ sq. ft. | ₹2.99 Cr onwards
Enquire now to explore availability.",43113,Book now,fb.me,"FACEBOOK; INSTAGRAM; AUDIENCE_NETWORK",2026-06-17,2026-06-17,HD: https://video.fjai6-1.fna.fbcdn.net/o1/v/t2/f2/m366/AQPGm0plDD3KU4qbyetdJGFD3p4S0IZC5_HAnHUxevNo1WrQ7rA8_rOP9eYn0Lrw1rCUr2Der30cbDgp-uoZYt3nsTS2PzSzw5XVoxSjyFTowA.mp4?_nc_cat=111&_nc_oc=AdrALx3XMd1k2aqaJg35M3O-6QtvE7r8PChuyW-G_cTV5Er-wHVyKHQdUYEML1Gvyis3BHs6FDIAVBBjbu36iTBf&_nc_sid=b66105&_nc_ht=video.fjai6-1.fna.fbcdn.net&_nc_ohc=c2gmjDRH7n8Q7kNvwHK8Gwf&efg=eyJ2ZW5jb2RlX3RhZyI6Inhwdl9wcm9ncmVzc2l2ZS5WSV9VU0VDQVNFX1BST0RVQ1RfVFlQRS4uQzMuNzIwLmRhc2hfaDI2NC1iYXNpYy1nZW4yXzcyMHAiLCJ4cHZfYXNzZXRfaWQiOjIxMTEyMzkyMjMwNjUwOTEsImFzc2V0X2FnZV9kYXlzIjozNCwidmlfdXNlY2FzZV9pZCI6MTA3OTksImR1cmF0aW9uX3MiOjM2LCJ1cmxnZW5fc291cmNlIjoid3d3In0%3D&ccb=17-1&vs=1b54a4d525beb191&_nc_vs=HBksFQIYRWZiX2VwaGVtZXJhbC8yOTQxNUZGQzc0NzIyNEEzNEQzMzg4Mzk5RDRBMEJBRV9tdF8xX3ZpZGVvX2Rhc2hpbml0Lm1wNBUAAsgBEgAVAhhAZmJfcGVybWFuZW50LzM5NDcyMzRDNTNEOTdGNTE5ODM0RkM1MkZBNEI0MTk0X2F1ZGlvX2Rhc2hpbml0Lm1wNBUCAsgBEgAoABgAGwKIB3VzZV9vaWwBMRJwcm9ncmVzc2l2ZV9yZWNpcGUBMRUAACaG6On-pYrABxUCKAJDMywXQEI3ztkWhysYGWRhc2hfaDI2NC1iYXNpYy1nZW4yXzcyMHARAHUAZd6oAQA&_nc_gid=X5SDn4PHjgcF_BPl2XXieA&_nc_ss=7b289&_nc_zt=28&oh=00_Af-k0ixDQq1Sg_87FDSwhywnIDTC3rLXalnIIJRg9QaODQ&oe=6A399E55 | SD: https://video.fjai6-1.fna.fbcdn.net/o1/v/t2/f2/m412/AQOJ5pIks2ICj6YMpLbpIcOyZekXlZzNJ6C7X9TnNiEDw5c9FNOe08JAn1ZckfJzH-b8qr7BJXXPs91207xx0PP7fj9U8GciWtDVoAWVhA.mp4?_nc_cat=103&_nc_oc=Adq0Q-1Fwo3X8pNW05NVwcM31Wp6drQf4KHtM3S_LgSFNF_6EAmuxkUJR4M1GWwm6fqa4isgmovAxbbeiEwnsOzC&_nc_sid=ef5aa3&_nc_ht=video.fjai6-1.fna.fbcdn.net&_nc_ohc=Uzlk27-kulUQ7kNvwEJaqbz&efg=eyJ2ZW5jb2RlX3RhZyI6Inhwdl9wcm9ncmVzc2l2ZS5WSV9VU0VDQVNFX1BST0RVQ1RfVFlQRS4uQzMuMzYwLnN2ZV9zZCIsInhwdl9hc3NldF9pZCI6MjExMTIzOTIyMzA2NTA5MSwiYXNzZXRfYWdlX2RheXMiOjM0LCJ2aV91c2VjYXNlX2lkIjoxMDc5OSwiZHVyYXRpb25fcyI6MzYsInVybGdlbl9zb3VyY2UiOiJ3d3cifQ%3D%3D&ccb=17-1&_nc_gid=X5SDn4PHjgcF_BPl2XXieA&_nc_ss=7b289&_nc_zt=28&oh=00_Af8onbFZYkm9llTSyqh8u75X7SAldSVEI810fCTqeT7yYg&oe=6A3993F3 | Preview: https://scontent.fjai6-1.fna.fbcdn.net/v/t39.35426-6/702423015_1790374989006209_1336492237878302949_n.jpg?_nc_cat=109&ccb=1-7&_nc_sid=c53f8f&_nc_ohc=I0IUNzTurVgQ7kNvwESku3M&_nc_oc=Adr8c_Mbu6hpKerFWE8KS5dgXqoajSzxbKE49cfbSf5Zf5ortVbP37QwVPIu-0JspucfKuY5x60EbKBE9PBEQj5t&_nc_zt=14&_nc_ht=scontent.fjai6-1.fna&_nc_gid=X5SDn4PHjgcF_BPl2XXieA&_nc_ss=7b289&oh=00_Af-YlMKHmQBq6tDia6wVzOgcTyDlvkkBPzFfSeV3yjOc_w&oe=6A398848,,,,,,,
1469286978281371,https://www.facebook.com/TVSILPs/,fb.me,https://www.facebook.com/TVSILPs/,,,,info@tvsilp.in,+91 44 4556 6747,,,,102176288929379,http://fb.me/,TVS Industrial & Logistics Parks,https://www.facebook.com/ads/library/?id=1469286978281371,"Looking to expand your business in Central India? We have the perfect location for you.

TVS Industrial & Logistics Parks brings you Built-to-Suit warehousing facility in Indore, the logistics hub of Central India.

Whether you're in FMCG, Automotive, E-commerce, or 3PL, our facility near Pithampur Sector 7 is ideal for all your operational needs.

Don't miss out on this prime location, connect today:

+91 7718989520 | bd.team@tvsilp.in | info@tvsilp.in

#TVSILP #Indore #Warehousing #MadhyaPradesh #Logistics #CentralIndia #Pithampur",784,Get quote,fb.me,"FACEBOOK; INSTAGRAM; AUDIENCE_NETWORK",2026-06-09,2026-06-17,HD: https://video.fjai6-1.fna.fbcdn.net/o1/v/t2/f2/m366/AQNXYGu73-ZkTwNUE4PwRMUBQKOJ6AeHt-L_D4yP20oOSTMx3hzB0R-ZCJ94zKAiJijwsqUZyP9wpt1V-hLDiOV8OHFJZqchuWWtVP2LnI2_fw.mp4?_nc_cat=107&_nc_oc=Adozn8psQKcMApmAWJr5UhyE3eZPFs8byRHh8jcs686DGRtzVmSm0gIAsgAmMWDtVJYMDnMtjGXucNlXkANpvcbf&_nc_sid=b66105&_nc_ht=video.fjai6-1.fna.fbcdn.net&_nc_ohc=1T68wBxY5LgQ7kNvwHmMm9G&efg=eyJ2ZW5jb2RlX3RhZyI6Inhwdl9wcm9ncmVzc2l2ZS5WSV9VU0VDQVNFX1BST0RVQ1RfVFlQRS4uQzMuMTI4MC5kYXNoX2gyNjQtYmFzaWMtZ2VuMl83MjBwIiwieHB2X2Fzc2V0X2lkIjoyMzA4NTEzNzA2MzQ1NDg3LCJhc3NldF9hZ2VfZGF5cyI6MjAsInZpX3VzZWNhc2VfaWQiOjEwNzk5LCJkdXJhdGlvbl9zIjo0MywidXJsZ2VuX3NvdXJjZSI6Ind3dyJ9&ccb=17-1&vs=33219486b478902c&_nc_vs=HBksFQIYRWZiX2VwaGVtZXJhbC9BNzRGNURBMDZBMkNBQ0Y1NUMwRUREMDMzMjU2NzBCRF9tdF8xX3ZpZGVvX2Rhc2hpbml0Lm1wNBUAAsgBEgAVAhhAZmJfcGVybWFuZW50L0YxNDU3MzlCN0QzQjU1NkNGODdBQzY4NDhDNEYzRTlDX2F1ZGlvX2Rhc2hpbml0Lm1wNBUCAsgBEgAoABgAGwKIB3VzZV9vaWwBMRJwcm9ncmVzc2l2ZV9yZWNpcGUBMRUAACaekOi2l-WZCBUCKAJDMywXQEWMzMzMzM0YGWRhc2hfaDI2NC1iYXNpYy1nZW4yXzcyMHARAHUAZd6oAQA&_nc_gid=X5SDn4PHjgcF_BPl2XXieA&_nc_ss=7b289&_nc_zt=28&oh=00_Af_UMVppnrTeKiQsgs-c3hmTDNQI_wO2aLyFu8osXkwYSA&oe=6A399835 | SD: https://video.fjai6-1.fna.fbcdn.net/o1/v/t2/f2/m412/AQPZ2rugjlkdYyjrIAkXUyhZ2eydAtG-_2gZolLE6_58VTW2vEJ7qWsP8KkabG93NSKesWzmOb1UuLXOD8B-lTt1Aqna7kjxS1Wt-J1ASQ.mp4?_nc_cat=100&_nc_oc=AdqSc4Lmhg2_o8ppy8_WkQntBCFdE_ZfyQjkdKz80olHNgk6Bgubtg4ad2QBV6YolRW-9B9BRWCqY_eJS_0p29Pv&_nc_sid=ef5aa3&_nc_ht=video.fjai6-1.fna.fbcdn.net&_nc_ohc=CKy8jzaPRNoQ7kNvwEbyVlA&efg=eyJ2ZW5jb2RlX3RhZyI6Inhwdl9wcm9ncmVzc2l2ZS5WSV9VU0VDQVNFX1BST0RVQ1RfVFlQRS4uQzMuNjQwLnN2ZV9zZCIsInhwdl9hc3NldF9pZCI6MjMwODUxMzcwNjM0NTQ4NywiYXNzZXRfYWdlX2RheXMiOjIwLCJ2aV91c2VjYXNlX2lkIjoxMDc5OSwiZHVyYXRpb25fcyI6NDMsInVybGdlbl9zb3VyY2UiOiJ3d3cifQ%3D%3D&ccb=17-1&_nc_gid=X5SDn4PHjgcF_BPl2XXieA&_nc_ss=7b289&_nc_zt=28&oh=00_Af-ww58kzsxVSlJSilwaQhnb-JqC3eS9ajwyhkfVXVU7IQ&oe=6A39AE56 | Preview: https://scontent.fjai6-1.fna.fbcdn.net/v/t39.35426-6/719891756_844516925067362_1042092768117027205_n.jpg?_nc_cat=106&ccb=1-7&_nc_sid=c53f8f&_nc_ohc=vm9r51YxnUIQ7kNvwEjh5RG&_nc_oc=AdrWaos0U2oawe7_0ETjqyRkOuMM7cCf-3BDP160Bq81Tp7nH6bqbvoj3UQTs4yNzRA70TlAPmIauXJlJUtsyj8l&_nc_zt=14&_nc_ht=scontent.fjai6-1.fna&_nc_gid=X5SDn4PHjgcF_BPl2XXieA&_nc_ss=7b289&oh=00_Af_qLHwCon8FH9AnjiNr0Yxe3PrRteo4VygIR0GnmuJY_g&oe=6A39A73E,,,,,,,
1465830105586717,https://www.facebook.com/61557557017102/,fb.me,https://www.facebook.com/61557557017102/,,,,sales@arihantfoundations.in,+91 89883 38833,,,,263995340130655,http://fb.me/,DMR Landz,https://www.facebook.com/ads/library/?id=1465830105586717,"Looking for the perfect space to grow your industrial business? 

DMR Landz Infinity offers industrial plots, sizes starting from 5000 sq. ft, situated just 2 minutes from GNT Road. With unmatched proximity to major transport routes and excellent accessibility, this is the ideal location for businesses ready to thrive. Don’t miss this opportunity to establish yourself in a highly connected industrial zone.

- 2 mins from GNT Road
- 24/7 Security
- Solar lights on Road
- Suitable for immediate construction
- CCTV Surveillance
- Upto 80% bank loan available
- Hassle Free EB
- Zero water logging


Don't miss out—invest now in DMR Landz Infinity and build your future today!",17952,Get quote,fb.me,"FACEBOOK; INSTAGRAM",2026-06-08,2026-06-17,,,"Looking for the perfect space to grow your industrial business? 

DMR Landz Infinity offers industrial plots, sizes starting from 5000 sq. ft, situated just 2 minutes from GNT Road. With unmatched proximity to major transport routes and excellent accessibility, this is the ideal location for businesses ready to thrive. Don’t miss this opportunity to establish yourself in a highly connected industrial zone.

- 2 mins from GNT Road
- 24/7 Security
- Solar lights on Road
- Suitable for immediate construction
- CCTV Surveillance
- Upto 80% bank loan available
- Hassle Free EB
- Zero water logging


Don't miss out—invest now in DMR Landz Infinity and build your future today! || Looking for the perfect space to grow your industrial business? 

DMR Landz Infinity offers industrial plots, sizes starting from 5000 sq. ft, situated just 2 minutes from GNT Road. With unmatched proximity to major transport routes and excellent accessibility, this is the ideal location for businesses ready to thrive. Don’t miss this opportunity to establish yourself in a highly connected industrial zone.

- 2 mins from GNT Road
- 24/7 Security
- Solar lights on Road
- Suitable for immediate construction
- CCTV Surveillance
- Upto 80% bank loan available
- Hassle Free EB
- Zero water logging


Don't miss out—invest now in DMR Landz Infinity and build your future today! || Looking for the perfect space to grow your industrial business? 

DMR Landz Infinity offers industrial plots, sizes starting from 5000 sq. ft, situated just 2 minutes from GNT Road. With unmatched proximity to major transport routes and excellent accessibility, this is the ideal location for businesses ready to thrive. Don’t miss this opportunity to establish yourself in a highly connected industrial zone.

- 2 mins from GNT Road
- 24/7 Security
- Solar lights on Road
- Suitable for immediate construction
- CCTV Surveillance
- Upto 80% bank loan available
- Hassle Free EB
- Zero water logging


Don't miss out—invest now in DMR Landz Infinity and build your future today!",http://fb.me/ || http://fb.me/ || http://fb.me/,,Get Quote || Get Quote || Get Quote,Original: https://scontent.fjai6-1.fna.fbcdn.net/v/t39.35426-6/720449655_1468187164995261_4013311318971285004_n.jpg?_nc_cat=108&ccb=1-7&_nc_sid=c53f8f&_nc_ohc=HVj6g8RTzZEQ7kNvwHDj1_E&_nc_oc=AdoCBloQbMOw9WinUJMB4pDPUjd2xf6MRLt2zr7YySvj80jZPCSm3DPFvz6rxmQPU45_lGJ4GEwpPVSU2vA3wkfA&_nc_zt=14&_nc_ht=scontent.fjai6-1.fna&_nc_gid=X5SDn4PHjgcF_BPl2XXieA&_nc_ss=7b289&oh=00_Af-a8ozF7dv507mflxnvmMZIeV8Rv92h8s99Ytkg--6pnA&oe=6A3993AD | Resized: https://scontent.fjai6-1.fna.fbcdn.net/v/t39.35426-6/719557011_4768900660006269_5385096599996446472_n.jpg?stp=dst-jpg_s600x600_tt6&_nc_cat=101&ccb=1-7&_nc_sid=c53f8f&_nc_ohc=hBApS7d3HfcQ7kNvwG2YI8x&_nc_oc=AdoNbdLTYjhiW4wOd-lVa4kh5HHyWYnVM6oCoUxTAz0QWE9QRkHrdJ_RgHk7GK-a0t3UJIN6ZStriFXFvhz3N-QU&_nc_zt=14&_nc_ht=scontent.fjai6-1.fna&_nc_gid=X5SDn4PHjgcF_BPl2XXieA&_nc_ss=7b289&oh=00_Af9b-7D28a8_1IfXU6HSRhuLffk5zV1x4E-DDgCE1dF8XA&oe=6A3991AF || Original: https://scontent.fjai6-1.fna.fbcdn.net/v/t39.35426-6/719484580_1638703690542937_4393985954292917720_n.jpg?_nc_cat=109&ccb=1-7&_nc_sid=c53f8f&_nc_ohc=eGRYLPi0SwEQ7kNvwFiJ5Yr&_nc_oc=Adp86gWVo9U32hEbBjw9OFelcHSvEFodXyMKFFFFWF84TD8G_SY4xMh7RduwmxuXXn2YEP3egbR7yhuU2c9oBTuT&_nc_zt=14&_nc_ht=scontent.fjai6-1.fna&_nc_gid=X5SDn4PHjgcF_BPl2XXieA&_nc_ss=7b289&oh=00_Af8bBvJXyHEVE_po3LmGrEj77QwuK_9tQuWPbMdsrV44Dg&oe=6A399353 | Resized: https://scontent.fjai6-1.fna.fbcdn.net/v/t39.35426-6/718611497_1728618335259859_3810368484265825014_n.jpg?stp=dst-jpg_s600x600_tt6&_nc_cat=102&ccb=1-7&_nc_sid=c53f8f&_nc_ohc=7zdFKla2Ed0Q7kNvwHjWS5V&_nc_oc=AdpyRuJfiYGwa2SoMntwl0fZCyw6qJsUZVS62PqDI5bjuNfsiKsG2fAMg7f0Nb_d8zh9OQXuoynOboTpi8RybV-Y&_nc_zt=14&_nc_ht=scontent.fjai6-1.fna&_nc_gid=X5SDn4PHjgcF_BPl2XXieA&_nc_ss=7b289&oh=00_Af-Zku0eATkJZMm0aNS-Q18cLC6wRZQIgLLp2ra5wF1Z9g&oe=6A39B9F8 || Original: https://scontent.fjai6-1.fna.fbcdn.net/v/t39.35426-6/720243806_1774938903668984_4055062975483699860_n.jpg?_nc_cat=108&ccb=1-7&_nc_sid=c53f8f&_nc_ohc=lqdl_6xh1GgQ7kNvwHvJCHB&_nc_oc=AdoVFDCl0H9bVKn07M2eE-KMjtsUBHx9CzFCNWfuL3iwkLhM0kebphkn43OXp34Fh-2TYcfHaEtmhDP7xxecMv6r&_nc_zt=14&_nc_ht=scontent.fjai6-1.fna&_nc_gid=X5SDn4PHjgcF_BPl2XXieA&_nc_ss=7b289&oh=00_Af_8EhbC86xY4uPPP5VJEOmtsFVHxQ8UXg-60gtdzMhcPQ&oe=6A398FC4 | Resized: https://scontent.fjai6-1.fna.fbcdn.net/v/t39.35426-6/720282317_1237768548293507_4018528169692121928_n.jpg?stp=dst-jpg_s600x600_tt6&_nc_cat=106&ccb=1-7&_nc_sid=c53f8f&_nc_ohc=jGgwSGfSQi0Q7kNvwExZ5I6&_nc_oc=Adrh2MCu7a3DMzS12bEDQ2Acb6Sn8Ly70yOeml8CBl5LkiGQ890aYBcySaKvlTNTBwWsOQD2SSCkevvaCj5jyc9R&_nc_zt=14&_nc_ht=scontent.fjai6-1.fna&_nc_gid=X5SDn4PHjgcF_BPl2XXieA&_nc_ss=7b289&oh=00_Af9E835Q3Da29t1vWOYYQ79JclK-AXmKmkpv-aSOWgi_cQ&oe=6A399E36,
1356862812956650,https://www.facebook.com/61557557017102/,fb.me,https://www.facebook.com/61557557017102/,,,,sales@arihantfoundations.in,+91 89883 38833,,,,263995340130655,http://fb.me/,DMR Landz,https://www.facebook.com/ads/library/?id=1356862812956650,"Looking for the perfect space to grow your industrial business? 

DMR Landz Infinity offers industrial plots, sizes starting from 10,000 sq. ft, situated just 3 minutes from GNT Road. With unmatched proximity to major transport routes and excellent accessibility, this is the ideal location for businesses ready to thrive. Don’t miss this opportunity to establish yourself in a highly connected industrial zone.

- 3 mins from GNT Road
- 24/7 Security
- Solar lights on Road
- Suitable for immediate construction
- CCTV Surveillance
- Upto 80% bank loan available
- Hassle Free EB
- Zero water logging


Don't miss out—invest now in DMR Landz Infinity and build your future today!",17952,Get quote,fb.me,"FACEBOOK; INSTAGRAM",2026-06-08,2026-06-17,,,"Looking for the perfect space to grow your industrial business? 

DMR Landz Infinity offers industrial plots, sizes starting from 10,000 sq. ft, situated just 3 minutes from GNT Road. With unmatched proximity to major transport routes and excellent accessibility, this is the ideal location for businesses ready to thrive. Don’t miss this opportunity to establish yourself in a highly connected industrial zone.

- 3 mins from GNT Road
- 24/7 Security
- Solar lights on Road
- Suitable for immediate construction
- CCTV Surveillance
- Upto 80% bank loan available
- Hassle Free EB
- Zero water logging


Don't miss out—invest now in DMR Landz Infinity and build your future today! || Looking for the perfect space to grow your industrial business? 

DMR Landz Infinity offers industrial plots, sizes starting from 10,000 sq. ft, situated just 3 minutes from GNT Road. With unmatched proximity to major transport routes and excellent accessibility, this is the ideal location for businesses ready to thrive. Don’t miss this opportunity to establish yourself in a highly connected industrial zone.

- 3 mins from GNT Road
- 24/7 Security
- Solar lights on Road
- Suitable for immediate construction
- CCTV Surveillance
- Upto 80% bank loan available
- Hassle Free EB
- Zero water logging


Don't miss out—invest now in DMR Landz Infinity and build your future today! || Looking for the perfect space to grow your industrial business? 

DMR Landz Infinity offers industrial plots, sizes starting from 10,000 sq. ft, situated just 3 minutes from GNT Road. With unmatched proximity to major transport routes and excellent accessibility, this is the ideal location for businesses ready to thrive. Don’t miss this opportunity to establish yourself in a highly connected industrial zone.

- 3 mins from GNT Road
- 24/7 Security
- Solar lights on Road
- Suitable for immediate construction
- CCTV Surveillance
- Upto 80% bank loan available
- Hassle Free EB
- Zero water logging


Don't miss out—invest now in DMR Landz Infinity and build your future today!",http://fb.me/ || http://fb.me/ || http://fb.me/,,Get Quote || Get Quote || Get Quote,Original: https://scontent.fjai6-1.fna.fbcdn.net/v/t39.35426-6/698583041_995807802819891_8286319512675151498_n.jpg?_nc_cat=108&ccb=1-7&_nc_sid=c53f8f&_nc_ohc=Updb6dFAcU0Q7kNvwGRZ94q&_nc_oc=Adp6XatljRD9X0SJig2Ulpn9ICBL0kFe40ZnDmXVoZXJy0mkrKkwQvbU587trotuYLQk1lTAwMZI_cQOeUzY93qo&_nc_zt=14&_nc_ht=scontent.fjai6-1.fna&_nc_gid=X5SDn4PHjgcF_BPl2XXieA&_nc_ss=7b289&oh=00_Af8gep_vaRbW5kupySyUNyCADUT_17c4V7aFeukbR7CZHA&oe=6A39872E | Resized: https://scontent.fjai6-1.fna.fbcdn.net/v/t39.35426-6/699056415_1776019650425067_5533382645912445654_n.jpg?stp=dst-jpg_s600x600_tt6&_nc_cat=103&ccb=1-7&_nc_sid=c53f8f&_nc_ohc=jloFkWaujL4Q7kNvwHzz0GK&_nc_oc=AdrYwR-76P8Tpr0Iwl04q3zPdXJ7AmNBrnp5Lq7iAyOXImJY4zqC8p0rx14o0vEl4zVOWFL09h_LMQ1dwXUlZiuo&_nc_zt=14&_nc_ht=scontent.fjai6-1.fna&_nc_gid=X5SDn4PHjgcF_BPl2XXieA&_nc_ss=7b289&oh=00_Af881S3WuMdCLVoW0IdC3Ku6Blmy-lr4i0kEt6h1yHFnYg&oe=6A39B7E6 || Original: https://scontent.fjai6-1.fna.fbcdn.net/v/t39.35426-6/698504885_3541776395975166_2537561023319451960_n.jpg?_nc_cat=109&ccb=1-7&_nc_sid=c53f8f&_nc_ohc=Ttx56fbbXo8Q7kNvwE9vvaj&_nc_oc=AdpbTAaHtPtGIpbI6Ew2HCgZaKRK1dDgiq9sBglLfnWCM4CrflIMpgruXTp_8JfQh_N5ZSX5K2VJIACFrSvgvQuB&_nc_zt=14&_nc_ht=scontent.fjai6-1.fna&_nc_gid=X5SDn4PHjgcF_BPl2XXieA&_nc_ss=7b289&oh=00_Af-_ogLtLPFroIBcLD188vKXV91ayZo0PVHrD52OTi1GJA&oe=6A3998CF | Resized: https://scontent.fjai6-1.fna.fbcdn.net/v/t39.35426-6/699987490_928719106659293_209328142801792995_n.jpg?stp=dst-jpg_s600x600_tt6&_nc_cat=109&ccb=1-7&_nc_sid=c53f8f&_nc_ohc=gnK_14r84kMQ7kNvwHbvHKO&_nc_oc=Ado2QqJS2eoFPxd--TNlnKCCqAr2nUjY4-gJwS2NoxQXFgj9LbMAborkirpMNu3mWe0mnUVbwCp7NsZErRakA4l8&_nc_zt=14&_nc_ht=scontent.fjai6-1.fna&_nc_gid=X5SDn4PHjgcF_BPl2XXieA&_nc_ss=7b289&oh=00_Af8w647-xJceHAD4ltQjYO0vSrDwfREu11OpEiXmA-YMCQ&oe=6A3998EF || Original: https://scontent.fjai6-1.fna.fbcdn.net/v/t39.35426-6/698416941_1655658929029663_881952824222960361_n.jpg?_nc_cat=105&ccb=1-7&_nc_sid=c53f8f&_nc_ohc=d3gXKnVrKyYQ7kNvwHhERJF&_nc_oc=Adrh9jt1HMmfI1VB0N-KvWE6qwPFugqW8sOoJoO--BAdPpFKlOfhi9HgwSgPShjuJd3sxI3RMNP-EmuEEBBp2Mys&_nc_zt=14&_nc_ht=scontent.fjai6-1.fna&_nc_gid=X5SDn4PHjgcF_BPl2XXieA&_nc_ss=7b289&oh=00_Af-kHYYmEVxAMgtDPg4vpPtBNLi2MeOpJFvnRKxbg_89Hg&oe=6A398B20 | Resized: https://scontent.fjai6-1.fna.fbcdn.net/v/t39.35426-6/699724226_1289618096695428_4446296232013090168_n.jpg?stp=dst-jpg_s600x600_tt6&_nc_cat=100&ccb=1-7&_nc_sid=c53f8f&_nc_ohc=PyamGtHKThkQ7kNvwGcILq5&_nc_oc=AdqvDLmma1Y9pQdiJmnRB28t2kv9xcVaMh9RPxbdhpxvm5S-SYyH1jeTExaB69ot_rKpV4F03iUkejwMiHXSdnN-&_nc_zt=14&_nc_ht=scontent.fjai6-1.fna&_nc_gid=X5SDn4PHjgcF_BPl2XXieA&_nc_ss=7b289&oh=00_Af91I_Xx_pM_u7hwAJTeN3e2eXlNGIOL5WQdjihA6p_9fg&oe=6A399AE4,
1766217824376768,https://www.facebook.com/61557557017102/,fb.me,https://www.facebook.com/61557557017102/,,,,sales@arihantfoundations.in,+91 89883 38833,,,,263995340130655,http://fb.me/,DMR Landz,https://www.facebook.com/ads/library/?id=1766217824376768,"Looking for the perfect space to grow your industrial business? 

DMR Landz Infinity offers industrial plots, sizes starting from 5,000 sq. ft, situated just 3 minutes from GNT Road. With unmatched proximity to major transport routes and excellent accessibility, this is the ideal location for businesses ready to thrive. Don’t miss this opportunity to establish yourself in a highly connected industrial zone.

- 3 mins from GNT Road
- 24/7 Security
- Solar lights on Road
- Suitable for immediate construction
- CCTV Surveillance
- Upto 80% bank loan available
- Hassle Free EB
- Zero water logging


Don't miss out—invest now in DMR Landz Infinity and build your future today!",17952,Get quote,fb.me,"FACEBOOK; INSTAGRAM",2026-06-15,2026-06-17,,,"Looking for the perfect space to grow your industrial business? 

DMR Landz Infinity offers industrial plots, sizes starting from 5,000 sq. ft, situated just 3 minutes from GNT Road. With unmatched proximity to major transport routes and excellent accessibility, this is the ideal location for businesses ready to thrive. Don’t miss this opportunity to establish yourself in a highly connected industrial zone.

- 3 mins from GNT Road
- 24/7 Security
- Solar lights on Road
- Suitable for immediate construction
- CCTV Surveillance
- Upto 80% bank loan available
- Hassle Free EB
- Zero water logging


Don't miss out—invest now in DMR Landz Infinity and build your future today! || Looking for the perfect space to grow your industrial business? 

DMR Landz Infinity offers industrial plots, sizes starting from 5,000 sq. ft, situated just 3 minutes from GNT Road. With unmatched proximity to major transport routes and excellent accessibility, this is the ideal location for businesses ready to thrive. Don’t miss this opportunity to establish yourself in a highly connected industrial zone.

- 3 mins from GNT Road
- 24/7 Security
- Solar lights on Road
- Suitable for immediate construction
- CCTV Surveillance
- Upto 80% bank loan available
- Hassle Free EB
- Zero water logging


Don't miss out—invest now in DMR Landz Infinity and build your future today! || Looking for the perfect space to grow your industrial business? 

DMR Landz Infinity offers industrial plots, sizes starting from 5,000 sq. ft, situated just 3 minutes from GNT Road. With unmatched proximity to major transport routes and excellent accessibility, this is the ideal location for businesses ready to thrive. Don’t miss this opportunity to establish yourself in a highly connected industrial zone.

- 3 mins from GNT Road
- 24/7 Security
- Solar lights on Road
- Suitable for immediate construction
- CCTV Surveillance
- Upto 80% bank loan available
- Hassle Free EB
- Zero water logging


Don't miss out—invest now in DMR Landz Infinity and build your future today!",http://fb.me/ || http://fb.me/ || http://fb.me/,,Get Quote || Get Quote || Get Quote,Original: https://scontent.fjai6-1.fna.fbcdn.net/v/t39.35426-6/679862780_1399712808629128_8338518946920724533_n.jpg?_nc_cat=106&ccb=1-7&_nc_sid=c53f8f&_nc_ohc=xaHC87dC3GgQ7kNvwHeWYl7&_nc_oc=Adqda1Uf6UHuewcxamBq549nFHv6uq7KlqaBWuzvWg6IxmJf98PPBHhiSmHWDlWp_ZkMHFJd3PXA3G8N5qNo79_c&_nc_zt=14&_nc_ht=scontent.fjai6-1.fna&_nc_gid=X5SDn4PHjgcF_BPl2XXieA&_nc_ss=7b289&oh=00_Af-78V2Wh1A9CmCCzKHcdePUSi8hwgB4xOlCRbbqVe4cwA&oe=6A39B6FD | Resized: https://scontent.fjai6-1.fna.fbcdn.net/v/t39.35426-6/678278292_3468419139993163_8122222711429443548_n.jpg?stp=dst-jpg_s600x600_tt6&_nc_cat=101&ccb=1-7&_nc_sid=c53f8f&_nc_ohc=MyvduR8EcMwQ7kNvwElTdEU&_nc_oc=AdoX1SPvdWRlshIX1mw6oGBcmIYHAXP1nbiycaDuGdV5DYj36kVd2R7sfJtv5sDWRSzXcqCoRTVVk216b9Z91ZOI&_nc_zt=14&_nc_ht=scontent.fjai6-1.fna&_nc_gid=X5SDn4PHjgcF_BPl2XXieA&_nc_ss=7b289&oh=00_Af8xwGWo9NeKfpAQSLZrpHLr9PoSQyQYFHjJoEuzJjuxlw&oe=6A39A424 || Original: https://scontent.fjai6-1.fna.fbcdn.net/v/t39.35426-6/679873917_1499436468571017_5005623575055357540_n.jpg?_nc_cat=109&ccb=1-7&_nc_sid=c53f8f&_nc_ohc=t2Fz8gD6_EkQ7kNvwFpHGTi&_nc_oc=AdoQHX3smzjbr-vAUSEp7LVPNk_8-cGhyk5L1PQneQ43oCP2_PxrkRIE2yAMcG6fm2B2xvx6PrELHkhuSOOw3gd7&_nc_zt=14&_nc_ht=scontent.fjai6-1.fna&_nc_gid=X5SDn4PHjgcF_BPl2XXieA&_nc_ss=7b289&oh=00_Af9lqq59MsoiXjbkQRnFVvB84Z69B4VZe3eLQWGgd9jZhg&oe=6A39BAC5 | Resized: https://scontent.fjai6-1.fna.fbcdn.net/v/t39.35426-6/678937282_948085208002301_2045583921999304286_n.jpg?stp=dst-jpg_s600x600_tt6&_nc_cat=108&ccb=1-7&_nc_sid=c53f8f&_nc_ohc=BSl7MP9ytYQQ7kNvwHzWVNh&_nc_oc=AdqtMvB274DCUYhEIAfOYSJELszSPCcQGo88I1LTdHB8PWkIYlskoXF3JfYdtgdiJRUFZ70sUuq3j5U5SodxtHbs&_nc_zt=14&_nc_ht=scontent.fjai6-1.fna&_nc_gid=X5SDn4PHjgcF_BPl2XXieA&_nc_ss=7b289&oh=00_Af_2OjnUEz6VKKtUpt-wYgF1wm7yB_uuQeGYwLfdV4zd7w&oe=6A399521 || Original: https://scontent.fjai6-1.fna.fbcdn.net/v/t39.35426-6/676779531_1658745705438377_3323230481695733486_n.jpg?_nc_cat=109&ccb=1-7&_nc_sid=c53f8f&_nc_ohc=naDYpD403EsQ7kNvwFLroeK&_nc_oc=AdrWF7Du0kaNKweDkQ9cuRmBzgibpzwHERlNx6io_vWCu1DwrvCL9YO3EUri8ZQnX9yQCh3lj5YNBDD9sux5s4mY&_nc_zt=14&_nc_ht=scontent.fjai6-1.fna&_nc_gid=X5SDn4PHjgcF_BPl2XXieA&_nc_ss=7b289&oh=00_Af8X4gUx9W_6CSBzyo70Lc67IKiKSLukr5QPdP-sHgB9Jg&oe=6A39A576 | Resized: https://scontent.fjai6-1.fna.fbcdn.net/v/t39.35426-6/678307837_1190429189714360_7467021412692467299_n.jpg?stp=dst-jpg_s600x600_tt6&_nc_cat=107&ccb=1-7&_nc_sid=c53f8f&_nc_ohc=FSch0oQP3AQQ7kNvwE3OOkw&_nc_oc=Adp45XrgE4hnJ9XccfLqqgz6Kc5yPrFCRpHk4KQaj5Y3F0g2_Ie6BOlVPOgWqohkISl_TozdwMI5sCWVLJHxO-Ro&_nc_zt=14&_nc_ht=scontent.fjai6-1.fna&_nc_gid=X5SDn4PHjgcF_BPl2XXieA&_nc_ss=7b289&oh=00_Af99VvxRsbnUVfJ_XAGLBT4tkwF84YzssQVLWbFnDn99dQ&oe=6A39BDA7,
2203078700426572,https://www.facebook.com/PSGroupRealty/,fb.me,https://www.facebook.com/PSGroupRealty/,,,,contact@psgroup.in,+91 33 6767 6764,,,,1161764063844369,http://fb.me/,PS Group,https://www.facebook.com/ads/library/?id=2203078700426572,"Sustainability isn’t an add-on at PS Logistics Park—it’s built into the way the park operates.

Designed to support responsible logistics operations while meeting evolving environmental standards.

✅ ISO & PCB-aligned waste management systems
✅ Green cover planned to offset operational emissions
✅ Infrastructure designed to minimise environmental impact

An ESG-aligned logistics hub built for the future of business.

Spaces from 7,500+ sq. ft. | ₹2.99 Cr onwards
Enquire now to explore availability.",43113,Book now,fb.me,"FACEBOOK; INSTAGRAM; AUDIENCE_NETWORK",2026-06-17,2026-06-17,HD: https://video.fjai6-1.fna.fbcdn.net/o1/v/t2/f2/m366/AQMPLQALWzfOM_HQvhM7PMw3wbm3pu4XQUHss1RjEem4kKkxo1pxDn1qhueV71iF1Y3ZYrimXUp44-WPuV7J5hWWdbv3hialcTBkbM8U3swNuQ.mp4?_nc_cat=111&_nc_oc=AdqL2xRLjR_REvCLoJM2BtjiQW0RJ1BHNIqS7xfUojPePjk0fcKqtTs-dDSUUCrO5fKNvmc9p5KqYDF4Ym5QkXrs&_nc_sid=b66105&_nc_ht=video.fjai6-1.fna.fbcdn.net&_nc_ohc=xMltHo5poRUQ7kNvwFEOGhU&efg=eyJ2ZW5jb2RlX3RhZyI6Inhwdl9wcm9ncmVzc2l2ZS5WSV9VU0VDQVNFX1BST0RVQ1RfVFlQRS4uQzMuNzIwLmRhc2hfaDI2NC1iYXNpYy1nZW4yXzcyMHAiLCJ4cHZfYXNzZXRfaWQiOjI1NTU5MjE3MTE1MzM0NDcsImFzc2V0X2FnZV9kYXlzIjozNCwidmlfdXNlY2FzZV9pZCI6MTA3OTksImR1cmF0aW9uX3MiOjYwLCJ1cmxnZW5fc291cmNlIjoid3d3In0%3D&ccb=17-1&vs=7c317ffc87398a26&_nc_vs=HBksFQIYRWZiX2VwaGVtZXJhbC8zMzRBQjYyQzFCN0FCQzgxRTA2NkRDMjlENzY5MDM4RV9tdF8xX3ZpZGVvX2Rhc2hpbml0Lm1wNBUAAsgBEgAVAhhAZmJfcGVybWFuZW50L0RGNDA3OEI1RjE5Q0JBREIzOURBNTEzQTVDQzI3RjlBX2F1ZGlvX2Rhc2hpbml0Lm1wNBUCAsgBEgAoABgAGwKIB3VzZV9vaWwBMRJwcm9ncmVzc2l2ZV9yZWNpcGUBMRUAACaOtoTbnKaKCRUCKAJDMywXQE5zMzMzMzMYGWRhc2hfaDI2NC1iYXNpYy1nZW4yXzcyMHARAHUAZd6oAQA&_nc_gid=X5SDn4PHjgcF_BPl2XXieA&_nc_ss=7b289&_nc_zt=28&oh=00_Af_UzWUm4I8iTHHxlZk6uIzYIYZSN61AQUAsS8Vrf7_oow&oe=6A39B129 | SD: https://video.fjai6-1.fna.fbcdn.net/o1/v/t2/f2/m412/AQOnxT3rUG3o4j5NRrGCtP-9loJ8FTr7e4wRc0Hm_C8-V5skELmdaB90XDbTxMoJ7KFpKiAClVJ4F0KGaVMXcyYo3aHw2TEEyzISPAcEHA.mp4?_nc_cat=109&_nc_oc=AdrIg_-vY7rI9ux6Q36sbWKMZZiYVpJ2e9U38GDkUU0ycL65BjJxj883gGEXS8jX7hh8agL7MoOJuVTxWoKReiWJ&_nc_sid=ef5aa3&_nc_ht=video.fjai6-1.fna.fbcdn.net&_nc_ohc=5PI4nZwAN8cQ7kNvwH50-CF&efg=eyJ2ZW5jb2RlX3RhZyI6Inhwdl9wcm9ncmVzc2l2ZS5WSV9VU0VDQVNFX1BST0RVQ1RfVFlQRS4uQzMuMzYwLnN2ZV9zZCIsInhwdl9hc3NldF9pZCI6MjU1NTkyMTcxMTUzMzQ0NywiYXNzZXRfYWdlX2RheXMiOjM0LCJ2aV91c2VjYXNlX2lkIjoxMDc5OSwiZHVyYXRpb25fcyI6NjAsInVybGdlbl9zb3VyY2UiOiJ3d3cifQ%3D%3D&ccb=17-1&_nc_gid=X5SDn4PHjgcF_BPl2XXieA&_nc_ss=7b289&_nc_zt=28&oh=00_Af_rY1_awgQazHgZgOIoyH0QH82B9rO5tSlrJolcCw_h3A&oe=6A398B8D | Preview: https://scontent.fjai6-1.fna.fbcdn.net/v/t39.35426-6/702930187_1554212522940080_5099450253431881220_n.jpg?_nc_cat=102&ccb=1-7&_nc_sid=c53f8f&_nc_ohc=beRFk66lkroQ7kNvwHPHY-X&_nc_oc=AdrZmEJxtLg05kKIY1MKeAsvGHXHzu45dUBbETslQ7yf8O0Lpi5--bV7CJmlB4Jtm7JcLnBQZd1Re011qEHlRYlf&_nc_zt=14&_nc_ht=scontent.fjai6-1.fna&_nc_gid=X5SDn4PHjgcF_BPl2XXieA&_nc_ss=7b289&oh=00_Af9ib2N37eKcvgYXAx4qeJQT5nzGJ5EaJ3aVt3JWAFutiA&oe=6A39B31B,,,,,,,
1714141796595701,https://www.facebook.com/61590243827122/,api.whatsapp.com,https://www.facebook.com/61590243827122/,,,,nrkumaraswamy@gmail.com,+91 83109 57459,,,,1148273091704139,https://api.whatsapp.com/send,G K Properties,https://www.facebook.com/ads/library/?id=1714141796595701,"*Praja Properties India Pvt Ltd* 
              Presenting
🌟 *Praja Infinity Enclave – Malur city* 🌟
Premium Residential Plots – 30×40 | 30×50 | 30×60 | Odd Sites

📑 *Approvals:*
✔️  Malur Town Planning Authority
✔️ Individual Site A-Khata   
✔️ RERA Certified 
✔️   DC Converted

💰 *Price: ₹3,699/sqft*

🏡 *Amenities:*
✔️ Round Compound Wall & Gated Community
✔️ 24/7 Security with CC Cameras
✔️ Underground Sewage & Electricity with Transformer
✔️ Water Connection to Each Plot
✔️ CC Roads with Street Lights (30 ft wide)
✔️ Borewell, Park & Common Area, STP

✨ *Highlights:*
✔️ 80% Bank Loan (All Leading Banks)
✔️ Ready for Registration & Construction

📍 *Prime Location – Malur:*
🚉 100m – Malur Railway Station
🏫 150m – Govt. First Grade College
🏭 200m – Adani Logistics Park
🏫 300m – Sree Guru Public School & Narayana College
🏢 1 km – Malur Sub Registrar Office & Sri Narayanna Super Speciality Eye Hospital
🏥 600m – Ramesh Children’s Hospital
🏢 1.4 km – RS Convention Hall
🏙️ 1 km – Gayathri Kanghan Shopping Mall
🚌 1.1 km – Malur Bus Stand / Govt. General Hospital
🏟️ 700m – Honda Stadium & HVR Convention Hall
💪 1.2 km – Thejas Fitness Club
⚡ 2.8 km – KPTCL Substation

✨ Limited Plots Available – Book Your Site Visit Today!

📞 Contact - Kumaraswamy
8310957459",1,Send WhatsApp message,,"FACEBOOK; INSTAGRAM",2026-06-17,2026-06-17,,Original: https://scontent.fjai6-1.fna.fbcdn.net/v/t39.35426-6/724516420_1277340864206039_8448869297600528939_n.jpg?_nc_cat=111&ccb=1-7&_nc_sid=c53f8f&_nc_ohc=a5-g8p9W-AcQ7kNvwElW-tH&_nc_oc=AdrARlCMbOHu92G-ifWzdDbSVmtjtbdZe24956OVBAMSHVJwLlnLciYWohFPlYg-1JhG3GG8dVjYdonWPKHCaXjP&_nc_zt=14&_nc_ht=scontent.fjai6-1.fna&_nc_gid=X5SDn4PHjgcF_BPl2XXieA&_nc_ss=7b289&oh=00_Af9j-jL0OeMNohYeQVLhDG0jopbFh9wOvgxku32sNBn_4w&oe=6A398712 | Resized: https://scontent.fjai6-1.fna.fbcdn.net/v/t39.35426-6/726827848_3413432395502167_5428177398359149211_n.jpg?stp=dst-jpg_s600x600_tt6&_nc_cat=109&ccb=1-7&_nc_sid=c53f8f&_nc_ohc=MtMZnA-eI2QQ7kNvwFP_A_b&_nc_oc=AdptrPw5BQO36UfjUixApy4izR432Z_up_EHJH9V51-v2cPeOSPUeEuLzXbyZcxZ2Okr3-hYKpUm9WyhKL20MdW2&_nc_zt=14&_nc_ht=scontent.fjai6-1.fna&_nc_gid=X5SDn4PHjgcF_BPl2XXieA&_nc_ss=7b289&oh=00_Af907HlLwnjITPzIOf5CKchSdzAKhxNEaW0jbhijb6jOVw&oe=6A39BBD2 || Original: https://scontent.fjai6-1.fna.fbcdn.net/v/t39.35426-6/724672867_2142614519614929_4467362553090559384_n.jpg?_nc_cat=102&ccb=1-7&_nc_sid=c53f8f&_nc_ohc=XMRKZNICJFsQ7kNvwFMqYHC&_nc_oc=AdpMHgmDz2qHXenAv1o8viBSwtYT8vLvcM946xSL0PUsj6JDsLOIE1K5odexHwPrf-InfjtizIMTrXYvOEXeT5o4&_nc_zt=14&_nc_ht=scontent.fjai6-1.fna&_nc_gid=X5SDn4PHjgcF_BPl2XXieA&_nc_ss=7b289&oh=00_Af8Qo-76Cu2UpGCsnvpHgULNWbrc7s_w7ds7kyo2mgylvg&oe=6A39896C | Resized: https://scontent.fjai6-1.fna.fbcdn.net/v/t39.35426-6/725657048_1699241554303805_471587173991627837_n.jpg?stp=dst-jpg_s600x600_tt6&_nc_cat=103&ccb=1-7&_nc_sid=c53f8f&_nc_ohc=OOXL5tIJlnIQ7kNvwE1A8ZB&_nc_oc=AdrdUj-72hRdc5iNYD7_PhWkIoocphZh1ohtsoQEABqQEJ27Jrox6g0qZVIK9QSGVQ6oWJZJiEjWAuVq5La4wVdN&_nc_zt=14&_nc_ht=scontent.fjai6-1.fna&_nc_gid=X5SDn4PHjgcF_BPl2XXieA&_nc_ss=7b289&oh=00_Af-HIycdsFTQm0aQhzTDOmIUL7s4ICXclZG5KVOFZ2eMxQ&oe=6A398C7E || Original: https://scontent.fjai6-1.fna.fbcdn.net/v/t39.35426-6/725095507_4054532378178129_3777888274129425571_n.jpg?_nc_cat=103&ccb=1-7&_nc_sid=c53f8f&_nc_ohc=0dkAZA-Z_R0Q7kNvwGCfNsb&_nc_oc=AdrK61Ts0hfREkQzrBDydgIwDy8NiRAqUxrXlfuy8YvQeDXMV-cqxRZLAGd-jZsfzRB_e3id0-vSxqxVziNwWl7f&_nc_zt=14&_nc_ht=scontent.fjai6-1.fna&_nc_gid=X5SDn4PHjgcF_BPl2XXieA&_nc_ss=7b289&oh=00_Af9gvbI7vsABi9qLP7w_t6HySMBL37yQjpResdcjtNigTA&oe=6A399153 | Resized: https://scontent.fjai6-1.fna.fbcdn.net/v/t39.35426-6/726860482_1130293873506895_9030862993293922640_n.jpg?stp=dst-jpg_s600x600_tt6&_nc_cat=109&ccb=1-7&_nc_sid=c53f8f&_nc_ohc=OgkVRqhxiywQ7kNvwGmnLpb&_nc_oc=Adpzsxf3MmdqhKQMfaJZ1lQpDX9pKQfEGMF3PdHwAvf-x6nhthVNxgcEJtaM9oORrkAKBbpw72eX-Oz3l6gyi8Og&_nc_zt=14&_nc_ht=scontent.fjai6-1.fna&_nc_gid=X5SDn4PHjgcF_BPl2XXieA&_nc_ss=7b289&oh=00_Af-JgRfHBbPTHB0IDAuDsCGnwrMrpgDdWlUk87EOX6Tw9g&oe=6A3990A2 || Original: https://scontent.fjai6-1.fna.fbcdn.net/v/t39.35426-6/725621098_1534571365122003_139862914330806657_n.jpg?_nc_cat=100&ccb=1-7&_nc_sid=c53f8f&_nc_ohc=q-Ebbx4R-S0Q7kNvwFls31q&_nc_oc=AdqInCKn6LLdqnv9hGd55RSdlsCzKXTDrBXMHiYPj5eFcFH-xSOYPnoKYux8NDFBu1_3OZ0SWxyQTAx9D0oTHUO0&_nc_zt=14&_nc_ht=scontent.fjai6-1.fna&_nc_gid=X5SDn4PHjgcF_BPl2XXieA&_nc_ss=7b289&oh=00_Af_BovvleHpUiO9EtBGZLhqOxWtVDG4iuvmZOVYQ8_A1Dg&oe=6A39AA75 | Resized: https://scontent.fjai6-1.fna.fbcdn.net/v/t39.35426-6/725082252_833823122915971_4504335362989737688_n.jpg?stp=dst-jpg_s600x600_tt6&_nc_cat=100&ccb=1-7&_nc_sid=c53f8f&_nc_ohc=0kJA-CyahFUQ7kNvwFPr9wf&_nc_oc=AdqOnL6_XT1TE-MrbMRpoegR9uvIXtlcRFyAlmsi_Yimq_ccFObYrn8-9cE14pAvjgkhtZJne7x8KtluYAG1tEoy&_nc_zt=14&_nc_ht=scontent.fjai6-1.fna&_nc_gid=X5SDn4PHjgcF_BPl2XXieA&_nc_ss=7b289&oh=00_Af8OypGw2ZwE7boez5ZmnF-pzt3e-UCQYK_2J6PaZygzPg&oe=6A39B35C || Original: https://scontent.fjai6-1.fna.fbcdn.net/v/t39.35426-6/725640722_2273492793457989_3783068102052663382_n.jpg?_nc_cat=100&ccb=1-7&_nc_sid=c53f8f&_nc_ohc=ZQ1rgZlnnR0Q7kNvwEWdeKV&_nc_oc=AdpoHLrMrz_fAPXsx2shqaDIDQj1xjPQPyHxrkLsg41NBvTAquzRvBvjtDXkTlthqRX9j2TesAa52pv6GOKed9O6&_nc_zt=14&_nc_ht=scontent.fjai6-1.fna&_nc_gid=X5SDn4PHjgcF_BPl2XXieA&_nc_ss=7b289&oh=00_Af_Sh70kqR1VVvt4iatmxelgVp467pWpVFF_ZqjXQhgCVA&oe=6A39A2BC | Resized: https://scontent.fjai6-1.fna.fbcdn.net/v/t39.35426-6/725621529_2226229571472928_2731681936228020020_n.jpg?stp=dst-jpg_s600x600_tt6&_nc_cat=104&ccb=1-7&_nc_sid=c53f8f&_nc_ohc=v-YB0LYXP00Q7kNvwFdIZm1&_nc_oc=Adp3bXrrO4zbQcbWo2NVmMWfB44lZh4MmV0zTESMRES88UCHqsqLocwFUa0fARmeTYdglJ2BFkwSxXM5EhZB5lLY&_nc_zt=14&_nc_ht=scontent.fjai6-1.fna&_nc_gid=X5SDn4PHjgcF_BPl2XXieA&_nc_ss=7b289&oh=00_Af-jdZuZIiqv5_9IrCFmH1tG7cyemyjYmHwby67nVZrXUQ&oe=6A39B6AD || Original: https://scontent.fjai6-1.fna.fbcdn.net/v/t39.35426-6/725946773_26522995170708873_650265113966774317_n.jpg?_nc_cat=102&ccb=1-7&_nc_sid=c53f8f&_nc_ohc=ppm0e5n9FvsQ7kNvwE-zB8v&_nc_oc=AdoBWOyqItqCgtgJQmLECJJbl_OAKBfzIRWuFrmoNiv1grl7w1JX2O1xo40i2xp8YvN7G5d0d4iMri4GHTuz8ymL&_nc_zt=14&_nc_ht=scontent.fjai6-1.fna&_nc_gid=X5SDn4PHjgcF_BPl2XXieA&_nc_ss=7b289&oh=00_Af_3OShuzm0_kpOXhp9SSI3ci3i-5DN8r0KHxsJowwrJrQ&oe=6A39AA61 | Resized: https://scontent.fjai6-1.fna.fbcdn.net/v/t39.35426-6/725640720_1360994599254273_7018456255223035102_n.jpg?stp=dst-jpg_s600x600_tt6&_nc_cat=110&ccb=1-7&_nc_sid=c53f8f&_nc_ohc=XRU7vYF6570Q7kNvwHuBNlR&_nc_oc=AdozJbBNtUd6FOvFQBVwMzx9nxmuPssvWHzW0DKR1dDl4GeXmvxMY5P2h3xCpcGlyZGgaET5owFx7vkHGipB9-P6&_nc_zt=14&_nc_ht=scontent.fjai6-1.fna&_nc_gid=X5SDn4PHjgcF_BPl2XXieA&_nc_ss=7b289&oh=00_Af91Sh0mjUBaSz9G8uEhzAIT4hNE9zjtP5uggo6-_EQCYw&oe=6A399DE7 || Original: https://scontent.fjai6-1.fna.fbcdn.net/v/t39.35426-6/725605636_1499146308612885_6704381320427879071_n.jpg?_nc_cat=108&ccb=1-7&_nc_sid=c53f8f&_nc_ohc=AXxm95kP5ZMQ7kNvwH6bR7F&_nc_oc=Adoz61Q08yLtLS1Ta7ZrwvQ9cX-aVDWRIYmpWoc_47GxLhVQCzVVDKUxAlPS7NJxl91j2AivtAs_UfJnZWof4UC-&_nc_zt=14&_nc_ht=scontent.fjai6-1.fna&_nc_gid=X5SDn4PHjgcF_BPl2XXieA&_nc_ss=7b289&oh=00_Af8Ff1zw3fsrew4oFdXMCePnbinmBw3wXV14pGFPQbDyOQ&oe=6A399ECA | Resized: https://scontent.fjai6-1.fna.fbcdn.net/v/t39.35426-6/725627125_27252204457771697_7603983920320248101_n.jpg?stp=dst-jpg_s600x600_tt6&_nc_cat=105&ccb=1-7&_nc_sid=c53f8f&_nc_ohc=M5anmUxY9UIQ7kNvwFHA_r5&_nc_oc=AdpBkfLEK0dUueAmVt0g-6H-SJSm_qVeUAqi4NpxFwJFotFgk_lstpiWWUcA7r7Z15_MlShOThVV1rn2L9MUB7L6&_nc_zt=14&_nc_ht=scontent.fjai6-1.fna&_nc_gid=X5SDn4PHjgcF_BPl2XXieA&_nc_ss=7b289&oh=00_Af867PPcvEb5Oav6HO398SFJUFtGSc7pfjheg3ial6A4WQ&oe=6A39B718,,,,,,
1296307892586673,https://www.facebook.com/TVSILPs/,fb.me,https://www.facebook.com/TVSILPs/,,,,info@tvsilp.in,+91 44 4556 6747,,,,102176288929379,http://fb.me/,TVS Industrial & Logistics Parks,https://www.facebook.com/ads/library/?id=1296307892586673,"Looking to set up your business in South India? We have the perfect infrastructure for you.

TVS Industrial & Logistics Parks brings you a premium integrated industrial facility in Oragadam, Chennai's fastest-growing auto and manufacturing hub.

Whether you're in Manufacturing, Automotive, R&D, or 3PL, our park is built-to-suit for all your operational needs.

Our Facilities Include:
Industrial & Logistics Park
Staff Accommodation Facility
Recreational Centre

📍 Why Oragadam?

2 KMs | Auto HUB Road
10 KMs | NH 4 Bangalore Highway
18 KMs | GST Road
30 KMs from Chennai Airport

Don't miss out on this prime location. Connect today:
📞 +91 7718989520
📧 info@tvsilp.in | bd.team@tvsilp.in

#TVSILP #Oragadam #Chennai #Industrial #Manufacturing #Logistics #SouthIndia #TamilNadu",784,Get quote,fb.me,"FACEBOOK; INSTAGRAM; AUDIENCE_NETWORK",2026-06-17,2026-06-17,,Original: https://scontent.fjai6-1.fna.fbcdn.net/v/t39.35426-6/724170322_1326832389647088_8881099124942999842_n.jpg?_nc_cat=105&ccb=1-7&_nc_sid=c53f8f&_nc_ohc=wFtLlUEOxyUQ7kNvwHfCOrg&_nc_oc=AdqQxVBzFWHYlt5fkg2NBgr80HawLlay0VSwSvD-hlx8HYQRl4DwE_on-HoI0k8286NYZXN4FlfCOK6r-LNbwec0&_nc_zt=14&_nc_ht=scontent.fjai6-1.fna&_nc_gid=g9nt7hnMnI9hQO3cN9t-YA&_nc_ss=7b289&oh=00_Af9HFBMQTlrUz0v6ptnRXuIcH-hXEg1SMmtNXoX9a20mZQ&oe=6A399629 | Resized: https://scontent.fjai6-1.fna.fbcdn.net/v/t39.35426-6/723768101_36245728408404202_9177310574623570335_n.jpg?stp=dst-jpg_s600x600_tt6&_nc_cat=105&ccb=1-7&_nc_sid=c53f8f&_nc_ohc=NVMho6ZL_9YQ7kNvwFZVUDq&_nc_oc=AdoMEE7AAqbyWD0pv3RUK3R_I3q2q0LqEZhkeXFLXoN6p8NXuodjnuka6Zwzech9eBbxHn5OOCZwMKVrkBVi3dW0&_nc_zt=14&_nc_ht=scontent.fjai6-1.fna&_nc_gid=g9nt7hnMnI9hQO3cN9t-YA&_nc_ss=7b289&oh=00_Af884MtlhlR2E655AIf6u--AW-Z9GhduQCulc7OxcE_ljw&oe=6A399FBC,,,,,,
1567448154798919,https://www.facebook.com/61557557017102/,fb.me,https://www.facebook.com/61557557017102/,,,,sales@arihantfoundations.in,+91 89883 38833,,,,263995340130655,http://fb.me/,DMR Landz,https://www.facebook.com/ads/library/?id=1567448154798919,"Looking for the perfect space to grow your industrial business? 

DMR Landz Infinity offers industrial plots, sizes starting from 5000 sq. ft, situated just 2 minutes from GNT Road. With unmatched proximity to major transport routes and excellent accessibility, this is the ideal location for businesses ready to thrive. Don’t miss this opportunity to establish yourself in a highly connected industrial zone.

- 2 mins from GNT Road
- 24/7 Security
- Solar lights on Road
- Suitable for immediate construction
- CCTV Surveillance
- Upto 80% bank loan available
- Hassle Free EB
- Zero water logging


Don't miss out—invest now in DMR Landz Infinity and build your future today!",17952,Get quote,fb.me,"FACEBOOK; INSTAGRAM",2026-06-10,2026-06-17,,,"Looking for the perfect space to grow your industrial business? 

DMR Landz Infinity offers industrial plots, sizes starting from 5000 sq. ft, situated just 2 minutes from GNT Road. With unmatched proximity to major transport routes and excellent accessibility, this is the ideal location for businesses ready to thrive. Don’t miss this opportunity to establish yourself in a highly connected industrial zone.

- 2 mins from GNT Road
- 24/7 Security
- Solar lights on Road
- Suitable for immediate construction
- CCTV Surveillance
- Upto 80% bank loan available
- Hassle Free EB
- Zero water logging


Don't miss out—invest now in DMR Landz Infinity and build your future today! || Looking for the perfect space to grow your industrial business? 

DMR Landz Infinity offers industrial plots, sizes starting from 5000 sq. ft, situated just 2 minutes from GNT Road. With unmatched proximity to major transport routes and excellent accessibility, this is the ideal location for businesses ready to thrive. Don’t miss this opportunity to establish yourself in a highly connected industrial zone.

- 2 mins from GNT Road
- 24/7 Security
- Solar lights on Road
- Suitable for immediate construction
- CCTV Surveillance
- Upto 80% bank loan available
- Hassle Free EB
- Zero water logging


Don't miss out—invest now in DMR Landz Infinity and build your future today! || Looking for the perfect space to grow your industrial business? 

DMR Landz Infinity offers industrial plots, sizes starting from 5000 sq. ft, situated just 2 minutes from GNT Road. With unmatched proximity to major transport routes and excellent accessibility, this is the ideal location for businesses ready to thrive. Don’t miss this opportunity to establish yourself in a highly connected industrial zone.

- 2 mins from GNT Road
- 24/7 Security
- Solar lights on Road
- Suitable for immediate construction
- CCTV Surveillance
- Upto 80% bank loan available
- Hassle Free EB
- Zero water logging


Don't miss out—invest now in DMR Landz Infinity and build your future today!",http://fb.me/ || http://fb.me/ || http://fb.me/,,Get Quote || Get Quote || Get Quote,Original: https://scontent.fjai6-1.fna.fbcdn.net/v/t39.35426-6/679370157_988531760189769_348733304271552268_n.jpg?_nc_cat=105&ccb=1-7&_nc_sid=c53f8f&_nc_ohc=8dd0NYdhJJkQ7kNvwGoJVEy&_nc_oc=AdrmSjwIOXpD81c3iax0jE9xMNCK1KUQxCTqCoGYZQBrRwA7hehWlnvSKDh-FvTewdRembkDrvqt3PlHu4RiHqu1&_nc_zt=14&_nc_ht=scontent.fjai6-1.fna&_nc_gid=g9nt7hnMnI9hQO3cN9t-YA&_nc_ss=7b289&oh=00_Af81-OliLgXwptXEqU3fCiQA_IfjiyIgux_14MimChhrOg&oe=6A39B1DC | Resized: https://scontent.fjai6-1.fna.fbcdn.net/v/t39.35426-6/678646468_1362946565651022_2428068525535784104_n.jpg?stp=dst-jpg_s600x600_tt6&_nc_cat=105&ccb=1-7&_nc_sid=c53f8f&_nc_ohc=o1CZaO8gqjcQ7kNvwFxlMl_&_nc_oc=AdpbJYe8PM-Bm1nTCNNpZeCJ8OiIFiipKVT2VddstTk8TaZqN2QgIKHGiUxLMtX_OVb1uWRlBMvHCFIqN3kyBmpm&_nc_zt=14&_nc_ht=scontent.fjai6-1.fna&_nc_gid=g9nt7hnMnI9hQO3cN9t-YA&_nc_ss=7b289&oh=00_Af95dJTrW_S1kSjbi1ydSiiEKACyg2ZCwCjzC-Ws2MzYpg&oe=6A39B545 || Original: https://scontent.fjai6-1.fna.fbcdn.net/v/t39.35426-6/678266848_1491291929397173_7977841156481567161_n.jpg?_nc_cat=100&ccb=1-7&_nc_sid=c53f8f&_nc_ohc=Q4caTP6DBBUQ7kNvwGkQsMN&_nc_oc=AdqJD4cAAAOewVoY2Lk8lEH1VrzOylYwfvWfJOmI83f_q0Vtsrxob5N4vnPX8C_K-HiEF16kyeFIySJDx9dkoPS9&_nc_zt=14&_nc_ht=scontent.fjai6-1.fna&_nc_gid=g9nt7hnMnI9hQO3cN9t-YA&_nc_ss=7b289&oh=00_Af8DWPIHuXncqu5ane9x4fco5KoxJM7zbmPWkDP9O-3tOQ&oe=6A39AB94 | Resized: https://scontent.fjai6-1.fna.fbcdn.net/v/t39.35426-6/679530494_1471268248010936_5497779433620499113_n.jpg?stp=dst-jpg_s600x600_tt6&_nc_cat=110&ccb=1-7&_nc_sid=c53f8f&_nc_ohc=1QIv4JbCwGUQ7kNvwGT-z6H&_nc_oc=AdrDZzoN6kYBu94bLIWgH8VlESct6EnVYb_mMLUksEMrPIN7DMwx1K4LKT0207Vp4yjDJWMf1TBK5R3i8gOBl07Y&_nc_zt=14&_nc_ht=scontent.fjai6-1.fna&_nc_gid=g9nt7hnMnI9hQO3cN9t-YA&_nc_ss=7b289&oh=00_Af-cLbhD9xmyjIs94mfpeTJzvJC3VO41BM-3ke-KGCaS0Q&oe=6A39ABB6 || Original: https://scontent.fjai6-1.fna.fbcdn.net/v/t39.35426-6/679316314_1501864037947696_3554860867817968980_n.jpg?_nc_cat=101&ccb=1-7&_nc_sid=c53f8f&_nc_ohc=ckMp_Hrsg_AQ7kNvwEicXrW&_nc_oc=Adr4iCu2ig1kWpZy-d8AHi0Oz_SRY7DSMveQu1iGSPlfrNEE3dZ1tqhgbzNyViry1wD-LyVJYZZ07YrKwFe1-Lmd&_nc_zt=14&_nc_ht=scontent.fjai6-1.fna&_nc_gid=g9nt7hnMnI9hQO3cN9t-YA&_nc_ss=7b289&oh=00_Af9wQ6J6Hoq1DsjUm1gUlHYSEO2FY5oMLqloPN1UvzLI9Q&oe=6A3993FB | Resized: https://scontent.fjai6-1.fna.fbcdn.net/v/t39.35426-6/680256565_855797834199878_333186636058207461_n.jpg?stp=dst-jpg_s600x600_tt6&_nc_cat=106&ccb=1-7&_nc_sid=c53f8f&_nc_ohc=Ed4gtrWrMF4Q7kNvwFtGpQD&_nc_oc=Adq7x7x2Bdz0jO-HUn4DmlD_0_PZx57jQTd6yQX9LAKusqbV75of6bN4JeyhhmLMpg6jq4MeNgOWZSfeeBffccy1&_nc_zt=14&_nc_ht=scontent.fjai6-1.fna&_nc_gid=g9nt7hnMnI9hQO3cN9t-YA&_nc_ss=7b289&oh=00_Af9Rg5c2RWP-9e3Kj9Robu4vYSa7NBGdslmDWNjVfuDIpw&oe=6A3992EA,
1734449771202060,https://www.facebook.com/PSGroupRealty/,pslogisticspark.com,https://www.facebook.com/PSGroupRealty/,,,,,"+913367676726, 03335676726, +76757576560, 03367676700, 03340304030",,,,1161764063844369,https://pslogisticspark.com/?utm_source=meta&utm_medium=social&utm_campaign=PS_LeadGen_Interest_04042026&utm_id=701OX00000pqdRd,PS Group,https://www.facebook.com/ads/library/?id=1734449771202060,"Losing time and money due to inefficient warehouse setups?
Step into smarter logistics at ₹2.99 Cr on Kona Expressway.

PS Logistics Park brings scale, structure, and speed together—so your business runs without compromises.

✅ Large, efficient units with 17 ft clear height
✅ On-site workforce facilities for smoother ops
✅ 24×7 secure, compliant infrastructure
✅ Close to Kolkata’s key business hubs

Enquire now before availability tightens.
📞 +91 033 3567 6735",43113,Get quote,pslogisticspark.com,"FACEBOOK; INSTAGRAM; AUDIENCE_NETWORK; MESSENGER; THREADS",2026-06-17,2026-06-17,,,"Losing time and money due to inefficient warehouse setups?
Step into smarter logistics at ₹2.99 Cr on Kona Expressway.

PS Logistics Park brings scale, structure, and speed together—so your business runs without compromises.

✅ Large, efficient units with 17 ft clear height
✅ On-site workforce facilities for smoother ops
✅ 24×7 secure, compliant infrastructure
✅ Close to Kolkata’s key business hubs

Enquire now before availability tightens.
📞 +91 033 3567 6735 || Losing time and money due to inefficient warehouse setups?
Step into smarter logistics at ₹2.99 Cr on Kona Expressway.

PS Logistics Park brings scale, structure, and speed together—so your business runs without compromises.

✅ Large, efficient units with 17 ft clear height
✅ On-site workforce facilities for smoother ops
✅ 24×7 secure, compliant infrastructure
✅ Close to Kolkata’s key business hubs

Enquire now before availability tightens.
📞 +91 033 3567 6735 || Losing time and money due to inefficient warehouse setups?
Step into smarter logistics at ₹2.99 Cr on Kona Expressway.

PS Logistics Park brings scale, structure, and speed together—so your business runs without compromises.

✅ Large, efficient units with 17 ft clear height
✅ On-site workforce facilities for smoother ops
✅ 24×7 secure, compliant infrastructure
✅ Close to Kolkata’s key business hubs

Enquire now before availability tightens.
📞 +91 033 3567 6735",https://pslogisticspark.com/?utm_source=meta&utm_medium=social&utm_campaign=PS_LeadGen_Interest_04042026&utm_id=701OX00000pqdRd || https://pslogisticspark.com/?utm_source=meta&utm_medium=social&utm_campaign=PS_LeadGen_Interest_04042026&utm_id=701OX00000pqdRd || https://pslogisticspark.com/?utm_source=meta&utm_medium=social&utm_campaign=PS_LeadGen_Interest_04042026&utm_id=701OX00000pqdRd,,Get Quote || Get Quote || Get Quote,Original: https://scontent.fjai6-1.fna.fbcdn.net/v/t39.35426-6/726527187_932321279856781_5213412703119362776_n.jpg?_nc_cat=110&ccb=1-7&_nc_sid=c53f8f&_nc_ohc=dHnpjAPanUEQ7kNvwG7NQPh&_nc_oc=AdrRVfzIUQPeT8yGAxBUZtmlcJbtGXco7X0K3T6lwz2UZsxUfLlqXekVNPJd4CDtj8lndgtQprdd_4M62czY1QaG&_nc_zt=14&_nc_ht=scontent.fjai6-1.fna&_nc_gid=g9nt7hnMnI9hQO3cN9t-YA&_nc_ss=7b289&oh=00_Af_Q5TVmp5H2BKsVDmJUeBRnuIarTu17i6T0HiS33eJRKQ&oe=6A39BC7C | Resized: https://scontent.fjai6-1.fna.fbcdn.net/v/t39.35426-6/724560332_994883556635671_3247534640850754783_n.jpg?stp=dst-jpg_s600x600_tt6&_nc_cat=108&ccb=1-7&_nc_sid=c53f8f&_nc_ohc=QquC7RZSDiMQ7kNvwE3JJ_Y&_nc_oc=Ado2I94j7CSS131AG14DY-r5uvAZaLLnK9roq1m95nilWmFIxtN3mcRMrUjvTqBO785nmd5V2iNkbH1J7kaejMzw&_nc_zt=14&_nc_ht=scontent.fjai6-1.fna&_nc_gid=g9nt7hnMnI9hQO3cN9t-YA&_nc_ss=7b289&oh=00_Af8kAdJRtcOr7V72WxtNgyzYq9niHeP0PXCrT8LUQy8jPA&oe=6A39AFDB || Original: https://scontent.fjai6-1.fna.fbcdn.net/v/t39.35426-6/724560312_27162088360084880_8670907276780046186_n.jpg?_nc_cat=107&ccb=1-7&_nc_sid=c53f8f&_nc_ohc=O6veZwKILekQ7kNvwGEIhLE&_nc_oc=AdrRl-2jBRZoGh71y5dJ-510z2GzG6KZ_Nf9zAwlfLqNlNfGUY4taytExxSHFnlG1TLLIigUW8DPMS6G_EWerOyZ&_nc_zt=14&_nc_ht=scontent.fjai6-1.fna&_nc_gid=g9nt7hnMnI9hQO3cN9t-YA&_nc_ss=7b289&oh=00_Af-pkTEX2vMdBwAfGG3Q0Q_v_4FCK6hrvInc0UpzqrnJgA&oe=6A39B4EF | Resized: https://scontent.fjai6-1.fna.fbcdn.net/v/t39.35426-6/724541151_1019406210488463_6638339418266508170_n.jpg?stp=dst-jpg_s600x600_tt6&_nc_cat=107&ccb=1-7&_nc_sid=c53f8f&_nc_ohc=ag5HfGPds-UQ7kNvwFsrA9T&_nc_oc=AdoABKMWeG8yISkNQkj8XaROCwFW17oydDzG0FVtYOviEEjWOyGGywwAGq-pVcpqIkiTWIMYucNdkZMktltkQo1C&_nc_zt=14&_nc_ht=scontent.fjai6-1.fna&_nc_gid=g9nt7hnMnI9hQO3cN9t-YA&_nc_ss=7b289&oh=00_Af9VQ_8dgFLzXtbrJLC-DVeIwPhpsJ89JYgVYMEcVsPkVA&oe=6A39B093 || Original: https://scontent.fjai6-1.fna.fbcdn.net/v/t39.35426-6/724869920_1016382844185288_3164881607323803177_n.jpg?_nc_cat=102&ccb=1-7&_nc_sid=c53f8f&_nc_ohc=VZ-sRwwEnJYQ7kNvwFMznYg&_nc_oc=AdrR1diJoGTNySUsOsm964M6yJQvVOAHUm35JKVd-M2ruBakkwWWVcuZU9LomGqjb2ANcvZiLvGIgTjQjjc3tyMg&_nc_zt=14&_nc_ht=scontent.fjai6-1.fna&_nc_gid=g9nt7hnMnI9hQO3cN9t-YA&_nc_ss=7b289&oh=00_Af-CamDsZUwrRtxuUgtQb81rvxeWH4WpiUNHLkIY0aEbFQ&oe=6A399F06 | Resized: https://scontent.fjai6-1.fna.fbcdn.net/v/t39.35426-6/724720131_1219451806876643_1058157829467930688_n.jpg?stp=dst-jpg_s600x600_tt6&_nc_cat=111&ccb=1-7&_nc_sid=c53f8f&_nc_ohc=NbJ5p5SkJdQQ7kNvwHkTDQU&_nc_oc=AdoHK1kPSigLSoKKRq-SWReKHGFaRE_dtvOpIpKFzQw-hnuZH8BEM7afW61bnvzSJsdO-GMIhp6DLzRE-QTZ56Z4&_nc_zt=14&_nc_ht=scontent.fjai6-1.fna&_nc_gid=g9nt7hnMnI9hQO3cN9t-YA&_nc_ss=7b289&oh=00_Af8F-RWSWx1qAB_RKSG39l-vcWU4msE1aWJybT24YtSZMw&oe=6A39B7D1,