Ad Archive ID,Page Profile URI,Website URL,Facebook,Instagram,TikTok,YouTube,Email,Phone,Twitter,LinkedIn,Pinterest,Page ID,Link URL,Page Name,Facebook AD URL,Body Text,Page Like Count,CTA Text,Content (Caption),Publisher Platform,Start Date,End Date,Videos,Images,Cards Body,Cards Link URL,Cards Caption,Cards CTA Text,Cards Images,Cards Videos
1967443393877167,https://www.facebook.com/61584383546817/,,https://www.facebook.com/61584383546817/,,,,sitararesortbhopal@gmail.com,+91 83700 99426,,,,817324541475092,,Sitara Palace And Resort,https://www.facebook.com/ads/library/?id=1967443393877167,"The luxury escape you deserve is here. 🌴✨ Private, peaceful, and absolutely stunning. Discover Sitara Palace and Resort—your little Bali in Bhojpur.#sitara #luxurylifestyle #LuxuryResort #GetawayGoal #StaycationIndia LuxuryTravel ResortLife TravelDiaries PrivateVilla WeekendEscape",15,,,"FACEBOOK; INSTAGRAM; AUDIENCE_NETWORK; WHATSAPP; THREADS",2026-06-07,2026-06-17,HD: https://video.fjai6-1.fna.fbcdn.net/o1/v/t2/f2/m367/AQO_7S-7UrxG_mGlNCQgaOgckwUZsPluo-eRXDAF3qsAgQjke40nkncbxRVinkhMjRG7M498c4sSnfejIsEcdimGxfOkuJHswrALl1c7Vw.mp4?_nc_cat=104&_nc_oc=Adp1dGaE9e1RoqzB-D-lDY7m3LwpXzJqw5MTEDgbmpSYvSQfMrUHm8_ipG_iglwEcS02IB9tQ4uGywRlVPg-0Rgo&_nc_sid=ef5aa3&_nc_ht=video.fjai6-1.fna.fbcdn.net&_nc_ohc=g-xTHQL3lcAQ7kNvwEpipHf&efg=eyJ2ZW5jb2RlX3RhZyI6Inhwdl9wcm9ncmVzc2l2ZS5WSV9VU0VDQVNFX1BST0RVQ1RfVFlQRS4uQzMuNzIwLnByb2dyZXNzaXZlX2gyNjQtYmFzaWMtZ2VuMl83MjBwIiwieHB2X2Fzc2V0X2lkIjoxNzM2MDM3NjI0NDIyNDkxLCJhc3NldF9hZ2VfZGF5cyI6MTAsInZpX3VzZWNhc2VfaWQiOjEwMDk5LCJkdXJhdGlvbl9zIjo1NywidXJsZ2VuX3NvdXJjZSI6Ind3dyJ9&ccb=17-1&_nc_gid=K1oWTlRozxxnD5xR7Jxp6g&_nc_ss=7b289&_nc_zt=28&oh=00_Af-kAON57i153AczAKvwkcc4Tu_HL9cpjt86Mwjv5MbdAQ&oe=6A3848CA | SD: https://video.fjai6-1.fna.fbcdn.net/o1/v/t2/f2/m367/AQPGtHXsAnxcbMVmrzYJfJ-xX1L09IaMX2_ShTMfF44pW0TDzPstYizAnRG83WozI7RWXgm3zUioJ47IOztHiEzzTQ2A-lZVUwokf6p-DA.mp4?_nc_cat=105&_nc_oc=AdoZ5Q2Xk_4FPWAiAhg07d9_gtU7ZS5NA_SNg-5vTmuTFiTdwTSNg1TXpceE51R0BdEi5ye3He8t_0j85nOazYLV&_nc_sid=ef5aa3&_nc_ht=video.fjai6-1.fna.fbcdn.net&_nc_ohc=hz4NJp5yqbUQ7kNvwGhD4JH&efg=eyJ2ZW5jb2RlX3RhZyI6Inhwdl9wcm9ncmVzc2l2ZS5WSV9VU0VDQVNFX1BST0RVQ1RfVFlQRS4uQzMuMzYwLnByb2dyZXNzaXZlX2gyNjQtYmFzaWMtZ2VuMl8zNjBwIiwieHB2X2Fzc2V0X2lkIjoxNzM2MDM3NjI0NDIyNDkxLCJhc3NldF9hZ2VfZGF5cyI6MTAsInZpX3VzZWNhc2VfaWQiOjEwMDk5LCJkdXJhdGlvbl9zIjo1NywidXJsZ2VuX3NvdXJjZSI6Ind3dyJ9&ccb=17-1&_nc_gid=K1oWTlRozxxnD5xR7Jxp6g&_nc_ss=7b289&_nc_zt=28&oh=00_Af8TIt-ff0fEWL8I1Xcx2HSyZat8rEUrOWz22j6qn3alRg&oe=6A3844C5 | Preview: https://scontent.fjai6-1.fna.fbcdn.net/v/t39.35426-6/718076636_1664479084812014_5461646735681426896_n.jpg?_nc_cat=109&ccb=1-7&_nc_sid=c53f8f&_nc_ohc=AXBmwko-Rp4Q7kNvwGGNp0_&_nc_oc=AdoizJko5bpswqAtMGIDX8JJOGbKc7KAE58c9nrnMsv8nfX1gdyjQV6oriLJ_CxOe0BzA_AYhHPOLzzakYXlW3iV&_nc_zt=14&_nc_ht=scontent.fjai6-1.fna&_nc_gid=K1oWTlRozxxnD5xR7Jxp6g&_nc_ss=7b289&oh=00_Af9nTo1oWijSOQR1CEEg0GG0hJxGZALtpXHAx8tnbWQ3PQ&oe=6A385C1F,,,,,,,
26768222546107009,https://www.facebook.com/Indiaresidential/,fb.me,https://www.facebook.com/Indiaresidential/,,,,sales@indiaresidential.com,+91 88256 86571,,,,100176175954637,http://fb.me/,India Residential,https://www.facebook.com/ads/library/?id=26768222546107009,"Luxury Villas and Plots For Sale In PORUR "" 088256 86571 Affordable Residential Plots for Sale in PORUR, Chennai Own Your Dream Plots Hurry Up For the Early Bird Offers!!!
 👉Total Units: 120
 👉Plot Price: ₹ 8999 per sq. ft.
 👉Price Range: ₹ 99 00 L – ₹ 120.00 L",2340,Sign up,fb.me,"FACEBOOK; INSTAGRAM; AUDIENCE_NETWORK",2026-04-23,2026-06-17,,Original: https://scontent.fjai6-1.fna.fbcdn.net/v/t39.35426-6/506435602_1241524944429440_9200240018291064769_n.jpg?_nc_cat=108&ccb=1-7&_nc_sid=c53f8f&_nc_ohc=zTjzDV5gVksQ7kNvwGCFPFY&_nc_oc=Adr9ncqj_7iJqZBAHI7q8ji_bcHhxb_oNp0pNfDD9spS0jZPrPbKZkb07gloPF40GrEmke2psfRSPcnCM18l5_DD&_nc_zt=14&_nc_ht=scontent.fjai6-1.fna&_nc_gid=K1oWTlRozxxnD5xR7Jxp6g&_nc_ss=7b289&oh=00_Af_puZQNh3hzZJK8SxR-pZ5Mix5uKH4aYMYRM53xgk_jAA&oe=6A383664 | Resized: https://scontent.fjai6-1.fna.fbcdn.net/v/t39.35426-6/506679536_678429282020737_3580202209509828903_n.jpg?stp=dst-jpg_s600x600_tt6&_nc_cat=103&ccb=1-7&_nc_sid=c53f8f&_nc_ohc=_KF2Ohu9MOoQ7kNvwHfMEfh&_nc_oc=AdqfN2pH0v1PqVI2DyriS-YFpuwvnF6Gkk7wEKSn26qRD8NxYR8ffxJpzlrDeLgmgX7IYL6uevYBtCgT9gXm2jTS&_nc_zt=14&_nc_ht=scontent.fjai6-1.fna&_nc_gid=K1oWTlRozxxnD5xR7Jxp6g&_nc_ss=7b289&oh=00_Af-9h8NkSa586qsRp-A47OQFitfE_fO45aZcNAdYlgJJsA&oe=6A385DBA,,,,,,
1227823456094416,https://www.facebook.com/theopulencehomestays/,instagram.com,https://www.facebook.com/theopulencehomestays/,http://instagram.com/theopulencehomestays,,,animesh.garg2008@gmail.com,+91 98888 83130,,,,384359404750886,http://instagram.com/theopulencehomestays,The Opulence Homestays,https://www.facebook.com/ads/library/?id=1227823456094416,"Why choose The Opulence?
Because not every stay is made for you. ✨

From luxury villas in Goa to peaceful Himachal escapes & premium city stays, every Opulence property is designed for privacy, comfort & unforgettable experiences. 🌴🏔️

Not crowded. Not ordinary. Just your kind of luxury.

Book your stay now at +91-98888-83130 | +91-82838-40342
🌐 theopulence.co.in

#TheOpulencehomestays #luxuryhomestays #stayinstyle #luxurytravelindia #villaexperience",463,Visit Instagram profile,instagram.com,"FACEBOOK; INSTAGRAM",2026-04-13,2026-06-17,HD: https://video.fjai6-1.fna.fbcdn.net/o1/v/t2/f2/m367/AQPa-M7XiOn83HDceYF4mdCsSx_DYK31_nP_bcfLTHl99Q3NF1e5lbeed5g1k59itrJEqB4d4a0oqZkMnnHu1SiowqGM9mE41PNkusXbIw.mp4?_nc_cat=105&_nc_oc=Adrn3324aX83QM3PFCKxenh8yRcAUi6f9YVPNrUWAtZw0cp4zhl4z9IiWTY08N5W5srAWTyCnamy-UylCDIjJZ5B&_nc_sid=ef5aa3&_nc_ht=video.fjai6-1.fna.fbcdn.net&_nc_ohc=XmWyHmmmhVEQ7kNvwFQJq5o&efg=eyJ2ZW5jb2RlX3RhZyI6Inhwdl9wcm9ncmVzc2l2ZS5WSV9VU0VDQVNFX1BST0RVQ1RfVFlQRS4uQzMuNzIwLnByb2dyZXNzaXZlX2gyNjQtYmFzaWMtZ2VuMl83MjBwIiwieHB2X2Fzc2V0X2lkIjoxNzk1MjQ0OTA5NDEwNzA5OCwiYXNzZXRfYWdlX2RheXMiOjkwLCJ2aV91c2VjYXNlX2lkIjoxMDA5OSwiZHVyYXRpb25fcyI6NDgsInVybGdlbl9zb3VyY2UiOiJ3d3cifQ%3D%3D&ccb=17-1&_nc_gid=K1oWTlRozxxnD5xR7Jxp6g&_nc_ss=7b289&_nc_zt=28&oh=00_Af_GYGjsElMT4uc2_gKhZNd2_IWsjVVPKHiLnb33UdouAQ&oe=6A3857C9 | SD: https://video.fjai6-1.fna.fbcdn.net/o1/v/t2/f2/m367/AQPUKawW85-ZLmrEjAyYpCPdviPlZ1hcAm0jXXfNjut_fGqJJTx6DMLTvnRQBI_X5VLiCXTJHEhCfTcXsycat8pjWo0GfkIsX7NONxqaNw.mp4?_nc_cat=101&_nc_oc=AdoI6ShMCXF-louJ7m60GoJ1m9slDT25mIVb3y-TB7sYiLW0dzah8h3k9yGS36RZN3o5bunscxfkBNjdEvrk3qRX&_nc_sid=ef5aa3&_nc_ht=video.fjai6-1.fna.fbcdn.net&_nc_ohc=-nBi9YfInjoQ7kNvwFP1_an&efg=eyJ2ZW5jb2RlX3RhZyI6Inhwdl9wcm9ncmVzc2l2ZS5WSV9VU0VDQVNFX1BST0RVQ1RfVFlQRS4uQzMuMzYwLnByb2dyZXNzaXZlX2gyNjQtYmFzaWMtZ2VuMl8zNjBwIiwieHB2X2Fzc2V0X2lkIjoxNzk1MjQ0OTA5NDEwNzA5OCwiYXNzZXRfYWdlX2RheXMiOjkwLCJ2aV91c2VjYXNlX2lkIjoxMDA5OSwiZHVyYXRpb25fcyI6NDgsInVybGdlbl9zb3VyY2UiOiJ3d3cifQ%3D%3D&ccb=17-1&_nc_gid=K1oWTlRozxxnD5xR7Jxp6g&_nc_ss=7b289&_nc_zt=28&oh=00_Af8uAH_bVnwv8dE155KVfgxHlmZ3lm2GjPl6JWbmN2GPKQ&oe=6A384951 | Preview: https://scontent.fjai6-1.fna.fbcdn.net/v/t39.35426-6/671166595_1513588176820661_4800143952491720189_n.jpg?_nc_cat=107&ccb=1-7&_nc_sid=c53f8f&_nc_ohc=BZj4JKFYpigQ7kNvwGyaVR3&_nc_oc=Ado9nIkrc7M25WTlRk4tXlKg44oxgxaM_6xb-YTDkAMwWAdentd93aactjD6wjJZuODukvtfFOMwi3ceiknOelZS&_nc_zt=14&_nc_ht=scontent.fjai6-1.fna&_nc_gid=K1oWTlRozxxnD5xR7Jxp6g&_nc_ss=7b289&oh=00_Af95D_O1xdH_0b0HoFjdJUCzAaKyHDfV5y07Z4f5tQaV1g&oe=6A384B96,,,,,,,
1205197368409026,https://www.facebook.com/AcronIndia/,fb.me,https://www.facebook.com/AcronIndia/,,,,sales@acronindia.com,+91 99229 07667,,,,174723029232825,http://fb.me/,Acron Luxury Homes Goa,https://www.facebook.com/ads/library/?id=1205197368409026,"Acron is proud to present Acron Quinta d’Oliveira, our latest premium villa development in the charming
village near Moira in North Goa.
These 3BHK Villas have an appealing blend of art decor and Iberian-style elevations.
Price starting from ₹ 4.5 Crores.

Why do buyers choose Quinta d’Oliveira Villas?

• Natural ambience and peaceful village setting
• 5 mins away from Mapusa market
• Only 30 mins away from Mopa Airport
• Each villa has a wide verandah on the ground floor and a covered carport with a sun deck above it.
• Professionally landscaped gardens
• Paved internal pathways and driveways
• Private plunge pool

Call or WhatsApp us at +91 855 098 7667 to book a visit.
Developers build houses but Acron gives you a home.",16464,Learn more,fb.me,"FACEBOOK; INSTAGRAM; AUDIENCE_NETWORK",2025-11-19,2026-06-16,,,"Acron is proud to present Acron Quinta d’Oliveira, our latest premium villa development in the charming
village near Moira in North Goa.
These 3BHK Villas have an appealing blend of art decor and Iberian-style elevations.
Price starting from ₹ 4.5 Crores.

Why do buyers choose Quinta d’Oliveira Villas?

• Natural ambience and peaceful village setting
• 5 mins away from Mapusa market
• Only 30 mins away from Mopa Airport
• Each villa has a wide verandah on the ground floor and a covered carport with a sun deck above it.
• Professionally landscaped gardens
• Paved internal pathways and driveways
• Private plunge pool

Call or WhatsApp us at +91 855 098 7667 to book a visit.
Developers build houses but Acron gives you a home. || Acron is proud to present Acron Quinta d’Oliveira, our latest premium villa development in the charming
village near Moira in North Goa.
These 3BHK Villas have an appealing blend of art decor and Iberian-style elevations.
Price starting from ₹ 4.5 Crores.

Why do buyers choose Quinta d’Oliveira Villas?

• Natural ambience and peaceful village setting
• 5 mins away from Mapusa market
• Only 30 mins away from Mopa Airport
• Each villa has a wide verandah on the ground floor and a covered carport with a sun deck above it.
• Professionally landscaped gardens
• Paved internal pathways and driveways
• Private plunge pool

Call or WhatsApp us at +91 855 098 7667 to book a visit.
Developers build houses but Acron gives you a home.",http://fb.me/ || http://fb.me/,,Learn More || Learn More,Original: https://scontent.fjai6-1.fna.fbcdn.net/v/t39.35426-6/583341695_1923601988220146_5295108845573454057_n.jpg?_nc_cat=110&ccb=1-7&_nc_sid=c53f8f&_nc_ohc=kUkzoNV6sEYQ7kNvwHR0wJs&_nc_oc=AdpGi6i8c3RQqIRYKjdUoi3wQ8KZaMacp9bygyqfByZEyy8G-gxXaitdKxFg_Cyn6oh_194mVU8nb_Uys6Arixzv&_nc_zt=14&_nc_ht=scontent.fjai6-1.fna&_nc_gid=Hq_W1yfLFTkM6ZKAdmdn9w&_nc_ss=7b289&oh=00_Af8F4zTmnpdmyxFn56XxVLD7VkgUMW8yZe-x7CheW1tAnA&oe=6A385D3A | Resized: https://scontent.fjai6-1.fna.fbcdn.net/v/t39.35426-6/583336870_904579011895598_8043377550713257314_n.jpg?stp=dst-jpg_s600x600_tt6&_nc_cat=102&ccb=1-7&_nc_sid=c53f8f&_nc_ohc=nccYC3Ws0msQ7kNvwGAKIBZ&_nc_oc=AdqmA4xZP6g3Uojt9WZ5hXzSxSYzpflmJfhh4y_uEfVxag9cHKgONrSM0a703H19-C0OWcgA5df5TIRAaRvP3To0&_nc_zt=14&_nc_ht=scontent.fjai6-1.fna&_nc_gid=Hq_W1yfLFTkM6ZKAdmdn9w&_nc_ss=7b289&oh=00_Af8QPpQvqYLeR6v-qLu5Fp5bXTUcVE7IPx5kcj18kQ6PWQ&oe=6A385F73 || Original: https://scontent.fjai6-1.fna.fbcdn.net/v/t39.35426-6/585348714_869451312089294_3159522328767118506_n.jpg?_nc_cat=102&ccb=1-7&_nc_sid=c53f8f&_nc_ohc=H5INnQoLhzIQ7kNvwGzUQwh&_nc_oc=AdobmZpmL0wTAjDewgsnw2bjdG6HfTS0Kqr0tkjgVe_7cyQ5Y8EwDSPu8xslLfrp8ml-1Zzp_lMeOcMAhzdo4QwV&_nc_zt=14&_nc_ht=scontent.fjai6-1.fna&_nc_gid=Hq_W1yfLFTkM6ZKAdmdn9w&_nc_ss=7b289&oh=00_Af_v_88s0e6KcgBm4xYK2AiCeu_7HHigdGw_4o6SvdKzrQ&oe=6A385050 | Resized: https://scontent.fjai6-1.fna.fbcdn.net/v/t39.35426-6/585550971_1043926104498281_8641606964017405837_n.jpg?stp=dst-jpg_s600x600_tt6&_nc_cat=106&ccb=1-7&_nc_sid=c53f8f&_nc_ohc=v_G3Jbpltm4Q7kNvwEi_HkL&_nc_oc=Ado-7LGfVBflIzpl5AJJcRq5zt3PFAJ74TzZMITs3I4SFCcuLNlj6Pi5VzKE5YBpKaFlbt_Zcue_jxsEf1xMaECE&_nc_zt=14&_nc_ht=scontent.fjai6-1.fna&_nc_gid=Hq_W1yfLFTkM6ZKAdmdn9w&_nc_ss=7b289&oh=00_Af81OT-wWJN635qazSi9ScDjQEAbQJ2Tmbt7ZgbwgMNhdg&oe=6A386126,
1954931468470552,https://www.facebook.com/hallmarkfloresta/,fb.me,https://www.facebook.com/hallmarkfloresta/,,,,kishore.s@hallmarkbuilders.in,+91 88866 78859,,,,736386149560566,http://fb.me/,Hallmark Floresta,https://www.facebook.com/ads/library/?id=1954931468470552,"Hallmark Floresta isn’t just another villa project — it’s the only luxury community near Patancheru with a forever-green backdrop of 3,000+ acres of ICRISAT fields. Just minutes from ORR and Hyderabad’s Financial District, yet miles away from the chaos, this is where luxury meets clean air and uninterrupted views for life.",35,Get quote,fb.me,"FACEBOOK; INSTAGRAM",2026-05-14,2026-06-17,,,"Hallmark Floresta isn’t just another villa project — it’s the only luxury community near Patancheru with a forever-green backdrop of 3,000+ acres of ICRISAT fields. Just minutes from ORR and Hyderabad’s Financial District, yet miles away from the chaos, this is where luxury meets clean air and uninterrupted views for life. || Hallmark Floresta isn’t just another villa project — it’s the only luxury community near Patancheru with a forever-green backdrop of 3,000+ acres of ICRISAT fields. Just minutes from ORR and Hyderabad’s Financial District, yet miles away from the chaos, this is where luxury meets clean air and uninterrupted views for life. || Hallmark Floresta isn’t just another villa project — it’s the only luxury community near Patancheru with a forever-green backdrop of 3,000+ acres of ICRISAT fields. Just minutes from ORR and Hyderabad’s Financial District, yet miles away from the chaos, this is where luxury meets clean air and uninterrupted views for life.",http://fb.me/ || http://fb.me/ || http://fb.me/,,Get Quote || Get Quote || Get Quote,Original: https://scontent.fjai6-1.fna.fbcdn.net/v/t39.35426-6/682885869_1991181611524856_3775560837139068253_n.jpg?_nc_cat=110&ccb=1-7&_nc_sid=c53f8f&_nc_ohc=eirA35osnVYQ7kNvwH-PoV2&_nc_oc=AdqMgO5uorVOxVC4QgI66E_Zto9uPGB4H2ve_wYdIisqzCvglWW_Hl0Y2Qy1wO-79FNSmT3kZapM95tEkhYWUXVr&_nc_zt=14&_nc_ht=scontent.fjai6-1.fna&_nc_gid=X3QfLKTEM6tzCNWJt-JVtA&_nc_ss=7b289&oh=00_Af_lRX1UhMDevacFTR_pa0-qdtdZg1DiHPD2UUcyc6_3Pg&oe=6A3834E9 | Resized: https://scontent.fjai6-1.fna.fbcdn.net/v/t39.35426-6/684531460_1965161937454127_8520804441659728793_n.jpg?stp=dst-jpg_s600x600_tt6&_nc_cat=104&ccb=1-7&_nc_sid=c53f8f&_nc_ohc=YY9qO1nU4-EQ7kNvwHCoL_S&_nc_oc=AdrMIBqY9fjKbvcBGvkXkS-S0_1B6b95rbo2t3uQleud60HiQiIplB_IbHW65hh33EVIhQlEBr9RXcTfWi__eBdT&_nc_zt=14&_nc_ht=scontent.fjai6-1.fna&_nc_gid=X3QfLKTEM6tzCNWJt-JVtA&_nc_ss=7b289&oh=00_Af-37s8ij2PcONI4lWr8irXw1unESNTV2rm_dJRDX3JMOg&oe=6A385975 || Original: https://scontent.fjai6-1.fna.fbcdn.net/v/t39.35426-6/683729690_1509156347403681_2938040324228875479_n.jpg?_nc_cat=110&ccb=1-7&_nc_sid=c53f8f&_nc_ohc=FlGV677dp6sQ7kNvwF6sRHE&_nc_oc=AdogwOCJfTZTsyu9IrGfiy3Y3X5cHb-Y8kXJZqqsJqKNLK909YHFhi2bwU9ozRS_kRKwRfwK1RZT1TK_sK94Miry&_nc_zt=14&_nc_ht=scontent.fjai6-1.fna&_nc_gid=X3QfLKTEM6tzCNWJt-JVtA&_nc_ss=7b289&oh=00_Af8kc-rWlx0raydx2q1x8_aAsTj3Wr_77-NqmLYdYgaGqA&oe=6A385B4E | Resized: https://scontent.fjai6-1.fna.fbcdn.net/v/t39.35426-6/684472074_3883109008651099_3166559870152050756_n.jpg?stp=dst-jpg_s600x600_tt6&_nc_cat=105&ccb=1-7&_nc_sid=c53f8f&_nc_ohc=3pFdLqALeQkQ7kNvwGQ9G01&_nc_oc=Adrh5m0F_rnqoyzxDEX8e2JvmHICYtGrjloGQRFY-FNm-lHpHw5PsgoOAzfZpDiOMSno8IwZCTwbBDlnORFTYnsl&_nc_zt=14&_nc_ht=scontent.fjai6-1.fna&_nc_gid=X3QfLKTEM6tzCNWJt-JVtA&_nc_ss=7b289&oh=00_Af9kK79PF1mNTl-h50-kbps-dwsKMBZpGMXWsjv1JPob9w&oe=6A38371B || Original: https://scontent.fjai6-1.fna.fbcdn.net/v/t39.35426-6/683536364_949441931173512_3005928023519261753_n.jpg?_nc_cat=110&ccb=1-7&_nc_sid=c53f8f&_nc_ohc=oziYaR_kFU0Q7kNvwHm7Iyr&_nc_oc=AdraA8FYtp6vYBIF4J3fZb6NtzKZIz6X9upWyATEUt5A6eRcZFHULvGTb3UAxjlRoEmbLvSLqKQkaBslObo0yMEU&_nc_zt=14&_nc_ht=scontent.fjai6-1.fna&_nc_gid=X3QfLKTEM6tzCNWJt-JVtA&_nc_ss=7b289&oh=00_Af8IKMB279pUgQUt4muBzyS9H6mOVApSbBNXA5jyZsS8dw&oe=6A38615D | Resized: https://scontent.fjai6-1.fna.fbcdn.net/v/t39.35426-6/684673020_1313846823931124_3686939572155601202_n.jpg?stp=dst-jpg_s600x600_tt6&_nc_cat=107&ccb=1-7&_nc_sid=c53f8f&_nc_ohc=zIvzcbsbX8oQ7kNvwGZbo8F&_nc_oc=AdrfNwkytpVuf8LK_JovTB2iw575rQ9WEmZEwNPm0s18y6jS7klo3YDHy7jDWkQz1yJTQxIWBzpTsvEQtD-F4udy&_nc_zt=14&_nc_ht=scontent.fjai6-1.fna&_nc_gid=X3QfLKTEM6tzCNWJt-JVtA&_nc_ss=7b289&oh=00_Af9F9lWwSyuqCAHMcWA7RY3DSHRraBqQdsCsd-EDiUQr3w&oe=6A385249,
1451066936339034,https://www.facebook.com/SarithaDeveloperss/,fb.me,https://www.facebook.com/SarithaDeveloperss/,,,,sales@sarithadevelopers.com,+91 70269 98822,,,,509419235930337,http://fb.me/,Saritha Developers,https://www.facebook.com/ads/library/?id=1451066936339034,4 BHK Villas @2.90 Cr* | 15 min from Whitefield.,1680,Learn more,fb.me,"FACEBOOK; INSTAGRAM",2026-05-07,2026-06-17,,Original: https://scontent.fjai6-1.fna.fbcdn.net/v/t39.35426-6/689735033_972576078473859_3068879325729379806_n.jpg?_nc_cat=109&ccb=1-7&_nc_sid=c53f8f&_nc_ohc=U-PurcDj__gQ7kNvwHCBnMg&_nc_oc=AdrKOLKguXqOTkTNCX0I0W2narJIQD1vQ5rmzlxedM5fFVyNJ2LWMJ0Q7y284nWNomU_dXCTTHNlvNOQzLo9giV7&_nc_zt=14&_nc_ht=scontent.fjai6-1.fna&_nc_gid=4XMb5Y7JhxkKLZmyOg2gTA&_nc_ss=7b289&oh=00_Af_RvrGJQFl_efjqXBM-GOu5MgVp-U4qPohykcxxQ82P5w&oe=6A384F58 | Resized: https://scontent.fjai6-1.fna.fbcdn.net/v/t39.35426-6/696269466_1351279810178756_8944563331142057183_n.jpg?stp=dst-jpg_s600x600_tt6&_nc_cat=105&ccb=1-7&_nc_sid=c53f8f&_nc_ohc=K-N1zzsraqEQ7kNvwEpqFtQ&_nc_oc=Adq4KnnIiu-Qas_OgaVV0x_s4Jk7bxcfFLd4Cm0bdTR59uD-9phsJhbiGkCgQuVFxeoNg2-qc0CfEyI6zsk2rJq-&_nc_zt=14&_nc_ht=scontent.fjai6-1.fna&_nc_gid=4XMb5Y7JhxkKLZmyOg2gTA&_nc_ss=7b289&oh=00_Af8UAQ89zloKulqfI9pvXQscl8QqsL_znbG1xCjG20J0-g&oe=6A385E98,,,,,,
818091501033390,https://www.facebook.com/anasalifespaces/,instagram.com,https://www.facebook.com/anasalifespaces/,http://instagram.com/anasalifespaces,,,,,,,,104043122584624,http://instagram.com/anasalifespaces,ANASA Lifespaces,https://www.facebook.com/ads/library/?id=818091501033390,"Meet Shonan Purie Trehan, our architectural collborator since ANASA's inception. Together, we've been creating By The Hills in Assagao, By The Beach in Morjim, and By The Fields in Moira.

Great collborations happen when visions align, not when one party simply executes another's brief. From our first conversations, it became clear we were approaching luxury homes from the same philosophical place - architecture should serve life, not showcase ego.

Shonan brought two decades of proven excellence. Seven-time AD100 recognition. World Architecture Festival finalist-twice. 
A portfolio spanning continents, from 1600-bed hospitals to intimate cultural spaces. The kind of track record that doesn't need validation.

What made this collaboration work was mutual respect for what the other brings. Shonan's mastery of narrative-driven design that responds to context. ANASA's understanding of what families actually need in second homes. Her global architectural perspective meeting our deep knowledge of Goa's landscape and lifestyle.

The result is three projects that feel distinctly different because they respond to three distinct locations, yet share the same underlying intelligence. Architecture that honors Goa's heritage while refusing to be nostalgic. Homes built for how people actually live, not how developers think luxury should look.

This is what happens when an architect of Shonan's caliber and a developer with ANASA's vision collaborate as true partners.

Swipe to understand the force behind our architecture.

[ANASALifespaces, ShonanPurieTrehan, Labwerk, ByTheHills, ByTheBeach, ByTheFields, AD100Architect, IndianArchitecture, Goa, GoaArchitecture, LuxuryHomes, SecondHomes, Assagao, Morjim, Moira, GoaRealEstate, ContemporaryArchitecture, DesignExcellence, LuxuryVillas, TropicalArchitecture, BuildingExcellence]",98,Visit Instagram profile,instagram.com,INSTAGRAM,2026-05-13,2026-06-16,,,  ||   ||   ||   ||   ||  ,http://instagram.com/anasalifespaces || http://instagram.com/anasalifespaces || http://instagram.com/anasalifespaces || http://instagram.com/anasalifespaces || http://instagram.com/anasalifespaces || http://instagram.com/anasalifespaces,instagram.com || instagram.com || instagram.com || instagram.com || instagram.com || instagram.com,Visit Instagram Profile || Visit Instagram Profile || Visit Instagram Profile || Visit Instagram Profile || Visit Instagram Profile || Visit Instagram Profile,Original: https://scontent.fjai6-1.fna.fbcdn.net/v/t39.35426-6/699046326_1637371697512088_1492694776326060761_n.jpg?_nc_cat=101&ccb=1-7&_nc_sid=c53f8f&_nc_ohc=dDYZOxhhelsQ7kNvwGP_nOn&_nc_oc=AdoSeTenpJKJ1y2uYo7bYq2VHoYKCIigx-Ppu-Iqtt_b42TnSLNuZXEro7RCqywT8cAQKrJmXKYMoNGR-6S5iQhh&_nc_zt=14&_nc_ht=scontent.fjai6-1.fna&_nc_gid=2TtdiNgqeEZAoBtSmjl6yg&_nc_ss=7b289&oh=00_Af9XCb-sWwtq0I58AOolu0lUagFuLikU5_1ZV6xZ-ZaBnA&oe=6A384DC6 | Resized: https://scontent.fjai6-1.fna.fbcdn.net/v/t39.35426-6/693207684_811772381721461_7713277505094628212_n.jpg?stp=dst-jpg_s600x600_tt6&_nc_cat=102&ccb=1-7&_nc_sid=c53f8f&_nc_ohc=4M84gOfxiIsQ7kNvwHmkYFB&_nc_oc=AdrUEsUbPdDlCW4HPLQSD3CyQhyT6Z3WDu2O_pmpbvchPRqZWqb2E55agUFl5fXMdyF3eV06Fq2jCXPlqClsTXFl&_nc_zt=14&_nc_ht=scontent.fjai6-1.fna&_nc_gid=2TtdiNgqeEZAoBtSmjl6yg&_nc_ss=7b289&oh=00_Af8DgwWM8dSiXwPho3bA-8o3n43Fa_TQq5t11c9OFKnbAw&oe=6A384831 || Original: https://scontent.fjai6-1.fna.fbcdn.net/v/t39.35426-6/697439513_987820533648645_6631292525123389407_n.jpg?_nc_cat=105&ccb=1-7&_nc_sid=c53f8f&_nc_ohc=qdc3criCyN8Q7kNvwFNAl7Y&_nc_oc=AdpfvQFrIlVrSTzkpj_DpFQ17phRW4WKUZFzPqETSM8uU3Qum4avVS3XTFnpgY8NMdOkTEF38xeLrA307xae4adf&_nc_zt=14&_nc_ht=scontent.fjai6-1.fna&_nc_gid=2TtdiNgqeEZAoBtSmjl6yg&_nc_ss=7b289&oh=00_Af_8AnkZlq9buJP94EIkSXz3KZf6LXNh-ehZlKRz1MAMvg&oe=6A383623 | Resized: https://scontent.fjai6-1.fna.fbcdn.net/v/t39.35426-6/696422794_2026951004845140_6236924444752234537_n.jpg?stp=dst-jpg_s600x600_tt6&_nc_cat=101&ccb=1-7&_nc_sid=c53f8f&_nc_ohc=AMy7btWZ6CAQ7kNvwEzr3IY&_nc_oc=AdpCpVWEdNaQeAhSGKiHsUSE4vSb_utZ5yF1bax_8SLt-N87dqFdxLIc6f53kqJkrotgE3LRSOGVnXkdIhTAsZk5&_nc_zt=14&_nc_ht=scontent.fjai6-1.fna&_nc_gid=2TtdiNgqeEZAoBtSmjl6yg&_nc_ss=7b289&oh=00_Af_HlCYXtVjSqkCP7BigBjmlyefOJYuPXUuz93RD4KnrGA&oe=6A383648 || Original: https://scontent.fjai6-1.fna.fbcdn.net/v/t39.35426-6/699545328_27782334524689571_1855767837526736188_n.jpg?_nc_cat=105&ccb=1-7&_nc_sid=c53f8f&_nc_ohc=c-4dufLqJrgQ7kNvwHOaz27&_nc_oc=Adq_kRYrMZosjdi7UVT4MS29hsv2Fm94qrHpjSGuPv3jIIrhDV3kyRYUVbv_Ag8wF3vn18vkhFG6YiiNLAd8UmdC&_nc_zt=14&_nc_ht=scontent.fjai6-1.fna&_nc_gid=2TtdiNgqeEZAoBtSmjl6yg&_nc_ss=7b289&oh=00_Af93RV2G7YPxGe_ZMXf0axu7SCf4ffAW3Th7js1SssWRqQ&oe=6A385BA9 | Resized: https://scontent.fjai6-1.fna.fbcdn.net/v/t39.35426-6/696471760_983588911033986_5203060595397976887_n.jpg?stp=dst-jpg_s600x600_tt6&_nc_cat=109&ccb=1-7&_nc_sid=c53f8f&_nc_ohc=HE-jWtLvtOYQ7kNvwFYo8OW&_nc_oc=AdpNyXriNSPgo_ivL46gw8m6cqiuXAP4sR8yejbyL59cfiTDnldrI491XKOHE_oeDvuw-FhHK3rXMEA-5glM0MMa&_nc_zt=14&_nc_ht=scontent.fjai6-1.fna&_nc_gid=2TtdiNgqeEZAoBtSmjl6yg&_nc_ss=7b289&oh=00_Af__TZ-xHsJnrHpykgImAIeGsx5B-BzF25u2s5SEbi-6DA&oe=6A38466B || Original: https://scontent.fjai6-1.fna.fbcdn.net/v/t39.35426-6/697792876_1663173044624371_3717587496990333309_n.jpg?_nc_cat=111&ccb=1-7&_nc_sid=c53f8f&_nc_ohc=gZdtPYgJed8Q7kNvwHooMxE&_nc_oc=Adpgw-QkwiHYzgUU2eW492e4pVGFtnYUjgcaWgn7AbJjP3zNUIgkWs8Nwwx3QcPcdRs3fNyTxhO6PJ5L_TeKh8Ma&_nc_zt=14&_nc_ht=scontent.fjai6-1.fna&_nc_gid=2TtdiNgqeEZAoBtSmjl6yg&_nc_ss=7b289&oh=00_Af8YlIw42pHor9xwsJJzrm883eWXe7flNLevEXpDScubvw&oe=6A385587 | Resized: https://scontent.fjai6-1.fna.fbcdn.net/v/t39.35426-6/697166543_1525304558958939_1228117714250207956_n.jpg?stp=dst-jpg_s600x600_tt6&_nc_cat=105&ccb=1-7&_nc_sid=c53f8f&_nc_ohc=x5Ez9178ayIQ7kNvwHNC7Qf&_nc_oc=AdqA7jHX1a_eejD2QYAYuTW7ePirLHc7GQ4sLP7EqrsApC8H4V-XLVqv6V-qAUCd8icGPiBOm7u1gvVYw4R7wX2O&_nc_zt=14&_nc_ht=scontent.fjai6-1.fna&_nc_gid=2TtdiNgqeEZAoBtSmjl6yg&_nc_ss=7b289&oh=00_Af-7VGgcLpVtuUIg4UNoNFdSOtxzDHBVz3Xc5Py44K7n2Q&oe=6A3862DB || Original: https://scontent.fjai6-1.fna.fbcdn.net/v/t39.35426-6/698262088_880568585058414_540915455990665782_n.jpg?_nc_cat=110&ccb=1-7&_nc_sid=c53f8f&_nc_ohc=0dh1-vBUvEIQ7kNvwFsmkRc&_nc_oc=Adp1pWscgoHZpgPj_JtJubt8894NDft8htUvvB34So8XH81IleC8oBPlxZpQVebLvA0rGeTanr45MjbBg9R2Kt0o&_nc_zt=14&_nc_ht=scontent.fjai6-1.fna&_nc_gid=2TtdiNgqeEZAoBtSmjl6yg&_nc_ss=7b289&oh=00_Af8fcEKO0KZZEsmktnUt4fLrkvf7zEXoFkMmXAvv3qpHug&oe=6A384F42 | Resized: https://scontent.fjai6-1.fna.fbcdn.net/v/t39.35426-6/696282187_2123330421562364_8547516703066573774_n.jpg?stp=dst-jpg_s600x600_tt6&_nc_cat=105&ccb=1-7&_nc_sid=c53f8f&_nc_ohc=F281AtC7M1QQ7kNvwFttpSG&_nc_oc=AdpCIm1aGgbxjbtuMQcixAez4z3wIhqMpYzC8S7OLle1rCcAA_Rqy8hXDRGuD8foU4WkA1rCTNiQz1uhBdo-ij1F&_nc_zt=14&_nc_ht=scontent.fjai6-1.fna&_nc_gid=2TtdiNgqeEZAoBtSmjl6yg&_nc_ss=7b289&oh=00_Af_NFpYN7Se9ljmL7CcujMuQUi7LMXI54i0-JHthvryZmQ&oe=6A3837F1 || Original: https://scontent.fjai6-1.fna.fbcdn.net/v/t39.35426-6/696254554_1297696882427516_6448754868171851124_n.jpg?_nc_cat=106&ccb=1-7&_nc_sid=c53f8f&_nc_ohc=5nviWmXAlOwQ7kNvwHnht5V&_nc_oc=Adp8ju7tIW9p4q198AqnCIYE9F5walLNt0G8eT6vLoSIiyPCnuidKBCV4NV8qVvn_MuWMToOmIxmcUy3PtSj1JFK&_nc_zt=14&_nc_ht=scontent.fjai6-1.fna&_nc_gid=2TtdiNgqeEZAoBtSmjl6yg&_nc_ss=7b289&oh=00_Af-GpZjBckZ62Tzp1TVe9b9svNEqvOI-vhZWEkDy2VyhQw&oe=6A385024 | Resized: https://scontent.fjai6-1.fna.fbcdn.net/v/t39.35426-6/698999559_1325538676348663_2186403019867996888_n.jpg?stp=dst-jpg_s600x600_tt6&_nc_cat=104&ccb=1-7&_nc_sid=c53f8f&_nc_ohc=CZxgxXcgzTkQ7kNvwEuFNnO&_nc_oc=AdqCC_wodaM7S0ryjVK7eukmZfQ5OMry5mOdOJPDdwJ339mnUkpxqxjSxcS8tkKtS2RxnC13ekWbpWLh-F_78Maj&_nc_zt=14&_nc_ht=scontent.fjai6-1.fna&_nc_gid=2TtdiNgqeEZAoBtSmjl6yg&_nc_ss=7b289&oh=00_Af-klfiuAYFOhmmIeur62ug19EQPpn34z0SkJiQIzGuJ3A&oe=6A383BBF,
1494435338734012,https://www.facebook.com/vivahousing/,fb.me,https://www.facebook.com/vivahousing/,,,,viva.flats@gmail.com,+91 99626 11122,,,,104214954439506,http://fb.me/,Viva Housing,https://www.facebook.com/ads/library/?id=1494435338734012,"Upgrade To a Life of Space and Pride 
4BHK Individual Villa – Pallavaram

✔ Airport – 10 mins
✔ Premium elevation

Price : ₹1.38 Cr*

For Site Visit & Bookings
📞 +91 99626 11122",3079,Get quote,fb.me,"FACEBOOK; INSTAGRAM; AUDIENCE_NETWORK",2026-04-18,2026-06-17,,,"Upgrade To a Life of Space and Pride 
4BHK Individual Villa – Pallavaram

✔ Airport – 10 mins
✔ Premium elevation

Price : ₹1.38 Cr*

For Site Visit & Bookings
📞 +91 99626 11122 || Upgrade To a Life of Space and Pride 
4BHK Individual Villa – Pallavaram

✔ Airport – 10 mins
✔ Premium elevation

Price : ₹1.38 Cr*

For Site Visit & Bookings
📞 +91 99626 11122",http://fb.me/ || http://fb.me/,,Get Quote || Get Quote,Original: https://scontent.fjai6-1.fna.fbcdn.net/v/t39.35426-6/672683323_1489452739323460_1367465115014046473_n.jpg?_nc_cat=111&ccb=1-7&_nc_sid=c53f8f&_nc_ohc=bco8cpARSGIQ7kNvwF4HV7P&_nc_oc=Adr-VdjaDIU93E9MQOW2Qr1dqu7XtV0bdlX0H7aWR2n9vElO9m5W3aBxKtn88NSpBkGeNwkq3ua6rkrug-wzkZ4l&_nc_zt=14&_nc_ht=scontent.fjai6-1.fna&_nc_gid=2TtdiNgqeEZAoBtSmjl6yg&_nc_ss=7b289&oh=00_Af_-8EM2Y7HSJHNzyxtt-MU2JmV_W9TRfuVWjfh5QyZL9A&oe=6A384BEE | Resized: https://scontent.fjai6-1.fna.fbcdn.net/v/t39.35426-6/671304975_1507276727771105_5403709387637614710_n.jpg?stp=dst-jpg_s600x600_tt6&_nc_cat=110&ccb=1-7&_nc_sid=c53f8f&_nc_ohc=dpGYKBHpwGIQ7kNvwEbQxeM&_nc_oc=AdpsoELaifhQRH_bb5FU7qDnyDrxRt8yRrmnAkVq_-pLJaCZ480MG4TyKLYG5uV-eU3nDnKpDV0YYOdXjlGZlYJa&_nc_zt=14&_nc_ht=scontent.fjai6-1.fna&_nc_gid=2TtdiNgqeEZAoBtSmjl6yg&_nc_ss=7b289&oh=00_Af9SuTOHbQtirzhTdbcPFMpnsf75ZJCRpGuk124gdaQlNg&oe=6A3844EE || Original: https://scontent.fjai6-1.fna.fbcdn.net/v/t39.35426-6/676949232_1415040470304519_6716388206201348694_n.jpg?_nc_cat=100&ccb=1-7&_nc_sid=c53f8f&_nc_ohc=njNQhbwfNC8Q7kNvwFIbUkp&_nc_oc=AdrSuPBZh9F0L5xq3ke3Ip7Dx_zUKPRrnZ2yzyWktv30NbZ2IvQjAmY3BY4S5UlS_edK5PQTaj7tptiKgwyGDZl_&_nc_zt=14&_nc_ht=scontent.fjai6-1.fna&_nc_gid=2TtdiNgqeEZAoBtSmjl6yg&_nc_ss=7b289&oh=00_Af_1BV_MHJrYlwHKyXeVtYg_hqUSCafVqZstD7L1WCLQjw&oe=6A3853E1 | Resized: https://scontent.fjai6-1.fna.fbcdn.net/v/t39.35426-6/675240763_2787309258280102_134416964286957174_n.jpg?stp=dst-jpg_s600x600_tt6&_nc_cat=104&ccb=1-7&_nc_sid=c53f8f&_nc_ohc=IAqvRcES7E4Q7kNvwHggV8D&_nc_oc=AdoA6QABo0YW9T6LEa1TUxHIRGSp8dar0m1EuUIjTgy6w2f7cWWaOLkUMb6aKh7jrtkdt9cEMEPUz-pWTOvIwXgB&_nc_zt=14&_nc_ht=scontent.fjai6-1.fna&_nc_gid=2TtdiNgqeEZAoBtSmjl6yg&_nc_ss=7b289&oh=00_Af80Oew7VA8LyZi8_2M5fosUvWQxbAKHWj0O8urs_rm8yw&oe=6A3852B7,
1442838940634301,https://www.facebook.com/61578946735269/,api.whatsapp.com,https://www.facebook.com/61578946735269/,,,,,+91 79702 79703,,,,717424864786964,https://api.whatsapp.com/send,Advika Paradise,https://www.facebook.com/ads/library/?id=1442838940634301,"The Smartest Investment You’ll Ever Make!

Welcome to Advika Paradise, where every villa isn’t just a home — it’s a rising real estate asset in one of Jabalpur’s fastest-growing locations 🏡✨

✅ Starting From 95 Lakhs
✅ Premium 3 BHK Luxury Villas
✅ Prime Location – Just 300m from the LIC Building, Madan Mahal
✅ Gated Society with 24x7 Security & CCTV
✅ Modern Architecture, Modular Kitchen & Private Green Space

Whether you’re looking for a dream home or a profitable investment, Advika Paradise brings you the best of both worlds.

📞 Contact us at 75094 75093 
📲 DM us to schedule a site visit today!
📍Limited villas available! Book your site visit today & experience life at Advika Paradise.",186,Send WhatsApp message,api.whatsapp.com,"FACEBOOK; INSTAGRAM; AUDIENCE_NETWORK; MESSENGER; WHATSAPP",2026-03-24,2026-06-16,HD: https://video.fjai6-1.fna.fbcdn.net/o1/v/t2/f2/m366/AQMvLGdXjRrwppzpPDswbsT0uz5a-FbgUKvjNutlHYS9UU1JJaRrOPwY4QZrr1JExRkedwzD90tPT_7lMcY2AAGu1ZAeQu3CzR0ON5dbAUDsXQ.mp4?_nc_cat=106&_nc_oc=AdoWv5a0-t5YKvNDBgHZqAHwVQk4qD3iU7a4XeGoBrxU8_XzKbwqVOMMFi15GKyvbco0FyhXmwREwyce7ZhUA4Xa&_nc_sid=b66105&_nc_ht=video.fjai6-1.fna.fbcdn.net&_nc_ohc=2hyZ7kRmK8kQ7kNvwEzxpTY&efg=eyJ2ZW5jb2RlX3RhZyI6Inhwdl9wcm9ncmVzc2l2ZS5WSV9VU0VDQVNFX1BST0RVQ1RfVFlQRS4uQzMuNzIwLmRhc2hfaDI2NC1iYXNpYy1nZW4yXzcyMHAiLCJ4cHZfYXNzZXRfaWQiOjE4MjYyOTE2NzgwMzYwNzEsImFzc2V0X2FnZV9kYXlzIjo4NCwidmlfdXNlY2FzZV9pZCI6MTA3OTksImR1cmF0aW9uX3MiOjYyLCJ1cmxnZW5fc291cmNlIjoid3d3In0%3D&ccb=17-1&vs=979cb77677324dfa&_nc_vs=HBksFQIYRWZiX2VwaGVtZXJhbC8xMjQ0NEFDN0M5RDQ5QkRDQzI0NjU3RDFBRkNENTdCNV9tdF8xX3ZpZGVvX2Rhc2hpbml0Lm1wNBUAAsgBEgAVAhhAZmJfcGVybWFuZW50L0YwNEY1QTU2QUJCNTBCMjAwNzI0QkI0Qzk5OTk5MUI3X2F1ZGlvX2Rhc2hpbml0Lm1wNBUCAsgBEgAoABgAGwKIB3VzZV9vaWwBMRJwcm9ncmVzc2l2ZV9yZWNpcGUBMRUAACbOgc6rlcC-BhUCKAJDMywXQE9mZmZmZmYYGWRhc2hfaDI2NC1iYXNpYy1nZW4yXzcyMHARAHUAZd6oAQA&_nc_gid=2TtdiNgqeEZAoBtSmjl6yg&_nc_ss=7b289&_nc_zt=28&oh=00_Af_KgX2a8wMfXFxn8ecFw-dBYmRvUVXkA9rHbM8vv2We0A&oe=6A3856FE | SD: https://video.fjai6-1.fna.fbcdn.net/o1/v/t2/f2/m412/AQMTJ3JLSOan11T6jiUq2gRkZmlS4jk-v39QB3a7pWvpc8uMVdt-UxzaRF4mS7PRjhBnVGx0xl-dtyoIpiQCgA7eri6ZToVBp98ZfubeVw.mp4?_nc_cat=108&_nc_oc=AdrW0TEe937LPj0-xlKP_gVTfrjqHGPX0zJH3XYd0UJfYzMI8hUI_1LCHCfqpSEneMgsjho9M27Q8oiJ6IF_Fwgm&_nc_sid=ef5aa3&_nc_ht=video.fjai6-1.fna.fbcdn.net&_nc_ohc=1ATkgeHJsLUQ7kNvwGbskLY&efg=eyJ2ZW5jb2RlX3RhZyI6Inhwdl9wcm9ncmVzc2l2ZS5WSV9VU0VDQVNFX1BST0RVQ1RfVFlQRS4uQzMuMzYwLnN2ZV9zZCIsInhwdl9hc3NldF9pZCI6MTgyNjI5MTY3ODAzNjA3MSwiYXNzZXRfYWdlX2RheXMiOjg0LCJ2aV91c2VjYXNlX2lkIjoxMDc5OSwiZHVyYXRpb25fcyI6NjIsInVybGdlbl9zb3VyY2UiOiJ3d3cifQ%3D%3D&ccb=17-1&_nc_gid=2TtdiNgqeEZAoBtSmjl6yg&_nc_ss=7b289&_nc_zt=28&oh=00_Af9kFUkOUpK6b8N3lv23HhW73vHdb4TmeGnVGjWevdd37g&oe=6A383E72 | Preview: https://scontent.fjai6-1.fna.fbcdn.net/v/t39.35426-6/656051676_938254955260064_338057303869958350_n.jpg?_nc_cat=101&ccb=1-7&_nc_sid=c53f8f&_nc_ohc=c-qAKqgsk_IQ7kNvwH61ENr&_nc_oc=AdraTJpA-8N8_jez_efEx9augckaAvZC6vXRt1_nLc7d0qxBgUZR5YVK1bRFyTnhtd2KGpsPK12nb0QfpnPNUofM&_nc_zt=14&_nc_ht=scontent.fjai6-1.fna&_nc_gid=2TtdiNgqeEZAoBtSmjl6yg&_nc_ss=7b289&oh=00_Af-BLc07TZlB3H5HgNorVL7ugl0l3XeIr8QFZNOuNEeDpQ&oe=6A386508,,,,,,,
1964422437492553,https://www.facebook.com/61551907844053/,fb.me,https://www.facebook.com/61551907844053/,,,,sales@jambrungvalley.com,+91 96196 12858,,,,138445606020358,http://fb.me/,Jambrung Valley,https://www.facebook.com/ads/library/?id=1964422437492553,"Own a luxurious 3 & 4 BHK villa starting at ₹1.75 Cr* in Jambrung Valley  BY KSR — a peaceful escape designed for relaxing family getaways and strong long-term investment value.

3 & 4 BHK Villas starting at ₹1.75 Cr*

✅ 360° mountain views, lush green surroundings, and resort-style amenities for a healthier lifestyle.
✅ Modern conveniences: Reception Lounge, Dedicated Parking, Power Backup & more.
✅ Lifestyle amenities: Infinity Pool, White Noise Therapy Zone, Tree House & Jungle Gym, Fruit Orchard & Butterfly Garden, Meditation Corner, Reflexology Pathway.
✅ Experience premium living in Karjat with nature-surrounded luxury villas in a gated, RERA-approved community.

RERA No.: P52000052903
📞 Book your Free Site Visit today!",2310,Book now,fb.me,"FACEBOOK; INSTAGRAM",2026-04-14,2026-06-16,,,"Own a luxurious 3 & 4 BHK villa starting at ₹1.75 Cr* in Jambrung Valley  BY KSR — a peaceful escape designed for relaxing family getaways and strong long-term investment value.

3 & 4 BHK Villas starting at ₹1.75 Cr*

✅ 360° mountain views, lush green surroundings, and resort-style amenities for a healthier lifestyle.
✅ Modern conveniences: Reception Lounge, Dedicated Parking, Power Backup & more.
✅ Lifestyle amenities: Infinity Pool, White Noise Therapy Zone, Tree House & Jungle Gym, Fruit Orchard & Butterfly Garden, Meditation Corner, Reflexology Pathway.
✅ Experience premium living in Karjat with nature-surrounded luxury villas in a gated, RERA-approved community.

RERA No.: P52000052903
📞 Book your Free Site Visit today! || Own a luxurious 3 & 4 BHK villa starting at ₹1.75 Cr* in Jambrung Valley  BY KSR — a peaceful escape designed for relaxing family getaways and strong long-term investment value.

3 & 4 BHK Villas starting at ₹1.75 Cr*

✅ 360° mountain views, lush green surroundings, and resort-style amenities for a healthier lifestyle.
✅ Modern conveniences: Reception Lounge, Dedicated Parking, Power Backup & more.
✅ Lifestyle amenities: Infinity Pool, White Noise Therapy Zone, Tree House & Jungle Gym, Fruit Orchard & Butterfly Garden, Meditation Corner, Reflexology Pathway.
✅ Experience premium living in Karjat with nature-surrounded luxury villas in a gated, RERA-approved community.

RERA No.: P52000052903
📞 Book your Free Site Visit today! || Own a luxurious 3 & 4 BHK villa starting at ₹1.75 Cr* in Jambrung Valley  BY KSR — a peaceful escape designed for relaxing family getaways and strong long-term investment value.

3 & 4 BHK Villas starting at ₹1.75 Cr*

✅ 360° mountain views, lush green surroundings, and resort-style amenities for a healthier lifestyle.
✅ Modern conveniences: Reception Lounge, Dedicated Parking, Power Backup & more.
✅ Lifestyle amenities: Infinity Pool, White Noise Therapy Zone, Tree House & Jungle Gym, Fruit Orchard & Butterfly Garden, Meditation Corner, Reflexology Pathway.
✅ Experience premium living in Karjat with nature-surrounded luxury villas in a gated, RERA-approved community.

RERA No.: P52000052903
📞 Book your Free Site Visit today!",http://fb.me/ || http://fb.me/ || http://fb.me/,,Book Now || Book Now || Book Now,Original: https://scontent.fjai6-1.fna.fbcdn.net/v/t39.35426-6/669740832_1481661580055852_186777380067677183_n.jpg?_nc_cat=110&ccb=1-7&_nc_sid=c53f8f&_nc_ohc=UjbbZALHj-YQ7kNvwGJXF0R&_nc_oc=AdpM6K3U-D7MnYzpctw_5zQ1eNsg7LkqpA-d7E8ZXMyfbKojrdrF8meZavyZApD5nwiRqzxLJKz6_cbCBz7q4MbW&_nc_zt=14&_nc_ht=scontent.fjai6-1.fna&_nc_gid=2TtdiNgqeEZAoBtSmjl6yg&_nc_ss=7b289&oh=00_Af9xqh6Uuh0LG9TVc8ecLol4an05NZYvEixMrUcMBm2Jvg&oe=6A385686 | Resized: https://scontent.fjai6-1.fna.fbcdn.net/v/t39.35426-6/669687580_1747127256662747_2840639542470738603_n.jpg?stp=dst-jpg_s600x600_tt6&_nc_cat=105&ccb=1-7&_nc_sid=c53f8f&_nc_ohc=QQntTnjF1q4Q7kNvwHPArOZ&_nc_oc=AdrqLdv47M-rTee2_MugfGLY58_4JUV5GX4wEYNzs_j-NZJm2g3yBAVxAMH8shNmX92T1uUbwmrClSJE9G4qxtbO&_nc_zt=14&_nc_ht=scontent.fjai6-1.fna&_nc_gid=2TtdiNgqeEZAoBtSmjl6yg&_nc_ss=7b289&oh=00_Af9hj_SzPgheATM7ZJl4pab75H13a19I7nJPNJ07z5rwkg&oe=6A38433A || Original: https://scontent.fjai6-1.fna.fbcdn.net/v/t39.35426-6/670515591_828648280267877_5110591520712168637_n.jpg?_nc_cat=105&ccb=1-7&_nc_sid=c53f8f&_nc_ohc=tLb6GSDStXUQ7kNvwGhRw_b&_nc_oc=AdqVh7INBjxFNSO3yZ4rF6zhK6Dkyiyf1uCqsZUlngzUdEbIG0uW5T_jmX2mv5qh4VhT2Y11fzZP5APK9PQkEniG&_nc_zt=14&_nc_ht=scontent.fjai6-1.fna&_nc_gid=2TtdiNgqeEZAoBtSmjl6yg&_nc_ss=7b289&oh=00_Af-ekuQNZ1iKp-oszaRJJUkjlP2GUUF-Q1RapjhGzWVYww&oe=6A38590A | Resized: https://scontent.fjai6-1.fna.fbcdn.net/v/t39.35426-6/669713225_1986455768646128_8385704441704827101_n.jpg?stp=dst-jpg_s600x600_tt6&_nc_cat=103&ccb=1-7&_nc_sid=c53f8f&_nc_ohc=ifmxzU_Dug0Q7kNvwEbJ9Fz&_nc_oc=AdoN7Qz6G4WxYSoqmjQzb01p2DlLuMxLE2Cwx84SINLNFASSkojFX1ZcN1_8fkxK7Izw_d7RJzZwhTMljn59DvRz&_nc_zt=14&_nc_ht=scontent.fjai6-1.fna&_nc_gid=2TtdiNgqeEZAoBtSmjl6yg&_nc_ss=7b289&oh=00_Af8U3X5xxbMQXjZybGVU0O02-3aGxUQM6AVV4EKlxvb7sA&oe=6A3847AC || Original: https://scontent.fjai6-1.fna.fbcdn.net/v/t39.35426-6/670063334_2586689445058088_5464661744895793218_n.jpg?_nc_cat=109&ccb=1-7&_nc_sid=c53f8f&_nc_ohc=p4zUnNYgJEoQ7kNvwHxexwG&_nc_oc=AdpkUkJ-54Vk2alhhjR8pngG2h7FOjVzhVjsgqa4gUMKuz-5FDJD6ZUSxbxShIgAguwGkZyruDooA8YkI0v8sfvz&_nc_zt=14&_nc_ht=scontent.fjai6-1.fna&_nc_gid=2TtdiNgqeEZAoBtSmjl6yg&_nc_ss=7b289&oh=00_Af-OF8TurF7dpUfKlqo0c9w3Jg6kaINFrZtQvNPM-q8VXw&oe=6A386048 | Resized: https://scontent.fjai6-1.fna.fbcdn.net/v/t39.35426-6/669731261_1495317605483681_7016712027611522749_n.jpg?stp=dst-jpg_s600x600_tt6&_nc_cat=110&ccb=1-7&_nc_sid=c53f8f&_nc_ohc=qPzcuYfzFWcQ7kNvwEd_pGQ&_nc_oc=AdpGb1ci2GBnKMQaz-c4MmF32PAN-1Enarp4NQpJYc6-9ccQ5bKMqlfspethjpFN60VTSFXDiesk7j7TrceRywau&_nc_zt=14&_nc_ht=scontent.fjai6-1.fna&_nc_gid=2TtdiNgqeEZAoBtSmjl6yg&_nc_ss=7b289&oh=00_Af9HONIB1fZwLarqt-2mv4qZofga6JMzm79ijJU_a54_8Q&oe=6A383609,
3931477330323216,https://www.facebook.com/61576595860309/,fb.me,https://www.facebook.com/61576595860309/,,,,sales@hihomesdubai.com,+971 58 634 7007,,,,707670019089318,http://fb.me/,Hi Homes,https://www.facebook.com/ads/library/?id=3931477330323216,"Luxury Dubai Villas Worth ₹5.8 CR — Now Available with ₹2 CR Discount!

Step into premium Dubai living with elegant brand-new villas featuring modern architecture, spacious layouts, and flexible payment plans for Indian buyers.

🏡 G+2 Luxury Villas
💰 ₹2 CR Special Discount
📈 Excellent Investment Opportunity
🌍 Secure Your Dubai Property Today

Book Your Free Consultation Now.",72,Learn more,fb.me,"FACEBOOK; INSTAGRAM; AUDIENCE_NETWORK",2026-05-27,2026-06-17,,Original: https://scontent.fjai6-1.fna.fbcdn.net/v/t39.35426-6/707646950_1490218949226532_8320781936056584353_n.jpg?_nc_cat=104&ccb=1-7&_nc_sid=c53f8f&_nc_ohc=FZaHKcGpz1AQ7kNvwGRtgcn&_nc_oc=AdqX6rccdEQrvjNr9OspH6227KWmf9GVFS1u_lFMmdopreQLv2MSNVn96lYJZTrsoXvGaOoSmBb1BzNjU0EdCOFB&_nc_zt=14&_nc_ht=scontent.fjai6-1.fna&_nc_gid=2TtdiNgqeEZAoBtSmjl6yg&_nc_ss=7b289&oh=00_Af_yrE6exRQvURPSfjfFQhcHcFpTkGqSzAeBbLRIhmm7Bw&oe=6A3859E3 | Resized: https://scontent.fjai6-1.fna.fbcdn.net/v/t39.35426-6/709783105_1310008981272844_5244785064636383784_n.jpg?stp=dst-jpg_s600x600_tt6&_nc_cat=103&ccb=1-7&_nc_sid=c53f8f&_nc_ohc=0W6g5OpuL3UQ7kNvwFxlum9&_nc_oc=AdrhQq6CSC5BPrJN42-iYIt5g5mnZGayznFDr1naGdJuu5sPLrINjuB8qMM-ByO8L98Ezwd72iqAwpVxf3UE9-Rb&_nc_zt=14&_nc_ht=scontent.fjai6-1.fna&_nc_gid=2TtdiNgqeEZAoBtSmjl6yg&_nc_ss=7b289&oh=00_Af-_dsUJpBH8iXecZ9L-fC47430HeWCy_Dbr6EJEYx51hw&oe=6A386504,,,,,,
827494973325312,https://www.facebook.com/prathamelegance/,fb.me,https://www.facebook.com/prathamelegance/,,,,,+91 99250 14480,,,,110986685193775,http://fb.me/,Pratham Elegance,https://www.facebook.com/ads/library/?id=827494973325312,"Make your life memorable choose our 4 BHK luxury villas starting from 1.21* CR (All Inclusive). Only 2 mins Away From Zydus Hospital Anand. Serene is more than a place to live - it is a home for every season & every mood, surrounded by the many enchanting colors of nature.

Avail Best Offer In Anand's Great Villa Buying Festival.

Close Proximity:

Zydus Hospital - 2 Mins
Anand Lambhvel Raod - 2 Mins
Sanket India - 3 Mins",202,Get quote,fb.me,"FACEBOOK; INSTAGRAM; AUDIENCE_NETWORK",2025-11-25,2026-06-17,HD: https://video.fjai6-1.fna.fbcdn.net/o1/v/t2/f2/m366/AQPsXEN1uRjMyt67Jmc_-Ex5qBiPBYRk4mHAL_hE2qiaZDWz6yMtVv44YcnVok_j11JsmYLzwY0MXOCpWN8vL7XDxYd3LGx0UVQOoIE0sTdTkA.mp4?_nc_cat=100&_nc_oc=AdpLfNYjuWgtRRkiYB8FQp0BgPBH-X4EVmvrJSQuMm5vBI_bnndIHpckLUBVZmRWA05QcGmrRZPTEeHNUgWdYNpK&_nc_sid=b66105&_nc_ht=video.fjai6-1.fna.fbcdn.net&_nc_ohc=O8BDIzCopaAQ7kNvwEWhbnw&efg=eyJ2ZW5jb2RlX3RhZyI6Inhwdl9wcm9ncmVzc2l2ZS5WSV9VU0VDQVNFX1BST0RVQ1RfVFlQRS4uQzMuNzIwLmRhc2hfaDI2NC1iYXNpYy1nZW4yXzcyMHAiLCJ4cHZfYXNzZXRfaWQiOjE1NDcxOTQ2NTU4NjQ2ODgsImFzc2V0X2FnZV9kYXlzIjo3MDUsInZpX3VzZWNhc2VfaWQiOjEwMTM5LCJkdXJhdGlvbl9zIjo0NSwidXJsZ2VuX3NvdXJjZSI6Ind3dyJ9&ccb=17-1&vs=6a4f06cb65a4dd8d&_nc_vs=HBksFQIYRWZiX2VwaGVtZXJhbC80MDQxN0RGQzBBMTQ3NUU1QzVFNDhDMTU5MDk4QjRCMF9tdF8xX3ZpZGVvX2Rhc2hpbml0Lm1wNBUAAsgBEgAVAhhAZmJfZXBoZW1lcmFsLzVFNDAwRDMxOTE3RTVGMUYyNTREODNFMzhCRTQzM0FBX2F1ZGlvX2Rhc2hpbml0Lm1wNBUCAsgBEgAoABgAGwKIB3VzZV9vaWwBMRJwcm9ncmVzc2l2ZV9yZWNpcGUBMRUAACbg3eO9ysq_BRUCKAJDMywXQEbiDEm6XjUYGWRhc2hfaDI2NC1iYXNpYy1nZW4yXzcyMHARAHUAZbaeAQA&_nc_gid=2TtdiNgqeEZAoBtSmjl6yg&_nc_ss=7b289&_nc_zt=28&oh=00_Af89JVdwaMM0yZtvfL22cDjr3K7Cp24DKHATuN1vjogroA&oe=6A385720 | SD: https://video.fjai6-1.fna.fbcdn.net/o1/v/t2/f2/m412/AQO8423eOk_n_QCT026sCnfpPu2Vy1nDUCoPiDjy1w5N6lYPezcrOrzgVhc62-YYnBQiJUIhA8o5fAEDpFw9yI79.mp4?_nc_cat=109&_nc_oc=Adrrt8OEnwfMPs1VIsM61drJZvm8QKJiJ3WJ4dKnbSSSBnmOd9EkBv5r8R9GSK4V2W8ga82ndNRs3sIKB0B4HLqZ&_nc_sid=ef5aa3&_nc_ht=video.fjai6-1.fna.fbcdn.net&_nc_ohc=D9_Gznj08M4Q7kNvwEqcyDS&efg=eyJ2ZW5jb2RlX3RhZyI6Inhwdl9wcm9ncmVzc2l2ZS5WSV9VU0VDQVNFX1BST0RVQ1RfVFlQRS4uQzMuMzYwLnN2ZV9zZCIsInhwdl9hc3NldF9pZCI6MTU0NzE5NDY1NTg2NDY4OCwiYXNzZXRfYWdlX2RheXMiOjcwNSwidmlfdXNlY2FzZV9pZCI6MTAxMzksImR1cmF0aW9uX3MiOjQ1LCJ1cmxnZW5fc291cmNlIjoid3d3In0%3D&ccb=17-1&_nc_gid=2TtdiNgqeEZAoBtSmjl6yg&_nc_ss=7b289&_nc_zt=28&oh=00_Af9AFfwbc4dxlwbr4Y3hs1YWmZ9wH1nLsh3hUJqzep0ptA&oe=6A384E72 | Preview: https://scontent.fjai6-1.fna.fbcdn.net/v/t39.35426-6/527791161_728425396613950_5750792260326661596_n.jpg?_nc_cat=108&ccb=1-7&_nc_sid=c53f8f&_nc_ohc=Own0YvjCJVwQ7kNvwEKDCfu&_nc_oc=Adohq26DCr5v-PSZpWggWuEKR3DUgY6M_1R9X4fcAL9pFizXPE-9vlmIugxr_6Z479lquVVg8MFt6QFZOD3xW7C0&_nc_zt=14&_nc_ht=scontent.fjai6-1.fna&_nc_gid=2TtdiNgqeEZAoBtSmjl6yg&_nc_ss=7b289&oh=00_Af-HBkhM5Qt5jo2VEiHwAE5mypgbAhLkcIRiZpu5w1rjKQ&oe=6A3841FE,,,,,,,
961416076787280,https://www.facebook.com/SirinavaEstates/,api.whatsapp.com,https://www.facebook.com/SirinavaEstates/,,,,info@sirinava.com,+91 79899 81075,,,,111899105276628,https://api.whatsapp.com/send,Sirinava Estates,https://www.facebook.com/ads/library/?id=961416076787280,"Own a lavish villa at apartment pricing in the premium Mokila–Shankarpally corridor.

✨ 4 & 5 BHK Luxury Villas
✨ 100 Acres Township
✨ 11 Ft Ceiling Height
✨ 22 Ft Grand Living Room
✨ Sizes from 3175 – 4600 Sft

Starting from ₹2.67 Cr*
Book your site visit today!

📲 Click on WhatsApp Now",182,Send WhatsApp message,WhatsApp,"FACEBOOK; INSTAGRAM; AUDIENCE_NETWORK; MESSENGER; WHATSAPP",2026-05-17,2026-06-16,,Original: https://scontent.fjai6-1.fna.fbcdn.net/v/t39.35426-6/701470491_1497859982039478_3213044070899769908_n.jpg?_nc_cat=101&ccb=1-7&_nc_sid=c53f8f&_nc_ohc=DXiupMqE1X4Q7kNvwFGK5QE&_nc_oc=AdruZeH-XnZwWfej2r1LgnplqCuMt69CBoRaDqYK_HIxK8WZdOIQopNs1CRYEk1yuBpx7rMNlWR4r-BIN0cIjXCI&_nc_zt=14&_nc_ht=scontent.fjai6-1.fna&_nc_gid=2TtdiNgqeEZAoBtSmjl6yg&_nc_ss=7b289&oh=00_Af-uR0ycZX-v1ksgN7BN0NQKgWNZrs5iET2ubWTK0puc4A&oe=6A3843C9 | Resized: https://scontent.fjai6-1.fna.fbcdn.net/v/t39.35426-6/699442822_4270992523162498_821913201278429706_n.jpg?stp=dst-jpg_s600x600_tt6&_nc_cat=107&ccb=1-7&_nc_sid=c53f8f&_nc_ohc=2vGEB0Sd4dIQ7kNvwGNV7m-&_nc_oc=AdpcwBoei_3IQoGkkBnaPepNj2_HmfXL0YOppQ3Vd467MOaPiLcGWqbwIl7viuWuIGvIbcIRLOuAs0_yMHnjsNnP&_nc_zt=14&_nc_ht=scontent.fjai6-1.fna&_nc_gid=2TtdiNgqeEZAoBtSmjl6yg&_nc_ss=7b289&oh=00_Af9X_6UGZe04UAx9S3o37BpMIhhM49GchWd4hAaP_YTZIQ&oe=6A3860EF,,,,,,
818520280951146,https://www.facebook.com/sarkprojectsindia/,instagram.com,https://www.facebook.com/sarkprojectsindia/,http://instagram.com/sarkprojectsindia,,,sales@sarkprojects.in,+91 73530 36969,,,,101541302460240,http://instagram.com/sarkprojectsindia,Sark Projects India,https://www.facebook.com/ads/library/?id=818520280951146,"From work to weekends, everything is nearby 📍
Quick reach to major destinations 🚗
Balanced living made effortless 🏡✨

.
.
| Sark Prime LaMagnolia | Sark Projects LaMagnolia | Villa community in Hyderabad | Villa projects in Hyderabad | Villas for Sale in Hyderabad | Upcoming villa projects in Hyderabad | Luxury villas in Hyderabad | Villas near Nandigaon | Premium 4bhk Triplex villas | Premium villa projects in West Hyderabad |

#sarkprojects #sarkprimelamagnolia #sheriguda
#sarkprojectslamagnolia #villasnearnandigaon",13805,Visit Instagram profile,instagram.com,"FACEBOOK; INSTAGRAM",2026-05-07,2026-06-17,HD: https://video.fjai6-1.fna.fbcdn.net/o1/v/t2/f2/m367/AQMEWjQ2Q-Fl3KUs3K5vzcliqJJapC9844NlNu_MgyGg2XZqVEjs7-l7KLSD1OzmcliMC5oOkUZq7T7QJFsaesSmAd23kiA-fwFIOm-7QQ.mp4?_nc_cat=106&_nc_oc=AdpKN1aas8vnhmBwQks--2Oyt2DYDc__X1eUXp89VGGApuG-LU32fbu4E0vWBpHYJ0F9WWS3swYflwI9T900NyOu&_nc_sid=ef5aa3&_nc_ht=video.fjai6-1.fna.fbcdn.net&_nc_ohc=W6mdzN1GVYMQ7kNvwG-Iyc4&efg=eyJ2ZW5jb2RlX3RhZyI6Inhwdl9wcm9ncmVzc2l2ZS5WSV9VU0VDQVNFX1BST0RVQ1RfVFlQRS4uQzMuNzIwLnByb2dyZXNzaXZlX2gyNjQtYmFzaWMtZ2VuMl83MjBwIiwieHB2X2Fzc2V0X2lkIjoxNTY4NjAwNDQxOTMyNDc1LCJhc3NldF9hZ2VfZGF5cyI6NDMsInZpX3VzZWNhc2VfaWQiOjEwMDk5LCJkdXJhdGlvbl9zIjoyMCwidXJsZ2VuX3NvdXJjZSI6Ind3dyJ9&ccb=17-1&_nc_gid=2TtdiNgqeEZAoBtSmjl6yg&_nc_ss=7b289&_nc_zt=28&oh=00_Af8hjKnv4U91nS8vjeIuI53cQSlKl8mYLrN1rjP1BcQ8uA&oe=6A383ACC | SD: https://video.fjai6-1.fna.fbcdn.net/o1/v/t2/f2/m367/AQMLRxvIP9SBM72lKDhVRAx4kQIx1_tHAnTgHBuQJIRP_lBUX-y_fom4JixKHeApjJFkjJqJj0ZP9bSR9n4tuu1Ink3GMZ-GZbHaE1mskw.mp4?_nc_cat=102&_nc_oc=AdoGfbQVvbBtv39LfP_3KsG0_4u5f5hr1k1I0k8sAIWNgxBjs5T-8IDk3YVOau3eOhqTfiUDT5heqQ9Vvfx2jBnk&_nc_sid=ef5aa3&_nc_ht=video.fjai6-1.fna.fbcdn.net&_nc_ohc=djt4AnG6pYsQ7kNvwFcrPxm&efg=eyJ2ZW5jb2RlX3RhZyI6Inhwdl9wcm9ncmVzc2l2ZS5WSV9VU0VDQVNFX1BST0RVQ1RfVFlQRS4uQzMuMzYwLnByb2dyZXNzaXZlX2gyNjQtYmFzaWMtZ2VuMl8zNjBwIiwieHB2X2Fzc2V0X2lkIjoxNTY4NjAwNDQxOTMyNDc1LCJhc3NldF9hZ2VfZGF5cyI6NDMsInZpX3VzZWNhc2VfaWQiOjEwMDk5LCJkdXJhdGlvbl9zIjoyMCwidXJsZ2VuX3NvdXJjZSI6Ind3dyJ9&ccb=17-1&_nc_gid=2TtdiNgqeEZAoBtSmjl6yg&_nc_ss=7b289&_nc_zt=28&oh=00_Af8zItTZDMdIO2cebkFpD0ZEvtLjIhaiRomIOKdC9kavKw&oe=6A3832E0 | Preview: https://scontent.fjai6-1.fna.fbcdn.net/v/t39.35426-6/690178259_1923116234989101_4315950530997079043_n.jpg?_nc_cat=107&ccb=1-7&_nc_sid=c53f8f&_nc_ohc=HINDXGuu84UQ7kNvwHSqL_B&_nc_oc=AdpJsC7sqBDCqcxB0oGpieGRTLoolBafh03C9YJ98Bw5zGRQjkz3viQX-OqDM7RYVSOegx2GNIUppaFgmvfx9mJj&_nc_zt=14&_nc_ht=scontent.fjai6-1.fna&_nc_gid=2TtdiNgqeEZAoBtSmjl6yg&_nc_ss=7b289&oh=00_Af_-RgEiRdARFh2K4u7qwVPDEFRUt9GKS3YJAu0WrO-psA&oe=6A386306,,,,,,,
28310331508553852,https://www.facebook.com/Aalayam.Realty/,fb.me,https://www.facebook.com/Aalayam.Realty/,,,,sales@aalayamrealty.com,+91 94945 05605,,,,854975294872523,http://fb.me/,Aalayam Realty,https://www.facebook.com/ads/library/?id=28310331508553852,"Our team will connect with you shortly to assist you with the next steps, based on your preferred mode of exploration.

We value your privacy and assure a professional, no-spam consultation experience.",813,See details,fb.me,"FACEBOOK; INSTAGRAM; AUDIENCE_NETWORK",2026-06-04,2026-06-16,,,"Our team will connect with you shortly to assist you with the next steps, based on your preferred mode of exploration.

We value your privacy and assure a professional, no-spam consultation experience. || At Some Point, Every Successful Family Outgrows Apartment Living.

Green Valley brings you premium 4 BHK boutique villas crafted for peaceful luxury living in Bachupally.

✔ Ready To Move
✔ 3430 & 3440 SFT
✔ Just 5 Minutes To ORR
✔ Private Gated Community

Starting From ₹3.99 Cr*

Book Your Private Villa Visit Today. || At Some Point, Every Successful Family Outgrows Apartment Living.

Green Valley brings you premium 4 BHK boutique villas crafted for peaceful luxury living in Bachupally.

✔ Ready To Move
✔ 3430 & 3440 SFT
✔ Just 5 Minutes To ORR
✔ Private Gated Community

Starting From ₹3.99 Cr*

Book Your Private Villa Visit Today. || Our team will connect with you shortly to assist you with the next steps, based on your preferred mode of exploration.

We value your privacy and assure a professional, no-spam consultation experience.",http://fb.me/ || http://fb.me/ || http://fb.me/ || http://fb.me/,,See Details || See Details || See Details || See Details,Original: https://scontent.fjai6-1.fna.fbcdn.net/v/t39.35426-6/710781895_2221832348577483_1296836394816586931_n.jpg?_nc_cat=101&ccb=1-7&_nc_sid=c53f8f&_nc_ohc=eIwV_RclL2kQ7kNvwG30okf&_nc_oc=Adq1uSmi6ex9M9gp1CUcdf09yiyd_syPFSbl1Iak36Za2fLYICLtjPqjNaoXE9MSfRyxneGp1iMjpsuU5bl8n4nf&_nc_zt=14&_nc_ht=scontent.fjai6-1.fna&_nc_gid=2TtdiNgqeEZAoBtSmjl6yg&_nc_ss=7b289&oh=00_Af993BCrv853tZJv-1ECD5OqVMPQn2SI7AJw6l7hs4Q90w&oe=6A3852CA | Resized: https://scontent.fjai6-1.fna.fbcdn.net/v/t39.35426-6/710781907_983153301172993_5166318270226583255_n.jpg?stp=dst-jpg_s600x600_tt6&_nc_cat=106&ccb=1-7&_nc_sid=c53f8f&_nc_ohc=mii2Rf25r3MQ7kNvwHdeAOb&_nc_oc=Ado0xwoQOedZvdxFpR_C0NcjCYOFmTkQr_7JtFmsHceNNXV_8ksXohSZor2XNkMO07R_YCoBCs5gXaSX5MZ2bOaO&_nc_zt=14&_nc_ht=scontent.fjai6-1.fna&_nc_gid=2TtdiNgqeEZAoBtSmjl6yg&_nc_ss=7b289&oh=00_Af8hkf6CRn9dKGTCKL920oVmRGd_j-hFsNdoBnehsGZnOQ&oe=6A3847B5 || Original: https://scontent.fjai6-1.fna.fbcdn.net/v/t39.35426-6/710782116_4576234869271358_1860011504809369428_n.jpg?_nc_cat=104&ccb=1-7&_nc_sid=c53f8f&_nc_ohc=Uwnhk6TEP4cQ7kNvwEbARA7&_nc_oc=AdrR26nZImXw9vvH0j3PQLvsk3AKE2ijPiEI_zy6uvuxXYcpqb2wbsLaMHQgGgR_8zdbLtCP_6WODH4gNVB5Su1O&_nc_zt=14&_nc_ht=scontent.fjai6-1.fna&_nc_gid=2TtdiNgqeEZAoBtSmjl6yg&_nc_ss=7b289&oh=00_Af8gEZWWY8xbkEcE-XbkAr5pWedgQDvQHjJ-zUxHya2GLg&oe=6A385A75 | Resized: https://scontent.fjai6-1.fna.fbcdn.net/v/t39.35426-6/710799478_865066693310710_5407792515462069958_n.jpg?stp=dst-jpg_s600x600_tt6&_nc_cat=102&ccb=1-7&_nc_sid=c53f8f&_nc_ohc=USijN4ORvKsQ7kNvwEa_T2U&_nc_oc=Adr1hyHwo0uuhAbHBzR-e4qAN_y8Ez31uY5PavLcCEG-0oFZZ1ZHCXd8V_DVBovUTSMou_-zd9SranN5RSZ5H5xj&_nc_zt=14&_nc_ht=scontent.fjai6-1.fna&_nc_gid=2TtdiNgqeEZAoBtSmjl6yg&_nc_ss=7b289&oh=00_Af_oyXSoo9ljsjFjWoH27fiGbxEAjL5yKHHlOeoI_strog&oe=6A385000 || Original: https://scontent.fjai6-1.fna.fbcdn.net/v/t39.35426-6/710782116_4576234869271358_1860011504809369428_n.jpg?_nc_cat=104&ccb=1-7&_nc_sid=c53f8f&_nc_ohc=Uwnhk6TEP4cQ7kNvwEbARA7&_nc_oc=AdrR26nZImXw9vvH0j3PQLvsk3AKE2ijPiEI_zy6uvuxXYcpqb2wbsLaMHQgGgR_8zdbLtCP_6WODH4gNVB5Su1O&_nc_zt=14&_nc_ht=scontent.fjai6-1.fna&_nc_gid=2TtdiNgqeEZAoBtSmjl6yg&_nc_ss=7b289&oh=00_Af8gEZWWY8xbkEcE-XbkAr5pWedgQDvQHjJ-zUxHya2GLg&oe=6A385A75 | Resized: https://scontent.fjai6-1.fna.fbcdn.net/v/t39.35426-6/710799478_865066693310710_5407792515462069958_n.jpg?stp=dst-jpg_s600x600_tt6&_nc_cat=102&ccb=1-7&_nc_sid=c53f8f&_nc_ohc=USijN4ORvKsQ7kNvwEa_T2U&_nc_oc=Adr1hyHwo0uuhAbHBzR-e4qAN_y8Ez31uY5PavLcCEG-0oFZZ1ZHCXd8V_DVBovUTSMou_-zd9SranN5RSZ5H5xj&_nc_zt=14&_nc_ht=scontent.fjai6-1.fna&_nc_gid=2TtdiNgqeEZAoBtSmjl6yg&_nc_ss=7b289&oh=00_Af_oyXSoo9ljsjFjWoH27fiGbxEAjL5yKHHlOeoI_strog&oe=6A385000 || Original: https://scontent.fjai6-1.fna.fbcdn.net/v/t39.35426-6/710351133_2348952348846987_5635698600812359806_n.jpg?_nc_cat=100&ccb=1-7&_nc_sid=c53f8f&_nc_ohc=26yvG6GP9pcQ7kNvwFtxbLS&_nc_oc=AdpKZ36PgULNMU4qAzEqYwwZyPLjIxwSVzJUfOsYnXRQR_RVeGkzUrfkam3BawHZJmRUYySS9b3sw3dqEV_DPnNh&_nc_zt=14&_nc_ht=scontent.fjai6-1.fna&_nc_gid=2TtdiNgqeEZAoBtSmjl6yg&_nc_ss=7b289&oh=00_Af8PKTZvIpq7LhQkJrOHZ4N5lGc6SjavXv9ACv7nuTH7rw&oe=6A3848E1 | Resized: https://scontent.fjai6-1.fna.fbcdn.net/v/t39.35426-6/710595581_1480270683839806_8561168668221148749_n.jpg?stp=dst-jpg_s600x600_tt6&_nc_cat=101&ccb=1-7&_nc_sid=c53f8f&_nc_ohc=dB6pisbkhwYQ7kNvwEsGeJZ&_nc_oc=AdpzcoAtpFFel1kVSdFSLo3rbNaM7_6C36rm1LFtHtOQVqZcnHuVUs3AK4NhFIjDvYrau-9m-cFeC0Sr5OLh8Ccm&_nc_zt=14&_nc_ht=scontent.fjai6-1.fna&_nc_gid=2TtdiNgqeEZAoBtSmjl6yg&_nc_ss=7b289&oh=00_Af8Z3uxpGoiEm5vYEBiHEZ8AepJiCDmD7NhYOtQKj64s_w&oe=6A382E52,
1606804873911792,https://www.facebook.com/Rivanaa.goa/,api.whatsapp.com,https://www.facebook.com/Rivanaa.goa/,,,,,+91 98209 56888,,,,218444008017341,https://api.whatsapp.com/send,Rivanaa,https://www.facebook.com/ads/library/?id=1606804873911792,"Kai Villas by Rivanaa
3 BHK luxury villas in Porvorim, North Goa
On the banks of Mandovi River
Starting at ₹4.50 Cr*
📞 9614 958 958",553,Send WhatsApp message,api.whatsapp.com,"FACEBOOK; INSTAGRAM; AUDIENCE_NETWORK; MESSENGER; WHATSAPP",2026-04-04,2026-06-17,HD: https://video.fjai6-1.fna.fbcdn.net/o1/v/t2/f2/m366/AQNjXG09h-UDjLV64nDZiK1caeRPrGYbWMDLnrKiFHlHDo_5hG2gZp_P41N3Lc-CF8HxEPtqVZLyi6xfaR6Bhik1hq3ZP1eHlrpBMttYSaxfFA.mp4?_nc_cat=100&_nc_oc=AdqvQLXHSCPjSpxvToD4Igm6RW2_0dTuwCSjSVym-7yaug3OjIe6NQ8Gwbnigb69gNsKno31IlTf3Fuh7oXTF2Yr&_nc_sid=b66105&_nc_ht=video.fjai6-1.fna.fbcdn.net&_nc_ohc=FpHx33VAXqQQ7kNvwGPb-es&efg=eyJ2ZW5jb2RlX3RhZyI6Inhwdl9wcm9ncmVzc2l2ZS5WSV9VU0VDQVNFX1BST0RVQ1RfVFlQRS4uQzMuNzIwLmRhc2hfaDI2NC1iYXNpYy1nZW4yXzcyMHAiLCJ4cHZfYXNzZXRfaWQiOjE2NDk4OTc5NDI3MTk5NjgsImFzc2V0X2FnZV9kYXlzIjo3NSwidmlfdXNlY2FzZV9pZCI6MTA3OTksImR1cmF0aW9uX3MiOjI4LCJ1cmxnZW5fc291cmNlIjoid3d3In0%3D&ccb=17-1&vs=4dfd9bf1c98fcaa8&_nc_vs=HBksFQIYRWZiX2VwaGVtZXJhbC9FQTQ3RTNCREFBMEVGRTAwMTM3MTRENTBGQjhGNzM5RF9tdF8xX3ZpZGVvX2Rhc2hpbml0Lm1wNBUAAsgBEgAVAhhAZmJfcGVybWFuZW50LzFFNEJENEU4QzM2RDI3ODEwOEMwRjQ5QTkyRUUwMkE5X2F1ZGlvX2Rhc2hpbml0Lm1wNBUCAsgBEgAoABgAGwKIB3VzZV9vaWwBMRJwcm9ncmVzc2l2ZV9yZWNpcGUBMRUAACbA99TM2aTuBRUCKAJDMywXQDxlHrhR64UYGWRhc2hfaDI2NC1iYXNpYy1nZW4yXzcyMHARAHUAZd6oAQA&_nc_gid=_zjhRG4CLcXt4z3QtCi_aA&_nc_ss=7b289&_nc_zt=28&oh=00_Af-qL23hav32Mvu-Bs6krt4nwypI_RjslTFY7cp0OvXjxg&oe=6A383C08 | SD: https://video.fjai6-1.fna.fbcdn.net/o1/v/t2/f2/m412/AQPZr-2AxrHutqs6dE0-BkvEvlYvERu_AXK-itXL0gZTgx8ghGzRuYWed99egPHQQLht11yzStbNCT5ScW-2CpimauXUwMaUsIWW5I4jBA.mp4?_nc_cat=107&_nc_oc=AdoM3ElRQ9eJDzM13oN4hEYAlbquhafZ3otgVydJwpN7o1qRht1fkNVc8-0hNsRHGHepTF8s-A4bSdBYE9ptX41X&_nc_sid=ef5aa3&_nc_ht=video.fjai6-1.fna.fbcdn.net&_nc_ohc=53FrDNUOSUgQ7kNvwFOXt8Q&efg=eyJ2ZW5jb2RlX3RhZyI6Inhwdl9wcm9ncmVzc2l2ZS5WSV9VU0VDQVNFX1BST0RVQ1RfVFlQRS4uQzMuMzYwLnN2ZV9zZCIsInhwdl9hc3NldF9pZCI6MTY0OTg5Nzk0MjcxOTk2OCwiYXNzZXRfYWdlX2RheXMiOjc1LCJ2aV91c2VjYXNlX2lkIjoxMDc5OSwiZHVyYXRpb25fcyI6MjgsInVybGdlbl9zb3VyY2UiOiJ3d3cifQ%3D%3D&ccb=17-1&_nc_gid=_zjhRG4CLcXt4z3QtCi_aA&_nc_ss=7b289&_nc_zt=28&oh=00_Af-Rn6oEmczriyL600Vej4IkSRPw9Yk3TWSloOTf963JgA&oe=6A383A0B | Preview: https://scontent.fjai6-1.fna.fbcdn.net/v/t39.35426-6/659084829_993904326460371_3329933529703717383_n.jpg?_nc_cat=101&ccb=1-7&_nc_sid=c53f8f&_nc_ohc=t5KpRcc8OkcQ7kNvwHh0ONf&_nc_oc=AdrkHtP-HZxE4TgKATncQaDsTghA6h2eT7NJemejY-awqQola0b6CQkGa_hUj1n8kLJOpX0VvUP_5n6MfO0f0Lm5&_nc_zt=14&_nc_ht=scontent.fjai6-1.fna&_nc_gid=_zjhRG4CLcXt4z3QtCi_aA&_nc_ss=7b289&oh=00_Af8OaVDPnv7F3zdF5qGyNUMsCqOuRjP1mwAjShPc6kEBPw&oe=6A385BD8,,,,,,,
1197056263243796,https://www.facebook.com/elitehavens/,elitehavens.com,https://www.facebook.com/elitehavens/,,,,reservations@elitehavens.com,+65 3163 4477,,,,751844771495038,https://www.elitehavens.com/luxury-villa-offers,Elite Havens - Luxury Villa Rentals,https://www.facebook.com/ads/library/?id=1197056263243796,"Last chance to plan your May-June getaway!

Our collection of private luxury villas is still available, but not for long. Whether you’re traveling as a couple, family, or group, enjoy exclusive use of your own space in the tropics.

Book now to lock in your preferred dates before they’re gone.",49671,Book now,elitehavens.com,"FACEBOOK; INSTAGRAM; AUDIENCE_NETWORK; MESSENGER; THREADS",2026-05-15,2026-06-16,,,"Last chance to plan your May-June getaway!

Our collection of private luxury villas is still available, but not for long. Whether you’re traveling as a couple, family, or group, enjoy exclusive use of your own space in the tropics.

Book now to lock in your preferred dates before they’re gone. || Last chance to plan your May-June getaway!

Our collection of private luxury villas is still available, but not for long. Whether you’re traveling as a couple, family, or group, enjoy exclusive use of your own space in the tropics.

Book now to lock in your preferred dates before they’re gone. || Last chance to plan your May-June getaway!

Our collection of private luxury villas is still available, but not for long. Whether you’re traveling as a couple, family, or group, enjoy exclusive use of your own space in the tropics.

Book now to lock in your preferred dates before they’re gone. || Last chance to plan your May-June getaway!

Our collection of private luxury villas is still available, but not for long. Whether you’re traveling as a couple, family, or group, enjoy exclusive use of your own space in the tropics.

Book now to lock in your preferred dates before they’re gone. || Last chance to plan your May-June getaway!

Our collection of private luxury villas is still available, but not for long. Whether you’re traveling as a couple, family, or group, enjoy exclusive use of your own space in the tropics.

Book now to lock in your preferred dates before they’re gone. || Last chance to plan your May-June getaway!

Our collection of private luxury villas is still available, but not for long. Whether you’re traveling as a couple, family, or group, enjoy exclusive use of your own space in the tropics.

Book now to lock in your preferred dates before they’re gone. || Last chance to plan your May-June getaway!

Our collection of private luxury villas is still available, but not for long. Whether you’re traveling as a couple, family, or group, enjoy exclusive use of your own space in the tropics.

Book now to lock in your preferred dates before they’re gone. || Last chance to plan your May-June getaway!

Our collection of private luxury villas is still available, but not for long. Whether you’re traveling as a couple, family, or group, enjoy exclusive use of your own space in the tropics.

Book now to lock in your preferred dates before they’re gone. || Last chance to plan your May-June getaway!

Our collection of private luxury villas is still available, but not for long. Whether you’re traveling as a couple, family, or group, enjoy exclusive use of your own space in the tropics.

Book now to lock in your preferred dates before they’re gone. || Last chance to plan your May-June getaway!

Our collection of private luxury villas is still available, but not for long. Whether you’re traveling as a couple, family, or group, enjoy exclusive use of your own space in the tropics.

Book now to lock in your preferred dates before they’re gone. || Last chance to plan your May-June getaway!

Our collection of private luxury villas is still available, but not for long. Whether you’re traveling as a couple, family, or group, enjoy exclusive use of your own space in the tropics.

Book now to lock in your preferred dates before they’re gone. || Last chance to plan your May-June getaway!

Our collection of private luxury villas is still available, but not for long. Whether you’re traveling as a couple, family, or group, enjoy exclusive use of your own space in the tropics.

Book now to lock in your preferred dates before they’re gone. || Last chance to plan your May-June getaway!

Our collection of private luxury villas is still available, but not for long. Whether you’re traveling as a couple, family, or group, enjoy exclusive use of your own space in the tropics.

Book now to lock in your preferred dates before they’re gone. || Last chance to plan your May-June getaway!

Our collection of private luxury villas is still available, but not for long. Whether you’re traveling as a couple, family, or group, enjoy exclusive use of your own space in the tropics.

Book now to lock in your preferred dates before they’re gone. || Last chance to plan your May-June getaway!

Our collection of private luxury villas is still available, but not for long. Whether you’re traveling as a couple, family, or group, enjoy exclusive use of your own space in the tropics.

Book now to lock in your preferred dates before they’re gone. || Last chance to plan your May-June getaway!

Our collection of private luxury villas is still available, but not for long. Whether you’re traveling as a couple, family, or group, enjoy exclusive use of your own space in the tropics.

Book now to lock in your preferred dates before they’re gone. || Last chance to plan your May-June getaway!

Our collection of private luxury villas is still available, but not for long. Whether you’re traveling as a couple, family, or group, enjoy exclusive use of your own space in the tropics.

Book now to lock in your preferred dates before they’re gone. || Last chance to plan your May-June getaway!

Our collection of private luxury villas is still available, but not for long. Whether you’re traveling as a couple, family, or group, enjoy exclusive use of your own space in the tropics.

Book now to lock in your preferred dates before they’re gone. || Last chance to plan your May-June getaway!

Our collection of private luxury villas is still available, but not for long. Whether you’re traveling as a couple, family, or group, enjoy exclusive use of your own space in the tropics.

Book now to lock in your preferred dates before they’re gone. || Last chance to plan your May-June getaway!

Our collection of private luxury villas is still available, but not for long. Whether you’re traveling as a couple, family, or group, enjoy exclusive use of your own space in the tropics.

Book now to lock in your preferred dates before they’re gone. || Last chance to plan your May-June getaway!

Our collection of private luxury villas is still available, but not for long. Whether you’re traveling as a couple, family, or group, enjoy exclusive use of your own space in the tropics.

Book now to lock in your preferred dates before they’re gone. || Last chance to plan your May-June getaway!

Our collection of private luxury villas is still available, but not for long. Whether you’re traveling as a couple, family, or group, enjoy exclusive use of your own space in the tropics.

Book now to lock in your preferred dates before they’re gone. || Last chance to plan your May-June getaway!

Our collection of private luxury villas is still available, but not for long. Whether you’re traveling as a couple, family, or group, enjoy exclusive use of your own space in the tropics.

Book now to lock in your preferred dates before they’re gone. || Last chance to plan your May-June getaway!

Our collection of private luxury villas is still available, but not for long. Whether you’re traveling as a couple, family, or group, enjoy exclusive use of your own space in the tropics.

Book now to lock in your preferred dates before they’re gone. || Last chance to plan your May-June getaway!

Our collection of private luxury villas is still available, but not for long. Whether you’re traveling as a couple, family, or group, enjoy exclusive use of your own space in the tropics.

Book now to lock in your preferred dates before they’re gone. || Last chance to plan your May-June getaway!

Our collection of private luxury villas is still available, but not for long. Whether you’re traveling as a couple, family, or group, enjoy exclusive use of your own space in the tropics.

Book now to lock in your preferred dates before they’re gone. || Last chance to plan your May-June getaway!

Our collection of private luxury villas is still available, but not for long. Whether you’re traveling as a couple, family, or group, enjoy exclusive use of your own space in the tropics.

Book now to lock in your preferred dates before they’re gone. || Last chance to plan your May-June getaway!

Our collection of private luxury villas is still available, but not for long. Whether you’re traveling as a couple, family, or group, enjoy exclusive use of your own space in the tropics.

Book now to lock in your preferred dates before they’re gone. || Last chance to plan your May-June getaway!

Our collection of private luxury villas is still available, but not for long. Whether you’re traveling as a couple, family, or group, enjoy exclusive use of your own space in the tropics.

Book now to lock in your preferred dates before they’re gone. || Last chance to plan your May-June getaway!

Our collection of private luxury villas is still available, but not for long. Whether you’re traveling as a couple, family, or group, enjoy exclusive use of your own space in the tropics.

Book now to lock in your preferred dates before they’re gone. || Last chance to plan your May-June getaway!

Our collection of private luxury villas is still available, but not for long. Whether you’re traveling as a couple, family, or group, enjoy exclusive use of your own space in the tropics.

Book now to lock in your preferred dates before they’re gone. || Last chance to plan your May-June getaway!

Our collection of private luxury villas is still available, but not for long. Whether you’re traveling as a couple, family, or group, enjoy exclusive use of your own space in the tropics.

Book now to lock in your preferred dates before they’re gone. || Last chance to plan your May-June getaway!

Our collection of private luxury villas is still available, but not for long. Whether you’re traveling as a couple, family, or group, enjoy exclusive use of your own space in the tropics.

Book now to lock in your preferred dates before they’re gone. || Last chance to plan your May-June getaway!

Our collection of private luxury villas is still available, but not for long. Whether you’re traveling as a couple, family, or group, enjoy exclusive use of your own space in the tropics.

Book now to lock in your preferred dates before they’re gone. || Last chance to plan your May-June getaway!

Our collection of private luxury villas is still available, but not for long. Whether you’re traveling as a couple, family, or group, enjoy exclusive use of your own space in the tropics.

Book now to lock in your preferred dates before they’re gone. || Last chance to plan your May-June getaway!

Our collection of private luxury villas is still available, but not for long. Whether you’re traveling as a couple, family, or group, enjoy exclusive use of your own space in the tropics.

Book now to lock in your preferred dates before they’re gone. || Last chance to plan your May-June getaway!

Our collection of private luxury villas is still available, but not for long. Whether you’re traveling as a couple, family, or group, enjoy exclusive use of your own space in the tropics.

Book now to lock in your preferred dates before they’re gone. || Last chance to plan your May-June getaway!

Our collection of private luxury villas is still available, but not for long. Whether you’re traveling as a couple, family, or group, enjoy exclusive use of your own space in the tropics.

Book now to lock in your preferred dates before they’re gone. || Last chance to plan your May-June getaway!

Our collection of private luxury villas is still available, but not for long. Whether you’re traveling as a couple, family, or group, enjoy exclusive use of your own space in the tropics.

Book now to lock in your preferred dates before they’re gone. || Last chance to plan your May-June getaway!

Our collection of private luxury villas is still available, but not for long. Whether you’re traveling as a couple, family, or group, enjoy exclusive use of your own space in the tropics.

Book now to lock in your preferred dates before they’re gone. || Last chance to plan your May-June getaway!

Our collection of private luxury villas is still available, but not for long. Whether you’re traveling as a couple, family, or group, enjoy exclusive use of your own space in the tropics.

Book now to lock in your preferred dates before they’re gone. || Last chance to plan your May-June getaway!

Our collection of private luxury villas is still available, but not for long. Whether you’re traveling as a couple, family, or group, enjoy exclusive use of your own space in the tropics.

Book now to lock in your preferred dates before they’re gone. || Last chance to plan your May-June getaway!

Our collection of private luxury villas is still available, but not for long. Whether you’re traveling as a couple, family, or group, enjoy exclusive use of your own space in the tropics.

Book now to lock in your preferred dates before they’re gone. || Last chance to plan your May-June getaway!

Our collection of private luxury villas is still available, but not for long. Whether you’re traveling as a couple, family, or group, enjoy exclusive use of your own space in the tropics.

Book now to lock in your preferred dates before they’re gone. || Last chance to plan your May-June getaway!

Our collection of private luxury villas is still available, but not for long. Whether you’re traveling as a couple, family, or group, enjoy exclusive use of your own space in the tropics.

Book now to lock in your preferred dates before they’re gone. || Last chance to plan your May-June getaway!

Our collection of private luxury villas is still available, but not for long. Whether you’re traveling as a couple, family, or group, enjoy exclusive use of your own space in the tropics.

Book now to lock in your preferred dates before they’re gone. || Last chance to plan your May-June getaway!

Our collection of private luxury villas is still available, but not for long. Whether you’re traveling as a couple, family, or group, enjoy exclusive use of your own space in the tropics.

Book now to lock in your preferred dates before they’re gone. || Last chance to plan your May-June getaway!

Our collection of private luxury villas is still available, but not for long. Whether you’re traveling as a couple, family, or group, enjoy exclusive use of your own space in the tropics.

Book now to lock in your preferred dates before they’re gone. || Last chance to plan your May-June getaway!

Our collection of private luxury villas is still available, but not for long. Whether you’re traveling as a couple, family, or group, enjoy exclusive use of your own space in the tropics.

Book now to lock in your preferred dates before they’re gone. || Last chance to plan your May-June getaway!

Our collection of private luxury villas is still available, but not for long. Whether you’re traveling as a couple, family, or group, enjoy exclusive use of your own space in the tropics.

Book now to lock in your preferred dates before they’re gone.",https://www.elitehavens.com/luxury-villa-offers || https://www.elitehavens.com/luxury-villa-offers || https://www.elitehavens.com/luxury-villa-offers || https://www.elitehavens.com/luxury-villa-offers || https://www.elitehavens.com/luxury-villa-offers || https://www.elitehavens.com/luxury-villa-offers || https://www.elitehavens.com/luxury-villa-offers || https://www.elitehavens.com/luxury-villa-offers || https://www.elitehavens.com/luxury-villa-offers || https://www.elitehavens.com/luxury-villa-offers || https://www.elitehavens.com/luxury-villa-offers || https://www.elitehavens.com/luxury-villa-offers || https://www.elitehavens.com/luxury-villa-offers || https://www.elitehavens.com/luxury-villa-offers || https://www.elitehavens.com/luxury-villa-offers || https://www.elitehavens.com/luxury-villa-offers || https://www.elitehavens.com/luxury-villa-offers || https://www.elitehavens.com/luxury-villa-offers || https://www.elitehavens.com/luxury-villa-offers || https://www.elitehavens.com/luxury-villa-offers || https://www.elitehavens.com/luxury-villa-offers || https://www.elitehavens.com/luxury-villa-offers || https://www.elitehavens.com/luxury-villa-offers || https://www.elitehavens.com/luxury-villa-offers || https://www.elitehavens.com/luxury-villa-offers || https://www.elitehavens.com/luxury-villa-offers || https://www.elitehavens.com/luxury-villa-offers || https://www.elitehavens.com/luxury-villa-offers || https://www.elitehavens.com/luxury-villa-offers || https://www.elitehavens.com/luxury-villa-offers || https://www.elitehavens.com/luxury-villa-offers || https://www.elitehavens.com/luxury-villa-offers || https://www.elitehavens.com/luxury-villa-offers || https://www.elitehavens.com/luxury-villa-offers || https://www.elitehavens.com/luxury-villa-offers || https://www.elitehavens.com/luxury-villa-offers || https://www.elitehavens.com/luxury-villa-offers || https://www.elitehavens.com/luxury-villa-offers || https://www.elitehavens.com/luxury-villa-offers || https://www.elitehavens.com/luxury-villa-offers || https://www.elitehavens.com/luxury-villa-offers || https://www.elitehavens.com/luxury-villa-offers || https://www.elitehavens.com/luxury-villa-offers || https://www.elitehavens.com/luxury-villa-offers || https://www.elitehavens.com/luxury-villa-offers || https://www.elitehavens.com/luxury-villa-offers || https://www.elitehavens.com/luxury-villa-offers || https://www.elitehavens.com/luxury-villa-offers || https://www.elitehavens.com/luxury-villa-offers || https://www.elitehavens.com/luxury-villa-offers,,Book Now || Book Now || Book Now || Book Now || Book Now || Book Now || Book Now || Book Now || Book Now || Book Now || Book Now || Book Now || Book Now || Book Now || Book Now || Book Now || Book Now || Book Now || Book Now || Book Now || Book Now || Book Now || Book Now || Book Now || Book Now || Book Now || Book Now || Book Now || Book Now || Book Now || Book Now || Book Now || Book Now || Book Now || Book Now || Book Now || Book Now || Book Now || Book Now || Book Now || Book Now || Book Now || Book Now || Book Now || Book Now || Book Now || Book Now || Book Now || Book Now || Book Now,Original: https://scontent.fjai6-1.fna.fbcdn.net/v/t39.35426-6/698273147_1668748204367475_3524206205819210555_n.jpg?_nc_cat=111&ccb=1-7&_nc_sid=c53f8f&_nc_ohc=fM7drTLvMGsQ7kNvwFZ-_AL&_nc_oc=AdpPRiiNOJuxkXLSi2MZvYJiMT8vuFV_wcEVsYdHsC0VAFQOwQ6Wjh6Ex0I6QKEXcOv2CER8-g9hSObrlpU1hTFW&_nc_zt=14&_nc_ht=scontent.fjai6-1.fna&_nc_gid=_zjhRG4CLcXt4z3QtCi_aA&_nc_ss=7b289&oh=00_Af_RuD00lQ8CPQvj3j-pOWNrQ7zCvUnCKwpMJExTFapgaw&oe=6A3864FC | Resized: https://scontent.fjai6-1.fna.fbcdn.net/v/t39.35426-6/700473265_985521750533770_7080924873108708199_n.jpg?stp=dst-jpg_s600x600_tt6&_nc_cat=108&ccb=1-7&_nc_sid=c53f8f&_nc_ohc=k7f_lxSPBTAQ7kNvwHGQTI0&_nc_oc=Adp9V5lnAPd2qOkb-Mu7gINAN2XJsX3elFzPsyCE2W4IN_wRb-KVq_feTOuoFRNzt26b-Dkcflaa4Vdn9K-12Cqw&_nc_zt=14&_nc_ht=scontent.fjai6-1.fna&_nc_gid=_zjhRG4CLcXt4z3QtCi_aA&_nc_ss=7b289&oh=00_Af9mPulGbViJOy0JSMrBuN0nany7ypQFiWgmjZsSV9ve3Q&oe=6A383F1B || Original: https://scontent.fjai6-1.fna.fbcdn.net/v/t39.35426-6/699969429_1283076853487553_4082870226634301505_n.jpg?_nc_cat=110&ccb=1-7&_nc_sid=c53f8f&_nc_ohc=bWipzVhV-pEQ7kNvwH88ct0&_nc_oc=AdohyRvHPNnox6dOc_tStcFcKIjMPUJKBTbCXn_k5M2v0LkzCIJoQuJ8qLNtRaupuVFNMgu65A4qPPYj56eW24qE&_nc_zt=14&_nc_ht=scontent.fjai6-1.fna&_nc_gid=_zjhRG4CLcXt4z3QtCi_aA&_nc_ss=7b289&oh=00_Af-badQf66FDs8L-gSgnqWldl0GE4a3HoCEk-ZSlIxArQQ&oe=6A383E02 | Resized: https://scontent.fjai6-1.fna.fbcdn.net/v/t39.35426-6/698209720_1881799505838887_2281338734923936639_n.jpg?stp=dst-jpg_s600x600_tt6&_nc_cat=103&ccb=1-7&_nc_sid=c53f8f&_nc_ohc=p_R3NqSwnQsQ7kNvwGg88EV&_nc_oc=Adocg0VLcSBFWL8IGoF940Cys9Ab8yqn9b3D93i6qGSTsi8PubNmYrw94C0Kz6zpCYhNcn2OcI8wFyc-M0_yXqNa&_nc_zt=14&_nc_ht=scontent.fjai6-1.fna&_nc_gid=_zjhRG4CLcXt4z3QtCi_aA&_nc_ss=7b289&oh=00_Af8fR2VY1za80bWfNAtKsyZRMupACUtSdmer3S-yKureAA&oe=6A385748 || Original: https://scontent.fjai6-1.fna.fbcdn.net/v/t39.35426-6/698572970_1515369980098225_7025998063932646863_n.jpg?_nc_cat=109&ccb=1-7&_nc_sid=c53f8f&_nc_ohc=y4kffE3a-LsQ7kNvwEfZgi5&_nc_oc=Adqkn3kn_nobbofhKF69xUg2SqJTebudFDfM5CTqs8_6g4tmyASIbuzkMwa6X_30WSlVoBBF24jocEptGRbpzuIY&_nc_zt=14&_nc_ht=scontent.fjai6-1.fna&_nc_gid=_zjhRG4CLcXt4z3QtCi_aA&_nc_ss=7b289&oh=00_Af_1d5SdeTR2MiEipGOGge0vOT5NnmEbvLqhdBsDRUUndg&oe=6A383AB7 | Resized: https://scontent.fjai6-1.fna.fbcdn.net/v/t39.35426-6/700472477_1311960663782000_4628742723319307247_n.jpg?stp=dst-jpg_s600x600_tt6&_nc_cat=109&ccb=1-7&_nc_sid=c53f8f&_nc_ohc=bMld2snYGTQQ7kNvwEmfuEJ&_nc_oc=Ado_FyapTiSOABXtMrldwtjfjCBOsAnyp5uqm37GBztvGRlqbPkL9EVWzmNfIHHUfmtfXqZfhOf7nh9NIm3YNUgU&_nc_zt=14&_nc_ht=scontent.fjai6-1.fna&_nc_gid=_zjhRG4CLcXt4z3QtCi_aA&_nc_ss=7b289&oh=00_Af_qVQIv48mm8cZ-Pi6p9ifCVy_LxH7S1CA4xRoil245-g&oe=6A384D43 || Original: https://scontent.fjai6-1.fna.fbcdn.net/v/t39.35426-6/700499812_1653589922543242_6822702755226359159_n.jpg?_nc_cat=106&ccb=1-7&_nc_sid=c53f8f&_nc_ohc=BaKY71UqoFMQ7kNvwFPHHOP&_nc_oc=Adq8YZaRAKecOEnRZBNQvMHEPe0AZqG-bH1u698AKSjJdAdrfRtDoEcC_zQiTLPQkhfh5l4gNAKgNVrBMblXIK3t&_nc_zt=14&_nc_ht=scontent.fjai6-1.fna&_nc_gid=_zjhRG4CLcXt4z3QtCi_aA&_nc_ss=7b289&oh=00_Af8jfiS_j35feOn9YDGLmDc_rpj2MH50rQa2pt-Fz6eWuQ&oe=6A383FC6 | Resized: https://scontent.fjai6-1.fna.fbcdn.net/v/t39.35426-6/700306242_1284561257166648_3693754656418810809_n.jpg?stp=dst-jpg_s600x600_tt6&_nc_cat=100&ccb=1-7&_nc_sid=c53f8f&_nc_ohc=K_bT0inhAdIQ7kNvwEtVNW1&_nc_oc=AdoVEGyigFPWZ5HAwxYGNnSe3BJL_nNqJxDuxaT8cDS3ojG3CooNOUbzTrgi2rU4dGvav1MrxZsH_iDkM_Bqiq7a&_nc_zt=14&_nc_ht=scontent.fjai6-1.fna&_nc_gid=_zjhRG4CLcXt4z3QtCi_aA&_nc_ss=7b289&oh=00_Af9-jJhfNOpQdzyHhK5wWBoMRmUx9XV2QqJ6Vnoshql-kQ&oe=6A384AD9 || Original: https://scontent.fjai6-1.fna.fbcdn.net/v/t39.35426-6/701222060_983790420717074_1686037592452505703_n.jpg?_nc_cat=105&ccb=1-7&_nc_sid=c53f8f&_nc_ohc=QmRwxxBA_hwQ7kNvwF1CCl9&_nc_oc=Adr_ZK7VdISvfDc41dIC-TWj8K0I1S1Lb2YFIX1JKLshOEvEhiGS1iWqJOS7_8d4lUzFx7HQOHfnSM2HB86kO8_g&_nc_zt=14&_nc_ht=scontent.fjai6-1.fna&_nc_gid=_zjhRG4CLcXt4z3QtCi_aA&_nc_ss=7b289&oh=00_Af-ktorQZNipRza95EUTcCaIRnhniPwI88jYPsYbVfLWfQ&oe=6A38377E | Resized: https://scontent.fjai6-1.fna.fbcdn.net/v/t39.35426-6/699469447_1993813377894916_6980858100145929030_n.jpg?stp=dst-jpg_s600x600_tt6&_nc_cat=103&ccb=1-7&_nc_sid=c53f8f&_nc_ohc=o5jxF4N7pzUQ7kNvwH3S1nw&_nc_oc=AdrFBgk7jfxaij-FY_QRUdmj_QYVhE7k9nyUlHnsJEOBO5c2xAKNtL-DBWlWSKzqeUOaqaGPDiXpUrqMae6PWGgR&_nc_zt=14&_nc_ht=scontent.fjai6-1.fna&_nc_gid=_zjhRG4CLcXt4z3QtCi_aA&_nc_ss=7b289&oh=00_Af9OjBK8xJR9KAUyEgimWlNOyPm_D-0YQm_LL54fWcp60g&oe=6A38330E || Original: https://scontent.fjai6-1.fna.fbcdn.net/v/t39.35426-6/700554867_1632756574493848_9004109971359318914_n.jpg?_nc_cat=110&ccb=1-7&_nc_sid=c53f8f&_nc_ohc=gj4NNJOEbroQ7kNvwG8-cSW&_nc_oc=AdpWKiOCGI2nGVz8KpG05JV1CWUrgkORytg7Kzg2yaflNHbOrhqNmAkmTykFjKlWmfTymFUh3kTycbuffJ1qphKo&_nc_zt=14&_nc_ht=scontent.fjai6-1.fna&_nc_gid=_zjhRG4CLcXt4z3QtCi_aA&_nc_ss=7b289&oh=00_Af86YXyrubU9aKF5ZY3nCUZwSW1Xj_adBhgMq9vEKWEDNA&oe=6A3842EB | Resized: https://scontent.fjai6-1.fna.fbcdn.net/v/t39.35426-6/701234644_1952399795407374_9078861287267942479_n.jpg?stp=dst-jpg_s600x600_tt6&_nc_cat=101&ccb=1-7&_nc_sid=c53f8f&_nc_ohc=-bbil246PuEQ7kNvwEgYEoH&_nc_oc=Adof8BLCiG86TEISEDTKw4lvnNDSV2mz9LL5ysVVDwYHwq6H1cgytFrDGAqfSSn4EUfZ44NVvB4gN1uo5EXOfF3X&_nc_zt=14&_nc_ht=scontent.fjai6-1.fna&_nc_gid=_zjhRG4CLcXt4z3QtCi_aA&_nc_ss=7b289&oh=00_Af9Zspw0ZYcGESMcoS-7fCailCBNspTPY0lbteuspR8qng&oe=6A38459C || Original: https://scontent.fjai6-1.fna.fbcdn.net/v/t39.35426-6/700453722_1430060238890957_1728224138542425191_n.jpg?_nc_cat=105&ccb=1-7&_nc_sid=c53f8f&_nc_ohc=CW9PRt3me0cQ7kNvwHvYa48&_nc_oc=Adqtxx6-3zjCb0MKXeBshQjkxeqxfGOtvphbZUYGUCHesa3kyQQgp18vCOFwIcIlxGKUmGtzuf614KGCOKb3kUCj&_nc_zt=14&_nc_ht=scontent.fjai6-1.fna&_nc_gid=_zjhRG4CLcXt4z3QtCi_aA&_nc_ss=7b289&oh=00_Af-WkBhdPf_a1IYQJ7t0y7p4mCFRiAYtK2UERSYM2iSycw&oe=6A38340C | Resized: https://scontent.fjai6-1.fna.fbcdn.net/v/t39.35426-6/699492298_1632873341164212_7988591053175607103_n.jpg?stp=dst-jpg_s600x600_tt6&_nc_cat=101&ccb=1-7&_nc_sid=c53f8f&_nc_ohc=4MePOMhsMjYQ7kNvwFBW42o&_nc_oc=Adq2QvyHWv_aObjKUVMwRbqjRVaM2ow9ZPJnS10fTdVTjOASBuK8Cvz5PntgmQ5MxEMT1UZI5VNExqFhTv0_6dW_&_nc_zt=14&_nc_ht=scontent.fjai6-1.fna&_nc_gid=_zjhRG4CLcXt4z3QtCi_aA&_nc_ss=7b289&oh=00_Af9AVBxL66QyLjkA-QjSx7sbQKfye3Qlo88fzHOYf8Zi3A&oe=6A385BAC || Original: https://scontent.fjai6-1.fna.fbcdn.net/v/t39.35426-6/698273153_1028559436164997_4264636178336866403_n.jpg?_nc_cat=100&ccb=1-7&_nc_sid=c53f8f&_nc_ohc=ndWEa5FMPYgQ7kNvwHDWxuR&_nc_oc=Adps90bNEXYdbHlUpVjSgCldwIhNKisJKJzQSga799VWcds9eFRDAWTn-56Q5WX3kRFnF332_aplW1KlsN1cnrg5&_nc_zt=14&_nc_ht=scontent.fjai6-1.fna&_nc_gid=_zjhRG4CLcXt4z3QtCi_aA&_nc_ss=7b289&oh=00_Af9U0HKVh8rJax54i2As8romtmJPkVioi49yf23UjKShPw&oe=6A385B89 | Resized: https://scontent.fjai6-1.fna.fbcdn.net/v/t39.35426-6/700472477_964811876297658_3663023256924116000_n.jpg?stp=dst-jpg_s600x600_tt6&_nc_cat=105&ccb=1-7&_nc_sid=c53f8f&_nc_ohc=xQ5tAuGh5fMQ7kNvwHoPpOD&_nc_oc=AdonIVMpFW5jJr4KA9_8ER23Md0Ic76FE-lLNlI-9jXpm1Dz22aBkUuyDYvwjemrO0rYLT4xF1Q6wXKGizr6cnGj&_nc_zt=14&_nc_ht=scontent.fjai6-1.fna&_nc_gid=_zjhRG4CLcXt4z3QtCi_aA&_nc_ss=7b289&oh=00_Af-r9ZwXF4S0nBKk1S30XW4h3ju8NhD4kVAsxqbJSVH35Q&oe=6A3844AF || Original: https://scontent.fjai6-1.fna.fbcdn.net/v/t39.35426-6/699830637_1370358524945334_5213726416120234924_n.jpg?_nc_cat=108&ccb=1-7&_nc_sid=c53f8f&_nc_ohc=-WXZHCo8WhIQ7kNvwHhjxjx&_nc_oc=AdqjDBQbTD3mGE9JO33WPlbLf6mFrfRxX4aHHSh8s_vclgQQQLQLIGNIOeFptwHFNNxivJkKFFePgYz5Tr3G_FYG&_nc_zt=14&_nc_ht=scontent.fjai6-1.fna&_nc_gid=_zjhRG4CLcXt4z3QtCi_aA&_nc_ss=7b289&oh=00_Af_zi1qfJ5_5q1MKqsI-UHYMqDkTqGs5SihMl5k9P08HOw&oe=6A384E0F | Resized: https://scontent.fjai6-1.fna.fbcdn.net/v/t39.35426-6/699892721_1326202586114912_7057360694235604561_n.jpg?stp=dst-jpg_s600x600_tt6&_nc_cat=100&ccb=1-7&_nc_sid=c53f8f&_nc_ohc=22U7cap7VtoQ7kNvwHYRIau&_nc_oc=Ado7O2BZd1hxzV-vU9h1j_LZS1UKLvjFKGbizAhz8GKHih-9t_UOm8BoYKYY2s49XSZYFE00rXwTZa_oR_gGnoNe&_nc_zt=14&_nc_ht=scontent.fjai6-1.fna&_nc_gid=_zjhRG4CLcXt4z3QtCi_aA&_nc_ss=7b289&oh=00_Af9Kn3QWBi9-axCVSaQqG2r-bMhRNDWAzqMHaOPhmbKa6Q&oe=6A3861E7 || Original: https://scontent.fjai6-1.fna.fbcdn.net/v/t39.35426-6/700477283_1499588141692821_7536563703621818043_n.jpg?_nc_cat=105&ccb=1-7&_nc_sid=c53f8f&_nc_ohc=j7ICyXHQG7UQ7kNvwEHrUja&_nc_oc=AdqZ59BtIJf6Bkzgc61al1Td4DSXMwpbBdY850SlZ_IksXLBW2DGlqDdXKJeWKtA8YQWebn84d8IjU7OG3WdnuiG&_nc_zt=14&_nc_ht=scontent.fjai6-1.fna&_nc_gid=_zjhRG4CLcXt4z3QtCi_aA&_nc_ss=7b289&oh=00_Af8X-ToqF_yPZDfOdElSsvG4yNzk0sZ-VjDSqfcbiuc0ug&oe=6A384C75 | Resized: https://scontent.fjai6-1.fna.fbcdn.net/v/t39.35426-6/698784101_1378490384302243_1883153692901011147_n.jpg?stp=dst-jpg_s600x600_tt6&_nc_cat=111&ccb=1-7&_nc_sid=c53f8f&_nc_ohc=GdRUQhsx7PMQ7kNvwHm3S0x&_nc_oc=Adpf5yzYN1JdAiMZ4p3RzWDdLZgk_F0U3HpII4Klk_-f2T4_9tLtU4t4A-dNXk3cWCQ_dtXI570lOD3xABUWkCbh&_nc_zt=14&_nc_ht=scontent.fjai6-1.fna&_nc_gid=_zjhRG4CLcXt4z3QtCi_aA&_nc_ss=7b289&oh=00_Af_7AQkYLlAJpDUvg6asw2SnLFPzMJjTQiKvAvX0dvEKcw&oe=6A3830FC || Original: https://scontent.fjai6-1.fna.fbcdn.net/v/t39.35426-6/698273147_1668748204367475_3524206205819210555_n.jpg?_nc_cat=111&ccb=1-7&_nc_sid=c53f8f&_nc_ohc=fM7drTLvMGsQ7kNvwFZ-_AL&_nc_oc=AdpPRiiNOJuxkXLSi2MZvYJiMT8vuFV_wcEVsYdHsC0VAFQOwQ6Wjh6Ex0I6QKEXcOv2CER8-g9hSObrlpU1hTFW&_nc_zt=14&_nc_ht=scontent.fjai6-1.fna&_nc_gid=_zjhRG4CLcXt4z3QtCi_aA&_nc_ss=7b289&oh=00_Af_RuD00lQ8CPQvj3j-pOWNrQ7zCvUnCKwpMJExTFapgaw&oe=6A3864FC | Resized: https://scontent.fjai6-1.fna.fbcdn.net/v/t39.35426-6/700473265_985521750533770_7080924873108708199_n.jpg?stp=dst-jpg_s600x600_tt6&_nc_cat=108&ccb=1-7&_nc_sid=c53f8f&_nc_ohc=k7f_lxSPBTAQ7kNvwHGQTI0&_nc_oc=Adp9V5lnAPd2qOkb-Mu7gINAN2XJsX3elFzPsyCE2W4IN_wRb-KVq_feTOuoFRNzt26b-Dkcflaa4Vdn9K-12Cqw&_nc_zt=14&_nc_ht=scontent.fjai6-1.fna&_nc_gid=_zjhRG4CLcXt4z3QtCi_aA&_nc_ss=7b289&oh=00_Af9mPulGbViJOy0JSMrBuN0nany7ypQFiWgmjZsSV9ve3Q&oe=6A383F1B || Original: https://scontent.fjai6-1.fna.fbcdn.net/v/t39.35426-6/699969429_1283076853487553_4082870226634301505_n.jpg?_nc_cat=110&ccb=1-7&_nc_sid=c53f8f&_nc_ohc=bWipzVhV-pEQ7kNvwH88ct0&_nc_oc=AdohyRvHPNnox6dOc_tStcFcKIjMPUJKBTbCXn_k5M2v0LkzCIJoQuJ8qLNtRaupuVFNMgu65A4qPPYj56eW24qE&_nc_zt=14&_nc_ht=scontent.fjai6-1.fna&_nc_gid=_zjhRG4CLcXt4z3QtCi_aA&_nc_ss=7b289&oh=00_Af-badQf66FDs8L-gSgnqWldl0GE4a3HoCEk-ZSlIxArQQ&oe=6A383E02 | Resized: https://scontent.fjai6-1.fna.fbcdn.net/v/t39.35426-6/698209720_1881799505838887_2281338734923936639_n.jpg?stp=dst-jpg_s600x600_tt6&_nc_cat=103&ccb=1-7&_nc_sid=c53f8f&_nc_ohc=p_R3NqSwnQsQ7kNvwGg88EV&_nc_oc=Adocg0VLcSBFWL8IGoF940Cys9Ab8yqn9b3D93i6qGSTsi8PubNmYrw94C0Kz6zpCYhNcn2OcI8wFyc-M0_yXqNa&_nc_zt=14&_nc_ht=scontent.fjai6-1.fna&_nc_gid=_zjhRG4CLcXt4z3QtCi_aA&_nc_ss=7b289&oh=00_Af8fR2VY1za80bWfNAtKsyZRMupACUtSdmer3S-yKureAA&oe=6A385748 || Original: https://scontent.fjai6-1.fna.fbcdn.net/v/t39.35426-6/698572970_1515369980098225_7025998063932646863_n.jpg?_nc_cat=109&ccb=1-7&_nc_sid=c53f8f&_nc_ohc=y4kffE3a-LsQ7kNvwEfZgi5&_nc_oc=Adqkn3kn_nobbofhKF69xUg2SqJTebudFDfM5CTqs8_6g4tmyASIbuzkMwa6X_30WSlVoBBF24jocEptGRbpzuIY&_nc_zt=14&_nc_ht=scontent.fjai6-1.fna&_nc_gid=_zjhRG4CLcXt4z3QtCi_aA&_nc_ss=7b289&oh=00_Af_1d5SdeTR2MiEipGOGge0vOT5NnmEbvLqhdBsDRUUndg&oe=6A383AB7 | Resized: https://scontent.fjai6-1.fna.fbcdn.net/v/t39.35426-6/700472477_1311960663782000_4628742723319307247_n.jpg?stp=dst-jpg_s600x600_tt6&_nc_cat=109&ccb=1-7&_nc_sid=c53f8f&_nc_ohc=bMld2snYGTQQ7kNvwEmfuEJ&_nc_oc=Ado_FyapTiSOABXtMrldwtjfjCBOsAnyp5uqm37GBztvGRlqbPkL9EVWzmNfIHHUfmtfXqZfhOf7nh9NIm3YNUgU&_nc_zt=14&_nc_ht=scontent.fjai6-1.fna&_nc_gid=_zjhRG4CLcXt4z3QtCi_aA&_nc_ss=7b289&oh=00_Af_qVQIv48mm8cZ-Pi6p9ifCVy_LxH7S1CA4xRoil245-g&oe=6A384D43 || Original: https://scontent.fjai6-1.fna.fbcdn.net/v/t39.35426-6/700499812_1653589922543242_6822702755226359159_n.jpg?_nc_cat=106&ccb=1-7&_nc_sid=c53f8f&_nc_ohc=BaKY71UqoFMQ7kNvwFPHHOP&_nc_oc=Adq8YZaRAKecOEnRZBNQvMHEPe0AZqG-bH1u698AKSjJdAdrfRtDoEcC_zQiTLPQkhfh5l4gNAKgNVrBMblXIK3t&_nc_zt=14&_nc_ht=scontent.fjai6-1.fna&_nc_gid=_zjhRG4CLcXt4z3QtCi_aA&_nc_ss=7b289&oh=00_Af8jfiS_j35feOn9YDGLmDc_rpj2MH50rQa2pt-Fz6eWuQ&oe=6A383FC6 | Resized: https://scontent.fjai6-1.fna.fbcdn.net/v/t39.35426-6/700306242_1284561257166648_3693754656418810809_n.jpg?stp=dst-jpg_s600x600_tt6&_nc_cat=100&ccb=1-7&_nc_sid=c53f8f&_nc_ohc=K_bT0inhAdIQ7kNvwEtVNW1&_nc_oc=AdoVEGyigFPWZ5HAwxYGNnSe3BJL_nNqJxDuxaT8cDS3ojG3CooNOUbzTrgi2rU4dGvav1MrxZsH_iDkM_Bqiq7a&_nc_zt=14&_nc_ht=scontent.fjai6-1.fna&_nc_gid=_zjhRG4CLcXt4z3QtCi_aA&_nc_ss=7b289&oh=00_Af9-jJhfNOpQdzyHhK5wWBoMRmUx9XV2QqJ6Vnoshql-kQ&oe=6A384AD9 || Original: https://scontent.fjai6-1.fna.fbcdn.net/v/t39.35426-6/701222060_983790420717074_1686037592452505703_n.jpg?_nc_cat=105&ccb=1-7&_nc_sid=c53f8f&_nc_ohc=QmRwxxBA_hwQ7kNvwF1CCl9&_nc_oc=Adr_ZK7VdISvfDc41dIC-TWj8K0I1S1Lb2YFIX1JKLshOEvEhiGS1iWqJOS7_8d4lUzFx7HQOHfnSM2HB86kO8_g&_nc_zt=14&_nc_ht=scontent.fjai6-1.fna&_nc_gid=_zjhRG4CLcXt4z3QtCi_aA&_nc_ss=7b289&oh=00_Af-ktorQZNipRza95EUTcCaIRnhniPwI88jYPsYbVfLWfQ&oe=6A38377E | Resized: https://scontent.fjai6-1.fna.fbcdn.net/v/t39.35426-6/699469447_1993813377894916_6980858100145929030_n.jpg?stp=dst-jpg_s600x600_tt6&_nc_cat=103&ccb=1-7&_nc_sid=c53f8f&_nc_ohc=o5jxF4N7pzUQ7kNvwH3S1nw&_nc_oc=AdrFBgk7jfxaij-FY_QRUdmj_QYVhE7k9nyUlHnsJEOBO5c2xAKNtL-DBWlWSKzqeUOaqaGPDiXpUrqMae6PWGgR&_nc_zt=14&_nc_ht=scontent.fjai6-1.fna&_nc_gid=_zjhRG4CLcXt4z3QtCi_aA&_nc_ss=7b289&oh=00_Af9OjBK8xJR9KAUyEgimWlNOyPm_D-0YQm_LL54fWcp60g&oe=6A38330E || Original: https://scontent.fjai6-1.fna.fbcdn.net/v/t39.35426-6/700554867_1632756574493848_9004109971359318914_n.jpg?_nc_cat=110&ccb=1-7&_nc_sid=c53f8f&_nc_ohc=gj4NNJOEbroQ7kNvwG8-cSW&_nc_oc=AdpWKiOCGI2nGVz8KpG05JV1CWUrgkORytg7Kzg2yaflNHbOrhqNmAkmTykFjKlWmfTymFUh3kTycbuffJ1qphKo&_nc_zt=14&_nc_ht=scontent.fjai6-1.fna&_nc_gid=_zjhRG4CLcXt4z3QtCi_aA&_nc_ss=7b289&oh=00_Af86YXyrubU9aKF5ZY3nCUZwSW1Xj_adBhgMq9vEKWEDNA&oe=6A3842EB | Resized: https://scontent.fjai6-1.fna.fbcdn.net/v/t39.35426-6/701234644_1952399795407374_9078861287267942479_n.jpg?stp=dst-jpg_s600x600_tt6&_nc_cat=101&ccb=1-7&_nc_sid=c53f8f&_nc_ohc=-bbil246PuEQ7kNvwEgYEoH&_nc_oc=Adof8BLCiG86TEISEDTKw4lvnNDSV2mz9LL5ysVVDwYHwq6H1cgytFrDGAqfSSn4EUfZ44NVvB4gN1uo5EXOfF3X&_nc_zt=14&_nc_ht=scontent.fjai6-1.fna&_nc_gid=_zjhRG4CLcXt4z3QtCi_aA&_nc_ss=7b289&oh=00_Af9Zspw0ZYcGESMcoS-7fCailCBNspTPY0lbteuspR8qng&oe=6A38459C || Original: https://scontent.fjai6-1.fna.fbcdn.net/v/t39.35426-6/700453722_1430060238890957_1728224138542425191_n.jpg?_nc_cat=105&ccb=1-7&_nc_sid=c53f8f&_nc_ohc=CW9PRt3me0cQ7kNvwHvYa48&_nc_oc=Adqtxx6-3zjCb0MKXeBshQjkxeqxfGOtvphbZUYGUCHesa3kyQQgp18vCOFwIcIlxGKUmGtzuf614KGCOKb3kUCj&_nc_zt=14&_nc_ht=scontent.fjai6-1.fna&_nc_gid=_zjhRG4CLcXt4z3QtCi_aA&_nc_ss=7b289&oh=00_Af-WkBhdPf_a1IYQJ7t0y7p4mCFRiAYtK2UERSYM2iSycw&oe=6A38340C | Resized: https://scontent.fjai6-1.fna.fbcdn.net/v/t39.35426-6/699492298_1632873341164212_7988591053175607103_n.jpg?stp=dst-jpg_s600x600_tt6&_nc_cat=101&ccb=1-7&_nc_sid=c53f8f&_nc_ohc=4MePOMhsMjYQ7kNvwFBW42o&_nc_oc=Adq2QvyHWv_aObjKUVMwRbqjRVaM2ow9ZPJnS10fTdVTjOASBuK8Cvz5PntgmQ5MxEMT1UZI5VNExqFhTv0_6dW_&_nc_zt=14&_nc_ht=scontent.fjai6-1.fna&_nc_gid=_zjhRG4CLcXt4z3QtCi_aA&_nc_ss=7b289&oh=00_Af9AVBxL66QyLjkA-QjSx7sbQKfye3Qlo88fzHOYf8Zi3A&oe=6A385BAC || Original: https://scontent.fjai6-1.fna.fbcdn.net/v/t39.35426-6/698273153_1028559436164997_4264636178336866403_n.jpg?_nc_cat=100&ccb=1-7&_nc_sid=c53f8f&_nc_ohc=ndWEa5FMPYgQ7kNvwHDWxuR&_nc_oc=Adps90bNEXYdbHlUpVjSgCldwIhNKisJKJzQSga799VWcds9eFRDAWTn-56Q5WX3kRFnF332_aplW1KlsN1cnrg5&_nc_zt=14&_nc_ht=scontent.fjai6-1.fna&_nc_gid=_zjhRG4CLcXt4z3QtCi_aA&_nc_ss=7b289&oh=00_Af9U0HKVh8rJax54i2As8romtmJPkVioi49yf23UjKShPw&oe=6A385B89 | Resized: https://scontent.fjai6-1.fna.fbcdn.net/v/t39.35426-6/700472477_964811876297658_3663023256924116000_n.jpg?stp=dst-jpg_s600x600_tt6&_nc_cat=105&ccb=1-7&_nc_sid=c53f8f&_nc_ohc=xQ5tAuGh5fMQ7kNvwHoPpOD&_nc_oc=AdonIVMpFW5jJr4KA9_8ER23Md0Ic76FE-lLNlI-9jXpm1Dz22aBkUuyDYvwjemrO0rYLT4xF1Q6wXKGizr6cnGj&_nc_zt=14&_nc_ht=scontent.fjai6-1.fna&_nc_gid=_zjhRG4CLcXt4z3QtCi_aA&_nc_ss=7b289&oh=00_Af-r9ZwXF4S0nBKk1S30XW4h3ju8NhD4kVAsxqbJSVH35Q&oe=6A3844AF || Original: https://scontent.fjai6-1.fna.fbcdn.net/v/t39.35426-6/699830637_1370358524945334_5213726416120234924_n.jpg?_nc_cat=108&ccb=1-7&_nc_sid=c53f8f&_nc_ohc=-WXZHCo8WhIQ7kNvwHhjxjx&_nc_oc=AdqjDBQbTD3mGE9JO33WPlbLf6mFrfRxX4aHHSh8s_vclgQQQLQLIGNIOeFptwHFNNxivJkKFFePgYz5Tr3G_FYG&_nc_zt=14&_nc_ht=scontent.fjai6-1.fna&_nc_gid=_zjhRG4CLcXt4z3QtCi_aA&_nc_ss=7b289&oh=00_Af_zi1qfJ5_5q1MKqsI-UHYMqDkTqGs5SihMl5k9P08HOw&oe=6A384E0F | Resized: https://scontent.fjai6-1.fna.fbcdn.net/v/t39.35426-6/699892721_1326202586114912_7057360694235604561_n.jpg?stp=dst-jpg_s600x600_tt6&_nc_cat=100&ccb=1-7&_nc_sid=c53f8f&_nc_ohc=22U7cap7VtoQ7kNvwHYRIau&_nc_oc=Ado7O2BZd1hxzV-vU9h1j_LZS1UKLvjFKGbizAhz8GKHih-9t_UOm8BoYKYY2s49XSZYFE00rXwTZa_oR_gGnoNe&_nc_zt=14&_nc_ht=scontent.fjai6-1.fna&_nc_gid=_zjhRG4CLcXt4z3QtCi_aA&_nc_ss=7b289&oh=00_Af9Kn3QWBi9-axCVSaQqG2r-bMhRNDWAzqMHaOPhmbKa6Q&oe=6A3861E7 || Original: https://scontent.fjai6-1.fna.fbcdn.net/v/t39.35426-6/700477283_1499588141692821_7536563703621818043_n.jpg?_nc_cat=105&ccb=1-7&_nc_sid=c53f8f&_nc_ohc=j7ICyXHQG7UQ7kNvwEHrUja&_nc_oc=AdqZ59BtIJf6Bkzgc61al1Td4DSXMwpbBdY850SlZ_IksXLBW2DGlqDdXKJeWKtA8YQWebn84d8IjU7OG3WdnuiG&_nc_zt=14&_nc_ht=scontent.fjai6-1.fna&_nc_gid=_zjhRG4CLcXt4z3QtCi_aA&_nc_ss=7b289&oh=00_Af8X-ToqF_yPZDfOdElSsvG4yNzk0sZ-VjDSqfcbiuc0ug&oe=6A384C75 | Resized: https://scontent.fjai6-1.fna.fbcdn.net/v/t39.35426-6/698784101_1378490384302243_1883153692901011147_n.jpg?stp=dst-jpg_s600x600_tt6&_nc_cat=111&ccb=1-7&_nc_sid=c53f8f&_nc_ohc=GdRUQhsx7PMQ7kNvwHm3S0x&_nc_oc=Adpf5yzYN1JdAiMZ4p3RzWDdLZgk_F0U3HpII4Klk_-f2T4_9tLtU4t4A-dNXk3cWCQ_dtXI570lOD3xABUWkCbh&_nc_zt=14&_nc_ht=scontent.fjai6-1.fna&_nc_gid=_zjhRG4CLcXt4z3QtCi_aA&_nc_ss=7b289&oh=00_Af_7AQkYLlAJpDUvg6asw2SnLFPzMJjTQiKvAvX0dvEKcw&oe=6A3830FC || Original: https://scontent.fjai6-1.fna.fbcdn.net/v/t39.35426-6/698273147_1668748204367475_3524206205819210555_n.jpg?_nc_cat=111&ccb=1-7&_nc_sid=c53f8f&_nc_ohc=fM7drTLvMGsQ7kNvwFZ-_AL&_nc_oc=AdpPRiiNOJuxkXLSi2MZvYJiMT8vuFV_wcEVsYdHsC0VAFQOwQ6Wjh6Ex0I6QKEXcOv2CER8-g9hSObrlpU1hTFW&_nc_zt=14&_nc_ht=scontent.fjai6-1.fna&_nc_gid=_zjhRG4CLcXt4z3QtCi_aA&_nc_ss=7b289&oh=00_Af_RuD00lQ8CPQvj3j-pOWNrQ7zCvUnCKwpMJExTFapgaw&oe=6A3864FC | Resized: https://scontent.fjai6-1.fna.fbcdn.net/v/t39.35426-6/700473265_985521750533770_7080924873108708199_n.jpg?stp=dst-jpg_s600x600_tt6&_nc_cat=108&ccb=1-7&_nc_sid=c53f8f&_nc_ohc=k7f_lxSPBTAQ7kNvwHGQTI0&_nc_oc=Adp9V5lnAPd2qOkb-Mu7gINAN2XJsX3elFzPsyCE2W4IN_wRb-KVq_feTOuoFRNzt26b-Dkcflaa4Vdn9K-12Cqw&_nc_zt=14&_nc_ht=scontent.fjai6-1.fna&_nc_gid=_zjhRG4CLcXt4z3QtCi_aA&_nc_ss=7b289&oh=00_Af9mPulGbViJOy0JSMrBuN0nany7ypQFiWgmjZsSV9ve3Q&oe=6A383F1B || Original: https://scontent.fjai6-1.fna.fbcdn.net/v/t39.35426-6/699969429_1283076853487553_4082870226634301505_n.jpg?_nc_cat=110&ccb=1-7&_nc_sid=c53f8f&_nc_ohc=bWipzVhV-pEQ7kNvwH88ct0&_nc_oc=AdohyRvHPNnox6dOc_tStcFcKIjMPUJKBTbCXn_k5M2v0LkzCIJoQuJ8qLNtRaupuVFNMgu65A4qPPYj56eW24qE&_nc_zt=14&_nc_ht=scontent.fjai6-1.fna&_nc_gid=_zjhRG4CLcXt4z3QtCi_aA&_nc_ss=7b289&oh=00_Af-badQf66FDs8L-gSgnqWldl0GE4a3HoCEk-ZSlIxArQQ&oe=6A383E02 | Resized: https://scontent.fjai6-1.fna.fbcdn.net/v/t39.35426-6/698209720_1881799505838887_2281338734923936639_n.jpg?stp=dst-jpg_s600x600_tt6&_nc_cat=103&ccb=1-7&_nc_sid=c53f8f&_nc_ohc=p_R3NqSwnQsQ7kNvwGg88EV&_nc_oc=Adocg0VLcSBFWL8IGoF940Cys9Ab8yqn9b3D93i6qGSTsi8PubNmYrw94C0Kz6zpCYhNcn2OcI8wFyc-M0_yXqNa&_nc_zt=14&_nc_ht=scontent.fjai6-1.fna&_nc_gid=_zjhRG4CLcXt4z3QtCi_aA&_nc_ss=7b289&oh=00_Af8fR2VY1za80bWfNAtKsyZRMupACUtSdmer3S-yKureAA&oe=6A385748 || Original: https://scontent.fjai6-1.fna.fbcdn.net/v/t39.35426-6/698572970_1515369980098225_7025998063932646863_n.jpg?_nc_cat=109&ccb=1-7&_nc_sid=c53f8f&_nc_ohc=y4kffE3a-LsQ7kNvwEfZgi5&_nc_oc=Adqkn3kn_nobbofhKF69xUg2SqJTebudFDfM5CTqs8_6g4tmyASIbuzkMwa6X_30WSlVoBBF24jocEptGRbpzuIY&_nc_zt=14&_nc_ht=scontent.fjai6-1.fna&_nc_gid=_zjhRG4CLcXt4z3QtCi_aA&_nc_ss=7b289&oh=00_Af_1d5SdeTR2MiEipGOGge0vOT5NnmEbvLqhdBsDRUUndg&oe=6A383AB7 | Resized: https://scontent.fjai6-1.fna.fbcdn.net/v/t39.35426-6/700472477_1311960663782000_4628742723319307247_n.jpg?stp=dst-jpg_s600x600_tt6&_nc_cat=109&ccb=1-7&_nc_sid=c53f8f&_nc_ohc=bMld2snYGTQQ7kNvwEmfuEJ&_nc_oc=Ado_FyapTiSOABXtMrldwtjfjCBOsAnyp5uqm37GBztvGRlqbPkL9EVWzmNfIHHUfmtfXqZfhOf7nh9NIm3YNUgU&_nc_zt=14&_nc_ht=scontent.fjai6-1.fna&_nc_gid=_zjhRG4CLcXt4z3QtCi_aA&_nc_ss=7b289&oh=00_Af_qVQIv48mm8cZ-Pi6p9ifCVy_LxH7S1CA4xRoil245-g&oe=6A384D43 || Original: https://scontent.fjai6-1.fna.fbcdn.net/v/t39.35426-6/700499812_1653589922543242_6822702755226359159_n.jpg?_nc_cat=106&ccb=1-7&_nc_sid=c53f8f&_nc_ohc=BaKY71UqoFMQ7kNvwFPHHOP&_nc_oc=Adq8YZaRAKecOEnRZBNQvMHEPe0AZqG-bH1u698AKSjJdAdrfRtDoEcC_zQiTLPQkhfh5l4gNAKgNVrBMblXIK3t&_nc_zt=14&_nc_ht=scontent.fjai6-1.fna&_nc_gid=_zjhRG4CLcXt4z3QtCi_aA&_nc_ss=7b289&oh=00_Af8jfiS_j35feOn9YDGLmDc_rpj2MH50rQa2pt-Fz6eWuQ&oe=6A383FC6 | Resized: https://scontent.fjai6-1.fna.fbcdn.net/v/t39.35426-6/700306242_1284561257166648_3693754656418810809_n.jpg?stp=dst-jpg_s600x600_tt6&_nc_cat=100&ccb=1-7&_nc_sid=c53f8f&_nc_ohc=K_bT0inhAdIQ7kNvwEtVNW1&_nc_oc=AdoVEGyigFPWZ5HAwxYGNnSe3BJL_nNqJxDuxaT8cDS3ojG3CooNOUbzTrgi2rU4dGvav1MrxZsH_iDkM_Bqiq7a&_nc_zt=14&_nc_ht=scontent.fjai6-1.fna&_nc_gid=_zjhRG4CLcXt4z3QtCi_aA&_nc_ss=7b289&oh=00_Af9-jJhfNOpQdzyHhK5wWBoMRmUx9XV2QqJ6Vnoshql-kQ&oe=6A384AD9 || Original: https://scontent.fjai6-1.fna.fbcdn.net/v/t39.35426-6/701222060_983790420717074_1686037592452505703_n.jpg?_nc_cat=105&ccb=1-7&_nc_sid=c53f8f&_nc_ohc=QmRwxxBA_hwQ7kNvwF1CCl9&_nc_oc=Adr_ZK7VdISvfDc41dIC-TWj8K0I1S1Lb2YFIX1JKLshOEvEhiGS1iWqJOS7_8d4lUzFx7HQOHfnSM2HB86kO8_g&_nc_zt=14&_nc_ht=scontent.fjai6-1.fna&_nc_gid=_zjhRG4CLcXt4z3QtCi_aA&_nc_ss=7b289&oh=00_Af-ktorQZNipRza95EUTcCaIRnhniPwI88jYPsYbVfLWfQ&oe=6A38377E | Resized: https://scontent.fjai6-1.fna.fbcdn.net/v/t39.35426-6/699469447_1993813377894916_6980858100145929030_n.jpg?stp=dst-jpg_s600x600_tt6&_nc_cat=103&ccb=1-7&_nc_sid=c53f8f&_nc_ohc=o5jxF4N7pzUQ7kNvwH3S1nw&_nc_oc=AdrFBgk7jfxaij-FY_QRUdmj_QYVhE7k9nyUlHnsJEOBO5c2xAKNtL-DBWlWSKzqeUOaqaGPDiXpUrqMae6PWGgR&_nc_zt=14&_nc_ht=scontent.fjai6-1.fna&_nc_gid=_zjhRG4CLcXt4z3QtCi_aA&_nc_ss=7b289&oh=00_Af9OjBK8xJR9KAUyEgimWlNOyPm_D-0YQm_LL54fWcp60g&oe=6A38330E || Original: https://scontent.fjai6-1.fna.fbcdn.net/v/t39.35426-6/700554867_1632756574493848_9004109971359318914_n.jpg?_nc_cat=110&ccb=1-7&_nc_sid=c53f8f&_nc_ohc=gj4NNJOEbroQ7kNvwG8-cSW&_nc_oc=AdpWKiOCGI2nGVz8KpG05JV1CWUrgkORytg7Kzg2yaflNHbOrhqNmAkmTykFjKlWmfTymFUh3kTycbuffJ1qphKo&_nc_zt=14&_nc_ht=scontent.fjai6-1.fna&_nc_gid=_zjhRG4CLcXt4z3QtCi_aA&_nc_ss=7b289&oh=00_Af86YXyrubU9aKF5ZY3nCUZwSW1Xj_adBhgMq9vEKWEDNA&oe=6A3842EB | Resized: https://scontent.fjai6-1.fna.fbcdn.net/v/t39.35426-6/701234644_1952399795407374_9078861287267942479_n.jpg?stp=dst-jpg_s600x600_tt6&_nc_cat=101&ccb=1-7&_nc_sid=c53f8f&_nc_ohc=-bbil246PuEQ7kNvwEgYEoH&_nc_oc=Adof8BLCiG86TEISEDTKw4lvnNDSV2mz9LL5ysVVDwYHwq6H1cgytFrDGAqfSSn4EUfZ44NVvB4gN1uo5EXOfF3X&_nc_zt=14&_nc_ht=scontent.fjai6-1.fna&_nc_gid=_zjhRG4CLcXt4z3QtCi_aA&_nc_ss=7b289&oh=00_Af9Zspw0ZYcGESMcoS-7fCailCBNspTPY0lbteuspR8qng&oe=6A38459C || Original: https://scontent.fjai6-1.fna.fbcdn.net/v/t39.35426-6/700453722_1430060238890957_1728224138542425191_n.jpg?_nc_cat=105&ccb=1-7&_nc_sid=c53f8f&_nc_ohc=CW9PRt3me0cQ7kNvwHvYa48&_nc_oc=Adqtxx6-3zjCb0MKXeBshQjkxeqxfGOtvphbZUYGUCHesa3kyQQgp18vCOFwIcIlxGKUmGtzuf614KGCOKb3kUCj&_nc_zt=14&_nc_ht=scontent.fjai6-1.fna&_nc_gid=_zjhRG4CLcXt4z3QtCi_aA&_nc_ss=7b289&oh=00_Af-WkBhdPf_a1IYQJ7t0y7p4mCFRiAYtK2UERSYM2iSycw&oe=6A38340C | Resized: https://scontent.fjai6-1.fna.fbcdn.net/v/t39.35426-6/699492298_1632873341164212_7988591053175607103_n.jpg?stp=dst-jpg_s600x600_tt6&_nc_cat=101&ccb=1-7&_nc_sid=c53f8f&_nc_ohc=4MePOMhsMjYQ7kNvwFBW42o&_nc_oc=Adq2QvyHWv_aObjKUVMwRbqjRVaM2ow9ZPJnS10fTdVTjOASBuK8Cvz5PntgmQ5MxEMT1UZI5VNExqFhTv0_6dW_&_nc_zt=14&_nc_ht=scontent.fjai6-1.fna&_nc_gid=_zjhRG4CLcXt4z3QtCi_aA&_nc_ss=7b289&oh=00_Af9AVBxL66QyLjkA-QjSx7sbQKfye3Qlo88fzHOYf8Zi3A&oe=6A385BAC || Original: https://scontent.fjai6-1.fna.fbcdn.net/v/t39.35426-6/698273153_1028559436164997_4264636178336866403_n.jpg?_nc_cat=100&ccb=1-7&_nc_sid=c53f8f&_nc_ohc=ndWEa5FMPYgQ7kNvwHDWxuR&_nc_oc=Adps90bNEXYdbHlUpVjSgCldwIhNKisJKJzQSga799VWcds9eFRDAWTn-56Q5WX3kRFnF332_aplW1KlsN1cnrg5&_nc_zt=14&_nc_ht=scontent.fjai6-1.fna&_nc_gid=_zjhRG4CLcXt4z3QtCi_aA&_nc_ss=7b289&oh=00_Af9U0HKVh8rJax54i2As8romtmJPkVioi49yf23UjKShPw&oe=6A385B89 | Resized: https://scontent.fjai6-1.fna.fbcdn.net/v/t39.35426-6/700472477_964811876297658_3663023256924116000_n.jpg?stp=dst-jpg_s600x600_tt6&_nc_cat=105&ccb=1-7&_nc_sid=c53f8f&_nc_ohc=xQ5tAuGh5fMQ7kNvwHoPpOD&_nc_oc=AdonIVMpFW5jJr4KA9_8ER23Md0Ic76FE-lLNlI-9jXpm1Dz22aBkUuyDYvwjemrO0rYLT4xF1Q6wXKGizr6cnGj&_nc_zt=14&_nc_ht=scontent.fjai6-1.fna&_nc_gid=_zjhRG4CLcXt4z3QtCi_aA&_nc_ss=7b289&oh=00_Af-r9ZwXF4S0nBKk1S30XW4h3ju8NhD4kVAsxqbJSVH35Q&oe=6A3844AF || Original: https://scontent.fjai6-1.fna.fbcdn.net/v/t39.35426-6/699830637_1370358524945334_5213726416120234924_n.jpg?_nc_cat=108&ccb=1-7&_nc_sid=c53f8f&_nc_ohc=-WXZHCo8WhIQ7kNvwHhjxjx&_nc_oc=AdqjDBQbTD3mGE9JO33WPlbLf6mFrfRxX4aHHSh8s_vclgQQQLQLIGNIOeFptwHFNNxivJkKFFePgYz5Tr3G_FYG&_nc_zt=14&_nc_ht=scontent.fjai6-1.fna&_nc_gid=_zjhRG4CLcXt4z3QtCi_aA&_nc_ss=7b289&oh=00_Af_zi1qfJ5_5q1MKqsI-UHYMqDkTqGs5SihMl5k9P08HOw&oe=6A384E0F | Resized: https://scontent.fjai6-1.fna.fbcdn.net/v/t39.35426-6/699892721_1326202586114912_7057360694235604561_n.jpg?stp=dst-jpg_s600x600_tt6&_nc_cat=100&ccb=1-7&_nc_sid=c53f8f&_nc_ohc=22U7cap7VtoQ7kNvwHYRIau&_nc_oc=Ado7O2BZd1hxzV-vU9h1j_LZS1UKLvjFKGbizAhz8GKHih-9t_UOm8BoYKYY2s49XSZYFE00rXwTZa_oR_gGnoNe&_nc_zt=14&_nc_ht=scontent.fjai6-1.fna&_nc_gid=_zjhRG4CLcXt4z3QtCi_aA&_nc_ss=7b289&oh=00_Af9Kn3QWBi9-axCVSaQqG2r-bMhRNDWAzqMHaOPhmbKa6Q&oe=6A3861E7 || Original: https://scontent.fjai6-1.fna.fbcdn.net/v/t39.35426-6/700477283_1499588141692821_7536563703621818043_n.jpg?_nc_cat=105&ccb=1-7&_nc_sid=c53f8f&_nc_ohc=j7ICyXHQG7UQ7kNvwEHrUja&_nc_oc=AdqZ59BtIJf6Bkzgc61al1Td4DSXMwpbBdY850SlZ_IksXLBW2DGlqDdXKJeWKtA8YQWebn84d8IjU7OG3WdnuiG&_nc_zt=14&_nc_ht=scontent.fjai6-1.fna&_nc_gid=_zjhRG4CLcXt4z3QtCi_aA&_nc_ss=7b289&oh=00_Af8X-ToqF_yPZDfOdElSsvG4yNzk0sZ-VjDSqfcbiuc0ug&oe=6A384C75 | Resized: https://scontent.fjai6-1.fna.fbcdn.net/v/t39.35426-6/698784101_1378490384302243_1883153692901011147_n.jpg?stp=dst-jpg_s600x600_tt6&_nc_cat=111&ccb=1-7&_nc_sid=c53f8f&_nc_ohc=GdRUQhsx7PMQ7kNvwHm3S0x&_nc_oc=Adpf5yzYN1JdAiMZ4p3RzWDdLZgk_F0U3HpII4Klk_-f2T4_9tLtU4t4A-dNXk3cWCQ_dtXI570lOD3xABUWkCbh&_nc_zt=14&_nc_ht=scontent.fjai6-1.fna&_nc_gid=_zjhRG4CLcXt4z3QtCi_aA&_nc_ss=7b289&oh=00_Af_7AQkYLlAJpDUvg6asw2SnLFPzMJjTQiKvAvX0dvEKcw&oe=6A3830FC || Original: https://scontent.fjai6-1.fna.fbcdn.net/v/t39.35426-6/698273147_1668748204367475_3524206205819210555_n.jpg?_nc_cat=111&ccb=1-7&_nc_sid=c53f8f&_nc_ohc=fM7drTLvMGsQ7kNvwFZ-_AL&_nc_oc=AdpPRiiNOJuxkXLSi2MZvYJiMT8vuFV_wcEVsYdHsC0VAFQOwQ6Wjh6Ex0I6QKEXcOv2CER8-g9hSObrlpU1hTFW&_nc_zt=14&_nc_ht=scontent.fjai6-1.fna&_nc_gid=_zjhRG4CLcXt4z3QtCi_aA&_nc_ss=7b289&oh=00_Af_RuD00lQ8CPQvj3j-pOWNrQ7zCvUnCKwpMJExTFapgaw&oe=6A3864FC | Resized: https://scontent.fjai6-1.fna.fbcdn.net/v/t39.35426-6/700473265_985521750533770_7080924873108708199_n.jpg?stp=dst-jpg_s600x600_tt6&_nc_cat=108&ccb=1-7&_nc_sid=c53f8f&_nc_ohc=k7f_lxSPBTAQ7kNvwHGQTI0&_nc_oc=Adp9V5lnAPd2qOkb-Mu7gINAN2XJsX3elFzPsyCE2W4IN_wRb-KVq_feTOuoFRNzt26b-Dkcflaa4Vdn9K-12Cqw&_nc_zt=14&_nc_ht=scontent.fjai6-1.fna&_nc_gid=_zjhRG4CLcXt4z3QtCi_aA&_nc_ss=7b289&oh=00_Af9mPulGbViJOy0JSMrBuN0nany7ypQFiWgmjZsSV9ve3Q&oe=6A383F1B || Original: https://scontent.fjai6-1.fna.fbcdn.net/v/t39.35426-6/699969429_1283076853487553_4082870226634301505_n.jpg?_nc_cat=110&ccb=1-7&_nc_sid=c53f8f&_nc_ohc=bWipzVhV-pEQ7kNvwH88ct0&_nc_oc=AdohyRvHPNnox6dOc_tStcFcKIjMPUJKBTbCXn_k5M2v0LkzCIJoQuJ8qLNtRaupuVFNMgu65A4qPPYj56eW24qE&_nc_zt=14&_nc_ht=scontent.fjai6-1.fna&_nc_gid=_zjhRG4CLcXt4z3QtCi_aA&_nc_ss=7b289&oh=00_Af-badQf66FDs8L-gSgnqWldl0GE4a3HoCEk-ZSlIxArQQ&oe=6A383E02 | Resized: https://scontent.fjai6-1.fna.fbcdn.net/v/t39.35426-6/698209720_1881799505838887_2281338734923936639_n.jpg?stp=dst-jpg_s600x600_tt6&_nc_cat=103&ccb=1-7&_nc_sid=c53f8f&_nc_ohc=p_R3NqSwnQsQ7kNvwGg88EV&_nc_oc=Adocg0VLcSBFWL8IGoF940Cys9Ab8yqn9b3D93i6qGSTsi8PubNmYrw94C0Kz6zpCYhNcn2OcI8wFyc-M0_yXqNa&_nc_zt=14&_nc_ht=scontent.fjai6-1.fna&_nc_gid=_zjhRG4CLcXt4z3QtCi_aA&_nc_ss=7b289&oh=00_Af8fR2VY1za80bWfNAtKsyZRMupACUtSdmer3S-yKureAA&oe=6A385748 || Original: https://scontent.fjai6-1.fna.fbcdn.net/v/t39.35426-6/698572970_1515369980098225_7025998063932646863_n.jpg?_nc_cat=109&ccb=1-7&_nc_sid=c53f8f&_nc_ohc=y4kffE3a-LsQ7kNvwEfZgi5&_nc_oc=Adqkn3kn_nobbofhKF69xUg2SqJTebudFDfM5CTqs8_6g4tmyASIbuzkMwa6X_30WSlVoBBF24jocEptGRbpzuIY&_nc_zt=14&_nc_ht=scontent.fjai6-1.fna&_nc_gid=_zjhRG4CLcXt4z3QtCi_aA&_nc_ss=7b289&oh=00_Af_1d5SdeTR2MiEipGOGge0vOT5NnmEbvLqhdBsDRUUndg&oe=6A383AB7 | Resized: https://scontent.fjai6-1.fna.fbcdn.net/v/t39.35426-6/700472477_1311960663782000_4628742723319307247_n.jpg?stp=dst-jpg_s600x600_tt6&_nc_cat=109&ccb=1-7&_nc_sid=c53f8f&_nc_ohc=bMld2snYGTQQ7kNvwEmfuEJ&_nc_oc=Ado_FyapTiSOABXtMrldwtjfjCBOsAnyp5uqm37GBztvGRlqbPkL9EVWzmNfIHHUfmtfXqZfhOf7nh9NIm3YNUgU&_nc_zt=14&_nc_ht=scontent.fjai6-1.fna&_nc_gid=_zjhRG4CLcXt4z3QtCi_aA&_nc_ss=7b289&oh=00_Af_qVQIv48mm8cZ-Pi6p9ifCVy_LxH7S1CA4xRoil245-g&oe=6A384D43 || Original: https://scontent.fjai6-1.fna.fbcdn.net/v/t39.35426-6/700499812_1653589922543242_6822702755226359159_n.jpg?_nc_cat=106&ccb=1-7&_nc_sid=c53f8f&_nc_ohc=BaKY71UqoFMQ7kNvwFPHHOP&_nc_oc=Adq8YZaRAKecOEnRZBNQvMHEPe0AZqG-bH1u698AKSjJdAdrfRtDoEcC_zQiTLPQkhfh5l4gNAKgNVrBMblXIK3t&_nc_zt=14&_nc_ht=scontent.fjai6-1.fna&_nc_gid=_zjhRG4CLcXt4z3QtCi_aA&_nc_ss=7b289&oh=00_Af8jfiS_j35feOn9YDGLmDc_rpj2MH50rQa2pt-Fz6eWuQ&oe=6A383FC6 | Resized: https://scontent.fjai6-1.fna.fbcdn.net/v/t39.35426-6/700306242_1284561257166648_3693754656418810809_n.jpg?stp=dst-jpg_s600x600_tt6&_nc_cat=100&ccb=1-7&_nc_sid=c53f8f&_nc_ohc=K_bT0inhAdIQ7kNvwEtVNW1&_nc_oc=AdoVEGyigFPWZ5HAwxYGNnSe3BJL_nNqJxDuxaT8cDS3ojG3CooNOUbzTrgi2rU4dGvav1MrxZsH_iDkM_Bqiq7a&_nc_zt=14&_nc_ht=scontent.fjai6-1.fna&_nc_gid=_zjhRG4CLcXt4z3QtCi_aA&_nc_ss=7b289&oh=00_Af9-jJhfNOpQdzyHhK5wWBoMRmUx9XV2QqJ6Vnoshql-kQ&oe=6A384AD9 || Original: https://scontent.fjai6-1.fna.fbcdn.net/v/t39.35426-6/701222060_983790420717074_1686037592452505703_n.jpg?_nc_cat=105&ccb=1-7&_nc_sid=c53f8f&_nc_ohc=QmRwxxBA_hwQ7kNvwF1CCl9&_nc_oc=Adr_ZK7VdISvfDc41dIC-TWj8K0I1S1Lb2YFIX1JKLshOEvEhiGS1iWqJOS7_8d4lUzFx7HQOHfnSM2HB86kO8_g&_nc_zt=14&_nc_ht=scontent.fjai6-1.fna&_nc_gid=_zjhRG4CLcXt4z3QtCi_aA&_nc_ss=7b289&oh=00_Af-ktorQZNipRza95EUTcCaIRnhniPwI88jYPsYbVfLWfQ&oe=6A38377E | Resized: https://scontent.fjai6-1.fna.fbcdn.net/v/t39.35426-6/699469447_1993813377894916_6980858100145929030_n.jpg?stp=dst-jpg_s600x600_tt6&_nc_cat=103&ccb=1-7&_nc_sid=c53f8f&_nc_ohc=o5jxF4N7pzUQ7kNvwH3S1nw&_nc_oc=AdrFBgk7jfxaij-FY_QRUdmj_QYVhE7k9nyUlHnsJEOBO5c2xAKNtL-DBWlWSKzqeUOaqaGPDiXpUrqMae6PWGgR&_nc_zt=14&_nc_ht=scontent.fjai6-1.fna&_nc_gid=_zjhRG4CLcXt4z3QtCi_aA&_nc_ss=7b289&oh=00_Af9OjBK8xJR9KAUyEgimWlNOyPm_D-0YQm_LL54fWcp60g&oe=6A38330E || Original: https://scontent.fjai6-1.fna.fbcdn.net/v/t39.35426-6/700554867_1632756574493848_9004109971359318914_n.jpg?_nc_cat=110&ccb=1-7&_nc_sid=c53f8f&_nc_ohc=gj4NNJOEbroQ7kNvwG8-cSW&_nc_oc=AdpWKiOCGI2nGVz8KpG05JV1CWUrgkORytg7Kzg2yaflNHbOrhqNmAkmTykFjKlWmfTymFUh3kTycbuffJ1qphKo&_nc_zt=14&_nc_ht=scontent.fjai6-1.fna&_nc_gid=_zjhRG4CLcXt4z3QtCi_aA&_nc_ss=7b289&oh=00_Af86YXyrubU9aKF5ZY3nCUZwSW1Xj_adBhgMq9vEKWEDNA&oe=6A3842EB | Resized: https://scontent.fjai6-1.fna.fbcdn.net/v/t39.35426-6/701234644_1952399795407374_9078861287267942479_n.jpg?stp=dst-jpg_s600x600_tt6&_nc_cat=101&ccb=1-7&_nc_sid=c53f8f&_nc_ohc=-bbil246PuEQ7kNvwEgYEoH&_nc_oc=Adof8BLCiG86TEISEDTKw4lvnNDSV2mz9LL5ysVVDwYHwq6H1cgytFrDGAqfSSn4EUfZ44NVvB4gN1uo5EXOfF3X&_nc_zt=14&_nc_ht=scontent.fjai6-1.fna&_nc_gid=_zjhRG4CLcXt4z3QtCi_aA&_nc_ss=7b289&oh=00_Af9Zspw0ZYcGESMcoS-7fCailCBNspTPY0lbteuspR8qng&oe=6A38459C || Original: https://scontent.fjai6-1.fna.fbcdn.net/v/t39.35426-6/700453722_1430060238890957_1728224138542425191_n.jpg?_nc_cat=105&ccb=1-7&_nc_sid=c53f8f&_nc_ohc=CW9PRt3me0cQ7kNvwHvYa48&_nc_oc=Adqtxx6-3zjCb0MKXeBshQjkxeqxfGOtvphbZUYGUCHesa3kyQQgp18vCOFwIcIlxGKUmGtzuf614KGCOKb3kUCj&_nc_zt=14&_nc_ht=scontent.fjai6-1.fna&_nc_gid=_zjhRG4CLcXt4z3QtCi_aA&_nc_ss=7b289&oh=00_Af-WkBhdPf_a1IYQJ7t0y7p4mCFRiAYtK2UERSYM2iSycw&oe=6A38340C | Resized: https://scontent.fjai6-1.fna.fbcdn.net/v/t39.35426-6/699492298_1632873341164212_7988591053175607103_n.jpg?stp=dst-jpg_s600x600_tt6&_nc_cat=101&ccb=1-7&_nc_sid=c53f8f&_nc_ohc=4MePOMhsMjYQ7kNvwFBW42o&_nc_oc=Adq2QvyHWv_aObjKUVMwRbqjRVaM2ow9ZPJnS10fTdVTjOASBuK8Cvz5PntgmQ5MxEMT1UZI5VNExqFhTv0_6dW_&_nc_zt=14&_nc_ht=scontent.fjai6-1.fna&_nc_gid=_zjhRG4CLcXt4z3QtCi_aA&_nc_ss=7b289&oh=00_Af9AVBxL66QyLjkA-QjSx7sbQKfye3Qlo88fzHOYf8Zi3A&oe=6A385BAC || Original: https://scontent.fjai6-1.fna.fbcdn.net/v/t39.35426-6/698273153_1028559436164997_4264636178336866403_n.jpg?_nc_cat=100&ccb=1-7&_nc_sid=c53f8f&_nc_ohc=ndWEa5FMPYgQ7kNvwHDWxuR&_nc_oc=Adps90bNEXYdbHlUpVjSgCldwIhNKisJKJzQSga799VWcds9eFRDAWTn-56Q5WX3kRFnF332_aplW1KlsN1cnrg5&_nc_zt=14&_nc_ht=scontent.fjai6-1.fna&_nc_gid=_zjhRG4CLcXt4z3QtCi_aA&_nc_ss=7b289&oh=00_Af9U0HKVh8rJax54i2As8romtmJPkVioi49yf23UjKShPw&oe=6A385B89 | Resized: https://scontent.fjai6-1.fna.fbcdn.net/v/t39.35426-6/700472477_964811876297658_3663023256924116000_n.jpg?stp=dst-jpg_s600x600_tt6&_nc_cat=105&ccb=1-7&_nc_sid=c53f8f&_nc_ohc=xQ5tAuGh5fMQ7kNvwHoPpOD&_nc_oc=AdonIVMpFW5jJr4KA9_8ER23Md0Ic76FE-lLNlI-9jXpm1Dz22aBkUuyDYvwjemrO0rYLT4xF1Q6wXKGizr6cnGj&_nc_zt=14&_nc_ht=scontent.fjai6-1.fna&_nc_gid=_zjhRG4CLcXt4z3QtCi_aA&_nc_ss=7b289&oh=00_Af-r9ZwXF4S0nBKk1S30XW4h3ju8NhD4kVAsxqbJSVH35Q&oe=6A3844AF || Original: https://scontent.fjai6-1.fna.fbcdn.net/v/t39.35426-6/699830637_1370358524945334_5213726416120234924_n.jpg?_nc_cat=108&ccb=1-7&_nc_sid=c53f8f&_nc_ohc=-WXZHCo8WhIQ7kNvwHhjxjx&_nc_oc=AdqjDBQbTD3mGE9JO33WPlbLf6mFrfRxX4aHHSh8s_vclgQQQLQLIGNIOeFptwHFNNxivJkKFFePgYz5Tr3G_FYG&_nc_zt=14&_nc_ht=scontent.fjai6-1.fna&_nc_gid=_zjhRG4CLcXt4z3QtCi_aA&_nc_ss=7b289&oh=00_Af_zi1qfJ5_5q1MKqsI-UHYMqDkTqGs5SihMl5k9P08HOw&oe=6A384E0F | Resized: https://scontent.fjai6-1.fna.fbcdn.net/v/t39.35426-6/699892721_1326202586114912_7057360694235604561_n.jpg?stp=dst-jpg_s600x600_tt6&_nc_cat=100&ccb=1-7&_nc_sid=c53f8f&_nc_ohc=22U7cap7VtoQ7kNvwHYRIau&_nc_oc=Ado7O2BZd1hxzV-vU9h1j_LZS1UKLvjFKGbizAhz8GKHih-9t_UOm8BoYKYY2s49XSZYFE00rXwTZa_oR_gGnoNe&_nc_zt=14&_nc_ht=scontent.fjai6-1.fna&_nc_gid=_zjhRG4CLcXt4z3QtCi_aA&_nc_ss=7b289&oh=00_Af9Kn3QWBi9-axCVSaQqG2r-bMhRNDWAzqMHaOPhmbKa6Q&oe=6A3861E7 || Original: https://scontent.fjai6-1.fna.fbcdn.net/v/t39.35426-6/700477283_1499588141692821_7536563703621818043_n.jpg?_nc_cat=105&ccb=1-7&_nc_sid=c53f8f&_nc_ohc=j7ICyXHQG7UQ7kNvwEHrUja&_nc_oc=AdqZ59BtIJf6Bkzgc61al1Td4DSXMwpbBdY850SlZ_IksXLBW2DGlqDdXKJeWKtA8YQWebn84d8IjU7OG3WdnuiG&_nc_zt=14&_nc_ht=scontent.fjai6-1.fna&_nc_gid=_zjhRG4CLcXt4z3QtCi_aA&_nc_ss=7b289&oh=00_Af8X-ToqF_yPZDfOdElSsvG4yNzk0sZ-VjDSqfcbiuc0ug&oe=6A384C75 | Resized: https://scontent.fjai6-1.fna.fbcdn.net/v/t39.35426-6/698784101_1378490384302243_1883153692901011147_n.jpg?stp=dst-jpg_s600x600_tt6&_nc_cat=111&ccb=1-7&_nc_sid=c53f8f&_nc_ohc=GdRUQhsx7PMQ7kNvwHm3S0x&_nc_oc=Adpf5yzYN1JdAiMZ4p3RzWDdLZgk_F0U3HpII4Klk_-f2T4_9tLtU4t4A-dNXk3cWCQ_dtXI570lOD3xABUWkCbh&_nc_zt=14&_nc_ht=scontent.fjai6-1.fna&_nc_gid=_zjhRG4CLcXt4z3QtCi_aA&_nc_ss=7b289&oh=00_Af_7AQkYLlAJpDUvg6asw2SnLFPzMJjTQiKvAvX0dvEKcw&oe=6A3830FC || Original: https://scontent.fjai6-1.fna.fbcdn.net/v/t39.35426-6/700245960_1672890923974081_8742450379669035483_n.jpg?_nc_cat=111&ccb=1-7&_nc_sid=c53f8f&_nc_ohc=H3ITlVjBXecQ7kNvwE4g3PD&_nc_oc=AdrTCAooe_eaJ7LoJp9X2GRIum4gBaQRP1YO6kqgiEqK8ojCwPfyZhRZ3T4CBWiRTekAvDVsYTDJv7TcNRHn7LbV&_nc_zt=14&_nc_ht=scontent.fjai6-1.fna&_nc_gid=_zjhRG4CLcXt4z3QtCi_aA&_nc_ss=7b289&oh=00_Af8f2VMgLkvN9W6pl8uJKkblwjlYrGXG9WlXxmFsBwZG1g&oe=6A383C85 | Resized: https://scontent.fjai6-1.fna.fbcdn.net/v/t39.35426-6/698310576_1699283961254137_7227890722157370086_n.jpg?stp=dst-jpg_s600x600_tt6&_nc_cat=100&ccb=1-7&_nc_sid=c53f8f&_nc_ohc=c5ig262LDIIQ7kNvwHKQGOh&_nc_oc=Adr4VSahBLugukzaOOuO-H-NyW_ndoufjmzQbVoL_uqrbo0UUZTOpVPpk1xBsSy47nCcnz9_5ca7AWxjVZOBhkUV&_nc_zt=14&_nc_ht=scontent.fjai6-1.fna&_nc_gid=_zjhRG4CLcXt4z3QtCi_aA&_nc_ss=7b289&oh=00_Af9eSF5WuOe24jO9mtOqT2vASuxVNRhwCGKnXv2ysyntTw&oe=6A386088 || Original: https://scontent.fjai6-1.fna.fbcdn.net/v/t39.35426-6/699158582_1371771314763801_8208626168146253081_n.jpg?_nc_cat=105&ccb=1-7&_nc_sid=c53f8f&_nc_ohc=Bk1jsG0HNF8Q7kNvwFXhsQI&_nc_oc=Ado3F-p3SKul46_RsM-WdFRwZyT5CfBXyZTy8xnoshUIwr9w52cRZ5qemBd8kPBGeznmgrOrfnyGDm1oKnYjZbyf&_nc_zt=14&_nc_ht=scontent.fjai6-1.fna&_nc_gid=_zjhRG4CLcXt4z3QtCi_aA&_nc_ss=7b289&oh=00_Af-UjJmxlB6Fy6OkimqC2VDvDuMGZ65Aqm0ltDnLL7dBpQ&oe=6A383F7E | Resized: https://scontent.fjai6-1.fna.fbcdn.net/v/t39.35426-6/700466960_2043301096615533_1238583579918084681_n.jpg?stp=dst-jpg_s600x600_tt6&_nc_cat=103&ccb=1-7&_nc_sid=c53f8f&_nc_ohc=aEsO-yAy1EwQ7kNvwH8fVqa&_nc_oc=AdoZNfSV4iGC-qW8-P7lNVxGxCLVkW52pZ0EQFgqseOYLpV0OEYB3LyilfpwvrE7XefhtBOWZgCbuseBsvvuB28q&_nc_zt=14&_nc_ht=scontent.fjai6-1.fna&_nc_gid=_zjhRG4CLcXt4z3QtCi_aA&_nc_ss=7b289&oh=00_Af-UBwnjXK0DRUGpgt0xlo1qEaiWQnbyEEMBksdfEBflOw&oe=6A38335B || Original: https://scontent.fjai6-1.fna.fbcdn.net/v/t39.35426-6/700446358_1470044035138250_8659706695258702275_n.jpg?_nc_cat=107&ccb=1-7&_nc_sid=c53f8f&_nc_ohc=Ecnl5KcpDncQ7kNvwF2jS1Z&_nc_oc=AdocnlScxkT86DHwhk_48bOrH45rjwvL54623g2L7H9lN66hpuAj6MqmI1EX2a92ytSsqRNES6brKA1e5y-IrTwR&_nc_zt=14&_nc_ht=scontent.fjai6-1.fna&_nc_gid=_zjhRG4CLcXt4z3QtCi_aA&_nc_ss=7b289&oh=00_Af8dM6bdgIdcwGLI5oLkdp8f6eEhO08wEauwckIo_Ytwqg&oe=6A382F6F | Resized: https://scontent.fjai6-1.fna.fbcdn.net/v/t39.35426-6/700453666_2745936835789213_2620517946509772052_n.jpg?stp=dst-jpg_s600x600_tt6&_nc_cat=110&ccb=1-7&_nc_sid=c53f8f&_nc_ohc=-eyVVpuDPE8Q7kNvwE4wm2D&_nc_oc=AdofSKTNswIRyRfx_4rYiuXt6RiVmDelFUBzdXJAUyzIT8OxiUNk7ccy4vM3oAHtOaLywLXm2L4DHgavaCErHzVR&_nc_zt=14&_nc_ht=scontent.fjai6-1.fna&_nc_gid=_zjhRG4CLcXt4z3QtCi_aA&_nc_ss=7b289&oh=00_Af-GgHypOaW-9c3_Svn7ZXtMG9WSBElLnMFVd1lsW0kQOw&oe=6A3857D5 || Original: https://scontent.fjai6-1.fna.fbcdn.net/v/t39.35426-6/698249448_1224483752950850_3773936799506482049_n.jpg?_nc_cat=103&ccb=1-7&_nc_sid=c53f8f&_nc_ohc=SB_tsDKSS-MQ7kNvwE8ltCJ&_nc_oc=AdqoNoTOzMPUeUHBiVHs73tt_dczMDS2KwOkslwZMgqLsXbngONbzAC1yXQrd0Ezihj2SQj3mA0VHZd5Ku8LO_p5&_nc_zt=14&_nc_ht=scontent.fjai6-1.fna&_nc_gid=_zjhRG4CLcXt4z3QtCi_aA&_nc_ss=7b289&oh=00_Af-F-iXBGyEACVmw2p8u9HHB8hHGwSX1xxhKFQ_bysyGGg&oe=6A384822 | Resized: https://scontent.fjai6-1.fna.fbcdn.net/v/t39.35426-6/700387385_1529673778728980_4682869871969163853_n.jpg?stp=dst-jpg_s600x600_tt6&_nc_cat=109&ccb=1-7&_nc_sid=c53f8f&_nc_ohc=76G5BEmsvMQQ7kNvwG4fMMD&_nc_oc=AdqPdmCkpI8xfEg_BxWyhv34i34zJterp2OnqQ12cboN_WBKxnmb2aVPh04VeK7ZTFXLCFmYfUQ3kawSn62WwHHq&_nc_zt=14&_nc_ht=scontent.fjai6-1.fna&_nc_gid=_zjhRG4CLcXt4z3QtCi_aA&_nc_ss=7b289&oh=00_Af-ZKEUJ_9Iay0WlpuSKmYdPQkak0bG7kHLJRtuNX4NP6g&oe=6A38631F || Original: https://scontent.fjai6-1.fna.fbcdn.net/v/t39.35426-6/700499804_1471874287384955_4335591660708357537_n.jpg?_nc_cat=106&ccb=1-7&_nc_sid=c53f8f&_nc_ohc=cCpqid2koRwQ7kNvwGD0FJB&_nc_oc=AdoZr9vbBW9UXnX9fYDRENcbqWfmJDz3QPeaQWk0TYKvxJxkrJ3JV2IIRX_oSa5PWNHgZuLqFHOrmFz5c5-ztx_C&_nc_zt=14&_nc_ht=scontent.fjai6-1.fna&_nc_gid=_zjhRG4CLcXt4z3QtCi_aA&_nc_ss=7b289&oh=00_Af9zyXcTKg592CJVfyPv-Ug_ZnIkAzsPA2TNUVajMO24Cg&oe=6A3835B7 | Resized: https://scontent.fjai6-1.fna.fbcdn.net/v/t39.35426-6/700343432_987866533658327_7599850642669509248_n.jpg?stp=dst-jpg_s600x600_tt6&_nc_cat=108&ccb=1-7&_nc_sid=c53f8f&_nc_ohc=QmYSX6uheI4Q7kNvwFuS925&_nc_oc=AdoN1NOm4eRApeIDbXQ3riywxXADGGYxmGBufzq0Y_GdstHRR1ZG6UvdSs7-jYP5D-CxEb6HyqJaXmktUX4ZoRl1&_nc_zt=14&_nc_ht=scontent.fjai6-1.fna&_nc_gid=_zjhRG4CLcXt4z3QtCi_aA&_nc_ss=7b289&oh=00_Af9eaXFTD3cIXZ5Aker0_7SYTcXHyJe3Oa9942qD5mVksA&oe=6A384F44 || Original: https://scontent.fjai6-1.fna.fbcdn.net/v/t39.35426-6/700431016_1380645170757022_1698102587071645920_n.jpg?_nc_cat=104&ccb=1-7&_nc_sid=c53f8f&_nc_ohc=sXUHsdG_2i0Q7kNvwFlNldU&_nc_oc=AdpVpElE0lW6VwNoh9-AER-3-Xoom9CBNCWMr5o8Aj7LbnBHR7l4HaDLiGKTo0EhnUQKTww9kKjjXGmGSqOVU95O&_nc_zt=14&_nc_ht=scontent.fjai6-1.fna&_nc_gid=_zjhRG4CLcXt4z3QtCi_aA&_nc_ss=7b289&oh=00_Af9gPRbRy7fYBVqES15Iyy-z-CdeZQ_BMT2sns9NcHgTrg&oe=6A38532F | Resized: https://scontent.fjai6-1.fna.fbcdn.net/v/t39.35426-6/698190723_1362359912613948_6681221815410156862_n.jpg?stp=dst-jpg_s600x600_tt6&_nc_cat=103&ccb=1-7&_nc_sid=c53f8f&_nc_ohc=x0A7T_rmeO4Q7kNvwFQNDlw&_nc_oc=Adqc_sI4VJsKpgS_dfLdu1E6U5SEJBgdMqvfU1-CRsjW2eRQm6fRBj5gwwlLwXqdkuT6_M6psfxQ4PbVi-PtuZl7&_nc_zt=14&_nc_ht=scontent.fjai6-1.fna&_nc_gid=_zjhRG4CLcXt4z3QtCi_aA&_nc_ss=7b289&oh=00_Af-dU-mNfJBJwEEuU17dUDXmPm1WdXFzpFR2yHELMqEMHw&oe=6A38594D || Original: https://scontent.fjai6-1.fna.fbcdn.net/v/t39.35426-6/699065173_1710869880113539_3153760366455169736_n.jpg?_nc_cat=104&ccb=1-7&_nc_sid=c53f8f&_nc_ohc=3Scw8elOpzYQ7kNvwHcL5d3&_nc_oc=AdpOXuNGgjed-I5RM-kelynQk7w3BUF2sTcVtd89DpxMxFv83nos2ZErCij_yk5wyIEmZnd3hZWBc5e_crJqHmGC&_nc_zt=14&_nc_ht=scontent.fjai6-1.fna&_nc_gid=_zjhRG4CLcXt4z3QtCi_aA&_nc_ss=7b289&oh=00_Af8EAsYunljuDksU3UghssfEIcvx1vMZPmMAcNGMzGh_9Q&oe=6A384FC3 | Resized: https://scontent.fjai6-1.fna.fbcdn.net/v/t39.35426-6/699186881_2009596206582602_52179821938284526_n.jpg?stp=dst-jpg_s600x600_tt6&_nc_cat=111&ccb=1-7&_nc_sid=c53f8f&_nc_ohc=5yKJSs-WpbkQ7kNvwHjo-pI&_nc_oc=Adr4PaJmGzqGDu5y2y_LNir3R-WwTJ5J2wpcqekkE6KBMJ3V7McSlwo3A6gp_UgUOy6FGu_1cKMGZiszg1imAqqn&_nc_zt=14&_nc_ht=scontent.fjai6-1.fna&_nc_gid=_zjhRG4CLcXt4z3QtCi_aA&_nc_ss=7b289&oh=00_Af-cH5uTzCvmkWVOv3zH2efawDSNlsk3nSe2U9pxOgYJ9g&oe=6A383603 || Original: https://scontent.fjai6-1.fna.fbcdn.net/v/t39.35426-6/699331046_1053689784264287_180132464676147272_n.jpg?_nc_cat=100&ccb=1-7&_nc_sid=c53f8f&_nc_ohc=YBtE95nLWlYQ7kNvwFsUmV2&_nc_oc=Adq3mOaQy2-gFRNpxCJfhVsFpz_y07uMxB56r9AXTYizOzC75QCjmMurP3PeKEXUP1Z7vGaih5vafeYLoNzcoDC4&_nc_zt=14&_nc_ht=scontent.fjai6-1.fna&_nc_gid=_zjhRG4CLcXt4z3QtCi_aA&_nc_ss=7b289&oh=00_Af8TW5yMp1mLWREBvkiFUMcwpJn2VVUE9_vBifVFInPmtg&oe=6A385C27 | Resized: https://scontent.fjai6-1.fna.fbcdn.net/v/t39.35426-6/699686336_3170216666482923_3558343088241961572_n.jpg?stp=dst-jpg_s600x600_tt6&_nc_cat=102&ccb=1-7&_nc_sid=c53f8f&_nc_ohc=0_HmoYY97WgQ7kNvwEMQURE&_nc_oc=Adp-R-uyUE-_iAbBSGQw7KKF0pS2tW_QTzY7NitBR7ROrAjsqm-Q7sE8ALCuDzBiVZvOPTy-h-iE2ISqhawNqJs_&_nc_zt=14&_nc_ht=scontent.fjai6-1.fna&_nc_gid=_zjhRG4CLcXt4z3QtCi_aA&_nc_ss=7b289&oh=00_Af_2xQ57zh7krgIfcdjCB4kptiKkIvzJ5jqPA1rjTTvlXw&oe=6A384098 || Original: https://scontent.fjai6-1.fna.fbcdn.net/v/t39.35426-6/701488769_2142533219935821_2740305446297561871_n.jpg?_nc_cat=106&ccb=1-7&_nc_sid=c53f8f&_nc_ohc=fTvCOvg1Yw4Q7kNvwGKUeul&_nc_oc=AdqNUm74Q7ALKBd2d_AAeVXxudGkOOfvwYvW3fKk26oz4AtbHooHAW3nn0ez8bpyVIIGdwfFz6e8-xY4P4Iob32y&_nc_zt=14&_nc_ht=scontent.fjai6-1.fna&_nc_gid=_zjhRG4CLcXt4z3QtCi_aA&_nc_ss=7b289&oh=00_Af9VRTKvuqmkVwOOR_0a2_fCaJ8zL0mPs1HVKmXGb0uAyQ&oe=6A383CE0 | Resized: https://scontent.fjai6-1.fna.fbcdn.net/v/t39.35426-6/700477286_2132627294200147_4706392950135693974_n.jpg?stp=dst-jpg_s600x600_tt6&_nc_cat=105&ccb=1-7&_nc_sid=c53f8f&_nc_ohc=90ptkjdHcWEQ7kNvwFP15Ky&_nc_oc=AdrpwVlqo-CGszV1XszEAcHgLd4v_kRFvxw2G7TTas5xxTQwV1f09wE2zhnegsi1DF-11Bz27-vOX02u1TGRGNQD&_nc_zt=14&_nc_ht=scontent.fjai6-1.fna&_nc_gid=_zjhRG4CLcXt4z3QtCi_aA&_nc_ss=7b289&oh=00_Af_IT5seKnAFT7dvq_YLBpbVu5hS2k957krKaNLp4VI3-g&oe=6A384478 || Original: https://scontent.fjai6-1.fna.fbcdn.net/v/t39.35426-6/700103581_27435255079399683_6312191386992099870_n.jpg?_nc_cat=110&ccb=1-7&_nc_sid=c53f8f&_nc_ohc=74b56sp-Lp4Q7kNvwFeYRi6&_nc_oc=AdodlpgjSy_g-uRhwjctZXjr0RPAutDg2XRgmgnA3P1k62oXIYCHI3JBs9dYSmi5M9GAMGJm937h5G-uucwZoXe3&_nc_zt=14&_nc_ht=scontent.fjai6-1.fna&_nc_gid=_zjhRG4CLcXt4z3QtCi_aA&_nc_ss=7b289&oh=00_Af_nv8_W8FhB0TXVXqYxUa2fwjZoEMpxNNEKVykKfplVvw&oe=6A3864A8 | Resized: https://scontent.fjai6-1.fna.fbcdn.net/v/t39.35426-6/699533357_1489348559554469_1120573010880939677_n.jpg?stp=dst-jpg_s600x600_tt6&_nc_cat=106&ccb=1-7&_nc_sid=c53f8f&_nc_ohc=R7uvaSD2Y_oQ7kNvwG8Xghu&_nc_oc=Adp1acwcGkceFh6rxNHvEZUIAN_rUizJEPehft8RROTvNHbfD_y4FXndBcSUDON77PxUSFkhRovHhZCLUtzKQNNX&_nc_zt=14&_nc_ht=scontent.fjai6-1.fna&_nc_gid=_zjhRG4CLcXt4z3QtCi_aA&_nc_ss=7b289&oh=00_Af8fkpu5mGxSWNjU4CRNi3wdrRqsykneTVvBmMLAOtcARg&oe=6A383CCA,
1647069226328533,https://www.facebook.com/odysseyelevators/,fb.me,https://www.facebook.com/odysseyelevators/,,,,sales@odysseyelevators.com,+91 95002 88001,,,,820498504489876,http://fb.me/,Odyssey Elevators,https://www.facebook.com/ads/library/?id=1647069226328533,"India’s independent house market is growing rapidly 🏠
With aging parents and rising demand for luxury villas, the Home Lift industry is expanding fast 🚀

This is your opportunity to start a Home Lift Franchise in your city.

✔ High-margin product
✔ Complete technical & installation support
✔ Business setup guidance
✔ Limited city availability

Serious investors can apply now 👇",530,Apply now,fb.me,"FACEBOOK; INSTAGRAM",2026-03-30,2026-06-16,HD: https://video.fjai6-1.fna.fbcdn.net/o1/v/t2/f2/m366/AQOWIWOKBarsJxxepfAhpeZE1__iNdp9a-ZjpPAdQxnTJhZBXI8Wg8Sz3057Gn_xFkKn5bJ4vfAV9I7BSzEczGY6k6YbRnvK5AA_fCDbF1kqTA.mp4?_nc_cat=100&_nc_oc=Adr4xCkXAOXa53x9odx7lbyLWsIHjyNGBJX0_Vsy10omgAMASGQVnyNAK2nJfZ4fi3UJRXQj10swfqHRsm378t_Q&_nc_sid=b66105&_nc_ht=video.fjai6-1.fna.fbcdn.net&_nc_ohc=wItEbtnUChsQ7kNvwG_-RAH&efg=eyJ2ZW5jb2RlX3RhZyI6Inhwdl9wcm9ncmVzc2l2ZS5WSV9VU0VDQVNFX1BST0RVQ1RfVFlQRS4uQzMuNzIwLmRhc2hfaDI2NC1iYXNpYy1nZW4yXzcyMHAiLCJ4cHZfYXNzZXRfaWQiOjk2MDAxMDgxNjQ4Mzc3NywiYXNzZXRfYWdlX2RheXMiOjc5LCJ2aV91c2VjYXNlX2lkIjoxMDc5OSwiZHVyYXRpb25fcyI6NDgsInVybGdlbl9zb3VyY2UiOiJ3d3cifQ%3D%3D&ccb=17-1&vs=54790a5406239a9a&_nc_vs=HBksFQIYRWZiX2VwaGVtZXJhbC9GRTQ0RkFBQkFGNDY5RUE4MzA3MjAyMUFFOEYzNEQ4NV9tdF8xX3ZpZGVvX2Rhc2hpbml0Lm1wNBUAAsgBEgAVAhhAZmJfcGVybWFuZW50LzAwNEExRDU2NTc0NTc2Mjk1N0YwOTRFMDQyOEMwOTlEX2F1ZGlvX2Rhc2hpbml0Lm1wNBUCAsgBEgAoABgAGwKIB3VzZV9vaWwBMRJwcm9ncmVzc2l2ZV9yZWNpcGUBMRUAACaCx5P7_ce0AxUCKAJDMywXQEgMzMzMzM0YGWRhc2hfaDI2NC1iYXNpYy1nZW4yXzcyMHARAHUAZd6oAQA&_nc_gid=_zjhRG4CLcXt4z3QtCi_aA&_nc_ss=7b289&_nc_zt=28&oh=00_Af9xSzY2Hun16-msg-WN0Teu9YRYnJpqC9dk3pZlI23QqQ&oe=6A384080 | SD: https://video.fjai6-1.fna.fbcdn.net/o1/v/t2/f2/m412/AQPijZq6VkHJtTuNzHrDUxUykB9-I8bVdynfXiX7v0ij6-RyWMEl0-xTcM4I-AtrvUrMshEqsHLg0vZyzGGtL34sFhuLtkPbGWcgCiu-Iw.mp4?_nc_cat=110&_nc_oc=AdrXC-vDVhw5TTigAqnUurTQ-jg9iZ1UcIGqY-JrYMsNtalGMMT7VgBLQS_rRsRBEBAK0U3E3MSlEnxwCVtwNhN1&_nc_sid=ef5aa3&_nc_ht=video.fjai6-1.fna.fbcdn.net&_nc_ohc=BeWqkXfrAFsQ7kNvwGP_Md_&efg=eyJ2ZW5jb2RlX3RhZyI6Inhwdl9wcm9ncmVzc2l2ZS5WSV9VU0VDQVNFX1BST0RVQ1RfVFlQRS4uQzMuMzYwLnN2ZV9zZCIsInhwdl9hc3NldF9pZCI6OTYwMDEwODE2NDgzNzc3LCJhc3NldF9hZ2VfZGF5cyI6NzksInZpX3VzZWNhc2VfaWQiOjEwNzk5LCJkdXJhdGlvbl9zIjo0OCwidXJsZ2VuX3NvdXJjZSI6Ind3dyJ9&ccb=17-1&_nc_gid=_zjhRG4CLcXt4z3QtCi_aA&_nc_ss=7b289&_nc_zt=28&oh=00_Af_Sv_1BBWMvuAOs2Abf6hbuIKyyToYphEQPLTYhjgRYCA&oe=6A3862B4 | Preview: https://scontent.fjai6-1.fna.fbcdn.net/v/t39.35426-6/662936674_1148627893982367_5112433772194957368_n.jpg?_nc_cat=109&ccb=1-7&_nc_sid=c53f8f&_nc_ohc=idV7Jp98z3MQ7kNvwEh8b9H&_nc_oc=Adp0po6MjMTSUmWyFBKdKAdqveDD6DEnaz9Uej20iZBIzbDuOiasy9BMs8kOfMvp9nP0F6IfDalSW3ebYetKJ3r6&_nc_zt=14&_nc_ht=scontent.fjai6-1.fna&_nc_gid=_zjhRG4CLcXt4z3QtCi_aA&_nc_ss=7b289&oh=00_Af8GbF70vhziHVNSDzXPgJ7dHnjNyCDKJIckoFtf43yXYA&oe=6A3857A2,,,,,,,
26852772044358505,https://www.facebook.com/61583587256632/,fb.me,https://www.facebook.com/61583587256632/,,,,achyutgupta@akshitainfra.com,+91 99889 78888,,,,916689888186000,http://fb.me/,Akshita Infra,https://www.facebook.com/ads/library/?id=26852772044358505,"WELCOME TO AKREYA where everyday life is not ordinary. This is the only and the largest villa community at Shamirpet.
👉 Project Highlights:
✅ 30 Acres | Only 238 Villas
✅4 BHK Triplex Villas with home theatre and maid room
✅ 4 Acres of Uninterrupted Greenery
✅ Seven Themed Parks for relaxation and recreation
✅ Two Exclusive Clubhouses: One for Lifestyle, One for Sports
✅ 100+ Premium Amenities designed for every need
✅ Strategic Location: Near Exit 7, ORR, Shamirpet
Book Your Private Viewing Today",56,Get quote,fb.me,"FACEBOOK; INSTAGRAM",2026-05-07,2026-06-16,,,"WELCOME TO AKREYA where everyday life is not ordinary. This is the only and the largest villa community at Shamirpet.
👉 Project Highlights:
✅ 30 Acres | Only 238 Villas
✅4 BHK Triplex Villas with home theatre and maid room
✅ 4 Acres of Uninterrupted Greenery
✅ Seven Themed Parks for relaxation and recreation
✅ Two Exclusive Clubhouses: One for Lifestyle, One for Sports
✅ 100+ Premium Amenities designed for every need
✅ Strategic Location: Near Exit 7, ORR, Shamirpet
Book Your Private Viewing Today || WELCOME TO AKREYA where everyday life is not ordinary. This is the only and the largest villa community at Shamirpet.
👉 Project Highlights:
✅ 30 Acres | Only 238 Villas
✅4 BHK Triplex Villas with home theatre and maid room
✅ 4 Acres of Uninterrupted Greenery
✅ Seven Themed Parks for relaxation and recreation
✅ Two Exclusive Clubhouses: One for Lifestyle, One for Sports
✅ 100+ Premium Amenities designed for every need
✅ Strategic Location: Near Exit 7, ORR, Shamirpet
Book Your Private Viewing Today || WELCOME TO AKREYA where everyday life is not ordinary. This is the only and the largest villa community at Shamirpet.
👉 Project Highlights:
✅ 30 Acres | Only 238 Villas
✅4 BHK Triplex Villas with home theatre and maid room
✅ 4 Acres of Uninterrupted Greenery
✅ Seven Themed Parks for relaxation and recreation
✅ Two Exclusive Clubhouses: One for Lifestyle, One for Sports
✅ 100+ Premium Amenities designed for every need
✅ Strategic Location: Near Exit 7, ORR, Shamirpet
Book Your Private Viewing Today",http://fb.me/ || http://fb.me/ || http://fb.me/,,Get Quote || Get Quote || Get Quote,Original: https://scontent.fjai6-1.fna.fbcdn.net/v/t39.35426-6/679482366_27392703576998896_6641172955579488128_n.jpg?_nc_cat=100&ccb=1-7&_nc_sid=c53f8f&_nc_ohc=2vM1HdbwDj8Q7kNvwFG5hys&_nc_oc=AdrwjcDKEg1QrRDIx9lmpgdjDyIOjxCJIRvAQErYOirQEinW4pBsN7LhJVSqL-1GrpZIZaBHVJF5kdC6Kb7_yDFL&_nc_zt=14&_nc_ht=scontent.fjai6-1.fna&_nc_gid=_zjhRG4CLcXt4z3QtCi_aA&_nc_ss=7b289&oh=00_Af-u8Yk_9zWJCa9mvEp38gu_EMAhNZzGRKz_nNtRziHSXg&oe=6A3850C9 | Resized: https://scontent.fjai6-1.fna.fbcdn.net/v/t39.35426-6/678660746_2522955324809263_1211197539151100176_n.jpg?stp=dst-jpg_s600x600_tt6&_nc_cat=107&ccb=1-7&_nc_sid=c53f8f&_nc_ohc=5nWjd_E7I3MQ7kNvwGys6Tt&_nc_oc=AdqUIctm10_4loEqYJ-X50zc_aF-4dsO9yYWneK2MHPegmDhbUym5osG60ZATzHNB6HaNEEGPsk-tTtnFOtJz2-7&_nc_zt=14&_nc_ht=scontent.fjai6-1.fna&_nc_gid=_zjhRG4CLcXt4z3QtCi_aA&_nc_ss=7b289&oh=00_Af8kU6z6AFHULWEtHk_KIC80doSEGF4anbsxrjIb6Zelew&oe=6A384229 || Original: https://scontent.fjai6-1.fna.fbcdn.net/v/t39.35426-6/678377042_890517264040818_5328956910963313509_n.jpg?_nc_cat=100&ccb=1-7&_nc_sid=c53f8f&_nc_ohc=CqvOwwzRCmYQ7kNvwHLNlRw&_nc_oc=AdoZAB0Iv4lzhmoNSm6LM2g9ck50eqwR_dHLVBRaaCRrBJ9X4FdyktIs8rc_jUsCheBqCk-J_e1oL4yHsL7vWzPg&_nc_zt=14&_nc_ht=scontent.fjai6-1.fna&_nc_gid=_zjhRG4CLcXt4z3QtCi_aA&_nc_ss=7b289&oh=00_Af8RVhzcrvWQEwuhXZSoTT_gq7zR1ihfo9tgAWAwR6GcpA&oe=6A382FA7 | Resized: https://scontent.fjai6-1.fna.fbcdn.net/v/t39.35426-6/678782159_932972449509068_5074967810435429589_n.jpg?stp=dst-jpg_s600x600_tt6&_nc_cat=106&ccb=1-7&_nc_sid=c53f8f&_nc_ohc=8Hnh47NjvG4Q7kNvwFo9j_q&_nc_oc=Adrx7B4G5DOZrgZi4is5-8ePDkID2c-3sboq0ozo3N0LiREiuKmSSWBiGV8Bu3x0BT6rODXK5fUH4-ACx_qeDMRI&_nc_zt=14&_nc_ht=scontent.fjai6-1.fna&_nc_gid=_zjhRG4CLcXt4z3QtCi_aA&_nc_ss=7b289&oh=00_Af9LFDlqRc9kajkPBuPyF9ABrHUFeJBWMfiA4FNlDTHltw&oe=6A38396C || Original: https://scontent.fjai6-1.fna.fbcdn.net/v/t39.35426-6/678772535_1867867920592279_2705922182843685052_n.jpg?_nc_cat=109&ccb=1-7&_nc_sid=c53f8f&_nc_ohc=_MzMeXjQnU4Q7kNvwHxuRCS&_nc_oc=AdrLMv0tX1wBmYYpnIIsBvJ7tQxSZk1eBr6wLE1ZxkEBt9jNMI1kHkoMutTfa1bXffw8yctvw8GjYb4430mr5Zla&_nc_zt=14&_nc_ht=scontent.fjai6-1.fna&_nc_gid=_zjhRG4CLcXt4z3QtCi_aA&_nc_ss=7b289&oh=00_Af8fvSAN0YhwA8OoNWFAWOJ8zxAq6BKFlSwRNf_nOmP-6g&oe=6A382FAC | Resized: https://scontent.fjai6-1.fna.fbcdn.net/v/t39.35426-6/679891456_3384947778346792_8643049683884655405_n.jpg?stp=dst-jpg_s600x600_tt6&_nc_cat=100&ccb=1-7&_nc_sid=c53f8f&_nc_ohc=3l_ttO7YBy8Q7kNvwG96p8C&_nc_oc=Adq76Hi1aQGcgFkJCbNTl2VDNq9VeRsw_-_CKRI9vVe_q9Axml_Km6wXN0b_5I6zH7jHDlXxARqJEAg5XT8i36LK&_nc_zt=14&_nc_ht=scontent.fjai6-1.fna&_nc_gid=_zjhRG4CLcXt4z3QtCi_aA&_nc_ss=7b289&oh=00_Af8kxZLYwoPZHskO6NH_gjPWfjXM7_FHFRzAy4wpClA5Kw&oe=6A3851EC,
2057810208122260,https://www.facebook.com/61575689353544/,fb.me,https://www.facebook.com/61575689353544/,,,,auroimperia35@gmail.com,+91 91739 91223,,,,698459116677831,http://fb.me/,Auro Imperia,https://www.facebook.com/ads/library/?id=2057810208122260,"Upgrade your lifestyle with a home that reflects your success. 🌿
Introducing 4 BHK Luxurious Villas at Auro Imperia, designed with elegance, privacy, and modern comforts in mind.
📍 Vadodara’s finest address awaits you.
💰 Starting at ₹1.16 Cr Onwards
📞 Enquire today for site visit & exclusive offers.",6,Get offer,fb.me,"FACEBOOK; INSTAGRAM; AUDIENCE_NETWORK",2026-01-12,2026-06-17,,Original: https://scontent.fjai6-1.fna.fbcdn.net/v/t39.35426-6/615069127_2424328938025040_1330049799050126679_n.jpg?_nc_cat=103&ccb=1-7&_nc_sid=c53f8f&_nc_ohc=m13Si3U7nFIQ7kNvwFX1uxe&_nc_oc=AdqBp8V1jYbNxleSi2pagdV__SqGJODC_90MPAaoaD-Qv_I73QNvjhtNIannaqxpZ-eTUdviMvowL6ZGQzOiBRDk&_nc_zt=14&_nc_ht=scontent.fjai6-1.fna&_nc_gid=_zjhRG4CLcXt4z3QtCi_aA&_nc_ss=7b289&oh=00_Af98f77v_ADSBexwRjI18qreQItAG-lt3-xKFonln35fDQ&oe=6A386321 | Resized: https://scontent.fjai6-1.fna.fbcdn.net/v/t39.35426-6/615282851_1363314261738975_3992395531482484726_n.jpg?stp=dst-jpg_s600x600_tt6&_nc_cat=110&ccb=1-7&_nc_sid=c53f8f&_nc_ohc=cNmCbNXKB0YQ7kNvwGIGBVy&_nc_oc=Ado3rjFtp6LrHswo5cSVjWa_YN9irte-AC66nySQVj9BXjR2zeuSaOoKJDdp1VRJVy3wPNeiFgWaEZCO5WoUdQs0&_nc_zt=14&_nc_ht=scontent.fjai6-1.fna&_nc_gid=_zjhRG4CLcXt4z3QtCi_aA&_nc_ss=7b289&oh=00_Af9dMu42WzsyZARmBf8ROmToZAZlWlLxiA1qenWSVpmSvw&oe=6A383C5D,,,,,,
997494396401428,https://www.facebook.com/buildingblocksgroupoff/,bbgindia.com,https://www.facebook.com/buildingblocksgroupoff/,,,,helpdesk@bbgindia.com,,,,,1066296153480975,https://bbgindia.com/,BBG,https://www.facebook.com/ads/library/?id=997494396401428,"Imagine waking up every day in a community designed around lifestyle, comfort, and convenience.

Introducing Phase III of Beverly Hills Kaza — Andhra Pradesh's lifestyle-themed gated community featuring luxury villas and villa plots.

📍 Near Amaravati
🏡 Villas & Villa Plots
🎉 Phase III Launching soon

Stay tuned for special introductory pricing.",44056,See details,bbgindia.com,"FACEBOOK; INSTAGRAM; AUDIENCE_NETWORK; WHATSAPP; THREADS",2026-06-15,2026-06-16,,Original: https://scontent.fjai6-1.fna.fbcdn.net/v/t39.35426-6/721119020_1153578904506825_6368214391576662647_n.jpg?_nc_cat=102&ccb=1-7&_nc_sid=c53f8f&_nc_ohc=nW7jopxG67wQ7kNvwGde8uE&_nc_oc=AdrtE-BxEDw0qTplQwua6J57x36PW8ivLt8Z6GPrigKRfEQLs3ijauK-MpVv25oQ0CZ77KRNz5XU_U5T8NaRun3t&_nc_zt=14&_nc_ht=scontent.fjai6-1.fna&_nc_gid=_zjhRG4CLcXt4z3QtCi_aA&_nc_ss=7b289&oh=00_Af-So8nsFoFa-ZjhidN5kQqZPImiTldty1kv_Gt1T5512A&oe=6A384E04 | Resized: https://scontent.fjai6-1.fna.fbcdn.net/v/t39.35426-6/720523950_1038371185287301_1989449306151923195_n.jpg?stp=dst-jpg_s600x600_tt6&_nc_cat=102&ccb=1-7&_nc_sid=c53f8f&_nc_ohc=fNFVGDiWT6sQ7kNvwF1pEKh&_nc_oc=AdqBa6Q1I1ohBIjYdHR4s8bj9KynXeSPPNZKtp349MlZ8F_D0-PhBXJUWpXIeo8zCZv6-1ONZBae-OMXl0zHoY6P&_nc_zt=14&_nc_ht=scontent.fjai6-1.fna&_nc_gid=_zjhRG4CLcXt4z3QtCi_aA&_nc_ss=7b289&oh=00_Af9VNESPbHhd27g4mR3kPJkmAt3WWtyM1wy3jhTW0N0k_A&oe=6A385861,,,,,,
1531638204724427,https://www.facebook.com/lionsdengirresort/,fb.me,https://www.facebook.com/lionsdengirresort/,,,,info@lionsdengir.com,+91 97375 17111,,,,1558100751159723,http://fb.me/,Lions Den Gir,https://www.facebook.com/ads/library/?id=1531638204724427,"Escape to your own private villa in the heart of Gir.

1-4 BHK luxury villas starting at just ₹5,000/night with breakfast included.

Perfect for families, groups & couples looking for peace, nature & comfort.",11108,Get quote,fb.me,"FACEBOOK; INSTAGRAM; AUDIENCE_NETWORK",2025-11-29,2026-06-15,,Original: https://scontent.fjai6-1.fna.fbcdn.net/v/t39.35426-6/592444302_1048415100720401_6523436724055051810_n.jpg?_nc_cat=102&ccb=1-7&_nc_sid=c53f8f&_nc_ohc=6-tZjfOgoZIQ7kNvwFGLF_j&_nc_oc=AdrVDtt6-Q5zzg-4LnEg0A7EqtU5I_-nxCE1RvVF0ypEXvVNiCwQdp25BY7jj7DvpUXYXEo5gIQDTKGz_QHZ8ros&_nc_zt=14&_nc_ht=scontent.fjai6-1.fna&_nc_gid=_zjhRG4CLcXt4z3QtCi_aA&_nc_ss=7b289&oh=00_Af-GKyBB7Z_01k82IH5agOPszL2J93nmhJnU9uoejZuFrg&oe=6A38393B | Resized: https://scontent.fjai6-1.fna.fbcdn.net/v/t39.35426-6/591091674_830309893311307_13443701139733579_n.jpg?stp=dst-jpg_s600x600_tt6&_nc_cat=104&ccb=1-7&_nc_sid=c53f8f&_nc_ohc=2x-PDUJJ980Q7kNvwHdFQy4&_nc_oc=Adpz8yYsyEB9pxphVrlHofo1beSSQZve0Eln42HaFVlPIc2tvxpihl8YspQMiuGWpaOpJvdgBsUkiSrzq_qL-BSL&_nc_zt=14&_nc_ht=scontent.fjai6-1.fna&_nc_gid=_zjhRG4CLcXt4z3QtCi_aA&_nc_ss=7b289&oh=00_Af8rwCdDD94vEyj3XOzl_rkXiTj7kniJF5wYXAmr6ao5Og&oe=6A384E10,,,,,,
1995150077878703,https://www.facebook.com/61586164542315/,,https://www.facebook.com/61586164542315/,,,,ceohrcsindia@gmail.com,+91 90599 53555,,,,905652399307123,,Meda vilasita,https://www.facebook.com/ads/library/?id=1995150077878703,"Kadapa’s Most Prestigious Address

Ultra-Luxury Villas | Limited Availability

Success deserves a signature address.
Introducing Meda Vilasita — Kadapa’s most prestigious ultra-luxury villa community.",90,Get quote,,"FACEBOOK; INSTAGRAM; AUDIENCE_NETWORK; MESSENGER",2026-04-22,2026-06-16,HD: https://video.fjai6-1.fna.fbcdn.net/o1/v/t2/f2/m366/AQNgjWNV1WuI5Dt4csYMIk7GIkH1y3gu7ZKQT1OkXC02FK9clpWfPlihJA6JC9I8-X6AU0z2iyfdmDucQkRaNDFK1oOVys_f42LpslSHH_Sk-Q.mp4?_nc_cat=103&_nc_oc=AdrFmjuvrwYANXrK-vQPMSiviIgWO6rceWzjA3Yd_jdPjuXyR6Wer1ZlPEIDe-C8O8soO1CMSUN0VaMlrRmI6QhY&_nc_sid=b66105&_nc_ht=video.fjai6-1.fna.fbcdn.net&_nc_ohc=RzO1lbhEhNIQ7kNvwFiZFb7&efg=eyJ2ZW5jb2RlX3RhZyI6Inhwdl9wcm9ncmVzc2l2ZS5WSV9VU0VDQVNFX1BST0RVQ1RfVFlQRS4uQzMuNzIwLmRhc2hfaDI2NC1iYXNpYy1nZW4yXzcyMHAiLCJ4cHZfYXNzZXRfaWQiOjE0MDc4NjQzODc0NzEzODMsImFzc2V0X2FnZV9kYXlzIjoxMTAsInZpX3VzZWNhc2VfaWQiOjEwMTM5LCJkdXJhdGlvbl9zIjozMSwidXJsZ2VuX3NvdXJjZSI6Ind3dyJ9&ccb=17-1&vs=64a8a5ccd0380c2e&_nc_vs=HBksFQIYRWZiX2VwaGVtZXJhbC9EODRDNEQyNzdDRjg1OTY0MjExQ0NCQkZCRUEzQjE5OF9tdF8xX3ZpZGVvX2Rhc2hpbml0Lm1wNBUAAsgBEgAVAhhAZmJfcGVybWFuZW50L0FCNDQ2QkFCNkQzQzMzRDMyMDdDQUU5RUVCRjg2RUEyX2F1ZGlvX2Rhc2hpbml0Lm1wNBUCAsgBEgAoABgAGwKIB3VzZV9vaWwBMRJwcm9ncmVzc2l2ZV9yZWNpcGUBMRUAACauoKiLv5yABRUCKAJDMywXQD-qfvnbItEYGWRhc2hfaDI2NC1iYXNpYy1nZW4yXzcyMHARAHUAZbaeAQA&_nc_gid=WClVuQjY1h6RomlwHFIWGw&_nc_ss=7b289&_nc_zt=28&oh=00_Af9UJq2Ge2gOzk2d01gGSDar0t2hz0xLkFC_6edqfzgdJA&oe=6A3846B5 | SD: https://video.fjai6-1.fna.fbcdn.net/o1/v/t2/f2/m412/AQN4uVeToeL25WIQDftQgtDmLwcMB5f3rQ5v8D8Zlt-mlETp3NQp8DSPcDKkqUiiU13o3Hwf8oa2hSGgs6B5wcX8NCAhu8qzhLwoviaW3g.mp4?_nc_cat=103&_nc_oc=AdoXXwqa8RQtUjBWlINiLhTkg0qjSKaN66mz97W-LntnCoqHR5CulkDpSuLNMh3c_3bEZfstMstOscNn78b_al64&_nc_sid=ef5aa3&_nc_ht=video.fjai6-1.fna.fbcdn.net&_nc_ohc=NwX5UsMOdBQQ7kNvwGRwMeV&efg=eyJ2ZW5jb2RlX3RhZyI6Inhwdl9wcm9ncmVzc2l2ZS5WSV9VU0VDQVNFX1BST0RVQ1RfVFlQRS4uQzMuMzYwLnN2ZV9zZCIsInhwdl9hc3NldF9pZCI6MTQwNzg2NDM4NzQ3MTM4MywiYXNzZXRfYWdlX2RheXMiOjExMCwidmlfdXNlY2FzZV9pZCI6MTAxMzksImR1cmF0aW9uX3MiOjMxLCJ1cmxnZW5fc291cmNlIjoid3d3In0%3D&ccb=17-1&_nc_gid=WClVuQjY1h6RomlwHFIWGw&_nc_ss=7b289&_nc_zt=28&oh=00_Af_AtKdq1LVurG1OoMzYC2ENy4s3xRLyZEGp_EPRYSesgg&oe=6A385897 | Preview: https://scontent.fjai6-1.fna.fbcdn.net/v/t39.35426-6/676889668_1002828755744061_113443238772172373_n.jpg?_nc_cat=100&ccb=1-7&_nc_sid=c53f8f&_nc_ohc=YSDIjijGl4UQ7kNvwFxJaUo&_nc_oc=AdqJShgONCNtZJu76Qiuflz7iNRIpuUzeJhDACXRtALkOeIsZZxeMSwreoRLTzqwon896Mar9uMgIfFyC6wy2f6f&_nc_zt=14&_nc_ht=scontent.fjai6-1.fna&_nc_gid=WClVuQjY1h6RomlwHFIWGw&_nc_ss=7b289&oh=00_Af8DBvhGArBRghVISr7FjoFLshNhbVw1QLltP2xBEKPBYA&oe=6A38449F,,,,,,,
872613878730576,https://www.facebook.com/Krishnam.Buildcon/,fb.me,https://www.facebook.com/Krishnam.Buildcon/,,,,krishnam.buildcon99@gmail.com,+91 96873 98787,,,,954829744372770,http://fb.me/,Krishnam Buildcon,https://www.facebook.com/ads/library/?id=872613878730576,"𝐖𝐡𝐞𝐫𝐞 𝐬𝐢𝐥𝐞𝐧𝐜𝐞 𝐢𝐬 𝐚 𝐥𝐮𝐱𝐮𝐫𝐲 𝐚𝐧𝐝 𝐬𝐩𝐚𝐜𝐞 𝐢𝐬 𝐚 𝐬𝐭𝐚𝐭𝐞𝐦𝐞𝐧𝐭. 🌿✨
Nature Luxury Villas offer exquisitely planned 4 & 5 BHK G+2 homes in a vehicle-free, resort-inspired enclave. Designed with precision, surrounded by greenery, and curated for refined living—this is where everyday life feels like a private retreat.

🏡 4 & 5 BHK G+2 Luxury Villas
🚫 Vehicle-Free Peaceful Zone
🌴 45+ Resort-Style Amenities
🛡️ 24/7 Smart Security
🌞 Sustainable Infrastructure",19,Book now,fb.me,"FACEBOOK; INSTAGRAM; AUDIENCE_NETWORK",2026-02-06,2026-06-17,HD: https://video.fjai6-1.fna.fbcdn.net/o1/v/t2/f2/m366/AQOpDF2ChygjQgWHs5FQ7Y19YnEix8ilFMma3YkKEIpvgWz25jHjNrUUSGt2rbLjBCLLM3oc26-hlwiNOW4oH5ViSAWHd6a2vHb7ofxgCmSOJA.mp4?_nc_cat=111&_nc_oc=AdrI_5jN6c2m-iKk-iAtqVf31rqPkz0pbeOd4qhjld-yce86StgDdQLAmhoZTvzNGGrNB2Oc5kh_8S_MDDrW_3l5&_nc_sid=b66105&_nc_ht=video.fjai6-1.fna.fbcdn.net&_nc_ohc=WGDaZqg5qMwQ7kNvwEmK1z5&efg=eyJ2ZW5jb2RlX3RhZyI6Inhwdl9wcm9ncmVzc2l2ZS5WSV9VU0VDQVNFX1BST0RVQ1RfVFlQRS4uQzMuNzIwLmRhc2hfaDI2NC1iYXNpYy1nZW4yXzcyMHAiLCJ4cHZfYXNzZXRfaWQiOjg5MjQyOTE3OTg2MTM3NiwiYXNzZXRfYWdlX2RheXMiOjEzNCwidmlfdXNlY2FzZV9pZCI6MTA3OTksImR1cmF0aW9uX3MiOjczLCJ1cmxnZW5fc291cmNlIjoid3d3In0%3D&ccb=17-1&vs=b944d7ecbdf62303&_nc_vs=HBksFQIYRWZiX2VwaGVtZXJhbC8zMjQ0NUYwN0FCODY2MjgxMDVDRTFEMzc1RkVENkM5Ql9tdF8xX3ZpZGVvX2Rhc2hpbml0Lm1wNBUAAsgBEgAVAhhAZmJfcGVybWFuZW50LzZENDhEOTgzNEQ5RUFBNzc1M0U2QUE5RTBDRjI1RjkyX2F1ZGlvX2Rhc2hpbml0Lm1wNBUCAsgBEgAoABgAGwKIB3VzZV9vaWwBMRJwcm9ncmVzc2l2ZV9yZWNpcGUBMRUAACaA5oXEm-qVAxUCKAJDMywXQFJrhR64UewYGWRhc2hfaDI2NC1iYXNpYy1nZW4yXzcyMHARAHUAZd6oAQA&_nc_gid=WClVuQjY1h6RomlwHFIWGw&_nc_ss=7b289&_nc_zt=28&oh=00_Af_8bEyiE0zJqXwhZ1-BMxyJM81fE1CGE-VOYZPaUTjz2Q&oe=6A385669 | SD: https://video.fjai6-1.fna.fbcdn.net/o1/v/t2/f2/m412/AQOrL_uXOxa6vmwd7qwTdVHxUE1VyNr4hoYYoKUclXvVE3uwGb6JDpTD3pguMr-3yLo03hlMGNqzf1eoJaa60XOA5APLaiSk6Id6n_Fx7Q.mp4?_nc_cat=104&_nc_oc=Ado6Zq7Ve3FSkJ8cajKIjGw-I1pFkQVdAKoTt2DWa3LZ4ON1gvSZ0r9wwTqfBOHEnQyy3W0df0OMrOxVjFY7FfDD&_nc_sid=ef5aa3&_nc_ht=video.fjai6-1.fna.fbcdn.net&_nc_ohc=VMjfUYXQuc8Q7kNvwFF6pr7&efg=eyJ2ZW5jb2RlX3RhZyI6Inhwdl9wcm9ncmVzc2l2ZS5WSV9VU0VDQVNFX1BST0RVQ1RfVFlQRS4uQzMuMzYwLnN2ZV9zZCIsInhwdl9hc3NldF9pZCI6ODkyNDI5MTc5ODYxMzc2LCJhc3NldF9hZ2VfZGF5cyI6MTM0LCJ2aV91c2VjYXNlX2lkIjoxMDc5OSwiZHVyYXRpb25fcyI6NzMsInVybGdlbl9zb3VyY2UiOiJ3d3cifQ%3D%3D&ccb=17-1&_nc_gid=WClVuQjY1h6RomlwHFIWGw&_nc_ss=7b289&_nc_zt=28&oh=00_Af8CtbFHfdOKSaLnlsRKz3siZwGy1IDU-PKu2W5npxlrnA&oe=6A38490E | Preview: https://scontent.fjai6-1.fna.fbcdn.net/v/t39.35426-6/638874879_1463600445329328_592156782037178361_n.jpg?_nc_cat=100&ccb=1-7&_nc_sid=c53f8f&_nc_ohc=nprgqIQyPKEQ7kNvwE4_uig&_nc_oc=AdoSwVG4MI17Axf_dVUvDxO99iTGUhUa3cLCUqOLUcZcHNbrWLVLYoHv_XXzE20HNoE0pwVzdV79jAHOnLYD2UnK&_nc_zt=14&_nc_ht=scontent.fjai6-1.fna&_nc_gid=WClVuQjY1h6RomlwHFIWGw&_nc_ss=7b289&oh=00_Af-Irlt31GFPGIGsG_Jnd8vrlKQ0epurgB7d2gghV2k-xQ&oe=6A38416C,,,,,,,
1592868005138666,https://www.facebook.com/61561829854406/,api.whatsapp.com,https://www.facebook.com/61561829854406/,,,,info@aslylandmark.com,+91 90487 28000,,,,343082578893766,https://api.whatsapp.com/send,Asly Landmark Developers,https://www.facebook.com/ads/library/?id=1592868005138666,"🏡 പാലക്കാട് കല്ലേക്കാട് പ്രൈം ലൊക്കേഷനിൽ Luxury Villas & Premium Residential Plots സ്വന്തമാക്കാനുള്ള മികച്ച അവസരം! ✨
🛣️ ഹൈവേ കണക്റ്റിവിറ്റിയോടൊപ്പം എല്ലാ പ്രധാന സൗകര്യങ്ങൾക്കും സമീപം.

💰 90% വരെ ബാങ്ക് ലോൺ സൗകര്യം ലഭ്യമാണ് 🏦
📞 കൂടുതൽ വിവരങ്ങൾക്ക്: +91 90487 28000",1247,Send WhatsApp message,api.whatsapp.com,"FACEBOOK; INSTAGRAM; AUDIENCE_NETWORK; MESSENGER; WHATSAPP",2026-05-09,2026-06-16,HD: https://video.fjai6-1.fna.fbcdn.net/o1/v/t2/f2/m366/AQNNOuCLoPwbnGCTI0PVniwtL4kVV4MDwecHtoO1rDBnLelfXGsjzyESdTQG0h4ZotM8bT0RNa07UPzWCxW_BqNzBoRIdFf25DnYFDbMhEIwmw.mp4?_nc_cat=103&_nc_oc=AdrzzT2bbjlRTaX8yu4KjJey5jrsBtMeo41CwjbBbpaORvDsmyS8pmfpzvyAwZwqlNoDjtF6WdiT2t-bXOOinz_l&_nc_sid=b66105&_nc_ht=video.fjai6-1.fna.fbcdn.net&_nc_ohc=mY4C_nkl8AgQ7kNvwFTy3dv&efg=eyJ2ZW5jb2RlX3RhZyI6Inhwdl9wcm9ncmVzc2l2ZS5WSV9VU0VDQVNFX1BST0RVQ1RfVFlQRS4uQzMuNzIwLmRhc2hfaDI2NC1iYXNpYy1nZW4yXzcyMHAiLCJ4cHZfYXNzZXRfaWQiOjc0NDE3NjMwODI3NzA1NCwiYXNzZXRfYWdlX2RheXMiOjE1OSwidmlfdXNlY2FzZV9pZCI6MTA3OTksImR1cmF0aW9uX3MiOjE4LCJ1cmxnZW5fc291cmNlIjoid3d3In0%3D&ccb=17-1&vs=4a9693af4f71176d&_nc_vs=HBksFQIYRWZiX2VwaGVtZXJhbC9COTQ2N0IzODgyQTVCN0JGNUNDOTMyQzk5RUI2QjE4RF9tdF8xX3ZpZGVvX2Rhc2hpbml0Lm1wNBUAAsgBEgAVAhhAZmJfcGVybWFuZW50L0U1NEVFRjJGMUFGOTUzNUY3MDk2OTcxMUU3NzM4MUE1X2F1ZGlvX2Rhc2hpbml0Lm1wNBUCAsgBEgAoABgAGwKIB3VzZV9vaWwBMRJwcm9ncmVzc2l2ZV9yZWNpcGUBMRUAACb8vIrI4bTSAhUCKAJDMywXQDIiDEm6XjUYGWRhc2hfaDI2NC1iYXNpYy1nZW4yXzcyMHARAHUAZd6oAQA&_nc_gid=WClVuQjY1h6RomlwHFIWGw&_nc_ss=7b289&_nc_zt=28&oh=00_Af9FGBEvZoTnYtv0oT0AYdjffOwckN8gMESTUnXY-zs0fg&oe=6A383881 | SD: https://video.fjai6-1.fna.fbcdn.net/o1/v/t2/f2/m412/AQNRAQtjnlOTdm7ZkwcTfzFIWtUbxTxxhWIuaKFjRlBzHnmkJZeEj7H1YFToLy_Aor6EM9uTiyNxrjKpbZAYCmdMcZJzXqCKQFWARt31lA.mp4?_nc_cat=106&_nc_oc=Adr6UybOPFewrN6im1Gpwgsm6Rpk1Ofyg2C9B6z60QI4KwxmXqbc9anmgW4o8cL83I1exz2GQGgsf_dJZPedChzu&_nc_sid=ef5aa3&_nc_ht=video.fjai6-1.fna.fbcdn.net&_nc_ohc=Qcs_KdNUj-AQ7kNvwEYyiXI&efg=eyJ2ZW5jb2RlX3RhZyI6Inhwdl9wcm9ncmVzc2l2ZS5WSV9VU0VDQVNFX1BST0RVQ1RfVFlQRS4uQzMuMzYwLnN2ZV9zZCIsInhwdl9hc3NldF9pZCI6NzQ0MTc2MzA4Mjc3MDU0LCJhc3NldF9hZ2VfZGF5cyI6MTU5LCJ2aV91c2VjYXNlX2lkIjoxMDc5OSwiZHVyYXRpb25fcyI6MTgsInVybGdlbl9zb3VyY2UiOiJ3d3cifQ%3D%3D&ccb=17-1&_nc_gid=WClVuQjY1h6RomlwHFIWGw&_nc_ss=7b289&_nc_zt=28&oh=00_Af-VNaTMec0_RoUp5qCFKRT358UN4BGcV8HcJ8yVHQV6iQ&oe=6A385970 | Preview: https://scontent.fjai6-1.fna.fbcdn.net/v/t39.35426-6/688985410_1164504529134692_4390168600904824267_n.jpg?_nc_cat=107&ccb=1-7&_nc_sid=c53f8f&_nc_ohc=VqUxiLv9u5gQ7kNvwHbVOZm&_nc_oc=AdrnUgm3m6X2b9YFN8iEAZBErRKwvFZQFV3TlGmmDwIJ95u4yPdIBtgvmV1Vqn8mvJYA9UzLt-DBMg3oomDPMvXc&_nc_zt=14&_nc_ht=scontent.fjai6-1.fna&_nc_gid=WClVuQjY1h6RomlwHFIWGw&_nc_ss=7b289&oh=00_Af-ssDqDCHr2r6VeNYWonP189xQgKFLHecbdszpHeYhmVw&oe=6A385446,,,,,,,
1229048158557304,https://www.facebook.com/hallmarkfloresta/,fb.me,https://www.facebook.com/hallmarkfloresta/,,,,kishore.s@hallmarkbuilders.in,+91 88866 78859,,,,736386149560566,http://fb.me/,Hallmark Floresta,https://www.facebook.com/ads/library/?id=1229048158557304,"Hallmark Floresta isn’t just another villa project — it’s the only luxury community near Patancheru that offers a serene escape surrounded by nature. Just minutes from ORR and Hyderabad’s Financial District, yet miles away from the city’s chaos, this is where luxury meets clean air and uninterrupted views for life.",35,Get quote,fb.me,"FACEBOOK; INSTAGRAM",2026-01-26,2026-06-17,,,"Hallmark Floresta isn’t just another villa project — it’s the only luxury community near Patancheru that offers a serene escape surrounded by nature. Just minutes from ORR and Hyderabad’s Financial District, yet miles away from the city’s chaos, this is where luxury meets clean air and uninterrupted views for life. || Hallmark Floresta isn’t just another villa project — it’s the only luxury community near Patancheru that offers a serene escape surrounded by nature. Just minutes from ORR and Hyderabad’s Financial District, yet miles away from the city’s chaos, this is where luxury meets clean air and uninterrupted views for life. || Hallmark Floresta isn’t just another villa project — it’s the only luxury community near Patancheru that offers a serene escape surrounded by nature. Just minutes from ORR and Hyderabad’s Financial District, yet miles away from the city’s chaos, this is where luxury meets clean air and uninterrupted views for life.",http://fb.me/ || http://fb.me/ || http://fb.me/,,Get Quote || Get Quote || Get Quote,Original: https://scontent.fjai6-1.fna.fbcdn.net/v/t39.35426-6/622388122_1276341900991513_7382694727044636363_n.jpg?_nc_cat=100&ccb=1-7&_nc_sid=c53f8f&_nc_ohc=QyaGyjrAIuAQ7kNvwEvFre6&_nc_oc=Adr2JxF1e4OvDW4-UnHf23RzZzRFr89X14Ab2_Y9J1VJKinf2aTKZuzOK8V_0JdqVoxuCWht7t4ySfIZElKlYNks&_nc_zt=14&_nc_ht=scontent.fjai6-1.fna&_nc_gid=WClVuQjY1h6RomlwHFIWGw&_nc_ss=7b289&oh=00_Af-eioSsPgnM44BktM5V8lDfo9KSvJ8btdJEZjIY9a0vdg&oe=6A383546 | Resized: https://scontent.fjai6-1.fna.fbcdn.net/v/t39.35426-6/619263480_1855961705069727_9023227324740956807_n.jpg?stp=dst-jpg_s600x600_tt6&_nc_cat=102&ccb=1-7&_nc_sid=c53f8f&_nc_ohc=dcu1IoBikPoQ7kNvwEkE17U&_nc_oc=Adrm0VPr69FPnQ-HjtRDdrm0ACVuaCB7A6FOWQlnvprk40K0JKV6xxeM4JxTXtCgvUlN_wk9if-GaH6lyjUEQz8v&_nc_zt=14&_nc_ht=scontent.fjai6-1.fna&_nc_gid=WClVuQjY1h6RomlwHFIWGw&_nc_ss=7b289&oh=00_Af89FE6-blJ-sx0rJe20BUGcOGCNBjjpNT4oHpH3UiWI1w&oe=6A385C1E || Original: https://scontent.fjai6-1.fna.fbcdn.net/v/t39.35426-6/622418711_1375275670754176_5112223882103218303_n.jpg?_nc_cat=110&ccb=1-7&_nc_sid=c53f8f&_nc_ohc=JJBrNmFtRBYQ7kNvwG1avvJ&_nc_oc=AdoNqdcXac78uf3q3S1ML-ANAA_CJnxSLGtdB0KqCrVKDYim8sW9DfOuuCdkmK1xztXT22KBrfQw-GKIzS3eugu-&_nc_zt=14&_nc_ht=scontent.fjai6-1.fna&_nc_gid=WClVuQjY1h6RomlwHFIWGw&_nc_ss=7b289&oh=00_Af9negP_GJsJ8BGqWmBsEguAzyW9eZKXaWfLCyr2b_g39A&oe=6A383313 | Resized: https://scontent.fjai6-1.fna.fbcdn.net/v/t39.35426-6/619576697_920791117066149_7614807034372363713_n.jpg?stp=dst-jpg_s600x600_tt6&_nc_cat=104&ccb=1-7&_nc_sid=c53f8f&_nc_ohc=utZuMxpCvBIQ7kNvwHf33ut&_nc_oc=AdrUKxEkkWnWKlpgrZA-Tcfs7vC_KNy4d82hKUoo2AOA5Ol5E3cpc2e8Y7qiigz4NCE8nGHe1TAS6sQHVfPksx6v&_nc_zt=14&_nc_ht=scontent.fjai6-1.fna&_nc_gid=WClVuQjY1h6RomlwHFIWGw&_nc_ss=7b289&oh=00_Af_wrCU4RoRu6bL4YQSQKfCLEMURNF8oVQMYTmYV20tlXA&oe=6A3863B3 || Original: https://scontent.fjai6-1.fna.fbcdn.net/v/t39.35426-6/618082478_26230141779911887_5824859314619977512_n.jpg?_nc_cat=104&ccb=1-7&_nc_sid=c53f8f&_nc_ohc=NQTh0g03Ix8Q7kNvwGSHsyO&_nc_oc=AdrNbqAfHsoYTvLl56F8TMDrpczukRTk7Sm4tfP6EyrGNQ56Qik5F5fJE7DBLPrex2GQvihCrj-M9eNOCEbvUVRM&_nc_zt=14&_nc_ht=scontent.fjai6-1.fna&_nc_gid=WClVuQjY1h6RomlwHFIWGw&_nc_ss=7b289&oh=00_Af8ViyzqxXeIeNOSLwp825o_lT6lcBqmUqiGR9jgFh416g&oe=6A38583A | Resized: https://scontent.fjai6-1.fna.fbcdn.net/v/t39.35426-6/617901902_1506858337055121_8427904424320838702_n.jpg?stp=dst-jpg_s600x600_tt6&_nc_cat=104&ccb=1-7&_nc_sid=c53f8f&_nc_ohc=DaGtb_jkM3MQ7kNvwEP4Gm2&_nc_oc=Adp8036b_06GfpY3Ft0sWRzzhPDFj1hn7DU2GOM6zZVJVWTy-zOFcN8F4RWpjBMi04VZSOG9G3IYUw0rVu0k_3_P&_nc_zt=14&_nc_ht=scontent.fjai6-1.fna&_nc_gid=WClVuQjY1h6RomlwHFIWGw&_nc_ss=7b289&oh=00_Af_3r5oIMt8SeT_jiyMbDUE4kcQlb8GUwMlxhRUSwYc2zg&oe=6A384D63,
1361016342535230,https://www.facebook.com/100063651626819/,facebook.com,https://www.facebook.com/100063651626819/,,,,social@sammyshome.com,,,,,110192110633238,https://www.facebook.com/110192110633238,Sammyshome,https://www.facebook.com/ads/library/?id=1361016342535230,"✨ Sammys Kitchen,Since 1961, Born in France
🏛️ 7,000㎡ Flagship Showroom.
👨‍🎨 Premium 1&1 Design Service.
🌍 60 Years of Global Expertise.
🏡 Specialists in Luxury & Villas.
💎 International Brands, Tailored for You.
⭐ 100% Client Satisfaction.",62343,Like Page,facebook.com,FACEBOOK,2026-05-05,2026-06-17,,Original: https://scontent.fjai6-1.fna.fbcdn.net/v/t39.35426-6/625162645_1974094830119985_1445337880336209577_n.jpg?_nc_cat=109&ccb=1-7&_nc_sid=c53f8f&_nc_ohc=Y3Ci28FswKYQ7kNvwGx2IGg&_nc_oc=AdoaTob9x1Wq9E3G_dO-WOeuH2jX7qmYqcPbEu98iKvj-e1xrXkcM51Zs5xlc6yNJ6LAWZFB3bYxm0xPW54cFlYU&_nc_zt=14&_nc_ht=scontent.fjai6-1.fna&_nc_gid=WClVuQjY1h6RomlwHFIWGw&_nc_ss=7b289&oh=00_Af-GI5tEFZlR_V7tbWxaQCPBYoQNsasZGd2TbcCnzA-kNA&oe=6A383DA0 | Resized: https://scontent.fjai6-1.fna.fbcdn.net/v/t39.35426-6/624615933_1206619818284618_4867639234814844353_n.jpg?stp=dst-jpg_s600x600_tt6&_nc_cat=110&ccb=1-7&_nc_sid=c53f8f&_nc_ohc=STO2yzQBz1gQ7kNvwEcms7R&_nc_oc=AdqiKxBKIaUKSmklOjoXL7dcu-gACW66j8ZnEzkKKXvx9dAFHSLE7iNakGLPkvSEcPuTKwuJV65AxwztEsQSLPIS&_nc_zt=14&_nc_ht=scontent.fjai6-1.fna&_nc_gid=WClVuQjY1h6RomlwHFIWGw&_nc_ss=7b289&oh=00_Af_YIVsPEMvxMwwBYoNz0qkErTVa3shUknbuirED7c8xQQ&oe=6A382EEA,,,,,,
1296962902480828,https://www.facebook.com/61586154560806/,fb.me,https://www.facebook.com/61586154560806/,,,,sales@niveeproperty.com,+91 87907 56789,,,,950713134786795,http://fb.me/,Nivee Property,https://www.facebook.com/ads/library/?id=1296962902480828,Ready-to-move luxury villas from ₹7 Cr onwards. No waiting. No surprises. 4BHK villas with servant quarters ad luxurious clubhouse,17,Get in touch,fb.me,"FACEBOOK; INSTAGRAM; AUDIENCE_NETWORK",2026-02-24,2026-06-17,HD: https://video.fjai6-1.fna.fbcdn.net/o1/v/t2/f2/m366/AQPfmru7hq9eOAdsaMNEKrQz8P0ojQ7GqZVgGQVFXSAdUdU2KBekr60WtwoTZbIbJ3W-ruBYfYjsJ_cx6P6Ml3kxMx-5QZMCLUPyy7KExqD7Ug.mp4?_nc_cat=108&_nc_oc=AdqN1HmLWyGo7Cl04IOcW28blmwyzV47QLC-VSZRLLbdbHcp-uaoxnLT3aPNKGSAGidJOY7hVmgxDa15__MugaCS&_nc_sid=b66105&_nc_ht=video.fjai6-1.fna.fbcdn.net&_nc_ohc=sjnnvidu4Z0Q7kNvwFpgIJS&efg=eyJ2ZW5jb2RlX3RhZyI6Inhwdl9wcm9ncmVzc2l2ZS5WSV9VU0VDQVNFX1BST0RVQ1RfVFlQRS4uQzMuNzIwLmRhc2hfaDI2NC1iYXNpYy1nZW4yXzcyMHAiLCJ4cHZfYXNzZXRfaWQiOjE4MDY2MjI1ODMzNTA3NjUsImFzc2V0X2FnZV9kYXlzIjoxMTYsInZpX3VzZWNhc2VfaWQiOjEwNzk5LCJkdXJhdGlvbl9zIjo2OCwidXJsZ2VuX3NvdXJjZSI6Ind3dyJ9&ccb=17-1&vs=b8d54b1f7487bb21&_nc_vs=HBksFQIYRWZiX2VwaGVtZXJhbC85MjQ0MjA5RkFCNzJFMERFMUY3MUFBOEFGRkZDMEU4OV9tdF8xX3ZpZGVvX2Rhc2hpbml0Lm1wNBUAAsgBEgAVAhhAZmJfcGVybWFuZW50LzQyNDVFMzVCRDc4MjkzNkU5NTkxQjkyQ0U0MDQzQUI3X2F1ZGlvX2Rhc2hpbml0Lm1wNBUCAsgBEgAoABgAGwKIB3VzZV9vaWwBMRJwcm9ncmVzc2l2ZV9yZWNpcGUBMRUAACbal5eVo8e1BhUCKAJDMywXQFE1T987ZFoYGWRhc2hfaDI2NC1iYXNpYy1nZW4yXzcyMHARAHUAZd6oAQA&_nc_gid=STsXALnz49NkUD-RXaV00w&_nc_ss=7b289&_nc_zt=28&oh=00_Af_bMhTtyldAI-CRCZ0mYlK7ILwy4KS6d3vzfZ3xM8NfMw&oe=6A382EEC | SD: https://video.fjai6-1.fna.fbcdn.net/o1/v/t2/f2/m412/AQN1ZfCNgXJ0c92N1gW1S1fI7Zy7O0RVH7_wTf1RlcrtjUUUPNayw2GbNeev5_vneb6g1IimmS_svEuO8eK63Q2s0hnGZ93r5VwVcJaozw.mp4?_nc_cat=105&_nc_oc=AdpjpM7JQdH8tAQ4v0QFnUI4C_Ca2Tc7twtGgIUUXB44fZO28fnF4rhRNORYiHF3Zbd-hrVVYN07n8keQf4SCS8c&_nc_sid=ef5aa3&_nc_ht=video.fjai6-1.fna.fbcdn.net&_nc_ohc=wf4xkJZGzrgQ7kNvwEDGjuV&efg=eyJ2ZW5jb2RlX3RhZyI6Inhwdl9wcm9ncmVzc2l2ZS5WSV9VU0VDQVNFX1BST0RVQ1RfVFlQRS4uQzMuMzYwLnN2ZV9zZCIsInhwdl9hc3NldF9pZCI6MTgwNjYyMjU4MzM1MDc2NSwiYXNzZXRfYWdlX2RheXMiOjExNiwidmlfdXNlY2FzZV9pZCI6MTA3OTksImR1cmF0aW9uX3MiOjY4LCJ1cmxnZW5fc291cmNlIjoid3d3In0%3D&ccb=17-1&_nc_gid=STsXALnz49NkUD-RXaV00w&_nc_ss=7b289&_nc_zt=28&oh=00_Af-i8PIhVZnMLPBFV9P7Tv-MO8Pztlq9Gs_6EKTCxIV1cg&oe=6A3863A9 | Preview: https://scontent.fjai6-1.fna.fbcdn.net/v/t39.35426-6/642245638_918437120777070_8972607627052489603_n.jpg?_nc_cat=101&ccb=1-7&_nc_sid=c53f8f&_nc_ohc=APw2QzkIGFAQ7kNvwHa0q5V&_nc_oc=Ador9ut0M9KlYaUL1wUIquKZ_WQaXYTrzRNBhbl7e9DsjjGJmPZFiucIzTPgae4aXAvSLW5lAlcr44jZAgTFJ3JL&_nc_zt=14&_nc_ht=scontent.fjai6-1.fna&_nc_gid=STsXALnz49NkUD-RXaV00w&_nc_ss=7b289&oh=00_Af95ZAfb5C42IBnkVeu95jNs2xjAFRsbbvNjpb3V7G6aaQ&oe=6A383C72,,,,,,,
1509592410708885,https://www.facebook.com/61568623552496/,onwords.in,https://www.facebook.com/61568623552496/,,,,cs@onwords.in,+917708630275,,,,501422919712226,https://www.onwords.in/lead#smarthome,Onwords Living Homes,https://www.facebook.com/ads/library/?id=1509592410708885,"Control your entire home from your phone 📱✨
Lights, fans, AC, curtains, CCTV & more — all automated for comfort and convenience.

✅ Voice Control
✅ Mobile App Access
✅ Smart Security
✅ Modern Lifestyle Upgrade

Transform your home into a smart home today.",604,Get quote,https://www.onwords.in/,"FACEBOOK; INSTAGRAM",2026-05-30,2026-06-16,,,"Control your entire home from your phone 📱✨
Lights, fans, AC, curtains, CCTV & more — all automated for comfort and convenience.

✅ Voice Control
✅ Mobile App Access
✅ Smart Security
✅ Modern Lifestyle Upgrade

Transform your home into a smart home today. || Make life easier for your family ❤️

Turn lights ON, control appliances, monitor security, and automate your home with a single tap.

Perfect for:
✔ Busy professionals
✔ Families
✔ Elderly parents
✔ Modern homes & villas

Smart Home Automation starting at affordable pricing. || Still walking room to room to switch everything OFF?

Upgrade your home with smart automation ⚡
Control lights, fans, appliances, gates & security from anywhere using your phone.

🏠 Smart Living
🔐 Better Security
⚡ Energy Efficient
📲 Alexa & Google Assistant Support

Book a free demo today. || Your home should feel as smart as your phone ✨

Experience premium smart living with:
🎙 Voice-controlled lighting
📱 App-based automation
🔐 Smart locks & security
🏡 Complete home integration

Designed for modern apartments & luxury villas in Chennai. || Control your entire home from your phone 📱✨
Lights, fans, AC, curtains, CCTV & more — all automated for comfort and convenience.

✅ Voice Control
✅ Mobile App Access
✅ Smart Security
✅ Modern Lifestyle Upgrade

Transform your home into a smart home today. || Make life easier for your family ❤️

Turn lights ON, control appliances, monitor security, and automate your home with a single tap.

Perfect for:
✔ Busy professionals
✔ Families
✔ Elderly parents
✔ Modern homes & villas

Smart Home Automation starting at affordable pricing. || Still walking room to room to switch everything OFF?

Upgrade your home with smart automation ⚡
Control lights, fans, appliances, gates & security from anywhere using your phone.

🏠 Smart Living
🔐 Better Security
⚡ Energy Efficient
📲 Alexa & Google Assistant Support

Book a free demo today. || Your home should feel as smart as your phone ✨

Experience premium smart living with:
🎙 Voice-controlled lighting
📱 App-based automation
🔐 Smart locks & security
🏡 Complete home integration

Designed for modern apartments & luxury villas in Chennai. || Control your entire home from your phone 📱✨
Lights, fans, AC, curtains, CCTV & more — all automated for comfort and convenience.

✅ Voice Control
✅ Mobile App Access
✅ Smart Security
✅ Modern Lifestyle Upgrade

Transform your home into a smart home today. || Make life easier for your family ❤️

Turn lights ON, control appliances, monitor security, and automate your home with a single tap.

Perfect for:
✔ Busy professionals
✔ Families
✔ Elderly parents
✔ Modern homes & villas

Smart Home Automation starting at affordable pricing.",https://www.onwords.in/lead#smarthome || https://www.onwords.in/lead#smarthome || https://www.onwords.in/lead#smarthome || https://www.onwords.in/lead#smarthome || https://www.onwords.in/lead#smarthome || https://www.onwords.in/lead#smarthome || https://www.onwords.in/lead#smarthome || https://www.onwords.in/lead#smarthome || https://www.onwords.in/lead#smarthome || https://www.onwords.in/lead#smarthome,https://www.onwords.in/ || https://www.onwords.in/ || https://www.onwords.in/ || https://www.onwords.in/ || https://www.onwords.in/ || https://www.onwords.in/ || https://www.onwords.in/ || https://www.onwords.in/ || https://www.onwords.in/ || https://www.onwords.in/,Get Quote || Get Quote || Get Quote || Get Quote || Get Quote || Get Quote || Get Quote || Get Quote || Get Quote || Get Quote,,HD: https://video.fjai6-1.fna.fbcdn.net/o1/v/t2/f2/m366/AQM9SPmMNy_RJK2LCC2qZUhFyP3RfMnxzq71ZP8scygx2Emhf1wml0oTp_cKatYKWZUIX9NvqySwvANK-_pnOruDZH9nkCqyeKwg1gYQJAwtCQ.mp4?_nc_cat=111&_nc_oc=AdqjhZv3SdtjN8ymoq7uo3joshx42x0pFcJJAB7oObGcj1WLZF9QLPSxLlsXNm7jIaxgXhrO-HIWeLByyoOHCMP9&_nc_sid=b66105&_nc_ht=video.fjai6-1.fna.fbcdn.net&_nc_ohc=3hEDqJg3f-cQ7kNvwELrUTT&efg=eyJ2ZW5jb2RlX3RhZyI6Inhwdl9wcm9ncmVzc2l2ZS5WSV9VU0VDQVNFX1BST0RVQ1RfVFlQRS4uQzMuNzIwLmRhc2hfaDI2NC1iYXNpYy1nZW4yXzcyMHAiLCJ4cHZfYXNzZXRfaWQiOjE4Nzk3MzU0MDI3MzI2MDEsImFzc2V0X2FnZV9kYXlzIjo1MCwidmlfdXNlY2FzZV9pZCI6MTAxMzksImR1cmF0aW9uX3MiOjM1LCJ1cmxnZW5fc291cmNlIjoid3d3In0%3D&ccb=17-1&vs=72d84c3bde3a9a27&_nc_vs=HBksFQIYRWZiX2VwaGVtZXJhbC8xRTQxODREQkNFRjRCMUZBRDg3NDUzMjVDOEZGQkI5Nl9tdF8xX3ZpZGVvX2Rhc2hpbml0Lm1wNBUAAsgBEgAVAhhAZmJfcGVybWFuZW50LzE1NERCNUFCQzY3ODkyNzcyM0FBRDdFOEZERDE4NTg3X2F1ZGlvX2Rhc2hpbml0Lm1wNBUCAsgBEgAoABgAGwKIB3VzZV9vaWwBMRJwcm9ncmVzc2l2ZV9yZWNpcGUBMRUAACby8JyPgOfWBhUCKAJDMywXQEGmhysCDEoYGWRhc2hfaDI2NC1iYXNpYy1nZW4yXzcyMHARAHUAZbaeAQA&_nc_gid=STsXALnz49NkUD-RXaV00w&_nc_ss=7b289&_nc_zt=28&oh=00_Af-JsYOZvbhkjvDNekYiQEPzOx-2m9TQPHYUXZkW_eCLlw&oe=6A384CF9 | SD: https://video.fjai6-1.fna.fbcdn.net/o1/v/t2/f2/m412/AQOHGsCUam_A6SjIr1ynNQeyWSEphMQbMcEG02bpbS-5BaoLg6Ye22JE3x6hMAMGWACh_qCPWdPWeboyze3QJO8RIjv1XCNzmFtrAk1_TA.mp4?_nc_cat=105&_nc_oc=AdqKV2YdisfeKisYnEBjH-qkLoFVqtKx7XB7Cf4-xhpA2NW0A1dCb_SoCSgtj3xJZaeNqeUwKbHWACg-iHfQ6DPX&_nc_sid=ef5aa3&_nc_ht=video.fjai6-1.fna.fbcdn.net&_nc_ohc=q8yb6wOpxSYQ7kNvwEFzPrr&efg=eyJ2ZW5jb2RlX3RhZyI6Inhwdl9wcm9ncmVzc2l2ZS5WSV9VU0VDQVNFX1BST0RVQ1RfVFlQRS4uQzMuMzYwLnN2ZV9zZCIsInhwdl9hc3NldF9pZCI6MTg3OTczNTQwMjczMjYwMSwiYXNzZXRfYWdlX2RheXMiOjUwLCJ2aV91c2VjYXNlX2lkIjoxMDEzOSwiZHVyYXRpb25fcyI6MzUsInVybGdlbl9zb3VyY2UiOiJ3d3cifQ%3D%3D&ccb=17-1&_nc_gid=STsXALnz49NkUD-RXaV00w&_nc_ss=7b289&_nc_zt=28&oh=00_Af_v9Sb7ZNLQUXBmA3MHJFrN0kPb-W5SuPi1g2K8HjbZQA&oe=6A385F45 | Preview: https://scontent.fjai6-1.fna.fbcdn.net/v/t39.35426-6/707499891_1522307839284954_6289853986714008835_n.jpg?_nc_cat=108&ccb=1-7&_nc_sid=c53f8f&_nc_ohc=HCaF2rfMgMsQ7kNvwHARbhA&_nc_oc=AdobcsvCSagC-ugS2s7xsBFLmMsExIg2dNV3cDfGPDSpT1V48w2PTWL_PhaUfPqfM1XAiRAKf4AbNQ3DmDQ6jEGU&_nc_zt=14&_nc_ht=scontent.fjai6-1.fna&_nc_gid=STsXALnz49NkUD-RXaV00w&_nc_ss=7b289&oh=00_Af-OBGg1zgi1lyDYHb1Q-SuMojCmbtUMXkyUt0U3RDJC-Q&oe=6A3841EA || HD: https://video.fjai6-1.fna.fbcdn.net/o1/v/t2/f2/m366/AQPMAw37SVAyxFxHsl3Dhxv6IWA1mlCrI-IsEQAEtsc9v5kxzrBaGlQZpLjiXTlDJ_tpicJkCvdnE7lEPK9vgbvyC4oqBmFJ80gIjClUocvyxQ.mp4?_nc_cat=105&_nc_oc=AdrkQaagb_f5cefGw6YC5VD3uLZIL-gA3KizYqXKXNOVlVvFAUSc3WQEGsoi4CIkqmkD_bTzaTqtZqMiIMFl183m&_nc_sid=b66105&_nc_ht=video.fjai6-1.fna.fbcdn.net&_nc_ohc=ELd7cT6jwZkQ7kNvwE3I8aP&efg=eyJ2ZW5jb2RlX3RhZyI6Inhwdl9wcm9ncmVzc2l2ZS5WSV9VU0VDQVNFX1BST0RVQ1RfVFlQRS4uQzMuNzIwLmRhc2hfaDI2NC1iYXNpYy1nZW4yXzcyMHAiLCJ4cHZfYXNzZXRfaWQiOjIyMTgyOTM0NjIzMDkwNjcsImFzc2V0X2FnZV9kYXlzIjo1NiwidmlfdXNlY2FzZV9pZCI6MTAxMzksImR1cmF0aW9uX3MiOjYyLCJ1cmxnZW5fc291cmNlIjoid3d3In0%3D&ccb=17-1&vs=383bf0ae7572bcd5&_nc_vs=HBksFQIYRWZiX2VwaGVtZXJhbC84QTRFRTZGMkNCMkI3RTM3QzEyODFEMUZEN0FERTRCNV9tdF8xX3ZpZGVvX2Rhc2hpbml0Lm1wNBUAAsgBEgAVAhhAZmJfcGVybWFuZW50LzdCNDJDNTgxMzVFRDZBQjcwOUZCNTk3RkRFQ0M1Rjg4X2F1ZGlvX2Rhc2hpbml0Lm1wNBUCAsgBEgAoABgAGwKIB3VzZV9vaWwBMRJwcm9ncmVzc2l2ZV9yZWNpcGUBMRUAACaW46Cd1uHwBxUCKAJDMywXQE8d0vGp--cYGWRhc2hfaDI2NC1iYXNpYy1nZW4yXzcyMHARAHUAZbaeAQA&_nc_gid=STsXALnz49NkUD-RXaV00w&_nc_ss=7b289&_nc_zt=28&oh=00_Af-j7Quo-vozJXKw8ZRtkKsYw7jWf7GBNkdXP-V8Eis1-A&oe=6A38355B | SD: https://video.fjai6-1.fna.fbcdn.net/o1/v/t2/f2/m412/AQPb3QRSG37YafdkzTcTWIBxb2oNSUI0YsJ_ZIzBy7chDHK27IvXJdQxSxuE5jo8orWVnoKn1yQI4_TIg1btiZyeCbBO6upDliNxpXimAw.mp4?_nc_cat=106&_nc_oc=Adrd4cwBvppdrzmaES-1s1QQ6kmi14HstiXup8WlmRhABBoF71Qj3oxzpsnIOw8hiC8m7mmR5VIdHZ6f1zHXeqkt&_nc_sid=ef5aa3&_nc_ht=video.fjai6-1.fna.fbcdn.net&_nc_ohc=sHgsyCoRDLMQ7kNvwGy2xXx&efg=eyJ2ZW5jb2RlX3RhZyI6Inhwdl9wcm9ncmVzc2l2ZS5WSV9VU0VDQVNFX1BST0RVQ1RfVFlQRS4uQzMuMzYwLnN2ZV9zZCIsInhwdl9hc3NldF9pZCI6MjIxODI5MzQ2MjMwOTA2NywiYXNzZXRfYWdlX2RheXMiOjU2LCJ2aV91c2VjYXNlX2lkIjoxMDEzOSwiZHVyYXRpb25fcyI6NjIsInVybGdlbl9zb3VyY2UiOiJ3d3cifQ%3D%3D&ccb=17-1&_nc_gid=STsXALnz49NkUD-RXaV00w&_nc_ss=7b289&_nc_zt=28&oh=00_Af8-7XgSTuqEx6Y6NGC-pikbnX85pEqJUd_yVwClK5rs1Q&oe=6A385240 | Preview: https://scontent.fjai6-1.fna.fbcdn.net/v/t39.35426-6/707454370_991768380490243_8541258383636499234_n.jpg?_nc_cat=101&ccb=1-7&_nc_sid=c53f8f&_nc_ohc=23lkYdDwL1MQ7kNvwHCzn5i&_nc_oc=Adrf4tXKxE23q73VRqnV46WdvRrkvw9dTZKyseGMFBxBy-15KtuUh-GOnSjgJoaGWmihMPvL2pfRuAvjC-6DxoNd&_nc_zt=14&_nc_ht=scontent.fjai6-1.fna&_nc_gid=STsXALnz49NkUD-RXaV00w&_nc_ss=7b289&oh=00_Af8W-SeXrGQatHDCtz8bxcj1f57Gue0DJW6g8YDL8wJ87w&oe=6A385B84 || HD: https://video.fjai6-1.fna.fbcdn.net/o1/v/t2/f2/m366/AQOMGBotkj3feGJmlJ_QU3QtuV4L3I0CgB3jWf4e1BH7bgAU8ybWvtYKAXLVg5v1k6wxJMSImR24SJY8xpfJRv5QvmCxjcn6Sd9PX6Dy65013w.mp4?_nc_cat=108&_nc_oc=Adq8emrDb_-RnJPYiHFp54RaDIKA3jSSKifEaJNZVO5-C04wYRHicPvNfIj95JudMPyoFKPd0EVtG3MJG9bw25gu&_nc_sid=b66105&_nc_ht=video.fjai6-1.fna.fbcdn.net&_nc_ohc=YPLXzatupAwQ7kNvwFUc28L&efg=eyJ2ZW5jb2RlX3RhZyI6Inhwdl9wcm9ncmVzc2l2ZS5WSV9VU0VDQVNFX1BST0RVQ1RfVFlQRS4uQzMuNzIwLmRhc2hfaDI2NC1iYXNpYy1nZW4yXzcyMHAiLCJ4cHZfYXNzZXRfaWQiOjE5OTQ5MDk0NTgwOTMxNDAsImFzc2V0X2FnZV9kYXlzIjo1OCwidmlfdXNlY2FzZV9pZCI6MTA3OTksImR1cmF0aW9uX3MiOjUzLCJ1cmxnZW5fc291cmNlIjoid3d3In0%3D&ccb=17-1&vs=c1a2b6d5ce2b4182&_nc_vs=HBksFQIYRWZiX2VwaGVtZXJhbC8zMTREMUEyQUE1NURDRUMwRDJDNTM2NDdGQzRFNTY4OF9tdF8xX3ZpZGVvX2Rhc2hpbml0Lm1wNBUAAsgBEgAVAhhAZmJfcGVybWFuZW50L0RBNDk3QzVBQzkwRjRGNjIzNzJCNjcwQjYxQUJFMUEwX2F1ZGlvX2Rhc2hpbml0Lm1wNBUCAsgBEgAoABgAGwKIB3VzZV9vaWwBMRJwcm9ncmVzc2l2ZV9yZWNpcGUBMRUAACao0d7ZgZeLBxUCKAJDMywXQEqEOVgQYk4YGWRhc2hfaDI2NC1iYXNpYy1nZW4yXzcyMHARAHUAZd6oAQA&_nc_gid=STsXALnz49NkUD-RXaV00w&_nc_ss=7b289&_nc_zt=28&oh=00_Af93CMS6Ws97Ua-lR4nvbRr9qfI-p_e3efSWqddYnrROPw&oe=6A3861D0 | SD: https://video.fjai6-1.fna.fbcdn.net/o1/v/t2/f2/m412/AQNPT9Z5HvrmmScwzGFEP5LFy6AhEHrwB_MjO99pmLT9bGWBq9YepRvOqN90PJF-p793tRlkrqFk2fPtr1lh9O-pOK1oj4ahRg8worRROA.mp4?_nc_cat=111&_nc_oc=AdptivezSNLND1o__ZVDpz0DUIgd-5cdiqOj5QoTKLfFuycX6W3m4hdkuumVTjJOu5TkjTmJh6XocRs0hlOaratG&_nc_sid=ef5aa3&_nc_ht=video.fjai6-1.fna.fbcdn.net&_nc_ohc=LstqfPj5sVsQ7kNvwExCQB8&efg=eyJ2ZW5jb2RlX3RhZyI6Inhwdl9wcm9ncmVzc2l2ZS5WSV9VU0VDQVNFX1BST0RVQ1RfVFlQRS4uQzMuMzYwLnN2ZV9zZCIsInhwdl9hc3NldF9pZCI6MTk5NDkwOTQ1ODA5MzE0MCwiYXNzZXRfYWdlX2RheXMiOjU4LCJ2aV91c2VjYXNlX2lkIjoxMDc5OSwiZHVyYXRpb25fcyI6NTMsInVybGdlbl9zb3VyY2UiOiJ3d3cifQ%3D%3D&ccb=17-1&_nc_gid=STsXALnz49NkUD-RXaV00w&_nc_ss=7b289&_nc_zt=28&oh=00_Af_9lqin5NGef_p-ei0TP3lxFrE5ghI4GBCJxNPdulBPxQ&oe=6A385E1F | Preview: https://scontent.fjai6-1.fna.fbcdn.net/v/t39.35426-6/707007479_1737071487737006_6725514261833821019_n.jpg?_nc_cat=109&ccb=1-7&_nc_sid=c53f8f&_nc_ohc=6dwmcrN68t0Q7kNvwH6Rslv&_nc_oc=AdoQRHTWJJ4VNhLoLE-HhqbmeND2QebccPhEj7mehnWbHL7XGAfcJuWm_Q6RRytnTAzySCLT0CM0XjBlk0qRJs3A&_nc_zt=14&_nc_ht=scontent.fjai6-1.fna&_nc_gid=STsXALnz49NkUD-RXaV00w&_nc_ss=7b289&oh=00_Af-Nn4znexDsQrd0NqU-SMs7DOED1AVyfrnJHHpWL7nb2Q&oe=6A385CB0 || HD: https://video.fjai6-1.fna.fbcdn.net/o1/v/t2/f2/m366/AQNEwp3wBKCrqixbNfQbAXhalxzMf5Rpln8HxXiEwkzp41AK1d-xq7Ysd39859opuylReSYs7d9wXqbk77MKBOV2Q-INEMb938CCUQbpAn2BDw.mp4?_nc_cat=109&_nc_oc=AdqDAiJ8XB9vFZo7vVVzY8d2yOugWBYlVZ1TVR_CtHC5gHx_SQIZA__4P632HVWg_XxEql4JdqptBPFm-3c8OeI8&_nc_sid=b66105&_nc_ht=video.fjai6-1.fna.fbcdn.net&_nc_ohc=G3OCSIIXpeUQ7kNvwHgVN3c&efg=eyJ2ZW5jb2RlX3RhZyI6Inhwdl9wcm9ncmVzc2l2ZS5WSV9VU0VDQVNFX1BST0RVQ1RfVFlQRS4uQzMuNzIwLmRhc2hfaDI2NC1iYXNpYy1nZW4yXzcyMHAiLCJ4cHZfYXNzZXRfaWQiOjIxNTk4ODA2MDgxMDY3MzAsImFzc2V0X2FnZV9kYXlzIjo2MSwidmlfdXNlY2FzZV9pZCI6MTA3OTksImR1cmF0aW9uX3MiOjM1LCJ1cmxnZW5fc291cmNlIjoid3d3In0%3D&ccb=17-1&vs=1a5b0157dd4e3acd&_nc_vs=HBksFQIYRWZiX2VwaGVtZXJhbC80OTRFQkVCMjUwOTYyRTBDNDAyQTdFRjQyRTk4Q0I5N19tdF8xX3ZpZGVvX2Rhc2hpbml0Lm1wNBUAAsgBEgAVAhhAZmJfcGVybWFuZW50L0U1NDgyNUI4QzM5QjQzREU5OTNCNDE5REQ5OEFFN0I0X2F1ZGlvX2Rhc2hpbml0Lm1wNBUCAsgBEgAoABgAGwKIB3VzZV9vaWwBMRJwcm9ncmVzc2l2ZV9yZWNpcGUBMRUAACbUo7rGzJnWBxUCKAJDMywXQEGmhysCDEoYGWRhc2hfaDI2NC1iYXNpYy1nZW4yXzcyMHARAHUAZd6oAQA&_nc_gid=STsXALnz49NkUD-RXaV00w&_nc_ss=7b289&_nc_zt=28&oh=00_Af-YGfUl8OhHt8tjuoZfZSyeMWOwOdM0sHRfAEW9qYPPHA&oe=6A385B2B | SD: https://video.fjai6-1.fna.fbcdn.net/o1/v/t2/f2/m412/AQMHqB2qI7SEfRAo_HhqpfHU-iMHa3FxJLe6-QthkoC6rDqbPjW8IMPAgVZOg0Fgp_RD23NVGDcwg2e8GkcwrejX4EBNE095Zs7nDzAe9w.mp4?_nc_cat=102&_nc_oc=AdqmiXMdRV1eF5Q2TbXbgDUtucqPj9rV9P5-MEkzFGT9Gk3LozZRhWtlH1LusADsU2id52Pq5DbXMG-SC4gjD9wq&_nc_sid=ef5aa3&_nc_ht=video.fjai6-1.fna.fbcdn.net&_nc_ohc=chLv9n01jnsQ7kNvwHIbi2f&efg=eyJ2ZW5jb2RlX3RhZyI6Inhwdl9wcm9ncmVzc2l2ZS5WSV9VU0VDQVNFX1BST0RVQ1RfVFlQRS4uQzMuMzYwLnN2ZV9zZCIsInhwdl9hc3NldF9pZCI6MjE1OTg4MDYwODEwNjczMCwiYXNzZXRfYWdlX2RheXMiOjYxLCJ2aV91c2VjYXNlX2lkIjoxMDc5OSwiZHVyYXRpb25fcyI6MzUsInVybGdlbl9zb3VyY2UiOiJ3d3cifQ%3D%3D&ccb=17-1&_nc_gid=STsXALnz49NkUD-RXaV00w&_nc_ss=7b289&_nc_zt=28&oh=00_Af_IuKcDwjaYaqQrlBmYARQOFt1d1JeAzcb5fCMMAsYi_g&oe=6A383BF4 | Preview: https://scontent.fjai6-1.fna.fbcdn.net/v/t39.35426-6/707211262_4705339396366625_3366400060299901641_n.jpg?_nc_cat=104&ccb=1-7&_nc_sid=c53f8f&_nc_ohc=ZrghjGyjxLIQ7kNvwGux_CY&_nc_oc=Adq--lYu3ghLhSEXIRBKsOvM7F-HOaKLN1tk535yOBowHVT7OE--v7mZvvNtKgll39Hup6G_c2Ok633CfPpEXAP-&_nc_zt=14&_nc_ht=scontent.fjai6-1.fna&_nc_gid=STsXALnz49NkUD-RXaV00w&_nc_ss=7b289&oh=00_Af-wDvn6yrc-nmI_8cKMeSgvsElXP3SzI1dLbxEcs-BavA&oe=6A385817 || HD: https://video.fjai6-1.fna.fbcdn.net/o1/v/t2/f2/m366/AQNZY_t8S9QUlkBr2TATIcSVzesbU_LdfbsB9laUhnYeTZov9XzKwpETr8-WcWuMkcR1BOLoB7nMhUjZWgTSJKwKRAS_fOnl9sY6rdd8ZAe1Bw.mp4?_nc_cat=101&_nc_oc=AdrOLCxziFlTGjjsaxa4bHaw_DAwnBM8hpWXeCWU1qp7x0NAYCFiV4jDE1nPul99DzbRyuZCuHalH2S9gCOWErYy&_nc_sid=b66105&_nc_ht=video.fjai6-1.fna.fbcdn.net&_nc_ohc=GSHA85MH-LcQ7kNvwH-7zug&efg=eyJ2ZW5jb2RlX3RhZyI6Inhwdl9wcm9ncmVzc2l2ZS5WSV9VU0VDQVNFX1BST0RVQ1RfVFlQRS4uQzMuNzIwLmRhc2hfaDI2NC1iYXNpYy1nZW4yXzcyMHAiLCJ4cHZfYXNzZXRfaWQiOjgwODk0NDUwMTgzODQ0MiwiYXNzZXRfYWdlX2RheXMiOjYxLCJ2aV91c2VjYXNlX2lkIjoxMDc5OSwiZHVyYXRpb25fcyI6MzUsInVybGdlbl9zb3VyY2UiOiJ3d3cifQ%3D%3D&ccb=17-1&vs=176e1bb4d40ee618&_nc_vs=HBksFQIYRWZiX2VwaGVtZXJhbC80QjRFOEQ1OTAzMDNENTlFQTFFMzQ0OUVFRDAzMTNBMF9tdF8xX3ZpZGVvX2Rhc2hpbml0Lm1wNBUAAsgBEgAVAhhAZmJfcGVybWFuZW50LzYxNDY3NTdFNjhDRDlENzBDNjREQkJFMzNEMTA1QkFBX2F1ZGlvX2Rhc2hpbml0Lm1wNBUCAsgBEgAoABgAGwKIB3VzZV9vaWwBMRJwcm9ncmVzc2l2ZV9yZWNpcGUBMRUAACbUyeaa4u7vAhUCKAJDMywXQEGmhysCDEoYGWRhc2hfaDI2NC1iYXNpYy1nZW4yXzcyMHARAHUAZd6oAQA&_nc_gid=STsXALnz49NkUD-RXaV00w&_nc_ss=7b289&_nc_zt=28&oh=00_Af9FnaQMwzuqsYvZl-rZ8-WM1g_edbo8Zr5pQ3BisPSE0Q&oe=6A383F13 | SD: https://video.fjai6-1.fna.fbcdn.net/o1/v/t2/f2/m412/AQMSGk0B0MhCsNUX39HHDpgt3QNERaxOLZ4NVXpyO5kyT4J8upnGcgcvb1z1wkWkj-lLQYbwkTG9o70jvYayuPRwZDrCgNZANX-mkQHC-w.mp4?_nc_cat=103&_nc_oc=Adqs3nTMsrMyYRg1EsYHXLXrGI-V47ZvN8jder8UUNsO4_Z9zJC2pd_K2AcVq5FNj5DbhjGB57XZ3k1dM9wvFlmq&_nc_sid=ef5aa3&_nc_ht=video.fjai6-1.fna.fbcdn.net&_nc_ohc=sVT9I3Rj28EQ7kNvwEHvzI1&efg=eyJ2ZW5jb2RlX3RhZyI6Inhwdl9wcm9ncmVzc2l2ZS5WSV9VU0VDQVNFX1BST0RVQ1RfVFlQRS4uQzMuMzYwLnN2ZV9zZCIsInhwdl9hc3NldF9pZCI6ODA4OTQ0NTAxODM4NDQyLCJhc3NldF9hZ2VfZGF5cyI6NjEsInZpX3VzZWNhc2VfaWQiOjEwNzk5LCJkdXJhdGlvbl9zIjozNSwidXJsZ2VuX3NvdXJjZSI6Ind3dyJ9&ccb=17-1&_nc_gid=STsXALnz49NkUD-RXaV00w&_nc_ss=7b289&_nc_zt=28&oh=00_Af-kgdN58pnWZFvqRgS0REOUrX4XJzXlliuKDJRqCtvx2A&oe=6A38319F | Preview: https://scontent.fjai6-1.fna.fbcdn.net/v/t39.35426-6/706744433_817654781167985_4045409719349152542_n.jpg?_nc_cat=111&ccb=1-7&_nc_sid=c53f8f&_nc_ohc=4Y3EL5EoPywQ7kNvwG7tKTA&_nc_oc=AdonJoLmVvBHpnGkRvhIxNH0RInz8cifLgEgAbnueTqc8BZgwlwpWwDkQpSWC2afZUlcyWvpeElJn7jTpTCzwkC4&_nc_zt=14&_nc_ht=scontent.fjai6-1.fna&_nc_gid=STsXALnz49NkUD-RXaV00w&_nc_ss=7b289&oh=00_Af_GuFR8_YrpglNFLjh2X9F2S9NhcuZjDBMrRPGT0kKJoA&oe=6A385B96 || HD: https://video.fjai6-1.fna.fbcdn.net/o1/v/t2/f2/m366/AQNgVjHy5jBRuKZGbZu7JyAMbboL-3zqnvf7NuVJl045dY6x8nTFHhLQVnTXcrk9gaSogl-9vBeq5FAMAaCpatuc548TD4BDtPK_lVHbxwspvA.mp4?_nc_cat=105&_nc_oc=Ado2kD8P9iSKM_SOUGmZa2-hOS5pwN79qZLkOonXTjbjxWGoFKVmrV90CwSxDXs6ZGrVaSJcsbt0LZ-X960n1fBA&_nc_sid=b66105&_nc_ht=video.fjai6-1.fna.fbcdn.net&_nc_ohc=CUiv6epFtz4Q7kNvwFq55jd&efg=eyJ2ZW5jb2RlX3RhZyI6Inhwdl9wcm9ncmVzc2l2ZS5WSV9VU0VDQVNFX1BST0RVQ1RfVFlQRS4uQzMuNzIwLmRhc2hfaDI2NC1iYXNpYy1nZW4yXzcyMHAiLCJ4cHZfYXNzZXRfaWQiOjIwNjM0MzUwMDEyNzY2NzQsImFzc2V0X2FnZV9kYXlzIjoyMiwidmlfdXNlY2FzZV9pZCI6MTA3OTksImR1cmF0aW9uX3MiOjMwLCJ1cmxnZW5fc291cmNlIjoid3d3In0%3D&ccb=17-1&vs=65ef4b38b67d1673&_nc_vs=HBksFQIYRWZiX2VwaGVtZXJhbC80NjREOTdBMkI2MUI3RTQ3REUxODAzQkRENDQwOUM5OV9tdF8xX3ZpZGVvX2Rhc2hpbml0Lm1wNBUAAsgBEgAVAhhAZmJfcGVybWFuZW50L0UwNEY4RTk4MTg3RTBERTM0ODE2MkNCNUVFRUQxMTk1X2F1ZGlvX2Rhc2hpbml0Lm1wNBUCAsgBEgAoABgAGwKIB3VzZV9vaWwBMRJwcm9ncmVzc2l2ZV9yZWNpcGUBMRUAACaEpKXk3KuqBxUCKAJDMywXQD6AAAAAAAAYGWRhc2hfaDI2NC1iYXNpYy1nZW4yXzcyMHARAHUAZd6oAQA&_nc_gid=STsXALnz49NkUD-RXaV00w&_nc_ss=7b289&_nc_zt=28&oh=00_Af9CQHtAQoa27WB5fEUT3_O8XMhs-AV9FqsYeRJomxHhFw&oe=6A38377F | SD: https://video.fjai6-1.fna.fbcdn.net/o1/v/t2/f2/m412/AQN2CQy485eq7239H5NgyFPdt77L35Yz4saHeQTZGpjXR0lXPMNmeksyjrXmdK66vtGhJYKc2pR17IZ-luFbDpHu0JKyl8GLqlTnePM53g.mp4?_nc_cat=108&_nc_oc=AdrejKEUyAexSa-Z0D5oZ28QnvjZZYDDqP1kw9-nohXoHLqEdPl3MglY5_R2L65L0-qDTf9MS1KAHcpJ1r5WRSHB&_nc_sid=ef5aa3&_nc_ht=video.fjai6-1.fna.fbcdn.net&_nc_ohc=cvTYZ0rL9FwQ7kNvwG6oPM_&efg=eyJ2ZW5jb2RlX3RhZyI6Inhwdl9wcm9ncmVzc2l2ZS5WSV9VU0VDQVNFX1BST0RVQ1RfVFlQRS4uQzMuMzYwLnN2ZV9zZCIsInhwdl9hc3NldF9pZCI6MjA2MzQzNTAwMTI3NjY3NCwiYXNzZXRfYWdlX2RheXMiOjIyLCJ2aV91c2VjYXNlX2lkIjoxMDc5OSwiZHVyYXRpb25fcyI6MzAsInVybGdlbl9zb3VyY2UiOiJ3d3cifQ%3D%3D&ccb=17-1&_nc_gid=STsXALnz49NkUD-RXaV00w&_nc_ss=7b289&_nc_zt=28&oh=00_Af8dlZNbFpWku9pXfIY9cNMmL7n91ANwajPFfeFXtopX4g&oe=6A385B2A | Preview: https://scontent.fjai6-1.fna.fbcdn.net/v/t39.35426-6/707796175_1544335874015818_3032710379084791108_n.jpg?_nc_cat=101&ccb=1-7&_nc_sid=c53f8f&_nc_ohc=1R8cAeUDVecQ7kNvwFurnRn&_nc_oc=AdrDEMVaBwNDgjv2ATgxXS34HWtqNMkALx-UeAluTHPDo4ZPUkkpTnbNUPGY1GOPmbm-e4vBMylMyznOeTxhs1pN&_nc_zt=14&_nc_ht=scontent.fjai6-1.fna&_nc_gid=STsXALnz49NkUD-RXaV00w&_nc_ss=7b289&oh=00_Af-M_1OiQ0aVvPwvVpzTZp9QPXxzbeZ6ZJtfTM6YKDto4w&oe=6A382F36 || HD: https://video.fjai6-1.fna.fbcdn.net/o1/v/t2/f2/m366/AQOOUXnl4899gRehxBXBw4NREOmLABEOk2c3y5bsSbKmDZIY1hDJGxi81V9LTJRJJwbI9IQ48IZ5jk15fgdYiRzQOCO9jm20Knj2V622B8Sltg.mp4?_nc_cat=102&_nc_oc=AdrUoIeJVmTDM8zwpuyvyyyTD8UAcxqJNBfGoNcaRAbW5MnsEQtdCJ_NOs4DqIaRFpzRi5keTrymfItATvNdGFda&_nc_sid=b66105&_nc_ht=video.fjai6-1.fna.fbcdn.net&_nc_ohc=lr4XnsqpyRQQ7kNvwFFpL9u&efg=eyJ2ZW5jb2RlX3RhZyI6Inhwdl9wcm9ncmVzc2l2ZS5WSV9VU0VDQVNFX1BST0RVQ1RfVFlQRS4uQzMuNzIwLmRhc2hfaDI2NC1iYXNpYy1nZW4yXzcyMHAiLCJ4cHZfYXNzZXRfaWQiOjEzMDQ5Njc0MjQ5NTY4NDUsImFzc2V0X2FnZV9kYXlzIjo2MSwidmlfdXNlY2FzZV9pZCI6MTA3OTksImR1cmF0aW9uX3MiOjUwLCJ1cmxnZW5fc291cmNlIjoid3d3In0%3D&ccb=17-1&vs=f731a09b02626ee&_nc_vs=HBksFQIYRWZiX2VwaGVtZXJhbC9DOTRERDYwMUJFMzVGMDQ1RDhDRjg5MDI0RDYyOUM4OV9tdF8xX3ZpZGVvX2Rhc2hpbml0Lm1wNBUAAsgBEgAVAhhAZmJfcGVybWFuZW50LzNFNDE2OEVBODE4Q0Y4NUUyM0I4NURDQThDRDUwRTlEX2F1ZGlvX2Rhc2hpbml0Lm1wNBUCAsgBEgAoABgAGwKIB3VzZV9vaWwBMRJwcm9ncmVzc2l2ZV9yZWNpcGUBMRUAACba5vb8jLfRBBUCKAJDMywXQElKn752yLQYGWRhc2hfaDI2NC1iYXNpYy1nZW4yXzcyMHARAHUAZd6oAQA&_nc_gid=STsXALnz49NkUD-RXaV00w&_nc_ss=7b289&_nc_zt=28&oh=00_Af-iXB-44P6L1AqfCtKBqtlmuQon-f_3VEbmPVzy1wO_Ig&oe=6A383036 | SD: https://video.fjai6-1.fna.fbcdn.net/o1/v/t2/f2/m412/AQM3tqlsX2_dNmxMjayTnoG18dDP7cNk-Kvrp4Sbypfyd51HoSuSeXf5RuhzVhtvH0YQW3wCk-SOmJy7KUKVFz47QEZk-P9lg0_Kzc6ITA.mp4?_nc_cat=109&_nc_oc=AdqrE63Iehqo32wRy1IB4S7GEKOtC3k9N5AKjRxgOc7Ld7rcVHc5KSWi5ouk3FIHF5Ud53ffthxYDrfDsXyqGc9o&_nc_sid=ef5aa3&_nc_ht=video.fjai6-1.fna.fbcdn.net&_nc_ohc=XCeqdR2CLBIQ7kNvwH8y5BP&efg=eyJ2ZW5jb2RlX3RhZyI6Inhwdl9wcm9ncmVzc2l2ZS5WSV9VU0VDQVNFX1BST0RVQ1RfVFlQRS4uQzMuMzYwLnN2ZV9zZCIsInhwdl9hc3NldF9pZCI6MTMwNDk2NzQyNDk1Njg0NSwiYXNzZXRfYWdlX2RheXMiOjYxLCJ2aV91c2VjYXNlX2lkIjoxMDc5OSwiZHVyYXRpb25fcyI6NTAsInVybGdlbl9zb3VyY2UiOiJ3d3cifQ%3D%3D&ccb=17-1&_nc_gid=STsXALnz49NkUD-RXaV00w&_nc_ss=7b289&_nc_zt=28&oh=00_Af8hip18_qmMmsc8FwXoTUJnYDLeZqeIvLD_bSnmFAOwLg&oe=6A383D15 | Preview: https://scontent.fjai6-1.fna.fbcdn.net/v/t39.35426-6/707510497_1263288218968201_4183794337934157059_n.jpg?_nc_cat=106&ccb=1-7&_nc_sid=c53f8f&_nc_ohc=adQsNQVs4g8Q7kNvwGzPsqC&_nc_oc=Adrz7FNRg_pwEZqLJlqh14XdEnqQT24mwnmGTclGq2_9xcnmNNGRC32fmrJE9A-8mJL9b4PQo9_azBjsKzvVlCMe&_nc_zt=14&_nc_ht=scontent.fjai6-1.fna&_nc_gid=STsXALnz49NkUD-RXaV00w&_nc_ss=7b289&oh=00_Af8f9KSR_Tdi4enXop6slIhxWPajogocfwRNJqI70hLmbQ&oe=6A384AE7 || HD: https://video.fjai6-1.fna.fbcdn.net/o1/v/t2/f2/m366/AQOO5865eh6i_liq7dWdb08-jpTQyzGesPLfsIlw9F6w3mB4jY2-5hll4_h5gnywhbrXOy3jOOGMOiwRKyOCHFU_TXuUEqO9bqYT3bz0kOcpgQ.mp4?_nc_cat=109&_nc_oc=AdqVEVf-z9qCdNGenobNGcyAqLeZ5qLEnc1ZSWSUphcxs5uZr6AyVHVP5EgZHoQiPM5xruPancSSDEZa1IcH7vQ4&_nc_sid=b66105&_nc_ht=video.fjai6-1.fna.fbcdn.net&_nc_ohc=wIPznns2x94Q7kNvwFSaVhL&efg=eyJ2ZW5jb2RlX3RhZyI6Inhwdl9wcm9ncmVzc2l2ZS5WSV9VU0VDQVNFX1BST0RVQ1RfVFlQRS4uQzMuNzIwLmRhc2hfaDI2NC1iYXNpYy1nZW4yXzcyMHAiLCJ4cHZfYXNzZXRfaWQiOjkyMjc5MTcyNzE4NjU1NywiYXNzZXRfYWdlX2RheXMiOjYxLCJ2aV91c2VjYXNlX2lkIjoxMDc5OSwiZHVyYXRpb25fcyI6NTEsInVybGdlbl9zb3VyY2UiOiJ3d3cifQ%3D%3D&ccb=17-1&vs=b8ca52d07caaad4d&_nc_vs=HBksFQIYRWZiX2VwaGVtZXJhbC81ODQ1MzM2N0MxNEExNkVCMTc3REFCMEUxNzIzQzI4Nl9tdF8xX3ZpZGVvX2Rhc2hpbml0Lm1wNBUAAsgBEgAVAhhAZmJfcGVybWFuZW50Lzc0NEVDQ0FBMEZBNjEzMkE2QjkxQTc2Rjc4QTJEOUI0X2F1ZGlvX2Rhc2hpbml0Lm1wNBUCAsgBEgAoABgAGwKIB3VzZV9vaWwBMRJwcm9ncmVzc2l2ZV9yZWNpcGUBMRUAACb6ic6RxtGjAxUCKAJDMywXQEmZmZmZmZoYGWRhc2hfaDI2NC1iYXNpYy1nZW4yXzcyMHARAHUAZd6oAQA&_nc_gid=STsXALnz49NkUD-RXaV00w&_nc_ss=7b289&_nc_zt=28&oh=00_Af8vfvdNipKW5rbirpvplxer9NKnWaea53u0WikdKGSjIA&oe=6A383DF3 | SD: https://video.fjai6-1.fna.fbcdn.net/o1/v/t2/f2/m412/AQMHCA4ZKBOz9AZ6n7JhoBckjWd4TT2O5bHiBNmtDFb8axGUJMj-vZh4jboluGSrbXAygIKPCInKEbwwn4EybbtCrZPqMWHKVQ1uqBYdLQ.mp4?_nc_cat=106&_nc_oc=Adpce-cnRrjlQqwxHadphxnuBaz079tv6GXMep8-xKqNJoHnrsXa7mPrWlHlnQohmXkC7hCxcDKLwLEgS_buy_S0&_nc_sid=ef5aa3&_nc_ht=video.fjai6-1.fna.fbcdn.net&_nc_ohc=2y2hmfOL3boQ7kNvwHcR7SB&efg=eyJ2ZW5jb2RlX3RhZyI6Inhwdl9wcm9ncmVzc2l2ZS5WSV9VU0VDQVNFX1BST0RVQ1RfVFlQRS4uQzMuMzYwLnN2ZV9zZCIsInhwdl9hc3NldF9pZCI6OTIyNzkxNzI3MTg2NTU3LCJhc3NldF9hZ2VfZGF5cyI6NjEsInZpX3VzZWNhc2VfaWQiOjEwNzk5LCJkdXJhdGlvbl9zIjo1MSwidXJsZ2VuX3NvdXJjZSI6Ind3dyJ9&ccb=17-1&_nc_gid=STsXALnz49NkUD-RXaV00w&_nc_ss=7b289&_nc_zt=28&oh=00_Af8ALYCgQtDJzZzwGJtPMBKhGfW7C88cJGhhfMwvkKzwvA&oe=6A385624 | Preview: https://scontent.fjai6-1.fna.fbcdn.net/v/t39.35426-6/706758922_4497188197167307_8186071250818295217_n.jpg?_nc_cat=110&ccb=1-7&_nc_sid=c53f8f&_nc_ohc=yl3x93UOt1QQ7kNvwHBEmmW&_nc_oc=AdrZy176Pt6lM5w5aV1rgVO49moDlNfNZHGQpVZAqL1X_n3yCyI0bq24NuUz9C_qUVzHWr0jdbxpe9NBF7-Sp3-R&_nc_zt=14&_nc_ht=scontent.fjai6-1.fna&_nc_gid=STsXALnz49NkUD-RXaV00w&_nc_ss=7b289&oh=00_Af9EnMZKizAu3RoH3zMaLjIyZB8M2R9T9OTlAyFdNGcbag&oe=6A3855AB || HD: https://video.fjai6-1.fna.fbcdn.net/o1/v/t2/f2/m366/AQMnESWsN0brO8Ose5braNWrZg9DDA0yNunIIDLGgoMWvWSrzHP24xEl_rk0jkg4ZdpzHGH4vX1ieb65gsah6eLcsiY8UijH9iy3raSsEmvzWg.mp4?_nc_cat=103&_nc_oc=Adq1Wl61koX_k5PND8Ku5Zsn1wmb98B3kkU13UEFYKrZlzRINFWlV2OjJ6WTCXRwJkzzr2e230UphcDtW6H82JmP&_nc_sid=b66105&_nc_ht=video.fjai6-1.fna.fbcdn.net&_nc_ohc=FQ0XNlZ9vOcQ7kNvwEXmHPo&efg=eyJ2ZW5jb2RlX3RhZyI6Inhwdl9wcm9ncmVzc2l2ZS5WSV9VU0VDQVNFX1BST0RVQ1RfVFlQRS4uQzMuNzIwLmRhc2hfaDI2NC1iYXNpYy1nZW4yXzcyMHAiLCJ4cHZfYXNzZXRfaWQiOjIzMzUxOTUyMjAyMjc0MjAsImFzc2V0X2FnZV9kYXlzIjo5NiwidmlfdXNlY2FzZV9pZCI6MTA3OTksImR1cmF0aW9uX3MiOjY3LCJ1cmxnZW5fc291cmNlIjoid3d3In0%3D&ccb=17-1&vs=a8b7a67b4a0a1cb9&_nc_vs=HBksFQIYRWZiX2VwaGVtZXJhbC9DNTRCNEI2REQ1NzBBQUNGMjY1MDQ4OTk3RUUxQzE4QV9tdF8xX3ZpZGVvX2Rhc2hpbml0Lm1wNBUAAsgBEgAVAhhAZmJfcGVybWFuZW50L0FENEVDMUE3MzRBQzBGMjJERjMyRTMyQjQ2ODBCOEE5X2F1ZGlvX2Rhc2hpbml0Lm1wNBUCAsgBEgAoABgAGwKIB3VzZV9vaWwBMRJwcm9ncmVzc2l2ZV9yZWNpcGUBMRUAACa41amZoPalCBUCKAJDMywXQFDCHKwIMScYGWRhc2hfaDI2NC1iYXNpYy1nZW4yXzcyMHARAHUAZd6oAQA&_nc_gid=STsXALnz49NkUD-RXaV00w&_nc_ss=7b289&_nc_zt=28&oh=00_Af_5pScWXZQ87Ga2IW9bdAoowW4QpEGJndDaRxigd_0hIA&oe=6A384E61 | SD: https://video.fjai6-1.fna.fbcdn.net/o1/v/t2/f2/m412/AQOknWMElRflBmJ237u4QOMoNTvPVhCre_1tm9EeW2NGPoFaT4nxll0lXGg-6ku2yEN7VG5BYKjz0Xdktbjl8U3p5sRIxYm55KadA0pEYw.mp4?_nc_cat=100&_nc_oc=AdoAf8eCMwIjL1dIfm_5MeQo9XZ6sdQTgmrWkMq_c9BLMnmAYMmXqH1RhDIUUfV_J045_dnrlBsSUpBJitRaSM6X&_nc_sid=ef5aa3&_nc_ht=video.fjai6-1.fna.fbcdn.net&_nc_ohc=uS2eWJ6e3TQQ7kNvwHT4Ge0&efg=eyJ2ZW5jb2RlX3RhZyI6Inhwdl9wcm9ncmVzc2l2ZS5WSV9VU0VDQVNFX1BST0RVQ1RfVFlQRS4uQzMuMzYwLnN2ZV9zZCIsInhwdl9hc3NldF9pZCI6MjMzNTE5NTIyMDIyNzQyMCwiYXNzZXRfYWdlX2RheXMiOjk2LCJ2aV91c2VjYXNlX2lkIjoxMDc5OSwiZHVyYXRpb25fcyI6NjcsInVybGdlbl9zb3VyY2UiOiJ3d3cifQ%3D%3D&ccb=17-1&_nc_gid=STsXALnz49NkUD-RXaV00w&_nc_ss=7b289&_nc_zt=28&oh=00_Af9_hh4WS1KATTUwuxGPZrIZWl5tGSg9jj95hJNliWFRSw&oe=6A383776 | Preview: https://scontent.fjai6-1.fna.fbcdn.net/v/t39.35426-6/707446636_2103098863585330_82683191170658582_n.jpg?_nc_cat=109&ccb=1-7&_nc_sid=c53f8f&_nc_ohc=s6wh85vhh8kQ7kNvwHPnkNd&_nc_oc=AdrBP8z65pDOWgSEVDc6dJdEXagPj7N8hGz5Ag13HWS7WUHx-bJmmEYP-za6I-1y6DNhnn1BYLsvK8mvdXG5wfwQ&_nc_zt=14&_nc_ht=scontent.fjai6-1.fna&_nc_gid=STsXALnz49NkUD-RXaV00w&_nc_ss=7b289&oh=00_Af-oJ8CDxFRm1alpwZZ9cNS2UuY0Z1cwnhreQqc6dW2yXQ&oe=6A383BBD || HD: https://video.fjai6-1.fna.fbcdn.net/o1/v/t2/f2/m366/AQOChHQCuw7gGT56V8DzVP2rTYs1varrxDuMISPdf1nQPWbnD2U_vdNE1By12tauHSwjZv8NxVV7L-_H7RhlY5VaGHXceEcqMo-2MCCllmwg2w.mp4?_nc_cat=107&_nc_oc=AdordpXK-ddfA9G61jHFu29HCty0QdNUCWgeqZoIExdEmFey7uV5e1IQOO40UR45L0VqqU-Ho6xU3UbWm_CacP58&_nc_sid=b66105&_nc_ht=video.fjai6-1.fna.fbcdn.net&_nc_ohc=z7leBG6ZFcwQ7kNvwE3zKZf&efg=eyJ2ZW5jb2RlX3RhZyI6Inhwdl9wcm9ncmVzc2l2ZS5WSV9VU0VDQVNFX1BST0RVQ1RfVFlQRS4uQzMuNzIwLmRhc2hfaDI2NC1iYXNpYy1nZW4yXzcyMHAiLCJ4cHZfYXNzZXRfaWQiOjEyNzA3MjUxMDE0MzA3OTMsImFzc2V0X2FnZV9kYXlzIjoyMzEsInZpX3VzZWNhc2VfaWQiOjEwNzk5LCJkdXJhdGlvbl9zIjozNSwidXJsZ2VuX3NvdXJjZSI6Ind3dyJ9&ccb=17-1&vs=928d606459a1243d&_nc_vs=HBksFQIYRWZiX2VwaGVtZXJhbC9CNjQwRkREM0JDNDU2MEQyQUVGMjdGQTg1RTI1QzFBOV9tdF8xX3ZpZGVvX2Rhc2hpbml0Lm1wNBUAAsgBEgAVAhhAZmJfcGVybWFuZW50LzRDNERFNUZFQzU5RDM2OUFGNDQ4MTIxQjgxMzM0NkFDX2F1ZGlvX2Rhc2hpbml0Lm1wNBUCAsgBEgAoABgAGwKIB3VzZV9vaWwBMRJwcm9ncmVzc2l2ZV9yZWNpcGUBMRUAACaSoLnk9-3BBBUCKAJDMywXQEGo9cKPXCkYGWRhc2hfaDI2NC1iYXNpYy1nZW4yXzcyMHARAHUAZd6oAQA&_nc_gid=STsXALnz49NkUD-RXaV00w&_nc_ss=7b289&_nc_zt=28&oh=00_Af_Grwk15sVxiYJGeGNlPdhorfhy9VVg6wux9JezSmDj2A&oe=6A385B69 | SD: https://video.fjai6-1.fna.fbcdn.net/o1/v/t2/f2/m412/AQPTL7VNMAq_2tV1uvS6YeJ8wsl-qhQLlFDjY2miEvzKLRo28nluYswzoEOOAA13xLtAOAElLZiv-N0mqV0_-TKGMTgmQ3kiLEZUvWIXPQ.mp4?_nc_cat=107&_nc_oc=AdoqQAbE5JBmqUzcKJGiPP9mONOBAXnSK8TflNOqEMF1UhClfu82UHVLPPsHtw2Ew1wKsKLHYTrKqSRUHZl6OeVa&_nc_sid=ef5aa3&_nc_ht=video.fjai6-1.fna.fbcdn.net&_nc_ohc=VhgxelpY2rYQ7kNvwGslUaS&efg=eyJ2ZW5jb2RlX3RhZyI6Inhwdl9wcm9ncmVzc2l2ZS5WSV9VU0VDQVNFX1BST0RVQ1RfVFlQRS4uQzMuMzYwLnN2ZV9zZCIsInhwdl9hc3NldF9pZCI6MTI3MDcyNTEwMTQzMDc5MywiYXNzZXRfYWdlX2RheXMiOjIzMSwidmlfdXNlY2FzZV9pZCI6MTA3OTksImR1cmF0aW9uX3MiOjM1LCJ1cmxnZW5fc291cmNlIjoid3d3In0%3D&ccb=17-1&_nc_gid=STsXALnz49NkUD-RXaV00w&_nc_ss=7b289&_nc_zt=28&oh=00_Af8HqssBUpFQCfsoaEtFtofZylZn22s-zpOvdJ1N6ME0dw&oe=6A383DF7 | Preview: https://scontent.fjai6-1.fna.fbcdn.net/v/t39.35426-6/707426842_2209471299864987_5610748264381519851_n.jpg?_nc_cat=107&ccb=1-7&_nc_sid=c53f8f&_nc_ohc=51G-xo2e-qkQ7kNvwE2QrQR&_nc_oc=AdoDsxd2Sas0T6us08dekCt7YVmfx738DPtfRdyi4_XutBb-xhFjPTRNvXe3odDtEDyRCQ02TmgSidPVyJfZ7EcZ&_nc_zt=14&_nc_ht=scontent.fjai6-1.fna&_nc_gid=STsXALnz49NkUD-RXaV00w&_nc_ss=7b289&oh=00_Af9fd5SCFM59-C1ck1FNq4EU-pLIWVaUA_doe8B9tdER5Q&oe=6A3835EB
1693802328481239,https://www.facebook.com/61590523432097/,,https://www.facebook.com/61590523432097/,,,,design@kraftednook.com,+91 70222 89136,,,,1068722276333647,,Krafted Nook - Premium Custom Modular Interiors,https://www.facebook.com/ads/library/?id=1693802328481239,"The architecture of transition. A 5-bedroom luxury villa in HSR Layout, Bengaluru, built around the realities of a fluid daily routine. 

In the walk-in wardrobe, the focus shifts to silent geometry. Floor-to-ceiling glass cabinetry paired with fluted panels and integrated linear LED warmth. At the center sits a bespoke jewelry island, fitted with velvet-lined organizational drawers and recessed hardware that reacts effortlessly to touch. 

No months of on-site dust. No disappearing contractors. We designed it, manufactured every panel to the millimeter in our Basavanagudi facility, and completed the surgical installation in a matter of days. 

Your space. Our Kraft. Finished in 60 days, precisely as drawn.

Visit our studio in Bengaluru and see how we work.

@kraftednook
📍 Kariappa Road, Basavanagudi, Bengaluru
📞 070222 89136

#KraftedNook #ModularInteriorsBangalore #LuxuryInteriorsBengaluru #BespokeKitchenDesign #WalkInWardrobe HSRLayout PremiumInteriors InteriorDesignStudio BangaloreArchitects CustomCabinetry SilentLuxury ModularKitchenBangalore HomeRenovationIndia LuxuryVillasBangalore Basavanagudi",34,,,"FACEBOOK; INSTAGRAM; WHATSAPP",2026-06-03,2026-06-17,HD: https://video.fjai6-1.fna.fbcdn.net/o1/v/t2/f2/m367/AQO3ho0ZHNm1qZCPbEi4dLMX3bbOYMtyM8dsNDdq74TOrm3BLxObP_G0FEYnluf6AP7A9jy77YXSXEW5e-2rJ3qEHtXz-3DIS1jqtJePMw.mp4?_nc_cat=110&_nc_oc=AdqZZQ0Ummr3QQjLMVJPoyijEFMcQW-bHaHuGwSzBuCflqn4NlRTUVwgdIwEYH2cE7yBtmEUiGLv9uQjbrRp4wKL&_nc_sid=ef5aa3&_nc_ht=video.fjai6-1.fna.fbcdn.net&_nc_ohc=BDxTEbu-3YQQ7kNvwFaKM9w&efg=eyJ2ZW5jb2RlX3RhZyI6Inhwdl9wcm9ncmVzc2l2ZS5WSV9VU0VDQVNFX1BST0RVQ1RfVFlQRS4uQzMuNzIwLnByb2dyZXNzaXZlX2gyNjQtYmFzaWMtZ2VuMl83MjBwIiwieHB2X2Fzc2V0X2lkIjo0NzY4ODEwMzczMzU1NDQ5LCJhc3NldF9hZ2VfZGF5cyI6MTYsInZpX3VzZWNhc2VfaWQiOjEwMDk5LCJkdXJhdGlvbl9zIjoxOCwidXJsZ2VuX3NvdXJjZSI6Ind3dyJ9&ccb=17-1&_nc_gid=c5a97B3YT43kl9xhY4j-Ig&_nc_ss=7b289&_nc_zt=28&oh=00_Af8VSMp5Idt4YdSDwPjzyoccsrf6JbHpNYpBX30BFb4pAA&oe=6A383498 | SD: https://video.fjai6-1.fna.fbcdn.net/o1/v/t2/f2/m367/AQO6wFCSI09DLVB3ceucQtUMbCc3tfCCfCQM6bjtj1fxCfhs-rROrBZ-vR0v0tLslAhuTp1SyPjbUvU1bRg0_jhZ5et7FDGJQZ2X8WctlQ.mp4?_nc_cat=111&_nc_oc=AdrcjchAdOOvOVCpnbB_XHo7WF1Ej6NiPvhMXE5HLKoRb3xOXp5Pex9w-RZ0T61vk2IeGBrRvkIXVWZp9X7M8vGH&_nc_sid=ef5aa3&_nc_ht=video.fjai6-1.fna.fbcdn.net&_nc_ohc=zfMuCKVbA4AQ7kNvwEDD0ZF&efg=eyJ2ZW5jb2RlX3RhZyI6Inhwdl9wcm9ncmVzc2l2ZS5WSV9VU0VDQVNFX1BST0RVQ1RfVFlQRS4uQzMuMzYwLnByb2dyZXNzaXZlX2gyNjQtYmFzaWMtZ2VuMl8zNjBwIiwieHB2X2Fzc2V0X2lkIjo0NzY4ODEwMzczMzU1NDQ5LCJhc3NldF9hZ2VfZGF5cyI6MTYsInZpX3VzZWNhc2VfaWQiOjEwMDk5LCJkdXJhdGlvbl9zIjoxOCwidXJsZ2VuX3NvdXJjZSI6Ind3dyJ9&ccb=17-1&_nc_gid=c5a97B3YT43kl9xhY4j-Ig&_nc_ss=7b289&_nc_zt=28&oh=00_Af9RA4gHsg4F2KqWh1Eq6E8QCtoVQ2x5f-RPJgoahfMoBw&oe=6A38416F | Preview: https://scontent.fjai6-1.fna.fbcdn.net/v/t39.35426-6/710781969_1530308228698366_5564651972804342370_n.jpg?_nc_cat=109&ccb=1-7&_nc_sid=c53f8f&_nc_ohc=b1fHgCSFGfUQ7kNvwGGFIjr&_nc_oc=AdrwBWJRALKAWmMpCURFX1o_ATEArFHRufIpYkGwKOi8iZTS1BEI2a37T7Raj_mjRlc1YRaS1ICdlfiOD79WPq_V&_nc_zt=14&_nc_ht=scontent.fjai6-1.fna&_nc_gid=c5a97B3YT43kl9xhY4j-Ig&_nc_ss=7b289&oh=00_Af-CxtS1IWVdCyv_w5MI9OxCnK7c3Pl6QTOOhUaH3d_vOQ&oe=6A386204,,,,,,,
5421439548081223,https://www.instagram.com/_u/prashansasinghpawar,rivermistresorts.com,https://www.instagram.com/_u/prashansasinghpawar,,,,reservations@rivermistresorts.com,"080-48162222, +918048162222, 08048162222",,,,393888021163270,https://rivermistresorts.com/,prashansasinghpawar,https://www.facebook.com/ads/library/?id=5421439548081223,"📍 RiverMist Resorts, Mudigere, Chikkamagaluru
One of the BEST getaways I’ve had in recent times
 •  The resort has four PRIVATE WATERFALLS inside the property, each one is sooo beautiful & peaceful - you can sit there for hours doing nothing♥️♥️
• Hidden in the hills of Mudigere, surrounded by coffee plantations & mountain views
• It’s like a mini tourist-city inside a resort 🏞️
• You don’t need to go anywhere else - the views, the food, the stay… everything’s here✨
• There’s a river crossing right at the entrance - such a fun & unique experience
• ⁠They have wooden cottages & luxury villas with river and mountain views, some with jacuzzis and sky showers
• ⁠The infinity pool overlooking the valley is just wow🤍
• ⁠The food & hospitality here feel like home. The staff is so warm & will literally keep checking if you’ve eaten enough
• ⁠They even have a 15-min “nature connect”, where they turn off all lights so you can just connect with nature - something I experienced for the first time and absolutely loved
• ⁠It’s also close to many offbeat & scenic places around Chikmagaluru like Rani Ghati, so there’s plenty to explore nearby too
• ⁠The nature walk here is another beautiful experience. The guides who take you are so knowledgeable.. they’ll tell you even the tiniest details about nature you’d usually ignore. It just makes you see how amazing nature really is
• ⁠Whether you’re planning a family trip, a romantic escape, or even a proposal - this place is perfect. They even set up riverside candlelight dinners on request 

💯 recommended from our side

For more details, comment ‘Details’

.
[Bengaluru to Chikkamagaluru, Weekend getaway Bangalore, hidden spot, offbeat location, luxurious stay resort, hidden gem, picnic, couple trip]
#Instagram #reelsinstagram #aesthetic #nature #bengaluru",1,Book now,rivermistresorts.com,"FACEBOOK; INSTAGRAM",2026-05-19,2026-06-17,HD: https://video.fjai6-1.fna.fbcdn.net/o1/v/t2/f2/m366/AQPAFfYmuMgJXqshnpb703copQ-MYXZm4BEFTGz3B3InnoCXzoADKzHrPTYRuhCLMMI73XVq9UHs4SdkRMcjJ-PtzQZWTRcCFAbXd76mYR6y5A.mp4?_nc_cat=111&_nc_oc=Ado4D72XJW3iNVkzJJ0Y068psQ5GHOrxrh6nxpmOSqUC3jLTRYn717YnwRDE-rCPHtuTYOqaIwRiq1K9TnnusFAd&_nc_sid=b66105&_nc_ht=video.fjai6-1.fna.fbcdn.net&_nc_ohc=5JGGPo_ulHEQ7kNvwE0gNuj&efg=eyJ2ZW5jb2RlX3RhZyI6Inhwdl9wcm9ncmVzc2l2ZS5WSV9VU0VDQVNFX1BST0RVQ1RfVFlQRS4uQzMuNzIwLmRhc2hfaDI2NC1iYXNpYy1nZW4yXzcyMHAiLCJ4cHZfYXNzZXRfaWQiOjE1MDI2MDgwNTgwNDY4ODgsImFzc2V0X2FnZV9kYXlzIjo1NSwidmlfdXNlY2FzZV9pZCI6MTAxMjMsImR1cmF0aW9uX3MiOjE1LCJ1cmxnZW5fc291cmNlIjoid3d3In0%3D&ccb=17-1&vs=64251c3e04044064&_nc_vs=HBksFQIYRWZiX2VwaGVtZXJhbC82MTQ4NURFRDhCRERDNTA1QzlERDRCRUUyRkQyMDBBQl9tdF8xX3ZpZGVvX2Rhc2hpbml0Lm1wNBUAAsgBEgAVAhhAZmJfcGVybWFuZW50LzIzNDJBNzI5OUEzNDg0MzIyQzZCMDg1QTUxNzJCMjlEX2F1ZGlvX2Rhc2hpbml0Lm1wNBUCAsgBEgAoABgAGwKIB3VzZV9vaWwBMRJwcm9ncmVzc2l2ZV9yZWNpcGUBMRUAACbQ5sq4pqerBRUCKAJDMywXQC8AAAAAAAAYGWRhc2hfaDI2NC1iYXNpYy1nZW4yXzcyMHARAHUAZZaeAQA&_nc_gid=c5a97B3YT43kl9xhY4j-Ig&_nc_ss=7b289&_nc_zt=28&oh=00_Af8lEoiqmcA0MFr9ed6NU7qt0H8EJVTMSqWpzD0kNU8MqA&oe=6A3831AD | SD: https://video.fjai6-1.fna.fbcdn.net/o1/v/t2/f2/m412/AQMmtVaIWKAt2ceJm5xxGc2OhJ145OJLKu3qgW4I_nAYYbAhkfqZ_rgojmUAM3vCTh_fSOxpWnlXzhge9QFWi0af8RIIdsSN_TlWx623cw.mp4?_nc_cat=109&_nc_oc=AdrXZKcLdqxKZfSPoW-5hv-u5g8H9r1yf2l-JaALGS8dh0XQfvUFOi4wqrRFBbj-hYx1FJhPCbvzy58A-jSPTkjn&_nc_sid=ef5aa3&_nc_ht=video.fjai6-1.fna.fbcdn.net&_nc_ohc=ZeZ2CS2nhOEQ7kNvwGBlsuc&efg=eyJ2ZW5jb2RlX3RhZyI6Inhwdl9wcm9ncmVzc2l2ZS5WSV9VU0VDQVNFX1BST0RVQ1RfVFlQRS4uQzMuMzYwLnN2ZV9zZCIsInhwdl9hc3NldF9pZCI6MTUwMjYwODA1ODA0Njg4OCwiYXNzZXRfYWdlX2RheXMiOjU1LCJ2aV91c2VjYXNlX2lkIjoxMDEyMywiZHVyYXRpb25fcyI6MTUsInVybGdlbl9zb3VyY2UiOiJ3d3cifQ%3D%3D&ccb=17-1&_nc_gid=c5a97B3YT43kl9xhY4j-Ig&_nc_ss=7b289&_nc_zt=28&oh=00_Af_qyqzHiPzgzeQTuL1i65gLwSVQ9Iv7w3bs40nm1fVvGQ&oe=6A386119 | Preview: https://scontent.fjai6-1.fna.fbcdn.net/v/t39.35426-6/703136418_1241137094549070_5001930988828309943_n.jpg?_nc_cat=103&ccb=1-7&_nc_sid=c53f8f&_nc_ohc=zo-7MeCpBMAQ7kNvwHyPQsk&_nc_oc=AdotcHWckgDqzgLDg_JpMhiikcq5oAQ2Quj7zD9C3c4_55HizlRaOyHE2KP83fRCr5RH4GZCfX9rGrz9-640rK66&_nc_zt=14&_nc_ht=scontent.fjai6-1.fna&_nc_gid=c5a97B3YT43kl9xhY4j-Ig&_nc_ss=7b289&oh=00_Af_vHsZOrWYTp3B3RI6idsNZAsEtYSv7WJnpmmNgQe0q6A&oe=6A383006,,,,,,,
861294116777332,https://www.facebook.com/County107/,fb.me,https://www.facebook.com/County107/,,,,digital@countygroup.in,+91 98101 07107,,,,190880085177052,http://fb.me/,County 107,https://www.facebook.com/ads/library/?id=861294116777332,"A villa that gives you space to connect and room to breathe.
County 107 offers ultra-luxury villas in a secure, well-planned community designed for refined living.",22353,Learn more,fb.me,"FACEBOOK; INSTAGRAM",2026-01-16,2026-06-17,HD: https://video.fjai6-1.fna.fbcdn.net/o1/v/t2/f2/m366/AQNLAxtcUxoA1_jIr3stjgRNVWzIRY7HmW8l1VjQ0Kiwrp3ONoEQcgaFe6PDFqIGgyhtzJc-veNtAO2W2QUXafA9BwYrnWCVlpJf_-AdhaWXmg.mp4?_nc_cat=111&_nc_oc=AdobYOiCjojlio0PuTKnzu1k3RIDdANLQfsAanzeflE80egyp1m_l850rCCO3xIB_FHuhhzdoqrCmyhTYV_Xvi4I&_nc_sid=b66105&_nc_ht=video.fjai6-1.fna.fbcdn.net&_nc_ohc=-6ON1ViPHF0Q7kNvwF12MKK&efg=eyJ2ZW5jb2RlX3RhZyI6Inhwdl9wcm9ncmVzc2l2ZS5WSV9VU0VDQVNFX1BST0RVQ1RfVFlQRS4uQzMuODQ4LmRhc2hfaDI2NC1iYXNpYy1nZW4yXzcyMHAiLCJ4cHZfYXNzZXRfaWQiOjg3Njc3NDA3ODMzMzY2NiwiYXNzZXRfYWdlX2RheXMiOjE1MywidmlfdXNlY2FzZV9pZCI6MTA3OTksImR1cmF0aW9uX3MiOjIwOCwidXJsZ2VuX3NvdXJjZSI6Ind3dyJ9&ccb=17-1&vs=1c84885ee66d3270&_nc_vs=HBksFQIYRWZiX2VwaGVtZXJhbC8yNzRBMUUzOTQwNDFFQjJFNURFMThFM0U1Nzg3QThBNl9tdF8xX3ZpZGVvX2Rhc2hpbml0Lm1wNBUAAsgBEgAVAhhAZmJfcGVybWFuZW50LzQ0NENCQTM5OTcxODdDRkI3QTc1M0MzNjcyMjNGNjg5X2F1ZGlvX2Rhc2hpbml0Lm1wNBUCAsgBEgAoABgAGwKIB3VzZV9vaWwBMRJwcm9ncmVzc2l2ZV9yZWNpcGUBMRUAACbEi-b3-9qOAxUCKAJDMywXQGoFT987ZFoYGWRhc2hfaDI2NC1iYXNpYy1nZW4yXzcyMHARAHUAZd6oAQA&_nc_gid=J7iIBRYlosMUFwBhQDSfoA&_nc_ss=7b289&_nc_zt=28&oh=00_Af8OHpzQMxNxnyAdDDnG8oWAIXguPxghKiQpy40mlu7z_w&oe=6A3865D5 | SD: https://video.fjai6-1.fna.fbcdn.net/o1/v/t2/f2/m412/AQP_tpqi2aP5YBWavw0OAmGMmMHYkiwVkBgbngwrIXheNfB4AU2n7lXlTaVrzjGjHbRrTJOVNzItBh6IImSf_k2ggea87H6-tRgmezQZMQ.mp4?_nc_cat=102&_nc_oc=Adr8aK_gGL2R16X7YI3sRzOZEt1iBOBMlhjtxzmM7ec6xV9Wt3XgBPt0MM2tnQuQyahkDNmQOMioXslpT8oN9M8a&_nc_sid=ef5aa3&_nc_ht=video.fjai6-1.fna.fbcdn.net&_nc_ohc=zcM6_h5MnFkQ7kNvwEEMG1J&efg=eyJ2ZW5jb2RlX3RhZyI6Inhwdl9wcm9ncmVzc2l2ZS5WSV9VU0VDQVNFX1BST0RVQ1RfVFlQRS4uQzMuNjM2LnN2ZV9zZCIsInhwdl9hc3NldF9pZCI6ODc2Nzc0MDc4MzMzNjY2LCJhc3NldF9hZ2VfZGF5cyI6MTUzLCJ2aV91c2VjYXNlX2lkIjoxMDc5OSwiZHVyYXRpb25fcyI6MjA4LCJ1cmxnZW5fc291cmNlIjoid3d3In0%3D&ccb=17-1&_nc_gid=J7iIBRYlosMUFwBhQDSfoA&_nc_ss=7b289&_nc_zt=28&oh=00_Af8xVEHLRYAWobJ34VWvnPAvgrX_9mupEwTMn1DOWBPJAQ&oe=6A384E2C | Preview: https://scontent.fjai6-1.fna.fbcdn.net/v/t39.35426-6/615387476_909463531501316_2170254410712551648_n.jpg?_nc_cat=100&ccb=1-7&_nc_sid=c53f8f&_nc_ohc=1c3G1w7eJagQ7kNvwHIUTBZ&_nc_oc=Adp8dkJl44qrYU0k9MF6VWtICtYfPbq39bnUvFBc6QifRKYTRzasLd7P-YDyy-1q7dooKQ4UY94oPcymZRaHzWkA&_nc_zt=14&_nc_ht=scontent.fjai6-1.fna&_nc_gid=J7iIBRYlosMUFwBhQDSfoA&_nc_ss=7b289&oh=00_Af9dWz3YV0orQFGAvEmdUThOrZJRieK189FpXQypiceQEg&oe=6A3865D8,,,,,,,
1518054433014873,https://www.facebook.com/stay.elivaas/,elivaas.com,https://www.facebook.com/stay.elivaas/,,,,staywithus@elivaas.com,+91 78274 49532,,,,117579414687132,https://www.elivaas.com/villas/villas-in-kasauli?propertyBrand=PRIVE,Elivaas,https://www.facebook.com/ads/library/?id=1518054433014873,"Just you, the hills, and quiet moments 💚
Stay at ELIVAAS prive Villas, Kasauli — perfect for slow mornings, sunset views, and cozy nights. Few villas, high demand.",2241,Book now,www.elivaas.com,INSTAGRAM,2026-06-02,2026-06-15,HD: https://video.fjai6-1.fna.fbcdn.net/o1/v/t2/f2/m366/AQMIzBE7LnDTgnOi3-pW8sgxhVnoGBdYm7mqGAmKhdwMwSzD1-A9APFAVL2sOeO44TzmLQ558GtFkNuBk19khJc8buW_h9yzhVInTmdc9aU6CA.mp4?_nc_cat=108&_nc_oc=AdpSG_VsNn7tHzWyEiA_EgDQ6jxISTZvW89BYpwoKwnmpZfUmN9vFeSqtyiOExMfVwbD0gCqakzN66N0RM8oUqj5&_nc_sid=b66105&_nc_ht=video.fjai6-1.fna.fbcdn.net&_nc_ohc=1MwMNJ1rI7EQ7kNvwGtezuh&efg=eyJ2ZW5jb2RlX3RhZyI6Inhwdl9wcm9ncmVzc2l2ZS5WSV9VU0VDQVNFX1BST0RVQ1RfVFlQRS4uQzMuNzIwLmRhc2hfaDI2NC1iYXNpYy1nZW4yXzcyMHAiLCJ4cHZfYXNzZXRfaWQiOjEyODYwMDEzMzM1NjMyOTMsImFzc2V0X2FnZV9kYXlzIjoxNTksInZpX3VzZWNhc2VfaWQiOjEwNzk5LCJkdXJhdGlvbl9zIjo0MCwidXJsZ2VuX3NvdXJjZSI6Ind3dyJ9&ccb=17-1&vs=abc093b6291f5c0b&_nc_vs=HBksFQIYRWZiX2VwaGVtZXJhbC83NDQxNkVENTc2QkYyQzA4Nzc0MThBMkM4MEE2NUE5NV9tdF8xX3ZpZGVvX2Rhc2hpbml0Lm1wNBUAAsgBEgAVAhhAZmJfcGVybWFuZW50LzM5NEJDN0YyMTg3NzEwQTk3RDNFOEE3QjMxNTJENzg1X2F1ZGlvX2Rhc2hpbml0Lm1wNBUCAsgBEgAoABgAGwKIB3VzZV9vaWwBMRJwcm9ncmVzc2l2ZV9yZWNpcGUBMRUAACa6vtfKkOfIBBUCKAJDMywXQEQAAAAAAAAYGWRhc2hfaDI2NC1iYXNpYy1nZW4yXzcyMHARAHUAZd6oAQA&_nc_gid=J7iIBRYlosMUFwBhQDSfoA&_nc_ss=7b289&_nc_zt=28&oh=00_Af9DGtdnRDuq9zO8_nS3L5-zpZuWsXizOm9r42h2-ciaMg&oe=6A384CF4 | SD: https://video.fjai6-1.fna.fbcdn.net/o1/v/t2/f2/m412/AQPNdjcGvm4Gr3AM2PA8yD0y5-8AjiR6cn5bqH3QMxEZQKTQnzTidipz9XXRFv6un4cet7si3viDbr5t8HQMg7EY32eAcTyv4BOosKWG3w.mp4?_nc_cat=110&_nc_oc=AdoTfKYLXTVEd9AvUTGKfKHxtF0pfN4ZW_zz4CBYM4ubL8q50-Hy1yZx8ipL_JANPVOsPWplvT0hlGcEmtSKAzRm&_nc_sid=ef5aa3&_nc_ht=video.fjai6-1.fna.fbcdn.net&_nc_ohc=z6ebkfJEPU0Q7kNvwHxFnyo&efg=eyJ2ZW5jb2RlX3RhZyI6Inhwdl9wcm9ncmVzc2l2ZS5WSV9VU0VDQVNFX1BST0RVQ1RfVFlQRS4uQzMuMzYwLnN2ZV9zZCIsInhwdl9hc3NldF9pZCI6MTI4NjAwMTMzMzU2MzI5MywiYXNzZXRfYWdlX2RheXMiOjE1OSwidmlfdXNlY2FzZV9pZCI6MTA3OTksImR1cmF0aW9uX3MiOjQwLCJ1cmxnZW5fc291cmNlIjoid3d3In0%3D&ccb=17-1&_nc_gid=J7iIBRYlosMUFwBhQDSfoA&_nc_ss=7b289&_nc_zt=28&oh=00_Af-RgbTT2g6osWQdS_Xaj0A39UBZvVQjJXPNQpiQRzdOsA&oe=6A383DB4 | Preview: https://scontent.fjai6-1.fna.fbcdn.net/v/t39.35426-6/712445174_982983701195973_336481710062051639_n.jpg?_nc_cat=101&ccb=1-7&_nc_sid=c53f8f&_nc_ohc=LwuKG7WTarkQ7kNvwF8kcyQ&_nc_oc=Adq_QvNBbFwFJcF5pO_dol06KL0McE3xt1zu8hjrVLDF9gyIiUKM9IeOm0H3-hB3wjyCaTh511hpcPVsJlxhoVAP&_nc_zt=14&_nc_ht=scontent.fjai6-1.fna&_nc_gid=J7iIBRYlosMUFwBhQDSfoA&_nc_ss=7b289&oh=00_Af9tYycp8mqPF-8t7MCO7E81l1Y27qBKPfZler0T-DRcaA&oe=6A383BCF,,,,,,,
1722115469240832,https://www.facebook.com/nvtql/,fb.me,https://www.facebook.com/nvtql/,,,,contact@nvtqualitygroup.com,+91 88842 45678,,,,832552950101650,http://fb.me/,NVT Quality Lifestyle,https://www.facebook.com/ads/library/?id=1722115469240832,"Designed with personal space in mind. We are launching Eterna Villas next to a 300-acre lake on Sarjapur-Attibele Main Road.
4 & 5 BHK Luxury Villas starting at 3.3 Cr*

✅ Private Backyard | Sunlit Homes | Private Skydeck | Balconies for every room
✅ 10,000+ happy customers |150+ acres under development |2M sq.ft of delivery on time.
✅ ET Best Lifestyle Brands218 | CREDAI Care Awards 2023 | Times Business Awards2025
✅ Falls within the growth corridor between Electronic City, Sarjapur & Hosur Road.
✅ Gym | Swimming Pool | Coworking Area | Activity Room | Terrace Deck
✅ Electronic City – ~32 mins | Sarjapur Road – ~45 mins | Confident Square Mall – 21 mins",10963,Book now,fb.me,"FACEBOOK; INSTAGRAM",2026-05-26,2026-06-17,,,"Designed with personal space in mind. We are launching Eterna Villas next to a 300-acre lake on Sarjapur-Attibele Main Road.
4 & 5 BHK Luxury Villas starting at 3.3 Cr*

✅ Private Backyard | Sunlit Homes | Private Skydeck | Balconies for every room
✅ 10,000+ happy customers |150+ acres under development |2M sq.ft of delivery on time.
✅ ET Best Lifestyle Brands218 | CREDAI Care Awards 2023 | Times Business Awards2025
✅ Falls within the growth corridor between Electronic City, Sarjapur & Hosur Road.
✅ Gym | Swimming Pool | Coworking Area | Activity Room | Terrace Deck
✅ Electronic City – ~32 mins | Sarjapur Road – ~45 mins | Confident Square Mall – 21 mins || Designed with personal space in mind. We are launching Eterna Villas next to a 300-acre lake on Sarjapur-Attibele Main Road.
4 & 5 BHK Luxury Villas starting at 3.3 Cr*

✅ Private Backyard | Sunlit Homes | Private Skydeck | Balconies for every room
✅ 10,000+ happy customers |150+ acres under development |2M sq.ft of delivery on time.
✅ ET Best Lifestyle Brands218 | CREDAI Care Awards 2023 | Times Business Awards2025
✅ Falls within the growth corridor between Electronic City, Sarjapur & Hosur Road.
✅ Gym | Swimming Pool | Coworking Area | Activity Room | Terrace Deck
✅ Electronic City – ~32 mins | Sarjapur Road – ~45 mins | Confident Square Mall – 21 mins",http://fb.me/ || http://fb.me/,,Book Now || Book Now,,HD: https://video.fjai6-1.fna.fbcdn.net/o1/v/t2/f2/m366/AQMaBYmHC-MmIfUPY6vtBePpoloVu2JLWjcFsK7F7_sZQtcpPhTfT9ox0KM0lWkB4vaS7f799_J7wWu5ZB90UmE0vPsaE4djB-E5nYxmHKlQGw.mp4?_nc_cat=101&_nc_oc=Adq3UbAOmkg4fAOLLx8thOC2gulas03XWRBR9sn1W8SOT6MWSy9LdE-GySbWJpQy9s4Iq7MMurvhnCR-jGweXFY9&_nc_sid=b66105&_nc_ht=video.fjai6-1.fna.fbcdn.net&_nc_ohc=xuZR7dpNwAcQ7kNvwGXm9RZ&efg=eyJ2ZW5jb2RlX3RhZyI6Inhwdl9wcm9ncmVzc2l2ZS5WSV9VU0VDQVNFX1BST0RVQ1RfVFlQRS4uQzMuNzIwLmRhc2hfaDI2NC1iYXNpYy1nZW4yXzcyMHAiLCJ4cHZfYXNzZXRfaWQiOjc4NDg0MjgxMDkxNzczNywiYXNzZXRfYWdlX2RheXMiOjk1LCJ2aV91c2VjYXNlX2lkIjoxMDc5OSwiZHVyYXRpb25fcyI6MzAsInVybGdlbl9zb3VyY2UiOiJ3d3cifQ%3D%3D&ccb=17-1&vs=1ded0e03e68720ad&_nc_vs=HBksFQIYRWZiX2VwaGVtZXJhbC82MjQ4MjQxM0ZEQTU1MENENzZBMTA1OTA3RUJBMTg4MV9tdF8xX3ZpZGVvX2Rhc2hpbml0Lm1wNBUAAsgBEgAVAhhAZmJfcGVybWFuZW50LzczNDhFQjNCNjUwNjk3Rjk2N0JCRTE0MDRDQTc2QTg2X2F1ZGlvX2Rhc2hpbml0Lm1wNBUCAsgBEgAoABgAGwKIB3VzZV9vaWwBMRJwcm9ncmVzc2l2ZV9yZWNpcGUBMRUAACbSjZjP7vPkAhUCKAJDMywXQD4QIMSbpeMYGWRhc2hfaDI2NC1iYXNpYy1nZW4yXzcyMHARAHUAZd6oAQA&_nc_gid=TgdqnmL9Ch2-9QJGAC1--A&_nc_ss=7b289&_nc_zt=28&oh=00_Af-QSTiP90Iwp5898UcGyTnw4ezeBqdz9WZYcoPyfjMjDw&oe=6A384B13 | SD: https://video.fjai6-1.fna.fbcdn.net/o1/v/t2/f2/m412/AQN3NX3RasFYP5rx3H7m391dVP-ydNGZURlKsybXAeYQyZiIPmqJOJGPLQ2Qcrmlqo6eiLpZA7RZtqYMLOAKHdPfGvRhFGEdYKm6fk_CCw.mp4?_nc_cat=103&_nc_oc=Adpw3ITlYbbIJ62yzddvHq3xdz6g68YuaefR_3LPg1Z9ldXYEJVc-blAtWsV5vN2CRETZw-ZvPvfkjGDAKSEHr-x&_nc_sid=ef5aa3&_nc_ht=video.fjai6-1.fna.fbcdn.net&_nc_ohc=9_pgDDsTWekQ7kNvwF0dl65&efg=eyJ2ZW5jb2RlX3RhZyI6Inhwdl9wcm9ncmVzc2l2ZS5WSV9VU0VDQVNFX1BST0RVQ1RfVFlQRS4uQzMuMzYwLnN2ZV9zZCIsInhwdl9hc3NldF9pZCI6Nzg0ODQyODEwOTE3NzM3LCJhc3NldF9hZ2VfZGF5cyI6OTUsInZpX3VzZWNhc2VfaWQiOjEwNzk5LCJkdXJhdGlvbl9zIjozMCwidXJsZ2VuX3NvdXJjZSI6Ind3dyJ9&ccb=17-1&_nc_gid=TgdqnmL9Ch2-9QJGAC1--A&_nc_ss=7b289&_nc_zt=28&oh=00_Af_ayDc2lZR2lshH6Wyew0w3wwNWX_vku_L0zuXjmcOZQQ&oe=6A385A8F | Preview: https://scontent.fjai6-1.fna.fbcdn.net/v/t39.35426-6/706257039_1667729937800890_1659489030400466258_n.jpg?_nc_cat=106&ccb=1-7&_nc_sid=c53f8f&_nc_ohc=PoDtV3ZJVi4Q7kNvwGVIMPd&_nc_oc=AdrPJvXQcEPvAHvBCtVlqbW8PDKLiFAlD2Onvk083P-qOv5ndR5E1dD5j7EfG7b4SGT6AMXqxeGmA-6ow00xDGtw&_nc_zt=14&_nc_ht=scontent.fjai6-1.fna&_nc_gid=TgdqnmL9Ch2-9QJGAC1--A&_nc_ss=7b289&oh=00_Af-vl8M54cEdGfpPUpD7xvs4Cp9x0h02uuj_SgTSbG2ymg&oe=6A383188 || HD: https://video.fjai6-1.fna.fbcdn.net/o1/v/t2/f2/m366/AQMtnLecJA8qI1EGSF6lr7gh8_SIfvjwemTr7BMfjaCqc1XNglPDOec3qHI5lHPKHD6NHQt2rk9L8Kk3dRE7ENuRkPBxGGKzLPkkYPF9R1clFw.mp4?_nc_cat=110&_nc_oc=AdqRDlTIeHNi3SVP_38JwZvmwZfihe_BHZkpiGluCurJIgbqt1tKnmhvBqL3njdbyehB5wqV_mdUZpCCqcvZ3oWH&_nc_sid=b66105&_nc_ht=video.fjai6-1.fna.fbcdn.net&_nc_ohc=kWH27xcBMRQQ7kNvwH2h2ou&efg=eyJ2ZW5jb2RlX3RhZyI6Inhwdl9wcm9ncmVzc2l2ZS5WSV9VU0VDQVNFX1BST0RVQ1RfVFlQRS4uQzMuNzIwLmRhc2hfaDI2NC1iYXNpYy1nZW4yXzcyMHAiLCJ4cHZfYXNzZXRfaWQiOjE0NTY4NzU0MzYxMTA4MzIsImFzc2V0X2FnZV9kYXlzIjo5NSwidmlfdXNlY2FzZV9pZCI6MTA3OTksImR1cmF0aW9uX3MiOjMwLCJ1cmxnZW5fc291cmNlIjoid3d3In0%3D&ccb=17-1&vs=d62ebb518b82de7c&_nc_vs=HBksFQIYRWZiX2VwaGVtZXJhbC84QzRCNzdDNTY0OUYxQTE4RkVDREU0RTRGQjdFNTlCNV9tdF8xX3ZpZGVvX2Rhc2hpbml0Lm1wNBUAAsgBEgAVAhhAZmJfcGVybWFuZW50LzYxNERFQTQyODE2RTcxQ0NDODc0NzU4Mzk0QzM1NEIzX2F1ZGlvX2Rhc2hpbml0Lm1wNBUCAsgBEgAoABgAGwKIB3VzZV9vaWwBMRJwcm9ncmVzc2l2ZV9yZWNpcGUBMRUAACbgz8_tp8GWBRUCKAJDMywXQD4QIMSbpeMYGWRhc2hfaDI2NC1iYXNpYy1nZW4yXzcyMHARAHUAZd6oAQA&_nc_gid=TgdqnmL9Ch2-9QJGAC1--A&_nc_ss=7b289&_nc_zt=28&oh=00_Af_23zqUZurYr0yMbYGlN-9wSkpFUQbYmaIVkR1HsKs3xg&oe=6A384F62 | SD: https://video.fjai6-1.fna.fbcdn.net/o1/v/t2/f2/m412/AQMpVleSvjGigjybKosjFPKQc2aoILvye0ZVJu6MpxjjRDM-kptNQ95VEmvIlDHg0IBvDo1wDakL7XHy22J_pJUM8RJOKUcvjKPhHpXNGg.mp4?_nc_cat=102&_nc_oc=Ado9cccjt5d5iF0I0oiC0sPIukGys5pXL-fjq0OXNK6u28zSoHuQwGsEvxA2dRhiArwKhMXJQKLrGVM77PD7JwC5&_nc_sid=ef5aa3&_nc_ht=video.fjai6-1.fna.fbcdn.net&_nc_ohc=XnprgwLRd48Q7kNvwHbdDZ5&efg=eyJ2ZW5jb2RlX3RhZyI6Inhwdl9wcm9ncmVzc2l2ZS5WSV9VU0VDQVNFX1BST0RVQ1RfVFlQRS4uQzMuMzYwLnN2ZV9zZCIsInhwdl9hc3NldF9pZCI6MTQ1Njg3NTQzNjExMDgzMiwiYXNzZXRfYWdlX2RheXMiOjk1LCJ2aV91c2VjYXNlX2lkIjoxMDc5OSwiZHVyYXRpb25fcyI6MzAsInVybGdlbl9zb3VyY2UiOiJ3d3cifQ%3D%3D&ccb=17-1&_nc_gid=TgdqnmL9Ch2-9QJGAC1--A&_nc_ss=7b289&_nc_zt=28&oh=00_Af_9Az4f3Rcb0gjROlaf7sAjJWWf9gqP2SF8T8YhMkBnPA&oe=6A38376C | Preview: https://scontent.fjai6-1.fna.fbcdn.net/v/t39.35426-6/708089064_1643772136887905_1116499516193434277_n.jpg?_nc_cat=102&ccb=1-7&_nc_sid=c53f8f&_nc_ohc=J9n_HDYHYSwQ7kNvwHAbPy8&_nc_oc=AdosA_R-WIKA8ZtoQRxWngfrRqTYwG5g-JBQQfNB8zqKXjPpmdAbp7JTIvNgapNYjteC2bcKic2NurmUQqdIDhJ6&_nc_zt=14&_nc_ht=scontent.fjai6-1.fna&_nc_gid=TgdqnmL9Ch2-9QJGAC1--A&_nc_ss=7b289&oh=00_Af9k2_2DSuQPEJSv8sqXIA-IY7sWcw1OMKiMHR8u_Ob-nw&oe=6A383938
3067603063448669,https://www.facebook.com/61570336628422/,10linesabout.com,https://www.facebook.com/61570336628422/,,,,,,,,,495015473696904,https://10linesabout.com/a-complete-guide-to-personal-guard-training-and-cybersecurity-standards/?style_id=2248416116&channel_id=6420912697&adtitle=A%20Guide%20To%20Security%20Training%20And%20Certification.%20Learn%20How%20Security%20Standards%20Can%20Help%20You%20Improve%20Defenses.%20Learn%20More.&terms=how%20to%20get%20oscp%20certification%2C%20socaas%2C%20soc%202%20guide%2C%20nist%20sp%20800%2053%20revision%205%2C%20cissp%20exam%20book%2C%20ccsp%20official%20study%20guide%2C%20mssps%2C%20central%20security%20service%2C%20ebook%20cyber%20security&domain_name=10linesabout.com&clickid={cf_click_id},Brain Boost,https://www.facebook.com/ads/library/?id=3067603063448669,Learn How Security Standards Can Help You Improve Defenses,97,Learn more,10linesabout.com,"FACEBOOK; INSTAGRAM",2026-04-25,2026-06-16,,Original: https://scontent.fjai6-1.fna.fbcdn.net/v/t39.35426-6/681310910_3375811662573308_4075230446987071141_n.jpg?_nc_cat=107&ccb=1-7&_nc_sid=c53f8f&_nc_ohc=q29MlnbgqwMQ7kNvwFii1kT&_nc_oc=Ado2uT1FUy-X4SsxUaaBFd_dK8Rz2rEk0mx8z4nt1BWTtewuQqQ6kNa8NqRWFeWENCLXgRq-O17ZboFcprqDF9KH&_nc_zt=14&_nc_ht=scontent.fjai6-1.fna&_nc_gid=43SJ5_hMNbEEbPEcYlqHog&_nc_ss=7b289&oh=00_Af_Mr66nXqi6kQJlUVL19QrcYj9fTOSD-oq0dms1PMppgg&oe=6A3862ED | Resized: https://scontent.fjai6-1.fna.fbcdn.net/v/t39.35426-6/677795859_1541607990714566_2742555771047704699_n.jpg?stp=dst-jpg_s600x600_tt6&_nc_cat=109&ccb=1-7&_nc_sid=c53f8f&_nc_ohc=cRyuu7_7oM4Q7kNvwFlDlCe&_nc_oc=AdpMKE4kHUAs9DdQ7H-TcdvdW-Fdzqbmbfy5IaZIRHjRyUx453lg45RqmqUYrpnndeN4iTLW-IxLJpEXprjidEK9&_nc_zt=14&_nc_ht=scontent.fjai6-1.fna&_nc_gid=43SJ5_hMNbEEbPEcYlqHog&_nc_ss=7b289&oh=00_Af-yZg4r15kENGjZN84gBmxZKHJ44K5R3DiSjGVx2gNl1g&oe=6A38496C,,,,,,
971183135514806,https://www.facebook.com/goyalhousing/,api.whatsapp.com,https://www.facebook.com/goyalhousing/,,,,goyalhousinggwalior@gmail.com,+91 62626 25800,,,,2104789112911029,https://api.whatsapp.com/send,Goyal Housing,https://www.facebook.com/ads/library/?id=971183135514806,"🚨 Gwalior’s next landmark address is taking shape on NH-44.

Welcome to Goyal International City — a premium township crafted for people who don’t just buy property… they invest in a bigger lifestyle. ✨

🏡 Premium Plots
🏛 4 & 5 BHK Luxury Villas
🌴 100+ Amenities Township
📍 Near Devraj Medical College

The location everyone called “future” is now becoming Gwalior’s fastest-growing reality.

📞 Book your site visit today before the best inventory gets locked.",17031,Send WhatsApp message,WhatsApp,"FACEBOOK; INSTAGRAM; AUDIENCE_NETWORK; MESSENGER",2026-05-28,2026-06-17,,Original: https://scontent.fjai6-1.fna.fbcdn.net/v/t39.35426-6/703702253_1794994144813317_7315048986265722801_n.jpg?_nc_cat=101&ccb=1-7&_nc_sid=c53f8f&_nc_ohc=_r48B-cpctAQ7kNvwGjc-Jk&_nc_oc=AdoiukTcdOJ7B_Suqwc4HO1ZJNC4rycW32fIVpwCGX31otBuumDjfcM5fPWcwp_8oFta6n2CKaMu9RNV0YOeyEY7&_nc_zt=14&_nc_ht=scontent.fjai6-1.fna&_nc_gid=z_-nvfzd7Lo3L9DWFPclyg&_nc_ss=7b289&oh=00_Af_iLTtNREsQIsmuJTmsiQ5ecY60erPPgT_eNMxlnNrZRA&oe=6A3854AC | Resized: https://scontent.fjai6-1.fna.fbcdn.net/v/t39.35426-6/702982796_957322533860771_5971497849247036653_n.jpg?stp=dst-jpg_s600x600_tt6&_nc_cat=108&ccb=1-7&_nc_sid=c53f8f&_nc_ohc=SlprLhwXJ3wQ7kNvwF1_neW&_nc_oc=AdpEP-IaoZgLYtJgsaSi2TB66qnXgDEoWAl76GVK9EC1Sg48iFrnGKbE2Uw47jrpXNe5iORtZpLoBX8AiDKoAobf&_nc_zt=14&_nc_ht=scontent.fjai6-1.fna&_nc_gid=z_-nvfzd7Lo3L9DWFPclyg&_nc_ss=7b289&oh=00_Af-byn17BeGqz6TyaFeB-N4ITPaqeyoPtFNdwHUDJrLqkA&oe=6A385018,,,,,,
1170912508167462,https://www.facebook.com/thepoetreevillaresort/,fb.me,https://www.facebook.com/thepoetreevillaresort/,,,,thepoetreevillaresort@gmail.com,+91 90905 02062,,,,100179272990592,http://fb.me/,The Poetree Villa Resort,https://www.facebook.com/ads/library/?id=1170912508167462,"Luxury 3, 4, 5 & 6 BHK Villas Starting at 2.25 CR*– A Life by the Lake!

Own a villa with breathtaking lake views, grand ceilings, a loft with a poker room, and an infinity pool. Experience unmatched luxury with direct pool access, sunset views, and a serene natural pool.

🏡 Villas – ₹2.25 Cr* 

Book your tour today!

📞 Call +91 9090 5020 62",210,Get quote,fb.me,"FACEBOOK; INSTAGRAM; AUDIENCE_NETWORK",2026-01-24,2026-06-17,HD: https://video.fjai6-1.fna.fbcdn.net/o1/v/t2/f2/m366/AQP_BROhUKrqoF6Gs68vjRf1wZ9K9vbyQlCAQQRrFFAkJbP4wt6Q2B6B1EqB_3IDiRFuW16VegKRzbsKlJ3vEUth1RAKNk50oHa3r1zCJ5VT9Q.mp4?_nc_cat=108&_nc_oc=AdqMmYd3opZKadmxHap7786Cp-BxS0Y0Y9XnCS_qD59Gu9JJSToPIl-fcFitVRo96EGYI6GK3R4h0zDLc57RvZx0&_nc_sid=b66105&_nc_ht=video.fjai6-1.fna.fbcdn.net&_nc_ohc=wc1ZuWOMS6cQ7kNvwEOrns2&efg=eyJ2ZW5jb2RlX3RhZyI6Inhwdl9wcm9ncmVzc2l2ZS5WSV9VU0VDQVNFX1BST0RVQ1RfVFlQRS4uQzMuNzIwLmRhc2hfaDI2NC1iYXNpYy1nZW4yXzcyMHAiLCJ4cHZfYXNzZXRfaWQiOjIzNzc3NjU5MTU5NTA5NzksImFzc2V0X2FnZV9kYXlzIjozMTIsInZpX3VzZWNhc2VfaWQiOjEwNzk5LCJkdXJhdGlvbl9zIjoxMDcsInVybGdlbl9zb3VyY2UiOiJ3d3cifQ%3D%3D&ccb=17-1&vs=305fb83bcc7a6150&_nc_vs=HBksFQIYRWZiX2VwaGVtZXJhbC9CNjQ3ODlEMDY5Nzc4NzEyNDA0REU0OUE3QjVEQTg4Ml9tdF8xX3ZpZGVvX2Rhc2hpbml0Lm1wNBUAAsgBEgAVAhhAZmJfcGVybWFuZW50LzkxNEY1NjUwQ0Y2NTk4RTY4NEQ4NjM2OTU5RDVCMkI5X2F1ZGlvX2Rhc2hpbml0Lm1wNBUCAsgBEgAoABgAGwKIB3VzZV9vaWwBMRJwcm9ncmVzc2l2ZV9yZWNpcGUBMRUAACaG_rvMmKS5CBUCKAJDMywXQFrj1wo9cKQYGWRhc2hfaDI2NC1iYXNpYy1nZW4yXzcyMHARAHUAZd6oAQA&_nc_gid=z_-nvfzd7Lo3L9DWFPclyg&_nc_ss=7b289&_nc_zt=28&oh=00_Af98nArqZLDMblRe8Ml-IIfxDYeY_tcHs4vx7Y1Q2ycO7w&oe=6A384E58 | SD: https://video.fjai6-1.fna.fbcdn.net/o1/v/t2/f2/m412/AQOUA6Bh7tZ6vlO8TlsnXDn9YS6DvqFFLDZizjNopxpTmKv0-EyC_AO1BG_PTw9S68sPrAcfI2gEA8yRd7deL810sdFbH5uYIjhZaDDt0w.mp4?_nc_cat=101&_nc_oc=AdpU111s8tb6T_5LFZHTNhKyejU1KlIh3uLyCXuiT7hR8mgxAh8Bb38XrmyMKsxBtASpXeFQ1_b7Y07nuefQEq68&_nc_sid=ef5aa3&_nc_ht=video.fjai6-1.fna.fbcdn.net&_nc_ohc=jJvSxsM2RuYQ7kNvwELhrB8&efg=eyJ2ZW5jb2RlX3RhZyI6Inhwdl9wcm9ncmVzc2l2ZS5WSV9VU0VDQVNFX1BST0RVQ1RfVFlQRS4uQzMuMzYwLnN2ZV9zZCIsInhwdl9hc3NldF9pZCI6MjM3Nzc2NTkxNTk1MDk3OSwiYXNzZXRfYWdlX2RheXMiOjMxMiwidmlfdXNlY2FzZV9pZCI6MTA3OTksImR1cmF0aW9uX3MiOjEwNywidXJsZ2VuX3NvdXJjZSI6Ind3dyJ9&ccb=17-1&_nc_gid=z_-nvfzd7Lo3L9DWFPclyg&_nc_ss=7b289&_nc_zt=28&oh=00_Af-Er4RdTYmlKNtXN4J4wpnK1TUM165d68pE40IsDQ_g5Q&oe=6A38416D | Preview: https://scontent.fjai6-1.fna.fbcdn.net/v/t39.35426-6/530231987_1561883454772761_5012077723632791293_n.jpg?_nc_cat=106&ccb=1-7&_nc_sid=c53f8f&_nc_ohc=n6sEF3ab1owQ7kNvwG5mthu&_nc_oc=AdpBl74OplyPxoJPaTklNdxvteUoT0Tn0KxZyvvBJCVB1N9gobEELT5UhJizvf31zJUjVcHrBHyJEapRMBgAXQwl&_nc_zt=14&_nc_ht=scontent.fjai6-1.fna&_nc_gid=z_-nvfzd7Lo3L9DWFPclyg&_nc_ss=7b289&oh=00_Af9kthNV9CdFERYUFn1Rs40EMz5b2ZCoG096TVXACRanJQ&oe=6A384541,,,,,,,
1034140985862572,https://www.facebook.com/EldecoGroup/,fb.me,https://www.facebook.com/EldecoGroup/,,,,contact@eldecoproperties.com,+91 11 4065 5000,,,,147014335392248,http://fb.me/,Eldeco Group,https://www.facebook.com/ads/library/?id=1034140985862572,"Live The Address That Reflects Your Stature 
Elegant villas amidst lush greens on Pakhowal Road.
 ▪ Grand European Style Villas
 ▪ Main 45 Mtr. Pakhowal Road Location
▪ 20 Mins from New Halwara Airport
▪ Spacious Family-Centric Layouts
▪ Secured & Gated Community
▪ Viviana Club with Lifestyle Amenities
▪ Lush Landscaped Surroundings
▪ Sample Villa Ready for Viewing
Crafted for Ludhiana families who value prestige, comfort, and timeless living.
Experience The Classic Marvel at Eldeco Viviana.",29182,Book now,fb.me,"FACEBOOK; INSTAGRAM; AUDIENCE_NETWORK",2026-05-21,2026-06-07,,Original: https://scontent.fjai6-1.fna.fbcdn.net/v/t39.35426-6/702273123_970381219318523_5577847574471520837_n.jpg?_nc_cat=101&ccb=1-7&_nc_sid=c53f8f&_nc_ohc=7TxfA2yh8O0Q7kNvwHk77bA&_nc_oc=Adqm_VeCshk4kHFd_kblL0Kgj4e94tRogGaGxiU57pM8uDL-lWowroLJzkRN5UYwVLtpkUSIUhuiBpNzcR9_GMBK&_nc_zt=14&_nc_ht=scontent.fjai6-1.fna&_nc_gid=z_-nvfzd7Lo3L9DWFPclyg&_nc_ss=7b289&oh=00_Af9F-5u84uNuLb3Fc30ip34Si6cDINbbytzVQHmByvWZsQ&oe=6A384AB1 | Resized: https://scontent.fjai6-1.fna.fbcdn.net/v/t39.35426-6/702996028_2091783695028636_8911418544915825445_n.jpg?stp=dst-jpg_s600x600_tt6&_nc_cat=109&ccb=1-7&_nc_sid=c53f8f&_nc_ohc=B70w8KfqBKcQ7kNvwFxgdQK&_nc_oc=Adpl8ngu5LM_T9qbhvBTeeDWgTY7Mn5eRvAnQcFRk3HiJNQQxKzP7pvFXbGG0Pbn-2NOzwt4_H39kRSvr8NDMEoK&_nc_zt=14&_nc_ht=scontent.fjai6-1.fna&_nc_gid=z_-nvfzd7Lo3L9DWFPclyg&_nc_ss=7b289&oh=00_Af9xZPxC3_uVzyt1pIWaY0vP002PBG9z1O5rqAYgj0lcmg&oe=6A385ED9,,,,,,
822263277037448,https://www.facebook.com/gurupunvaanii/,fb.me,https://www.facebook.com/gurupunvaanii/,,,,sales@gurupunvaanii.com,+91 85468 54600,,,,141466439052396,http://fb.me/,Guru Punvaanii ,https://www.facebook.com/ads/library/?id=822263277037448,4 BHK Villas @1.74 Cr* | 15 Min from Challaghatta metro.,2087,Learn more,fb.me,"FACEBOOK; INSTAGRAM",2026-03-29,2026-06-16,,Original: https://scontent.fjai6-1.fna.fbcdn.net/v/t39.35426-6/656736565_1470874991716492_2692619382550826924_n.jpg?_nc_cat=104&ccb=1-7&_nc_sid=c53f8f&_nc_ohc=oLXTSy3tSEcQ7kNvwGrt3SF&_nc_oc=AdrPN2XcRZxaTvt3KxJXmKZS6iLfsLeczhR7EH3mMbZ-bj6uDssvpkjSu2LGIb4ycfXyC5J8KK57D1XBz8_qpO6D&_nc_zt=14&_nc_ht=scontent.fjai6-1.fna&_nc_gid=z_-nvfzd7Lo3L9DWFPclyg&_nc_ss=7b289&oh=00_Af_R8H3tKQAFKKGaXf3gPb6ze9WKQve7GmhHa5RnFLmCCA&oe=6A383557 | Resized: https://scontent.fjai6-1.fna.fbcdn.net/v/t39.35426-6/654359469_1626058028594565_6722865735574694052_n.jpg?stp=dst-jpg_s600x600_tt6&_nc_cat=108&ccb=1-7&_nc_sid=c53f8f&_nc_ohc=qOOKLfS06_0Q7kNvwFh22ZJ&_nc_oc=AdpWI4Tk-dR_4WbNpqmWOktoXuCetP3CiI4Fb6yYp7afcD35mDmM8sEnro_xZHfcl3hFJfnrcCFgEkEE2zT5VDhg&_nc_zt=14&_nc_ht=scontent.fjai6-1.fna&_nc_gid=z_-nvfzd7Lo3L9DWFPclyg&_nc_ss=7b289&oh=00_Af9BYDm4T0dIb2kpoE4sXfkTKb7tsHARGv1YNu3j-0KhOQ&oe=6A3851C3,,,,,,
890191200653530,https://www.facebook.com/DSRInfra/,fb.me,https://www.facebook.com/DSRInfra/,,,,sales@dsrinfra.com,+91 80 4912 3013,,,,1389408824611348,http://fb.me/,DSR Group,https://www.facebook.com/ads/library/?id=890191200653530,"Step into luxury living with 4 & 5 BHK crafted villas at DSR Elixir, Whitefield. Spanning 21 acres, these villas redefine modern elegance with world-class amenities like a clubhouse, jogging track, and more. Your dream home awaits!",4117,Book now,fb.me,"FACEBOOK; INSTAGRAM",2026-03-17,2026-06-17,,,"Step into luxury living with 4 & 5 BHK crafted villas at DSR Elixir, Whitefield. Spanning 21 acres, these villas redefine modern elegance with world-class amenities like a clubhouse, jogging track, and more. Your dream home awaits! || Step into luxury living with 4 & 5 BHK crafted villas at DSR Elixir, Whitefield. Spanning 21 acres, these villas redefine modern elegance with world-class amenities like a clubhouse, jogging track, and more. Your dream home awaits! || Step into luxury living with 4 & 5 BHK crafted villas at DSR Elixir, Whitefield. Spanning 21 acres, these villas redefine modern elegance with world-class amenities like a clubhouse, jogging track, and more. Your dream home awaits!",http://fb.me/ || http://fb.me/ || http://fb.me/,,Book Now || Book Now || Book Now,Original: https://scontent.fjai6-1.fna.fbcdn.net/v/t39.35426-6/654711185_890497744052186_8441378810188324162_n.jpg?_nc_cat=110&ccb=1-7&_nc_sid=c53f8f&_nc_ohc=8o2uejaKdWMQ7kNvwHrwWd2&_nc_oc=AdoYW523MS1o2CtCuoimMGNAQZGeTuOjv1QedusXMIsxFuEHWLnWFGvT_Q_bLaE7V_OWOqe-bpvYo5X170BPtRE1&_nc_zt=14&_nc_ht=scontent.fjai6-1.fna&_nc_gid=z_-nvfzd7Lo3L9DWFPclyg&_nc_ss=7b289&oh=00_Af9f8BfS74fPi8CFLU7TEvCjvqvN-LvS2xLDW1roTkL5DA&oe=6A3831D3 | Resized: https://scontent.fjai6-1.fna.fbcdn.net/v/t39.35426-6/652742307_1461297912343989_2193914123752910488_n.jpg?stp=dst-jpg_s600x600_tt6&_nc_cat=102&ccb=1-7&_nc_sid=c53f8f&_nc_ohc=qIW1xQVFjc4Q7kNvwHBwXna&_nc_oc=AdpKkcBep08FE0yec1OFQcmKbDmlPZ5kSvWB6IQ0H6z6gcsENyrBdun6AsNV2-yJO_sbYTSWazgNeGPGHW_a4-le&_nc_zt=14&_nc_ht=scontent.fjai6-1.fna&_nc_gid=z_-nvfzd7Lo3L9DWFPclyg&_nc_ss=7b289&oh=00_Af8ciHI0BBRTOBns0-f9JS-eds9Qj06BUBlfJ5KSkE7sjQ&oe=6A384B2E || Original: https://scontent.fjai6-1.fna.fbcdn.net/v/t39.35426-6/654440647_911998448100510_8637193474483127372_n.jpg?_nc_cat=111&ccb=1-7&_nc_sid=c53f8f&_nc_ohc=hL_PMPQzq7UQ7kNvwFRfaG0&_nc_oc=AdpqqUy61YeYkKE3PcK8ljqRMnhq6HLyP7hylQb_rH2Uh6AHc1_jDGD5ofaLqQ-aoMOap0vqKq2SmCkakFHK0W8r&_nc_zt=14&_nc_ht=scontent.fjai6-1.fna&_nc_gid=z_-nvfzd7Lo3L9DWFPclyg&_nc_ss=7b289&oh=00_Af9Ik4G7LTHMtyyLoX_Haj7inF4tZyRfBYJyaxYOcqQDkg&oe=6A384EAE | Resized: https://scontent.fjai6-1.fna.fbcdn.net/v/t39.35426-6/651335275_26366089556361303_1100351186808360078_n.jpg?stp=dst-jpg_s600x600_tt6&_nc_cat=105&ccb=1-7&_nc_sid=c53f8f&_nc_ohc=RjUO6GhYUckQ7kNvwFS_9Fu&_nc_oc=AdrN-5Yvnw_niStMMfaNIlqHNJITSVf_w5k0g9cjOKWqAGIuNusphc3V7YMR3EMNJmk_RIc6me4l6dvCtDaDZUX-&_nc_zt=14&_nc_ht=scontent.fjai6-1.fna&_nc_gid=z_-nvfzd7Lo3L9DWFPclyg&_nc_ss=7b289&oh=00_Af8l_vTt1jsJT3gqSiuXnd24P1FywNpsNcf5Gwfei6tYVA&oe=6A385B3D || Original: https://scontent.fjai6-1.fna.fbcdn.net/v/t39.35426-6/652593574_2134386110746518_2363403213736330335_n.jpg?_nc_cat=111&ccb=1-7&_nc_sid=c53f8f&_nc_ohc=VhdOo7G_pAcQ7kNvwFZhfec&_nc_oc=Adpir96YHKC0GISkntXaZIOkkt3v745_r2z3SOmTIddJpTwq11oNEAj-j14cxzHh9Lmjqa3Sjls4ZaLhPH-2KbmZ&_nc_zt=14&_nc_ht=scontent.fjai6-1.fna&_nc_gid=z_-nvfzd7Lo3L9DWFPclyg&_nc_ss=7b289&oh=00_Af98gQud-tBkhrtKLrLSsgyZklW9GKR5A1Pe-udD-LRC0Q&oe=6A384FA8 | Resized: https://scontent.fjai6-1.fna.fbcdn.net/v/t39.35426-6/653792934_1478908520315464_5777948707420068986_n.jpg?stp=dst-jpg_s600x600_tt6&_nc_cat=104&ccb=1-7&_nc_sid=c53f8f&_nc_ohc=EbuXhO5-eFwQ7kNvwEgFOYq&_nc_oc=AdpFcG5HnLc01cv3B6LRrUkWc_Glfrd2n506uInNeOqqOHkO1HopQnrtQCkBFLB1UVFwADPloGd-3Odx2p-5OzD5&_nc_zt=14&_nc_ht=scontent.fjai6-1.fna&_nc_gid=z_-nvfzd7Lo3L9DWFPclyg&_nc_ss=7b289&oh=00_Af9UES0rRuSc8pFP3DySku5lYkEkja6nQswSjOR1_FAgQw&oe=6A384B6B,
3654563088019523,https://www.facebook.com/thecubeclub.co/,instagram.com,https://www.facebook.com/thecubeclub.co/,https://www.instagram.com/thecubeclub.co/,,,thecubeahd@gmail.com,+91 63564 77772,,,,116076294730327,https://www.instagram.com/thecubeclub.co/,The Cube Club,https://www.facebook.com/ads/library/?id=3654563088019523,"Thank you, Ahmedabad!

For the incredible response to our themed luxury villas, from the vibes of Bali and Disney to the charm of Alberobello.

Now, we’re bringing that same world-class resort community farmhouse living to Surat, Rajkot, and the Rajasthan Border.

Your dream farmhouse community is expanding!

For more information, 
call us now at +91 63564 77771.

#luxuryfarmhouseliving #resortstyleliving #themedvillasindia #worldclasslifestyle #farmhousecommunity #thecubeclub 

[luxury farmhouse community, resort style living india, themed luxury villas, bali theme villas, alberobello inspired villas, disney themed villas, premium farmhouse projects, weekend home investment, gated farmhouse community, world class resort lifestyle]",15563,Watch more,instagram.com,"FACEBOOK; INSTAGRAM",2026-02-13,2026-06-10,,,  ||  ,https://www.instagram.com/thecubeclub.co/ || https://www.instagram.com/thecubeclub.co/,instagram.com || instagram.com,Watch More || Watch More,Original: https://scontent.fjai6-1.fna.fbcdn.net/v/t39.35426-6/634480748_2646353819072377_7032059521217245938_n.jpg?_nc_cat=100&ccb=1-7&_nc_sid=c53f8f&_nc_ohc=3nvduZz01X4Q7kNvwFE0ZKR&_nc_oc=AdpoKU3rA-ayvvHvJWeo9YxsLRlnFSdFzIcvA7_8oFnN3xAMTXaCLDce-ihgkuJg3GaIlm2mhIECgER8qjHvmEI_&_nc_zt=14&_nc_ht=scontent.fjai6-1.fna&_nc_gid=z_-nvfzd7Lo3L9DWFPclyg&_nc_ss=7b289&oh=00_Af_cNLxKO-Jj5PL5ls5wAfsYVuBeL7ywjZdBZrxqRwbyaQ&oe=6A38377C | Resized: https://scontent.fjai6-1.fna.fbcdn.net/v/t39.35426-6/631644963_1624923968691432_8493390691509315749_n.jpg?stp=dst-jpg_s600x600_tt6&_nc_cat=101&ccb=1-7&_nc_sid=c53f8f&_nc_ohc=SMCn3scL4V0Q7kNvwG_FArW&_nc_oc=AdrKt-tBIGsBx32IJeFA6NKZr-F4ks-AILxAybP2UNP-oG0FUtpMdILLNovgoIzgTm4GB3yDdmaIYNkGOEh6TvDx&_nc_zt=14&_nc_ht=scontent.fjai6-1.fna&_nc_gid=z_-nvfzd7Lo3L9DWFPclyg&_nc_ss=7b289&oh=00_Af-dKKfT3Izadq8La3g8Sn0OlhUwsXtdYxs6NGCLEfAyHQ&oe=6A384E5E || Original: https://scontent.fjai6-1.fna.fbcdn.net/v/t39.35426-6/632337405_1389198835763046_836502153290953985_n.jpg?_nc_cat=110&ccb=1-7&_nc_sid=c53f8f&_nc_ohc=0sMriyuzaD8Q7kNvwHcwh0H&_nc_oc=AdrLshDfUhnCvVrtFYBSX8I_t_r4zmPLheQJyWTYAVNXt7FGdTZcqUzaRUTf70nHGiIZg-ZgCv1mvGGsBOBxWgSo&_nc_zt=14&_nc_ht=scontent.fjai6-1.fna&_nc_gid=z_-nvfzd7Lo3L9DWFPclyg&_nc_ss=7b289&oh=00_Af8c_0BPOUv09-yIiUdCDSJwcKA095LFGOMtC-OmfFozzg&oe=6A385D5E | Resized: https://scontent.fjai6-1.fna.fbcdn.net/v/t39.35426-6/633886706_2162463907829996_7129092045948532081_n.jpg?stp=dst-jpg_s600x600_tt6&_nc_cat=109&ccb=1-7&_nc_sid=c53f8f&_nc_ohc=56olOEXHwO0Q7kNvwF0P0EH&_nc_oc=AdoyLRP8KPZjMv8hF0z9VCBzMqKI1Q3csRa6WNHgwtbzDPgksLYodBqXnSoi7VELRmiiOhODdvJqYjceH_-PHQVn&_nc_zt=14&_nc_ht=scontent.fjai6-1.fna&_nc_gid=z_-nvfzd7Lo3L9DWFPclyg&_nc_ss=7b289&oh=00_Af9LLtjiF7WZ9Fd070aiWvg_rW4MSzjMydsi5SSG6jYSWw&oe=6A384486,
1373318954617722,https://www.facebook.com/villasbyeden/,,https://www.facebook.com/villasbyeden/,,,,aviratt@winterhill.in,+91 97171 73819,,,,613335865203528,,Eden - Luxury Villas,https://www.facebook.com/ads/library/?id=1373318954617722,"🏔️ Discover ultra-luxury hilltop living in Ramgarh, Nainital with fully furnished 4 BHK villas offering breathtaking Himalayan views.
Reach us @ 📞 +91 99907 11766",149,,,"FACEBOOK; INSTAGRAM; AUDIENCE_NETWORK; WHATSAPP; THREADS",2026-06-07,2026-06-17,HD: https://video.fjai6-1.fna.fbcdn.net/o1/v/t2/f2/m366/AQPD-b5iWH-S9KnS1mHT6xTQnRjmDpvmvVahuHRB-ePprPSWWBpxEU3NjvvurjsdCLRKGa8ncnKz5fwx1OR3U8JtvpuogjCDW7qHVOaz5Gj84Q.mp4?_nc_cat=104&_nc_oc=AdrngKX82iF2Npz2w0wcFF2dJ6n4H7-8L0CwJcUXpibBtV1ux_Tu0cNu09rdkhPjIweIAS3ZpKlUlV6wIP3IKJEY&_nc_sid=b66105&_nc_ht=video.fjai6-1.fna.fbcdn.net&_nc_ohc=YIZQyxhBcfwQ7kNvwF5jHjg&efg=eyJ2ZW5jb2RlX3RhZyI6Inhwdl9wcm9ncmVzc2l2ZS5WSV9VU0VDQVNFX1BST0RVQ1RfVFlQRS4uQzMuMTI4MC5kYXNoX2gyNjQtYmFzaWMtZ2VuMl83MjBwIiwieHB2X2Fzc2V0X2lkIjoyMDMzOTA4MTgwODEyMDcxLCJhc3NldF9hZ2VfZGF5cyI6OSwidmlfdXNlY2FzZV9pZCI6MTA3OTksImR1cmF0aW9uX3MiOjM3LCJ1cmxnZW5fc291cmNlIjoid3d3In0%3D&ccb=17-1&vs=78bb85c3883cc545&_nc_vs=HBksFQIYRWZiX2VwaGVtZXJhbC9DOTQ2QzEyQjlCODJEOEI5MDYwOTA1RjRDRTIxNzI5Nl9tdF8xX3ZpZGVvX2Rhc2hpbml0Lm1wNBUAAsgBEgAVAhhAZmJfcGVybWFuZW50LzUxNDEwQUYxQTQ0NEExNTFDMTQ3NkM4Njg4MEJGMUE3X2F1ZGlvX2Rhc2hpbml0Lm1wNBUCAsgBEgAoABgAGwKIB3VzZV9vaWwBMRJwcm9ncmVzc2l2ZV9yZWNpcGUBMRUAACbOhPzphPWcBxUCKAJDMywXQEKzMzMzMzMYGWRhc2hfaDI2NC1iYXNpYy1nZW4yXzcyMHARAHUAZd6oAQA&_nc_gid=z_-nvfzd7Lo3L9DWFPclyg&_nc_ss=7b289&_nc_zt=28&oh=00_Af-3HYJqInys5Bkgw79qLL7q-J3YDCIvhTFIyFbRUMCjSA&oe=6A384C08 | SD: https://video.fjai6-1.fna.fbcdn.net/o1/v/t2/f2/m412/AQNg333G---wgiyjHrFIEJnBH849nAjHKqmUgptxeggt7O8N-tsxHSa5eAJUI3gccX7KjOs3UV6DMbGh1b6z5YVIGTPdc4nktDCtqkcGPg.mp4?_nc_cat=110&_nc_oc=Adq8C5TZ3z3reh4cYF68yRvTO9IvI2qDBvXpNmkc34rqKHHeFU4AhvJrEwnYMpEOLUY6yGWw7FfCdm5Cgn0M87J8&_nc_sid=ef5aa3&_nc_ht=video.fjai6-1.fna.fbcdn.net&_nc_ohc=cZGiEohv8lYQ7kNvwG_TI1h&efg=eyJ2ZW5jb2RlX3RhZyI6Inhwdl9wcm9ncmVzc2l2ZS5WSV9VU0VDQVNFX1BST0RVQ1RfVFlQRS4uQzMuNjQwLnN2ZV9zZCIsInhwdl9hc3NldF9pZCI6MjAzMzkwODE4MDgxMjA3MSwiYXNzZXRfYWdlX2RheXMiOjksInZpX3VzZWNhc2VfaWQiOjEwNzk5LCJkdXJhdGlvbl9zIjozNywidXJsZ2VuX3NvdXJjZSI6Ind3dyJ9&ccb=17-1&_nc_gid=z_-nvfzd7Lo3L9DWFPclyg&_nc_ss=7b289&_nc_zt=28&oh=00_Af-4-ZS6DeI9k4CFKe6azDR_9zgIx4aSAwnBuyobX0GBQA&oe=6A383860 | Preview: https://scontent.fjai6-1.fna.fbcdn.net/v/t39.35426-6/719189956_1007619098337344_2176154647162439476_n.jpg?_nc_cat=109&ccb=1-7&_nc_sid=c53f8f&_nc_ohc=r4qWdVlPli8Q7kNvwHb-xgo&_nc_oc=AdonDUGX9gwY6-fAaeGumDAmqrEPUXThLV5A1_KadfmF1CW0tPI9Asqxfk0oATtmX3ZjakMSRgcF08-z-59rCc0J&_nc_zt=14&_nc_ht=scontent.fjai6-1.fna&_nc_gid=z_-nvfzd7Lo3L9DWFPclyg&_nc_ss=7b289&oh=00_Af9oZc4zf1OG8yGTcFd48sQruGTAqo4avM5ArinMi0nZZg&oe=6A3834E1,,,,,,,
2272350249887882,https://www.facebook.com/brandedvillas/,kannamthanathrealtors.com,https://www.facebook.com/brandedvillas/,,,,kannamthanathrealtors@gmail.com,"+919447006799, +919846006799, +914792416799, 9447006799, 9846006799, 04792416799, +91 94470 06799",,,,112146223879600,https://kannamthanathrealtors.com/luxury-villas-in-haripad,Kannamthanath Realtors,https://www.facebook.com/ads/library/?id=2272350249887882,"ഹരിപ്പാട് ആധുനിക സൗകര്യങ്ങളോടെ
ലക്ഷ്വറി വില്ലകള്‍ – ഇനി നിങ്ങളുടെ സ്വപ്നവീട് യാഥാര്‍ത്ഥ്യമാക്കാം!

✅ 3 & 4 BHK Villas
✅ നിങ്ങളുടെ മനസിനിണങ്ങിയ Villas
✅ വാട്ടർ കണക്ഷനും പ്രോട്ടക്ഷനും മറ്റ് സൗകര്യങ്ങളും അടങ്ങിയ ഗേറ്റഡ് കമ്മ്യൂണിറ്റി
✅ കോളേജ്, ഹോസ്പിറ്റൽ, ഹൈവേ, ടൗൺ എന്നിവയ്ക്ക് അടുത്തായി
✅ EMI സൗകര്യവും ബാങ്ക് ലോൺ പിന്തുണയും

പാരമ്പര്യത്തിന്റെ സമ്പത്ത് – ആധുനികതയുടെ സൗകര്യം – ഒറ്റ ഇടത്ത്!

കൂടുതൽ വിവരങ്ങൾക്ക്:

https://kannamthanathrealtors.com/luxury-villas-in-haripad
📞+919447006799

അല്ലെങ്കിൽ ഇപ്പോൾ തന്നെ enquiry form പൂരിപ്പിക്കുക
https://kannamthanathrealtors.com/luxury-villas-in-haripad",4900,Get offer,kannamthanathrealtors.com,"FACEBOOK; INSTAGRAM; AUDIENCE_NETWORK; MESSENGER; THREADS",2025-06-06,2026-06-17,HD: https://video.fjai6-1.fna.fbcdn.net/o1/v/t2/f2/m560/AQOqPW9nFbxeZdmP7jO-0sNXN3QsmSvlVT-Fm8MYRPsNNizVUPd3WUqPsVwedEzDhgHdTpjC6vfBH-pKwpek8oxs8MuGfI12qN0.mp4?_nc_cat=105&_nc_oc=AdrrLZ91IIm2C1UaLjGEeY5tAcTamFcibPWfRwTWsJJxq0hpzzjt6o-GvSJhdJNezmKpXXOYNJGfF6X9Iwr52QpO&_nc_sid=ef5aa3&_nc_ht=video.fjai6-1.fna.fbcdn.net&_nc_ohc=p09DQq49ZBkQ7kNvwGicWMp&efg=eyJ2ZW5jb2RlX3RhZyI6Inhwdl9wcm9ncmVzc2l2ZS5WSV9VU0VDQVNFX1BST0RVQ1RfVFlQRS4uQzMuODQ4LmFzaWNfaHEyX2hkX3Byb2dyZXNzaXZlIiwieHB2X2Fzc2V0X2lkIjoxMjkxODA1MTY5NzYzMDU5LCJhc3NldF9hZ2VfZGF5cyI6NDIsInZpX3VzZWNhc2VfaWQiOjEwNjgwLCJkdXJhdGlvbl9zIjoxODAsInVybGdlbl9zb3VyY2UiOiJ3d3cifQ%3D%3D&ccb=17-1&_nc_gid=g0XuUiBr-24GS83P4lp9wQ&_nc_ss=7b289&_nc_zt=28&oh=00_Af-WLvYs9Pck2qjps3FD6hz41FGZ-1feQy2OU8_epXWQWQ&oe=6A34503D | SD: https://video.fjai6-1.fna.fbcdn.net/o1/v/t2/f2/m560/AQMcnlGEll7NFpep-mAz9ShAyMR_RAJsco_pzYQoAny0_356_C5tO8ue3puICrKJPPd5Yal74LPCDiIl4gpK8CevTy23NL5qJVY.mp4?_nc_cat=105&_nc_oc=AdoT8aBk0qFE99D717g4PHYRVVA_hjNAiu4k82UqrSPhZQJP-tzVKxpry8aZF19aEl0SWz0b2YFbpTo8OP4b7qUF&_nc_sid=ef5aa3&_nc_ht=video.fjai6-1.fna.fbcdn.net&_nc_ohc=-7DxkG2xYusQ7kNvwHM0O4A&efg=eyJ2ZW5jb2RlX3RhZyI6Inhwdl9wcm9ncmVzc2l2ZS5WSV9VU0VDQVNFX1BST0RVQ1RfVFlQRS4uQzMuNjM2LmFzaWNfaHExX3NkX3Byb2dyZXNzaXZlIiwieHB2X2Fzc2V0X2lkIjoxMjkxODA1MTY5NzYzMDU5LCJhc3NldF9hZ2VfZGF5cyI6NDIsInZpX3VzZWNhc2VfaWQiOjEwNjgwLCJkdXJhdGlvbl9zIjoxODAsInVybGdlbl9zb3VyY2UiOiJ3d3cifQ%3D%3D&ccb=17-1&_nc_gid=g0XuUiBr-24GS83P4lp9wQ&_nc_ss=7b289&_nc_zt=28&oh=00_Af9YTGlsFYnnuy2zgwrBABde3aHsnTSZGQVfzO0-qQJ4-g&oe=6A343E39 | Preview: https://scontent.fjai6-1.fna.fbcdn.net/v/t39.35426-6/504380835_3212979788850817_5603497438196281203_n.jpg?_nc_cat=106&ccb=1-7&_nc_sid=c53f8f&_nc_ohc=iLAoXCtDgdQQ7kNvwGxXgmJ&_nc_oc=AdpV0jz-g62ZkRll382OPvHeK7gjGskzLHvyTJ0p_s-edLpJI_XQ-z8C_gHhhHMpEkFXxcUpzYp3N-xsGaxOsIa_&_nc_zt=14&_nc_ht=scontent.fjai6-1.fna&_nc_gid=g0XuUiBr-24GS83P4lp9wQ&_nc_ss=7b289&oh=00_Af8gGqOrRzXFHZmr_TGuqHU4gmWl6gpEgIRQBA-uD90zAg&oe=6A383EB6,,,,,,,
1665764337958621,https://www.facebook.com/kresort.in/,kresort.in,https://www.facebook.com/kresort.in/,,,,reservations@kresort.in,"+918111037222, +918111099999, +917094467011, 0413-2650333, 04132650333",,,,220556222009095,https://www.kresort.in/,K Resort,https://www.facebook.com/ads/library/?id=1665764337958621,"Looking for a peaceful escape near Pondicherry? K Resort offers luxury villas, serene spaces, curated experiences, and everything you need to unwind, all in one place.
From relaxing stays to meaningful moments, it’s where comfort meets calm.",2646,Book now,https://www.kresort.in/,"FACEBOOK; INSTAGRAM; AUDIENCE_NETWORK; MESSENGER; THREADS",2026-05-04,2026-06-17,HD: https://video.fjai6-1.fna.fbcdn.net/o1/v/t2/f2/m366/AQOEXQZbN2F6I8Mll-1Vx-K6ThGIq5_MPeJi3Lk1cVjDzBPtdGa7-eGQTP9-LZAW30GL9BDfDFy3oHOlhjaTlK2OF9uRAh69z62yGNyz7NVrLw.mp4?_nc_cat=104&_nc_oc=AdrVHNLiybsb7K84K3N8nXePuZm9OZMoH0imVa-PdNceeZstsybhJiSui2mEPZmPJ6B6rrom9z8t4kViXfql00gr&_nc_sid=b66105&_nc_ht=video.fjai6-1.fna.fbcdn.net&_nc_ohc=Qe_65Slz-pMQ7kNvwERfGM7&efg=eyJ2ZW5jb2RlX3RhZyI6Inhwdl9wcm9ncmVzc2l2ZS5WSV9VU0VDQVNFX1BST0RVQ1RfVFlQRS4uQzMuNzIwLmRhc2hfaDI2NC1iYXNpYy1nZW4yXzcyMHAiLCJ4cHZfYXNzZXRfaWQiOjk0NDU4OTE3NTAyMTQ3NywiYXNzZXRfYWdlX2RheXMiOjUxLCJ2aV91c2VjYXNlX2lkIjoxMDc5OSwiZHVyYXRpb25fcyI6NTMsInVybGdlbl9zb3VyY2UiOiJ3d3cifQ%3D%3D&ccb=17-1&vs=987f8d80c7c0c450&_nc_vs=HBksFQIYRWZiX2VwaGVtZXJhbC80MjQxMzdGNzg4QjY5RjRGOTMwMERCQUM5RUNBMjk4QV9tdF8xX3ZpZGVvX2Rhc2hpbml0Lm1wNBUAAsgBEgAVAhhAZmJfcGVybWFuZW50LzJENEU1NjYyNDQ2NEZDQTc2QkI5RUQ1RkY0NEMzRjgzX2F1ZGlvX2Rhc2hpbml0Lm1wNBUCAsgBEgAoABgAGwKIB3VzZV9vaWwBMRJwcm9ncmVzc2l2ZV9yZWNpcGUBMRUAACbK_uLjqcatAxUCKAJDMywXQEqiDEm6XjUYGWRhc2hfaDI2NC1iYXNpYy1nZW4yXzcyMHARAHUAZd6oAQA&_nc_gid=g0XuUiBr-24GS83P4lp9wQ&_nc_ss=7b289&_nc_zt=28&oh=00_Af8BpcwpbXAkfsNYM4Re1-kmDr2gGgYqA3qZVbzQIkbYyw&oe=6A3847A8 | SD: https://video.fjai6-1.fna.fbcdn.net/o1/v/t2/f2/m412/AQMWoahX5c0NqI4_siISgs8jrd5ub6isVFfWZmJIlqq0ft44YVTwh7bDxi1EfZUbL1hgjudBWOccH74ZMwdlzfixzYdTBooei6fyTUDQEA.mp4?_nc_cat=104&_nc_oc=AdqSKjvO9nTM-iH_vIn0GTeCPh_vyV_6z0FWb9QI9NbpFI_K6G39rRW4bIgnHcQnIpkTgo29utt8O1rMBBocJ8Md&_nc_sid=ef5aa3&_nc_ht=video.fjai6-1.fna.fbcdn.net&_nc_ohc=mnWtSObeCwQQ7kNvwGqcg2v&efg=eyJ2ZW5jb2RlX3RhZyI6Inhwdl9wcm9ncmVzc2l2ZS5WSV9VU0VDQVNFX1BST0RVQ1RfVFlQRS4uQzMuMzYwLnN2ZV9zZCIsInhwdl9hc3NldF9pZCI6OTQ0NTg5MTc1MDIxNDc3LCJhc3NldF9hZ2VfZGF5cyI6NTEsInZpX3VzZWNhc2VfaWQiOjEwNzk5LCJkdXJhdGlvbl9zIjo1MywidXJsZ2VuX3NvdXJjZSI6Ind3dyJ9&ccb=17-1&_nc_gid=g0XuUiBr-24GS83P4lp9wQ&_nc_ss=7b289&_nc_zt=28&oh=00_Af-pgEmR7fz4NSd0w07v1wRssxY8o3euNSqXqx-rj7J06w&oe=6A38408E | Preview: https://scontent.fjai6-1.fna.fbcdn.net/v/t39.35426-6/684166052_1298299978919201_7648100185492501209_n.jpg?_nc_cat=101&ccb=1-7&_nc_sid=c53f8f&_nc_ohc=70d-ZzgxhJgQ7kNvwHXfBQD&_nc_oc=AdqN3UyPUYMZHSeAOWMqPbpD0YYnapdbqp7bEQvB8Ab4mGBZefqyWYX52QLCUVavqRPE5EG6q_VNSm9t768Ubfak&_nc_zt=14&_nc_ht=scontent.fjai6-1.fna&_nc_gid=g0XuUiBr-24GS83P4lp9wQ&_nc_ss=7b289&oh=00_Af-8T_P9kRdmiJWPBv4nxpAiK8eP0637dq_GFd8T80LASQ&oe=6A3856C0,,,,,,,
26590059787246807,https://www.facebook.com/AnkuraHomes1/,api.whatsapp.com,https://www.facebook.com/AnkuraHomes1/,,,,info@ankurahomes.com,+91 83676 70909,,,,108527438530982,https://api.whatsapp.com/send,Ankura Homes,https://www.facebook.com/ads/library/?id=26590059787246807,"Homes built with trust, delivered with quality. Explore Ankura Homes’ landmark projects designed for modern living and long-term value.",2508,Send WhatsApp message,api.whatsapp.com,"FACEBOOK; INSTAGRAM; AUDIENCE_NETWORK; THREADS",2026-03-18,2026-06-17,,,"900 sq yd estates with grand living & modern amenities. || Stylish villas with clubhouse & lush outdoors for family living. || Spacious plots on Shankarpally-Chevella Road, perfect for your dream home. || Live in elegant 4BHK spaces with 30000 Sft. clubhouse & premium amenities || Escape to serene, green farm plots for peaceful weekends. || Thoughtfully crafted homes rooted in trust, quality, and long-term value.",https://api.whatsapp.com/send?phone=918367670909&token=eyJhbGciOiJFUzI1NiIsInR5cCI6IkpXVCIsImtpZCI6IjEyNSJ9.eyJleHAiOjE3NzM4OTY1MzIsInBob25lIjoiOTE4MzY3NjcwOTA5In0.hjURbB80AHncBTUJFdg6ODOjuv84QwPqXWxEanBjRfc_qctPwIP0ljuVnU4OptEk8QFfyof0ixXFPqoncL9xXQ || https://api.whatsapp.com/send?phone=918367670909&token=eyJhbGciOiJFUzI1NiIsInR5cCI6IkpXVCIsImtpZCI6IjEyNSJ9.eyJleHAiOjE3NzM4OTY1MzIsInBob25lIjoiOTE4MzY3NjcwOTA5In0.0YL5nNyuXTs3xaoB1Th9jCWcgx_-MxYPZAyfCvM-7AyUu02EzJctypmw0OvJaQBJ51VMDHZw67T4r222uWjrtg || https://api.whatsapp.com/send?phone=918367670909&token=eyJhbGciOiJFUzI1NiIsInR5cCI6IkpXVCIsImtpZCI6IjEyNSJ9.eyJleHAiOjE3NzM4OTY1MzIsInBob25lIjoiOTE4MzY3NjcwOTA5In0.GolKflPBiJC58e0vFmqRaB4-oUshicNV0TAINHkZlbY2lMN8aoRxXb0Puv4mZRVqaTW4HHkjsPcvY5pJeD6BIg || https://api.whatsapp.com/send?phone=918367670909&token=eyJhbGciOiJFUzI1NiIsInR5cCI6IkpXVCIsImtpZCI6IjEyNSJ9.eyJleHAiOjE3NzM4OTY1MzIsInBob25lIjoiOTE4MzY3NjcwOTA5In0.hDvsm0t0Ceko4g233TlU13W_iSkPdT7x69MRRAN644feV6V4npJZwURQ_UVyW40K8AFyfjwB65oOvl5NLX2A8w || https://api.whatsapp.com/send?phone=918367670909&token=eyJhbGciOiJFUzI1NiIsInR5cCI6IkpXVCIsImtpZCI6IjEyNSJ9.eyJleHAiOjE3NzM4OTY1MzIsInBob25lIjoiOTE4MzY3NjcwOTA5In0.Nmm6CaN9AhFoOgZzk1kse9f8jpUAioQf-GeJ6DB1XN4XBpAkHyuwDQaVZS84zJgMM88DWZn6dxw7YNrln2MFlQ || https://api.whatsapp.com/send?phone=918367670909&token=eyJhbGciOiJFUzI1NiIsInR5cCI6IkpXVCIsImtpZCI6IjEyNSJ9.eyJleHAiOjE3NzM4OTY1MzIsInBob25lIjoiOTE4MzY3NjcwOTA5In0.7lERffQHGW55fQmPJeo2xn_4x-aXQF_Pz_9LtmRtbq62dRNzr1D6zmlo29Fg7yfJwNmfy95Qk483WDKfzoYSXA,api.whatsapp.com || api.whatsapp.com || api.whatsapp.com || api.whatsapp.com || api.whatsapp.com || api.whatsapp.com,Send WhatsApp Message || Send WhatsApp Message || Send WhatsApp Message || Send WhatsApp Message || Send WhatsApp Message || Send WhatsApp Message,Original: https://scontent.fjai6-1.fna.fbcdn.net/v/t39.35426-6/653043485_1621274169062078_7129762644228991415_n.jpg?_nc_cat=111&ccb=1-7&_nc_sid=c53f8f&_nc_ohc=ydtIVqzuh6sQ7kNvwEZFfpg&_nc_oc=AdpTByNeJ_PDBzbB_w9aCxqUS7UCoGDUZu7hldO14VsLhQ_O0fIWB89eveg-mN3Xun2lNQqYzSiy0-4yNhO1pq4B&_nc_zt=14&_nc_ht=scontent.fjai6-1.fna&_nc_gid=g0XuUiBr-24GS83P4lp9wQ&_nc_ss=7b289&oh=00_Af-_4ygcGN89BuAeIuU4gLZX9MAyYccqeqBjuNBtnKhRng&oe=6A38495E | Resized: https://scontent.fjai6-1.fna.fbcdn.net/v/t39.35426-6/653435364_1227688292808912_7083013994293193234_n.jpg?stp=dst-jpg_s600x600_tt6&_nc_cat=107&ccb=1-7&_nc_sid=c53f8f&_nc_ohc=mLKttibNUYkQ7kNvwGMXpZt&_nc_oc=AdofhuDD4eLFIJ2E5FBSmd8uWxkOaj0xWTlurZAtt4tbEV5sm7BPVGQbgOxEgRYC4dibz2eFM_wLANNUNLpfK34G&_nc_zt=14&_nc_ht=scontent.fjai6-1.fna&_nc_gid=g0XuUiBr-24GS83P4lp9wQ&_nc_ss=7b289&oh=00_Af9y-TBuAyw3VcB-Y9MxNv-dQwG7wY34T5V6zAGdlcaenA&oe=6A386227 || Original: https://scontent.fjai6-1.fna.fbcdn.net/v/t39.35426-6/653710872_1399616081969515_7119333028753144766_n.jpg?_nc_cat=110&ccb=1-7&_nc_sid=c53f8f&_nc_ohc=mj0oZjyUgXgQ7kNvwEGRJB_&_nc_oc=Adqi6AFZy7K6Cas0RZMtQ-Moq6qQiB6zsfPwfWr1AqVtkohcl73V3rb9YgSUPRDCcmsOJl9RiVmgv8kq_JxdiAYk&_nc_zt=14&_nc_ht=scontent.fjai6-1.fna&_nc_gid=g0XuUiBr-24GS83P4lp9wQ&_nc_ss=7b289&oh=00_Af84cRcb73_G_SZFG10p3-cEDOhuv5hWs88KiNXBuQx23Q&oe=6A385D31 | Resized: https://scontent.fjai6-1.fna.fbcdn.net/v/t39.35426-6/652063968_1868410106986050_8444296746287452924_n.jpg?stp=dst-jpg_s600x600_tt6&_nc_cat=105&ccb=1-7&_nc_sid=c53f8f&_nc_ohc=u6Z2cpF_IWEQ7kNvwEIiTZY&_nc_oc=Ado2NGfAku_WrepiR35T853FWSwxV_JpD3LGMSMxqLDXpFC4f5__1xGOqCgNDRSfkbPlzdvCabJ2h9N8BcT8oSy-&_nc_zt=14&_nc_ht=scontent.fjai6-1.fna&_nc_gid=g0XuUiBr-24GS83P4lp9wQ&_nc_ss=7b289&oh=00_Af8TlmAyvleNogw2DM-pErI4pmYcb5eYibRGV5q7628eyQ&oe=6A384803 || Original: https://scontent.fjai6-1.fna.fbcdn.net/v/t39.35426-6/651356036_1407458217844894_6290284353619241816_n.jpg?_nc_cat=109&ccb=1-7&_nc_sid=c53f8f&_nc_ohc=CHMUZ6g04GAQ7kNvwEvs5w2&_nc_oc=Adr2-IiuvwbFYWxxqcn97XNPH0EEy34A8AO_Alfw-urhKBBqJFioqILaOmPknUcWZ8a6QATl3PJTMOfpyfNrAWaU&_nc_zt=14&_nc_ht=scontent.fjai6-1.fna&_nc_gid=g0XuUiBr-24GS83P4lp9wQ&_nc_ss=7b289&oh=00_Af_uH5EerxU3poI7ZzvqMLhCJZDO5Ll6YJAJvft71xCyww&oe=6A3836AA | Resized: https://scontent.fjai6-1.fna.fbcdn.net/v/t39.35426-6/653382358_1659839211689059_2684842772774277256_n.jpg?stp=dst-jpg_s600x600_tt6&_nc_cat=108&ccb=1-7&_nc_sid=c53f8f&_nc_ohc=Yya7py-i-oQQ7kNvwFDqQnZ&_nc_oc=AdpJlmfGd1LvZrcbNE45EwBtq4u2TUFpqzyiSrj1VCjRsm8zwUy2oY6-kukhhsoibxLlUNM7ky9MTXkgaT8sx0ct&_nc_zt=14&_nc_ht=scontent.fjai6-1.fna&_nc_gid=g0XuUiBr-24GS83P4lp9wQ&_nc_ss=7b289&oh=00_Af-eup9aemgcxmX04LuGerwcYEAd1nt8l9sPxwokve45rg&oe=6A385BFB || Original: https://scontent.fjai6-1.fna.fbcdn.net/v/t39.35426-6/653319408_944358724796180_7132710026726052102_n.jpg?_nc_cat=104&ccb=1-7&_nc_sid=c53f8f&_nc_ohc=QiblIEGIvFcQ7kNvwH4Yr9W&_nc_oc=AdolL2TU0bJpQd8dNH1a1SH_hHnCL5ruRLzr1MhSTR0SHbQ4MqoELwFXyRfbo_CMl_dZyVr-B4dNK4HE379zENHc&_nc_zt=14&_nc_ht=scontent.fjai6-1.fna&_nc_gid=g0XuUiBr-24GS83P4lp9wQ&_nc_ss=7b289&oh=00_Af_VxHhL2GxztNwoYInUO21XR2HO-dJ1KR-pzlwjE4FDQw&oe=6A383808 | Resized: https://scontent.fjai6-1.fna.fbcdn.net/v/t39.35426-6/653076858_1841272286501687_8666057242865135617_n.jpg?stp=dst-jpg_s600x600_tt6&_nc_cat=108&ccb=1-7&_nc_sid=c53f8f&_nc_ohc=TogdjIRzZ40Q7kNvwFkuq2m&_nc_oc=AdrgHXbjqxlH-eb2ur4rOjfvS6Norh4peMxXHiLtaWBVjE1cjNGeCUe0utWf1x987RlDx7CBr9DZg8_rOZfgpU0K&_nc_zt=14&_nc_ht=scontent.fjai6-1.fna&_nc_gid=g0XuUiBr-24GS83P4lp9wQ&_nc_ss=7b289&oh=00_Af_YCFQI5FLonCySvwNI6YiYFy_iEIuE2RwcLjMlDSnmAg&oe=6A383EFA || Original: https://scontent.fjai6-1.fna.fbcdn.net/v/t39.35426-6/652814829_2087351105360485_6477006489300039899_n.jpg?_nc_cat=102&ccb=1-7&_nc_sid=c53f8f&_nc_ohc=W3S8iEoF6SwQ7kNvwGPjteH&_nc_oc=AdrKXl1mGwdB3tlx76QMwBvP7QXAZBx4SQKoAhv3A-JyNI7JOM9dOcN4p_bn8LWoBYOEKOruGQrENtxP8joLm_nd&_nc_zt=14&_nc_ht=scontent.fjai6-1.fna&_nc_gid=g0XuUiBr-24GS83P4lp9wQ&_nc_ss=7b289&oh=00_Af9zd9YH5ztI7eZcGeHyrpup83StWr1eQtSOeNcnpIYNAA&oe=6A38645A | Resized: https://scontent.fjai6-1.fna.fbcdn.net/v/t39.35426-6/653714217_2388822301540345_5699365271357634791_n.jpg?stp=dst-jpg_s600x600_tt6&_nc_cat=104&ccb=1-7&_nc_sid=c53f8f&_nc_ohc=Q5rLdcits5MQ7kNvwHYr9Kx&_nc_oc=AdpAOB7QXxOfRd4rvLwOiCW0mbgBysJtYrC2OKE_EbAbMMl5g0bn45lLg-RP6udGHqHPbNLspeyJV5fJjhkHYVSE&_nc_zt=14&_nc_ht=scontent.fjai6-1.fna&_nc_gid=g0XuUiBr-24GS83P4lp9wQ&_nc_ss=7b289&oh=00_Af8GSg6jHtSUN3CaV61D7B-_uAi8svlNTfI7G4lJOnIRPA&oe=6A3858ED || Original: https://scontent.fjai6-1.fna.fbcdn.net/v/t39.35426-6/654294035_1570873357320191_1293679488764424632_n.jpg?_nc_cat=105&ccb=1-7&_nc_sid=c53f8f&_nc_ohc=MvSJolCDsaoQ7kNvwEomKsz&_nc_oc=Ado-gS4Qn45q2r9ngA2P9uiGHSQ78SEwzzMFQXYxUuaP-V82AAaP2w5ZcnOhUY5Q-OhO8k3Gx49pfWv7nX-txOLN&_nc_zt=14&_nc_ht=scontent.fjai6-1.fna&_nc_gid=g0XuUiBr-24GS83P4lp9wQ&_nc_ss=7b289&oh=00_Af8jBm56IVFrBk3R0cyIoaOQhXJrGLlaz3oz4VU115JvQA&oe=6A3862E0 | Resized: https://scontent.fjai6-1.fna.fbcdn.net/v/t39.35426-6/654256312_774878382049109_1492786548195886470_n.jpg?stp=dst-jpg_s600x600_tt6&_nc_cat=110&ccb=1-7&_nc_sid=c53f8f&_nc_ohc=uSivJP350ZAQ7kNvwEO_Dit&_nc_oc=Ado7vbp3mSr1VR0OFjJiNAG9jiO0tvb9Jda1O2opzTIwqOH1f_E3XOZwH4hLelTU8NxtDDltrMtpWUHHid1Hgf21&_nc_zt=14&_nc_ht=scontent.fjai6-1.fna&_nc_gid=g0XuUiBr-24GS83P4lp9wQ&_nc_ss=7b289&oh=00_Af8PDqpHU-Ij99aIo5SttmAf-vSFS2Wwa1fG9BPxjE--Fg&oe=6A38636A,
818196404502022,https://www.facebook.com/AssetzProperty/,fb.me,https://www.facebook.com/AssetzProperty/,,,,enquiries@assetzproperty.com,+91 85489 77977,,,,594141837348790,http://fb.me/,Assetz Property Group,https://www.facebook.com/ads/library/?id=818196404502022,"Assetz 18 & Oak Luxury Golf Villa Plots located off Sarjapur-Attibelle Road, ₹2.62 Cr* Onwards

✅ 242 Luxury Villas
✅ 27 min drive from HSR Layout
✅ Clubhouse and Golf course with an amazing view 
✅ Township with 90% open space spread over 177 acres",39862,See details,fb.me,"FACEBOOK; INSTAGRAM",2026-06-01,2026-06-17,,Original: https://scontent.fjai6-1.fna.fbcdn.net/v/t39.35426-6/712471720_999282002750294_5794049075175068726_n.jpg?_nc_cat=108&ccb=1-7&_nc_sid=c53f8f&_nc_ohc=N0GQJJFkfCgQ7kNvwEh2jp2&_nc_oc=Adqtmk5a_QKjdIssBjbBZSmQTMWGNe1M-kOEJwQgvtPAdsv3UOora5Nb9Rbf_Uf0ACaKl4dgIWbL0fttpnumAgm8&_nc_zt=14&_nc_ht=scontent.fjai6-1.fna&_nc_gid=g0XuUiBr-24GS83P4lp9wQ&_nc_ss=7b289&oh=00_Af9YDDW-ssE0Jl4wZw3Ut50_9mAGRRnpVg5i3t62aj0xlg&oe=6A38436D | Resized: https://scontent.fjai6-1.fna.fbcdn.net/v/t39.35426-6/711602038_1796408041726017_3894453648271850258_n.jpg?stp=dst-jpg_s600x600_tt6&_nc_cat=106&ccb=1-7&_nc_sid=c53f8f&_nc_ohc=WkJ5rviDZO4Q7kNvwG1Jl_B&_nc_oc=AdpzlI6g3M8mSzdWjj_Tu0LM_r5UpXMC2pf9-bZTMwbdT3zONSEe5hBG5WROo257yL6OUXOvg4UrJEd0mCGKma0D&_nc_zt=14&_nc_ht=scontent.fjai6-1.fna&_nc_gid=g0XuUiBr-24GS83P4lp9wQ&_nc_ss=7b289&oh=00_Af_AGPEZuPv6LnH3I7XkrOBUArB8qxxCD7My9cm0iOF85A&oe=6A385DCA,,,,,,
1033302959134586,https://www.facebook.com/NikooHomesIndia/,nikoo8.nikoohomes.com,https://www.facebook.com/NikooHomesIndia/,,,,reji20philip@gmail.com,"+919008177888, 074111 00944",,,,1581183028845083,https://nikoo8.nikoohomes.com/?utm_source=facebook&utm_medium=Portal_Primary&utm_campaign=Portal_SPM&utm_content=image_nikoonewlunch_v1,Nikoo Homes,https://www.facebook.com/ads/library/?id=1033302959134586,"NEW LAUNCH IN THANISANDRA! 🚨
Wake up to gardens, open spaces, and a vibrant community at Nikoo 8.
✅ 1 Bed from ₹88L*
✅ 2 Bed from ₹1.33Cr*
✅ 3 Bed from ₹1.94Cr*
✅ Studios, Lofts & Luxury Villas Available
🌳 Expansive landscaped greens
🏊 Resort-style amenities
📍 Prime Thanisandra Location
Limited inventory available. Enquire now for launch benefits.
👉 Book a Site Visit Today",9068,Book now,nikoo8.nikoohomes.com,"FACEBOOK; INSTAGRAM",2026-06-11,2026-06-16,HD: https://video.fjai6-1.fna.fbcdn.net/o1/v/t2/f2/m366/AQOv024shTi1L8wEEXZs8ssapsrBIwkwAJ_6GLDCy_xABehfSH0zwwat1UhO87VnmcqRLB6AyeO2yYvcUfp8WlPW7erPwaQJimgVGuI6Y4WHlA.mp4?_nc_cat=110&_nc_oc=Adr75eWknaNgvSzjq-Hly78JgKAOdZejqqS8AUqOycWf79RaQ_GXJlSSvQbY3AVaDST8-diQi5Rqvlt4p-VzhETt&_nc_sid=b66105&_nc_ht=video.fjai6-1.fna.fbcdn.net&_nc_ohc=QmUdkG7Rof4Q7kNvwHv0A4K&efg=eyJ2ZW5jb2RlX3RhZyI6Inhwdl9wcm9ncmVzc2l2ZS5WSV9VU0VDQVNFX1BST0RVQ1RfVFlQRS4uQzMuNzIwLmRhc2hfaDI2NC1iYXNpYy1nZW4yXzcyMHAiLCJ4cHZfYXNzZXRfaWQiOjI3MjEyMTE1NDE1NzQxNDUsImFzc2V0X2FnZV9kYXlzIjozNCwidmlfdXNlY2FzZV9pZCI6MTA3OTksImR1cmF0aW9uX3MiOjEzLCJ1cmxnZW5fc291cmNlIjoid3d3In0%3D&ccb=17-1&vs=7bcaceaaa5700412&_nc_vs=HBksFQIYRWZiX2VwaGVtZXJhbC8yMzQ1Q0NFQTZDQjg4ODM1OTE1Mjg3NUM3NEY0RENCRV9tdF8xX3ZpZGVvX2Rhc2hpbml0Lm1wNBUAAsgBEgAVAhhAZmJfcGVybWFuZW50LzBGNDNCQThBMTRDNDM4MDU3QzE5Mzk3ODAzNjkxOTlBX2F1ZGlvX2Rhc2hpbml0Lm1wNBUCAsgBEgAoABgAGwKIB3VzZV9vaWwBMRJwcm9ncmVzc2l2ZV9yZWNpcGUBMRUAACaCyNr0rbvVCRUCKAJDMywXQCtU_fO2RaIYGWRhc2hfaDI2NC1iYXNpYy1nZW4yXzcyMHARAHUAZd6oAQA&_nc_gid=g0XuUiBr-24GS83P4lp9wQ&_nc_ss=7b289&_nc_zt=28&oh=00_Af-4Nn1tkXwFd0ndSLIv1Be_qz-L_qKrFPYUmM9FxiC2vw&oe=6A383E2E | SD: https://video.fjai6-1.fna.fbcdn.net/o1/v/t2/f2/m412/AQMhgMsG63Y2mhmmOoGSB5o4RkCXjCinx4sVpFVOsFvNj4hJNGs8HIRLqqrHy4JiMY8l8dAtMPsd5bqtV0QvNJBSWXuHsSFgHa-B85l8PQ.mp4?_nc_cat=107&_nc_oc=AdqgZZqnWq6fxGc6cBefDf9QPfEt2ygNtVp216kWSWhNlL4b187gLbc6gYyJ33oCUyb__8FOP2DVFx6pMolTsLGU&_nc_sid=ef5aa3&_nc_ht=video.fjai6-1.fna.fbcdn.net&_nc_ohc=BJxAaRX_-KoQ7kNvwFGvBxw&efg=eyJ2ZW5jb2RlX3RhZyI6Inhwdl9wcm9ncmVzc2l2ZS5WSV9VU0VDQVNFX1BST0RVQ1RfVFlQRS4uQzMuMzYwLnN2ZV9zZCIsInhwdl9hc3NldF9pZCI6MjcyMTIxMTU0MTU3NDE0NSwiYXNzZXRfYWdlX2RheXMiOjM0LCJ2aV91c2VjYXNlX2lkIjoxMDc5OSwiZHVyYXRpb25fcyI6MTMsInVybGdlbl9zb3VyY2UiOiJ3d3cifQ%3D%3D&ccb=17-1&_nc_gid=g0XuUiBr-24GS83P4lp9wQ&_nc_ss=7b289&_nc_zt=28&oh=00_Af9X3CecbzXF0QoRmlXSzlqYoZH1ZRV9X1LGDWcd7r_B9w&oe=6A385A77 | Preview: https://scontent.fjai6-1.fna.fbcdn.net/v/t39.35426-6/721297683_872362798627740_7800032035559713190_n.jpg?_nc_cat=108&ccb=1-7&_nc_sid=c53f8f&_nc_ohc=JB_V1MvIZxAQ7kNvwGWRQ8Q&_nc_oc=AdpWoe1WKbUY2AmhnvbTv8erNVu18stVUmrgTcWLyyCzAlzEz6krF8gCc39LbioG8sE6C6VyVUz_hPsPmthvbdFU&_nc_zt=14&_nc_ht=scontent.fjai6-1.fna&_nc_gid=g0XuUiBr-24GS83P4lp9wQ&_nc_ss=7b289&oh=00_Af-bG3Fm8AE7MtTT01uwWKzvHXL90NIefIctk4NAyDpc7w&oe=6A384604,,,,,,,
824435290290762,https://www.facebook.com/AymarEstates/,fb.me,https://www.facebook.com/AymarEstates/,,,,aymarrealestate@gmail.com,+91 78248 98984,,,,628168887036680,http://fb.me/,AYMAR Estates ,https://www.facebook.com/ads/library/?id=824435290290762,"Introducing Vantage Sukra - an exclusive collection of fully customizable 4 BHK luxury villas in the prestigious neighbourhood of Palavakkam, ECR. Thoughtfully designed for elevated modern living, each residence features expansive interiors, a private plunge pool, individual elevator, and refined contemporary architecture.

Starting from ₹7.5 Cr*
Limited signature villas now open for private consultation.",117,See details,fb.me,"FACEBOOK; INSTAGRAM; AUDIENCE_NETWORK",2026-05-07,2026-06-16,,Original: https://scontent.fjai6-1.fna.fbcdn.net/v/t39.35426-6/689751108_1222929863138166_2866263800457489189_n.jpg?_nc_cat=110&ccb=1-7&_nc_sid=c53f8f&_nc_ohc=CB5vsEYPengQ7kNvwFJPG5_&_nc_oc=AdrWGPbK3aJfM_747WBmxi1o5XmAoZkIvA2Kj0t6JDqsHayNCkru_hsU8AwzJZkopsYXerhGGDOlVP1GJ1hCPaZr&_nc_zt=14&_nc_ht=scontent.fjai6-1.fna&_nc_gid=LXu3WnVoH2XX-oYHzNlRwQ&_nc_ss=7b289&oh=00_Af_NYG0Zwjb3RT05Jf1O3MXzhqUTqOlV5GtKtm3y8lPR_g&oe=6A382EBA | Resized: https://scontent.fjai6-1.fna.fbcdn.net/v/t39.35426-6/688561619_1018184663964932_3087572438449990601_n.jpg?stp=dst-jpg_s600x600_tt6&_nc_cat=105&ccb=1-7&_nc_sid=c53f8f&_nc_ohc=opToT5GYS1gQ7kNvwESzZCl&_nc_oc=AdpKbO8Ic4wH6TP-KsvTYwaJjeOR1QGaC6DaJPTdl0LIzmjYSMKg3sAKbk_A6O6RFdA0arXZrWDGDDxWVKdyFFbU&_nc_zt=14&_nc_ht=scontent.fjai6-1.fna&_nc_gid=LXu3WnVoH2XX-oYHzNlRwQ&_nc_ss=7b289&oh=00_Af_YLNRcVqgm7qXY6_sno3DBLB8pNbx8F80_HD3iPT63vw&oe=6A3844FF,,,,,,
1312861844374284,https://www.facebook.com/villasbyeden/,,https://www.facebook.com/villasbyeden/,,,,aviratt@winterhill.in,+91 97171 73819,,,,613335865203528,,Eden - Luxury Villas,https://www.facebook.com/ads/library/?id=1312861844374284,"🏔️ Experience ultra-luxury hilltop living in Ramgarh, Nainital with breathtaking Himalayan views and fully furnished 4 BHK villas.
📞 Call Now: +91-97171 73819",149,,,"FACEBOOK; INSTAGRAM; AUDIENCE_NETWORK; WHATSAPP; THREADS",2026-06-07,2026-06-16,HD: https://video.fjai6-1.fna.fbcdn.net/o1/v/t2/f2/m366/AQN83z8Tz-4yYd-N7rtBFlUuYvPFux7sAsvEPtGRztUfx3rPgdvY2U0RgjWFmsbBdhIBqM-i9AMxyU04E92F8iBKe8j6UttFcjnJMWJ77kZQtA.mp4?_nc_cat=105&_nc_oc=AdrXkgJViYsYTkqZBjjE1wWqbGe15-O2cV3GdAQidaQuzEkVECmW_qkaq-ZygBehEhvSoYOsjd06RcMNVTgif3c4&_nc_sid=b66105&_nc_ht=video.fjai6-1.fna.fbcdn.net&_nc_ohc=n3amdQyKsIsQ7kNvwFzI243&efg=eyJ2ZW5jb2RlX3RhZyI6Inhwdl9wcm9ncmVzc2l2ZS5WSV9VU0VDQVNFX1BST0RVQ1RfVFlQRS4uQzMuMTI4MC5kYXNoX2gyNjQtYmFzaWMtZ2VuMl83MjBwIiwieHB2X2Fzc2V0X2lkIjo4Mzg4MzIyNzU2MTMzMzcsImFzc2V0X2FnZV9kYXlzIjo5LCJ2aV91c2VjYXNlX2lkIjoxMDc5OSwiZHVyYXRpb25fcyI6MzcsInVybGdlbl9zb3VyY2UiOiJ3d3cifQ%3D%3D&ccb=17-1&vs=e459093454c8ec0&_nc_vs=HBksFQIYRWZiX2VwaGVtZXJhbC80NjQ5OUE3RDk5NDFBMDI1QzIxOTYyQjY0RTYyRUI5Ml9tdF8xX3ZpZGVvX2Rhc2hpbml0Lm1wNBUAAsgBEgAVAhhAZmJfcGVybWFuZW50L0JDNDc4QkZBRDY3QjY4NzQ1RDlBRDUyOUYxMjQ1NDk3X2F1ZGlvX2Rhc2hpbml0Lm1wNBUCAsgBEgAoABgAGwKIB3VzZV9vaWwBMRJwcm9ncmVzc2l2ZV9yZWNpcGUBMRUAACaymoO9u7r9AhUCKAJDMywXQEKzMzMzMzMYGWRhc2hfaDI2NC1iYXNpYy1nZW4yXzcyMHARAHUAZd6oAQA&_nc_gid=LXu3WnVoH2XX-oYHzNlRwQ&_nc_ss=7b289&_nc_zt=28&oh=00_Af-d_k6uHHoEv1J0E8bkNBeUeKtBbxlP1eQ1l1297G5QOw&oe=6A383CA3 | SD: https://video.fjai6-1.fna.fbcdn.net/o1/v/t2/f2/m412/AQPBmwNcFmVXa8inwyOsDBUKNQTddjSuIJgxGmsREsZKDRQqW8-HnyxwP1Ch9RtypTqwJSDGXWraqcVqQYlhNAuUqxFxph5atw-FlrWivQ.mp4?_nc_cat=111&_nc_oc=Adriw2Z-RewnsrOKkOcx5MeBrABfK-1RMqVpwpV2JSlz-4yfjtEeSajg1hJut5l6mhZwm2v1WgBCXwxGW0osnMbK&_nc_sid=ef5aa3&_nc_ht=video.fjai6-1.fna.fbcdn.net&_nc_ohc=Uq-VxRQOP58Q7kNvwEUEP-d&efg=eyJ2ZW5jb2RlX3RhZyI6Inhwdl9wcm9ncmVzc2l2ZS5WSV9VU0VDQVNFX1BST0RVQ1RfVFlQRS4uQzMuNjQwLnN2ZV9zZCIsInhwdl9hc3NldF9pZCI6ODM4ODMyMjc1NjEzMzM3LCJhc3NldF9hZ2VfZGF5cyI6OSwidmlfdXNlY2FzZV9pZCI6MTA3OTksImR1cmF0aW9uX3MiOjM3LCJ1cmxnZW5fc291cmNlIjoid3d3In0%3D&ccb=17-1&_nc_gid=LXu3WnVoH2XX-oYHzNlRwQ&_nc_ss=7b289&_nc_zt=28&oh=00_Af_3Llz78_Aasao1Yo-gnpH_YJ72jc3vv1oQwPWaS8nGCg&oe=6A3857F3 | Preview: https://scontent.fjai6-1.fna.fbcdn.net/v/t39.35426-6/718538994_4434813536783349_215317131704887261_n.jpg?_nc_cat=101&ccb=1-7&_nc_sid=c53f8f&_nc_ohc=1D_4PHHHurwQ7kNvwEaCTC4&_nc_oc=Adop_jqi-OB4I2-d_m9Fcof6DIjnx81zepVhcEuo29u8ntZW_GyBntCUVsZSlp0WKp7He_ltS3gRgiDI0uDo1pXm&_nc_zt=14&_nc_ht=scontent.fjai6-1.fna&_nc_gid=LXu3WnVoH2XX-oYHzNlRwQ&_nc_ss=7b289&oh=00_Af8CO_2u5uh7VveQ1WQS2vjf8SxG3Mo3LqlK6UI7MNIsag&oe=6A385F55,,,,,,,
2085270492293912,https://www.facebook.com/hallmarkfloresta/,fb.me,https://www.facebook.com/hallmarkfloresta/,,,,kishore.s@hallmarkbuilders.in,+91 88866 78859,,,,736386149560566,http://fb.me/,Hallmark Floresta,https://www.facebook.com/ads/library/?id=2085270492293912,"Hallmark Floresta isn’t just another villa project — it’s the only luxury community near Patancheru with a forever-green backdrop of 3,000+ acres of ICRISAT fields. Just minutes from ORR and Hyderabad’s Financial District, yet miles away from the chaos, this is where luxury meets clean air and uninterrupted views for life.",35,Get quote,fb.me,"FACEBOOK; INSTAGRAM",2026-01-26,2026-06-16,,,"Hallmark Floresta isn’t just another villa project — it’s the only luxury community near Patancheru with a forever-green backdrop of 3,000+ acres of ICRISAT fields. Just minutes from ORR and Hyderabad’s Financial District, yet miles away from the chaos, this is where luxury meets clean air and uninterrupted views for life. || Hallmark Floresta isn’t just another villa project — it’s the only luxury community near Patancheru with a forever-green backdrop of 3,000+ acres of ICRISAT fields. Just minutes from ORR and Hyderabad’s Financial District, yet miles away from the chaos, this is where luxury meets clean air and uninterrupted views for life. || Hallmark Floresta isn’t just another villa project — it’s the only luxury community near Patancheru with a forever-green backdrop of 3,000+ acres of ICRISAT fields. Just minutes from ORR and Hyderabad’s Financial District, yet miles away from the chaos, this is where luxury meets clean air and uninterrupted views for life.",http://fb.me/ || http://fb.me/ || http://fb.me/,,Get Quote || Get Quote || Get Quote,Original: https://scontent.fjai6-1.fna.fbcdn.net/v/t39.35426-6/619973887_889983293964534_7472141718426629448_n.jpg?_nc_cat=106&ccb=1-7&_nc_sid=c53f8f&_nc_ohc=XHUR5vkA02UQ7kNvwHLGeg-&_nc_oc=AdoZMaO_qbWCBH_mg1ENBzEhAeIV-ac7NCpcIcINcPBUajeKOUwiJJGvVc365KiU2RAIzN3EE2gA_sbrQSjHurBM&_nc_zt=14&_nc_ht=scontent.fjai6-1.fna&_nc_gid=LXu3WnVoH2XX-oYHzNlRwQ&_nc_ss=7b289&oh=00_Af8gppHK14Nn6xhhjerYBkMbXCq0zVdOyks37vTnz5ky-A&oe=6A385997 | Resized: https://scontent.fjai6-1.fna.fbcdn.net/v/t39.35426-6/621445652_2877165169158411_5308592726402854795_n.jpg?stp=dst-jpg_s600x600_tt6&_nc_cat=108&ccb=1-7&_nc_sid=c53f8f&_nc_ohc=I8-gDQbFjwYQ7kNvwHftUiF&_nc_oc=AdodcaR5yuDP1ww3AEcYvcnEmGfDePAGcZsrZgmoXrTUiuBI7AWvJvclbKc3xmgBjVFXp_bc73GGvbpZEWcFB267&_nc_zt=14&_nc_ht=scontent.fjai6-1.fna&_nc_gid=LXu3WnVoH2XX-oYHzNlRwQ&_nc_ss=7b289&oh=00_Af-stbvT3YsBizW3eUhZRBuw5tEMtkSGu9cbjKW4PrHNdw&oe=6A3857E9 || Original: https://scontent.fjai6-1.fna.fbcdn.net/v/t39.35426-6/618369310_1248069750617178_873147503152361779_n.jpg?_nc_cat=106&ccb=1-7&_nc_sid=c53f8f&_nc_ohc=v6fZcbYpyEwQ7kNvwEogXGj&_nc_oc=AdqDdXmOO2Rv2W5KGLcmL665aUB9urakst6uZlB1WvR4shh8GccSdYlkUWG8zciMpJwbQO0k5EBhMDR8MI-2rFkD&_nc_zt=14&_nc_ht=scontent.fjai6-1.fna&_nc_gid=LXu3WnVoH2XX-oYHzNlRwQ&_nc_ss=7b289&oh=00_Af8jUHRSnlPXUoMH-DJ0cIixBEOX9QdM8gsQjbmD9BiT4Q&oe=6A3842B5 | Resized: https://scontent.fjai6-1.fna.fbcdn.net/v/t39.35426-6/622671123_1924290574837464_5852245628589953884_n.jpg?stp=dst-jpg_s600x600_tt6&_nc_cat=101&ccb=1-7&_nc_sid=c53f8f&_nc_ohc=iooJNPTJrU8Q7kNvwFJnErt&_nc_oc=AdrhUEbxj2ZR6nSgYZegBtP6C_jbOmIhjJxsyRRKIBlNDrE1Xu7pw7QuAdD2adH78zH35-_xYw3iVsa0AI9tKgwg&_nc_zt=14&_nc_ht=scontent.fjai6-1.fna&_nc_gid=LXu3WnVoH2XX-oYHzNlRwQ&_nc_ss=7b289&oh=00_Af8D-mKZ0cpJPbNvlWd9ujMJZgQZmdIpcIM_c6-b6eX_Fw&oe=6A385B15 || Original: https://scontent.fjai6-1.fna.fbcdn.net/v/t39.35426-6/617960140_1550033976096681_2965902618730138783_n.jpg?_nc_cat=109&ccb=1-7&_nc_sid=c53f8f&_nc_ohc=DwKO1hz28zgQ7kNvwGh3JoU&_nc_oc=AdqfcQs_Da_Nsvu2pUla_BDcxNC2hNywWDX0xAEwWAFHXXwYDW7PRAgDehzr0eTQTeqT3K1o4ip9OokoJy6q8DcV&_nc_zt=14&_nc_ht=scontent.fjai6-1.fna&_nc_gid=LXu3WnVoH2XX-oYHzNlRwQ&_nc_ss=7b289&oh=00_Af8LLlKwHNJCN1cD3lLvF88-q5emEFVqOzxKYKZu-bgVcQ&oe=6A385CAA | Resized: https://scontent.fjai6-1.fna.fbcdn.net/v/t39.35426-6/618438655_25659509713702346_1432606090222463530_n.jpg?stp=dst-jpg_s600x600_tt6&_nc_cat=102&ccb=1-7&_nc_sid=c53f8f&_nc_ohc=Aog-lf8QT2oQ7kNvwExIsWh&_nc_oc=Adqacqtgo9e8rPRLQhEGI6KRYtaHmbo5v4LVTY9KXXlTQk4Fsy6VwH1ceDcm2_oIqs7TCNmkA_eJdcWsRJvtw1t0&_nc_zt=14&_nc_ht=scontent.fjai6-1.fna&_nc_gid=LXu3WnVoH2XX-oYHzNlRwQ&_nc_ss=7b289&oh=00_Af_CHECgJABs6ea0KbAMY3Qe0bYhpwcEIYyplfv24muc-g&oe=6A385952,
925844493596910,https://www.facebook.com/Bricknlandconstruction/,fb.me,https://www.facebook.com/Bricknlandconstruction/,,,,bricknlandconstructions@gmail.com,+91 99000 01722,,,,122353687638459,http://fb.me/,Brick N Land Constructions,https://www.facebook.com/ads/library/?id=925844493596910,"Aura Villas in Berigai offers luxury, nature, and privacy with a pool and French garden. Starting at ₹1.29 Crores.

Limited Edition Resort Villas, which brings you closer to nature and your loved ones. 

(39 kms from HSR Layout)

Earn upto 1,00,000/- Per Month*

𝗥𝗘𝗥𝗔 𝗡𝗼: 𝗧𝗡/𝟯𝟬/𝗟𝗔𝗬𝗢𝗨𝗧/𝟰𝟬𝟱𝟯/𝟮𝟬𝟮𝟯",128,Get quote,fb.me,"FACEBOOK; INSTAGRAM; AUDIENCE_NETWORK",2026-04-05,2026-06-16,HD: https://video.fjai6-1.fna.fbcdn.net/o1/v/t2/f2/m366/AQMxTv1KW_baQQiSobY0AiyLWbjrgpAozZZKjGDKSNVWbOEFfCncQhnQt_bzWeYykasVzV51Nf2SWP8nJOa5Kl19GCe09wyJHNk-5iM_ey32IQ.mp4?_nc_cat=107&_nc_oc=Adr1-Z3ND8wI7jLAdMmXb4hzBfCsnS-Dyg_CdE-7mEdm7iLoBiuXeDftEG_sdA2YARjA-3bd8G4GTznmOlavaGs1&_nc_sid=b66105&_nc_ht=video.fjai6-1.fna.fbcdn.net&_nc_ohc=oi5eJr-Z-P8Q7kNvwGZeS33&efg=eyJ2ZW5jb2RlX3RhZyI6Inhwdl9wcm9ncmVzc2l2ZS5WSV9VU0VDQVNFX1BST0RVQ1RfVFlQRS4uQzMuNzIwLmRhc2hfaDI2NC1iYXNpYy1nZW4yXzcyMHAiLCJ4cHZfYXNzZXRfaWQiOjE1MzIzNzQ1MjUxNTkzNDMsImFzc2V0X2FnZV9kYXlzIjo3MiwidmlfdXNlY2FzZV9pZCI6MTA3OTksImR1cmF0aW9uX3MiOjQwLCJ1cmxnZW5fc291cmNlIjoid3d3In0%3D&ccb=17-1&vs=f29d162802c433ba&_nc_vs=HBksFQIYRWZiX2VwaGVtZXJhbC9DNTQ2QTMzQzlEQUI0NTM1RjhDOTJBM0FEQjQwNkE5M19tdF8xX3ZpZGVvX2Rhc2hpbml0Lm1wNBUAAsgBEgAVAhhAZmJfcGVybWFuZW50L0IzNEYyOTI4MjNCMjY1RDMwNjU5MzFBMDM3NzIxMEI3X2F1ZGlvX2Rhc2hpbml0Lm1wNBUCAsgBEgAoABgAGwKIB3VzZV9vaWwBMRJwcm9ncmVzc2l2ZV9yZWNpcGUBMRUAACbenuHz9-u4BRUCKAJDMywXQEQKPXCj1woYGWRhc2hfaDI2NC1iYXNpYy1nZW4yXzcyMHARAHUAZd6oAQA&_nc_gid=LXu3WnVoH2XX-oYHzNlRwQ&_nc_ss=7b289&_nc_zt=28&oh=00_Af_nlJkqLyun1C-pDORP3koZI86o8VKmzm2tD7cbfOyB8w&oe=6A386265 | SD: https://video.fjai6-1.fna.fbcdn.net/o1/v/t2/f2/m412/AQPnPHVKMBd-QnbOk3-6MHJ7Sb1biFRpQ7gRw8CNQ3QlUHz3dwr5zF0ZA9-qBp_2tAkYJWgyBfuIm0nswrb4QcPxDGD7BTUlcYLyO9iu8A.mp4?_nc_cat=111&_nc_oc=Adr_JPzOLWX_aseBX9MaJQZ52gkvTDmTuGkr07w0hwgqImuJBpTVSM6BuZkb6gxNwcD9BFOwUELcaeMfXmTh79ud&_nc_sid=ef5aa3&_nc_ht=video.fjai6-1.fna.fbcdn.net&_nc_ohc=DxGU_4Gq-rwQ7kNvwG8FvBb&efg=eyJ2ZW5jb2RlX3RhZyI6Inhwdl9wcm9ncmVzc2l2ZS5WSV9VU0VDQVNFX1BST0RVQ1RfVFlQRS4uQzMuMzYwLnN2ZV9zZCIsInhwdl9hc3NldF9pZCI6MTUzMjM3NDUyNTE1OTM0MywiYXNzZXRfYWdlX2RheXMiOjcyLCJ2aV91c2VjYXNlX2lkIjoxMDc5OSwiZHVyYXRpb25fcyI6NDAsInVybGdlbl9zb3VyY2UiOiJ3d3cifQ%3D%3D&ccb=17-1&_nc_gid=LXu3WnVoH2XX-oYHzNlRwQ&_nc_ss=7b289&_nc_zt=28&oh=00_Af8gklRQiW0jvl60VMHxKQLVRhRuKWe2HwqH8cXpOvNCJg&oe=6A3839C3 | Preview: https://scontent.fjai6-1.fna.fbcdn.net/v/t39.35426-6/667757106_1645153983398760_1798799903044091662_n.jpg?_nc_cat=110&ccb=1-7&_nc_sid=c53f8f&_nc_ohc=iXOwCUlrXGoQ7kNvwEtgIP7&_nc_oc=Adq3LvQuXd1jNug5NHkPMeBJiWlct-tw3vKC0J8uME_9y3lGvsjIxb8kLFL973nawbtPajEqoaRLr4L6FEct8ort&_nc_zt=14&_nc_ht=scontent.fjai6-1.fna&_nc_gid=LXu3WnVoH2XX-oYHzNlRwQ&_nc_ss=7b289&oh=00_Af9Mox-vX4immGBSEF6i-d4I5c14E8rrtGFHg-rcdxBGXQ&oe=6A385B2E,,,,,,,
27048290141476983,https://www.facebook.com/61574209746561/,fb.me,https://www.facebook.com/61574209746561/,,,,,+91 99944 22222,,,,527228020483465,http://fb.me/,Best Apartments in Madurai,https://www.facebook.com/ads/library/?id=27048290141476983,💥 2 BHK from ₹91L* | 3 BHK from ₹96L* onwards 💥,1875,Get quote,fb.me,"FACEBOOK; INSTAGRAM; AUDIENCE_NETWORK",2026-05-18,2026-06-17,HD: https://video.fjai6-1.fna.fbcdn.net/o1/v/t2/f2/m366/AQMAuHHtsHDMIvd7i9qVcKumwxlJ712y54KoKNadvz8oYY8Rz-dIsEvmYe6TRyyZkjL_tqLCgiPfwB_RtEIx7ew48LvVfvEUR_gT29NPQ1B2FQ.mp4?_nc_cat=106&_nc_oc=AdqkxRscQLshJHLQRy48ob18qcO5OAN6t64ltfnFmyytx9eQUUwTGi9NBQjbKyalaYhIab0_J_9O_v7ya8UJgzi1&_nc_sid=b66105&_nc_ht=video.fjai6-1.fna.fbcdn.net&_nc_ohc=askdCfxjnxcQ7kNvwHitkG5&efg=eyJ2ZW5jb2RlX3RhZyI6Inhwdl9wcm9ncmVzc2l2ZS5WSV9VU0VDQVNFX1BST0RVQ1RfVFlQRS4uQzMuNzIwLmRhc2hfaDI2NC1iYXNpYy1nZW4yXzcyMHAiLCJ4cHZfYXNzZXRfaWQiOjE3Mjg4NDEwMTE4MTM3NTQsImFzc2V0X2FnZV9kYXlzIjozMCwidmlfdXNlY2FzZV9pZCI6MTA3OTksImR1cmF0aW9uX3MiOjIxLCJ1cmxnZW5fc291cmNlIjoid3d3In0%3D&ccb=17-1&vs=4e25b74556c7efe&_nc_vs=HBksFQIYRWZiX2VwaGVtZXJhbC83ODRCQTFBRERFQkE2QkM0QTFCNkMzMjQyMUE4OUE5MF9tdF8xX3ZpZGVvX2Rhc2hpbml0Lm1wNBUAAsgBEgAVAhhAZmJfcGVybWFuZW50LzBCNDVFQjVBMzAwRkU5OEQ1QUQ1MTk5REZBRDhEQUJFX2F1ZGlvX2Rhc2hpbml0Lm1wNBUCAsgBEgAoABgAGwKIB3VzZV9vaWwBMRJwcm9ncmVzc2l2ZV9yZWNpcGUBMRUAACb09Y6m5ZeSBhUCKAJDMywXQDXMzMzMzM0YGWRhc2hfaDI2NC1iYXNpYy1nZW4yXzcyMHARAHUAZd6oAQA&_nc_gid=vnuCEa2WVwx-zxY0-CDFfQ&_nc_ss=7b289&_nc_zt=28&oh=00_Af-37O4WUmK9PAYSyfEuTjOV1M_t8gouI3XsmUs5bUXzaw&oe=6A38308A | SD: https://video.fjai6-1.fna.fbcdn.net/o1/v/t2/f2/m412/AQPTsFZ4OmrW-LMqrbUw3zDfGCHgJyEDr-fTk1CCGw65q5K8fmwx1ZYNZ2p4_o9VkRDseUgXZfMSsZOGSsFml7t8uce8igDj6KUAQCfp-g.mp4?_nc_cat=110&_nc_oc=AdoxGx4-OdvrOeZqZIio9UG3UoKcs0tqtvFtOM-gQ2Gj2Eq5ImcJ5vD8631jKA6EFSB80lwXLKAwKrYMdAM9DQX5&_nc_sid=ef5aa3&_nc_ht=video.fjai6-1.fna.fbcdn.net&_nc_ohc=9CAkERrsYzUQ7kNvwHmKsZe&efg=eyJ2ZW5jb2RlX3RhZyI6Inhwdl9wcm9ncmVzc2l2ZS5WSV9VU0VDQVNFX1BST0RVQ1RfVFlQRS4uQzMuMzYwLnN2ZV9zZCIsInhwdl9hc3NldF9pZCI6MTcyODg0MTAxMTgxMzc1NCwiYXNzZXRfYWdlX2RheXMiOjMwLCJ2aV91c2VjYXNlX2lkIjoxMDc5OSwiZHVyYXRpb25fcyI6MjEsInVybGdlbl9zb3VyY2UiOiJ3d3cifQ%3D%3D&ccb=17-1&_nc_gid=vnuCEa2WVwx-zxY0-CDFfQ&_nc_ss=7b289&_nc_zt=28&oh=00_Af_4MrjnNy6a615WFXcH1P_qy8U6PvPN_ooq9L5uTunmKA&oe=6A385558 | Preview: https://scontent.fjai6-1.fna.fbcdn.net/v/t39.35426-6/702571266_1659715981917497_7987173742779143812_n.jpg?_nc_cat=109&ccb=1-7&_nc_sid=c53f8f&_nc_ohc=t8bG-o9Nmk8Q7kNvwEvprtn&_nc_oc=AdqSZftl_qjWNAWpXUWwCTfFFYiq84RxW63d55XLPng-fHVTbh6MyopFcVXLywKzFU8Ar3E0xREjQUsMZlz9-3nb&_nc_zt=14&_nc_ht=scontent.fjai6-1.fna&_nc_gid=vnuCEa2WVwx-zxY0-CDFfQ&_nc_ss=7b289&oh=00_Af9oGSCXE0TmFhobIXcjopyxf8NCve8j-12TisqZk7xhyQ&oe=6A38483D,,,,,,,
1976940579697940,https://www.facebook.com/Rivanaa.goa/,api.whatsapp.com,https://www.facebook.com/Rivanaa.goa/,,,,,+91 98209 56888,,,,218444008017341,https://api.whatsapp.com/send,Rivanaa,https://www.facebook.com/ads/library/?id=1976940579697940,"Kai Villas by Rivanaa
3 BHK luxury villas in Porvorim, North Goa
On the banks of Mandovi River
Starting at ₹4.50 Cr*
📞 9614 958 958",553,Send WhatsApp message,api.whatsapp.com,"FACEBOOK; INSTAGRAM; AUDIENCE_NETWORK; MESSENGER; WHATSAPP",2026-04-04,2026-06-17,HD: https://video.fjai6-1.fna.fbcdn.net/o1/v/t2/f2/m366/AQMdBfCiT7VyLJAkk-_V23gR2Okn0sQUnR3DmIuQiRg3ygotPy7a9AJbPKMLupPjW1EOuujBsNwHCHHJHzhFreHxB758DI_xYM-Lxc8TUNLJhA.mp4?_nc_cat=108&_nc_oc=AdoO9J-4EVcw3sxx7ufYZ_brIUSmNwQn7sQgl8NwV_krqKgqix8yJE-guMcoMX9eeSQU6Pp2nIJXJQOer3pmeXqB&_nc_sid=b66105&_nc_ht=video.fjai6-1.fna.fbcdn.net&_nc_ohc=XJTSH6t_oZcQ7kNvwFilVw4&efg=eyJ2ZW5jb2RlX3RhZyI6Inhwdl9wcm9ncmVzc2l2ZS5WSV9VU0VDQVNFX1BST0RVQ1RfVFlQRS4uQzMuNzIwLmRhc2hfaDI2NC1iYXNpYy1nZW4yXzcyMHAiLCJ4cHZfYXNzZXRfaWQiOjI1NzU3MjE2NzkwNjIyNDg1LCJhc3NldF9hZ2VfZGF5cyI6NzUsInZpX3VzZWNhc2VfaWQiOjEwNzk5LCJkdXJhdGlvbl9zIjoxNCwidXJsZ2VuX3NvdXJjZSI6Ind3dyJ9&ccb=17-1&vs=53ade337a0455092&_nc_vs=HBksFQIYRWZiX2VwaGVtZXJhbC9EMTQzNERDRDgxNTY0OTkxMzQ3NkE1RDlBMzZGNTA4QV9tdF8xX3ZpZGVvX2Rhc2hpbml0Lm1wNBUAAsgBEgAVAhhAZmJfcGVybWFuZW50L0M2NDhCMTVFNTI4MjM1MzhDRUJGOTFBQjdEMkQ2QzlFX2F1ZGlvX2Rhc2hpbml0Lm1wNBUCAsgBEgAoABgAGwKIB3VzZV9vaWwBMRJwcm9ncmVzc2l2ZV9yZWNpcGUBMRUAACaqxKnTq4PBWxUCKAJDMywXQC0peNT987YYGWRhc2hfaDI2NC1iYXNpYy1nZW4yXzcyMHARAHUAZd6oAQA&_nc_gid=vnuCEa2WVwx-zxY0-CDFfQ&_nc_ss=7b289&_nc_zt=28&oh=00_Af8fEUS9TqkzrM9ALFI37I2LfKY2784dly3P5_9FPhZL4Q&oe=6A384ABC | SD: https://video.fjai6-1.fna.fbcdn.net/o1/v/t2/f2/m412/AQN1YwuE_8x8pB58slvNVXazT3Vs2WobYYVd0Ji8VAtDoq2qwQ8yGtcvyfZmkqr2_0btzRBUMes9uTFiX0YMKclwepK2rVU88zLLCZuQPw.mp4?_nc_cat=100&_nc_oc=AdqwU-uqFRIXtvmTJ2nVFsPhQXR1kkGCUs6BGGFfmJoXOgWXG7lvohKftmYW5hNlcpSseEl3j9JCSKUKZPmOtpy4&_nc_sid=ef5aa3&_nc_ht=video.fjai6-1.fna.fbcdn.net&_nc_ohc=HTglaSlVHfsQ7kNvwEiA3Ek&efg=eyJ2ZW5jb2RlX3RhZyI6Inhwdl9wcm9ncmVzc2l2ZS5WSV9VU0VDQVNFX1BST0RVQ1RfVFlQRS4uQzMuMzYwLnN2ZV9zZCIsInhwdl9hc3NldF9pZCI6MjU3NTcyMTY3OTA2MjI0ODUsImFzc2V0X2FnZV9kYXlzIjo3NSwidmlfdXNlY2FzZV9pZCI6MTA3OTksImR1cmF0aW9uX3MiOjE0LCJ1cmxnZW5fc291cmNlIjoid3d3In0%3D&ccb=17-1&_nc_gid=vnuCEa2WVwx-zxY0-CDFfQ&_nc_ss=7b289&_nc_zt=28&oh=00_Af9IgRF0TBEknZVjfZ8zQ62C3Ej6DzM3JzcAHP6jR_CIaA&oe=6A383156 | Preview: https://scontent.fjai6-1.fna.fbcdn.net/v/t39.35426-6/663093857_1261751336105339_4481637901266381349_n.jpg?_nc_cat=108&ccb=1-7&_nc_sid=c53f8f&_nc_ohc=b6KYbDV7RyUQ7kNvwEgxpsx&_nc_oc=Adq63x_69fS_on4gO8VQGtTjkL8gtYqaUzsgS8IjRUcqqnSbt3t8PuXqGpK9C67IZ9HUzXTnlkCudck5myr-D_yY&_nc_zt=14&_nc_ht=scontent.fjai6-1.fna&_nc_gid=vnuCEa2WVwx-zxY0-CDFfQ&_nc_ss=7b289&oh=00_Af82cHd8eIe_dlAMKa9a6G3L9_LIX7LFs5boEdSWM2cNfA&oe=6A38540E,,,,,,,
2049827602229695,https://www.facebook.com/Rivanaa.goa/,api.whatsapp.com,https://www.facebook.com/Rivanaa.goa/,,,,,+91 98209 56888,,,,218444008017341,https://api.whatsapp.com/send,Rivanaa,https://www.facebook.com/ads/library/?id=2049827602229695,"Kai Villas by Rivanaa
3 BHK luxury villas in Porvorim, North Goa
On the banks of Mandovi River
Starting at ₹4.50 Cr*
📞 9614 958 958",553,Send WhatsApp message,api.whatsapp.com,"FACEBOOK; INSTAGRAM; AUDIENCE_NETWORK; MESSENGER; WHATSAPP",2026-04-04,2026-06-17,HD: https://video.fjai6-1.fna.fbcdn.net/o1/v/t2/f2/m366/AQMSbkasxFrrHAWP0sN-yAPktHLXOWnLS2IJ1GbE_Od8Qlm7gbkNwsFsgTm5HkWT5ONjj8dV7dxasmGxArk4h22T7IMf-EMuKQ3FDK3WSPTDtw.mp4?_nc_cat=108&_nc_oc=AdpPURfE0AWP4xymn4T_coZjcGmISr_x_jfyiYbgHQzJf6fEW9eE4OZMmjDWYtMoPYJqWe8HRpIC4Uq_I29dKwzw&_nc_sid=b66105&_nc_ht=video.fjai6-1.fna.fbcdn.net&_nc_ohc=hXCDlUH-DWcQ7kNvwFPN5e8&efg=eyJ2ZW5jb2RlX3RhZyI6Inhwdl9wcm9ncmVzc2l2ZS5WSV9VU0VDQVNFX1BST0RVQ1RfVFlQRS4uQzMuNzIwLmRhc2hfaDI2NC1iYXNpYy1nZW4yXzcyMHAiLCJ4cHZfYXNzZXRfaWQiOjIwNzU5MTExMTI5Nzk1NDMsImFzc2V0X2FnZV9kYXlzIjo3NSwidmlfdXNlY2FzZV9pZCI6MTA3OTksImR1cmF0aW9uX3MiOjMxLCJ1cmxnZW5fc291cmNlIjoid3d3In0%3D&ccb=17-1&vs=7283cf113f7b2e1a&_nc_vs=HBksFQIYRWZiX2VwaGVtZXJhbC8zMzRERDMxNjVFOUNDOUQ3OEUyMkFENUNCMzM1M0FBQ19tdF8xX3ZpZGVvX2Rhc2hpbml0Lm1wNBUAAsgBEgAVAhhAZmJfcGVybWFuZW50L0Y5NEQyQkFBRDQ2M0MyQUMxMjBFNEZDNEVBREJERUJBX2F1ZGlvX2Rhc2hpbml0Lm1wNBUCAsgBEgAoABgAGwKIB3VzZV9vaWwBMRJwcm9ncmVzc2l2ZV9yZWNpcGUBMRUAACau0cuH94GwBxUCKAJDMywXQD9l41P3ztkYGWRhc2hfaDI2NC1iYXNpYy1nZW4yXzcyMHARAHUAZd6oAQA&_nc_gid=vnuCEa2WVwx-zxY0-CDFfQ&_nc_ss=7b289&_nc_zt=28&oh=00_Af8ew2uW2TRr7E2eQM-dEm7OMBEaBBoGE64KFTuOoTrNeg&oe=6A384158 | SD: https://video.fjai6-1.fna.fbcdn.net/o1/v/t2/f2/m412/AQMFvTmEqhMjeHXa0wFLHhm9yZLKOjVT8uYzM0StwRrRC3QDrfptpKzFg_eFmu6p4slrdi0SOZ3GHE4WYy6QhK9qK2t3wspjOvEUnVzTBg.mp4?_nc_cat=110&_nc_oc=Adoc7aS8IMFYNZYhDQplA_f6IxaJ7ow8nkTDse2jiMw057gkpofzXyyiXHn8ltMKu2-l5uU6MegUBOy8zFt8CkN3&_nc_sid=ef5aa3&_nc_ht=video.fjai6-1.fna.fbcdn.net&_nc_ohc=q_kt7QPPhq4Q7kNvwGnJ5pu&efg=eyJ2ZW5jb2RlX3RhZyI6Inhwdl9wcm9ncmVzc2l2ZS5WSV9VU0VDQVNFX1BST0RVQ1RfVFlQRS4uQzMuMzYwLnN2ZV9zZCIsInhwdl9hc3NldF9pZCI6MjA3NTkxMTExMjk3OTU0MywiYXNzZXRfYWdlX2RheXMiOjc1LCJ2aV91c2VjYXNlX2lkIjoxMDc5OSwiZHVyYXRpb25fcyI6MzEsInVybGdlbl9zb3VyY2UiOiJ3d3cifQ%3D%3D&ccb=17-1&_nc_gid=vnuCEa2WVwx-zxY0-CDFfQ&_nc_ss=7b289&_nc_zt=28&oh=00_Af9kGLW008julHurepuOPRtKAPKs0ffAtR8ri3ELlfDchw&oe=6A383618 | Preview: https://scontent.fjai6-1.fna.fbcdn.net/v/t39.35426-6/659054669_4354562038129996_8778564761155644349_n.jpg?_nc_cat=104&ccb=1-7&_nc_sid=c53f8f&_nc_ohc=VpSXzVwW2aMQ7kNvwFNpY1r&_nc_oc=Adq7ydngUN0OtDvo4wozHMzw2UzvBiBxbhkHUY4lSP-h9VNVdiqslEGF5y5YFfLbz4F3NbHPKaAhgkIspnPkQucH&_nc_zt=14&_nc_ht=scontent.fjai6-1.fna&_nc_gid=vnuCEa2WVwx-zxY0-CDFfQ&_nc_ss=7b289&oh=00_Af9D3vXfyKya2I0YygapZtp2HRBcFrinrKQGjwziROprEQ&oe=6A3859F8,,,,,,,
871957152010874,https://www.facebook.com/TrifectaProjects/,fb.me,https://www.facebook.com/TrifectaProjects/,,,,info@trifectaprojects.com,+91 87929 29469,,,,1467115363515805,http://fb.me/,Trifecta Projects,https://www.facebook.com/ads/library/?id=871957152010874,"Live the luxurious Villa life at Verde En Resplandor at Budigere Road, Whitefield, Bangalore.

✅Experience the 50,000 sq. ft. Clubhouse, Club Verdant
✅ Hurry! Enquire and book now before it's too late
✅Amphitheatre | Swimming Pool | Child-safe Play Area | Landscaped Gardens
✅ 4 BHK Row Homes & Villas.
✅ Hurry! Inquire and book now before it's too late.
✅ Amphitheater | Swimming Pool | Child-safe Play Area | Landscaped Gardens
✅ RERA Number- PRM/KA/RERA/1251/446/PR/060424/006778 | PRM/KA/RERA/1251/446/PR/230125/007422",9889,Get quote,fb.me,"FACEBOOK; INSTAGRAM; AUDIENCE_NETWORK",2026-06-11,2026-06-17,,,"Live the luxurious Villa life at Verde En Resplandor at Budigere Road, Whitefield, Bangalore.

✅Experience the 50,000 sq. ft. Clubhouse, Club Verdant
✅ Hurry! Enquire and book now before it's too late
✅Amphitheatre | Swimming Pool | Child-safe Play Area | Landscaped Gardens
✅ 4 BHK Row Homes & Villas.
✅ Hurry! Inquire and book now before it's too late.
✅ Amphitheater | Swimming Pool | Child-safe Play Area | Landscaped Gardens
✅ RERA Number- PRM/KA/RERA/1251/446/PR/060424/006778 | PRM/KA/RERA/1251/446/PR/230125/007422 || Live the luxurious Villa life at Verde En Resplandor at Budigere Road, Whitefield, Bangalore.

✅Experience the 50,000 sq. ft. Clubhouse, Club Verdant
✅ Hurry! Enquire and book now before it's too late
✅Amphitheatre | Swimming Pool | Child-safe Play Area | Landscaped Gardens
✅ 4 BHK Row Homes & Villas.
✅ Hurry! Inquire and book now before it's too late.
✅ Amphitheater | Swimming Pool | Child-safe Play Area | Landscaped Gardens
✅ RERA Number- PRM/KA/RERA/1251/446/PR/060424/006778 | PRM/KA/RERA/1251/446/PR/230125/007422",http://fb.me/ || http://fb.me/,,Get Quote || Get Quote,Original: https://scontent.fjai6-1.fna.fbcdn.net/v/t39.35426-6/584652024_1180848130040283_7716769414976197325_n.jpg?_nc_cat=108&ccb=1-7&_nc_sid=c53f8f&_nc_ohc=V80FTGSMegAQ7kNvwHLzYfw&_nc_oc=AdqsLQ9nmUwSUnSik4zYedLs-c9ViW4uKwh6CBuqZjV_Fd8NoCut3953EL-1xjvfSe-MFT0fQdTNNpTa8sJEt0Ux&_nc_zt=14&_nc_ht=scontent.fjai6-1.fna&_nc_gid=kX4WN04X5iWr4BY2arB07w&_nc_ss=7b289&oh=00_Af83FaciCtWRH9UNANdGju2_6qsMtiyd9zWaozaX88-r1A&oe=6A38659B | Resized: https://scontent.fjai6-1.fna.fbcdn.net/v/t39.35426-6/585919518_825081853748339_5315925032289867528_n.jpg?stp=dst-jpg_s600x600_tt6&_nc_cat=110&ccb=1-7&_nc_sid=c53f8f&_nc_ohc=VLV1-y_1R3wQ7kNvwGdJ1WR&_nc_oc=AdoaI0DnSyxjU5ZfFITLLsAHChcupoQnUrCHL-D5gR6R6RCMQ-AOid0nsHlNW7qXKGbGu0ssQaPsC3hlNXjGmOsV&_nc_zt=14&_nc_ht=scontent.fjai6-1.fna&_nc_gid=kX4WN04X5iWr4BY2arB07w&_nc_ss=7b289&oh=00_Af9xWvNOf8luV8xDBtAbkeO-9rheu6MCNjWXVuKaY-Xtug&oe=6A383D56 || Original: https://scontent.fjai6-1.fna.fbcdn.net/v/t39.35426-6/585884928_1192705029467590_4012666993447140438_n.jpg?_nc_cat=105&ccb=1-7&_nc_sid=c53f8f&_nc_ohc=irZB3aZcK-sQ7kNvwGyoILd&_nc_oc=AdpxSvTZkYXqRaW0cU9dI7DmYuyt1779ROQSB-8b9nrVWbkHLWRF5C7oz_fHnUkkqo5Zr_lpCPqAWRFv36Ip7y7o&_nc_zt=14&_nc_ht=scontent.fjai6-1.fna&_nc_gid=kX4WN04X5iWr4BY2arB07w&_nc_ss=7b289&oh=00_Af94wwU8f6o9Trfhsl44QEVj9zdQ6l6cReIae0wO4oi1qQ&oe=6A3832EC | Resized: https://scontent.fjai6-1.fna.fbcdn.net/v/t39.35426-6/584972849_2962606680592452_1537244326149813492_n.jpg?stp=dst-jpg_s600x600_tt6&_nc_cat=106&ccb=1-7&_nc_sid=c53f8f&_nc_ohc=rsM2WKKObcQQ7kNvwHkhbly&_nc_oc=AdqdtqaYjKQzhYOud-lQaB-L6-5aOliUHc6_PtQlAJEiGIv2VGnWXheMxgPZWrezM1rfsYbl9FFlMSwuRDhnxwrC&_nc_zt=14&_nc_ht=scontent.fjai6-1.fna&_nc_gid=kX4WN04X5iWr4BY2arB07w&_nc_ss=7b289&oh=00_Af_wsD1Jdvn0FM9YNdvUep1aucuYQelb12Gu13qzoNoY5g&oe=6A384FBD,
886528313767349,https://www.facebook.com/shambhalabhopal/,api.whatsapp.com,https://www.facebook.com/shambhalabhopal/,,,,info@shambhalastay.com,+91 86020 05756,,,,101768571418438,https://api.whatsapp.com/send,Shambhala,https://www.facebook.com/ads/library/?id=886528313767349,"Travel back in time with slow and simple living . 
Live in a luxury villas with majestic courtyards, deep verandahs, and period furniture. 
Wear your favourite flip-flops and explore bougainvillaea-lined promenades with flower-decked balconies  and lush green gardens. Discover organic living at SHAMBHALA , Bhopal .",5112,Send WhatsApp message,api.whatsapp.com,INSTAGRAM,2026-06-13,2026-06-16,,,  ||   ||   ||   ||   ||   ||   ||   ||   ||  ,https://api.whatsapp.com/send?phone=918602005756&token=eyJhbGciOiJFUzI1NiIsInR5cCI6IkpXVCIsImtpZCI6IjEyNSJ9.eyJleHAiOjE3NzQ2Mzg0MTgsInBob25lIjoiOTE4NjAyMDA1NzU2In0.WCeOtFzaL2qFXdel6503kQCe3Y3TqBLE05iZXHMyjt-NNvyNSAnHUbs_7qgMRxUEkMz2WGjp--HONjnGHS5KLg || https://api.whatsapp.com/send?phone=918602005756&token=eyJhbGciOiJFUzI1NiIsInR5cCI6IkpXVCIsImtpZCI6IjEyNSJ9.eyJleHAiOjE3NzQ2Mzg0MTgsInBob25lIjoiOTE4NjAyMDA1NzU2In0.v-8nqYsUaNIa0j9SQPpzlZ50T1geI3_B3FmgS9H0oYS2GIJULNEMMofPIawRFJ1i3asI-SnkDNPnihhGDS0qKg || https://api.whatsapp.com/send?phone=918602005756&token=eyJhbGciOiJFUzI1NiIsInR5cCI6IkpXVCIsImtpZCI6IjEyNSJ9.eyJleHAiOjE3NzQ2Mzg0MTgsInBob25lIjoiOTE4NjAyMDA1NzU2In0.wJeHUEeUu71WgvwUchxaoV0XcpUl9tN32nkYNZiPw5VcoDF3NcV1Y2Zl4vKyVDEHr2IZBoqaxoFhOMmjlCZ7sg || https://api.whatsapp.com/send?phone=918602005756&token=eyJhbGciOiJFUzI1NiIsInR5cCI6IkpXVCIsImtpZCI6IjEyNSJ9.eyJleHAiOjE3NzQ2Mzg0MTgsInBob25lIjoiOTE4NjAyMDA1NzU2In0.yAYOmP7Dn4246_NNGwqPC3b5c_mpovEuyJaMm4Th7rJy__Fz7Q7BQVC4LlgLUhJ6vG5Yg-CqA0Hpba2OkZ1mdg || https://api.whatsapp.com/send?phone=918602005756&token=eyJhbGciOiJFUzI1NiIsInR5cCI6IkpXVCIsImtpZCI6IjEyNSJ9.eyJleHAiOjE3NzQ2Mzg0MTgsInBob25lIjoiOTE4NjAyMDA1NzU2In0.X4uZmXwRvPm1YejcgMimj2A_A-JU8T20ePDazRjAnLbdjXtFlS2zbXNJ0umlCI1HPsMAa45YPh90-8bbAR3Yjg || https://api.whatsapp.com/send?phone=918602005756&token=eyJhbGciOiJFUzI1NiIsInR5cCI6IkpXVCIsImtpZCI6IjEyNSJ9.eyJleHAiOjE3NzQ2Mzg0MTgsInBob25lIjoiOTE4NjAyMDA1NzU2In0.RryM7xXKONGFSjr0wDbonGrrAS_3jOdPvmRsQWVsB_V05hVxRZaa0KVK-5cNhySLMpJuDfc6TGxxAwxEdFP54Q || https://api.whatsapp.com/send?phone=918602005756&token=eyJhbGciOiJFUzI1NiIsInR5cCI6IkpXVCIsImtpZCI6IjEyNSJ9.eyJleHAiOjE3NzQ2Mzg0MTgsInBob25lIjoiOTE4NjAyMDA1NzU2In0.YWwRiejhRMQiHak95OvAL6C3Dlqg5lku1qK_Io-7qhrME39amIsdiUUDl0Qx1-KsdijB68snuxl87lrLG2Xdvw || https://api.whatsapp.com/send?phone=918602005756&token=eyJhbGciOiJFUzI1NiIsInR5cCI6IkpXVCIsImtpZCI6IjEyNSJ9.eyJleHAiOjE3NzQ2Mzg0MTgsInBob25lIjoiOTE4NjAyMDA1NzU2In0.DBuATS00AktSfQOx_WP031l7NUGiPGQZkuXlfXMe6WsjIM5L83MLRQJISYdQoCL8f_Ja89ZBRqS3wJTpE6pLGA || https://api.whatsapp.com/send?phone=918602005756&token=eyJhbGciOiJFUzI1NiIsInR5cCI6IkpXVCIsImtpZCI6IjEyNSJ9.eyJleHAiOjE3NzQ2Mzg0MTgsInBob25lIjoiOTE4NjAyMDA1NzU2In0.jkYrR5krY72cvG7gd0Q_FJLQrB0x0MRm9OM-0pAx6TomM9afgxpcUrce_ws-l_CBxAfWcflBhtHMJeaBtsun5A || https://api.whatsapp.com/send?phone=918602005756&token=eyJhbGciOiJFUzI1NiIsInR5cCI6IkpXVCIsImtpZCI6IjEyNSJ9.eyJleHAiOjE3NzQ2Mzg0MTgsInBob25lIjoiOTE4NjAyMDA1NzU2In0.L4HditE9gQOkULr9EKr0ZyHHJ9Dya7TGFf58U7GX4iV0pjdbESMzllCl_zuOxNz0w-qqLycRorKXvPwUVTfwwg,api.whatsapp.com || api.whatsapp.com || api.whatsapp.com || api.whatsapp.com || api.whatsapp.com || api.whatsapp.com || api.whatsapp.com || api.whatsapp.com || api.whatsapp.com || api.whatsapp.com,Send WhatsApp Message || Send WhatsApp Message || Send WhatsApp Message || Send WhatsApp Message || Send WhatsApp Message || Send WhatsApp Message || Send WhatsApp Message || Send WhatsApp Message || Send WhatsApp Message || Send WhatsApp Message,Original: https://scontent.fjai6-1.fna.fbcdn.net/v/t39.35426-6/656309776_1632213607989724_377433627732108596_n.jpg?_nc_cat=105&ccb=1-7&_nc_sid=c53f8f&_nc_ohc=fHR1-vmshXMQ7kNvwEOb39o&_nc_oc=Adpdx7yMFydcf770wiF0ORLzbN_rVuPrKtUECdePKEEpYBhuVEWzjSSVTHC9L9wSbtroYRwgf8UIR2iLthudTq7q&_nc_zt=14&_nc_ht=scontent.fjai6-1.fna&_nc_gid=kX4WN04X5iWr4BY2arB07w&_nc_ss=7b289&oh=00_Af9rZphCvorraDgsd2GTVte8mX38ANwJCZJbwtmJb5u3kQ&oe=6A384C39 | Resized: https://scontent.fjai6-1.fna.fbcdn.net/v/t39.35426-6/658055350_740754325672389_7161855221051716357_n.jpg?stp=dst-jpg_s600x600_tt6&_nc_cat=100&ccb=1-7&_nc_sid=c53f8f&_nc_ohc=PBBOoOAWNQsQ7kNvwHjYsBm&_nc_oc=AdogHRVw9F0CoO4zCB8_sYTxjZUQIZCFkfvH6RJtHP5oYAw3bvxTCkXfTOGd-ZwQwzqYP9E8IXHg_BIHonCp8wmA&_nc_zt=14&_nc_ht=scontent.fjai6-1.fna&_nc_gid=kX4WN04X5iWr4BY2arB07w&_nc_ss=7b289&oh=00_Af9mUaJHF7Kn8_TpnwXGOTppgEl1z8O_LMEFw6Pomo3kUw&oe=6A3847B9 || Original: https://scontent.fjai6-1.fna.fbcdn.net/v/t39.35426-6/656004159_26219090507742075_1440772118012252267_n.jpg?_nc_cat=101&ccb=1-7&_nc_sid=c53f8f&_nc_ohc=uQwMppGvzSQQ7kNvwEf05FB&_nc_oc=Adp9bv3UJvl8V96TNFFhEdlq_75vOlO2Kc5FA9GQQy7gxmik4x0BpuYhNbmNIL3U6RShuRCRLm1pGOrTBznVpbdW&_nc_zt=14&_nc_ht=scontent.fjai6-1.fna&_nc_gid=kX4WN04X5iWr4BY2arB07w&_nc_ss=7b289&oh=00_Af9FHc2awaXvYE71VmbTJpq00keJ45B4DTbg57SonEnIuw&oe=6A383A66 | Resized: https://scontent.fjai6-1.fna.fbcdn.net/v/t39.35426-6/654863896_2329525650863485_5411268005519782418_n.jpg?stp=dst-jpg_s600x600_tt6&_nc_cat=101&ccb=1-7&_nc_sid=c53f8f&_nc_ohc=4SbAY33SjNMQ7kNvwFlp-jh&_nc_oc=AdoxqiUKKvxpegpMZUvXDnJFtGFaRXgaAO3zpPjgJtDyDZyKkclmZk4TAfkhXQtRp48An-VlvTr--ZTaikw7jfDE&_nc_zt=14&_nc_ht=scontent.fjai6-1.fna&_nc_gid=kX4WN04X5iWr4BY2arB07w&_nc_ss=7b289&oh=00_Af9j5dZ8OhxDYbcoHXeLO_pBSQSIe0WBFuy-eIMHt4E1wA&oe=6A3851AE || Original: https://scontent.fjai6-1.fna.fbcdn.net/v/t39.35426-6/656362674_959333806656732_2216317812681481054_n.jpg?_nc_cat=102&ccb=1-7&_nc_sid=c53f8f&_nc_ohc=T9MljKPn1LYQ7kNvwFZZPmC&_nc_oc=AdrSZ24n-5XBOEgMBmCQkMj2o-gRPQG4oBpwA3PpeKzyl6aW5YJ13w8dpUnHCtHxzLuZT8RafYgSQgWNKJtRKWwf&_nc_zt=14&_nc_ht=scontent.fjai6-1.fna&_nc_gid=kX4WN04X5iWr4BY2arB07w&_nc_ss=7b289&oh=00_Af-U1I3hYFNqfquq-qRMEd8LORSb--2AW67fNhtb1E2sTg&oe=6A383860 | Resized: https://scontent.fjai6-1.fna.fbcdn.net/v/t39.35426-6/654865168_2053152168876515_993788128467307510_n.jpg?stp=dst-jpg_s600x600_tt6&_nc_cat=102&ccb=1-7&_nc_sid=c53f8f&_nc_ohc=rp-AK97ocCcQ7kNvwGSRf-Q&_nc_oc=Adp4tHkmGT95lJHbUD75CrAeQqfhRyVUikBFcZhz8hb7bC0PZPDk2rJc9Ai1CLHoEsGbpyYhkotzsmklW2704JJ7&_nc_zt=14&_nc_ht=scontent.fjai6-1.fna&_nc_gid=kX4WN04X5iWr4BY2arB07w&_nc_ss=7b289&oh=00_Af8yJTOnT2zB4H0W5xb_K3Z7c56mx8GZXgVoIKfrDjXZCA&oe=6A384FAD || Original: https://scontent.fjai6-1.fna.fbcdn.net/v/t39.35426-6/657771467_944740127896344_5064050535312624260_n.jpg?_nc_cat=107&ccb=1-7&_nc_sid=c53f8f&_nc_ohc=F3nohsbiGGMQ7kNvwG2QpcN&_nc_oc=Adp22-DiBabnPgwIvz9zznl1o2e8zptb7BOQgYFBEkp9cu4IuqCNVgpCCLhtv3g6V1tZbPz0LVbSMFzgk4SJDAl1&_nc_zt=14&_nc_ht=scontent.fjai6-1.fna&_nc_gid=kX4WN04X5iWr4BY2arB07w&_nc_ss=7b289&oh=00_Af-oOhaXSTUUseWy6qZ1ggeWsrOPHcdBq3ixz4rf7dRAcg&oe=6A385D0E | Resized: https://scontent.fjai6-1.fna.fbcdn.net/v/t39.35426-6/657318878_2028794854719487_3790211784381359658_n.jpg?stp=dst-jpg_s600x600_tt6&_nc_cat=102&ccb=1-7&_nc_sid=c53f8f&_nc_ohc=yxrOM_kkbhAQ7kNvwGdgUh5&_nc_oc=AdrJ1lkfz9cDyHij39LG81yJpEHv2v7rAVixMSHuKbrMIezort2aFayaNvo4KqUzUrHAw4sAg5VD-hc_DZhwsQOW&_nc_zt=14&_nc_ht=scontent.fjai6-1.fna&_nc_gid=kX4WN04X5iWr4BY2arB07w&_nc_ss=7b289&oh=00_Af-dhxJObeCIxBm1ym7F6WxrRUjzdmxWJOgT2BlJfOwcBQ&oe=6A386070 || Original: https://scontent.fjai6-1.fna.fbcdn.net/v/t39.35426-6/656655612_960280953049973_75085333792375099_n.jpg?_nc_cat=106&ccb=1-7&_nc_sid=c53f8f&_nc_ohc=bVr35c0ubfQQ7kNvwFThmgA&_nc_oc=AdpYX4JoeVynqjImZbPuxIYbBQuekEnTY48QLRrpvCs7D0f0-f6H8I24UxlcOTVUu4Qa_TurdePv9ALUkfEdqE0l&_nc_zt=14&_nc_ht=scontent.fjai6-1.fna&_nc_gid=kX4WN04X5iWr4BY2arB07w&_nc_ss=7b289&oh=00_Af-AW_YiyywGHiWu861E-HkOc2LrmyEo41kCMrlYqmTI3g&oe=6A3835DC | Resized: https://scontent.fjai6-1.fna.fbcdn.net/v/t39.35426-6/657109373_2022934554932109_5892199827898801018_n.jpg?stp=dst-jpg_s600x600_tt6&_nc_cat=106&ccb=1-7&_nc_sid=c53f8f&_nc_ohc=5BIMvUO32XUQ7kNvwFgDLsj&_nc_oc=AdqR5eAU3MOaPmvKbmWp9cgXsup1ET-0cQrjqY1opRDCCVOx5jXMphSu4lKfqb7qV2Z8vsjXxqXP79N2VImjGt0U&_nc_zt=14&_nc_ht=scontent.fjai6-1.fna&_nc_gid=kX4WN04X5iWr4BY2arB07w&_nc_ss=7b289&oh=00_Af-Ox2SeJo1bTirOb7OOz0pj_mqMVWFEQ73T4EQM-QhoAQ&oe=6A3835D7 || Original: https://scontent.fjai6-1.fna.fbcdn.net/v/t39.35426-6/658136247_1426827098577272_2830659748884735018_n.jpg?_nc_cat=103&ccb=1-7&_nc_sid=c53f8f&_nc_ohc=DCdrfcz5A78Q7kNvwGlMrx4&_nc_oc=AdqI4T1RTEf_Q3zhzG0tL_L1Yd76rzfUSsb-MkTL1hcEoZLDBXARKVffnpYkU-xfcxiTepGm9jP3-_h5ASCVzgND&_nc_zt=14&_nc_ht=scontent.fjai6-1.fna&_nc_gid=kX4WN04X5iWr4BY2arB07w&_nc_ss=7b289&oh=00_Af8Rp1zq0WuGnEo1xH-TY_r4OQGkn_iwRSKG3Pafy3Uh4Q&oe=6A3839E0 | Resized: https://scontent.fjai6-1.fna.fbcdn.net/v/t39.35426-6/656324074_780899098113050_7854277822859790699_n.jpg?stp=dst-jpg_s600x600_tt6&_nc_cat=100&ccb=1-7&_nc_sid=c53f8f&_nc_ohc=2LB-kxhnppgQ7kNvwGmnmxu&_nc_oc=AdqqwpL3UFryBhxEVyafgiU6KjHzhU5a1QbhaJRzyo5wnNxGb23irMNr5Px8UTFih3CUImnCzhnBohHWVEuDklQF&_nc_zt=14&_nc_ht=scontent.fjai6-1.fna&_nc_gid=kX4WN04X5iWr4BY2arB07w&_nc_ss=7b289&oh=00_Af8ztH3GjJlyMgDAjBqv-Ww08_Eu5-cJGYCYeGhr_DcLJQ&oe=6A38471C || Original: https://scontent.fjai6-1.fna.fbcdn.net/v/t39.35426-6/657072129_955990066981723_4080434475577542959_n.jpg?_nc_cat=108&ccb=1-7&_nc_sid=c53f8f&_nc_ohc=PbEmSaYvUnAQ7kNvwHNejP1&_nc_oc=Adp4NmRIqy6342xiXHaXHjaURckFMWowasWpt3DQ_2Z9cr8U2emVNeIpnPZyhBF1TVjhfhr6_frnKD0BWYwd7Ghb&_nc_zt=14&_nc_ht=scontent.fjai6-1.fna&_nc_gid=kX4WN04X5iWr4BY2arB07w&_nc_ss=7b289&oh=00_Af8qbk1_V5ZLNbt-gBbTvIKn6n8sPRT1_ZQlQlBOvDARTw&oe=6A385175 | Resized: https://scontent.fjai6-1.fna.fbcdn.net/v/t39.35426-6/659589610_1572864787343643_675661072825806159_n.jpg?stp=dst-jpg_s600x600_tt6&_nc_cat=111&ccb=1-7&_nc_sid=c53f8f&_nc_ohc=FeKvaEX6K8kQ7kNvwFiZMf_&_nc_oc=Adod9Rvzma2R_DlxornaZjzKXs3SQGUxRfC5WWGp1Ffa8iUUr6IPdwGOkcMXakdHh208MkabAekiwHuDanxz4iWM&_nc_zt=14&_nc_ht=scontent.fjai6-1.fna&_nc_gid=kX4WN04X5iWr4BY2arB07w&_nc_ss=7b289&oh=00_Af8COJI9yGJKxWh4jCDbOq-BOmpQojUMwoWTBdPBdiEzMg&oe=6A383F68 || Original: https://scontent.fjai6-1.fna.fbcdn.net/v/t39.35426-6/658810310_26118012797868526_114450240096172091_n.jpg?_nc_cat=111&ccb=1-7&_nc_sid=c53f8f&_nc_ohc=guLZZhnc43QQ7kNvwFkgBkN&_nc_oc=AdrYePyJ1_TDth2HXZV5yyfYj01ZPLOmpd-zS9DYX86RKH0DOSKIYssUIGlRAsPNb24QtYPOvtLlT2ZpOOhlj0rV&_nc_zt=14&_nc_ht=scontent.fjai6-1.fna&_nc_gid=kX4WN04X5iWr4BY2arB07w&_nc_ss=7b289&oh=00_Af_j9ngvfe-UwkGmuKywi8uPy-GhpRT_Th9D8fbEvB2zXg&oe=6A385BA7 | Resized: https://scontent.fjai6-1.fna.fbcdn.net/v/t39.35426-6/656940989_25986746394287706_2436360155065907044_n.jpg?stp=dst-jpg_s600x600_tt6&_nc_cat=111&ccb=1-7&_nc_sid=c53f8f&_nc_ohc=0s83cXffW9MQ7kNvwHN_zrH&_nc_oc=AdqP-kxH8gbfU2Jy-eyyG12wuRGuFn7ICzqit3Zp2S6YYjBvjmURHTfCy58Xt-bqiK9ja3J1L5y2cyDodNixEjOU&_nc_zt=14&_nc_ht=scontent.fjai6-1.fna&_nc_gid=kX4WN04X5iWr4BY2arB07w&_nc_ss=7b289&oh=00_Af8PgPYzpAfvJBDoZnA7JPG3HOiXs9qYy8aNLZew0EeWLA&oe=6A384C0D || Original: https://scontent.fjai6-1.fna.fbcdn.net/v/t39.35426-6/658209815_1254814696844516_4630290162721717309_n.jpg?_nc_cat=105&ccb=1-7&_nc_sid=c53f8f&_nc_ohc=_1D5y3ADKI8Q7kNvwEL5IN5&_nc_oc=AdqpYQBX1UCEBeMPLnXzVrhd9r7K6qIXrCg1_zYOQFH1BIblwoVw8f1AA_LKFHjb7arMbXeqq75oFmN34Ih3qMGn&_nc_zt=14&_nc_ht=scontent.fjai6-1.fna&_nc_gid=kX4WN04X5iWr4BY2arB07w&_nc_ss=7b289&oh=00_Af-dwSLIkkSqOLfj-zUNV2jhp2gEfK55Yr90uVVtsbsGdQ&oe=6A384663 | Resized: https://scontent.fjai6-1.fna.fbcdn.net/v/t39.35426-6/657276581_2171758586981060_2957887503683482606_n.jpg?stp=dst-jpg_s600x600_tt6&_nc_cat=103&ccb=1-7&_nc_sid=c53f8f&_nc_ohc=SdkYmhHppH0Q7kNvwF-9vmH&_nc_oc=AdpI1dIz6e6bluT7EGZ3YbzmJHUmbYbOfJ2YvQ6A0OTtt-fYRNRjMAD1K53c-Xm_uEEt76nT7P99dRI3KL3hNf-S&_nc_zt=14&_nc_ht=scontent.fjai6-1.fna&_nc_gid=kX4WN04X5iWr4BY2arB07w&_nc_ss=7b289&oh=00_Af_FiJyzYYRRdu262P22h9FLr-p-XLv1rA5YNrvxRMOg9Q&oe=6A3844D8 || Original: https://scontent.fjai6-1.fna.fbcdn.net/v/t39.35426-6/657391909_877075918712037_2494957070121293898_n.jpg?_nc_cat=101&ccb=1-7&_nc_sid=c53f8f&_nc_ohc=6bdH78xSc1UQ7kNvwHWBHZL&_nc_oc=AdpTgyLPwkdzRHF9MmdfPAvHwVd-N-6w3IzMd20YpAxo2vTAtKY0BhvB1-23jHtU4kuiYzg-jgkkulWB9Uw5f96G&_nc_zt=14&_nc_ht=scontent.fjai6-1.fna&_nc_gid=kX4WN04X5iWr4BY2arB07w&_nc_ss=7b289&oh=00_Af-tF_OGGHBx-Lv96x-CACU0ZnPkOew3cWSznKBjHrrkBg&oe=6A38403C | Resized: https://scontent.fjai6-1.fna.fbcdn.net/v/t39.35426-6/656847502_964881956004938_5321966063066716569_n.jpg?stp=dst-jpg_s600x600_tt6&_nc_cat=109&ccb=1-7&_nc_sid=c53f8f&_nc_ohc=sH3-fxz8c6UQ7kNvwHRatfD&_nc_oc=Adp4oJsnm1rpbejE2s-comBTdA_h7WZY85vYaLQe2MPeHmUXG-5uel2ttAIHGa9vXX6MKGfA-6cAWL3UXvgamgkc&_nc_zt=14&_nc_ht=scontent.fjai6-1.fna&_nc_gid=kX4WN04X5iWr4BY2arB07w&_nc_ss=7b289&oh=00_Af_UXJdLzqhgxeO3mUSR49sSAHIfjeTaeIj1PGRp_YPtWA&oe=6A384CE5,
976141378341840,https://www.facebook.com/EldecoGroup/,fb.me,https://www.facebook.com/EldecoGroup/,,,,contact@eldecoproperties.com,+91 11 4065 5000,,,,147014335392248,http://fb.me/,Eldeco Group,https://www.facebook.com/ads/library/?id=976141378341840,"🏡𝐄𝐥𝐝𝐞𝐜𝐨 𝐀𝐦𝐨𝐫 – Where Charm Meets Contemporary Living
📍 Sector-33, Sonipat

✨ Luxury Villas Starting at ₹2.45 Cr* 
Experience the perfect blend of timeless architecture and modern comforts.

𝐇𝐢𝐠𝐡𝐥𝐢𝐠𝐡𝐭𝐬:
· Surrounded by landscaped greens
· Peaceful and relaxing atmosphere
· Well-ventilated rooms with ample natural light
· 24/7 security, so you can rest assured that your family and belongings are safe

𝐋𝐨𝐜𝐚𝐭𝐢𝐨𝐧 𝐀𝐝𝐯𝐚𝐧𝐭𝐚𝐠𝐞𝐬:
· Located in Sec 33 near broad national highway/bypass road
· Well-developed social infrastructure nearby
· Strategically located near planned Metro station
· Near the upcoming Special Economic Zone (SEZ)
· Township of vibrant community living just 30 minutes from Delhi
· In proximity to esteemed Schools, renowned Hospitals, and bustling Shopping malls

Enquire now to learn more about our selection of premium Villas",29182,Book now,fb.me,"FACEBOOK; INSTAGRAM",2026-05-29,2026-06-16,,,"🏡𝐄𝐥𝐝𝐞𝐜𝐨 𝐀𝐦𝐨𝐫 – Where Charm Meets Contemporary Living
📍 Sector-33, Sonipat

✨ Luxury Villas Starting at ₹2.45 Cr* 
Experience the perfect blend of timeless architecture and modern comforts.

𝐇𝐢𝐠𝐡𝐥𝐢𝐠𝐡𝐭𝐬:
· Surrounded by landscaped greens
· Peaceful and relaxing atmosphere
· Well-ventilated rooms with ample natural light
· 24/7 security, so you can rest assured that your family and belongings are safe

𝐋𝐨𝐜𝐚𝐭𝐢𝐨𝐧 𝐀𝐝𝐯𝐚𝐧𝐭𝐚𝐠𝐞𝐬:
· Located in Sec 33 near broad national highway/bypass road
· Well-developed social infrastructure nearby
· Strategically located near planned Metro station
· Near the upcoming Special Economic Zone (SEZ)
· Township of vibrant community living just 30 minutes from Delhi
· In proximity to esteemed Schools, renowned Hospitals, and bustling Shopping malls

Enquire now to learn more about our selection of premium Villas || 🏡𝐄𝐥𝐝𝐞𝐜𝐨 𝐀𝐦𝐨𝐫 – Where Charm Meets Contemporary Living
📍 Sector-33, Sonipat

✨ Luxury Villas Starting at ₹2.45 Cr* 
Experience the perfect blend of timeless architecture and modern comforts.

𝐇𝐢𝐠𝐡𝐥𝐢𝐠𝐡𝐭𝐬:
· Surrounded by landscaped greens
· Peaceful and relaxing atmosphere
· Well-ventilated rooms with ample natural light
· 24/7 security, so you can rest assured that your family and belongings are safe

𝐋𝐨𝐜𝐚𝐭𝐢𝐨𝐧 𝐀𝐝𝐯𝐚𝐧𝐭𝐚𝐠𝐞𝐬:
· Located in Sec 33 near broad national highway/bypass road
· Well-developed social infrastructure nearby
· Strategically located near planned Metro station
· Near the upcoming Special Economic Zone (SEZ)
· Township of vibrant community living just 30 minutes from Delhi
· In proximity to esteemed Schools, renowned Hospitals, and bustling Shopping malls

Enquire now to learn more about our selection of premium Villas || 🏡𝐄𝐥𝐝𝐞𝐜𝐨 𝐀𝐦𝐨𝐫 – Where Charm Meets Contemporary Living
📍 Sector-33, Sonipat

✨ Luxury Villas Starting at ₹2.45 Cr* 
Experience the perfect blend of timeless architecture and modern comforts.

𝐇𝐢𝐠𝐡𝐥𝐢𝐠𝐡𝐭𝐬:
· Surrounded by landscaped greens
· Peaceful and relaxing atmosphere
· Well-ventilated rooms with ample natural light
· 24/7 security, so you can rest assured that your family and belongings are safe

𝐋𝐨𝐜𝐚𝐭𝐢𝐨𝐧 𝐀𝐝𝐯𝐚𝐧𝐭𝐚𝐠𝐞𝐬:
· Located in Sec 33 near broad national highway/bypass road
· Well-developed social infrastructure nearby
· Strategically located near planned Metro station
· Near the upcoming Special Economic Zone (SEZ)
· Township of vibrant community living just 30 minutes from Delhi
· In proximity to esteemed Schools, renowned Hospitals, and bustling Shopping malls

Enquire now to learn more about our selection of premium Villas",http://fb.me/ || http://fb.me/ || http://fb.me/,,Book Now || Book Now || Book Now,Original: https://scontent.fjai6-1.fna.fbcdn.net/v/t39.35426-6/712153096_985636914380722_5621314362754829447_n.jpg?_nc_cat=104&ccb=1-7&_nc_sid=c53f8f&_nc_ohc=aK9qd0b0I4wQ7kNvwE6IBZ5&_nc_oc=AdpYbGcVVhpJ_PohqUWWOcDY4w9czn3-xT3UPXiTPjz-GdHFJhSIAJoohnE2oQz4-_tulq2LG3LbBA5JVQc2JauH&_nc_zt=14&_nc_ht=scontent.fjai6-1.fna&_nc_gid=kX4WN04X5iWr4BY2arB07w&_nc_ss=7b289&oh=00_Af_AyArguzu-her_ZjaSoBSQpJ0elhRi6KtZWlMRVXaJPQ&oe=6A383D54 | Resized: https://scontent.fjai6-1.fna.fbcdn.net/v/t39.35426-6/710755269_1995610947703777_2128390718240118835_n.jpg?stp=dst-jpg_s600x600_tt6&_nc_cat=106&ccb=1-7&_nc_sid=c53f8f&_nc_ohc=2RLjPwT-MG0Q7kNvwHdv1ui&_nc_oc=AdqIKXduv9yYEatRryqFZfooDbmWIuNZM2ZrB0lDIn_H5FaFgv_Oa5ex8Fm-f6YypssfiRtP2WrsXeel9K6WcwUY&_nc_zt=14&_nc_ht=scontent.fjai6-1.fna&_nc_gid=kX4WN04X5iWr4BY2arB07w&_nc_ss=7b289&oh=00_Af-wHvM1MEBOimBw27ERvIgEtkqNjC6q38ec13m0OoPPlg&oe=6A383786 || Original: https://scontent.fjai6-1.fna.fbcdn.net/v/t39.35426-6/708967452_1316344134017399_1149503260626322727_n.jpg?_nc_cat=105&ccb=1-7&_nc_sid=c53f8f&_nc_ohc=NEUdYRPrRZ0Q7kNvwFpKJYw&_nc_oc=AdqRdqZ_h8zUU22GVfO-Ybvb-2-Ni7_pbw-UJfyheTgtn-YbfyQqSj7quDwRfFGBq_65txtBWzxZ_GDbxuiq-grc&_nc_zt=14&_nc_ht=scontent.fjai6-1.fna&_nc_gid=kX4WN04X5iWr4BY2arB07w&_nc_ss=7b289&oh=00_Af-LuJGqdOHAWhhB89qB416w7dytxG95eXgyzDEvSDCMpg&oe=6A383DF9 | Resized: https://scontent.fjai6-1.fna.fbcdn.net/v/t39.35426-6/708987201_1311972010413404_2575395744896138074_n.jpg?stp=dst-jpg_s600x600_tt6&_nc_cat=103&ccb=1-7&_nc_sid=c53f8f&_nc_ohc=N7H-4pyyBd4Q7kNvwH4eQLr&_nc_oc=AdqYc4EMpQvxApguAFzZCV2TO7ygPehJ-Ol9EnYx-73zQAYD9Ow8DWz2vVQRnB3lJKLaVuJjYhlSfYOX2feH3ipS&_nc_zt=14&_nc_ht=scontent.fjai6-1.fna&_nc_gid=kX4WN04X5iWr4BY2arB07w&_nc_ss=7b289&oh=00_Af8WrTj2hbx1ApdGa9U79qPTm6ZnkEQkEgwN-8mFJGk8mg&oe=6A3850E0 || Original: https://scontent.fjai6-1.fna.fbcdn.net/v/t39.35426-6/708967452_1316344134017399_1149503260626322727_n.jpg?_nc_cat=105&ccb=1-7&_nc_sid=c53f8f&_nc_ohc=NEUdYRPrRZ0Q7kNvwFpKJYw&_nc_oc=AdqRdqZ_h8zUU22GVfO-Ybvb-2-Ni7_pbw-UJfyheTgtn-YbfyQqSj7quDwRfFGBq_65txtBWzxZ_GDbxuiq-grc&_nc_zt=14&_nc_ht=scontent.fjai6-1.fna&_nc_gid=kX4WN04X5iWr4BY2arB07w&_nc_ss=7b289&oh=00_Af-LuJGqdOHAWhhB89qB416w7dytxG95eXgyzDEvSDCMpg&oe=6A383DF9 | Resized: https://scontent.fjai6-1.fna.fbcdn.net/v/t39.35426-6/708987201_1311972010413404_2575395744896138074_n.jpg?stp=dst-jpg_s600x600_tt6&_nc_cat=103&ccb=1-7&_nc_sid=c53f8f&_nc_ohc=N7H-4pyyBd4Q7kNvwH4eQLr&_nc_oc=AdqYc4EMpQvxApguAFzZCV2TO7ygPehJ-Ol9EnYx-73zQAYD9Ow8DWz2vVQRnB3lJKLaVuJjYhlSfYOX2feH3ipS&_nc_zt=14&_nc_ht=scontent.fjai6-1.fna&_nc_gid=kX4WN04X5iWr4BY2arB07w&_nc_ss=7b289&oh=00_Af8WrTj2hbx1ApdGa9U79qPTm6ZnkEQkEgwN-8mFJGk8mg&oe=6A3850E0,
1030990076272740,https://www.facebook.com/thehouseofshubhashish/,fb.me,https://www.facebook.com/thehouseofshubhashish/,,,,info@shubhashishhomes.com,+91 74139 93399,,,,103728894469857,http://fb.me/,THE HOUSE OF SHUBHASHISH,https://www.facebook.com/ads/library/?id=1030990076272740,"🌿 We spend years searching for peace in destinations far away.

What if it was waiting for you right at home?

Discover a life surrounded by nature at Shubhashish Forest. ✨

✔️ Luxury 4 BHK Triplex Villas
✔️ 51,000+ Trees & Plantations 🌳
✔️ Private Lift in Every Villa
✔️ EV Charging Slot ⚡
📍 One SEZ Road, Jaipur",36023,Sign up,fb.me,"FACEBOOK; INSTAGRAM",2026-06-03,2026-06-16,,,"🌿 We spend years searching for peace in destinations far away.

What if it was waiting for you right at home?

Discover a life surrounded by nature at Shubhashish Forest. ✨

✔️ Luxury 4 BHK Triplex Villas
✔️ 51,000+ Trees & Plantations 🌳
✔️ Private Lift in Every Villa
✔️ EV Charging Slot ⚡
📍 One SEZ Road, Jaipur || 🌿 We spend years searching for peace in destinations far away.

What if it was waiting for you right at home?

Discover a life surrounded by nature at Shubhashish Forest. ✨

✔️ Luxury 4 BHK Triplex Villas
✔️ 51,000+ Trees & Plantations 🌳
✔️ Private Lift in Every Villa
✔️ EV Charging Slot ⚡
📍 One SEZ Road, Jaipur || 🌿 We spend years searching for peace in destinations far away.

What if it was waiting for you right at home?

Discover a life surrounded by nature at Shubhashish Forest. ✨

✔️ Luxury 4 BHK Triplex Villas
✔️ 51,000+ Trees & Plantations 🌳
✔️ Private Lift in Every Villa
✔️ EV Charging Slot ⚡
📍 One SEZ Road, Jaipur",http://fb.me/ || http://fb.me/ || http://fb.me/,,Sign Up || Sign Up || Sign Up,Original: https://scontent.fjai6-1.fna.fbcdn.net/v/t39.35426-6/716037602_1307345121112928_4517279939009167736_n.jpg?_nc_cat=100&ccb=1-7&_nc_sid=c53f8f&_nc_ohc=w69wygha5w8Q7kNvwHh4RPz&_nc_oc=AdrjYshbrvP6dJ28JDBTa9aPRkEXOI2pSikdNaLFQtQnIWePfiDGPfZREoxEy6CZpylJ-lJ-iaHJtsRXDZkvt-v3&_nc_zt=14&_nc_ht=scontent.fjai6-1.fna&_nc_gid=cMTJlJRYN94dwOY2mDDVgA&_nc_ss=7b289&oh=00_Af8F0mcOH7B6azkinwpxX0aN2H4S4-TGRhsSZu1KBJjlqw&oe=6A38331B | Resized: https://scontent.fjai6-1.fna.fbcdn.net/v/t39.35426-6/715294201_1006697505647649_948404444334401984_n.jpg?stp=dst-jpg_s600x600_tt6&_nc_cat=104&ccb=1-7&_nc_sid=c53f8f&_nc_ohc=koXOnBvTQbAQ7kNvwEfTXep&_nc_oc=AdojTNtyw96G69tS4xBeKszpG0LtCLW6DJfokNamg-G66vmZrou62EAtsEq1z0JawbacVPAVHtV6dhpNZAx5EB1o&_nc_zt=14&_nc_ht=scontent.fjai6-1.fna&_nc_gid=cMTJlJRYN94dwOY2mDDVgA&_nc_ss=7b289&oh=00_Af9zuSTt42SoN0guQCxtw1buyVtkk_szh3F1QdT8wEtxiQ&oe=6A383D9C || Original: https://scontent.fjai6-1.fna.fbcdn.net/v/t39.35426-6/716490092_859998439934462_2136828400436853459_n.jpg?_nc_cat=109&ccb=1-7&_nc_sid=c53f8f&_nc_ohc=jHeEEV_qzOMQ7kNvwGFejrB&_nc_oc=Adpu-7Wp9_b1GeU3eN2Dt2F_db4KyL1N6dQBvMZilMKyhvo7qzWQGkarjQpgPzEwTsRxyhepTOt6Q8JStdwX0xMP&_nc_zt=14&_nc_ht=scontent.fjai6-1.fna&_nc_gid=cMTJlJRYN94dwOY2mDDVgA&_nc_ss=7b289&oh=00_Af-YBXGAPgDkRLM0_BGPa054TI50wAPpyfAtt5hBj7TBQw&oe=6A384481 | Resized: https://scontent.fjai6-1.fna.fbcdn.net/v/t39.35426-6/712115232_1290660936614995_763996924751780479_n.jpg?stp=dst-jpg_s600x600_tt6&_nc_cat=108&ccb=1-7&_nc_sid=c53f8f&_nc_ohc=pDk9wJDwHBoQ7kNvwF3tcco&_nc_oc=AdpaUpIWEXdxudznOkZJ3spKwY_TgBlJQYf4vdkbDVC00DLMkwDjAvYx7RrspUTPET8PHRSFZHl3witkZ3D7UwDm&_nc_zt=14&_nc_ht=scontent.fjai6-1.fna&_nc_gid=cMTJlJRYN94dwOY2mDDVgA&_nc_ss=7b289&oh=00_Af_cRQhUT5emTJxwawsmtbJN458gMU5WyJbjFSCiUCMd8Q&oe=6A38659E || Original: https://scontent.fjai6-1.fna.fbcdn.net/v/t39.35426-6/715819880_1552432646224922_2934567216441849206_n.jpg?_nc_cat=103&ccb=1-7&_nc_sid=c53f8f&_nc_ohc=pBKnZOJU5xkQ7kNvwEV0XM3&_nc_oc=AdrpBaabRixlEZyiw7MyVpw908DIc2wfE76jhR7CXyqmJKN4znW_zwdWSF3dj6BkXIiChm7CyowiF5eJQrYfUKBg&_nc_zt=14&_nc_ht=scontent.fjai6-1.fna&_nc_gid=cMTJlJRYN94dwOY2mDDVgA&_nc_ss=7b289&oh=00_Af8kimdmQtmWpEpzWOzveDh7OR5bKDnPrkuCOi9rhrz2Kw&oe=6A383D50 | Resized: https://scontent.fjai6-1.fna.fbcdn.net/v/t39.35426-6/712288872_2199419890881823_257947166150913693_n.jpg?stp=dst-jpg_s600x600_tt6&_nc_cat=105&ccb=1-7&_nc_sid=c53f8f&_nc_ohc=I5qZOoobCq8Q7kNvwHYLJEI&_nc_oc=Adp70GAyY7tgAwoNwW52GhlMYrWSS8cGkyyw3ILH0TZpVO4F531pEWwM-R4sOf9SXYQ3kksOJ59AJ5yxo5KR8Bfm&_nc_zt=14&_nc_ht=scontent.fjai6-1.fna&_nc_gid=cMTJlJRYN94dwOY2mDDVgA&_nc_ss=7b289&oh=00_Af-OMMrRoGcASChTY7lKYwSER7uFJvd8wekOrbU-6a-dSQ&oe=6A383D46,
1530771348649137,https://www.facebook.com/Escalarealty/,instagram.com,https://www.facebook.com/Escalarealty/,http://instagram.com/escalarealty,,,connect@escalarealty.com,+91 84489 24925,,,,213928878691044,http://instagram.com/escalarealty,Escala Realty,https://www.facebook.com/ads/library/?id=1530771348649137,"Some places are built for holidays. And then there are places that slowly change the way you live.

Goa has always been that feeling, unhurried mornings, long light, sea air that stays with you even when you leave. But what if that feeling didn’t have to end when the trip does?

At Escala, that feeling is expressed through three very different residences, each shaped by its own landscape and way of living.

Ocean Cloud, Dona Paula is where the sea becomes part of your everyday view. Elevated and quiet, it’s designed for those who prefer privacy with uninterrupted ocean horizons.

In Aria, Calangute, life feels more connected and contemporary. Clean architecture, modern spaces, and a location that keeps you close to Goa’s most vibrant stretch.

And at Cloud Infinity, Kadamba Plateau, everything opens up. Elevated living, wide skies, and a sense of distance from the noise, while still rooted in comfort.

Three residences. Three distinct interpretations of life in Goa, shaped by Escala Realty. 

goa luxury homes, goa real estate, luxury villas goa, ocean view apartments goa, donapaula property, calangute homes, kadamba plateau flats, escalagoa residences, premium homes goa, coastal living india

#escala #goarealestate #luxuryliving #coastalliving #luxuryhomes",6972,Visit Instagram profile,instagram.com,"FACEBOOK; INSTAGRAM",2026-05-13,2026-06-17,HD: https://video.fjai6-1.fna.fbcdn.net/o1/v/t2/f2/m367/AQMNX1wRFiweeI3UY6fcW6UsFczH3wp0IxFCRi511vin5Dt7Ra78T-PpfoSAVh7qQFV5XqcTMNJ_DnDqwN1167cXM0dM6vJIA3A2zCPCxw.mp4?_nc_cat=106&_nc_oc=AdrATgywH31x-IiPDhhSUdvt_Riukn4j1RKRITBMgTsziODhHUVg8q0HZxNBKCU2f76i24occ2gOQW2WbXTCjzEh&_nc_sid=ef5aa3&_nc_ht=video.fjai6-1.fna.fbcdn.net&_nc_ohc=xrsE3BQCV8oQ7kNvwH-O4sD&efg=eyJ2ZW5jb2RlX3RhZyI6Inhwdl9wcm9ncmVzc2l2ZS5WSV9VU0VDQVNFX1BST0RVQ1RfVFlQRS4uQzMuNzIwLnByb2dyZXNzaXZlX2gyNjQtYmFzaWMtZ2VuMl83MjBwIiwieHB2X2Fzc2V0X2lkIjoxNDg4ODU5NTk5MzY0MTQ4LCJhc3NldF9hZ2VfZGF5cyI6MzksInZpX3VzZWNhc2VfaWQiOjEwMDk5LCJkdXJhdGlvbl9zIjoyNywidXJsZ2VuX3NvdXJjZSI6Ind3dyJ9&ccb=17-1&_nc_gid=cMTJlJRYN94dwOY2mDDVgA&_nc_ss=7b289&_nc_zt=28&oh=00_Af_mg3oaHjlwMHD5CXbN_9hP1LNxMyFReRIRgiAhoaP7tA&oe=6A383890 | SD: https://video.fjai6-1.fna.fbcdn.net/o1/v/t2/f2/m367/AQNOdyv7xB6eScsPmgDuNr9dgMY_ie-xy3V5K4Jbym0l15yWMt9rtizQxephlrXXXWYYbrauxKdDQbOx0M7WX9bsuy1dC55wBPI4rKjARQ.mp4?_nc_cat=106&_nc_oc=AdrUgi_Kgw7zAosFR6GY49QILZzeE4EHZZrox603GWFxaGzTmx6jMr-2jRYYv4VDElvX4ViSCEsU6BDYqzoXyNLO&_nc_sid=ef5aa3&_nc_ht=video.fjai6-1.fna.fbcdn.net&_nc_ohc=UjRCMqMKbo4Q7kNvwHKMapD&efg=eyJ2ZW5jb2RlX3RhZyI6Inhwdl9wcm9ncmVzc2l2ZS5WSV9VU0VDQVNFX1BST0RVQ1RfVFlQRS4uQzMuMzYwLnByb2dyZXNzaXZlX2gyNjQtYmFzaWMtZ2VuMl8zNjBwIiwieHB2X2Fzc2V0X2lkIjoxNDg4ODU5NTk5MzY0MTQ4LCJhc3NldF9hZ2VfZGF5cyI6MzksInZpX3VzZWNhc2VfaWQiOjEwMDk5LCJkdXJhdGlvbl9zIjoyNywidXJsZ2VuX3NvdXJjZSI6Ind3dyJ9&ccb=17-1&_nc_gid=cMTJlJRYN94dwOY2mDDVgA&_nc_ss=7b289&_nc_zt=28&oh=00_Af9OfW9WYsudN7kIuQKJswJ1VGcb0HPstAyLRaQTAHn_1Q&oe=6A38346C | Preview: https://scontent.fjai6-1.fna.fbcdn.net/v/t39.35426-6/698845181_26680003748321386_228306401386347918_n.jpg?_nc_cat=104&ccb=1-7&_nc_sid=c53f8f&_nc_ohc=7xdJoh8ROIsQ7kNvwEOhuKd&_nc_oc=AdrXT7UpIOcCTtF2p48lFxU1H0mW_wEBuAEE2s2LA722YhNghyygxImOWXHGAlmJ5Qx4jkAQjnCzHdeLxNpYPyQ_&_nc_zt=14&_nc_ht=scontent.fjai6-1.fna&_nc_gid=cMTJlJRYN94dwOY2mDDVgA&_nc_ss=7b289&oh=00_Af-M8XqQeDoxABuGCvSbxrtGS4LU0kplNpgkjWOKDr2sYA&oe=6A383737,,,,,,,
2016530485612941,https://www.facebook.com/marinawalkynr/,,https://www.facebook.com/marinawalkynr/,,,,,+91 88003 31921,,,,939732229214393,,Marina Walk-Yamunanagar,https://www.facebook.com/ads/library/?id=2016530485612941,"📍 Attention : Yamunanagar में Premium Plots @ ₹43,500/Sq. Yd! 🌟

Presenting Marina Walk—an exclusive, RERA-approved gated township meticulously engineered for the region's elite business owners, professionals, and visionaries. Located prominently at Sector-28, Jagadhari, Yamunanagar Bypass Road.

📐 Executive Project Highlights:

Premium Plot Sizes: 122 - 180 SQ. YDS. (Ideal for luxury villas or high-value assets)
Investment Entry: Starting at ₹43,500/- PER SQ. YD.
Grand Infrastructure: Direct 45 Mt. wide main road access with pristine 09, 12 & 18 Mt. wide internal township roads.
🌐 Unmatched Connectivity & Proximity:
🚇 15 Mins to the Railway Station
🏫 Top-Tier Schools & Educational Hubs: Within 2-5 kms
🛍️ Premium Shopping Complexes & High Streets: Within 2-5 kms
🏥 Multi-Specialty Healthcare & Hospitals: Within 2-5 kms
✨ Curated Lifestyle Amenities:
🏏 Private Cricket Pitch for sports enthusiasts
🎬 Regal Open Air Theatre for community networking
⛲ Serene Water Bodies, designer parks, & immaculate green spaces
🛡️ Multi-tier 24/7 Smart Security & gated entry protocols
🔥 Financial Leverage: Up to 80% Plot Loan available with bespoke, flexible payment structures tailored to your cash flow.

Secure your family's legacy and diversify your portfolio with a landmark development.

📞 Schedule an Exclusive VIP Site Tour: 8800331921",55,Call now,,"FACEBOOK; INSTAGRAM; AUDIENCE_NETWORK; THREADS",2026-06-08,2026-06-16,HD: https://video.fjai6-1.fna.fbcdn.net/o1/v/t2/f2/m366/AQNdxFkBEXFX_00FcyEx9H9Pr1-qkUueJzUjFfSYdwvJXTLttht1UBO95-_wIdjtxy_z5DqUaRfCqOkaR1VetBnFdDbRAy-JVACEN13jDWMPew.mp4?_nc_cat=101&_nc_oc=Adoeuvkkjt_UTZBGalwKwAfM8gPoqf7WLH9Iow3vv6u55FenyeOrgNwYPhqWUaPqjVT2H8UjtL_wacipfE8yWpkn&_nc_sid=b66105&_nc_ht=video.fjai6-1.fna.fbcdn.net&_nc_ohc=yY27GGW_5ikQ7kNvwHTdi2k&efg=eyJ2ZW5jb2RlX3RhZyI6Inhwdl9wcm9ncmVzc2l2ZS5WSV9VU0VDQVNFX1BST0RVQ1RfVFlQRS4uQzMuNzIwLmRhc2hfaDI2NC1iYXNpYy1nZW4yXzcyMHAiLCJ4cHZfYXNzZXRfaWQiOjEwMTMwNzg5NzQ1MzM4NjAsImFzc2V0X2FnZV9kYXlzIjo5LCJ2aV91c2VjYXNlX2lkIjoxMDc5OSwiZHVyYXRpb25fcyI6NzYsInVybGdlbl9zb3VyY2UiOiJ3d3cifQ%3D%3D&ccb=17-1&vs=7bd86095718096fa&_nc_vs=HBksFQIYRWZiX2VwaGVtZXJhbC8yMjQ4QTU1RTlEMDNFRTZBOEUxMzAxMEE3NkEzQ0NCN19tdF8xX3ZpZGVvX2Rhc2hpbml0Lm1wNBUAAsgBEgAVAhhAZmJfcGVybWFuZW50L0Q2NDEzRTgzRjlGNERENjk4NDVCQkE3RTVGREYzMEFGX2F1ZGlvX2Rhc2hpbml0Lm1wNBUCAsgBEgAoABgAGwKIB3VzZV9vaWwBMRJwcm9ncmVzc2l2ZV9yZWNpcGUBMRUAACbIw8DG-tjMAxUCKAJDMywXQFMAAAAAAAAYGWRhc2hfaDI2NC1iYXNpYy1nZW4yXzcyMHARAHUAZd6oAQA&_nc_gid=cMTJlJRYN94dwOY2mDDVgA&_nc_ss=7b289&_nc_zt=28&oh=00_Af_OlNcNPlwPSBduFuzl1GNdCohCWpN22UQivunOdP6yAw&oe=6A383DCB | SD: https://video.fjai6-1.fna.fbcdn.net/o1/v/t2/f2/m412/AQN2nfGAvvqX2twbqnkl3NmwchN6KPy8mTOUWImx1TUvv7WGI3FhMc4bBnzajjxLYFpNZylxyeOmVOps974Svc1FN8e2KPcbkG8A5ZcgDg.mp4?_nc_cat=102&_nc_oc=Adqhw_yd06Xt2bl9WkwS-yT-bP_H4HoGkSL8nyoH-dgWPerSiD99VPp5UFxUpsDyWbX9fUMqHb0OxkmY-Jy1BhWg&_nc_sid=ef5aa3&_nc_ht=video.fjai6-1.fna.fbcdn.net&_nc_ohc=jo2CQl_XezsQ7kNvwGgvX6V&efg=eyJ2ZW5jb2RlX3RhZyI6Inhwdl9wcm9ncmVzc2l2ZS5WSV9VU0VDQVNFX1BST0RVQ1RfVFlQRS4uQzMuMzYwLnN2ZV9zZCIsInhwdl9hc3NldF9pZCI6MTAxMzA3ODk3NDUzMzg2MCwiYXNzZXRfYWdlX2RheXMiOjksInZpX3VzZWNhc2VfaWQiOjEwNzk5LCJkdXJhdGlvbl9zIjo3NiwidXJsZ2VuX3NvdXJjZSI6Ind3dyJ9&ccb=17-1&_nc_gid=cMTJlJRYN94dwOY2mDDVgA&_nc_ss=7b289&_nc_zt=28&oh=00_Af84vdtTuoM4FfBcsdLV7AlyMva8Ed9h4XbglRYmLoNzQA&oe=6A384D30 | Preview: https://scontent.fjai6-1.fna.fbcdn.net/v/t39.35426-6/720126196_1763067608196256_2702317389272968691_n.jpg?_nc_cat=105&ccb=1-7&_nc_sid=c53f8f&_nc_ohc=I9IpB4xP5aIQ7kNvwEuRB4R&_nc_oc=AdqUYLUzGJLLIv4yJeCRQAG-o42ZQsVfy4MraggKirnnS63INvLUHeoX63PuUPWFtta1NBkkSuadHeprNEla24UO&_nc_zt=14&_nc_ht=scontent.fjai6-1.fna&_nc_gid=cMTJlJRYN94dwOY2mDDVgA&_nc_ss=7b289&oh=00_Af91K_4wkJ0K6MSIsDfNeVO_CDLOdu1j8Cy0zr1ZMVc_Bw&oe=6A3834D0,,,,,,,
1005677965164039,https://www.facebook.com/61590681208811/,fb.me,https://www.facebook.com/61590681208811/,,,,bridgeepsilon1@gmail.com,+91 95509 88830,,,,1089028294302195,http://fb.me/,Bridge Epsilon,https://www.facebook.com/ads/library/?id=1005677965164039,"Most luxury villa communities still feel busy.
Too much movement. Too little privacy.
Bridge Epsilon was designed differently — where everyday chaos stays below and everyday living begins above.
✨ Hyderabad’s ONLY Traffic-Free Podium Villa Community
🏡 4 & 5 BHK Ultra Luxury Villas
☀️ 100% East-Facing Villas
🚘 4 Fully Covered Car Parks
📍 Tukkuguda, Near ORR Exit 14
📐 6278–6378 SFT
💰 ₹8.3 Cr* Onwards
Book a private site visit and experience the difference.",1,Get quote,fb.me,"FACEBOOK; INSTAGRAM",2026-06-11,2026-06-17,,,"Most luxury villa communities still feel busy.
Too much movement. Too little privacy.
Bridge Epsilon was designed differently — where everyday chaos stays below and everyday living begins above.
✨ Hyderabad’s ONLY Traffic-Free Podium Villa Community
🏡 4 & 5 BHK Ultra Luxury Villas
☀️ 100% East-Facing Villas
🚘 4 Fully Covered Car Parks
📍 Tukkuguda, Near ORR Exit 14
📐 6278–6378 SFT
💰 ₹8.3 Cr* Onwards
Book a private site visit and experience the difference. || Most luxury villa communities still feel busy.
Too much movement. Too little privacy.
Bridge Epsilon was designed differently — where everyday chaos stays below and everyday living begins above.
✨ Hyderabad’s ONLY Traffic-Free Podium Villa Community
🏡 4 & 5 BHK Ultra Luxury Villas
☀️ 100% East-Facing Villas
🚘 4 Fully Covered Car Parks
📍 Tukkuguda, Near ORR Exit 14
📐 6278–6378 SFT
💰 ₹8.3 Cr* Onwards
Book a private site visit and experience the difference. || Most luxury villa communities still feel busy.
Too much movement. Too little privacy.
Bridge Epsilon was designed differently — where everyday chaos stays below and everyday living begins above.
✨ Hyderabad’s ONLY Traffic-Free Podium Villa Community
🏡 4 & 5 BHK Ultra Luxury Villas
☀️ 100% East-Facing Villas
🚘 4 Fully Covered Car Parks
📍 Tukkuguda, Near ORR Exit 14
📐 6278–6378 SFT
💰 ₹8.3 Cr* Onwards
Book a private site visit and experience the difference.",http://fb.me/ || http://fb.me/ || http://fb.me/,,Get Quote || Get Quote || Get Quote,Original: https://scontent.fjai6-1.fna.fbcdn.net/v/t39.35426-6/721641464_981263004781506_354303486567494922_n.jpg?_nc_cat=108&ccb=1-7&_nc_sid=c53f8f&_nc_ohc=3b7y0gPWhaoQ7kNvwFUWYsk&_nc_oc=AdoF6LjzzItxBKJKsbjxjoPt6Q_8JyDDzcHD2qHHm8ZAYV9c2i2U1ekjVsoZpkoh9Ffad3BJZU72YEvF7O_latac&_nc_zt=14&_nc_ht=scontent.fjai6-1.fna&_nc_gid=1noIt_-u2fxgJXBWUo7VGw&_nc_ss=7b289&oh=00_Af94rDM_cfzm0lXgA1Mz4zOZyTp_lbkYlRqDwemMpGaeRg&oe=6A385059 | Resized: https://scontent.fjai6-1.fna.fbcdn.net/v/t39.35426-6/722183695_4415627978655428_1595800505233875907_n.jpg?stp=dst-jpg_s600x600_tt6&_nc_cat=101&ccb=1-7&_nc_sid=c53f8f&_nc_ohc=JMRpijg6LgAQ7kNvwHx7spD&_nc_oc=AdpRTw6JdGfVd-TwIW-vJCo2ICBk81DqLRz6wmImzkltxByeTqwdG9iYtodR5syHw2OIHzPLWnqAA70lUI1-9Err&_nc_zt=14&_nc_ht=scontent.fjai6-1.fna&_nc_gid=1noIt_-u2fxgJXBWUo7VGw&_nc_ss=7b289&oh=00_Af8Q80gWSgGR28ET-qIhrKqKcBciv0QmSCFnx28B2nwmkw&oe=6A383BA4 || Original: https://scontent.fjai6-1.fna.fbcdn.net/v/t39.35426-6/721737137_1369780058380276_7335978280886511414_n.jpg?_nc_cat=102&ccb=1-7&_nc_sid=c53f8f&_nc_ohc=9tWEYBoFMFQQ7kNvwEmHtM5&_nc_oc=Adovuuogl_FwH2kaRttnJDtyt_spmSGO5tACifZjDaq_hoeSCpPYO5WxO-2G4mKc2S55Er-83TlJGMvt0Ln5bat2&_nc_zt=14&_nc_ht=scontent.fjai6-1.fna&_nc_gid=1noIt_-u2fxgJXBWUo7VGw&_nc_ss=7b289&oh=00_Af8bDGIL4lferc-lQxRL8cCDxekrNcPdsWypoGdUpmOjXA&oe=6A385697 | Resized: https://scontent.fjai6-1.fna.fbcdn.net/v/t39.35426-6/721860376_1904577940206277_4819068199359931861_n.jpg?stp=dst-jpg_s600x600_tt6&_nc_cat=105&ccb=1-7&_nc_sid=c53f8f&_nc_ohc=X1ACyv5yfP4Q7kNvwGyQHMN&_nc_oc=AdrM8n4es2pzgZtqsKq7Bs7hCgeZEAu2iQedyc7dWyunj-X3LR6UPGlYvSnvRv3Zu45MDdtIYRgDS663PIuuR160&_nc_zt=14&_nc_ht=scontent.fjai6-1.fna&_nc_gid=1noIt_-u2fxgJXBWUo7VGw&_nc_ss=7b289&oh=00_Af9UJDI8Z-cc9lHzYMiVEh47XUFkkaJg_cHw2iDWttQ64w&oe=6A3836B2 || Original: https://scontent.fjai6-1.fna.fbcdn.net/v/t39.35426-6/720860421_1719821242701539_5451006759061892541_n.jpg?_nc_cat=105&ccb=1-7&_nc_sid=c53f8f&_nc_ohc=6IkW7TSnXYwQ7kNvwF4Gnxk&_nc_oc=AdrM30q9nhShhc_UN5KbnZx5OJ0N1V9E-X7p9ca8ncHGVKUe5y3xXMuxPZ_TEQnPgtZRLWe_qhPQG7-ILBgwH00S&_nc_zt=14&_nc_ht=scontent.fjai6-1.fna&_nc_gid=1noIt_-u2fxgJXBWUo7VGw&_nc_ss=7b289&oh=00_Af-K6BSAEhAh_v46K6e-lIS9wbQPM51QS_Gno7ivooelfQ&oe=6A383FA4 | Resized: https://scontent.fjai6-1.fna.fbcdn.net/v/t39.35426-6/721575446_993834760101350_2231839070637767502_n.jpg?stp=dst-jpg_s600x600_tt6&_nc_cat=100&ccb=1-7&_nc_sid=c53f8f&_nc_ohc=5XA3ZB_9xwQQ7kNvwEvxnmz&_nc_oc=AdrUN_mwP3si-WXfqyqCcXTaY1kUnTu5Gbe2-7SulnIxi10sGn_mSbvkqJqhfeienqc_UgMHkpPVPo_oxzeKOqDa&_nc_zt=14&_nc_ht=scontent.fjai6-1.fna&_nc_gid=1noIt_-u2fxgJXBWUo7VGw&_nc_ss=7b289&oh=00_Af-xOkRxPCDZ_jtP4dafvlZlbtzmqyepCsUJ8a0wwHNgEA&oe=6A38510C,
1534605774965365,https://www.facebook.com/County107/,fb.me,https://www.facebook.com/County107/,,,,digital@countygroup.in,+91 98101 07107,,,,190880085177052,http://fb.me/,County 107,https://www.facebook.com/ads/library/?id=1534605774965365,"A villa that gives you space to connect and room to breathe.
County 107 offers ultra-luxury villas in a secure, well-planned community designed for refined living.",22353,Learn more,fb.me,"FACEBOOK; INSTAGRAM",2026-04-27,2026-06-17,HD: https://video.fjai6-1.fna.fbcdn.net/o1/v/t2/f2/m366/AQNLAxtcUxoA1_jIr3stjgRNVWzIRY7HmW8l1VjQ0Kiwrp3ONoEQcgaFe6PDFqIGgyhtzJc-veNtAO2W2QUXafA9BwYrnWCVlpJf_-AdhaWXmg.mp4?_nc_cat=111&_nc_oc=AdobYOiCjojlio0PuTKnzu1k3RIDdANLQfsAanzeflE80egyp1m_l850rCCO3xIB_FHuhhzdoqrCmyhTYV_Xvi4I&_nc_sid=b66105&_nc_ht=video.fjai6-1.fna.fbcdn.net&_nc_ohc=-6ON1ViPHF0Q7kNvwF12MKK&efg=eyJ2ZW5jb2RlX3RhZyI6Inhwdl9wcm9ncmVzc2l2ZS5WSV9VU0VDQVNFX1BST0RVQ1RfVFlQRS4uQzMuODQ4LmRhc2hfaDI2NC1iYXNpYy1nZW4yXzcyMHAiLCJ4cHZfYXNzZXRfaWQiOjg3Njc3NDA3ODMzMzY2NiwiYXNzZXRfYWdlX2RheXMiOjE1MywidmlfdXNlY2FzZV9pZCI6MTA3OTksImR1cmF0aW9uX3MiOjIwOCwidXJsZ2VuX3NvdXJjZSI6Ind3dyJ9&ccb=17-1&vs=1c84885ee66d3270&_nc_vs=HBksFQIYRWZiX2VwaGVtZXJhbC8yNzRBMUUzOTQwNDFFQjJFNURFMThFM0U1Nzg3QThBNl9tdF8xX3ZpZGVvX2Rhc2hpbml0Lm1wNBUAAsgBEgAVAhhAZmJfcGVybWFuZW50LzQ0NENCQTM5OTcxODdDRkI3QTc1M0MzNjcyMjNGNjg5X2F1ZGlvX2Rhc2hpbml0Lm1wNBUCAsgBEgAoABgAGwKIB3VzZV9vaWwBMRJwcm9ncmVzc2l2ZV9yZWNpcGUBMRUAACbEi-b3-9qOAxUCKAJDMywXQGoFT987ZFoYGWRhc2hfaDI2NC1iYXNpYy1nZW4yXzcyMHARAHUAZd6oAQA&_nc_gid=1noIt_-u2fxgJXBWUo7VGw&_nc_ss=7b289&_nc_zt=28&oh=00_Af-g-5s1_gxbk0OhsruR42q-_PXAUGRpdt6uDQw87TyJ9w&oe=6A3865D5 | SD: https://video.fjai6-1.fna.fbcdn.net/o1/v/t2/f2/m412/AQP_tpqi2aP5YBWavw0OAmGMmMHYkiwVkBgbngwrIXheNfB4AU2n7lXlTaVrzjGjHbRrTJOVNzItBh6IImSf_k2ggea87H6-tRgmezQZMQ.mp4?_nc_cat=102&_nc_oc=Adr8aK_gGL2R16X7YI3sRzOZEt1iBOBMlhjtxzmM7ec6xV9Wt3XgBPt0MM2tnQuQyahkDNmQOMioXslpT8oN9M8a&_nc_sid=ef5aa3&_nc_ht=video.fjai6-1.fna.fbcdn.net&_nc_ohc=zcM6_h5MnFkQ7kNvwEEMG1J&efg=eyJ2ZW5jb2RlX3RhZyI6Inhwdl9wcm9ncmVzc2l2ZS5WSV9VU0VDQVNFX1BST0RVQ1RfVFlQRS4uQzMuNjM2LnN2ZV9zZCIsInhwdl9hc3NldF9pZCI6ODc2Nzc0MDc4MzMzNjY2LCJhc3NldF9hZ2VfZGF5cyI6MTUzLCJ2aV91c2VjYXNlX2lkIjoxMDc5OSwiZHVyYXRpb25fcyI6MjA4LCJ1cmxnZW5fc291cmNlIjoid3d3In0%3D&ccb=17-1&_nc_gid=1noIt_-u2fxgJXBWUo7VGw&_nc_ss=7b289&_nc_zt=28&oh=00_Af900MuWrxfjGy2AviNPlon_vWJRxtTeG54MqAZJ-jzoPg&oe=6A384E2C | Preview: https://scontent.fjai6-1.fna.fbcdn.net/v/t39.35426-6/615685640_2111921072943539_4940606134955086402_n.jpg?_nc_cat=101&ccb=1-7&_nc_sid=c53f8f&_nc_ohc=A6z3vTh15HUQ7kNvwHFamQF&_nc_oc=Adr-zo62IHK538PAngeE7Eq1L9h5LO3PDvtHhmPeK4LKmq9FJ2OOUpzFRGZFYf59t2aF-Zz0HvH6xE_yqiMlieHv&_nc_zt=14&_nc_ht=scontent.fjai6-1.fna&_nc_gid=1noIt_-u2fxgJXBWUo7VGw&_nc_ss=7b289&oh=00_Af9s3QQ6r5PXAb0coM_yJ92p0RyNnYVn2uNYiwjXtWA5Vg&oe=6A383E0B,,,,,,,
1511271430782185,https://www.facebook.com/VertexHomesPvtLtd/,,https://www.facebook.com/VertexHomesPvtLtd/,,,,sales@vertexhomes.com,+91 90196 68668,,,,312779428912833,,Vertex Homes,https://www.facebook.com/ads/library/?id=1511271430782185,"Some homes are evaluated online.
Some need to be experienced in person.

Vertex Kingston Park is one of them.

A ready-to-move 4 & 5 BHK villa community in Nallagandla with 100+ families already living amidst 40 acres of landscaped greens.

Private lawns. Wide internal roads. Club Royale lifestyle experiences. And the kind of space Hyderabad is rapidly running out of.

Schedule your private villa experience this weekend.",23471,Call now,,"FACEBOOK; INSTAGRAM; WHATSAPP",2026-05-27,2026-06-17,HD: https://video.fjai6-1.fna.fbcdn.net/o1/v/t2/f2/m366/AQOygA6EOaKOSzmey4avwqVwmQBoyc_apTpHcFiHCNAazgLyLsv6pKZ0f5HKPxIy1DdRGzOzx0AP_GjvVg-AumjxVbADFgqCYqJxgbP8aj_h8A.mp4?_nc_cat=107&_nc_oc=AdoHhpHKyycnDRywjIhHZIwSNv2yHnicAThKPF5oxs7WCyGIWeq2gfHcl9m1loFVTB93IpDzewhgYH421AGDXCnD&_nc_sid=b66105&_nc_ht=video.fjai6-1.fna.fbcdn.net&_nc_ohc=lgfr1_JTxwsQ7kNvwF4q50t&efg=eyJ2ZW5jb2RlX3RhZyI6Inhwdl9wcm9ncmVzc2l2ZS5WSV9VU0VDQVNFX1BST0RVQ1RfVFlQRS4uQzMuNzIwLmRhc2hfaDI2NC1iYXNpYy1nZW4yXzcyMHAiLCJ4cHZfYXNzZXRfaWQiOjE2MzczNDMxMzQyNjE3ODIsImFzc2V0X2FnZV9kYXlzIjo1MCwidmlfdXNlY2FzZV9pZCI6MTA3OTksImR1cmF0aW9uX3MiOjY0LCJ1cmxnZW5fc291cmNlIjoid3d3In0%3D&ccb=17-1&vs=7e17c390d392a1ed&_nc_vs=HBksFQIYRWZiX2VwaGVtZXJhbC9GMTQ4NzQ0MjM4MjMxM0M1MjIyQkIyMDg4OEY1MDZBOF9tdF8xX3ZpZGVvX2Rhc2hpbml0Lm1wNBUAAsgBEgAVAhhAZmJfcGVybWFuZW50L0Y1NEZEOEQyNDAyRjM0ODkzRDdDMUM3MkJCOTI3QzkyX2F1ZGlvX2Rhc2hpbml0Lm1wNBUCAsgBEgAoABgAGwKIB3VzZV9vaWwBMRJwcm9ncmVzc2l2ZV9yZWNpcGUBMRUAACasiKX-9MnoBRUCKAJDMywXQFAbtkWhysEYGWRhc2hfaDI2NC1iYXNpYy1nZW4yXzcyMHARAHUAZd6oAQA&_nc_gid=IsiPbDqrOYsD_SoEf351sA&_nc_ss=7b289&_nc_zt=28&oh=00_Af8TYy-eWWz9cBgLtl4NeJMFJdgvzW0-jFnHencDb65aOw&oe=6A385231 | SD: https://video.fjai6-1.fna.fbcdn.net/o1/v/t2/f2/m412/AQOtjmJy2dckR-UAkyImkByY0mx34nP70qBfdj4D63Bu0Ec--2T3a5M1xLRodsEpjQrck1L9JRxnKmQOgyA917g4hNYt6z3a-thikrB0Pg.mp4?_nc_cat=105&_nc_oc=AdqiwxPdPOT-ALfKEZ3CVF8kumBLvxItUmqoaVO74YP-b6Ofx1u_3SxcGCdsHqWy7kHVA1FUB9deT4X_Y_Tz1_z9&_nc_sid=ef5aa3&_nc_ht=video.fjai6-1.fna.fbcdn.net&_nc_ohc=PGnuFhl8Oe4Q7kNvwEw6qSE&efg=eyJ2ZW5jb2RlX3RhZyI6Inhwdl9wcm9ncmVzc2l2ZS5WSV9VU0VDQVNFX1BST0RVQ1RfVFlQRS4uQzMuMzYwLnN2ZV9zZCIsInhwdl9hc3NldF9pZCI6MTYzNzM0MzEzNDI2MTc4MiwiYXNzZXRfYWdlX2RheXMiOjUwLCJ2aV91c2VjYXNlX2lkIjoxMDc5OSwiZHVyYXRpb25fcyI6NjQsInVybGdlbl9zb3VyY2UiOiJ3d3cifQ%3D%3D&ccb=17-1&_nc_gid=IsiPbDqrOYsD_SoEf351sA&_nc_ss=7b289&_nc_zt=28&oh=00_Af_kYXJsnaeOEOmoLSLAGkR8kxfe84hKxxt1XiG7HNbWGQ&oe=6A384EAD | Preview: https://scontent.fjai6-1.fna.fbcdn.net/v/t39.35426-6/708376974_818433854680878_2729155624703589692_n.jpg?_nc_cat=111&ccb=1-7&_nc_sid=c53f8f&_nc_ohc=Dou4pvPWPsEQ7kNvwHpq0bQ&_nc_oc=Adrwf0n2RFvE1heDdaPi7V1waSYsrj7pPGXJoV1InzTfzQeQhbaYKoXLPqt62Q3LpaSwAV7tyMXnP24_aBdXqKiL&_nc_zt=14&_nc_ht=scontent.fjai6-1.fna&_nc_gid=IsiPbDqrOYsD_SoEf351sA&_nc_ss=7b289&oh=00_Af_vE3L-3xg2Y4Nc_mhkRqflV8fI8avDdTn4mB8jOE1SEw&oe=6A383D91,,,,,,,
1671529370710855,https://www.facebook.com/61580691688792/,fb.me,https://www.facebook.com/61580691688792/,,,,,,,,,1070524629471827,http://fb.me/,Auroraa Havens,https://www.facebook.com/ads/library/?id=1671529370710855,"Opportunities like this don’t come twice in Goa.
A limited collection of 4 luxury villas in Anjuna, crafted for those who want exclusivity, not crowds.
Secure yours before it’s gone.",23,Get quote,fb.me,"FACEBOOK; INSTAGRAM",2026-05-17,2026-06-16,,,"Opportunities like this don’t come twice in Goa.
A limited collection of 4 luxury villas in Anjuna, crafted for those who want exclusivity, not crowds.
Secure yours before it’s gone. || Opportunities like this don’t come twice in Goa.
A limited collection of 4 luxury villas in Anjuna, crafted for those who want exclusivity, not crowds.
Secure yours before it’s gone. || Opportunities like this don’t come twice in Goa.
A limited collection of 4 luxury villas in Anjuna, crafted for those who want exclusivity, not crowds.
Secure yours before it’s gone. || Opportunities like this don’t come twice in Goa.
A limited collection of 4 luxury villas in Anjuna, crafted for those who want exclusivity, not crowds.
Secure yours before it’s gone. || Opportunities like this don’t come twice in Goa.
A limited collection of 4 luxury villas in Anjuna, crafted for those who want exclusivity, not crowds.
Secure yours before it’s gone. || Opportunities like this don’t come twice in Goa.
A limited collection of 4 luxury villas in Anjuna, crafted for those who want exclusivity, not crowds.
Secure yours before it’s gone. || Opportunities like this don’t come twice in Goa.
A limited collection of 4 luxury villas in Anjuna, crafted for those who want exclusivity, not crowds.
Secure yours before it’s gone. || Opportunities like this don’t come twice in Goa.
A limited collection of 4 luxury villas in Anjuna, crafted for those who want exclusivity, not crowds.
Secure yours before it’s gone. || Opportunities like this don’t come twice in Goa.
A limited collection of 4 luxury villas in Anjuna, crafted for those who want exclusivity, not crowds.
Secure yours before it’s gone. || Opportunities like this don’t come twice in Goa.
A limited collection of 4 luxury villas in Anjuna, crafted for those who want exclusivity, not crowds.
Secure yours before it’s gone. || Opportunities like this don’t come twice in Goa.
A limited collection of 4 luxury villas in Anjuna, crafted for those who want exclusivity, not crowds.
Secure yours before it’s gone. || Opportunities like this don’t come twice in Goa.
A limited collection of 4 luxury villas in Anjuna, crafted for those who want exclusivity, not crowds.
Secure yours before it’s gone. || Opportunities like this don’t come twice in Goa.
A limited collection of 4 luxury villas in Anjuna, crafted for those who want exclusivity, not crowds.
Secure yours before it’s gone. || Opportunities like this don’t come twice in Goa.
A limited collection of 4 luxury villas in Anjuna, crafted for those who want exclusivity, not crowds.
Secure yours before it’s gone. || Opportunities like this don’t come twice in Goa.
A limited collection of 4 luxury villas in Anjuna, crafted for those who want exclusivity, not crowds.
Secure yours before it’s gone. || Opportunities like this don’t come twice in Goa.
A limited collection of 4 luxury villas in Anjuna, crafted for those who want exclusivity, not crowds.
Secure yours before it’s gone. || Opportunities like this don’t come twice in Goa.
A limited collection of 4 luxury villas in Anjuna, crafted for those who want exclusivity, not crowds.
Secure yours before it’s gone. || Opportunities like this don’t come twice in Goa.
A limited collection of 4 luxury villas in Anjuna, crafted for those who want exclusivity, not crowds.
Secure yours before it’s gone. || Opportunities like this don’t come twice in Goa.
A limited collection of 4 luxury villas in Anjuna, crafted for those who want exclusivity, not crowds.
Secure yours before it’s gone. || Opportunities like this don’t come twice in Goa.
A limited collection of 4 luxury villas in Anjuna, crafted for those who want exclusivity, not crowds.
Secure yours before it’s gone. || Opportunities like this don’t come twice in Goa.
A limited collection of 4 luxury villas in Anjuna, crafted for those who want exclusivity, not crowds.
Secure yours before it’s gone. || Opportunities like this don’t come twice in Goa.
A limited collection of 4 luxury villas in Anjuna, crafted for those who want exclusivity, not crowds.
Secure yours before it’s gone. || Opportunities like this don’t come twice in Goa.
A limited collection of 4 luxury villas in Anjuna, crafted for those who want exclusivity, not crowds.
Secure yours before it’s gone. || Opportunities like this don’t come twice in Goa.
A limited collection of 4 luxury villas in Anjuna, crafted for those who want exclusivity, not crowds.
Secure yours before it’s gone. || Opportunities like this don’t come twice in Goa.
A limited collection of 4 luxury villas in Anjuna, crafted for those who want exclusivity, not crowds.
Secure yours before it’s gone.",http://fb.me/ || http://fb.me/ || http://fb.me/ || http://fb.me/ || http://fb.me/ || http://fb.me/ || http://fb.me/ || http://fb.me/ || http://fb.me/ || http://fb.me/ || http://fb.me/ || http://fb.me/ || http://fb.me/ || http://fb.me/ || http://fb.me/ || http://fb.me/ || http://fb.me/ || http://fb.me/ || http://fb.me/ || http://fb.me/ || http://fb.me/ || http://fb.me/ || http://fb.me/ || http://fb.me/ || http://fb.me/,,Get Quote || Get Quote || Get Quote || Get Quote || Get Quote || Get Quote || Get Quote || Get Quote || Get Quote || Get Quote || Get Quote || Get Quote || Get Quote || Get Quote || Get Quote || Get Quote || Get Quote || Get Quote || Get Quote || Get Quote || Get Quote || Get Quote || Get Quote || Get Quote || Get Quote,Original: https://scontent.fjai6-1.fna.fbcdn.net/v/t39.35426-6/677769828_1587578528975331_6610694153251703107_n.jpg?_nc_cat=107&ccb=1-7&_nc_sid=c53f8f&_nc_ohc=5NqeT0YbaFcQ7kNvwF6us2R&_nc_oc=AdpYFh1x6i7OMWgo3jjrauu3clBmCX4OFoJ5IVDJZStEhb9c5wyGmo693wa9KF0naa9yyI2sB0jqn6ZfVGY7fQru&_nc_zt=14&_nc_ht=scontent.fjai6-1.fna&_nc_gid=IsiPbDqrOYsD_SoEf351sA&_nc_ss=7b289&oh=00_Af8ts2TcG4BJ379fgQSF_4u6W1DlfyC3HxlMISeYib7XYQ&oe=6A3862BE | Resized: https://scontent.fjai6-1.fna.fbcdn.net/v/t39.35426-6/678953645_1536625587987331_8941612872039592789_n.jpg?stp=dst-jpg_s600x600_tt6&_nc_cat=105&ccb=1-7&_nc_sid=c53f8f&_nc_ohc=cQewuc7Tmm8Q7kNvwEJ21-w&_nc_oc=Adr_fyPQ1MzLSP3fkfE21LwAb2-yM-2YeNVNZm98t3sZZk4ODiiGGI5HkRZgeXXjvi0Daji__i7hrlOKuMjehuRG&_nc_zt=14&_nc_ht=scontent.fjai6-1.fna&_nc_gid=IsiPbDqrOYsD_SoEf351sA&_nc_ss=7b289&oh=00_Af85RoVIrhkJ9Gr1jS3yMGyQjZsTSO6kMXYdNYpOG6u_JQ&oe=6A38407B || Original: https://scontent.fjai6-1.fna.fbcdn.net/v/t39.35426-6/679567395_1587103005728937_8365043092372277028_n.jpg?_nc_cat=108&ccb=1-7&_nc_sid=c53f8f&_nc_ohc=p8LM0BSLSe8Q7kNvwF5IjNR&_nc_oc=AdpL2H9MPDQ2PfttcuYvgOjUa0c2IRvJ5LazgFGrcnh2LJzyQ9C1AlYiu0jsdIRrVF_0BR0MhKD5Qk-LWwge8Z43&_nc_zt=14&_nc_ht=scontent.fjai6-1.fna&_nc_gid=IsiPbDqrOYsD_SoEf351sA&_nc_ss=7b289&oh=00_Af8-xbnw_p8VIwSEWU4_5WGfSd_oXZhJVbtbPnhiUjB7xQ&oe=6A38404F | Resized: https://scontent.fjai6-1.fna.fbcdn.net/v/t39.35426-6/678242953_966996312486450_4880890841820242789_n.jpg?stp=dst-jpg_s600x600_tt6&_nc_cat=111&ccb=1-7&_nc_sid=c53f8f&_nc_ohc=N75txanlUAUQ7kNvwF--hAK&_nc_oc=AdrkvQp2vzq25tqSY2CCDEYNLATOmw2q1zxutaQYGRUY7x8d4fCYLpWOr5AWLcEaS1GQytsBxCz4LwxYMzJDJdrf&_nc_zt=14&_nc_ht=scontent.fjai6-1.fna&_nc_gid=IsiPbDqrOYsD_SoEf351sA&_nc_ss=7b289&oh=00_Af-hesdbcmXX4vTKxTGIZXuWzf3GO6QxuLKCReip21C7LQ&oe=6A383CDB || Original: https://scontent.fjai6-1.fna.fbcdn.net/v/t39.35426-6/681675936_1514355946702095_1853601970144627445_n.jpg?_nc_cat=107&ccb=1-7&_nc_sid=c53f8f&_nc_ohc=_PGyGGQNuWAQ7kNvwFLgixa&_nc_oc=AdpgltX4uOmHq147v5EBOB2WDCNMd7etpkcwOqgmmEcIPgFIEmVnNk04_qLrD2dgxaVlkd9LieoDxRfOlDdw1dtw&_nc_zt=14&_nc_ht=scontent.fjai6-1.fna&_nc_gid=IsiPbDqrOYsD_SoEf351sA&_nc_ss=7b289&oh=00_Af9j23ziaerT8hy6V-ZmfAEqIoSFIgTtMOSIciV3_9QrBw&oe=6A3835DC | Resized: https://scontent.fjai6-1.fna.fbcdn.net/v/t39.35426-6/680133466_958472473391868_863926349333050965_n.jpg?stp=dst-jpg_s600x600_tt6&_nc_cat=103&ccb=1-7&_nc_sid=c53f8f&_nc_ohc=LKg8Wj7CsAIQ7kNvwEsxltC&_nc_oc=AdrpDjzrwM861qgtjEqxvJDSq136quSkfpmu08Vsyz3ty4YA-1Bd1sMVQd13cUQYGHh_ji1Ir0uUdaGDt5SPcBOO&_nc_zt=14&_nc_ht=scontent.fjai6-1.fna&_nc_gid=IsiPbDqrOYsD_SoEf351sA&_nc_ss=7b289&oh=00_Af9Aie7LaHYzkEj3XEOJm3vax_7m3aCtbK9VKwoFupd0eA&oe=6A3857D2 || Original: https://scontent.fjai6-1.fna.fbcdn.net/v/t39.35426-6/678258006_1286389882961236_8329568032993084660_n.jpg?_nc_cat=103&ccb=1-7&_nc_sid=c53f8f&_nc_ohc=MYNMnp9PIWcQ7kNvwGzzSoT&_nc_oc=AdprAstKgsfnUsjbKCuvkN9asGjycp9C-4qC7Pcl8vUTuarsPpf11VgXciwaLgt8ZWyFC15fpzyoHTbjCiEbsmE9&_nc_zt=14&_nc_ht=scontent.fjai6-1.fna&_nc_gid=IsiPbDqrOYsD_SoEf351sA&_nc_ss=7b289&oh=00_Af8tfvuNdNBLxF_8nra1XSLnAdQTFbXigo7Gz5tW3FQSWA&oe=6A383AAF | Resized: https://scontent.fjai6-1.fna.fbcdn.net/v/t39.35426-6/675571719_4432639863635257_7465638574152178881_n.jpg?stp=dst-jpg_s600x600_tt6&_nc_cat=106&ccb=1-7&_nc_sid=c53f8f&_nc_ohc=Uo0ocVACM6AQ7kNvwFVKVTz&_nc_oc=Adq25eWdnCxp5gA7rpa6yrnKKlKgIGvr8lAa8o2X17ztpLECppIe-Xpuql4bPNxMVV9GFFCxe5P9jEi5rK3FAzZC&_nc_zt=14&_nc_ht=scontent.fjai6-1.fna&_nc_gid=IsiPbDqrOYsD_SoEf351sA&_nc_ss=7b289&oh=00_Af9y0hsggLoTLBYH9bEYdLOsHVEeywBytjjofdfYjTMulw&oe=6A3857BF || Original: https://scontent.fjai6-1.fna.fbcdn.net/v/t39.35426-6/679921566_931309426545966_397958415858002730_n.jpg?_nc_cat=103&ccb=1-7&_nc_sid=c53f8f&_nc_ohc=AFJ3ig_CmfQQ7kNvwGkUKVw&_nc_oc=AdpEoebH-bJoEgkBizhyhU0X7to91CywCD3qhyysFZB2eP6yVN3nGLgRKIQF5slY_Mme-S07dMTU2e_HmHkXb6-d&_nc_zt=14&_nc_ht=scontent.fjai6-1.fna&_nc_gid=IsiPbDqrOYsD_SoEf351sA&_nc_ss=7b289&oh=00_Af9PK1D8ZVPWA2iYAtiinjMvULKhmVjyqYRAveyEBN_Rew&oe=6A38392E | Resized: https://scontent.fjai6-1.fna.fbcdn.net/v/t39.35426-6/680691464_1489409339345556_7284488808041885990_n.jpg?stp=dst-jpg_s600x600_tt6&_nc_cat=100&ccb=1-7&_nc_sid=c53f8f&_nc_ohc=GWTcoyvjJaMQ7kNvwGSQUbI&_nc_oc=Adpn2dtCg1PPjC8PrsZqBwl0zfKjbQo4t2w4AMZEtiBbZWFgWAz-a639pH9sJ2A9dYbU07U23dFmFUDzukeAU0x8&_nc_zt=14&_nc_ht=scontent.fjai6-1.fna&_nc_gid=IsiPbDqrOYsD_SoEf351sA&_nc_ss=7b289&oh=00_Af_Uw4GZXHmj415-TQeQa3XUUJsxJTc-7ILqXwezoB8Jqg&oe=6A382FD5 || Original: https://scontent.fjai6-1.fna.fbcdn.net/v/t39.35426-6/677769828_1587578528975331_6610694153251703107_n.jpg?_nc_cat=107&ccb=1-7&_nc_sid=c53f8f&_nc_ohc=5NqeT0YbaFcQ7kNvwF6us2R&_nc_oc=AdpYFh1x6i7OMWgo3jjrauu3clBmCX4OFoJ5IVDJZStEhb9c5wyGmo693wa9KF0naa9yyI2sB0jqn6ZfVGY7fQru&_nc_zt=14&_nc_ht=scontent.fjai6-1.fna&_nc_gid=IsiPbDqrOYsD_SoEf351sA&_nc_ss=7b289&oh=00_Af8ts2TcG4BJ379fgQSF_4u6W1DlfyC3HxlMISeYib7XYQ&oe=6A3862BE | Resized: https://scontent.fjai6-1.fna.fbcdn.net/v/t39.35426-6/678953645_1536625587987331_8941612872039592789_n.jpg?stp=dst-jpg_s600x600_tt6&_nc_cat=105&ccb=1-7&_nc_sid=c53f8f&_nc_ohc=cQewuc7Tmm8Q7kNvwEJ21-w&_nc_oc=Adr_fyPQ1MzLSP3fkfE21LwAb2-yM-2YeNVNZm98t3sZZk4ODiiGGI5HkRZgeXXjvi0Daji__i7hrlOKuMjehuRG&_nc_zt=14&_nc_ht=scontent.fjai6-1.fna&_nc_gid=IsiPbDqrOYsD_SoEf351sA&_nc_ss=7b289&oh=00_Af85RoVIrhkJ9Gr1jS3yMGyQjZsTSO6kMXYdNYpOG6u_JQ&oe=6A38407B || Original: https://scontent.fjai6-1.fna.fbcdn.net/v/t39.35426-6/679567395_1587103005728937_8365043092372277028_n.jpg?_nc_cat=108&ccb=1-7&_nc_sid=c53f8f&_nc_ohc=p8LM0BSLSe8Q7kNvwF5IjNR&_nc_oc=AdpL2H9MPDQ2PfttcuYvgOjUa0c2IRvJ5LazgFGrcnh2LJzyQ9C1AlYiu0jsdIRrVF_0BR0MhKD5Qk-LWwge8Z43&_nc_zt=14&_nc_ht=scontent.fjai6-1.fna&_nc_gid=IsiPbDqrOYsD_SoEf351sA&_nc_ss=7b289&oh=00_Af8-xbnw_p8VIwSEWU4_5WGfSd_oXZhJVbtbPnhiUjB7xQ&oe=6A38404F | Resized: https://scontent.fjai6-1.fna.fbcdn.net/v/t39.35426-6/678242953_966996312486450_4880890841820242789_n.jpg?stp=dst-jpg_s600x600_tt6&_nc_cat=111&ccb=1-7&_nc_sid=c53f8f&_nc_ohc=N75txanlUAUQ7kNvwF--hAK&_nc_oc=AdrkvQp2vzq25tqSY2CCDEYNLATOmw2q1zxutaQYGRUY7x8d4fCYLpWOr5AWLcEaS1GQytsBxCz4LwxYMzJDJdrf&_nc_zt=14&_nc_ht=scontent.fjai6-1.fna&_nc_gid=IsiPbDqrOYsD_SoEf351sA&_nc_ss=7b289&oh=00_Af-hesdbcmXX4vTKxTGIZXuWzf3GO6QxuLKCReip21C7LQ&oe=6A383CDB || Original: https://scontent.fjai6-1.fna.fbcdn.net/v/t39.35426-6/681675936_1514355946702095_1853601970144627445_n.jpg?_nc_cat=107&ccb=1-7&_nc_sid=c53f8f&_nc_ohc=_PGyGGQNuWAQ7kNvwFLgixa&_nc_oc=AdpgltX4uOmHq147v5EBOB2WDCNMd7etpkcwOqgmmEcIPgFIEmVnNk04_qLrD2dgxaVlkd9LieoDxRfOlDdw1dtw&_nc_zt=14&_nc_ht=scontent.fjai6-1.fna&_nc_gid=IsiPbDqrOYsD_SoEf351sA&_nc_ss=7b289&oh=00_Af9j23ziaerT8hy6V-ZmfAEqIoSFIgTtMOSIciV3_9QrBw&oe=6A3835DC | Resized: https://scontent.fjai6-1.fna.fbcdn.net/v/t39.35426-6/680133466_958472473391868_863926349333050965_n.jpg?stp=dst-jpg_s600x600_tt6&_nc_cat=103&ccb=1-7&_nc_sid=c53f8f&_nc_ohc=LKg8Wj7CsAIQ7kNvwEsxltC&_nc_oc=AdrpDjzrwM861qgtjEqxvJDSq136quSkfpmu08Vsyz3ty4YA-1Bd1sMVQd13cUQYGHh_ji1Ir0uUdaGDt5SPcBOO&_nc_zt=14&_nc_ht=scontent.fjai6-1.fna&_nc_gid=IsiPbDqrOYsD_SoEf351sA&_nc_ss=7b289&oh=00_Af9Aie7LaHYzkEj3XEOJm3vax_7m3aCtbK9VKwoFupd0eA&oe=6A3857D2 || Original: https://scontent.fjai6-1.fna.fbcdn.net/v/t39.35426-6/678258006_1286389882961236_8329568032993084660_n.jpg?_nc_cat=103&ccb=1-7&_nc_sid=c53f8f&_nc_ohc=MYNMnp9PIWcQ7kNvwGzzSoT&_nc_oc=AdprAstKgsfnUsjbKCuvkN9asGjycp9C-4qC7Pcl8vUTuarsPpf11VgXciwaLgt8ZWyFC15fpzyoHTbjCiEbsmE9&_nc_zt=14&_nc_ht=scontent.fjai6-1.fna&_nc_gid=IsiPbDqrOYsD_SoEf351sA&_nc_ss=7b289&oh=00_Af8tfvuNdNBLxF_8nra1XSLnAdQTFbXigo7Gz5tW3FQSWA&oe=6A383AAF | Resized: https://scontent.fjai6-1.fna.fbcdn.net/v/t39.35426-6/675571719_4432639863635257_7465638574152178881_n.jpg?stp=dst-jpg_s600x600_tt6&_nc_cat=106&ccb=1-7&_nc_sid=c53f8f&_nc_ohc=Uo0ocVACM6AQ7kNvwFVKVTz&_nc_oc=Adq25eWdnCxp5gA7rpa6yrnKKlKgIGvr8lAa8o2X17ztpLECppIe-Xpuql4bPNxMVV9GFFCxe5P9jEi5rK3FAzZC&_nc_zt=14&_nc_ht=scontent.fjai6-1.fna&_nc_gid=IsiPbDqrOYsD_SoEf351sA&_nc_ss=7b289&oh=00_Af9y0hsggLoTLBYH9bEYdLOsHVEeywBytjjofdfYjTMulw&oe=6A3857BF || Original: https://scontent.fjai6-1.fna.fbcdn.net/v/t39.35426-6/679921566_931309426545966_397958415858002730_n.jpg?_nc_cat=103&ccb=1-7&_nc_sid=c53f8f&_nc_ohc=AFJ3ig_CmfQQ7kNvwGkUKVw&_nc_oc=AdpEoebH-bJoEgkBizhyhU0X7to91CywCD3qhyysFZB2eP6yVN3nGLgRKIQF5slY_Mme-S07dMTU2e_HmHkXb6-d&_nc_zt=14&_nc_ht=scontent.fjai6-1.fna&_nc_gid=IsiPbDqrOYsD_SoEf351sA&_nc_ss=7b289&oh=00_Af9PK1D8ZVPWA2iYAtiinjMvULKhmVjyqYRAveyEBN_Rew&oe=6A38392E | Resized: https://scontent.fjai6-1.fna.fbcdn.net/v/t39.35426-6/680691464_1489409339345556_7284488808041885990_n.jpg?stp=dst-jpg_s600x600_tt6&_nc_cat=100&ccb=1-7&_nc_sid=c53f8f&_nc_ohc=GWTcoyvjJaMQ7kNvwGSQUbI&_nc_oc=Adpn2dtCg1PPjC8PrsZqBwl0zfKjbQo4t2w4AMZEtiBbZWFgWAz-a639pH9sJ2A9dYbU07U23dFmFUDzukeAU0x8&_nc_zt=14&_nc_ht=scontent.fjai6-1.fna&_nc_gid=IsiPbDqrOYsD_SoEf351sA&_nc_ss=7b289&oh=00_Af_Uw4GZXHmj415-TQeQa3XUUJsxJTc-7ILqXwezoB8Jqg&oe=6A382FD5 || Original: https://scontent.fjai6-1.fna.fbcdn.net/v/t39.35426-6/677769828_1587578528975331_6610694153251703107_n.jpg?_nc_cat=107&ccb=1-7&_nc_sid=c53f8f&_nc_ohc=5NqeT0YbaFcQ7kNvwF6us2R&_nc_oc=AdpYFh1x6i7OMWgo3jjrauu3clBmCX4OFoJ5IVDJZStEhb9c5wyGmo693wa9KF0naa9yyI2sB0jqn6ZfVGY7fQru&_nc_zt=14&_nc_ht=scontent.fjai6-1.fna&_nc_gid=IsiPbDqrOYsD_SoEf351sA&_nc_ss=7b289&oh=00_Af8ts2TcG4BJ379fgQSF_4u6W1DlfyC3HxlMISeYib7XYQ&oe=6A3862BE | Resized: https://scontent.fjai6-1.fna.fbcdn.net/v/t39.35426-6/678953645_1536625587987331_8941612872039592789_n.jpg?stp=dst-jpg_s600x600_tt6&_nc_cat=105&ccb=1-7&_nc_sid=c53f8f&_nc_ohc=cQewuc7Tmm8Q7kNvwEJ21-w&_nc_oc=Adr_fyPQ1MzLSP3fkfE21LwAb2-yM-2YeNVNZm98t3sZZk4ODiiGGI5HkRZgeXXjvi0Daji__i7hrlOKuMjehuRG&_nc_zt=14&_nc_ht=scontent.fjai6-1.fna&_nc_gid=IsiPbDqrOYsD_SoEf351sA&_nc_ss=7b289&oh=00_Af85RoVIrhkJ9Gr1jS3yMGyQjZsTSO6kMXYdNYpOG6u_JQ&oe=6A38407B || Original: https://scontent.fjai6-1.fna.fbcdn.net/v/t39.35426-6/679567395_1587103005728937_8365043092372277028_n.jpg?_nc_cat=108&ccb=1-7&_nc_sid=c53f8f&_nc_ohc=p8LM0BSLSe8Q7kNvwF5IjNR&_nc_oc=AdpL2H9MPDQ2PfttcuYvgOjUa0c2IRvJ5LazgFGrcnh2LJzyQ9C1AlYiu0jsdIRrVF_0BR0MhKD5Qk-LWwge8Z43&_nc_zt=14&_nc_ht=scontent.fjai6-1.fna&_nc_gid=IsiPbDqrOYsD_SoEf351sA&_nc_ss=7b289&oh=00_Af8-xbnw_p8VIwSEWU4_5WGfSd_oXZhJVbtbPnhiUjB7xQ&oe=6A38404F | Resized: https://scontent.fjai6-1.fna.fbcdn.net/v/t39.35426-6/678242953_966996312486450_4880890841820242789_n.jpg?stp=dst-jpg_s600x600_tt6&_nc_cat=111&ccb=1-7&_nc_sid=c53f8f&_nc_ohc=N75txanlUAUQ7kNvwF--hAK&_nc_oc=AdrkvQp2vzq25tqSY2CCDEYNLATOmw2q1zxutaQYGRUY7x8d4fCYLpWOr5AWLcEaS1GQytsBxCz4LwxYMzJDJdrf&_nc_zt=14&_nc_ht=scontent.fjai6-1.fna&_nc_gid=IsiPbDqrOYsD_SoEf351sA&_nc_ss=7b289&oh=00_Af-hesdbcmXX4vTKxTGIZXuWzf3GO6QxuLKCReip21C7LQ&oe=6A383CDB || Original: https://scontent.fjai6-1.fna.fbcdn.net/v/t39.35426-6/681675936_1514355946702095_1853601970144627445_n.jpg?_nc_cat=107&ccb=1-7&_nc_sid=c53f8f&_nc_ohc=_PGyGGQNuWAQ7kNvwFLgixa&_nc_oc=AdpgltX4uOmHq147v5EBOB2WDCNMd7etpkcwOqgmmEcIPgFIEmVnNk04_qLrD2dgxaVlkd9LieoDxRfOlDdw1dtw&_nc_zt=14&_nc_ht=scontent.fjai6-1.fna&_nc_gid=IsiPbDqrOYsD_SoEf351sA&_nc_ss=7b289&oh=00_Af9j23ziaerT8hy6V-ZmfAEqIoSFIgTtMOSIciV3_9QrBw&oe=6A3835DC | Resized: https://scontent.fjai6-1.fna.fbcdn.net/v/t39.35426-6/680133466_958472473391868_863926349333050965_n.jpg?stp=dst-jpg_s600x600_tt6&_nc_cat=103&ccb=1-7&_nc_sid=c53f8f&_nc_ohc=LKg8Wj7CsAIQ7kNvwEsxltC&_nc_oc=AdrpDjzrwM861qgtjEqxvJDSq136quSkfpmu08Vsyz3ty4YA-1Bd1sMVQd13cUQYGHh_ji1Ir0uUdaGDt5SPcBOO&_nc_zt=14&_nc_ht=scontent.fjai6-1.fna&_nc_gid=IsiPbDqrOYsD_SoEf351sA&_nc_ss=7b289&oh=00_Af9Aie7LaHYzkEj3XEOJm3vax_7m3aCtbK9VKwoFupd0eA&oe=6A3857D2 || Original: https://scontent.fjai6-1.fna.fbcdn.net/v/t39.35426-6/678258006_1286389882961236_8329568032993084660_n.jpg?_nc_cat=103&ccb=1-7&_nc_sid=c53f8f&_nc_ohc=MYNMnp9PIWcQ7kNvwGzzSoT&_nc_oc=AdprAstKgsfnUsjbKCuvkN9asGjycp9C-4qC7Pcl8vUTuarsPpf11VgXciwaLgt8ZWyFC15fpzyoHTbjCiEbsmE9&_nc_zt=14&_nc_ht=scontent.fjai6-1.fna&_nc_gid=IsiPbDqrOYsD_SoEf351sA&_nc_ss=7b289&oh=00_Af8tfvuNdNBLxF_8nra1XSLnAdQTFbXigo7Gz5tW3FQSWA&oe=6A383AAF | Resized: https://scontent.fjai6-1.fna.fbcdn.net/v/t39.35426-6/675571719_4432639863635257_7465638574152178881_n.jpg?stp=dst-jpg_s600x600_tt6&_nc_cat=106&ccb=1-7&_nc_sid=c53f8f&_nc_ohc=Uo0ocVACM6AQ7kNvwFVKVTz&_nc_oc=Adq25eWdnCxp5gA7rpa6yrnKKlKgIGvr8lAa8o2X17ztpLECppIe-Xpuql4bPNxMVV9GFFCxe5P9jEi5rK3FAzZC&_nc_zt=14&_nc_ht=scontent.fjai6-1.fna&_nc_gid=IsiPbDqrOYsD_SoEf351sA&_nc_ss=7b289&oh=00_Af9y0hsggLoTLBYH9bEYdLOsHVEeywBytjjofdfYjTMulw&oe=6A3857BF || Original: https://scontent.fjai6-1.fna.fbcdn.net/v/t39.35426-6/679921566_931309426545966_397958415858002730_n.jpg?_nc_cat=103&ccb=1-7&_nc_sid=c53f8f&_nc_ohc=AFJ3ig_CmfQQ7kNvwGkUKVw&_nc_oc=AdpEoebH-bJoEgkBizhyhU0X7to91CywCD3qhyysFZB2eP6yVN3nGLgRKIQF5slY_Mme-S07dMTU2e_HmHkXb6-d&_nc_zt=14&_nc_ht=scontent.fjai6-1.fna&_nc_gid=IsiPbDqrOYsD_SoEf351sA&_nc_ss=7b289&oh=00_Af9PK1D8ZVPWA2iYAtiinjMvULKhmVjyqYRAveyEBN_Rew&oe=6A38392E | Resized: https://scontent.fjai6-1.fna.fbcdn.net/v/t39.35426-6/680691464_1489409339345556_7284488808041885990_n.jpg?stp=dst-jpg_s600x600_tt6&_nc_cat=100&ccb=1-7&_nc_sid=c53f8f&_nc_ohc=GWTcoyvjJaMQ7kNvwGSQUbI&_nc_oc=Adpn2dtCg1PPjC8PrsZqBwl0zfKjbQo4t2w4AMZEtiBbZWFgWAz-a639pH9sJ2A9dYbU07U23dFmFUDzukeAU0x8&_nc_zt=14&_nc_ht=scontent.fjai6-1.fna&_nc_gid=IsiPbDqrOYsD_SoEf351sA&_nc_ss=7b289&oh=00_Af_Uw4GZXHmj415-TQeQa3XUUJsxJTc-7ILqXwezoB8Jqg&oe=6A382FD5 || Original: https://scontent.fjai6-1.fna.fbcdn.net/v/t39.35426-6/677769828_1587578528975331_6610694153251703107_n.jpg?_nc_cat=107&ccb=1-7&_nc_sid=c53f8f&_nc_ohc=5NqeT0YbaFcQ7kNvwF6us2R&_nc_oc=AdpYFh1x6i7OMWgo3jjrauu3clBmCX4OFoJ5IVDJZStEhb9c5wyGmo693wa9KF0naa9yyI2sB0jqn6ZfVGY7fQru&_nc_zt=14&_nc_ht=scontent.fjai6-1.fna&_nc_gid=IsiPbDqrOYsD_SoEf351sA&_nc_ss=7b289&oh=00_Af8ts2TcG4BJ379fgQSF_4u6W1DlfyC3HxlMISeYib7XYQ&oe=6A3862BE | Resized: https://scontent.fjai6-1.fna.fbcdn.net/v/t39.35426-6/678953645_1536625587987331_8941612872039592789_n.jpg?stp=dst-jpg_s600x600_tt6&_nc_cat=105&ccb=1-7&_nc_sid=c53f8f&_nc_ohc=cQewuc7Tmm8Q7kNvwEJ21-w&_nc_oc=Adr_fyPQ1MzLSP3fkfE21LwAb2-yM-2YeNVNZm98t3sZZk4ODiiGGI5HkRZgeXXjvi0Daji__i7hrlOKuMjehuRG&_nc_zt=14&_nc_ht=scontent.fjai6-1.fna&_nc_gid=IsiPbDqrOYsD_SoEf351sA&_nc_ss=7b289&oh=00_Af85RoVIrhkJ9Gr1jS3yMGyQjZsTSO6kMXYdNYpOG6u_JQ&oe=6A38407B || Original: https://scontent.fjai6-1.fna.fbcdn.net/v/t39.35426-6/679567395_1587103005728937_8365043092372277028_n.jpg?_nc_cat=108&ccb=1-7&_nc_sid=c53f8f&_nc_ohc=p8LM0BSLSe8Q7kNvwF5IjNR&_nc_oc=AdpL2H9MPDQ2PfttcuYvgOjUa0c2IRvJ5LazgFGrcnh2LJzyQ9C1AlYiu0jsdIRrVF_0BR0MhKD5Qk-LWwge8Z43&_nc_zt=14&_nc_ht=scontent.fjai6-1.fna&_nc_gid=IsiPbDqrOYsD_SoEf351sA&_nc_ss=7b289&oh=00_Af8-xbnw_p8VIwSEWU4_5WGfSd_oXZhJVbtbPnhiUjB7xQ&oe=6A38404F | Resized: https://scontent.fjai6-1.fna.fbcdn.net/v/t39.35426-6/678242953_966996312486450_4880890841820242789_n.jpg?stp=dst-jpg_s600x600_tt6&_nc_cat=111&ccb=1-7&_nc_sid=c53f8f&_nc_ohc=N75txanlUAUQ7kNvwF--hAK&_nc_oc=AdrkvQp2vzq25tqSY2CCDEYNLATOmw2q1zxutaQYGRUY7x8d4fCYLpWOr5AWLcEaS1GQytsBxCz4LwxYMzJDJdrf&_nc_zt=14&_nc_ht=scontent.fjai6-1.fna&_nc_gid=IsiPbDqrOYsD_SoEf351sA&_nc_ss=7b289&oh=00_Af-hesdbcmXX4vTKxTGIZXuWzf3GO6QxuLKCReip21C7LQ&oe=6A383CDB || Original: https://scontent.fjai6-1.fna.fbcdn.net/v/t39.35426-6/681675936_1514355946702095_1853601970144627445_n.jpg?_nc_cat=107&ccb=1-7&_nc_sid=c53f8f&_nc_ohc=_PGyGGQNuWAQ7kNvwFLgixa&_nc_oc=AdpgltX4uOmHq147v5EBOB2WDCNMd7etpkcwOqgmmEcIPgFIEmVnNk04_qLrD2dgxaVlkd9LieoDxRfOlDdw1dtw&_nc_zt=14&_nc_ht=scontent.fjai6-1.fna&_nc_gid=IsiPbDqrOYsD_SoEf351sA&_nc_ss=7b289&oh=00_Af9j23ziaerT8hy6V-ZmfAEqIoSFIgTtMOSIciV3_9QrBw&oe=6A3835DC | Resized: https://scontent.fjai6-1.fna.fbcdn.net/v/t39.35426-6/680133466_958472473391868_863926349333050965_n.jpg?stp=dst-jpg_s600x600_tt6&_nc_cat=103&ccb=1-7&_nc_sid=c53f8f&_nc_ohc=LKg8Wj7CsAIQ7kNvwEsxltC&_nc_oc=AdrpDjzrwM861qgtjEqxvJDSq136quSkfpmu08Vsyz3ty4YA-1Bd1sMVQd13cUQYGHh_ji1Ir0uUdaGDt5SPcBOO&_nc_zt=14&_nc_ht=scontent.fjai6-1.fna&_nc_gid=IsiPbDqrOYsD_SoEf351sA&_nc_ss=7b289&oh=00_Af9Aie7LaHYzkEj3XEOJm3vax_7m3aCtbK9VKwoFupd0eA&oe=6A3857D2 || Original: https://scontent.fjai6-1.fna.fbcdn.net/v/t39.35426-6/678258006_1286389882961236_8329568032993084660_n.jpg?_nc_cat=103&ccb=1-7&_nc_sid=c53f8f&_nc_ohc=MYNMnp9PIWcQ7kNvwGzzSoT&_nc_oc=AdprAstKgsfnUsjbKCuvkN9asGjycp9C-4qC7Pcl8vUTuarsPpf11VgXciwaLgt8ZWyFC15fpzyoHTbjCiEbsmE9&_nc_zt=14&_nc_ht=scontent.fjai6-1.fna&_nc_gid=IsiPbDqrOYsD_SoEf351sA&_nc_ss=7b289&oh=00_Af8tfvuNdNBLxF_8nra1XSLnAdQTFbXigo7Gz5tW3FQSWA&oe=6A383AAF | Resized: https://scontent.fjai6-1.fna.fbcdn.net/v/t39.35426-6/675571719_4432639863635257_7465638574152178881_n.jpg?stp=dst-jpg_s600x600_tt6&_nc_cat=106&ccb=1-7&_nc_sid=c53f8f&_nc_ohc=Uo0ocVACM6AQ7kNvwFVKVTz&_nc_oc=Adq25eWdnCxp5gA7rpa6yrnKKlKgIGvr8lAa8o2X17ztpLECppIe-Xpuql4bPNxMVV9GFFCxe5P9jEi5rK3FAzZC&_nc_zt=14&_nc_ht=scontent.fjai6-1.fna&_nc_gid=IsiPbDqrOYsD_SoEf351sA&_nc_ss=7b289&oh=00_Af9y0hsggLoTLBYH9bEYdLOsHVEeywBytjjofdfYjTMulw&oe=6A3857BF || Original: https://scontent.fjai6-1.fna.fbcdn.net/v/t39.35426-6/679921566_931309426545966_397958415858002730_n.jpg?_nc_cat=103&ccb=1-7&_nc_sid=c53f8f&_nc_ohc=AFJ3ig_CmfQQ7kNvwGkUKVw&_nc_oc=AdpEoebH-bJoEgkBizhyhU0X7to91CywCD3qhyysFZB2eP6yVN3nGLgRKIQF5slY_Mme-S07dMTU2e_HmHkXb6-d&_nc_zt=14&_nc_ht=scontent.fjai6-1.fna&_nc_gid=IsiPbDqrOYsD_SoEf351sA&_nc_ss=7b289&oh=00_Af9PK1D8ZVPWA2iYAtiinjMvULKhmVjyqYRAveyEBN_Rew&oe=6A38392E | Resized: https://scontent.fjai6-1.fna.fbcdn.net/v/t39.35426-6/680691464_1489409339345556_7284488808041885990_n.jpg?stp=dst-jpg_s600x600_tt6&_nc_cat=100&ccb=1-7&_nc_sid=c53f8f&_nc_ohc=GWTcoyvjJaMQ7kNvwGSQUbI&_nc_oc=Adpn2dtCg1PPjC8PrsZqBwl0zfKjbQo4t2w4AMZEtiBbZWFgWAz-a639pH9sJ2A9dYbU07U23dFmFUDzukeAU0x8&_nc_zt=14&_nc_ht=scontent.fjai6-1.fna&_nc_gid=IsiPbDqrOYsD_SoEf351sA&_nc_ss=7b289&oh=00_Af_Uw4GZXHmj415-TQeQa3XUUJsxJTc-7ILqXwezoB8Jqg&oe=6A382FD5 || Original: https://scontent.fjai6-1.fna.fbcdn.net/v/t39.35426-6/679070129_1498732691859218_2026218319576745939_n.jpg?_nc_cat=107&ccb=1-7&_nc_sid=c53f8f&_nc_ohc=LK_cLvwpImQQ7kNvwFLW2Ac&_nc_oc=AdrbUY9JC-4qq7T66qqGajbKRe6-5X7QlL-MuLf3TsR1IUdWk0sJfwk4nv32eXQssAGxNOJBAADQgORakZgkNFjA&_nc_zt=14&_nc_ht=scontent.fjai6-1.fna&_nc_gid=IsiPbDqrOYsD_SoEf351sA&_nc_ss=7b289&oh=00_Af-PDDQj2N2-BWE6ZIzOXEc3Yp2Ct5WPpN5MlBSCrL8UtQ&oe=6A385DE9 | Resized: https://scontent.fjai6-1.fna.fbcdn.net/v/t39.35426-6/680381624_4731632610403068_2375733261056087199_n.jpg?stp=dst-jpg_s600x600_tt6&_nc_cat=104&ccb=1-7&_nc_sid=c53f8f&_nc_ohc=Qi2VYpnBvJYQ7kNvwGg-eRW&_nc_oc=AdohVNyI3nh4_nTO4mq4lZZryeIhpn9IdYHPnydzADIH18ozHOOaNRD3TrnMdSeOmnDe6BON8XX9Q9yU4GWaUMD0&_nc_zt=14&_nc_ht=scontent.fjai6-1.fna&_nc_gid=IsiPbDqrOYsD_SoEf351sA&_nc_ss=7b289&oh=00_Af_yhP9W0r3NPnqjU43_TS0S72XSmzGIR8SUu45WTRp5bw&oe=6A382F00 || Original: https://scontent.fjai6-1.fna.fbcdn.net/v/t39.35426-6/681129173_1584653045944253_1310824544291399671_n.jpg?_nc_cat=100&ccb=1-7&_nc_sid=c53f8f&_nc_ohc=QHrenThxlK0Q7kNvwFTM5Qa&_nc_oc=AdqCCgl9qd7oUhWjsL1lGHs-x7mWAXZXGT-BlMztPf8etanAkbPrxBmHrucRjribpU68UjfeoTCOjC0E7cg31dcS&_nc_zt=14&_nc_ht=scontent.fjai6-1.fna&_nc_gid=IsiPbDqrOYsD_SoEf351sA&_nc_ss=7b289&oh=00_Af9jOz0t2CA6exrHkLkLatupiuMoR8V5EN1p7nNd-r8k_Q&oe=6A385CA4 | Resized: https://scontent.fjai6-1.fna.fbcdn.net/v/t39.35426-6/678520501_970996975618672_6285904706574628274_n.jpg?stp=dst-jpg_s600x600_tt6&_nc_cat=100&ccb=1-7&_nc_sid=c53f8f&_nc_ohc=WycOBX9-uW8Q7kNvwHFHJ8E&_nc_oc=Adp56FqkI8lqqcLPRrJb0UxnoqY8OJlYehBsDGj2X8-b7W_gHV2v4kAHI8xMa-_dtYl89Fayd-ElRVJbRV7BYSi5&_nc_zt=14&_nc_ht=scontent.fjai6-1.fna&_nc_gid=IsiPbDqrOYsD_SoEf351sA&_nc_ss=7b289&oh=00_Af_gOM-Agzm9nuDoIOesLGS5i0H1m6EKuIHUFjvV2iPVIA&oe=6A385EED || Original: https://scontent.fjai6-1.fna.fbcdn.net/v/t39.35426-6/680014233_4311238459189755_8597590190335204622_n.jpg?_nc_cat=110&ccb=1-7&_nc_sid=c53f8f&_nc_ohc=cvQBp5OH-xAQ7kNvwHqINdl&_nc_oc=AdrnU2yfpGcJFmhRovt3PyCpYGN_2LYcqyCXN13E6NyHzmMwScJlfdIN2aFs1AEitCm-wI0VSeQjZWNK7lZwFmpv&_nc_zt=14&_nc_ht=scontent.fjai6-1.fna&_nc_gid=IsiPbDqrOYsD_SoEf351sA&_nc_ss=7b289&oh=00_Af8EpAY8tYIMeIeyccTEXIvaoT13atxT-XeP72zxJVfpnA&oe=6A386318 | Resized: https://scontent.fjai6-1.fna.fbcdn.net/v/t39.35426-6/680227930_4290120064610165_8091417988830231455_n.jpg?stp=dst-jpg_s600x600_tt6&_nc_cat=103&ccb=1-7&_nc_sid=c53f8f&_nc_ohc=vD5LHRhlTCcQ7kNvwEPDNoa&_nc_oc=Adq_aRTwLyAyVnZu_JwnmUB775TLC39I-HfaDsrVa1SAn5E57czyr6CebWek4hgV_d5TgwlAPXhTwnnDwCR2iZr0&_nc_zt=14&_nc_ht=scontent.fjai6-1.fna&_nc_gid=IsiPbDqrOYsD_SoEf351sA&_nc_ss=7b289&oh=00_Af97M0IRBvrJKrRe0_7L1hU_nOwN2_y9VeB59sz_Yxwrtg&oe=6A386411 || Original: https://scontent.fjai6-1.fna.fbcdn.net/v/t39.35426-6/681170441_3121074444747242_285747794848062793_n.jpg?_nc_cat=103&ccb=1-7&_nc_sid=c53f8f&_nc_ohc=aq9oK_IVRnsQ7kNvwEE_F4j&_nc_oc=AdqLdyF6R-n0eN-FjMUT-ZCFrcbxyD-eTi0-rnnI3JVPtezV7ksQ4zPlqamQlkL3Ia1MSR-nI_sJ9exMUGRXoTed&_nc_zt=14&_nc_ht=scontent.fjai6-1.fna&_nc_gid=IsiPbDqrOYsD_SoEf351sA&_nc_ss=7b289&oh=00_Af9P4OZW0iaGVBpO0H_-xobCNffo9A4DagLMhJ4hMb_9yg&oe=6A38607F | Resized: https://scontent.fjai6-1.fna.fbcdn.net/v/t39.35426-6/676643347_1642186670314505_1722451227781934490_n.jpg?stp=dst-jpg_s600x600_tt6&_nc_cat=106&ccb=1-7&_nc_sid=c53f8f&_nc_ohc=_RXSmjyCrjgQ7kNvwHljeFy&_nc_oc=AdoHgsu2MhEZY8BLr91p0T0zIRROCsy-ZCav4e2elN-V-VHUQvFQ6jU8LUYTpbAnLb4e8XVbNjAzf6yVF__tECn4&_nc_zt=14&_nc_ht=scontent.fjai6-1.fna&_nc_gid=IsiPbDqrOYsD_SoEf351sA&_nc_ss=7b289&oh=00_Af_yMrZ4aRhfzEHc5DBa6-o0mMXJNN9_euwXE6D_IBEmDA&oe=6A38605E || Original: https://scontent.fjai6-1.fna.fbcdn.net/v/t39.35426-6/681165642_920207900844724_3389354279385783995_n.jpg?_nc_cat=100&ccb=1-7&_nc_sid=c53f8f&_nc_ohc=drJW0wip-PIQ7kNvwGghe-6&_nc_oc=AdrvSFyVk2cDIUGvo_zYZyctilFTxrXrfuL51sWZMDHsfteJnAxZ1QGhK2n5_wt1XBaqr1ZeFcmShTMZOLqmDhOv&_nc_zt=14&_nc_ht=scontent.fjai6-1.fna&_nc_gid=IsiPbDqrOYsD_SoEf351sA&_nc_ss=7b289&oh=00_Af9z6SiUDB1VoNdC2hZICXlNENxWVs0SmJWWzhjCVhshIw&oe=6A384F33 | Resized: https://scontent.fjai6-1.fna.fbcdn.net/v/t39.35426-6/680582337_1574746184319950_5502932702573612518_n.jpg?stp=dst-jpg_s600x600_tt6&_nc_cat=104&ccb=1-7&_nc_sid=c53f8f&_nc_ohc=yYygjlw4l2YQ7kNvwGf10QW&_nc_oc=AdqIHwyMA6bN8QI3yCiwQHcFXvUbJ7kY23mrP7tmN07uQUqe6b-2WiL3YKzGk4_AElgUXMq2V61NhgQnap_u2SGo&_nc_zt=14&_nc_ht=scontent.fjai6-1.fna&_nc_gid=IsiPbDqrOYsD_SoEf351sA&_nc_ss=7b289&oh=00_Af-Wh_-BIBG46RwKmladEfU_aj-dDxi3HBotUhmPBCV9kw&oe=6A383198,
1723003732452009,https://www.facebook.com/Vaishnaviglobal12/,api.whatsapp.com,https://www.facebook.com/Vaishnaviglobal12/,,,,vaishnaviglobalbuilders@gmail.com,+91 98480 62499,,,,920817497788118,https://api.whatsapp.com/send,Vaishnavi Global Builders & Developers,https://www.facebook.com/ads/library/?id=1723003732452009,"☀️ Let the SUN pay your electricity bill!

Vaishnavi Elite Villas — Pre-fitted Solar Powered
4 BHK Luxury Villas near Bachupally ORR Exit.

✅ Luxury Without Limits
✅ Power Without Bills
✅ Premium Gated Community
✅ Modern Amenities

Future lo electricity bill almost ZERO! ⚡

Starting Price: ₹2.2 Crores onwards

📞 Enquire NOW for a Site Visit!

#VaishnaviEliteVillas #SolarHomes #LuxuryVillas #hyderabad",58,Send WhatsApp message,api.whatsapp.com,"FACEBOOK; INSTAGRAM; AUDIENCE_NETWORK; THREADS",2026-06-05,2026-06-17,HD: https://video.fjai6-1.fna.fbcdn.net/o1/v/t2/f2/m367/AQNXUmNeb4QY4J256vt5gZPD8DK7KVLGcL2Kpf3VI-xcJa3ZUcih3cZa8tk_t_x2Dnkr7XqRw1THm9pUNy2hryaS2fxXJetYHd0XjtAhaw.mp4?_nc_cat=111&_nc_oc=Adq7q6tQhWDEr8dzsmYA2irkL67obDgDVpC5TmenQZdTMwHoVe2MMZWl5qknhYI22asqgD9uzEWuf13MEjxgFhpo&_nc_sid=ef5aa3&_nc_ht=video.fjai6-1.fna.fbcdn.net&_nc_ohc=CojPpLS5ud0Q7kNvwHZlYLT&efg=eyJ2ZW5jb2RlX3RhZyI6Inhwdl9wcm9ncmVzc2l2ZS5WSV9VU0VDQVNFX1BST0RVQ1RfVFlQRS4uQzMuNzIwLnByb2dyZXNzaXZlX2gyNjQtYmFzaWMtZ2VuMl83MjBwIiwieHB2X2Fzc2V0X2lkIjoxNDIzMTkzNjMzMTU5MTc1LCJhc3NldF9hZ2VfZGF5cyI6MjIsInZpX3VzZWNhc2VfaWQiOjEwMDk5LCJkdXJhdGlvbl9zIjo0MSwidXJsZ2VuX3NvdXJjZSI6Ind3dyJ9&ccb=17-1&_nc_gid=ka3mi9sHEbst2znyWRCgpg&_nc_ss=7b289&_nc_zt=28&oh=00_Af_J2lX-ndrYH2hi2Yo4yF2SLIHX6aI4p1VrFGcV6PZ-Ag&oe=6A3842A3 | SD: https://video.fjai6-1.fna.fbcdn.net/o1/v/t2/f2/m367/AQMXWrrROPHZFPayTpsVqrZ_EbF6rHPu4x3uj2FVSN3Bczcv-ydqSO-sKDAABxn_r3ATIpDNw70QOuoK3u8oVc-wUBIMU3nf1W-Jk_XjVg.mp4?_nc_cat=103&_nc_oc=AdoZK0sQWyJiE-vjJvT35ojlQ86AKtr-Nnme0KN0GKGOrUNOpb5hXDANXxDuz4cWxsV5KOybH6-aD3-afY-jIW0M&_nc_sid=ef5aa3&_nc_ht=video.fjai6-1.fna.fbcdn.net&_nc_ohc=VtgF6HILK3MQ7kNvwHb-_Bx&efg=eyJ2ZW5jb2RlX3RhZyI6Inhwdl9wcm9ncmVzc2l2ZS5WSV9VU0VDQVNFX1BST0RVQ1RfVFlQRS4uQzMuMzYwLnByb2dyZXNzaXZlX2gyNjQtYmFzaWMtZ2VuMl8zNjBwIiwieHB2X2Fzc2V0X2lkIjoxNDIzMTkzNjMzMTU5MTc1LCJhc3NldF9hZ2VfZGF5cyI6MjIsInZpX3VzZWNhc2VfaWQiOjEwMDk5LCJkdXJhdGlvbl9zIjo0MSwidXJsZ2VuX3NvdXJjZSI6Ind3dyJ9&ccb=17-1&_nc_gid=ka3mi9sHEbst2znyWRCgpg&_nc_ss=7b289&_nc_zt=28&oh=00_Af-NiXtSRn57h2e4lII-D-DI21FMjuHKP2zDRC1fMrK-aw&oe=6A385553 | Preview: https://scontent.fjai6-1.fna.fbcdn.net/v/t39.35426-6/716614944_1413461947285543_4097622568321110785_n.jpg?_nc_cat=106&ccb=1-7&_nc_sid=c53f8f&_nc_ohc=YFKaYPefCdwQ7kNvwEII3xa&_nc_oc=AdrlQYJa2wkZqqHM1eCfkF0IJTWbWmf29cUy_fR89SOEELyBWhsntjBwQnH9B2T9SxxPh2bb9kIDX2X6s_Sh6lhj&_nc_zt=14&_nc_ht=scontent.fjai6-1.fna&_nc_gid=ka3mi9sHEbst2znyWRCgpg&_nc_ss=7b289&oh=00_Af9UsYh5rAcWsTiilA_bGYRa8naJqtOrjzepL9joqcvpTA&oe=6A385803,,,,,,,
1663822948071403,https://www.facebook.com/thecubeclub.co/,,https://www.facebook.com/thecubeclub.co/,,,,thecubeahd@gmail.com,+91 63564 77772,,,,116076294730327,,The Cube Club,https://www.facebook.com/ads/library/?id=1663822948071403,"POV: You found the perfect FUN escape ✨

From poolside moments and luxury villas to outdoor games, mini theatre, bike rides, kids’ play area, delicious meals and open green spaces, The Cube Club is where every plan becomes a memory. 💫

Whether you’re looking for a one-day staycation, family getaway, short vacation, weekend break or nature-bound resort experience near Ahmedabad, this is your place to relax, play, laugh and live freely. 🌿

Your next fun escape starts here. ☀️

#TheCubeClub #LuxuryStaycation #WeekendGetaway #ResortNearAhmedabad #FamilyEscape 

(Staycation Near Ahmedabad, Luxury Villas, Family Getaway, Weekend Escape, Nature Resort, Poolside Fun, Kids Play Area, Outdoor Games, Mini Theatre, Short Vacation)",15563,,,"FACEBOOK; INSTAGRAM",2026-05-21,2026-06-16,HD: https://video.fjai6-1.fna.fbcdn.net/o1/v/t2/f2/m367/AQMNwGri7_SHbZnLVMYnOzZnz1iYzcNwCHBvXLc6cm--GPI--MH-XeggXfhr2Nj51jHMjSha0LQfVmsBSzPiAKXZjiUZCTiJlFfHiJH_jw.mp4?_nc_cat=107&_nc_oc=Adqdsrs8YrduW2lHTaMnRlij2Eucxe8BwM5KV80dtwDkj2cbRK2U1A3YZQ9GQXj2waihoyRbpUAWKH-6dTxKl3DT&_nc_sid=ef5aa3&_nc_ht=video.fjai6-1.fna.fbcdn.net&_nc_ohc=20M9VF_5d1kQ7kNvwHxsAiO&efg=eyJ2ZW5jb2RlX3RhZyI6Inhwdl9wcm9ncmVzc2l2ZS5WSV9VU0VDQVNFX1BST0RVQ1RfVFlQRS4uQzMuNzIwLnByb2dyZXNzaXZlX2gyNjQtYmFzaWMtZ2VuMl83MjBwIiwieHB2X2Fzc2V0X2lkIjoxNzk5ODEwOTE5NTk0ODI1OCwiYXNzZXRfYWdlX2RheXMiOjI3LCJ2aV91c2VjYXNlX2lkIjoxMDA5OSwiZHVyYXRpb25fcyI6MjYsInVybGdlbl9zb3VyY2UiOiJ3d3cifQ%3D%3D&ccb=17-1&_nc_gid=ka3mi9sHEbst2znyWRCgpg&_nc_ss=7b289&_nc_zt=28&oh=00_Af_f3WqgXRyzfLxvjzi-3q3Fu8JxoY53mihUiNm31PjTnw&oe=6A38601F | SD: https://video.fjai6-1.fna.fbcdn.net/o1/v/t2/f2/m367/AQOxzwkNebs-3uf39xyUqhCjMfnZImQCS4q8EkBS2QMaf4ljIgwYNQe-bDQxDtw1AAsYBQIP19JibR8GTOwGSpECMmuupqKcdz8kPr3aVg.mp4?_nc_cat=103&_nc_oc=Adp_E4pk4jJZ0A5ksHyKZC9AP6bBOrrgp6T8wUua6_7cqS7vHLwgvOJDgD2QZZ5R-8-DPJKSsVZbhEQiK5MFyA6o&_nc_sid=ef5aa3&_nc_ht=video.fjai6-1.fna.fbcdn.net&_nc_ohc=MDlQZoNwU-4Q7kNvwHPuRPd&efg=eyJ2ZW5jb2RlX3RhZyI6Inhwdl9wcm9ncmVzc2l2ZS5WSV9VU0VDQVNFX1BST0RVQ1RfVFlQRS4uQzMuMzYwLnByb2dyZXNzaXZlX2gyNjQtYmFzaWMtZ2VuMl8zNjBwIiwieHB2X2Fzc2V0X2lkIjoxNzk5ODEwOTE5NTk0ODI1OCwiYXNzZXRfYWdlX2RheXMiOjI3LCJ2aV91c2VjYXNlX2lkIjoxMDA5OSwiZHVyYXRpb25fcyI6MjYsInVybGdlbl9zb3VyY2UiOiJ3d3cifQ%3D%3D&ccb=17-1&_nc_gid=ka3mi9sHEbst2znyWRCgpg&_nc_ss=7b289&_nc_zt=28&oh=00_Af_r8nxKibWOTjuuEE8Q-xKZlnlesA3SdVeoKX2RV4Wc1w&oe=6A3854FB | Preview: https://scontent.fjai6-1.fna.fbcdn.net/v/t39.35426-6/703398242_5374060982819487_8503886624406465594_n.jpg?_nc_cat=110&ccb=1-7&_nc_sid=c53f8f&_nc_ohc=uIRxqvaIjfUQ7kNvwFfD5NT&_nc_oc=AdoVGzD0_Az4Z0vOxAzZeEv_4vENlGg8IRNz-ofz-keJPbGqi5qSD-AqRCRMbFZGu8SQaqRh6_I9bdQq4WlwirGA&_nc_zt=14&_nc_ht=scontent.fjai6-1.fna&_nc_gid=ka3mi9sHEbst2znyWRCgpg&_nc_ss=7b289&oh=00_Af8IePpR-f7FrcS-S5YZSVP_7n6QAveQbQigoCYR9659ig&oe=6A385641,,,,,,,
1389709459656089,https://www.facebook.com/61579961880068/,fb.me,https://www.facebook.com/61579961880068/,,,,mahimagandhi01@gmail.com,,,,,1068977632954802,http://fb.me/,gandhimahima,https://www.facebook.com/ads/library/?id=1389709459656089,"🏡 Vadodara’s First-Ever 5B2HK + Servant Room Luxury Villa Project is Here!

Anahata Florenza has officially launched at Ankhol, Vadodara, bringing a new benchmark in luxury living.

✨ Key Highlights:
✔️ Vadodara’s First 5B2HK + Servant Room Luxury Villas
✔️ Spacious & Premium Living Spaces
✔️ Modern Architecture & Elegant Design
✔️ Future-Ready Lifestyle
✔️ Grand Launch with Excellent Response from Visitors & Investors
✔️ Located at Ankhol, Vadodara
✔️ Bookings Now Open

If luxury, comfort, space, and a premium lifestyle are on your checklist, Anahata Florenza is a project worth exploring.

📍 Anahata Florenza, Ankhol, Vadodara

For details and site visits, connect with the Anahata Florenza team.

#VadodaraMedia #AnahataFlorenza #LuxuryVilla

{Anahata Florenza, Luxury Villas Vadodara, 5B2HK Villa, Villa Project Vadodara, Ankhol Vadodara, Premium Homes Vadodara, Luxury Living, Dream Home Vadodara, Real Estate Vadodara, Modern Villas, Investment Property Vadodara, Vadodara Property, New Launch Vadodara, Vadodara Real Estate, Luxury Lifestyle}",71,Sign up,fb.me,"FACEBOOK; INSTAGRAM; AUDIENCE_NETWORK",2026-06-11,2026-06-16,HD: https://video.fjai6-1.fna.fbcdn.net/o1/v/t2/f2/m367/AQODYRIGnJBhSRbJXNdYNt0oOSY9sBz7QLhxcaU256_x4bPyx0PwZ87s-IMCfzAknQxcuMjO_YjNK_8bgk8ySTUhNuOKXabdJnPodIIOSg.mp4?_nc_cat=107&_nc_oc=AdpQip5WvZK0CeFHU6P17-ys-bQRvoiByPTc3W8wjwh6eiWJDqvRBFeYZWB88eq6T_9xaQKo_Cs7n5eTiqRRhuYo&_nc_sid=ef5aa3&_nc_ht=video.fjai6-1.fna.fbcdn.net&_nc_ohc=CRHdNxorQBcQ7kNvwFlm2N1&efg=eyJ2ZW5jb2RlX3RhZyI6Inhwdl9wcm9ncmVzc2l2ZS5WSV9VU0VDQVNFX1BST0RVQ1RfVFlQRS4uQzMuNzIwLnByb2dyZXNzaXZlX2gyNjQtYmFzaWMtZ2VuMl83MjBwIiwieHB2X2Fzc2V0X2lkIjoyMTgzMTM4NzI1ODY4Nzc1LCJhc3NldF9hZ2VfZGF5cyI6NywidmlfdXNlY2FzZV9pZCI6MTAwOTksImR1cmF0aW9uX3MiOjUzLCJ1cmxnZW5fc291cmNlIjoid3d3In0%3D&ccb=17-1&_nc_gid=MRjiFHpWkGyU4Qey21ZaJQ&_nc_ss=7b289&_nc_zt=28&oh=00_Af9k_KLiho-Q44mmeV4iLCAMnUOgI7okRZ9lwMlj32YEuQ&oe=6A3837EF | SD: https://video.fjai6-1.fna.fbcdn.net/o1/v/t2/f2/m367/AQNvTGqbU4D2t5E5WiB7r4Di7RVprQCwSjADh0Zb2C0F_R-x9ZzkXi3Qchpy0a3dD80HzwBulY5EDMcRqoKIuNDG2qlVCE5WbC5SnYH_OA.mp4?_nc_cat=108&_nc_oc=AdpqnoICJURDF9ilClLTLELWB6RC9wUPdNL-9xTA8JMgZqSSTro8RlpOWd5aRmJaq9C75vJGRivtXBah6FtST2W9&_nc_sid=ef5aa3&_nc_ht=video.fjai6-1.fna.fbcdn.net&_nc_ohc=jOpSXVxmuV8Q7kNvwHZFI8R&efg=eyJ2ZW5jb2RlX3RhZyI6Inhwdl9wcm9ncmVzc2l2ZS5WSV9VU0VDQVNFX1BST0RVQ1RfVFlQRS4uQzMuMzYwLnByb2dyZXNzaXZlX2gyNjQtYmFzaWMtZ2VuMl8zNjBwIiwieHB2X2Fzc2V0X2lkIjoyMTgzMTM4NzI1ODY4Nzc1LCJhc3NldF9hZ2VfZGF5cyI6NywidmlfdXNlY2FzZV9pZCI6MTAwOTksImR1cmF0aW9uX3MiOjUzLCJ1cmxnZW5fc291cmNlIjoid3d3In0%3D&ccb=17-1&_nc_gid=MRjiFHpWkGyU4Qey21ZaJQ&_nc_ss=7b289&_nc_zt=28&oh=00_Af89VZX8a1eX3V02qZVIRrye9jL8-smRv5vmC4LnJbyNxw&oe=6A386066 | Preview: https://scontent.fjai6-1.fna.fbcdn.net/v/t39.35426-6/720509817_1760608651771152_8283490601493227579_n.jpg?_nc_cat=102&ccb=1-7&_nc_sid=c53f8f&_nc_ohc=VPoPv8WqmLsQ7kNvwE3OQwy&_nc_oc=AdrBFU5kNPofRWU-hupftrbuzAg29R3JH-kcn-LdSI_UqrbG3pKfy2rUbyDG95avtOhg1eTy7FnLCIlWxgY-SZnq&_nc_zt=14&_nc_ht=scontent.fjai6-1.fna&_nc_gid=MRjiFHpWkGyU4Qey21ZaJQ&_nc_ss=7b289&oh=00_Af-g8Eu8IkNt1i-u9BoBYdMwDhMI2lBC5uHDAtubqkF5gg&oe=6A384118,,,,,,,
3548675718607126,https://www.facebook.com/61550348155315/,fb.me,https://www.facebook.com/61550348155315/,,,,info@trprealty.in,+91 88847 69695,,,,122096998082008312,http://fb.me/,Luxury Villas,https://www.facebook.com/ads/library/?id=3548675718607126,"4 BHK Nature Villas starting from ₹2.30 Cr Onwards*
🌿 Gravity Smera Gardens – Nature-Luxury Living Redefined
Presenting 4 BHK Nature Villas starting from ₹2.30 Cr Onwards*, Just 15 minutes from E-City Toll, Chandapura

A serene lifestyle surrounded by lush greenery, private gardens, and exclusive community living.

🏡 Project Highlights:
✅ 12 Acres Gated Villa Community
✅ 174 Thoughtfully Designed 4 BHK Villas
✅ Spacious Built-up Area: 2450–3500 Sq. Ft.
✅ 400 Sq. Ft. Private Backyard Garden
✅ 500 Sq. Ft. Private Terrace Garden
✅ Sylvan Forest Clubhouse with Premium Amenities
✅ Iconic Miyawaki Forest-Themed Entrance
✅ Nestled Among 1500+ Trees
✅ Iconic Miyawaki Forest-Themed Entrance

📍 Prime Location:
Just 15 minutes from E-City Toll, Chandapura – Seamlessly connected yet peacefully tucked away in nature.

Live in harmony with nature, without compromising luxury.
Limited villas. Book your private garden home today.",7,Get quote,fb.me,"FACEBOOK; INSTAGRAM; AUDIENCE_NETWORK",2026-06-06,2026-06-16,HD: https://video.fjai6-1.fna.fbcdn.net/o1/v/t2/f2/m366/AQM3BuUjpls0eWM7OuFAdyqQaGmYArPp0Jh2owbsURd8yzsxXNZsVeTFYlQ6Nx7MBO5g2LrwGvFW7Qkcam8K1E218FPkjaVjQt673mm3H1dXzw.mp4?_nc_cat=109&_nc_oc=Ado0OfP_sjZwZk8uoClfuYY4f8QgEgGkb6bjxLMFll84am_E0KW_iTm4PHfLbLEit5WSpNcEgXjKuUV2pKyHU6Xd&_nc_sid=b66105&_nc_ht=video.fjai6-1.fna.fbcdn.net&_nc_ohc=zDrNoS3cBhUQ7kNvwErfkyd&efg=eyJ2ZW5jb2RlX3RhZyI6Inhwdl9wcm9ncmVzc2l2ZS5WSV9VU0VDQVNFX1BST0RVQ1RfVFlQRS4uQzMuNzIwLmRhc2hfaDI2NC1iYXNpYy1nZW4yXzcyMHAiLCJ4cHZfYXNzZXRfaWQiOjkyMjU5MzI2MDgzOTIzMSwiYXNzZXRfYWdlX2RheXMiOjEyLCJ2aV91c2VjYXNlX2lkIjoxMDc5OSwiZHVyYXRpb25fcyI6ODgsInVybGdlbl9zb3VyY2UiOiJ3d3cifQ%3D%3D&ccb=17-1&vs=5b56982ce0e62da7&_nc_vs=HBksFQIYRWZiX2VwaGVtZXJhbC85QjQ4OTgxQzExNTVEM0QxMTMxOUFDNzg5M0UxMjhBRl9tdF8xX3ZpZGVvX2Rhc2hpbml0Lm1wNBUAAsgBEgAVAhhAZmJfcGVybWFuZW50L0Y5NEQxRUM4OUIzMzQ3QjU3M0QzNjBEMjI0QjY3QjlEX2F1ZGlvX2Rhc2hpbml0Lm1wNBUCAsgBEgAoABgAGwKIB3VzZV9vaWwBMRJwcm9ncmVzc2l2ZV9yZWNpcGUBMRUAACb-hK25_8WjAxUCKAJDMywXQFYKn752yLQYGWRhc2hfaDI2NC1iYXNpYy1nZW4yXzcyMHARAHUAZd6oAQA&_nc_gid=T2g2X2_RLLsPEuYWdJGeWQ&_nc_ss=7b289&_nc_zt=28&oh=00_Af_G76YTluMzCNuyXJnDeZI5CWf6kSFudX8l8hKk_f8cAA&oe=6A3855CB | SD: https://video.fjai6-1.fna.fbcdn.net/o1/v/t2/f2/m412/AQN2yGGXRb3aqRRF4waeGjw6N0R0hf0jgJZJKq5DHD9xvP7gvv6soK2Ntc93ww2z2_ONX9IaKX2NxzcJALgWLnM4uIDnik58MVL-ACUzdg.mp4?_nc_cat=110&_nc_oc=AdqaLGO6E7DFodHiBgLh0G0imaKhlyAQFEoofjrvOiHv6s5vx80iI86j0wMYUXf6hBlNmY7z9bKSynfgEuNw4huZ&_nc_sid=ef5aa3&_nc_ht=video.fjai6-1.fna.fbcdn.net&_nc_ohc=4JgRmjIQBPoQ7kNvwHZUs-R&efg=eyJ2ZW5jb2RlX3RhZyI6Inhwdl9wcm9ncmVzc2l2ZS5WSV9VU0VDQVNFX1BST0RVQ1RfVFlQRS4uQzMuMzYwLnN2ZV9zZCIsInhwdl9hc3NldF9pZCI6OTIyNTkzMjYwODM5MjMxLCJhc3NldF9hZ2VfZGF5cyI6MTIsInZpX3VzZWNhc2VfaWQiOjEwNzk5LCJkdXJhdGlvbl9zIjo4OCwidXJsZ2VuX3NvdXJjZSI6Ind3dyJ9&ccb=17-1&_nc_gid=T2g2X2_RLLsPEuYWdJGeWQ&_nc_ss=7b289&_nc_zt=28&oh=00_Af-VmeR9yzk1tdtEVkd3KdEXsFwC-VVlQ5Oob_mlhXe-Uw&oe=6A38332C | Preview: https://scontent.fjai6-1.fna.fbcdn.net/v/t39.35426-6/717439392_2089195492029616_4414508927664860137_n.jpg?_nc_cat=103&ccb=1-7&_nc_sid=c53f8f&_nc_ohc=RhAQRhKoKYQQ7kNvwFnYD_3&_nc_oc=AdqMRXsZUlmjm2Keqe0NcEB-yTlTjO4WCUa7EE9siTAe-IMsvV_lLLzVOcsTDu6W6_A8etjT_6ODiwO6JjjIaGUD&_nc_zt=14&_nc_ht=scontent.fjai6-1.fna&_nc_gid=T2g2X2_RLLsPEuYWdJGeWQ&_nc_ss=7b289&oh=00_Af-sIYGC7hMltHDPM3Aen6YwS8iAHDPFl_KT86tfH9O7HQ&oe=6A383A7D,,,,,,,
1004719165446372,https://www.facebook.com/mrluxury89/,fb.me,https://www.facebook.com/mrluxury89/,,,,,,,,,108062547521250,http://fb.me/,Luxury Housing,https://www.facebook.com/ads/library/?id=1004719165446372,"🏡 दिल्ली-NCR की प्रॉपर्टी अब रांची में!

20-21 जून 2026 को Hotel Ramada by Wyndham, Ranchi में आयोजित होने वाले दिल्ली-NCR प्रॉपर्टी मेला में पाएं Residential Plots, Registry Ready Apartments, Commercial Spaces और Luxury Villas के बेहतरीन विकल्प।

✅ निवेश ₹15 लाख* से शुरू
✅ Ready-to-Move Properties
✅ Customized Payment Plans

अपनी सीट अभी बुक करें!",11046,Book now,fb.me,"FACEBOOK; INSTAGRAM; AUDIENCE_NETWORK",2026-06-01,2026-06-17,,Original: https://scontent.fjai6-1.fna.fbcdn.net/v/t39.35426-6/710497417_1385504053457625_4140200966225239400_n.jpg?_nc_cat=101&ccb=1-7&_nc_sid=c53f8f&_nc_ohc=UCIM0iumsagQ7kNvwG6JT2s&_nc_oc=AdoK8OyzZkNeHVmhBSMTICzZpTVk2lwnfZYhnJL15VqeuX7kJY0fp-5QS_lyyxyyOUQwCTlfPjIcbhjiYjeDFP8l&_nc_zt=14&_nc_ht=scontent.fjai6-1.fna&_nc_gid=wxMqKiii4AGXaqMIyNKxqA&_nc_ss=7b289&oh=00_Af9zlLsdu_h2rPzXD-U4EZGG9kCOWt4zeTPQXfjQMT_82w&oe=6A3846CB | Resized: https://scontent.fjai6-1.fna.fbcdn.net/v/t39.35426-6/710432883_991309106611434_6932459576500879262_n.jpg?stp=dst-jpg_s600x600_tt6&_nc_cat=102&ccb=1-7&_nc_sid=c53f8f&_nc_ohc=iNsVi_xurRoQ7kNvwHqCU7E&_nc_oc=AdocVEtrWb2aXqFfZFchNnEQwW-Pb7KyhgeMGfQ73uRYKCjb_Cc3MXDD_QPJk8WYddk7uJUlRfj5OAYOmk6KD7tZ&_nc_zt=14&_nc_ht=scontent.fjai6-1.fna&_nc_gid=wxMqKiii4AGXaqMIyNKxqA&_nc_ss=7b289&oh=00_Af9qEgb79jgEPf7MNbgofAQyPxQrTJKFD-JWXq_FNk63Fg&oe=6A382ED1,,,,,,
1318816020319156,https://www.facebook.com/Aalayam.Realty/,fb.me,https://www.facebook.com/Aalayam.Realty/,,,,sales@aalayamrealty.com,+91 94945 05605,,,,854975294872523,http://fb.me/,Aalayam Realty,https://www.facebook.com/ads/library/?id=1318816020319156,"🏡 Introducing Green Valley — Premium Ready-to-Move Luxury Villas in Bachupally

Designed for business leaders, entrepreneurs & elite families seeking luxury, privacy, and premium community living.

✨ 3430+ Sq Ft Villas
✨ 220 Sq Yards
✨ 15,000 Sft Grand Clubhouse
✨ Terrace Swimming Pool
✨ Landscaped Greens & Sports Courts
✨ Limited Exclusive Villas

💰 Villas Starting at ₹3.99 Cr

Experience elevated living in one of Hyderabad’s fastest-growing premium residential destinations.

📞 Book Your Exclusive Site Visit Today.",813,Book now,fb.me,"FACEBOOK; INSTAGRAM; AUDIENCE_NETWORK",2026-05-27,2026-06-17,,Original: https://scontent.fjai6-1.fna.fbcdn.net/v/t39.35426-6/710002545_1535808351386891_5492994046244896769_n.jpg?_nc_cat=108&ccb=1-7&_nc_sid=c53f8f&_nc_ohc=6TXUEfTqjOwQ7kNvwHswkFZ&_nc_oc=AdpA-QtwACnVU9JFmh1tVQJAzIDv65XtcFTPWJ5zvpy6K50WvWZsxKdx034fFTJKjAgCM0SujNnQVFbhgebLlQzL&_nc_zt=14&_nc_ht=scontent.fjai6-1.fna&_nc_gid=zxqL3rfxSgREfCFz6M8n8A&_nc_ss=7b289&oh=00_Af9I0ycl8NYjAKWpBLkSpzeXAALwUGMBu70gZ9ICEfJhZQ&oe=6A383CEF | Resized: https://scontent.fjai6-1.fna.fbcdn.net/v/t39.35426-6/708230554_3160804480773597_8675332703226659694_n.jpg?stp=dst-jpg_s600x600_tt6&_nc_cat=103&ccb=1-7&_nc_sid=c53f8f&_nc_ohc=k5oUloRtjbIQ7kNvwEpeLwp&_nc_oc=Adp2YBkyh_Q_Igmhx8Q_XpIV2hqG_5pXJGbcH_-10l8jrB5mQRiEVAp3Xalgot4NidSbpQsVJX39kkl4fNxMrA-I&_nc_zt=14&_nc_ht=scontent.fjai6-1.fna&_nc_gid=zxqL3rfxSgREfCFz6M8n8A&_nc_ss=7b289&oh=00_Af8GLXT1oVObUJGvFWbHPEh8ifCnJIuGpGkeRq_FenOPqA&oe=6A3852D5,,,,,,
1562877355439051,https://www.facebook.com/AssetzProperty/,fb.me,https://www.facebook.com/AssetzProperty/,,,,enquiries@assetzproperty.com,+91 85489 77977,,,,594141837348790,http://fb.me/,Assetz Property Group,https://www.facebook.com/ads/library/?id=1562877355439051,"Assetz 18 & Oak Luxury Golf Villa Plots located off Sarjapur-Attibelle Road, ₹2.62 Cr* Onwards

✅ 242 Luxury Villas
✅ 27 min drive from HSR Layout
✅ Clubhouse and Golf course with an amazing view 
✅ Township with 90% open space spread over 177 acres",39862,See details,fb.me,"FACEBOOK; INSTAGRAM",2026-06-01,2026-06-16,,Original: https://scontent.fjai6-1.fna.fbcdn.net/v/t39.35426-6/710432875_1576676924030146_6048462397548050766_n.jpg?_nc_cat=101&ccb=1-7&_nc_sid=c53f8f&_nc_ohc=DoZRisg9mXQQ7kNvwEWTiLw&_nc_oc=AdoblfkPdEjcTtIRm_vCJevZHX4Vx_uVXpQsk1g0XTKkOQPT5FeO9SAH-alOqze9cE6gZUoMdDtgyx6Jh0_Ypx2i&_nc_zt=14&_nc_ht=scontent.fjai6-1.fna&_nc_gid=ULHtIfOJtOroKEysjbo_bw&_nc_ss=7b289&oh=00_Af_wKjD4jQD882wLRvthjg2PGNgaIYERJ0K0WIpuxAj-BQ&oe=6A3864E3 | Resized: https://scontent.fjai6-1.fna.fbcdn.net/v/t39.35426-6/713465809_1360168399300553_7645733110187783678_n.jpg?stp=dst-jpg_s600x600_tt6&_nc_cat=109&ccb=1-7&_nc_sid=c53f8f&_nc_ohc=oBf1rRjIEDsQ7kNvwFqRsPK&_nc_oc=Adr0cMc5o5wKfaUu9OnEm3boyiGhLbs0FRXIvUrbR3T4Nl1finZHhI0QCCl2jo8zf1kbSWxzZq2ez7ffxU5z0EWW&_nc_zt=14&_nc_ht=scontent.fjai6-1.fna&_nc_gid=ULHtIfOJtOroKEysjbo_bw&_nc_ss=7b289&oh=00_Af-X6GTP6F_hJlwzZHEVyGe385YzAeR9THX5CS7eFnizlg&oe=6A3858F3,,,,,,
1265708142394321,https://www.facebook.com/LonavalaFinest/,fb.me,https://www.facebook.com/LonavalaFinest/,,,,infolonavalafinest@gmail.com,+91 90213 01122,,,,104268241054546,http://fb.me/,LonavalaFinest,https://www.facebook.com/ads/library/?id=1265708142394321,"🏡 𝗘𝘅𝗰𝗶𝘁𝗶𝗻𝗴 𝗢𝗽𝗽𝗼𝗿𝘁𝘂𝗻𝗶𝘁𝘆 𝗳𝗼𝗿 𝗥𝗲𝗮𝗹 𝗘𝘀𝘁𝗮𝘁𝗲 𝗣𝗿𝗼𝗳𝗲𝘀𝘀𝗶𝗼𝗻𝗮𝗹! Join us in Presenting Luxury Villas in the Heart Of LONAVALA. Samarth Estate welcomes all Mumbai & Pune Real Estate Channel Partners. A Premium  Opportunity for all Channel Partners at a 5% Commission on every Booking. Hurry Now!

📈 𝗨𝗻𝗹𝗼𝗰𝗸 𝗨𝗻𝗯𝗲𝗮𝘁𝗮𝗯𝗹𝗲 𝗥𝗮𝘁𝗲𝘀,𝗘𝗻𝗷𝗼𝘆 𝗧𝗼𝗽-𝗧𝗶𝗲𝗿 𝗣𝗮𝘆𝗼𝘂𝘁𝘀!
🌟 Key Highlights:
✅ Prime Location in Lonavala
✅ High Demand Property
✅ Lucrative Commission
✅ Investment Paradise
✅ Experience Transparent Bookings

Contact us today to learn more and seize this opportunity. 📈",10810,Get quote,fb.me,"FACEBOOK; INSTAGRAM",2026-04-08,2026-06-17,,Original: https://scontent.fjai6-1.fna.fbcdn.net/v/t39.35426-6/666348529_1924537884915328_5049424251786458002_n.jpg?_nc_cat=108&ccb=1-7&_nc_sid=c53f8f&_nc_ohc=rtt5ogRO5rgQ7kNvwHE7Pqo&_nc_oc=AdoVEJR2FbPt3zVCWpMfmLDymydPImLFJYMLuq_s-WpWgcHDOrI-pp4IB8gifQFSpQLWkBDKo7F6KMqlb5-YHc71&_nc_zt=14&_nc_ht=scontent.fjai6-1.fna&_nc_gid=ULHtIfOJtOroKEysjbo_bw&_nc_ss=7b289&oh=00_Af__0yAWFL_biVo06mB90tzfG7vq6KfobmTpn6YJ8bvJ6w&oe=6A3841ED | Resized: https://scontent.fjai6-1.fna.fbcdn.net/v/t39.35426-6/668264450_1651650932550983_439032383263638287_n.jpg?stp=dst-jpg_s600x600_tt6&_nc_cat=109&ccb=1-7&_nc_sid=c53f8f&_nc_ohc=CPG6xO-wCisQ7kNvwEYBFBa&_nc_oc=AdqtUMPSUCPWjOVF66VDt-SKOS7eUsMPTtXL8SsIlYQzxt0wazQp3Ohupz4-MghzB49kLSijhej7Ady_ZTbwotYE&_nc_zt=14&_nc_ht=scontent.fjai6-1.fna&_nc_gid=ULHtIfOJtOroKEysjbo_bw&_nc_ss=7b289&oh=00_Af-wtRW61AO1rc2-H-tDl3dNA6wH31TNDnIuTsmuRycEjQ&oe=6A38390E,,,,,,
2054775688424130,https://www.facebook.com/61583987923930/,api.whatsapp.com,https://www.facebook.com/61583987923930/,,,,,,,,,908939872301104,https://api.whatsapp.com/send,zenzistays,https://www.facebook.com/ads/library/?id=2054775688424130,"Looking for the perfect getaway in Lonavala?
- 2 luxury villas • 10 Bedrooms • 2 swimming pools • Indoor & outdoor party zone 🎉
- Full kitchen with chef, stunning mountain views, and just 10 mins from Lonavala station!

📞 Enquire now: 8108432649",8,Send WhatsApp message,api.whatsapp.com,"FACEBOOK; INSTAGRAM; AUDIENCE_NETWORK; WHATSAPP",2026-03-25,2026-06-17,HD: https://video.fjai6-1.fna.fbcdn.net/o1/v/t2/f2/m366/AQMDAgbct345iZfu0M3H9W6jjTrV_y4RtMXHsJ5S8GtYCNWz_JbvlE4I6u1G-dYTlpU0o9EWVyvlfzwG3AfEjUdHyBJHE-RnTTlQXGqODiFQNg.mp4?_nc_cat=105&_nc_oc=AdpJWl7RXHeMusZj2S_GoWZTYbqkgRipVZNWuyn56CXP6PG9TUsK_lgV_cz4GI7bN1sTT2MOJgusBOoe_S7p2_jm&_nc_sid=b66105&_nc_ht=video.fjai6-1.fna.fbcdn.net&_nc_ohc=HvAAG_dzsgQQ7kNvwEfwCjf&efg=eyJ2ZW5jb2RlX3RhZyI6Inhwdl9wcm9ncmVzc2l2ZS5WSV9VU0VDQVNFX1BST0RVQ1RfVFlQRS4uQzMuNzIwLmRhc2hfaDI2NC1iYXNpYy1nZW4yXzcyMHAiLCJ4cHZfYXNzZXRfaWQiOjE5OTYzOTIyNDQ1ODMzMDQsImFzc2V0X2FnZV9kYXlzIjo4MywidmlfdXNlY2FzZV9pZCI6MTA3OTksImR1cmF0aW9uX3MiOjM1LCJ1cmxnZW5fc291cmNlIjoid3d3In0%3D&ccb=17-1&vs=7b184dd09bf2e5d4&_nc_vs=HBksFQIYRWZiX2VwaGVtZXJhbC8zNzRBMUUxMzhGQjY3ODQyNTlGMDk0NzdFQjc1NjZBM19tdF8xX3ZpZGVvX2Rhc2hpbml0Lm1wNBUAAsgBEgAVAhhAZmJfcGVybWFuZW50L0Y0NEE2NjVCNEJGQUJCRTA1MzdGMDUxN0NBM0ZCQ0I5X2F1ZGlvX2Rhc2hpbml0Lm1wNBUCAsgBEgAoABgAGwKIB3VzZV9vaWwBMRJwcm9ncmVzc2l2ZV9yZWNpcGUBMRUAACaQ7pCpqe2LBxUCKAJDMywXQEHVP3ztkWgYGWRhc2hfaDI2NC1iYXNpYy1nZW4yXzcyMHARAHUAZd6oAQA&_nc_gid=ULHtIfOJtOroKEysjbo_bw&_nc_ss=7b289&_nc_zt=28&oh=00_Af-pF-DlUuEQItRFqN--4xQ547v6WkEXVO-jTnjFXszDRw&oe=6A383823 | SD: https://video.fjai6-1.fna.fbcdn.net/o1/v/t2/f2/m412/AQMHuZjMi2ml5rSN3y_9pk__gPYxVLqoQeinV5F0d0GjkhFm9P2Vc6O2DvXXifpPxSTNg93FtclZFSvl_z18h6W86gq0dP0ush-Umo6dFA.mp4?_nc_cat=102&_nc_oc=AdrAjC-1Kn7Aa4f1BuS9PAs2MDn_D402sEI2ARXHV5d2i_sw7E2C1JsLVq3Xt9vY0Mf7HdnX52Pomtbr5n7oC1SG&_nc_sid=ef5aa3&_nc_ht=video.fjai6-1.fna.fbcdn.net&_nc_ohc=0Em3CuCprTYQ7kNvwG7ZS-V&efg=eyJ2ZW5jb2RlX3RhZyI6Inhwdl9wcm9ncmVzc2l2ZS5WSV9VU0VDQVNFX1BST0RVQ1RfVFlQRS4uQzMuMzYwLnN2ZV9zZCIsInhwdl9hc3NldF9pZCI6MTk5NjM5MjI0NDU4MzMwNCwiYXNzZXRfYWdlX2RheXMiOjgzLCJ2aV91c2VjYXNlX2lkIjoxMDc5OSwiZHVyYXRpb25fcyI6MzUsInVybGdlbl9zb3VyY2UiOiJ3d3cifQ%3D%3D&ccb=17-1&_nc_gid=ULHtIfOJtOroKEysjbo_bw&_nc_ss=7b289&_nc_zt=28&oh=00_Af_7IQCpgDw4nHIDhKC-7eA-xcPFI7dvLWng9fv63ZNg1A&oe=6A385444 | Preview: https://scontent.fjai6-1.fna.fbcdn.net/v/t39.35426-6/656903178_957190000147324_3957101553589828817_n.jpg?_nc_cat=111&ccb=1-7&_nc_sid=c53f8f&_nc_ohc=zw5G9ViHfJUQ7kNvwGiBv4m&_nc_oc=AdovLhiYNmMHXyu0BGpI0PxWqEc2hqyUobBjWNsYYT45UynnXFtkwIr0zAEz0DPSfB5wARRAKumMe73zAi1O1qra&_nc_zt=14&_nc_ht=scontent.fjai6-1.fna&_nc_gid=ULHtIfOJtOroKEysjbo_bw&_nc_ss=7b289&oh=00_Af9Nz5nVGc7NSTU7m6ICyqufsGFZ_0GVM6h8bkXRRqxAdQ&oe=6A384387,,,,,,,
1042003038400733,https://www.facebook.com/odysseyelevators/,fb.me,https://www.facebook.com/odysseyelevators/,,,,sales@odysseyelevators.com,+91 95002 88001,,,,820498504489876,http://fb.me/,Odyssey Elevators,https://www.facebook.com/ads/library/?id=1042003038400733,"India’s independent house market is growing rapidly 🏠
With aging parents and rising demand for luxury villas, the Home Lift industry is expanding fast 🚀

This is your opportunity to start a Home Lift Franchise in your city.

✔ High-margin product
✔ Complete technical & installation support
✔ Business setup guidance
✔ Limited city availability

Serious investors can apply now 👇",530,Sign up,fb.me,"FACEBOOK; INSTAGRAM",2026-04-10,2026-06-16,,Original: https://scontent.fjai6-1.fna.fbcdn.net/v/t39.35426-6/668271546_3974132652886246_1761137868254078104_n.jpg?_nc_cat=108&ccb=1-7&_nc_sid=c53f8f&_nc_ohc=3Ed835POi9gQ7kNvwHvC8Wo&_nc_oc=Adp6SPBcwVwgNdCRLTrw0LvZa88ZTaItXQYeS3XIdyaAXfIGpOzl40jIIRo5dGx-yb6L8-45x5FxE0zaq8_BeXjL&_nc_zt=14&_nc_ht=scontent.fjai6-1.fna&_nc_gid=ULHtIfOJtOroKEysjbo_bw&_nc_ss=7b289&oh=00_Af8WsT5v8ntrmh0zmjJpYq-IwrLSwO5Gf1IPBnqkSs_z5w&oe=6A38358F | Resized: https://scontent.fjai6-1.fna.fbcdn.net/v/t39.35426-6/670247854_2393090081210019_401197662662592781_n.jpg?stp=dst-jpg_s600x600_tt6&_nc_cat=103&ccb=1-7&_nc_sid=c53f8f&_nc_ohc=VWKSDDATpOkQ7kNvwEdNTzS&_nc_oc=Ador691OBJexbpG1HsEqQEf0xXiGYhFWVKFb9Ctbz8eSE0F7BgWT3qrMbJuEG5fFOhUYXycfEVe3wqMHyEEUvu09&_nc_zt=14&_nc_ht=scontent.fjai6-1.fna&_nc_gid=ULHtIfOJtOroKEysjbo_bw&_nc_ss=7b289&oh=00_Af_5YoFz-nxQdReC6Hslqc27WzGtWK-kR5Q91gUyGDfuvw&oe=6A38306C,,,,,,
4425488627686138,https://www.facebook.com/SheratonPhuQuocLongBeachResort/,marriott.com,https://www.facebook.com/SheratonPhuQuocLongBeachResort/,,,,sh.pqcsr.reservation@sheraton.com,0297 3619 999,,,,102389829289201,https://www.marriott.com/offers/pqcsr-island-retreat-off-215277/pqcsr-sheraton-phu-quoc-long-beach-resort,Sheraton Phu Quoc Long Beach Resort,https://www.facebook.com/ads/library/?id=4425488627686138,"Your island escape with exclusive resort credits awaits at Sheraton Phu Quoc​

Enjoy spacious luxury villas, daily breakfast, and generous resort credits to elevate every stay:​
• Up to VND 4,000,000++ resort credit per night​
• Complimentary late check-out until 3PM*​
• A refined sanctuary surrounded by the azure beauty of Phu Quoc​
• Unlimited amenities including sauna, 24/7 gym, and an ocean-view pool with jacuzzi.​
• A wide range of all-day entertainment activities for all ages.​
• Complimentary airport shuttle service (advance booking required).​
​
Relax at your own pace and make every moment unforgettable.​

*Direct bookings only. Terms apply.​

Discover More > https://bit.ly/3PxIWnH",24098,Learn more,https://www.marriott.com/offers/pqcsr-island-retre...,"FACEBOOK; INSTAGRAM; AUDIENCE_NETWORK; MESSENGER; WHATSAPP; THREADS",2026-06-05,2026-06-16,,,"Garden or ocean biews​ || The ultimate relaxation experience​ || Prepared by native chefs || International & Indian BBQ set menus || Soft bedding, calming ambiance​ || Enjoy magical sunset moments || Free sauna & gym access​ || Free entertainment activities",https://www.marriott.com/offers/pqcsr-island-retreat-off-215277/pqcsr-sheraton-phu-quoc-long-beach-resort || https://www.marriott.com/offers/pqcsr-island-retreat-off-215277/pqcsr-sheraton-phu-quoc-long-beach-resort || https://www.marriott.com/offers/pqcsr-island-retreat-off-215277/pqcsr-sheraton-phu-quoc-long-beach-resort || https://www.marriott.com/offers/pqcsr-island-retreat-off-215277/pqcsr-sheraton-phu-quoc-long-beach-resort || https://www.marriott.com/offers/pqcsr-island-retreat-off-215277/pqcsr-sheraton-phu-quoc-long-beach-resort || https://www.marriott.com/offers/pqcsr-island-retreat-off-215277/pqcsr-sheraton-phu-quoc-long-beach-resort || https://www.marriott.com/offers/pqcsr-island-retreat-off-215277/pqcsr-sheraton-phu-quoc-long-beach-resort || https://www.marriott.com/offers/pqcsr-island-retreat-off-215277/pqcsr-sheraton-phu-quoc-long-beach-resort,https://www.marriott.com/offers/pqcsr-island-retre... || https://www.marriott.com/offers/pqcsr-island-retre... || https://www.marriott.com/offers/pqcsr-island-retre... || https://www.marriott.com/offers/pqcsr-island-retre... || https://www.marriott.com/offers/pqcsr-island-retre... || https://www.marriott.com/offers/pqcsr-island-retre... || https://www.marriott.com/offers/pqcsr-island-retre... || https://www.marriott.com/offers/pqcsr-island-retre...,Learn More || Learn More || Learn More || Learn More || Learn More || Learn More || Learn More || Learn More,Original: https://scontent.fjai6-1.fna.fbcdn.net/v/t39.35426-6/710746130_2064511737778699_4566168143521508543_n.jpg?_nc_cat=105&ccb=1-7&_nc_sid=c53f8f&_nc_ohc=mHlEglKbN4YQ7kNvwEw48H4&_nc_oc=Adq9LhNi6RHMTsrFy7rks4_jTRJ0UxfMIAQSKnkrPJe812umy5zG3nhsJDN-3CR7v4WjqBHYc7neMQ3rDCPi90ML&_nc_zt=14&_nc_ht=scontent.fjai6-1.fna&_nc_gid=ULHtIfOJtOroKEysjbo_bw&_nc_ss=7b289&oh=00_Af8fV6DsXZZHXNczRAOm1C-iny_tmWidJSyITnzehLzzzg&oe=6A384553 | Resized: https://scontent.fjai6-1.fna.fbcdn.net/v/t39.35426-6/708795139_870298418751237_9017422843287318407_n.jpg?stp=dst-jpg_s600x600_tt6&_nc_cat=107&ccb=1-7&_nc_sid=c53f8f&_nc_ohc=yLJCKfNVAnwQ7kNvwEEkLJc&_nc_oc=AdoiFFi-3S0hkF7rSush38QRB8CA_aOt2ezJMZtrWpOuoht-iILS2CKPkEaYajYZ6Xoc3R9VfNfv-i2Bad7Af894&_nc_zt=14&_nc_ht=scontent.fjai6-1.fna&_nc_gid=ULHtIfOJtOroKEysjbo_bw&_nc_ss=7b289&oh=00_Af-b3ZtK2RRjlic2FRSDGR4SByftENfOj0jifjxoNwEdhQ&oe=6A38315D || Original: https://scontent.fjai6-1.fna.fbcdn.net/v/t39.35426-6/708626934_1232716225467040_7703684425257655154_n.jpg?_nc_cat=104&ccb=1-7&_nc_sid=c53f8f&_nc_ohc=PsyGzq9e698Q7kNvwEAwFIx&_nc_oc=AdpbeppzXn8a5k2JPzLmIrVv5ANY_w4d25jQiKnNYNLrwRCy8ERrEFh7urs7r5Y7dZs6KtgK8-fesAuykzmbW2eK&_nc_zt=14&_nc_ht=scontent.fjai6-1.fna&_nc_gid=ULHtIfOJtOroKEysjbo_bw&_nc_ss=7b289&oh=00_Af_aYeuw_XiZrt4iX0Ah0Hn6Nie1qRO-4Q5h0Yyrry5QAQ&oe=6A385968 | Resized: https://scontent.fjai6-1.fna.fbcdn.net/v/t39.35426-6/708754526_1558425182334136_206209000322044787_n.jpg?stp=dst-jpg_s600x600_tt6&_nc_cat=105&ccb=1-7&_nc_sid=c53f8f&_nc_ohc=GEqkq3Y9UFwQ7kNvwFTZQZL&_nc_oc=AdopHgBI97s3kJyYCIB84tdMDm5FkiBW_pmeFsIc1b2bFxvPccIp8KdSDJPJn9VpzwIcePZOTclJHCWdTBZJf35A&_nc_zt=14&_nc_ht=scontent.fjai6-1.fna&_nc_gid=ULHtIfOJtOroKEysjbo_bw&_nc_ss=7b289&oh=00_Af89jEHFY6KEfvRZO5ta2ddx1ghpSMXmDbYGdwiPw6Ze4g&oe=6A382F3F || Original: https://scontent.fjai6-1.fna.fbcdn.net/v/t39.35426-6/710746153_1607497550351698_6544159572964898850_n.jpg?_nc_cat=111&ccb=1-7&_nc_sid=c53f8f&_nc_ohc=vox-c6dtWoAQ7kNvwGmTuH0&_nc_oc=AdpHX_HgHmyw_zFt8kyTgOBpCubLdQlGISfuZnlJ6OG1_M5UgWfekY2rI8FFo81kpR9pJi1-rhMwleC9aLoO0qol&_nc_zt=14&_nc_ht=scontent.fjai6-1.fna&_nc_gid=ULHtIfOJtOroKEysjbo_bw&_nc_ss=7b289&oh=00_Af_suVedsWPU1qhHoeh0q_XHJlBVlfJXqH1hj7hRLTpiCw&oe=6A385A7A | Resized: https://scontent.fjai6-1.fna.fbcdn.net/v/t39.35426-6/708813710_1008983421580958_1529578804330523798_n.jpg?stp=dst-jpg_s600x600_tt6&_nc_cat=111&ccb=1-7&_nc_sid=c53f8f&_nc_ohc=w08u32BW2q4Q7kNvwEsdOAo&_nc_oc=AdrH1ZP9Rm-r27p9fDTeD-jRx7pAo2qSB6M4BET3maHaxn69miSuBIH0KAwPytOmZ41mKbq733_9LycGkt3nyTxq&_nc_zt=14&_nc_ht=scontent.fjai6-1.fna&_nc_gid=ULHtIfOJtOroKEysjbo_bw&_nc_ss=7b289&oh=00_Af9KQkvDXgJlK8eaet10TY4HIGTVoQJEMrYZrrBE4tduyw&oe=6A3830E5 || Original: https://scontent.fjai6-1.fna.fbcdn.net/v/t39.35426-6/708580842_27026274800361216_847067581605881247_n.jpg?_nc_cat=100&ccb=1-7&_nc_sid=c53f8f&_nc_ohc=tO60FcKq2_sQ7kNvwFbEYvE&_nc_oc=AdpQU9f-gIoKVjooAFGp3aoriW0bQJAFnrVZT0PaNrolq70oMmedGCNw7LWG84EJysR-NYBOBw5aCjPaoF0-5JMc&_nc_zt=14&_nc_ht=scontent.fjai6-1.fna&_nc_gid=ULHtIfOJtOroKEysjbo_bw&_nc_ss=7b289&oh=00_Af_gjQV9ZjG2jn5gFG0aI7BWgmBWEoDV6sg87z39k8kGkw&oe=6A385F8D | Resized: https://scontent.fjai6-1.fna.fbcdn.net/v/t39.35426-6/708854072_975160031813477_7968188924986722298_n.jpg?stp=dst-jpg_s600x600_tt6&_nc_cat=110&ccb=1-7&_nc_sid=c53f8f&_nc_ohc=MhVJJHUFNgsQ7kNvwEtnF2T&_nc_oc=Adort5N2RaxCjgZ3lAryXDz9YI68SiZUnfwSo8oy4c_1VCMWfWplwlAvZxu3WImjHF5ZCOefEWdAzyUYMjqGICaL&_nc_zt=14&_nc_ht=scontent.fjai6-1.fna&_nc_gid=ULHtIfOJtOroKEysjbo_bw&_nc_ss=7b289&oh=00_Af_HSReF0R2D0c_DPSmU31IvU_aw6kFBLYs97G-LBz5P9A&oe=6A385EA0 || Original: https://scontent.fjai6-1.fna.fbcdn.net/v/t39.35426-6/708890281_1503729394587945_2188603088303984352_n.jpg?_nc_cat=109&ccb=1-7&_nc_sid=c53f8f&_nc_ohc=v1qOtqIQ1doQ7kNvwHNtWt2&_nc_oc=AdqT99n9llk-QvSxjYqzfuT064k9mAgmm6PnE5kVIODX2d1IcaGeMELn_S9MFeeBO24t3REEgoCyzTJZbDw5989r&_nc_zt=14&_nc_ht=scontent.fjai6-1.fna&_nc_gid=ULHtIfOJtOroKEysjbo_bw&_nc_ss=7b289&oh=00_Af9bTUtDSwZ6ri1jaBGo6CGKQBaqgxwm0U-BEK4y5qDinA&oe=6A385DD4 | Resized: https://scontent.fjai6-1.fna.fbcdn.net/v/t39.35426-6/708794959_2154475762013660_9055622470613102606_n.jpg?stp=dst-jpg_s600x600_tt6&_nc_cat=108&ccb=1-7&_nc_sid=c53f8f&_nc_ohc=9r-gL4X4JKgQ7kNvwFBrQIS&_nc_oc=Adq2XNXa7vv6POt_9iYrpikf553gKhLXtvWRvXFnjvVfdX2PpjhB3_TS6VnagEwH61EtUKutrYFSnFzq1U0_r8-F&_nc_zt=14&_nc_ht=scontent.fjai6-1.fna&_nc_gid=ULHtIfOJtOroKEysjbo_bw&_nc_ss=7b289&oh=00_Af97pfNj1Y-ocy_rd8mcUVejAoj9k_yWREMKUMRXajY8yg&oe=6A384479 || Original: https://scontent.fjai6-1.fna.fbcdn.net/v/t39.35426-6/708794314_1236282141768644_4292236435419320741_n.jpg?_nc_cat=109&ccb=1-7&_nc_sid=c53f8f&_nc_ohc=VJH3actrN48Q7kNvwFc1-Cg&_nc_oc=Adp4CQgtcLP4kEJv9Mzv0klLh9aIDdwf6ew7c0Lb4JxVQ-A8xRy5hXBB27f1816P4B1uXRtQMDlk_wz1WH24KWl9&_nc_zt=14&_nc_ht=scontent.fjai6-1.fna&_nc_gid=ULHtIfOJtOroKEysjbo_bw&_nc_ss=7b289&oh=00_Af9Q06pdKd3wrmU7ejope71dmVRT1vYTi-HAvKYGtaLY5A&oe=6A3855CB | Resized: https://scontent.fjai6-1.fna.fbcdn.net/v/t39.35426-6/710756043_1324111386566665_184500752389280214_n.jpg?stp=dst-jpg_s600x600_tt6&_nc_cat=100&ccb=1-7&_nc_sid=c53f8f&_nc_ohc=T47RpzBHxCsQ7kNvwGSDV-E&_nc_oc=AdoiYDm0nDXiQT-2EZ1Vxzt8O1dzwAiPM94zQNYAICFCvNAsO20YzDlWMAKZZDeL0kL9EO6w5Thmo85X__h0G_Pn&_nc_zt=14&_nc_ht=scontent.fjai6-1.fna&_nc_gid=ULHtIfOJtOroKEysjbo_bw&_nc_ss=7b289&oh=00_Af8Rvl5jf0zFqWtdRgKP3YCKI6mr2urHCPhI1bTMU3-JMg&oe=6A385BF2 || Original: https://scontent.fjai6-1.fna.fbcdn.net/v/t39.35426-6/710755289_1782546559379371_7306135347674540418_n.jpg?_nc_cat=108&ccb=1-7&_nc_sid=c53f8f&_nc_ohc=vo-wE8Rh0s0Q7kNvwEKCEbs&_nc_oc=AdopfCuL4naZ78aTsX67GxwFlMrWaQ9D2bdBksdzPY5okRl2hZujku6U3cpxkgdKR6Z92_pGZz0E7134Dg1mEVuS&_nc_zt=14&_nc_ht=scontent.fjai6-1.fna&_nc_gid=ULHtIfOJtOroKEysjbo_bw&_nc_ss=7b289&oh=00_Af9zKNx-0ISKJfVG3uuXvLLegRF_FFSsVTxUFJIoTyTwLQ&oe=6A384E90 | Resized: https://scontent.fjai6-1.fna.fbcdn.net/v/t39.35426-6/708911261_998099072605816_1849254916426994936_n.jpg?stp=dst-jpg_s600x600_tt6&_nc_cat=104&ccb=1-7&_nc_sid=c53f8f&_nc_ohc=5w3gDIlYWZQQ7kNvwHXvM76&_nc_oc=Adqd2pqB95AVv0RDpPk8-u2pXNCjJiFKhCr0Ig9a2t0KDYxAg7w6vMNN1XD5kXs1xfKJoRq5TGLH3FzEoKC4czd5&_nc_zt=14&_nc_ht=scontent.fjai6-1.fna&_nc_gid=ULHtIfOJtOroKEysjbo_bw&_nc_ss=7b289&oh=00_Af_fwggIbEtCm3EHM1L6ngxC6yDXGTOLXx1fuPLcXsEcFA&oe=6A3842B2 || Original: https://scontent.fjai6-1.fna.fbcdn.net/v/t39.35426-6/708882153_1547196567041239_4247235386969059308_n.jpg?_nc_cat=110&ccb=1-7&_nc_sid=c53f8f&_nc_ohc=Qb4igzufIBsQ7kNvwHKN9br&_nc_oc=Adqs0NIrXRm-z443qd_rX1yw6sZE3ReBhamJz_FBwJlhCGG-B4TMxW1s03w_15GpKO_8qL2jAwQCLtriQCwR5BcE&_nc_zt=14&_nc_ht=scontent.fjai6-1.fna&_nc_gid=ULHtIfOJtOroKEysjbo_bw&_nc_ss=7b289&oh=00_Af8YCwHwwlihYaFU71gdxvUPf7sdoV6Idor-M69peO9FcQ&oe=6A385A61 | Resized: https://scontent.fjai6-1.fna.fbcdn.net/v/t39.35426-6/708891851_962876226585937_8916812396478976020_n.jpg?stp=dst-jpg_s600x600_tt6&_nc_cat=109&ccb=1-7&_nc_sid=c53f8f&_nc_ohc=GSie6sjwZlQQ7kNvwHrDDmZ&_nc_oc=AdprVl58y9ioYRcWrwP0jJhZ7lf9BIZaY09F2NiJQWb5XR0m23mXbv8f10i_dRW2vKY2ZUWhBQXbzcoeOyhPVf0G&_nc_zt=14&_nc_ht=scontent.fjai6-1.fna&_nc_gid=ULHtIfOJtOroKEysjbo_bw&_nc_ss=7b289&oh=00_Af9me87SxWijhbSDS8iDo65cZGbjcj9RH72Akav3NC11Ig&oe=6A38600B,
5471522643072211,https://www.facebook.com/nvtql/,fb.me,https://www.facebook.com/nvtql/,,,,contact@nvtqualitygroup.com,+91 88842 45678,,,,832552950101650,http://fb.me/,NVT Quality Lifestyle,https://www.facebook.com/ads/library/?id=5471522643072211,"Designed with personal space in mind. We are launching Eterna Villas next to a 300-acre lake on Sarjapur-Attibele Main Road.
4 & 5 BHK Luxury Villas starting at 3.3 Cr*

✅ Private Backyard | Sunlit Homes | Private Skydeck | Balconies for every room
✅ 10,000+ happy customers |150+ acres under development |2M sq.ft of delivery on time.
✅ ET Best Lifestyle Brands218 | CREDAI Care Awards 2023 | Times Business Awards2025
✅ Falls within the growth corridor between Electronic City, Sarjapur & Hosur Road.
✅ Gym | Swimming Pool | Coworking Area | Activity Room | Terrace Deck
✅ Electronic City – ~32 mins | Sarjapur Road – ~45 mins | Confident Square Mall – 21 mins",10963,Book now,fb.me,"FACEBOOK; INSTAGRAM",2026-06-03,2026-06-17,,,"Designed with personal space in mind. We are launching Eterna Villas next to a 300-acre lake on Sarjapur-Attibele Main Road.
4 & 5 BHK Luxury Villas starting at 3.3 Cr*

✅ Private Backyard | Sunlit Homes | Private Skydeck | Balconies for every room
✅ 10,000+ happy customers |150+ acres under development |2M sq.ft of delivery on time.
✅ ET Best Lifestyle Brands218 | CREDAI Care Awards 2023 | Times Business Awards2025
✅ Falls within the growth corridor between Electronic City, Sarjapur & Hosur Road.
✅ Gym | Swimming Pool | Coworking Area | Activity Room | Terrace Deck
✅ Electronic City – ~32 mins | Sarjapur Road – ~45 mins | Confident Square Mall – 21 mins || Designed with personal space in mind. We are launching Eterna Villas next to a 300-acre lake on Sarjapur-Attibele Main Road.
4 & 5 BHK Luxury Villas starting at 3.3 Cr*

✅ Private Backyard | Sunlit Homes | Private Skydeck | Balconies for every room
✅ 10,000+ happy customers |150+ acres under development |2M sq.ft of delivery on time.
✅ ET Best Lifestyle Brands218 | CREDAI Care Awards 2023 | Times Business Awards2025
✅ Falls within the growth corridor between Electronic City, Sarjapur & Hosur Road.
✅ Gym | Swimming Pool | Coworking Area | Activity Room | Terrace Deck
✅ Electronic City – ~32 mins | Sarjapur Road – ~45 mins | Confident Square Mall – 21 mins",http://fb.me/ || http://fb.me/,,Book Now || Book Now,,HD: https://video.fjai6-1.fna.fbcdn.net/o1/v/t2/f2/m366/AQNmAjyUbjJnRCR06oH2FYeyZGPHqLRrU_4gMWHG3K13QZHcWW4ZFuAceJzppkPuBtbHqkvZF6fO4nqKnBEkxNuPhFAElQ23qRGh9TOQAEgA4Q.mp4?_nc_cat=108&_nc_oc=AdoWGOmNZNJ1M7QsywiDJgH_-s41ewldeGzy68e6t81uHaWQRHMympHB3LeZdtGs7HHIqbaMNFIs5yX-pgionQJe&_nc_sid=b66105&_nc_ht=video.fjai6-1.fna.fbcdn.net&_nc_ohc=N3yxWUCV_4kQ7kNvwGS8WDh&efg=eyJ2ZW5jb2RlX3RhZyI6Inhwdl9wcm9ncmVzc2l2ZS5WSV9VU0VDQVNFX1BST0RVQ1RfVFlQRS4uQzMuNzIwLmRhc2hfaDI2NC1iYXNpYy1nZW4yXzcyMHAiLCJ4cHZfYXNzZXRfaWQiOjQwMzA0NzA2MzcyNDQxMTgsImFzc2V0X2FnZV9kYXlzIjoxNCwidmlfdXNlY2FzZV9pZCI6MTA3OTksImR1cmF0aW9uX3MiOjM5LCJ1cmxnZW5fc291cmNlIjoid3d3In0%3D&ccb=17-1&vs=583807ad0f846850&_nc_vs=HBksFQIYRWZiX2VwaGVtZXJhbC9CNzQ0RjMzNjc1MUI0MzhGNTRFMDdDMjlCMEQ3QTQ4Ql9tdF8xX3ZpZGVvX2Rhc2hpbml0Lm1wNBUAAsgBEgAVAhhAZmJfcGVybWFuZW50L0Q5NDdGQTNEQ0JBNEVFQTZCREJCREQ3MTM2NEU0OUIzX2F1ZGlvX2Rhc2hpbml0Lm1wNBUCAsgBEgAoABgAGwKIB3VzZV9vaWwBMRJwcm9ncmVzc2l2ZV9yZWNpcGUBMRUAACasu-KpouyoDhUCKAJDMywXQEPi8an7520YGWRhc2hfaDI2NC1iYXNpYy1nZW4yXzcyMHARAHUAZd6oAQA&_nc_gid=ULHtIfOJtOroKEysjbo_bw&_nc_ss=7b289&_nc_zt=28&oh=00_Af-RB-0zWd0YUgPBN-0buSIqQQ30eS1rdyP6QEamA7BktQ&oe=6A385500 | SD: https://video.fjai6-1.fna.fbcdn.net/o1/v/t2/f2/m412/AQMqsYbnEXCf7p4hjjgolSk7uWofW4jTZU59Z6fR3RU_5MrrxuA6o7Nv3cLIaYxL5ICKzE3wynZ4MOgbGK2GLApe_eL-I2Vbe3S3E8XIRA.mp4?_nc_cat=105&_nc_oc=AdqY1jYVEXVK8m-V9DC9wr5qF65tJDqtRjSvfvfmLiwIY1crd77RMiR8xaDytkmuJDQY9qVLKOrr6tnlDAXHqaV6&_nc_sid=ef5aa3&_nc_ht=video.fjai6-1.fna.fbcdn.net&_nc_ohc=zXoxQwEwMaEQ7kNvwG1nxMO&efg=eyJ2ZW5jb2RlX3RhZyI6Inhwdl9wcm9ncmVzc2l2ZS5WSV9VU0VDQVNFX1BST0RVQ1RfVFlQRS4uQzMuMzYwLnN2ZV9zZCIsInhwdl9hc3NldF9pZCI6NDAzMDQ3MDYzNzI0NDExOCwiYXNzZXRfYWdlX2RheXMiOjE0LCJ2aV91c2VjYXNlX2lkIjoxMDc5OSwiZHVyYXRpb25fcyI6MzksInVybGdlbl9zb3VyY2UiOiJ3d3cifQ%3D%3D&ccb=17-1&_nc_gid=ULHtIfOJtOroKEysjbo_bw&_nc_ss=7b289&_nc_zt=28&oh=00_Af-rEUWgdll624w4UxMBPoz4FCZsLUS2tFOHpgy4lViyyw&oe=6A385965 | Preview: https://scontent.fjai6-1.fna.fbcdn.net/v/t39.35426-6/713805024_1674332583895132_587354091609184846_n.jpg?_nc_cat=102&ccb=1-7&_nc_sid=c53f8f&_nc_ohc=e9CxsRJofrsQ7kNvwFlZCue&_nc_oc=AdrNbfMVlUhxZR6nTarEMe8sOqQEOIU4IrfmOmKbP8VVevgjDL0tlOVSQtkS1BHtKFEYZNy11qi4U73Up-1tJBky&_nc_zt=14&_nc_ht=scontent.fjai6-1.fna&_nc_gid=ULHtIfOJtOroKEysjbo_bw&_nc_ss=7b289&oh=00_Af9-XB1xBcmF73aLT9dDGOSlrAxkQj9yXlZuKjh8ukRdIA&oe=6A38620B || HD: https://video.fjai6-1.fna.fbcdn.net/o1/v/t2/f2/m366/AQP23y-M7OAQmZynrAJgrVE49Xros_fXbJ4rS0qnP0zs95DGVQ7lH-BszLFGd6XdTAwwDgPYTTkdic7B_E0LWFs_0GdgmFBIOrdyXlO31_Wyfw.mp4?_nc_cat=105&_nc_oc=AdopOAbQUw_-MnnSH2eFzEaPCxRJigGU6Gn0opCBP00cEYTkgivpeqBniw1OFoCYRbaVi70gP01MwDjxIoWZcujT&_nc_sid=b66105&_nc_ht=video.fjai6-1.fna.fbcdn.net&_nc_ohc=iD86bl_yy90Q7kNvwGiWqNc&efg=eyJ2ZW5jb2RlX3RhZyI6Inhwdl9wcm9ncmVzc2l2ZS5WSV9VU0VDQVNFX1BST0RVQ1RfVFlQRS4uQzMuNzIwLmRhc2hfaDI2NC1iYXNpYy1nZW4yXzcyMHAiLCJ4cHZfYXNzZXRfaWQiOjI2NDE5MzY1NzI4ODg1ODIsImFzc2V0X2FnZV9kYXlzIjoxNCwidmlfdXNlY2FzZV9pZCI6MTA3OTksImR1cmF0aW9uX3MiOjM5LCJ1cmxnZW5fc291cmNlIjoid3d3In0%3D&ccb=17-1&vs=3171afaae0b0132f&_nc_vs=HBksFQIYRWZiX2VwaGVtZXJhbC9FQTQwRDA0MTlDNzZFRkE5RDA1QkFBNTdBNjQwQjdCQV9tdF8xX3ZpZGVvX2Rhc2hpbml0Lm1wNBUAAsgBEgAVAhhAZmJfcGVybWFuZW50L0RCNEI1RTE1ODdBOEFGNDg2RDQwMzAzMTY4QThEQTg4X2F1ZGlvX2Rhc2hpbml0Lm1wNBUCAsgBEgAoABgAGwKIB3VzZV9vaWwBMRJwcm9ncmVzc2l2ZV9yZWNpcGUBMRUAACaM2JGv-bSxCRUCKAJDMywXQEPi8an7520YGWRhc2hfaDI2NC1iYXNpYy1nZW4yXzcyMHARAHUAZd6oAQA&_nc_gid=ULHtIfOJtOroKEysjbo_bw&_nc_ss=7b289&_nc_zt=28&oh=00_Af9LUqyF8e9WVBgQxhH0gXVEY-DCYnk5f9kFG0zk0gPfYw&oe=6A386043 | SD: https://video.fjai6-1.fna.fbcdn.net/o1/v/t2/f2/m412/AQNtPj4STo_z8-wEVP8AEt36FQ6dbxoQKqouBZVv5s2LXcm8qDkeePx65KqU7MflFUgDL4gVgoVOduEjg5LjYtzKvymOTju5R86F8gr6AA.mp4?_nc_cat=105&_nc_oc=AdqoXrKoA5Q14cyoTsGmfHwqOYgqj8JarEY_qWADHyD1_2RU5jqR2ZRV1jNczEW7a6ix3sHP0fqzrjExvnbidIJW&_nc_sid=ef5aa3&_nc_ht=video.fjai6-1.fna.fbcdn.net&_nc_ohc=RfjhDeCZUC4Q7kNvwFnu6Fw&efg=eyJ2ZW5jb2RlX3RhZyI6Inhwdl9wcm9ncmVzc2l2ZS5WSV9VU0VDQVNFX1BST0RVQ1RfVFlQRS4uQzMuMzYwLnN2ZV9zZCIsInhwdl9hc3NldF9pZCI6MjY0MTkzNjU3Mjg4ODU4MiwiYXNzZXRfYWdlX2RheXMiOjE0LCJ2aV91c2VjYXNlX2lkIjoxMDc5OSwiZHVyYXRpb25fcyI6MzksInVybGdlbl9zb3VyY2UiOiJ3d3cifQ%3D%3D&ccb=17-1&_nc_gid=ULHtIfOJtOroKEysjbo_bw&_nc_ss=7b289&_nc_zt=28&oh=00_Af__aRrZNNC3WLyqMnM0uTZL9wBA1qtmLUM6HKMKA3eU6Q&oe=6A385B21 | Preview: https://scontent.fjai6-1.fna.fbcdn.net/v/t39.35426-6/715670805_1293266999179138_7054371001145769829_n.jpg?_nc_cat=110&ccb=1-7&_nc_sid=c53f8f&_nc_ohc=sE6GWral89EQ7kNvwErOgWa&_nc_oc=Adodl8wCOa02BRfUKdhvZi4U2skoRDe0_yuVhsvX8qfCVa2JKJWH8aDTtUFLKc6WNS24bo1xCi9A2tjWoc7hihSX&_nc_zt=14&_nc_ht=scontent.fjai6-1.fna&_nc_gid=ULHtIfOJtOroKEysjbo_bw&_nc_ss=7b289&oh=00_Af-A8Hl-Rd6n3hW7xl9FPFYWnAk3PG-4Bunn8NNt6Gjhdw&oe=6A385626
1270855038506037,https://www.facebook.com/lecollectionist/,lecollectionist.com,https://www.facebook.com/lecollectionist/,,,,"legal-information@lecollectionist.com, myprivacy@lecollectionist.com, contact@lecollectionist.com, claim@lecollectionist.com","+33173030202, +16468512321, 95789370152, +14159017000, 000006074073",,,,412911905446511,https://www.lecollectionist.com/en/luxury-rental/villa-a-nepita-ajaccio,Le Collectionist,https://www.facebook.com/ads/library/?id=1270855038506037,"If you're looking for a beautiful rental for your large gatherings of family and friends, take a look at this collection of luxury villas in Corsica.",60291,Book now,lecollectionist.com,"FACEBOOK; INSTAGRAM",2026-05-15,2026-06-16,,,"If you're looking for a beautiful rental for your large gatherings of family and friends, take a look at this collection of luxury villas in Corsica. || If you're looking for a beautiful rental for your large gatherings of family and friends, take a look at this collection of luxury villas in Corsica. || If you're looking for a beautiful rental for your large gatherings of family and friends, take a look at this collection of luxury villas in Corsica. || If you're looking for a beautiful rental for your large gatherings of family and friends, take a look at this collection of luxury villas in Corsica. || If you're looking for a beautiful rental for your large gatherings of family and friends, take a look at this collection of luxury villas in Corsica. || If you're looking for a beautiful rental for your large gatherings of family and friends, take a look at this collection of luxury villas in Corsica. || If you're looking for a beautiful rental for your large gatherings of family and friends, take a look at this collection of luxury villas in Corsica. || If you're looking for a beautiful rental for your large gatherings of family and friends, take a look at this collection of luxury villas in Corsica. || If you're looking for a beautiful rental for your large gatherings of family and friends, take a look at this collection of luxury villas in Corsica. || If you're looking for a beautiful rental for your large gatherings of family and friends, take a look at this collection of luxury villas in Corsica. || If you're looking for a beautiful rental for your large gatherings of family and friends, take a look at this collection of luxury villas in Corsica. || If you're looking for a beautiful rental for your large gatherings of family and friends, take a look at this collection of luxury villas in Corsica. || If you're looking for a beautiful rental for your large gatherings of family and friends, take a look at this collection of luxury villas in Corsica. || If you're looking for a beautiful rental for your large gatherings of family and friends, take a look at this collection of luxury villas in Corsica. || If you're looking for a beautiful rental for your large gatherings of family and friends, take a look at this collection of luxury villas in Corsica. || If you're looking for a beautiful rental for your large gatherings of family and friends, take a look at this collection of luxury villas in Corsica. || If you're looking for a beautiful rental for your large gatherings of family and friends, take a look at this collection of luxury villas in Corsica. || If you're looking for a beautiful rental for your large gatherings of family and friends, take a look at this collection of luxury villas in Corsica. || If you're looking for a beautiful rental for your large gatherings of family and friends, take a look at this collection of luxury villas in Corsica. || If you're looking for a beautiful rental for your large gatherings of family and friends, take a look at this collection of luxury villas in Corsica. || If you're looking for a beautiful rental for your large gatherings of family and friends, take a look at this collection of luxury villas in Corsica. || If you're looking for a beautiful rental for your large gatherings of family and friends, take a look at this collection of luxury villas in Corsica. || If you're looking for a beautiful rental for your large gatherings of family and friends, take a look at this collection of luxury villas in Corsica. || If you're looking for a beautiful rental for your large gatherings of family and friends, take a look at this collection of luxury villas in Corsica.",https://www.lecollectionist.com/en/search?destinationId=70 || https://www.lecollectionist.com/en/luxury-rental/villa-a-nepita-ajaccio || https://www.lecollectionist.com/en/luxury-rental/casa-gianca-bonifacio || https://www.lecollectionist.com/en/luxury-rental/casa-arca-region-of-porto-vecchio || https://www.lecollectionist.com/en/luxury-rental/casa-rossa-region-of-porto-vecchio || https://www.lecollectionist.com/en/luxury-rental/villa-rezza-bonifacio || https://www.lecollectionist.com/en/search?destinationId=70 || https://www.lecollectionist.com/en/search?destinationId=70 || https://www.lecollectionist.com/en/search?destinationId=70 || https://www.lecollectionist.com/en/luxury-rental/villa-a-nepita-ajaccio || https://www.lecollectionist.com/en/luxury-rental/casa-gianca-bonifacio || https://www.lecollectionist.com/en/luxury-rental/casa-arca-region-of-porto-vecchio || https://www.lecollectionist.com/en/luxury-rental/casa-rossa-region-of-porto-vecchio || https://www.lecollectionist.com/en/luxury-rental/villa-rezza-bonifacio || https://www.lecollectionist.com/en/search?destinationId=70 || https://www.lecollectionist.com/en/search?destinationId=70 || https://www.lecollectionist.com/en/search?destinationId=70 || https://www.lecollectionist.com/en/luxury-rental/villa-a-nepita-ajaccio || https://www.lecollectionist.com/en/luxury-rental/casa-gianca-bonifacio || https://www.lecollectionist.com/en/luxury-rental/casa-arca-region-of-porto-vecchio || https://www.lecollectionist.com/en/luxury-rental/casa-rossa-region-of-porto-vecchio || https://www.lecollectionist.com/en/luxury-rental/villa-rezza-bonifacio || https://www.lecollectionist.com/en/search?destinationId=70 || https://www.lecollectionist.com/en/search?destinationId=70,,Book Now || Book Now || Book Now || Book Now || Book Now || Book Now || Book Now || Book Now || Book Now || Book Now || Book Now || Book Now || Book Now || Book Now || Book Now || Book Now || Book Now || Book Now || Book Now || Book Now || Book Now || Book Now || Book Now || Book Now,Original: https://scontent.fjai6-1.fna.fbcdn.net/v/t39.35426-6/699962677_976297345204901_6740618854345284958_n.jpg?_nc_cat=103&ccb=1-7&_nc_sid=c53f8f&_nc_ohc=RYN4TwoqT-AQ7kNvwEkm9zL&_nc_oc=AdqPAXXcrhiGBlo7zEWUjJlqIvZW6cXGnoKqH8CRx1fcjFwSEl6OUzzuX88q_tIqgUWTa5YNwuwnVFq-jh-Q90VI&_nc_zt=14&_nc_ht=scontent.fjai6-1.fna&_nc_gid=ULHtIfOJtOroKEysjbo_bw&_nc_ss=7b289&oh=00_Af-8jp-6EbPiC3vSXnlQayb0DgtApuYS6g-mS6Xg4v0XOA&oe=6A385618 | Resized: https://scontent.fjai6-1.fna.fbcdn.net/v/t39.35426-6/700078835_1241253737851265_1699241120377446635_n.jpg?stp=dst-jpg_s600x600_tt6&_nc_cat=103&ccb=1-7&_nc_sid=c53f8f&_nc_ohc=vAf-YOqbaC4Q7kNvwFnXJbz&_nc_oc=Adofgkrtkei-B0kwbmuzTYf0Hzx9oCKl4NDFzABmNQ8qjJwqLGOUpBUdqe_IzbeJb5tODcSGGDFwNEEfHSmZgTiD&_nc_zt=14&_nc_ht=scontent.fjai6-1.fna&_nc_gid=ULHtIfOJtOroKEysjbo_bw&_nc_ss=7b289&oh=00_Af87-jFr1yf3uyLJAg35QwpQIZ-oo_ELywDi7f_YFJqmsQ&oe=6A384B2C || Original: https://scontent.fjai6-1.fna.fbcdn.net/v/t39.35426-6/700064031_2915696432108195_5400724000388317477_n.jpg?_nc_cat=100&ccb=1-7&_nc_sid=c53f8f&_nc_ohc=5pQ7iK8hfWEQ7kNvwFPKN4h&_nc_oc=AdqmnoultHnwkyxWrU-X80Q5JsnbHEXK2K5zkOSkbvxhcg3xLyiMFYg7ocPX1HuC3ZibVhvNcNioI-j3SO9BYHvh&_nc_zt=14&_nc_ht=scontent.fjai6-1.fna&_nc_gid=ULHtIfOJtOroKEysjbo_bw&_nc_ss=7b289&oh=00_Af95A25mHchjNVmLU2wSx4ChXA75IViXijRB4h2jKhWzGg&oe=6A38652F | Resized: https://scontent.fjai6-1.fna.fbcdn.net/v/t39.35426-6/699491501_986536743754236_7033643565926917658_n.jpg?stp=dst-jpg_s600x600_tt6&_nc_cat=109&ccb=1-7&_nc_sid=c53f8f&_nc_ohc=cucPTev_n50Q7kNvwG776j4&_nc_oc=AdoPtqp12HHoUhgUanplfA5j5DlI7_ccTgnVAKITSKeH031Mel2-7qyvSk_yyuuPM3QjydCn6MAnw0Y3ymJGBKCB&_nc_zt=14&_nc_ht=scontent.fjai6-1.fna&_nc_gid=ULHtIfOJtOroKEysjbo_bw&_nc_ss=7b289&oh=00_Af9BX_n700osh_5g8D6XTp_01eZMturzodYaVGz2qZa82Q&oe=6A3838D1 || Original: https://scontent.fjai6-1.fna.fbcdn.net/v/t39.35426-6/698272696_877653845363027_8612636641939531231_n.jpg?_nc_cat=106&ccb=1-7&_nc_sid=c53f8f&_nc_ohc=PUVhnKft4qYQ7kNvwFGqyKR&_nc_oc=AdqdzORBOVlsy7c9qBP8YyE33I14uKPmEQJBurXK8Sx3xkCXBS9md4U_JR0v7huE2QXzneHG0lbPXgxc-SUSLxl6&_nc_zt=14&_nc_ht=scontent.fjai6-1.fna&_nc_gid=ULHtIfOJtOroKEysjbo_bw&_nc_ss=7b289&oh=00_Af-ZdHGQgCUfNaM-79_DPsN6D1QVrPao29lUCJL42ncUmQ&oe=6A383CD9 | Resized: https://scontent.fjai6-1.fna.fbcdn.net/v/t39.35426-6/699355197_2424616348017641_633287655921728829_n.jpg?stp=dst-jpg_s600x600_tt6&_nc_cat=101&ccb=1-7&_nc_sid=c53f8f&_nc_ohc=uc7hbgYDdEQQ7kNvwHGDzUi&_nc_oc=AdpQFD74Kokil1ZjYk0Jyf63Pxao_80zhD9eSnJkuyicggAmqHWkmPRwNWCVpPYmFiku83Esv6DaWr7rE1IzTEsJ&_nc_zt=14&_nc_ht=scontent.fjai6-1.fna&_nc_gid=ULHtIfOJtOroKEysjbo_bw&_nc_ss=7b289&oh=00_Af9mrdWEZJCf4Xqn_40yBdjovh-He_KqIom0q5S9jl4h1Q&oe=6A385B21 || Original: https://scontent.fjai6-1.fna.fbcdn.net/v/t39.35426-6/701708484_1228714056042927_5200112045797103670_n.jpg?_nc_cat=104&ccb=1-7&_nc_sid=c53f8f&_nc_ohc=kUrth6hytdIQ7kNvwFa98e4&_nc_oc=AdpZTEZbTowXRa5yMhD9viUnNfo_gClD3GpPcn10ChGvqU690-RCH57wpm7XuWUYIIDPIcTEjRY_VRv0Tc8mZPMc&_nc_zt=14&_nc_ht=scontent.fjai6-1.fna&_nc_gid=ULHtIfOJtOroKEysjbo_bw&_nc_ss=7b289&oh=00_Af-GK5Fo-gv_eDQYrEq5fUdSYm_V4k0EgiVHcw6y9OvK2w&oe=6A385AB3 | Resized: https://scontent.fjai6-1.fna.fbcdn.net/v/t39.35426-6/699940450_1011889604832347_389783648102067614_n.jpg?stp=dst-jpg_s600x600_tt6&_nc_cat=108&ccb=1-7&_nc_sid=c53f8f&_nc_ohc=Y06VO6qrNYoQ7kNvwGB__CR&_nc_oc=AdojFCUEOe5jf5KxFGb89Be6oODvfYMpv7FhSevMqFQNJyaiYecFZyRBuMYA4G1nVjTmwi334lqD97wtfNbZOAXT&_nc_zt=14&_nc_ht=scontent.fjai6-1.fna&_nc_gid=ULHtIfOJtOroKEysjbo_bw&_nc_ss=7b289&oh=00_Af9bbQE6IRefaPTGAP83urqBcfHyFkBg-YCzks8efi2z_Q&oe=6A385D13 || Original: https://scontent.fjai6-1.fna.fbcdn.net/v/t39.35426-6/698737390_1337513891627266_300929036641510297_n.jpg?_nc_cat=111&ccb=1-7&_nc_sid=c53f8f&_nc_ohc=jTQYSzZRZ5cQ7kNvwE03a4f&_nc_oc=Adrg6TzXHpKtI4lXMUVD0y02XhIcJws78tFyvTe5iCaj9a0Y2dqfr10_6gCCD94Ld6Alvs8FoeTvA6dGmD2tAVQO&_nc_zt=14&_nc_ht=scontent.fjai6-1.fna&_nc_gid=ULHtIfOJtOroKEysjbo_bw&_nc_ss=7b289&oh=00_Af9nXHSMgZZBdGthaPhHSoOWWvEWomdKm3GcTRgto0fXWg&oe=6A3847BD | Resized: https://scontent.fjai6-1.fna.fbcdn.net/v/t39.35426-6/701471292_2190457628459766_2127875439899561546_n.jpg?stp=dst-jpg_s600x600_tt6&_nc_cat=110&ccb=1-7&_nc_sid=c53f8f&_nc_ohc=HNquGK_dy2MQ7kNvwHcLl23&_nc_oc=AdqR7xGuxsj9eDH8PSC-jw62MTi4ZIBG_n1HNaEfPpfSS3IXr1grGW7ULAKGzwDwwgPV2oV_QFNXsfE1aKSnJJN1&_nc_zt=14&_nc_ht=scontent.fjai6-1.fna&_nc_gid=ULHtIfOJtOroKEysjbo_bw&_nc_ss=7b289&oh=00_Af_DvGCM6qzL3NMUEJCPD_6eWsRvBLBK1jzrC_w4oozRbQ&oe=6A38487A || Original: https://scontent.fjai6-1.fna.fbcdn.net/v/t39.35426-6/699907397_1303739875190331_5671210609006303867_n.jpg?_nc_cat=110&ccb=1-7&_nc_sid=c53f8f&_nc_ohc=2SCG-KooEngQ7kNvwGGsTS1&_nc_oc=AdrdQ60NRwugE9_b5HBOr5suo9emb_acME8zTOfM8WTC8gcy8-P5JtjKSG9k-SZWcCYLnHhjIUZ5U8LLMG1p1oaT&_nc_zt=14&_nc_ht=scontent.fjai6-1.fna&_nc_gid=ULHtIfOJtOroKEysjbo_bw&_nc_ss=7b289&oh=00_Af_TMRIIIOZlYQDhKkBU4zRj_jyaXRqyACB8QeAMpcks2g&oe=6A38354F | Resized: https://scontent.fjai6-1.fna.fbcdn.net/v/t39.35426-6/698309842_950862070911685_7355901020334523186_n.jpg?stp=dst-jpg_s600x600_tt6&_nc_cat=106&ccb=1-7&_nc_sid=c53f8f&_nc_ohc=boJqlGD-AVoQ7kNvwHlSidl&_nc_oc=AdoJsd4sSS3kW0i2Z9brLsLiYcHhEA7z1ThQnEaZK-OyXAI4gABRYZPxBkl-5RUDpgDlkvasg4B6YAbSgfkOu7Xq&_nc_zt=14&_nc_ht=scontent.fjai6-1.fna&_nc_gid=ULHtIfOJtOroKEysjbo_bw&_nc_ss=7b289&oh=00_Af-1jOMgupfqVQdRgV-X26tChaYedonU1Sf8nuCHdZ5pxw&oe=6A3836D8 || Original: https://scontent.fjai6-1.fna.fbcdn.net/v/t39.35426-6/699946207_1510186000517669_9011288341309283709_n.jpg?_nc_cat=108&ccb=1-7&_nc_sid=c53f8f&_nc_ohc=CVo15WlobR8Q7kNvwGhaE-p&_nc_oc=AdqqCPwYuiy-Dt-YCXSnka5wbKhuHNa5t0S15WR1qpJ1sG-fodgF_DoCf9oLO8c8oXAelDEmkr_nz4L1EqXcuQV0&_nc_zt=14&_nc_ht=scontent.fjai6-1.fna&_nc_gid=ULHtIfOJtOroKEysjbo_bw&_nc_ss=7b289&oh=00_Af_BnPyhfcKqjYwCVHahSdz2Cb8C94-6nlAjJE2wnSp8Hg&oe=6A3836A5 | Resized: https://scontent.fjai6-1.fna.fbcdn.net/v/t39.35426-6/700035708_1308357264605001_2667545525851414560_n.jpg?stp=dst-jpg_s600x600_tt6&_nc_cat=110&ccb=1-7&_nc_sid=c53f8f&_nc_ohc=36NC3Zq07c8Q7kNvwEb_LbL&_nc_oc=AdqAzbGaAik3kbue4ulok0qrWkLsf-OeewL9gG6tK_ugDaslk9ArImRMCWA9GRct7Ub6y7ydwyKJAXgANfVFM9la&_nc_zt=14&_nc_ht=scontent.fjai6-1.fna&_nc_gid=ULHtIfOJtOroKEysjbo_bw&_nc_ss=7b289&oh=00_Af_cd9zjOSbUNJ20WTDPAKUCwSKwibCn51_tp_Qt7OSSSg&oe=6A384A6F || Original: https://scontent.fjai6-1.fna.fbcdn.net/v/t39.35426-6/699105827_1001175225778225_8570100788745544179_n.jpg?_nc_cat=107&ccb=1-7&_nc_sid=c53f8f&_nc_ohc=viJA5mn0vdUQ7kNvwHMML0T&_nc_oc=AdpqhWs3E9TKmNGqIiLIOjTfaCh7pAiU1swm2cSFgcTXO_XdnKfb5ZsxrbgCR5WsPJea3egGeunxnhqsjFHCxVYJ&_nc_zt=14&_nc_ht=scontent.fjai6-1.fna&_nc_gid=ULHtIfOJtOroKEysjbo_bw&_nc_ss=7b289&oh=00_Af8JaMSbdKqlRWJxScyvYjbbd0Hs-qh_Al1peypAnVbN9Q&oe=6A385445 | Resized: https://scontent.fjai6-1.fna.fbcdn.net/v/t39.35426-6/700102231_4621194968137894_7497285163128994928_n.jpg?stp=dst-jpg_s600x600_tt6&_nc_cat=111&ccb=1-7&_nc_sid=c53f8f&_nc_ohc=wEybJUrjKJYQ7kNvwEsC4Vp&_nc_oc=AdrWQD03cUwFPva_rhd8mPgvZUS5EfnAlmpgx5UeKFF2V8P7-8RnV0Ri6zaNHVSB6rPlnrn-53PvSnsJD9x5Iobb&_nc_zt=14&_nc_ht=scontent.fjai6-1.fna&_nc_gid=ULHtIfOJtOroKEysjbo_bw&_nc_ss=7b289&oh=00_Af9oAgwvq7OR3vlXyQc_Ttx1CatEIn-B80V4o3Js4MLrpg&oe=6A383F5C || Original: https://scontent.fjai6-1.fna.fbcdn.net/v/t39.35426-6/699962677_976297345204901_6740618854345284958_n.jpg?_nc_cat=103&ccb=1-7&_nc_sid=c53f8f&_nc_ohc=RYN4TwoqT-AQ7kNvwEkm9zL&_nc_oc=AdqPAXXcrhiGBlo7zEWUjJlqIvZW6cXGnoKqH8CRx1fcjFwSEl6OUzzuX88q_tIqgUWTa5YNwuwnVFq-jh-Q90VI&_nc_zt=14&_nc_ht=scontent.fjai6-1.fna&_nc_gid=ULHtIfOJtOroKEysjbo_bw&_nc_ss=7b289&oh=00_Af-8jp-6EbPiC3vSXnlQayb0DgtApuYS6g-mS6Xg4v0XOA&oe=6A385618 | Resized: https://scontent.fjai6-1.fna.fbcdn.net/v/t39.35426-6/700078835_1241253737851265_1699241120377446635_n.jpg?stp=dst-jpg_s600x600_tt6&_nc_cat=103&ccb=1-7&_nc_sid=c53f8f&_nc_ohc=vAf-YOqbaC4Q7kNvwFnXJbz&_nc_oc=Adofgkrtkei-B0kwbmuzTYf0Hzx9oCKl4NDFzABmNQ8qjJwqLGOUpBUdqe_IzbeJb5tODcSGGDFwNEEfHSmZgTiD&_nc_zt=14&_nc_ht=scontent.fjai6-1.fna&_nc_gid=ULHtIfOJtOroKEysjbo_bw&_nc_ss=7b289&oh=00_Af87-jFr1yf3uyLJAg35QwpQIZ-oo_ELywDi7f_YFJqmsQ&oe=6A384B2C || Original: https://scontent.fjai6-1.fna.fbcdn.net/v/t39.35426-6/700064031_2915696432108195_5400724000388317477_n.jpg?_nc_cat=100&ccb=1-7&_nc_sid=c53f8f&_nc_ohc=5pQ7iK8hfWEQ7kNvwFPKN4h&_nc_oc=AdqmnoultHnwkyxWrU-X80Q5JsnbHEXK2K5zkOSkbvxhcg3xLyiMFYg7ocPX1HuC3ZibVhvNcNioI-j3SO9BYHvh&_nc_zt=14&_nc_ht=scontent.fjai6-1.fna&_nc_gid=ULHtIfOJtOroKEysjbo_bw&_nc_ss=7b289&oh=00_Af95A25mHchjNVmLU2wSx4ChXA75IViXijRB4h2jKhWzGg&oe=6A38652F | Resized: https://scontent.fjai6-1.fna.fbcdn.net/v/t39.35426-6/699491501_986536743754236_7033643565926917658_n.jpg?stp=dst-jpg_s600x600_tt6&_nc_cat=109&ccb=1-7&_nc_sid=c53f8f&_nc_ohc=cucPTev_n50Q7kNvwG776j4&_nc_oc=AdoPtqp12HHoUhgUanplfA5j5DlI7_ccTgnVAKITSKeH031Mel2-7qyvSk_yyuuPM3QjydCn6MAnw0Y3ymJGBKCB&_nc_zt=14&_nc_ht=scontent.fjai6-1.fna&_nc_gid=ULHtIfOJtOroKEysjbo_bw&_nc_ss=7b289&oh=00_Af9BX_n700osh_5g8D6XTp_01eZMturzodYaVGz2qZa82Q&oe=6A3838D1 || Original: https://scontent.fjai6-1.fna.fbcdn.net/v/t39.35426-6/698272696_877653845363027_8612636641939531231_n.jpg?_nc_cat=106&ccb=1-7&_nc_sid=c53f8f&_nc_ohc=PUVhnKft4qYQ7kNvwFGqyKR&_nc_oc=AdqdzORBOVlsy7c9qBP8YyE33I14uKPmEQJBurXK8Sx3xkCXBS9md4U_JR0v7huE2QXzneHG0lbPXgxc-SUSLxl6&_nc_zt=14&_nc_ht=scontent.fjai6-1.fna&_nc_gid=ULHtIfOJtOroKEysjbo_bw&_nc_ss=7b289&oh=00_Af-ZdHGQgCUfNaM-79_DPsN6D1QVrPao29lUCJL42ncUmQ&oe=6A383CD9 | Resized: https://scontent.fjai6-1.fna.fbcdn.net/v/t39.35426-6/699355197_2424616348017641_633287655921728829_n.jpg?stp=dst-jpg_s600x600_tt6&_nc_cat=101&ccb=1-7&_nc_sid=c53f8f&_nc_ohc=uc7hbgYDdEQQ7kNvwHGDzUi&_nc_oc=AdpQFD74Kokil1ZjYk0Jyf63Pxao_80zhD9eSnJkuyicggAmqHWkmPRwNWCVpPYmFiku83Esv6DaWr7rE1IzTEsJ&_nc_zt=14&_nc_ht=scontent.fjai6-1.fna&_nc_gid=ULHtIfOJtOroKEysjbo_bw&_nc_ss=7b289&oh=00_Af9mrdWEZJCf4Xqn_40yBdjovh-He_KqIom0q5S9jl4h1Q&oe=6A385B21 || Original: https://scontent.fjai6-1.fna.fbcdn.net/v/t39.35426-6/701708484_1228714056042927_5200112045797103670_n.jpg?_nc_cat=104&ccb=1-7&_nc_sid=c53f8f&_nc_ohc=kUrth6hytdIQ7kNvwFa98e4&_nc_oc=AdpZTEZbTowXRa5yMhD9viUnNfo_gClD3GpPcn10ChGvqU690-RCH57wpm7XuWUYIIDPIcTEjRY_VRv0Tc8mZPMc&_nc_zt=14&_nc_ht=scontent.fjai6-1.fna&_nc_gid=ULHtIfOJtOroKEysjbo_bw&_nc_ss=7b289&oh=00_Af-GK5Fo-gv_eDQYrEq5fUdSYm_V4k0EgiVHcw6y9OvK2w&oe=6A385AB3 | Resized: https://scontent.fjai6-1.fna.fbcdn.net/v/t39.35426-6/699940450_1011889604832347_389783648102067614_n.jpg?stp=dst-jpg_s600x600_tt6&_nc_cat=108&ccb=1-7&_nc_sid=c53f8f&_nc_ohc=Y06VO6qrNYoQ7kNvwGB__CR&_nc_oc=AdojFCUEOe5jf5KxFGb89Be6oODvfYMpv7FhSevMqFQNJyaiYecFZyRBuMYA4G1nVjTmwi334lqD97wtfNbZOAXT&_nc_zt=14&_nc_ht=scontent.fjai6-1.fna&_nc_gid=ULHtIfOJtOroKEysjbo_bw&_nc_ss=7b289&oh=00_Af9bbQE6IRefaPTGAP83urqBcfHyFkBg-YCzks8efi2z_Q&oe=6A385D13 || Original: https://scontent.fjai6-1.fna.fbcdn.net/v/t39.35426-6/698737390_1337513891627266_300929036641510297_n.jpg?_nc_cat=111&ccb=1-7&_nc_sid=c53f8f&_nc_ohc=jTQYSzZRZ5cQ7kNvwE03a4f&_nc_oc=Adrg6TzXHpKtI4lXMUVD0y02XhIcJws78tFyvTe5iCaj9a0Y2dqfr10_6gCCD94Ld6Alvs8FoeTvA6dGmD2tAVQO&_nc_zt=14&_nc_ht=scontent.fjai6-1.fna&_nc_gid=ULHtIfOJtOroKEysjbo_bw&_nc_ss=7b289&oh=00_Af9nXHSMgZZBdGthaPhHSoOWWvEWomdKm3GcTRgto0fXWg&oe=6A3847BD | Resized: https://scontent.fjai6-1.fna.fbcdn.net/v/t39.35426-6/701471292_2190457628459766_2127875439899561546_n.jpg?stp=dst-jpg_s600x600_tt6&_nc_cat=110&ccb=1-7&_nc_sid=c53f8f&_nc_ohc=HNquGK_dy2MQ7kNvwHcLl23&_nc_oc=AdqR7xGuxsj9eDH8PSC-jw62MTi4ZIBG_n1HNaEfPpfSS3IXr1grGW7ULAKGzwDwwgPV2oV_QFNXsfE1aKSnJJN1&_nc_zt=14&_nc_ht=scontent.fjai6-1.fna&_nc_gid=ULHtIfOJtOroKEysjbo_bw&_nc_ss=7b289&oh=00_Af_DvGCM6qzL3NMUEJCPD_6eWsRvBLBK1jzrC_w4oozRbQ&oe=6A38487A || Original: https://scontent.fjai6-1.fna.fbcdn.net/v/t39.35426-6/699907397_1303739875190331_5671210609006303867_n.jpg?_nc_cat=110&ccb=1-7&_nc_sid=c53f8f&_nc_ohc=2SCG-KooEngQ7kNvwGGsTS1&_nc_oc=AdrdQ60NRwugE9_b5HBOr5suo9emb_acME8zTOfM8WTC8gcy8-P5JtjKSG9k-SZWcCYLnHhjIUZ5U8LLMG1p1oaT&_nc_zt=14&_nc_ht=scontent.fjai6-1.fna&_nc_gid=ULHtIfOJtOroKEysjbo_bw&_nc_ss=7b289&oh=00_Af_TMRIIIOZlYQDhKkBU4zRj_jyaXRqyACB8QeAMpcks2g&oe=6A38354F | Resized: https://scontent.fjai6-1.fna.fbcdn.net/v/t39.35426-6/698309842_950862070911685_7355901020334523186_n.jpg?stp=dst-jpg_s600x600_tt6&_nc_cat=106&ccb=1-7&_nc_sid=c53f8f&_nc_ohc=boJqlGD-AVoQ7kNvwHlSidl&_nc_oc=AdoJsd4sSS3kW0i2Z9brLsLiYcHhEA7z1ThQnEaZK-OyXAI4gABRYZPxBkl-5RUDpgDlkvasg4B6YAbSgfkOu7Xq&_nc_zt=14&_nc_ht=scontent.fjai6-1.fna&_nc_gid=ULHtIfOJtOroKEysjbo_bw&_nc_ss=7b289&oh=00_Af-1jOMgupfqVQdRgV-X26tChaYedonU1Sf8nuCHdZ5pxw&oe=6A3836D8 || Original: https://scontent.fjai6-1.fna.fbcdn.net/v/t39.35426-6/699946207_1510186000517669_9011288341309283709_n.jpg?_nc_cat=108&ccb=1-7&_nc_sid=c53f8f&_nc_ohc=CVo15WlobR8Q7kNvwGhaE-p&_nc_oc=AdqqCPwYuiy-Dt-YCXSnka5wbKhuHNa5t0S15WR1qpJ1sG-fodgF_DoCf9oLO8c8oXAelDEmkr_nz4L1EqXcuQV0&_nc_zt=14&_nc_ht=scontent.fjai6-1.fna&_nc_gid=ULHtIfOJtOroKEysjbo_bw&_nc_ss=7b289&oh=00_Af_BnPyhfcKqjYwCVHahSdz2Cb8C94-6nlAjJE2wnSp8Hg&oe=6A3836A5 | Resized: https://scontent.fjai6-1.fna.fbcdn.net/v/t39.35426-6/700035708_1308357264605001_2667545525851414560_n.jpg?stp=dst-jpg_s600x600_tt6&_nc_cat=110&ccb=1-7&_nc_sid=c53f8f&_nc_ohc=36NC3Zq07c8Q7kNvwEb_LbL&_nc_oc=AdqAzbGaAik3kbue4ulok0qrWkLsf-OeewL9gG6tK_ugDaslk9ArImRMCWA9GRct7Ub6y7ydwyKJAXgANfVFM9la&_nc_zt=14&_nc_ht=scontent.fjai6-1.fna&_nc_gid=ULHtIfOJtOroKEysjbo_bw&_nc_ss=7b289&oh=00_Af_cd9zjOSbUNJ20WTDPAKUCwSKwibCn51_tp_Qt7OSSSg&oe=6A384A6F || Original: https://scontent.fjai6-1.fna.fbcdn.net/v/t39.35426-6/699105827_1001175225778225_8570100788745544179_n.jpg?_nc_cat=107&ccb=1-7&_nc_sid=c53f8f&_nc_ohc=viJA5mn0vdUQ7kNvwHMML0T&_nc_oc=AdpqhWs3E9TKmNGqIiLIOjTfaCh7pAiU1swm2cSFgcTXO_XdnKfb5ZsxrbgCR5WsPJea3egGeunxnhqsjFHCxVYJ&_nc_zt=14&_nc_ht=scontent.fjai6-1.fna&_nc_gid=ULHtIfOJtOroKEysjbo_bw&_nc_ss=7b289&oh=00_Af8JaMSbdKqlRWJxScyvYjbbd0Hs-qh_Al1peypAnVbN9Q&oe=6A385445 | Resized: https://scontent.fjai6-1.fna.fbcdn.net/v/t39.35426-6/700102231_4621194968137894_7497285163128994928_n.jpg?stp=dst-jpg_s600x600_tt6&_nc_cat=111&ccb=1-7&_nc_sid=c53f8f&_nc_ohc=wEybJUrjKJYQ7kNvwEsC4Vp&_nc_oc=AdrWQD03cUwFPva_rhd8mPgvZUS5EfnAlmpgx5UeKFF2V8P7-8RnV0Ri6zaNHVSB6rPlnrn-53PvSnsJD9x5Iobb&_nc_zt=14&_nc_ht=scontent.fjai6-1.fna&_nc_gid=ULHtIfOJtOroKEysjbo_bw&_nc_ss=7b289&oh=00_Af9oAgwvq7OR3vlXyQc_Ttx1CatEIn-B80V4o3Js4MLrpg&oe=6A383F5C || Original: https://scontent.fjai6-1.fna.fbcdn.net/v/t39.35426-6/699046641_1015808891011583_2839913781394333163_n.jpg?_nc_cat=104&ccb=1-7&_nc_sid=c53f8f&_nc_ohc=lGvQDDtBYt8Q7kNvwGrUcoH&_nc_oc=AdrgSo4pMJcPI93uea2v47LFDuixWBrRTYtwKND7j9ywoQ4h5NnLZNuEg2hEsY6s_y3C8IvMSG0hLxt47lkTbltC&_nc_zt=14&_nc_ht=scontent.fjai6-1.fna&_nc_gid=ULHtIfOJtOroKEysjbo_bw&_nc_ss=7b289&oh=00_Af9wlXBcXlYcMJlW-gkDNZ2TiNw4mDCA5BNpgrO16XHqsg&oe=6A385F55 | Resized: https://scontent.fjai6-1.fna.fbcdn.net/v/t39.35426-6/698621607_943864005124345_8693383438857907013_n.jpg?stp=dst-jpg_s600x600_tt6&_nc_cat=100&ccb=1-7&_nc_sid=c53f8f&_nc_ohc=BqvyyF9Ge-kQ7kNvwG4vViu&_nc_oc=AdppGqB9fXrfGjMRs5yzS_IpGyqVqVs_pcWVyRx7D7onLn8sbNNeOevuy7UDQ6f3Aig6wIjQiv--3_96NDwnMHvt&_nc_zt=14&_nc_ht=scontent.fjai6-1.fna&_nc_gid=ULHtIfOJtOroKEysjbo_bw&_nc_ss=7b289&oh=00_Af_xvu0u5XM2VBt5jQtGxMiB6wl_oBO0U1P2SsgWWaRRDQ&oe=6A383C81 || Original: https://scontent.fjai6-1.fna.fbcdn.net/v/t39.35426-6/699906092_2067857664134262_1605081709475935257_n.jpg?_nc_cat=104&ccb=1-7&_nc_sid=c53f8f&_nc_ohc=sYvN4jHDRf8Q7kNvwE4FF9O&_nc_oc=Adqy3gxztxIT1ZIJuIk0jGhIdLmZ-Wy_2g9Lbl14QaqVD9U8kj5fLq4VccajsV98qMkQ4ZY3iGtmzgBkfDa3N9fj&_nc_zt=14&_nc_ht=scontent.fjai6-1.fna&_nc_gid=ULHtIfOJtOroKEysjbo_bw&_nc_ss=7b289&oh=00_Af_BusnOx4WS7yn86mQUREsxRGoa1UkHBLv25MJ2ntchFQ&oe=6A3854DE | Resized: https://scontent.fjai6-1.fna.fbcdn.net/v/t39.35426-6/700063801_858004960042129_418692964692423072_n.jpg?stp=dst-jpg_s600x600_tt6&_nc_cat=104&ccb=1-7&_nc_sid=c53f8f&_nc_ohc=xNDHT7JR-zYQ7kNvwGFvaz3&_nc_oc=Adq2hkCjeO_FgZxouvp4rSBokmVq3UVBRsfmO85trTaX2xTRch0bAywxmmpTxwavFBeq_BUYNCkhahw2K-jiQGUg&_nc_zt=14&_nc_ht=scontent.fjai6-1.fna&_nc_gid=ULHtIfOJtOroKEysjbo_bw&_nc_ss=7b289&oh=00_Af9UzxYGRPGaooCW4YjDV-yBcDlpe34KeWE4azMf3EF2Sg&oe=6A383C25 || Original: https://scontent.fjai6-1.fna.fbcdn.net/v/t39.35426-6/699671573_1760087565405565_3181918746674267615_n.jpg?_nc_cat=100&ccb=1-7&_nc_sid=c53f8f&_nc_ohc=Fuk2BipSYHcQ7kNvwH02gn8&_nc_oc=Adoxljf8li72pF7tz-MTThF0vAgH4Re-SK4hp870Mh6DjHPIgP07iSllPvLxyKDFMk1eyH6zHlkXkvdU78PXJguU&_nc_zt=14&_nc_ht=scontent.fjai6-1.fna&_nc_gid=ULHtIfOJtOroKEysjbo_bw&_nc_ss=7b289&oh=00_Af8l0IG8I0cEALmLeG4dPwpIykdiPgqakMjOVmA-p3JLHA&oe=6A38654F | Resized: https://scontent.fjai6-1.fna.fbcdn.net/v/t39.35426-6/700070139_1000259345917440_179985068662106383_n.jpg?stp=dst-jpg_s600x600_tt6&_nc_cat=105&ccb=1-7&_nc_sid=c53f8f&_nc_ohc=Df0d2gxisMoQ7kNvwGxvrL1&_nc_oc=AdpL3RVQvasvdVntZhMXlttKDLTa_jIpstrk3A4yxCfH3ywGJ5LeTKPu-NyfbT-AxzvRo0Q4WcgrP6jpmfTIpIMl&_nc_zt=14&_nc_ht=scontent.fjai6-1.fna&_nc_gid=ULHtIfOJtOroKEysjbo_bw&_nc_ss=7b289&oh=00_Af8jusKz_hcye3S7zRLP7e4s-oWZJkFtOpBoE0Ddeq4AaA&oe=6A383470 || Original: https://scontent.fjai6-1.fna.fbcdn.net/v/t39.35426-6/698765397_26753253644295387_117562540029147905_n.jpg?_nc_cat=100&ccb=1-7&_nc_sid=c53f8f&_nc_ohc=yS1en-nqptAQ7kNvwHZNmr9&_nc_oc=Adqumoqqg7Zo6H_YuBGYM-Tu2AQzMY_Pg8rje6_Ly2ErErQLGzI2TaTSXgd7lOcyF4A1r9oOvYqRCl_QHNj_PYHX&_nc_zt=14&_nc_ht=scontent.fjai6-1.fna&_nc_gid=ULHtIfOJtOroKEysjbo_bw&_nc_ss=7b289&oh=00_Af_swMmJfIPsemWU9p5L4PLddSBzkYZbUrH9dNSt9i_eng&oe=6A383D9D | Resized: https://scontent.fjai6-1.fna.fbcdn.net/v/t39.35426-6/701437454_1504325691310202_6411229350169279134_n.jpg?stp=dst-jpg_s600x600_tt6&_nc_cat=105&ccb=1-7&_nc_sid=c53f8f&_nc_ohc=JWGCmj4ndvAQ7kNvwHBFpeQ&_nc_oc=AdoZMTuC8qcNasYrQH1NfNO2J4zBjpedIf31vdY5tTW_JrtlAlgZjUVIr7ZfDPmdTN897z-ZeEMuVkFe2D62WcOh&_nc_zt=14&_nc_ht=scontent.fjai6-1.fna&_nc_gid=ULHtIfOJtOroKEysjbo_bw&_nc_ss=7b289&oh=00_Af_n2sUhMlpIQZ0myEfIWiH4C_ITM4WaAofkC1TiUCyqcw&oe=6A383AD4 || Original: https://scontent.fjai6-1.fna.fbcdn.net/v/t39.35426-6/699969428_1509697730851476_688181130553670496_n.jpg?_nc_cat=100&ccb=1-7&_nc_sid=c53f8f&_nc_ohc=oVg7vknt27QQ7kNvwGIbf8R&_nc_oc=AdqLTGcJu5iZnMV8vEv613CrbswHE0jXPcMwjW8r396r-Z50Rg0jatVQiOAD0v3AELQgBkNmgIkCpQXDQnyl_RCE&_nc_zt=14&_nc_ht=scontent.fjai6-1.fna&_nc_gid=ULHtIfOJtOroKEysjbo_bw&_nc_ss=7b289&oh=00_Af9-ee9iG74SfulWGWUe1MA2jCKNQ6MpWY-55KLobApwIA&oe=6A38372C | Resized: https://scontent.fjai6-1.fna.fbcdn.net/v/t39.35426-6/701643645_1778122286901515_1550294542110200028_n.jpg?stp=dst-jpg_s600x600_tt6&_nc_cat=111&ccb=1-7&_nc_sid=c53f8f&_nc_ohc=PnSm5U2rWIcQ7kNvwHAylYo&_nc_oc=AdqVfymhjUF7TA84VNLR26t9Qs23hI6JM3sajHyDp_BVREOjYjDKPLs-Ae3JeCcisPMst5zb4_MG1eYcIqlxgowe&_nc_zt=14&_nc_ht=scontent.fjai6-1.fna&_nc_gid=ULHtIfOJtOroKEysjbo_bw&_nc_ss=7b289&oh=00_Af9OASPRxZOL_vJEE43npzECUdR543SMXrx9WuXnAnwbvQ&oe=6A383E6F || Original: https://scontent.fjai6-1.fna.fbcdn.net/v/t39.35426-6/698979037_1626884601912845_7862472452440967821_n.jpg?_nc_cat=110&ccb=1-7&_nc_sid=c53f8f&_nc_ohc=ExPeGVkJ7mwQ7kNvwGVpNVb&_nc_oc=AdohzMukxlA-Vc5WloAuq_-DFEYlsz8D591OAuA3h7fJjr-Mn6jnD2WFVLSh66THYRNf_o_Yhy-t4kC6trFTZS1h&_nc_zt=14&_nc_ht=scontent.fjai6-1.fna&_nc_gid=ULHtIfOJtOroKEysjbo_bw&_nc_ss=7b289&oh=00_Af8G69-hWedkT_v31HPj2KhvtQs8lxtcltKU1Om_uEQuqg&oe=6A383520 | Resized: https://scontent.fjai6-1.fna.fbcdn.net/v/t39.35426-6/699227841_911147908643424_5723575579694624349_n.jpg?stp=dst-jpg_s600x600_tt6&_nc_cat=105&ccb=1-7&_nc_sid=c53f8f&_nc_ohc=OfS1RhN35RoQ7kNvwHAkwRr&_nc_oc=AdrVENDRaaCQdw2MYzdmR-LLbugnf0wfsZEloTLgcELKhlfLA9bKDIRSQXoZYRWc5KFoQKOwa7Rwk00y7SWrz08G&_nc_zt=14&_nc_ht=scontent.fjai6-1.fna&_nc_gid=ULHtIfOJtOroKEysjbo_bw&_nc_ss=7b289&oh=00_Af9G-Kklp4-nkwU2gQuQHPNhW6i5Aw68RfHAY0-Wdp45HQ&oe=6A384A85 || Original: https://scontent.fjai6-1.fna.fbcdn.net/v/t39.35426-6/699084209_1299773162349686_9150031843470979791_n.jpg?_nc_cat=101&ccb=1-7&_nc_sid=c53f8f&_nc_ohc=pzWf1LYaeugQ7kNvwHnskKe&_nc_oc=AdoHG3E-EwPi6r1qXRD5MjBIAryp0rnZCD-ELGOKv5LG7S7oawJ202WkFJiVSMVbKYf_803qbw1bv8asEG5i6WKS&_nc_zt=14&_nc_ht=scontent.fjai6-1.fna&_nc_gid=ULHtIfOJtOroKEysjbo_bw&_nc_ss=7b289&oh=00_Af-oplvzTBEnBxwMmuXGlwvHB8pAJ9KNNyhwCNTO71lz_Q&oe=6A38318F | Resized: https://scontent.fjai6-1.fna.fbcdn.net/v/t39.35426-6/700955871_1010807678034784_349820601432783903_n.jpg?stp=dst-jpg_s600x600_tt6&_nc_cat=104&ccb=1-7&_nc_sid=c53f8f&_nc_ohc=sG8IJPviCjwQ7kNvwEoQ5Sx&_nc_oc=AdrKMF-n-L2XZ-0ZaHIj-t-UkIuAntATQER2UZDVOOZ5DIYerMtkhrVb7nSJLLlp1ad_OyK3SmWg1WbwOeK2kyWO&_nc_zt=14&_nc_ht=scontent.fjai6-1.fna&_nc_gid=ULHtIfOJtOroKEysjbo_bw&_nc_ss=7b289&oh=00_Af9xbywHhVP2Onag2NyHPQPvEvzeLHhu4uC0DrOY22_0ow&oe=6A3848D4 || Original: https://scontent.fjai6-1.fna.fbcdn.net/v/t39.35426-6/699891123_1503485774814099_3049491897351973197_n.jpg?_nc_cat=109&ccb=1-7&_nc_sid=c53f8f&_nc_ohc=2TH_YOF6XSQQ7kNvwFU0tsX&_nc_oc=AdqGgcoznwwjfXa-njQla1qw5DxY5AgMbgyFZP7ohuSCXyEeucBM_k9papbIQ7_DQsJiqAQR-uBldPgrDcl4dNE3&_nc_zt=14&_nc_ht=scontent.fjai6-1.fna&_nc_gid=ULHtIfOJtOroKEysjbo_bw&_nc_ss=7b289&oh=00_Af-I2QeufFGxntk6GeqRtX5zjSQsFAe4AJSHslL3kYw7gQ&oe=6A383589 | Resized: https://scontent.fjai6-1.fna.fbcdn.net/v/t39.35426-6/699956745_977272361839348_5644789728116501205_n.jpg?stp=dst-jpg_s600x600_tt6&_nc_cat=111&ccb=1-7&_nc_sid=c53f8f&_nc_ohc=cybEH1G2DrUQ7kNvwE_Ftr8&_nc_oc=Adowv3HxmPFMFuClCjsA2HG-MBGuN6Mx-qbWj9B-qlvwOfND7BO_uSdWfj3wfU1Ms6RB3vggrdOleIFk8Vr840gg&_nc_zt=14&_nc_ht=scontent.fjai6-1.fna&_nc_gid=ULHtIfOJtOroKEysjbo_bw&_nc_ss=7b289&oh=00_Af8xm5sJoWHpV85b-vhvV9qYwSiuN-orIa04f1SbR_DtiA&oe=6A384E7B,
3349204215258929,https://www.facebook.com/TrifectaProjects/,fb.me,https://www.facebook.com/TrifectaProjects/,,,,info@trifectaprojects.com,+91 87929 29469,,,,1467115363515805,http://fb.me/,Trifecta Projects,https://www.facebook.com/ads/library/?id=3349204215258929,"What if your home was perfectly connected — yet peacefully away from city congestion?

Presenting Trifecta Verde En Resplandor – a ready 4 BHK villa community designed for comfort, space & everyday convenience.

📍 Just 20 mins to Kempegowda International Airport
📍 10 mins to KIADB Aerospace & Industrial Area

🎯 Starting at ₹2.80 Cr onwards, you get:
✔️ Independent 4 BHK luxury villa
✔️ 50+ acre gated community
✔️ 50,000 sq. ft. ready-to-use clubhouse
✔️ Wide roads, landscaped greens & secure living
✔️ Easy access to Whitefield & major work hubs

Work in the city. Travel with ease.
Come home to space, privacy and calm living.",9889,Sign up,fb.me,"FACEBOOK; INSTAGRAM; AUDIENCE_NETWORK",2026-06-11,2026-06-17,,,"What if your home was perfectly connected — yet peacefully away from city congestion?

Presenting Trifecta Verde En Resplandor – a ready 4 BHK villa community designed for comfort, space & everyday convenience.

📍 Just 20 mins to Kempegowda International Airport
📍 10 mins to KIADB Aerospace & Industrial Area

🎯 Starting at ₹2.80 Cr onwards, you get:
✔️ Independent 4 BHK luxury villa
✔️ 50+ acre gated community
✔️ 50,000 sq. ft. ready-to-use clubhouse
✔️ Wide roads, landscaped greens & secure living
✔️ Easy access to Whitefield & major work hubs

Work in the city. Travel with ease.
Come home to space, privacy and calm living. || What if your home was perfectly connected — yet peacefully away from city congestion?

Presenting Trifecta Verde En Resplandor – a ready 4 BHK villa community designed for comfort, space & everyday convenience.

📍 Just 20 mins to Kempegowda International Airport
📍 10 mins to KIADB Aerospace & Industrial Area

🎯 Starting at ₹2.80 Cr onwards, you get:
✔️ Independent 4 BHK luxury villa
✔️ 50+ acre gated community
✔️ 50,000 sq. ft. ready-to-use clubhouse
✔️ Wide roads, landscaped greens & secure living
✔️ Easy access to Whitefield & major work hubs

Work in the city. Travel with ease.
Come home to space, privacy and calm living. || What if your home was perfectly connected — yet peacefully away from city congestion?

Presenting Trifecta Verde En Resplandor – a ready 4 BHK villa community designed for comfort, space & everyday convenience.

📍 Just 20 mins to Kempegowda International Airport
📍 10 mins to KIADB Aerospace & Industrial Area

🎯 Starting at ₹2.80 Cr onwards, you get:
✔️ Independent 4 BHK luxury villa
✔️ 50+ acre gated community
✔️ 50,000 sq. ft. ready-to-use clubhouse
✔️ Wide roads, landscaped greens & secure living
✔️ Easy access to Whitefield & major work hubs

Work in the city. Travel with ease.
Come home to space, privacy and calm living.",http://fb.me/ || http://fb.me/ || http://fb.me/,,Sign Up || Sign Up || Sign Up,Original: https://scontent.fjai6-1.fna.fbcdn.net/v/t39.35426-6/633023863_1443356904248942_2464928796242681060_n.jpg?_nc_cat=109&ccb=1-7&_nc_sid=c53f8f&_nc_ohc=0ykQWMIlPbUQ7kNvwEtJcrJ&_nc_oc=Adq9Ei03sCO3CvDUtwMRAVyh8AWAw4tPohkq2ULsLExIYBf3Tq-m4pKmniUen8fpc4i3s7EX0bMLMvBjDFydYW9t&_nc_zt=14&_nc_ht=scontent.fjai6-1.fna&_nc_gid=ULHtIfOJtOroKEysjbo_bw&_nc_ss=7b289&oh=00_Af8BUmfKQZeKTjUmcg92r3ZST1v6qcbOM674tyG8nqKI7Q&oe=6A385306 | Resized: https://scontent.fjai6-1.fna.fbcdn.net/v/t39.35426-6/632343417_906605151739077_8947211875196177208_n.jpg?stp=dst-jpg_s600x600_tt6&_nc_cat=105&ccb=1-7&_nc_sid=c53f8f&_nc_ohc=zZXjgt1s2JQQ7kNvwEY8cs5&_nc_oc=AdpU63pbyblXmRuuSJ1pd2SXSIwGBBsk1AcHX6rVYYmzMN9bslt2XtNOTxv3b1ve6wtMEnsrI5rg0FQgsOaOh-lT&_nc_zt=14&_nc_ht=scontent.fjai6-1.fna&_nc_gid=ULHtIfOJtOroKEysjbo_bw&_nc_ss=7b289&oh=00_Af_7hBupXOVwloRxUMnhOqsWzLAYJQmD9qGcmgFzhVRLyA&oe=6A3857B8 || Original: https://scontent.fjai6-1.fna.fbcdn.net/v/t39.35426-6/631259372_2309744899534360_3887789976732596497_n.jpg?_nc_cat=107&ccb=1-7&_nc_sid=c53f8f&_nc_ohc=Qvv7On7Coo4Q7kNvwHqqaga&_nc_oc=AdrYZgAA-5vcv9OOrWVo2f1c829gpyTs85x95EcoPTaKcxNSLEockow5KmmOTSOyrZGgbPlvzG767aDwqT1EB6Q5&_nc_zt=14&_nc_ht=scontent.fjai6-1.fna&_nc_gid=ULHtIfOJtOroKEysjbo_bw&_nc_ss=7b289&oh=00_Af-Lt6p4osLS0ccPEhxVvaukLpT4OjvSDSwNEGLKk-0yTQ&oe=6A3849F5 | Resized: https://scontent.fjai6-1.fna.fbcdn.net/v/t39.35426-6/632160893_2654217308290199_7557484224421921334_n.jpg?stp=dst-jpg_s600x600_tt6&_nc_cat=107&ccb=1-7&_nc_sid=c53f8f&_nc_ohc=as8JRghzJbYQ7kNvwF8KPnD&_nc_oc=AdoV2koUOL5PeCCljVq9bgNE1is4zWjHSJsJe2QKKFSZWnAVR8bwt9F6Cjcjcc3qJCEJCnKTjJXOBbIoj9XQRa-Y&_nc_zt=14&_nc_ht=scontent.fjai6-1.fna&_nc_gid=ULHtIfOJtOroKEysjbo_bw&_nc_ss=7b289&oh=00_Af_Drj9s_vTB138c1Rup5l-MXPZLhFIpfws3ydJQSrpSjA&oe=6A38651A || Original: https://scontent.fjai6-1.fna.fbcdn.net/v/t39.35426-6/632343417_1543026880106118_6575894750747957217_n.jpg?_nc_cat=109&ccb=1-7&_nc_sid=c53f8f&_nc_ohc=76DlJdHzDEYQ7kNvwFLXr5B&_nc_oc=AdpcEOGn2MdCblgGXbsZld4r1cixKhEMR3qr3uonhUDzCF_OY4Kp78ivRwm4xrYXY0do_2gDbFfV3UxBrF0koiix&_nc_zt=14&_nc_ht=scontent.fjai6-1.fna&_nc_gid=ULHtIfOJtOroKEysjbo_bw&_nc_ss=7b289&oh=00_Af8DhbDv-NCN9Sk6Lw1Llqu5Vj2g0Aj0jhh-7V-BjY8tVA&oe=6A383911 | Resized: https://scontent.fjai6-1.fna.fbcdn.net/v/t39.35426-6/632565048_1623096605546876_3943374971373214371_n.jpg?stp=dst-jpg_s600x600_tt6&_nc_cat=109&ccb=1-7&_nc_sid=c53f8f&_nc_ohc=5c_Xz37HsPQQ7kNvwGbYwS9&_nc_oc=Adp8h1Xq7IOWyjJCeLkQYpvvemQcKC466tjsf6724LsxLQnODC40uPp__8XhWXe38O1iNhKFlqlT-kA4S01vNvmy&_nc_zt=14&_nc_ht=scontent.fjai6-1.fna&_nc_gid=ULHtIfOJtOroKEysjbo_bw&_nc_ss=7b289&oh=00_Af-_S_U5pCfzkpHPBir6jy8KucooC6XuItsgoZL8WNRbXA&oe=6A3837F7,
1045806571117864,https://www.facebook.com/61584349666340/,fb.me,https://www.facebook.com/61584349666340/,,,,,+91 88860 61185,,,,867323406468875,http://fb.me/,Keerthi Estates,https://www.facebook.com/ads/library/?id=1045806571117864,"Explore Hyderabad’s most premium villa collection by Keerthi Estates.

From ready-to-move homes to pre-launch opportunities and exclusive early access — find the perfect villa for your lifestyle or investment goals.

📍 Prime locations near ORR, TSPA & Airport corridors
🏡 Luxury villas with world-class amenities
⏳ Limited inventory across projects

Enquire now to discover the right opportunity.",120,Learn more,fb.me,"FACEBOOK; INSTAGRAM",2026-05-19,2026-06-17,,,  ||   ||  ,http://fb.me/ || http://fb.me/ || http://fb.me/,fb.me || fb.me || fb.me,Learn More || Learn More || Learn More,Original: https://scontent.fjai6-1.fna.fbcdn.net/v/t39.35426-6/704327722_1007210951685057_6170987753294690978_n.jpg?_nc_cat=104&ccb=1-7&_nc_sid=c53f8f&_nc_ohc=IzmGCAPMs80Q7kNvwFiq8z3&_nc_oc=AdpUczBzK_IxhcP2kcmp3rMPrzThwSkFPFKXiY9xIoIUIZGzW1tPdgOrrNd9R8Djs_yiBu45-Kif6xRdOUAfN7kl&_nc_zt=14&_nc_ht=scontent.fjai6-1.fna&_nc_gid=ULHtIfOJtOroKEysjbo_bw&_nc_ss=7b289&oh=00_Af8PyBowQvRfOt1Tf8T7f5stYwyCeqodFTI8Z17dSu4iLg&oe=6A382F1E | Resized: https://scontent.fjai6-1.fna.fbcdn.net/v/t39.35426-6/702134293_1359055702951154_2919286563285800356_n.jpg?stp=dst-jpg_s600x600_tt6&_nc_cat=109&ccb=1-7&_nc_sid=c53f8f&_nc_ohc=qh-8gUma7HMQ7kNvwH60ai5&_nc_oc=AdqPgDwdKNhpY7_dzputOy5tXhxxchg41sX9C475vAd5u0vfvw7s3gbCKXjm8_Tm5aelckch6_8QLv6PUGwkTgNJ&_nc_zt=14&_nc_ht=scontent.fjai6-1.fna&_nc_gid=ULHtIfOJtOroKEysjbo_bw&_nc_ss=7b289&oh=00_Af-OZL5In7e3jQUjdVFaQ-fS7Xm7WoAgcI7J-K4hZ7bFMw&oe=6A384D69 || Original: https://scontent.fjai6-1.fna.fbcdn.net/v/t39.35426-6/702265776_1207794931318829_8407565163403985358_n.jpg?_nc_cat=106&ccb=1-7&_nc_sid=c53f8f&_nc_ohc=WkpXekI1u6YQ7kNvwFsmj2W&_nc_oc=Adq_dv-Zcxcjvy4FIIz2iPcp2vdxVe79tIqdWokeGg26g2nNFPoy4PZI98mgvZWbnN7QydxEruJJe0C9YtNNtgrh&_nc_zt=14&_nc_ht=scontent.fjai6-1.fna&_nc_gid=ULHtIfOJtOroKEysjbo_bw&_nc_ss=7b289&oh=00_Af-3Gb-5RcaaAZZ3C4xWzZZkhkLdrw4cITv1Uhw2ixVkRg&oe=6A385ABE | Resized: https://scontent.fjai6-1.fna.fbcdn.net/v/t39.35426-6/704307997_1239612484712016_9067912692531251704_n.jpg?stp=dst-jpg_s600x600_tt6&_nc_cat=108&ccb=1-7&_nc_sid=c53f8f&_nc_ohc=MSye2v2148YQ7kNvwFL67tm&_nc_oc=Adq90rZVH8uMhqHpK7GfVTXByn5Ep_j-q816H7HCj3SL_8wdx6-z8x4BiK10fWY6rgFQ_5em6e701VrNeLZkrOah&_nc_zt=14&_nc_ht=scontent.fjai6-1.fna&_nc_gid=ULHtIfOJtOroKEysjbo_bw&_nc_ss=7b289&oh=00_Af_drelBGgHksR6Z1dOh_Dj6TW0iijP5cr3UFEE2kLhG0Q&oe=6A384B03 || Original: https://scontent.fjai6-1.fna.fbcdn.net/v/t39.35426-6/703862166_1317268287172562_4176139186751194161_n.jpg?_nc_cat=107&ccb=1-7&_nc_sid=c53f8f&_nc_ohc=U97UmLLWZ3oQ7kNvwG2vHzA&_nc_oc=AdovVAYVAneXkLX-6WudqrJp9-QM_4rXa1UXYME4--h8GRt9f2HEToUI1igqQM2QZ0wAh7lg6fc6-tYghvA3SYxT&_nc_zt=14&_nc_ht=scontent.fjai6-1.fna&_nc_gid=ULHtIfOJtOroKEysjbo_bw&_nc_ss=7b289&oh=00_Af_gl0NxXnTMOX91Vpul4PXNTE39J5G6VH4l0d4FVMg5xw&oe=6A3845DB | Resized: https://scontent.fjai6-1.fna.fbcdn.net/v/t39.35426-6/702180082_1177530477790978_4900687585324874527_n.jpg?stp=dst-jpg_s600x600_tt6&_nc_cat=103&ccb=1-7&_nc_sid=c53f8f&_nc_ohc=8ZlPrnuvZrQQ7kNvwE7x1nV&_nc_oc=AdojsHk8PY1M_95xQlc5wfoyhomBukGW-QhjcIWHSDjdUfnQpteYb2w9UZoBaRNBg6FCtRjyvzhPbPV6IIybuL-x&_nc_zt=14&_nc_ht=scontent.fjai6-1.fna&_nc_gid=ULHtIfOJtOroKEysjbo_bw&_nc_ss=7b289&oh=00_Af8GVan-YzJ5Bk-C6T5YbZIZjOV_vwNq15evOHApTFsLnA&oe=6A3861BD,
1760931995292892,https://www.facebook.com/61551567495521/,fb.me,https://www.facebook.com/61551567495521/,,,,social@yugeninfra.com,+91 90909 09019,,,,137170889476623,http://fb.me/,Yugen Infra,https://www.facebook.com/ads/library/?id=1760931995292892,"In Goa, a development isn’t complete without villas.

That’s why villa demand here is always high.

At Yugen Golf City, we are creating premium villas inside a golf township.

✔ 9-Hole Executive Golf Course
✔ Exclusive Golf Membership Benefits
✔ Prime North Goa Location near MOPA Airport

Experience villa living with a unique golf lifestyle.",1631,Get offer,fb.me,"FACEBOOK; INSTAGRAM",2026-03-19,2026-06-17,HD: https://video.fjai6-1.fna.fbcdn.net/o1/v/t2/f2/m366/AQOPXAjK_NDuvzKy4dPjVirBBznOHOsPoSyZgMuE-8pW_vatHPgI17v9jBVid9wXJjrQvo4jB4FVgEaAg3-GW-TJgZK8zA3m3zFze6t_NRGGjg.mp4?_nc_cat=100&_nc_oc=AdpzNaNEKnCc9Ie08SPBgr7vAhPK2T3s5faGml7uSf5qoq0-kA-NUnlsmMNmvZ6kV8xJs8HM5ZGFrIJHrfRroEYI&_nc_sid=b66105&_nc_ht=video.fjai6-1.fna.fbcdn.net&_nc_ohc=bGMHG3yFsHQQ7kNvwFqKL7T&efg=eyJ2ZW5jb2RlX3RhZyI6Inhwdl9wcm9ncmVzc2l2ZS5WSV9VU0VDQVNFX1BST0RVQ1RfVFlQRS4uQzMuNzIwLmRhc2hfaDI2NC1iYXNpYy1nZW4yXzcyMHAiLCJ4cHZfYXNzZXRfaWQiOjE0NjUxNDIwNjg3Mjk2MzIsImFzc2V0X2FnZV9kYXlzIjo5OCwidmlfdXNlY2FzZV9pZCI6MTA3OTksImR1cmF0aW9uX3MiOjM1LCJ1cmxnZW5fc291cmNlIjoid3d3In0%3D&ccb=17-1&vs=577ce5ea4cde0c75&_nc_vs=HBksFQIYRWZiX2VwaGVtZXJhbC8xMDQ3RDUzN0NBNjJGNDQxRDVGRkI3RjBDMkRGMzM5N19tdF8xX3ZpZGVvX2Rhc2hpbml0Lm1wNBUAAsgBEgAVAhhAZmJfcGVybWFuZW50L0MzNENBOTE1MDdDQjJFQzUwOTI3NUUxQzI3MDdFQjlFX2F1ZGlvX2Rhc2hpbml0Lm1wNBUCAsgBEgAoABgAGwKIB3VzZV9vaWwBMRJwcm9ncmVzc2l2ZV9yZWNpcGUBMRUAACbA3OqIv6KaBRUCKAJDMywXQEH7peNT988YGWRhc2hfaDI2NC1iYXNpYy1nZW4yXzcyMHARAHUAZd6oAQA&_nc_gid=xHNXhBwtA0te6pnIAVePzQ&_nc_ss=7b289&_nc_zt=28&oh=00_Af_cIKyIgJfVW7gb7tOy7uamAtnHtR8dnhg7GKeBfmNv7A&oe=6A385A9C | SD: https://video.fjai6-1.fna.fbcdn.net/o1/v/t2/f2/m412/AQNA3pIL-7AyiGK0JMfurB3N4Z0Lp1tpi5mOWUYAwe1bvgFJurbJTLYk5PPU4237zVl11bsouxpMYELm9QQjf6flRXxoOPtFPTrdEIKBDw.mp4?_nc_cat=101&_nc_oc=AdplP0Ae1cmopHjDuc5y98eXAhoaTEj6cfTTvxX2lYVdtadryX9yPohbXwkvElziu11vEgI1OGedwkVdhJbHk0m8&_nc_sid=ef5aa3&_nc_ht=video.fjai6-1.fna.fbcdn.net&_nc_ohc=4GTdaDXoF28Q7kNvwFt8WMr&efg=eyJ2ZW5jb2RlX3RhZyI6Inhwdl9wcm9ncmVzc2l2ZS5WSV9VU0VDQVNFX1BST0RVQ1RfVFlQRS4uQzMuMzYwLnN2ZV9zZCIsInhwdl9hc3NldF9pZCI6MTQ2NTE0MjA2ODcyOTYzMiwiYXNzZXRfYWdlX2RheXMiOjk4LCJ2aV91c2VjYXNlX2lkIjoxMDc5OSwiZHVyYXRpb25fcyI6MzUsInVybGdlbl9zb3VyY2UiOiJ3d3cifQ%3D%3D&ccb=17-1&_nc_gid=xHNXhBwtA0te6pnIAVePzQ&_nc_ss=7b289&_nc_zt=28&oh=00_Af9BrxLWLx_a07fMxJgga45_fsa2H8RA-emuHVRN4IJeLg&oe=6A383279 | Preview: https://scontent.fjai6-1.fna.fbcdn.net/v/t39.35426-6/653700696_26337020499283874_1184748866059316677_n.jpg?_nc_cat=111&ccb=1-7&_nc_sid=c53f8f&_nc_ohc=YfRj-yJ3_ukQ7kNvwE-tdlr&_nc_oc=Adq1AxjSXVyLt4TTY5Vc5igeZD8cZCrkoqqAZKSwE2-1F6BzPZzKQk5i1ZDXQi3wlpJeikoqaClNXJLNHGhS6rFK&_nc_zt=14&_nc_ht=scontent.fjai6-1.fna&_nc_gid=xHNXhBwtA0te6pnIAVePzQ&_nc_ss=7b289&oh=00_Af_ZTeZdYCAD5lboQWAf6M56LOaF1eabDE9zEHdegve-7Q&oe=6A383AE6,,,,,,,
1023455670037765,https://www.facebook.com/stay.elivaas/,api.whatsapp.com,https://www.facebook.com/stay.elivaas/,,,,staywithus@elivaas.com,+91 78274 49532,,,,117579414687132,https://api.whatsapp.com/send,Elivaas,https://www.facebook.com/ads/library/?id=1023455670037765,"Step away from the everyday and unwind in a luxury villa made for peaceful escapes.
Private spaces, beautiful views & unforgettable stay experiences await at ELIVAAS Retreat Villa.",2241,Send WhatsApp message,api.whatsapp.com,"INSTAGRAM; WHATSAPP",2026-06-08,2026-06-17,HD: https://video.fjai6-1.fna.fbcdn.net/o1/v/t2/f2/m366/AQPYEfqEj9I9LbhqDs_vc6_ORujXSPaq5ql5_W2eUVRlBymmSDTsMrcVSQ7ekUhuJJcscT__EIdO_8ae0wvD2RD203MRNxBkFAjYGCApO3B_SA.mp4?_nc_cat=102&_nc_oc=Adrnvvxb2KyiUgzUNWvpKeEE6--5rwoXK0F6QVxby30GUftiNPEAIkcEXKo-1yN8zyyLnSf68V9hImDKfLuZjexx&_nc_sid=b66105&_nc_ht=video.fjai6-1.fna.fbcdn.net&_nc_ohc=25WtAU3whDwQ7kNvwFO00kP&efg=eyJ2ZW5jb2RlX3RhZyI6Inhwdl9wcm9ncmVzc2l2ZS5WSV9VU0VDQVNFX1BST0RVQ1RfVFlQRS4uQzMuNzIwLmRhc2hfaDI2NC1iYXNpYy1nZW4yXzcyMHAiLCJ4cHZfYXNzZXRfaWQiOjEwMTA1MDQ1OTE4MDg1NjAsImFzc2V0X2FnZV9kYXlzIjozMywidmlfdXNlY2FzZV9pZCI6MTAxMzksImR1cmF0aW9uX3MiOjQ4LCJ1cmxnZW5fc291cmNlIjoid3d3In0%3D&ccb=17-1&vs=4b6ffda354eb31fe&_nc_vs=HBksFQIYRWZiX2VwaGVtZXJhbC8zRjRGMUFFMDM2RDAwNjdBQzU5OTAxMDc3NzlDOTc5Ql9tdF8xX3ZpZGVvX2Rhc2hpbml0Lm1wNBUAAsgBEgAVAhhAZmJfcGVybWFuZW50LzhDNEU1NzIxRURDRTNDODE4ODJCRjJBMkVFNzU0N0JBX2F1ZGlvX2Rhc2hpbml0Lm1wNBUCAsgBEgAoABgAGwKIB3VzZV9vaWwBMRJwcm9ncmVzc2l2ZV9yZWNpcGUBMRUAACbg4OjzjcPLAxUCKAJDMywXQEgPXCj1wo8YGWRhc2hfaDI2NC1iYXNpYy1nZW4yXzcyMHARAHUAZbaeAQA&_nc_gid=xHNXhBwtA0te6pnIAVePzQ&_nc_ss=7b289&_nc_zt=28&oh=00_Af_XMxSM3Ymzp0jCZgFl6pRek67oVmVrIz3ee66jOYVpQQ&oe=6A3836E6 | SD: https://video.fjai6-1.fna.fbcdn.net/o1/v/t2/f2/m412/AQPrn77rBH6bj4DpL2LhF871MKdbSgTwhMmz71lEwAsWPEKJeRMESRl9YRcZ78yIJxcKGk5aY76fSmkE78gXoxN2AYrVMM1T-Knes2ZY1w.mp4?_nc_cat=111&_nc_oc=Adpael8dCIBqfZTw1K0R-yEwX7cR7tqbZoqMcdN7SJ8AXHK1Qy8DVim-nBCXcZrs_uvo-aVAD3UkEbwusnRZGpf7&_nc_sid=ef5aa3&_nc_ht=video.fjai6-1.fna.fbcdn.net&_nc_ohc=TYVyOviyeqsQ7kNvwFYgVN3&efg=eyJ2ZW5jb2RlX3RhZyI6Inhwdl9wcm9ncmVzc2l2ZS5WSV9VU0VDQVNFX1BST0RVQ1RfVFlQRS4uQzMuMzYwLnN2ZV9zZCIsInhwdl9hc3NldF9pZCI6MTAxMDUwNDU5MTgwODU2MCwiYXNzZXRfYWdlX2RheXMiOjMzLCJ2aV91c2VjYXNlX2lkIjoxMDEzOSwiZHVyYXRpb25fcyI6NDgsInVybGdlbl9zb3VyY2UiOiJ3d3cifQ%3D%3D&ccb=17-1&_nc_gid=xHNXhBwtA0te6pnIAVePzQ&_nc_ss=7b289&_nc_zt=28&oh=00_Af9KB87Nd3ULx_Jgv-x2lRirG73TsYtD0Pkq_0cFrmfvgg&oe=6A3845A3 | Preview: https://scontent.fjai6-1.fna.fbcdn.net/v/t39.35426-6/709578631_997354466021513_6230766556183081284_n.jpg?_nc_cat=111&ccb=1-7&_nc_sid=c53f8f&_nc_ohc=Qsc2KMCa22cQ7kNvwGJU4oQ&_nc_oc=AdoAfNEto0KTpsOXctbfvmbSFm5rJHCC13xccAise9phg06RXG8RjWSSOAku8haEbTxeGb6aMkI2AitWQqBOVtGP&_nc_zt=14&_nc_ht=scontent.fjai6-1.fna&_nc_gid=xHNXhBwtA0te6pnIAVePzQ&_nc_ss=7b289&oh=00_Af80M00SbEbjqURaDE-k1YGBdVXXuvQJ9_hvri-yUy_n1w&oe=6A385CCE,,,,,,,
1495065182015705,https://www.facebook.com/AvinashGroup/,fb.me,https://www.facebook.com/AvinashGroup/,,,,digitalmedia@avinashgroup.com,+91 90982 22444,,,,586824191370390,http://fb.me/,Avinash Group,https://www.facebook.com/ads/library/?id=1495065182015705,"✨ Experience Luxury Like Never Before ✨
Avinash presents The Lagoon – 68 Neo-Balinese Villas with a 1 Lakh sq. ft. Lagoon at the heart of it.

🏡 Model Villas Now Open for You!

✅ Resort-Style Living
✅ Iconic Neo-Balinese Design
✅ Exclusivity Redefined

📍 Visit Today & Step Into Your Dream Villa! Connect with us at 9907588444.",154727,Get quote,fb.me,"FACEBOOK; INSTAGRAM; AUDIENCE_NETWORK",2026-04-21,2026-06-16,HD: https://video.fjai6-1.fna.fbcdn.net/o1/v/t2/f2/m366/AQPs9EiRRqs6VN9eTq_tsRliewUN_zwRwKvyWddekHV206Lw7_GZL3h4w9T6Yu4XNb5vjmTRRAjJN7OZ08pJrCp7MtYBHLzeQ_BKu-4RTfpUFQ.mp4?_nc_cat=109&_nc_oc=AdpnOZRAQhFi6PzZs0kcDbeuHnLttw31w5rIvSfk0qn2CqV99jSjZjDkco09onDKsLU_Iz1wWa50VjCV6bbGR3qD&_nc_sid=b66105&_nc_ht=video.fjai6-1.fna.fbcdn.net&_nc_ohc=r458r8pITqYQ7kNvwE8z-ig&efg=eyJ2ZW5jb2RlX3RhZyI6Inhwdl9wcm9ncmVzc2l2ZS5WSV9VU0VDQVNFX1BST0RVQ1RfVFlQRS4uQzMuNzIwLmRhc2hfaDI2NC1iYXNpYy1nZW4yXzcyMHAiLCJ4cHZfYXNzZXRfaWQiOjExMjQ5MzAwMDk3MjUxMDgsImFzc2V0X2FnZV9kYXlzIjoyNDcsInZpX3VzZWNhc2VfaWQiOjEwNzk5LCJkdXJhdGlvbl9zIjo4MiwidXJsZ2VuX3NvdXJjZSI6Ind3dyJ9&ccb=17-1&vs=e0ca0c58e3885669&_nc_vs=HBksFQIYRWZiX2VwaGVtZXJhbC8wNjRENEREMDYxOEQ5NDE0MTMwMDU4MzEwNTczMzVBRV9tdF8xX3ZpZGVvX2Rhc2hpbml0Lm1wNBUAAsgBEgAVAhhAZmJfcGVybWFuZW50LzM4NDI2MzFDRUQxQzE5NURDNzUzMDRCN0MzMkRFNjg0X2F1ZGlvX2Rhc2hpbml0Lm1wNBUCAsgBEgAoABgAGwKIB3VzZV9vaWwBMRJwcm9ncmVzc2l2ZV9yZWNpcGUBMRUAACbo4oPaxcf_AxUCKAJDMywXQFSRBiTdLxsYGWRhc2hfaDI2NC1iYXNpYy1nZW4yXzcyMHARAHUAZd6oAQA&_nc_gid=xHNXhBwtA0te6pnIAVePzQ&_nc_ss=7b289&_nc_zt=28&oh=00_Af86-vvHTV22gkor77CbLmy-98HHeMOfW6GC7a9hdQrwww&oe=6A3832BF | SD: https://video.fjai6-1.fna.fbcdn.net/o1/v/t2/f2/m412/AQOmRLcmzkaHSOsx0Ey1wxfJMCP3bbARf_xUESDDKCUl88MoXRXL_i3TOP9mfRKulseUdMi9_SqbQvektj-xtky71pHStJ_i4RsaLYIo0A.mp4?_nc_cat=101&_nc_oc=AdqkouNcGltPraqtKq8zubQijtLEeJ0lsl2mwedQxSTOgfAUGUdZ_dVTSrx1rDexsfOsWYlKOfJDTdgUTmpHN7OC&_nc_sid=ef5aa3&_nc_ht=video.fjai6-1.fna.fbcdn.net&_nc_ohc=jHQAv-3iqwgQ7kNvwFDABXR&efg=eyJ2ZW5jb2RlX3RhZyI6Inhwdl9wcm9ncmVzc2l2ZS5WSV9VU0VDQVNFX1BST0RVQ1RfVFlQRS4uQzMuMzYwLnN2ZV9zZCIsInhwdl9hc3NldF9pZCI6MTEyNDkzMDAwOTcyNTEwOCwiYXNzZXRfYWdlX2RheXMiOjI0NywidmlfdXNlY2FzZV9pZCI6MTA3OTksImR1cmF0aW9uX3MiOjgyLCJ1cmxnZW5fc291cmNlIjoid3d3In0%3D&ccb=17-1&_nc_gid=xHNXhBwtA0te6pnIAVePzQ&_nc_ss=7b289&_nc_zt=28&oh=00_Af8nrkfpghNcOqW8VKyQvAwftfMNkc-iRwAczOX7_QhzAA&oe=6A3837ED | Preview: https://scontent.fjai6-1.fna.fbcdn.net/v/t39.35426-6/561736099_1455035592245909_5909434151098921525_n.jpg?_nc_cat=108&ccb=1-7&_nc_sid=c53f8f&_nc_ohc=CVLVADVpTLsQ7kNvwG1yPJv&_nc_oc=AdqVJlylAHsIiY2UfaG7jytVMjQRLFIjHSxTBiCsmDtFnm2qSu34GX0N5eZ_IJsl8a7p69b4fapMJVjS1zHPjGRC&_nc_zt=14&_nc_ht=scontent.fjai6-1.fna&_nc_gid=xHNXhBwtA0te6pnIAVePzQ&_nc_ss=7b289&oh=00_Af_CUWt0u9HXgkYLBJmpNU2SVN04WAWh3oJplmZNPJfEcQ&oe=6A38330F,,,,,,,
856927240802835,https://www.facebook.com/stay.elivaas/,api.whatsapp.com,https://www.facebook.com/stay.elivaas/,,,,staywithus@elivaas.com,+91 78274 49532,,,,117579414687132,https://api.whatsapp.com/send,Elivaas,https://www.facebook.com/ads/library/?id=856927240802835,"This monsoon, experience a different side of Goa.
Quieter, greener, and meant to be savoured.
Slow down, unwind, and make it your own.
Elevate your stay with a private ELIVAAS villa.",2241,Send WhatsApp message,api.whatsapp.com,"INSTAGRAM; WHATSAPP",2026-05-29,2026-06-17,HD: https://video.fjai6-1.fna.fbcdn.net/o1/v/t2/f2/m366/AQP9xSGhe6Hd89NGaw13AhKjFaIDWsD8pgIC3oWzOiVYSG_A8d-jrX6TrqrOafGVJ9mlmzKLVLgZc2nZPt8LtjKOnbOgfN0hlAUKPmxBDImGyw.mp4?_nc_cat=103&_nc_oc=AdqNTbsoZIMnD-D_5amtNwYtrFVYFOIQ2Ah69EotzcCa5ILFb8VD6Sfa70oyP2U_JRhERKiYHKnvunIC_5SaIpvj&_nc_sid=b66105&_nc_ht=video.fjai6-1.fna.fbcdn.net&_nc_ohc=A14B1DUDBi4Q7kNvwHx9Ik4&efg=eyJ2ZW5jb2RlX3RhZyI6Inhwdl9wcm9ncmVzc2l2ZS5WSV9VU0VDQVNFX1BST0RVQ1RfVFlQRS4uQzMuNzIwLmRhc2hfaDI2NC1iYXNpYy1nZW4yXzcyMHAiLCJ4cHZfYXNzZXRfaWQiOjI2OTAxMTcxNjg5NTIzMTIzLCJhc3NldF9hZ2VfZGF5cyI6NDIsInZpX3VzZWNhc2VfaWQiOjEwMTM5LCJkdXJhdGlvbl9zIjo1NSwidXJsZ2VuX3NvdXJjZSI6Ind3dyJ9&ccb=17-1&vs=e3c9c412f437aca5&_nc_vs=HBksFQIYRWZiX2VwaGVtZXJhbC80NDQwRDJDQkVCOTNCMTQyN0Y1RkQ5ODcyOEZCQzJCMV9tdF8xX3ZpZGVvX2Rhc2hpbml0Lm1wNBUAAsgBEgAVAhhAZmJfcGVybWFuZW50LzU2NEUyMzJDNDhGNUI4MUE0REQ4MjI4RjdCODczMTlGX2F1ZGlvX2Rhc2hpbml0Lm1wNBUCAsgBEgAoABgAGwKIB3VzZV9vaWwBMRJwcm9ncmVzc2l2ZV9yZWNpcGUBMRUAACbmnsTpo57JXxUCKAJDMywXQEvIcrAgxJwYGWRhc2hfaDI2NC1iYXNpYy1nZW4yXzcyMHARAHUAZbaeAQA&_nc_gid=xHNXhBwtA0te6pnIAVePzQ&_nc_ss=7b289&_nc_zt=28&oh=00_Af_JElZwO8Jx4UUszzsFG-Imeim5bitA6ALTdQQN1K24Ew&oe=6A386001 | SD: https://video.fjai6-1.fna.fbcdn.net/o1/v/t2/f2/m412/AQNVSq_j_MC9dw-qxPonQr_3-k2ojZT0XBRrBoIpgkMZ9LbFSH7tWya3Agn2MN6yYSdzl40dfDfcbOWJJup-pyfgZVu02rvBnUWDLkyH7A.mp4?_nc_cat=109&_nc_oc=AdqekiwTZU02NYyPmG1ZGTXdIKlz744TbonQnwfAFxNRHdSoXWTNEcPkILLmfnHaMJy6ZjWK8uD-cEZzKUUcdxUZ&_nc_sid=ef5aa3&_nc_ht=video.fjai6-1.fna.fbcdn.net&_nc_ohc=DjWC8VXyKDoQ7kNvwHVHF4N&efg=eyJ2ZW5jb2RlX3RhZyI6Inhwdl9wcm9ncmVzc2l2ZS5WSV9VU0VDQVNFX1BST0RVQ1RfVFlQRS4uQzMuMzYwLnN2ZV9zZCIsInhwdl9hc3NldF9pZCI6MjY5MDExNzE2ODk1MjMxMjMsImFzc2V0X2FnZV9kYXlzIjo0MiwidmlfdXNlY2FzZV9pZCI6MTAxMzksImR1cmF0aW9uX3MiOjU1LCJ1cmxnZW5fc291cmNlIjoid3d3In0%3D&ccb=17-1&_nc_gid=xHNXhBwtA0te6pnIAVePzQ&_nc_ss=7b289&_nc_zt=28&oh=00_Af-t-FUQz5ASIkkjn4tGH4A5kOzQDyUEWGT4GyVux5tUwQ&oe=6A383DF5 | Preview: https://scontent.fjai6-1.fna.fbcdn.net/v/t39.35426-6/708102777_1365761612072951_6384158271702636927_n.jpg?_nc_cat=105&ccb=1-7&_nc_sid=c53f8f&_nc_ohc=n4j-jsoYAvoQ7kNvwGYtZ6f&_nc_oc=AdoZC4QOsaZtcYj2fD2hC3LrWbLJ6UOzfK4uhRzJsCcSfjCNrBeWjHtk5djRkExVUGq3m2WQZJr23qhglWN5BP2d&_nc_zt=14&_nc_ht=scontent.fjai6-1.fna&_nc_gid=xHNXhBwtA0te6pnIAVePzQ&_nc_ss=7b289&oh=00_Af_bsVjN0E_8jnfdltpgXLUXYUCr6S7boCftetfp3PNPfg&oe=6A385B6F,,,,,,,
1507733914174732,https://www.facebook.com/sarkprojectsindia/,fb.me,https://www.facebook.com/sarkprojectsindia/,,,,sales@sarkprojects.in,+91 73530 36969,,,,101541302460240,http://fb.me/,Sark Projects India,https://www.facebook.com/ads/library/?id=1507733914174732,"✔️ 150 Sq. Yds. | 1600 SFT | 3BHK Villas
✔️ HMDA Approved • Vaastu Compliant Villas
✔️ Clubhouse • Swimming Pool • Badminton Court
✔️ 15+ Amenities for Lifestyle Living
📍 Affordable luxury in South Hyderabad

Affordable luxury villas Hyderabad, Villas for sale Nadergul, Villas with badminton court Hyderabad, Villas with clubhouse Hyderabad, Villas with pool Hyderabad, Villas in South Hyderabad, 3BHK affordable villas Hyderabad, HMDA luxury projects Hyderabad, Vaastu villas Hyderabad, Villas near Airport Hyderabad

#AffordableLuxury #SarkTownhomes #HyderabadVillas #LuxuryLiving #SouthHyderabad #SarkProjects #PremiumVillas #DreamVilla #VillaCommunity #HyderabadRealEstate",13805,Get offer,fb.me,"FACEBOOK; INSTAGRAM",2026-06-04,2026-06-16,,,"✔️ 150 Sq. Yds. | 1600 SFT | 3BHK Villas
✔️ HMDA Approved • Vaastu Compliant Villas
✔️ Clubhouse • Swimming Pool • Badminton Court
✔️ 15+ Amenities for Lifestyle Living
📍 Affordable luxury in South Hyderabad

Affordable luxury villas Hyderabad, Villas for sale Nadergul, Villas with badminton court Hyderabad, Villas with clubhouse Hyderabad, Villas with pool Hyderabad, Villas in South Hyderabad, 3BHK affordable villas Hyderabad, HMDA luxury projects Hyderabad, Vaastu villas Hyderabad, Villas near Airport Hyderabad

#AffordableLuxury #SarkTownhomes #HyderabadVillas #LuxuryLiving #SouthHyderabad #SarkProjects #PremiumVillas #DreamVilla #VillaCommunity #HyderabadRealEstate || ✔️ 150 Sq. Yds. | 1600 SFT | 3BHK Villas
✔️ HMDA Approved • Vaastu Compliant Villas
✔️ Clubhouse • Swimming Pool • Badminton Court
✔️ 15+ Amenities for Lifestyle Living
📍 Affordable luxury in South Hyderabad

Affordable luxury villas Hyderabad, Villas for sale Nadergul, Villas with badminton court Hyderabad, Villas with clubhouse Hyderabad, Villas with pool Hyderabad, Villas in South Hyderabad, 3BHK affordable villas Hyderabad, HMDA luxury projects Hyderabad, Vaastu villas Hyderabad, Villas near Airport Hyderabad

#AffordableLuxury #SarkTownhomes #HyderabadVillas #LuxuryLiving #SouthHyderabad #SarkProjects #PremiumVillas #DreamVilla #VillaCommunity #HyderabadRealEstate",http://fb.me/ || http://fb.me/,,Get Offer || Get Offer,,HD: https://video.fjai6-1.fna.fbcdn.net/o1/v/t2/f2/m366/AQND1Hv1KdQsb8C6nzG1y_8afAFW5ZDJxoqa80UxFBV5SKDxZgfEYjRsNXq2ZN6EaA4F5hprIKl_gFqsbgZJILczmVXfkEu-p4TB8b7f1HI_Sw.mp4?_nc_cat=103&_nc_oc=AdrNN4mmBwB7jHn-NDRWWqoRQkjLyNZS2LdGwogwjmETnEIeq8J4mWC-PVTtI_5Oa67epF-egwT6tW9NU3Zxf5e8&_nc_sid=b66105&_nc_ht=video.fjai6-1.fna.fbcdn.net&_nc_ohc=NwujvzHMQNMQ7kNvwFv15M7&efg=eyJ2ZW5jb2RlX3RhZyI6Inhwdl9wcm9ncmVzc2l2ZS5WSV9VU0VDQVNFX1BST0RVQ1RfVFlQRS4uQzMuMTI3Ni5kYXNoX2gyNjQtYmFzaWMtZ2VuMl83MjBwIiwieHB2X2Fzc2V0X2lkIjoxNDgyMTcwMDQ2MzU4MjkzLCJhc3NldF9hZ2VfZGF5cyI6MjU5LCJ2aV91c2VjYXNlX2lkIjoxMDEzOSwiZHVyYXRpb25fcyI6MzIsInVybGdlbl9zb3VyY2UiOiJ3d3cifQ%3D%3D&ccb=17-1&vs=5473b6794d8cfdf3&_nc_vs=HBksFQIYRWZiX2VwaGVtZXJhbC8xQTQ1Q0E0QTA3RTYzQTdGQUFFQzY5REUzNDhFQjA5NF9tdF8xX3ZpZGVvX2Rhc2hpbml0Lm1wNBUAAsgBEgAVAhhAZmJfcGVybWFuZW50Lzk5NDhFMTUxQTY1QzRBRkExQTAyMjYyQzJCQTMwMDlFX2F1ZGlvX2Rhc2hpbml0Lm1wNBUCAsgBEgAoABgAGwKIB3VzZV9vaWwBMRJwcm9ncmVzc2l2ZV9yZWNpcGUBMRUAACaqjOGx04GiBRUCKAJDMywXQEARBiTdLxsYGWRhc2hfaDI2NC1iYXNpYy1nZW4yXzcyMHARAHUAZbaeAQA&_nc_gid=xHNXhBwtA0te6pnIAVePzQ&_nc_ss=7b289&_nc_zt=28&oh=00_Af8c9IgxBzUynQRDkSS2dV81RihYYKW8yDeuFrTp5PYgQw&oe=6A385535 | SD: https://video.fjai6-1.fna.fbcdn.net/o1/v/t2/f2/m412/AQMn5XXpc46Gx4LrcxXlcyJEqbsBuJZUL524aW1UskfxLIaPceCku2Y6nDFmBNTVYXNl4_ralQOXqCje5qa2hft3iBYCzUSjaQz_A1h2vg.mp4?_nc_cat=101&_nc_oc=AdpeIOS_JFD-MJz0Sqcw6iecyMgeAi5A9C346-D7BVNM6Brth2uFzn47DeStwGorGOLaXSMw9IMxG1WevJrak4-5&_nc_sid=ef5aa3&_nc_ht=video.fjai6-1.fna.fbcdn.net&_nc_ohc=n26T4IkkOYkQ7kNvwGv3wyj&efg=eyJ2ZW5jb2RlX3RhZyI6Inhwdl9wcm9ncmVzc2l2ZS5WSV9VU0VDQVNFX1BST0RVQ1RfVFlQRS4uQzMuNjM4LnN2ZV9zZCIsInhwdl9hc3NldF9pZCI6MTQ4MjE3MDA0NjM1ODI5MywiYXNzZXRfYWdlX2RheXMiOjI1OSwidmlfdXNlY2FzZV9pZCI6MTAxMzksImR1cmF0aW9uX3MiOjMyLCJ1cmxnZW5fc291cmNlIjoid3d3In0%3D&ccb=17-1&_nc_gid=xHNXhBwtA0te6pnIAVePzQ&_nc_ss=7b289&_nc_zt=28&oh=00_Af_nuAnCe2I8DGpTNTHhBeVIso_QTuVcyY0XW1i7roDQ9g&oe=6A3832C1 | Preview: https://scontent.fjai6-1.fna.fbcdn.net/v/t39.35426-6/557779069_836634319303921_1932196596674575121_n.jpg?_nc_cat=107&ccb=1-7&_nc_sid=c53f8f&_nc_ohc=h1sQr5FzRiAQ7kNvwFxCSpF&_nc_oc=AdoCIfjrTefr8EC7yyZaaQonLUdQlKZVgOZmzD7WkQvVBQ4zMuFyICiz2eC_sjQgetKI0kL6GzW_Z6ITYJAbk0b5&_nc_zt=14&_nc_ht=scontent.fjai6-1.fna&_nc_gid=xHNXhBwtA0te6pnIAVePzQ&_nc_ss=7b289&oh=00_Af87wq1Xfl_PtTITloCH74X2vlaj_Snacx5GVCBmPr4CfA&oe=6A3853D4 || HD: https://video.fjai6-1.fna.fbcdn.net/o1/v/t2/f2/m366/AQPZRzToC0tl4ULvUWLwvtydwnGsiDwF2S8YwjcXpM4Hv0w1OXzX39pT7Qe_-9FBW-NGvQQg_hBKpwXi4nToMS2c98KU_6H5q56b3f7nWyMmYg.mp4?_nc_cat=110&_nc_oc=AdrUd1OOaPJ7oWasg0kDaMf4f9fHwPKpXVVYvEzvXV9Zn2cvYJkaJtSem_Wpn-Xv-LZspSAj6l7W0T25cDjbk_bc&_nc_sid=b66105&_nc_ht=video.fjai6-1.fna.fbcdn.net&_nc_ohc=P8CnyXybE_cQ7kNvwFG8086&efg=eyJ2ZW5jb2RlX3RhZyI6Inhwdl9wcm9ncmVzc2l2ZS5WSV9VU0VDQVNFX1BST0RVQ1RfVFlQRS4uQzMuNzIwLmRhc2hfaDI2NC1iYXNpYy1nZW4yXzcyMHAiLCJ4cHZfYXNzZXRfaWQiOjEzNzM4MDU4NDEwODcyODksImFzc2V0X2FnZV9kYXlzIjoyNTksInZpX3VzZWNhc2VfaWQiOjEwNzk5LCJkdXJhdGlvbl9zIjozMiwidXJsZ2VuX3NvdXJjZSI6Ind3dyJ9&ccb=17-1&vs=7b49705d6c6cd859&_nc_vs=HBksFQIYRWZiX2VwaGVtZXJhbC80QTQ3NUEwNTU2MTMwMDE5NEU1NTczOUQ3NjNGMzY5OF9tdF8xX3ZpZGVvX2Rhc2hpbml0Lm1wNBUAAsgBEgAVAhhAZmJfcGVybWFuZW50LzNDNEM2QkU2NzRDQ0QwMEY4MUI3MzBDMENDOTQxN0E1X2F1ZGlvX2Rhc2hpbml0Lm1wNBUCAsgBEgAoABgAGwKIB3VzZV9vaWwBMRJwcm9ncmVzc2l2ZV9yZWNpcGUBMRUAACby7K-Sg97wBBUCKAJDMywXQEARBiTdLxsYGWRhc2hfaDI2NC1iYXNpYy1nZW4yXzcyMHARAHUAZd6oAQA&_nc_gid=xHNXhBwtA0te6pnIAVePzQ&_nc_ss=7b289&_nc_zt=28&oh=00_Af8qdsE912gZpgsxn1_5uFpBBsq6dUmBbJGzJv0jZCvhTg&oe=6A383C1A | SD: https://video.fjai6-1.fna.fbcdn.net/o1/v/t2/f2/m412/AQP0vaZv5MfSkbe4RCVxyh-GiIuhbDR67uAn3_J_Z03_lRJ6h-jaUBLJVHUWni1eA-X1KgV-crRd04WoFNz-jMdoXPbLUa6s4gcXC4boaw.mp4?_nc_cat=100&_nc_oc=Ado0S9YcVE7ULv6ytIC5sndD4RXmG_hs8HDibBqoiPDyEOQoiP8Cjf_R5QrRPTWWtKJw7a7MtvLAoBL4pbAXoZ0w&_nc_sid=ef5aa3&_nc_ht=video.fjai6-1.fna.fbcdn.net&_nc_ohc=AIHosWywrlwQ7kNvwF2DAfa&efg=eyJ2ZW5jb2RlX3RhZyI6Inhwdl9wcm9ncmVzc2l2ZS5WSV9VU0VDQVNFX1BST0RVQ1RfVFlQRS4uQzMuMzYwLnN2ZV9zZCIsInhwdl9hc3NldF9pZCI6MTM3MzgwNTg0MTA4NzI4OSwiYXNzZXRfYWdlX2RheXMiOjI1OSwidmlfdXNlY2FzZV9pZCI6MTA3OTksImR1cmF0aW9uX3MiOjMyLCJ1cmxnZW5fc291cmNlIjoid3d3In0%3D&ccb=17-1&_nc_gid=xHNXhBwtA0te6pnIAVePzQ&_nc_ss=7b289&_nc_zt=28&oh=00_Af-8C3JblU-Ly54jlEyuLXAwcNKOEawfb-KxIWehl3nrCg&oe=6A385FAE | Preview: https://scontent.fjai6-1.fna.fbcdn.net/v/t39.35426-6/557413307_818585250512961_8899401613839015312_n.jpg?_nc_cat=104&ccb=1-7&_nc_sid=c53f8f&_nc_ohc=NxT8MMKCIVUQ7kNvwGLxR6g&_nc_oc=AdpLJuHV3UxulhWuHd5qkqvBiigqTEJ5pi_V0oIOqOpIT6Cem1IL1E6ww_6lowFL4o0cWlE91zqly5nm2GoONkDB&_nc_zt=14&_nc_ht=scontent.fjai6-1.fna&_nc_gid=xHNXhBwtA0te6pnIAVePzQ&_nc_ss=7b289&oh=00_Af8kqyQbVyPN49NhKz4bJRSf8rzBZgp3AdMOWfxMIEsJ4A&oe=6A384561
1316614719986781,https://www.facebook.com/Aalayam.Realty/,fb.me,https://www.facebook.com/Aalayam.Realty/,,,,sales@aalayamrealty.com,+91 94945 05605,,,,854975294872523,http://fb.me/,Aalayam Realty,https://www.facebook.com/ads/library/?id=1316614719986781,"Your Family Deserves More Than Apartment Living.

Introducing Green Valley — Premium 4 BHK Boutique Villas in Bachupally.

✔ Ready To Move
✔ 3430 & 3440 SFT
✔ Just 5 Minutes To ORR
✔ Peaceful Gated Community
✔ Designed For Luxury Family Living

Starting From ₹3.99 Cr*

Schedule Your Private Site Visit Today.",813,See details,fb.me,"FACEBOOK; INSTAGRAM; AUDIENCE_NETWORK",2026-06-04,2026-06-17,,,"Your Family Deserves More Than Apartment Living.

Introducing Green Valley — Premium 4 BHK Boutique Villas in Bachupally.

✔ Ready To Move
✔ 3430 & 3440 SFT
✔ Just 5 Minutes To ORR
✔ Peaceful Gated Community
✔ Designed For Luxury Family Living

Starting From ₹3.99 Cr*

Schedule Your Private Site Visit Today. || Your Family Deserves More Than Apartment Living.

Introducing Green Valley — Premium 4 BHK Boutique Villas in Bachupally.

✔ Ready To Move
✔ 3430 & 3440 SFT
✔ Just 5 Minutes To ORR
✔ Peaceful Gated Community
✔ Designed For Luxury Family Living

Starting From ₹3.99 Cr*

Schedule Your Private Site Visit Today. || Your Family Deserves More Than Apartment Living.

Introducing Green Valley — Premium 4 BHK Boutique Villas in Bachupally.

✔ Ready To Move
✔ 3430 & 3440 SFT
✔ Just 5 Minutes To ORR
✔ Peaceful Gated Community
✔ Designed For Luxury Family Living

Starting From ₹3.99 Cr*

Schedule Your Private Site Visit Today.",http://fb.me/ || http://fb.me/ || http://fb.me/,,See Details || See Details || See Details,Original: https://scontent.fjai6-1.fna.fbcdn.net/v/t39.35426-6/710799701_2110945722809361_4148747013910195428_n.jpg?_nc_cat=109&ccb=1-7&_nc_sid=c53f8f&_nc_ohc=8E0YzFUKZ0MQ7kNvwFhiTV0&_nc_oc=AdqHoWKqLjnAnp8KrLyQdFZ0Zbn5NQtZz8EPjt_eGcjSgDNZ6jaBvHmHhu5Uwj40-xWOcpBeRi0PNQ5mu7vL9BD2&_nc_zt=14&_nc_ht=scontent.fjai6-1.fna&_nc_gid=xHNXhBwtA0te6pnIAVePzQ&_nc_ss=7b289&oh=00_Af_50vJcfzZHVgafOenW3ePn96SfMEbF-PkbzYtkugtv1g&oe=6A383789 | Resized: https://scontent.fjai6-1.fna.fbcdn.net/v/t39.35426-6/710782116_1624637691951033_3964947693861534979_n.jpg?stp=dst-jpg_s600x600_tt6&_nc_cat=104&ccb=1-7&_nc_sid=c53f8f&_nc_ohc=KfxPVXo5ccEQ7kNvwGFEhhY&_nc_oc=Adqfnu3IWyjy-68244YsU9X8f58BhDVbFVjiawwnuGZbOPGlzn9i653qzKBlGX4T7EeP30CJCKSIa9l7asLudp_0&_nc_zt=14&_nc_ht=scontent.fjai6-1.fna&_nc_gid=xHNXhBwtA0te6pnIAVePzQ&_nc_ss=7b289&oh=00_Af_ah71c80ab7AmE7MiySi249Niib-SVTf5tSB4k2cRYfA&oe=6A383099 || Original: https://scontent.fjai6-1.fna.fbcdn.net/v/t39.35426-6/710478445_36532125079767963_402933030307435209_n.jpg?_nc_cat=107&ccb=1-7&_nc_sid=c53f8f&_nc_ohc=uo6ZX-mLme0Q7kNvwG3L8Xq&_nc_oc=Adr7gk1Y5FQpSyWizOLyyPo71iam_H5LtKtR2yEtJDUu8J1uxRTnCX54C77NUzzvOAHNEwxteaeQmOBLXI-dmTQj&_nc_zt=14&_nc_ht=scontent.fjai6-1.fna&_nc_gid=xHNXhBwtA0te6pnIAVePzQ&_nc_ss=7b289&oh=00_Af-0-ABaATMvOvVOExqaEaQMCWmGS8MrhprM0x7wkNGaSQ&oe=6A385324 | Resized: https://scontent.fjai6-1.fna.fbcdn.net/v/t39.35426-6/710827497_988156623862347_415380827779202938_n.jpg?stp=dst-jpg_s600x600_tt6&_nc_cat=105&ccb=1-7&_nc_sid=c53f8f&_nc_ohc=yaHofiwpvd4Q7kNvwFpJvvV&_nc_oc=Adpmd43STnvA1FkaOUEhAcPKOkXy0Ra7sLMfRQyAIpgx1g_fUIm6590Jex_iYuL9C7CfZXF1hwYZcjQVhwL5QyUg&_nc_zt=14&_nc_ht=scontent.fjai6-1.fna&_nc_gid=xHNXhBwtA0te6pnIAVePzQ&_nc_ss=7b289&oh=00_Af-J-d47yT0OvLR7mHyPCzWonLJGan44tQ3o1j1wdGqdAw&oe=6A384EAE || Original: https://scontent.fjai6-1.fna.fbcdn.net/v/t39.35426-6/710478445_36532125079767963_402933030307435209_n.jpg?_nc_cat=107&ccb=1-7&_nc_sid=c53f8f&_nc_ohc=uo6ZX-mLme0Q7kNvwG3L8Xq&_nc_oc=Adr7gk1Y5FQpSyWizOLyyPo71iam_H5LtKtR2yEtJDUu8J1uxRTnCX54C77NUzzvOAHNEwxteaeQmOBLXI-dmTQj&_nc_zt=14&_nc_ht=scontent.fjai6-1.fna&_nc_gid=xHNXhBwtA0te6pnIAVePzQ&_nc_ss=7b289&oh=00_Af-0-ABaATMvOvVOExqaEaQMCWmGS8MrhprM0x7wkNGaSQ&oe=6A385324 | Resized: https://scontent.fjai6-1.fna.fbcdn.net/v/t39.35426-6/710827497_988156623862347_415380827779202938_n.jpg?stp=dst-jpg_s600x600_tt6&_nc_cat=105&ccb=1-7&_nc_sid=c53f8f&_nc_ohc=yaHofiwpvd4Q7kNvwFpJvvV&_nc_oc=Adpmd43STnvA1FkaOUEhAcPKOkXy0Ra7sLMfRQyAIpgx1g_fUIm6590Jex_iYuL9C7CfZXF1hwYZcjQVhwL5QyUg&_nc_zt=14&_nc_ht=scontent.fjai6-1.fna&_nc_gid=xHNXhBwtA0te6pnIAVePzQ&_nc_ss=7b289&oh=00_Af-J-d47yT0OvLR7mHyPCzWonLJGan44tQ3o1j1wdGqdAw&oe=6A384EAE,
1870290290823595,https://www.facebook.com/NikooHomesIndia/,nikoo8.nikoohomes.com,https://www.facebook.com/NikooHomesIndia/,,,,reji20philip@gmail.com,"+919008177888, 074111 00944",,,,1581183028845083,https://nikoo8.nikoohomes.com/?utm_source=facebook&utm_medium=Portal_Primary&utm_campaign=Portal_SPM&utm_content=image_nikoonewlunch_v1,Nikoo Homes,https://www.facebook.com/ads/library/?id=1870290290823595,"NEW LAUNCH IN THANISANDRA! 🚨
Wake up to gardens, open spaces, and a vibrant community at Nikoo 8.
✅ 1 Bed from ₹88L*
✅ 2 Bed from ₹1.33Cr*
✅ 3 Bed from ₹1.94Cr*
✅ Studios, Lofts & Luxury Villas Available
🌳 Expansive landscaped greens
🏊 Resort-style amenities
📍 Prime Thanisandra Location
Limited inventory available. Enquire now for launch benefits.
👉 Book a Site Visit Today",9068,Book now,nikoo8.nikoohomes.com,"FACEBOOK; INSTAGRAM",2026-06-11,2026-06-16,,Original: https://scontent.fjai6-1.fna.fbcdn.net/v/t39.35426-6/720443739_1339879958070245_2019638144793273048_n.jpg?_nc_cat=109&ccb=1-7&_nc_sid=c53f8f&_nc_ohc=3vuFGLxBwfMQ7kNvwGKUzAP&_nc_oc=Adq1QNduaHvrxLFcd5euxUGpfziMlrJElw4-eDsgz7ZQmH9yVpuO3qb96HuyFs9hp6auAW6b1ftjaw6VF1KBBw5V&_nc_zt=14&_nc_ht=scontent.fjai6-1.fna&_nc_gid=xHNXhBwtA0te6pnIAVePzQ&_nc_ss=7b289&oh=00_Af-D3W4shP0fxCfl6wG2biZVBLFjbnKHx0-poQR8taUh6Q&oe=6A383898 | Resized: https://scontent.fjai6-1.fna.fbcdn.net/v/t39.35426-6/720317152_998158016305619_9055371162173678148_n.jpg?stp=dst-jpg_s600x600_tt6&_nc_cat=109&ccb=1-7&_nc_sid=c53f8f&_nc_ohc=zXfr16v3AG0Q7kNvwFO_sV5&_nc_oc=Adonazq0l456Ndshm9PpT2Aj7jfV21apwy-P7m4w3EYj4W-CfgyxE65lRYlGmwmEJRL_9FP6lsModqLosYjkT0fU&_nc_zt=14&_nc_ht=scontent.fjai6-1.fna&_nc_gid=xHNXhBwtA0te6pnIAVePzQ&_nc_ss=7b289&oh=00_Af_vyQUPHvVn5FtQOJwr4lDrUYU0evEFRO95dxh53DAGVw&oe=6A385C9D,,,,,,
2072044030075077,https://www.facebook.com/61567995431276/,fb.me,https://www.facebook.com/61567995431276/,,,,realoneassetsdubai@gmail.com,,,,,450528681483132,http://fb.me/,Real One Ventures,https://www.facebook.com/ads/library/?id=2072044030075077,"🏙️ Invest in Dubai’s Most In-Demand Communities
Own a luxury property with a trusted top-tier developer & flexible payment plans starting today.

✨ Why Invest Now?
✔ High ROI & rental demand
✔ Easy monthly payment plans
✔ Golden Visa eligibility on selected properties
✔ Prime locations across Dubai
✔ World-class amenities & branded living

From waterfront apartments to luxury villas — Dubai is the future of global real estate investment.

💰 Starting from attractive prices
📍 Dubai’s premium locations
📆 Post-handover payment plans available

Whether you’re an investor or end-user, now is the perfect time to secure your unit before prices rise again.

📩 DM us “DUBAI” for exclusive inventory, brochures & latest offers.",2617,Learn more,fb.me,"FACEBOOK; INSTAGRAM; AUDIENCE_NETWORK",2026-06-01,2026-06-17,,,"🏙️ Invest in Dubai’s Most In-Demand Communities
Own a luxury property with a trusted top-tier developer & flexible payment plans starting today.

✨ Why Invest Now?
✔ High ROI & rental demand
✔ Easy monthly payment plans
✔ Golden Visa eligibility on selected properties
✔ Prime locations across Dubai
✔ World-class amenities & branded living

From waterfront apartments to luxury villas — Dubai is the future of global real estate investment.

💰 Starting from attractive prices
📍 Dubai’s premium locations
📆 Post-handover payment plans available

Whether you’re an investor or end-user, now is the perfect time to secure your unit before prices rise again.

📩 DM us “DUBAI” for exclusive inventory, brochures & latest offers. || 🏙️ Invest in Dubai’s Most In-Demand Communities
Own a luxury property with a trusted top-tier developer & flexible payment plans starting today.

✨ Why Invest Now?
✔ High ROI & rental demand
✔ Easy monthly payment plans
✔ Golden Visa eligibility on selected properties
✔ Prime locations across Dubai
✔ World-class amenities & branded living

From waterfront apartments to luxury villas — Dubai is the future of global real estate investment.

💰 Starting from attractive prices
📍 Dubai’s premium locations
📆 Post-handover payment plans available

Whether you’re an investor or end-user, now is the perfect time to secure your unit before prices rise again.

📩 DM us “DUBAI” for exclusive inventory, brochures & latest offers. || 🏙️ Invest in Dubai’s Most In-Demand Communities
Own a luxury property with a trusted top-tier developer & flexible payment plans starting today.

✨ Why Invest Now?
✔ High ROI & rental demand
✔ Easy monthly payment plans
✔ Golden Visa eligibility on selected properties
✔ Prime locations across Dubai
✔ World-class amenities & branded living

From waterfront apartments to luxury villas — Dubai is the future of global real estate investment.

💰 Starting from attractive prices
📍 Dubai’s premium locations
📆 Post-handover payment plans available

Whether you’re an investor or end-user, now is the perfect time to secure your unit before prices rise again.

📩 DM us “DUBAI” for exclusive inventory, brochures & latest offers.",http://fb.me/ || http://fb.me/ || http://fb.me/,,Learn More || Learn More || Learn More,Original: https://scontent.fjai6-1.fna.fbcdn.net/v/t39.35426-6/711643538_983055937663276_3574935235850635067_n.jpg?_nc_cat=100&ccb=1-7&_nc_sid=c53f8f&_nc_ohc=LndRzRWYXVoQ7kNvwFfIu2_&_nc_oc=AdpptUbZxqh88WOGCJLtI_4bdtdAjEQUlc73m4dQ6PcNW1x4IelVgHMr7DInvViH_gISq0AEb5JTl_DG1lWhQwXw&_nc_zt=14&_nc_ht=scontent.fjai6-1.fna&_nc_gid=xHNXhBwtA0te6pnIAVePzQ&_nc_ss=7b289&oh=00_Af_GHP8coqyp_dnGTBquCgo1qm12cbtKNs9GVFhgranypg&oe=6A3844CA | Resized: https://scontent.fjai6-1.fna.fbcdn.net/v/t39.35426-6/710639270_1317236019874489_5140807556197194174_n.jpg?stp=dst-jpg_s600x600_tt6&_nc_cat=107&ccb=1-7&_nc_sid=c53f8f&_nc_ohc=4bm7mXDDd2UQ7kNvwFMl0LP&_nc_oc=AdqHUzGjMl5exZbhCAcbFbiEHVJYwQqrZvmB_6_HOYIQudG5XOqywx7BjStShx85sne-J6UHuhpga6TnFo8m5fKe&_nc_zt=14&_nc_ht=scontent.fjai6-1.fna&_nc_gid=xHNXhBwtA0te6pnIAVePzQ&_nc_ss=7b289&oh=00_Af9PSKiZ75RB3kT6TwxtICWpkVJiNA-HFIpyFFvMp4qu-Q&oe=6A3837CC || Original: https://scontent.fjai6-1.fna.fbcdn.net/v/t39.35426-6/712524712_1636284960772918_7526906283105317665_n.jpg?_nc_cat=107&ccb=1-7&_nc_sid=c53f8f&_nc_ohc=IR-s5fvrsl0Q7kNvwEvnySh&_nc_oc=AdrXv1jsHulPOk57Bi-Nc5XkAqlCwTCHd8SXo1u-PE5qXWxkmFr9eSc56q2ZO-1DUuYF6QkZHqjOHjfwPLjMobGT&_nc_zt=14&_nc_ht=scontent.fjai6-1.fna&_nc_gid=xHNXhBwtA0te6pnIAVePzQ&_nc_ss=7b289&oh=00_Af8iJqQsq0IcJeCm89lhX2XYjrsnsHytq_leDrOleCDBgA&oe=6A384B87 | Resized: https://scontent.fjai6-1.fna.fbcdn.net/v/t39.35426-6/711209784_992497713264954_1247375579371366910_n.jpg?stp=dst-jpg_s600x600_tt6&_nc_cat=109&ccb=1-7&_nc_sid=c53f8f&_nc_ohc=itKlqGqyGeMQ7kNvwGYCX23&_nc_oc=AdqhUooqlcwYoZSibOo3ReBN571gQJWuEQrFmtRC8XtFnOrj2VS3zCjBTuCe8gzA0sP_DquoPg3dAv5FgRDkgCaN&_nc_zt=14&_nc_ht=scontent.fjai6-1.fna&_nc_gid=xHNXhBwtA0te6pnIAVePzQ&_nc_ss=7b289&oh=00_Af9sqkW44Knmm4ELJGspK0tiHog4cLaEB5Bd46x5jEICDg&oe=6A385959 || Original: https://scontent.fjai6-1.fna.fbcdn.net/v/t39.35426-6/710597488_2236359007102694_8085087270920787372_n.jpg?_nc_cat=107&ccb=1-7&_nc_sid=c53f8f&_nc_ohc=VWzfvUFR5pQQ7kNvwHjvDWz&_nc_oc=AdrdqJ_Ae9cIOWB_RAeUTlDew5l_0leb2CHo-Yd0Abac4Id-gMot-N1enzqyI0vtW4SgZPwSDlPN6PRof8qBr2lk&_nc_zt=14&_nc_ht=scontent.fjai6-1.fna&_nc_gid=xHNXhBwtA0te6pnIAVePzQ&_nc_ss=7b289&oh=00_Af9gTEAObREHfMyK2gwqAH97nZXfFjR0tbBAU_AiK0mpqw&oe=6A385E21 | Resized: https://scontent.fjai6-1.fna.fbcdn.net/v/t39.35426-6/713744959_2077888232769580_1460809115193650372_n.jpg?stp=dst-jpg_s600x600_tt6&_nc_cat=109&ccb=1-7&_nc_sid=c53f8f&_nc_ohc=hEdBGKFziA0Q7kNvwEmSoN0&_nc_oc=AdpgIjmmxl5M2naCllKomJ_fwXhrqsEK2UfgliqzoV6bMrUhEXEAKjY992IRYYqvdsFX94XAZf3SnuwEYmdVxHpp&_nc_zt=14&_nc_ht=scontent.fjai6-1.fna&_nc_gid=xHNXhBwtA0te6pnIAVePzQ&_nc_ss=7b289&oh=00_Af8mQqujIsc2tUDksQZ7MeBPLqeEn3uTJsB-Gce03Uplow&oe=6A385868,
1438887390795045,https://www.facebook.com/61570336628422/,10linesabout.com,https://www.facebook.com/61570336628422/,,,,,,,,,495015473696904,https://10linesabout.com/a-complete-guide-to-personal-guard-training-and-cybersecurity-standards/?style_id=2248416116&channel_id=6420912697&adtitle=A%20Guide%20To%20Security%20Training%20And%20Certification.%20Learn%20How%20Security%20Standards%20Can%20Help%20You%20Improve%20Defenses.%20Learn%20More.&terms=how%20to%20get%20oscp%20certification%2C%20socaas%2C%20soc%202%20guide%2C%20nist%20sp%20800%2053%20revision%205%2C%20cissp%20exam%20book%2C%20ccsp%20official%20study%20guide%2C%20mssps%2C%20central%20security%20service%2C%20ebook%20cyber%20security&domain_name=10linesabout.com&clickid={cf_click_id},Brain Boost,https://www.facebook.com/ads/library/?id=1438887390795045,Learn How Security Standards Can Help You Improve Defenses,97,Learn more,10linesabout.com,"FACEBOOK; INSTAGRAM",2026-04-25,2026-06-16,,Original: https://scontent.fjai6-1.fna.fbcdn.net/v/t39.35426-6/681181588_1851563376231339_3979816156770759960_n.jpg?_nc_cat=106&ccb=1-7&_nc_sid=c53f8f&_nc_ohc=3G128dm7pL0Q7kNvwHndzP_&_nc_oc=Adpxkf6F5kKQbxWjpDzXZstwGKMFy5552Ly4bEjsXMDOXHpK4oqOtLc3s6ioXJFvXWUosKqvsPRNvP1WizJouvnS&_nc_zt=14&_nc_ht=scontent.fjai6-1.fna&_nc_gid=px6sAckzK8oaHkczTklVcQ&_nc_ss=7b289&oh=00_Af8kT2H3CrwBWdX-BMbGsVOPh8anJ7lZxaXKZuZCwut3YQ&oe=6A38512B | Resized: https://scontent.fjai6-1.fna.fbcdn.net/v/t39.35426-6/678281647_4338578936288290_1786025550679785947_n.jpg?stp=dst-jpg_s600x600_tt6&_nc_cat=101&ccb=1-7&_nc_sid=c53f8f&_nc_ohc=K_56UwOAZToQ7kNvwF7_dwZ&_nc_oc=AdrM4x3ApSlv9ZbA3fLIV7DSd0uV3g8cO6Qa2DlfWVFKpp7V5bos21WkqkzF_Czw4v8lSytClvjCVh4UUWE_3ujG&_nc_zt=14&_nc_ht=scontent.fjai6-1.fna&_nc_gid=px6sAckzK8oaHkczTklVcQ&_nc_ss=7b289&oh=00_Af_jFXLn0_nmgkhJ_TfNEwoU3CTp220IKVQoQ2aRO0UoWQ&oe=6A3841EC,,,,,,
888093270981900,https://www.facebook.com/nvtql/,fb.me,https://www.facebook.com/nvtql/,,,,contact@nvtqualitygroup.com,+91 88842 45678,,,,832552950101650,http://fb.me/,NVT Quality Lifestyle,https://www.facebook.com/ads/library/?id=888093270981900,"Designed with personal space in mind. We are launching Eterna Villas next to a 300-acre lake on Sarjapur-Attibele Main Road.
4 & 5 BHK Luxury Villas starting at 3.3 Cr*

✅ Private Backyard | Sunlit Homes | Private Skydeck | Balconies for every room
✅ 10,000+ happy customers |150+ acres under development |2M sq.ft of delivery on time.
✅ ET Best Lifestyle Brands218 | CREDAI Care Awards 2023 | Times Business Awards2025
✅ Falls within the growth corridor between Electronic City, Sarjapur & Hosur Road.
✅ Gym | Swimming Pool | Coworking Area | Activity Room | Terrace Deck
✅ Electronic City – ~32 mins | Sarjapur Road – ~45 mins | Confident Square Mall – 21 mins",10963,Book now,fb.me,"FACEBOOK; INSTAGRAM",2026-05-26,2026-06-17,,,"Designed with personal space in mind. We are launching Eterna Villas next to a 300-acre lake on Sarjapur-Attibele Main Road.
4 & 5 BHK Luxury Villas starting at 3.3 Cr*

✅ Private Backyard | Sunlit Homes | Private Skydeck | Balconies for every room
✅ 10,000+ happy customers |150+ acres under development |2M sq.ft of delivery on time.
✅ ET Best Lifestyle Brands218 | CREDAI Care Awards 2023 | Times Business Awards2025
✅ Falls within the growth corridor between Electronic City, Sarjapur & Hosur Road.
✅ Gym | Swimming Pool | Coworking Area | Activity Room | Terrace Deck
✅ Electronic City – ~32 mins | Sarjapur Road – ~45 mins | Confident Square Mall – 21 mins || Designed with personal space in mind. We are launching Eterna Villas next to a 300-acre lake on Sarjapur-Attibele Main Road.
4 & 5 BHK Luxury Villas starting at 3.3 Cr*

✅ Private Backyard | Sunlit Homes | Private Skydeck | Balconies for every room
✅ 10,000+ happy customers |150+ acres under development |2M sq.ft of delivery on time.
✅ ET Best Lifestyle Brands218 | CREDAI Care Awards 2023 | Times Business Awards2025
✅ Falls within the growth corridor between Electronic City, Sarjapur & Hosur Road.
✅ Gym | Swimming Pool | Coworking Area | Activity Room | Terrace Deck
✅ Electronic City – ~32 mins | Sarjapur Road – ~45 mins | Confident Square Mall – 21 mins",http://fb.me/ || http://fb.me/,,Book Now || Book Now,Original: https://scontent.fjai6-1.fna.fbcdn.net/v/t39.35426-6/706946552_27090971020499134_2626690257092896612_n.jpg?_nc_cat=106&ccb=1-7&_nc_sid=c53f8f&_nc_ohc=QDgut6TS5RMQ7kNvwFvZoVO&_nc_oc=Adqj89pDcRj4_4U0hVUKTLCBB4qlTS29XSXTF6xlYyeW3zMc_BFs69Zuojk__JB_nDFi2yypgc6vGGzn-XuN8gZ3&_nc_zt=14&_nc_ht=scontent.fjai6-1.fna&_nc_gid=px6sAckzK8oaHkczTklVcQ&_nc_ss=7b289&oh=00_Af83JpoFbN6D25ld3HSaQFsb6ykvurBYZp0KZirlEQ-flQ&oe=6A383589 | Resized: https://scontent.fjai6-1.fna.fbcdn.net/v/t39.35426-6/707267825_996613846233088_3346787640111200975_n.jpg?stp=dst-jpg_s600x600_tt6&_nc_cat=104&ccb=1-7&_nc_sid=c53f8f&_nc_ohc=mIek7zzUcxkQ7kNvwGqdTV-&_nc_oc=Adq1oiijpgnCYuVg6LKMBSZXyrSi3GdYBu-zwxykDw4Yh0gI8FCFaXVOgvb2Ebvzr1IkHadqryMIouugSP4Qe2h1&_nc_zt=14&_nc_ht=scontent.fjai6-1.fna&_nc_gid=px6sAckzK8oaHkczTklVcQ&_nc_ss=7b289&oh=00_Af_Dy_bD04L9DJyHkJsQibT-1P5ChvdcVea2wHioFb5Z4w&oe=6A3847C7 || Original: https://scontent.fjai6-1.fna.fbcdn.net/v/t39.35426-6/706930809_26930479916616337_1851238311485284530_n.jpg?_nc_cat=108&ccb=1-7&_nc_sid=c53f8f&_nc_ohc=kzrIAFCkyfwQ7kNvwHlLRdj&_nc_oc=AdqDPVOXrDE42YcTGICJqrw7U65wF_X02zjvq3grhw6WqeV6LFwD0-dkhInF3gP4j-W65abFN8DrvEzZF_gSImjQ&_nc_zt=14&_nc_ht=scontent.fjai6-1.fna&_nc_gid=px6sAckzK8oaHkczTklVcQ&_nc_ss=7b289&oh=00_Af8fdEdnBXzBZVnZYw1msU1-Ndv7HMS7CxVt5izhtYFSRA&oe=6A384CA5 | Resized: https://scontent.fjai6-1.fna.fbcdn.net/v/t39.35426-6/708488594_960040226803077_5768197384691179844_n.jpg?stp=dst-jpg_s600x600_tt6&_nc_cat=102&ccb=1-7&_nc_sid=c53f8f&_nc_ohc=4bIpRpjGg0gQ7kNvwHm4lWV&_nc_oc=Adq-XLWMken68m1XxBnlSF32Ormx7r3AoyZgbyhxACQhLLcsouFSwqcQ0GZl3ymQlU5I-c4l3MqhLy_oLzDCfETM&_nc_zt=14&_nc_ht=scontent.fjai6-1.fna&_nc_gid=px6sAckzK8oaHkczTklVcQ&_nc_ss=7b289&oh=00_Af-zH_f2AWGoGOqcNpeZUrkScvTOBwyftoZ9dWfils2jLA&oe=6A384263,
1579060063786344,https://www.facebook.com/Aalayam.Realty/,fb.me,https://www.facebook.com/Aalayam.Realty/,,,,sales@aalayamrealty.com,+91 94945 05605,,,,854975294872523,http://fb.me/,Aalayam Realty,https://www.facebook.com/ads/library/?id=1579060063786344,"Some Addresses Reflect More Than Success — They Reflect Lifestyle.

Introducing RR Zenora, ultra-luxurious 4 & 5 BHK villas crafted for those who seek space, exclusivity and refined living near Hyderabad’s fastest-growing corridor.

✔ 09 Minutes To ORR Exit 2
✔ Premium Villa Community
✔ Spacious 4 & 5 BHK Residences
✔ Prime West Hyderabad Connectivity

Starting From ₹4 Cr*

Schedule Your Private Villa Experience Today.",813,See details,fb.me,"FACEBOOK; INSTAGRAM; AUDIENCE_NETWORK",2026-06-05,2026-06-16,,,"Some Addresses Reflect More Than Success — They Reflect Lifestyle.

Introducing RR Zenora, ultra-luxurious 4 & 5 BHK villas crafted for those who seek space, exclusivity and refined living near Hyderabad’s fastest-growing corridor.

✔ 09 Minutes To ORR Exit 2
✔ Premium Villa Community
✔ Spacious 4 & 5 BHK Residences
✔ Prime West Hyderabad Connectivity

Starting From ₹4 Cr*

Schedule Your Private Villa Experience Today. || At Some Point, Every Successful Family Outgrows Apartment Living.

Green Valley brings you premium 4 BHK boutique villas crafted for peaceful luxury living in Bachupally.

✔ Ready To Move
✔ 3430 & 3440 SFT
✔ Just 5 Minutes To ORR
✔ Private Gated Community

Starting From ₹3.99 Cr*

Book Your Private Villa Visit Today. || After Long Working Hours, Peace Matters More Than Ever.

Green Valley offers thoughtfully designed boutique villas for families seeking space, privacy and a better everyday lifestyle in West Hyderabad.

✔ Ready To Move
✔ 5 Minutes To ORR
✔ Calm Premium Community
✔ Spacious Independent Living

Starting From ₹3.99 Cr*

Book A Private Villa Experience. || Some Addresses Reflect More Than Success — They Reflect Lifestyle.

Introducing RR Zenora, ultra-luxurious 4 & 5 BHK villas crafted for those who seek space, exclusivity and refined living near Hyderabad’s fastest-growing corridor.

✔ 09 Minutes To ORR Exit 2
✔ Premium Villa Community
✔ Spacious 4 & 5 BHK Residences
✔ Prime West Hyderabad Connectivity

Starting From ₹4 Cr*

Schedule Your Private Villa Experience Today.",http://fb.me/ || http://fb.me/ || http://fb.me/ || http://fb.me/,,See Details || See Details || See Details || See Details,Original: https://scontent.fjai6-1.fna.fbcdn.net/v/t39.35426-6/717281408_1700312921388909_2823481909798345559_n.jpg?_nc_cat=100&ccb=1-7&_nc_sid=c53f8f&_nc_ohc=Su1cgU_peGUQ7kNvwELpWXT&_nc_oc=AdqehC9bUBbsFKu6uAIf9tIKXtOsmcZ70q5CUosuJfnfGrUMsmP4bTRxi_uknDpZACaofAL_y2IGdVkNRFvk5_WU&_nc_zt=14&_nc_ht=scontent.fjai6-1.fna&_nc_gid=px6sAckzK8oaHkczTklVcQ&_nc_ss=7b289&oh=00_Af_9qrggw3GFvY-jXQDtECzd951RxBm8fpyphYg4taA7BQ&oe=6A384339 | Resized: https://scontent.fjai6-1.fna.fbcdn.net/v/t39.35426-6/716352576_1788087132357645_8893086841634979485_n.jpg?stp=dst-jpg_s600x600_tt6&_nc_cat=100&ccb=1-7&_nc_sid=c53f8f&_nc_ohc=vCc5nudjB_MQ7kNvwH6Sfn_&_nc_oc=AdoNTGddhlzOc40fcYCLmRPoB-TXjuvn6m0XM20n-OW6-WFYEyLKuK8LdjCM7m1xLfJtGxQEk6jNDuNGQxsSEAcm&_nc_zt=14&_nc_ht=scontent.fjai6-1.fna&_nc_gid=px6sAckzK8oaHkczTklVcQ&_nc_ss=7b289&oh=00_Af9WyMAcaChIxTmiy-IivqZcyCASxUtSOMvbnB2R31OtBw&oe=6A383027 || Original: https://scontent.fjai6-1.fna.fbcdn.net/v/t39.35426-6/717400611_1636424447578703_19063580743630506_n.jpg?_nc_cat=104&ccb=1-7&_nc_sid=c53f8f&_nc_ohc=kMSTovZuo8sQ7kNvwEGW2dh&_nc_oc=Adp4ZqpTcWis05Ag1xIFSxOHTtoV4MZdwXCi3DYq9kLNgU8jkAyfxvrHo4ZaFwg46tmXQS5ZI1HhoFic5q1BpzIq&_nc_zt=14&_nc_ht=scontent.fjai6-1.fna&_nc_gid=px6sAckzK8oaHkczTklVcQ&_nc_ss=7b289&oh=00_Af8qm-Ut2m_CwtG5jXdm6x7l_g6sjgMXU8HQKJKBMVJ2dg&oe=6A384241 | Resized: https://scontent.fjai6-1.fna.fbcdn.net/v/t39.35426-6/715442883_1483067616346643_4049429179888710722_n.jpg?stp=dst-jpg_s600x600_tt6&_nc_cat=103&ccb=1-7&_nc_sid=c53f8f&_nc_ohc=gVBUeOyVyzQQ7kNvwHtuBA_&_nc_oc=AdpgerjK14J-80X4CL_n5UjNPreBVSu56ha1uANrzRnoTbtumYcOgP3rmz5JOBs3_3hbMv2PmMurdlvqkeEb_hA0&_nc_zt=14&_nc_ht=scontent.fjai6-1.fna&_nc_gid=px6sAckzK8oaHkczTklVcQ&_nc_ss=7b289&oh=00_Af-QRI_LfPgSn6aKMdrKP1_e7XInLd2PIPTW9tj7gqzu6Q&oe=6A385A1D || Original: https://scontent.fjai6-1.fna.fbcdn.net/v/t39.35426-6/717400611_1636424447578703_19063580743630506_n.jpg?_nc_cat=104&ccb=1-7&_nc_sid=c53f8f&_nc_ohc=kMSTovZuo8sQ7kNvwEGW2dh&_nc_oc=Adp4ZqpTcWis05Ag1xIFSxOHTtoV4MZdwXCi3DYq9kLNgU8jkAyfxvrHo4ZaFwg46tmXQS5ZI1HhoFic5q1BpzIq&_nc_zt=14&_nc_ht=scontent.fjai6-1.fna&_nc_gid=px6sAckzK8oaHkczTklVcQ&_nc_ss=7b289&oh=00_Af8qm-Ut2m_CwtG5jXdm6x7l_g6sjgMXU8HQKJKBMVJ2dg&oe=6A384241 | Resized: https://scontent.fjai6-1.fna.fbcdn.net/v/t39.35426-6/715442883_1483067616346643_4049429179888710722_n.jpg?stp=dst-jpg_s600x600_tt6&_nc_cat=103&ccb=1-7&_nc_sid=c53f8f&_nc_ohc=gVBUeOyVyzQQ7kNvwHtuBA_&_nc_oc=AdpgerjK14J-80X4CL_n5UjNPreBVSu56ha1uANrzRnoTbtumYcOgP3rmz5JOBs3_3hbMv2PmMurdlvqkeEb_hA0&_nc_zt=14&_nc_ht=scontent.fjai6-1.fna&_nc_gid=px6sAckzK8oaHkczTklVcQ&_nc_ss=7b289&oh=00_Af-QRI_LfPgSn6aKMdrKP1_e7XInLd2PIPTW9tj7gqzu6Q&oe=6A385A1D || Original: https://scontent.fjai6-1.fna.fbcdn.net/v/t39.35426-6/714852723_1322353599225455_5074896291724660272_n.jpg?_nc_cat=101&ccb=1-7&_nc_sid=c53f8f&_nc_ohc=WHgfUGyUSekQ7kNvwEBEZmW&_nc_oc=Adqskgd6rZixDX2lwasVsk2MTSXFUF1hiGgkdaeTTxLPJvbTsk6U24mkG82NATAakkzX7wa8uwccvthcDEumFQeI&_nc_zt=14&_nc_ht=scontent.fjai6-1.fna&_nc_gid=px6sAckzK8oaHkczTklVcQ&_nc_ss=7b289&oh=00_Af--z9UX1tD4nwTB-uUCaEj7CPuySf_gWYQoit8IGK25eA&oe=6A384D37 | Resized: https://scontent.fjai6-1.fna.fbcdn.net/v/t39.35426-6/717273952_2142297466384550_4752128387853528968_n.jpg?stp=dst-jpg_s600x600_tt6&_nc_cat=100&ccb=1-7&_nc_sid=c53f8f&_nc_ohc=vb8ZpETWq5QQ7kNvwEpnZRB&_nc_oc=AdrgKqPw9VKZtXyYnpDyxO4Ic8GXt4y_Edg8vDelDmgFhqlfvUaxL7hDNj56eC0i7JHxsmDkzQIokp0iKtOqAHrH&_nc_zt=14&_nc_ht=scontent.fjai6-1.fna&_nc_gid=px6sAckzK8oaHkczTklVcQ&_nc_ss=7b289&oh=00_Af8SavHikORKdOd-NMZhNvXj8Gl6iAQI_HMH0rQ1AhTt7w&oe=6A38336D,
4477860875787168,https://www.facebook.com/61578628042289/,fb.me,https://www.facebook.com/61578628042289/,,,,mail@landsandlandshomes.com,+91 90251 34134,,,,705784629291935,http://fb.me/,Lands and Lands Homes,https://www.facebook.com/ads/library/?id=4477860875787168,"📞 8925837929 to schedule your site visit

Luxury 3, 3.5,4 & 5  BHK Villas🏡
Located  10 mins from RS Puram 📍

Starting from ₹2.5 Cr Onwards 💰
✔️ 40+ Amenities
✔️ 20900 sq ft Clubhouse
✔️ 8.17 Acers, 80  Villas🌿

Register now to explore pricing, floor plans & availability 📲",68,Get offer,fb.me,"FACEBOOK; INSTAGRAM",2026-05-02,2026-06-17,HD: https://video.fjai6-1.fna.fbcdn.net/o1/v/t2/f2/m366/AQPoc2BhEPM9U6WlV88KZ3SKnNI9bL67_w2xrtziElr2_Gqrh42X7NTod4DJVRtZeUQeYbNDSquJB032ma8fdskssN8wMhFR8cW7UrUKvOBQRQ.mp4?_nc_cat=106&_nc_oc=AdpFdlsmiKxang1zTG7eiCohOmGXA64qw3trFNUj3xacsMaKLGQqwCDX_kAnYVsBASgOBIXe1fLL_3qutjJCkGqC&_nc_sid=b66105&_nc_ht=video.fjai6-1.fna.fbcdn.net&_nc_ohc=g2CnWvhzLS8Q7kNvwG3msjL&efg=eyJ2ZW5jb2RlX3RhZyI6Inhwdl9wcm9ncmVzc2l2ZS5WSV9VU0VDQVNFX1BST0RVQ1RfVFlQRS4uQzMuNzIwLmRhc2hfaDI2NC1iYXNpYy1nZW4yXzcyMHAiLCJ4cHZfYXNzZXRfaWQiOjEzOTU4NTgzMDYwODMxODMsImFzc2V0X2FnZV9kYXlzIjo0NiwidmlfdXNlY2FzZV9pZCI6MTA3OTksImR1cmF0aW9uX3MiOjU5LCJ1cmxnZW5fc291cmNlIjoid3d3In0%3D&ccb=17-1&vs=36d7ad10749c12fa&_nc_vs=HBksFQIYRWZiX2VwaGVtZXJhbC84NjQ0OTk3NDcwODA2REQyQjJBQTc5Q0RBM0IzQjdBNV9tdF8xX3ZpZGVvX2Rhc2hpbml0Lm1wNBUAAsgBEgAVAhhAZmJfcGVybWFuZW50L0NDNDgzQjQwMzhBMkQwNUEzQkE4Q0ExN0ZFNDA1MUFDX2F1ZGlvX2Rhc2hpbml0Lm1wNBUCAsgBEgAoABgAGwKIB3VzZV9vaWwBMRJwcm9ncmVzc2l2ZV9yZWNpcGUBMRUAACbepe3n0uH6BBUCKAJDMywXQE2Kn752yLQYGWRhc2hfaDI2NC1iYXNpYy1nZW4yXzcyMHARAHUAZd6oAQA&_nc_gid=px6sAckzK8oaHkczTklVcQ&_nc_ss=7b289&_nc_zt=28&oh=00_Af9YisHp6lJqJXC_MZB1ae-nVppZ4aO-_D26qSRweV2CXQ&oe=6A383BD2 | SD: https://video.fjai6-1.fna.fbcdn.net/o1/v/t2/f2/m412/AQNv4sHhsc53FTVYJEFtazMu9OcR5YgXqbBVHN1V1zKslC59IpO9i06oyyvqqkWtJGgFESgj4ds3cTWH1WkwlglfRHBkRGpdBZqn0Xw0yg.mp4?_nc_cat=102&_nc_oc=AdpRqjuuhl1d5d7fVFhXuUJPNgqN-kJBHR9d1sqrshEqDZ1RnMVzlrL22Oa6i9GyhpRtAT6X6KShd0A_AuoTe7Ag&_nc_sid=ef5aa3&_nc_ht=video.fjai6-1.fna.fbcdn.net&_nc_ohc=6-4xCBNrbrsQ7kNvwHnWlbY&efg=eyJ2ZW5jb2RlX3RhZyI6Inhwdl9wcm9ncmVzc2l2ZS5WSV9VU0VDQVNFX1BST0RVQ1RfVFlQRS4uQzMuMzYwLnN2ZV9zZCIsInhwdl9hc3NldF9pZCI6MTM5NTg1ODMwNjA4MzE4MywiYXNzZXRfYWdlX2RheXMiOjQ2LCJ2aV91c2VjYXNlX2lkIjoxMDc5OSwiZHVyYXRpb25fcyI6NTksInVybGdlbl9zb3VyY2UiOiJ3d3cifQ%3D%3D&ccb=17-1&_nc_gid=px6sAckzK8oaHkczTklVcQ&_nc_ss=7b289&_nc_zt=28&oh=00_Af-ffsp0aVenXJujA4Udn7IshcNfaZ3_cgTqGTLSEbRYAQ&oe=6A383D4C | Preview: https://scontent.fjai6-1.fna.fbcdn.net/v/t39.35426-6/685834407_1485178759154152_5318286891557277132_n.jpg?_nc_cat=102&ccb=1-7&_nc_sid=c53f8f&_nc_ohc=5SqoOCgOx60Q7kNvwEJ1xE-&_nc_oc=Adpv5sC30hGTJfrCOMux5W6PExzkXwm_TdrFgJwzEeQh9RDDWGJKAQygRaJKGEcdKV4WxKYdwsZImy8ipjSgw5tH&_nc_zt=14&_nc_ht=scontent.fjai6-1.fna&_nc_gid=px6sAckzK8oaHkczTklVcQ&_nc_ss=7b289&oh=00_Af9X7gVHgj1DWEHJ1O0D6erEmKp_1QPVn8NODfGupdDQXg&oe=6A3831AB,,,,,,,
972974355477492,https://www.facebook.com/stay.elivaas/,api.whatsapp.com,https://www.facebook.com/stay.elivaas/,,,,staywithus@elivaas.com,+91 78274 49532,,,,117579414687132,https://api.whatsapp.com/send,Elivaas,https://www.facebook.com/ads/library/?id=972974355477492,"A luxury hill villa you can enjoy anytime.

✔ Indoor pool villa
✔ Scenic mountain views
✔ Spacious 4BHK for groups

Book now with ELIVAAS.",2241,Send WhatsApp message,api.whatsapp.com,"INSTAGRAM; WHATSAPP",2026-05-02,2026-06-16,HD: https://video.fjai6-1.fna.fbcdn.net/o1/v/t2/f2/m366/AQMco7y06RmJI8S6jcu7TvZoTdHazss7m0_3n-U1lfU4nrjsa5pdcQH2XENpwYtCJE8DNWvhA5qRK9U13i76CEdQdg1nclZVU5_qV_bVWP4idg.mp4?_nc_cat=107&_nc_oc=AdpqIFh1ZAA1jV4Myp7fA2CIhESOe_3UI2anT1WiCflsvwq7EQ4T34ZRSGiI49lpZ5_qVKj2_XLsZ6AgkwSmQAMu&_nc_sid=b66105&_nc_ht=video.fjai6-1.fna.fbcdn.net&_nc_ohc=-hfBg4IFgrsQ7kNvwE7sMrD&efg=eyJ2ZW5jb2RlX3RhZyI6Inhwdl9wcm9ncmVzc2l2ZS5WSV9VU0VDQVNFX1BST0RVQ1RfVFlQRS4uQzMuNzIwLmRhc2hfaDI2NC1iYXNpYy1nZW4yXzcyMHAiLCJ4cHZfYXNzZXRfaWQiOjc3NzA4OTc1NTIzNjI1NSwiYXNzZXRfYWdlX2RheXMiOjc2LCJ2aV91c2VjYXNlX2lkIjoxMDc5OSwiZHVyYXRpb25fcyI6MzEsInVybGdlbl9zb3VyY2UiOiJ3d3cifQ%3D%3D&ccb=17-1&vs=deb98443f15888c&_nc_vs=HBksFQIYRWZiX2VwaGVtZXJhbC9DNjQyRDkyOUI2QURBOEQzMTJBRjFDMkJBMUIxQThCRV9tdF8xX3ZpZGVvX2Rhc2hpbml0Lm1wNBUAAsgBEgAVAhhAZmJfcGVybWFuZW50LzIxNERDMzdEQTNEMTQyNUM0QUJEQjUyQUYwQ0JGMDlBX2F1ZGlvX2Rhc2hpbml0Lm1wNBUCAsgBEgAoABgAGwKIB3VzZV9vaWwBMRJwcm9ncmVzc2l2ZV9yZWNpcGUBMRUAACa-no7tybDhAhUCKAJDMywXQD_mZmZmZmYYGWRhc2hfaDI2NC1iYXNpYy1nZW4yXzcyMHARAHUAZd6oAQA&_nc_gid=px6sAckzK8oaHkczTklVcQ&_nc_ss=7b289&_nc_zt=28&oh=00_Af-9rK6EEIqxcUaPqn8dd1oaFFKFCJeetXT2d4qHMoRrEQ&oe=6A384BB5 | SD: https://video.fjai6-1.fna.fbcdn.net/o1/v/t2/f2/m412/AQMkLS-LHKDjqyrtXfYy-rz_DZHU8tXcP2mFkBzYZzA6yNw9EZ4V-HqF9mCGAwBm8ZAC7_9U95DXk_mdQFu4KHlxKrJ4MI-C8Sk2NcvXRg.mp4?_nc_cat=104&_nc_oc=Ado6iWf40x9fHPt6mzJoAAiSDwVLtP4X_kieyzLdhyPYn7ru3L6BLNYFdvIC8AI_oZIfT7K7eG1C4UqM1EChig39&_nc_sid=ef5aa3&_nc_ht=video.fjai6-1.fna.fbcdn.net&_nc_ohc=HQZxGsyNwcIQ7kNvwGekFRl&efg=eyJ2ZW5jb2RlX3RhZyI6Inhwdl9wcm9ncmVzc2l2ZS5WSV9VU0VDQVNFX1BST0RVQ1RfVFlQRS4uQzMuMzYwLnN2ZV9zZCIsInhwdl9hc3NldF9pZCI6Nzc3MDg5NzU1MjM2MjU1LCJhc3NldF9hZ2VfZGF5cyI6NzYsInZpX3VzZWNhc2VfaWQiOjEwNzk5LCJkdXJhdGlvbl9zIjozMSwidXJsZ2VuX3NvdXJjZSI6Ind3dyJ9&ccb=17-1&_nc_gid=px6sAckzK8oaHkczTklVcQ&_nc_ss=7b289&_nc_zt=28&oh=00_Af-9xBKureeX_Ow9OgWC_GCeqUX3YnlfgW1XzQi0hw1vTg&oe=6A385152 | Preview: https://scontent.fjai6-1.fna.fbcdn.net/v/t39.35426-6/684286610_1699322204842030_9019775223541820940_n.jpg?_nc_cat=101&ccb=1-7&_nc_sid=c53f8f&_nc_ohc=uAwDrU9T91gQ7kNvwH1fkKg&_nc_oc=AdrePs_E0Lu5jbwM0VXXXKD_FMscEH9-Z08Rur4AeV9g_Dkza7UblqZvSoan9U66BnmXrnYs3Fn1G-F5C6y543Do&_nc_zt=14&_nc_ht=scontent.fjai6-1.fna&_nc_gid=px6sAckzK8oaHkczTklVcQ&_nc_ss=7b289&oh=00_Af9KJ-AuPh24Y6DALF19L1YPJPSFWCYN-TjHPDkVLArmmQ&oe=6A385B11,,,,,,,
1313120154134545,https://www.facebook.com/emaardubai/,fb.me,https://www.facebook.com/emaardubai/,,,,customercare@emaar.ae,+971 4 366 1688,,,,1427542120816087,http://fb.me/,Emaar Dubai,https://www.facebook.com/ads/library/?id=1313120154134545,"Explore premium villa investments in Dubai with Emaar.
Own a luxury residence designed within master-planned communities offering connectivity, lifestyle, and long-term value appreciation.",819577,Learn more,fb.me,"FACEBOOK; INSTAGRAM",2026-05-18,2026-06-17,,,"Explore premium villa investments in Dubai with Emaar.
Own a luxury residence designed within master-planned communities offering connectivity, lifestyle, and long-term value appreciation. || Own a luxury villa in Dubai that feels like a year-round retreat.
Discover villas by Emaar with resort-inspired amenities, landscaped surroundings, and exceptional lifestyle experiences.",http://fb.me/ || http://fb.me/,,Learn More || Learn More,Original: https://scontent.fjai6-1.fna.fbcdn.net/v/t39.35426-6/695291308_949108094698201_4800976748135375346_n.jpg?_nc_cat=111&ccb=1-7&_nc_sid=c53f8f&_nc_ohc=QD2XuTq5oiMQ7kNvwFfDkMl&_nc_oc=AdqEdRN9BUzGBsI5h1D8C2_U7bSBtykXDzGJqMVSwNv9pz52yHUdAGnW0QfAlVI4-gjn6R8HfY3hnm8DRsGy2dtK&_nc_zt=14&_nc_ht=scontent.fjai6-1.fna&_nc_gid=px6sAckzK8oaHkczTklVcQ&_nc_ss=7b289&oh=00_Af8-Xs1eAPAsmtKAycJjyAAZNckEPAh-uWIwYGJiUqeV4Q&oe=6A385FEC | Resized: https://scontent.fjai6-1.fna.fbcdn.net/v/t39.35426-6/689943290_2032459477621189_3317994669577799565_n.jpg?stp=dst-jpg_s600x600_tt6&_nc_cat=111&ccb=1-7&_nc_sid=c53f8f&_nc_ohc=ywbRtP-godsQ7kNvwHeTx-M&_nc_oc=AdqM6nkGy0FtolV2f8p1iEgpkDah2p1nX3wXHA6DssnLgc-tdHOf7OXynjPAiMiHi8JMwhOVc3KIntxvYGhEhDz_&_nc_zt=14&_nc_ht=scontent.fjai6-1.fna&_nc_gid=px6sAckzK8oaHkczTklVcQ&_nc_ss=7b289&oh=00_Af_5zci5wXntarKyhLSbtjrDCPW3N5gznKKQtAvxZMOVdg&oe=6A385253 || Original: https://scontent.fjai6-1.fna.fbcdn.net/v/t39.35426-6/688689191_1634943671098005_1695125204356387804_n.jpg?_nc_cat=110&ccb=1-7&_nc_sid=c53f8f&_nc_ohc=mfOv7xDZvVwQ7kNvwGXqu2U&_nc_oc=AdqtrQJ94ox-CQFtc8fKIMRwGvGPWgTqVrxeAJ4z5JelLMwoF1993d934FaI7sJs8l0Op-0Uoj8i6jyhJd4Z6M_C&_nc_zt=14&_nc_ht=scontent.fjai6-1.fna&_nc_gid=px6sAckzK8oaHkczTklVcQ&_nc_ss=7b289&oh=00_Af9l3BDLWOPdacJPWLAEZpnJYKKxeCE0W32lpVfEkN6bIA&oe=6A383782 | Resized: https://scontent.fjai6-1.fna.fbcdn.net/v/t39.35426-6/689863768_1460685821815196_2017254435582329258_n.jpg?stp=dst-jpg_s600x600_tt6&_nc_cat=106&ccb=1-7&_nc_sid=c53f8f&_nc_ohc=nSexQA9lxnwQ7kNvwEM1p7p&_nc_oc=AdqNfO6s438lVfMueeync4ZAEYZgpSaEQNq_izH52-00e5xfx6W_-fznLhSEvqUR8HbmuUXoSX5LcSNeqLSqYOf3&_nc_zt=14&_nc_ht=scontent.fjai6-1.fna&_nc_gid=px6sAckzK8oaHkczTklVcQ&_nc_ss=7b289&oh=00_Af9U7S1BjOKZHrlHUJEWjhN-WRQT1SMEmG5hP-xcvU9IUQ&oe=6A38638C,
1564313585295073,https://www.facebook.com/ManaProjectspvtltd/,fb.me,https://www.facebook.com/ManaProjectspvtltd/,,,,digital@mana.co.in,+91 76765 55000,,,,1376204942612961,http://fb.me/,Mana Projects,https://www.facebook.com/ads/library/?id=1564313585295073,"🌿 Luxury 4 BHK spacious villas on Sarjapur Road, Bangalore

Private courtyards, expansive greens & 30+ lifestyle amenities crafted for elevated living ✨

Starting from ₹3.50 Cr*
T&C Apply",29856,Book now,fb.me,"FACEBOOK; INSTAGRAM",2026-06-03,2026-06-10,,,"🌿 Luxury 4 BHK spacious villas on Sarjapur Road, Bangalore

Private courtyards, expansive greens & 30+ lifestyle amenities crafted for elevated living ✨

Starting from ₹3.50 Cr*
T&C Apply || 🌿 Luxury 4 BHK spacious villas on Sarjapur Road, Bangalore

Private courtyards, expansive greens & 30+ lifestyle amenities crafted for elevated living ✨

Starting from ₹3.50 Cr*
T&C Apply || 🌿 Luxury 4 BHK spacious villas on Sarjapur Road, Bangalore

Private courtyards, expansive greens & 30+ lifestyle amenities crafted for elevated living ✨

Starting from ₹3.50 Cr*
T&C Apply || 🌿 Luxury 4 BHK spacious villas on Sarjapur Road, Bangalore

Private courtyards, expansive greens & 30+ lifestyle amenities crafted for elevated living ✨

Starting from ₹3.50 Cr*
T&C Apply || 🌿 Luxury 4 BHK spacious villas on Sarjapur Road, Bangalore

Private courtyards, expansive greens & 30+ lifestyle amenities crafted for elevated living ✨

Starting from ₹3.50 Cr*
T&C Apply",http://fb.me/ || http://fb.me/ || http://fb.me/ || http://fb.me/ || http://fb.me/,,Book Now || Book Now || Book Now || Book Now || Book Now,Original: https://scontent.fjai6-1.fna.fbcdn.net/v/t39.35426-6/714104469_1303036424821395_2914110718707617061_n.jpg?_nc_cat=103&ccb=1-7&_nc_sid=c53f8f&_nc_ohc=02T_V4MTo4QQ7kNvwGDQKBg&_nc_oc=AdqFUsUlljnI9qyubhFXhd67lxjHPFhLEgnD6yScIdVP6aOP3klbd-8x91ioaUJVZr_51CnO2N3mW5N9YAg3KXdS&_nc_zt=14&_nc_ht=scontent.fjai6-1.fna&_nc_gid=px6sAckzK8oaHkczTklVcQ&_nc_ss=7b289&oh=00_Af85gsLcaU6TXnnlOTvxBtN_eeh12QMTIwgG8H2HkONn9g&oe=6A384EE5 | Resized: https://scontent.fjai6-1.fna.fbcdn.net/v/t39.35426-6/716590732_988597613885942_4738810945793062774_n.jpg?stp=dst-jpg_s600x600_tt6&_nc_cat=108&ccb=1-7&_nc_sid=c53f8f&_nc_ohc=6n_-XuoiThgQ7kNvwGdJwwD&_nc_oc=Adr92VgQT_A6UA3DpLicBGL1Zgi8BqlkQQ9VAkVxEFW8Zi6Wn94ciFISCs_6k9vfKKsjD3jt6PL_6CLTRsXDhdNZ&_nc_zt=14&_nc_ht=scontent.fjai6-1.fna&_nc_gid=px6sAckzK8oaHkczTklVcQ&_nc_ss=7b289&oh=00_Af-u91HdwlVnOKy6cuWleTACIOVM6pLn2HPfsJEbhAeJBw&oe=6A384070 || Original: https://scontent.fjai6-1.fna.fbcdn.net/v/t39.35426-6/714104469_1303036424821395_2914110718707617061_n.jpg?_nc_cat=103&ccb=1-7&_nc_sid=c53f8f&_nc_ohc=02T_V4MTo4QQ7kNvwGDQKBg&_nc_oc=AdqFUsUlljnI9qyubhFXhd67lxjHPFhLEgnD6yScIdVP6aOP3klbd-8x91ioaUJVZr_51CnO2N3mW5N9YAg3KXdS&_nc_zt=14&_nc_ht=scontent.fjai6-1.fna&_nc_gid=px6sAckzK8oaHkczTklVcQ&_nc_ss=7b289&oh=00_Af85gsLcaU6TXnnlOTvxBtN_eeh12QMTIwgG8H2HkONn9g&oe=6A384EE5 | Resized: https://scontent.fjai6-1.fna.fbcdn.net/v/t39.35426-6/716590732_988597613885942_4738810945793062774_n.jpg?stp=dst-jpg_s600x600_tt6&_nc_cat=108&ccb=1-7&_nc_sid=c53f8f&_nc_ohc=6n_-XuoiThgQ7kNvwGdJwwD&_nc_oc=Adr92VgQT_A6UA3DpLicBGL1Zgi8BqlkQQ9VAkVxEFW8Zi6Wn94ciFISCs_6k9vfKKsjD3jt6PL_6CLTRsXDhdNZ&_nc_zt=14&_nc_ht=scontent.fjai6-1.fna&_nc_gid=px6sAckzK8oaHkczTklVcQ&_nc_ss=7b289&oh=00_Af-u91HdwlVnOKy6cuWleTACIOVM6pLn2HPfsJEbhAeJBw&oe=6A384070 || Original: https://scontent.fjai6-1.fna.fbcdn.net/v/t39.35426-6/715656610_1005288658647314_4124505593777829649_n.jpg?_nc_cat=101&ccb=1-7&_nc_sid=c53f8f&_nc_ohc=z3qe_fF4kNoQ7kNvwFfdbPK&_nc_oc=Adr1dAxGTFkCLKMSKoRZI1EQ93YKcSpotwp_XvBzHbtt8MIiFHAtEM7kMOmlHtNBxu-FSL7URVrmzo7lRy7uUZyx&_nc_zt=14&_nc_ht=scontent.fjai6-1.fna&_nc_gid=px6sAckzK8oaHkczTklVcQ&_nc_ss=7b289&oh=00_Af8gDfaSaWp2QuepmnGUWFUCrXZk13fI3_EADR2LfPjdNQ&oe=6A3845CC | Resized: https://scontent.fjai6-1.fna.fbcdn.net/v/t39.35426-6/715612346_3573948482745558_5563950274057761742_n.jpg?stp=dst-jpg_s600x600_tt6&_nc_cat=104&ccb=1-7&_nc_sid=c53f8f&_nc_ohc=UwCgpSAP31oQ7kNvwEsqY5p&_nc_oc=Adoz9g0u8HR6JBt8Zu6aZPJqC0SpYhZdKG0yC_OCjWHM0zN1PAIm-XRmfXpkWWa2-QR2TUZvNxfbfDsOLIJoiVeg&_nc_zt=14&_nc_ht=scontent.fjai6-1.fna&_nc_gid=px6sAckzK8oaHkczTklVcQ&_nc_ss=7b289&oh=00_Af-pmRLurgkTGROOy-zXqURvUI8LixV3OCn3w71k9XovuQ&oe=6A383C65 || Original: https://scontent.fjai6-1.fna.fbcdn.net/v/t39.35426-6/715656610_1005288658647314_4124505593777829649_n.jpg?_nc_cat=101&ccb=1-7&_nc_sid=c53f8f&_nc_ohc=z3qe_fF4kNoQ7kNvwFfdbPK&_nc_oc=Adr1dAxGTFkCLKMSKoRZI1EQ93YKcSpotwp_XvBzHbtt8MIiFHAtEM7kMOmlHtNBxu-FSL7URVrmzo7lRy7uUZyx&_nc_zt=14&_nc_ht=scontent.fjai6-1.fna&_nc_gid=px6sAckzK8oaHkczTklVcQ&_nc_ss=7b289&oh=00_Af8gDfaSaWp2QuepmnGUWFUCrXZk13fI3_EADR2LfPjdNQ&oe=6A3845CC | Resized: https://scontent.fjai6-1.fna.fbcdn.net/v/t39.35426-6/715612346_3573948482745558_5563950274057761742_n.jpg?stp=dst-jpg_s600x600_tt6&_nc_cat=104&ccb=1-7&_nc_sid=c53f8f&_nc_ohc=UwCgpSAP31oQ7kNvwEsqY5p&_nc_oc=Adoz9g0u8HR6JBt8Zu6aZPJqC0SpYhZdKG0yC_OCjWHM0zN1PAIm-XRmfXpkWWa2-QR2TUZvNxfbfDsOLIJoiVeg&_nc_zt=14&_nc_ht=scontent.fjai6-1.fna&_nc_gid=px6sAckzK8oaHkczTklVcQ&_nc_ss=7b289&oh=00_Af-pmRLurgkTGROOy-zXqURvUI8LixV3OCn3w71k9XovuQ&oe=6A383C65 || Original: https://scontent.fjai6-1.fna.fbcdn.net/v/t39.35426-6/715480158_746662291836696_4486653561145406926_n.jpg?_nc_cat=101&ccb=1-7&_nc_sid=c53f8f&_nc_ohc=13-uF4XL_LAQ7kNvwE-qi9Z&_nc_oc=AdrKHaGLnwr4jziUoODBp7F6DmvU-ndYg7m3yDRFm3Cr2vgwoBY_aHXxfMani1em2grW8ES8RBvZGNS60DxF2kbB&_nc_zt=14&_nc_ht=scontent.fjai6-1.fna&_nc_gid=px6sAckzK8oaHkczTklVcQ&_nc_ss=7b289&oh=00_Af9i-cA7DuHNK74moSrXc8LrsFtA2q3d86k8_K2PmetQMg&oe=6A386622 | Resized: https://scontent.fjai6-1.fna.fbcdn.net/v/t39.35426-6/715160747_1280953890449651_2153956177246897083_n.jpg?stp=dst-jpg_s600x600_tt6&_nc_cat=111&ccb=1-7&_nc_sid=c53f8f&_nc_ohc=BUp1An3YBb0Q7kNvwG6AOOM&_nc_oc=Ado-LdXQUorSlQ-C3d34dtZlqupY5bNCxkG-4ZpGzMHewDqIGmq-t_jrRIiOz4TG1Loruo7NK3dNqflEmOALcPck&_nc_zt=14&_nc_ht=scontent.fjai6-1.fna&_nc_gid=px6sAckzK8oaHkczTklVcQ&_nc_ss=7b289&oh=00_Af9ch293eIsgY7a0xagmSgQ26zUb-tpiR0kUhB8NUGvwxw&oe=6A38472D,
2809000589448203,https://www.facebook.com/vianaarhomes/,fb.me,https://www.facebook.com/vianaarhomes/,,,,info@vianaar.com,+91 95557 74631,,,,366731866715554,http://fb.me/,Vianaar Homes,https://www.facebook.com/ads/library/?id=2809000589448203,Live the true Goan experience in Indo-Portuguese homes with nature in every corner,62694,Get quote,fb.me,"FACEBOOK; INSTAGRAM",2026-04-28,2026-06-16,,,"Live the true Goan experience in Indo-Portuguese homes with nature in every corner || Live the true Goan experience in Indo-Portuguese homes with nature in every corner || Mornings by the private pool, evening spent with family in the garden overlooking endless greens.​",http://fb.me/ || http://fb.me/ || http://fb.me/,,Get Quote || Get Quote || Get Quote,Original: https://scontent.fjai6-1.fna.fbcdn.net/v/t39.35426-6/680158564_2029127634682662_2232260236877760547_n.jpg?_nc_cat=106&ccb=1-7&_nc_sid=c53f8f&_nc_ohc=2l7Uc-rcHIMQ7kNvwGnrCbE&_nc_oc=AdrZVC406JpaKUgQH-8x6FgxRey49sqe1jkzd1QpV6QoBoiYVdASelc2wuKaIWizZWQ-vZwpLPHKl9oQ_dh3KRJn&_nc_zt=14&_nc_ht=scontent.fjai6-1.fna&_nc_gid=px6sAckzK8oaHkczTklVcQ&_nc_ss=7b289&oh=00_Af9nmKol3IdiXFJPMdYzdxyYwOJKuDEEnmGyqWDpwAUgeg&oe=6A3854C7 | Resized: https://scontent.fjai6-1.fna.fbcdn.net/v/t39.35426-6/681806189_4366017580323650_7073689238585741943_n.jpg?stp=dst-jpg_s600x600_tt6&_nc_cat=111&ccb=1-7&_nc_sid=c53f8f&_nc_ohc=FWgRLlMWyTgQ7kNvwFCgFta&_nc_oc=AdqVuk3Eucg9-WjzP9hLquC-fTJd8osCAxAlVxoN3fxICvVKhgqArkKQqg8ffZDpv56T24hap6Rcb-9b5QfrhANh&_nc_zt=14&_nc_ht=scontent.fjai6-1.fna&_nc_gid=px6sAckzK8oaHkczTklVcQ&_nc_ss=7b289&oh=00_Af_1iEhsStDjxWp68fD09RxsPLieRmAQ8YaCeyT8Hpo6Fg&oe=6A3863E8 || Original: https://scontent.fjai6-1.fna.fbcdn.net/v/t39.35426-6/681435446_947844564742745_7054038138211544379_n.jpg?_nc_cat=100&ccb=1-7&_nc_sid=c53f8f&_nc_ohc=UQyH1AE5StcQ7kNvwE2EEqN&_nc_oc=Adpmc20pcDAiKGpWt7pP3k2s3CgjyXSDDDLsq7Lmf1bX7vAG-fZPCL-aa2_lMq1pmLgQjsnRMvREcT_IvTS2-nDh&_nc_zt=14&_nc_ht=scontent.fjai6-1.fna&_nc_gid=px6sAckzK8oaHkczTklVcQ&_nc_ss=7b289&oh=00_Af8L25UVo6c60QTwjK1bdPyFLvHZljNJISmmt-cP4Bt3AQ&oe=6A385800 | Resized: https://scontent.fjai6-1.fna.fbcdn.net/v/t39.35426-6/682719474_2772760919749905_299325497812243495_n.jpg?stp=dst-jpg_s600x600_tt6&_nc_cat=111&ccb=1-7&_nc_sid=c53f8f&_nc_ohc=NK6pEdM0aFoQ7kNvwGFI4dw&_nc_oc=AdqLPiY_00pMESx2gCfAwzHQ1m4Thq-nEidhlrQfqoLG3R8tdP8CbkHlOS6U9RSQhYrve4FWXLHWrPcCzz5Vw6d2&_nc_zt=14&_nc_ht=scontent.fjai6-1.fna&_nc_gid=px6sAckzK8oaHkczTklVcQ&_nc_ss=7b289&oh=00_Af_iCKjFVEby5WebXpEUVHj60NXyszQQuxsrchSsfvI4nA&oe=6A3864FB || Original: https://scontent.fjai6-1.fna.fbcdn.net/v/t39.35426-6/684326563_1774681623512285_129023936883066237_n.jpg?_nc_cat=108&ccb=1-7&_nc_sid=c53f8f&_nc_ohc=7-DB0STl71oQ7kNvwE-88zw&_nc_oc=Adrlo6TDCSEzF4xe36nfXu1h_pHOhbxnr65feMaqjAJx3tH_icGMDHttfbuckHFGUyr6k1dXaVIw5MpwzgTrng3R&_nc_zt=14&_nc_ht=scontent.fjai6-1.fna&_nc_gid=px6sAckzK8oaHkczTklVcQ&_nc_ss=7b289&oh=00_Af_jl6budRrQVo-PRpcmrSfpHaTF-eMMKHhtVhd_Mc10RA&oe=6A38533B | Resized: https://scontent.fjai6-1.fna.fbcdn.net/v/t39.35426-6/680670692_971370291927188_8891965582754790858_n.jpg?stp=dst-jpg_s600x600_tt6&_nc_cat=104&ccb=1-7&_nc_sid=c53f8f&_nc_ohc=38hM-Io7rAoQ7kNvwHeoVfE&_nc_oc=AdpyBeG_lkFrJV0IOIpittxdWE7m4TmgI-zhsN4x82Y2iJLqbfvq5Eiy4vSeT8cu-MpHVITrmnmEgV9N3cZGv53l&_nc_zt=14&_nc_ht=scontent.fjai6-1.fna&_nc_gid=px6sAckzK8oaHkczTklVcQ&_nc_ss=7b289&oh=00_Af83VkeY8n3Yu60VyvFSRX5zPeMVEw05Q56CJIAnz6i6jQ&oe=6A38422A,
1635181457703829,https://www.facebook.com/pushpagiriyilbuilders/,fb.me,https://www.facebook.com/pushpagiriyilbuilders/,,,,pushpagiriyilbuilders@gmail.com,+91 75948 83709,,,,1393095114274853,http://fb.me/,Pushpagiriyil Builders & Developers,https://www.facebook.com/ads/library/?id=1635181457703829,"""Your dream home awaits. Discover exclusive luxury living in  Manjadi ,the heart of Thiruvalla.""

PUSHPAGIRIYIL PALM OLIVIA ( 23 Nos Premium Luxury Villas)
Price Starting from 1.36 Cr Onwards
""Don't miss this golden opportunity. Limited edition luxury villas in Thiruvalla  Town are selling fast.""
K-RERA/PRJ/PTA/169/2024🏡 3 & 4 BHK Luxury Villas

💰 Starting from ₹1.29 Crore

✅ 5000 sq. ft. Clubhouse
✅ Premium Amenities: Swimming Pool, Gym, Spa, Indoor Games & More
✅ Independent Compound & Private Garden
✅ RERA Approved Project
✅ 24 hours security with CCTV surveillance
✅ Up to 80% Loan Assistance from Major Banks
✅ Located in Manjadi, Thiruvalla

Book your dream villa today!

For more details visit us @
Website : pushpagiriyilbuilders.com

Chat on WhatsApp wa.me/917594883709

Phone : +91-7594883709
               +91-8891883709",9838,Get offer,fb.me,"FACEBOOK; INSTAGRAM; AUDIENCE_NETWORK",2026-04-17,2026-06-16,HD: https://video.fjai6-1.fna.fbcdn.net/o1/v/t2/f2/m366/AQNd4kk9NQJfVYqmcN-_BfTo8g21WZEXDb1foDWbxBH7xqC1Vm-w9-8taW5l85gseWh5gHSop3CQgm7BcaONshG991HV1GcX7U1b4gznklwk5A.mp4?_nc_cat=105&_nc_oc=AdpLRgtBUQ_9E20t9-nahxoX4sHpT1jSTO9gVoEHtUQ_-puHmSoMjXQfJHlYJbL92HTnRPcb1wZCvtuKcR8ic2cb&_nc_sid=b66105&_nc_ht=video.fjai6-1.fna.fbcdn.net&_nc_ohc=enVvzpiKZioQ7kNvwGl-8b_&efg=eyJ2ZW5jb2RlX3RhZyI6Inhwdl9wcm9ncmVzc2l2ZS5WSV9VU0VDQVNFX1BST0RVQ1RfVFlQRS4uQzMuNzIwLmRhc2hfaDI2NC1iYXNpYy1nZW4yXzcyMHAiLCJ4cHZfYXNzZXRfaWQiOjcwMzU5MjQ0OTM3NDk0MiwiYXNzZXRfYWdlX2RheXMiOjI5MywidmlfdXNlY2FzZV9pZCI6MTA3OTksImR1cmF0aW9uX3MiOjQ1LCJ1cmxnZW5fc291cmNlIjoid3d3In0%3D&ccb=17-1&vs=fc1d7830daa3ba92&_nc_vs=HBksFQIYRWZiX2VwaGVtZXJhbC9FODRCMEY2MTI4OTQ2QkM2NjNGODhCNkU2RDA0MzU4Nl9tdF8xX3ZpZGVvX2Rhc2hpbml0Lm1wNBUAAsgBEgAVAhhAZmJfcGVybWFuZW50L0JDNDE1QkYyMjNGNUQ5M0JDQUU1MUI2NEZCMUNFNjlBX2F1ZGlvX2Rhc2hpbml0Lm1wNBUCAsgBEgAoABgAGwKIB3VzZV9vaWwBMRJwcm9ncmVzc2l2ZV9yZWNpcGUBMRUAACa865egvPq_AhUCKAJDMywXQEbAAAAAAAAYGWRhc2hfaDI2NC1iYXNpYy1nZW4yXzcyMHARAHUAZd6oAQA&_nc_gid=RlbQcZyvHZ8SO2c2zoJQjg&_nc_ss=7b289&_nc_zt=28&oh=00_Af8VKM4n4VfdCxHTULa8NMsqkhR6foiT3IQDipzU02brlQ&oe=6A385F5B | SD: https://video.fjai6-1.fna.fbcdn.net/o1/v/t2/f2/m366/AQMqcwcyzB9dU7RPBl1EDhZdO7GSfuDL7IIiujL5Uuw3sdztrhuEYYF1MC_zqdLvevMiHF68CwvBgP3h1hGR0wEwxDKtl029_bEVMMNGFw.mp4?_nc_cat=100&_nc_oc=Adqr9Aj9_xvUW6BfvJTsZes_Q6bHh2E6YjomakPSMpV7hYEJspLrQbSXvtwX_fa1ZiQJG2C4Hs5OwZdXo8AIyQND&_nc_sid=ef5aa3&_nc_ht=video.fjai6-1.fna.fbcdn.net&_nc_ohc=hZKGBWJRGK8Q7kNvwHpCJXf&efg=eyJ2ZW5jb2RlX3RhZyI6Inhwdl9wcm9ncmVzc2l2ZS5WSV9VU0VDQVNFX1BST0RVQ1RfVFlQRS4uQzMuMzYwLnN2ZV9zZCIsInhwdl9hc3NldF9pZCI6NzAzNTkyNDQ5Mzc0OTQyLCJhc3NldF9hZ2VfZGF5cyI6MjkzLCJ2aV91c2VjYXNlX2lkIjoxMDc5OSwiZHVyYXRpb25fcyI6NDUsInVybGdlbl9zb3VyY2UiOiJ3d3cifQ%3D%3D&ccb=17-1&_nc_gid=RlbQcZyvHZ8SO2c2zoJQjg&_nc_ss=7b289&_nc_zt=28&oh=00_Af9C2MDyNwyHpC28P7adhZxo9Hw1r_wAg0ZiYw04IUJhng&oe=6A385B7A | Preview: https://scontent.fjai6-1.fna.fbcdn.net/v/t39.35426-6/548230310_1723231578332216_1365647849848001853_n.jpg?_nc_cat=105&ccb=1-7&_nc_sid=c53f8f&_nc_ohc=c4V5qGCAGXgQ7kNvwFOfVkQ&_nc_oc=Adpi3V8sAu8sd5dZMXXC6QxUZ5ynneEzznv7tnfqsUhGY_x3Hwbbf7_8YOqC7OeqxjsjwlVfv_XdUfAyA_rmoEBP&_nc_zt=14&_nc_ht=scontent.fjai6-1.fna&_nc_gid=RlbQcZyvHZ8SO2c2zoJQjg&_nc_ss=7b289&oh=00_Af_rypsIBpejrea0FK-h6ECCavqX35NJvKYB5xtIeXTBDw&oe=6A38568B,,,,,,,
757654980686552,https://www.facebook.com/vianaarhomes/,fb.me,https://www.facebook.com/vianaarhomes/,,,,info@vianaar.com,+91 95557 74631,,,,366731866715554,http://fb.me/,Vianaar Homes,https://www.facebook.com/ads/library/?id=757654980686552,"A second home that becomes your family’s legacy. Private villas in Kasauli, thoughtfully crafted for rest, reflection, and generations to come.",62694,Get quote,fb.me,"FACEBOOK; INSTAGRAM; AUDIENCE_NETWORK",2026-01-04,2026-06-16,,,"A second home that becomes your family’s legacy. Private villas in Kasauli, thoughtfully crafted for rest, reflection, and generations to come. || A second home that becomes your family’s legacy. Private villas in Kasauli, thoughtfully crafted for rest, reflection, and generations to come. || A second home that becomes your family’s legacy. Private villas in Kasauli, thoughtfully crafted for rest, reflection, and generations to come.",http://fb.me/ || http://fb.me/ || http://fb.me/,,Get Quote || Get Quote || Get Quote,Original: https://scontent.fjai6-1.fna.fbcdn.net/v/t39.35426-6/600338253_1383485976756914_306181696892730895_n.jpg?_nc_cat=109&ccb=1-7&_nc_sid=c53f8f&_nc_ohc=jspsnwrxV0UQ7kNvwGSpuZ6&_nc_oc=AdoCV6xhifeCCyo-AR8UFc6YLr-0XteSQupFzdwRebWps7u9kVeWTHHGKi_quhXZibFAWniYnM65pD0CnIvVXSud&_nc_zt=14&_nc_ht=scontent.fjai6-1.fna&_nc_gid=RlbQcZyvHZ8SO2c2zoJQjg&_nc_ss=7b289&oh=00_Af8oXGidw7hbQeOgz-j7I1kk2CqxAdbyjhKajA1BnImdXw&oe=6A385759 | Resized: https://scontent.fjai6-1.fna.fbcdn.net/v/t39.35426-6/600273064_810484182042095_4521268375847586183_n.jpg?stp=dst-jpg_s600x600_tt6&_nc_cat=101&ccb=1-7&_nc_sid=c53f8f&_nc_ohc=ukYO92T6uYkQ7kNvwG45yJe&_nc_oc=AdpedRLdjFKW_rGFJW_znsXqaTWxelzAdTShquTo-ez4gICGrMy_qUqoGhTm_BrBIKYGiQ1hyE0aNG83wHPZuh34&_nc_zt=14&_nc_ht=scontent.fjai6-1.fna&_nc_gid=RlbQcZyvHZ8SO2c2zoJQjg&_nc_ss=7b289&oh=00_Af8IQ9OPTRtoX2sPyc5-X8cGXxN0cUb8Fu73FaYgxDJsEw&oe=6A384601 || Original: https://scontent.fjai6-1.fna.fbcdn.net/v/t39.35426-6/599405085_1861887917757891_2893482784251764184_n.jpg?_nc_cat=100&ccb=1-7&_nc_sid=c53f8f&_nc_ohc=VHo_ZSAlXtEQ7kNvwF9UHkJ&_nc_oc=AdpbpQztfSgy7EtyrSYdnQssZmhtEoPGqik96FwmV5j5iUWbm1LQFhxoiS0rgG3OzyNRoE-2o2r27YVRs-H8KNpU&_nc_zt=14&_nc_ht=scontent.fjai6-1.fna&_nc_gid=RlbQcZyvHZ8SO2c2zoJQjg&_nc_ss=7b289&oh=00_Af8R35Le0wjLPF-8kbGoQtjnE5XwH_EQA9HW0tjEfh8Skw&oe=6A383A52 | Resized: https://scontent.fjai6-1.fna.fbcdn.net/v/t39.35426-6/602894474_33112568345024449_6689850621053192709_n.jpg?stp=dst-jpg_s600x600_tt6&_nc_cat=100&ccb=1-7&_nc_sid=c53f8f&_nc_ohc=qIWKx-16xMoQ7kNvwEVAzeo&_nc_oc=AdogTOV_B2dYdQgS_apHtxy_HLMJ5DJfPswJx6ijrv1HEfez1-jC27fPOgoZValzlEJbm_R-67KNSSMUUmOoYqFD&_nc_zt=14&_nc_ht=scontent.fjai6-1.fna&_nc_gid=RlbQcZyvHZ8SO2c2zoJQjg&_nc_ss=7b289&oh=00_Af9l63-F7jC4_q98pP7_Ps4cj4g9htizplyTH8N_dF4GIw&oe=6A3841F1 || Original: https://scontent.fjai6-1.fna.fbcdn.net/v/t39.35426-6/601443000_3722265858070382_7776990472305137930_n.jpg?_nc_cat=105&ccb=1-7&_nc_sid=c53f8f&_nc_ohc=ImOFnQ1wBW8Q7kNvwElXaZJ&_nc_oc=AdqyYAsuGp5qGXUfNvgd2cGAI12eUeHCOGMQhTEM20BucaVfeMDIKVWeJLNO1c2zOcmgXhobSpZ52Y_5AoKQuwvr&_nc_zt=14&_nc_ht=scontent.fjai6-1.fna&_nc_gid=RlbQcZyvHZ8SO2c2zoJQjg&_nc_ss=7b289&oh=00_Af_ujpqFItbAJmEcU6IxpDOAcV4536X0SawAOQfL1j0jrA&oe=6A383F05 | Resized: https://scontent.fjai6-1.fna.fbcdn.net/v/t39.35426-6/600356522_866069369406385_3823277394196027496_n.jpg?stp=dst-jpg_s600x600_tt6&_nc_cat=103&ccb=1-7&_nc_sid=c53f8f&_nc_ohc=Yis80H08XFMQ7kNvwHkfEC2&_nc_oc=AdqpF-tlNyhvI5CMiAqjuOk5ljDPjt05_RBnGesCLUuSwtiaqPOtRX7RmQu0mTBFpbqD8s5c6FDxWwvNVjb3vB1N&_nc_zt=14&_nc_ht=scontent.fjai6-1.fna&_nc_gid=RlbQcZyvHZ8SO2c2zoJQjg&_nc_ss=7b289&oh=00_Af_bA73WIYp6OnyScFTpD3STkADP17SPxr2XyYWRK9IgTw&oe=6A386077,
974953122057563,https://www.facebook.com/SvamitvaTerravana/,svamitva.com,https://www.facebook.com/SvamitvaTerravana/,,,,,,,,,102677591722487,https://svamitva.com/terravana/,Svamitva Terravana,https://www.facebook.com/ads/library/?id=974953122057563,"Expansive 3 BHK Luxury Earth Villas off Kanakapura Road : 3Cr Onwards. 

✅ Conveniently located at Vaderahalli, Off Kanakapura Road
✅ Huge 2,900 to 5,400 Sq.ft Luxury Villas

A premium 21 acre wellness community with Eco-Architecture Row Villas. Loaded with Wellness Amenities such as Swimming pool, Clubhouse, Spa, Gong Park, Meditation Pavilion, Organic Farming, Amphitheatre & so much More!

Project RERA No.: PRM/KA/RERA/1270/305/PR/201106/003693",1024,Learn more,Svamitva.com/Terravana,"FACEBOOK; INSTAGRAM; AUDIENCE_NETWORK; MESSENGER; THREADS",2026-06-06,2026-06-15,,,"Expansive 3 BHK Luxury Earth Villas off Kanakapura Road : 3Cr Onwards. 

✅ Conveniently located at Vaderahalli, Off Kanakapura Road
✅ Huge 2,900 to 5,400 Sq.ft Luxury Villas

A premium 21 acre wellness community with Eco-Architecture Row Villas. Loaded with Wellness Amenities such as Swimming pool, Clubhouse, Spa, Gong Park, Meditation Pavilion, Organic Farming, Amphitheatre & so much More!

Project RERA No.: PRM/KA/RERA/1270/305/PR/201106/003693 || Expansive 3 BHK Luxury Earth Villas off Kanakapura Road : 3Cr Onwards. 

✅ Conveniently located at Vaderahalli, Off Kanakapura Road
✅ Huge 2,900 to 5,400 Sq.ft Luxury Villas

A premium 21 acre wellness community with Eco-Architecture Row Villas. Loaded with Wellness Amenities such as Swimming pool, Clubhouse, Spa, Gong Park, Meditation Pavilion, Organic Farming, Amphitheatre & so much More!

Project RERA No.: PRM/KA/RERA/1270/305/PR/201106/003693 || Expansive 3 BHK Luxury Earth Villas off Kanakapura Road : 3Cr Onwards. 

✅ Conveniently located at Vaderahalli, Off Kanakapura Road
✅ Huge 2,900 to 5,400 Sq.ft Luxury Villas

A premium 21 acre wellness community with Eco-Architecture Row Villas. Loaded with Wellness Amenities such as Swimming pool, Clubhouse, Spa, Gong Park, Meditation Pavilion, Organic Farming, Amphitheatre & so much More!

Project RERA No.: PRM/KA/RERA/1270/305/PR/201106/003693",https://svamitva.com/terravana/ || https://svamitva.com/terravana/ || https://svamitva.com/terravana/,Svamitva.com/Terravana || Svamitva.com/Terravana || Svamitva.com/Terravana,Learn More || Learn More || Learn More,Original: https://scontent.fjai6-1.fna.fbcdn.net/v/t39.35426-6/712227872_2499099290548101_3267966317445242629_n.jpg?_nc_cat=110&ccb=1-7&_nc_sid=c53f8f&_nc_ohc=uuI4H4zvcrAQ7kNvwFa8yGw&_nc_oc=AdrMaOY0lfeI8uIn484hSHbgTNz1p1oeeB9JW7fUQe5QkHT-rGzYmgcQKMQ-SmKAEyTwVAJtxDOX3SnoSE75ClwY&_nc_zt=14&_nc_ht=scontent.fjai6-1.fna&_nc_gid=RlbQcZyvHZ8SO2c2zoJQjg&_nc_ss=7b289&oh=00_Af8tB5JZBbcGxe6e-toBDxka0bBw8QbqxmtFMWpMxWPzUQ&oe=6A3844D4 | Resized: https://scontent.fjai6-1.fna.fbcdn.net/v/t39.35426-6/710755919_1514184016773630_7694092756225483665_n.jpg?stp=dst-jpg_s600x600_tt6&_nc_cat=101&ccb=1-7&_nc_sid=c53f8f&_nc_ohc=5sWNFXR-vK0Q7kNvwGCqeci&_nc_oc=AdpgwBc-WMM_cH2QB1hgynS_ENYU9obmczWpS9oeqctkIewnanFfIyu2DNq-zBVQSDcrRjTJbiuNj9XsDC7NI-EB&_nc_zt=14&_nc_ht=scontent.fjai6-1.fna&_nc_gid=RlbQcZyvHZ8SO2c2zoJQjg&_nc_ss=7b289&oh=00_Af-mD4vV8FD9DLXd-piEGGs4tvpEuVkFqC-gTE6V9a2ZIQ&oe=6A3848A6 || Original: https://scontent.fjai6-1.fna.fbcdn.net/v/t39.35426-6/710756270_1548694060039103_8556998288351122732_n.jpg?_nc_cat=110&ccb=1-7&_nc_sid=c53f8f&_nc_ohc=9XyKRV7Q9n4Q7kNvwHOp95X&_nc_oc=AdpNXGwbznqYP1_3hor00zc1aqt4P12nlLyq4iArNjpTzRVDb_1nHxM8EdTTpzlaeQOOnEQM9aoMxv3dFS4Lc3EN&_nc_zt=14&_nc_ht=scontent.fjai6-1.fna&_nc_gid=RlbQcZyvHZ8SO2c2zoJQjg&_nc_ss=7b289&oh=00_Af-lu1OgbHbBYe-CE3NaEAN_6lMT4fItH6Jw1R2RMXUT0w&oe=6A385A36 | Resized: https://scontent.fjai6-1.fna.fbcdn.net/v/t39.35426-6/710756211_1297103722626459_7175677720714101032_n.jpg?stp=dst-jpg_s600x600_tt6&_nc_cat=106&ccb=1-7&_nc_sid=c53f8f&_nc_ohc=53y2jn7K62QQ7kNvwGwHfl5&_nc_oc=Adrw7qSHnU6afZ8Owlehke8Kf6bs17cAEFxIbvuGeLK7bwHTXgqMeCDIwWoSdVxcA1mKZ1Aeruff7bmmNqsT0cSY&_nc_zt=14&_nc_ht=scontent.fjai6-1.fna&_nc_gid=RlbQcZyvHZ8SO2c2zoJQjg&_nc_ss=7b289&oh=00_Af-UGEB0ggSG4KPYMBYzeND-BasQXhtdIk9UlWnmzRP4hg&oe=6A383C77 || Original: https://scontent.fjai6-1.fna.fbcdn.net/v/t39.35426-6/714864526_1980686715872257_166532006279076676_n.jpg?_nc_cat=101&ccb=1-7&_nc_sid=c53f8f&_nc_ohc=fWuw_ois9foQ7kNvwFQdG4d&_nc_oc=Adq36YiVRP56fyUuXBaYcsoFWdET6c4lMv200eHFa2ToxadvYpc2S6k2JkHP2gCWxWpB7e-rCtlpySV4h_k_NoeL&_nc_zt=14&_nc_ht=scontent.fjai6-1.fna&_nc_gid=RlbQcZyvHZ8SO2c2zoJQjg&_nc_ss=7b289&oh=00_Af-uBJ8O2NXaszmfncuhlKLh0e9uF3Jm7GMUVzgw2QRE2w&oe=6A3861E2 | Resized: https://scontent.fjai6-1.fna.fbcdn.net/v/t39.35426-6/710755919_1007619645204852_1649327383575554810_n.jpg?stp=dst-jpg_s600x600_tt6&_nc_cat=107&ccb=1-7&_nc_sid=c53f8f&_nc_ohc=lsmcwnD4zbUQ7kNvwGdl4xU&_nc_oc=AdozQy4FqhKHtcWtuJ101YQ_8gUSCTB8MFtlhoGaZkeQOO2Opw8l4xLRLL0w2uxweKUpKqvq-pBFR-Kd5amNcskm&_nc_zt=14&_nc_ht=scontent.fjai6-1.fna&_nc_gid=RlbQcZyvHZ8SO2c2zoJQjg&_nc_ss=7b289&oh=00_Af8dHxuo-aY9BqqVuTFRmnPvXBSLZI0U7HdYvO_5Ke-WgQ&oe=6A385B42,
26957206040645069,https://www.facebook.com/Homewala.chennai/,homewala.com,https://www.facebook.com/Homewala.chennai/,,,,info@homewala.com,+91 89259 97082,,,,696475600208237,https://www.homewala.com/,Homewala Chennai,https://www.facebook.com/ads/library/?id=26957206040645069,"🏡 One Destination. Multiple Dream Properties Across Chennai!

✨ Apartments | Villas | Villa Plots
✨ Prime Chennai Locations
✨ Excellent Connectivity

👉 Swipe through to discover your ideal property.

📞 Book Your FREE Site Visit: 8925997082",1233,Get quote,homewala.com,"FACEBOOK; INSTAGRAM; AUDIENCE_NETWORK; MESSENGER; THREADS",2026-06-05,2026-06-15,,,"📍 Sriperumbudur || 📍 Kanchipuram || 📍 Manimangalam, Tambaram || 📍 Kelambakkam, OMR || 📍 Chennai ORR || 📍 East Tambaram, Nedunkundram || 📍 Urapakkam, Chennai || 📍 OMR, Sholinganallur || 📍 Valasaravakkam, Chennai || 📍 Madhavaram, Chennai",https://www.homewala.com/details/638/saga || https://www.homewala.com/details/292/propshell-arcadia-aerocity || https://www.homewala.com/details/627/eutopia-smart-city || https://www.homewala.com/details/423/cs-green-valley || https://www.homewala.com/details/636/the-orr-gateway || https://www.homewala.com/details/528/golden-gate || https://www.homewala.com/details/637/sri-bhavani-amman-nagar || https://www.homewala.com/details/475/yash || https://www.homewala.com/details/626/paradise || https://www.homewala.com/details/625/vr-livin-6.6,homewala.com || homewala.com || homewala.com || homewala.com || homewala.com || homewala.com || homewala.com || homewala.com || homewala.com || homewala.com,Get Quote || Get Quote || Get Quote || Get Quote || Get Quote || Get Quote || Get Quote || Get Quote || Get Quote || Get Quote,Original: https://scontent.fjai6-1.fna.fbcdn.net/v/t39.35426-6/715443116_1674479920468513_5386796803260140621_n.jpg?_nc_cat=109&ccb=1-7&_nc_sid=c53f8f&_nc_ohc=bruRXardndUQ7kNvwEjIbUL&_nc_oc=Adr-jzYzVsbJ07oIBmpu5A_yrK1MbwAEcU-Zj320BWl3fVBBWUIhcUbmiIDBr-crkFR-E_IaaVDk8WwYAsQ01H9n&_nc_zt=14&_nc_ht=scontent.fjai6-1.fna&_nc_gid=RlbQcZyvHZ8SO2c2zoJQjg&_nc_ss=7b289&oh=00_Af-9IhlcrHsQqnkbORU7CoWL6Uc1LXKePuRm5Gq30HBstA&oe=6A383885 | Resized: https://scontent.fjai6-1.fna.fbcdn.net/v/t39.35426-6/714840598_1761791565189866_3443516233155099318_n.jpg?stp=dst-jpg_s600x600_tt6&_nc_cat=104&ccb=1-7&_nc_sid=c53f8f&_nc_ohc=mVDi0YtBYEsQ7kNvwFYlbet&_nc_oc=AdoTJ9Df1yeLHEbeXveaRp2iXMI9D-Z2BhB_KyaaGZQQmdq8yaX1PceZX8e2uW5J7b0wNjsAb1aBpD4-qCo5WFLC&_nc_zt=14&_nc_ht=scontent.fjai6-1.fna&_nc_gid=RlbQcZyvHZ8SO2c2zoJQjg&_nc_ss=7b289&oh=00_Af-Bmu9-DOQQFjNhtF0WXC2QPS-WzCSsD9FDD3qB2oYaBQ&oe=6A3841CC || Original: https://scontent.fjai6-1.fna.fbcdn.net/v/t39.35426-6/715324348_938020445955392_2686274311991282455_n.jpg?_nc_cat=111&ccb=1-7&_nc_sid=c53f8f&_nc_ohc=6Or-QA0obGIQ7kNvwE_BlCD&_nc_oc=AdowP6zR2fC9RtWkr5kPFmd54mr3YYyTyNecBDPvG_vvdIgmzMXrn1HuJU_Aq-Izx0G4176jOHHRVEUaydY_SjoD&_nc_zt=14&_nc_ht=scontent.fjai6-1.fna&_nc_gid=RlbQcZyvHZ8SO2c2zoJQjg&_nc_ss=7b289&oh=00_Af8vvpxjznNRVtnNeoXbcxHkI3vw6miGtxz7gdphlilnlw&oe=6A383203 | Resized: https://scontent.fjai6-1.fna.fbcdn.net/v/t39.35426-6/716131024_1020506034261469_3252757469921076861_n.jpg?stp=dst-jpg_s600x600_tt6&_nc_cat=102&ccb=1-7&_nc_sid=c53f8f&_nc_ohc=oAPfUxuK8GEQ7kNvwHqSV2N&_nc_oc=AdrrMJYr7d-1iWM9J2lNCYx2GZzgGFUkQjuIF_CYCRcwjB7jtMagrCtH32qfHTfYWAlAFnoMvFQ1RWPA7iHG74IE&_nc_zt=14&_nc_ht=scontent.fjai6-1.fna&_nc_gid=RlbQcZyvHZ8SO2c2zoJQjg&_nc_ss=7b289&oh=00_Af8Q8Agjrvxtld7AncAmRWs6L7NmBwqGLOznLOvHyDdwPw&oe=6A3857B7 || Original: https://scontent.fjai6-1.fna.fbcdn.net/v/t39.35426-6/718378709_2459781064540233_4539830771855936815_n.jpg?_nc_cat=111&ccb=1-7&_nc_sid=c53f8f&_nc_ohc=GE8H0DQcfKEQ7kNvwHzyg43&_nc_oc=AdqIu3mJwVZO-6WxN1t6KxWT-kLCt6NIePc454sqqQ6OxTLA1ElizAIj_3sWpCz9jvPksggGSaJ9kfnkID10e-yo&_nc_zt=14&_nc_ht=scontent.fjai6-1.fna&_nc_gid=RlbQcZyvHZ8SO2c2zoJQjg&_nc_ss=7b289&oh=00_Af_2vL5r94xvWN1BcF8Fs_ZX-rp3cX4xI4sNRmPlZpSuhg&oe=6A385B3A | Resized: https://scontent.fjai6-1.fna.fbcdn.net/v/t39.35426-6/713504269_1636750620884463_6021063847637091707_n.jpg?stp=dst-jpg_s600x600_tt6&_nc_cat=108&ccb=1-7&_nc_sid=c53f8f&_nc_ohc=xwqmkj7pI7cQ7kNvwEqDeRS&_nc_oc=Adp17RGJ1uJhgZ8Z3ywYb6MvrZtUQ7MZKL1uItG0UwOoT5C2eFlV2-BrRh9rlnSb0Wr7lohOCdiDDc8Mn31TuaN5&_nc_zt=14&_nc_ht=scontent.fjai6-1.fna&_nc_gid=RlbQcZyvHZ8SO2c2zoJQjg&_nc_ss=7b289&oh=00_Af8P75lK7CbFK_arXV4NtMzDEfHJt2X9fMLoSnDi28-alw&oe=6A385EF9 || Original: https://scontent.fjai6-1.fna.fbcdn.net/v/t39.35426-6/717038612_1315302840042644_5835881193758932178_n.jpg?_nc_cat=108&ccb=1-7&_nc_sid=c53f8f&_nc_ohc=cPUSfkHv9P4Q7kNvwGHhmZZ&_nc_oc=AdpYJnwr68aq62AdwLy2HRAWKYbxrVIsvtj1uVIyQ2LM6Rr___HB0RQSlXZqFUBv32e2tmAAM5CL-0clg_ozbRsE&_nc_zt=14&_nc_ht=scontent.fjai6-1.fna&_nc_gid=RlbQcZyvHZ8SO2c2zoJQjg&_nc_ss=7b289&oh=00_Af8-39jNlg-SlrvUCy9Oij3ukV2pmPJ_9TEjZgGs0IJMsg&oe=6A384690 | Resized: https://scontent.fjai6-1.fna.fbcdn.net/v/t39.35426-6/716271007_1744024913428250_9206027975925350883_n.jpg?stp=dst-jpg_s600x600_tt6&_nc_cat=110&ccb=1-7&_nc_sid=c53f8f&_nc_ohc=1tChPJlpUrgQ7kNvwE5Ah93&_nc_oc=Adp1WFbsbF_sOa-IDE7imhmM09mSB-iHLR5tpA8CRCf-Fd9n589OaFXOJte5a0kTKSUvzH01W18A21cYzb_ImE90&_nc_zt=14&_nc_ht=scontent.fjai6-1.fna&_nc_gid=RlbQcZyvHZ8SO2c2zoJQjg&_nc_ss=7b289&oh=00_Af8qvGahXUprtV6ptyKem3EWkml4lVU6msGqZw4JMwKZ5Q&oe=6A384C24 || Original: https://scontent.fjai6-1.fna.fbcdn.net/v/t39.35426-6/716571158_1022344364076736_6340511823337223687_n.jpg?_nc_cat=107&ccb=1-7&_nc_sid=c53f8f&_nc_ohc=jukev7pnC_EQ7kNvwGKF1Ku&_nc_oc=AdoPxG34quFaNQMMdFTKuNbOROj5JnH4eaFbdx-QBT1nmNyJeBp477habiyhEhSHma_bCF2QuuTLKKnTPQ3qdX6A&_nc_zt=14&_nc_ht=scontent.fjai6-1.fna&_nc_gid=RlbQcZyvHZ8SO2c2zoJQjg&_nc_ss=7b289&oh=00_Af8Xfxj-BALJabkCdYbVv7b-RBWIkHW6dYmeQpF5kbZnCg&oe=6A38364A | Resized: https://scontent.fjai6-1.fna.fbcdn.net/v/t39.35426-6/715443116_1826192688342193_3819476773474462049_n.jpg?stp=dst-jpg_s600x600_tt6&_nc_cat=107&ccb=1-7&_nc_sid=c53f8f&_nc_ohc=HRQBGIjvf_8Q7kNvwHBiliy&_nc_oc=Adrjy86FqgzS__jjSbu9meRrN0Y47yIFQOreKs8CQgylIyoa13zaI9fPrlZcK4DVnsx_FXSvsUxeMdUjx3fvM2Qu&_nc_zt=14&_nc_ht=scontent.fjai6-1.fna&_nc_gid=RlbQcZyvHZ8SO2c2zoJQjg&_nc_ss=7b289&oh=00_Af-nRKfkYJRd_yBD9I4vqf5YNs8PsZ6wKYWfB44wKtgGSw&oe=6A3853D5 || Original: https://scontent.fjai6-1.fna.fbcdn.net/v/t39.35426-6/715957910_991669240260501_6006014900024715806_n.jpg?_nc_cat=106&ccb=1-7&_nc_sid=c53f8f&_nc_ohc=4p9qWFhDsz4Q7kNvwHnY6Ow&_nc_oc=AdqMdhKWdzIp8aaKO7Nw2N5oCJGtSu_baCGYp_q6LQ82RaHY-_g8znvl_9nWLl8igsSY2UE5q5z_QcdIIrrd1gNA&_nc_zt=14&_nc_ht=scontent.fjai6-1.fna&_nc_gid=RlbQcZyvHZ8SO2c2zoJQjg&_nc_ss=7b289&oh=00_Af_5dRJW-Qt6ghzdz-O65xWz0tuqCtxp54N3cEZ8O6NycA&oe=6A384BB9 | Resized: https://scontent.fjai6-1.fna.fbcdn.net/v/t39.35426-6/713463432_854433677262250_7206888545218938838_n.jpg?stp=dst-jpg_s600x600_tt6&_nc_cat=111&ccb=1-7&_nc_sid=c53f8f&_nc_ohc=8RvoFNOhWhEQ7kNvwGF-xup&_nc_oc=AdouhDF3giihpSWReuimA97fURYV96WVPT16SxEsvgKzqz4CclWER6jsOmN9PYELRIgyWoHUeIlLouTg0hs9gnH7&_nc_zt=14&_nc_ht=scontent.fjai6-1.fna&_nc_gid=RlbQcZyvHZ8SO2c2zoJQjg&_nc_ss=7b289&oh=00_Af8t0gH6zM2c0ERjxzurfB00rOXN7Q41irJdehoqEU86Jg&oe=6A38658C || Original: https://scontent.fjai6-1.fna.fbcdn.net/v/t39.35426-6/716196598_27100388066284394_5513656118671514797_n.jpg?_nc_cat=100&ccb=1-7&_nc_sid=c53f8f&_nc_ohc=yAMws0quVGAQ7kNvwFGuOn-&_nc_oc=Adp8eoMS3JBGqsfpunFQ9TLWRjj06mt8iKq6uoCGgtZVBHyEi92XbXJDHYXC0DMJJ6fNlLyeTDmENnDJpVadv1bB&_nc_zt=14&_nc_ht=scontent.fjai6-1.fna&_nc_gid=RlbQcZyvHZ8SO2c2zoJQjg&_nc_ss=7b289&oh=00_Af_u0ZSWV0YhELhTHeu8hgcsaxFUIkNXuY7CspNEj_6FcQ&oe=6A3831F7 | Resized: https://scontent.fjai6-1.fna.fbcdn.net/v/t39.35426-6/715264076_1869883403976981_3110324204353831190_n.jpg?stp=dst-jpg_s600x600_tt6&_nc_cat=100&ccb=1-7&_nc_sid=c53f8f&_nc_ohc=BJ3KYxIdG_AQ7kNvwEh7A6J&_nc_oc=Adpw5IpfXSFZCIBSlyy-OHrKzx7hoUloxTMHWGGcnxny6FuOHOhqmuUaeT_Jecs_OIzVNaJo7TqtFaFKEwsIfB-4&_nc_zt=14&_nc_ht=scontent.fjai6-1.fna&_nc_gid=RlbQcZyvHZ8SO2c2zoJQjg&_nc_ss=7b289&oh=00_Af966p897VqBTAuJFVWjz7dOISs7edb1aQUpjansSj_L-A&oe=6A384E69 || Original: https://scontent.fjai6-1.fna.fbcdn.net/v/t39.35426-6/715651479_1543812767349208_6968999483245671489_n.jpg?_nc_cat=100&ccb=1-7&_nc_sid=c53f8f&_nc_ohc=PdX13fPI0PIQ7kNvwGcV8Q-&_nc_oc=AdoOOdADLuRdqh9DU6EXQkJkATcJ4VM0RHjmj8xvZWujOLQCrrhSBdvPCSmoAgT_PzsTToAIL9hqwVdYwvWfJwrZ&_nc_zt=14&_nc_ht=scontent.fjai6-1.fna&_nc_gid=RlbQcZyvHZ8SO2c2zoJQjg&_nc_ss=7b289&oh=00_Af9oiCnqfR1C9bseSIMLbZ4aePypEARRZST4m1h4Bhzlmg&oe=6A385296 | Resized: https://scontent.fjai6-1.fna.fbcdn.net/v/t39.35426-6/713483376_27772373845699815_4438441942879580737_n.jpg?stp=dst-jpg_s600x600_tt6&_nc_cat=111&ccb=1-7&_nc_sid=c53f8f&_nc_ohc=nKKjqsEzCTsQ7kNvwHIcsdk&_nc_oc=AdrBpnPpSbHFq2FTrXBAVyXSMLCAifaL2M0Md0az2BqcVfewNlUYJ5BfxHM3j09xjsypMQut65k7z6pBcEAFsUHD&_nc_zt=14&_nc_ht=scontent.fjai6-1.fna&_nc_gid=RlbQcZyvHZ8SO2c2zoJQjg&_nc_ss=7b289&oh=00_Af-fHCnhM1EGqdHPPeClQ-iTW3PE99CisLTIh_rUCPq-pQ&oe=6A3834CB || Original: https://scontent.fjai6-1.fna.fbcdn.net/v/t39.35426-6/715264074_1320495079477022_6658716847832984240_n.jpg?_nc_cat=109&ccb=1-7&_nc_sid=c53f8f&_nc_ohc=VCocZUvkGKAQ7kNvwF9E39v&_nc_oc=AdpylX11jH1crpkccw3F6k5wSS9MvhxFfR7VYtciTlSqouj0wsZKTOCkUGKodo4tU3yNG3RBJILlqRH3Wytx4rLJ&_nc_zt=14&_nc_ht=scontent.fjai6-1.fna&_nc_gid=RlbQcZyvHZ8SO2c2zoJQjg&_nc_ss=7b289&oh=00_Af9-C7l-mWWxswM9QTEc9BZN3IOY_zcLSy89P8c8hvUXyw&oe=6A3857C1 | Resized: https://scontent.fjai6-1.fna.fbcdn.net/v/t39.35426-6/715060131_837228849108235_8724257000272798022_n.jpg?stp=dst-jpg_s600x600_tt6&_nc_cat=110&ccb=1-7&_nc_sid=c53f8f&_nc_ohc=bN6DPjKzJacQ7kNvwFGecvv&_nc_oc=Ado7V0FCu1fChIkxKATU6ljfOizPYOjE_8TI_u1IpXURyjjvfsn40oLlD8wrCwZA2Lr3v8kGHIuDpk3Fd45Ftz0V&_nc_zt=14&_nc_ht=scontent.fjai6-1.fna&_nc_gid=RlbQcZyvHZ8SO2c2zoJQjg&_nc_ss=7b289&oh=00_Af8J270c6zd_8j0BDkOxGr5BX0Lf13dt4DzE_cLPa7Kb5w&oe=6A3831BA || Original: https://scontent.fjai6-1.fna.fbcdn.net/v/t39.35426-6/715413186_2050823842169807_8665846596127464195_n.jpg?_nc_cat=107&ccb=1-7&_nc_sid=c53f8f&_nc_ohc=WvPd5ZYaEOsQ7kNvwF3M06y&_nc_oc=AdobptoCAHmkomK63HNjmKpOv4Jte_7qVsXltozt-bZJdFC-ZppeCp3EXYARAS1aFyz4wPvQ-MW5MCVtZrKG3myQ&_nc_zt=14&_nc_ht=scontent.fjai6-1.fna&_nc_gid=RlbQcZyvHZ8SO2c2zoJQjg&_nc_ss=7b289&oh=00_Af-4doqApC1KZ3Dc6vnoOGr7Hf7K541WExJxJymn1cft0Q&oe=6A383D63 | Resized: https://scontent.fjai6-1.fna.fbcdn.net/v/t39.35426-6/717067030_1708238893633246_4420598585676923367_n.jpg?stp=dst-jpg_s600x600_tt6&_nc_cat=110&ccb=1-7&_nc_sid=c53f8f&_nc_ohc=ZfMl6943KeoQ7kNvwH8UAaC&_nc_oc=AdoCWflZ3K_n2NM84_lt7HydhWORm2E19En_kqLoX4E-F-aMw7V98jshkX4aC4i04OAbyzkkN1l4WU3RlNnppg6u&_nc_zt=14&_nc_ht=scontent.fjai6-1.fna&_nc_gid=RlbQcZyvHZ8SO2c2zoJQjg&_nc_ss=7b289&oh=00_Af9wmWRP1aUJqMsMGk0RTc1FC1buBYSsDmS-I0lj_Qa5Xg&oe=6A386036,
1497510388405904,https://www.facebook.com/JRCProjectsOfficial/,fb.me,https://www.facebook.com/JRCProjectsOfficial/,,,,jrcprojects.bangalore@gmail.com,+91 79952 32837,,,,259688714702687,http://fb.me/,JRC Projects,https://www.facebook.com/ads/library/?id=1497510388405904,"Step into a world inspired by timeless European architecture.

Own a luxurious 4 BHK villa with private courtyards, double-height living & elegant finishes.

Located near Sarjapur with seamless access to IT hubs, top schools & lifestyle essentials.

✔ Spacious Villas up to 3800+ Sq.Ft
✔ Private Decks & Open-to-Sky Courtyards
✔ 35,000 Sq.Ft Grand Clubhouse

A rare blend of luxury, privacy & long-term value.

Limited luxury villas are available. Enquire Now",4023,Get quote,fb.me,"FACEBOOK; INSTAGRAM",2026-04-30,2026-06-17,HD: https://video.fjai6-1.fna.fbcdn.net/o1/v/t2/f2/m366/AQPwiCM_8Fo50Ye4PrM0KPny-uo424QeJ5Gkdkd9uNrcVjB6gIAqSNZ4TQqEuOWvWReCorm6TXhGd-Z0YjSq4iyknf1SuAXmiTnMHRJuyk_UYg.mp4?_nc_cat=110&_nc_oc=AdpGjVZqr-oAAF0gMheLy2tKKqB5Mr0Gze9Gq83CpUN1aUSbqYlychJhxOb8gTfPI12rk0LbgEO-VA03nNJb7M8I&_nc_sid=b66105&_nc_ht=video.fjai6-1.fna.fbcdn.net&_nc_ohc=a0os_cKfiy0Q7kNvwEHStuC&efg=eyJ2ZW5jb2RlX3RhZyI6Inhwdl9wcm9ncmVzc2l2ZS5WSV9VU0VDQVNFX1BST0RVQ1RfVFlQRS4uQzMuNzIwLmRhc2hfaDI2NC1iYXNpYy1nZW4yXzcyMHAiLCJ4cHZfYXNzZXRfaWQiOjEyNzc5NTUwMDA5MDA0ODEsImFzc2V0X2FnZV9kYXlzIjo5MSwidmlfdXNlY2FzZV9pZCI6MTA3OTksImR1cmF0aW9uX3MiOjM0LCJ1cmxnZW5fc291cmNlIjoid3d3In0%3D&ccb=17-1&vs=7fa76ae91b184ce5&_nc_vs=HBksFQIYRWZiX2VwaGVtZXJhbC8xNzQ4MkI5MjU0REY0QkZFNzA3QTc4QzlFNjREN0M4RF9tdF8xX3ZpZGVvX2Rhc2hpbml0Lm1wNBUAAsgBEgAVAhhAZmJfcGVybWFuZW50LzJDNDM1MzBGNkQzRTBCNUQ0QzRGNzE2MDczOTY2NUJCX2F1ZGlvX2Rhc2hpbml0Lm1wNBUCAsgBEgAoABgAGwKIB3VzZV9vaWwBMRJwcm9ncmVzc2l2ZV9yZWNpcGUBMRUAACaC7vDd4pLFBBUCKAJDMywXQEEAAAAAAAAYGWRhc2hfaDI2NC1iYXNpYy1nZW4yXzcyMHARAHUAZd6oAQA&_nc_gid=RlbQcZyvHZ8SO2c2zoJQjg&_nc_ss=7b289&_nc_zt=28&oh=00_Af8YrmjBS_5lBJAmq8WhwPRm78sbxfsxfiUSPS1s85CLCw&oe=6A382F5E | SD: https://video.fjai6-1.fna.fbcdn.net/o1/v/t2/f2/m412/AQPxd5VjOzgS_uxXgD2cFeOrQITG7CK3Pch-lmoAzCwVSX_x12CLr1wv6tgUfE__jUXbP9JNMBh_aTWAGz6q7sCfiIxLlqXMnKaqoTqQ6Q.mp4?_nc_cat=102&_nc_oc=Adp9lEEIR44rmNJl3yJXwHTC6oEAjZNe2qgQietvLRBmrfz38bJwpvLXye2FS1-qMZOCGNWg7WSM9JNmY3LVDvsI&_nc_sid=ef5aa3&_nc_ht=video.fjai6-1.fna.fbcdn.net&_nc_ohc=ZV77HfjlNNcQ7kNvwHYCOEG&efg=eyJ2ZW5jb2RlX3RhZyI6Inhwdl9wcm9ncmVzc2l2ZS5WSV9VU0VDQVNFX1BST0RVQ1RfVFlQRS4uQzMuMzYwLnN2ZV9zZCIsInhwdl9hc3NldF9pZCI6MTI3Nzk1NTAwMDkwMDQ4MSwiYXNzZXRfYWdlX2RheXMiOjkxLCJ2aV91c2VjYXNlX2lkIjoxMDc5OSwiZHVyYXRpb25fcyI6MzQsInVybGdlbl9zb3VyY2UiOiJ3d3cifQ%3D%3D&ccb=17-1&_nc_gid=RlbQcZyvHZ8SO2c2zoJQjg&_nc_ss=7b289&_nc_zt=28&oh=00_Af8oY6VNtau5ZWSgNTpeyZ1K66rTmnN2R-yF7DHLNgHlJA&oe=6A3840F8 | Preview: https://scontent.fjai6-1.fna.fbcdn.net/v/t39.35426-6/684574974_1294614005956517_8800751886647904848_n.jpg?_nc_cat=111&ccb=1-7&_nc_sid=c53f8f&_nc_ohc=cQoxMna1GTgQ7kNvwH3W_QI&_nc_oc=AdokEXPDFG2JFE7CQnCVWiw1stBTsE2RMzSqJlsYHSbsgEenAzu-7xTnjST5gECzJYfHx0LK0aSlATv9De0lMQ65&_nc_zt=14&_nc_ht=scontent.fjai6-1.fna&_nc_gid=RlbQcZyvHZ8SO2c2zoJQjg&_nc_ss=7b289&oh=00_Af9BPeYJckCrt45ENJ6i4a86Fu0wY_YO0FrUhgNlDaLM7A&oe=6A382E8F,,,,,,,
2224098171752389,https://www.facebook.com/amaStaysAndTrails/,amastaysandtrails.com,https://www.facebook.com/amaStaysAndTrails/,,,,,,,,,191373052228,https://www.amastaysandtrails.com/en-in/destinations/bungalows-and-villas-in-kerala?utm_source=MetaAds&utm_medium=Social_Paid&utm_campaign=Kerala,amã Stays & Trails,https://www.facebook.com/ads/library/?id=2224098171752389,"POV: You skipped the crowded summer and found Kerala instead 🌿

Tired of packed beaches and noisy getaways? What if your summer led you somewhere slower—through Kerala’s lush backwaters, misty hills, and hidden corners untouched by the rush 🏞️

Discover amã Stays & Trails, where private villas open up to serene views, unhurried mornings, and the kind of quiet you didn’t know you needed.

Book your serene summer escape ✨

#amastaysandtrails #kerala #summergetaway #offbeatkerala #luxuryvillas #hiddengemsofindia

(luxury villas in Kerala, private villa stays Kerala, Kerala backwater stays, luxury staycations Kerala, offbeat Kerala stays, boutique villa stays India, premium holiday homes Kerala, serene stays Kerala, hidden gems Kerala travel, summer getaway Kerala, nature retreats Kerala)",46096,Book now,www.amastaysandtrails.com,INSTAGRAM,2026-06-10,2026-06-17,HD: https://video.fjai6-1.fna.fbcdn.net/o1/v/t2/f2/m366/AQOWYVY1k1zkfJprbMhnkpLq0CAfN0MLIgNZdygBsGPr-UpIEr0dmpnJ3WY7cFfUYvA8yONtK9og_7R2RKDYOIHUzPLyuOH75MsFkpIYUcXO3w.mp4?_nc_cat=106&_nc_oc=AdoYxfz4nqdoA7p_rP4KB7oCbSdX1n_sSWQV5qwEFca360ZoSufpdGk09gl-ppcnjcuw8mOijHGzTfF_tVurg1WH&_nc_sid=b66105&_nc_ht=video.fjai6-1.fna.fbcdn.net&_nc_ohc=qq2v4jEYnMgQ7kNvwFo4YDX&efg=eyJ2ZW5jb2RlX3RhZyI6Inhwdl9wcm9ncmVzc2l2ZS5WSV9VU0VDQVNFX1BST0RVQ1RfVFlQRS4uQzMuNzIwLmRhc2hfaDI2NC1iYXNpYy1nZW4yXzcyMHAiLCJ4cHZfYXNzZXRfaWQiOjE0ODc1NTY0MTY0ODQzNjgsImFzc2V0X2FnZV9kYXlzIjo1NiwidmlfdXNlY2FzZV9pZCI6MTA3OTksImR1cmF0aW9uX3MiOjI2LCJ1cmxnZW5fc291cmNlIjoid3d3In0%3D&ccb=17-1&vs=fd533af485f6231c&_nc_vs=HBksFQIYRWZiX2VwaGVtZXJhbC9DMzRGRDAzQjZFNDYzQzYyOEVENzgxMjEwRjBEOENCMF9tdF8xX3ZpZGVvX2Rhc2hpbml0Lm1wNBUAAsgBEgAVAhhAZmJfcGVybWFuZW50LzI1NDgxM0U2NDAwNkI1MjAyRDBENDYwNjIzNEYwQUEwX2F1ZGlvX2Rhc2hpbml0Lm1wNBUCAsgBEgAoABgAGwKIB3VzZV9vaWwBMRJwcm9ncmVzc2l2ZV9yZWNpcGUBMRUAACag0M38lrukBRUCKAJDMywXQDrKfvnbItEYGWRhc2hfaDI2NC1iYXNpYy1nZW4yXzcyMHARAHUAZd6oAQA&_nc_gid=RlbQcZyvHZ8SO2c2zoJQjg&_nc_ss=7b289&_nc_zt=28&oh=00_Af-iJX4XZ7UBeEgZnQf-SuRsbXn9EHx0i1IKv9IAqwSqLQ&oe=6A384C36 | SD: https://video.fjai6-1.fna.fbcdn.net/o1/v/t2/f2/m412/AQNmw0bBhIosEsjWNBHF5jR_ZnDVNPkOA4sy1ggndEI1zHoNxhDT5zQHata-X6KE0_lVzhZmdq3D8ZBaBOUck_H2frwC-XxYBLzBgRZXAQ.mp4?_nc_cat=107&_nc_oc=AdqwAb72UckqTAPPAX-yXCUbXUDvmZFocuBs62nZQWHs6XXuQ_cVfUrDhlm2ArKZLjFjZ3n1tSZ1L7wTBRUFHgeR&_nc_sid=ef5aa3&_nc_ht=video.fjai6-1.fna.fbcdn.net&_nc_ohc=mQ6Tr1DbDMcQ7kNvwFsThFB&efg=eyJ2ZW5jb2RlX3RhZyI6Inhwdl9wcm9ncmVzc2l2ZS5WSV9VU0VDQVNFX1BST0RVQ1RfVFlQRS4uQzMuMzYwLnN2ZV9zZCIsInhwdl9hc3NldF9pZCI6MTQ4NzU1NjQxNjQ4NDM2OCwiYXNzZXRfYWdlX2RheXMiOjU2LCJ2aV91c2VjYXNlX2lkIjoxMDc5OSwiZHVyYXRpb25fcyI6MjYsInVybGdlbl9zb3VyY2UiOiJ3d3cifQ%3D%3D&ccb=17-1&_nc_gid=RlbQcZyvHZ8SO2c2zoJQjg&_nc_ss=7b289&_nc_zt=28&oh=00_Af9LsKnapVtVn5jcmZfG7C6izQwB-nCvu0HxqgpOa7S5ig&oe=6A383767 | Preview: https://scontent.fjai6-1.fna.fbcdn.net/v/t39.35426-6/720242845_1547173513441768_2170916634740442964_n.jpg?_nc_cat=101&ccb=1-7&_nc_sid=c53f8f&_nc_ohc=t2NNjZ4civ0Q7kNvwHLGeJJ&_nc_oc=Adpn3tsLJiOtLIunU2H_ytjXX28xgc3Fm3a9eaEVYk1vB5TZHs8As3L-w067zUL6bWzs8NPbZHs9vhOP6Yq6LNMD&_nc_zt=14&_nc_ht=scontent.fjai6-1.fna&_nc_gid=RlbQcZyvHZ8SO2c2zoJQjg&_nc_ss=7b289&oh=00_Af-20CaX146XEAzdCVc-Xhk7rYbphMIko3ZQpo0ZObFFXQ&oe=6A383EA6,,,,,,,
1359953025992886,https://www.facebook.com/RaagaMayuriBuilders/,instagram.com,https://www.facebook.com/RaagaMayuriBuilders/,https://www.instagram.com/_u/raaga_mayuri_builders,,,contact@raagamayuribuilders.com,+91 93465 88679,,,,1854281281566145,https://www.instagram.com/_u/raaga_mayuri_builders,Raaga Mayuri Builders,https://www.facebook.com/ads/library/?id=1359953025992886,"🌆✨ Why settle for crowded city chaos when premium villa living awaits in Kurnool? ✨🏡

Upgrade your lifestyle with Raaga Mayuri Fortune Homes — where luxury, comfort, and peaceful living come together in one exclusive gated community. 🌿💫

📍 Prime Location: Nandikotkur Road, Kurnool
🏠 Premium 3 & 4 BHK Villas
💎 84 Luxury Villas Spread Across 6 Acres
🏢 11,000 SFT Grand Clubhouse
🌟 20+ Premium Amenities
🚗 Highway Adjacent Location
💰 Starting From ₹1.25 Cr*

Imagine waking up every day to spacious interiors, serene surroundings, modern amenities, and a lifestyle designed for success. 🚀

🔥 Kurnool isn’t just growing… it’s transforming into the next luxury living destination!
Now is the perfect time to invest in your dream home and future lifestyle. ❤️

📞 Book Your Villa Today! 9346588679

#RaagaMayuriBuilders #FortuneHomes #Kurnool #LuxuryVillas #VillaLifestyle #PremiumLiving #DreamHome #GatedCommunity #LuxuryLife #KurnoolRealEstate #ModernLiving #3BHKVillas #4BHKVillas #EliteLifestyle #FutureOfKurnool #RealEstateIndia #PropertyInvestment #VillaCommunity #LuxuryHomesIndia #SmartInvestment #PremiumHomes #HighwayFacing #ClubhouseLiving #UrbanLifestyle #NatureLiving #LuxuryRealEstate #AndhraPradesh #InvestInKurnool #HomeGoals #LifestyleUpgrade",9167,Visit Instagram profile,instagram.com,INSTAGRAM,2026-05-21,2026-06-17,,Original: https://scontent.fjai6-1.fna.fbcdn.net/v/t39.35426-6/703463048_992483143179643_7193010129807455459_n.jpg?_nc_cat=110&ccb=1-7&_nc_sid=c53f8f&_nc_ohc=5yiI3eCM_B8Q7kNvwF0Z421&_nc_oc=AdqunEwmltGCitb-zerCStayIv5MTNeJiptqSVcdDOuN9h3xxr3QEMS-SqYnemk2khueZilg4t7YidRECLt6raQG&_nc_zt=14&_nc_ht=scontent.fjai6-1.fna&_nc_gid=1xEbaF3n14NFOKUHWd7ylQ&_nc_ss=7b289&oh=00_Af91DZhYfw__IuyB5h3Q6f6FubRo6mw_H3LCbuG8-Lxjcw&oe=6A3864C4 | Resized: https://scontent.fjai6-1.fna.fbcdn.net/v/t39.35426-6/705102689_2098882314345313_4435530603103516247_n.jpg?stp=dst-jpg_s600x600_tt6&_nc_cat=107&ccb=1-7&_nc_sid=c53f8f&_nc_ohc=iGSIfZ1N8M8Q7kNvwHAJe9Z&_nc_oc=AdrnREKMaJLS7x_vVBiMUik3jynQ5oECyhyQ0-cDUsISHoQKyagkhC9075zRNiGSrw_hgr9IUdiFs0r-imvEBCeb&_nc_zt=14&_nc_ht=scontent.fjai6-1.fna&_nc_gid=1xEbaF3n14NFOKUHWd7ylQ&_nc_ss=7b289&oh=00_Af9N7iul2hu4vglpyYvW86ppoehy_jd9BC-h6g_-DCpHmg&oe=6A38629E,,,,,,
971701795619469,https://www.facebook.com/manjufoundations/,fb.me,https://www.facebook.com/manjufoundations/,,,,manjugroups@gmail.com,+91 95510 00951,,,,1500400186843289,http://fb.me/,Manju Groups,https://www.facebook.com/ads/library/?id=971701795619469,"Live Where the Sea Meets Luxury 🌴

ECR Blue Spot 3.0 – Exclusive Beachside Villas
Experience calm living with a touch of elegance, just minutes from the shoreline.

🏡 Premium Luxury Villas
🌊 Serene Beachside Lifestyle
✨ 20+ World-Class Amenities
🔐 Gated Community Living

Limited villas available.

👉 Enquire now for price & site visit",64681,Book now,fb.me,"FACEBOOK; INSTAGRAM",2026-06-11,2026-06-17,,,"Live Where the Sea Meets Luxury 🌴

ECR Blue Spot 3.0 – Exclusive Beachside Villas
Experience calm living with a touch of elegance, just minutes from the shoreline.

🏡 Premium Luxury Villas
🌊 Serene Beachside Lifestyle
✨ 20+ World-Class Amenities
🔐 Gated Community Living

Limited villas available.

👉 Enquire now for price & site visit || Live Where the Sea Meets Luxury 🌴

ECR Blue Spot 3.0 – Exclusive Beachside Villas
Experience calm living with a touch of elegance, just minutes from the shoreline.

🏡 Premium Luxury Villas
🌊 Serene Beachside Lifestyle
✨ 20+ World-Class Amenities
🔐 Gated Community Living

Limited villas available.

👉 Enquire now for price & site visit",http://fb.me/ || http://fb.me/,,Book Now || Book Now,Original: https://scontent.fjai6-1.fna.fbcdn.net/v/t39.35426-6/710040516_1539598034550349_5117674700638003238_n.jpg?_nc_cat=103&ccb=1-7&_nc_sid=c53f8f&_nc_ohc=gwm2f9RlO9wQ7kNvwEOtJFv&_nc_oc=Ado7whxQ5Ra5AlRpLKNhOZppBZE9ZEo-05mLqCzMmDlnXVIULHzjNw6PBZSlQJQrjb4XTwFi7y_8AI2hZ73-k_0s&_nc_zt=14&_nc_ht=scontent.fjai6-1.fna&_nc_gid=1xEbaF3n14NFOKUHWd7ylQ&_nc_ss=7b289&oh=00_Af-s4xRVZ2W-TWumsMOwCSTA8_5GzVMMTW0OXmEJvBDAjQ&oe=6A383659 | Resized: https://scontent.fjai6-1.fna.fbcdn.net/v/t39.35426-6/709689477_1516868123299859_6346121393787855134_n.jpg?stp=dst-jpg_s600x600_tt6&_nc_cat=109&ccb=1-7&_nc_sid=c53f8f&_nc_ohc=Zi8h_acJBTIQ7kNvwFa_gmI&_nc_oc=Adp7ESB36gE4jWYHynOBxwluzJehR5Vr3RXqhC2K7AEIYOWGelErrhJZnZK9rca0lryqBdZxsmzFZA9XJCAsqfPR&_nc_zt=14&_nc_ht=scontent.fjai6-1.fna&_nc_gid=1xEbaF3n14NFOKUHWd7ylQ&_nc_ss=7b289&oh=00_Af_wRtKV_4TqlxuV4Fj2vwn404t5AwZgAW6pGpOUD2gWmQ&oe=6A382E4D || Original: https://scontent.fjai6-1.fna.fbcdn.net/v/t39.35426-6/712883728_4568191783505076_6639757817114885671_n.jpg?_nc_cat=101&ccb=1-7&_nc_sid=c53f8f&_nc_ohc=0AGf33fAxs4Q7kNvwGlrxuX&_nc_oc=Adp52Wk2-aNabrDDrt_t4w7j57wPBz3K4RjU0wkJUoLzQEKdl2Jyw_TIWj9oHJGkw67Oeh-Xqzr1gg-DOCXL-Cz0&_nc_zt=14&_nc_ht=scontent.fjai6-1.fna&_nc_gid=1xEbaF3n14NFOKUHWd7ylQ&_nc_ss=7b289&oh=00_Af-9uUJj3OhR_TLWyBmeUpCNJEYIArCS8qy8dWaoW08OTA&oe=6A384030 | Resized: https://scontent.fjai6-1.fna.fbcdn.net/v/t39.35426-6/711466692_966869706113498_2918028129858702830_n.jpg?stp=dst-jpg_s600x600_tt6&_nc_cat=104&ccb=1-7&_nc_sid=c53f8f&_nc_ohc=dtDTAh3Key4Q7kNvwGZ43q7&_nc_oc=Adq4t1tAOvwKpwmQbkTQGtmu-YczxGMEro1QFGhpUz2SaE8eQJx56LsNR4naOYVWOVkGfxF3cCjT_TX3NZBweJpg&_nc_zt=14&_nc_ht=scontent.fjai6-1.fna&_nc_gid=1xEbaF3n14NFOKUHWd7ylQ&_nc_ss=7b289&oh=00_Af9EVWJ-RXzOBiF_CrQE_LJtEOPHe_i-tSIFj0ePzeVxrQ&oe=6A3854CF,
1815020362811390,https://www.facebook.com/justhomestay.in/,api.whatsapp.com,https://www.facebook.com/justhomestay.in/,,,,,+91 83940 60610,,,,2239312672806566,https://api.whatsapp.com/send,Justhomestay.in,https://www.facebook.com/ads/library/?id=1815020362811390,"Looking for a luxury villa in Kasauli for a group stay?

Discover multiple private villas surrounded by serene pine forests and mountain views, perfect for families and friends travelling together. Choose from 3-bedroom to 8+ bedroom luxury villas, ideal for weekend getaways, celebrations, and reunions.

Enjoy spacious bedrooms, cozy living areas, scenic balconies, and complete privacy, along with a personal concierge to assist with meals, experiences, and your entire stay so you can simply relax and enjoy the hills.

Explore all available villas on our website or call us to plan your stay.

Call / WhatsApp: 8394060610 | 9810325245",2077,Send WhatsApp message,api.whatsapp.com,"FACEBOOK; INSTAGRAM",2026-06-08,2026-06-17,HD: https://video.fjai6-1.fna.fbcdn.net/o1/v/t2/f2/m366/AQO7TWE6yJxAEjsDufXR9P_cdmplXQzS-z_WjsLnoYorhjPgcsbTZ79Z8IFjZxVJvQpI7fK169tuaV7v5uThlPO7Pe0uYV0UiIrFZ7N6sIhIEA.mp4?_nc_cat=109&_nc_oc=AdoQUYwGnHT4c4-_ROJDddwK29aty36Rz4NLJNAoFmH9s7Av43dvOZowbBA3CqewRRfZtinMvP3cxmPRs7aXelfI&_nc_sid=b66105&_nc_ht=video.fjai6-1.fna.fbcdn.net&_nc_ohc=emfZmff6kEgQ7kNvwFE4WAt&efg=eyJ2ZW5jb2RlX3RhZyI6Inhwdl9wcm9ncmVzc2l2ZS5WSV9VU0VDQVNFX1BST0RVQ1RfVFlQRS4uQzMuNzIwLmRhc2hfaDI2NC1iYXNpYy1nZW4yXzcyMHAiLCJ4cHZfYXNzZXRfaWQiOjI1MjkzOTEwNTQxODI3OTksImFzc2V0X2FnZV9kYXlzIjo1OSwidmlfdXNlY2FzZV9pZCI6MTA3OTksImR1cmF0aW9uX3MiOjE0LCJ1cmxnZW5fc291cmNlIjoid3d3In0%3D&ccb=17-1&vs=74dd0919594982d9&_nc_vs=HBksFQIYRWZiX2VwaGVtZXJhbC9EQjRFMEI2Q0E0NzRCMjc1Q0NGMjUyQzU4MDMyQ0VBQl9tdF8xX3ZpZGVvX2Rhc2hpbml0Lm1wNBUAAsgBEgAVAhhAZmJfcGVybWFuZW50L0E5NDA3M0YyNEYyRjIzMjM4MzVFQ0U2REJBODQwMkIxX2F1ZGlvX2Rhc2hpbml0Lm1wNBUCAsgBEgAoABgAGwKIB3VzZV9vaWwBMRJwcm9ncmVzc2l2ZV9yZWNpcGUBMRUAACae5sL0953-CBUCKAJDMywXQCx3S8an754YGWRhc2hfaDI2NC1iYXNpYy1nZW4yXzcyMHARAHUAZd6oAQA&_nc_gid=1xEbaF3n14NFOKUHWd7ylQ&_nc_ss=7b289&_nc_zt=28&oh=00_Af_iRAvsnI66rEgkLYX3FuhmwO3rcxKXCrPgt_OGYbYG8Q&oe=6A385C63 | SD: https://video.fjai6-1.fna.fbcdn.net/o1/v/t2/f2/m412/AQMKyZoIvC7_mhMDb2_a1B7A9_VKY6cBH7pPaadJEdnJ4GWcWgi-yN5aIfyw96imqrYghUveWXZcaNLDc7icNWg9pTHUuuv-tNhUp-UEgg.mp4?_nc_cat=105&_nc_oc=AdranElhfPlmmLlfRcTVk3lAnmXjApCHMs5sGB__dGOcNGXhCwq9r5O6P2ytXEHOI2lyTVeNhKVPcogU1W15bJhh&_nc_sid=ef5aa3&_nc_ht=video.fjai6-1.fna.fbcdn.net&_nc_ohc=MntiBMPPIBoQ7kNvwHbKFux&efg=eyJ2ZW5jb2RlX3RhZyI6Inhwdl9wcm9ncmVzc2l2ZS5WSV9VU0VDQVNFX1BST0RVQ1RfVFlQRS4uQzMuMzYwLnN2ZV9zZCIsInhwdl9hc3NldF9pZCI6MjUyOTM5MTA1NDE4Mjc5OSwiYXNzZXRfYWdlX2RheXMiOjU5LCJ2aV91c2VjYXNlX2lkIjoxMDc5OSwiZHVyYXRpb25fcyI6MTQsInVybGdlbl9zb3VyY2UiOiJ3d3cifQ%3D%3D&ccb=17-1&_nc_gid=1xEbaF3n14NFOKUHWd7ylQ&_nc_ss=7b289&_nc_zt=28&oh=00_Af_2d4nbOxqqFV0a-YxUASft-86yCq8qf-Zanh-xvqDlyQ&oe=6A3836CD | Preview: https://scontent.fjai6-1.fna.fbcdn.net/v/t39.35426-6/702180086_1369606784993572_9053172391206641483_n.jpg?_nc_cat=108&ccb=1-7&_nc_sid=c53f8f&_nc_ohc=pP8-0gFkSP0Q7kNvwFe0lfw&_nc_oc=AdqbKLYhBUG3xMZJDvQo-Y9ATuj3DtyJwBlV0IgnMxhnwS5H8wE6IKl_ysniLSEwgSyR8z1pApWJ0uzeQRkE8vg0&_nc_zt=14&_nc_ht=scontent.fjai6-1.fna&_nc_gid=1xEbaF3n14NFOKUHWd7ylQ&_nc_ss=7b289&oh=00_Af8vIMKxSOvrFG_4Qa8rdz6JTBFACbVorEe5_oTKukZfjA&oe=6A386294,,,,,,,
1445576783181313,https://www.facebook.com/lansumproperties/,fb.me,https://www.facebook.com/lansumproperties/,,,,hi@lansumproperties.com,+91 81033 33222,,,,1450245751950609,http://fb.me/,Lansum Properties,https://www.facebook.com/ads/library/?id=1445576783181313,"Discover a lifestyle perfectly balanced with nature @ Lansum Evana in Chevella, featuring private basements, 70% open spaces & more.",2087,Learn more,fb.me,"FACEBOOK; INSTAGRAM",2026-03-18,2026-06-16,,,"Discover a lifestyle perfectly balanced with nature @ Lansum Evana in Chevella, featuring private basements, 70% open spaces & more. || Discover a lifestyle perfectly balanced with nature @ Lansum Evana in Chevella, featuring private basements, 70% open spaces & more. || Discover a lifestyle perfectly balanced with nature @ Lansum Evana in Chevella, featuring private basements, 70% open spaces & more.",http://fb.me/ || http://fb.me/ || http://fb.me/,,Learn More || Learn More || Learn More,Original: https://scontent.fjai6-1.fna.fbcdn.net/v/t39.35426-6/647697198_1586312932649662_4466372978929826519_n.jpg?_nc_cat=108&ccb=1-7&_nc_sid=c53f8f&_nc_ohc=5qgxfmkC4sMQ7kNvwHJTKu8&_nc_oc=AdrcNvMJJ_BkRVx-p9Pxixp7-FbJy9SC6rsMA4Omu1Iv8g2K8Si6qxkP2iyhLMzILzpg8wsr24QQsgTpyU897Pre&_nc_zt=14&_nc_ht=scontent.fjai6-1.fna&_nc_gid=1xEbaF3n14NFOKUHWd7ylQ&_nc_ss=7b289&oh=00_Af8-CyVDp9hHq7LYRfkiuuFAj07fbrOeTSgDoFbl0lptZQ&oe=6A384C13 | Resized: https://scontent.fjai6-1.fna.fbcdn.net/v/t39.35426-6/648077753_1648592786393590_820883813367537220_n.jpg?stp=dst-jpg_s600x600_tt6&_nc_cat=102&ccb=1-7&_nc_sid=c53f8f&_nc_ohc=q-PCILa7e-AQ7kNvwHKrX_4&_nc_oc=Adr-gvCysdTDg3vpPj85jdQTKl84HHsJKbMVEjK_Efxi78IiJNEHFnhEZt11wuCljRMw_Hd46urq4GfrGhaw0VLb&_nc_zt=14&_nc_ht=scontent.fjai6-1.fna&_nc_gid=1xEbaF3n14NFOKUHWd7ylQ&_nc_ss=7b289&oh=00_Af_7LJyZ8jRvpZb9cFz9QX5KmvE97ne3w7zObG3bjyZ5cg&oe=6A383D34 || Original: https://scontent.fjai6-1.fna.fbcdn.net/v/t39.35426-6/648045401_800941193061163_4150211139282435428_n.jpg?_nc_cat=111&ccb=1-7&_nc_sid=c53f8f&_nc_ohc=nq9MhO0mDqkQ7kNvwGffcPY&_nc_oc=AdrheB4RuyoizrBJaounvkFDIuIxhxs05UD_z8jnD4GHdwg_tXlhZXzhdnVhSJUCKlM3dTSLeCsnAV40BEHiYB97&_nc_zt=14&_nc_ht=scontent.fjai6-1.fna&_nc_gid=1xEbaF3n14NFOKUHWd7ylQ&_nc_ss=7b289&oh=00_Af8GnfLWyMMkArHoWLyJ_YAzeoXrsZ2Ts8bFdZbm8JHK-Q&oe=6A383B17 | Resized: https://scontent.fjai6-1.fna.fbcdn.net/v/t39.35426-6/647742814_915270714813242_6283407104948360107_n.jpg?stp=dst-jpg_s600x600_tt6&_nc_cat=102&ccb=1-7&_nc_sid=c53f8f&_nc_ohc=iVNS5cSsAN8Q7kNvwE468Av&_nc_oc=AdqgI5wT29oFAWmVdSBk6OOvvH2L2ur8ajx06xGjlwnMsnCSsYR1K1JN2cV5oH4KbhQmnHJ1SiJejN9PConZGmCp&_nc_zt=14&_nc_ht=scontent.fjai6-1.fna&_nc_gid=1xEbaF3n14NFOKUHWd7ylQ&_nc_ss=7b289&oh=00_Af--wiWRQZK3Av6BdhxtKP5C2V9QItYLEhSoiN7JSkgznA&oe=6A384754 || Original: https://scontent.fjai6-1.fna.fbcdn.net/v/t39.35426-6/646812102_1251546777043397_3533012563601451323_n.jpg?_nc_cat=104&ccb=1-7&_nc_sid=c53f8f&_nc_ohc=iv__PpWx51sQ7kNvwHKdL_h&_nc_oc=AdoYCx2HyIuOvvemio6xqYyC4MMYxInHn1TCNyd0z6tl4aKOUk2nHVTbypctGn0_Ws9Vns51tr4pfXZn_08A-jJZ&_nc_zt=14&_nc_ht=scontent.fjai6-1.fna&_nc_gid=1xEbaF3n14NFOKUHWd7ylQ&_nc_ss=7b289&oh=00_Af9dI_3A6qdD8wtYjYskDX36Jw9a3aeLbxiacvf87OxNHQ&oe=6A3846E1 | Resized: https://scontent.fjai6-1.fna.fbcdn.net/v/t39.35426-6/648048544_1917695208952274_405595986184888353_n.jpg?stp=dst-jpg_s600x600_tt6&_nc_cat=101&ccb=1-7&_nc_sid=c53f8f&_nc_ohc=9QFzRxtPug8Q7kNvwEbkJwE&_nc_oc=AdrYYpx0Fb1IV1dp1DCCzmtAKES12R0Jvei7H6775rF2IQSlyANklTPJA_gi_AE3HcHkRL_DeXxgfeDgHZGfO4s3&_nc_zt=14&_nc_ht=scontent.fjai6-1.fna&_nc_gid=1xEbaF3n14NFOKUHWd7ylQ&_nc_ss=7b289&oh=00_Af9Y7shugVKsbRAW73pX4WRXNlDJ6iCSsKHi6pEKsDmrAw&oe=6A384A89,
2040041330244196,https://www.facebook.com/sowparnikabangalore/,fb.me,https://www.facebook.com/sowparnikabangalore/,,,,,,,,,351593814708657,http://fb.me/,Sowparnika Project,https://www.facebook.com/ads/library/?id=2040041330244196,"Where Smart Investors Find Their Perfect Address. 💬✨

Don’t just invest - invest where growth, luxury, and future value come together.
At Sowparnika Life On The Green, every villa is designed to be both a lifestyle upgrade and a high-potential asset. 🌿

📌 Located on Sarjapur–Attibele Road

✨ 5 BHK Villa Highlights:

✅ Premium 5 BHK Luxury Villas
✅ Starting at ₹2.24 Cr*
✅ High Appreciation Potential in a Growth Corridor
✅ 7,800 Sq. Ft. Exclusive Clubhouse
✅ Triple-Height Living & Dedicated Home Office Space
✅ Nature-Inspired Living with Premium Amenities

Secure a villa that grows in value while you enjoy elevated living. 🌿

📞 Call 8050 250 111 to schedule your site visit today.
🌐 Visit: www.lifeonthegreen.in

*T&C Apply",613,Learn more,fb.me,INSTAGRAM,2026-05-21,2026-06-17,,,"Where Smart Investors Find Their Perfect Address. 💬✨

Don’t just invest - invest where growth, luxury, and future value come together.
At Sowparnika Life On The Green, every villa is designed to be both a lifestyle upgrade and a high-potential asset. 🌿

📌 Located on Sarjapur–Attibele Road

✨ 5 BHK Villa Highlights:

✅ Premium 5 BHK Luxury Villas
✅ Starting at ₹2.24 Cr*
✅ High Appreciation Potential in a Growth Corridor
✅ 7,800 Sq. Ft. Exclusive Clubhouse
✅ Triple-Height Living & Dedicated Home Office Space
✅ Nature-Inspired Living with Premium Amenities

Secure a villa that grows in value while you enjoy elevated living. 🌿

📞 Call 8050 250 111 to schedule your site visit today.
🌐 Visit: www.lifeonthegreen.in

*T&C Apply || Where Smart Investors Find Their Perfect Address. 💬✨

Don’t just invest - invest where growth, luxury, and future value come together.
At Sowparnika Life On The Green, every villa is designed to be both a lifestyle upgrade and a high-potential asset. 🌿

📌 Located on Sarjapur–Attibele Road

✨ 5 BHK Villa Highlights:

✅ Premium 5 BHK Luxury Villas
✅ Starting at ₹2.24 Cr*
✅ High Appreciation Potential in a Growth Corridor
✅ 7,800 Sq. Ft. Exclusive Clubhouse
✅ Triple-Height Living & Dedicated Home Office Space
✅ Nature-Inspired Living with Premium Amenities

Secure a villa that grows in value while you enjoy elevated living. 🌿

📞 Call 8050 250 111 to schedule your site visit today.
🌐 Visit: www.lifeonthegreen.in

*T&C Apply || Where Smart Investors Find Their Perfect Address. 💬✨

Don’t just invest - invest where growth, luxury, and future value come together.
At Sowparnika Life On The Green, every villa is designed to be both a lifestyle upgrade and a high-potential asset. 🌿

📌 Located on Sarjapur–Attibele Road

✨ 5 BHK Villa Highlights:

✅ Premium 5 BHK Luxury Villas
✅ Starting at ₹2.24 Cr*
✅ High Appreciation Potential in a Growth Corridor
✅ 7,800 Sq. Ft. Exclusive Clubhouse
✅ Triple-Height Living & Dedicated Home Office Space
✅ Nature-Inspired Living with Premium Amenities

Secure a villa that grows in value while you enjoy elevated living. 🌿

📞 Call 8050 250 111 to schedule your site visit today.
🌐 Visit: www.lifeonthegreen.in

*T&C Apply",http://fb.me/ || http://fb.me/ || http://fb.me/,,Learn More || Learn More || Learn More,Original: https://scontent.fjai6-1.fna.fbcdn.net/v/t39.35426-6/704565036_1315182180712658_4357302700099979362_n.jpg?_nc_cat=110&ccb=1-7&_nc_sid=c53f8f&_nc_ohc=dh7BU13bMvMQ7kNvwFcQwY4&_nc_oc=Adp4v5Qx5mk3t61cZjpvp5PaxBsiw24JrfYgv2XOBdRbaRncCR1tO7A4c63OoP2rwnPLc4Xf9pV3HuZTd85Jrqvl&_nc_zt=14&_nc_ht=scontent.fjai6-1.fna&_nc_gid=1xEbaF3n14NFOKUHWd7ylQ&_nc_ss=7b289&oh=00_Af8hERmaOIBmaGg_sinnhY2bQqgcB6_WlksQJ3bLGiq8xQ&oe=6A382E85 | Resized: https://scontent.fjai6-1.fna.fbcdn.net/v/t39.35426-6/704697703_1015289387594624_8045700556425139767_n.jpg?stp=dst-jpg_s600x600_tt6&_nc_cat=105&ccb=1-7&_nc_sid=c53f8f&_nc_ohc=tta_x16zA-4Q7kNvwEfWZsX&_nc_oc=AdroyGM7smS525igbJZxWsW8lIR94G2Is0ZV1rnmGf0A1AJsLe2RrK5G5rMBDIlisLHhYchChtvf5TD-XG4WbkOA&_nc_zt=14&_nc_ht=scontent.fjai6-1.fna&_nc_gid=1xEbaF3n14NFOKUHWd7ylQ&_nc_ss=7b289&oh=00_Af_gn6zxb_0F1wr13d0SB3ynAmkgMZPFOvgTMO3buWNYtQ&oe=6A3839D8 || Original: https://scontent.fjai6-1.fna.fbcdn.net/v/t39.35426-6/703376062_1257645126558987_5730488603056631425_n.jpg?_nc_cat=109&ccb=1-7&_nc_sid=c53f8f&_nc_ohc=VWS2y8eYfwQQ7kNvwF--3Es&_nc_oc=AdosPfDRjznlmyYqhjjYfO-I_84HRgJwZoLK7rCg8NM7EcioSeznrNLL6tXYpLm_Kl1mbsPxB_SbQrmIPfwVXh75&_nc_zt=14&_nc_ht=scontent.fjai6-1.fna&_nc_gid=1xEbaF3n14NFOKUHWd7ylQ&_nc_ss=7b289&oh=00_Af-9Mwj0t3s1O4MfOv85MrCiBaFkF_vCrOLdaeW-BtEopQ&oe=6A383C35 | Resized: https://scontent.fjai6-1.fna.fbcdn.net/v/t39.35426-6/703978970_1528876922364885_4801832065451408243_n.jpg?stp=dst-jpg_s600x600_tt6&_nc_cat=110&ccb=1-7&_nc_sid=c53f8f&_nc_ohc=kgXW-aJYa2AQ7kNvwHrh2_H&_nc_oc=AdryA80q9svLJLf_-9xXC4WSduKM2bV5tZE9BFbaIsswV3y0n2z2HEV9ErlXYUZcIiLGhmrHPt9hidugg2hRLXNj&_nc_zt=14&_nc_ht=scontent.fjai6-1.fna&_nc_gid=1xEbaF3n14NFOKUHWd7ylQ&_nc_ss=7b289&oh=00_Af_f0jA4Ro340VOQYjXLLKYA7BIpdjX6tpXHrdGL6MoEGg&oe=6A385552 || Original: https://scontent.fjai6-1.fna.fbcdn.net/v/t39.35426-6/703752231_2383488345454062_6412219252620300661_n.jpg?_nc_cat=104&ccb=1-7&_nc_sid=c53f8f&_nc_ohc=HqM1Gd0OxcQQ7kNvwFf1ocK&_nc_oc=AdpXe2CQtl6tpMloAVe7qeODUN1gJ2bpKSaxPpd96U41QfmnYjBURmJMDen7VL3vPe4MZksc-aVnBfZeJfnlcZXe&_nc_zt=14&_nc_ht=scontent.fjai6-1.fna&_nc_gid=1xEbaF3n14NFOKUHWd7ylQ&_nc_ss=7b289&oh=00_Af9BhbAcRX1gd_0aWoVtnNCfKir74rIVpOWxOxBUYrCYMg&oe=6A384103 | Resized: https://scontent.fjai6-1.fna.fbcdn.net/v/t39.35426-6/702996129_27095106926752258_6639844054559881335_n.jpg?stp=dst-jpg_s600x600_tt6&_nc_cat=100&ccb=1-7&_nc_sid=c53f8f&_nc_ohc=aWbp1RBm2gQQ7kNvwE9Ggo3&_nc_oc=AdoTioXDKJnMVjHalyaPBpCtR8MlrHKEm9oog0wMlLV4HDmNTZMTFkzqKkDAkM7IzsVCDv8IL2hJRcwDUlMvs2tN&_nc_zt=14&_nc_ht=scontent.fjai6-1.fna&_nc_gid=1xEbaF3n14NFOKUHWd7ylQ&_nc_ss=7b289&oh=00_Af-g3UZxXGio83JrYHJtlJ_cry5ny7IvWpkqb4A_vVRk9A&oe=6A383237,
1377426627757005,https://www.facebook.com/Indiaresidential/,fb.me,https://www.facebook.com/Indiaresidential/,,,,sales@indiaresidential.com,+91 88256 86571,,,,100176175954637,http://fb.me/,India Residential,https://www.facebook.com/ads/library/?id=1377426627757005,"Elegant Villas & Plots for Sale in Chengalpattu For More Details Please Call 088256 86571
✅DTCP RERA Approved Gated community 
✅Price From Rs.18L*
✅Villa Just 30L*
✅90% Bank Loan from all Major Banks
✅Please Call Us For Free Site Visit  

Hurry up !!! Only a few plots are available.",2340,Book now,fb.me,"FACEBOOK; INSTAGRAM; AUDIENCE_NETWORK",2026-03-20,2026-06-17,,Original: https://scontent.fjai6-1.fna.fbcdn.net/v/t39.35426-6/655161581_1836595700339296_7145743690764836248_n.jpg?_nc_cat=111&ccb=1-7&_nc_sid=c53f8f&_nc_ohc=RqLFNK3tKLQQ7kNvwENfJ_a&_nc_oc=Adr3hZiTLOIoopJSxEGzM8u1feNRmVS8pOMBlpFzM04Xh1XGqWkuW6DVu-9nBci715VpoK88mqwxdrVJUSe3sMeP&_nc_zt=14&_nc_ht=scontent.fjai6-1.fna&_nc_gid=1YySziTLX13p9hGhtNTKYw&_nc_ss=7b289&oh=00_Af-3WmYqz3MHuO8NG7ubSEDtge63FTMT7KX2uOMHcGVGLQ&oe=6A384646 | Resized: https://scontent.fjai6-1.fna.fbcdn.net/v/t39.35426-6/656203852_951544037570242_6266130797450893076_n.jpg?stp=dst-jpg_s600x600_tt6&_nc_cat=105&ccb=1-7&_nc_sid=c53f8f&_nc_ohc=lwMmEFratLYQ7kNvwH7GaYT&_nc_oc=Adr6KsRUkd90KZxmVtJ63gZZim4lsmgPbGrUqZ5PO1IHoUrWEUSzVKTiIrDe_A-HDEsCadqMi7wvhaS4jlJ1IQyw&_nc_zt=14&_nc_ht=scontent.fjai6-1.fna&_nc_gid=1YySziTLX13p9hGhtNTKYw&_nc_ss=7b289&oh=00_Af8OhlBul0Mf6m3KO_jZjQnJBLLp70gOsnKmckyQFl_QMg&oe=6A3839E2,,,,,,
1700577341195990,https://www.facebook.com/100064040229720/,fb.me,https://www.facebook.com/100064040229720/,,,,,+91 98201 97995,,,,129660445164155,http://fb.me/,Premium Properties in INDIA,https://www.facebook.com/ads/library/?id=1700577341195990,"Goa has evolved from a vacation retreat into a premier investment corridor for Non-Resident Indians (NRIs) in 2026. Here are the top 10 reasons why:  

High Rental Yields: Luxury villas in North Goa hotspots like Anjuna and Assagao generate lucrative annual yields of 8–12% via short-term vacation rentals.

Mopa Airport Value-Unlock: The full maturity of Manohar International Airport has boosted property prices in surrounding areas like Pernem and Siolim by nearly 25%.  

Capital Appreciation: Goa outperforms many metros, with select premium pockets seeing staggering year-on-year appreciation of up to 28-30%.  

Remote Work Hub: The rise of the hybrid workforce has turned Goa into a ""First Home"" destination, ensuring year-round demand beyond the tourist season.  

Infrastructure Upgrades: The completion of the Porvorim Elevated Corridor (April 2026) and NH-66 widening has drastically reduced travel times.  

Land Scarcity: Strict CRZ (Coastal Regulation Zone) norms and limited developable land ensure that supply remains tight, protecting long-term asset value.  

Lifestyle Upgrade: NRIs prioritize Goa for its superior air quality, wellness-centric living, and world-class culinary scene compared to congested global cities.  

Favorable Exchange Rates: The strength of foreign currencies like the USD and AED makes luxury Goa real estate highly affordable for overseas buyers.  

Retirement Planning: A growing number of NRIs are securing ""legacy homes"" now to serve as their primary residence for a high-quality retirement.

Stable Diversification: Real estate in Goa serves as a robust hedge against global market volatility, offering a tangible asset in a high-growth tourism economy.",940,Get offer,fb.me,"FACEBOOK; INSTAGRAM",2026-06-05,2026-06-16,HD: https://video.fjai6-1.fna.fbcdn.net/o1/v/t2/f2/m366/AQOtu_H-7q0Ubti52YTWeosrsuB5p7DajwWy_r6tzkAN4WpgxQRnnTFEiDx9Vu8YdxteUttETy1tGyadan1ukGpEChmcPN0DkZRJ8zwXquGk5A.mp4?_nc_cat=107&_nc_oc=Adpq1VQYTOqkc6CnQeVbQOUW6b5bsyL__lddDOiKQc3WC-sasIx3qNg_bw17Igx3aFunBsRzwOikhNcUbcop9rV6&_nc_sid=b66105&_nc_ht=video.fjai6-1.fna.fbcdn.net&_nc_ohc=rOyYCHQfpVQQ7kNvwHjAKY8&efg=eyJ2ZW5jb2RlX3RhZyI6Inhwdl9wcm9ncmVzc2l2ZS5WSV9VU0VDQVNFX1BST0RVQ1RfVFlQRS4uQzMuNzIwLmRhc2hfaDI2NC1iYXNpYy1nZW4yXzcyMHAiLCJ4cHZfYXNzZXRfaWQiOjE1MTA4NzY2NDM5Njk1NjYsImFzc2V0X2FnZV9kYXlzIjozNSwidmlfdXNlY2FzZV9pZCI6MTA3OTksImR1cmF0aW9uX3MiOjI4LCJ1cmxnZW5fc291cmNlIjoid3d3In0%3D&ccb=17-1&vs=6a1a58baeee38535&_nc_vs=HBksFQIYRWZiX2VwaGVtZXJhbC80QjQwQzczRjgzODQzMjczNEYxRkI4RkEwM0YzNTY4Ql9tdF8xX3ZpZGVvX2Rhc2hpbml0Lm1wNBUAAsgBEgAVAhhAZmJfcGVybWFuZW50Lzc4NEFDMEExMEU3RUU0NjE0QkMzNzFDRTA2MDQxNkE2X2F1ZGlvX2Rhc2hpbml0Lm1wNBUCAsgBEgAoABgAGwKIB3VzZV9vaWwBMRJwcm9ncmVzc2l2ZV9yZWNpcGUBMRUAACa8qM6azIivBRUCKAJDMywXQDwAAAAAAAAYGWRhc2hfaDI2NC1iYXNpYy1nZW4yXzcyMHARAHUAZd6oAQA&_nc_gid=1YySziTLX13p9hGhtNTKYw&_nc_ss=7b289&_nc_zt=28&oh=00_Af86hH0W8c-R4ib-NVweT5n6c-nepTgiWSzQIp3LYUPPDA&oe=6A385DD5 | SD: https://video.fjai6-1.fna.fbcdn.net/o1/v/t2/f2/m412/AQP4ksOiv1UgBgF9huyw7pkzlv8kgE1psHdaZNfZzSQfM9V88TZVBwEGSwyjY1JL6x9M5A6FrKjCfIw-MMKK5MS08RGih4AgbuhEpkBFdg.mp4?_nc_cat=100&_nc_oc=AdprTXwN3ocOwHUMZBzpUhliPzNUV9pgebf84oMxr8VzbCiLCbh1OEGP9XZc6Kq2QlQXSzj0-7W-epPMzarF0a9u&_nc_sid=ef5aa3&_nc_ht=video.fjai6-1.fna.fbcdn.net&_nc_ohc=I3CzJokCkMEQ7kNvwF1n5bz&efg=eyJ2ZW5jb2RlX3RhZyI6Inhwdl9wcm9ncmVzc2l2ZS5WSV9VU0VDQVNFX1BST0RVQ1RfVFlQRS4uQzMuMzYwLnN2ZV9zZCIsInhwdl9hc3NldF9pZCI6MTUxMDg3NjY0Mzk2OTU2NiwiYXNzZXRfYWdlX2RheXMiOjM1LCJ2aV91c2VjYXNlX2lkIjoxMDc5OSwiZHVyYXRpb25fcyI6MjgsInVybGdlbl9zb3VyY2UiOiJ3d3cifQ%3D%3D&ccb=17-1&_nc_gid=1YySziTLX13p9hGhtNTKYw&_nc_ss=7b289&_nc_zt=28&oh=00_Af-u0WPxYbfAxNHJ1lAliguoF7rAntBhOIxErdQYL67qmQ&oe=6A384D2A | Preview: https://scontent.fjai6-1.fna.fbcdn.net/v/t39.35426-6/695762072_1281918270274786_8364998217259537743_n.jpg?_nc_cat=102&ccb=1-7&_nc_sid=c53f8f&_nc_ohc=gz_vUglhuukQ7kNvwGH0gnJ&_nc_oc=AdpOn2cISbPGhq3k3GqWh1q_yUoxSeyPws8Ow9kdviTWyUBckrql_jjSR3Z79SWIAoyYHTw4ESBz5s09DDfephMl&_nc_zt=14&_nc_ht=scontent.fjai6-1.fna&_nc_gid=1YySziTLX13p9hGhtNTKYw&_nc_ss=7b289&oh=00_Af-7aSkxUXTkQOHhvsrwuWYun33oDa1pOn4iSp6EYtdroA&oe=6A3845A9,,,,,,,
913124701215079,https://www.facebook.com/61571669887759/,fb.me,https://www.facebook.com/61571669887759/,,,,info.supremevillas@gmail.com,+91 98204 78656,,,,536634332863747,http://fb.me/,Stayinsupreme ,https://www.facebook.com/ads/library/?id=913124701215079,Experience luxury villas by StayinSupreme,72,Book now,fb.me,"FACEBOOK; INSTAGRAM; AUDIENCE_NETWORK",2026-02-23,2026-06-17,,Original: https://scontent.fjai6-1.fna.fbcdn.net/v/t39.35426-6/616235257_25353237794372057_6982006149564833206_n.jpg?_nc_cat=103&ccb=1-7&_nc_sid=c53f8f&_nc_ohc=iKmldrlbgDAQ7kNvwHrT7yD&_nc_oc=AdownAdwJuSG0oSwBsJpAOcbRkFAXqZRujrKAGnkjJ9fOsiBqr-yO3Zpgq_buN7JAWZQ5X9goVgZ1UoSVSsa1crp&_nc_zt=14&_nc_ht=scontent.fjai6-1.fna&_nc_gid=1YySziTLX13p9hGhtNTKYw&_nc_ss=7b289&oh=00_Af8tBQ6z8r6MwRF_ozr7Dd-DSOsV5LuVI54SKBTgcMt4Hw&oe=6A386175 | Resized: https://scontent.fjai6-1.fna.fbcdn.net/v/t39.35426-6/616168955_1622753218642318_8432377855357688516_n.jpg?stp=dst-jpg_s600x600_tt6&_nc_cat=103&ccb=1-7&_nc_sid=c53f8f&_nc_ohc=BNieF8UrdKkQ7kNvwGAlMku&_nc_oc=AdqN1pa4RtVk0UhVHoXGyPB3N1hf3WKmJyWQVuOYQ1slD6-uuo52pzbwLfwM3-pK_Wa3raT0GxxXXCgzcQrPpHYQ&_nc_zt=14&_nc_ht=scontent.fjai6-1.fna&_nc_gid=1YySziTLX13p9hGhtNTKYw&_nc_ss=7b289&oh=00_Af-sgZG5fe2a6k4MQzlKPg-nZRXhcxVo4bD1kfiNWu6jww&oe=6A3863D4,,,,,,
987108560575778,https://www.facebook.com/santhustainfracon/,fb.me,https://www.facebook.com/santhustainfracon/,,,,,,,,,649217371614163,http://fb.me/,Santhusta Infracon,https://www.facebook.com/ads/library/?id=987108560575778,"Step into Premium Living with Santhusta 99D Villa: Spacious 4 BHK Villas in Nandi Hills, starting at ₹2.05 Cr*

✅ Spacious 4 BHK villas crafted for privacy, comfort, and modern living
✅ Limited 99-Villa community ensuring exclusivity & low-density living
✅ Premium clubhouse & curated lifestyle amenities for holistic living
✅ Luxury villas surrounded by lush landscapes & open spaces
✅ Prime location near Nandi Hills with excellent connectivity to Bangalore
✅ Approved by all major banks with easy home loan assistance available

RERA: PRM/KA/RERA/1250/301/PR/140825/008001

Schedule a Free Site Visit with us Today!",383,Book now,fb.me,"FACEBOOK; INSTAGRAM; AUDIENCE_NETWORK",2026-05-29,2026-06-17,HD: https://video.fjai6-1.fna.fbcdn.net/o1/v/t2/f2/m366/AQMbAulfXz7JZC_fQukU5kDo_UwK5XfL5n5mDl4AJseWvp5UqUOlirPTFGL7A8xe-unkoN9OUzi5gP7k01ga-5SNiD0qXZhXxIFRhUv9w0Z_JA.mp4?_nc_cat=105&_nc_oc=Adrf6ZLyT93rPLW_1oEKMU396PWcWs_zzrLwkOoLesfwvTmlFY87eXiPwa22VpZKwe3WXYzwmmnSt-jNkbFzMqeJ&_nc_sid=b66105&_nc_ht=video.fjai6-1.fna.fbcdn.net&_nc_ohc=c7Nqjwfc7zUQ7kNvwG9jMLp&efg=eyJ2ZW5jb2RlX3RhZyI6Inhwdl9wcm9ncmVzc2l2ZS5WSV9VU0VDQVNFX1BST0RVQ1RfVFlQRS4uQzMuNzIwLmRhc2hfaDI2NC1iYXNpYy1nZW4yXzcyMHAiLCJ4cHZfYXNzZXRfaWQiOjI3NjM4NzE5Mjg1NzI5MjEwLCJhc3NldF9hZ2VfZGF5cyI6MzQsInZpX3VzZWNhc2VfaWQiOjEwNzk5LCJkdXJhdGlvbl9zIjozOSwidXJsZ2VuX3NvdXJjZSI6Ind3dyJ9&ccb=17-1&vs=5ab3d20b31194ae9&_nc_vs=HBksFQIYRWZiX2VwaGVtZXJhbC8wODQwODFFQUIxQjE0OUIzQUZCNTE0NUU3RTAyNjdCMV9tdF8xX3ZpZGVvX2Rhc2hpbml0Lm1wNBUAAsgBEgAVAhhAZmJfcGVybWFuZW50LzBGNEY5RDY0OTFBMEZGRDM0NEYyREQ0MTA3QzJBMUFCX2F1ZGlvX2Rhc2hpbml0Lm1wNBUCAsgBEgAoABgAGwKIB3VzZV9vaWwBMRJwcm9ncmVzc2l2ZV9yZWNpcGUBMRUAACb03pTRmdGYYhUCKAJDMywXQEOUeuFHrhQYGWRhc2hfaDI2NC1iYXNpYy1nZW4yXzcyMHARAHUAZd6oAQA&_nc_gid=1YySziTLX13p9hGhtNTKYw&_nc_ss=7b289&_nc_zt=28&oh=00_Af_E-y5kZjKWiapL7OB14PHJXLz8KrP-DomoNijujldu_g&oe=6A3830BF | SD: https://video.fjai6-1.fna.fbcdn.net/o1/v/t2/f2/m412/AQO1x1666vXWpjJ9BHrPoVL8e4x1GnY_WhpYd9OqDuqV-58hmHOmN-p8nYDgCWrNSMPT67MQ0dMNJQT4Y_TL1ZtolOOrT13H_BqPBqB7eA.mp4?_nc_cat=100&_nc_oc=AdrFa-hwlYvPcAC7ze8VIfW-1U_RROXExF0KRRfM3S1byA41cdhmG0WfrPU2qrDWF9THYTd4hccITHNp8msSPUdJ&_nc_sid=ef5aa3&_nc_ht=video.fjai6-1.fna.fbcdn.net&_nc_ohc=pDHq3dcBsu8Q7kNvwGyUv41&efg=eyJ2ZW5jb2RlX3RhZyI6Inhwdl9wcm9ncmVzc2l2ZS5WSV9VU0VDQVNFX1BST0RVQ1RfVFlQRS4uQzMuMzYwLnN2ZV9zZCIsInhwdl9hc3NldF9pZCI6Mjc2Mzg3MTkyODU3MjkyMTAsImFzc2V0X2FnZV9kYXlzIjozNCwidmlfdXNlY2FzZV9pZCI6MTA3OTksImR1cmF0aW9uX3MiOjM5LCJ1cmxnZW5fc291cmNlIjoid3d3In0%3D&ccb=17-1&_nc_gid=1YySziTLX13p9hGhtNTKYw&_nc_ss=7b289&_nc_zt=28&oh=00_Af_GySIyusg8v38pkfYBldWXLJ5VlyM8JevAx-ooq-IrDA&oe=6A382F26 | Preview: https://scontent.fjai6-1.fna.fbcdn.net/v/t39.35426-6/709015843_26888924254102757_728278625016749583_n.jpg?_nc_cat=102&ccb=1-7&_nc_sid=c53f8f&_nc_ohc=8KPz0vS0GYoQ7kNvwHNkdF0&_nc_oc=Adp24QuPRWbKm8Sqq5L-iPGrFIkFL4hsQGQJB6X2BEPuNVICljV1BGzEyhqq_ejIEQywCYbFbjjlvgkvuM3axV1Y&_nc_zt=14&_nc_ht=scontent.fjai6-1.fna&_nc_gid=1YySziTLX13p9hGhtNTKYw&_nc_ss=7b289&oh=00_Af-cjL-PWd8pli-TM7BULFEVED2PmkSl8br_TcXiwTur0A&oe=6A3859E8,,,,,,,
1476560187281871,https://www.facebook.com/61589827725294/,fb.me,https://www.facebook.com/61589827725294/,,,,,,,,,1128327923700216,http://fb.me/,Luxury Villas in Siruseri,https://www.facebook.com/ads/library/?id=1476560187281871,"🏡 Premium 3 & 4 BHK Row Villas in Siruseri

✨ Siruseri’s New Landmark 
🏡 Premium Row Villas 
📍 Prime location in Siruseri 
🏡 Spacious villa living 
🔜 Coming Soon
✅ Superior Quality Construction 
⏱️ On-Time Delivery

✨ Your Dream Home awaits!
👉 Click On “Get Quote” to Know More & Book Your Site Visit!",2,Get quote,fb.me,"FACEBOOK; INSTAGRAM; AUDIENCE_NETWORK",2026-06-03,2026-06-17,,,"🏡 Premium 3 & 4 BHK Row Villas in Siruseri

✨ Siruseri’s New Landmark 
🏡 Premium Row Villas 
📍 Prime location in Siruseri 
🏡 Spacious villa living 
🔜 Coming Soon
✅ Superior Quality Construction 
⏱️ On-Time Delivery

✨ Your Dream Home awaits!
👉 Click On “Get Quote” to Know More & Book Your Site Visit! || 🏡 Premium 3 & 4 BHK Row Villas in Siruseri

✨ Siruseri’s New Landmark 
🏡 Premium Row Villas 
📍 Prime location in Siruseri 
🏡 Spacious villa living 
🔜 Coming Soon
✅ Superior Quality Construction 
⏱️ On-Time Delivery

✨ Your Dream Home awaits!
👉 Click On “Get Quote” to Know More & Book Your Site Visit!",http://fb.me/ || http://fb.me/,,Get Quote || Get Quote,Original: https://scontent.fjai6-1.fna.fbcdn.net/v/t39.35426-6/715537398_2225847211567808_7120855077229724648_n.jpg?_nc_cat=104&ccb=1-7&_nc_sid=c53f8f&_nc_ohc=f_BArWNYZCAQ7kNvwFUMvDk&_nc_oc=Adrn5WrgujochNOO8jes9J0awSNSFopqFk7W4ols0ZM0f8EYz2xp1Awb9r91zNk5sjDmXiZeznTxLhh4ihflkhFj&_nc_zt=14&_nc_ht=scontent.fjai6-1.fna&_nc_gid=1YySziTLX13p9hGhtNTKYw&_nc_ss=7b289&oh=00_Af_K-kfqijJbT5cfUU793M6xIF0P5p_vZ1E6C5tmefK4og&oe=6A383E4C | Resized: https://scontent.fjai6-1.fna.fbcdn.net/v/t39.35426-6/715930386_3962495347382761_2540977938208811563_n.jpg?stp=dst-jpg_s600x600_tt6&_nc_cat=110&ccb=1-7&_nc_sid=c53f8f&_nc_ohc=WjLxGnjjEJsQ7kNvwHKcYsL&_nc_oc=Adotm8IGELx-XwAn2esvzLx22CKhlLfJczTxUpRfYgmp9Thb7ah7K0XjGlEMVNCdHo43W1B0Ck4U_iN6i27J7ZEB&_nc_zt=14&_nc_ht=scontent.fjai6-1.fna&_nc_gid=1YySziTLX13p9hGhtNTKYw&_nc_ss=7b289&oh=00_Af-IyoNRINby4gMlsjqC3b1llPvdvMXY-Uy37m_vx_pHUQ&oe=6A385503 || Original: https://scontent.fjai6-1.fna.fbcdn.net/v/t39.35426-6/712389629_1759328781881414_4021077405246983237_n.jpg?_nc_cat=102&ccb=1-7&_nc_sid=c53f8f&_nc_ohc=Vaaah1gGzbEQ7kNvwG8iD6w&_nc_oc=AdpGvxg9gAimNQp-swvFsnvrEmh7GTgf1JIw2qXkiVPVRRmbJsf3fZqaR1B7PbjJ2BdbM5AJT43VBPCB7zkpdLH4&_nc_zt=14&_nc_ht=scontent.fjai6-1.fna&_nc_gid=1YySziTLX13p9hGhtNTKYw&_nc_ss=7b289&oh=00_Af8sVXu3Y-PHLhBiOIgUTr8AIExh9Wwn6VtGshvnxz4aLg&oe=6A382F59 | Resized: https://scontent.fjai6-1.fna.fbcdn.net/v/t39.35426-6/715830006_1757358891922500_7228119929446385016_n.jpg?stp=dst-jpg_s600x600_tt6&_nc_cat=103&ccb=1-7&_nc_sid=c53f8f&_nc_ohc=mHQJ5Xynwh8Q7kNvwGNn9kC&_nc_oc=AdoOEVoHatlbsqmmavHlJtDUeWLC3UBUkgKokwjbkg7_i8T27cfKcitEaTxNLt3aZeC-AJeEdsbmLFR-pOdDdL8W&_nc_zt=14&_nc_ht=scontent.fjai6-1.fna&_nc_gid=1YySziTLX13p9hGhtNTKYw&_nc_ss=7b289&oh=00_Af9qE4rC9EA7fEjWxxHwkH4Vh42UIlq4qcTFmJ1sUZ5zbg&oe=6A383892,
26496926319979076,https://www.facebook.com/kappasensesubud/,kappasenses.com,https://www.facebook.com/kappasensesubud/,,,,res.ubud@kappasenses.com,,,,,109727818437322,https://www.kappasenses.com/,Kappa Senses Ubud,https://www.facebook.com/ads/library/?id=26496926319979076,"Luxury Summer Escape in Ubud

Escape the ordinary with a summer stay at Kappa Senses Ubud, a luxury French resort – spa in Ubud surrounded by tropical jungle and serene rice fields. Enjoy exclusive Summer Offers, luxury villas, spa experiences, infinity pools, and holistic wellness in the heart of Bali. Your perfect Ubud wellness retreat awaits.

#SummerInUbud #KappaSensesUbud #LuxuryWellnessRetreat",1587,Book now,www.kappasenses.com,"FACEBOOK; INSTAGRAM; MESSENGER; WHATSAPP; THREADS",2026-05-18,2026-06-17,HD: https://video.fjai6-1.fna.fbcdn.net/o1/v/t2/f2/m366/AQMAiurWqjH-JKLh6ds91B1d2uo0OFOHtsmW6s3QSkZcyFMn2WTMX5pFlWax4AAYaq7TMm72-7x2Mc_uQXzpwzItAh0SyDO73RR0T8RdqAYqCg.mp4?_nc_cat=108&_nc_oc=AdpKl1Lst6Lok8IhC6Fqrgm_Dw-pLer68LiCg-YiHA6TB1zvyMEBVP5d0cI2jtjBhVDzF_06-7dpFw6ewVDBevBp&_nc_sid=b66105&_nc_ht=video.fjai6-1.fna.fbcdn.net&_nc_ohc=DSC2YJXhj-QQ7kNvwENMjEC&efg=eyJ2ZW5jb2RlX3RhZyI6Inhwdl9wcm9ncmVzc2l2ZS5WSV9VU0VDQVNFX1BST0RVQ1RfVFlQRS4uQzMuNzIwLmRhc2hfaDI2NC1iYXNpYy1nZW4yXzcyMHAiLCJ4cHZfYXNzZXRfaWQiOjEyODIzMTc4MDA3NTQ2ODMsImFzc2V0X2FnZV9kYXlzIjozMiwidmlfdXNlY2FzZV9pZCI6MTA3OTksImR1cmF0aW9uX3MiOjMxLCJ1cmxnZW5fc291cmNlIjoid3d3In0%3D&ccb=17-1&vs=423404cef382ebd0&_nc_vs=HBksFQIYRWZiX2VwaGVtZXJhbC84RDRFRTA5NkE0NTY1QkUzMDNBM0QxRTdFNjI4NDU5MF9tdF8xX3ZpZGVvX2Rhc2hpbml0Lm1wNBUAAsgBEgAVAhhAZmJfcGVybWFuZW50L0RDNDk5N0I3RkU5MTVBRjAzOTlBMUNDRDRERTA3QUI5X2F1ZGlvX2Rhc2hpbml0Lm1wNBUCAsgBEgAoABgAGwKIB3VzZV9vaWwBMRJwcm9ncmVzc2l2ZV9yZWNpcGUBMRUAACb2t4aQ3JDHBBUCKAJDMywXQD_uVgQYk3UYGWRhc2hfaDI2NC1iYXNpYy1nZW4yXzcyMHARAHUAZd6oAQA&_nc_gid=P3gnuhmVvlJ5jXXsoNX0_A&_nc_ss=7b289&_nc_zt=28&oh=00_Af-2ROlLg-r6Q2vKMn3Cz1pPBU2LJGF-GiSOuuntWOILxg&oe=6A384FB4 | SD: https://video.fjai6-1.fna.fbcdn.net/o1/v/t2/f2/m412/AQPLdnPng4cEdJd9LY1rHpG3qpg_xqeG9bC4wiZntxU5kKLwcbDJ6V6S_O7jgG7RmsmHkNt0ZhyXOAsynw9X8ZuJW1LADOYaDrl_jJ9HSg.mp4?_nc_cat=101&_nc_oc=AdoAtG6UCsIe37cZq_vnOAEOj-oV1NXByNQ5tV2si3aqWjOpJxiAVzd4sT9YclzBFjd39tJz0sDRfo1qaxm-K1dI&_nc_sid=ef5aa3&_nc_ht=video.fjai6-1.fna.fbcdn.net&_nc_ohc=_IrA4HiuUX4Q7kNvwEwQj2O&efg=eyJ2ZW5jb2RlX3RhZyI6Inhwdl9wcm9ncmVzc2l2ZS5WSV9VU0VDQVNFX1BST0RVQ1RfVFlQRS4uQzMuMzYwLnN2ZV9zZCIsInhwdl9hc3NldF9pZCI6MTI4MjMxNzgwMDc1NDY4MywiYXNzZXRfYWdlX2RheXMiOjMyLCJ2aV91c2VjYXNlX2lkIjoxMDc5OSwiZHVyYXRpb25fcyI6MzEsInVybGdlbl9zb3VyY2UiOiJ3d3cifQ%3D%3D&ccb=17-1&_nc_gid=P3gnuhmVvlJ5jXXsoNX0_A&_nc_ss=7b289&_nc_zt=28&oh=00_Af9ZmPcHRw6hNjfd7eAx6La0roiqkHkADSwxwWEfIvQdDg&oe=6A385939 | Preview: https://scontent.fjai6-1.fna.fbcdn.net/v/t39.35426-6/699355324_989934370349831_168017609009504643_n.jpg?_nc_cat=109&ccb=1-7&_nc_sid=c53f8f&_nc_ohc=dPXA8SotQNQQ7kNvwEYVIKB&_nc_oc=Adq_fsMexOvb5y0r0DNGW47hYASORu4rV_VZHH4yL_6UjXHvC_044-_ypypyE5RPh8Af_Z5Ky2u2jwQXzzL3sUB0&_nc_zt=14&_nc_ht=scontent.fjai6-1.fna&_nc_gid=P3gnuhmVvlJ5jXXsoNX0_A&_nc_ss=7b289&oh=00_Af8w8EtnyCxXkSAMDZWFRB-9xTQCrHPdBT5H8dp6-49NpQ&oe=6A38625E,,,,,,,
1501559154780966,https://www.facebook.com/amaStaysAndTrails/,amastaysandtrails.com,https://www.facebook.com/amaStaysAndTrails/,,,,"book@amastaysandtrails.com, website.feedback@ihcltata.com","+91 80 6187 3747, +918061873747",,,,191373052228,https://www.amastaysandtrails.com/en-in/destinations?utm_source=MetaAds&utm_medium=Social_Paid&utm_campaign=TamilNadu,amã Stays & Trails,https://www.facebook.com/ads/library/?id=1501559154780966,"Tired of crowded vacations? Escape deeper into Tamil Nadu’s untouched hills 🌿

Private villas, panoramic views, complete seclusion 🏞️ If the stay is the highlight, you’re exactly where you need to be.
Book your offbeat escape ✨

#amastaysandtrails #TamilNadu #OffbeatGetaways #LuxuryVillas #StaycationIndia

(offbeat stays Tamil Nadu, luxury villas Tamil Nadu, private villas India, hidden stays Tamil Nadu, scenic hill stays India)",46096,Book now,www.amastaysandtrails.com,INSTAGRAM,2026-06-10,2026-06-17,HD: https://video.fjai6-1.fna.fbcdn.net/o1/v/t2/f2/m366/AQNBEMtvAAGD8eHzPhvYQ47vVBT0gpb1ItPj_3l6GahYkm9_UgiyVkDy1LhZgazT_Du72_33Woqn3LDLf9qCpOoEbH2Qk4NzCz1YYs_60Po3TQ.mp4?_nc_cat=104&_nc_oc=AdpB6XSfsq2tRkYgZWGbMYSisFapOdI3Y-_1QiHJ-VvxMe4rtNgMEsdGFknFqb8ACQStG2zBLGxN_StXbg1h2leE&_nc_sid=b66105&_nc_ht=video.fjai6-1.fna.fbcdn.net&_nc_ohc=s4u9o8uXvVkQ7kNvwHh-kKA&efg=eyJ2ZW5jb2RlX3RhZyI6Inhwdl9wcm9ncmVzc2l2ZS5WSV9VU0VDQVNFX1BST0RVQ1RfVFlQRS4uQzMuNzIwLmRhc2hfaDI2NC1iYXNpYy1nZW4yXzcyMHAiLCJ4cHZfYXNzZXRfaWQiOjE2NjQ3NTcwNTgwMTA0NDMsImFzc2V0X2FnZV9kYXlzIjo1NywidmlfdXNlY2FzZV9pZCI6MTA3OTksImR1cmF0aW9uX3MiOjM1LCJ1cmxnZW5fc291cmNlIjoid3d3In0%3D&ccb=17-1&vs=916fe8a8f296405d&_nc_vs=HBksFQIYRWZiX2VwaGVtZXJhbC8yODRFQ0ZENzg4NTk2NzA5ODQ0MzFGMkU1RTEzOTFBQl9tdF8xX3ZpZGVvX2Rhc2hpbml0Lm1wNBUAAsgBEgAVAhhAZmJfcGVybWFuZW50L0VGNEE2NDc2REExMENGMTM3MDU2MjQ0QjQ4NDgzRDg1X2F1ZGlvX2Rhc2hpbml0Lm1wNBUCAsgBEgAoABgAGwKIB3VzZV9vaWwBMRJwcm9ncmVzc2l2ZV9yZWNpcGUBMRUAACaW9aPRzoX1BRUCKAJDMywXQEHqn752yLQYGWRhc2hfaDI2NC1iYXNpYy1nZW4yXzcyMHARAHUAZd6oAQA&_nc_gid=P3gnuhmVvlJ5jXXsoNX0_A&_nc_ss=7b289&_nc_zt=28&oh=00_Af-5zbHpbPjHV0LxDYvSILiWhDYt4bnF6s_w75vww-CxYg&oe=6A3847E8 | SD: https://video.fjai6-1.fna.fbcdn.net/o1/v/t2/f2/m412/AQNSnUVszhCaUvgsvpGDNhcNu5JL9AwlP-bPqBlYZxv3XLogvz4EGpJX1kZzonpwiMXPWZVAwawm3lvenZmuNGfRbjxlEFhVDUxOYHrjFw.mp4?_nc_cat=109&_nc_oc=Adp2t0yXjSw_WJ8UgoJCaMvcYt-RFayUjap7VFlmJyx1qHd9yrAYZid_O3cWwFGsS9yVdpadyKMelMnxPUULMO5u&_nc_sid=ef5aa3&_nc_ht=video.fjai6-1.fna.fbcdn.net&_nc_ohc=ysKZ4azu68gQ7kNvwHkXm0k&efg=eyJ2ZW5jb2RlX3RhZyI6Inhwdl9wcm9ncmVzc2l2ZS5WSV9VU0VDQVNFX1BST0RVQ1RfVFlQRS4uQzMuMzYwLnN2ZV9zZCIsInhwdl9hc3NldF9pZCI6MTY2NDc1NzA1ODAxMDQ0MywiYXNzZXRfYWdlX2RheXMiOjU3LCJ2aV91c2VjYXNlX2lkIjoxMDc5OSwiZHVyYXRpb25fcyI6MzUsInVybGdlbl9zb3VyY2UiOiJ3d3cifQ%3D%3D&ccb=17-1&_nc_gid=P3gnuhmVvlJ5jXXsoNX0_A&_nc_ss=7b289&_nc_zt=28&oh=00_Af8dZ1XFtDrEV9JVICtrxHEwLXOD0JLPZfbt9Bh8YzqMNQ&oe=6A3842F9 | Preview: https://scontent.fjai6-1.fna.fbcdn.net/v/t39.35426-6/719900469_1292502066199114_2574113439692568368_n.jpg?_nc_cat=106&ccb=1-7&_nc_sid=c53f8f&_nc_ohc=IrjMfaAChZ8Q7kNvwFoX7E-&_nc_oc=AdoX-ZrNBeW0yUteQIuGO01xnPyeHqfCtNAnevML1_o9hBxkR2S6EkjJomcJJswcomIICH8E3DPTCL9H3zLDT-Ls&_nc_zt=14&_nc_ht=scontent.fjai6-1.fna&_nc_gid=P3gnuhmVvlJ5jXXsoNX0_A&_nc_ss=7b289&oh=00_Af_MqPbeIUExbdAYP9cCseh-CfhCAAleURohqhQiM-EGxA&oe=6A384D56,,,,,,,
1104190502785723,https://www.facebook.com/inspirabuilder/,fb.me,https://www.facebook.com/inspirabuilder/,,,,digital@inspirabuilders.com,+91 76767 80000,,,,879992248778487,http://fb.me/,Inspira Builders,https://www.facebook.com/ads/library/?id=1104190502785723,"Code Name TOL | Ultra Premium Villas in Sarjapura

Elevate your living - Own an Exclusive villa situated in the heart of Sarjapura, just 500 meters from the upcoming Sarjapur Metro station 🚇

Four levels of luxury with private lift & private Water deck 🌊

𝐖𝐡𝐲 𝐭𝐡𝐢𝐬 𝐏𝐫𝐨𝐣𝐞𝐜𝐭?
🏡 Own a Plot + Villa (G+3) with Private Lift
🌳 14 Acres | 211 Exclusive Villas
💰 ₹3.5 Cr* Onwards
🚇 Just 500m from Upcoming Sarjapur Metro Station

📐 𝐀𝐯𝐚𝐢𝐥𝐚𝐛𝐥𝐞 𝐂𝐨𝐧𝐟𝐢𝐠𝐮𝐫𝐚𝐭𝐢𝐨𝐧𝐬:
* 30×40 – 3300 Built-Up Area
* 30×50 – 3800 Built-Up Area
* 40×60 – 4800 Built-Up Area

💎 𝐊𝐞𝐲 𝐇𝐢𝐠𝐡𝐥𝐢𝐠𝐡𝐭𝐬 𝐨𝐟 𝐕𝐢𝐥𝐥𝐚:
🛗 Private Lift | 🌊 Water Deck | 🍸 Terrace Bar Lounge | 🏠 Double Height Living | 👗 Walk-in Wardrobes | 🏢 Home Office Space
🏢 30,000 sqft Grand Clubhouse – Gym, Pool, Indoor Games, Amphitheatre & more
📈 High Appreciation Zone | Limited Villas
💰 Perfect for Luxury Living & Smart Investment",88510,Sign up,fb.me,"FACEBOOK; INSTAGRAM; AUDIENCE_NETWORK",2026-06-04,2026-06-17,,,"Code Name TOL | Ultra Premium Villas in Sarjapura

Elevate your living - Own an Exclusive villa situated in the heart of Sarjapura, just 500 meters from the upcoming Sarjapur Metro station 🚇

Four levels of luxury with private lift & private Water deck 🌊

𝐖𝐡𝐲 𝐭𝐡𝐢𝐬 𝐏𝐫𝐨𝐣𝐞𝐜𝐭?
🏡 Own a Plot + Villa (G+3) with Private Lift
🌳 14 Acres | 211 Exclusive Villas
💰 ₹3.5 Cr* Onwards
🚇 Just 500m from Upcoming Sarjapur Metro Station

📐 𝐀𝐯𝐚𝐢𝐥𝐚𝐛𝐥𝐞 𝐂𝐨𝐧𝐟𝐢𝐠𝐮𝐫𝐚𝐭𝐢𝐨𝐧𝐬:
* 30×40 – 3300 Built-Up Area
* 30×50 – 3800 Built-Up Area
* 40×60 – 4800 Built-Up Area

💎 𝐊𝐞𝐲 𝐇𝐢𝐠𝐡𝐥𝐢𝐠𝐡𝐭𝐬 𝐨𝐟 𝐕𝐢𝐥𝐥𝐚:
🛗 Private Lift | 🌊 Water Deck | 🍸 Terrace Bar Lounge | 🏠 Double Height Living | 👗 Walk-in Wardrobes | 🏢 Home Office Space
🏢 30,000 sqft Grand Clubhouse – Gym, Pool, Indoor Games, Amphitheatre & more
📈 High Appreciation Zone | Limited Villas
💰 Perfect for Luxury Living & Smart Investment || Code Name TOL | Ultra Premium Villas in Sarjapura

Elevate your living - Own an Exclusive villa situated in the heart of Sarjapura, just 500 meters from the upcoming Sarjapur Metro station 🚇

Four levels of luxury with private lift & private Water deck 🌊

𝐖𝐡𝐲 𝐭𝐡𝐢𝐬 𝐏𝐫𝐨𝐣𝐞𝐜𝐭?
🏡 Own a Plot + Villa (G+3) with Private Lift
🌳 14 Acres | 211 Exclusive Villas
💰 ₹3.5 Cr* Onwards
🚇 Just 500m from Upcoming Sarjapur Metro Station

📐 𝐀𝐯𝐚𝐢𝐥𝐚𝐛𝐥𝐞 𝐂𝐨𝐧𝐟𝐢𝐠𝐮𝐫𝐚𝐭𝐢𝐨𝐧𝐬:
* 30×40 – 3300 Built-Up Area
* 30×50 – 3800 Built-Up Area
* 40×60 – 4800 Built-Up Area

💎 𝐊𝐞𝐲 𝐇𝐢𝐠𝐡𝐥𝐢𝐠𝐡𝐭𝐬 𝐨𝐟 𝐕𝐢𝐥𝐥𝐚:
🛗 Private Lift | 🌊 Water Deck | 🍸 Terrace Bar Lounge | 🏠 Double Height Living | 👗 Walk-in Wardrobes | 🏢 Home Office Space
🏢 30,000 sqft Grand Clubhouse – Gym, Pool, Indoor Games, Amphitheatre & more
📈 High Appreciation Zone | Limited Villas
💰 Perfect for Luxury Living & Smart Investment || Code Name TOL | Ultra Premium Villas in Sarjapura

Elevate your living - Own an Exclusive villa situated in the heart of Sarjapura, just 500 meters from the upcoming Sarjapur Metro station 🚇

Four levels of luxury with private lift & private Water deck 🌊

𝐖𝐡𝐲 𝐭𝐡𝐢𝐬 𝐏𝐫𝐨𝐣𝐞𝐜𝐭?
🏡 Own a Plot + Villa (G+3) with Private Lift
🌳 14 Acres | 211 Exclusive Villas
💰 ₹3.5 Cr* Onwards
🚇 Just 500m from Upcoming Sarjapur Metro Station

📐 𝐀𝐯𝐚𝐢𝐥𝐚𝐛𝐥𝐞 𝐂𝐨𝐧𝐟𝐢𝐠𝐮𝐫𝐚𝐭𝐢𝐨𝐧𝐬:
* 30×40 – 3300 Built-Up Area
* 30×50 – 3800 Built-Up Area
* 40×60 – 4800 Built-Up Area

💎 𝐊𝐞𝐲 𝐇𝐢𝐠𝐡𝐥𝐢𝐠𝐡𝐭𝐬 𝐨𝐟 𝐕𝐢𝐥𝐥𝐚:
🛗 Private Lift | 🌊 Water Deck | 🍸 Terrace Bar Lounge | 🏠 Double Height Living | 👗 Walk-in Wardrobes | 🏢 Home Office Space
🏢 30,000 sqft Grand Clubhouse – Gym, Pool, Indoor Games, Amphitheatre & more
📈 High Appreciation Zone | Limited Villas
💰 Perfect for Luxury Living & Smart Investment || Code Name TOL | Ultra Premium Villas in Sarjapura

Elevate your living - Own an Exclusive villa situated in the heart of Sarjapura, just 500 meters from the upcoming Sarjapur Metro station 🚇

Four levels of luxury with private lift & private Water deck 🌊

𝐖𝐡𝐲 𝐭𝐡𝐢𝐬 𝐏𝐫𝐨𝐣𝐞𝐜𝐭?
🏡 Own a Plot + Villa (G+3) with Private Lift
🌳 14 Acres | 211 Exclusive Villas
💰 ₹3.5 Cr* Onwards
🚇 Just 500m from Upcoming Sarjapur Metro Station

📐 𝐀𝐯𝐚𝐢𝐥𝐚𝐛𝐥𝐞 𝐂𝐨𝐧𝐟𝐢𝐠𝐮𝐫𝐚𝐭𝐢𝐨𝐧𝐬:
* 30×40 – 3300 Built-Up Area
* 30×50 – 3800 Built-Up Area
* 40×60 – 4800 Built-Up Area

💎 𝐊𝐞𝐲 𝐇𝐢𝐠𝐡𝐥𝐢𝐠𝐡𝐭𝐬 𝐨𝐟 𝐕𝐢𝐥𝐥𝐚:
🛗 Private Lift | 🌊 Water Deck | 🍸 Terrace Bar Lounge | 🏠 Double Height Living | 👗 Walk-in Wardrobes | 🏢 Home Office Space
🏢 30,000 sqft Grand Clubhouse – Gym, Pool, Indoor Games, Amphitheatre & more
📈 High Appreciation Zone | Limited Villas
💰 Perfect for Luxury Living & Smart Investment || Code Name TOL | Ultra Premium Villas in Sarjapura

Elevate your living - Own an Exclusive villa situated in the heart of Sarjapura, just 500 meters from the upcoming Sarjapur Metro station 🚇

Four levels of luxury with private lift & private Water deck 🌊

𝐖𝐡𝐲 𝐭𝐡𝐢𝐬 𝐏𝐫𝐨𝐣𝐞𝐜𝐭?
🏡 Own a Plot + Villa (G+3) with Private Lift
🌳 14 Acres | 211 Exclusive Villas
💰 ₹3.5 Cr* Onwards
🚇 Just 500m from Upcoming Sarjapur Metro Station

📐 𝐀𝐯𝐚𝐢𝐥𝐚𝐛𝐥𝐞 𝐂𝐨𝐧𝐟𝐢𝐠𝐮𝐫𝐚𝐭𝐢𝐨𝐧𝐬:
* 30×40 – 3300 Built-Up Area
* 30×50 – 3800 Built-Up Area
* 40×60 – 4800 Built-Up Area

💎 𝐊𝐞𝐲 𝐇𝐢𝐠𝐡𝐥𝐢𝐠𝐡𝐭𝐬 𝐨𝐟 𝐕𝐢𝐥𝐥𝐚:
🛗 Private Lift | 🌊 Water Deck | 🍸 Terrace Bar Lounge | 🏠 Double Height Living | 👗 Walk-in Wardrobes | 🏢 Home Office Space
🏢 30,000 sqft Grand Clubhouse – Gym, Pool, Indoor Games, Amphitheatre & more
📈 High Appreciation Zone | Limited Villas
💰 Perfect for Luxury Living & Smart Investment",http://fb.me/ || http://fb.me/ || http://fb.me/ || http://fb.me/ || http://fb.me/,,Sign Up || Sign Up || Sign Up || Sign Up || Sign Up,Original: https://scontent.fjai6-1.fna.fbcdn.net/v/t39.35426-6/713123892_1809464066927212_4391033800005606681_n.jpg?_nc_cat=101&ccb=1-7&_nc_sid=c53f8f&_nc_ohc=ySGtKZCulHsQ7kNvwHsC2E9&_nc_oc=Adp70zaZoQeaRHjbyRNLFhajgQbGwDsb54XMcmDcaaBeKyU3-0wN3kpX5ndMfnMRunD3IcaNn-qcTdbQrGKIq2rw&_nc_zt=14&_nc_ht=scontent.fjai6-1.fna&_nc_gid=P3gnuhmVvlJ5jXXsoNX0_A&_nc_ss=7b289&oh=00_Af_4mV_BVEhDLtj7NtitgtTnpLTZ-_mwwubxvhst2ihSFg&oe=6A3852D1 | Resized: https://scontent.fjai6-1.fna.fbcdn.net/v/t39.35426-6/717154396_1013614777825557_8236423454761070278_n.jpg?stp=dst-jpg_s600x600_tt6&_nc_cat=100&ccb=1-7&_nc_sid=c53f8f&_nc_ohc=olq1UCYDSccQ7kNvwF8oC-G&_nc_oc=Adoya7_xcDGExBss3U1rKbOpDxLSqAiQQtowcDDNWBVwSOw6YdBeA5RQ5BWyNpoeCICgKTo2Cd-CSmY-1CHbj3fq&_nc_zt=14&_nc_ht=scontent.fjai6-1.fna&_nc_gid=P3gnuhmVvlJ5jXXsoNX0_A&_nc_ss=7b289&oh=00_Af8gHP4FAPzxYdvG11OXbfIIzjKD4yV4eMiYr6Roc_GNXw&oe=6A3841EB || Original: https://scontent.fjai6-1.fna.fbcdn.net/v/t39.35426-6/714263433_2543637689412035_4178237398085607774_n.jpg?_nc_cat=101&ccb=1-7&_nc_sid=c53f8f&_nc_ohc=BOmqEEpUvFAQ7kNvwHJaF1-&_nc_oc=Adr9YzH91F0l-aYlFBNW31dH-D5B9CqYfymR6WAcOa1kbJXpqHLZFjPOTE4grldYhRZ_1U1xHFkxJySDSzJszRJ2&_nc_zt=14&_nc_ht=scontent.fjai6-1.fna&_nc_gid=P3gnuhmVvlJ5jXXsoNX0_A&_nc_ss=7b289&oh=00_Af8EXLNnjbmsT5QbpCieo_lTfpRZ-gyxZRCoUc6EMKyGpA&oe=6A383F73 | Resized: https://scontent.fjai6-1.fna.fbcdn.net/v/t39.35426-6/714184579_2059239824658555_2290455266474229844_n.jpg?stp=dst-jpg_s600x600_tt6&_nc_cat=102&ccb=1-7&_nc_sid=c53f8f&_nc_ohc=kIovhuXRrMEQ7kNvwEJ4_OC&_nc_oc=AdoGIjNNe3VZRS5CHuXnNRwUc5z3FKulolVVgCTwoNIy4okdd-D2oW5JK_Z6yH9rBCytI7vXqJK6nJrymzNl6lVR&_nc_zt=14&_nc_ht=scontent.fjai6-1.fna&_nc_gid=P3gnuhmVvlJ5jXXsoNX0_A&_nc_ss=7b289&oh=00_Af-SCl-ifTzvu7fPWMk-rGxov7U5GOy0OwrIW2WRtiw1vg&oe=6A384C37 || Original: https://scontent.fjai6-1.fna.fbcdn.net/v/t39.35426-6/714469709_1712286896862650_7338659409681740563_n.jpg?_nc_cat=102&ccb=1-7&_nc_sid=c53f8f&_nc_ohc=va2uRsu4UNsQ7kNvwHCgPA9&_nc_oc=Adr268baUyMJb_KT1zdzPPp7FUrHmhh087zSr4fpuX4spUpTczMeVXJRYhTh_pn8h2UoYF94D5d6y-nZT1QbVMyw&_nc_zt=14&_nc_ht=scontent.fjai6-1.fna&_nc_gid=P3gnuhmVvlJ5jXXsoNX0_A&_nc_ss=7b289&oh=00_Af-Q6C75XzKnKcWHXT3-hOlG5GCgD_uPtG19e9RdEl7mgA&oe=6A382E6E | Resized: https://scontent.fjai6-1.fna.fbcdn.net/v/t39.35426-6/713991797_2059707257914387_4699381477280183390_n.jpg?stp=dst-jpg_s600x600_tt6&_nc_cat=110&ccb=1-7&_nc_sid=c53f8f&_nc_ohc=qzWIxeK3GEkQ7kNvwHM7paz&_nc_oc=AdqZUzOugW3wJDBYsng6IIuOupWtNcV4nYU4raCOIzCcS8bD1DKCNPEqUx5NkEemLOY_f-p8SJrN7dyuVjzoB8N1&_nc_zt=14&_nc_ht=scontent.fjai6-1.fna&_nc_gid=P3gnuhmVvlJ5jXXsoNX0_A&_nc_ss=7b289&oh=00_Af8f4iTqgpHJpXtM9iz9F5AM2eqa5X-TlkWKOAqf0eHYfA&oe=6A384189 || Original: https://scontent.fjai6-1.fna.fbcdn.net/v/t39.35426-6/714263433_2543637689412035_4178237398085607774_n.jpg?_nc_cat=101&ccb=1-7&_nc_sid=c53f8f&_nc_ohc=BOmqEEpUvFAQ7kNvwHJaF1-&_nc_oc=Adr9YzH91F0l-aYlFBNW31dH-D5B9CqYfymR6WAcOa1kbJXpqHLZFjPOTE4grldYhRZ_1U1xHFkxJySDSzJszRJ2&_nc_zt=14&_nc_ht=scontent.fjai6-1.fna&_nc_gid=P3gnuhmVvlJ5jXXsoNX0_A&_nc_ss=7b289&oh=00_Af8EXLNnjbmsT5QbpCieo_lTfpRZ-gyxZRCoUc6EMKyGpA&oe=6A383F73 | Resized: https://scontent.fjai6-1.fna.fbcdn.net/v/t39.35426-6/714184579_2059239824658555_2290455266474229844_n.jpg?stp=dst-jpg_s600x600_tt6&_nc_cat=102&ccb=1-7&_nc_sid=c53f8f&_nc_ohc=kIovhuXRrMEQ7kNvwEJ4_OC&_nc_oc=AdoGIjNNe3VZRS5CHuXnNRwUc5z3FKulolVVgCTwoNIy4okdd-D2oW5JK_Z6yH9rBCytI7vXqJK6nJrymzNl6lVR&_nc_zt=14&_nc_ht=scontent.fjai6-1.fna&_nc_gid=P3gnuhmVvlJ5jXXsoNX0_A&_nc_ss=7b289&oh=00_Af-SCl-ifTzvu7fPWMk-rGxov7U5GOy0OwrIW2WRtiw1vg&oe=6A384C37 || Original: https://scontent.fjai6-1.fna.fbcdn.net/v/t39.35426-6/715419344_1374688467915620_8160035081162415580_n.jpg?_nc_cat=108&ccb=1-7&_nc_sid=c53f8f&_nc_ohc=Vkt2W0psK1kQ7kNvwGlwnmE&_nc_oc=AdrRESa-rdVEkGPJAG5llQgMUcPqgw27SUtwTwQsd9zN6GMSkrqkUHTzA9MQF9gPXoxGLPzKp01emVkY5h4p72_o&_nc_zt=14&_nc_ht=scontent.fjai6-1.fna&_nc_gid=P3gnuhmVvlJ5jXXsoNX0_A&_nc_ss=7b289&oh=00_Af9t_XAnDJUif49S91rszDqDdlpXU6h97om0HfupRNnxZQ&oe=6A38561E | Resized: https://scontent.fjai6-1.fna.fbcdn.net/v/t39.35426-6/714424406_1527620032401138_4900533002280581004_n.jpg?stp=dst-jpg_s600x600_tt6&_nc_cat=106&ccb=1-7&_nc_sid=c53f8f&_nc_ohc=AesWGoKUXoAQ7kNvwE7Ih-u&_nc_oc=AdpXf5VH-x9msR8H2cYlDi_4F_dcpaALJyeYyY-RAq1_C69bxt-DNEQnxVoszBMKszs3Pwrgpdczpkh4C4avO86_&_nc_zt=14&_nc_ht=scontent.fjai6-1.fna&_nc_gid=P3gnuhmVvlJ5jXXsoNX0_A&_nc_ss=7b289&oh=00_Af-hcebHQ4zVNLk9UDYwuHYjKDtxzNpuHL1wEIdJS9zZ0g&oe=6A3848F2,
1008908288756638,https://www.facebook.com/stay.elivaas/,elivaas.com,https://www.facebook.com/stay.elivaas/,,,,staywithus@elivaas.com,+91 78274 49532,,,,117579414687132,https://www.elivaas.com/villas/villas-in-coorg,Elivaas,https://www.facebook.com/ads/library/?id=1008908288756638,"Wake up to the aroma of coffee and fresh mountain air 🌿

Stay at ELIVAAS villas in Coorg featuring scenic views, private pools, and serene surroundings for the perfect escape.

Reserve your ELIVAAS stay now.",2241,Book now,www.elivaas.com,INSTAGRAM,2026-06-04,2026-06-16,HD: https://video.fjai6-1.fna.fbcdn.net/o1/v/t2/f2/m366/AQP-EKFe0z-hXDis7A0VtbwMSeomamGVJ7H_u8fXqXqG4Yt-ENQPpGj5nC-3iY6vXpjOv-4QA9j2TIOVliTPeI97n6Kn8esfklHDqWgIeDfGcw.mp4?_nc_cat=107&_nc_oc=AdpYsaJGBVGxMgGDezUhMlgoPdK8oyd1JHDg7ep7i_BWJEbOkokAU7_fSOlT9oBySLpS60uuTqXtWTlN4EFD6-9x&_nc_sid=b66105&_nc_ht=video.fjai6-1.fna.fbcdn.net&_nc_ohc=uQ7Q97A9g-MQ7kNvwH4Z7HH&efg=eyJ2ZW5jb2RlX3RhZyI6Inhwdl9wcm9ncmVzc2l2ZS5WSV9VU0VDQVNFX1BST0RVQ1RfVFlQRS4uQzMuNzIwLmRhc2hfaDI2NC1iYXNpYy1nZW4yXzcyMHAiLCJ4cHZfYXNzZXRfaWQiOjE1ODA4NTQ0NjQwNDM4NTUsImFzc2V0X2FnZV9kYXlzIjo0NCwidmlfdXNlY2FzZV9pZCI6MTAxMzksImR1cmF0aW9uX3MiOjQ0LCJ1cmxnZW5fc291cmNlIjoid3d3In0%3D&ccb=17-1&vs=edcdc0a418f737b0&_nc_vs=HBksFQIYRWZiX2VwaGVtZXJhbC9FQTRERTQ2RkRBN0E0REM1NjZBNkYyRjlDQzQ3Qjg5Rl9tdF8xX3ZpZGVvX2Rhc2hpbml0Lm1wNBUAAsgBEgAVAhhAZmJfcGVybWFuZW50L0U5NDM2RDQ5MDRDQUZBQTQxNjkwRkY1NDZEOTRBMkExX2F1ZGlvX2Rhc2hpbml0Lm1wNBUCAsgBEgAoABgAGwKIB3VzZV9vaWwBMRJwcm9ncmVzc2l2ZV9yZWNpcGUBMRUAACae7arM6_HOBRUCKAJDMywXQEYiDEm6XjUYGWRhc2hfaDI2NC1iYXNpYy1nZW4yXzcyMHARAHUAZbaeAQA&_nc_gid=P3gnuhmVvlJ5jXXsoNX0_A&_nc_ss=7b289&_nc_zt=28&oh=00_Af8f82UOOxmPmgq0pII65odFDj7xIBEmDKTTaq2YnCfDNg&oe=6A3845F1 | SD: https://video.fjai6-1.fna.fbcdn.net/o1/v/t2/f2/m412/AQMpR-bTj1MdxGWCNMKShSAhl6R5uFhv-Lrx0uZ0bwTg0DImqQBSowZZMEE45yHqwLNoM1OfLpgefCt3BW8c6tdvQ7Zut0GJZO0Ec5qy8Q.mp4?_nc_cat=108&_nc_oc=AdodbjPtnXkfuxHe5y7S9mNdqrUlXo4lsCHQd6JmNb0GhQLLrn5hccPJffzgHK-nvOcWYh2OtWauTAsWG8FSgZqE&_nc_sid=ef5aa3&_nc_ht=video.fjai6-1.fna.fbcdn.net&_nc_ohc=qt2lxGVTvkIQ7kNvwFPXbQw&efg=eyJ2ZW5jb2RlX3RhZyI6Inhwdl9wcm9ncmVzc2l2ZS5WSV9VU0VDQVNFX1BST0RVQ1RfVFlQRS4uQzMuMzYwLnN2ZV9zZCIsInhwdl9hc3NldF9pZCI6MTU4MDg1NDQ2NDA0Mzg1NSwiYXNzZXRfYWdlX2RheXMiOjQ0LCJ2aV91c2VjYXNlX2lkIjoxMDEzOSwiZHVyYXRpb25fcyI6NDQsInVybGdlbl9zb3VyY2UiOiJ3d3cifQ%3D%3D&ccb=17-1&_nc_gid=P3gnuhmVvlJ5jXXsoNX0_A&_nc_ss=7b289&_nc_zt=28&oh=00_Af8XGNgNMDFjG62TuigyKotOZgUM3TavupHlZkaR1Nzdow&oe=6A38622A | Preview: https://scontent.fjai6-1.fna.fbcdn.net/v/t39.35426-6/714503926_1538835591150136_7617170670370302988_n.jpg?_nc_cat=106&ccb=1-7&_nc_sid=c53f8f&_nc_ohc=XUg1AwmYZWYQ7kNvwFX7ENm&_nc_oc=Adr-HGeTetPQpFIMXToGPzzmglFT5iVuACClr09np3jbN1wK8PsNUzzzcZDVjJrmFcAie7l9JDVxJOQb6OrW-YbW&_nc_zt=14&_nc_ht=scontent.fjai6-1.fna&_nc_gid=P3gnuhmVvlJ5jXXsoNX0_A&_nc_ss=7b289&oh=00_Af-s4J7khClpeGlkENtYgdX1l5YVlDs0LW55gS5TWo_qGA&oe=6A384413,,,,,,,
1613506259878281,https://www.facebook.com/61583845882001/,rachanagroup.com,https://www.facebook.com/61583845882001/,,,,contact@rachanagroup.com,+919963307575,,,,852809211252309,https://rachanagroup.com/ads-villas/,Rachana Group,https://www.facebook.com/ads/library/?id=1613506259878281,"Your dream home awaits next to DPS Warangal. With flexible floor plans and premium construction, our villas redefine luxury living. 🏡",194,Contact us,rachanagroup.com,"FACEBOOK; INSTAGRAM",2026-04-24,2026-06-16,,,"Your dream home awaits next to DPS Warangal. With flexible floor plans and premium construction, our villas redefine luxury living. 🏡 || Rachana Group presents luxury villas crafted for a life of comfort. From custom interiors to premium quality, every detail is personalized for you. 💎",https://rachanagroup.com/ads-villas/ || https://rachanagroup.com/ads-villas/,rachanagroup.com || rachanagroup.com,Contact Us || Contact Us,Original: https://scontent.fjai6-1.fna.fbcdn.net/v/t39.35426-6/580751869_1300759918487771_9163998185588944808_n.jpg?_nc_cat=103&ccb=1-7&_nc_sid=c53f8f&_nc_ohc=M77bkq77GhMQ7kNvwHTaVqu&_nc_oc=Adpk4BgpDvlF2JbFusIp1gmq5IPRN72hQR7fqOF2fyWIqwDW7M2OA3cDeM2NvDPRaCoT6ZZC7SvzymMNzHCPymwa&_nc_zt=14&_nc_ht=scontent.fjai6-1.fna&_nc_gid=P3gnuhmVvlJ5jXXsoNX0_A&_nc_ss=7b289&oh=00_Af-WRyKzXHpra00kZF9wBqTh-esgrNqhHvVpc9TT85bL8g&oe=6A384FA9 | Resized: https://scontent.fjai6-1.fna.fbcdn.net/v/t39.35426-6/580550810_1364346552143354_2824129305701454744_n.jpg?stp=dst-jpg_s600x600_tt6&_nc_cat=108&ccb=1-7&_nc_sid=c53f8f&_nc_ohc=Nx4e_cLZUM4Q7kNvwH1EufO&_nc_oc=AdqamxZIJ0RU3lo7GSRWsTE6GlHkCGL2R8p4jLOs8FNa78fIErhFcUwGV7u7pZgXDQEmkDq9j2RDH6UPsdJLv8DA&_nc_zt=14&_nc_ht=scontent.fjai6-1.fna&_nc_gid=P3gnuhmVvlJ5jXXsoNX0_A&_nc_ss=7b289&oh=00_Af9dCFzBxkB3-quiONC3JqhNNzziEBUnOKEq0kX_uTy7Sg&oe=6A384482 || Original: https://scontent.fjai6-1.fna.fbcdn.net/v/t39.35426-6/580559814_1097280222345499_892778546735427914_n.jpg?_nc_cat=106&ccb=1-7&_nc_sid=c53f8f&_nc_ohc=RmzKIwCKGbYQ7kNvwFwlF96&_nc_oc=AdopeDdZ8stbe4GMGMj8PryMHEINKsSEhw8FofivhVwKkiknIYoM7LLKuvObtbw9cskczScwyGr9fpcYfn4CqSMQ&_nc_zt=14&_nc_ht=scontent.fjai6-1.fna&_nc_gid=P3gnuhmVvlJ5jXXsoNX0_A&_nc_ss=7b289&oh=00_Af_CYT8_LPhg12VBXG2NbOy9dKAdmjQOQdD1NExlnHtCVw&oe=6A384B2C | Resized: https://scontent.fjai6-1.fna.fbcdn.net/v/t39.35426-6/581557285_4216218098631689_6125472395075238649_n.jpg?stp=dst-jpg_s600x600_tt6&_nc_cat=110&ccb=1-7&_nc_sid=c53f8f&_nc_ohc=crRz9LZwpL4Q7kNvwHwc1A4&_nc_oc=AdoXeCZwzGhRH4eGemPs9APeGVOgbJApniRYiyJsgnljKUTebTbMSkd3X48pRuFhv2eKlUHarkMRvSaq9H5aj8v0&_nc_zt=14&_nc_ht=scontent.fjai6-1.fna&_nc_gid=P3gnuhmVvlJ5jXXsoNX0_A&_nc_ss=7b289&oh=00_Af8_wNQB2G52PeVD3OhoNBwUcZfBBS5uL2cA3H03oojY6g&oe=6A385A2A,
1503098674888744,https://www.facebook.com/VaishnaoiGroup/,fb.me,https://www.facebook.com/VaishnaoiGroup/,,,,info@vaishnaoigroup.com,+91 88088 03636,,,,104165989098666,http://fb.me/,Vaishnaoi Group,https://www.facebook.com/ads/library/?id=1503098674888744,"Minutes from the Airport, miles from the noise. Discover ultra-luxury villas at Vaishnaoi Southwoods today!",12751,See details,fb.me,"FACEBOOK; INSTAGRAM",2026-05-29,2026-06-17,HD: https://video.fjai6-1.fna.fbcdn.net/o1/v/t2/f2/m367/AQPMRqVLeRCjlrbdq84HGBSI1sF3_1W5-7Q77s_FPE2mE4AoSmmUL8_K0lNZm1rk6PoICg_pFouZdJlkM8cAdjc4gfF8S_gqiKjbD8XXWA.mp4?_nc_cat=108&_nc_oc=AdrPQgzGp6X4VeElXF0IWsYwEGgNtGU9_jhNH8q3fWD90OJt5Ar0QIMofSf_qiKR0ahueCY2Xb7lTKj1sBVLQDy6&_nc_sid=ef5aa3&_nc_ht=video.fjai6-1.fna.fbcdn.net&_nc_ohc=CCYADNyNuwAQ7kNvwGQHuYq&efg=eyJ2ZW5jb2RlX3RhZyI6Inhwdl9wcm9ncmVzc2l2ZS5WSV9VU0VDQVNFX1BST0RVQ1RfVFlQRS4uQzMuNzIwLnByb2dyZXNzaXZlX2gyNjQtYmFzaWMtZ2VuMl83MjBwIiwieHB2X2Fzc2V0X2lkIjoxODAxMDI2NDE1NDg0MTk5NSwiYXNzZXRfYWdlX2RheXMiOjc5LCJ2aV91c2VjYXNlX2lkIjoxMDA5OSwiZHVyYXRpb25fcyI6OTMsInVybGdlbl9zb3VyY2UiOiJ3d3cifQ%3D%3D&ccb=17-1&_nc_gid=cMf-FpDCPSElfWEzxU_Xmw&_nc_ss=7b289&_nc_zt=28&oh=00_Af--HwoqzcElzgzhDm4l1VkX1bZNBV3wrTdLlXEPmVjqow&oe=6A383196 | SD: https://video.fjai6-1.fna.fbcdn.net/o1/v/t2/f2/m367/AQO7FZtsUakbwAEPBVGAAszZ3zxF_IIzqjSYtF56olRx-QGCIzaC0TYp8QC4IjWKkwiKkKxw6hhErDvYE8BJn7bYY8gfRyvQnGr6Lj7GFQ.mp4?_nc_cat=102&_nc_oc=AdpspUBFdE4zdmZ17biDgxtruizMUCo7BLvmWRv_-RtgNECnZkqstZFeXkD33IzvgJgV661m9jXL62niRKkIGcJW&_nc_sid=ef5aa3&_nc_ht=video.fjai6-1.fna.fbcdn.net&_nc_ohc=NrM0wbNX8jQQ7kNvwEXkd9k&efg=eyJ2ZW5jb2RlX3RhZyI6Inhwdl9wcm9ncmVzc2l2ZS5WSV9VU0VDQVNFX1BST0RVQ1RfVFlQRS4uQzMuMzYwLnByb2dyZXNzaXZlX2gyNjQtYmFzaWMtZ2VuMl8zNjBwIiwieHB2X2Fzc2V0X2lkIjoxODAxMDI2NDE1NDg0MTk5NSwiYXNzZXRfYWdlX2RheXMiOjc5LCJ2aV91c2VjYXNlX2lkIjoxMDA5OSwiZHVyYXRpb25fcyI6OTMsInVybGdlbl9zb3VyY2UiOiJ3d3cifQ%3D%3D&ccb=17-1&_nc_gid=cMf-FpDCPSElfWEzxU_Xmw&_nc_ss=7b289&_nc_zt=28&oh=00_Af-Ny_4sKyJHkhTpvH58iRYeIiRDf9_pH2liuAN1Jpq6dQ&oe=6A384404 | Preview: https://scontent.fjai6-1.fna.fbcdn.net/v/t39.35426-6/709635807_1556042515857367_8471028797816741884_n.jpg?_nc_cat=111&ccb=1-7&_nc_sid=c53f8f&_nc_ohc=FRKhFA5el9QQ7kNvwE33-Q6&_nc_oc=AdquybQ2gy3nMXP9TdZmlU1bN853phMKylhW1b0HfwnNngQyFQljvbetJ-WBvLhg_k6Z7BWRfhAWjKLgYZK9A482&_nc_zt=14&_nc_ht=scontent.fjai6-1.fna&_nc_gid=cMf-FpDCPSElfWEzxU_Xmw&_nc_ss=7b289&oh=00_Af8U8segSX4m0Hlbj94U60mbIyijWBnbB3F1EWbSHTydSQ&oe=6A3833BA,,,,,,,
1477617883591380,https://www.facebook.com/SvamitvaTerravana/,svamitva.com,https://www.facebook.com/SvamitvaTerravana/,,,,"sales@svamitva.com, sales@svamitva.com.au","08022115297, 08022115298, +61385639462, 1300788292, +918022115297, +918022115298",,,,102677591722487,https://svamitva.com/terravana/,Svamitva Terravana,https://www.facebook.com/ads/library/?id=1477617883591380,"Expansive 3 BHK Luxury Earth Villas off Kanakapura Road : 3Cr Onwards. 

✅ Conveniently located at Vaderahalli, Off Kanakapura Road
✅ Huge 2,900 to 5,400 Sq.ft Luxury Villas

A premium 21 acre wellness community with Eco-Architecture Row Villas. Loaded with Wellness Amenities such as Swimming pool, Clubhouse, Spa, Gong Park, Meditation Pavilion, Organic Farming, Amphitheatre & so much More!

Project RERA No.: PRM/KA/RERA/1270/305/PR/201106/003693",1024,Learn more,Svamitva.com/Terravana,"FACEBOOK; INSTAGRAM; AUDIENCE_NETWORK; MESSENGER; THREADS",2026-06-07,2026-06-16,,,"Expansive 3 BHK Luxury Earth Villas off Kanakapura Road : 3Cr Onwards. 

✅ Conveniently located at Vaderahalli, Off Kanakapura Road
✅ Huge 2,900 to 5,400 Sq.ft Luxury Villas

A premium 21 acre wellness community with Eco-Architecture Row Villas. Loaded with Wellness Amenities such as Swimming pool, Clubhouse, Spa, Gong Park, Meditation Pavilion, Organic Farming, Amphitheatre & so much More!

Project RERA No.: PRM/KA/RERA/1270/305/PR/201106/003693 || Expansive 3 BHK Luxury Earth Villas off Kanakapura Road : 3Cr Onwards. 

✅ Conveniently located at Vaderahalli, Off Kanakapura Road
✅ Huge 2,900 to 5,400 Sq.ft Luxury Villas

A premium 21 acre wellness community with Eco-Architecture Row Villas. Loaded with Wellness Amenities such as Swimming pool, Clubhouse, Spa, Gong Park, Meditation Pavilion, Organic Farming, Amphitheatre & so much More!

Project RERA No.: PRM/KA/RERA/1270/305/PR/201106/003693 || Expansive 3 BHK Luxury Earth Villas off Kanakapura Road : 3Cr Onwards. 

✅ Conveniently located at Vaderahalli, Off Kanakapura Road
✅ Huge 2,900 to 5,400 Sq.ft Luxury Villas

A premium 21 acre wellness community with Eco-Architecture Row Villas. Loaded with Wellness Amenities such as Swimming pool, Clubhouse, Spa, Gong Park, Meditation Pavilion, Organic Farming, Amphitheatre & so much More!

Project RERA No.: PRM/KA/RERA/1270/305/PR/201106/003693",https://svamitva.com/terravana/ || https://svamitva.com/terravana/ || https://svamitva.com/terravana/,Svamitva.com/Terravana || Svamitva.com/Terravana || Svamitva.com/Terravana,Learn More || Learn More || Learn More,Original: https://scontent.fjai6-1.fna.fbcdn.net/v/t39.35426-6/711680070_1311926474364252_6597081177417304258_n.jpg?_nc_cat=102&ccb=1-7&_nc_sid=c53f8f&_nc_ohc=uksZwyiXACAQ7kNvwHiPwaS&_nc_oc=AdoNAYpCUE4fcHAL0xjFqTzUL6BYa7eDVK8-6n7hUKYiz3usroSARFkYC8ZGv_nI-3GgMJWfyk3JRyzwVuhCp_dt&_nc_zt=14&_nc_ht=scontent.fjai6-1.fna&_nc_gid=cMf-FpDCPSElfWEzxU_Xmw&_nc_ss=7b289&oh=00_Af9rdo7jhPffsyNpdzJHscFl96ersJKxs_FbZgw_ARn4Lg&oe=6A3851D6 | Resized: https://scontent.fjai6-1.fna.fbcdn.net/v/t39.35426-6/711830088_1670860507395493_7165320730850262101_n.jpg?stp=dst-jpg_s600x600_tt6&_nc_cat=111&ccb=1-7&_nc_sid=c53f8f&_nc_ohc=K_q0BqesMUsQ7kNvwEDGXSM&_nc_oc=AdozmDi-Zc-pqcK7LsDq-FkrPxL02wmT7roCBEXp_4wFREutHH24fpD73UIHmhoiSX8oCcYOSMyG0vzDtwS2cHAV&_nc_zt=14&_nc_ht=scontent.fjai6-1.fna&_nc_gid=cMf-FpDCPSElfWEzxU_Xmw&_nc_ss=7b289&oh=00_Af-dVvJkKn9A9EqtetT5Ac-xzw-toRVstwM4y0CwnRVszA&oe=6A383339 || Original: https://scontent.fjai6-1.fna.fbcdn.net/v/t39.35426-6/711602031_967907272679469_1460397245809293573_n.jpg?_nc_cat=111&ccb=1-7&_nc_sid=c53f8f&_nc_ohc=ikemdNqERCQQ7kNvwFUxonv&_nc_oc=AdrvuRlcw_gZMgrtW9eUXUe4gD-9abQ55ohp5C9q5aVY0U9at9nJv2iJaH3nWKgRKeNRLrFiAndQlzqBGTS5OLdy&_nc_zt=14&_nc_ht=scontent.fjai6-1.fna&_nc_gid=cMf-FpDCPSElfWEzxU_Xmw&_nc_ss=7b289&oh=00_Af_A-w7q2oUYP71lolzDiNu_4giEUJGVTXDYUTR7fGjHyQ&oe=6A383C0D | Resized: https://scontent.fjai6-1.fna.fbcdn.net/v/t39.35426-6/710405567_1376006167768078_1253170954051478957_n.jpg?stp=dst-jpg_s600x600_tt6&_nc_cat=107&ccb=1-7&_nc_sid=c53f8f&_nc_ohc=MrQy8u-E_DoQ7kNvwFgYImR&_nc_oc=AdqgMlG4hV5a14PhTNNqIO333onHImoROYlVYBbvrdep1bKFEkm1wHlsi7ZndH7vDEnWKKbulyzN2XVHHar_P3GI&_nc_zt=14&_nc_ht=scontent.fjai6-1.fna&_nc_gid=cMf-FpDCPSElfWEzxU_Xmw&_nc_ss=7b289&oh=00_Af8Cmy7qjGxZ_PCC3v0d9NMv5Vc5ccJQ1F9N1nUAxB6nvA&oe=6A384AF5 || Original: https://scontent.fjai6-1.fna.fbcdn.net/v/t39.35426-6/711349301_1017601537501331_3311369595217459185_n.jpg?_nc_cat=100&ccb=1-7&_nc_sid=c53f8f&_nc_ohc=2O7FX8r4u7sQ7kNvwFyd4M2&_nc_oc=Adrfx0zX4qYc70I4-fx1mWkH1WHidZ9DuMuOmrvLk-dRp72KBVQyTJxEJfCChCuCZC8AfIVW18p1ans87pDmLbQ6&_nc_zt=14&_nc_ht=scontent.fjai6-1.fna&_nc_gid=cMf-FpDCPSElfWEzxU_Xmw&_nc_ss=7b289&oh=00_Af-76CTZDXEA_cIzrDfIf0dh_Y04ItrQ1G0O_Uph7EiwQA&oe=6A384729 | Resized: https://scontent.fjai6-1.fna.fbcdn.net/v/t39.35426-6/711686233_912939285090081_6300702076277860415_n.jpg?stp=dst-jpg_s600x600_tt6&_nc_cat=106&ccb=1-7&_nc_sid=c53f8f&_nc_ohc=0P5WO_FrywoQ7kNvwEkSt3C&_nc_oc=AdpmywiznvbRw-FewZfXqidcauGcY4pqlgqgbxV0ynN0nhyj8WP_k1XZG-O3MN8ueqY9wzvTa-4pBBlPA-artk1H&_nc_zt=14&_nc_ht=scontent.fjai6-1.fna&_nc_gid=cMf-FpDCPSElfWEzxU_Xmw&_nc_ss=7b289&oh=00_Af9UWSXZNz7-2jPDUwt7Ny8nUkhvGdn8CmHBBNHhv5trGA&oe=6A384BBC,
1528042978674178,https://www.facebook.com/cmrdeveloperspvtltd/,,https://www.facebook.com/cmrdeveloperspvtltd/,,,,restinjoseph77@gmail.com,+91 97444 75555,,,,471067836576069,,CMR Developers,https://www.facebook.com/ads/library/?id=1528042978674178,"പിലാത്തറ ടൗണിനു  സമീപം 1 ലക്ഷത്തിനു ആഡംബര വില്ലകൾ 

ബാക്കി ലോൺ സൗകര്യം 

55 ലക്ഷം മുതൽ

സ്വിമിംഗ് പൂൾ, ജിം, ക്ലബ് ഹൌസ് പോലുള്ള ആധുനിക സൗകര്യങ്ങൾ 

📞 9446472000
🌎 www.cmrdevelopers.com",14011,Apply now,,"FACEBOOK; INSTAGRAM; AUDIENCE_NETWORK; MESSENGER",2026-05-21,2026-06-16,,Original: https://scontent.fjai6-1.fna.fbcdn.net/v/t39.35426-6/702968609_1702109974457163_4490595623763730782_n.jpg?_nc_cat=105&ccb=1-7&_nc_sid=c53f8f&_nc_ohc=ltZ1WElLJxYQ7kNvwHX7GHw&_nc_oc=AdoNhUi7JAuqqJzL5DBYJ8K1lcCQXsRagpGzzRq8ISeG3w27CceUjuernM7O5YAeD46-w9rSBEr0Js15VSJDstQx&_nc_zt=14&_nc_ht=scontent.fjai6-1.fna&_nc_gid=cMf-FpDCPSElfWEzxU_Xmw&_nc_ss=7b289&oh=00_Af_eSim9S8fq5maZJHTmFxsyJ5FFuWYMYeOs7KisOagHww&oe=6A384DAD | Resized: https://scontent.fjai6-1.fna.fbcdn.net/v/t39.35426-6/703587398_933412816405102_4052525354553472128_n.jpg?stp=dst-jpg_s600x600_tt6&_nc_cat=111&ccb=1-7&_nc_sid=c53f8f&_nc_ohc=mAzN_Ezwo8QQ7kNvwGfHfrZ&_nc_oc=AdqEOq27P_-A_ZQqrf-rtK23VrepprAupvusqRm5nH5SnOE3DGizDZzTp026Sub5gHmK_2JuM8AcivxMVNJEdpVR&_nc_zt=14&_nc_ht=scontent.fjai6-1.fna&_nc_gid=cMf-FpDCPSElfWEzxU_Xmw&_nc_ss=7b289&oh=00_Af9v4qX5JoPSC-aqKKBisf55v5mfNzac45gHSZdeTtIeEg&oe=6A38554F,,,,,,
1598258677991148,https://www.facebook.com/VanderBiltGroup/,fb.me,https://www.facebook.com/VanderBiltGroup/,,,,,,,,,100823662473682,http://fb.me/,VanderBilt Group,https://www.facebook.com/ads/library/?id=1598258677991148,"Your dream villa, at the heart of Hyderabad’s next growth zone — Tukkuguda.
Serengeti Luxury Villas by Vanderbilt Group — premium 4BHK villas designed for both living and long-term investment.

✅ Just 20 mins to Airport | ORR Exit 14 | TCS | Infosys | Adibatla SEZ
✅ 25,000 Sft. Clubhouse with 25+ Lifestyle Amenities
✅ Limited Phase 1 Units — High Appreciation Potential
✅ 3875 Sft. Built-up @ ₹7,000/Sft

Experience unmatched luxury in Hyderabad’s next growth corridor.
Book your visit before pre-launch pricing ends!",10,Book now,fb.me,"FACEBOOK; INSTAGRAM",2026-02-10,2026-06-16,HD: https://video.fjai6-1.fna.fbcdn.net/o1/v/t2/f2/m366/AQPTyEMiviWkZQk6Q66VmaFINBJsOgs3VzhbLy8TXkxhwDQcaMrk7qez4z1O0KfgxTnOmV5ueFCFIXRwZXmxOoZWzEMNRZ7yDR1dpKv4WiqIsA.mp4?_nc_cat=110&_nc_oc=AdqhdTZ7DZw9dS4pgG69WlhqQYgAMLV-Glom8G_9yw3lryA1gxNQBFoSQohWjbYKqRl__15OTrQW9d301ryALctS&_nc_sid=b66105&_nc_ht=video.fjai6-1.fna.fbcdn.net&_nc_ohc=kuzh5zRmn0gQ7kNvwGZc7V1&efg=eyJ2ZW5jb2RlX3RhZyI6Inhwdl9wcm9ncmVzc2l2ZS5WSV9VU0VDQVNFX1BST0RVQ1RfVFlQRS4uQzMuNzIwLmRhc2hfaDI2NC1iYXNpYy1nZW4yXzcyMHAiLCJ4cHZfYXNzZXRfaWQiOjg2MDY5Mzc3NjQ3NTgwMSwiYXNzZXRfYWdlX2RheXMiOjIwNiwidmlfdXNlY2FzZV9pZCI6MTA3OTksImR1cmF0aW9uX3MiOjk3LCJ1cmxnZW5fc291cmNlIjoid3d3In0%3D&ccb=17-1&vs=c4cc547a251e38a5&_nc_vs=HBksFQIYRWZiX2VwaGVtZXJhbC8yRDRDOEIyN0Y3MTExMTNGNTAzMjA0QzYwRjdERUU4Q19tdF8xX3ZpZGVvX2Rhc2hpbml0Lm1wNBUAAsgBEgAVAhhAZmJfcGVybWFuZW50L0E4NDY1M0I4OTZGM0JFRUNCMEJEMEIwRTE5QzZDNEIyX2F1ZGlvX2Rhc2hpbml0Lm1wNBUCAsgBEgAoABgAGwKIB3VzZV9vaWwBMRJwcm9ncmVzc2l2ZV9yZWNpcGUBMRUAACaymvWs_LKHAxUCKAJDMywXQFhmZmZmZmYYGWRhc2hfaDI2NC1iYXNpYy1nZW4yXzcyMHARAHUAZd6oAQA&_nc_gid=cMf-FpDCPSElfWEzxU_Xmw&_nc_ss=7b289&_nc_zt=28&oh=00_Af8P7nzTl4cTnXuLvxdFWiVqiiYy6751MM4xIODp5O8Ahw&oe=6A38422A | SD: https://video.fjai6-1.fna.fbcdn.net/o1/v/t2/f2/m412/AQMpgfhVSAdTFlqcS9SKTGN7oYLBeKytIdD2j14JW6y1wjPoMB0nJxINlVSuGe8ntw5o9b6fx-VsEQx-m-Q0y85DslZ3ugsRM0DUxino5w.mp4?_nc_cat=108&_nc_oc=AdpQsYAm5z1qdLV2o2nZDcHkysE10kAgTvHwbnUstBmYKznAH66EJUSgFVjULc-xJoUIPxJDpdMbo4t9uzFIG8Xr&_nc_sid=ef5aa3&_nc_ht=video.fjai6-1.fna.fbcdn.net&_nc_ohc=GSlbH8ZKW_kQ7kNvwGU0x1e&efg=eyJ2ZW5jb2RlX3RhZyI6Inhwdl9wcm9ncmVzc2l2ZS5WSV9VU0VDQVNFX1BST0RVQ1RfVFlQRS4uQzMuMzYwLnN2ZV9zZCIsInhwdl9hc3NldF9pZCI6ODYwNjkzNzc2NDc1ODAxLCJhc3NldF9hZ2VfZGF5cyI6MjA2LCJ2aV91c2VjYXNlX2lkIjoxMDc5OSwiZHVyYXRpb25fcyI6OTcsInVybGdlbl9zb3VyY2UiOiJ3d3cifQ%3D%3D&ccb=17-1&_nc_gid=cMf-FpDCPSElfWEzxU_Xmw&_nc_ss=7b289&_nc_zt=28&oh=00_Af_l_9o3isGs7fTdq3KfawnD_SaMmdOfwpeDKWKSw2_AGg&oe=6A385B36 | Preview: https://scontent.fjai6-1.fna.fbcdn.net/v/t39.35426-6/632243385_1693512014965462_7020479959848593390_n.jpg?_nc_cat=101&ccb=1-7&_nc_sid=c53f8f&_nc_ohc=FD63smLdw6AQ7kNvwFUT6G2&_nc_oc=AdppDtcURa-u75dsfc6KzexnXSCZdhznUUHKEZKBDQPPmk39Wvsn_O5o_n2i_BPuxEcBC2Ie2tBY_U8Qxoisvmx5&_nc_zt=14&_nc_ht=scontent.fjai6-1.fna&_nc_gid=cMf-FpDCPSElfWEzxU_Xmw&_nc_ss=7b289&oh=00_Af_HYh3CQjakpIPwvJniaE77R7z-XL-4Re5RJLVtlWbuJw&oe=6A38445B,,,,,,,
3932761126976618,https://www.facebook.com/Indiaresidential/,fb.me,https://www.facebook.com/Indiaresidential/,,,,sales@indiaresidential.com,+91 88256 86571,,,,100176175954637,http://fb.me/,India Residential,https://www.facebook.com/ads/library/?id=3932761126976618,"Elegant Luxury Villas 088256 86571 is planned and developed meticulously to give you a dream space to build your dream home.Own Your Dream House Just 80L* in Gerugambakkam

    ✅158 Premium Plots Spread Across 7 Acres
    ✅Underground EB Provision
    ✅LED Street Lights
    ✅Elevated Blacktop Roads
    ✅Avenue Trees 
    ✅NEAR BY PLENTY OF SCHOOLS AND COLLEGES",2340,Sign up,fb.me,"FACEBOOK; INSTAGRAM; AUDIENCE_NETWORK",2025-05-28,2026-06-17,,Original: https://scontent.fjai6-1.fna.fbcdn.net/v/t39.35426-6/501493002_721851160377698_4749940731626640150_n.jpg?_nc_cat=107&ccb=1-7&_nc_sid=c53f8f&_nc_ohc=AaTGvjKtwsIQ7kNvwGk98Sk&_nc_oc=AdoPM9r6TO0AyvIwFkrdPKtJdhjf4jChfp8F9vEm5XQzB-OOQ9o4KQX4QzjwJJwsxugKH-iifeauBlYFoPqM89Wn&_nc_zt=14&_nc_ht=scontent.fjai6-1.fna&_nc_gid=cMf-FpDCPSElfWEzxU_Xmw&_nc_ss=7b289&oh=00_Af8kM-xw0G2UJZnxZlDr_M3xQnClphKAOAJDIsR6Q9sd6A&oe=6A384FC9 | Resized: https://scontent.fjai6-1.fna.fbcdn.net/v/t39.35426-6/501319344_993030532903827_1641238402855725465_n.jpg?stp=dst-jpg_s600x600_tt6&_nc_cat=105&ccb=1-7&_nc_sid=c53f8f&_nc_ohc=bSxFHngMwngQ7kNvwGcaxDq&_nc_oc=AdqQjGkyewTG6HJrG6rb8eMidgeutgTFh-YBf1IE15ec2mfpzUNSF3lO3-gxg9kWpbm4FXQCS54mkdEOoSGydTkv&_nc_zt=14&_nc_ht=scontent.fjai6-1.fna&_nc_gid=cMf-FpDCPSElfWEzxU_Xmw&_nc_ss=7b289&oh=00_Af-AXKUCgjqk6fChEHGWVGHkYQbRrm32qHuK__7TTRxWbA&oe=6A38357B,,,,,,
1471937130901923,https://www.facebook.com/jjandgroup/,,https://www.facebook.com/jjandgroup/,,,,jja.jayesh@gmail.com,+91 89554 43389,,,,108713487994724,,JJ AnD Group,https://www.facebook.com/ads/library/?id=1471937130901923,"⭐ 4 BHK Luxury Villas in Jagatpura⭐
📍 Behind D-mart Jagatpura
☀️  100% Vaastu🛣️ 35 Feet Front",1538,Call now,,"FACEBOOK; INSTAGRAM",2026-05-24,2026-06-17,HD: https://video.fjai6-1.fna.fbcdn.net/o1/v/t2/f2/m366/AQNGcZPiJ8WFW8kJ_Kp0QI1jjVQMlSS6D8Y17dRATLk5DNbu9lPF5uCAypZO7MtIlwPovxNeRtqGyhkTuQw8qcdBt2Qh5dGumnO5cgqw1j-NAA.mp4?_nc_cat=111&_nc_oc=Adq12mMTEnKN5jgVloJZq0zP9ZQ1cum54rY7hQ4sDlYiP-rs6OoSwWXAW2oTQKdG4vHnukgeBRQSCUi97b1goS4K&_nc_sid=b66105&_nc_ht=video.fjai6-1.fna.fbcdn.net&_nc_ohc=WQ3GnINlJ1MQ7kNvwFKG4Y-&efg=eyJ2ZW5jb2RlX3RhZyI6Inhwdl9wcm9ncmVzc2l2ZS5WSV9VU0VDQVNFX1BST0RVQ1RfVFlQRS4uQzMuNzIwLmRhc2hfaDI2NC1iYXNpYy1nZW4yXzcyMHAiLCJ4cHZfYXNzZXRfaWQiOjE2MTg3MTk3OTU5MDQ5MjEsImFzc2V0X2FnZV9kYXlzIjoyNiwidmlfdXNlY2FzZV9pZCI6MTA3OTksImR1cmF0aW9uX3MiOjU1LCJ1cmxnZW5fc291cmNlIjoid3d3In0%3D&ccb=17-1&vs=94e210abf0cb0886&_nc_vs=HBksFQIYRWZiX2VwaGVtZXJhbC80OTQ3MDM4N0RFNTYyNzRCRkJDN0Y1QjBGNkZBRDBCOV9tdF8xX3ZpZGVvX2Rhc2hpbml0Lm1wNBUAAsgBEgAVAhhAZmJfcGVybWFuZW50L0JFNEQyN0ZCMkJCNDM4MzJGNkE5QkNEQzk0RjFENzgyX2F1ZGlvX2Rhc2hpbml0Lm1wNBUCAsgBEgAoABgAGwKIB3VzZV9vaWwBMRJwcm9ncmVzc2l2ZV9yZWNpcGUBMRUAACayhuim8o3gBRUCKAJDMywXQEuiDEm6XjUYGWRhc2hfaDI2NC1iYXNpYy1nZW4yXzcyMHARAHUAZd6oAQA&_nc_gid=ceLpCEZeINRPS0wmaWf8mg&_nc_ss=7b289&_nc_zt=28&oh=00_Af-p1PdDwaVoAO2m7tfi-YebW85iYZUVXYsXT_tn6vZvlw&oe=6A385E0D | SD: https://video.fjai6-1.fna.fbcdn.net/o1/v/t2/f2/m412/AQNz6G5s99hUhHn2yapqyx-uCk69rRJAQSDO3r-hcL9U0ds5jFJ4JlIi2TECuCqciPmk9aoK_8JClQVwpmVFsabG-hdLfjow731p5cundw.mp4?_nc_cat=101&_nc_oc=AdpdiBJ0fjTZF6LYN2uJW4skt5KDRPdP1qddo5ICrcpaXEYATNYYs9M-A984-jue4rh4p599piegbE0Tjrzj_Hal&_nc_sid=ef5aa3&_nc_ht=video.fjai6-1.fna.fbcdn.net&_nc_ohc=TVEJWxD5Nq4Q7kNvwHjuOBA&efg=eyJ2ZW5jb2RlX3RhZyI6Inhwdl9wcm9ncmVzc2l2ZS5WSV9VU0VDQVNFX1BST0RVQ1RfVFlQRS4uQzMuMzYwLnN2ZV9zZCIsInhwdl9hc3NldF9pZCI6MTYxODcxOTc5NTkwNDkyMSwiYXNzZXRfYWdlX2RheXMiOjI2LCJ2aV91c2VjYXNlX2lkIjoxMDc5OSwiZHVyYXRpb25fcyI6NTUsInVybGdlbl9zb3VyY2UiOiJ3d3cifQ%3D%3D&ccb=17-1&_nc_gid=ceLpCEZeINRPS0wmaWf8mg&_nc_ss=7b289&_nc_zt=28&oh=00_Af-Hp4bYzRoOWXM2XZ1PpWniA1xq15yqZ_FV04d0W0HPEw&oe=6A385715 | Preview: https://scontent.fjai6-1.fna.fbcdn.net/v/t39.35426-6/706831564_1337919038196429_2692725684639951062_n.jpg?_nc_cat=108&ccb=1-7&_nc_sid=c53f8f&_nc_ohc=YN6l5A5OubsQ7kNvwE6M7tR&_nc_oc=AdqFihVDiA-60BHb67KbdypvqAkaxZ5nkrOO4mUsMKbL3UAwfx-DFYEunjH2h6szWxLmVKmYlt1KknshijugdrwJ&_nc_zt=14&_nc_ht=scontent.fjai6-1.fna&_nc_gid=ceLpCEZeINRPS0wmaWf8mg&_nc_ss=7b289&oh=00_Af-mVNuTutwMON2ty7Hvz3m12UmIK_lg7G_CT2fdNMXJ-A&oe=6A383B43,,,,,,,
943767394818387,https://www.facebook.com/ekostayindia/,ekostay.com,https://www.facebook.com/ekostayindia/,,,,reservations@ekostay.com,"+918169019090, 8169019090",,,,101073064631234,https://www.ekostay.com/property/location/villas-in-igatpuri/ekostay-black-mirror,EKO STAY,https://www.facebook.com/ads/library/?id=943767394818387,Escape to Karjat’s Most Insta-Worthy Glass Villa,6773,Book now,www.ekostay.com,"FACEBOOK; INSTAGRAM; AUDIENCE_NETWORK; MESSENGER",2026-03-17,2026-06-17,HD: https://video.fjai6-1.fna.fbcdn.net/o1/v/t2/f2/m366/AQNk4ecC_uDNwJ-gyJJCUVxgdU04sRfpcZmYFp2EeXXlHSGl7pn8rXyTSpjHLflQL62iQ3diIfVxX1Rhbq-x1kVqQwrDilANDxaUsSGVqb_Jqw.mp4?_nc_cat=111&_nc_oc=Adp_nz8XSmvGNb76uJ6YArT-G82Tk-hrY22U2giPsfCV1qB-mDZbL8WYw7iv2w97JHCJI4rOIIyvOZnVvRDOLjwN&_nc_sid=b66105&_nc_ht=video.fjai6-1.fna.fbcdn.net&_nc_ohc=poITGUPimHwQ7kNvwFweWfO&efg=eyJ2ZW5jb2RlX3RhZyI6Inhwdl9wcm9ncmVzc2l2ZS5WSV9VU0VDQVNFX1BST0RVQ1RfVFlQRS4uQzMuNzIwLmRhc2hfaDI2NC1iYXNpYy1nZW4yXzcyMHAiLCJ4cHZfYXNzZXRfaWQiOjcwNzA0NDU2NTQyODEyMCwiYXNzZXRfYWdlX2RheXMiOjMzNywidmlfdXNlY2FzZV9pZCI6MTA3OTksImR1cmF0aW9uX3MiOjI1LCJ1cmxnZW5fc291cmNlIjoid3d3In0%3D&ccb=17-1&vs=1c6afb811a8ec0f&_nc_vs=HBksFQIYRWZiX2VwaGVtZXJhbC9DNjQyN0I0Qzc4QzQ2MjQ0RkNGMjQ0QTE3QTBERDc4MV9tdF8xX3ZpZGVvX2Rhc2hpbml0Lm1wNBUAAsgBEgAVAhhAZmJfcGVybWFuZW50L0FDNDJGREU0MjA3MzMzODA3OTQ4RkQzMzBDN0MzNTk0X2F1ZGlvX2Rhc2hpbml0Lm1wNBUCAsgBEgAoABgAGwKIB3VzZV9vaWwBMRJwcm9ncmVzc2l2ZV9yZWNpcGUBMRUAACawns3CtMPBAhUCKAJDMywXQDlmZmZmZmYYGWRhc2hfaDI2NC1iYXNpYy1nZW4yXzcyMHARAHUAZd6oAQA&_nc_gid=ceLpCEZeINRPS0wmaWf8mg&_nc_ss=7b289&_nc_zt=28&oh=00_Af-B-ifbnKsHI507Ej7cn6egvNAs6dawE0e39CN-7Ze4_Q&oe=6A38506D | SD: https://video.fjai6-1.fna.fbcdn.net/o1/v/t2/f2/m412/AQN7r0qJJjZ5Do0p2QzTsQmRmwwSrNEY2HQrz9R_J1Nrp5SVVIAlO-COxWXaMSoKFq4kFmiqVtTyLMSqIRfGev4OspTO4b8HOMpAqQJ5jg.mp4?_nc_cat=107&_nc_oc=Adrc-3k3XwtFR4uprbV5saOnwjuNLdV5KHzYGHAKUD2wj_ouOGzT2tQP1ZGp8hZOnvjQoMdgaqmIIrFr7DZws_ob&_nc_sid=ef5aa3&_nc_ht=video.fjai6-1.fna.fbcdn.net&_nc_ohc=y8adO3Abj90Q7kNvwG4rhVo&efg=eyJ2ZW5jb2RlX3RhZyI6Inhwdl9wcm9ncmVzc2l2ZS5WSV9VU0VDQVNFX1BST0RVQ1RfVFlQRS4uQzMuMzYwLnN2ZV9zZCIsInhwdl9hc3NldF9pZCI6NzA3MDQ0NTY1NDI4MTIwLCJhc3NldF9hZ2VfZGF5cyI6MzM3LCJ2aV91c2VjYXNlX2lkIjoxMDc5OSwiZHVyYXRpb25fcyI6MjUsInVybGdlbl9zb3VyY2UiOiJ3d3cifQ%3D%3D&ccb=17-1&_nc_gid=ceLpCEZeINRPS0wmaWf8mg&_nc_ss=7b289&_nc_zt=28&oh=00_Af9YGXfQu1kltsWOTbiM-dFw74_VVTk1PY841hHtEHFMtw&oe=6A385BBF | Preview: https://scontent.fjai6-1.fna.fbcdn.net/v/t39.35426-6/652827061_821116800289235_370441529665760572_n.jpg?_nc_cat=100&ccb=1-7&_nc_sid=c53f8f&_nc_ohc=z2ehH--1MHIQ7kNvwFSFG8d&_nc_oc=Adp7rSkjvJ9LZ2v8de9J5SjdFxBL4_WO7uSukeLDDOdJVrqNI0ydjVM86Uc9ZSxr8KGQTpoG3wtLYjqZkICck_HY&_nc_zt=14&_nc_ht=scontent.fjai6-1.fna&_nc_gid=ceLpCEZeINRPS0wmaWf8mg&_nc_ss=7b289&oh=00_Af94RjoqawOuLDIWaXHDmGUo3tmPD7eO8NHSFuyZ-aD8hA&oe=6A385474,,,,,,,
987105547548040,https://www.facebook.com/theluxurysignature/,theluxurysignature.com,https://www.facebook.com/theluxurysignature/,,,,reservations@theluxurysignature.com,+85224354898,,,,250620558447393,https://www.theluxurysignature.com/?utm_source=facebook&utm_medium=social&utm_campaign=more_than_a_place_ad,The Luxury Signature,https://www.facebook.com/ads/library/?id=987105547548040,Step inside a world where extraordinary stays await.,12247,See details,www.theluxurysignature.com,"FACEBOOK; INSTAGRAM; AUDIENCE_NETWORK; MESSENGER; WHATSAPP; THREADS",2026-05-29,2026-06-17,HD: https://video.fjai6-1.fna.fbcdn.net/o1/v/t2/f2/m366/AQNdqvhxRap1ilC3affLQU74fy7lGIYP5mUV0Vgs-QM-GVibCBsMruAxfsKgpDPcHrDJnjcRJHCnAxMvw0j4FPUKuK_PrBHoBuudQiLjFvhHzQ.mp4?_nc_cat=105&_nc_oc=AdqiRCsGmUSz8VgjDu-nyfzT4CmwBYuW1JRfVN5On-rsBt8JdCjkdNRSUibEgNN6100Wmoh8gmuQ47hd11glmBmu&_nc_sid=b66105&_nc_ht=video.fjai6-1.fna.fbcdn.net&_nc_ohc=1iO3Kqlnp1EQ7kNvwE8YM1T&efg=eyJ2ZW5jb2RlX3RhZyI6Inhwdl9wcm9ncmVzc2l2ZS5WSV9VU0VDQVNFX1BST0RVQ1RfVFlQRS4uQzMuNzIwLmRhc2hfaDI2NC1iYXNpYy1nZW4yXzcyMHAiLCJ4cHZfYXNzZXRfaWQiOjEwNTY3MjQzNjI5ODgzMjYsImFzc2V0X2FnZV9kYXlzIjoyODksInZpX3VzZWNhc2VfaWQiOjEwNzk5LCJkdXJhdGlvbl9zIjoyOSwidXJsZ2VuX3NvdXJjZSI6Ind3dyJ9&ccb=17-1&vs=fbca4b393ac61d0f&_nc_vs=HBksFQIYRWZiX2VwaGVtZXJhbC8zMDQ2MTU3RkUzNDE0MTJCOTgwRUFDNUVDNDIxQzNBNV9tdF8xX3ZpZGVvX2Rhc2hpbml0Lm1wNBUAAsgBEgAVAhhAZmJfcGVybWFuZW50LzlBNDhDNkM0QzU3MzdERTYzMDg0ODBGQTAxNUZCMkIwX2F1ZGlvX2Rhc2hpbml0Lm1wNBUCAsgBEgAoABgAGwKIB3VzZV9vaWwBMRJwcm9ncmVzc2l2ZV9yZWNpcGUBMRUAACbMrMCEusXgAxUCKAJDMywXQD2zMzMzMzMYGWRhc2hfaDI2NC1iYXNpYy1nZW4yXzcyMHARAHUAZd6oAQA&_nc_gid=ceLpCEZeINRPS0wmaWf8mg&_nc_ss=7b289&_nc_zt=28&oh=00_Af8wydGKqRKzdvnIKeCekOVFRQQdHG9gqpZ23bi_cDXDtQ&oe=6A3862BB | SD: https://video.fjai6-1.fna.fbcdn.net/o1/v/t2/f2/m366/AQPHvSeStSxnHtj0qOIWqzLg60eM2Nq6hymBv-gzOutvCJlg-EXZzr91Lfoj36MlqO5QCOQwplAkfA0u1cLip90RV3YfMwILqTNDXTg_ZQ.mp4?_nc_cat=108&_nc_oc=AdrCSm7A-6TOTuYLD1dLCDhKwDu-r2sKauf7FHz7SwNWezt5LPfK9i2-xKu24z83_OsY5twp5jVedb2Zp2sDPme2&_nc_sid=ef5aa3&_nc_ht=video.fjai6-1.fna.fbcdn.net&_nc_ohc=NaCwUz4ZUeMQ7kNvwGGTLI1&efg=eyJ2ZW5jb2RlX3RhZyI6Inhwdl9wcm9ncmVzc2l2ZS5WSV9VU0VDQVNFX1BST0RVQ1RfVFlQRS4uQzMuMzYwLnN2ZV9zZCIsInhwdl9hc3NldF9pZCI6MTA1NjcyNDM2Mjk4ODMyNiwiYXNzZXRfYWdlX2RheXMiOjI4OSwidmlfdXNlY2FzZV9pZCI6MTA3OTksImR1cmF0aW9uX3MiOjI5LCJ1cmxnZW5fc291cmNlIjoid3d3In0%3D&ccb=17-1&_nc_gid=ceLpCEZeINRPS0wmaWf8mg&_nc_ss=7b289&_nc_zt=28&oh=00_Af96uPGXgCt-FTvg1KtVieN8dc2DbSdVh7OzQ9_WkcW-Gg&oe=6A383CB6 | Preview: https://scontent.fjai6-1.fna.fbcdn.net/v/t39.35426-6/709121849_1376017054343707_3974052677934648269_n.jpg?_nc_cat=109&ccb=1-7&_nc_sid=c53f8f&_nc_ohc=torRbUoQKn8Q7kNvwE_wPUl&_nc_oc=AdrUwaUG5OIVTKrXTrPbjzSL7DX4tVIYCrSNJQeDMS09kTN2WfMIuzcOFmeSoGxJssG2-I0xj4tI660km7_89apt&_nc_zt=14&_nc_ht=scontent.fjai6-1.fna&_nc_gid=ceLpCEZeINRPS0wmaWf8mg&_nc_ss=7b289&oh=00_Af_7NnSUX7RK9LMd1tUbitMxIHIxKvXhWMKI2hcfm2SWrA&oe=6A383FBD,,,,,,,
1984999402039660,https://www.facebook.com/jadehospitainment/,fb.me,https://www.facebook.com/jadehospitainment/,,,,enquiry@jaderetreats.com,+91 89706 63366,,,,1479261225651386,http://fb.me/,Jade Hospitainment,https://www.facebook.com/ads/library/?id=1984999402039660,"Celebrate life’s special moments at our very own private villas in Bangalore. Whether it’s a birthday party, wedding celebration, family reunion, or corporate gathering, our exclusive villas with private pools & spacious lawns are designed to make every occasion unforgettable. 🍾",9482,Book now,https://www.jadehospitainment.com/,"FACEBOOK; INSTAGRAM; AUDIENCE_NETWORK",2025-09-12,2026-06-17,,,"Celebrate birthdays, weddings, reunions & special occasions at our luxury private pool villas. Exclusive spaces for unforgettable celebrations starting at ₹25,000/night. || Plan birthdays, family reunions, pool parties & corporate events at our premium private villas in Bangalore. Curated for unforgettable celebrations. || Host epic parties, intimate weddings, and fun-filled reunions at luxury farmhouses & villas with pools and lawns. Perfect venues for every celebration. || From birthday parties to destination-style weddings, our exclusive villas with pools & lawns make every moment special. Book your celebration villa today! || Celebrate birthdays, weddings & reunions in style at luxury villas designed for parties & gatherings. Private, exclusive & starting at just ₹25,000/night.",http://fb.me/ || http://fb.me/ || http://fb.me/ || http://fb.me/ || http://fb.me/,https://www.jadehospitainment.com/ || https://www.jadehospitainment.com/ || https://www.jadehospitainment.com/ || https://www.jadehospitainment.com/ || https://www.jadehospitainment.com/,Book Now || Book Now || Book Now || Book Now || Book Now,Original: https://scontent.fjai6-1.fna.fbcdn.net/v/t39.35426-6/540917138_799800985964242_2794517644186175476_n.jpg?_nc_cat=104&ccb=1-7&_nc_sid=c53f8f&_nc_ohc=9I42Ie4Zt5QQ7kNvwEZ8suu&_nc_oc=AdpvN3dUzjX4jngicnGRpDhY3c0yczVOrrEUVxH3YuuhNLxzW0l2yg5retfI5v19B2_A_wMiaP-Y6QtwCpV9N3Xz&_nc_zt=14&_nc_ht=scontent.fjai6-1.fna&_nc_gid=ceLpCEZeINRPS0wmaWf8mg&_nc_ss=7b289&oh=00_Af8Mv6blSTwj9PTkiO3UbFB9V2OhWXWOZ1ET8t6BUjcBwA&oe=6A3845B7 | Resized: https://scontent.fjai6-1.fna.fbcdn.net/v/t39.35426-6/541777857_1121095853304870_459672734657048758_n.jpg?stp=dst-jpg_s600x600_tt6&_nc_cat=107&ccb=1-7&_nc_sid=c53f8f&_nc_ohc=rbIOAIVua84Q7kNvwFxbTmf&_nc_oc=AdpYtwVfV5kYXUIEP5N75FUXDtqVJNEdc27-F8t3BAycxA-KUxQnAaSrrfqoFWFsE2BUfNUExH2EO2js4u20Ymvw&_nc_zt=14&_nc_ht=scontent.fjai6-1.fna&_nc_gid=ceLpCEZeINRPS0wmaWf8mg&_nc_ss=7b289&oh=00_Af-c1L4gYeeu-2DMb5JnemmNCehy0jWN0gFIwXoRyyD_DQ&oe=6A3849F4 || Original: https://scontent.fjai6-1.fna.fbcdn.net/v/t39.35426-6/540921603_2320042968439061_1527479923389170293_n.jpg?_nc_cat=109&ccb=1-7&_nc_sid=c53f8f&_nc_ohc=d29f6hQLSr8Q7kNvwFOMopj&_nc_oc=AdoJVqlYxCfUIBOx8VLbD9x0Of8ptSWrH-y16M4LLX6nRI735quowvDD7ZgYja63jO3DitrwKkRp9tzZ8XO4FJOu&_nc_zt=14&_nc_ht=scontent.fjai6-1.fna&_nc_gid=ceLpCEZeINRPS0wmaWf8mg&_nc_ss=7b289&oh=00_Af8SU5bP4ms_5xRoQCZIhRm5zUf22t0FDXqoHJ8y4N--mw&oe=6A384E7C | Resized: https://scontent.fjai6-1.fna.fbcdn.net/v/t39.35426-6/540590891_699878859727128_1610547069390469502_n.jpg?stp=dst-jpg_s600x600_tt6&_nc_cat=109&ccb=1-7&_nc_sid=c53f8f&_nc_ohc=6oYnOAM2kroQ7kNvwF2RZSr&_nc_oc=AdrSQ9ZF8pGjcR4qM3z7hSA2CUB8Mik58Ot_9RBvRRGY4UFO5bS26zctUA7YS_PYfSNQASEbolgLLNBuvn7XDOAd&_nc_zt=14&_nc_ht=scontent.fjai6-1.fna&_nc_gid=ceLpCEZeINRPS0wmaWf8mg&_nc_ss=7b289&oh=00_Af-T2KYMoL9x9qQJdSnwY5DgROvz_hH_mTbE796MVcSyeg&oe=6A383DE0 || Original: https://scontent.fjai6-1.fna.fbcdn.net/v/t39.35426-6/541637338_787081093687326_3100962474973776789_n.jpg?_nc_cat=102&ccb=1-7&_nc_sid=c53f8f&_nc_ohc=ySDn-nurVnQQ7kNvwH-AJKf&_nc_oc=AdoisTNS9uZQ2IFPoWnVzo6Dc-LmO11KLHekNriZryGkTYRB7X6Vgqp4k55GoRqkN5ynL81xWHg9JR42-tzMO6gi&_nc_zt=14&_nc_ht=scontent.fjai6-1.fna&_nc_gid=ceLpCEZeINRPS0wmaWf8mg&_nc_ss=7b289&oh=00_Af_sB09KWaqH4Bg3DiVBuq7iWwXPmG1Ll8wKsMjSscwWOg&oe=6A386683 | Resized: https://scontent.fjai6-1.fna.fbcdn.net/v/t39.35426-6/541982482_1269600127779795_2785860193742795332_n.jpg?stp=dst-jpg_s600x600_tt6&_nc_cat=102&ccb=1-7&_nc_sid=c53f8f&_nc_ohc=sIS7vCUhbyQQ7kNvwHZ7YIl&_nc_oc=Adr6-9-BCPe4SrBer1aTeXBg5l4ACOk6q6rEQIjsaC020kuk7OnWh6_STHEz63AlsJGXrToTpyLDDhUm9NlsQyU-&_nc_zt=14&_nc_ht=scontent.fjai6-1.fna&_nc_gid=ceLpCEZeINRPS0wmaWf8mg&_nc_ss=7b289&oh=00_Af-KbFcUOtXnPdMIHS7SckRFlYdNJMkbMIINU4rFS3trhQ&oe=6A38462D || Original: https://scontent.fjai6-1.fna.fbcdn.net/v/t39.35426-6/541847751_3031931730319169_6786751071744271275_n.jpg?_nc_cat=109&ccb=1-7&_nc_sid=c53f8f&_nc_ohc=4gHiuFdt70MQ7kNvwG9Ep91&_nc_oc=AdqYJog4AEz2q0cV50-5PGGEXxvX4-JSqrv7RSm2imsO2Og-cpHyhgx6CaRKH2oU8hEWrNZglLhThgeZICgeuai3&_nc_zt=14&_nc_ht=scontent.fjai6-1.fna&_nc_gid=ceLpCEZeINRPS0wmaWf8mg&_nc_ss=7b289&oh=00_Af_Ikd0RiG9Zq701ccL7TKfJEJo4NoZHEPLlI5vb9uodkQ&oe=6A385800 | Resized: https://scontent.fjai6-1.fna.fbcdn.net/v/t39.35426-6/542104437_1304423138002342_5835941590994575923_n.jpg?stp=dst-jpg_s600x600_tt6&_nc_cat=105&ccb=1-7&_nc_sid=c53f8f&_nc_ohc=votrwUqrfiAQ7kNvwEmvZLP&_nc_oc=AdrGiZa23LjuiGujanI_SKzeyRdOYmDotYq_x5NA1aoZRckxZdswlMiClCboStvo9HamG_b9oocVJB3PG2X688Aa&_nc_zt=14&_nc_ht=scontent.fjai6-1.fna&_nc_gid=ceLpCEZeINRPS0wmaWf8mg&_nc_ss=7b289&oh=00_Af9gG-h7_rfqHyq7hnYfOQ_Di0ppofr2a4OS80PUbYaegg&oe=6A3852B6 || Original: https://scontent.fjai6-1.fna.fbcdn.net/v/t39.35426-6/541485056_663749823412164_8988952349896517879_n.jpg?_nc_cat=108&ccb=1-7&_nc_sid=c53f8f&_nc_ohc=k-grhstfMj0Q7kNvwECgUyR&_nc_oc=AdqLisGjOr4bfFUFBf8p-oXfWr8OACvxUJ-IzSWIIqxYLs-nX8Ep3Q7QVh_H2WBX4ifaPp-gzhFBR6xUhAMQODkl&_nc_zt=14&_nc_ht=scontent.fjai6-1.fna&_nc_gid=ceLpCEZeINRPS0wmaWf8mg&_nc_ss=7b289&oh=00_Af9dfsdeCaCs3hhk9QPnKmZ7GuViHMqHLT3jQUADsugoCQ&oe=6A382EF8 | Resized: https://scontent.fjai6-1.fna.fbcdn.net/v/t39.35426-6/540947525_1094269472843471_915668690350785792_n.jpg?stp=dst-jpg_s600x600_tt6&_nc_cat=102&ccb=1-7&_nc_sid=c53f8f&_nc_ohc=-iGA14DUORgQ7kNvwFvWIQv&_nc_oc=Adois4JG3H63Ui0I3Y7tDzrSDZLw_2PfhCaTp8BhwJ55cpRJKft_CcAcQSsjP-4RkFlioyiSWovhhcF8t4UdVXCY&_nc_zt=14&_nc_ht=scontent.fjai6-1.fna&_nc_gid=ceLpCEZeINRPS0wmaWf8mg&_nc_ss=7b289&oh=00_Af_R9_RTmCxwsDeZtrxyRTxQqlk-D8hC584YyfVgjXqmQg&oe=6A38669E,
2235324787215949,https://www.facebook.com/61580163143945/,fb.me,https://www.facebook.com/61580163143945/,,,,info@passiongroup.in,+91 788 045 4545,,,,743853592152484,http://fb.me/,Passion Nand Niwas Palace,https://www.facebook.com/ads/library/?id=2235324787215949,"What if your home felt more like a palace than a property?

Introducing Passion Nand Niwas Palace — a royal-inspired township featuring majestic architecture, a palace-style clubhouse, luxury villas, swimming pool, wellness centre, royal gardens and curated lifestyle amenities.

Experience a life where tradition meets modern luxury.

Book your private site visit today.",447,Learn more,fb.me,"FACEBOOK; INSTAGRAM",2026-06-09,2026-06-14,,Original: https://scontent.fjai6-1.fna.fbcdn.net/v/t39.35426-6/721200879_995803076760408_4893601245490550859_n.jpg?_nc_cat=102&ccb=1-7&_nc_sid=c53f8f&_nc_ohc=W5oSfveC7U8Q7kNvwGirhfz&_nc_oc=AdoqHv4SZkmNzMKzxeCRMCFoAwvVd7aOZ4E7gq2yShv5o3ixYBg_GFH8XN2B_jkkraYGBI617S9QHcJaiR2F_7sR&_nc_zt=14&_nc_ht=scontent.fjai6-1.fna&_nc_gid=ceLpCEZeINRPS0wmaWf8mg&_nc_ss=7b289&oh=00_Af9dQKyiHjQ5ssBX2To4rTgyRb2U8YqUWipU6llxIWXpTA&oe=6A3858AF | Resized: https://scontent.fjai6-1.fna.fbcdn.net/v/t39.35426-6/719463363_1189395713302546_1906634876709162975_n.jpg?stp=dst-jpg_s600x600_tt6&_nc_cat=108&ccb=1-7&_nc_sid=c53f8f&_nc_ohc=1bvUoa0Np2MQ7kNvwFNOjBV&_nc_oc=AdroLM6tml7U6MiR32faZWGgpV5MTutrHME-AD4wsF6uic90BlnGOT-opb0dhSRaUqnHkFpMwvGSwVWZBbKZFeCE&_nc_zt=14&_nc_ht=scontent.fjai6-1.fna&_nc_gid=ceLpCEZeINRPS0wmaWf8mg&_nc_ss=7b289&oh=00_Af_iODvBQDK7XqmMLs7jDAAIOZLD1nosqzm9U0O4qyR2-g&oe=6A383667,,,,,,
970877752011953,https://www.facebook.com/ebcmussoorie/,api.whatsapp.com,https://www.facebook.com/ebcmussoorie/,,,,info@ebcmussoorie.com,+91 85952 74861,,,,106332424125965,https://api.whatsapp.com/send,"Everest Base Camp, Mussoorie",https://www.facebook.com/ads/library/?id=970877752011953,"Planning a Group Getaway To Mussoorie?  Get Up To 10% OFF On Group Bookings. Stay In Private Luxury Villas With Valley Views, Private Decks & Complete Privacy.",3744,Book now,api.whatsapp.com,INSTAGRAM,2026-05-01,2026-06-16,HD: https://video.fjai6-1.fna.fbcdn.net/o1/v/t2/f2/m366/AQOt2qw3VYAm5Zg3cep6WDXsyLx53KR319Y5TFyw011lmY-fkO1T1G5MFGBfPQp6cmkC9bmdTCYaFTv_GyW6X8g4yUXRkAx1q7L2fT5I0KQ7tA.mp4?_nc_cat=104&_nc_oc=AdqBh-HCPben4rtZF-6L0loOLf07m3556sw_rrEM-F2uF82xOqcPvluKB0tyKZjBzxVxY5uVEI2__h1ZIrtm_-DB&_nc_sid=b66105&_nc_ht=video.fjai6-1.fna.fbcdn.net&_nc_ohc=b0y6OArkH_EQ7kNvwGmMZVD&efg=eyJ2ZW5jb2RlX3RhZyI6Inhwdl9wcm9ncmVzc2l2ZS5WSV9VU0VDQVNFX1BST0RVQ1RfVFlQRS4uQzMuNzIwLmRhc2hfaDI2NC1iYXNpYy1nZW4yXzcyMHAiLCJ4cHZfYXNzZXRfaWQiOjgyODgzNzQ5MzYwNzM5NiwiYXNzZXRfYWdlX2RheXMiOjQ3LCJ2aV91c2VjYXNlX2lkIjoxMDc5OSwiZHVyYXRpb25fcyI6MjQsInVybGdlbl9zb3VyY2UiOiJ3d3cifQ%3D%3D&ccb=17-1&vs=2a2b63523ad9e801&_nc_vs=HBksFQIYRWZiX2VwaGVtZXJhbC84NjQ1RDc3NjNCQzYxNkNBOTI3Nzc0QUU0NDY3OUVBNV9tdF8xX3ZpZGVvX2Rhc2hpbml0Lm1wNBUAAsgBEgAVAhhAZmJfcGVybWFuZW50L0YzNEZERUEzN0RGMjNGNjIyQUY2MkY4NzFCOTFBM0IyX2F1ZGlvX2Rhc2hpbml0Lm1wNBUCAsgBEgAoABgAGwKIB3VzZV9vaWwBMRJwcm9ncmVzc2l2ZV9yZWNpcGUBMRUAACbIr5DG2PT4AhUCKAJDMywXQDjVP3ztkWgYGWRhc2hfaDI2NC1iYXNpYy1nZW4yXzcyMHARAHUAZd6oAQA&_nc_gid=dA2cgEkmFH67xluH4AJAwQ&_nc_ss=7b289&_nc_zt=28&oh=00_Af-HS8csdAisPJlQOm_sNxCvN9IQgWontZJeibZ-EVmbLg&oe=6A3846A8 | SD: https://video.fjai6-1.fna.fbcdn.net/o1/v/t2/f2/m412/AQOd8_UwG_liOmAFTy1S1XX0JfLUXY5HUFUxBwuwKrvP3wE0N8D5u2IxpCMieDpZIzd6yKcXH80vPi2qq-n-PJYRE8JgnorqBl5iZ2SoZA.mp4?_nc_cat=105&_nc_oc=Adr36PI_cUKhd_T8cf9XIr0jSoYxkIHiAW_gjoJfJWpWA5x__Uood9Kyu3hJvKqiLm__pCCxWTVkFD_sAJEJOibK&_nc_sid=ef5aa3&_nc_ht=video.fjai6-1.fna.fbcdn.net&_nc_ohc=14n0MyIF8M4Q7kNvwHF4Vgg&efg=eyJ2ZW5jb2RlX3RhZyI6Inhwdl9wcm9ncmVzc2l2ZS5WSV9VU0VDQVNFX1BST0RVQ1RfVFlQRS4uQzMuMzYwLnN2ZV9zZCIsInhwdl9hc3NldF9pZCI6ODI4ODM3NDkzNjA3Mzk2LCJhc3NldF9hZ2VfZGF5cyI6NDcsInZpX3VzZWNhc2VfaWQiOjEwNzk5LCJkdXJhdGlvbl9zIjoyNCwidXJsZ2VuX3NvdXJjZSI6Ind3dyJ9&ccb=17-1&_nc_gid=dA2cgEkmFH67xluH4AJAwQ&_nc_ss=7b289&_nc_zt=28&oh=00_Af8b9BImvmeZzQwb4Yc66CIxSUJTOgKw7gtxfui-XQNsoA&oe=6A3845ED | Preview: https://scontent.fjai6-1.fna.fbcdn.net/v/t39.35426-6/684931539_3515596471950207_6829711787762188113_n.jpg?_nc_cat=104&ccb=1-7&_nc_sid=c53f8f&_nc_ohc=SdeWQhs38vsQ7kNvwFGmI4Z&_nc_oc=AdrNdQFdlDidhXOGdcGXw6nw2dVTKHxUBzt8Z-c48WNoD_djZlEz2DoedDs220dsHWomd4Rkrip16edfpK7U8ilo&_nc_zt=14&_nc_ht=scontent.fjai6-1.fna&_nc_gid=dA2cgEkmFH67xluH4AJAwQ&_nc_ss=7b289&oh=00_Af9rsBQ3M6VEXFa6audMQiEVpNyBamXTevggEiV3YmKpyw&oe=6A384460,,,,,,,
2037802480286176,https://www.facebook.com/hallmarkfloresta/,fb.me,https://www.facebook.com/hallmarkfloresta/,,,,kishore.s@hallmarkbuilders.in,+91 88866 78859,,,,736386149560566,http://fb.me/,Hallmark Floresta,https://www.facebook.com/ads/library/?id=2037802480286176,"Hallmark Floresta isn’t just another villa project . it’s the only luxury community near Patancheru that offers a serene escape surrounded by nature. Just minutes from ORR and Hyderabad’s Financial District, yet miles away from the city’s chaos, this is where luxury meets clean air and uninterrupted views for life.",35,Get quote,fb.me,"FACEBOOK; INSTAGRAM",2026-01-29,2026-06-17,,,"Hallmark Floresta isn’t just another villa project . it’s the only luxury community near Patancheru that offers a serene escape surrounded by nature. Just minutes from ORR and Hyderabad’s Financial District, yet miles away from the city’s chaos, this is where luxury meets clean air and uninterrupted views for life. || Hallmark Floresta isn’t just another villa project . it’s the only luxury community near Patancheru that offers a serene escape surrounded by nature. Just minutes from ORR and Hyderabad’s Financial District, yet miles away from the city’s chaos, this is where luxury meets clean air and uninterrupted views for life. || Hallmark Floresta isn’t just another villa project . it’s the only luxury community near Patancheru that offers a serene escape surrounded by nature. Just minutes from ORR and Hyderabad’s Financial District, yet miles away from the city’s chaos, this is where luxury meets clean air and uninterrupted views for life. || Hallmark Floresta isn’t just another villa project . it’s the only luxury community near Patancheru that offers a serene escape surrounded by nature. Just minutes from ORR and Hyderabad’s Financial District, yet miles away from the city’s chaos, this is where luxury meets clean air and uninterrupted views for life.",http://fb.me/ || http://fb.me/ || http://fb.me/ || http://fb.me/,,Get Quote || Get Quote || Get Quote || Get Quote,Original: https://scontent.fjai6-1.fna.fbcdn.net/v/t39.35426-6/619293241_865159626496055_7062545046064336584_n.jpg?_nc_cat=111&ccb=1-7&_nc_sid=c53f8f&_nc_ohc=tlT38GlqAtsQ7kNvwH0MEHP&_nc_oc=AdrQdUTblcgEd96m-Ww-yxjGEZKwi3HvP-eZD1cb4Vz1mm0vO6xsyYpcOPcCP8Qe1WdxVJW-EFJySBy3jvCsCCai&_nc_zt=14&_nc_ht=scontent.fjai6-1.fna&_nc_gid=dA2cgEkmFH67xluH4AJAwQ&_nc_ss=7b289&oh=00_Af-B4kGoDoVEvjbGJ3FHlIfrlf6h57yFF3LoVzb1AH4YKA&oe=6A3864E7 | Resized: https://scontent.fjai6-1.fna.fbcdn.net/v/t39.35426-6/619335854_1201735698298658_8968111592500457896_n.jpg?stp=dst-jpg_s600x600_tt6&_nc_cat=102&ccb=1-7&_nc_sid=c53f8f&_nc_ohc=CnKx1d06AoMQ7kNvwFZMYQi&_nc_oc=AdotkS0nanrQIkZS_Wbd1q4MajZtXvI0rJskByzPYF51SZJVK2o7V6xv2NwCRXvt-X5KFjwPCbS5lq2rRO2BPh99&_nc_zt=14&_nc_ht=scontent.fjai6-1.fna&_nc_gid=dA2cgEkmFH67xluH4AJAwQ&_nc_ss=7b289&oh=00_Af-PlbElW1Eyv2vgb-UwAoG-cOOBtPV7ngKRRjbaHxYqYA&oe=6A385958 || Original: https://scontent.fjai6-1.fna.fbcdn.net/v/t39.35426-6/619396520_765729729305292_8850816469692918912_n.jpg?_nc_cat=103&ccb=1-7&_nc_sid=c53f8f&_nc_ohc=5wm2YiihDdgQ7kNvwHaWd_s&_nc_oc=AdptZyl9hpwDcAafboVD4ZY11ebl_akokEg8MDhpR748RtM6aYgWUU42ag0-RbU76MsC69aAGahkDd0PSJLVABtj&_nc_zt=14&_nc_ht=scontent.fjai6-1.fna&_nc_gid=dA2cgEkmFH67xluH4AJAwQ&_nc_ss=7b289&oh=00_Af8QmI3WztYP_9XKRKLQfF2LPIHr6uCkrQSl-4xYwRzy3A&oe=6A386690 | Resized: https://scontent.fjai6-1.fna.fbcdn.net/v/t39.35426-6/619282523_777895775324673_5339874965352895645_n.jpg?stp=dst-jpg_s600x600_tt6&_nc_cat=102&ccb=1-7&_nc_sid=c53f8f&_nc_ohc=Hj1oPmewSawQ7kNvwFXaDnr&_nc_oc=AdreWNHgPsYFGm4aKhzeHsxcRoBIaeocdBgCdJWwEB8AkEM-fK9Fp0nijwIL6Tcqe0pzITe6KQ8m-q5YsUnjmrNu&_nc_zt=14&_nc_ht=scontent.fjai6-1.fna&_nc_gid=dA2cgEkmFH67xluH4AJAwQ&_nc_ss=7b289&oh=00_Af_kHDU6jGksmSSLGEhU6dY1E5OF9L3BI4ilKEQbiQrIcQ&oe=6A385638 || Original: https://scontent.fjai6-1.fna.fbcdn.net/v/t39.35426-6/618669781_901850312344821_6800769442227178771_n.jpg?_nc_cat=103&ccb=1-7&_nc_sid=c53f8f&_nc_ohc=CVoQFsCuTesQ7kNvwHYcu2-&_nc_oc=AdpkBU7gjAl2UNc4PDFJwGyroraes1Lswh2QV-Wdqulun6T1F25_ZtZnvjmi4nrYGK7R63tIQFvqGE2FWYkfun7v&_nc_zt=14&_nc_ht=scontent.fjai6-1.fna&_nc_gid=dA2cgEkmFH67xluH4AJAwQ&_nc_ss=7b289&oh=00_Af-i2P03xUB6amHlmy3ObfXbZWJBALztMx0zbXImf459xw&oe=6A383F3F | Resized: https://scontent.fjai6-1.fna.fbcdn.net/v/t39.35426-6/622907867_1253482176631029_836910601276103279_n.jpg?stp=dst-jpg_s600x600_tt6&_nc_cat=105&ccb=1-7&_nc_sid=c53f8f&_nc_ohc=kVv0T97E_6MQ7kNvwE3Pnd7&_nc_oc=AdqkT7zGq52yfW2CZGlAs-dXCJwcZc90s4-z2KbckOODWPJeY4O4gdI_SsJZmKkRdOF6O98aaTQM_ORlk7Hfq8_d&_nc_zt=14&_nc_ht=scontent.fjai6-1.fna&_nc_gid=dA2cgEkmFH67xluH4AJAwQ&_nc_ss=7b289&oh=00_Af_iBpV1TJ3N2mgjIrds1ol39RpOetK79WPZ6tTnCvC-Ig&oe=6A385B4C || Original: https://scontent.fjai6-1.fna.fbcdn.net/v/t39.35426-6/618669781_901850312344821_6800769442227178771_n.jpg?_nc_cat=103&ccb=1-7&_nc_sid=c53f8f&_nc_ohc=CVoQFsCuTesQ7kNvwHYcu2-&_nc_oc=AdpkBU7gjAl2UNc4PDFJwGyroraes1Lswh2QV-Wdqulun6T1F25_ZtZnvjmi4nrYGK7R63tIQFvqGE2FWYkfun7v&_nc_zt=14&_nc_ht=scontent.fjai6-1.fna&_nc_gid=dA2cgEkmFH67xluH4AJAwQ&_nc_ss=7b289&oh=00_Af-i2P03xUB6amHlmy3ObfXbZWJBALztMx0zbXImf459xw&oe=6A383F3F | Resized: https://scontent.fjai6-1.fna.fbcdn.net/v/t39.35426-6/622907867_1253482176631029_836910601276103279_n.jpg?stp=dst-jpg_s600x600_tt6&_nc_cat=105&ccb=1-7&_nc_sid=c53f8f&_nc_ohc=kVv0T97E_6MQ7kNvwE3Pnd7&_nc_oc=AdqkT7zGq52yfW2CZGlAs-dXCJwcZc90s4-z2KbckOODWPJeY4O4gdI_SsJZmKkRdOF6O98aaTQM_ORlk7Hfq8_d&_nc_zt=14&_nc_ht=scontent.fjai6-1.fna&_nc_gid=dA2cgEkmFH67xluH4AJAwQ&_nc_ss=7b289&oh=00_Af_iBpV1TJ3N2mgjIrds1ol39RpOetK79WPZ6tTnCvC-Ig&oe=6A385B4C,
2392235747888835,https://www.facebook.com/61574967038537/,instagram.com,https://www.facebook.com/61574967038537/,http://instagram.com/luxofy__realty,,,goapropertyhb@gmail.com,+91 98814 14999,,,,664902423362324,http://instagram.com/luxofy__realty,Luxofy Realty ,https://www.facebook.com/ads/library/?id=2392235747888835,"Villa Prices in Goa 2026 — What You Need to Know

Hey everyone, I’m Vikas and I’m joined by Pavana from Luxofy Realty, bringing you the latest insights on villa prices in Goa for 2026.

With rising demand, expanding infrastructure, and growing tourism, villa prices in Goa continue to appreciate — especially in prime locations like North Goa, Parra, Assagao, Arpora, and emerging hubs near Mopa Airport.

📩 DM us to explore our exclusive projects in Goa, pricing details, and personalized site visits.

#VillaPricesGoa2026 #GoaRealEstate #PropertyHubGoa #Vikas #Pavana InvestInGoa LuxuryVillasGoa GoaPropertyMarket RealEstateTrends SmartInvestment GoaHomes SecondHomeGoa",1908,Visit Instagram profile,instagram.com,"FACEBOOK; INSTAGRAM",2026-02-23,2026-06-17,HD: https://video.fjai6-1.fna.fbcdn.net/o1/v/t2/f2/m69/AQNENTJQXGHTK25ack94dnfT3qHQVF0ezuu1Gz3MiGQoNcw2toONKcAzTuYh0RDQgczSRLf6ucTMRiGR3Asu_UP-.mp4?strext=1&_nc_cat=104&_nc_oc=Adrqy45zSHfwAB1Y5CLIiBPgQhqzbZv9AgD0GNtIuB-NVAQ-Ahfa-1uwF2ZRnYcevWGWZP4llIm3G7HJ7zycj-oh&_nc_sid=b66105&_nc_ht=video.fjai6-1.fna.fbcdn.net&_nc_ohc=usARHwi9H5gQ7kNvwFBG6H1&efg=eyJ2ZW5jb2RlX3RhZyI6Inhwdl9wcm9ncmVzc2l2ZS5WSV9VU0VDQVNFX1BST0RVQ1RfVFlQRS4uQzMuNzIwLmRhc2hfYmFzZWxpbmVfMV92MSIsInhwdl9hc3NldF9pZCI6MTc4NzA1NzYxMjE1NDkzNzYsImFzc2V0X2FnZV9kYXlzIjoxMTksInZpX3VzZWNhc2VfaWQiOjEwMDk5LCJkdXJhdGlvbl9zIjo3NywidXJsZ2VuX3NvdXJjZSI6Ind3dyJ9&ccb=17-1&vs=9e86796a1702fa07&_nc_vs=HBksFQIYOnBhc3N0aHJvdWdoX2V2ZXJzdG9yZS9HSEFtMXlVUDJaekd1QTRGQU54dXFncEhEdWNLYnNwVEFRQUYVAALIARIAFQIYUWlnX3hwdl9wbGFjZW1lbnRfcGVybWFuZW50X3YyL0RCNEVBQ0U5QUY3NEM0ODgzRDY0OTA4NkNGODE1OUIzX2F1ZGlvX2Rhc2hpbml0Lm1wNBUCAsgBEgAoABgAGwKIB3VzZV9vaWwBMRJwcm9ncmVzc2l2ZV9yZWNpcGUBMRUAACaAycDat8y-PxUCKAJDMywXQFNkOVgQYk4YEmRhc2hfYmFzZWxpbmVfMV92MREAdQBl5p0BAA&_nc_gid=dA2cgEkmFH67xluH4AJAwQ&_nc_ss=7b289&_nc_zt=28&oh=00_Af9pQ4I80vED67Lk62_OIzxUdRapHHP8D5Kv_I-NPebhrg&oe=6A384FC6 | SD: https://video.fjai6-1.fna.fbcdn.net/o1/v/t2/f2/m86/AQMRtn6zOA5rRio9GnRWlK8ZQuIieaRK-YtvPCMuHggsBqcTLbxWBN6FDFW4A0Z70KVGHPDGdSPoMwBZxPCsN48.mp4?_nc_cat=101&_nc_oc=AdrDQ0KAltV7_xMbJgBoAH64ptyZl4BxTPey_Cc0SPX6R4qXf6SwaUr_qbMumaA3iP7hy_TAeP-36X_42UgmeSx6&_nc_sid=b66105&_nc_ht=video.fjai6-1.fna.fbcdn.net&_nc_ohc=32P_6ntGS2IQ7kNvwGlZU57&efg=eyJ2ZW5jb2RlX3RhZyI6Inhwdl9wcm9ncmVzc2l2ZS5WSV9VU0VDQVNFX1BST0RVQ1RfVFlQRS4uQzMuMzYwLmRhc2hfYmFzZWxpbmVfM192MSIsInhwdl9hc3NldF9pZCI6MTc4NzA1NzYxMjE1NDkzNzYsImFzc2V0X2FnZV9kYXlzIjoxMTksInZpX3VzZWNhc2VfaWQiOjEwMDk5LCJkdXJhdGlvbl9zIjo3NywidXJsZ2VuX3NvdXJjZSI6Ind3dyJ9&ccb=17-1&vs=6c71422ce264400&_nc_vs=HBksFQIYRmlnX3hwdl9yZWVsc19wZXJtYW5lbnRfc3JfcHJvZC8xNjIyNzk5MTQ1NTIyNTYxXzIzOTgxMDI3NTE3MjI5NzAwOC5tcDQVAALIARIAFQIYUWlnX3hwdl9wbGFjZW1lbnRfcGVybWFuZW50X3YyL0RCNEVBQ0U5QUY3NEM0ODgzRDY0OTA4NkNGODE1OUIzX2F1ZGlvX2Rhc2hpbml0Lm1wNBUCAsgBEgAoABgAGwKIB3VzZV9vaWwBMRJwcm9ncmVzc2l2ZV9yZWNpcGUBMRUAACaAycDat8y-PxUCKAJDMywXQFNkOVgQYk4YEmRhc2hfYmFzZWxpbmVfM192MREAdQBl5p0BAA&_nc_gid=dA2cgEkmFH67xluH4AJAwQ&_nc_ss=7b289&_nc_zt=28&oh=00_Af_pENzeJrC2EKoZ7DSp9E0GxTvfBLTPUZkwK69Fwrh9DA&oe=6A343AD3 | Preview: https://scontent.fjai6-1.fna.fbcdn.net/v/t39.35426-6/639266588_932541159499674_3172676950294027353_n.jpg?_nc_cat=105&ccb=1-7&_nc_sid=c53f8f&_nc_ohc=-UC1XjJa_kkQ7kNvwEeeYxa&_nc_oc=Adrd0KPu-3gG3QeLR9CcjmMc-CGKejKomScw80Z_7imPfKeJoEbiykD5hFlOqLf3zpmFhVXNA49SlhjyaeHAXEuG&_nc_zt=14&_nc_ht=scontent.fjai6-1.fna&_nc_gid=dA2cgEkmFH67xluH4AJAwQ&_nc_ss=7b289&oh=00_Af8-KKFtC09YtugNkR1M-GDFmLY6xwGsUB_0ZNOpsZBEXQ&oe=6A385AD6,,,,,,,
2715256272164713,https://www.facebook.com/stay.elivaas/,elivaas.com,https://www.facebook.com/stay.elivaas/,,,,staywithus@elivaas.com,+91 78274 49532,,,,117579414687132,https://www.elivaas.com/villas/villas-in-goa,Elivaas,https://www.facebook.com/ads/library/?id=2715256272164713,"Stay in one of Goa’s most premium locations.

ELIVAAS Amayah offers a 3 BHK villa with private pool, stylish interiors, and peaceful surroundings — close to top cafes & beaches.

Book now.",2241,Book now,www.elivaas.com,"FACEBOOK; INSTAGRAM; MESSENGER; THREADS",2026-06-04,2026-06-17,HD: https://video.fjai6-1.fna.fbcdn.net/o1/v/t2/f2/m366/AQM7sHTmEC_CYuPH1H3njnclqCvyV5SXMYZffGfIW673QqHjopyAgUUCNe2PEQdj35-k8HkeQsbt0kXGpJX2vWRqaRzyFbzBuCrhbIY2qYWxtQ.mp4?_nc_cat=111&_nc_oc=AdpUo1K-9IvClGfzXsq6sLsb9apn6c0vODku_4JXO_gRyUoeQotO3VK1CXCsAoQUDtPUW2dUE-hil7WSaNEKVj2e&_nc_sid=b66105&_nc_ht=video.fjai6-1.fna.fbcdn.net&_nc_ohc=UucAEtx2NJ8Q7kNvwFn4-pW&efg=eyJ2ZW5jb2RlX3RhZyI6Inhwdl9wcm9ncmVzc2l2ZS5WSV9VU0VDQVNFX1BST0RVQ1RfVFlQRS4uQzMuNzIwLmRhc2hfaDI2NC1iYXNpYy1nZW4yXzcyMHAiLCJ4cHZfYXNzZXRfaWQiOjE1MTI2ODk2OTcyNTQyMzYsImFzc2V0X2FnZV9kYXlzIjo1MywidmlfdXNlY2FzZV9pZCI6MTAxMzksImR1cmF0aW9uX3MiOjMxLCJ1cmxnZW5fc291cmNlIjoid3d3In0%3D&ccb=17-1&vs=7605e4d211791d60&_nc_vs=HBksFQIYRWZiX2VwaGVtZXJhbC83QzQxMTI4MUM4NDE1ODFDRTI4ODE3RjI4MTE2REJBNl9tdF8xX3ZpZGVvX2Rhc2hpbml0Lm1wNBUAAsgBEgAVAhhAZmJfcGVybWFuZW50Lzk4NDE4QUMxNzgyNjdGMDgwMTM2RjUxQzE3Q0IyNkI4X2F1ZGlvX2Rhc2hpbml0Lm1wNBUCAsgBEgAoABgAGwKIB3VzZV9vaWwBMRJwcm9ncmVzc2l2ZV9yZWNpcGUBMRUAACa4rfvAkPKvBRUCKAJDMywXQD9wo9cKPXEYGWRhc2hfaDI2NC1iYXNpYy1nZW4yXzcyMHARAHUAZbaeAQA&_nc_gid=dA2cgEkmFH67xluH4AJAwQ&_nc_ss=7b289&_nc_zt=28&oh=00_Af87-k8lahPTUzunDcnpmPLa4UQPBatY20W7sTLvD4tc_A&oe=6A384ED5 | SD: https://video.fjai6-1.fna.fbcdn.net/o1/v/t2/f2/m412/AQOwvQTLfQrb_fYvAN3fP5DYcgH2EWesljHnrj_yN7ZbzD3mHF_34wr-1N7xslKr_eNYG55morGi5jmVovP-c_NOx8F9CQkkRjgb2qebCw.mp4?_nc_cat=110&_nc_oc=AdqBSvdWWB_5doQk3zK6gQCVU6ImlsZ55Hx8xMkSCA-gwdFD3NOxPA8ZTTDf7KwrjGBOHU0eLsBVJEWXgOGVimmu&_nc_sid=ef5aa3&_nc_ht=video.fjai6-1.fna.fbcdn.net&_nc_ohc=OhbGBYvRqa8Q7kNvwHhmWvd&efg=eyJ2ZW5jb2RlX3RhZyI6Inhwdl9wcm9ncmVzc2l2ZS5WSV9VU0VDQVNFX1BST0RVQ1RfVFlQRS4uQzMuMzYwLnN2ZV9zZCIsInhwdl9hc3NldF9pZCI6MTUxMjY4OTY5NzI1NDIzNiwiYXNzZXRfYWdlX2RheXMiOjUzLCJ2aV91c2VjYXNlX2lkIjoxMDEzOSwiZHVyYXRpb25fcyI6MzEsInVybGdlbl9zb3VyY2UiOiJ3d3cifQ%3D%3D&ccb=17-1&_nc_gid=dA2cgEkmFH67xluH4AJAwQ&_nc_ss=7b289&_nc_zt=28&oh=00_Af_Yqt9zlMs9W292nPPaK_mQ5Fas29t2sH8eY7E8zj78Qg&oe=6A38579C | Preview: https://scontent.fjai6-1.fna.fbcdn.net/v/t39.35426-6/715340473_998422639505988_5412495224352314245_n.jpg?_nc_cat=108&ccb=1-7&_nc_sid=c53f8f&_nc_ohc=Mmgwr0BKlNgQ7kNvwGSjmA8&_nc_oc=AdoP7NEup5VI7SGSRknLU8oVSdQQvLZ6uqe8tmuYrzNBPl_KW4zGMJkyPox2I5NhP23nyyBtBdkNr7XBhCpyYLcb&_nc_zt=14&_nc_ht=scontent.fjai6-1.fna&_nc_gid=dA2cgEkmFH67xluH4AJAwQ&_nc_ss=7b289&oh=00_Af-RgUybuufEvggv3Y36u-GhSI2uofY628rOTSnujDi_tQ&oe=6A3841D8,,,,,,,
918503324434136,https://www.facebook.com/hallmarkfloresta/,fb.me,https://www.facebook.com/hallmarkfloresta/,,,,kishore.s@hallmarkbuilders.in,+91 88866 78859,,,,736386149560566,http://fb.me/,Hallmark Floresta,https://www.facebook.com/ads/library/?id=918503324434136,"Hallmark Floresta isn’t just another villa project . it’s the only luxury community near Patancheru that offers a serene escape surrounded by nature. Just minutes from ORR and Hyderabad’s Financial District, yet miles away from the city’s chaos, this is where luxury meets clean air and uninterrupted views for life.",35,Get quote,fb.me,"FACEBOOK; INSTAGRAM",2026-01-29,2026-06-17,,,"Hallmark Floresta isn’t just another villa project . it’s the only luxury community near Patancheru that offers a serene escape surrounded by nature. Just minutes from ORR and Hyderabad’s Financial District, yet miles away from the city’s chaos, this is where luxury meets clean air and uninterrupted views for life. || Hallmark Floresta isn’t just another villa project . it’s the only luxury community near Patancheru that offers a serene escape surrounded by nature. Just minutes from ORR and Hyderabad’s Financial District, yet miles away from the city’s chaos, this is where luxury meets clean air and uninterrupted views for life. || Hallmark Floresta isn’t just another villa project . it’s the only luxury community near Patancheru that offers a serene escape surrounded by nature. Just minutes from ORR and Hyderabad’s Financial District, yet miles away from the city’s chaos, this is where luxury meets clean air and uninterrupted views for life.",http://fb.me/ || http://fb.me/ || http://fb.me/,,Get Quote || Get Quote || Get Quote,Original: https://scontent.fjai6-1.fna.fbcdn.net/v/t39.35426-6/618124126_1575021026880860_4456802781887899947_n.jpg?_nc_cat=101&ccb=1-7&_nc_sid=c53f8f&_nc_ohc=NlQ_UE8iicwQ7kNvwFdgrUW&_nc_oc=AdoKvijFccx2JqoA00oQQBmFmwNJjiZqnTME-lj_Wgmkxwi5cLJzuc9ihak9iLlw2d0_SkBF1GzbaeIrK5Hwrpbp&_nc_zt=14&_nc_ht=scontent.fjai6-1.fna&_nc_gid=dA2cgEkmFH67xluH4AJAwQ&_nc_ss=7b289&oh=00_Af-QTdNkkmV0Pqsp9DseKpnpMX6_HGJh1U8usawyss4x7A&oe=6A38513F | Resized: https://scontent.fjai6-1.fna.fbcdn.net/v/t39.35426-6/618574506_1252917586710374_2630985405720162843_n.jpg?stp=dst-jpg_s600x600_tt6&_nc_cat=100&ccb=1-7&_nc_sid=c53f8f&_nc_ohc=SM2qVS7CAPgQ7kNvwGCKCGo&_nc_oc=AdopNONZU4Zk7nQ4Z7NVq8kAvaUt_W3kI5JG12Lq22YweRGCQSX9Q4OIq8_uKhFY2DA4K8rQ9QVUgt7ym2n-G5V5&_nc_zt=14&_nc_ht=scontent.fjai6-1.fna&_nc_gid=dA2cgEkmFH67xluH4AJAwQ&_nc_ss=7b289&oh=00_Af9G2eu4zXUsBIAqsCETF86dUwR9Ra1UMuPYXHPPIKgi3g&oe=6A3843CD || Original: https://scontent.fjai6-1.fna.fbcdn.net/v/t39.35426-6/621229338_820614797665988_1812090870459781554_n.jpg?_nc_cat=108&ccb=1-7&_nc_sid=c53f8f&_nc_ohc=5URAu1GLFoYQ7kNvwHawJzY&_nc_oc=AdqMbZBfsWO6CmNIkwhLNzpxk_L7FU4DFX5nI7zpIBMbhcd0eW78QrIVlxA1SU8eQ7Dvle1vdhpgcYGfFXmat6SM&_nc_zt=14&_nc_ht=scontent.fjai6-1.fna&_nc_gid=dA2cgEkmFH67xluH4AJAwQ&_nc_ss=7b289&oh=00_Af92QlB5q2inIUBHNNFs1cJE9gJg2jFqnYHZIiXLOFv1rg&oe=6A3845EC | Resized: https://scontent.fjai6-1.fna.fbcdn.net/v/t39.35426-6/622374947_785562181243145_5933104395884797757_n.jpg?stp=dst-jpg_s600x600_tt6&_nc_cat=110&ccb=1-7&_nc_sid=c53f8f&_nc_ohc=F24nKZWXYHkQ7kNvwElumwT&_nc_oc=Adrr-pOwQPoZfaUJP9TY-nrN6W17ISCIHcgXZE0ujKxChDRfpSTYFzBjjFLWz1dTa5pkRQ6rGE5O69Tk74qmt0v9&_nc_zt=14&_nc_ht=scontent.fjai6-1.fna&_nc_gid=dA2cgEkmFH67xluH4AJAwQ&_nc_ss=7b289&oh=00_Af_siWLg6kzMeptOi8vSEhaRfLs1mdqZzyrsvou-FQTvvw&oe=6A3841E6 || Original: https://scontent.fjai6-1.fna.fbcdn.net/v/t39.35426-6/622370349_914564731141859_3274997980340466931_n.jpg?_nc_cat=101&ccb=1-7&_nc_sid=c53f8f&_nc_ohc=kBL7wbB7OuIQ7kNvwGZVyCP&_nc_oc=AdoK1gtP3WLumd5g8gb8NeSxa2BHEyxdpqsENXWyPPM6jjGWQydG8hU9Uya701oPIFix1LZfCB7u-wORIW9YfrVe&_nc_zt=14&_nc_ht=scontent.fjai6-1.fna&_nc_gid=dA2cgEkmFH67xluH4AJAwQ&_nc_ss=7b289&oh=00_Af_NFvoSXA7wqo3oMRU3pJaWYPlZYFXUoLlVqVEO-h_ccg&oe=6A3857E2 | Resized: https://scontent.fjai6-1.fna.fbcdn.net/v/t39.35426-6/617660917_1573918130584978_2425557125478914925_n.jpg?stp=dst-jpg_s600x600_tt6&_nc_cat=110&ccb=1-7&_nc_sid=c53f8f&_nc_ohc=lNl8PiEUANsQ7kNvwH9YJEZ&_nc_oc=AdpvlZYFfIxQtV2GQObQ85_nY7yG-cDLlu2FQ3Xed1AiQDxMuSeVEYCLgOX_zIM8SmckD24wM5z9z1e8MrQafCDp&_nc_zt=14&_nc_ht=scontent.fjai6-1.fna&_nc_gid=dA2cgEkmFH67xluH4AJAwQ&_nc_ss=7b289&oh=00_Af_YOI9e3iSfYSRSAbz2CmdNr5r9trMxFNcWRy4NvhAcZw&oe=6A38412C,
934404829371055,https://www.facebook.com/61570336628422/,10linesabout.com,https://www.facebook.com/61570336628422/,,,,,,,,,495015473696904,https://10linesabout.com/a-complete-guide-to-personal-guard-training-and-cybersecurity-standards/?style_id=2248416116&channel_id=6420912697&adtitle=A%20Guide%20To%20Security%20Training%20And%20Certification.%20Learn%20How%20Security%20Standards%20Can%20Help%20You%20Improve%20Defenses.%20Learn%20More.&terms=how%20to%20get%20oscp%20certification%2C%20socaas%2C%20soc%202%20guide%2C%20nist%20sp%20800%2053%20revision%205%2C%20cissp%20exam%20book%2C%20ccsp%20official%20study%20guide%2C%20mssps%2C%20central%20security%20service%2C%20ebook%20cyber%20security&domain_name=10linesabout.com&clickid={cf_click_id},Brain Boost,https://www.facebook.com/ads/library/?id=934404829371055,Learn How Security Standards Can Help You Improve Defenses,97,Learn more,10linesabout.com,"FACEBOOK; INSTAGRAM",2026-04-26,2026-06-13,,Original: https://scontent.fjai6-1.fna.fbcdn.net/v/t39.35426-6/677937114_771928109191479_2057613354479937045_n.jpg?_nc_cat=100&ccb=1-7&_nc_sid=c53f8f&_nc_ohc=UjA-S3HTJTAQ7kNvwEOzpWu&_nc_oc=Adp4keq2o5DNOn_qjUcDmPY2SWKZE4q1m2gKpfSfwZJaw_LLbZImXqsSuU_L72zHcBbFbpDPV5aTgH3jaM8Don7c&_nc_zt=14&_nc_ht=scontent.fjai6-1.fna&_nc_gid=kuLb1Zq1MfTZaiQXIVEWKg&_nc_ss=7b289&oh=00_Af8nTPkZKDhQ5clpvUlqFpxbGBNAW7UDBpK2oiItxnX7Nw&oe=6A38528E | Resized: https://scontent.fjai6-1.fna.fbcdn.net/v/t39.35426-6/678493585_2775336012859364_1967610471482364153_n.jpg?stp=dst-jpg_s600x600_tt6&_nc_cat=110&ccb=1-7&_nc_sid=c53f8f&_nc_ohc=UNELOY32cvUQ7kNvwE22UtS&_nc_oc=Adp-zFZJxRnYH180vkNeSoUFmR4Wacol1k_xC4WOfGPS5f9XfjeO2q0U6-D-2nTf8hqoBfZ9B2W2qAaqJYufSrc6&_nc_zt=14&_nc_ht=scontent.fjai6-1.fna&_nc_gid=kuLb1Zq1MfTZaiQXIVEWKg&_nc_ss=7b289&oh=00_Af9DMRoVS4QcDu69ob_JCogCqTIduAwmHfzwEJ56Dmnxdg&oe=6A384B2E,,,,,,
540434175821615,https://www.facebook.com/rogdiavillascrete/,rogdiavilla.com,https://www.facebook.com/rogdiavillascrete/,,,,rogdialuxuryvillas@gmail.com,"+306936805714, 10003110101",,,,113288340528568,https://www.rogdiavilla.com/,Rogdia Luxury Villas in Crete,https://www.facebook.com/ads/library/?id=540434175821615,"Your Cretan escape awaits. Enjoy up to 20% off on luxury villa stays this summer, for a limited time only.

Get Benefit: https://rogdiavilla.com/",342,Book now,www.rogdiavilla.com,"FACEBOOK; INSTAGRAM; AUDIENCE_NETWORK; MESSENGER",2025-06-24,2026-06-16,HD: https://video.fjai6-1.fna.fbcdn.net/o1/v/t2/f2/m366/AQPLyH1diYhD2RvYcZEPWXk-2uJ50LQxE7OFFbiYDUPwaXIY4ry8QsjXpDutnmqrVSwjW_pcEGr_hxg2mwoqM2HnGKUTdTcpjSXzjAYRDI6X0g.mp4?_nc_cat=109&_nc_oc=AdoYoJCPRVLhfrF19QPeV60VvRNS2F4KUPiklmGZY1xXJ2BLvPxuBHhMp0jyzBN9QUW-2ZF0In8FrcTHnhVeZBlj&_nc_sid=b66105&_nc_ht=video.fjai6-1.fna.fbcdn.net&_nc_ohc=AVdKjHSVgBoQ7kNvwF2ay1I&efg=eyJ2ZW5jb2RlX3RhZyI6Inhwdl9wcm9ncmVzc2l2ZS5WSV9VU0VDQVNFX1BST0RVQ1RfVFlQRS4uQzMuNzIwLmRhc2hfaDI2NC1iYXNpYy1nZW4yXzcyMHAiLCJ4cHZfYXNzZXRfaWQiOjEzNjcyNjcwODEyMTA5OTksImFzc2V0X2FnZV9kYXlzIjozNTcsInZpX3VzZWNhc2VfaWQiOjEwNzk5LCJkdXJhdGlvbl9zIjoxMSwidXJsZ2VuX3NvdXJjZSI6Ind3dyJ9&ccb=17-1&vs=2dc9f57ee781c2ba&_nc_vs=HBksFQIYRWZiX2VwaGVtZXJhbC9EMjQ4MjYyQkU0MDlGRUZDQUNDMkQ4NUY3MDM0NEI4MF9tdF8xX3ZpZGVvX2Rhc2hpbml0Lm1wNBUAAsgBEgAVAhg6cGFzc3Rocm91Z2hfZXZlcnN0b3JlL0dPUTdoeDVLVldtYUFFZ0VBRURJbS1jTnJFTjNidjRHQUFBRhUCAsgBEgAoABgAGwKIB3VzZV9vaWwBMRJwcm9ncmVzc2l2ZV9yZWNpcGUBMRUAACbusYLLteHtBBUCKAJDMywXQCZEGJN0vGoYGWRhc2hfaDI2NC1iYXNpYy1nZW4yXzcyMHARAHUAZd6oAQA&_nc_gid=kuLb1Zq1MfTZaiQXIVEWKg&_nc_ss=7b289&_nc_zt=28&oh=00_Af_WhY622YYi-RtE6j2JW2klzS5f47JiODAqd2vIBTzetg&oe=6A38407F | SD: https://video.fjai6-1.fna.fbcdn.net/o1/v/t2/f2/m69/AQNRvTk2QJ6qR1PPpAXbbAJTcFo_1Sva_A9ylzz-qqC47oweQrBTgwr3A3KNZUYehxpolfnUbogRwxdE52-89hZx.mp4?strext=1&_nc_cat=107&_nc_oc=Adql_vvkQt8hpF8pmRboqtjYAxBavcjUnR1ANZtN25d03CGflYA6K5FBKv6jqiIyhMPYNiU_vHwmGEY-pJIuzYIz&_nc_sid=ef5aa3&_nc_ht=video.fjai6-1.fna.fbcdn.net&_nc_ohc=Nh-kWJP7IwcQ7kNvwGG-a57&efg=eyJ2ZW5jb2RlX3RhZyI6Inhwdl9wcm9ncmVzc2l2ZS5WSV9VU0VDQVNFX1BST0RVQ1RfVFlQRS4uQzMuMzYwLnN2ZV9zZCIsInhwdl9hc3NldF9pZCI6MTM2NzI2NzA4MTIxMDk5OSwiYXNzZXRfYWdlX2RheXMiOjM1NywidmlfdXNlY2FzZV9pZCI6MTA3OTksImR1cmF0aW9uX3MiOjExLCJ1cmxnZW5fc291cmNlIjoid3d3In0%3D&ccb=17-1&_nc_gid=kuLb1Zq1MfTZaiQXIVEWKg&_nc_ss=7b289&_nc_zt=28&oh=00_Af-JUFlgLLqxSXnO0BN5kiPHuWnl07gJZ1xFD5FeD7KNYw&oe=6A383717 | Preview: https://scontent.fjai6-1.fna.fbcdn.net/v/t39.35426-6/510304860_1353854819035076_8414543366018776186_n.jpg?_nc_cat=110&ccb=1-7&_nc_sid=c53f8f&_nc_ohc=dcA7RkFzES0Q7kNvwEgWePh&_nc_oc=AdqewUcjK8tkVyeXXue5BZgJY5V_mJgkTh5dRwI8-1qYDBtXAldVP1jrY4E3FdJN_ves2zxfiQ1Y5mtlCtq464Gh&_nc_zt=14&_nc_ht=scontent.fjai6-1.fna&_nc_gid=kuLb1Zq1MfTZaiQXIVEWKg&_nc_ss=7b289&oh=00_Af_ShWsugfnD1bF_enOHS8sh6JkYxR8AYFGRFzk5767D-A&oe=6A38335C,,,,,,,
36269400232707928,https://www.facebook.com/mrluxury89/,fb.me,https://www.facebook.com/mrluxury89/,,,,,,,,,108062547521250,http://fb.me/,Luxury Housing,https://www.facebook.com/ads/library/?id=36269400232707928,"India's Biggest Property Show is Coming to Jammu!  Meet India's leading developers under one roof and explore exclusive investment opportunities across top real estate destinations.

✅ Residential Plots
✅ Registry-Ready Apartments
✅ Pre-Leased Commercial Spaces
✅ Studio Apartments
✅ Ultra Luxury Villas

🎯 Investment Starting from Just ₹15 Lakhs*
🎯 Customized Payment Plans
🎯 Ready-to-Move & Investment-Ready Properties
🎯 Property Options Across India

📍 Country Inn & Suites, Gandhi Nagar, Jammu
📅 21st June 2026 | 10 AM Onwards

Don't miss this opportunity to compare, evaluate, and invest in the best projects from India's most trusted developers.

📞 Register Now & Reserve Your Entry Pass!",11046,Sign up,fb.me,"FACEBOOK; INSTAGRAM; AUDIENCE_NETWORK",2026-06-10,2026-06-16,,Original: https://scontent.fjai6-1.fna.fbcdn.net/v/t39.35426-6/720563325_1709754820227523_7894380919975630370_n.jpg?_nc_cat=101&ccb=1-7&_nc_sid=c53f8f&_nc_ohc=LT7ZrJb97UoQ7kNvwGSKRvP&_nc_oc=AdpKlxU4JhBOYMIyUkE1HswEGIbxzKjFiOLWzqMxTamw9VypKexLk5gMWmGW5VIcI3pSDS52exDZwmj6YRciDXnN&_nc_zt=14&_nc_ht=scontent.fjai6-1.fna&_nc_gid=kuLb1Zq1MfTZaiQXIVEWKg&_nc_ss=7b289&oh=00_Af8qwXrp32Mz_kzNuYHE_U6FlsO_l4zXCxZ3wD50bJbycA&oe=6A383F28 | Resized: https://scontent.fjai6-1.fna.fbcdn.net/v/t39.35426-6/720398346_3301175693398619_5788192568461146230_n.jpg?stp=dst-jpg_s600x600_tt6&_nc_cat=101&ccb=1-7&_nc_sid=c53f8f&_nc_ohc=GMFpnoClwU8Q7kNvwFdfSAT&_nc_oc=AdoGu0m0EaQHVoCkWoF7btpVaL8RFqMKMOv67W8ZUT6dF-pHBQAgkzLLNk725AbgABpQ5tJTn1Wkz8W5Gpt9WuiR&_nc_zt=14&_nc_ht=scontent.fjai6-1.fna&_nc_gid=kuLb1Zq1MfTZaiQXIVEWKg&_nc_ss=7b289&oh=00_Af_im0OHnJlN_UhZkBPvXfp5-5OQYgCtGPY5J6NNUvz-Dg&oe=6A3830A1,,,,,,
1089748576246015,https://www.facebook.com/soultreevillas/,api.whatsapp.com,https://www.facebook.com/soultreevillas/,,,,soultreevilla@gmail.com,+91 91751 86783,,,,106327461524668,https://api.whatsapp.com/send?phone=919175186783,Soul Tree Villas,https://www.facebook.com/ads/library/?id=1089748576246015,"Celebrate a special occasion or escape for a weekend getaway to Soul Tree Villas at Lavasa with heated plunge pool and panoramic lake views. 

Choose from 3 luxury 4BHK villas at different budgets starting at Rs 25000 per night....",10294,Send WhatsApp message,api.whatsapp.com,"FACEBOOK; INSTAGRAM; AUDIENCE_NETWORK; MESSENGER",2025-04-17,2026-06-16,,,  || Choose from 3 Luxury 4BHK villas at different budgets starting at Rs 25000 per night.... || Choose from 3 Luxury 4BHK villas at different budgets starting at Rs 25000 per night.... ||   || Choose from 3 Luxury 4BHK villas at different budgets starting at Rs 25000 per night.... || Choose from 3 Luxury 4BHK villas at different budgets starting at Rs 25000 per night....,https://api.whatsapp.com/send?phone=919175186783 || https://api.whatsapp.com/send?phone=919175186783 || https://api.whatsapp.com/send?phone=919175186783 || https://api.whatsapp.com/send?phone=919175186783 || https://api.whatsapp.com/send?phone=919175186783 || https://api.whatsapp.com/send?phone=919175186783,api.whatsapp.com || api.whatsapp.com || api.whatsapp.com || api.whatsapp.com || api.whatsapp.com || api.whatsapp.com,Send WhatsApp Message || Send WhatsApp Message || Send WhatsApp Message || Send WhatsApp Message || Send WhatsApp Message || Send WhatsApp Message,Original: https://scontent.fjai6-1.fna.fbcdn.net/v/t39.35426-6/305191755_489214839694030_1604145348028848757_n.jpg?_nc_cat=109&ccb=1-7&_nc_sid=c53f8f&_nc_ohc=Bh3ST0ZnmJEQ7kNvwFURlex&_nc_oc=AdrqqkQUx-yzeo9cZzxAr5qXakWHPABXYKe73lypHNzPQ_ZtXUT-7Kq0CQsxDKTyuDaE45YXRo0wr1Tg0AbYbAa5&_nc_zt=14&_nc_ht=scontent.fjai6-1.fna&_nc_gid=kuLb1Zq1MfTZaiQXIVEWKg&_nc_ss=7b289&oh=00_Af-uXt4cLWujXbL5V0y5IKiS7Wr3jz428kiIw3u4TW1YSg&oe=6A386374 | Resized: https://scontent.fjai6-1.fna.fbcdn.net/v/t39.35426-6/305384279_382969993846731_7699257973612650028_n.jpg?stp=dst-jpg_s600x600_tt6&_nc_cat=111&ccb=1-7&_nc_sid=c53f8f&_nc_ohc=j-Pj8M-i_jgQ7kNvwFSFQf6&_nc_oc=AdqihSVC0tTzQCBCsU1sc3I3UQMog6q-Hcagq9cFVw8e23lprEB0BzlY308jAHRO4bCcu-0BqKJ5nx0orln3pKps&_nc_zt=14&_nc_ht=scontent.fjai6-1.fna&_nc_gid=kuLb1Zq1MfTZaiQXIVEWKg&_nc_ss=7b289&oh=00_Af_oAlGZAY1x3oDNRrZk-1iVLx_HyfeawSgmYgFIBJOH1g&oe=6A384772 || Original: https://scontent.fjai6-1.fna.fbcdn.net/v/t39.35426-6/305477311_420390746644186_5696017788778159606_n.jpg?_nc_cat=100&ccb=1-7&_nc_sid=c53f8f&_nc_ohc=7d9NsJMrsJEQ7kNvwHWUycW&_nc_oc=AdqO3aNktqa3cE7Un8ACcFeBAmSbNErwSBQ3JALSYLy5Xeigo0hUWO3J3LCJVMA8ln3BwkIzeaslEQtsRSyrqXYt&_nc_zt=14&_nc_ht=scontent.fjai6-1.fna&_nc_gid=kuLb1Zq1MfTZaiQXIVEWKg&_nc_ss=7b289&oh=00_Af8neDYNM0NyMC2h7kIgeOpc3ref_HEfX0F-GP_oIuEHRw&oe=6A3849A7 | Resized: https://scontent.fjai6-1.fna.fbcdn.net/v/t39.35426-6/305318628_326945316265351_7893403047179256358_n.jpg?stp=dst-jpg_s600x600_tt6&_nc_cat=100&ccb=1-7&_nc_sid=c53f8f&_nc_ohc=n4Q3OnFlNPcQ7kNvwEJG4Zf&_nc_oc=Adp0VKx818ZjhVsvnsDO-3-eKsJsYa4Czq-cLcjPeQS0o0tmL_pZ1YjouXCtBc0uGhadNVgGSy2GqDjJPaCyO1Ao&_nc_zt=14&_nc_ht=scontent.fjai6-1.fna&_nc_gid=kuLb1Zq1MfTZaiQXIVEWKg&_nc_ss=7b289&oh=00_Af9P4WwnK9QQ_nvvWfaYMg-Kug-KnPZS2oqwg6VLxr8Nhg&oe=6A384437 || Original: https://scontent.fjai6-1.fna.fbcdn.net/v/t39.35426-6/305085954_1208565556378197_8552004932345513423_n.jpg?_nc_cat=102&ccb=1-7&_nc_sid=c53f8f&_nc_ohc=vC6wtOQUHFgQ7kNvwGnpN6n&_nc_oc=Adqj5xoiJEE55FjrFvftOKxi7FRBCeEgK8Pzy1yNiGb4oyLHkJTp-QW9tOOn-NNLF8GjrPQYNkisxVO4k9nM0i91&_nc_zt=14&_nc_ht=scontent.fjai6-1.fna&_nc_gid=kuLb1Zq1MfTZaiQXIVEWKg&_nc_ss=7b289&oh=00_Af9Jxekpaq4HihrIgCuCTnGBWzN00tTn3OEM9xtawaYNig&oe=6A3864A0 | Resized: https://scontent.fjai6-1.fna.fbcdn.net/v/t39.35426-6/305202166_404968318423962_5932630499910521084_n.jpg?stp=dst-jpg_s600x600_tt6&_nc_cat=103&ccb=1-7&_nc_sid=c53f8f&_nc_ohc=e3Ijym_rIVwQ7kNvwHPixXw&_nc_oc=AdpWiExX3Q9FKZk_TT4cQ7BeSQ8Sk-YiXdaTA7-B3ruEOvemNfRd5tKDjCHHfXoIs_G642UK_4xmzgjzLcKdy1ws&_nc_zt=14&_nc_ht=scontent.fjai6-1.fna&_nc_gid=kuLb1Zq1MfTZaiQXIVEWKg&_nc_ss=7b289&oh=00_Af_Bq9ZvAN7qt2PdNm7vlcszviEu9s1CD7KhCvo17HvSzw&oe=6A384B9A || Original: https://scontent.fjai6-1.fna.fbcdn.net/v/t39.35426-6/305484005_481693917194919_408994103741585639_n.jpg?_nc_cat=105&ccb=1-7&_nc_sid=c53f8f&_nc_ohc=siJx0ePOGuAQ7kNvwET31Qq&_nc_oc=Adp9Vf-FPkGtPlzQz82vgHMiFTG-NObrQpiKThKDMvAbailE0boHJwnLAi-emdpjVZLMhJ76jMYgfMWVS3XMX71I&_nc_zt=14&_nc_ht=scontent.fjai6-1.fna&_nc_gid=kuLb1Zq1MfTZaiQXIVEWKg&_nc_ss=7b289&oh=00_Af-oSJIPcywv2oBFo6-3vzL9s9JVIl28YNrwT_KS2I55jA&oe=6A3840B2 | Resized: https://scontent.fjai6-1.fna.fbcdn.net/v/t39.35426-6/305118820_1209419623211999_4634032163699478655_n.jpg?stp=dst-jpg_s600x600_tt6&_nc_cat=111&ccb=1-7&_nc_sid=c53f8f&_nc_ohc=RwibwMoEK-YQ7kNvwHo-1E1&_nc_oc=AdrclFlPbOjJ3tLPAIGAHSU6SZNYIi1va_e8hst3a1zFYR2kzxxM_A4y3aH1itA0HA3rUg_p3U9xJ7JpX-e081m4&_nc_zt=14&_nc_ht=scontent.fjai6-1.fna&_nc_gid=kuLb1Zq1MfTZaiQXIVEWKg&_nc_ss=7b289&oh=00_Af-w-4P6cZv0zKR8kNny47sSIDRChJRv8EWYZnqMO6uDVQ&oe=6A385777 || Original: https://scontent.fjai6-1.fna.fbcdn.net/v/t39.35426-6/305451783_471815038187892_5403378621141839457_n.jpg?_nc_cat=111&ccb=1-7&_nc_sid=c53f8f&_nc_ohc=svLiBIJ7A3EQ7kNvwHgHdp_&_nc_oc=Adq-LFs3HfTlBeU1oUjtTKyGv8g6-cWcAth6Uo0ibqjqXos3cqxO89w1umE5WtzqOGmUr4emPgLjotctbDeWKwZB&_nc_zt=14&_nc_ht=scontent.fjai6-1.fna&_nc_gid=kuLb1Zq1MfTZaiQXIVEWKg&_nc_ss=7b289&oh=00_Af9bDVjI5czyUzF6JZgAgBo-tgnzqgDRA4UM7FLqPFB0sg&oe=6A3842BF | Resized: https://scontent.fjai6-1.fna.fbcdn.net/v/t39.35426-6/305457415_614275670258352_6508156157856117215_n.jpg?stp=dst-jpg_s600x600_tt6&_nc_cat=103&ccb=1-7&_nc_sid=c53f8f&_nc_ohc=WY2uk2M0RWMQ7kNvwFodpjN&_nc_oc=Adr2rN6nWNwrjwcMxpidqz5z-9OrL2DkUe-pBdewOcb44kiOTcG4oNAy1zvN4AePaJkvCdU53JZQwRMg08pmRunt&_nc_zt=14&_nc_ht=scontent.fjai6-1.fna&_nc_gid=kuLb1Zq1MfTZaiQXIVEWKg&_nc_ss=7b289&oh=00_Af8Aqqis8TAP8RIyTK_DDkn7lxL5Fbw2rG-qC8dlywdPwA&oe=6A385F3D || Original: https://scontent.fjai6-1.fna.fbcdn.net/v/t39.35426-6/305205857_742297233532825_750674643665403421_n.jpg?_nc_cat=107&ccb=1-7&_nc_sid=c53f8f&_nc_ohc=TSPlqarud_QQ7kNvwElwqCt&_nc_oc=AdrGyG4HMD_rZAi0EYtdxvMHxt0lYgPFEjJs86OSBs80PvSsAGF0520kUOEfR1GmszS34eZYKdY73F8NtLs1Kuyx&_nc_zt=14&_nc_ht=scontent.fjai6-1.fna&_nc_gid=kuLb1Zq1MfTZaiQXIVEWKg&_nc_ss=7b289&oh=00_Af8uDqsMaDLXbNCa_X1mNgB8nE_CsukCq4xr0dNFi7AGhQ&oe=6A385BA6 | Resized: https://scontent.fjai6-1.fna.fbcdn.net/v/t39.35426-6/305118820_597611605245865_367266097787189666_n.jpg?stp=dst-jpg_s600x600_tt6&_nc_cat=110&ccb=1-7&_nc_sid=c53f8f&_nc_ohc=zun___CozP8Q7kNvwHm1v0V&_nc_oc=AdpTTZMBqLb_f0mvnqo1LU4_ksbUv-jEzLMKwJIgOjUuMas3WHuL4vxdW4Vawr1wcSVjNlcISsBE3koFKyJgKuPF&_nc_zt=14&_nc_ht=scontent.fjai6-1.fna&_nc_gid=kuLb1Zq1MfTZaiQXIVEWKg&_nc_ss=7b289&oh=00_Af-e2GDcmQQ1YnJEkdr88Rld-wNGtIVYKhQ6cz0X_1TNLg&oe=6A38581D,
4398853613774179,https://www.facebook.com/61555351743664/,api.whatsapp.com,https://www.facebook.com/61555351743664/,,,,,+91 63896 66999,,,,203310606201026,https://api.whatsapp.com/send,VM River View Meadows,https://www.facebook.com/ads/library/?id=4398853613774179,"✨ Experience Elite Living at VM River View Meadows! 🏡

Discover a luxury gated community featuring duplex, triplex villas and premium apartments — crafted for those who dream bigger. 💫

📍 Located at Vijayawada Club Road, Tadepalli — just minutes from NH16, KLU, SRM Universities, NRI Hospital, and top international schools.

💎 World-Class Amenities:
🏊‍♂️ Swimming Pool
🏋️‍♀️ Outdoor & Indoor Gym
🏸 Cricket & Badminton Courts
🎭 Theatre & Function Halls
🍴 Food Court & Supermarket
🏡 2 Modern Clubhouses
🎥 24/7 CCTV & Advanced Security

💫 In this video: A stunning demo triplex villa — see what luxury truly feels like!

📞 Call: 63896 66999 | 78306 66999
🌐 Visit: www.mrgsbuilders.com

👉 Follow us for more villa tours, luxury interiors & property updates!

{vm river view meadows, mrgs builders, luxury villas in tadepalli, duplex villas in vijayawada, triplex villas for sale, apartments near vijayawada club, gated community villas in vijayawada, real estate projects in guntur, luxury homes near nh16, villas near klu university}

#mrgsbuilders #vmriverviewmeadows #luxuryvillas #vijayawadarealestate #tadepallivillas #dreamhomegoals #duplexvilla #triplexvilla #luxuryapartments #realestatelife #vijayawadahomes #premiumliving #villarentals #houseforsale",216,Send WhatsApp message,api.whatsapp.com,"FACEBOOK; INSTAGRAM; AUDIENCE_NETWORK; MESSENGER; WHATSAPP",2026-02-02,2026-06-16,SD: https://video.fjai6-1.fna.fbcdn.net/o1/v/t2/f2/m86/AQM7YbW_jWG5hm5PG-g9TvZgsbosHnypJUmOq4WaFahYTwJpdGM44IuPkuJlf-0BBSoNLyLZeEysGwsBnXMyYRcKvGarQFVakcZes24.mp4?_nc_cat=101&_nc_oc=Adrdqf1DtbjEXWZ2Ef0k51QnhE9H1dUTpS0YB685TpZupCu4YNJAW9v6tZn1u63EpKCSV-wTwT-dPLGlCMWfV0Nf&_nc_sid=b66105&_nc_ht=video.fjai6-1.fna.fbcdn.net&_nc_ohc=Z3F7QDHSUFMQ7kNvwEhViq0&efg=eyJ2ZW5jb2RlX3RhZyI6Inhwdl9wcm9ncmVzc2l2ZS5WSV9VU0VDQVNFX1BST0RVQ1RfVFlQRS4uQzMuMzYwLmRhc2hfYmFzZWxpbmVfM192MSIsInhwdl9hc3NldF9pZCI6ODA3ODA5OTM4NDk5NjIyLCJhc3NldF9hZ2VfZGF5cyI6MjM4LCJ2aV91c2VjYXNlX2lkIjoxMDA5OSwiZHVyYXRpb25fcyI6OTcsInVybGdlbl9zb3VyY2UiOiJ3d3cifQ%3D%3D&ccb=17-1&vs=1a8e2c9dbda0e210&_nc_vs=HBksFQIYUmlnX3hwdl9yZWVsc19wZXJtYW5lbnRfc3JfcHJvZC8yODQ5OUZERkE4RTQ0NTZCNUQxNTFBNzQ3NzJBRDU4Q192aWRlb19kYXNoaW5pdC5tcDQVAALIARIAFQIYR2lnX3hwdl9yZWVsc19wZXJtYW5lbnRfc3JfcHJvZC8xMTg3NzMzNTg2NTA1OTYxXzQzNzg3NDM2MzY5OTg4NDAzMDUubXA0FQICyAESACgAGAAbAogHdXNlX29pbAExEnByb2dyZXNzaXZlX3JlY2lwZQExFQAAJsyg8YbdrO8CFQIoAkMzLBdAWE7peNT99BgSZGFzaF9iYXNlbGluZV8zX3YxEQB1AGXmnQEA&_nc_gid=u5_FgVzgJLsUobzG3-yVMg&_nc_ss=7b289&_nc_zt=28&oh=00_Af8TU_BHlGOIakq2sNfkzSZyQCytbq2OuIDY_gP0XEzYDw&oe=6A346BEE | Preview: https://scontent.fjai6-1.fna.fbcdn.net/v/t39.35426-6/565149625_1056728263118303_3409959467578613551_n.jpg?_nc_cat=105&ccb=1-7&_nc_sid=c53f8f&_nc_ohc=kBLgCp2EbOQQ7kNvwHLAFNd&_nc_oc=AdoWlSAoKm5B0GlYt-CiUpbH8WjCReVNmqhNOSl9O5p28TsiFUQeqEiWI4S1wQob3OmWD297E8NimieClqjXwJKZ&_nc_zt=14&_nc_ht=scontent.fjai6-1.fna&_nc_gid=u5_FgVzgJLsUobzG3-yVMg&_nc_ss=7b289&oh=00_Af87zNLPsE_ObkPyMlKjwfd3tWZA0vkqy4eFLQIME5_rXg&oe=6A3843D0,,,,,,,
1610098343436015,https://www.facebook.com/61570336628422/,10linesabout.com,https://www.facebook.com/61570336628422/,,,,,,,,,495015473696904,https://10linesabout.com/a-complete-guide-to-personal-guard-training-and-cybersecurity-standards/?style_id=2248416116&channel_id=6420912697&adtitle=A%20Guide%20To%20Security%20Training%20And%20Certification.%20Learn%20How%20Security%20Standards%20Can%20Help%20You%20Improve%20Defenses.%20Learn%20More.&terms=how%20to%20get%20oscp%20certification%2C%20socaas%2C%20soc%202%20guide%2C%20nist%20sp%20800%2053%20revision%205%2C%20cissp%20exam%20book%2C%20ccsp%20official%20study%20guide%2C%20mssps%2C%20central%20security%20service%2C%20ebook%20cyber%20security&domain_name=10linesabout.com&clickid={cf_click_id},Brain Boost,https://www.facebook.com/ads/library/?id=1610098343436015,Learn How Security Standards Can Help You Improve Defenses,97,Learn more,10linesabout.com,"FACEBOOK; INSTAGRAM",2026-04-24,2026-06-15,,Original: https://scontent.fjai6-1.fna.fbcdn.net/v/t39.35426-6/679583680_1217572523602301_5928749751259647121_n.jpg?_nc_cat=101&ccb=1-7&_nc_sid=c53f8f&_nc_ohc=VEnSHSJkiBEQ7kNvwEqmDQH&_nc_oc=AdqGWXMV791WGHXTxT7UEyBVJSArEC9BdBD8UadfRFxTv0NUyImPhiruCx6u7k4HSEViJQgbJj8l1zB9FGLpPPA1&_nc_zt=14&_nc_ht=scontent.fjai6-1.fna&_nc_gid=u5_FgVzgJLsUobzG3-yVMg&_nc_ss=7b289&oh=00_Af-u3VPLs7RwSrjSbHBxWVSQoHt1gxIlB_qKa7Q3plqjhw&oe=6A38502C | Resized: https://scontent.fjai6-1.fna.fbcdn.net/v/t39.35426-6/676099814_1303743748436179_7655366162945673760_n.jpg?stp=dst-jpg_s600x600_tt6&_nc_cat=111&ccb=1-7&_nc_sid=c53f8f&_nc_ohc=cKYgBvoaCgIQ7kNvwGYsHCG&_nc_oc=Ado7kdc2dP0aupRZjU-3m7JNT72BfOx4jvVUvM43bUPhTX9sc9n8FlEZkuRecdPfE3uMDC0-CZAb_4GlarmMnTV0&_nc_zt=14&_nc_ht=scontent.fjai6-1.fna&_nc_gid=u5_FgVzgJLsUobzG3-yVMg&_nc_ss=7b289&oh=00_Af9_zNiCOg7Ika-m_3mqOBgZ-gE2OcVJkj3TgdtQ1BuaiQ&oe=6A385BB4,,,,,,
1474498990649051,https://www.facebook.com/amaStaysAndTrails/,amastaysandtrails.com,https://www.facebook.com/amaStaysAndTrails/,,,,book@amastaysandtrails.com,+91 80 6187 3747,,,,191373052228,https://www.amastaysandtrails.com/en-in/destinations?utm_source=MetaAds&utm_medium=Social_Paid&utm_campaign=Karnataka,amã Stays & Trails,https://www.facebook.com/ads/library/?id=1474498990649051,"Trade city chaos for Karnataka calm this summer 🌿

Tired of the constant rush? What if your escape was just a short drive away—where honking streets soften into quiet trails, and skylines give way to endless greens 🏞️

Discover amã Stays & Trails in Karnataka—where serene villas, open landscapes, and slower days are closer than you think.

Book your summer reset ✨

#amastaysandtrails #karnataka #summerescape #citytonature #offbeatgetaways #luxuryvillas

(luxury villas in Karnataka, private villa stays Karnataka, weekend getaways Karnataka, short drive vacations India, summer getaway near Bangalore, luxury staycations Karnataka, nature retreats Karnataka, premium holiday homes Karnataka, peaceful stays near Bangalore)",46096,Book now,www.amastaysandtrails.com,INSTAGRAM,2026-06-10,2026-06-17,HD: https://video.fjai6-1.fna.fbcdn.net/o1/v/t2/f2/m366/AQMbvx4pgE-MrEYrTIQsETWUO1qn4i3ZzNvA9ffR6W3mLcY6qc-cQUJqx7or32xsFP0rnkpCL2Tn7pLONWBv8qJNZfr1l9kTzoHuamI1IFDS0A.mp4?_nc_cat=102&_nc_oc=AdrAFNXxdoJ4nWbxYY3ApTFMwFr9oitCOTH7dEK4k8V6ZdgylmdFuUcIZQFNnpDK58k5n6SoGqU_Jlg7lv9gDkFx&_nc_sid=b66105&_nc_ht=video.fjai6-1.fna.fbcdn.net&_nc_ohc=Ynk28OGz9pYQ7kNvwEwgFBf&efg=eyJ2ZW5jb2RlX3RhZyI6Inhwdl9wcm9ncmVzc2l2ZS5WSV9VU0VDQVNFX1BST0RVQ1RfVFlQRS4uQzMuNzIwLmRhc2hfaDI2NC1iYXNpYy1nZW4yXzcyMHAiLCJ4cHZfYXNzZXRfaWQiOjk2NTQ5MDYzOTIwNzQ0NSwiYXNzZXRfYWdlX2RheXMiOjU2LCJ2aV91c2VjYXNlX2lkIjoxMDc5OSwiZHVyYXRpb25fcyI6MjQsInVybGdlbl9zb3VyY2UiOiJ3d3cifQ%3D%3D&ccb=17-1&vs=d07edb3bddeaf8ba&_nc_vs=HBksFQIYRWZiX2VwaGVtZXJhbC9EQzRBQzY3NUQ1NTcwQUVDMTVBQzBDREUxQjFGNUVBQl9tdF8xX3ZpZGVvX2Rhc2hpbml0Lm1wNBUAAsgBEgAVAhhAZmJfcGVybWFuZW50LzY0NDRBQ0QwN0Q1MTA4Mjc0MjAzM0JGMjlEMTJBQzlBX2F1ZGlvX2Rhc2hpbml0Lm1wNBUCAsgBEgAoABgAGwKIB3VzZV9vaWwBMRJwcm9ncmVzc2l2ZV9yZWNpcGUBMRUAACaq8Kvp-Ya3AxUCKAJDMywXQDi5WBBiTdMYGWRhc2hfaDI2NC1iYXNpYy1nZW4yXzcyMHARAHUAZd6oAQA&_nc_gid=u5_FgVzgJLsUobzG3-yVMg&_nc_ss=7b289&_nc_zt=28&oh=00_Af9xWsyL4E7-O9q3R5q3QVQ7TVlv-55Gs4iMkJ9pyuzOTQ&oe=6A384216 | SD: https://video.fjai6-1.fna.fbcdn.net/o1/v/t2/f2/m412/AQPsKuuftWARK4q35sQ_6Z_N8xfazeEVW1IfZKk8u9honaqrn7veGZ5QmRDHqqUZ7eWOIY-qpMmRmaQ-noKPfWWyF8vMWYMi1WcP6QqUzQ.mp4?_nc_cat=105&_nc_oc=AdqWGb-fWB2xntFSaxlnxBKnTgMzCgwVgQE9ViS4yse3oyMA3eMkzeXfGdFTJpOTWapf_Xpl3Rxr3h0mlSWFuW5s&_nc_sid=ef5aa3&_nc_ht=video.fjai6-1.fna.fbcdn.net&_nc_ohc=nlLHO8ZmG3oQ7kNvwFkj3kn&efg=eyJ2ZW5jb2RlX3RhZyI6Inhwdl9wcm9ncmVzc2l2ZS5WSV9VU0VDQVNFX1BST0RVQ1RfVFlQRS4uQzMuMzYwLnN2ZV9zZCIsInhwdl9hc3NldF9pZCI6OTY1NDkwNjM5MjA3NDQ1LCJhc3NldF9hZ2VfZGF5cyI6NTYsInZpX3VzZWNhc2VfaWQiOjEwNzk5LCJkdXJhdGlvbl9zIjoyNCwidXJsZ2VuX3NvdXJjZSI6Ind3dyJ9&ccb=17-1&_nc_gid=u5_FgVzgJLsUobzG3-yVMg&_nc_ss=7b289&_nc_zt=28&oh=00_Af-lGGe1I6883ZdXV4A62n1jBgpM8A1Hz1VgqkF_yG5xaA&oe=6A383E31 | Preview: https://scontent.fjai6-1.fna.fbcdn.net/v/t39.35426-6/720250669_1750963136342364_8133314154374044744_n.jpg?_nc_cat=100&ccb=1-7&_nc_sid=c53f8f&_nc_ohc=FbkD_BPAHQMQ7kNvwGxNN31&_nc_oc=AdrIXKf2QifCyI7jjHBrCSGD7dVihbJA9kM-6gGIeSx32FIu00b71vrbZf8H6itBqcRCxbsDDIKuz-52euLdcBdP&_nc_zt=14&_nc_ht=scontent.fjai6-1.fna&_nc_gid=u5_FgVzgJLsUobzG3-yVMg&_nc_ss=7b289&oh=00_Af-s68mALb_LhkbeOFlmp6kRg78rR_6cxQK37GtIGiJkuw&oe=6A385BA6,,,,,,,
1487644229307265,https://www.facebook.com/thepranavagroup/,fb.me,https://www.facebook.com/thepranavagroup/,,,,sales@pranavagroup.com,+91 92280 56789,,,,103873895140697,http://fb.me/,Pranava Group,https://www.facebook.com/ads/library/?id=1487644229307265,"Invest in the 15-Minute Lifestyle.

Connected via the Suncity 100 Ft. Rd Corridor.

4, 5 & 6 BHK luxury villas + Home Theatre
In Rajendra Nagar Starting from ₹4.6 Cr*

2 Min - Suncity 100 Ft. Road | 5 Min - PVNR Expressway | 8 Min - TSPA Junction (ORR) | 15 Min - Financial District | 25 Min to Airport",3058,Get quote,fb.me,"FACEBOOK; INSTAGRAM; AUDIENCE_NETWORK",2026-06-09,2026-06-16,,,"Invest in the 15-Minute Lifestyle.

Connected via the Suncity 100 Ft. Rd Corridor.

4, 5 & 6 BHK luxury villas + Home Theatre
In Rajendra Nagar Starting from ₹4.6 Cr*

2 Min - Suncity 100 Ft. Road | 5 Min - PVNR Expressway | 8 Min - TSPA Junction (ORR) | 15 Min - Financial District | 25 Min to Airport || Invest in the 15-Minute Lifestyle.

Connected via the Suncity 100 Ft. Rd Corridor.

4, 5 & 6 BHK luxury villas + Home Theatre
In Rajendra Nagar Starting from ₹4.6 Cr*

2 Min - Suncity 100 Ft. Road | 5 Min - PVNR Expressway | 8 Min - TSPA Junction (ORR) | 15 Min - Financial District | 25 Min to Airport || Invest in the 15-Minute Lifestyle.

Connected via the Suncity 100 Ft. Rd Corridor.

4, 5 & 6 BHK luxury villas + Home Theatre
In Rajendra Nagar Starting from ₹4.6 Cr*

2 Min - Suncity 100 Ft. Road | 5 Min - PVNR Expressway | 8 Min - TSPA Junction (ORR) | 15 Min - Financial District | 25 Min to Airport",http://fb.me/ || http://fb.me/ || http://fb.me/,,Get Quote || Get Quote || Get Quote,Original: https://scontent.fjai6-1.fna.fbcdn.net/v/t39.35426-6/709156672_961988806619905_57054188620495432_n.jpg?_nc_cat=108&ccb=1-7&_nc_sid=c53f8f&_nc_ohc=QdOLGvx7NrQQ7kNvwE5HQvX&_nc_oc=Adq83EvNO1upDUj4_xl83nP7POeOtGNmL1xOuwxFBEGuA2h5p-u1eMHbbpuBrvaCaVWZfoTwyoAKN-IemhYUlkcb&_nc_zt=14&_nc_ht=scontent.fjai6-1.fna&_nc_gid=u5_FgVzgJLsUobzG3-yVMg&_nc_ss=7b289&oh=00_Af-RndlE0sPJ4EPKdrNP02NDY32Y7TK5e-KXJocF34sSFg&oe=6A384611 | Resized: https://scontent.fjai6-1.fna.fbcdn.net/v/t39.35426-6/709015840_1702320241081928_3288237170892817669_n.jpg?stp=dst-jpg_s600x600_tt6&_nc_cat=110&ccb=1-7&_nc_sid=c53f8f&_nc_ohc=1E9DuJopU6kQ7kNvwENsoN8&_nc_oc=AdoSZAycoQl10SGurFr5o_OjVJel5-R2IGjtNHZ3vjXEJRuk69Ovito1hXVs0GNMub7Jtt_RA5yt0-WtDGNOGLyp&_nc_zt=14&_nc_ht=scontent.fjai6-1.fna&_nc_gid=u5_FgVzgJLsUobzG3-yVMg&_nc_ss=7b289&oh=00_Af9aclVSsbpSV1B0A4SSqJOM454VqYp0sj6wMBCCV7uyZQ&oe=6A382EF0 || Original: https://scontent.fjai6-1.fna.fbcdn.net/v/t39.35426-6/708999697_961139720143952_3138517226843323938_n.jpg?_nc_cat=101&ccb=1-7&_nc_sid=c53f8f&_nc_ohc=2oVDtEp79nkQ7kNvwHTrZIE&_nc_oc=Ado6kT2RaZwqkh_8uPsH6c6BCl2da8Cn_bwkrKbLMDsTs-qh9yE07EUyUn_LKLCKUd57PujU5upap6C5ip7wCl_h&_nc_zt=14&_nc_ht=scontent.fjai6-1.fna&_nc_gid=u5_FgVzgJLsUobzG3-yVMg&_nc_ss=7b289&oh=00_Af9nnzHKJFRRlten4-GYc7Qfld5tWjTCjqVcVAqr7jDAxA&oe=6A386491 | Resized: https://scontent.fjai6-1.fna.fbcdn.net/v/t39.35426-6/708335109_1763853528324133_1311505186075280572_n.jpg?stp=dst-jpg_s600x600_tt6&_nc_cat=104&ccb=1-7&_nc_sid=c53f8f&_nc_ohc=ZvEOYEQshbkQ7kNvwFeiPhe&_nc_oc=Adp3aON3DQ0slFJ4ftd0SGWO2JIRTS7o6Kc6DL4kaXoGlxtnud-DLbJKOCBWD2Y2jaNNTsN7EuzwPhhe_bOMXjpr&_nc_zt=14&_nc_ht=scontent.fjai6-1.fna&_nc_gid=u5_FgVzgJLsUobzG3-yVMg&_nc_ss=7b289&oh=00_Af8n5Wn1m4QHWoLIgP_-mTr7vafq_p5qS2mAFTXjrj3yIA&oe=6A3849E6 || Original: https://scontent.fjai6-1.fna.fbcdn.net/v/t39.35426-6/708230520_3919441298350280_8815171070313173689_n.jpg?_nc_cat=104&ccb=1-7&_nc_sid=c53f8f&_nc_ohc=m7R32iTH9okQ7kNvwFiiRhZ&_nc_oc=AdrlLq5buDEO58Ch65efQeVnwaiggkQVS6lS6pkg-052bGFzuC6C558FDO1mYa6YEZxb_DQwcVfNOJSYtX-RdtTH&_nc_zt=14&_nc_ht=scontent.fjai6-1.fna&_nc_gid=u5_FgVzgJLsUobzG3-yVMg&_nc_ss=7b289&oh=00_Af-rDgw5xbKQBk5Tn9eZBGEWU1ReTbpEiuy00VBgDHUkBg&oe=6A385AF5 | Resized: https://scontent.fjai6-1.fna.fbcdn.net/v/t39.35426-6/709078746_1231550708913683_6590383746671892927_n.jpg?stp=dst-jpg_s600x600_tt6&_nc_cat=109&ccb=1-7&_nc_sid=c53f8f&_nc_ohc=TIYv-o8Q4J4Q7kNvwHmZl0V&_nc_oc=Adpm1E2XD3ZLvq2N62hIVcI5R434Ol-wAfCT3mvV8XdF8-9GrJWEGiqejSAA0gYrzlpD8o9ixle7s1Rqqvc5SpfC&_nc_zt=14&_nc_ht=scontent.fjai6-1.fna&_nc_gid=u5_FgVzgJLsUobzG3-yVMg&_nc_ss=7b289&oh=00_Af-LbMptuWxERGVOOBpQIaQgWCckSm_g3nO5odv0j36cSw&oe=6A385A07,
1956069868469725,https://www.facebook.com/VertexHomesPvtLtd/,vertexviva.com,https://www.facebook.com/VertexHomesPvtLtd/,,,,sales@vertexhomes.com,"04069955999, +91 90196 68668",,,,312779428912833,https://www.vertexviva.com/lp/kingston-park-nallagaandla/,Vertex Homes,https://www.facebook.com/ads/library/?id=1956069868469725,"Kingston Park Villas in Nallagandla from 10.3 Cr*

Highlights

✨Ready-to-Move 4 & 5 BHK Villas
✨100 Villas already Handed Over
✨Iconic Elevations | Private Lawns | Gated Community
✨Club Royale – 50,000 sq.ft Lifestyle Club
✨40 Acres of Lush, Landscaped Greens

Experience royal living. Private viewings by appointment.",23471,See details,vertexviva.com,"FACEBOOK; INSTAGRAM; AUDIENCE_NETWORK; MESSENGER; THREADS",2026-06-09,2026-06-17,,,"Kingston Park Villas in Nallagandla from 10.3 Cr*

Highlights

✨Ready-to-Move 4 & 5 BHK Villas
✨100 Villas already Handed Over
✨Iconic Elevations | Private Lawns | Gated Community
✨Club Royale – 50,000 sq.ft Lifestyle Club
✨40 Acres of Lush, Landscaped Greens

Experience royal living. Private viewings by appointment. || Kingston Park Villas in Nallagandla from 10.3 Cr*

Highlights

✨Ready-to-Move 4 & 5 BHK Villas
✨100 Villas already Handed Over
✨Iconic Elevations | Private Lawns | Gated Community
✨Club Royale – 50,000 sq.ft Lifestyle Club
✨40 Acres of Lush, Landscaped Greens

Experience royal living. Private viewings by appointment. || Kingston Park Villas in Nallagandla from 10.3 Cr*

Highlights

✨Ready-to-Move 4 & 5 BHK Villas
✨100 Villas already Handed Over
✨Iconic Elevations | Private Lawns | Gated Community
✨Club Royale – 50,000 sq.ft Lifestyle Club
✨40 Acres of Lush, Landscaped Greens

Experience royal living. Private viewings by appointment.",https://www.vertexviva.com/lp/kingston-park-nallagaandla/ || https://www.vertexviva.com/lp/kingston-park-nallagaandla/ || https://www.vertexviva.com/lp/kingston-park-nallagaandla/,,See Details || See Details || See Details,Original: https://scontent.fjai6-1.fna.fbcdn.net/v/t39.35426-6/717249201_27276679228610073_8428217732757661248_n.jpg?_nc_cat=104&ccb=1-7&_nc_sid=c53f8f&_nc_ohc=23Ghk7Zw2B8Q7kNvwH3r5vu&_nc_oc=AdrX_50O7EefiypKSoxvtSzBtPPtguTsV1kMr2gX5jGvZNl6M2In3ClZUoTgrJ4OBb0qxJoyEFGAx4sd9_dwq4YD&_nc_zt=14&_nc_ht=scontent.fjai6-1.fna&_nc_gid=_UFB1vNfy0y3LLeItCcQ4A&_nc_ss=7b289&oh=00_Af_V6lWa3RedKCUCRP0pHRqEX8mtrDruLlm6lbTWnuZ_oQ&oe=6A3855B7 | Resized: https://scontent.fjai6-1.fna.fbcdn.net/v/t39.35426-6/717298716_1286271190256895_1689708439761967565_n.jpg?stp=dst-jpg_s600x600_tt6&_nc_cat=110&ccb=1-7&_nc_sid=c53f8f&_nc_ohc=6HXSA39fPOMQ7kNvwE0Zw1K&_nc_oc=Adpe_gbgcVEODEfuyjULOohhrfOq-gwjqTkqMUtR4Uu6aEQQ5sxsKpwWWRzeZyz55fritrMEo5y7o8Kn7e_hZu9D&_nc_zt=14&_nc_ht=scontent.fjai6-1.fna&_nc_gid=_UFB1vNfy0y3LLeItCcQ4A&_nc_ss=7b289&oh=00_Af88jXcvTOhwldz32JD-C95DFtJ9hkZYjEE6-A39a-hGvw&oe=6A38543D || Original: https://scontent.fjai6-1.fna.fbcdn.net/v/t39.35426-6/721780705_1001928172700678_4444662395160774753_n.jpg?_nc_cat=105&ccb=1-7&_nc_sid=c53f8f&_nc_ohc=AwtQvJrREroQ7kNvwGdGWNi&_nc_oc=Adpe0GOlFPiM3_k40_uA8ijLLPB-O37DgVJleL404TQnUQQoS4zC7blIGsVeGt_ro1BJHXKtoL-66LeV4WQY4b0o&_nc_zt=14&_nc_ht=scontent.fjai6-1.fna&_nc_gid=_UFB1vNfy0y3LLeItCcQ4A&_nc_ss=7b289&oh=00_Af_ht_yMP6WugoXW8BOxrJSCJR_vOvYoPAC1VKb1zCcKiA&oe=6A383A42 | Resized: https://scontent.fjai6-1.fna.fbcdn.net/v/t39.35426-6/718390437_4401664616765106_5425970770323652186_n.jpg?stp=dst-jpg_s600x600_tt6&_nc_cat=103&ccb=1-7&_nc_sid=c53f8f&_nc_ohc=SSt5WEIeDxMQ7kNvwF7VXD5&_nc_oc=Adooa5KuoWwr9KDOtM8YAw2XtdjBYlGG3ayri6Gcl7Mr36fbm4VNa6ZkpqC7Zf0uIRL6XcidgOCSHJt_FqQD8OBV&_nc_zt=14&_nc_ht=scontent.fjai6-1.fna&_nc_gid=_UFB1vNfy0y3LLeItCcQ4A&_nc_ss=7b289&oh=00_Af8SNnWBl4EaQxI5wnzxg2vjY4IPl13MVOmYxEEE-1uotQ&oe=6A383687 || Original: https://scontent.fjai6-1.fna.fbcdn.net/v/t39.35426-6/721801941_1465396338676425_4511472701301938855_n.jpg?_nc_cat=106&ccb=1-7&_nc_sid=c53f8f&_nc_ohc=OSsf8xNvKFgQ7kNvwEJCNji&_nc_oc=AdqwtcaikaSZf8R22IeshAeWdEVxJY5AORq1RJ7c-3lTl95Bco8WmsJqCSaPRxpX0qvt9zw_f6EPrS44IxB0ahqb&_nc_zt=14&_nc_ht=scontent.fjai6-1.fna&_nc_gid=_UFB1vNfy0y3LLeItCcQ4A&_nc_ss=7b289&oh=00_Af_XS-4usT7h-UOluPjFDPBcqjv-FiPhvddU2JuJJBCMpQ&oe=6A3834AF | Resized: https://scontent.fjai6-1.fna.fbcdn.net/v/t39.35426-6/717257579_1507291501408869_7615044679283536537_n.jpg?stp=dst-jpg_s600x600_tt6&_nc_cat=108&ccb=1-7&_nc_sid=c53f8f&_nc_ohc=vQ2QnIuehG8Q7kNvwHB7-Ne&_nc_oc=Adpkjt1mT4bG_UruGRgVMZGHw6_3cl4OeW-7izTLayS5BQgV9j4Rk8J5c_fYlNdR1hpkz57OLs3U2cgmzy2x8n4D&_nc_zt=14&_nc_ht=scontent.fjai6-1.fna&_nc_gid=_UFB1vNfy0y3LLeItCcQ4A&_nc_ss=7b289&oh=00_Af_pnMsRhrPrAPHxDf0i07Sz0NOqewMs2h5c_3XpNgX3rA&oe=6A3847B6,
2148829972634206,https://www.facebook.com/AssetzProperty/,fb.me,https://www.facebook.com/AssetzProperty/,,,,enquiries@assetzproperty.com,+91 85489 77977,,,,594141837348790,http://fb.me/,Assetz Property Group,https://www.facebook.com/ads/library/?id=2148829972634206,"Assetz 18 & Oak Luxury Golf Villa Plots located off Sarjapur-Attibelle Road, ₹2.62 Cr* Onwards

✅ 242 Luxury Villas
✅ 27 min drive from HSR Layout
✅ Clubhouse and Golf course with an amazing view 
✅ Township with 90% open space spread over 177 acres",39862,See details,fb.me,"FACEBOOK; INSTAGRAM",2026-06-01,2026-06-17,,Original: https://scontent.fjai6-1.fna.fbcdn.net/v/t39.35426-6/712883947_951808324339544_7322277826012492955_n.jpg?_nc_cat=101&ccb=1-7&_nc_sid=c53f8f&_nc_ohc=kFSHPCQUm30Q7kNvwHNZek3&_nc_oc=AdqiHVApcHVo28LfKAKcc3-T8iBcsrMnUfYfa3saRLrr1HfMTni8ayomDCeT23FxFqm2zE9plXU-row2SJj21_An&_nc_zt=14&_nc_ht=scontent.fjai6-1.fna&_nc_gid=_UFB1vNfy0y3LLeItCcQ4A&_nc_ss=7b289&oh=00_Af_pgEl1kkYnj0DhlW9F5FGFedVXuek0unnirlkYlOi65w&oe=6A384466 | Resized: https://scontent.fjai6-1.fna.fbcdn.net/v/t39.35426-6/710081661_3487341458084817_1489793421487172401_n.jpg?stp=dst-jpg_s600x600_tt6&_nc_cat=101&ccb=1-7&_nc_sid=c53f8f&_nc_ohc=TW1n0uIUb-gQ7kNvwFtd_Ua&_nc_oc=Adq3TlOHxrwe8W2GnBJpYcafhfrB22mLgpEQn5zlTsejUkDUYYNhD6e1dTM9frr44BIkML3tnUb8OPoyhHpP88oJ&_nc_zt=14&_nc_ht=scontent.fjai6-1.fna&_nc_gid=_UFB1vNfy0y3LLeItCcQ4A&_nc_ss=7b289&oh=00_Af_9S0i5PwmCqV-Ni7IJrJt2juUuX_E98EQnVFl-tO7e1g&oe=6A3854D0,,,,,,
1472767950997606,https://www.facebook.com/rakshawelfareorganization/,fb.me,https://www.facebook.com/rakshawelfareorganization/,,,,info@rwo.org.in,+91 96433 38285,,,,111961428240640,http://fb.me/,RWO,https://www.facebook.com/ads/library/?id=1472767950997606,"Escape to luxury in Jim Corbett, Nainital! 
Invest in a premium 300 Sq. Yds villa with modern amenities.
Perfect for vacation rentals or peaceful weekend getaways.
Ready to unwind? Call +91 9071983344 now and make it yours!",41,Learn more,fb.me,"FACEBOOK; INSTAGRAM; AUDIENCE_NETWORK",2026-05-08,2026-06-17,,Original: https://scontent.fjai6-1.fna.fbcdn.net/v/t39.35426-6/675569239_1470140974557117_6378862659733596912_n.jpg?_nc_cat=108&ccb=1-7&_nc_sid=c53f8f&_nc_ohc=EJVYf9jec5sQ7kNvwEcLMPx&_nc_oc=Adr2PHfj6uXIAg2Ei7Abk_wpgypuFPOixNmV02qr63WPF7TvyvPMH_HmAAlAhJ0tAdP9A1KU9VgUAfGU0eJDF3xO&_nc_zt=14&_nc_ht=scontent.fjai6-1.fna&_nc_gid=_UFB1vNfy0y3LLeItCcQ4A&_nc_ss=7b289&oh=00_Af-F56poW8f8i3m4QtkTfCcbCI5NedIdjj-MPMxwyo68fw&oe=6A38531E | Resized: https://scontent.fjai6-1.fna.fbcdn.net/v/t39.35426-6/673788520_1921145405201643_6196072898036968611_n.jpg?stp=dst-jpg_s600x600_tt6&_nc_cat=107&ccb=1-7&_nc_sid=c53f8f&_nc_ohc=tg5DBT6RB90Q7kNvwFfqZJx&_nc_oc=Adpauhws016o1Eby6KjlI-39ASuAc41DYbwVM1kELU93HkhVlGLljY-k5dWtWnvI5fbgInbMJlPKLIcAtcfuKh9T&_nc_zt=14&_nc_ht=scontent.fjai6-1.fna&_nc_gid=_UFB1vNfy0y3LLeItCcQ4A&_nc_ss=7b289&oh=00_Af-r7bQ-9udv6IeF20h1ZtFHgH9ltup4jJyAtQyZZQVKFA&oe=6A3860AA,,,,,,
1398731938268274,https://www.facebook.com/61557924474048/,forms.gle,https://www.facebook.com/61557924474048/,,,,hastaakshardesignstudio@gmail.com,+91 97100 02531,,,,275623742297880,https://forms.gle/jk7k1CUzwpTD4HW46,Hastaakshar Design Studio,https://www.facebook.com/ads/library/?id=1398731938268274,"Most firms hire you to draft.

At Hastaakshar Design Studio, you design, lead, and build real projects that people live in, work in, and remember.

We’re a multidisciplinary design studio working across India and Dubai, creating everything from luxury villas, cafes, and studios to offices, resorts, and hospitality spaces.

Our projects have been delivered for clients like ONGC, Indian Oil, DRDO, Delhi University, Seedhe Maut, and dozens of premium brands across the country.

We don’t believe in one-track roles. You’ll be part of the entire journey, from sketch to site execution, VR walkthroughs, and final delivery.

You’ll work in a studio that values creativity, ownership, collaboration, and speed not just clocking hours.

If you’re hungry to grow, love details, and want your designs to make real impact this is where you’ll thrive.

🏠 Full-time | In-office | Mayapuri, Delhi

📋 Fill the 5-minute form to apply now.

Shortlisted candidates move directly to Interview Round 2

👉 https://forms.gle/28mRHhpE4GNbiyzr7",133,Apply now,docs.google.com,"FACEBOOK; INSTAGRAM; AUDIENCE_NETWORK; MESSENGER; THREADS",2025-12-19,2026-06-17,,,  ||   ||   ||   ||   ||   ||  ,https://forms.gle/28mRHhpE4GNbiyzr7 || https://forms.gle/28mRHhpE4GNbiyzr7 || https://forms.gle/28mRHhpE4GNbiyzr7 || https://forms.gle/28mRHhpE4GNbiyzr7 || https://forms.gle/28mRHhpE4GNbiyzr7 || https://forms.gle/28mRHhpE4GNbiyzr7 || https://forms.gle/28mRHhpE4GNbiyzr7,forms.gle || forms.gle || forms.gle || forms.gle || forms.gle || forms.gle || forms.gle,Apply Now || Apply Now || Apply Now || Apply Now || Apply Now || Apply Now || Apply Now,Original: https://scontent.fjai6-1.fna.fbcdn.net/v/t39.35426-6/561170569_1864423834496994_1140801751927996096_n.jpg?_nc_cat=105&ccb=1-7&_nc_sid=c53f8f&_nc_ohc=1S_PQedR_loQ7kNvwFX6q87&_nc_oc=Adp3cwo-938eChWuRHp6jqiESwIDdDYdDRG8riYRHYDesERryImw0Vdxkmg3o1t-gYPEGs-FRrorKxViSSC3oBDE&_nc_zt=14&_nc_ht=scontent.fjai6-1.fna&_nc_gid=_UFB1vNfy0y3LLeItCcQ4A&_nc_ss=7b289&oh=00_Af8MT5J6lOYfuZf5_SgLjWt7xST2u27cX4ZYTRj7ZMvgYg&oe=6A383EED | Resized: https://scontent.fjai6-1.fna.fbcdn.net/v/t39.35426-6/565339775_1356064572892593_5626385154174950316_n.jpg?stp=dst-jpg_s600x600_tt6&_nc_cat=100&ccb=1-7&_nc_sid=c53f8f&_nc_ohc=lk9Q1twx7KQQ7kNvwHbDPUE&_nc_oc=Adrnq00xv2e5f-EuWdOJfUIhSLQcxx-rqApnmockY-D2VXpqz4ew_DgifjXDS9ElpCFMvvVdg8Ue8ZLYh5vMg5iv&_nc_zt=14&_nc_ht=scontent.fjai6-1.fna&_nc_gid=_UFB1vNfy0y3LLeItCcQ4A&_nc_ss=7b289&oh=00_Af-OXLYGJAf8fxN-zw23pYTQ1fXM5ABhKOhxlSaP9DF6TA&oe=6A38486C || Original: https://scontent.fjai6-1.fna.fbcdn.net/v/t39.35426-6/566378082_4205831213030488_5806479639479240319_n.jpg?_nc_cat=108&ccb=1-7&_nc_sid=c53f8f&_nc_ohc=IKmkib9kde0Q7kNvwEvF5ZA&_nc_oc=AdpwoEcJ7NBB4loM_iuWmrrAenUk7SCjw2HTk_wnxyvvi9hnBo48Jt8f7UP8k4j_sKDpxaViLIZE9Te2H-b2JAEF&_nc_zt=14&_nc_ht=scontent.fjai6-1.fna&_nc_gid=_UFB1vNfy0y3LLeItCcQ4A&_nc_ss=7b289&oh=00_Af8brDBmHLxVmMamDXBN2jV19CN1AOOHWjbaxoG2j1vwxA&oe=6A3850C5 | Resized: https://scontent.fjai6-1.fna.fbcdn.net/v/t39.35426-6/561750380_1733687310655282_1160777971247168330_n.jpg?stp=dst-jpg_s600x600_tt6&_nc_cat=102&ccb=1-7&_nc_sid=c53f8f&_nc_ohc=M7Rfw9BJC38Q7kNvwFz2wtC&_nc_oc=Adr61znYS4mVya66NRtZZWNtsctBlEyQDr32Sbwemmk89x7o3hwcyxd0KDG1YA3eknJMwMJr6DNgA2_sHNwtUrxq&_nc_zt=14&_nc_ht=scontent.fjai6-1.fna&_nc_gid=_UFB1vNfy0y3LLeItCcQ4A&_nc_ss=7b289&oh=00_Af8nhjgMn3WVqzaw_qeDjDCDCwC1JywU9_hPBGwXijhX9A&oe=6A3845C1 || Original: https://scontent.fjai6-1.fna.fbcdn.net/v/t39.35426-6/564617388_1131276475652612_5789721681078910657_n.jpg?_nc_cat=107&ccb=1-7&_nc_sid=c53f8f&_nc_ohc=ym1KU-djKvAQ7kNvwFlfIh2&_nc_oc=AdqNoBEg0wwO_PKDSWqItM1oEroMpnzyOy4tiQt0Bxt0_cC5G_IrW7BfFNWz2bDhsp4sU7Es_ZBcB1b10BpcUzQ3&_nc_zt=14&_nc_ht=scontent.fjai6-1.fna&_nc_gid=_UFB1vNfy0y3LLeItCcQ4A&_nc_ss=7b289&oh=00_Af8cEGWjuljSwNFA-t6DEwLKEKCVvTpGByxeQQck5kxi_g&oe=6A38438D | Resized: https://scontent.fjai6-1.fna.fbcdn.net/v/t39.35426-6/561785778_829642069420952_6575758708681640507_n.jpg?stp=dst-jpg_s600x600_tt6&_nc_cat=103&ccb=1-7&_nc_sid=c53f8f&_nc_ohc=8bAQLT2yqwUQ7kNvwHoZkDf&_nc_oc=AdoOxfML47yw3KXhrPKvHrscS5sKOe9kS2wNt79m-n1Bk78-FptcLfxkqcGukfswuhhWWZgsltHMKiMtKoovAA3p&_nc_zt=14&_nc_ht=scontent.fjai6-1.fna&_nc_gid=_UFB1vNfy0y3LLeItCcQ4A&_nc_ss=7b289&oh=00_Af-cceVOqDy6e7t85J4zphrWQWCig4aZfBgTSx9PiPgQww&oe=6A385A8C || Original: https://scontent.fjai6-1.fna.fbcdn.net/v/t39.35426-6/561565111_4235431030038250_1647954561864524768_n.jpg?_nc_cat=105&ccb=1-7&_nc_sid=c53f8f&_nc_ohc=qYYxzc9ARSoQ7kNvwGmMSoR&_nc_oc=Adr8jnAqXV87yUpZllwEzxS5V_jMSqb5DqhanEG4cl93Mn9knzn68YmzjjbWObZ8Znh_0i4QevF_rfvzRTtafBJU&_nc_zt=14&_nc_ht=scontent.fjai6-1.fna&_nc_gid=_UFB1vNfy0y3LLeItCcQ4A&_nc_ss=7b289&oh=00_Af91lytDWkJqCKs_o4Zgng532d7ITmn91RoYKE4-Qz5yhw&oe=6A3832F4 | Resized: https://scontent.fjai6-1.fna.fbcdn.net/v/t39.35426-6/560319272_2269259923515414_1741840924855348979_n.jpg?stp=dst-jpg_s600x600_tt6&_nc_cat=105&ccb=1-7&_nc_sid=c53f8f&_nc_ohc=VwxN09PBHL0Q7kNvwE8hisa&_nc_oc=AdqBOjatFOappS9YyoCq2yID69q3gCGINkYmrbvEDvSEbGiOiI9E4QcIgxD8RpCIHO9Zb2lXMhTTfeaaT5b-t0-8&_nc_zt=14&_nc_ht=scontent.fjai6-1.fna&_nc_gid=_UFB1vNfy0y3LLeItCcQ4A&_nc_ss=7b289&oh=00_Af-mIyUy39_YzVLR7ALytx2dNe-EuWvdwpcb3dprPLbh4A&oe=6A384B41 || Original: https://scontent.fjai6-1.fna.fbcdn.net/v/t39.35426-6/561525398_2064982461021887_8433422963423074432_n.jpg?_nc_cat=109&ccb=1-7&_nc_sid=c53f8f&_nc_ohc=wfZ1nwQ78kEQ7kNvwEHVmqp&_nc_oc=AdoFPhRIn3esQeYFoI0Hxn6x5DKQeJLAa9b_-aR1bwJrm2f0gkA8Dc5zycUMI4J2HGvxgw7zgtpAsIR6vdRexdtt&_nc_zt=14&_nc_ht=scontent.fjai6-1.fna&_nc_gid=_UFB1vNfy0y3LLeItCcQ4A&_nc_ss=7b289&oh=00_Af8CeproCpH_Hd-G2scrvqlcKbsK2yLbVWig7RgaLE-vwQ&oe=6A385709 | Resized: https://scontent.fjai6-1.fna.fbcdn.net/v/t39.35426-6/565741450_1501681724372207_5875175907416216824_n.jpg?stp=dst-jpg_s600x600_tt6&_nc_cat=109&ccb=1-7&_nc_sid=c53f8f&_nc_ohc=KoI84Xm8Q3wQ7kNvwHIoqHo&_nc_oc=AdowMGViiIClPI8J815XcWZ7JNEZ0ApzBzNgoAzLWWl1bA1gvp2GQaAnlZsSZDdTt7f-vJhUfSD0Qw_4HY4GEDj7&_nc_zt=14&_nc_ht=scontent.fjai6-1.fna&_nc_gid=_UFB1vNfy0y3LLeItCcQ4A&_nc_ss=7b289&oh=00_Af9CKIqq-HrzfYKevlWL15-ybFd34Eu___NipXTsarimyQ&oe=6A384BDE || Original: https://scontent.fjai6-1.fna.fbcdn.net/v/t39.35426-6/561757724_24809756605339888_5197091826389844322_n.jpg?_nc_cat=111&ccb=1-7&_nc_sid=c53f8f&_nc_ohc=0DOjKTfgTcAQ7kNvwGxxylB&_nc_oc=AdpGwDGFDFcWD5FHZKlXFk6t9Y-M3fkluDvncQL9LDFdY6KVAkT1gPuAMFieTMk_iQyxNVTxw8sgXcRSt-YQ5mjO&_nc_zt=14&_nc_ht=scontent.fjai6-1.fna&_nc_gid=_UFB1vNfy0y3LLeItCcQ4A&_nc_ss=7b289&oh=00_Af-ate_rTdWlQTwpu9wVpaAb9Hx6hXxAvnlQJd0L-jCcYw&oe=6A383A66 | Resized: https://scontent.fjai6-1.fna.fbcdn.net/v/t39.35426-6/566207713_1900694447458113_6391004473173161936_n.jpg?stp=dst-jpg_s600x600_tt6&_nc_cat=107&ccb=1-7&_nc_sid=c53f8f&_nc_ohc=FbMoxorc748Q7kNvwGjJ-il&_nc_oc=Adpn5wyEPSQvvrFznhVzCI6OfvwTay03KaRflTXbPBmIi4nv6ErxSFomAVCYUjRP6xfJ59w84MsLyEExEqX568P6&_nc_zt=14&_nc_ht=scontent.fjai6-1.fna&_nc_gid=_UFB1vNfy0y3LLeItCcQ4A&_nc_ss=7b289&oh=00_Af-Wy-KOlHT4r23eZQ2DPyMppvGIgE817BL7H4vZRsi85Q&oe=6A3849F4 || Original: https://scontent.fjai6-1.fna.fbcdn.net/v/t39.35426-6/565197643_2147371365785312_6875560777237655618_n.jpg?_nc_cat=110&ccb=1-7&_nc_sid=c53f8f&_nc_ohc=btZfqSPS1-oQ7kNvwHRdS9t&_nc_oc=AdrbGXPYD0DTcWdnOUOSX_ifZ9F44_7roelJGNPGvVJ3-ZSP-Z4AumSKMecyCxyuPGhnvIeERCjp8yufoOlpURi-&_nc_zt=14&_nc_ht=scontent.fjai6-1.fna&_nc_gid=_UFB1vNfy0y3LLeItCcQ4A&_nc_ss=7b289&oh=00_Af-PO_4OGyPPzIMcF4AehvnMWE6msESGG6MFkWBcoBQHDg&oe=6A3835D1 | Resized: https://scontent.fjai6-1.fna.fbcdn.net/v/t39.35426-6/561760841_808220975277449_1561309425072702346_n.jpg?stp=dst-jpg_s600x600_tt6&_nc_cat=109&ccb=1-7&_nc_sid=c53f8f&_nc_ohc=d78IRuvFNuUQ7kNvwFz35Ew&_nc_oc=AdpajY7Abb9MKifvTQWILM3_apDNkSp_QZFGKaV3ZBCDbjGrexuMSEGArDihJ8FOldCJu06Jp6DFZxLJlEB-9wDH&_nc_zt=14&_nc_ht=scontent.fjai6-1.fna&_nc_gid=_UFB1vNfy0y3LLeItCcQ4A&_nc_ss=7b289&oh=00_Af9mU2M3jlFLLlef__Nj6AQ73Ayb820Ve2GENKsZySUMWQ&oe=6A3832BD,
2037770737116505,https://www.facebook.com/thegarnetbysamridhi/,fb.me,https://www.facebook.com/thegarnetbysamridhi/,,,,saleshead@samridhi.com,+91 90439 75000,,,,724578240732380,http://fb.me/,The Garnet - Samridhi Uniquespaces LLP,https://www.facebook.com/ads/library/?id=2037770737116505,"Step into High End living at the center of Kalapatti ✨

Premium villas crafted for unmatched comfort, privacy, and sophistication 🏡

Introducing The Garnet by Samridhi!

📍Near SVB Tech Park, Kalapatti, Coimbatore.

📞 +91 90439 75000
+91 90950 27000

🌐 https://thegarnet.samridhi.com/

#LuxuryVillas #Kalapatti #HighEndLiving #PremiumLifestyle #LuxuryHomes
.
.
.
.
.
.
[High-end villas in Coimbatore, Luxury villas Coimbatore, Premium living Coimbatore, Coimbatore luxury homes, Elite residences Coimbatore, Designer villas Coimbatore, Luxury lifestyle in Coimbatore, Boutique villa living, Gated community villas, Contemporary luxury homes, Architect-designed villas, Exclusive villa living]",1101,Learn more,fb.me,"FACEBOOK; INSTAGRAM; AUDIENCE_NETWORK",2026-06-11,2026-06-17,HD: https://video.fjai6-1.fna.fbcdn.net/o1/v/t2/f2/m366/AQPZDr1QJYIg3T31yMAyIMFxAJZq6kk0HqiWENUuMEKKkfufpN5cR2VgTzk58aCujOvLN3zfUP7yNiBV0JJ9i5XMmTiQZYEKt0InfLE1Nq9fiw.mp4?_nc_cat=105&_nc_oc=Adp0PB62_oydkPq4dDR4_CUbgkZ6uJ9Ik9NKQ4UNRz-BWRN1yoF7zBcPZd8X47WEQDBtNOdrTqiXIVpdwyj4mePO&_nc_sid=b66105&_nc_ht=video.fjai6-1.fna.fbcdn.net&_nc_ohc=OiztNnwn3VkQ7kNvwF5AjSp&efg=eyJ2ZW5jb2RlX3RhZyI6Inhwdl9wcm9ncmVzc2l2ZS5WSV9VU0VDQVNFX1BST0RVQ1RfVFlQRS4uQzMuNzIwLmRhc2hfaDI2NC1iYXNpYy1nZW4yXzcyMHAiLCJ4cHZfYXNzZXRfaWQiOjkzMDIyMjIyNjY3Nzc4MiwiYXNzZXRfYWdlX2RheXMiOjYxLCJ2aV91c2VjYXNlX2lkIjoxMDc5OSwiZHVyYXRpb25fcyI6NSwidXJsZ2VuX3NvdXJjZSI6Ind3dyJ9&ccb=17-1&vs=80a8c70722649b5c&_nc_vs=HBkcFQIYRWZiX2VwaGVtZXJhbC84OTRFOTEwMEMwQUNBOTVGRUMxOUY0MEY0QUEyNTI4Q19tdF8xX3ZpZGVvX2Rhc2hpbml0Lm1wNBUAAsgBEgAoABgAGwKIB3VzZV9vaWwBMRJwcm9ncmVzc2l2ZV9yZWNpcGUBMRUAACasgJHWh4KnAxUCKAJDMywXQBQAAAAAAAAYGWRhc2hfaDI2NC1iYXNpYy1nZW4yXzcyMHARAHUAZd6oAQA&_nc_gid=6a-uNFrbu92yeM4P1ZoMhw&_nc_ss=7b289&_nc_zt=28&oh=00_Af8mtUC2FznU6BxJetSrNuuG-EMkJa59_Aal3fywOSUNAg&oe=6A384DD7 | SD: https://video.fjai6-1.fna.fbcdn.net/o1/v/t2/f2/m412/AQOusx6LuXiaMLDFrQvSLvbOwH13eatxKOx9wH7NmJbmcuVY5vwuvToUN8oqD28G2n1rj_DvMG8ZLaJZPmhYP4L9Guwsx5hnPbMgC7ZKUA.mp4?_nc_cat=111&_nc_oc=AdqlmGxldIuNUcK1to_TVr9m5wrex9eOKCJMc34yOVyFCdO8WXm_uI5Cc3n9cL0kuDUGejWRsRIKA4NfQ_FLiKgo&_nc_sid=ef5aa3&_nc_ht=video.fjai6-1.fna.fbcdn.net&_nc_ohc=gouf7jeEE9IQ7kNvwFMHNCC&efg=eyJ2ZW5jb2RlX3RhZyI6Inhwdl9wcm9ncmVzc2l2ZS5WSV9VU0VDQVNFX1BST0RVQ1RfVFlQRS4uQzMuMzYwLnN2ZV9zZCIsInhwdl9hc3NldF9pZCI6OTMwMjIyMjI2Njc3NzgyLCJhc3NldF9hZ2VfZGF5cyI6NjEsInZpX3VzZWNhc2VfaWQiOjEwNzk5LCJkdXJhdGlvbl9zIjo1LCJ1cmxnZW5fc291cmNlIjoid3d3In0%3D&ccb=17-1&_nc_gid=6a-uNFrbu92yeM4P1ZoMhw&_nc_ss=7b289&_nc_zt=28&oh=00_Af8QbOqqEHfR4SubZrUi-O8B_m9Zl0nq2q4kr1FFUploNQ&oe=6A382F6B | Preview: https://scontent.fjai6-1.fna.fbcdn.net/v/t39.35426-6/720919843_1018807997347412_4195159873872487265_n.jpg?_nc_cat=110&ccb=1-7&_nc_sid=c53f8f&_nc_ohc=FSrG2WIOBSsQ7kNvwEyazUU&_nc_oc=AdpctRspF9XR9R7nawxcVB_HHIX6dR3LlVlGb9WPQNLCp7AtckEdUmCLbnIbsdAnanz9Ltp8xmn4Uhuswe-KE21F&_nc_zt=14&_nc_ht=scontent.fjai6-1.fna&_nc_gid=6a-uNFrbu92yeM4P1ZoMhw&_nc_ss=7b289&oh=00_Af90s0mZ3Z1TMwf_KUiY628SsUmlzpDmlH65cPbYWBtPig&oe=6A3850FC,,,,,,,
1262456462665253,https://www.facebook.com/61577176970641/,api.whatsapp.com,https://www.facebook.com/61577176970641/,,,,primevistasglobal@gmail.com,+91 98188 36010,,,,678903611968948,https://api.whatsapp.com/send,Prime Vistas,https://www.facebook.com/ads/library/?id=1262456462665253,"Presenting Luxury Villas and Plots in MUSSOORIE 
Where Every Sunrise Feels Like a Dream Crafted for Luxury, Peace & Panoramic Views.

📍 Designed for modern living with top-class features 
 
 
15 min Drive Mall Rd Mussoorie 
25 min Drive Rajpur Dehradun 
Infront of Paragliding / Bungee Jumping site

Plots :125 to 300 sq yards
Premium Villa 1200sqft on1125 sqft plot

GATED | CLUB| POOL | SECURITY

Invest & Earn Exponentially  Prime Vistas

9910224010| 9818836010 
  #PrimeVista #LuxuryLiving #DreamHome #RealEstateIndia #smartinvestments",54,Send WhatsApp message,api.whatsapp.com,"FACEBOOK; INSTAGRAM; AUDIENCE_NETWORK; MESSENGER; WHATSAPP",2026-04-16,2026-06-17,HD: https://video.fjai6-1.fna.fbcdn.net/o1/v/t2/f2/m367/AQN-EI25PiaJpT7AbQzFwX5OiuJMvRt4377xD19YJeYtvqOjbyFmTo_uetYyanRx2xwEFcFPnHLYG0l3wlAs7vPCnIc0iA6oUtnTewEv1w.mp4?_nc_cat=111&_nc_oc=AdqUs9soJQJPbJ-vUf9LFdnn24DFleUS8RqwcceR_opcjLO-OVD947kugyk_VoJwGAhvTeQ6ip7Jg91WFOXvtCHR&_nc_sid=ef5aa3&_nc_ht=video.fjai6-1.fna.fbcdn.net&_nc_ohc=XpOjo59CMeMQ7kNvwE2k9KG&efg=eyJ2ZW5jb2RlX3RhZyI6Inhwdl9wcm9ncmVzc2l2ZS5WSV9VU0VDQVNFX1BST0RVQ1RfVFlQRS4uQzMuNzIwLnByb2dyZXNzaXZlX2gyNjQtYmFzaWMtZ2VuMl83MjBwIiwieHB2X2Fzc2V0X2lkIjoxNzg4MzY3Nzc5MDUwMjI5NywiYXNzZXRfYWdlX2RheXMiOjYzLCJ2aV91c2VjYXNlX2lkIjoxMDA5OSwiZHVyYXRpb25fcyI6NDAsInVybGdlbl9zb3VyY2UiOiJ3d3cifQ%3D%3D&ccb=17-1&_nc_gid=6a-uNFrbu92yeM4P1ZoMhw&_nc_ss=7b289&_nc_zt=28&oh=00_Af_51vXUIE_HfdSHyQjfDt-I0VN7AYZ0oioX5LC5QsfkFw&oe=6A384133 | SD: https://video.fjai6-1.fna.fbcdn.net/o1/v/t2/f2/m367/AQPHKAu_kUMnGZKkLn5f7bU9zCE6nJqv5DmfXGyP9opVYzMMbFjoXesESUqlLWzAL0ESpQM5BI_P8eOTU3TNB1EeNg5hFH8TTDl3kYDzCw.mp4?_nc_cat=101&_nc_oc=AdrGvLES9mr8OuN6xsnuQfKF6D0h-zfUal3SHrnKVJWpQ7WYhrgzh0aE8OLA-aDI-5DtoRDXaGT3YNFczjRlK_5w&_nc_sid=ef5aa3&_nc_ht=video.fjai6-1.fna.fbcdn.net&_nc_ohc=vi56L_yeXGcQ7kNvwHkxTk2&efg=eyJ2ZW5jb2RlX3RhZyI6Inhwdl9wcm9ncmVzc2l2ZS5WSV9VU0VDQVNFX1BST0RVQ1RfVFlQRS4uQzMuMzYwLnByb2dyZXNzaXZlX2gyNjQtYmFzaWMtZ2VuMl8zNjBwIiwieHB2X2Fzc2V0X2lkIjoxNzg4MzY3Nzc5MDUwMjI5NywiYXNzZXRfYWdlX2RheXMiOjYzLCJ2aV91c2VjYXNlX2lkIjoxMDA5OSwiZHVyYXRpb25fcyI6NDAsInVybGdlbl9zb3VyY2UiOiJ3d3cifQ%3D%3D&ccb=17-1&_nc_gid=6a-uNFrbu92yeM4P1ZoMhw&_nc_ss=7b289&_nc_zt=28&oh=00_Af-MHzTZOfgytlN5dSDD7oaibj2a1t7jK3GdE6kR3kzfeg&oe=6A3864B1 | Preview: https://scontent.fjai6-1.fna.fbcdn.net/v/t39.35426-6/670782231_1512478900491643_2357648745045032028_n.jpg?_nc_cat=109&ccb=1-7&_nc_sid=c53f8f&_nc_ohc=4-TZ9tG7UzQQ7kNvwGViiFK&_nc_oc=Adp4LEWE1JLjMIQ5Wo7GzIK8ghMegm-l4EVNRX-SIsljXOj4o9KVFG9jcz5Ezh5ZI7gSsTi-gsMtmoUFL6kFIsaF&_nc_zt=14&_nc_ht=scontent.fjai6-1.fna&_nc_gid=6a-uNFrbu92yeM4P1ZoMhw&_nc_ss=7b289&oh=00_Af8GMPhhAa7Lqf--ffRZDsjpp7rNTiJvaTSQ3S9Injn-Ew&oe=6A383A54,,,,,,,
2054283471791559,https://www.facebook.com/arvindinfrastructure/,arvindsmartspaces.com,https://www.facebook.com/arvindinfrastructure/,,,,,"917971367022, +917971367022, +917968267052, +917968267155, 07968267052, 07968267155, 07968267021, 07926465179",,,,925570300845452,https://www.arvindsmartspaces.com/offers/properties-in-ahmedabad/arvind-forreste/,Arvind SmartSpaces,https://www.facebook.com/ads/library/?id=2054283471791559,"Rediscover life in a community crafted amidst nature’s finest offerings. At Arvind Forreste, every path leads to peace, every corner invites adventure, and every moment connects you with the outdoors.
➤ 80% Lush Green Open Spaces 
➤ 40,000 sq. ft. Luxury Clubhouse
➤ Forest Trail, Campfire Point, Butterfly Park & more
➤ World-Class Indoor & Outdoor Amenities",31617,See details,www.arvindsmartspaces.com,"FACEBOOK; INSTAGRAM; THREADS",2026-05-02,2026-06-16,,,"Rediscover life in a community crafted amidst nature’s finest offerings. At Arvind Forreste, every path leads to peace, every corner invites adventure, and every moment connects you with the outdoors.
➤ 80% Lush Green Open Spaces 
➤ 40,000 sq. ft. Luxury Clubhouse
➤ Forest Trail, Campfire Point, Butterfly Park & more
➤ World-Class Indoor & Outdoor Amenities || Rediscover life in a community crafted amidst nature’s finest offerings. At Arvind Forreste, every path leads to peace, every corner invites adventure, and every moment connects you with the outdoors.
➤ 80% Lush Green Open Spaces 
➤ 40,000 sq. ft. Luxury Clubhouse
➤ Forest Trail, Campfire Point, Butterfly Park & more
➤ World-Class Indoor & Outdoor Amenities",https://www.arvindsmartspaces.com/offers/properties-in-ahmedabad/arvind-forreste/ || https://www.arvindsmartspaces.com/offers/properties-in-ahmedabad/arvind-forreste/,www.arvindsmartspaces.com || www.arvindsmartspaces.com,See Details || See Details,Original: https://scontent.fjai6-1.fna.fbcdn.net/v/t39.35426-6/686259520_958483723566026_8226694429603149664_n.jpg?_nc_cat=103&ccb=1-7&_nc_sid=c53f8f&_nc_ohc=UEZwjE5eqPcQ7kNvwH2ENTH&_nc_oc=Adph2sXIu8p0JkSIkOc4o3ud-zqzXZkDnYhsQ0uggGt05wMTpWyUfMFXuPu74CCn-IFxFPiSkJTPjQcn8IHPpwTf&_nc_zt=14&_nc_ht=scontent.fjai6-1.fna&_nc_gid=6a-uNFrbu92yeM4P1ZoMhw&_nc_ss=7b289&oh=00_Af87mYFqqhuLr2JTDLTO2BIFD1DYgPtg-T3RDW-LwYswfw&oe=6A383EDC | Resized: https://scontent.fjai6-1.fna.fbcdn.net/v/t39.35426-6/686184246_1686373059360565_84923579457828642_n.jpg?stp=dst-jpg_s600x600_tt6&_nc_cat=102&ccb=1-7&_nc_sid=c53f8f&_nc_ohc=wMkxwWmKV-AQ7kNvwFPdkDg&_nc_oc=Ado5uBV8wfOqSnjVdWViqcOxrB0_yMIOkZDsygACw4J9O2y9nEuFDb7wfUYOhuTI9zb5muinAZmyST12iarPEO9V&_nc_zt=14&_nc_ht=scontent.fjai6-1.fna&_nc_gid=6a-uNFrbu92yeM4P1ZoMhw&_nc_ss=7b289&oh=00_Af_7_mWv7aYF5MCzffJ74XFIEvBDGYOGXkN_jrZjKIm9iA&oe=6A38562A || Original: https://scontent.fjai6-1.fna.fbcdn.net/v/t39.35426-6/686054005_2004049193831893_7973273577167209276_n.jpg?_nc_cat=109&ccb=1-7&_nc_sid=c53f8f&_nc_ohc=h735OFKG1lcQ7kNvwGL53jQ&_nc_oc=AdruPv6sZwzGNQ4GEu_H6aYslK-p23fZfYgq5SI22urdNNMUL7oqGi_Uqer4D8SXNtbxzQCrxTAOWtCMRtoHaMOc&_nc_zt=14&_nc_ht=scontent.fjai6-1.fna&_nc_gid=6a-uNFrbu92yeM4P1ZoMhw&_nc_ss=7b289&oh=00_Af9EvmoDpPmTe-fcj3U4UzOq6BKk_Z5VLQbl1bQdNrxL1Q&oe=6A3858AE | Resized: https://scontent.fjai6-1.fna.fbcdn.net/v/t39.35426-6/686301105_864579826667507_1631327423308600428_n.jpg?stp=dst-jpg_s600x600_tt6&_nc_cat=104&ccb=1-7&_nc_sid=c53f8f&_nc_ohc=pGSz-CrmB8UQ7kNvwE5fxsB&_nc_oc=AdrF0Jtg7VJMlG7UR5P15zbgxQ3aqsWtHyxTgcdd3UczDzugfkZsoKFn-DIx9rNZDSB-jfT7FoajMAvBRFjVz39s&_nc_zt=14&_nc_ht=scontent.fjai6-1.fna&_nc_gid=6a-uNFrbu92yeM4P1ZoMhw&_nc_ss=7b289&oh=00_Af-yxI7zNiz2p3_zhDwUK3PDVvKnAkSPmSuAyhsMC0RHMA&oe=6A383C39,
944850701709378,https://www.facebook.com/61582662728952/,fb.me,https://www.facebook.com/61582662728952/,,,,builderscasadel@gmail.com,+91 80890 04004,,,,817431451459786,http://fb.me/,Casadel Property Developer,https://www.facebook.com/ads/library/?id=944850701709378,Live Above the World - Luxury Villas @ Kakkanad,51,See details,fb.me,"FACEBOOK; INSTAGRAM; AUDIENCE_NETWORK",2026-05-30,2026-06-17,,,Live Above the World - Luxury Villas @ Kakkanad,http://fb.me/,,See Details,Original: https://scontent.fjai6-1.fna.fbcdn.net/v/t39.35426-6/710813071_26945473051784202_6389065429245721571_n.jpg?_nc_cat=104&ccb=1-7&_nc_sid=c53f8f&_nc_ohc=g9fdwSROTksQ7kNvwFIQTXA&_nc_oc=AdpuWg3Q4AWqNuXUqNgpjl_8ZcOprXsEvO2g-ir1dfk_lF5zyipibwSHP0828Ez85a4nZT7aRGs7yZ-TZmuMEuLU&_nc_zt=14&_nc_ht=scontent.fjai6-1.fna&_nc_gid=6a-uNFrbu92yeM4P1ZoMhw&_nc_ss=7b289&oh=00_Af-_UoSvpJbdutNLVmicI6xhqI7I-GdvdI5KoK5LpaZAbw&oe=6A38445E | Resized: https://scontent.fjai6-1.fna.fbcdn.net/v/t39.35426-6/709365960_968599129505884_5668989894670797561_n.jpg?stp=dst-jpg_s600x600_tt6&_nc_cat=100&ccb=1-7&_nc_sid=c53f8f&_nc_ohc=GN0raRU_FKoQ7kNvwGZuH_3&_nc_oc=AdqX97GOKqNQIuX5WtPHUAVPL-JYcZ9AAn67A9nOIJHjARiS9-rJ6f_-xyLwSOAEOA9-020dwtlGmEm2yJeA8wC_&_nc_zt=14&_nc_ht=scontent.fjai6-1.fna&_nc_gid=6a-uNFrbu92yeM4P1ZoMhw&_nc_ss=7b289&oh=00_Af_uBDMY9-RMgJUssPkMOVc9xUqZP0XJ0-cy4xIUYRNIWw&oe=6A385D84,
854029717099958,https://www.facebook.com/ByblosLuxuryVillas/,byblosvillas.com,https://www.facebook.com/ByblosLuxuryVillas/,,,,info@byblosvillas.com,+306945290909,,,,1623513231267678,https://www.byblosvillas.com/,Byblos Luxury Villas,https://www.facebook.com/ads/library/?id=854029717099958,"Book first your dream holidays 2026 at Byblos Luxury villas in Thassos in Greece, before is gone. Secure your favorite villa and enjoy an unforgettable experience along with:
➡️ 2-6 bedroom modern villas
➡️ Private pools with breathtaking views
➡️ The best beaches next to the Byblos Villas
➡️ Fully equipped outdoor kitchen
➡️ Spacious island-style luxury open plan living room
➡️ Many more amenities! Discover them all !",9129,Contact us,byblosvillas.com,"FACEBOOK; INSTAGRAM",2025-11-21,2026-06-16,,,"Book first your dream holidays 2026 at Byblos Luxury villas in Thassos in Greece, before is gone. Secure your favorite villa and enjoy an unforgettable experience along with:
➡️ 2-6 bedroom modern villas
➡️ Private pools with breathtaking views
➡️ The best beaches next to the Byblos Villas
➡️ Fully equipped outdoor kitchen
➡️ Spacious island-style luxury open plan living room
➡️ Many more amenities! Discover them all ! || Book first your dream holidays 2026 at Byblos Luxury villas in Thassos in Greece, before is gone. Secure your favorite villa and enjoy an unforgettable experience along with:
➡️ 2-6 bedroom modern villas
➡️ Private pools with breathtaking views
➡️ The best beaches next to the Byblos Villas
➡️ Fully equipped outdoor kitchen
➡️ Spacious island-style luxury open plan living room
➡️ Many more amenities! Discover them all ! || Book first your dream holidays 2026 at Byblos Luxury villas in Thassos in Greece, before is gone. Secure your favorite villa and enjoy an unforgettable experience along with:
➡️ 2-6 bedroom modern villas
➡️ Private pools with breathtaking views
➡️ The best beaches next to the Byblos Villas
➡️ Fully equipped outdoor kitchen
➡️ Spacious island-style luxury open plan living room
➡️ Many more amenities! Discover them all !",https://www.byblosvillas.com/ || https://www.byblosvillas.com/ || https://www.byblosvillas.com/,,Contact Us || Contact Us || Contact Us,,HD: https://video.fjai6-1.fna.fbcdn.net/o1/v/t2/f2/m366/AQNCHysDmWLSr5sOdWSozqoGN_Swc4QIUCWOw8Ckb_yxa3e1q2_7Ckfy4ES5WNswMEPKD6IP4SkqUjWs15CqG46iOJ_6NDDE3K6LhMojpGBqqw.mp4?_nc_cat=109&_nc_oc=AdqbW7w8j86gYvZQF5LgIsmjHTfsWUwcGOOgaeZnGbKPHc_bc7PMOsa0tC9rt1SK99GERIeQSKxVy2B0HEttHphV&_nc_sid=b66105&_nc_ht=video.fjai6-1.fna.fbcdn.net&_nc_ohc=TJTlWEYLEC4Q7kNvwEllA9A&efg=eyJ2ZW5jb2RlX3RhZyI6Inhwdl9wcm9ncmVzc2l2ZS5WSV9VU0VDQVNFX1BST0RVQ1RfVFlQRS4uQzMuNzIwLmRhc2hfaDI2NC1iYXNpYy1nZW4yXzcyMHAiLCJ4cHZfYXNzZXRfaWQiOjIyMjc5MzUwMDU2MDczNywiYXNzZXRfYWdlX2RheXMiOjk4NiwidmlfdXNlY2FzZV9pZCI6MTAxMzksImR1cmF0aW9uX3MiOjE1LCJ1cmxnZW5fc291cmNlIjoid3d3In0%3D&ccb=17-1&vs=9579a29ab4fa3207&_nc_vs=HBksFQIYRWZiX2VwaGVtZXJhbC8xNzRGQUI3NENENEE4RDU4RjEzMjJCODg2QzQ2QUZCRF9tdF8xX3ZpZGVvX2Rhc2hpbml0Lm1wNBUAAsgBEgAVAhhAZmJfZXBoZW1lcmFsLzgwNDU2NTEwOEEwNzI3OUJCQkZFMDNGMUY0REY5N0FDX2F1ZGlvX2Rhc2hpbml0Lm1wNBUCAsgBEgAoABgAGwKIB3VzZV9vaWwBMRJwcm9ncmVzc2l2ZV9yZWNpcGUBMRUAACbCtaz3pKhlFQIoAkMzLBdALe6XjU_fOxgZZGFzaF9oMjY0LWJhc2ljLWdlbjJfNzIwcBEAdQBltp4BAA&_nc_gid=HnyARcF8sOfAYuLfJmOKZg&_nc_ss=7b289&_nc_zt=28&oh=00_Af9of1nH1-lVWFLT90Tg7e51MlFN5xWyVp5B_KE6XhUUAw&oe=6A385797 | SD: https://video.fjai6-1.fna.fbcdn.net/o1/v/t2/f2/m412/AQMsXWusBRgREq-4Gr4lDlEI8GxLhhyFGE-fWC-mDzXf-9TAXLbftHdB5HGlWZiB5_eXD4vOJK_kQqm1Pe4h1d8.mp4?_nc_cat=109&_nc_oc=AdoXgDpiKpMLac7_nZoaFRASDRm8QNdj5jrzOPCpypK1TpYsQtDbu20CdfHUdAhs0fwu6Tb6PyoQ2r3qfDEp7J7E&_nc_sid=ef5aa3&_nc_ht=video.fjai6-1.fna.fbcdn.net&_nc_ohc=V8bKgHzEZY4Q7kNvwFGCg7M&efg=eyJ2ZW5jb2RlX3RhZyI6Inhwdl9wcm9ncmVzc2l2ZS5WSV9VU0VDQVNFX1BST0RVQ1RfVFlQRS4uQzMuMzYwLnN2ZV9zZCIsInhwdl9hc3NldF9pZCI6MjIyNzkzNTAwNTYwNzM3LCJhc3NldF9hZ2VfZGF5cyI6OTg2LCJ2aV91c2VjYXNlX2lkIjoxMDEzOSwiZHVyYXRpb25fcyI6MTUsInVybGdlbl9zb3VyY2UiOiJ3d3cifQ%3D%3D&ccb=17-1&_nc_gid=HnyARcF8sOfAYuLfJmOKZg&_nc_ss=7b289&_nc_zt=28&oh=00_Af9WJhO1rveB1OofKPU9SpMpzWr57ezbU7GmlCicWyB9aw&oe=6A383F81 | Preview: https://scontent.fjai6-1.fna.fbcdn.net/v/t39.35426-6/586923555_1382490606887667_7231883731241558260_n.jpg?_nc_cat=109&ccb=1-7&_nc_sid=c53f8f&_nc_ohc=G-zaZ0jgiZ0Q7kNvwHYbJoZ&_nc_oc=AdoRI2ku2tB86qm0oLJppE0CPp3uPVlH21bMMo_goJLsOGX6mb4uLp4FGrx_Bd3FJ5aztGlwLhaTGgqRxDmaWlSA&_nc_zt=14&_nc_ht=scontent.fjai6-1.fna&_nc_gid=HnyARcF8sOfAYuLfJmOKZg&_nc_ss=7b289&oh=00_Af8ET8dZ9JxAPLqoCriJ06vN12ViBf_jqKKVr7E-B4DKxg&oe=6A38655C || HD: https://video.fjai6-1.fna.fbcdn.net/o1/v/t2/f2/m366/AQOATVKYDs86JXCSJH_vMGvJiJhop1ce_6oSVDYpyK_AWVltFCi7G1NPghDzTPO2iADx51Zzng-Hdvx9OzgyYojbVw5kN7rtlUgyS4jTcPzzqg.mp4?_nc_cat=107&_nc_oc=AdrnzGKbgMWhDUOB7flooavi9pHJir0DAyIzVNXOhQSsJcmYuDGAXBhH07P05aTlbozeeYrHC81FpYQKlic9q0II&_nc_sid=b66105&_nc_ht=video.fjai6-1.fna.fbcdn.net&_nc_ohc=phufBL-NW18Q7kNvwEhlJXs&efg=eyJ2ZW5jb2RlX3RhZyI6Inhwdl9wcm9ncmVzc2l2ZS5WSV9VU0VDQVNFX1BST0RVQ1RfVFlQRS4uQzMuNzIwLmRhc2hfaDI2NC1iYXNpYy1nZW4yXzcyMHAiLCJ4cHZfYXNzZXRfaWQiOjg1NDEwMzAxOTM3NzQxNSwiYXNzZXRfYWdlX2RheXMiOjk4NiwidmlfdXNlY2FzZV9pZCI6MTAxMzksImR1cmF0aW9uX3MiOjE1LCJ1cmxnZW5fc291cmNlIjoid3d3In0%3D&ccb=17-1&vs=c0256de86b6566b5&_nc_vs=HBksFQIYRWZiX2VwaGVtZXJhbC83NjREOTQyMkY2NTdFNDRBNTM0RDM2RDc3MTk5MjU5NF9tdF8xX3ZpZGVvX2Rhc2hpbml0Lm1wNBUAAsgBEgAVAhhAZmJfZXBoZW1lcmFsL0QxNEM3NjFCRDcxNkY4RjEzNzNFNUEyRDU5NjRGQjg2X2F1ZGlvX2Rhc2hpbml0Lm1wNBUCAsgBEgAoABgAGwKIB3VzZV9vaWwBMRJwcm9ncmVzc2l2ZV9yZWNpcGUBMRUAACaOzJKxq7OEAxUCKAJDMywXQC3ul41P3zsYGWRhc2hfaDI2NC1iYXNpYy1nZW4yXzcyMHARAHUAZbaeAQA&_nc_gid=HnyARcF8sOfAYuLfJmOKZg&_nc_ss=7b289&_nc_zt=28&oh=00_Af_uZ9-tO8rwvbaIxvKNMGrX3QKQPH4vO6A3uR6c4M8Gyg&oe=6A384DB1 | SD: https://video.fjai6-1.fna.fbcdn.net/o1/v/t2/f2/m412/AQPF_TCLAyEnbm42OOJgRach8gsXtG-gwHmhm40pidw68h5QjAgBt35547HH1Sg-FLgT0x-XGNYiDYonE46bezwL.mp4?_nc_cat=107&_nc_oc=AdrqlO_WDygbnvTRbH77xg5Za-k4_yOd07wYmDr7AgYlxL873iGCqpqMbHReUaaXP9733B7w_RkcF_eZ5cpugdI_&_nc_sid=ef5aa3&_nc_ht=video.fjai6-1.fna.fbcdn.net&_nc_ohc=gi9FOaaG-iQQ7kNvwHQ7nmh&efg=eyJ2ZW5jb2RlX3RhZyI6Inhwdl9wcm9ncmVzc2l2ZS5WSV9VU0VDQVNFX1BST0RVQ1RfVFlQRS4uQzMuMzYwLnN2ZV9zZCIsInhwdl9hc3NldF9pZCI6ODU0MTAzMDE5Mzc3NDE1LCJhc3NldF9hZ2VfZGF5cyI6OTg2LCJ2aV91c2VjYXNlX2lkIjoxMDEzOSwiZHVyYXRpb25fcyI6MTUsInVybGdlbl9zb3VyY2UiOiJ3d3cifQ%3D%3D&ccb=17-1&_nc_gid=HnyARcF8sOfAYuLfJmOKZg&_nc_ss=7b289&_nc_zt=28&oh=00_Af9aul6mNcPgYq7TAsFRqoLbNwrKHUBlnDQFJ-pj-atV4A&oe=6A384808 | Preview: https://scontent.fjai6-1.fna.fbcdn.net/v/t39.35426-6/585162257_730493476745874_218876653364665653_n.jpg?_nc_cat=111&ccb=1-7&_nc_sid=c53f8f&_nc_ohc=33sDhskAL9UQ7kNvwHJUZUc&_nc_oc=AdruyO_YF6IvobjpNXAAIlVYqjSbQdyVWS8bpogsD9mz8aE2ycmbGPnQJC8rroVO4MZ_O-ta7SB3gMnET4kIMk1H&_nc_zt=14&_nc_ht=scontent.fjai6-1.fna&_nc_gid=HnyARcF8sOfAYuLfJmOKZg&_nc_ss=7b289&oh=00_Af_s9aW8lQWRROeGIIQ5T1U6owB6t_8mQmPEgxjYu12Gfw&oe=6A386098 || HD: https://video.fjai6-1.fna.fbcdn.net/o1/v/t2/f2/m366/AQNCHysDmWLSr5sOdWSozqoGN_Swc4QIUCWOw8Ckb_yxa3e1q2_7Ckfy4ES5WNswMEPKD6IP4SkqUjWs15CqG46iOJ_6NDDE3K6LhMojpGBqqw.mp4?_nc_cat=109&_nc_oc=AdqbW7w8j86gYvZQF5LgIsmjHTfsWUwcGOOgaeZnGbKPHc_bc7PMOsa0tC9rt1SK99GERIeQSKxVy2B0HEttHphV&_nc_sid=b66105&_nc_ht=video.fjai6-1.fna.fbcdn.net&_nc_ohc=TJTlWEYLEC4Q7kNvwEllA9A&efg=eyJ2ZW5jb2RlX3RhZyI6Inhwdl9wcm9ncmVzc2l2ZS5WSV9VU0VDQVNFX1BST0RVQ1RfVFlQRS4uQzMuNzIwLmRhc2hfaDI2NC1iYXNpYy1nZW4yXzcyMHAiLCJ4cHZfYXNzZXRfaWQiOjIyMjc5MzUwMDU2MDczNywiYXNzZXRfYWdlX2RheXMiOjk4NiwidmlfdXNlY2FzZV9pZCI6MTAxMzksImR1cmF0aW9uX3MiOjE1LCJ1cmxnZW5fc291cmNlIjoid3d3In0%3D&ccb=17-1&vs=9579a29ab4fa3207&_nc_vs=HBksFQIYRWZiX2VwaGVtZXJhbC8xNzRGQUI3NENENEE4RDU4RjEzMjJCODg2QzQ2QUZCRF9tdF8xX3ZpZGVvX2Rhc2hpbml0Lm1wNBUAAsgBEgAVAhhAZmJfZXBoZW1lcmFsLzgwNDU2NTEwOEEwNzI3OUJCQkZFMDNGMUY0REY5N0FDX2F1ZGlvX2Rhc2hpbml0Lm1wNBUCAsgBEgAoABgAGwKIB3VzZV9vaWwBMRJwcm9ncmVzc2l2ZV9yZWNpcGUBMRUAACbCtaz3pKhlFQIoAkMzLBdALe6XjU_fOxgZZGFzaF9oMjY0LWJhc2ljLWdlbjJfNzIwcBEAdQBltp4BAA&_nc_gid=HnyARcF8sOfAYuLfJmOKZg&_nc_ss=7b289&_nc_zt=28&oh=00_Af9of1nH1-lVWFLT90Tg7e51MlFN5xWyVp5B_KE6XhUUAw&oe=6A385797 | SD: https://video.fjai6-1.fna.fbcdn.net/o1/v/t2/f2/m412/AQMsXWusBRgREq-4Gr4lDlEI8GxLhhyFGE-fWC-mDzXf-9TAXLbftHdB5HGlWZiB5_eXD4vOJK_kQqm1Pe4h1d8.mp4?_nc_cat=109&_nc_oc=AdoXgDpiKpMLac7_nZoaFRASDRm8QNdj5jrzOPCpypK1TpYsQtDbu20CdfHUdAhs0fwu6Tb6PyoQ2r3qfDEp7J7E&_nc_sid=ef5aa3&_nc_ht=video.fjai6-1.fna.fbcdn.net&_nc_ohc=V8bKgHzEZY4Q7kNvwFGCg7M&efg=eyJ2ZW5jb2RlX3RhZyI6Inhwdl9wcm9ncmVzc2l2ZS5WSV9VU0VDQVNFX1BST0RVQ1RfVFlQRS4uQzMuMzYwLnN2ZV9zZCIsInhwdl9hc3NldF9pZCI6MjIyNzkzNTAwNTYwNzM3LCJhc3NldF9hZ2VfZGF5cyI6OTg2LCJ2aV91c2VjYXNlX2lkIjoxMDEzOSwiZHVyYXRpb25fcyI6MTUsInVybGdlbl9zb3VyY2UiOiJ3d3cifQ%3D%3D&ccb=17-1&_nc_gid=HnyARcF8sOfAYuLfJmOKZg&_nc_ss=7b289&_nc_zt=28&oh=00_Af9WJhO1rveB1OofKPU9SpMpzWr57ezbU7GmlCicWyB9aw&oe=6A383F81 | Preview: https://scontent.fjai6-1.fna.fbcdn.net/v/t39.35426-6/583119551_1339054327413115_5022830524637985050_n.jpg?_nc_cat=111&ccb=1-7&_nc_sid=c53f8f&_nc_ohc=Y77aYi-UgNQQ7kNvwEBxSvS&_nc_oc=AdqxQpZjDld8GAkXqV79vSqsw1voTcqjXJNF3G-7bSO9g9XjT62V8Q1D4PQnFkptHt4BSzY9Qo887nIhAZARa0p_&_nc_zt=14&_nc_ht=scontent.fjai6-1.fna&_nc_gid=HnyARcF8sOfAYuLfJmOKZg&_nc_ss=7b289&oh=00_Af_fpbsD0oeCSsvGvNmNXX2XBPvFutN-OqAnjfKR_5ynmQ&oe=6A383F18
1278938553961253,https://www.facebook.com/OzoneCity/,fb.me,https://www.facebook.com/OzoneCity/,,,,info@ozonebuilders.com,+91 78178 91010,,,,451921881601322,http://fb.me/,Ozone City Aligarh,https://www.facebook.com/ads/library/?id=1278938553961253,"The Golden Estate. Dream villas for your dream life. Book a visit today! 
For more info -: www.ozonecity.in
Call us on -: 07817891010 
Add -:Ozone City, Ozone Club, Etah Bye Pass Road, Asadpur Kayam, Aligarh
[finest luxury villas, aligarh luxury living villas, luxury dream villas in aligarh, luxury township in aligarh, villa floor plans in aligarh, luxury resort living villa] 
#ozonecityaligarh #villasinaligarh  #TheGoldenEstate #rinkusinghvilla",22686,Get quote,fb.me,"FACEBOOK; INSTAGRAM; AUDIENCE_NETWORK",2026-05-19,2026-06-17,HD: https://video.fjai6-1.fna.fbcdn.net/o1/v/t2/f2/m86/AQNknKuo2QenCEHA1zdeLjrv_XDS7XUO8DqXqukW7Q1Heeauk7t0hXJy01i4SZ5DTe7kHhnt4_lbSSPSUyS9rDYJbSLxGeJFJiMmI48.mp4?_nc_cat=104&_nc_oc=Adq31cK6ovjthFnRIpIOcpchJbX2XyeaMjJ2E3lv2Qwj_SFSLBHh3ZqwjjVhluO19bG9ZUsjTpbzSOjQjBGNE0Zk&_nc_sid=b66105&_nc_ht=video.fjai6-1.fna.fbcdn.net&_nc_ohc=-55W3KlVmZ4Q7kNvwHzk3-E&efg=eyJ2ZW5jb2RlX3RhZyI6Inhwdl9wcm9ncmVzc2l2ZS5WSV9VU0VDQVNFX1BST0RVQ1RfVFlQRS4uQzMuNzIwLmRhc2hfYmFzZWxpbmVfMV92MSIsInhwdl9hc3NldF9pZCI6ODU5Nzc3MzEzMzE2OTU3LCJhc3NldF9hZ2VfZGF5cyI6MTc0LCJ2aV91c2VjYXNlX2lkIjoxMDA5OSwiZHVyYXRpb25fcyI6MjcsInVybGdlbl9zb3VyY2UiOiJ3d3cifQ%3D%3D&ccb=17-1&vs=c165675840d67053&_nc_vs=HBksFQIYUmlnX3hwdl9yZWVsc19wZXJtYW5lbnRfc3JfcHJvZC83NzRBNTFFQkMwNUZDQjdBQUVBMDk4QjM4M0VGNDQ5M192aWRlb19kYXNoaW5pdC5tcDQVAALIARIAFQIYR2lnX3hwdl9yZWVsc19wZXJtYW5lbnRfc3JfcHJvZC8yMDQ3MTk3NDY5MzkyMzIyXzc1NTExNjQ3ODAzMjg1MTIyMDUubXA0FQICyAESACgAGAAbAogHdXNlX29pbAExEnByb2dyZXNzaXZlX3JlY2lwZQExFQAAJrqBxZXQ_YYDFQIoAkMzLBdAO-7ZFocrAhgSZGFzaF9iYXNlbGluZV8xX3YxEQB1AGXmnQEA&_nc_gid=HnyARcF8sOfAYuLfJmOKZg&_nc_ss=7b289&_nc_zt=28&oh=00_Af-xuMo7Y9DLg8obLys8VUgKUCDtx9JKM3ISe8RlWLbsnA&oe=6A344459 | SD: https://video.fjai6-1.fna.fbcdn.net/o1/v/t2/f2/m86/AQN9QnAiaVWfxMq609QcGtXDVIa6yieW3Xf4l0rx_L9V66EJtpMZ3p8YT72YotXgRqzu9Jag_ERpL6AMe4S0gtWfOTpgEI1kJf4k_UI.mp4?_nc_cat=103&_nc_oc=Adq0gMlW2DKv03HFP8ks0kv1j5JGaFO_0wPtKMMpzHLax08OfjDf-egjSFOHDWD5HHUHMzPRr3ptgfImxLRje6pt&_nc_sid=b66105&_nc_ht=video.fjai6-1.fna.fbcdn.net&_nc_ohc=OLJpPsZu6d4Q7kNvwFt0J5_&efg=eyJ2ZW5jb2RlX3RhZyI6Inhwdl9wcm9ncmVzc2l2ZS5WSV9VU0VDQVNFX1BST0RVQ1RfVFlQRS4uQzMuMzYwLmRhc2hfYmFzZWxpbmVfM192MSIsInhwdl9hc3NldF9pZCI6ODU5Nzc3MzEzMzE2OTU3LCJhc3NldF9hZ2VfZGF5cyI6MTc0LCJ2aV91c2VjYXNlX2lkIjoxMDA5OSwiZHVyYXRpb25fcyI6MjcsInVybGdlbl9zb3VyY2UiOiJ3d3cifQ%3D%3D&ccb=17-1&vs=87386d4a4e45774&_nc_vs=HBksFQIYUmlnX3hwdl9yZWVsc19wZXJtYW5lbnRfc3JfcHJvZC84QzRFNzE3N0QzRDJBMEY0MDMwRkQzRjdENTAzMzhBOF92aWRlb19kYXNoaW5pdC5tcDQVAALIARIAFQIYR2lnX3hwdl9yZWVsc19wZXJtYW5lbnRfc3JfcHJvZC8yMDQ3MTk3NDY5MzkyMzIyXzc1NTExNjQ3ODAzMjg1MTIyMDUubXA0FQICyAESACgAGAAbAogHdXNlX29pbAExEnByb2dyZXNzaXZlX3JlY2lwZQExFQAAJrqBxZXQ_YYDFQIoAkMzLBdAO-7ZFocrAhgSZGFzaF9iYXNlbGluZV8zX3YxEQB1AGXmnQEA&_nc_gid=HnyARcF8sOfAYuLfJmOKZg&_nc_ss=7b289&_nc_zt=28&oh=00_Af-vd5v8lx3YB4SUhutojlhVUX5ky0k7rf5xr4kwsXISzA&oe=6A345478 | Preview: https://scontent.fjai6-1.fna.fbcdn.net/v/t39.35426-6/702322320_3480142635481641_2930509975253685904_n.jpg?_nc_cat=111&ccb=1-7&_nc_sid=c53f8f&_nc_ohc=amrlHvzrokQQ7kNvwFtiQX6&_nc_oc=AdqSnHr_qJjJ1ubSZv9DC1HCObBopCfNpJmI9Vb8S04dZ9dkqCEVOD-yfnqoDr3sEtaP_pczxiXxr-OEN7aGZzph&_nc_zt=14&_nc_ht=scontent.fjai6-1.fna&_nc_gid=HnyARcF8sOfAYuLfJmOKZg&_nc_ss=7b289&oh=00_Af-UFqCb9s9qdqv7dtYstgWsDpvT2pQoS0rnX9ReqKCRoQ&oe=6A3866B0,,,,,,,
2546840982385393,https://www.facebook.com/61570336628422/,10linesabout.com,https://www.facebook.com/61570336628422/,,,,,,,,,495015473696904,https://10linesabout.com/a-complete-guide-to-personal-guard-training-and-cybersecurity-standards/?style_id=2248416116&channel_id=6420912697&adtitle=A%20Guide%20To%20Security%20Training%20And%20Certification.%20Learn%20How%20Security%20Standards%20Can%20Help%20You%20Improve%20Defenses.%20Learn%20More.&terms=how%20to%20get%20oscp%20certification%2C%20socaas%2C%20soc%202%20guide%2C%20nist%20sp%20800%2053%20revision%205%2C%20cissp%20exam%20book%2C%20ccsp%20official%20study%20guide%2C%20mssps%2C%20central%20security%20service%2C%20ebook%20cyber%20security&domain_name=10linesabout.com&clickid={cf_click_id},Brain Boost,https://www.facebook.com/ads/library/?id=2546840982385393,Learn How Security Standards Can Help You Improve Defenses,97,Learn more,10linesabout.com,"FACEBOOK; INSTAGRAM",2026-04-27,2026-06-15,,Original: https://scontent.fjai6-1.fna.fbcdn.net/v/t39.35426-6/680136102_2043856336538266_276579870339817531_n.jpg?_nc_cat=103&ccb=1-7&_nc_sid=c53f8f&_nc_ohc=oFlIh01qAcYQ7kNvwFGdyQS&_nc_oc=AdqDrrDQXfin5o-XcSIYJmB3zYl9SvIx1J8Fhvp1aVUoXk6qBgYAzlGQy-vIucEpyW65gTYz8UNQfbn8GG3_lCuV&_nc_zt=14&_nc_ht=scontent.fjai6-1.fna&_nc_gid=HnyARcF8sOfAYuLfJmOKZg&_nc_ss=7b289&oh=00_Af-mLVeEXsaJDcRnh1bGDHGVhGfoknjeVbXGRJQlQrXkcQ&oe=6A38431C | Resized: https://scontent.fjai6-1.fna.fbcdn.net/v/t39.35426-6/679825107_986074667105976_2118037179138697050_n.jpg?stp=dst-jpg_s600x600_tt6&_nc_cat=102&ccb=1-7&_nc_sid=c53f8f&_nc_ohc=x0R966PvxmAQ7kNvwHdUrst&_nc_oc=AdqLXlKl7U8thtxZy-DLbhPqfkS4fSluXZASlRSYc16uerifR8RT7Ke468Dhd4DW2ZGQeYtJZUwbFh4afd0TtI9u&_nc_zt=14&_nc_ht=scontent.fjai6-1.fna&_nc_gid=HnyARcF8sOfAYuLfJmOKZg&_nc_ss=7b289&oh=00_Af-MolRuE7NZwuZpFCbjqWkoSW0EIOZ2NV1SzYRH3DcU7w&oe=6A3843E0,,,,,,
2247274532350721,https://www.facebook.com/61553375921286/,fb.me,https://www.facebook.com/61553375921286/,,,,,,,,,187878674399947,http://fb.me/,Sanjana Developers,https://www.facebook.com/ads/library/?id=2247274532350721,"Space, Serenity & Style All Together.
At Sanjana Grande, experience 4BHK villas that offer more than just rooms — they offer room to live, breathe, and grow.
Set in a peaceful township, thoughtfully designed for modern comfort and lasting elegance.

📍 Inside Milan Green Township, Kanadia Road, Indore
💰 Starting from ₹1.45 Cr* onwards

Because true luxury is not loud — it’s lived.

#SanjanaGrande #4BHKVillas #LuxuryLivingIndore #SpaciousHomes #MilanGreens #KanadiaRoad #AgarwalGroup #PeacefulLuxury #ComfortWithoutCompromise",151,Book now,fb.me,"FACEBOOK; INSTAGRAM; AUDIENCE_NETWORK",2025-12-05,2026-06-17,,Original: https://scontent.fjai6-1.fna.fbcdn.net/v/t39.35426-6/558043384_1570496187655979_6712849514825886054_n.jpg?_nc_cat=110&ccb=1-7&_nc_sid=c53f8f&_nc_ohc=r55E2p-jtQYQ7kNvwEKPHyA&_nc_oc=AdogNh0sMSH2AiJu_O3at32Z39a58Fg-6xKjs0_qpfG3ymZeOgL7ZgPBwmHOE50RL4EUHI-XGv4L_YsIdx9icSM3&_nc_zt=14&_nc_ht=scontent.fjai6-1.fna&_nc_gid=HnyARcF8sOfAYuLfJmOKZg&_nc_ss=7b289&oh=00_Af8n6NgMx-XeVS9RREhgvaHkfDovZMjZ34i6sIRPOH1TGQ&oe=6A383EFF | Resized: https://scontent.fjai6-1.fna.fbcdn.net/v/t39.35426-6/558436161_24527550983583477_8620949694304277889_n.jpg?stp=dst-jpg_s600x600_tt6&_nc_cat=102&ccb=1-7&_nc_sid=c53f8f&_nc_ohc=QvjdmVFDdW8Q7kNvwEOAxzW&_nc_oc=AdrPShDCIg9ayoxJXmyODFdr_6dh7gLekJxZhDK8pyaawQ7QGiJNLl9h7u1oNuYSYdsvRFGG2qW2hGryT5g_KWb4&_nc_zt=14&_nc_ht=scontent.fjai6-1.fna&_nc_gid=HnyARcF8sOfAYuLfJmOKZg&_nc_ss=7b289&oh=00_Af81_FWItptMO5rarm7Is7xrZKkhe8_RjGCPCt-r3-Yu6g&oe=6A386479,,,,,,
1555518039341542,https://www.facebook.com/61588469035706/,fb.me,https://www.facebook.com/61588469035706/,,,,cmr.pvtltd26@gmail.com,+91 70258 28899,,,,964215103447341,http://fb.me/,Cmr developers pvt.ltd,https://www.facebook.com/ads/library/?id=1555518039341542,"കണ്ണൂർ പരിയാരം മെഡിക്കൽ കോളേജിനടുത്ത്

55 ലക്ഷം രൂപ മുതൽ Fully Furnished Luxury Villas സ്വന്തമാക്കാം!
CMR Developers ന്റെ പ്രീമിയം വില്ല പ്രോജക്റ്റിൽ ഇന്ന് തന്നെ നിങ്ങളുടെ ഡ്രീം ഹോം ബുക്ക് ചെയ്യൂ.

✅ Fully Furnished Luxury Villas
✅ Near Kannur Town
✅ Prime Residential Location
✅ Premium Living Experience
✅ Contact Us Now!",172,Get quote,fb.me,"FACEBOOK; INSTAGRAM; AUDIENCE_NETWORK",2026-05-28,2026-06-17,,,"കണ്ണൂർ പരിയാരം മെഡിക്കൽ കോളേജിനടുത്ത്

55 ലക്ഷം രൂപ മുതൽ Fully Furnished Luxury Villas സ്വന്തമാക്കാം!
CMR Developers ന്റെ പ്രീമിയം വില്ല പ്രോജക്റ്റിൽ ഇന്ന് തന്നെ നിങ്ങളുടെ ഡ്രീം ഹോം ബുക്ക് ചെയ്യൂ.

✅ Fully Furnished Luxury Villas
✅ Near Kannur Town
✅ Prime Residential Location
✅ Premium Living Experience
✅ Contact Us Now! || കണ്ണൂർ പരിയാരം മെഡിക്കൽ കോളേജിനടുത്ത്

55 ലക്ഷം രൂപ മുതൽ Fully Furnished Luxury Villas സ്വന്തമാക്കാം!
CMR Developers ന്റെ പ്രീമിയം വില്ല പ്രോജക്റ്റിൽ ഇന്ന് തന്നെ നിങ്ങളുടെ ഡ്രീം ഹോം ബുക്ക് ചെയ്യൂ.

✅ Fully Furnished Luxury Villas
✅ Near Kannur Town
✅ Prime Residential Location
✅ Premium Living Experience
✅ Contact Us Now! || കണ്ണൂർ പരിയാരം മെഡിക്കൽ കോളേജിനടുത്ത്

55 ലക്ഷം രൂപ മുതൽ Fully Furnished Luxury Villas സ്വന്തമാക്കാം!
CMR Developers ന്റെ പ്രീമിയം വില്ല പ്രോജക്റ്റിൽ ഇന്ന് തന്നെ നിങ്ങളുടെ ഡ്രീം ഹോം ബുക്ക് ചെയ്യൂ.

✅ Fully Furnished Luxury Villas
✅ Near Kannur Town
✅ Prime Residential Location
✅ Premium Living Experience
✅ Contact Us Now! || കണ്ണൂർ പരിയാരം മെഡിക്കൽ കോളേജിനടുത്ത്

55 ലക്ഷം രൂപ മുതൽ Fully Furnished Luxury Villas സ്വന്തമാക്കാം!
CMR Developers ന്റെ പ്രീമിയം വില്ല പ്രോജക്റ്റിൽ ഇന്ന് തന്നെ നിങ്ങളുടെ ഡ്രീം ഹോം ബുക്ക് ചെയ്യൂ.

✅ Fully Furnished Luxury Villas
✅ Near Kannur Town
✅ Prime Residential Location
✅ Premium Living Experience
✅ Contact Us Now!",http://fb.me/ || http://fb.me/ || http://fb.me/ || http://fb.me/,,Get Quote || Get Quote || Get Quote || Get Quote,Original: https://scontent.fjai6-1.fna.fbcdn.net/v/t39.35426-6/709635850_1493144289024309_2237189614007269630_n.jpg?_nc_cat=106&ccb=1-7&_nc_sid=c53f8f&_nc_ohc=vMqo7htePKkQ7kNvwHAxP95&_nc_oc=AdqEFGWTcJ3lp7iW9UPHl1HSBqLOkzu6S-OFaT73QqSz4nZH5frKRQfwOxwVqOqqMpJrKW0ow77-IMecUpc4t_UI&_nc_zt=14&_nc_ht=scontent.fjai6-1.fna&_nc_gid=5RoXmTqV9R8su63v7GS1Ew&_nc_ss=7b289&oh=00_Af8Zz3coo5PcucMDBtBTetp-l6SfnKS_coedJDm7ZmjS6w&oe=6A385031 | Resized: https://scontent.fjai6-1.fna.fbcdn.net/v/t39.35426-6/707601209_3630324853772652_6274004666115076705_n.jpg?stp=dst-jpg_s600x600_tt6&_nc_cat=107&ccb=1-7&_nc_sid=c53f8f&_nc_ohc=r9HZib342oIQ7kNvwFyGhCx&_nc_oc=Adql2hM8SF_hdqdb_hY_a87naTkMSSu2ciXwBK3eDQGVMOrH2zr2gmeXKskxoZ8b-JSpXNeV6rYV4KeMspNRzz9S&_nc_zt=14&_nc_ht=scontent.fjai6-1.fna&_nc_gid=5RoXmTqV9R8su63v7GS1Ew&_nc_ss=7b289&oh=00_Af8C3EUZDs_Y7vLcwqK_aHM62MpZlzO0dE4WGbLuCdUF1Q&oe=6A38568A || Original: https://scontent.fjai6-1.fna.fbcdn.net/v/t39.35426-6/706760508_2086857308905356_3701711446717640641_n.jpg?_nc_cat=111&ccb=1-7&_nc_sid=c53f8f&_nc_ohc=MutN6AcK74IQ7kNvwG0HJO6&_nc_oc=AdpcX3GPypG02KpDVuuzZXoleLSPQ3BHFV1F5Z1byEDBN7_lv03rivDmf_tpy7d5Z0A3Q6gKdxB4QrIiDbh0lvNm&_nc_zt=14&_nc_ht=scontent.fjai6-1.fna&_nc_gid=5RoXmTqV9R8su63v7GS1Ew&_nc_ss=7b289&oh=00_Af_q73WczfMSk3t47T6J-J-tj5j2qFQRTqO8Bgh7tbVQhw&oe=6A383E7C | Resized: https://scontent.fjai6-1.fna.fbcdn.net/v/t39.35426-6/707693795_2062173914392612_3515164169348687685_n.jpg?stp=dst-jpg_s600x600_tt6&_nc_cat=101&ccb=1-7&_nc_sid=c53f8f&_nc_ohc=75j2KBdqTycQ7kNvwEGHawa&_nc_oc=Adqnh-gsF1HC-roJXEj9v26Et7t33kajrnoy9NJOyda0avmmmBdYl4NQDfIJMMc4VCEk1X7XMbE12Dgdi4d2r_mP&_nc_zt=14&_nc_ht=scontent.fjai6-1.fna&_nc_gid=5RoXmTqV9R8su63v7GS1Ew&_nc_ss=7b289&oh=00_Af9KONzPAHjpKSsuM-rzXs-tmuOSo-T1HwQhw7fWpMFDyw&oe=6A384588 || Original: https://scontent.fjai6-1.fna.fbcdn.net/v/t39.35426-6/709635850_1493144289024309_2237189614007269630_n.jpg?_nc_cat=106&ccb=1-7&_nc_sid=c53f8f&_nc_ohc=vMqo7htePKkQ7kNvwHAxP95&_nc_oc=AdqEFGWTcJ3lp7iW9UPHl1HSBqLOkzu6S-OFaT73QqSz4nZH5frKRQfwOxwVqOqqMpJrKW0ow77-IMecUpc4t_UI&_nc_zt=14&_nc_ht=scontent.fjai6-1.fna&_nc_gid=5RoXmTqV9R8su63v7GS1Ew&_nc_ss=7b289&oh=00_Af8Zz3coo5PcucMDBtBTetp-l6SfnKS_coedJDm7ZmjS6w&oe=6A385031 | Resized: https://scontent.fjai6-1.fna.fbcdn.net/v/t39.35426-6/707601209_3630324853772652_6274004666115076705_n.jpg?stp=dst-jpg_s600x600_tt6&_nc_cat=107&ccb=1-7&_nc_sid=c53f8f&_nc_ohc=r9HZib342oIQ7kNvwFyGhCx&_nc_oc=Adql2hM8SF_hdqdb_hY_a87naTkMSSu2ciXwBK3eDQGVMOrH2zr2gmeXKskxoZ8b-JSpXNeV6rYV4KeMspNRzz9S&_nc_zt=14&_nc_ht=scontent.fjai6-1.fna&_nc_gid=5RoXmTqV9R8su63v7GS1Ew&_nc_ss=7b289&oh=00_Af8C3EUZDs_Y7vLcwqK_aHM62MpZlzO0dE4WGbLuCdUF1Q&oe=6A38568A || Original: https://scontent.fjai6-1.fna.fbcdn.net/v/t39.35426-6/708436958_1685810235951993_6246175523491344420_n.jpg?_nc_cat=108&ccb=1-7&_nc_sid=c53f8f&_nc_ohc=nh8lL7wiTRUQ7kNvwH-ZL97&_nc_oc=AdpETyjx3gvzJEpzoJog0obvlTNHGD7Lj8bmKJKHME1mDDgyOBXorbSj-6xXZ-mzKRPC2PLdFPkf3oL4m7xa8ZUR&_nc_zt=14&_nc_ht=scontent.fjai6-1.fna&_nc_gid=5RoXmTqV9R8su63v7GS1Ew&_nc_ss=7b289&oh=00_Af--arKgdbP5llRX9ucXIpQhq2rT5KdUCQ0i0EiBFZoOtg&oe=6A38328C | Resized: https://scontent.fjai6-1.fna.fbcdn.net/v/t39.35426-6/708363507_1928787504439466_5014113395947602366_n.jpg?stp=dst-jpg_s600x600_tt6&_nc_cat=104&ccb=1-7&_nc_sid=c53f8f&_nc_ohc=INsyiByPBIsQ7kNvwE5ZH2g&_nc_oc=Adp0yDcPBpLBKtuRQJa6CGbsV36aYONbRXztK5qOMQfddhUr_VN4RpXqvOVw1uHFgR39RSAuFVkTpmyL5-zgNiuB&_nc_zt=14&_nc_ht=scontent.fjai6-1.fna&_nc_gid=5RoXmTqV9R8su63v7GS1Ew&_nc_ss=7b289&oh=00_Af8VP_r0BVycY3_OODWaYXEUtkZr7T-ENgiCs6Ju-93vVg&oe=6A386270,
1277771991103127,https://www.facebook.com/sowparnikabangalore/,fb.me,https://www.facebook.com/sowparnikabangalore/,,,,,,,,,351593814708657,http://fb.me/,Sowparnika Project,https://www.facebook.com/ads/library/?id=1277771991103127,"Where Smart Investors Find Their Perfect Address. 💬✨

Don’t just invest - invest where growth, luxury, and future value come together.
At Sowparnika Life On The Green, every villa is designed to be both a lifestyle upgrade and a high-potential asset. 🌿

📌 Located on Sarjapur–Attibele Road

✨ 5 BHK Villa Highlights:

✅ Premium 5 BHK Luxury Villas
✅ Starting at ₹2.24 Cr*
✅ High Appreciation Potential in a Growth Corridor
✅ 7,800 Sq. Ft. Exclusive Clubhouse
✅ Triple-Height Living & Dedicated Home Office Space
✅ Nature-Inspired Living with Premium Amenities

Secure a villa that grows in value while you enjoy elevated living. 🌿

📞 Call 8050 250 111 to schedule your site visit today.
🌐 Visit: www.lifeonthegreen.in

*T&C Apply",613,Learn more,fb.me,INSTAGRAM,2026-06-05,2026-06-17,,,"Where Smart Investors Find Their Perfect Address. 💬✨

Don’t just invest - invest where growth, luxury, and future value come together.
At Sowparnika Life On The Green, every villa is designed to be both a lifestyle upgrade and a high-potential asset. 🌿

📌 Located on Sarjapur–Attibele Road

✨ 5 BHK Villa Highlights:

✅ Premium 5 BHK Luxury Villas
✅ Starting at ₹2.24 Cr*
✅ High Appreciation Potential in a Growth Corridor
✅ 7,800 Sq. Ft. Exclusive Clubhouse
✅ Triple-Height Living & Dedicated Home Office Space
✅ Nature-Inspired Living with Premium Amenities

Secure a villa that grows in value while you enjoy elevated living. 🌿

📞 Call 8050 250 111 to schedule your site visit today.
🌐 Visit: www.lifeonthegreen.in

*T&C Apply || Where Smart Investors Find Their Perfect Address. 💬✨

Don’t just invest - invest where growth, luxury, and future value come together.
At Sowparnika Life On The Green, every villa is designed to be both a lifestyle upgrade and a high-potential asset. 🌿

📌 Located on Sarjapur–Attibele Road

✨ 5 BHK Villa Highlights:

✅ Premium 5 BHK Luxury Villas
✅ Starting at ₹2.24 Cr*
✅ High Appreciation Potential in a Growth Corridor
✅ 7,800 Sq. Ft. Exclusive Clubhouse
✅ Triple-Height Living & Dedicated Home Office Space
✅ Nature-Inspired Living with Premium Amenities

Secure a villa that grows in value while you enjoy elevated living. 🌿

📞 Call 8050 250 111 to schedule your site visit today.
🌐 Visit: www.lifeonthegreen.in

*T&C Apply || Where Smart Investors Find Their Perfect Address. 💬✨

Don’t just invest - invest where growth, luxury, and future value come together.
At Sowparnika Life On The Green, every villa is designed to be both a lifestyle upgrade and a high-potential asset. 🌿

📌 Located on Sarjapur–Attibele Road

✨ 5 BHK Villa Highlights:

✅ Premium 5 BHK Luxury Villas
✅ Starting at ₹2.24 Cr*
✅ High Appreciation Potential in a Growth Corridor
✅ 7,800 Sq. Ft. Exclusive Clubhouse
✅ Triple-Height Living & Dedicated Home Office Space
✅ Nature-Inspired Living with Premium Amenities

Secure a villa that grows in value while you enjoy elevated living. 🌿

📞 Call 8050 250 111 to schedule your site visit today.
🌐 Visit: www.lifeonthegreen.in

*T&C Apply",http://fb.me/ || http://fb.me/ || http://fb.me/,,Learn More || Learn More || Learn More,Original: https://scontent.fjai6-1.fna.fbcdn.net/v/t39.35426-6/715970502_1569522684510404_5171331161622637291_n.jpg?_nc_cat=109&ccb=1-7&_nc_sid=c53f8f&_nc_ohc=TfQGqJmz6CkQ7kNvwEc5vLa&_nc_oc=AdqZB2h5PNfaDet9ODlvY_knWvnLx4V2QJG6RwiKSLY8AZQ_DduApTviuZuWuPRrv97nevwbVtYuN_AGyT0QrxSF&_nc_zt=14&_nc_ht=scontent.fjai6-1.fna&_nc_gid=5RoXmTqV9R8su63v7GS1Ew&_nc_ss=7b289&oh=00_Af-oqjpkxDvlnKn7C54kNaA_EFph2honD7X2imddplprUg&oe=6A38632C | Resized: https://scontent.fjai6-1.fna.fbcdn.net/v/t39.35426-6/715235030_1309529930751214_5656483766166471232_n.jpg?stp=dst-jpg_s600x600_tt6&_nc_cat=110&ccb=1-7&_nc_sid=c53f8f&_nc_ohc=2FfC5sWM_GsQ7kNvwFQ6pgM&_nc_oc=AdpjSD7f-dm81TXTvztzFgg9bGU__f9yud3K-IyE9eHQ_LgzQWaPJw6bkF-mpeD-h9VBd4l2qm_22iwXXiTzqiDP&_nc_zt=14&_nc_ht=scontent.fjai6-1.fna&_nc_gid=5RoXmTqV9R8su63v7GS1Ew&_nc_ss=7b289&oh=00_Af90dUMrxYLZD6tuJO-BLvlLlrpPz7qSpz8PVp3PPm_rzg&oe=6A3856E9 || Original: https://scontent.fjai6-1.fna.fbcdn.net/v/t39.35426-6/715338464_992591830193430_4247351551818509058_n.jpg?_nc_cat=107&ccb=1-7&_nc_sid=c53f8f&_nc_ohc=5Q3enteTcJ4Q7kNvwGu0REu&_nc_oc=AdoeZVB9SYvDee2Tj3-QAetkjbOe0IBnWFxE679UVglgl6BW2VRE0ujxOVlpSEKtQG5voZgu4RWWJStNeyj0xFBb&_nc_zt=14&_nc_ht=scontent.fjai6-1.fna&_nc_gid=5RoXmTqV9R8su63v7GS1Ew&_nc_ss=7b289&oh=00_Af9vowG-UCkyAH3wk1PkGSI1wupsByKwlbPyrfIerFaNow&oe=6A38389A | Resized: https://scontent.fjai6-1.fna.fbcdn.net/v/t39.35426-6/717400612_3126614807531221_2399135478418612552_n.jpg?stp=dst-jpg_s600x600_tt6&_nc_cat=100&ccb=1-7&_nc_sid=c53f8f&_nc_ohc=0oVJij4jaQIQ7kNvwFW4Zeh&_nc_oc=Ado9H4MgeM91pawob55lRCRIzaLQnBZ8YESwqbEh0Pf-mwRdXFcUFqk41czsXDd4xXcOT8rAFKVyy9EE8D3osFzI&_nc_zt=14&_nc_ht=scontent.fjai6-1.fna&_nc_gid=5RoXmTqV9R8su63v7GS1Ew&_nc_ss=7b289&oh=00_Af8DdZwZut0ZOB0gJkDRS2fJrGSsO5tD5enLFedUQbpCkA&oe=6A3859BF || Original: https://scontent.fjai6-1.fna.fbcdn.net/v/t39.35426-6/717140554_1361023339230971_5953799093475328174_n.jpg?_nc_cat=105&ccb=1-7&_nc_sid=c53f8f&_nc_ohc=deWKQsrRnPwQ7kNvwHc-Xpc&_nc_oc=AdrKS6OH5Bqx1VbhanRXXBiqtYYUxTAKII4GJJvREUgm94S5WZlewW5P1slZdlFvqeadQQ61oAnJn5ocaWR5cAJk&_nc_zt=14&_nc_ht=scontent.fjai6-1.fna&_nc_gid=5RoXmTqV9R8su63v7GS1Ew&_nc_ss=7b289&oh=00_Af_SjWqxv5kMLkGQO15_weUquCSepuD3woHpRLEhSRLjfQ&oe=6A384A8B | Resized: https://scontent.fjai6-1.fna.fbcdn.net/v/t39.35426-6/716390741_1068499359689356_9001650287655536197_n.jpg?stp=dst-jpg_s600x600_tt6&_nc_cat=108&ccb=1-7&_nc_sid=c53f8f&_nc_ohc=PyPJclog2tYQ7kNvwHjx0KB&_nc_oc=Adq-NWVKgsFgtPQ9sg6ckR24SHoNYGgko_mgOk_99dEhtkQxxmdjZ6aS9tfh9zSxNZrZ5V4cOo1vhCIUCvwrlwMz&_nc_zt=14&_nc_ht=scontent.fjai6-1.fna&_nc_gid=5RoXmTqV9R8su63v7GS1Ew&_nc_ss=7b289&oh=00_Af-T4PRRe3cn0z1xjUNjU6WRvbmFfkUUjwxHg_AfCkPT-w&oe=6A385F47,
1657455725472269,https://www.facebook.com/justhomestay.in/,api.whatsapp.com,https://www.facebook.com/justhomestay.in/,,,,,+91 83940 60610,,,,2239312672806566,https://api.whatsapp.com/send,Justhomestay.in,https://www.facebook.com/ads/library/?id=1657455725472269,"Looking for a luxury villa in Kasauli for a group stay?

Discover multiple private villas surrounded by serene pine forests and mountain views, perfect for families and friends travelling together. Choose from 3-bedroom to 8+ bedroom luxury villas, ideal for weekend getaways, celebrations, and reunions.

Enjoy spacious bedrooms, cozy living areas, scenic balconies, and complete privacy, along with a personal concierge to assist with meals, experiences, and your entire stay so you can simply relax and enjoy the hills.

Explore all available villas on our website or call us to plan your stay.

Call / WhatsApp: 8394060610 | 9810325245",2077,Send WhatsApp message,api.whatsapp.com,"FACEBOOK; INSTAGRAM",2026-06-13,2026-06-17,HD: https://video.fjai6-1.fna.fbcdn.net/o1/v/t2/f2/m366/AQNwUNYcYRFBI8IwCfgbV-_bFAO2KkjNMp3eRTglvHKznf0YkVyKCq6giq6SNfEdrdPN-kLImPNcoJuF-3i35BLQiufz4nbev1yyBRp4A-ksow.mp4?_nc_cat=104&_nc_oc=Adqksh_WhR03Y0mQD4-jVCpmM9hcd91RtdsQ-Hm4HtneSmAVln56uupjHMxXRjAEFPI5AWhB_u3cv4RpwAqEEBiS&_nc_sid=b66105&_nc_ht=video.fjai6-1.fna.fbcdn.net&_nc_ohc=IM27e0Qs8o4Q7kNvwGbNpK0&efg=eyJ2ZW5jb2RlX3RhZyI6Inhwdl9wcm9ncmVzc2l2ZS5WSV9VU0VDQVNFX1BST0RVQ1RfVFlQRS4uQzMuNzIwLmRhc2hfaDI2NC1iYXNpYy1nZW4yXzcyMHAiLCJ4cHZfYXNzZXRfaWQiOjQzNTAzOTEyOTUyNzc2MTQsImFzc2V0X2FnZV9kYXlzIjo1MywidmlfdXNlY2FzZV9pZCI6MTA3OTksImR1cmF0aW9uX3MiOjEyLCJ1cmxnZW5fc291cmNlIjoid3d3In0%3D&ccb=17-1&vs=4a540f3ba65ab8ce&_nc_vs=HBksFQIYRWZiX2VwaGVtZXJhbC84OTQxOTIxM0IzNjQ4NUE2OTc1MjY0RkYxOTA4NUVBRV9tdF8xX3ZpZGVvX2Rhc2hpbml0Lm1wNBUAAsgBEgAVAhhAZmJfcGVybWFuZW50L0QyNEI3NjE3QkY2ODREOTEwRUNDQjg0M0NFQkM3QkEwX2F1ZGlvX2Rhc2hpbml0Lm1wNBUCAsgBEgAoABgAGwKIB3VzZV9vaWwBMRJwcm9ncmVzc2l2ZV9yZWNpcGUBMRUAACbc6M_8jKq6DxUCKAJDMywXQCmIMSbpeNUYGWRhc2hfaDI2NC1iYXNpYy1nZW4yXzcyMHARAHUAZd6oAQA&_nc_gid=5RoXmTqV9R8su63v7GS1Ew&_nc_ss=7b289&_nc_zt=28&oh=00_Af8JyZ80auu7gi4DETbESJYD7LO4ihiMc1VJPATORQYWuA&oe=6A385C14 | SD: https://video.fjai6-1.fna.fbcdn.net/o1/v/t2/f2/m412/AQOtKwKOOU8APCe1KeIXDMuBSR0VPr9RPrvi_-T6-hrD-vexRRJjEHAfBiFLY1H2v95E8uoPgk11CBqPaFu0zyineGOudQnx0LwhhsIwDQ.mp4?_nc_cat=106&_nc_oc=AdqK8Bq9j8g40rlOTfhBIoQlXYzOpI8jTvWktcvMLc1yS2PDzuOzMCMcs6aXw6G4GDug-lGA6gI5TEjR86YanP4x&_nc_sid=ef5aa3&_nc_ht=video.fjai6-1.fna.fbcdn.net&_nc_ohc=P3tUekhiq2QQ7kNvwGvv1Q_&efg=eyJ2ZW5jb2RlX3RhZyI6Inhwdl9wcm9ncmVzc2l2ZS5WSV9VU0VDQVNFX1BST0RVQ1RfVFlQRS4uQzMuMzYwLnN2ZV9zZCIsInhwdl9hc3NldF9pZCI6NDM1MDM5MTI5NTI3NzYxNCwiYXNzZXRfYWdlX2RheXMiOjUzLCJ2aV91c2VjYXNlX2lkIjoxMDc5OSwiZHVyYXRpb25fcyI6MTIsInVybGdlbl9zb3VyY2UiOiJ3d3cifQ%3D%3D&ccb=17-1&_nc_gid=5RoXmTqV9R8su63v7GS1Ew&_nc_ss=7b289&_nc_zt=28&oh=00_Af_PcHQxIZfi9gIoms3UtsK-Lqun9npDR9Ayeu_RyR21kg&oe=6A386110 | Preview: https://scontent.fjai6-1.fna.fbcdn.net/v/t39.35426-6/724123541_972816478704360_3335959328724356783_n.jpg?_nc_cat=103&ccb=1-7&_nc_sid=c53f8f&_nc_ohc=fvnmYK-bztgQ7kNvwEi5eBo&_nc_oc=AdqMEfnKdWzyFsLuDzwVe4RQFTA2EPE2wLnU25rT8gKAJ7TveiJbHxu5sZ4tljcwo1Abw5n-Wesifw7D7RM7aPIe&_nc_zt=14&_nc_ht=scontent.fjai6-1.fna&_nc_gid=5RoXmTqV9R8su63v7GS1Ew&_nc_ss=7b289&oh=00_Af-_FaLDtIQZPyE2NNO0eTKdhHJb8mWyOgH_EWiWk2M31A&oe=6A384151,,,,,,,
1579756503719918,https://www.facebook.com/thekarighars/,fb.me,https://www.facebook.com/thekarighars/,,,,support@thekarighars.com,+91 70227 25656,,,,198430260904,http://fb.me/,The KariGhars,https://www.facebook.com/ads/library/?id=1579756503719918,"𝗣𝗿𝗲𝗺𝗶𝘂𝗺 𝗜𝗻𝘁𝗲𝗿𝗶𝗼𝗿𝘀 𝗳𝗼𝗿 𝗟𝘂𝘅𝘂𝗿𝘆 𝗩𝗶𝗹𝗹𝗮𝘀 𝗮𝗻𝗱 𝗛𝗶𝗴𝗵-𝗘𝗻𝗱 𝗔𝗽𝗮𝗿𝘁𝗺𝗲𝗻𝘁𝘀 — 𝗙𝗿𝗼𝗺 ₹𝟮𝟱𝗟

𝗪𝗶𝘁𝗵 𝗧𝗵𝗲 𝗞𝗮𝗿𝗶𝗚𝗵𝗮𝗿𝘀: 𝗔𝗿𝗰𝗵𝗶𝘁𝗲𝗰𝘁𝘂𝗿𝗲-𝗶𝗻𝘀𝗽𝗶𝗿𝗲𝗱 𝗱𝗲𝘀𝗶𝗴𝗻, 𝗽𝗿𝗲𝗺𝗶𝘂𝗺 𝗱𝗲𝘁𝗮𝗶𝗹𝗶𝗻𝗴, 𝗮𝗻𝗱 𝗳𝗶𝗻𝗶𝘀𝗵𝗲𝘀 𝘁𝗵𝗮𝘁 𝗲𝗹𝗲𝘃𝗮𝘁𝗲 𝘆𝗼𝘂𝗿 𝘀𝗽𝗮𝗰𝗲.

✨ 15+ Years of Luxury Expertise
✨ Bespoke Design Approach
✨ High-Quality Italian Finishes
✨ Turnkey Project Management
✨ Lifetime Warranty

Crafted for homeowners who value clean lines, comfort, and understated luxury.

📞 Book Your Complimentary Consultation",166047,Get quote,fb.me,"FACEBOOK; INSTAGRAM",2026-05-27,2026-06-17,HD: https://video.fjai6-1.fna.fbcdn.net/o1/v/t2/f2/m366/AQNec_rdF0UzC8wrrj6lm5O900UMVnjxdnfQsxMxLnGOOMG5PjPzDF-3LJ6qDKnEIeRajCI2D1BcOM8WP_blBH2hc3x0TRpfF0WRRzvPePIMFg.mp4?_nc_cat=103&_nc_oc=Adq_IApFxbzyCjtu3P9yk8mMfiqYHlBBBphpcar41netMg2B-pEILIohq8V3WhDOo4biOjfXsHR0rQwVUEx6Lj7f&_nc_sid=b66105&_nc_ht=video.fjai6-1.fna.fbcdn.net&_nc_ohc=qZaP8v7LpBUQ7kNvwGg1aEc&efg=eyJ2ZW5jb2RlX3RhZyI6Inhwdl9wcm9ncmVzc2l2ZS5WSV9VU0VDQVNFX1BST0RVQ1RfVFlQRS4uQzMuNzIwLmRhc2hfaDI2NC1iYXNpYy1nZW4yXzcyMHAiLCJ4cHZfYXNzZXRfaWQiOjEwMTM3MDY3MDEyMTU2MDksImFzc2V0X2FnZV9kYXlzIjoyMiwidmlfdXNlY2FzZV9pZCI6MTAxMzksImR1cmF0aW9uX3MiOjI5LCJ1cmxnZW5fc291cmNlIjoid3d3In0%3D&ccb=17-1&vs=7234b5dbdbfce42d&_nc_vs=HBksFQIYRWZiX2VwaGVtZXJhbC9CNjQ4NUE2MTE1NDNEN0MyMDFGNTA0ODA1Mzc5QTdCQV9tdF8xX3ZpZGVvX2Rhc2hpbml0Lm1wNBUAAsgBEgAVAhhAZmJfcGVybWFuZW50LzJDNEM5OUYzN0FEQUIzMjFENzhCNEE4MDBFQjU1MDgwX2F1ZGlvX2Rhc2hpbml0Lm1wNBUCAsgBEgAoABgAGwKIB3VzZV9vaWwBMRJwcm9ncmVzc2l2ZV9yZWNpcGUBMRUAACby3ai9v_3MAxUCKAJDMywXQD0iDEm6XjUYGWRhc2hfaDI2NC1iYXNpYy1nZW4yXzcyMHARAHUAZbaeAQA&_nc_gid=5RoXmTqV9R8su63v7GS1Ew&_nc_ss=7b289&_nc_zt=28&oh=00_Af96gGTMbHT78L1dxl5I21kAqO52q3FVuVXYGIA4bI3lbg&oe=6A383DCD | SD: https://video.fjai6-1.fna.fbcdn.net/o1/v/t2/f2/m412/AQNG4HCEkojTVsw8hgDnR5S8yzMtgZTAummAV8vDVuJ4xpgwjofaqKzFsmq7U5yiEmp7l-mVqBDnjvOUAWs0yyy5e5j8w-mGoxsvMx2ZWA.mp4?_nc_cat=106&_nc_oc=Adp054eOjops6f4RzaQKBPRIWHJ-E8G2XrN0uecE5qHRawGymqKnae-VpJbfGkdA9Q3T6pHPZqCWIQAfL1H-hN2_&_nc_sid=ef5aa3&_nc_ht=video.fjai6-1.fna.fbcdn.net&_nc_ohc=vD2217zuQRUQ7kNvwE4AMLL&efg=eyJ2ZW5jb2RlX3RhZyI6Inhwdl9wcm9ncmVzc2l2ZS5WSV9VU0VDQVNFX1BST0RVQ1RfVFlQRS4uQzMuMzYwLnN2ZV9zZCIsInhwdl9hc3NldF9pZCI6MTAxMzcwNjcwMTIxNTYwOSwiYXNzZXRfYWdlX2RheXMiOjIyLCJ2aV91c2VjYXNlX2lkIjoxMDEzOSwiZHVyYXRpb25fcyI6MjksInVybGdlbl9zb3VyY2UiOiJ3d3cifQ%3D%3D&ccb=17-1&_nc_gid=5RoXmTqV9R8su63v7GS1Ew&_nc_ss=7b289&_nc_zt=28&oh=00_Af_Jfl8At6PgR8gkG7QRAca8PR6SL0b1RqGVtcntk_a5kQ&oe=6A383CD8 | Preview: https://scontent.fjai6-1.fna.fbcdn.net/v/t39.35426-6/707447996_1560155315683541_5261278823192422906_n.jpg?_nc_cat=100&ccb=1-7&_nc_sid=c53f8f&_nc_ohc=WhvBmwHJuRgQ7kNvwGtHNzo&_nc_oc=AdpewWdP_pTGjFd6RnYZZ1mefqIYxIaHBWingwu2jCZcIqIzpJknsSLp8PsPTPF1JepKG4nducm7eUDAYChlgi3s&_nc_zt=14&_nc_ht=scontent.fjai6-1.fna&_nc_gid=5RoXmTqV9R8su63v7GS1Ew&_nc_ss=7b289&oh=00_Af9Qd3lkLbtHv-xRy_dUNQE4Zs6t_JuCuRIUpe2o6OtyOg&oe=6A38352C,,,,,,,
796990196830423,https://www.facebook.com/CapstoneLife/,capstonelife.in,https://www.facebook.com/CapstoneLife/,,,,info@capstonelife.in,"+918049499900, +919880346721, 8088850850, +91 80 4949 9900",,,,584188911679688,https://capstonelife.in/,Capstone Life,https://www.facebook.com/ads/library/?id=796990196830423,"Upgrade to a lifestyle of comfort, privacy & prestige 🌿
Luxury villas in Devanahalli, featuring top-class amenities, lush landscapes & seamless airport access.
Starting at ₹5.95 Cr | 10 mins from Airport.",15482,See details,https://capstonelife.in/Yelahanka,"FACEBOOK; INSTAGRAM; AUDIENCE_NETWORK; MESSENGER",2026-06-10,2026-06-16,HD: https://video.fjai6-1.fna.fbcdn.net/o1/v/t2/f2/m366/AQOvD-WpsGO0Ub1aWJk8DBgkw8vdTvSe1ZErS71cXyG3D8xICkZf5Cq-LmIIE8q145-ecjjGSHHZRs_JtcMz7Y07VKyG0pyu2e0LFryQu9x_bw.mp4?_nc_cat=103&_nc_oc=Adom2tRl3Gq6R8Mfs-eWU4a2UGlrajvcDMam1T0Y82zLoGAM7I_cKpJ3Ia9K4Ku32JR_vNEnYL5C8jP3sa3I5Es6&_nc_sid=b66105&_nc_ht=video.fjai6-1.fna.fbcdn.net&_nc_ohc=byBaIcoAyHoQ7kNvwF8evAL&efg=eyJ2ZW5jb2RlX3RhZyI6Inhwdl9wcm9ncmVzc2l2ZS5WSV9VU0VDQVNFX1BST0RVQ1RfVFlQRS4uQzMuMTI4MC5kYXNoX2gyNjQtYmFzaWMtZ2VuMl83MjBwIiwieHB2X2Fzc2V0X2lkIjoxNjk1OTE2MTg4MDQ2MTI0LCJhc3NldF9hZ2VfZGF5cyI6MTE5LCJ2aV91c2VjYXNlX2lkIjoxMDc5OSwiZHVyYXRpb25fcyI6NjYsInVybGdlbl9zb3VyY2UiOiJ3d3cifQ%3D%3D&ccb=17-1&vs=66b93bc4acd00fb1&_nc_vs=HBksFQIYRWZiX2VwaGVtZXJhbC9EQzRENTEyRUM2MTYzOERFREZDQzBCRUVCNzgzREZCQ19tdF8xX3ZpZGVvX2Rhc2hpbml0Lm1wNBUAAsgBEgAVAhhAZmJfcGVybWFuZW50LzkxNEQ4OTQyOEFBMEM5OEJCNUU4OTQ5OTNDNTFCREIwX2F1ZGlvX2Rhc2hpbml0Lm1wNBUCAsgBEgAoABgAGwKIB3VzZV9vaWwBMRJwcm9ncmVzc2l2ZV9yZWNpcGUBMRUAACbYzKifqJuDBhUCKAJDMywXQFCzMzMzMzMYGWRhc2hfaDI2NC1iYXNpYy1nZW4yXzcyMHARAHUAZd6oAQA&_nc_gid=hOfXcaEb6dmEcgqz_Ehm6w&_nc_ss=7b289&_nc_zt=28&oh=00_Af_YuG3069WRQJS6K8zdaMzozu8j3LGN6PrGohquVxP2qg&oe=6A38556D | SD: https://video.fjai6-1.fna.fbcdn.net/o1/v/t2/f2/m412/AQN2j5-X3pGtRzzhoaudGpULH-FbyPzW30zyjjiDUA_ScPWrKi_UOF0BIVlQtcLrGZu7K2sGjxJOiDvP6rPOPwoESy0DoUy8q1rxYTIMVg.mp4?_nc_cat=100&_nc_oc=AdrF_HdBeBwEE_8Rp4ExfVRXV8MBJKQ16IjQ6ottUF1YfVmXdh9a2IYrknzgah9JKN2QLAEwHxaPoMap-6oxDBF7&_nc_sid=ef5aa3&_nc_ht=video.fjai6-1.fna.fbcdn.net&_nc_ohc=lgEPhwr1n-AQ7kNvwHCI_xp&efg=eyJ2ZW5jb2RlX3RhZyI6Inhwdl9wcm9ncmVzc2l2ZS5WSV9VU0VDQVNFX1BST0RVQ1RfVFlQRS4uQzMuNjQwLnN2ZV9zZCIsInhwdl9hc3NldF9pZCI6MTY5NTkxNjE4ODA0NjEyNCwiYXNzZXRfYWdlX2RheXMiOjExOSwidmlfdXNlY2FzZV9pZCI6MTA3OTksImR1cmF0aW9uX3MiOjY2LCJ1cmxnZW5fc291cmNlIjoid3d3In0%3D&ccb=17-1&_nc_gid=hOfXcaEb6dmEcgqz_Ehm6w&_nc_ss=7b289&_nc_zt=28&oh=00_Af-Xo2QzZ715JpVlgQwXDsNcymXmPfWlzIm401tx2bjvkg&oe=6A385FBE | Preview: https://scontent.fjai6-1.fna.fbcdn.net/v/t39.35426-6/709365955_4250198875232803_4457998370071213409_n.jpg?_nc_cat=102&ccb=1-7&_nc_sid=c53f8f&_nc_ohc=R2rKKh33eg0Q7kNvwHuXfxm&_nc_oc=AdrvJMAEpVtOM9vMXopIckuL834_kQQWubYoDmP_b4s9M513JgHIr7B645NcZzwu_kjKYO9EtC05HUOpxZxEGz0m&_nc_zt=14&_nc_ht=scontent.fjai6-1.fna&_nc_gid=hOfXcaEb6dmEcgqz_Ehm6w&_nc_ss=7b289&oh=00_Af-qguXyzdNsXGWKkIk6yq-Dqnduj6JTl2fNC4PW7ws4SQ&oe=6A383DF9,,,,,,,
1470985308144763,https://www.facebook.com/lotuslifestylebaroda/,api.whatsapp.com,https://www.facebook.com/lotuslifestylebaroda/,,,,sales.lotuslifestyle@gmail.com,+91 96620 90620,,,,270693699450339,https://api.whatsapp.com/send,Lotus Lifestyle,https://www.facebook.com/ads/library/?id=1470985308144763,"5BHK Opulent Villas at Sama–Savli Road, Vadodara.
Designed for families ready to upgrade from flats to space, privacy, and premium living. Gated community, modern amenities, and a location that’s growing fast. Book your site visit and experience it before units get sold out.",4263,Send WhatsApp message,api.whatsapp.com,"FACEBOOK; INSTAGRAM; AUDIENCE_NETWORK",2026-05-04,2026-06-16,HD: https://video.fjai6-1.fna.fbcdn.net/o1/v/t2/f2/m366/AQM9RhnhJIQQvMi2aj3ajKVcWRgKyxUd-mbmyet6m2PBfLl6GpZRTD9QqMJpMr_hK411ybwnCa2Osa1YPqJAMixH0i0tvAj6KfJhqCd06mjPsA.mp4?_nc_cat=101&_nc_oc=AdomgAo4ZroZ_YFiQ7CUrDBoviX-F5xMmJSJp-NlWCgIU6LnL7D2ecqz-XwvWFmLVZRBTafjmbdIxcGJ77Ulusd7&_nc_sid=b66105&_nc_ht=video.fjai6-1.fna.fbcdn.net&_nc_ohc=IdooJuw3a5UQ7kNvwHgmLOL&efg=eyJ2ZW5jb2RlX3RhZyI6Inhwdl9wcm9ncmVzc2l2ZS5WSV9VU0VDQVNFX1BST0RVQ1RfVFlQRS4uQzMuNzIwLmRhc2hfaDI2NC1iYXNpYy1nZW4yXzcyMHAiLCJ4cHZfYXNzZXRfaWQiOjk4NzkxNjQxMzkyMjgxOCwiYXNzZXRfYWdlX2RheXMiOjU2LCJ2aV91c2VjYXNlX2lkIjoxMDc5OSwiZHVyYXRpb25fcyI6NDUsInVybGdlbl9zb3VyY2UiOiJ3d3cifQ%3D%3D&ccb=17-1&vs=72c83e0b351d0d4c&_nc_vs=HBksFQIYRWZiX2VwaGVtZXJhbC82NTQwMUNCMTIwODI4MDk2NDNFQTFFNjdFMUUxNEI5NF9tdF8xX3ZpZGVvX2Rhc2hpbml0Lm1wNBUAAsgBEgAVAhhAZmJfcGVybWFuZW50LzAzNEJFQkNFNEYyOTEwNzVBNTFEN0Y4QjkxREQ0ODhFX2F1ZGlvX2Rhc2hpbml0Lm1wNBUCAsgBEgAoABgAGwKIB3VzZV9vaWwBMRJwcm9ncmVzc2l2ZV9yZWNpcGUBMRUAACaEuNvupqDBAxUCKAJDMywXQEaeuFHrhR8YGWRhc2hfaDI2NC1iYXNpYy1nZW4yXzcyMHARAHUAZd6oAQA&_nc_gid=hOfXcaEb6dmEcgqz_Ehm6w&_nc_ss=7b289&_nc_zt=28&oh=00_Af-l3osAc8nZzykx8br5T1d2zaql3Ogx8htraTS-QD8Jkw&oe=6A383D17 | SD: https://video.fjai6-1.fna.fbcdn.net/o1/v/t2/f2/m412/AQNgbG4npas8sIypmdhh0QXz8xgVQP7R4CAguMQlpbfhRcdZh3yNvyQewJA7YzZpfBBHM7k64zRi1r51YkaWtccGxyF-dGH_nDrPlqycGg.mp4?_nc_cat=109&_nc_oc=AdpLWyMzz3xIvKdUJsrLZHTCVu6P_xC0mc8ZeTuw9aoAuwfiX9nrKHYF2-KBijXJwvGqWpa_JUKknLg_Xk0Kp5tz&_nc_sid=ef5aa3&_nc_ht=video.fjai6-1.fna.fbcdn.net&_nc_ohc=td9QtzTu-tUQ7kNvwG9lyMd&efg=eyJ2ZW5jb2RlX3RhZyI6Inhwdl9wcm9ncmVzc2l2ZS5WSV9VU0VDQVNFX1BST0RVQ1RfVFlQRS4uQzMuMzYwLnN2ZV9zZCIsInhwdl9hc3NldF9pZCI6OTg3OTE2NDEzOTIyODE4LCJhc3NldF9hZ2VfZGF5cyI6NTYsInZpX3VzZWNhc2VfaWQiOjEwNzk5LCJkdXJhdGlvbl9zIjo0NSwidXJsZ2VuX3NvdXJjZSI6Ind3dyJ9&ccb=17-1&_nc_gid=hOfXcaEb6dmEcgqz_Ehm6w&_nc_ss=7b289&_nc_zt=28&oh=00_Af8v9I0stTBf4pFoVvBnpeJFyfJYBM7wC8XPKhD35D5CJg&oe=6A3835A5 | Preview: https://scontent.fjai6-1.fna.fbcdn.net/v/t39.35426-6/678985115_1683767889471882_1861045404083435344_n.jpg?_nc_cat=103&ccb=1-7&_nc_sid=c53f8f&_nc_ohc=rfPLcxqvtKQQ7kNvwGa6w_Y&_nc_oc=Ado5XObLfqr_60lChLXBPKJpoTTqn0c3mCEkDXgaBoqntzC8KIl7f4SfzyFekhYJ7_3q6tDlK6Ryk6yrdBizn9xG&_nc_zt=14&_nc_ht=scontent.fjai6-1.fna&_nc_gid=hOfXcaEb6dmEcgqz_Ehm6w&_nc_ss=7b289&oh=00_Af-zhL2C8xUaJcOiCl2xdO5_eNAIMhO1KqYT83HGZlBNPw&oe=6A3847E0,,,,,,,
2902659036740008,https://www.facebook.com/61590200469421/,fb.me,https://www.facebook.com/61590200469421/,,,,,,,,,1147142171812595,http://fb.me/,CommonFloor Bangalore,https://www.facebook.com/ads/library/?id=2902659036740008,"Welcome to Konig Fortune County.

Konig Fortune County is designed for families seeking a home that reflects their achievements and creates lasting memories for generations.

🏡 Spacious 4 BHK Villas
🌳 Premium Community
📍 Strategic East Bangalore Location",6,Sign up,fb.me,"FACEBOOK; INSTAGRAM",2026-06-03,2026-06-17,,Original: https://scontent.fjai6-1.fna.fbcdn.net/v/t39.35426-6/715612348_1443591714120070_8908308660471715609_n.jpg?_nc_cat=105&ccb=1-7&_nc_sid=c53f8f&_nc_ohc=UtzGJk1CxR4Q7kNvwFpwcJj&_nc_oc=AdoR98IVDgDIgEUefvUFXS15QnnmndIQtPi2MUo1gMsmpVKgxvAur8c7JuSvMJd-hXuhmOKS0ZN7qqcM_0IZzVlc&_nc_zt=14&_nc_ht=scontent.fjai6-1.fna&_nc_gid=hOfXcaEb6dmEcgqz_Ehm6w&_nc_ss=7b289&oh=00_Af8k8-NwkKIYBz9jj04pfW-DZWiuFm3fljDnJ0FMfCgM4g&oe=6A383057 | Resized: https://scontent.fjai6-1.fna.fbcdn.net/v/t39.35426-6/716150452_1627051108381808_6447875581287479849_n.jpg?stp=dst-jpg_s600x600_tt6&_nc_cat=101&ccb=1-7&_nc_sid=c53f8f&_nc_ohc=1N07YxFi2RwQ7kNvwHmbTmb&_nc_oc=Adp8xPd5OT9CfS5hazJwE84uOJpcw2dvvk9YmKC0KJgSTKaPSLj8yTyD_c02nbMPSyZozy_-7ylK2xVgq3iF64pO&_nc_zt=14&_nc_ht=scontent.fjai6-1.fna&_nc_gid=hOfXcaEb6dmEcgqz_Ehm6w&_nc_ss=7b289&oh=00_Af8jCWL6oSMWW4ZMDlLvs-M4XGUbh-oBzNI_9WraiXJcvA&oe=6A384D33,,,,,,
1689532998751835,https://www.facebook.com/61557124001507/,fb.me,https://www.facebook.com/61557124001507/,,,,theconsultantarea@gmail.com,+91 87003 64726,,,,233461736525331,http://fb.me/,Eldeco Sitarganj,https://www.facebook.com/ads/library/?id=1689532998751835,"Location- Uttrakhand
🏡 Discover Your Dream Villa & Plots in Sitarganj Most Luxurious Society! 🏘️
🏠 Featuring private swimming pools, secure parking, and an exclusive clubhouse. 🤽🤽‍♂️🤽‍♀️
Live the luxury lifestyle you deserve every single day!

🫰🫰 Affordable Luxury! Villas and Plots in Sitarganj within Your Budget.
Click below to learn more, and we’ll be in touch with you shortly.
make it more intresting for facebook audience",1304,Learn more,fb.me,"FACEBOOK; INSTAGRAM; AUDIENCE_NETWORK",2026-06-03,2026-06-17,,,"Location- Uttrakhand
🏡 Discover Your Dream Villa & Plots in Sitarganj Most Luxurious Society! 🏘️
🏠 Featuring private swimming pools, secure parking, and an exclusive clubhouse. 🤽🤽‍♂️🤽‍♀️
Live the luxury lifestyle you deserve every single day!

🫰🫰 Affordable Luxury! Villas and Plots in Sitarganj within Your Budget.
Click below to learn more, and we’ll be in touch with you shortly.
make it more intresting for facebook audience || Location- Uttrakhand
🏡 Discover Your Dream Villa & Plots in Sitarganj Most Luxurious Society! 🏘️
🏠 Featuring private swimming pools, secure parking, and an exclusive clubhouse. 🤽🤽‍♂️🤽‍♀️
Live the luxury lifestyle you deserve every single day!

🫰🫰 Affordable Luxury! Villas and Plots in Sitarganj within Your Budget.
Click below to learn more, and we’ll be in touch with you shortly.
make it more intresting for facebook audience || Location- Uttrakhand
🏡 Discover Your Dream Villa & Plots in Sitarganj Most Luxurious Society! 🏘️
🏠 Featuring private swimming pools, secure parking, and an exclusive clubhouse. 🤽🤽‍♂️🤽‍♀️
Live the luxury lifestyle you deserve every single day!

🫰🫰 Affordable Luxury! Villas and Plots in Sitarganj within Your Budget.
Click below to learn more, and we’ll be in touch with you shortly.
make it more intresting for facebook audience",http://fb.me/ || http://fb.me/ || http://fb.me/,,Learn More || Learn More || Learn More,Original: https://scontent.fjai6-1.fna.fbcdn.net/v/t39.35426-6/712504085_990655336670717_958112212670397872_n.jpg?_nc_cat=109&ccb=1-7&_nc_sid=c53f8f&_nc_ohc=JSo3ZNs1e2UQ7kNvwFhDsmD&_nc_oc=AdqyaLBbZn-5FK9FgHLuCL6TZ9491kgR7fqwxgW5JZrNbtDYSI5PttaOof0a7-kwVFGvMskgadVAPFl--LKchfrh&_nc_zt=14&_nc_ht=scontent.fjai6-1.fna&_nc_gid=hOfXcaEb6dmEcgqz_Ehm6w&_nc_ss=7b289&oh=00_Af-BU_nKw922QPDcdMy1bFdDGhRv99Xad2RTK2fJCXPZ8A&oe=6A384DC2 | Resized: https://scontent.fjai6-1.fna.fbcdn.net/v/t39.35426-6/714599124_1337866634953683_4325132935596882516_n.jpg?stp=dst-jpg_s600x600_tt6&_nc_cat=106&ccb=1-7&_nc_sid=c53f8f&_nc_ohc=n8AZZU4SAa8Q7kNvwGedrl9&_nc_oc=AdqGR5LmuBSLpkr6Ar3JTz6pCnemRz40LA99FzHl2X3zjS_-fnJGUufNpk-dDwEqrxPUJjhkokT9Zy-2deba9qqy&_nc_zt=14&_nc_ht=scontent.fjai6-1.fna&_nc_gid=hOfXcaEb6dmEcgqz_Ehm6w&_nc_ss=7b289&oh=00_Af83WaiLsQp7GZEzw9vHeXmqUmHA-7wrInJ4HsfLDSTo0A&oe=6A3860D8 || Original: https://scontent.fjai6-1.fna.fbcdn.net/v/t39.35426-6/713645090_982698031345978_3272668641053990211_n.jpg?_nc_cat=109&ccb=1-7&_nc_sid=c53f8f&_nc_ohc=Yw4jTbgLavsQ7kNvwEjBzQg&_nc_oc=AdpQwUYF60glZKTS_NPOQaDdKabqLxMczCS2mMs_XXlUJhtTOghjz8yqWBgreMPBhxCrgwPMJGO7vAdo-HhesQ7J&_nc_zt=14&_nc_ht=scontent.fjai6-1.fna&_nc_gid=hOfXcaEb6dmEcgqz_Ehm6w&_nc_ss=7b289&oh=00_Af8Pm9U383UIEj60ovz6Nwagq67A7DrU95CKBg2Qv9q9Dw&oe=6A384627 | Resized: https://scontent.fjai6-1.fna.fbcdn.net/v/t39.35426-6/714586175_1486260559414763_989421074474654200_n.jpg?stp=dst-jpg_s600x600_tt6&_nc_cat=105&ccb=1-7&_nc_sid=c53f8f&_nc_ohc=MVGx4YdaVIEQ7kNvwH7ccW8&_nc_oc=Ado5U22dAPFPES9-J3-KueTAb_O_WUZw2dNdvZkjmATn40t2ddjaEl2doTlsXtoP6SLk0DrxuDiFDK1nvNVNd7Mw&_nc_zt=14&_nc_ht=scontent.fjai6-1.fna&_nc_gid=hOfXcaEb6dmEcgqz_Ehm6w&_nc_ss=7b289&oh=00_Af9c5XOaarMo1jhMId6H7Mr53XkLcfg_nISxE7iNNX_DlQ&oe=6A385918 || Original: https://scontent.fjai6-1.fna.fbcdn.net/v/t39.35426-6/714949220_2817059105302317_3010500982416246623_n.jpg?_nc_cat=108&ccb=1-7&_nc_sid=c53f8f&_nc_ohc=TDKNUeqda60Q7kNvwEuZmaM&_nc_oc=AdoU2Jv-lHzCdqnnAIJv_CBEq1RteX_Kwqt-8t2VP3r_DyCiMNuzNQZlyq3ciq0hiAZ3s1X3opfguuSSo23Rt46P&_nc_zt=14&_nc_ht=scontent.fjai6-1.fna&_nc_gid=hOfXcaEb6dmEcgqz_Ehm6w&_nc_ss=7b289&oh=00_Af9rd7UfaHbutn4RcPZGUc3ezRR_R8z4cFWVtzCC381eAw&oe=6A384AD0 | Resized: https://scontent.fjai6-1.fna.fbcdn.net/v/t39.35426-6/711368981_1524273749391049_7166839208686340971_n.jpg?stp=dst-jpg_s600x600_tt6&_nc_cat=103&ccb=1-7&_nc_sid=c53f8f&_nc_ohc=P6BMv5dBjscQ7kNvwHfkGof&_nc_oc=Adqyy1w7R5a9TXdaj-jn1FWvs22GZi1rCcC2398puo3I0Q-jrDucDYUltbZ9zamONqMlpeCrM5SvhVKgSyJfkTwH&_nc_zt=14&_nc_ht=scontent.fjai6-1.fna&_nc_gid=hOfXcaEb6dmEcgqz_Ehm6w&_nc_ss=7b289&oh=00_Af9beCJYhAQJdOx8GJNBMKYa4PQSxgM2whL-o8pyE0uWtw&oe=6A385683,
1029743092809162,https://www.facebook.com/stay.elivaas/,elivaas.com,https://www.facebook.com/stay.elivaas/,,,,staywithus@elivaas.com,+91 78274 49532,,,,117579414687132,https://www.elivaas.com/villas/villas-in-goa,Elivaas,https://www.facebook.com/ads/library/?id=1029743092809162,"This monsoon, experience a different side of Goa.
Quieter, greener, and meant to be savoured.
Slow down, unwind, and make it your own.
Elevate your stay with a private ELIVAAS villa.",2241,Book now,www.elivaas.com,"INSTAGRAM; WHATSAPP",2026-06-12,2026-06-17,HD: https://video.fjai6-1.fna.fbcdn.net/o1/v/t2/f2/m366/AQNJ7rl6prxF9NRwVbKKw1WdWplpP6sCShFaa-G5Sxb-rFnhjME34AaQgU5bfzZeegItUx9NATjsmmCU7NIKoePjpH4Ipviify_QCtuYadVODA.mp4?_nc_cat=109&_nc_oc=Ado7q3KuZHb5wXW9hIteCyo_LxgxqhPoLAq4JqMAx9TzwmQOfYED1SPF4USMNV9FeX-aWxjsn2tg5pzDvKDMGOuK&_nc_sid=b66105&_nc_ht=video.fjai6-1.fna.fbcdn.net&_nc_ohc=6BhK3nzkDyEQ7kNvwEGWsFN&efg=eyJ2ZW5jb2RlX3RhZyI6Inhwdl9wcm9ncmVzc2l2ZS5WSV9VU0VDQVNFX1BST0RVQ1RfVFlQRS4uQzMuNzIwLmRhc2hfaDI2NC1iYXNpYy1nZW4yXzcyMHAiLCJ4cHZfYXNzZXRfaWQiOjEyODEzNzQyMjA3OTAxMzYsImFzc2V0X2FnZV9kYXlzIjo0MCwidmlfdXNlY2FzZV9pZCI6MTA3OTksImR1cmF0aW9uX3MiOjI4LCJ1cmxnZW5fc291cmNlIjoid3d3In0%3D&ccb=17-1&vs=2df7c39aa24da8b6&_nc_vs=HBksFQIYRWZiX2VwaGVtZXJhbC81RjRDMUNFMkZDRDM2Njk1NkExOEZGNTIwMENDMTg4M19tdF8xX3ZpZGVvX2Rhc2hpbml0Lm1wNBUAAsgBEgAVAhhAZmJfcGVybWFuZW50L0U2NEU4MkE3RjA1MDA0RDIxNjdDMTE4QUQ1MTIyNkJFX2F1ZGlvX2Rhc2hpbml0Lm1wNBUCAsgBEgAoABgAGwKIB3VzZV9vaWwBMRJwcm9ncmVzc2l2ZV9yZWNpcGUBMRUAACbwpYn05dnGBBUCKAJDMywXQDwIcrAgxJwYGWRhc2hfaDI2NC1iYXNpYy1nZW4yXzcyMHARAHUAZd6oAQA&_nc_gid=n_v0hDm8ybGZ4YkEaoOi1Q&_nc_ss=7b289&_nc_zt=28&oh=00_Af_PIKcad3Q80XwuFghZ59ELdcxly0W-1ydj1WaeTcW6Hg&oe=6A38542F | SD: https://video.fjai6-1.fna.fbcdn.net/o1/v/t2/f2/m412/AQNmYfEdo6GpZDYgXZJfSZI5UqLjszj76qKaQ_2YGWu6eVT-51ObRLpx5XGkRWAvWs6oVZdjtLY9siit7iVAeggYLDpET0FwySvW-JnyQA.mp4?_nc_cat=101&_nc_oc=Adpjp78aIr3fObWxgTsry5xbtdC-DldF2EZJ7_Sgnd9hIXelqmwiKrWRWoDhh6mD5fE8fDvR_ULqRk9ewDnebxoQ&_nc_sid=ef5aa3&_nc_ht=video.fjai6-1.fna.fbcdn.net&_nc_ohc=Fhvo0wwIe4cQ7kNvwGufuu4&efg=eyJ2ZW5jb2RlX3RhZyI6Inhwdl9wcm9ncmVzc2l2ZS5WSV9VU0VDQVNFX1BST0RVQ1RfVFlQRS4uQzMuMzYwLnN2ZV9zZCIsInhwdl9hc3NldF9pZCI6MTI4MTM3NDIyMDc5MDEzNiwiYXNzZXRfYWdlX2RheXMiOjQwLCJ2aV91c2VjYXNlX2lkIjoxMDc5OSwiZHVyYXRpb25fcyI6MjgsInVybGdlbl9zb3VyY2UiOiJ3d3cifQ%3D%3D&ccb=17-1&_nc_gid=n_v0hDm8ybGZ4YkEaoOi1Q&_nc_ss=7b289&_nc_zt=28&oh=00_Af9rgwRauXrKhOk-QdExOcHeJy-K5DpIHUAxjdtFWpnm7Q&oe=6A3836AD | Preview: https://scontent.fjai6-1.fna.fbcdn.net/v/t39.35426-6/722030824_1029136802783976_1353362572878320204_n.jpg?_nc_cat=104&ccb=1-7&_nc_sid=c53f8f&_nc_ohc=57CHpqqu5U8Q7kNvwFrbdn7&_nc_oc=Adr7SUZpT47_b1pP4MAOoO4nprbMu8ARqQdgKtNTtkvM6hhAPeqwW4dptsi4YyQlPzvnX_DvFOrCPpQao2mLOLfA&_nc_zt=14&_nc_ht=scontent.fjai6-1.fna&_nc_gid=n_v0hDm8ybGZ4YkEaoOi1Q&_nc_ss=7b289&oh=00_Af9ECKr648Dc3LZo4E1MQGqdmcr-bdCPKQmtBEBPTXRP9A&oe=6A384E26,,,,,,,
941780875562968,https://www.facebook.com/61572138516567/,fb.me,https://www.facebook.com/61572138516567/,,,,,+91 96547 49654,,,,1029030153636555,http://fb.me/,Gokul Vatika,https://www.facebook.com/ads/library/?id=941780875562968,"Looking for a premium villa near Noida Extension?
🏡 Gokul Villas starting from ₹70 Lakhs*
✅ Prime Location
✅ Modern Lifestyle
✅ Limited Pre-Booking Offer

Send your details now for brochure & site visit.”",11,Sign up,fb.me,"FACEBOOK; INSTAGRAM; AUDIENCE_NETWORK",2026-05-27,2026-06-17,HD: https://video.fjai6-1.fna.fbcdn.net/o1/v/t2/f2/m366/AQMV7T--pEkS_89bFhujPQr3yWs8kbXfhxtJ9nKf5Lf24VREYStRnohc49Pm4lFSCCQq6AYX80apdPja585fiaXt7CEqugjNiGQT-wxS16BbmQ.mp4?_nc_cat=107&_nc_oc=AdrDbhx9ZUytjhn1gU5MfXMRB6CAclTukaY6zS5f5wZ4ZxUdWql9xUYJA-aB2FlZdiESyvR-i334J8J0ty-8ZTY4&_nc_sid=b66105&_nc_ht=video.fjai6-1.fna.fbcdn.net&_nc_ohc=HyhRlqRnbuIQ7kNvwFFTueO&efg=eyJ2ZW5jb2RlX3RhZyI6Inhwdl9wcm9ncmVzc2l2ZS5WSV9VU0VDQVNFX1BST0RVQ1RfVFlQRS4uQzMuODMyLmRhc2hfaDI2NC1iYXNpYy1nZW4yXzcyMHAiLCJ4cHZfYXNzZXRfaWQiOjE3Mjk4MjgyNzQ5MTk5ODgsImFzc2V0X2FnZV9kYXlzIjozMSwidmlfdXNlY2FzZV9pZCI6MTA3OTksImR1cmF0aW9uX3MiOjQxLCJ1cmxnZW5fc291cmNlIjoid3d3In0%3D&ccb=17-1&vs=8bcedad7170fb882&_nc_vs=HBksFQIYRWZiX2VwaGVtZXJhbC9FNzRGQjdBNzMxQzVCNzBDMDNGMjc3MUU0MjEwNzM4RV9tdF8xX3ZpZGVvX2Rhc2hpbml0Lm1wNBUAAsgBEgAVAhhAZmJfcGVybWFuZW50LzQzNDExNEM2OEIxMTFEM0Q3RTNGQzE0MEM2MDUzOUE2X2F1ZGlvX2Rhc2hpbml0Lm1wNBUCAsgBEgAoABgAGwKIB3VzZV9vaWwBMRJwcm9ncmVzc2l2ZV9yZWNpcGUBMRUAACbo6Mr9oNGSBhUCKAJDMywXQES3bItDlYEYGWRhc2hfaDI2NC1iYXNpYy1nZW4yXzcyMHARAHUAZd6oAQA&_nc_gid=n_v0hDm8ybGZ4YkEaoOi1Q&_nc_ss=7b289&_nc_zt=28&oh=00_Af95Agt_OgXl--7cPoaaPXb0knXQSd82kG44tLiQLfS32Q&oe=6A383189 | SD: https://video.fjai6-1.fna.fbcdn.net/o1/v/t2/f2/m412/AQNzEPHP3_3r1PCy74RkhJTHIBeN5yT_JlLj_at9tnfnCbHeC2rG_ouYju1l8kQe5Mno3fizLAzb2Eeijol_BaxPV8aVpWrB17YL5XL43Q.mp4?_nc_cat=109&_nc_oc=Adq0lxMAmul16yx4bfMIRbUWSPOYsm_IcTKbLb625TBD8mRJZqlwtCODuYNtfsCG5wUcMufXvyTi967OfnwMplL3&_nc_sid=ef5aa3&_nc_ht=video.fjai6-1.fna.fbcdn.net&_nc_ohc=e1WYPrZUNM4Q7kNvwHW0LZ9&efg=eyJ2ZW5jb2RlX3RhZyI6Inhwdl9wcm9ncmVzc2l2ZS5WSV9VU0VDQVNFX1BST0RVQ1RfVFlQRS4uQzMuNjQwLnN2ZV9zZCIsInhwdl9hc3NldF9pZCI6MTcyOTgyODI3NDkxOTk4OCwiYXNzZXRfYWdlX2RheXMiOjMxLCJ2aV91c2VjYXNlX2lkIjoxMDc5OSwiZHVyYXRpb25fcyI6NDEsInVybGdlbl9zb3VyY2UiOiJ3d3cifQ%3D%3D&ccb=17-1&_nc_gid=n_v0hDm8ybGZ4YkEaoOi1Q&_nc_ss=7b289&_nc_zt=28&oh=00_Af8wQy5FYYc4rauuVIVU5TVAtiZgoz8eScqWqI81Kj_Y7A&oe=6A383045 | Preview: https://scontent.fjai6-1.fna.fbcdn.net/v/t39.35426-6/709347821_972411622094135_5492757396929984417_n.jpg?_nc_cat=111&ccb=1-7&_nc_sid=c53f8f&_nc_ohc=EGOm32k9BRgQ7kNvwHQK_uC&_nc_oc=AdownTpJvoZ1v4oMLcoSLn0SGz0KF3Adl-1Y5b3mZXILvlTr2Bc53v4wv_jPht5O-7t40eMuFPajiMNWui_81zUL&_nc_zt=14&_nc_ht=scontent.fjai6-1.fna&_nc_gid=n_v0hDm8ybGZ4YkEaoOi1Q&_nc_ss=7b289&oh=00_Af_NJVsBF9eoU_ktsnNzQ5alCHsWXwpAE5Mx6R5KvtNtIQ&oe=6A384DF7,,,,,,,
895444726297638,https://www.facebook.com/61577132015142/,instagram.com,https://www.facebook.com/61577132015142/,,,,,,,,,716439014875216,https://www.instagram.com/,Whispering Woods Retreat,https://www.facebook.com/ads/library/?id=895444726297638,"✨ Bali-Inspired Luxury,  From Mumbai! ✨
Step into Luxury Villas at Whispering Woods — an intimate, aesthetic retreat designed for couples and close-knit groups seeking a peaceful escape.

From chic boutique spaces to private pools opening right from your room, every corner is crafted for slow mornings, midnight swims, and unforgettable moments. 🌿💫
Unwind in tropical-style bathtubs, lounge on sun-kissed afternoon beds, and soak in nature like never before.

💎 Private Pools | Bali-Style Aesthetics | Intimate Getaways

📞 Book your serene escape today and create memories that truly matter!",14,Book now,www.instagram.com,INSTAGRAM,2026-01-22,2026-06-17,HD: https://video.fjai6-1.fna.fbcdn.net/o1/v/t2/f2/m366/AQO9F5k21nyztMBczt30Mmv5hv_xO5GnNuW1bfh4qFKu9EwE7JSiWnxpNyVlR8-kzkUrdC79yDXDY7j3-ZzBswAjx97L4c9FPiGmX98SB9hz9w.mp4?_nc_cat=107&_nc_oc=AdpQTVCjtx4_7dIsVMx5dvwNyR6bgPXuLWXBQ9BWWpLVzv09nC7ZbN789T9_6ZkSNqqsNiUvLwB6tAKQQbsr91RY&_nc_sid=b66105&_nc_ht=video.fjai6-1.fna.fbcdn.net&_nc_ohc=fB0cZhNs_YIQ7kNvwEP-LRQ&efg=eyJ2ZW5jb2RlX3RhZyI6Inhwdl9wcm9ncmVzc2l2ZS5WSV9VU0VDQVNFX1BST0RVQ1RfVFlQRS4uQzMuNzIwLmRhc2hfaDI2NC1iYXNpYy1nZW4yXzcyMHAiLCJ4cHZfYXNzZXRfaWQiOjkwMTE0NDMyNTY0MzIxNywiYXNzZXRfYWdlX2RheXMiOjE3MiwidmlfdXNlY2FzZV9pZCI6MTA3OTksImR1cmF0aW9uX3MiOjQ3LCJ1cmxnZW5fc291cmNlIjoid3d3In0%3D&ccb=17-1&vs=8665bdf960c598c9&_nc_vs=HBksFQIYRWZiX2VwaGVtZXJhbC83QTQ4RjYzOEJGMEU0RTI0QjBBMDEyMjU5RjFFOThCRF9tdF8xX3ZpZGVvX2Rhc2hpbml0Lm1wNBUAAsgBEgAVAhhAZmJfcGVybWFuZW50LzEyNDBDMjVDQjA0MThFN0Q4Q0NDNjI2NEUwNTkyREExX2F1ZGlvX2Rhc2hpbml0Lm1wNBUCAsgBEgAoABgAGwKIB3VzZV9vaWwBMRJwcm9ncmVzc2l2ZV9yZWNpcGUBMRUAACai7962wOWZAxUCKAJDMywXQEeu2RaHKwIYGWRhc2hfaDI2NC1iYXNpYy1nZW4yXzcyMHARAHUAZd6oAQA&_nc_gid=n_v0hDm8ybGZ4YkEaoOi1Q&_nc_ss=7b289&_nc_zt=28&oh=00_Af_CnnseLYqa-BMIkBU5ov8GOg48u-Fg-nVYmJAr9b7sRg&oe=6A383529 | SD: https://video.fjai6-1.fna.fbcdn.net/o1/v/t2/f2/m412/AQP0cg8G75vBSatxUhgdU3G_lBrAx5mVP1JoWcCLc_2qXEPybTQYk0ltQLFvsb4_8ac64rot3v76v2vP8e52zh34PAW7xFjc_oTu-FaRLg.mp4?_nc_cat=105&_nc_oc=Adpqmp6yDO16OEG_ipHFtwr-q3DU7TJs4UjFvzuVDC-FgpD4MFH4Ixl4CEywYUEovhBiZGjGz330wb48it6vaabs&_nc_sid=ef5aa3&_nc_ht=video.fjai6-1.fna.fbcdn.net&_nc_ohc=Jl0ztZYq8a0Q7kNvwEZRRkl&efg=eyJ2ZW5jb2RlX3RhZyI6Inhwdl9wcm9ncmVzc2l2ZS5WSV9VU0VDQVNFX1BST0RVQ1RfVFlQRS4uQzMuMzYwLnN2ZV9zZCIsInhwdl9hc3NldF9pZCI6OTAxMTQ0MzI1NjQzMjE3LCJhc3NldF9hZ2VfZGF5cyI6MTcyLCJ2aV91c2VjYXNlX2lkIjoxMDc5OSwiZHVyYXRpb25fcyI6NDcsInVybGdlbl9zb3VyY2UiOiJ3d3cifQ%3D%3D&ccb=17-1&_nc_gid=n_v0hDm8ybGZ4YkEaoOi1Q&_nc_ss=7b289&_nc_zt=28&oh=00_Af8ZwSn2O_yC9HuIUPXlSBvGnlgaMRhedcC1mdaGlbqI0w&oe=6A383825 | Preview: https://scontent.fjai6-1.fna.fbcdn.net/v/t39.35426-6/616811498_872104405748925_2132529194635742360_n.jpg?_nc_cat=106&ccb=1-7&_nc_sid=c53f8f&_nc_ohc=gHtiAQzBesYQ7kNvwGXowQO&_nc_oc=Adp6HhtzR-Ombyt9xou3HfBoPkzAKsWRaPyHrQ9x2SYa2eMkjn-v53DRA6o1er9DpjpESpjFcj1V_AWXdLEyayof&_nc_zt=14&_nc_ht=scontent.fjai6-1.fna&_nc_gid=n_v0hDm8ybGZ4YkEaoOi1Q&_nc_ss=7b289&oh=00_Af9vxK8TGkJYIkEOMF2FGO-EzLZiBX7fKGy0gdlrRzsAWQ&oe=6A38309D,,,,,,,
2197945257410913,https://www.facebook.com/sbventuresindia/,sbventures.in,https://www.facebook.com/sbventuresindia/,,,,enquiry@sbventures.in,+91 63000 75779,,,,1607926312773049,https://www.sbventures.in/projects/sb-pristine-villas,SB Ventures,https://www.facebook.com/ads/library/?id=2197945257410913,"Near ""The future kids International School""  SB Pristine - Experience premium living with our Luxury Villas in Rajahmundry at Gadalamma Nagar.
Designed for comfort and elegance, these villas offer modern architecture, spacious layouts, and a peaceful lifestyle.

✨ Starting at just ₹2.10 Cr*
✨ Prime location 
✨ Premium amenities & serene surroundings
🔹 World-Class Amenities – Swimming Pool, Gym, Kids Play Area, Zen Garden & Banquet Hall.
🔹 Premium Interiors – Italian Marbles, Wooden Flooring, Toto Japan Sanitary & Biometric Security System.

Own your dream home today — limited units available!
📞 Book your site visit now. call +91 9985555330
Visit : https://www.sbventures.in/projects/sb-pristine-villas",8652,Get quote,https://www.sbventures.in/projects/sb-pristine-villas,"FACEBOOK; INSTAGRAM; AUDIENCE_NETWORK; MESSENGER; THREADS",2026-05-09,2026-06-17,HD: https://video.fjai6-1.fna.fbcdn.net/o1/v/t2/f2/m366/AQNoYSNAVA93xF_ejcctNOQ89qbQpwJtZZO4oD0lrFN454yz0uq_3k93y8qtXRq1ZrDDGnC7Mxfvx3qrIbDAA2zxHndUAZ4gXiFxtZcAOduWWA.mp4?_nc_cat=106&_nc_oc=AdpDIXA5NfkatzFFBhs7EKuzic6rxW-_ErCQDQyqAP1lhsp7LF2Xr-Bi7Qay32DIowTxS1hOOMiV7QmTIHs1pU-a&_nc_sid=b66105&_nc_ht=video.fjai6-1.fna.fbcdn.net&_nc_ohc=cUvuIzXb4A0Q7kNvwFUWz_G&efg=eyJ2ZW5jb2RlX3RhZyI6Inhwdl9wcm9ncmVzc2l2ZS5WSV9VU0VDQVNFX1BST0RVQ1RfVFlQRS4uQzMuNzIwLmRhc2hfaDI2NC1iYXNpYy1nZW4yXzcyMHAiLCJ4cHZfYXNzZXRfaWQiOjczOTE1NzEzNTk1MTU3OSwiYXNzZXRfYWdlX2RheXMiOjM4LCJ2aV91c2VjYXNlX2lkIjoxMDc5OSwiZHVyYXRpb25fcyI6MzAsInVybGdlbl9zb3VyY2UiOiJ3d3cifQ%3D%3D&ccb=17-1&vs=1283bfe7014bd6e5&_nc_vs=HBksFQIYRWZiX2VwaGVtZXJhbC8yNDQ3NTNFN0Y5QkQxOEU0NzFGMTI5MEM1QkFGQ0M5Ml9tdF8xX3ZpZGVvX2Rhc2hpbml0Lm1wNBUAAsgBEgAVAhhAZmJfcGVybWFuZW50L0JDNDZBREUxOUUzOUYzNzk4MjEwQThGNEU0MjQ0QkJCX2F1ZGlvX2Rhc2hpbml0Lm1wNBUCAsgBEgAoABgAGwKIB3VzZV9vaWwBMRJwcm9ncmVzc2l2ZV9yZWNpcGUBMRUAACa2m6zozZDQAhUCKAJDMywXQD6AAAAAAAAYGWRhc2hfaDI2NC1iYXNpYy1nZW4yXzcyMHARAHUAZd6oAQA&_nc_gid=n_v0hDm8ybGZ4YkEaoOi1Q&_nc_ss=7b289&_nc_zt=28&oh=00_Af96Q1XiG5bo81UXIlogv5_tsKC9pDgJnFrxLNX9qL0qRw&oe=6A3835E2 | SD: https://video.fjai6-1.fna.fbcdn.net/o1/v/t2/f2/m412/AQPqiycjhsc3WBC2MBHGl1mi3ai_aXM1NPEd_ZX3v0KHuO0lD3jZgJjYMj6zfliir4GZDTMH1ewS07pRoKjXvl1WiM5rWXY0LlA5Vij2Mw.mp4?_nc_cat=100&_nc_oc=AdpXLtuTz0Fw69uTj8jRiJm_CCvxPPsyg5sdGBEBQ4W7yu61mBdQaeSvUM3gLlwOAUDVmp3RgVCZsHs840VVCZPv&_nc_sid=ef5aa3&_nc_ht=video.fjai6-1.fna.fbcdn.net&_nc_ohc=aJooqnH3nu8Q7kNvwGDlGMK&efg=eyJ2ZW5jb2RlX3RhZyI6Inhwdl9wcm9ncmVzc2l2ZS5WSV9VU0VDQVNFX1BST0RVQ1RfVFlQRS4uQzMuMzYwLnN2ZV9zZCIsInhwdl9hc3NldF9pZCI6NzM5MTU3MTM1OTUxNTc5LCJhc3NldF9hZ2VfZGF5cyI6MzgsInZpX3VzZWNhc2VfaWQiOjEwNzk5LCJkdXJhdGlvbl9zIjozMCwidXJsZ2VuX3NvdXJjZSI6Ind3dyJ9&ccb=17-1&_nc_gid=n_v0hDm8ybGZ4YkEaoOi1Q&_nc_ss=7b289&_nc_zt=28&oh=00_Af_T99ry7ahhadL2Sf63IKogQ4g3pcVbGy3yq_GmUjwjNg&oe=6A383376 | Preview: https://scontent.fjai6-1.fna.fbcdn.net/v/t39.35426-6/690368338_990783370070412_6790263411147091529_n.jpg?_nc_cat=103&ccb=1-7&_nc_sid=c53f8f&_nc_ohc=CCTirbCrPWQQ7kNvwERPod8&_nc_oc=Ado7RVfR9TZ7JGu_ZByqqcsQJ8u7pZ70naQlT0lUzPIe4BsefadfqG0yu24GwZofbmseyBbA7UgLSRiS_-d0KVFU&_nc_zt=14&_nc_ht=scontent.fjai6-1.fna&_nc_gid=n_v0hDm8ybGZ4YkEaoOi1Q&_nc_ss=7b289&oh=00_Af8hnlnCStgXqcm7cO02kxw3p19QtoMcAuA8kpCEj9NGqA&oe=6A3840EB,,,,,,,
1797737027860540,https://www.facebook.com/arvindinfrastructure/,fb.me,https://www.facebook.com/arvindinfrastructure/,,,,,,,,,925570300845452,http://fb.me/,Arvind SmartSpaces,https://www.facebook.com/ads/library/?id=1797737027860540,"Discover Arvind Uplands, Nasmed - An exclusive villa community spread across 135 acres, crafted for those who seek luxury, nature and a lifestyle beyond the ordinary.

Project Highlights:
• 9 Hole Executive Golf Course
• Luxury Clubhouse & World Class Amenities
• Zen Cafe & Wellness Spaces
• Landscaped Greens & Water Features",31617,See details,fb.me,"FACEBOOK; INSTAGRAM",2026-05-28,2026-06-16,,,"Discover Arvind Uplands, Nasmed - An exclusive villa community spread across 135 acres, crafted for those who seek luxury, nature and a lifestyle beyond the ordinary.

Project Highlights:
• 9 Hole Executive Golf Course
• Luxury Clubhouse & World Class Amenities
• Zen Cafe & Wellness Spaces
• Landscaped Greens & Water Features || Discover Arvind Uplands, Nasmed - An exclusive villa community spread across 135 acres, crafted for those who seek luxury, nature and a lifestyle beyond the ordinary.

Project Highlights:
• 9 Hole Executive Golf Course
• Luxury Clubhouse & World Class Amenities
• Zen Cafe & Wellness Spaces
• Landscaped Greens & Water Features",http://fb.me/ || http://fb.me/,,See Details || See Details,Original: https://scontent.fjai6-1.fna.fbcdn.net/v/t39.35426-6/708634763_1041019308613903_1840053855146041395_n.jpg?_nc_cat=102&ccb=1-7&_nc_sid=c53f8f&_nc_ohc=S0o0LJRjubQQ7kNvwF8M0x2&_nc_oc=AdqDo74FrGhNJkYrw-r3CgeJcLXTdlOB6rRbzq1ZtR3au7QLdP59EJgTNQFscfq4G3h68HaHx98RSUHk65NWcZ0-&_nc_zt=14&_nc_ht=scontent.fjai6-1.fna&_nc_gid=PRQ-bqboDVyJUgaeIzlvvQ&_nc_ss=7b289&oh=00_Af_vz9UfAGVtpCkhtayJO2qChM7nwulzJFLhAAA8-xlGDA&oe=6A385115 | Resized: https://scontent.fjai6-1.fna.fbcdn.net/v/t39.35426-6/709883022_1006978908371634_8162068975902890392_n.jpg?stp=dst-jpg_s600x600_tt6&_nc_cat=100&ccb=1-7&_nc_sid=c53f8f&_nc_ohc=wsoXtdXr2JkQ7kNvwFNBrjP&_nc_oc=AdqYp-yrXHwTQ2swTHxKJchuiv0HfrB89cYa-qMFaWznxPD1EBCw7hCA_0UFOI-_oLALyexnZMdiqyQCk0DPhpBe&_nc_zt=14&_nc_ht=scontent.fjai6-1.fna&_nc_gid=PRQ-bqboDVyJUgaeIzlvvQ&_nc_ss=7b289&oh=00_Af_5MLfTKDeSxGpNDbTxZ9UqQaFPyRRaegtEZ2dy0zSHCA&oe=6A383374 || Original: https://scontent.fjai6-1.fna.fbcdn.net/v/t39.35426-6/710592435_1735693541203356_6401779252129872689_n.jpg?_nc_cat=104&ccb=1-7&_nc_sid=c53f8f&_nc_ohc=atDGw1aboHEQ7kNvwHoN0CD&_nc_oc=Adol8LbKCxcdKodqVtOr1KA57Mool8yd697qWVxQXrBMQezzSyGfK20XylMKYbANc41aKYjUEJsNTXcrApKK9tzC&_nc_zt=14&_nc_ht=scontent.fjai6-1.fna&_nc_gid=PRQ-bqboDVyJUgaeIzlvvQ&_nc_ss=7b289&oh=00_Af9ukJBVg-8b_PTTJEdUAmNF-3UAsVMvFBrqWmr2Jvo6tw&oe=6A382EBA | Resized: https://scontent.fjai6-1.fna.fbcdn.net/v/t39.35426-6/708034657_767313759801169_5860119416890800891_n.jpg?stp=dst-jpg_s600x600_tt6&_nc_cat=100&ccb=1-7&_nc_sid=c53f8f&_nc_ohc=jh6QGZNP_3YQ7kNvwEdLuOy&_nc_oc=AdrnT6eOWLvq-H1OQ0EHGDXeRuuhyK53ff8EPWrUnMvZgT4kFfxKPvz9Z_iRE-oGYYMt5m4zl7KUFZS2SiM6e1jc&_nc_zt=14&_nc_ht=scontent.fjai6-1.fna&_nc_gid=PRQ-bqboDVyJUgaeIzlvvQ&_nc_ss=7b289&oh=00_Af-FO5tMLw_yEPcX6CIVNZUAGkQ5wloQ1cPoOszDVRPRJQ&oe=6A38654B,
2062483674367856,https://www.facebook.com/goyalhousing/,fb.me,https://www.facebook.com/goyalhousing/,,,,goyalhousinggwalior@gmail.com,+91 62626 25800,,,,2104789112911029,http://fb.me/,Goyal Housing,https://www.facebook.com/ads/library/?id=2062483674367856,"Gwalior’s NH-44 is transforming faster than ever.

Be part of a well-planned township near Devraj Medical College with everything designed for modern living and future growth.

✔ Premium Plots & Luxury Villas
✔ 100+ Amenities Township
✔ Strategic Location Advantage

A smart investment today… a valuable asset tomorrow.",17031,See details,fb.me,"FACEBOOK; INSTAGRAM; AUDIENCE_NETWORK",2026-05-28,2026-06-17,,Original: https://scontent.fjai6-1.fna.fbcdn.net/v/t39.35426-6/702969073_765886496611795_7514335895874622357_n.jpg?_nc_cat=110&ccb=1-7&_nc_sid=c53f8f&_nc_ohc=9xeUgMyhT34Q7kNvwE_AZWR&_nc_oc=AdpOC0SJHNW3_b8EW33kOCCZexL_ZKBFpV7dpbd5_sQbXmpADrPJNR02ZOeOgF4RhaE7SkHSVZhDA3oPND1-JIoy&_nc_zt=14&_nc_ht=scontent.fjai6-1.fna&_nc_gid=PRQ-bqboDVyJUgaeIzlvvQ&_nc_ss=7b289&oh=00_Af_EnUZ7hdNHqgQT6nsKnHHcgnyx8aipw7cTj4vVmMCRjQ&oe=6A3860C8 | Resized: https://scontent.fjai6-1.fna.fbcdn.net/v/t39.35426-6/703085381_987164030938080_2012647147743279260_n.jpg?stp=dst-jpg_s600x600_tt6&_nc_cat=111&ccb=1-7&_nc_sid=c53f8f&_nc_ohc=Rffa8TMsWi0Q7kNvwH2HBBF&_nc_oc=AdoJ4CQwUbNtdehGoWsqQHDfk5RiHVwlia86st8HBinret1RwZy_5rjyUqabcuaUzaqsGZjuJeFJ97Ca5aKIVoWc&_nc_zt=14&_nc_ht=scontent.fjai6-1.fna&_nc_gid=PRQ-bqboDVyJUgaeIzlvvQ&_nc_ss=7b289&oh=00_Af9OsjL50cwTW32pEbWMdI0bRzre-BMsmCyyH-p95g4EGQ&oe=6A386136,,,,,,
879046058068953,https://www.facebook.com/61555351743664/,api.whatsapp.com,https://www.facebook.com/61555351743664/,,,,,+91 63896 66999,,,,203310606201026,https://api.whatsapp.com/send,VM River View Meadows,https://www.facebook.com/ads/library/?id=879046058068953,"💖 Home isn’t just a place — it’s a feeling!

At VM River View Meadows, every corner is built with love, luxury, and the promise of peace.
Wake up to fresh air, scenic views, and a lifestyle you truly deserve 🌿

✅ 3BHK Luxury Apartments
✅ All modern amenities
✅ Prime Location – Tadepalli, Vijayawada
📞 Call now: 63896 66999 | 78306 66999
✨ Your forever home awaits — make it yours today!

{vm river view meadows, mrgs builders, luxury 3bhk flats in tadepalli, gated community in vijayawada, river view apartments, luxury villas near vijayawada, real estate projects in tadepalli, 3bhk homes for sale, premium apartments in vijayawada, villas near vijayawada club}

#vmriverviewmeadows #mrgsbuilders #homegoals #vijayawadarealestate #luxuryhomes #dreamhome #tadepalliprojects #gatedcommunity #premiumapartments #vijayawadahomes",216,Send WhatsApp message,api.whatsapp.com,"FACEBOOK; INSTAGRAM; AUDIENCE_NETWORK; MESSENGER; WHATSAPP",2026-01-31,2026-06-16,HD: https://video.fjai6-1.fna.fbcdn.net/o1/v/t2/f2/m86/AQM7esVhFYY-Si8uH4RUpBrM-Gd-mkPKtPpQ2RwcDS1a_cjC3PHPOEXDd1ISF16PQFCHV8nWn-nBG6286bfzdLnmlbYVxV_RjQipSmQ.mp4?_nc_cat=107&_nc_oc=AdqJmBu6urC6qf54-JXuSVdbY6yCwdCZ-UVFtkq5VkSqSnu9Ud4rKqbWZKcV3WKGHnVG5IfBofNbiZ_xmPUaOBk3&_nc_sid=b66105&_nc_ht=video.fjai6-1.fna.fbcdn.net&_nc_ohc=pj1J0grE4PsQ7kNvwFRFHO2&efg=eyJ2ZW5jb2RlX3RhZyI6Inhwdl9wcm9ncmVzc2l2ZS5WSV9VU0VDQVNFX1BST0RVQ1RfVFlQRS4uQzMuNzIwLmRhc2hfYmFzZWxpbmVfMV92MSIsInhwdl9hc3NldF9pZCI6NjgyNjMzMDAxNTcxMDQzLCJhc3NldF9hZ2VfZGF5cyI6MjM3LCJ2aV91c2VjYXNlX2lkIjoxMDA5OSwiZHVyYXRpb25fcyI6NjAsInVybGdlbl9zb3VyY2UiOiJ3d3cifQ%3D%3D&ccb=17-1&vs=8911f8f977439102&_nc_vs=HBksFQIYUmlnX3hwdl9yZWVsc19wZXJtYW5lbnRfc3JfcHJvZC80QzRCNTQ3RkMwODA0RENCOTI5RURBNTcwNjYxMDdBRF92aWRlb19kYXNoaW5pdC5tcDQVAALIARIAFQIYR2lnX3hwdl9yZWVsc19wZXJtYW5lbnRfc3JfcHJvZC8xNDYwMTMyMzY4NDE0NTU0Xzc0MzkxNzk2NTE0Mzk2OTY0NDIubXA0FQICyAESACgAGAAbAogHdXNlX29pbAExEnByb2dyZXNzaXZlX3JlY2lwZQExFQAAJsbLkJm8trYCFQIoAkMzLBdATgQ5WBBiThgSZGFzaF9iYXNlbGluZV8xX3YxEQB1AGXmnQEA&_nc_gid=PRQ-bqboDVyJUgaeIzlvvQ&_nc_ss=7b289&_nc_zt=28&oh=00_Af9pnvJvhA8D6xu6lbBtP14wkcgrDAxqZAtbA8tM4njBhA&oe=6A346EA0 | SD: https://video.fjai6-1.fna.fbcdn.net/o1/v/t2/f2/m86/AQO6ijYcxYCeYuvMytAMnUtUD7VGiE-D4fUFY0WabLttsa_fM7cP5XBty20WRZlgieGqYiSp_6L34le2Ey1EN-xQdS-LY7Z0LfnTe9Q.mp4?_nc_cat=108&_nc_oc=AdoaXjLYeEBdE9DLsYkWhD8ZpKFeqaRdScowWoEujhv5LUVqw91kFp_P3IS12i07cUJGGdKZk2dkpizgOTzDFO5h&_nc_sid=b66105&_nc_ht=video.fjai6-1.fna.fbcdn.net&_nc_ohc=JKWiPCD6vpQQ7kNvwE8WOQa&efg=eyJ2ZW5jb2RlX3RhZyI6Inhwdl9wcm9ncmVzc2l2ZS5WSV9VU0VDQVNFX1BST0RVQ1RfVFlQRS4uQzMuMzYwLmRhc2hfYmFzZWxpbmVfM192MSIsInhwdl9hc3NldF9pZCI6NjgyNjMzMDAxNTcxMDQzLCJhc3NldF9hZ2VfZGF5cyI6MjM3LCJ2aV91c2VjYXNlX2lkIjoxMDA5OSwiZHVyYXRpb25fcyI6NjAsInVybGdlbl9zb3VyY2UiOiJ3d3cifQ%3D%3D&ccb=17-1&vs=cce76bd8e23de57a&_nc_vs=HBksFQIYUmlnX3hwdl9yZWVsc19wZXJtYW5lbnRfc3JfcHJvZC8wQjQ0MkMwMjg1QjU5Nzc4MkYxMTFDQzcwRjZDRjY4OV92aWRlb19kYXNoaW5pdC5tcDQVAALIARIAFQIYR2lnX3hwdl9yZWVsc19wZXJtYW5lbnRfc3JfcHJvZC8xNDYwMTMyMzY4NDE0NTU0Xzc0MzkxNzk2NTE0Mzk2OTY0NDIubXA0FQICyAESACgAGAAbAogHdXNlX29pbAExEnByb2dyZXNzaXZlX3JlY2lwZQExFQAAJsbLkJm8trYCFQIoAkMzLBdATgQ5WBBiThgSZGFzaF9iYXNlbGluZV8zX3YxEQB1AGXmnQEA&_nc_gid=PRQ-bqboDVyJUgaeIzlvvQ&_nc_ss=7b289&_nc_zt=28&oh=00_Af82CbPbhT-TnjHAX5Kz20CywSD38XdDUoe9mQI9W0ev6Q&oe=6A3443D1 | Preview: https://scontent.fjai6-1.fna.fbcdn.net/v/t39.35426-6/571224333_3733574026944240_6420077938841249801_n.jpg?_nc_cat=104&ccb=1-7&_nc_sid=c53f8f&_nc_ohc=DuEoGHlwcLUQ7kNvwHyvrpP&_nc_oc=AdqS6IPlv5-E0DKmraIQRSkPEKSwmeAA7fIopNDqmNPac9VIlY0z2BW9LmdEUIVtYPGNJEdv-stfRg23r8PsEVBd&_nc_zt=14&_nc_ht=scontent.fjai6-1.fna&_nc_gid=PRQ-bqboDVyJUgaeIzlvvQ&_nc_ss=7b289&oh=00_Af_2x-kyFUerjLKfD5vlpV1z1U11GatUYyd65h5gIT-lSQ&oe=6A383B95,,,,,,,
864972313050614,https://www.facebook.com/61586154560806/,fb.me,https://www.facebook.com/61586154560806/,,,,sales@niveeproperty.com,+91 87907 56789,,,,950713134786795,http://fb.me/,Nivee Property,https://www.facebook.com/ads/library/?id=864972313050614,"Looking for a spacious, ready-to-move luxury villa in West Hyderabad?
Discover exclusive 4 BHK villas designed for space, comfort & modern living.

ORR – 10 mins | International Schools – 10 mins | Top Hospitals – 20 mins | Financial District – 15 mins | Gachibowli – 20 mins | HITEC City – 25 mins.

Private Elevator | 60000 Sft Clubhouse | Rooftop Swimming Pool | Servant Quarter & Much More!",17,Book now,fb.me,"FACEBOOK; INSTAGRAM",2026-01-20,2026-06-17,,,"Looking for a spacious, ready-to-move luxury villa in West Hyderabad?
Discover exclusive 4 BHK villas designed for space, comfort & modern living.

ORR – 10 mins | International Schools – 10 mins | Top Hospitals – 20 mins | Financial District – 15 mins | Gachibowli – 20 mins | HITEC City – 25 mins.

Private Elevator | 60000 Sft Clubhouse | Rooftop Swimming Pool | Servant Quarter & Much More! || Looking for a spacious, ready-to-move luxury villa in West Hyderabad?
Discover exclusive 4 BHK villas designed for space, comfort & modern living.

ORR – 10 mins | International Schools – 10 mins | Top Hospitals – 20 mins | Financial District – 15 mins | Gachibowli – 20 mins | HITEC City – 25 mins.

Private Elevator | 60000 Sft Clubhouse | Rooftop Swimming Pool | Servant Quarter & Much More! || Looking for a spacious, ready-to-move luxury villa in West Hyderabad?
Discover exclusive 4 BHK villas designed for space, comfort & modern living.

ORR – 10 mins | International Schools – 10 mins | Top Hospitals – 20 mins | Financial District – 15 mins | Gachibowli – 20 mins | HITEC City – 25 mins.

Private Elevator | 60000 Sft Clubhouse | Rooftop Swimming Pool | Servant Quarter & Much More!",http://fb.me/ || http://fb.me/ || http://fb.me/,,Book Now || Book Now || Book Now,Original: https://scontent.fjai6-1.fna.fbcdn.net/v/t39.35426-6/615443631_1684273472980536_7145404382852515952_n.jpg?_nc_cat=104&ccb=1-7&_nc_sid=c53f8f&_nc_ohc=BGR-Nuo1hfUQ7kNvwG0p3hT&_nc_oc=AdoW2Ibwugj3EySQUYRVbg1Onl0_2Y58t9sVZC7N-2-gbBLMHbTkkTVqHKkq5WHdokDOImnzrb0cXKVAwQmOnMPP&_nc_zt=14&_nc_ht=scontent.fjai6-1.fna&_nc_gid=PRQ-bqboDVyJUgaeIzlvvQ&_nc_ss=7b289&oh=00_Af8sP9fMClm6hdz0KgV3anfxH7YhU8kyMFhlleyVPfZXzQ&oe=6A38528E | Resized: https://scontent.fjai6-1.fna.fbcdn.net/v/t39.35426-6/617128262_3725729824388039_5911451065383841280_n.jpg?stp=dst-jpg_s600x600_tt6&_nc_cat=103&ccb=1-7&_nc_sid=c53f8f&_nc_ohc=zE2rv9S9D20Q7kNvwEa5Gs-&_nc_oc=Ado1xyUZ2WGA6MFYA0ITGvhkWWF8RajbEpJZykq22jQMrUmZaJtf5aPV9mjc1UJz7Xzvg5Fv_YwzzVBZLhCh1urG&_nc_zt=14&_nc_ht=scontent.fjai6-1.fna&_nc_gid=PRQ-bqboDVyJUgaeIzlvvQ&_nc_ss=7b289&oh=00_Af8lJ3OncfQ2q40Zssgx9iC_ACI45kiBk6xEakrabCb3yA&oe=6A38388C || Original: https://scontent.fjai6-1.fna.fbcdn.net/v/t39.35426-6/616702444_3350098051810389_5384580884825938464_n.jpg?_nc_cat=105&ccb=1-7&_nc_sid=c53f8f&_nc_ohc=5HScCeUFQ0kQ7kNvwGBmhEc&_nc_oc=AdovMaZaF-3rHP3S78Nsr5o3RSGcc1ZLpwBlY_lUY4Vzr-564u3jWxFDfNs9Yq2FE1FcYHT573bE3jlmRmCTH7lA&_nc_zt=14&_nc_ht=scontent.fjai6-1.fna&_nc_gid=PRQ-bqboDVyJUgaeIzlvvQ&_nc_ss=7b289&oh=00_Af8F-kq2dceXaZeZT0yheyjqRh_sa0qunYox9Q_H3t9fJg&oe=6A385071 | Resized: https://scontent.fjai6-1.fna.fbcdn.net/v/t39.35426-6/615483882_864553186489159_7299823631965480267_n.jpg?stp=dst-jpg_s600x600_tt6&_nc_cat=104&ccb=1-7&_nc_sid=c53f8f&_nc_ohc=awW_P6ErvWIQ7kNvwEjCeHY&_nc_oc=AdrkLpuWpbOL3GNG58AubVJ4xkoJm3iW_wainZEvJwf2De391jmA1u0P9ZJ7H1v14u1H74C6HcG7jJStYAHn4Z8T&_nc_zt=14&_nc_ht=scontent.fjai6-1.fna&_nc_gid=PRQ-bqboDVyJUgaeIzlvvQ&_nc_ss=7b289&oh=00_Af8w0yzC7yKKMcH7NcYYy-E8brZKmexrdfF0rjngioZNnw&oe=6A38589C || Original: https://scontent.fjai6-1.fna.fbcdn.net/v/t39.35426-6/615149273_861561063291604_3151942640317508900_n.jpg?_nc_cat=105&ccb=1-7&_nc_sid=c53f8f&_nc_ohc=wWqpd3uVa38Q7kNvwFc0Y3k&_nc_oc=Adqvc4H-8nIr4LBB7iE47LgqxERM1CmfUfkBPlL1lJPeVdl1mE7HiSCtMrk2RStol-XrIM0hCjh1yzCdARywK4PW&_nc_zt=14&_nc_ht=scontent.fjai6-1.fna&_nc_gid=PRQ-bqboDVyJUgaeIzlvvQ&_nc_ss=7b289&oh=00_Af_ZjKog0izgRmvzTd1TVJ_iEuxv55xSlSV70dwjyDcYAA&oe=6A3847F7 | Resized: https://scontent.fjai6-1.fna.fbcdn.net/v/t39.35426-6/615813394_1204445594572390_6146537014652163792_n.jpg?stp=dst-jpg_s600x600_tt6&_nc_cat=111&ccb=1-7&_nc_sid=c53f8f&_nc_ohc=0lqTMM_PODkQ7kNvwGTBU59&_nc_oc=Adr4KVI1rqFG1FEnfxId-Q0z2Ii1e0oTnrLQixNNLMbGKpknXeX5eh4oKWeh2CBtt3fL9qICiMbk4Ygg1P5jfGOA&_nc_zt=14&_nc_ht=scontent.fjai6-1.fna&_nc_gid=PRQ-bqboDVyJUgaeIzlvvQ&_nc_ss=7b289&oh=00_Af_sbaMiN1hfqU3f4IVwXQ3LMCUShT4bNxExFTLDMjDKAg&oe=6A383911,
1461186115312861,https://www.facebook.com/nvtql/,fb.me,https://www.facebook.com/nvtql/,,,,contact@nvtqualitygroup.com,+91 88842 45678,,,,832552950101650,http://fb.me/,NVT Quality Lifestyle,https://www.facebook.com/ads/library/?id=1461186115312861,"Designed with personal space in mind. We are launching Eterna Villas next to a 300-acre lake on Sarjapur-Attibele Main Road.
4 & 5 BHK Luxury Villas starting at 3.3 Cr*

✅ Private Backyard | Sunlit Homes | Private Skydeck | Balconies for every room
✅ 10,000+ happy customers |150+ acres under development |2M sq.ft of delivery on time.
✅ ET Best Lifestyle Brands218 | CREDAI Care Awards 2023 | Times Business Awards2025
✅ Falls within the growth corridor between Electronic City, Sarjapur & Hosur Road.
✅ Gym | Swimming Pool | Coworking Area | Activity Room | Terrace Deck
✅ Electronic City – ~32 mins | Sarjapur Road – ~45 mins | Confident Square Mall – 21 mins",10963,Book now,fb.me,"FACEBOOK; INSTAGRAM",2026-05-26,2026-06-17,,,"Designed with personal space in mind. We are launching Eterna Villas next to a 300-acre lake on Sarjapur-Attibele Main Road.
4 & 5 BHK Luxury Villas starting at 3.3 Cr*

✅ Private Backyard | Sunlit Homes | Private Skydeck | Balconies for every room
✅ 10,000+ happy customers |150+ acres under development |2M sq.ft of delivery on time.
✅ ET Best Lifestyle Brands218 | CREDAI Care Awards 2023 | Times Business Awards2025
✅ Falls within the growth corridor between Electronic City, Sarjapur & Hosur Road.
✅ Gym | Swimming Pool | Coworking Area | Activity Room | Terrace Deck
✅ Electronic City – ~32 mins | Sarjapur Road – ~45 mins | Confident Square Mall – 21 mins || Designed with personal space in mind. We are launching Eterna Villas next to a 300-acre lake on Sarjapur-Attibele Main Road.
4 & 5 BHK Luxury Villas starting at 3.3 Cr*

✅ Private Backyard | Sunlit Homes | Private Skydeck | Balconies for every room
✅ 10,000+ happy customers |150+ acres under development |2M sq.ft of delivery on time.
✅ ET Best Lifestyle Brands218 | CREDAI Care Awards 2023 | Times Business Awards2025
✅ Falls within the growth corridor between Electronic City, Sarjapur & Hosur Road.
✅ Gym | Swimming Pool | Coworking Area | Activity Room | Terrace Deck
✅ Electronic City – ~32 mins | Sarjapur Road – ~45 mins | Confident Square Mall – 21 mins",http://fb.me/ || http://fb.me/,,Book Now || Book Now,,HD: https://video.fjai6-1.fna.fbcdn.net/o1/v/t2/f2/m366/AQPWTFc8e_VK_Qw40q19SYO-O_olt2U2db0zl--DCss-feGNP-nvk2_13rs0xeO2NjM-tEC7ipf9Bsv-06tC2Z0YxHdgHZ5tuPNANo1iMcRg3w.mp4?_nc_cat=100&_nc_oc=AdoNQUzMYK0ZRSPDuEBa3rea24SgY7NL-nWJAcrb1ZsZcmUEaeEfUHtbMk4_GK_yvOKZxmAN93TYOvnvutzBA7K7&_nc_sid=b66105&_nc_ht=video.fjai6-1.fna.fbcdn.net&_nc_ohc=EDfFTA8_VjgQ7kNvwFT9QiV&efg=eyJ2ZW5jb2RlX3RhZyI6Inhwdl9wcm9ncmVzc2l2ZS5WSV9VU0VDQVNFX1BST0RVQ1RfVFlQRS4uQzMuNzIwLmRhc2hfaDI2NC1iYXNpYy1nZW4yXzcyMHAiLCJ4cHZfYXNzZXRfaWQiOjE0OTQ5Njk1NDU2ODMwOTgsImFzc2V0X2FnZV9kYXlzIjoxMDQsInZpX3VzZWNhc2VfaWQiOjEwNzk5LCJkdXJhdGlvbl9zIjoxOCwidXJsZ2VuX3NvdXJjZSI6Ind3dyJ9&ccb=17-1&vs=a3376b2e1bfd8679&_nc_vs=HBksFQIYRWZiX2VwaGVtZXJhbC9EMDRDNjE0QjYyNDVGMDc3NUJFNDdDM0U2QTU0RkU5NF9tdF8xX3ZpZGVvX2Rhc2hpbml0Lm1wNBUAAsgBEgAVAhhAZmJfcGVybWFuZW50LzcxNEI2MTRCQzRCQTk4NEM0NjYyNUM0QzlGNjBCREE2X2F1ZGlvX2Rhc2hpbml0Lm1wNBUCAsgBEgAoABgAGwKIB3VzZV9vaWwBMRJwcm9ncmVzc2l2ZV9yZWNpcGUBMRUAACa0wsOL1-qnBRUCKAJDMywXQDKVwo9cKPYYGWRhc2hfaDI2NC1iYXNpYy1nZW4yXzcyMHARAHUAZd6oAQA&_nc_gid=87yLpArFzlLJv09CkIEwGQ&_nc_ss=7b289&_nc_zt=28&oh=00_Af-yzvllQtslrOYT9UkChMU5F0HXXnN1KXhqmXoBigkKVw&oe=6A386310 | SD: https://video.fjai6-1.fna.fbcdn.net/o1/v/t2/f2/m412/AQPA7KIQHkzJsXWbZ9Y7HfKEQ5M9K3O-coKIt6bKiImuSfkWBV0jhhn-kco8CGNI0GX_bXBwnRQhNX5oj7josTCKieJf4g3fUJ3f4Afsow.mp4?_nc_cat=103&_nc_oc=AdrXjdyfnNXAvrh3c2uABKpQNcXvjRvPjFHq4hy6AhoRcYO7N_pLMKvDcMjtffrj3wC_f5xblVzMO8vaRaFCtQx3&_nc_sid=ef5aa3&_nc_ht=video.fjai6-1.fna.fbcdn.net&_nc_ohc=e4SAH_6XkuEQ7kNvwHXTWbP&efg=eyJ2ZW5jb2RlX3RhZyI6Inhwdl9wcm9ncmVzc2l2ZS5WSV9VU0VDQVNFX1BST0RVQ1RfVFlQRS4uQzMuMzYwLnN2ZV9zZCIsInhwdl9hc3NldF9pZCI6MTQ5NDk2OTU0NTY4MzA5OCwiYXNzZXRfYWdlX2RheXMiOjEwNCwidmlfdXNlY2FzZV9pZCI6MTA3OTksImR1cmF0aW9uX3MiOjE4LCJ1cmxnZW5fc291cmNlIjoid3d3In0%3D&ccb=17-1&_nc_gid=87yLpArFzlLJv09CkIEwGQ&_nc_ss=7b289&_nc_zt=28&oh=00_Af9MkExnF9lXwY7NLcVuH2eYTO0zVGEzIM4Ns00HuNL-uw&oe=6A385763 | Preview: https://scontent.fjai6-1.fna.fbcdn.net/v/t39.35426-6/707048831_939769829043724_3230025285252770523_n.jpg?_nc_cat=105&ccb=1-7&_nc_sid=c53f8f&_nc_ohc=HyblnthRd20Q7kNvwGO_fkX&_nc_oc=AdreJxTeHpuyB6oi86CKkGasruoklNb0QIbvWoV85D5FE9KzgThoBuL4HBCTZO7AdrWVkaUBE8Jk54fsKsTtREHN&_nc_zt=14&_nc_ht=scontent.fjai6-1.fna&_nc_gid=87yLpArFzlLJv09CkIEwGQ&_nc_ss=7b289&oh=00_Af_xGOU5Qi2K_k6sg2PQbNm6WwpWMzviaCb6cjQL7lCC0Q&oe=6A384199 || HD: https://video.fjai6-1.fna.fbcdn.net/o1/v/t2/f2/m366/AQNwobmcvVDvjxw0-lbCsMrI0INhT2OWWKVul6SpYMyJiDRzNrTcXsxeJcF72oq_KLeUk9_LE14lp_pSfCugdxCIhy1KVVFGbXPRoUXQbwp4Ig.mp4?_nc_cat=105&_nc_oc=AdrJ-J25C69AtFy8Jz0vtclyQ9ERJSwFyOvr88wnazdrs2mu6VwokXz5qjkbi45k_3p5MFcG0sLgn29yFv0wKoUk&_nc_sid=b66105&_nc_ht=video.fjai6-1.fna.fbcdn.net&_nc_ohc=75NEfDMan2UQ7kNvwFeqVbr&efg=eyJ2ZW5jb2RlX3RhZyI6Inhwdl9wcm9ncmVzc2l2ZS5WSV9VU0VDQVNFX1BST0RVQ1RfVFlQRS4uQzMuNzIwLmRhc2hfaDI2NC1iYXNpYy1nZW4yXzcyMHAiLCJ4cHZfYXNzZXRfaWQiOjE5MjI0MjE2MDE3MTA1MzgsImFzc2V0X2FnZV9kYXlzIjoxMDQsInZpX3VzZWNhc2VfaWQiOjEwNzk5LCJkdXJhdGlvbl9zIjoxOCwidXJsZ2VuX3NvdXJjZSI6Ind3dyJ9&ccb=17-1&vs=ef6000f33d4abe73&_nc_vs=HBksFQIYRWZiX2VwaGVtZXJhbC81NTQ3NjYwNDM2ODIyMTI4RjVBRjkyRTNDRkI4MkZCQl9tdF8xX3ZpZGVvX2Rhc2hpbml0Lm1wNBUAAsgBEgAVAhhAZmJfcGVybWFuZW50Lzg2NDk0RjNCOTMxOTlBRDc0NzRCRDkwOUY2QzE0MUIwX2F1ZGlvX2Rhc2hpbml0Lm1wNBUCAsgBEgAoABgAGwKIB3VzZV9vaWwBMRJwcm9ncmVzc2l2ZV9yZWNpcGUBMRUAACaUx-2K1ZvqBhUCKAJDMywXQDKNDlYEGJMYGWRhc2hfaDI2NC1iYXNpYy1nZW4yXzcyMHARAHUAZd6oAQA&_nc_gid=87yLpArFzlLJv09CkIEwGQ&_nc_ss=7b289&_nc_zt=28&oh=00_Af9k7mM5rSTx9TXXj8QV-HxWXIC4uWlbaaKunpGCX2RcMw&oe=6A38407F | SD: https://video.fjai6-1.fna.fbcdn.net/o1/v/t2/f2/m412/AQN6uuZM5eWrcSXE7vPvO1KHpz1tGrvF6QLdyqYOmYSzfzwyl-K6uUVS1Kp5SO9FtbCbtssx5O7t8Tto-6mkmw-7zH3JZ5Q44TBcAFUh1w.mp4?_nc_cat=100&_nc_oc=Adqzpyv0pyl_FJ7RggFa05nQeMDE3_YNDVfW_Q3fDbLelj_MS0Joqg7cgsRpxJIwx0BqcrX9cYiX6QDzU8EoJXEO&_nc_sid=ef5aa3&_nc_ht=video.fjai6-1.fna.fbcdn.net&_nc_ohc=wgj12rG9J98Q7kNvwGKc-WB&efg=eyJ2ZW5jb2RlX3RhZyI6Inhwdl9wcm9ncmVzc2l2ZS5WSV9VU0VDQVNFX1BST0RVQ1RfVFlQRS4uQzMuMzYwLnN2ZV9zZCIsInhwdl9hc3NldF9pZCI6MTkyMjQyMTYwMTcxMDUzOCwiYXNzZXRfYWdlX2RheXMiOjEwNCwidmlfdXNlY2FzZV9pZCI6MTA3OTksImR1cmF0aW9uX3MiOjE4LCJ1cmxnZW5fc291cmNlIjoid3d3In0%3D&ccb=17-1&_nc_gid=87yLpArFzlLJv09CkIEwGQ&_nc_ss=7b289&_nc_zt=28&oh=00_Af8fpr5M1-5ybt-cl4M-nTvKn_TCKej0Eqvm9UAVibDTSQ&oe=6A383F76 | Preview: https://scontent.fjai6-1.fna.fbcdn.net/v/t39.35426-6/707289228_1006132398518462_1639527816852592177_n.jpg?_nc_cat=106&ccb=1-7&_nc_sid=c53f8f&_nc_ohc=d_uo9UX5JFMQ7kNvwGe1qLE&_nc_oc=AdqaUBEb8xcur0qHJ-c2zTGVjk3c_p93lUgWpH7u-eIH1yn-tt1dBe9nUGeo26bxcorFJc0byzsUAhTcWuzDTvku&_nc_zt=14&_nc_ht=scontent.fjai6-1.fna&_nc_gid=87yLpArFzlLJv09CkIEwGQ&_nc_ss=7b289&oh=00_Af_yP_LKbGV1VTI3iYvFpU9aX7jPtHondXj0EDtEZeZknQ&oe=6A383F20
4356696701270741,https://www.facebook.com/stay.elivaas/,elivaas.com,https://www.facebook.com/stay.elivaas/,,,,,,,,,117579414687132,https://www.elivaas.com/villas/villas-in-kasauli,Elivaas,https://www.facebook.com/ads/library/?id=4356696701270741,"Escape to peaceful hill views, cozy luxury & unforgettable villa stays in Kasauli.
Experience slow mornings and relaxing getaways with ELIVAAS.",2241,Book now,www.elivaas.com,"INSTAGRAM; THREADS",2026-06-02,2026-06-17,HD: https://video.fjai6-1.fna.fbcdn.net/o1/v/t2/f2/m366/AQMjQg4xP4fJ_3279wxN1cBNufVkmicbgmEWs1cQAt2-WpFMdMhHi53tTN1QgLIPJxTCzai0oYiJk1G0_zTaiIqTe5rYrIZANcNWFaET5-C8yA.mp4?_nc_cat=105&_nc_oc=AdoHUscXoSk3_ubA3c85qQYsnVbEom1SntOVKbrk6BylQjOzVXNxhxg5dgt2fJm2gbXCeFhasEn3SWkwIkGhqFIy&_nc_sid=b66105&_nc_ht=video.fjai6-1.fna.fbcdn.net&_nc_ohc=EUdextclsn4Q7kNvwGMIVuB&efg=eyJ2ZW5jb2RlX3RhZyI6Inhwdl9wcm9ncmVzc2l2ZS5WSV9VU0VDQVNFX1BST0RVQ1RfVFlQRS4uQzMuNzIwLmRhc2hfaDI2NC1iYXNpYy1nZW4yXzcyMHAiLCJ4cHZfYXNzZXRfaWQiOjQzODc1NjQwNTQ5MDU4NjUsImFzc2V0X2FnZV9kYXlzIjozMCwidmlfdXNlY2FzZV9pZCI6MTAxMzksImR1cmF0aW9uX3MiOjIyLCJ1cmxnZW5fc291cmNlIjoid3d3In0%3D&ccb=17-1&vs=aaf6ca8bea8c830b&_nc_vs=HBksFQIYRWZiX2VwaGVtZXJhbC85MzQ5MTQ3M0EyRjZDQThERURFNEJBRjE3MzE1QjhCMV9tdF8xX3ZpZGVvX2Rhc2hpbml0Lm1wNBUAAsgBEgAVAhhAZmJfcGVybWFuZW50LzNCNDYzQkJBRTI3NjdBRDBFQTk3REE4OUJDNTFFRThEX2F1ZGlvX2Rhc2hpbml0Lm1wNBUCAsgBEgAoABgAGwKIB3VzZV9vaWwBMRJwcm9ncmVzc2l2ZV9yZWNpcGUBMRUAACaSkODO653LDxUCKAJDMywXQDbdsi0OVgQYGWRhc2hfaDI2NC1iYXNpYy1nZW4yXzcyMHARAHUAZbaeAQA&_nc_gid=87yLpArFzlLJv09CkIEwGQ&_nc_ss=7b289&_nc_zt=28&oh=00_Af-Lh0kyGYWmP_icbqEnJPzBlpi8kYRUBhyBoLNzcipV1Q&oe=6A38566B | SD: https://video.fjai6-1.fna.fbcdn.net/o1/v/t2/f2/m412/AQPrjbKa9ugjgJDxL6qPGX2zoFiimSt8G1-88Vs3hOdwD1r7IR4AgSBkwo-PKYOzRUEzP8obh-x7qXx8pk9-N-5jdA12Xckz-GkerNjByw.mp4?_nc_cat=100&_nc_oc=AdqNZ9mCBguFw6oJ1H4UptgOwu6X4qJgyJKra8ylBQjpGvo13zdOUGgNKkvZKvEvAHpceHMLAaFAtYHt-KQxS-Pm&_nc_sid=ef5aa3&_nc_ht=video.fjai6-1.fna.fbcdn.net&_nc_ohc=dWlqrWZ_3ToQ7kNvwGZ1GRf&efg=eyJ2ZW5jb2RlX3RhZyI6Inhwdl9wcm9ncmVzc2l2ZS5WSV9VU0VDQVNFX1BST0RVQ1RfVFlQRS4uQzMuMzYwLnN2ZV9zZCIsInhwdl9hc3NldF9pZCI6NDM4NzU2NDA1NDkwNTg2NSwiYXNzZXRfYWdlX2RheXMiOjMwLCJ2aV91c2VjYXNlX2lkIjoxMDEzOSwiZHVyYXRpb25fcyI6MjIsInVybGdlbl9zb3VyY2UiOiJ3d3cifQ%3D%3D&ccb=17-1&_nc_gid=87yLpArFzlLJv09CkIEwGQ&_nc_ss=7b289&_nc_zt=28&oh=00_Af-_qhqC-sOoPjgIZf9B6vec6NQFeSSvCthBrUDctwafgg&oe=6A383B6E | Preview: https://scontent.fjai6-1.fna.fbcdn.net/v/t39.35426-6/712924438_1301733845503944_3436372476420831067_n.jpg?_nc_cat=101&ccb=1-7&_nc_sid=c53f8f&_nc_ohc=KMbHoSK5-xQQ7kNvwEIU_5L&_nc_oc=Adpj-415NNIVpY0JBWdw6hBGVdzGyKljEoR2kHPRSMUEES09NYmk0r4cCqmm723SETmbCknxtCxV2YWgMPDVS4xR&_nc_zt=14&_nc_ht=scontent.fjai6-1.fna&_nc_gid=87yLpArFzlLJv09CkIEwGQ&_nc_ss=7b289&oh=00_Af-G02p_K0WX2YaBa6sSvMbuwaC-u_er9qcA8lvt_kOYVg&oe=6A3861FD,,,,,,,
2399714460547598,https://www.facebook.com/stay.elivaas/,elivaas.com,https://www.facebook.com/stay.elivaas/,,,,staywithus@elivaas.com,+91 78274 49532,,,,117579414687132,https://www.elivaas.com/villas/villas-in-goa?propertyBrand=PRIVE,Elivaas,https://www.facebook.com/ads/library/?id=2399714460547598,"Step into a world of exclusivity with ELIVAAS Privé villas in Goa.

✔ Ultra-luxury villas
✔ Private pools & jacuzzis
✔ Curated experiences

Perfect for luxury getaways with friends and family.",2241,Book now,www.elivaas.com,"INSTAGRAM; THREADS",2026-06-04,2026-06-17,HD: https://video.fjai6-1.fna.fbcdn.net/o1/v/t2/f2/m366/AQOpWV7BgN6HgEZpP8b5q5krM7jpULKAc4colNrnpMrydXwQfsJmhXQrx_B9y-iIBBe1Ha7HL0bFIaAHMcgpD0zA5JPdf_KVa3mrA6lqhvHPQA.mp4?_nc_cat=100&_nc_oc=Adq5yYKW87rze5kJ3wlMbkpYK1fAQTa-5Wlzfjm4yEyoXzm-dLQ9-lb5e50OCV8Y70Z5XoH_6uqHeirgGcq8-BZZ&_nc_sid=b66105&_nc_ht=video.fjai6-1.fna.fbcdn.net&_nc_ohc=aDBXx4wWtiwQ7kNvwEZ2XrL&efg=eyJ2ZW5jb2RlX3RhZyI6Inhwdl9wcm9ncmVzc2l2ZS5WSV9VU0VDQVNFX1BST0RVQ1RfVFlQRS4uQzMuNzIwLmRhc2hfaDI2NC1iYXNpYy1nZW4yXzcyMHAiLCJ4cHZfYXNzZXRfaWQiOjg3MDM4MTM2NTczMzMzNCwiYXNzZXRfYWdlX2RheXMiOjE2MSwidmlfdXNlY2FzZV9pZCI6MTA3OTksImR1cmF0aW9uX3MiOjQ4LCJ1cmxnZW5fc291cmNlIjoid3d3In0%3D&ccb=17-1&vs=de162ba49a7bbed9&_nc_vs=HBksFQIYRWZiX2VwaGVtZXJhbC9CQTQ5NjNFNDMwRTU5QkI5MzlCRTk1NzFBN0M4RENBN19tdF8xX3ZpZGVvX2Rhc2hpbml0Lm1wNBUAAsgBEgAVAhhAZmJfcGVybWFuZW50LzgwNDE1NUU0N0FFODQ0REI3QkFEN0RGODIzQzFGMEFGX2F1ZGlvX2Rhc2hpbml0Lm1wNBUCAsgBEgAoABgAGwKIB3VzZV9vaWwBMRJwcm9ncmVzc2l2ZV9yZWNpcGUBMRUAACasn_3B7uaLAxUCKAJDMywXQEgQxJul41QYGWRhc2hfaDI2NC1iYXNpYy1nZW4yXzcyMHARAHUAZd6oAQA&_nc_gid=87yLpArFzlLJv09CkIEwGQ&_nc_ss=7b289&_nc_zt=28&oh=00_Af_VXR8YGp70cWCxJA6cT2v2pf_-z_jVTf8rDr68Cp2I6A&oe=6A3848FC | SD: https://video.fjai6-1.fna.fbcdn.net/o1/v/t2/f2/m412/AQPLmWpNZdhv_U3fPR5otQwZabYHQS__DddpgfO-01LeVDSA6uhydmZUOtxgatjaFhcW2oue9JZ6582kXrRROAWu8i_dqPgbJq6Atpwxvw.mp4?_nc_cat=105&_nc_oc=Adr6jYs1zf9b-3S-H7VKpFB4qqzzbb56d9RCNwiYHJ9yah4jZI7A8U2QOc4Qo6zIsDGQ0IB_AAh1-0DpZIvVfQtx&_nc_sid=ef5aa3&_nc_ht=video.fjai6-1.fna.fbcdn.net&_nc_ohc=1fF6_b0NokwQ7kNvwFKCuZp&efg=eyJ2ZW5jb2RlX3RhZyI6Inhwdl9wcm9ncmVzc2l2ZS5WSV9VU0VDQVNFX1BST0RVQ1RfVFlQRS4uQzMuMzYwLnN2ZV9zZCIsInhwdl9hc3NldF9pZCI6ODcwMzgxMzY1NzMzMzM0LCJhc3NldF9hZ2VfZGF5cyI6MTYxLCJ2aV91c2VjYXNlX2lkIjoxMDc5OSwiZHVyYXRpb25fcyI6NDgsInVybGdlbl9zb3VyY2UiOiJ3d3cifQ%3D%3D&ccb=17-1&_nc_gid=87yLpArFzlLJv09CkIEwGQ&_nc_ss=7b289&_nc_zt=28&oh=00_Af-gDzRap9zJC-nIHSn3MLZaCuACkkzi2EiwIwh0Tx9Y6Q&oe=6A386545 | Preview: https://scontent.fjai6-1.fna.fbcdn.net/v/t39.35426-6/716614917_1510563944120530_2080635514263618142_n.jpg?_nc_cat=108&ccb=1-7&_nc_sid=c53f8f&_nc_ohc=__DKt-e1by4Q7kNvwGoj6Fs&_nc_oc=AdrZ83UhHMn4XhnetnKG-s5vm0WDnxdElEG_rZwOzMdzzfFcqyX41EAg4agj82q0fhyNKpXyYZb0e6k-93oTVYHj&_nc_zt=14&_nc_ht=scontent.fjai6-1.fna&_nc_gid=87yLpArFzlLJv09CkIEwGQ&_nc_ss=7b289&oh=00_Af-7r1gZZhm8QQurtmjQmGcf50eATN_GK1pEyss-mDIoog&oe=6A383345,,,,,,,
1718148019377490,https://www.facebook.com/mrluxury89/,fb.me,https://www.facebook.com/mrluxury89/,,,,,,,,,108062547521250,http://fb.me/,Luxury Housing,https://www.facebook.com/ads/library/?id=1718148019377490,"🏡 दिल्ली-NCR की प्रॉपर्टी अब रांची में!

20-21 जून 2026 को Hotel Ramada by Wyndham, Ranchi में आयोजित होने वाले दिल्ली-NCR प्रॉपर्टी मेला में पाएं Residential Plots, Registry Ready Apartments, Commercial Spaces और Luxury Villas के बेहतरीन विकल्प।

✅ निवेश ₹15 लाख* से शुरू
✅ Ready-to-Move Properties
✅ Customized Payment Plans

अपनी सीट अभी बुक करें!",11046,Sign up,fb.me,"FACEBOOK; INSTAGRAM; AUDIENCE_NETWORK",2026-06-12,2026-06-17,,Original: https://scontent.fjai6-1.fna.fbcdn.net/v/t39.35426-6/723144418_4144869122324133_205346963933378509_n.jpg?_nc_cat=102&ccb=1-7&_nc_sid=c53f8f&_nc_ohc=mrbljOZ6JXUQ7kNvwGPYu_d&_nc_oc=AdptQYIOqIs1qXO45DHYbMMtSEC1fcxz2ka3fmrNS5WIiVOMRoeAtXG5uqYI-Ju7TInoaBWngPDR6fDeCNQpARSO&_nc_zt=14&_nc_ht=scontent.fjai6-1.fna&_nc_gid=87yLpArFzlLJv09CkIEwGQ&_nc_ss=7b289&oh=00_Af8bm5tkBl955feyZHF4FCTOiCpUsl6EEbkblKHsicL2vg&oe=6A38589A | Resized: https://scontent.fjai6-1.fna.fbcdn.net/v/t39.35426-6/724226044_1926443891391234_2230594262847004748_n.jpg?stp=dst-jpg_s600x600_tt6&_nc_cat=104&ccb=1-7&_nc_sid=c53f8f&_nc_ohc=sgh4qkDlLaoQ7kNvwGWhU7z&_nc_oc=Adrt2g2A5nFB3SYiMwb8lM8F-HMjAXJDaX_5MIPJzJlR_upDh7pLFxmR4n9wQb2TFle6vjRd3LR-Z3xKz4rrdJcj&_nc_zt=14&_nc_ht=scontent.fjai6-1.fna&_nc_gid=87yLpArFzlLJv09CkIEwGQ&_nc_ss=7b289&oh=00_Af_jZ_FP5P9ALMPEpW5d6hf8AGdB4s9yg76_NiQOX4QzbQ&oe=6A385022,,,,,,
932424835867624,https://www.facebook.com/61578367957558/,fb.me,https://www.facebook.com/61578367957558/,,,,furniture.sales@aurumhomesolutions.in,+91 88262 02460,,,,690554324146775,http://fb.me/,Aurum Home Solutions,https://www.facebook.com/ads/library/?id=932424835867624,"You specify the vision. We make sure the outdoor furniture doesn't let it down.

Spec sheets. Custom finishes. Material samples. And a project team that understands what architects and interior designers actually need.

Our collection has been specified by design professionals for luxury villas, boutique hotels, resort pools, and clubhouse outdoor areas across India.

The promise of excellence...only for the GOATs",1005,Get quote,fb.me,"FACEBOOK; INSTAGRAM; AUDIENCE_NETWORK",2026-03-17,2026-06-17,,,"Layouts, Specs, Samples...For Professional. GIT. || Marine-grade aluminum. UV-stable fabrics. Climate-tested in India || A part of numerous Award-winning projects. || Your Palette. Our Powder-Coating. A match made in heaven. || Have something in mind. Tell us. We'll bring it to life. || Special pricing and lots more ... || Achieve your highest potential. || No rusting. No fading. No calls from your client in Year 2. || Outdoor furniture that holds up as long as the rest of your work does || Residential villas, boutique hotels, resort pools — all specified",http://fb.me/ || http://fb.me/ || http://fb.me/ || http://fb.me/ || http://fb.me/ || http://fb.me/ || http://fb.me/ || http://fb.me/ || http://fb.me/ || http://fb.me/,fb.me || fb.me || fb.me || fb.me || fb.me || fb.me || fb.me || fb.me || fb.me || fb.me,Get Quote || Get Quote || Get Quote || Get Quote || Get Quote || Get Quote || Get Quote || Get Quote || Get Quote || Get Quote,Original: https://scontent.fjai6-1.fna.fbcdn.net/v/t39.35426-6/652984481_2235922353878801_8008993356463099361_n.jpg?_nc_cat=106&ccb=1-7&_nc_sid=c53f8f&_nc_ohc=5fxvmWFiSQAQ7kNvwHZfIoI&_nc_oc=Adp70_swQ13Y6bUF0fznDDRlhlSPyRERDm75uNs4af20Nw2NxLaevCvK92SCyHjqkmdTmz9hbmM0uhH_LvdzlsvA&_nc_zt=14&_nc_ht=scontent.fjai6-1.fna&_nc_gid=6e6CT6aNyjNMOfCPs8gFxw&_nc_ss=7b289&oh=00_Af9NKcO59-Ch4rs2w2ShYyD-Y6s7NkKdThxVymaQpmFmXw&oe=6A385752 | Resized: https://scontent.fjai6-1.fna.fbcdn.net/v/t39.35426-6/653793961_1665835678046030_7706100580449382646_n.jpg?stp=dst-jpg_s600x600_tt6&_nc_cat=101&ccb=1-7&_nc_sid=c53f8f&_nc_ohc=WE1KmsIf1YMQ7kNvwFByw6f&_nc_oc=AdoIuhw1dAY2io4ud8VgHRzmjvYTwgqXAckKKN92azDGuP__6_toeWyhw-JPDNpeZB2Xqe8c1bZAtnQDQfcZHNfn&_nc_zt=14&_nc_ht=scontent.fjai6-1.fna&_nc_gid=6e6CT6aNyjNMOfCPs8gFxw&_nc_ss=7b289&oh=00_Af89nvUHEp5E0WpSFdPe084L2jGEUNO7yfw3LGQUOmDcPQ&oe=6A3838D9 || Original: https://scontent.fjai6-1.fna.fbcdn.net/v/t39.35426-6/651281765_817421954035581_163386979625484503_n.jpg?_nc_cat=100&ccb=1-7&_nc_sid=c53f8f&_nc_ohc=zp7ZimWWw-sQ7kNvwHsnEsc&_nc_oc=Adpjf522c96CxiR9nHLjomc-JCa__iV3UWYfwQE8fIQwy97Kh6l8YngZD8IlN5vW5iTjL-8pSJBH7OgvQ70AueDf&_nc_zt=14&_nc_ht=scontent.fjai6-1.fna&_nc_gid=6e6CT6aNyjNMOfCPs8gFxw&_nc_ss=7b289&oh=00_Af8WEdLuBYrAqnvwlVKd8yOiwoaut391ZKhmjbJ5KElgoA&oe=6A3847D5 | Resized: https://scontent.fjai6-1.fna.fbcdn.net/v/t39.35426-6/652282912_1668930840774452_6539902608384409805_n.jpg?stp=dst-jpg_s600x600_tt6&_nc_cat=109&ccb=1-7&_nc_sid=c53f8f&_nc_ohc=UFNUNBLxtmQQ7kNvwEo278H&_nc_oc=AdoLobRensiNO429Y1RWxiy4sWAslnRzxR5SCvDgxvXAfadn00aQ2XfdOVcZF_hwVxx_4nndUKBCsBq247ANyvic&_nc_zt=14&_nc_ht=scontent.fjai6-1.fna&_nc_gid=6e6CT6aNyjNMOfCPs8gFxw&_nc_ss=7b289&oh=00_Af98R5RUaI7i8KQ14_0VyyxgnudAWSYkiP8Xy4p3q8AB-g&oe=6A38303D || Original: https://scontent.fjai6-1.fna.fbcdn.net/v/t39.35426-6/654198755_2704164319951654_2199343156304475851_n.jpg?_nc_cat=104&ccb=1-7&_nc_sid=c53f8f&_nc_ohc=9pWe-p7CnxUQ7kNvwHpheTT&_nc_oc=AdpOpoYrTMsPgHAA_u7tw9bDscMz7Mw1z9KGSo68ae_qA4hNRTfuUOCrfVBlkfE2EjBh0kEnb8msetVJo-mFhWC1&_nc_zt=14&_nc_ht=scontent.fjai6-1.fna&_nc_gid=6e6CT6aNyjNMOfCPs8gFxw&_nc_ss=7b289&oh=00_Af-Atb33ynNYU6tM0WRsCOJhizpjKqxWQO_uhNrzL00lZQ&oe=6A3854EA | Resized: https://scontent.fjai6-1.fna.fbcdn.net/v/t39.35426-6/654207581_909786261937945_4469022060052334151_n.jpg?stp=dst-jpg_s600x600_tt6&_nc_cat=108&ccb=1-7&_nc_sid=c53f8f&_nc_ohc=du0b46BCpKEQ7kNvwE908ZT&_nc_oc=Adqw4N5JhvXhBNm2zK99R0yFfauOjHrUMxkWSpQiVooJJ4JZ2Y4ufhb3RK-Dl243cS73ewbrHXq46_EiG3e-429j&_nc_zt=14&_nc_ht=scontent.fjai6-1.fna&_nc_gid=6e6CT6aNyjNMOfCPs8gFxw&_nc_ss=7b289&oh=00_Af__PqUxwha5yQCbVV-vnk_H5F8umB44V0-LJ3nGvi6XPA&oe=6A38548E || Original: https://scontent.fjai6-1.fna.fbcdn.net/v/t39.35426-6/654987800_2124683614966379_881685474316019243_n.jpg?_nc_cat=101&ccb=1-7&_nc_sid=c53f8f&_nc_ohc=8OLhaA1sMmcQ7kNvwEosYzy&_nc_oc=AdpYDkZnsNR5Cq9LU32yCZe9jVFBmp0u5b6WBb82Dy9pvJ9BL5cYS4bbaKH5YWlol7Pxqsm586N_-p-jmx-nfoI4&_nc_zt=14&_nc_ht=scontent.fjai6-1.fna&_nc_gid=6e6CT6aNyjNMOfCPs8gFxw&_nc_ss=7b289&oh=00_Af939Pcgx_z8KhzDLNNI30qUvimmPAGfxTT6xNAyyOQwJA&oe=6A385FDC | Resized: https://scontent.fjai6-1.fna.fbcdn.net/v/t39.35426-6/652623896_919015344180652_1921731137003868315_n.jpg?stp=dst-jpg_s600x600_tt6&_nc_cat=111&ccb=1-7&_nc_sid=c53f8f&_nc_ohc=ia3_JEMLCX4Q7kNvwFU4sOm&_nc_oc=Adp2JACJuwnZpPRckubT5BuHPnQZgklvA-ig4SpNeO0RGPZWzs5_GlJQlBwzcQl0RQ4yF6apX4NFPW4YnlWM8AD1&_nc_zt=14&_nc_ht=scontent.fjai6-1.fna&_nc_gid=6e6CT6aNyjNMOfCPs8gFxw&_nc_ss=7b289&oh=00_Af9qkIPP3VrCXHUXscmo-fSr__muvlwmpVCvJ_td17thLQ&oe=6A385FFF || Original: https://scontent.fjai6-1.fna.fbcdn.net/v/t39.35426-6/653927830_945490758428632_3206720522977498761_n.jpg?_nc_cat=101&ccb=1-7&_nc_sid=c53f8f&_nc_ohc=eNOK6qbPIycQ7kNvwHNysa-&_nc_oc=AdrAgaZRz26QS5clscdw-BNokUmoRWNikWPJsmDelAtpGLbBJL4Og7IpRzv7XHZWru_YOBDSV6Bj6qmKKvj0GTaJ&_nc_zt=14&_nc_ht=scontent.fjai6-1.fna&_nc_gid=6e6CT6aNyjNMOfCPs8gFxw&_nc_ss=7b289&oh=00_Af9hLM8kQleKcK0jQeOGXFj-pOHJ18L8aQQMmbm4K9Hppg&oe=6A3860EA | Resized: https://scontent.fjai6-1.fna.fbcdn.net/v/t39.35426-6/653873643_943734544809562_9118869350443662235_n.jpg?stp=dst-jpg_s600x600_tt6&_nc_cat=108&ccb=1-7&_nc_sid=c53f8f&_nc_ohc=O3nBuaWvuEYQ7kNvwHcUEnO&_nc_oc=AdqkGMnBPTRuNbF6GCKn6Gfy_o5UQxa-TaMoNfHHug7vBtbDgfKJYrxkquWNGvsl3_sQ1g3YC4wECGR0-lvJJkFn&_nc_zt=14&_nc_ht=scontent.fjai6-1.fna&_nc_gid=6e6CT6aNyjNMOfCPs8gFxw&_nc_ss=7b289&oh=00_Af8Tl07_wqDgWQbBNNi0qCAXTYY2Mb9uHIWpcDCPv7nSSw&oe=6A383EBC || Original: https://scontent.fjai6-1.fna.fbcdn.net/v/t39.35426-6/651751011_837342966034324_6917905275690427948_n.jpg?_nc_cat=100&ccb=1-7&_nc_sid=c53f8f&_nc_ohc=zsoythorFngQ7kNvwGu2gvk&_nc_oc=AdqWyCebBZ-g2Wo7C8zuBY_crY1GBkZk3aVfzK3Vx3KsasI_TTWUMuwWtRupjwb-fWVqVOptLUEWRZM4kJhrmx-c&_nc_zt=14&_nc_ht=scontent.fjai6-1.fna&_nc_gid=6e6CT6aNyjNMOfCPs8gFxw&_nc_ss=7b289&oh=00_Af8iQ84t2mJdObv5F9HK38iLJpMEG73CitQnq6ykoqydyA&oe=6A386226 | Resized: https://scontent.fjai6-1.fna.fbcdn.net/v/t39.35426-6/653404844_3078100795710439_9001625188261755125_n.jpg?stp=dst-jpg_s600x600_tt6&_nc_cat=103&ccb=1-7&_nc_sid=c53f8f&_nc_ohc=czzwGulQVjIQ7kNvwFreNZa&_nc_oc=Adoc2KEqMGUvETHI8PI0l0I6_dH2NwrmYztawDo8sJlZDgctJ6N_yWBs2TVYsFmSlpaCYWCBj9u0ZHadTnnynPHN&_nc_zt=14&_nc_ht=scontent.fjai6-1.fna&_nc_gid=6e6CT6aNyjNMOfCPs8gFxw&_nc_ss=7b289&oh=00_Af9HZ7wJyo9New7Y3sLY55hJaBwiexRu0mesWbzGDnybLw&oe=6A384E66 || Original: https://scontent.fjai6-1.fna.fbcdn.net/v/t39.35426-6/653710316_823579340025781_8945287577957416992_n.jpg?_nc_cat=108&ccb=1-7&_nc_sid=c53f8f&_nc_ohc=Zd9J-RUz9qwQ7kNvwEopW3J&_nc_oc=Adrg9z_7vrENJacfIJE2ID9y_zlWOrFVuMwbqsBuIuPxfMhjpeDjljpT6Ddpu5cgsSf2BMeT4i88cQ7e8a3Y1Qm0&_nc_zt=14&_nc_ht=scontent.fjai6-1.fna&_nc_gid=6e6CT6aNyjNMOfCPs8gFxw&_nc_ss=7b289&oh=00_Af95wIg9K1cvGW8tW-UT22rKaD_JbeFbfiEj-rKP47Mw2g&oe=6A3834AF | Resized: https://scontent.fjai6-1.fna.fbcdn.net/v/t39.35426-6/653365866_1342202137667971_7742652844853160527_n.jpg?stp=dst-jpg_s600x600_tt6&_nc_cat=108&ccb=1-7&_nc_sid=c53f8f&_nc_ohc=httPVtmk4pcQ7kNvwHJYsdo&_nc_oc=AdoLU231hYNp1fa-1vFFOZmNEj7UZs7WphzzEWd196dKXs1Geg7kfDJaDnWCrtLbjEdWP0mD91Ac4bPMb04R8iTt&_nc_zt=14&_nc_ht=scontent.fjai6-1.fna&_nc_gid=6e6CT6aNyjNMOfCPs8gFxw&_nc_ss=7b289&oh=00_Af-Oh18LPJ3gN5Os1HRSdKlZKuLrDRaJ13jU2DvBB8cEDw&oe=6A383158 || Original: https://scontent.fjai6-1.fna.fbcdn.net/v/t39.35426-6/653581079_1667480801341551_1059048365149507934_n.jpg?_nc_cat=101&ccb=1-7&_nc_sid=c53f8f&_nc_ohc=xp_5gq0qP6cQ7kNvwEUaiIT&_nc_oc=AdrzEio2XSxDp6s5pTA7LbpEabudrkcOxY8QC7_xECd1YPLdhRrNj3Wjdl0NmQr5LaNjEek7AjCI5SvhWZ37ZMoI&_nc_zt=14&_nc_ht=scontent.fjai6-1.fna&_nc_gid=6e6CT6aNyjNMOfCPs8gFxw&_nc_ss=7b289&oh=00_Af_Bggpsj4HlqGu_XZ-kQbxW1RHwSK-CMOIigs4VVVCAww&oe=6A386518 | Resized: https://scontent.fjai6-1.fna.fbcdn.net/v/t39.35426-6/652202063_926648343561073_5139484165294053766_n.jpg?stp=dst-jpg_s600x600_tt6&_nc_cat=111&ccb=1-7&_nc_sid=c53f8f&_nc_ohc=2tE2TJhL3-AQ7kNvwEK2caJ&_nc_oc=AdpdfeV0xKIF8XxmFgfyec_xt8STfTEAoevXYQ0NMjKa0KvLpEyBVH2MFY_tlx6WzckvMTZFfvYznkOYVKnZmUeL&_nc_zt=14&_nc_ht=scontent.fjai6-1.fna&_nc_gid=6e6CT6aNyjNMOfCPs8gFxw&_nc_ss=7b289&oh=00_Af-r5ibb8WMpdkKMZhoNBlY_5tX8g94ctQZ5h7xl7p7VBg&oe=6A3862E8 || Original: https://scontent.fjai6-1.fna.fbcdn.net/v/t39.35426-6/651150911_1337960241509701_2296327596767527693_n.jpg?_nc_cat=108&ccb=1-7&_nc_sid=c53f8f&_nc_ohc=BFSRVvqf5OIQ7kNvwF4L5L_&_nc_oc=Ado_Oec7Se5OlA-RLEEkyX7xcIFxsAhd2JhFJBKIhyJpFEXXRkMZg2zxgKWiVlEq_MLWN7ZGmo383qJPCPmJxl5G&_nc_zt=14&_nc_ht=scontent.fjai6-1.fna&_nc_gid=6e6CT6aNyjNMOfCPs8gFxw&_nc_ss=7b289&oh=00_Af9p9Ra7XB8ddrPIywla_A7KJ6ilf9UhgFx9PN08yr0Suw&oe=6A385CC3 | Resized: https://scontent.fjai6-1.fna.fbcdn.net/v/t39.35426-6/652810809_2260584144351647_7561625482427684471_n.jpg?stp=dst-jpg_s600x600_tt6&_nc_cat=102&ccb=1-7&_nc_sid=c53f8f&_nc_ohc=LiQK5Nsep1IQ7kNvwE6L_GB&_nc_oc=AdphMQunlwLhGA8IFzUxDyEhhfN9Wk7gmTtnb8arJ5nCuuqTeV5hmFi3eTZCIO1BHdjMYybSIBJyz0fJbx1PrG4C&_nc_zt=14&_nc_ht=scontent.fjai6-1.fna&_nc_gid=6e6CT6aNyjNMOfCPs8gFxw&_nc_ss=7b289&oh=00_Af9HzpXkV-oZ8ezqmFpITmJr3nR9bWOCrkIOFPOKyfT8pA&oe=6A38566B || Original: https://scontent.fjai6-1.fna.fbcdn.net/v/t39.35426-6/652347233_911801651480742_35150725274682238_n.jpg?_nc_cat=107&ccb=1-7&_nc_sid=c53f8f&_nc_ohc=8fFe07DAoToQ7kNvwG7TO8a&_nc_oc=AdqzntxHLdbD_l-vNmLQaQ_HYme1jreV2MSPd9gBgM8mkDNwutmiPdvPHxTZW01mdaKT5lgQokpzpucfV86nacZr&_nc_zt=14&_nc_ht=scontent.fjai6-1.fna&_nc_gid=6e6CT6aNyjNMOfCPs8gFxw&_nc_ss=7b289&oh=00_Af9-Tbvy5Jo7t_xumsFAv2565Lsjdy5edub2rUNqi01UNQ&oe=6A3830CC | Resized: https://scontent.fjai6-1.fna.fbcdn.net/v/t39.35426-6/652622768_1992166668035426_8767551318942611323_n.jpg?stp=dst-jpg_s600x600_tt6&_nc_cat=107&ccb=1-7&_nc_sid=c53f8f&_nc_ohc=qdPvTwYj45YQ7kNvwHFqD49&_nc_oc=Adq7zO5mGeQ_ql6sltL1J67lbOyjpt_ouHcBuKRDe7cAJwN75X7r8fNOBDIOkEYm7-GlyPgZxOkEH1YgSH5Sj0jy&_nc_zt=14&_nc_ht=scontent.fjai6-1.fna&_nc_gid=6e6CT6aNyjNMOfCPs8gFxw&_nc_ss=7b289&oh=00_Af9GhkyNbxNw9cHe2nG5ZL9IcvXJ5b9Uw1JdPZt7wg6onw&oe=6A384327,
982967374313308,https://www.facebook.com/61587815901691/,api.whatsapp.com,https://www.facebook.com/61587815901691/,,,,urbangreensbuildersofficial@gmail.com,+91 88788 59984,,,,1046214175240982,https://api.whatsapp.com/send,Urban Green Villas,https://www.facebook.com/ads/library/?id=982967374313308,"Upgrade your lifestyle to luxury ✨
Your dream home is no longer just a dream!

🏡 Urban Green Villas — where comfort, convenience & class come together.

Premium 4 BHK Luxury Villas
📍 Just 500 meters from 10-Lane Ayodhya Bypass, Jail Road

✔️ Private Swimming Pool
✔️ Grand Entrance & Exclusive Clubhouse
✔️ Spacious Personal Parking
✔️ Garden Deck, Gazebo & Kids Play Area
✔️ Wide Concrete Roads & Convenience Shops

From modern amenities to premium living —
this is the address that defines your status 💫

Now, own your dream 4 BHK luxury villa in Bhopal.

📞 Book your site visit today!
📍 New Jail Road Bypass, Bhopal",13,Send WhatsApp message,api.whatsapp.com,"FACEBOOK; INSTAGRAM; AUDIENCE_NETWORK; MESSENGER",2026-05-10,2026-06-17,HD: https://video.fjai6-1.fna.fbcdn.net/o1/v/t2/f2/m366/AQPl5-CXfAkTXwn8AT2-8PuOFeFB61uBqizyJcZy7019Zi2yR_06_0inWMYqFnBMg5PAsy7S2l8EdLImy2Om6xxAeTROQT2SunCuit0u2xnyRQ.mp4?_nc_cat=111&_nc_oc=Adrt27wbRMK5v_WDbrpDz1UIEZfP_loQfj5tvjDFeQfJUCjCfqkrqqCCCT5T08kEau2POrBHfgFrC22KaLU2sk9f&_nc_sid=b66105&_nc_ht=video.fjai6-1.fna.fbcdn.net&_nc_ohc=R3O77vUmE1MQ7kNvwECTG6M&efg=eyJ2ZW5jb2RlX3RhZyI6Inhwdl9wcm9ncmVzc2l2ZS5WSV9VU0VDQVNFX1BST0RVQ1RfVFlQRS4uQzMuNzIwLmRhc2hfaDI2NC1iYXNpYy1nZW4yXzcyMHAiLCJ4cHZfYXNzZXRfaWQiOjk1MzE1NjM1NzY0MjYzOSwiYXNzZXRfYWdlX2RheXMiOjYwLCJ2aV91c2VjYXNlX2lkIjoxMDc5OSwiZHVyYXRpb25fcyI6NzEsInVybGdlbl9zb3VyY2UiOiJ3d3cifQ%3D%3D&ccb=17-1&vs=7f9b30798222613f&_nc_vs=HBksFQIYRWZiX2VwaGVtZXJhbC81NTQ4OTVGMEFCNTNFNkJGNDg5NkEzNjBFRkM3MDg4Nl9tdF8xX3ZpZGVvX2Rhc2hpbml0Lm1wNBUAAsgBEgAVAhhAZmJfcGVybWFuZW50L0U1NDg3MThENkUxRTBGMjFEM0U1NENGNzlBOTVBOEE5X2F1ZGlvX2Rhc2hpbml0Lm1wNBUCAsgBEgAoABgAGwKIB3VzZV9vaWwBMRJwcm9ncmVzc2l2ZV9yZWNpcGUBMRUAACae5uahgLmxAxUCKAJDMywXQFHXbItDlYEYGWRhc2hfaDI2NC1iYXNpYy1nZW4yXzcyMHARAHUAZd6oAQA&_nc_gid=6e6CT6aNyjNMOfCPs8gFxw&_nc_ss=7b289&_nc_zt=28&oh=00_Af_FNq3Mv2YHgfskhQOKu-zJEYidGGTeaVSvCXx1LUf2XQ&oe=6A385519 | SD: https://video.fjai6-1.fna.fbcdn.net/o1/v/t2/f2/m412/AQMRODmML7xuyW7xaJYnVJ-V9AeStOn85UbZRwxdP70N_STOnlFmmgOQCxUBogs66PZH4P3xJkQwDOjlYgKh37GhxjNQGeKK_mHVTmrQdw.mp4?_nc_cat=104&_nc_oc=AdoJ31SE0YmkdjB_p8wzhQlV30F9UHra9zClUHo0rpXTOI0zSHBWM7EfEucFuownkqJUMYq0nJ6asvq-wSc6Emu6&_nc_sid=ef5aa3&_nc_ht=video.fjai6-1.fna.fbcdn.net&_nc_ohc=I9vmNk0rAUIQ7kNvwGo2kMS&efg=eyJ2ZW5jb2RlX3RhZyI6Inhwdl9wcm9ncmVzc2l2ZS5WSV9VU0VDQVNFX1BST0RVQ1RfVFlQRS4uQzMuMzYwLnN2ZV9zZCIsInhwdl9hc3NldF9pZCI6OTUzMTU2MzU3NjQyNjM5LCJhc3NldF9hZ2VfZGF5cyI6NjAsInZpX3VzZWNhc2VfaWQiOjEwNzk5LCJkdXJhdGlvbl9zIjo3MSwidXJsZ2VuX3NvdXJjZSI6Ind3dyJ9&ccb=17-1&_nc_gid=6e6CT6aNyjNMOfCPs8gFxw&_nc_ss=7b289&_nc_zt=28&oh=00_Af-Py9rmTMksRad7MH_5KNooVeTqnI_ly1nvLgDXij2urA&oe=6A38323A | Preview: https://scontent.fjai6-1.fna.fbcdn.net/v/t39.35426-6/674076227_858542783960501_2663985623232213633_n.jpg?_nc_cat=102&ccb=1-7&_nc_sid=c53f8f&_nc_ohc=VnxSXLROeXsQ7kNvwF6IwRy&_nc_oc=Adoqhav0yaYAYDXcT5vbvoEYU6NXo1BJkDDtTDs-eGhCcAlKjB7w06fnTyvIg5gP4jAhabPhnrkzzD_3Im0YnQv_&_nc_zt=14&_nc_ht=scontent.fjai6-1.fna&_nc_gid=6e6CT6aNyjNMOfCPs8gFxw&_nc_ss=7b289&oh=00_Af-zAknya5R3hw6V9cDl0fX18Qio44tVqih_tBAlKFqwYg&oe=6A384DAA,,,,,,,
2370271213461358,https://www.facebook.com/decofice/,decofice.com,https://www.facebook.com/decofice/,,,,,+91 81786 94942,,,,101050109149626,https://www.decofice.com/,decofice,https://www.facebook.com/ads/library/?id=2370271213461358,"Most people build houses.
A few build homes that define how they live.

We design and build luxury villas & farmhouses—crafted around your lifestyle, not templates.

Projects starting ₹1Cr+.
Private consultation available.",239,Learn more,decofice.com,"FACEBOOK; INSTAGRAM; AUDIENCE_NETWORK",2026-05-23,2026-06-17,,,"Most people build houses.
A few build homes that define how they live.

We design and build luxury villas & farmhouses—crafted around your lifestyle, not templates.

Projects starting ₹1Cr+.
Private consultation available. || 225+ projects across 18 cities.
From architectural design to full-scale construction—we handle everything end-to-end.

If you’re planning a luxury villa or farmhouse in NCR, let’s build it right.

Projects starting ₹1Cr+.
Book a consultation. || Planning to build a villa or farmhouse?

We work exclusively on high-end residential projects starting ₹1Cr+.

If you’re serious about building—not just exploring—schedule a consultation. || Owning land is one thing.
Building a farmhouse that actually feels like one—that’s different.

We design and build premium farmhouses across India, tailored to your lifestyle and land.

Projects starting ₹1Cr+.
Let’s discuss your vision. || Not every architect builds.
Not every builder understands design.

We bring both together—architecture, construction, and interiors—under one vision.

For luxury villas & farmhouses starting ₹1Cr+.",https://www.decofice.com/ || https://www.decofice.com/ || https://www.decofice.com/ || https://www.decofice.com/ || https://www.decofice.com/,,Learn More || Learn More || Learn More || Learn More || Learn More,,HD: https://video.fjai6-1.fna.fbcdn.net/o1/v/t2/f2/m366/AQMB8vTHiRGgLAf2e15g0ZFrQp1LhzAb57clI6x-nVAw3aPHtFYVQkR9PiVcEkziPM_h-s1uj_rZ1TSFZ9DbjOjjy9jN08WHKLimjQY6LLfkVg.mp4?_nc_cat=105&_nc_oc=AdpRxmNY3x2w4sEPBtzNxK73nNtyUuF_PBj0z3Z8_rBuPEizKMTyEMisorAmyg4zMUJtdkYBZL_kdThsNyGl8LfW&_nc_sid=b66105&_nc_ht=video.fjai6-1.fna.fbcdn.net&_nc_ohc=2kPK1JCaxRcQ7kNvwGy6cgj&efg=eyJ2ZW5jb2RlX3RhZyI6Inhwdl9wcm9ncmVzc2l2ZS5WSV9VU0VDQVNFX1BST0RVQ1RfVFlQRS4uQzMuNzIwLmRhc2hfaDI2NC1iYXNpYy1nZW4yXzcyMHAiLCJ4cHZfYXNzZXRfaWQiOjI0NTQ1MzkwNzkxODA3MzQwLCJhc3NldF9hZ2VfZGF5cyI6MjAzLCJ2aV91c2VjYXNlX2lkIjoxMDc5OSwiZHVyYXRpb25fcyI6NDAsInVybGdlbl9zb3VyY2UiOiJ3d3cifQ%3D%3D&ccb=17-1&vs=a66f920535875cd8&_nc_vs=HBksFQIYRWZiX2VwaGVtZXJhbC9GNzRGQjdDMkE1NTQ0MEUyMDNDQzZBRTdGNzhEQTZBOF9tdF8xX3ZpZGVvX2Rhc2hpbml0Lm1wNBUAAsgBEgAVAhhAZmJfcGVybWFuZW50Lzk3NDk1NzZEMzk0RUFERDA5QTZGQTg4MUE0NzU4OTgxX2F1ZGlvX2Rhc2hpbml0Lm1wNBUCAsgBEgAoABgAGwKIB3VzZV9vaWwBMRJwcm9ncmVzc2l2ZV9yZWNpcGUBMRUAACbYxaaw5PmZVxUCKAJDMywXQEQAAAAAAAAYGWRhc2hfaDI2NC1iYXNpYy1nZW4yXzcyMHARAHUAZd6oAQA&_nc_gid=6e6CT6aNyjNMOfCPs8gFxw&_nc_ss=7b289&_nc_zt=28&oh=00_Af9BnPq0u6m3OhH8OUqAvKIYnS-bq1XFXBR9CFA1NA7tdQ&oe=6A384753 | SD: https://video.fjai6-1.fna.fbcdn.net/o1/v/t2/f2/m412/AQMa5CG2vRPneWJqQ3iGjJHYNKe7dcDxrMRqLJsINsKuZYYkOe865Xb4FzJHZUyaIjizYjV4pIpDhYBHLs3-ON_wP3Yts3kXeEgaqT5RaA.mp4?_nc_cat=100&_nc_oc=AdpwE5SWzfn9lkLSIj9lWGVnpKHAomT8KcwDaTscwzFohCvPEATsB7IH_OpkdeVfuzMXc9kL39u1HYd5P-0AgRky&_nc_sid=ef5aa3&_nc_ht=video.fjai6-1.fna.fbcdn.net&_nc_ohc=GkMkcQz8-64Q7kNvwG_9oq7&efg=eyJ2ZW5jb2RlX3RhZyI6Inhwdl9wcm9ncmVzc2l2ZS5WSV9VU0VDQVNFX1BST0RVQ1RfVFlQRS4uQzMuMzYwLnN2ZV9zZCIsInhwdl9hc3NldF9pZCI6MjQ1NDUzOTA3OTE4MDczNDAsImFzc2V0X2FnZV9kYXlzIjoyMDMsInZpX3VzZWNhc2VfaWQiOjEwNzk5LCJkdXJhdGlvbl9zIjo0MCwidXJsZ2VuX3NvdXJjZSI6Ind3dyJ9&ccb=17-1&_nc_gid=6e6CT6aNyjNMOfCPs8gFxw&_nc_ss=7b289&_nc_zt=28&oh=00_Af8qdyXOAj4NztYcCLLyr9B1ZESMJFhhYiAuCm-q1b8Yjw&oe=6A383006 | Preview: https://scontent.fjai6-1.fna.fbcdn.net/v/t39.35426-6/705375955_1288679046685839_6310625237603623854_n.jpg?_nc_cat=105&ccb=1-7&_nc_sid=c53f8f&_nc_ohc=X-MvXZDaJ5kQ7kNvwEXQ1Fv&_nc_oc=AdqGvXtnfpFOUwiPJbmSuFhEfVI0j-iXc6mYvUB83NnAHMkB09a0zxcy_n6BezO3FjZlRuEBL6cjWzi_2oknA6ol&_nc_zt=14&_nc_ht=scontent.fjai6-1.fna&_nc_gid=6e6CT6aNyjNMOfCPs8gFxw&_nc_ss=7b289&oh=00_Af_IeLzvx9TxaRm6u8NpItEn2LUxyXwezjSZgATTBlXCmw&oe=6A385FA4 || HD: https://video.fjai6-1.fna.fbcdn.net/o1/v/t2/f2/m366/AQO7f0GnprDshgo2l2T9NPOBNiv66WP1idIn37rgG3FmCyJtYJdtuymTrnDi8s-sLKxAJ1-c5Mzb70ZMhZJxw8xwQwYM8QAA_UgwsQTs-XGZdw.mp4?_nc_cat=109&_nc_oc=AdpizNV-2jJagcprQwHVCEh0R3hAHHTnIRkqOoMz1M29Rm1afim1W8L0vJ4FyzFdGReTuypkefkCOrFUS9isjCIZ&_nc_sid=b66105&_nc_ht=video.fjai6-1.fna.fbcdn.net&_nc_ohc=zvf8ER_RvKQQ7kNvwFvcXhR&efg=eyJ2ZW5jb2RlX3RhZyI6Inhwdl9wcm9ncmVzc2l2ZS5WSV9VU0VDQVNFX1BST0RVQ1RfVFlQRS4uQzMuNzIwLmRhc2hfaDI2NC1iYXNpYy1nZW4yXzcyMHAiLCJ4cHZfYXNzZXRfaWQiOjIxMTI3MTcyNTI2MDc2MjEsImFzc2V0X2FnZV9kYXlzIjoyNTMsInZpX3VzZWNhc2VfaWQiOjEwNzk5LCJkdXJhdGlvbl9zIjoxOSwidXJsZ2VuX3NvdXJjZSI6Ind3dyJ9&ccb=17-1&vs=19e24d9aeaed20a9&_nc_vs=HBksFQIYRWZiX2VwaGVtZXJhbC9CNzREN0Q3QzI4QjdBNjQwQjREQ0FBQTBCQzhGNURCNV9tdF8xX3ZpZGVvX2Rhc2hpbml0Lm1wNBUAAsgBEgAVAhhAZmJfcGVybWFuZW50LzY5NEVENDA0MTkwNjUxOUVCNjQ3QjEzMjVBODk4NEJDX2F1ZGlvX2Rhc2hpbml0Lm1wNBUCAsgBEgAoABgAGwKIB3VzZV9vaWwBMRJwcm9ncmVzc2l2ZV9yZWNpcGUBMRUAACaK-tGVquDABxUCKAJDMywXQDOAAAAAAAAYGWRhc2hfaDI2NC1iYXNpYy1nZW4yXzcyMHARAHUAZd6oAQA&_nc_gid=6e6CT6aNyjNMOfCPs8gFxw&_nc_ss=7b289&_nc_zt=28&oh=00_Af_IsO2Lr7E7uYWjCYAOC8zS5u1CTyC2DzwSkaUfJiWrGw&oe=6A383B8B | SD: https://video.fjai6-1.fna.fbcdn.net/o1/v/t2/f2/m412/AQMYnqwBIbslJr-KsEpTCISX8oAfFnxI_MxitcFmY3cnECIp_Jlx10us4ws5QNCXpLlKbyfB79A2JFZ4YYySSYNaWI5vmdtWDJ05QcVgqg.mp4?_nc_cat=102&_nc_oc=Ado4EJYuk2ic--VwcpQB4H7bs85p9RRBpWsRqHU1cuFUxm7GA2QruGWA4fMWp8t7RnaXinUwpmbMKJHLehUVFLTE&_nc_sid=ef5aa3&_nc_ht=video.fjai6-1.fna.fbcdn.net&_nc_ohc=Kj8_BubWPZYQ7kNvwHhVRKu&efg=eyJ2ZW5jb2RlX3RhZyI6Inhwdl9wcm9ncmVzc2l2ZS5WSV9VU0VDQVNFX1BST0RVQ1RfVFlQRS4uQzMuMzYwLnN2ZV9zZCIsInhwdl9hc3NldF9pZCI6MjExMjcxNzI1MjYwNzYyMSwiYXNzZXRfYWdlX2RheXMiOjI1MywidmlfdXNlY2FzZV9pZCI6MTA3OTksImR1cmF0aW9uX3MiOjE5LCJ1cmxnZW5fc291cmNlIjoid3d3In0%3D&ccb=17-1&_nc_gid=6e6CT6aNyjNMOfCPs8gFxw&_nc_ss=7b289&_nc_zt=28&oh=00_Af80IZqSub2uTL7ACNp9m7av_ZOhqVHas781_JWxrHrezQ&oe=6A3864F4 | Preview: https://scontent.fjai6-1.fna.fbcdn.net/v/t39.35426-6/704593168_1305226821075075_1967885306836004127_n.jpg?_nc_cat=108&ccb=1-7&_nc_sid=c53f8f&_nc_ohc=HxUKw7hbJF4Q7kNvwHMPCRY&_nc_oc=AdpVZcZHsTcd_6KehRihz2QyDvPIkMw-GzjM1SAmvIVK1fEixcUhySikIoerVmiKyRQQRcFy23xrwdkAJOdkXsdM&_nc_zt=14&_nc_ht=scontent.fjai6-1.fna&_nc_gid=6e6CT6aNyjNMOfCPs8gFxw&_nc_ss=7b289&oh=00_Af8HCfQ11XYxvlW7CPeU-SJdXLVAKBlm6bmqrOy-M3f1zQ&oe=6A383E0C || HD: https://video.fjai6-1.fna.fbcdn.net/o1/v/t2/f2/m366/AQNVL8arr3MreeLa6GMtZPwp08kDGtp59eoA6hhdyTk2VoG_hxMzFeDgrrD9fsD9bCUZmNRmzv3mAe5u2gF2sP-q95-xjcNKnkCwjBPT6qwppQ.mp4?_nc_cat=104&_nc_oc=Adog8G8NDIlwJuYqLk-rFBMNjyF1jE-3Iqczq20cnfRI5qOOk9Fl3Q15quIHpOW0dLC6DKLdCEJGU7i4BFpAm_TU&_nc_sid=b66105&_nc_ht=video.fjai6-1.fna.fbcdn.net&_nc_ohc=Yj-5HtxPfhMQ7kNvwEVaYgw&efg=eyJ2ZW5jb2RlX3RhZyI6Inhwdl9wcm9ncmVzc2l2ZS5WSV9VU0VDQVNFX1BST0RVQ1RfVFlQRS4uQzMuNzIwLmRhc2hfaDI2NC1iYXNpYy1nZW4yXzcyMHAiLCJ4cHZfYXNzZXRfaWQiOjE0NjgwNzMxNzc0NjQwNTYsImFzc2V0X2FnZV9kYXlzIjoyOTgsInZpX3VzZWNhc2VfaWQiOjEwNzk5LCJkdXJhdGlvbl9zIjoyNSwidXJsZ2VuX3NvdXJjZSI6Ind3dyJ9&ccb=17-1&vs=19b000a131fd83cf&_nc_vs=HBksFQIYRWZiX2VwaGVtZXJhbC8yMDQ1RkQ3Nzc3RkM3MTk0RTVDREEzOUY2MEM0MDFBQ19tdF8xX3ZpZGVvX2Rhc2hpbml0Lm1wNBUAAsgBEgAVAhhAZmJfcGVybWFuZW50L0M0NDZCRTZFQzMzNkM5N0ZCN0UxQTdENkRCOEVBQUFGX2F1ZGlvX2Rhc2hpbml0Lm1wNBUCAsgBEgAoABgAGwKIB3VzZV9vaWwBMRJwcm9ncmVzc2l2ZV9yZWNpcGUBMRUAACbw8_nDjc2bBRUCKAJDMywXQDkAAAAAAAAYGWRhc2hfaDI2NC1iYXNpYy1nZW4yXzcyMHARAHUAZd6oAQA&_nc_gid=6e6CT6aNyjNMOfCPs8gFxw&_nc_ss=7b289&_nc_zt=28&oh=00_Af-btog05nU0yBhf1iT1bfWEW5Mo3svP6JdfSxYLh2b_6w&oe=6A384790 | SD: https://video.fjai6-1.fna.fbcdn.net/o1/v/t2/f2/m366/AQOIKfD-PA90ot_qG5x8Hwgya6NGdXGQd_sSDQX95UMWS7zFa7nIwV8oM9XlZZ_gS2A9GtrdCr9wQgeJohtsilttPfyTFjTStN8l2uzD5g.mp4?_nc_cat=108&_nc_oc=AdrDIT8pbzfBENOvnsq690XjsksCQ3T9AxLtiJFRtEvx3awwmwz4b0Xwo7JjzrFlxslgMHhqzceQsMwH4Y-tWnj9&_nc_sid=ef5aa3&_nc_ht=video.fjai6-1.fna.fbcdn.net&_nc_ohc=ySOFRGF-0RcQ7kNvwEbp36I&efg=eyJ2ZW5jb2RlX3RhZyI6Inhwdl9wcm9ncmVzc2l2ZS5WSV9VU0VDQVNFX1BST0RVQ1RfVFlQRS4uQzMuMzYwLnN2ZV9zZCIsInhwdl9hc3NldF9pZCI6MTQ2ODA3MzE3NzQ2NDA1NiwiYXNzZXRfYWdlX2RheXMiOjI5OCwidmlfdXNlY2FzZV9pZCI6MTA3OTksImR1cmF0aW9uX3MiOjI1LCJ1cmxnZW5fc291cmNlIjoid3d3In0%3D&ccb=17-1&_nc_gid=6e6CT6aNyjNMOfCPs8gFxw&_nc_ss=7b289&_nc_zt=28&oh=00_Af8S-Tkwy8_sbqZAOUNJSHVGDHdmpHRIAYBtqP300xczKA&oe=6A383C0E | Preview: https://scontent.fjai6-1.fna.fbcdn.net/v/t39.35426-6/705247662_953239237583863_8529065385544866277_n.jpg?_nc_cat=103&ccb=1-7&_nc_sid=c53f8f&_nc_ohc=NKa-zhySW9IQ7kNvwHerXoK&_nc_oc=AdqbBols2Z8muACb_C7QCfLfIMhhPZVIKGVAz_fckcIXJDQZFtSbGe4UDhAARDrQw162jQ9TherkgGCcEvwRCm6U&_nc_zt=14&_nc_ht=scontent.fjai6-1.fna&_nc_gid=6e6CT6aNyjNMOfCPs8gFxw&_nc_ss=7b289&oh=00_Af_G59Aj18NYVKOP5dFsjc5_CdaTJGKaF70o3DuNInD1iQ&oe=6A383DBA || HD: https://video.fjai6-1.fna.fbcdn.net/o1/v/t2/f2/m366/AQMB8vTHiRGgLAf2e15g0ZFrQp1LhzAb57clI6x-nVAw3aPHtFYVQkR9PiVcEkziPM_h-s1uj_rZ1TSFZ9DbjOjjy9jN08WHKLimjQY6LLfkVg.mp4?_nc_cat=105&_nc_oc=AdpRxmNY3x2w4sEPBtzNxK73nNtyUuF_PBj0z3Z8_rBuPEizKMTyEMisorAmyg4zMUJtdkYBZL_kdThsNyGl8LfW&_nc_sid=b66105&_nc_ht=video.fjai6-1.fna.fbcdn.net&_nc_ohc=2kPK1JCaxRcQ7kNvwGy6cgj&efg=eyJ2ZW5jb2RlX3RhZyI6Inhwdl9wcm9ncmVzc2l2ZS5WSV9VU0VDQVNFX1BST0RVQ1RfVFlQRS4uQzMuNzIwLmRhc2hfaDI2NC1iYXNpYy1nZW4yXzcyMHAiLCJ4cHZfYXNzZXRfaWQiOjI0NTQ1MzkwNzkxODA3MzQwLCJhc3NldF9hZ2VfZGF5cyI6MjAzLCJ2aV91c2VjYXNlX2lkIjoxMDc5OSwiZHVyYXRpb25fcyI6NDAsInVybGdlbl9zb3VyY2UiOiJ3d3cifQ%3D%3D&ccb=17-1&vs=a66f920535875cd8&_nc_vs=HBksFQIYRWZiX2VwaGVtZXJhbC9GNzRGQjdDMkE1NTQ0MEUyMDNDQzZBRTdGNzhEQTZBOF9tdF8xX3ZpZGVvX2Rhc2hpbml0Lm1wNBUAAsgBEgAVAhhAZmJfcGVybWFuZW50Lzk3NDk1NzZEMzk0RUFERDA5QTZGQTg4MUE0NzU4OTgxX2F1ZGlvX2Rhc2hpbml0Lm1wNBUCAsgBEgAoABgAGwKIB3VzZV9vaWwBMRJwcm9ncmVzc2l2ZV9yZWNpcGUBMRUAACbYxaaw5PmZVxUCKAJDMywXQEQAAAAAAAAYGWRhc2hfaDI2NC1iYXNpYy1nZW4yXzcyMHARAHUAZd6oAQA&_nc_gid=6e6CT6aNyjNMOfCPs8gFxw&_nc_ss=7b289&_nc_zt=28&oh=00_Af9BnPq0u6m3OhH8OUqAvKIYnS-bq1XFXBR9CFA1NA7tdQ&oe=6A384753 | SD: https://video.fjai6-1.fna.fbcdn.net/o1/v/t2/f2/m412/AQMa5CG2vRPneWJqQ3iGjJHYNKe7dcDxrMRqLJsINsKuZYYkOe865Xb4FzJHZUyaIjizYjV4pIpDhYBHLs3-ON_wP3Yts3kXeEgaqT5RaA.mp4?_nc_cat=100&_nc_oc=AdpwE5SWzfn9lkLSIj9lWGVnpKHAomT8KcwDaTscwzFohCvPEATsB7IH_OpkdeVfuzMXc9kL39u1HYd5P-0AgRky&_nc_sid=ef5aa3&_nc_ht=video.fjai6-1.fna.fbcdn.net&_nc_ohc=GkMkcQz8-64Q7kNvwG_9oq7&efg=eyJ2ZW5jb2RlX3RhZyI6Inhwdl9wcm9ncmVzc2l2ZS5WSV9VU0VDQVNFX1BST0RVQ1RfVFlQRS4uQzMuMzYwLnN2ZV9zZCIsInhwdl9hc3NldF9pZCI6MjQ1NDUzOTA3OTE4MDczNDAsImFzc2V0X2FnZV9kYXlzIjoyMDMsInZpX3VzZWNhc2VfaWQiOjEwNzk5LCJkdXJhdGlvbl9zIjo0MCwidXJsZ2VuX3NvdXJjZSI6Ind3dyJ9&ccb=17-1&_nc_gid=6e6CT6aNyjNMOfCPs8gFxw&_nc_ss=7b289&_nc_zt=28&oh=00_Af8qdyXOAj4NztYcCLLyr9B1ZESMJFhhYiAuCm-q1b8Yjw&oe=6A383006 | Preview: https://scontent.fjai6-1.fna.fbcdn.net/v/t39.35426-6/705375955_1288679046685839_6310625237603623854_n.jpg?_nc_cat=105&ccb=1-7&_nc_sid=c53f8f&_nc_ohc=X-MvXZDaJ5kQ7kNvwEXQ1Fv&_nc_oc=AdqGvXtnfpFOUwiPJbmSuFhEfVI0j-iXc6mYvUB83NnAHMkB09a0zxcy_n6BezO3FjZlRuEBL6cjWzi_2oknA6ol&_nc_zt=14&_nc_ht=scontent.fjai6-1.fna&_nc_gid=6e6CT6aNyjNMOfCPs8gFxw&_nc_ss=7b289&oh=00_Af_IeLzvx9TxaRm6u8NpItEn2LUxyXwezjSZgATTBlXCmw&oe=6A385FA4 || HD: https://video.fjai6-1.fna.fbcdn.net/o1/v/t2/f2/m366/AQO7f0GnprDshgo2l2T9NPOBNiv66WP1idIn37rgG3FmCyJtYJdtuymTrnDi8s-sLKxAJ1-c5Mzb70ZMhZJxw8xwQwYM8QAA_UgwsQTs-XGZdw.mp4?_nc_cat=109&_nc_oc=AdpizNV-2jJagcprQwHVCEh0R3hAHHTnIRkqOoMz1M29Rm1afim1W8L0vJ4FyzFdGReTuypkefkCOrFUS9isjCIZ&_nc_sid=b66105&_nc_ht=video.fjai6-1.fna.fbcdn.net&_nc_ohc=zvf8ER_RvKQQ7kNvwFvcXhR&efg=eyJ2ZW5jb2RlX3RhZyI6Inhwdl9wcm9ncmVzc2l2ZS5WSV9VU0VDQVNFX1BST0RVQ1RfVFlQRS4uQzMuNzIwLmRhc2hfaDI2NC1iYXNpYy1nZW4yXzcyMHAiLCJ4cHZfYXNzZXRfaWQiOjIxMTI3MTcyNTI2MDc2MjEsImFzc2V0X2FnZV9kYXlzIjoyNTMsInZpX3VzZWNhc2VfaWQiOjEwNzk5LCJkdXJhdGlvbl9zIjoxOSwidXJsZ2VuX3NvdXJjZSI6Ind3dyJ9&ccb=17-1&vs=19e24d9aeaed20a9&_nc_vs=HBksFQIYRWZiX2VwaGVtZXJhbC9CNzREN0Q3QzI4QjdBNjQwQjREQ0FBQTBCQzhGNURCNV9tdF8xX3ZpZGVvX2Rhc2hpbml0Lm1wNBUAAsgBEgAVAhhAZmJfcGVybWFuZW50LzY5NEVENDA0MTkwNjUxOUVCNjQ3QjEzMjVBODk4NEJDX2F1ZGlvX2Rhc2hpbml0Lm1wNBUCAsgBEgAoABgAGwKIB3VzZV9vaWwBMRJwcm9ncmVzc2l2ZV9yZWNpcGUBMRUAACaK-tGVquDABxUCKAJDMywXQDOAAAAAAAAYGWRhc2hfaDI2NC1iYXNpYy1nZW4yXzcyMHARAHUAZd6oAQA&_nc_gid=6e6CT6aNyjNMOfCPs8gFxw&_nc_ss=7b289&_nc_zt=28&oh=00_Af_IsO2Lr7E7uYWjCYAOC8zS5u1CTyC2DzwSkaUfJiWrGw&oe=6A383B8B | SD: https://video.fjai6-1.fna.fbcdn.net/o1/v/t2/f2/m412/AQMYnqwBIbslJr-KsEpTCISX8oAfFnxI_MxitcFmY3cnECIp_Jlx10us4ws5QNCXpLlKbyfB79A2JFZ4YYySSYNaWI5vmdtWDJ05QcVgqg.mp4?_nc_cat=102&_nc_oc=Ado4EJYuk2ic--VwcpQB4H7bs85p9RRBpWsRqHU1cuFUxm7GA2QruGWA4fMWp8t7RnaXinUwpmbMKJHLehUVFLTE&_nc_sid=ef5aa3&_nc_ht=video.fjai6-1.fna.fbcdn.net&_nc_ohc=Kj8_BubWPZYQ7kNvwHhVRKu&efg=eyJ2ZW5jb2RlX3RhZyI6Inhwdl9wcm9ncmVzc2l2ZS5WSV9VU0VDQVNFX1BST0RVQ1RfVFlQRS4uQzMuMzYwLnN2ZV9zZCIsInhwdl9hc3NldF9pZCI6MjExMjcxNzI1MjYwNzYyMSwiYXNzZXRfYWdlX2RheXMiOjI1MywidmlfdXNlY2FzZV9pZCI6MTA3OTksImR1cmF0aW9uX3MiOjE5LCJ1cmxnZW5fc291cmNlIjoid3d3In0%3D&ccb=17-1&_nc_gid=6e6CT6aNyjNMOfCPs8gFxw&_nc_ss=7b289&_nc_zt=28&oh=00_Af80IZqSub2uTL7ACNp9m7av_ZOhqVHas781_JWxrHrezQ&oe=6A3864F4 | Preview: https://scontent.fjai6-1.fna.fbcdn.net/v/t39.35426-6/704593168_1305226821075075_1967885306836004127_n.jpg?_nc_cat=108&ccb=1-7&_nc_sid=c53f8f&_nc_ohc=HxUKw7hbJF4Q7kNvwHMPCRY&_nc_oc=AdpVZcZHsTcd_6KehRihz2QyDvPIkMw-GzjM1SAmvIVK1fEixcUhySikIoerVmiKyRQQRcFy23xrwdkAJOdkXsdM&_nc_zt=14&_nc_ht=scontent.fjai6-1.fna&_nc_gid=6e6CT6aNyjNMOfCPs8gFxw&_nc_ss=7b289&oh=00_Af8HCfQ11XYxvlW7CPeU-SJdXLVAKBlm6bmqrOy-M3f1zQ&oe=6A383E0C
1364164308879380,https://www.facebook.com/kiaraspaceventures/,fb.me,https://www.facebook.com/kiaraspaceventures/,,,,kiaraspaceventures.in@gmail.com,+91 98987 33006,,,,351480751390849,http://fb.me/,Kiara Space Ventures,https://www.facebook.com/ads/library/?id=1364164308879380,Premium 1–5 BHK weekend villas at Scents of the Turf on Sanand–Bavla Road (SH144).,23,Get quote,fb.me,"FACEBOOK; INSTAGRAM; AUDIENCE_NETWORK",2026-05-06,2026-06-16,,,Premium 1–5 BHK weekend villas at Scents of the Turf on Sanand–Bavla Road (SH144). || Premium 1–5 BHK weekend villas at Scents of the Turf on Sanand–Bavla Road (SH144). || Premium 1–5 BHK weekend villas at Scents of the Turf on Sanand–Bavla Road (SH144).,http://fb.me/ || http://fb.me/ || http://fb.me/,,Get Quote || Get Quote || Get Quote,Original: https://scontent.fjai6-1.fna.fbcdn.net/v/t39.35426-6/660554345_1313736570610423_1643995894340693486_n.jpg?_nc_cat=105&ccb=1-7&_nc_sid=c53f8f&_nc_ohc=k-avo_pVHC4Q7kNvwF-jk3G&_nc_oc=Adq-cw8K520fmpATCcS0MAlfRfOV27nwTOoro-F8ZGvgytLpNA5d_uKgnD1vj4_P0dTuedaSDMqLF41DImlHpT6o&_nc_zt=14&_nc_ht=scontent.fjai6-1.fna&_nc_gid=6e6CT6aNyjNMOfCPs8gFxw&_nc_ss=7b289&oh=00_Af-5ZnmR5xnnMl0C9AET8nELyBmSQXXrlIbdpy3VDyPUkg&oe=6A38339A | Resized: https://scontent.fjai6-1.fna.fbcdn.net/v/t39.35426-6/661441219_2324269718085704_4549071559572198371_n.jpg?stp=dst-jpg_s600x600_tt6&_nc_cat=110&ccb=1-7&_nc_sid=c53f8f&_nc_ohc=KN2IcErC_x0Q7kNvwHHCN8F&_nc_oc=AdpS78qyiEm_NDWucO-w5fFAxVISnmRCrYsBEfcoJxeACJzXiMZdcVTlMm_lCSBIdRJ6k7wonaLt4RTW72iimBD9&_nc_zt=14&_nc_ht=scontent.fjai6-1.fna&_nc_gid=6e6CT6aNyjNMOfCPs8gFxw&_nc_ss=7b289&oh=00_Af8C9UUuZCz_aW52XVG2XTXofGOB3E-MnCjnEzGQVviD1w&oe=6A383D0A || Original: https://scontent.fjai6-1.fna.fbcdn.net/v/t39.35426-6/660554345_1313736570610423_1643995894340693486_n.jpg?_nc_cat=105&ccb=1-7&_nc_sid=c53f8f&_nc_ohc=k-avo_pVHC4Q7kNvwF-jk3G&_nc_oc=Adq-cw8K520fmpATCcS0MAlfRfOV27nwTOoro-F8ZGvgytLpNA5d_uKgnD1vj4_P0dTuedaSDMqLF41DImlHpT6o&_nc_zt=14&_nc_ht=scontent.fjai6-1.fna&_nc_gid=6e6CT6aNyjNMOfCPs8gFxw&_nc_ss=7b289&oh=00_Af-5ZnmR5xnnMl0C9AET8nELyBmSQXXrlIbdpy3VDyPUkg&oe=6A38339A | Resized: https://scontent.fjai6-1.fna.fbcdn.net/v/t39.35426-6/661441219_2324269718085704_4549071559572198371_n.jpg?stp=dst-jpg_s600x600_tt6&_nc_cat=110&ccb=1-7&_nc_sid=c53f8f&_nc_ohc=KN2IcErC_x0Q7kNvwHHCN8F&_nc_oc=AdpS78qyiEm_NDWucO-w5fFAxVISnmRCrYsBEfcoJxeACJzXiMZdcVTlMm_lCSBIdRJ6k7wonaLt4RTW72iimBD9&_nc_zt=14&_nc_ht=scontent.fjai6-1.fna&_nc_gid=6e6CT6aNyjNMOfCPs8gFxw&_nc_ss=7b289&oh=00_Af8C9UUuZCz_aW52XVG2XTXofGOB3E-MnCjnEzGQVviD1w&oe=6A383D0A || Original: https://scontent.fjai6-1.fna.fbcdn.net/v/t39.35426-6/657510334_1764247847883674_4145093988881200450_n.jpg?_nc_cat=106&ccb=1-7&_nc_sid=c53f8f&_nc_ohc=LQtkIfv5UnMQ7kNvwH1K3DN&_nc_oc=AdrSKbKRzQq3NeFESxEe7SLclERgWGxlJMuzBebzbgVXKtXrF7dqgeXpVZbskct0APeN4K0G-GUqvDY2i9R5DpM5&_nc_zt=14&_nc_ht=scontent.fjai6-1.fna&_nc_gid=6e6CT6aNyjNMOfCPs8gFxw&_nc_ss=7b289&oh=00_Af9TvMdKKr8WeIn1W9hagCweBFif8wjyn5v5xEPApUJCeQ&oe=6A385444 | Resized: https://scontent.fjai6-1.fna.fbcdn.net/v/t39.35426-6/659868390_1470358507777212_911654472958074464_n.jpg?stp=dst-jpg_s600x600_tt6&_nc_cat=105&ccb=1-7&_nc_sid=c53f8f&_nc_ohc=43nHKLitKoIQ7kNvwGY9wxg&_nc_oc=AdpKDUc-DnfWvQnWRQalRNwrYYgSwyybisuYnRXzGuMf-rIDXR_G3bj0W_ACgPRn2nbXUAGZ4wnGAnVQsKNcm3x0&_nc_zt=14&_nc_ht=scontent.fjai6-1.fna&_nc_gid=6e6CT6aNyjNMOfCPs8gFxw&_nc_ss=7b289&oh=00_Af99NFR-AnRuWog6TaUbiX1cwG4XW8t5g3tJKdZkOL-S3w&oe=6A3860C8,
1418500569491687,https://www.facebook.com/floravythiri/,api.whatsapp.com,https://www.facebook.com/floravythiri/,,,,vythirireservations@florahospitality.com,+91 89431 23111,,,,105872615387570,https://api.whatsapp.com/send,Flora Vythiri Resort,https://www.facebook.com/ads/library/?id=1418500569491687,"Nature lovin’ at Flora Vythiri 😍🌳

[Flora Vythiri, Flora Vythiri Resort, Luxury stay in Wayanad, Resorts in Vythiri, Wayanad nature resort, Hill view resort Wayanad, Best resort in Vythiri, Boutique stay in Wayanad, Wayanad honeymoon resort, Luxury villas in Wayanad, Vythiri cottages, Wayanad forest stay)",18247,Send WhatsApp message,api.whatsapp.com,INSTAGRAM,2026-03-23,2026-06-16,HD: https://video.fjai6-1.fna.fbcdn.net/o1/v/t2/f2/m69/AQOIeFB7SDN7t_LmXDF52eiNJI6kpfMrxa5oVNo0WMyGO24Vr_XmFDGE-44CJW1Iwn48yq7kkDwv8Nt-UUduLAPQ.mp4?strext=1&_nc_cat=109&_nc_oc=Adrg1jpFI7LCpfeYL5n4k1tNHTpdA2GKs32KgfDBvB70jXvP-JmwrCgh1dN1FKhNHZMtYc0AGtmKvnigkTak0Zh5&_nc_sid=b66105&_nc_ht=video.fjai6-1.fna.fbcdn.net&_nc_ohc=vZm1PE4xycwQ7kNvwHWtvF1&efg=eyJ2ZW5jb2RlX3RhZyI6Inhwdl9wcm9ncmVzc2l2ZS5WSV9VU0VDQVNFX1BST0RVQ1RfVFlQRS4uQzMuNzIwLmRhc2hfYmFzZWxpbmVfMV92MSIsInhwdl9hc3NldF9pZCI6MTU3NjQ4NDg2Njk5OTc5NiwiYXNzZXRfYWdlX2RheXMiOjE1MiwidmlfdXNlY2FzZV9pZCI6MTAwOTksImR1cmF0aW9uX3MiOjIzLCJ1cmxnZW5fc291cmNlIjoid3d3In0%3D&ccb=17-1&vs=75684b5571e947b2&_nc_vs=HBksFQIYOnBhc3N0aHJvdWdoX2V2ZXJzdG9yZS9HTUFLdmlRZV9KQjh4amRhQUN1dWYtZ3ZOaXd4YnNwVEFRQUYVAALIARIAFQIYR2lnX3hwdl9yZWVsc19wZXJtYW5lbnRfc3JfcHJvZC8xOTM3Mjg2NDMwMTU4NDIxXzE1MDIwMzEzMDcxODUxMTA5MDYubXA0FQICyAESACgAGAAbAogHdXNlX29pbAExEnByb2dyZXNzaXZlX3JlY2lwZQExFQAAJuiX7se_88wFFQIoAkMzLBdAN5mZmZmZmhgSZGFzaF9iYXNlbGluZV8xX3YxEQB1AGXmnQEA&_nc_gid=f-b3esTteBUZ5sLfPQ6Tdg&_nc_ss=7b289&_nc_zt=28&oh=00_Af-JoaSlP5b4Q35melZIqop0WmdcdOMfuXoKcGVkl6BKXw&oe=6A385A61 | SD: https://video.fjai6-1.fna.fbcdn.net/o1/v/t2/f2/m86/AQM9Aur_k1lsWVGmENOShQe0_5NyQgwQ1XSiSihZvn4ngruYQQkmiZ-Ipz_oDq4vwWB-O9tZO8yV3KHSPoAA3Ese.mp4?_nc_cat=104&_nc_oc=AdoOVv0TsZhEJ0ad6CDaw3jVTOQ9-QbuBng9sQlXRPY2xHPd6UGNB5QAxHtQUP4nAgQmI3NElsCvrn3OjamRTJjI&_nc_sid=b66105&_nc_ht=video.fjai6-1.fna.fbcdn.net&_nc_ohc=Z2N7nG_UTBwQ7kNvwEXLoao&efg=eyJ2ZW5jb2RlX3RhZyI6Inhwdl9wcm9ncmVzc2l2ZS5WSV9VU0VDQVNFX1BST0RVQ1RfVFlQRS4uQzMuMzYwLmRhc2hfYmFzZWxpbmVfM192MSIsInhwdl9hc3NldF9pZCI6MTU3NjQ4NDg2Njk5OTc5NiwiYXNzZXRfYWdlX2RheXMiOjE1MiwidmlfdXNlY2FzZV9pZCI6MTAwOTksImR1cmF0aW9uX3MiOjIzLCJ1cmxnZW5fc291cmNlIjoid3d3In0%3D&ccb=17-1&vs=7604d74c2350dd68&_nc_vs=HBksFQIYR2lnX3hwdl9yZWVsc19wZXJtYW5lbnRfc3JfcHJvZC8xNjQzMDc3MDcwMDE1Nzc0XzE1NzY3NjU0NDQ2NDI4MDU3NzkubXA0FQACyAESABUCGEdpZ194cHZfcmVlbHNfcGVybWFuZW50X3NyX3Byb2QvMTkzNzI4NjQzMDE1ODQyMV8xNTAyMDMxMzA3MTg1MTEwOTA2Lm1wNBUCAsgBEgAoABgAGwKIB3VzZV9vaWwBMRJwcm9ncmVzc2l2ZV9yZWNpcGUBMRUAACbol-7Hv_PMBRUCKAJDMywXQDeZmZmZmZoYEmRhc2hfYmFzZWxpbmVfM192MREAdQBl5p0BAA&_nc_gid=f-b3esTteBUZ5sLfPQ6Tdg&_nc_ss=7b289&_nc_zt=28&oh=00_Af_5LSlM7g88fj1kB--YaVHmXT1Ho9MeqadcqoyU76yyPw&oe=6A34626E | Preview: https://scontent.fjai6-1.fna.fbcdn.net/v/t39.35426-6/629766397_932205812628276_5943382748556863808_n.jpg?_nc_cat=103&ccb=1-7&_nc_sid=c53f8f&_nc_ohc=hUhpnQ4xa7oQ7kNvwEHEgNP&_nc_oc=AdraulNedZWixslUlCakl8O1MAhZoJ_xaWmIsDbrQzd6bDpRiUy7hpeZtnfbepic1F3W4hdUtE86xVJmrzjAuZ-g&_nc_zt=14&_nc_ht=scontent.fjai6-1.fna&_nc_gid=f-b3esTteBUZ5sLfPQ6Tdg&_nc_ss=7b289&oh=00_Af-qCErvmxcPcdjCw5E-7XblcoqK5l81Af3FBs2o4xNWug&oe=6A383FAD,,,,,,,
1024772196647224,https://www.facebook.com/61557134649109/,instagram.com,https://www.facebook.com/61557134649109/,https://www.instagram.com/_u/chavda_developers,,,,,,,,204263016114184,https://www.instagram.com/_u/chavda_developers,Chavda Developers,https://www.facebook.com/ads/library/?id=1024772196647224,"Some decisions change your address.

The right one changes your life.

#Anahata #LuxuryLiving #WeekendVillas #VillaLife #InvestInLifestyle #NatureLiving #LuxuryRealEstate

[Anahata, ChavdaDevelopers, Boutique villas, luxury villas, slow living lifestyle, mindful living spaces, premium residential living, modern luxury villas]",2010,Visit Instagram profile,instagram.com,INSTAGRAM,2026-06-05,2026-06-16,,,  ||  ,https://www.instagram.com/_u/chavda_developers || https://www.instagram.com/_u/chavda_developers,instagram.com || instagram.com,Visit Instagram Profile || Visit Instagram Profile,Original: https://scontent.fjai6-1.fna.fbcdn.net/v/t39.35426-6/711478796_842707442247347_345440115019736603_n.jpg?_nc_cat=110&ccb=1-7&_nc_sid=c53f8f&_nc_ohc=opqD5t-AspEQ7kNvwFQiWVJ&_nc_oc=AdpMIhliuHXKtDbXhABq738tj9rn0bXToSspUKxD44f3OcT_hdojE-h8MMctYOqbbpwPizRHJLs-14Ru4rfw2yzg&_nc_zt=14&_nc_ht=scontent.fjai6-1.fna&_nc_gid=f-b3esTteBUZ5sLfPQ6Tdg&_nc_ss=7b289&oh=00_Af9ZBsTIXYNBrdnB2u3t0R0A3JUboP8TOdS7RS0kcbWZcg&oe=6A383C4D | Resized: https://scontent.fjai6-1.fna.fbcdn.net/v/t39.35426-6/710782201_2242890276481541_6074549431980222022_n.jpg?stp=dst-jpg_s600x600_tt6&_nc_cat=110&ccb=1-7&_nc_sid=c53f8f&_nc_ohc=1a7SfV7UZl4Q7kNvwEuBHig&_nc_oc=AdrQeUWsQo50kxhOabigXv7tmWLKH35wADfmIIcvt9s6qOdKG7yxxV1x9_CX9SAqewZ_LbWMxlfVpwnqs_x7g7KI&_nc_zt=14&_nc_ht=scontent.fjai6-1.fna&_nc_gid=f-b3esTteBUZ5sLfPQ6Tdg&_nc_ss=7b289&oh=00_Af8gcoNsZ6kbQsx9pm9xkP7wJ4dezM3LIEPRVhThLeaBgw&oe=6A383A85 || Original: https://scontent.fjai6-1.fna.fbcdn.net/v/t39.35426-6/709306919_2057505471847288_6438353983855641520_n.jpg?_nc_cat=106&ccb=1-7&_nc_sid=c53f8f&_nc_ohc=Y1RniAhq8xUQ7kNvwEE1m48&_nc_oc=AdobEjFacpzDPghYtnR3h4XvxfZbN8MNluCF_TeY7X092Gt6LTZUobOm5xlEPStezO-g3I0s_bAZe2qfPZ6pDZFn&_nc_zt=14&_nc_ht=scontent.fjai6-1.fna&_nc_gid=f-b3esTteBUZ5sLfPQ6Tdg&_nc_ss=7b289&oh=00_Af-AmFA7GFP4f3N3N6uF6tQLGSZi9Cf41zXal8xR4X3w7A&oe=6A383065 | Resized: https://scontent.fjai6-1.fna.fbcdn.net/v/t39.35426-6/710638958_2084562259606496_9047308510849899557_n.jpg?stp=dst-jpg_s600x600_tt6&_nc_cat=102&ccb=1-7&_nc_sid=c53f8f&_nc_ohc=AXlWiOkVCoUQ7kNvwHPeaJJ&_nc_oc=AdoPxctw7sFF0iKvkkL6l0vm89plNgBZAhpizuPXkZ8neGKg87kj1SEnrQuOl1GnwI-SrJl0k4xx_VE26xz1CedH&_nc_zt=14&_nc_ht=scontent.fjai6-1.fna&_nc_gid=f-b3esTteBUZ5sLfPQ6Tdg&_nc_ss=7b289&oh=00_Af9kTrEmdLAiKbRswkESs1dZ1cX_6jsfTD4yXmqR7w1vCg&oe=6A385BC7,
4178985032414427,https://www.facebook.com/61585678349544/,fb.me,https://www.facebook.com/61585678349544/,,,,,,,,,968446786346048,http://fb.me/,Siomm Estates,https://www.facebook.com/ads/library/?id=4178985032414427,"Luxury isn’t just about interiors - it’s about where you live.

Own a private 4BHK villa in Kasauli with:
✔ Panoramic valley views
✔ Indoor heated pool
✔ Fully furnished spaces

Only 6 villas available. Book your visit today.",9,Learn more,fb.me,"FACEBOOK; INSTAGRAM",2026-04-19,2026-06-16,,Original: https://scontent.fjai6-1.fna.fbcdn.net/v/t39.35426-6/673119010_979685701290284_8552236665104455992_n.jpg?_nc_cat=105&ccb=1-7&_nc_sid=c53f8f&_nc_ohc=CXOb-u44nJYQ7kNvwEp_G0a&_nc_oc=Adp_EvnMO7G87GQqRXdSW9xOXih1vCZtLjqku9ffIcrFigAh9JqWlVHOMz1uQJHOT2zunfChxn2fpiAwd-Mc3rBs&_nc_zt=14&_nc_ht=scontent.fjai6-1.fna&_nc_gid=UhrUhVGQirAPfxyrZTUoag&_nc_ss=7b289&oh=00_Af-MEZ8-9QhDZB7l-f37syhKUG7F_2l1jN3BjGDtwHqqkA&oe=6A3831D2 | Resized: https://scontent.fjai6-1.fna.fbcdn.net/v/t39.35426-6/673951113_1977071743200232_7923174443021462959_n.jpg?stp=dst-jpg_s600x600_tt6&_nc_cat=110&ccb=1-7&_nc_sid=c53f8f&_nc_ohc=RcDEMC3wYxwQ7kNvwE-uT79&_nc_oc=Ado367FaIDwiuxGI7VAS4K7yR0GFTFO2KUiO_plbejGl_FJ1YGplRerUK1IM_5z53wfsDo1zpBV-64pruxatfl6d&_nc_zt=14&_nc_ht=scontent.fjai6-1.fna&_nc_gid=UhrUhVGQirAPfxyrZTUoag&_nc_ss=7b289&oh=00_Af9Zzc0HJK4_nmwRpZ1KxPAEZvwvjtj6A_89jtE_ItmRfQ&oe=6A385200,,,,,,
1915705565729412,https://www.facebook.com/61578946735269/,api.whatsapp.com,https://www.facebook.com/61578946735269/,,,,,+91 79702 79703,,,,717424864786964,https://api.whatsapp.com/send,Advika Paradise,https://www.facebook.com/ads/library/?id=1915705565729412,"The Smartest Investment You’ll Ever Make!

Welcome to Advika Paradise, where every villa isn’t just a home — it’s a rising real estate asset in one of Jabalpur’s fastest-growing locations 🏡✨

✅ Starting From 95 Lakhs
✅ Premium 3 BHK Luxury Villas
✅ Prime Location – Just 300m from the LIC Building, Madan Mahal
✅ Gated Society with 24x7 Security & CCTV
✅ Modern Architecture, Modular Kitchen & Private Green Space

Whether you’re looking for a dream home or a profitable investment, Advika Paradise brings you the best of both worlds.

📞 Contact us at 75094 75093 
📲 DM us to schedule a site visit today!
📍Limited villas available! Book your site visit today & experience life at Advika Paradise.",186,Send WhatsApp message,WhatsApp,"FACEBOOK; INSTAGRAM; AUDIENCE_NETWORK; MESSENGER; WHATSAPP",2026-03-24,2026-06-16,,Original: https://scontent.fjai6-1.fna.fbcdn.net/v/t39.35426-6/655447904_1354369076452935_1810349808194063701_n.jpg?_nc_cat=107&ccb=1-7&_nc_sid=c53f8f&_nc_ohc=BNcgHEmCajMQ7kNvwHzHxLj&_nc_oc=Adp778bMSKTbyfd9wk3CgSFzDzMNlF4rd6vX8TMuyJ9TQsAQPXt1cALNLuW_A33QNT3ynA3JBuR-bF0eihc0esfK&_nc_zt=14&_nc_ht=scontent.fjai6-1.fna&_nc_gid=UhrUhVGQirAPfxyrZTUoag&_nc_ss=7b289&oh=00_Af-E__i3zRfK6aFzUd8pN4bs1fETcuUlOZN7UmrLpQwhUw&oe=6A3850CF | Resized: https://scontent.fjai6-1.fna.fbcdn.net/v/t39.35426-6/655747192_935931649406498_5063593448468965502_n.jpg?stp=dst-jpg_s600x600_tt6&_nc_cat=107&ccb=1-7&_nc_sid=c53f8f&_nc_ohc=jKL0lPK2eXwQ7kNvwFxgXUs&_nc_oc=Adq91aAsnPV0bug4eh06o2sZS6fK4tIFuzMrHQKh8f77Bi891wz8qN9QgyzKxys_p1PvrphMA_cmsPWs34aH_jxH&_nc_zt=14&_nc_ht=scontent.fjai6-1.fna&_nc_gid=UhrUhVGQirAPfxyrZTUoag&_nc_ss=7b289&oh=00_Af-yROEi-eIFEqTe10zknOwZwfZaUsDP-b-l0xbie32aPQ&oe=6A382EFF,,,,,,