Ad Archive ID,Page Profile URI,Website URL,Facebook,Instagram,TikTok,YouTube,Email,Phone,Twitter,LinkedIn,Pinterest,Page ID,Link URL,Page Name,Facebook AD URL,Body Text,Page Like Count,CTA Text,Content (Caption),Publisher Platform,Start Date,End Date,Videos,Images,Cards Body,Cards Link URL,Cards Caption,Cards CTA Text,Cards Images,Cards Videos
1471791854255158,https://www.facebook.com/chintamanis.official/,instagram.com,https://www.facebook.com/chintamanis.official/,https://www.instagram.com/chintamanis.official/,,,,,,,,120267294418813,https://www.instagram.com/chintamanis.official/,Chintamanis,https://www.facebook.com/ads/library/?id=1471791854255158,"Phase 1 didn't just sell out. It set a benchmark.
Now Chintamanis is back  and Phase 2 isn't just bigger. It's bolder.
From the buyers who trusted Phase 1, to the ones discovering us now this is the Chintamanis promise, delivered at a new scale.

✅ 12 ft. floor-to-floor ceiling heights
✅ Most prime location ka one of the biggest land parcels
✅ 3x car parking per home
✅ All-inclusive price: GST and all charges included


Pre-launch closes June end. 
Enquire Now!",315,Learn more,instagram.com,"FACEBOOK; INSTAGRAM",2026-06-13,2026-06-17,,,"Phase 1 didn't just sell out. It set a benchmark.
Now Chintamanis is back  and Phase 2 isn't just bigger. It's bolder.
From the buyers who trusted Phase 1, to the ones discovering us now this is the Chintamanis promise, delivered at a new scale.

✅ 12 ft. floor-to-floor ceiling heights
✅ Most prime location ka one of the biggest land parcels
✅ 3x car parking per home
✅ All-inclusive price: GST and all charges included


Pre-launch closes June end. 
Enquire Now! || Phase 1 didn't just sell out. It set a benchmark.
Now Chintamanis is back  and Phase 2 isn't just bigger. It's bolder.
From the buyers who trusted Phase 1, to the ones discovering us now this is the Chintamanis promise, delivered at a new scale.

✅ 12 ft. floor-to-floor ceiling heights
✅ Most prime location ka one of the biggest land parcels
✅ 3x car parking per home
✅ All-inclusive price: GST and all charges included


Pre-launch closes June end. 
Enquire Now!",https://www.instagram.com/chintamanis.official/ || https://www.instagram.com/chintamanis.official/,,Learn More || Learn More,Original: https://scontent.fjai6-1.fna.fbcdn.net/v/t39.35426-6/722963877_1075644988311804_5971186614132046766_n.jpg?_nc_cat=108&ccb=1-7&_nc_sid=c53f8f&_nc_ohc=_zR9FGJIueoQ7kNvwF-fnhV&_nc_oc=Adpqhaz69D6WvtUpC0Ae9k5vxsR6QAeq7UCP-gVPACC9bCWAwk190qbkV_Lcq2kyk5ocZH7nzThz9t-VPSAcF4HT&_nc_zt=14&_nc_ht=scontent.fjai6-1.fna&_nc_gid=m_prQ4QZgiPH9QVBu09maw&_nc_ss=7b289&oh=00_Af-rNrsCR3wGQlx6rpiRsTEjEQu2ThbYCfCSSDw8ufFDTw&oe=6A3856DF | Resized: https://scontent.fjai6-1.fna.fbcdn.net/v/t39.35426-6/724004751_2111562526445333_3926388854375933659_n.jpg?stp=dst-jpg_s600x600_tt6&_nc_cat=106&ccb=1-7&_nc_sid=c53f8f&_nc_ohc=dh533ardJ9YQ7kNvwEGUMRa&_nc_oc=AdpGNqywxFEm64VMVzvswLTClBhqpcp85UKBbn7sPhxBsfrmXE1EHyhmgGUEU8lsN0Rda4iD_1n5co-34Iz-oenH&_nc_zt=14&_nc_ht=scontent.fjai6-1.fna&_nc_gid=m_prQ4QZgiPH9QVBu09maw&_nc_ss=7b289&oh=00_Af8pIRqgClxFsht65rL0VWHWsNsajX-0eMSqgBMRAhGahw&oe=6A386477 || Original: https://scontent.fjai6-1.fna.fbcdn.net/v/t39.35426-6/724005133_2201882957262857_7734350343091094289_n.jpg?_nc_cat=102&ccb=1-7&_nc_sid=c53f8f&_nc_ohc=N-W_felIy5UQ7kNvwGUPA0E&_nc_oc=AdrcGwkgpSAazdd5qrBbGAatBey7MtuoiUQPTvy4CLCYKRjTF6GlPps9NSzEZkcrJBRRbZZzNROpdN5-vbZnXl4n&_nc_zt=14&_nc_ht=scontent.fjai6-1.fna&_nc_gid=m_prQ4QZgiPH9QVBu09maw&_nc_ss=7b289&oh=00_Af835xtQjEWcgZFNZPRU65snvyiGLnQ80KwCQCHB6QFRrQ&oe=6A3838EC | Resized: https://scontent.fjai6-1.fna.fbcdn.net/v/t39.35426-6/722956500_1552166089594329_8418631660438450889_n.jpg?stp=dst-jpg_s600x600_tt6&_nc_cat=109&ccb=1-7&_nc_sid=c53f8f&_nc_ohc=a7QzJRWddU8Q7kNvwFb5ll9&_nc_oc=AdrSux5BN0m6w792-NBRQQGMCkVeD0g-lZfKYPDG3eOKj-QYqlsP2Zsh0rw18nurHNgUwcLhGnsm15aerUjsZ6Rp&_nc_zt=14&_nc_ht=scontent.fjai6-1.fna&_nc_gid=m_prQ4QZgiPH9QVBu09maw&_nc_ss=7b289&oh=00_Af_XOPsr5Z01JuCSJWKnRXb54gznLCHPGyGOtneWpJY2Ew&oe=6A383A96,
1436519604361524,https://www.facebook.com/proptimes.org/,fb.me,https://www.facebook.com/proptimes.org/,,,,marketing@proptimes.org,+91 95354 84441,,,,137382786135432,http://fb.me/,Prop Times,https://www.facebook.com/ads/library/?id=1436519604361524,"🚨 Pre-Launch Alert on Bannerghatta Road!
Godrej brings a ~33 Acre master-planned luxury township in South Bangalore 🌿

✨ Premium 2, 3 & 4 BHK residences
🍃 ~80% open & green spaces
🏖️ Resort-style amenities & low-density living
📍 Bannerghatta Rd | JP Nagar | BTM | NICE Rd | Upcoming Pink Line Metro

💰 Register EOI to unlock:
✔ Lowest pre-launch pricing
✔ Priority unit selection
✔ Strong appreciation potential

⏳ Limited pre-launch window open now!
👉 Register your Expression of Interest today.",2546,Get quote,fb.me,"FACEBOOK; INSTAGRAM",2026-04-16,2026-06-16,,Original: https://scontent.fjai6-1.fna.fbcdn.net/v/t39.35426-6/671662973_3485886001576362_1519594502782662369_n.jpg?_nc_cat=111&ccb=1-7&_nc_sid=c53f8f&_nc_ohc=8Ku1PSQbCqAQ7kNvwE-LoNg&_nc_oc=Adp_LjtwDpipb0FgycMOmq-RylxGQQtr8a6QVovRGdXVghBQ2tklTZAzyTb-xzV4Mvm-GEWtPSTuTkNOcU4iz3eG&_nc_zt=14&_nc_ht=scontent.fjai6-1.fna&_nc_gid=m_prQ4QZgiPH9QVBu09maw&_nc_ss=7b289&oh=00_Af8Xxsx-KcJgKg9ZRtsBkuuf5wgxEtNEA8CSWDUPFBpqYQ&oe=6A38453F | Resized: https://scontent.fjai6-1.fna.fbcdn.net/v/t39.35426-6/669665722_1660394655222644_232181977232687079_n.jpg?stp=dst-jpg_s600x600_tt6&_nc_cat=110&ccb=1-7&_nc_sid=c53f8f&_nc_ohc=AZofoE4wn5AQ7kNvwEKI5Mg&_nc_oc=AdpeOXlo0n_bTgzbDh523sXWldZEJIjZJw44Gtvbuf09hZBEZqzao0YSLLR0M6RBAqUh4OGIw0OpjEOtBbLcokxP&_nc_zt=14&_nc_ht=scontent.fjai6-1.fna&_nc_gid=m_prQ4QZgiPH9QVBu09maw&_nc_ss=7b289&oh=00_Af9HRR_FOjLd_0D4434NUMNIdiZGmswe1o5voZijtsDLyg&oe=6A3851E0,,,,,,
993893209885202,https://www.facebook.com/housiey/,fb.me,https://www.facebook.com/housiey/,,,,sales@housiey.com,+91 80974 52839,,,,216444252147750,http://fb.me/,Housiey,https://www.facebook.com/ads/library/?id=993893209885202,"Godrej Properties Launching Luxurious Project At Kukatpally, Hyderabad
✅7.76 Acres- 2 Towers- 45 Floors
✅3/4 BHK - ₹2.16 Cr Onwards
✅Mall- 5min | Metro Stn- 8min
✅50+ Luxurious Amenities
✅72,000 sq.ft Grand Clubhouse 
✅Exclusive Pre-Launch Discounts
✅Booking Window Open Now
✅Housiey Rera No. A3930003703",31911,Download,fb.me,"FACEBOOK; INSTAGRAM",2026-05-30,2026-06-17,,Original: https://scontent.fjai6-1.fna.fbcdn.net/v/t39.35426-6/708415567_839111302145578_8171566234237370772_n.jpg?_nc_cat=103&ccb=1-7&_nc_sid=c53f8f&_nc_ohc=HzSzYko1QHYQ7kNvwGPB3xV&_nc_oc=AdpmdUlrIt116nwFOBnir1d4azoVumsNh3j8wZA2eUd1xqXMc0CT9ufxVBSZ04wWj4eEbdYhSu_Dz_FFH2Y-I3Uj&_nc_zt=14&_nc_ht=scontent.fjai6-1.fna&_nc_gid=m_prQ4QZgiPH9QVBu09maw&_nc_ss=7b289&oh=00_Af_6dk-Z-I4ef71V_ygZGmwjQxujf7K8ekyok_1dgh4kEA&oe=6A38598C | Resized: https://scontent.fjai6-1.fna.fbcdn.net/v/t39.35426-6/708363675_989208843816533_4265514554128628233_n.jpg?stp=dst-jpg_s600x600_tt6&_nc_cat=107&ccb=1-7&_nc_sid=c53f8f&_nc_ohc=PQ6yqewi_HYQ7kNvwGbqcvL&_nc_oc=Adr_0MUhot6a01rXLccXoy5bYovWvUfMg6mwLex_4QAYffzhyxO0kgQl_y3B-VPJPCZ4s5To0Ard42vGad0fc93L&_nc_zt=14&_nc_ht=scontent.fjai6-1.fna&_nc_gid=m_prQ4QZgiPH9QVBu09maw&_nc_ss=7b289&oh=00_Af_AzNU2nM12Raire5Bge-ZW3IdkwRepsD_LAG6OhuoFnw&oe=6A385E01,,,,,,
1372680651055847,https://www.facebook.com/galaxymaplewoods/,fb.me,https://www.facebook.com/galaxymaplewoods/,,,,,+91 99305 02720,,,,118013031280786,http://fb.me/,Sai Proviso Galaxy Maple Woods ,https://www.facebook.com/ads/library/?id=1372680651055847,"2 & 3 BHK @1.29 Cr* in Airoli, Navi Mumbai By Galaxy & Sai Proviso Group - Maple Woods | Near Station 
✅ Galaxy | Sai Proviso Mapple Woods Airoli
✅ 2 & 3 BHK Unit  @1.29 Cr* Onwards 
✅ Multiple Towers - 38 Storey Exclusive Pre Launch
✅ 5 level Podium | 40+ Amenities 
✅ 10.3 Feet Height | Township Development",22,Get quote,fb.me,"FACEBOOK; INSTAGRAM; AUDIENCE_NETWORK",2025-11-20,2026-06-17,,Original: https://scontent.fjai6-1.fna.fbcdn.net/v/t39.35426-6/586045855_1417192373743941_4831927456770072588_n.jpg?_nc_cat=111&ccb=1-7&_nc_sid=c53f8f&_nc_ohc=_SzFoW7up8UQ7kNvwFd3gx1&_nc_oc=AdrfI2O4gFjA0XQiSgLyvIhFdYX2H1-lj3Z7YQO02dlHUI4h4z-S5Iyyezy2UOolnZJ7XfA8hhDGX4jfc7TlQGyD&_nc_zt=14&_nc_ht=scontent.fjai6-1.fna&_nc_gid=m_prQ4QZgiPH9QVBu09maw&_nc_ss=7b289&oh=00_Af8JYYsxAOgbFE_vtATvmI18FNxErOzIvvas6Gt5qAJA6A&oe=6A384A62 | Resized: https://scontent.fjai6-1.fna.fbcdn.net/v/t39.35426-6/586255089_1849045819151042_8132088634116814265_n.jpg?stp=dst-jpg_s600x600_tt6&_nc_cat=104&ccb=1-7&_nc_sid=c53f8f&_nc_ohc=RxjbkfHxrfYQ7kNvwE5XIlx&_nc_oc=AdpuKCZoiCfMzjii5saTkEyMLc3ttCxzleKDO9lclFJi-FPTB-5xx9XzgrlYpteyXvC_KYvlj3MsKKeRUOOzoVd1&_nc_zt=14&_nc_ht=scontent.fjai6-1.fna&_nc_gid=m_prQ4QZgiPH9QVBu09maw&_nc_ss=7b289&oh=00_Af-crUAvxtYTiHXgidO77d3_d7tiu0W4RU26bu8woxPVfA&oe=6A383EEC,,,,,,
820484690744267,https://www.facebook.com/61563211525961/,fb.me,https://www.facebook.com/61563211525961/,,,,,,,,,392061057318365,http://fb.me/,Pre Launch Properties,https://www.facebook.com/ads/library/?id=820484690744267,"Discover homes that bring nature closer to you. At Tangled Up in Green by Total Environment, every space is designed with sustainability, comfort, and elegance in mind. Live in harmony with nature, with bespoke designs and premium amenities to elevate your lifestyle.

✔️ RERA Registered.
✔️ Strategic Location near (STRR) Bangalore
✔️ Exclusive Luxury Living
✔️ Limited units in a green, biophilic-designed township.
✔️ Doddaballapur Main Road, Bangalore",61,Learn more,https://wa.link/jlp351,INSTAGRAM,2026-05-09,2026-06-17,,,"Discover homes that bring nature closer to you. At Tangled Up in Green by Total Environment, every space is designed with sustainability, comfort, and elegance in mind. Live in harmony with nature, with bespoke designs and premium amenities to elevate your lifestyle.

✔️ RERA Registered.
✔️ Strategic Location near (STRR) Bangalore
✔️ Exclusive Luxury Living
✔️ Limited units in a green, biophilic-designed township.
✔️ Doddaballapur Main Road, Bangalore || Discover homes that bring nature closer to you. At Tangled Up in Green by Total Environment, every space is designed with sustainability, comfort, and elegance in mind. Live in harmony with nature, with bespoke designs and premium amenities to elevate your lifestyle.

✔️ RERA Registered.
✔️ Strategic Location near (STRR) Bangalore
✔️ Exclusive Luxury Living
✔️ Limited units in a green, biophilic-designed township.
✔️ Doddaballapur Main Road, Bangalore || Discover homes that bring nature closer to you. At Tangled Up in Green by Total Environment, every space is designed with sustainability, comfort, and elegance in mind. Live in harmony with nature, with bespoke designs and premium amenities to elevate your lifestyle.

✔️ RERA Registered.
✔️ Strategic Location near (STRR) Bangalore
✔️ Exclusive Luxury Living
✔️ Limited units in a green, biophilic-designed township.
✔️ Doddaballapur Main Road, Bangalore",http://fb.me/ || http://fb.me/ || http://fb.me/,https://wa.link/jlp351 || https://wa.link/jlp351 || https://wa.link/jlp351,Learn More || Learn More || Learn More,Original: https://scontent.fjai6-1.fna.fbcdn.net/v/t39.35426-6/674384007_1139368651652779_6975949319644319486_n.jpg?_nc_cat=106&ccb=1-7&_nc_sid=c53f8f&_nc_ohc=s2vrYR8-p0kQ7kNvwEtZAQX&_nc_oc=AdoFvT5SQaNA7jjfnpy1f-tKfjJIKzqSE33ivpoAiKx2D3JQsypF_YwX40hhQDAnD66Bhvx10gdUoz-hR2NUnfoV&_nc_zt=14&_nc_ht=scontent.fjai6-1.fna&_nc_gid=m_prQ4QZgiPH9QVBu09maw&_nc_ss=7b289&oh=00_Af_k5Bp73soVWEmazgTp2FWLE6r52DbEapnN244LDBtdRA&oe=6A385FE8 | Resized: https://scontent.fjai6-1.fna.fbcdn.net/v/t39.35426-6/673641308_2200721474004537_6142494963836596092_n.jpg?stp=dst-jpg_s600x600_tt6&_nc_cat=104&ccb=1-7&_nc_sid=c53f8f&_nc_ohc=ZTN7VBQc1lcQ7kNvwE_I05f&_nc_oc=AdocWcdkMbIJiHyd_8EWSq2fbsp1PmxhYP0KvbziRroOT8N223c3rRGfzlB70XEErJTbnJgpLKeV2dxKPEPp2ZT4&_nc_zt=14&_nc_ht=scontent.fjai6-1.fna&_nc_gid=m_prQ4QZgiPH9QVBu09maw&_nc_ss=7b289&oh=00_Af8wiydtY2H5_BOJpl9dzjwWJoKkletzUZR12gn87TtKEg&oe=6A385F66 || Original: https://scontent.fjai6-1.fna.fbcdn.net/v/t39.35426-6/671837513_1547918767338974_7605357052082807199_n.jpg?_nc_cat=105&ccb=1-7&_nc_sid=c53f8f&_nc_ohc=yqbBtCN-mJgQ7kNvwGbP1JH&_nc_oc=AdpryTgXclyR-kyjes7GqfP7Ml2ng_TpcI3cEFctC17k1SxT6CXrUqQLpG-tpg5ivJlCLcfaDhoAnYVagITM5SJc&_nc_zt=14&_nc_ht=scontent.fjai6-1.fna&_nc_gid=m_prQ4QZgiPH9QVBu09maw&_nc_ss=7b289&oh=00_Af8vR5C_xD5KiOU_SqcQNFPjYE8SeVJLpcNpYeLsVBBAOg&oe=6A3844F6 | Resized: https://scontent.fjai6-1.fna.fbcdn.net/v/t39.35426-6/672681729_1681606876331290_8594743583491179219_n.jpg?stp=dst-jpg_s600x600_tt6&_nc_cat=103&ccb=1-7&_nc_sid=c53f8f&_nc_ohc=YDv_KaAoYVkQ7kNvwGMmo5t&_nc_oc=AdqM0rKmmH-fCI5OCUR7UaPYt5prklZy33Ay63SrNMHDh_OZs1ATB98ph8RKcYLTERLRNRTdaPMgywLB9DOJG0iH&_nc_zt=14&_nc_ht=scontent.fjai6-1.fna&_nc_gid=m_prQ4QZgiPH9QVBu09maw&_nc_ss=7b289&oh=00_Af-dUi40hGFV3lCFCLX-RhXioGa7PE9zK2goe7Vm8NwUAQ&oe=6A384BC5 || Original: https://scontent.fjai6-1.fna.fbcdn.net/v/t39.35426-6/673133177_991434223254706_844015732040562745_n.jpg?_nc_cat=105&ccb=1-7&_nc_sid=c53f8f&_nc_ohc=kcOnlWXVahIQ7kNvwFYQ9XI&_nc_oc=AdrUUW3EYMPnHH1X3DEL60l2GPh7kGjmW81tJdYxltBvn4MJFp5zb837SMrugkRTdTe929YT-VHCFdY5zFt7hr8F&_nc_zt=14&_nc_ht=scontent.fjai6-1.fna&_nc_gid=m_prQ4QZgiPH9QVBu09maw&_nc_ss=7b289&oh=00_Af8UVjFZA0KyJ3h4X1tiYzZZnre1QiYQ3tOo1Ie2B5JUhQ&oe=6A3863C9 | Resized: https://scontent.fjai6-1.fna.fbcdn.net/v/t39.35426-6/672683237_1989551762446132_7952280917120712850_n.jpg?stp=dst-jpg_s600x600_tt6&_nc_cat=106&ccb=1-7&_nc_sid=c53f8f&_nc_ohc=ahGiByvqf9YQ7kNvwH4CzAM&_nc_oc=Adrq3xxuCoZX_9d021E3tMYKVf-BL6Cpgia2yvbnTyEbTW92hT77eRnyMKkpH1J4n_NEQ9AOBA47kbOO9hfl17dJ&_nc_zt=14&_nc_ht=scontent.fjai6-1.fna&_nc_gid=m_prQ4QZgiPH9QVBu09maw&_nc_ss=7b289&oh=00_Af_JGuHoU9pochUkt-lAav7xSv40QnUCn1hR2ZEMvGOm_A&oe=6A384193,
1673365960750700,https://www.facebook.com/61577981609391/,fb.me,https://www.facebook.com/61577981609391/,,,,,,,,,628314210375019,http://fb.me/,Godrej's New Launched,https://www.facebook.com/ads/library/?id=1673365960750700,"Godrej Bannerghatta Road — Your dream home in South Bangalore's most coveted location!
🏙️ 2, 3 & 4 BHK Luxury Homes
From ₹1.25 Cr*, designed with modern families in mind.
✨ Features:
🏡 35-Acre Community
🏊 Swimming Pool
🛡️ Security 24×7
🍳 Fitted Kitchens
🏢 Luxury Clubhouse
🌳 Green Gardens
🎾 Sports Zones
🚪 Grand Lobby
🎮 Kids' Areas
🏋️ Fitness Center
📍 Location:
🏢 Electronic City 15-20 mins*
🚇 Metro Connectivity
🛣️ NICE Road Access
🚗 Bannerghatta 10 mins*
🏥 Hospitals Nearby
🏫 Schools Close
🛍️ Malls Around
🏭 IT Hubs
🍽️ Restaurants
🎁 Pre-Launch Open!
*T&C Apply
📞 Register Now!",137,See details,fb.me,"FACEBOOK; INSTAGRAM; AUDIENCE_NETWORK",2026-05-02,2026-06-17,,Original: https://scontent.fjai6-1.fna.fbcdn.net/v/t39.35426-6/688912025_2005733573367438_701595081387025351_n.jpg?_nc_cat=104&ccb=1-7&_nc_sid=c53f8f&_nc_ohc=sPdO0bWIztAQ7kNvwEtDnIk&_nc_oc=AdoqeqrS4jMMIzUTJxBaSnJ7onQIBCe7Xj5pnz4j6VBxe-jT2JT9Mlc2kH6ttcM-r4zuvQsvFuQ2hhCJca9wERyf&_nc_zt=14&_nc_ht=scontent.fjai6-1.fna&_nc_gid=dx4wPPmbFDxHVhiVGnZt1g&_nc_ss=7b289&oh=00_Af9LAfre_G2QyZGTg6kOLm1-V1SAr5hcPPZdSUdNn5UxKg&oe=6A385A36 | Resized: https://scontent.fjai6-1.fna.fbcdn.net/v/t39.35426-6/687038312_1291454103119371_6412479134253683841_n.jpg?stp=dst-jpg_s600x600_tt6&_nc_cat=103&ccb=1-7&_nc_sid=c53f8f&_nc_ohc=Nx-lOF2CVokQ7kNvwFSM_L1&_nc_oc=Adrtg-HnNJrgvp052FKaeW_VlfCUMhMUpg7i6eE-tgNxCamp9Yf8jCy8rsJHQ5NBO5JyrOzkvZdsuPvFm0Jw4WOE&_nc_zt=14&_nc_ht=scontent.fjai6-1.fna&_nc_gid=dx4wPPmbFDxHVhiVGnZt1g&_nc_ss=7b289&oh=00_Af9joeoYWWwg3x4VHKjuYfwh_qybFFweWssbpoStCHvbbA&oe=6A386000,,,,,,
1386016289952016,https://www.facebook.com/proptimes.org/,fb.me,https://www.facebook.com/proptimes.org/,,,,marketing@proptimes.org,+91 95354 84441,,,,137382786135432,http://fb.me/,Prop Times,https://www.facebook.com/ads/library/?id=1386016289952016,"🚨 Pre-Launch Alert on Bannerghatta Road!
Godrej brings a ~33 Acre master-planned luxury township in South Bangalore 🌿

✨ Premium 2, 3 & 4 BHK residences
🍃 ~80% open & green spaces
🏖️ Resort-style amenities & low-density living
📍 Bannerghatta Rd | JP Nagar | BTM | NICE Rd | Upcoming Pink Line Metro

💰 Register EOI to unlock:
✔ Lowest pre-launch pricing
✔ Priority unit selection
✔ Strong appreciation potential

⏳ Limited pre-launch window open now!
👉 Register your Expression of Interest today.",2546,Get quote,fb.me,"FACEBOOK; INSTAGRAM",2026-04-18,2026-06-16,,Original: https://scontent.fjai6-1.fna.fbcdn.net/v/t39.35426-6/672176905_2341630606324669_8382919732518242453_n.jpg?_nc_cat=102&ccb=1-7&_nc_sid=c53f8f&_nc_ohc=gKs4wfWbiQgQ7kNvwERYU4D&_nc_oc=AdpbQxQ3gBOvK0zTcITFKZcSUQqVtVfEwq6iTp4FFOghi3Cs09wF_aTZafuHsrUKqxy0JqBErFM7DZSbg-h1OMj-&_nc_zt=14&_nc_ht=scontent.fjai6-1.fna&_nc_gid=dx4wPPmbFDxHVhiVGnZt1g&_nc_ss=7b289&oh=00_Af9A-Hzwu1BC_7nHWDbAAFztIIMO1LATuH3LnJVnq9ILTw&oe=6A38399D | Resized: https://scontent.fjai6-1.fna.fbcdn.net/v/t39.35426-6/674941846_1461601052110829_8052540025082504744_n.jpg?stp=dst-jpg_s600x600_tt6&_nc_cat=104&ccb=1-7&_nc_sid=c53f8f&_nc_ohc=8kNeHxm1YckQ7kNvwHVxlSY&_nc_oc=AdqunY7GaEr2Wd_4BbSuvaihsJMyD9RbAWBgB7fYEwztzsgAQRHkROZBZ3_bhOaQsuQYEg-suuPn6n5tVAvj2UbI&_nc_zt=14&_nc_ht=scontent.fjai6-1.fna&_nc_gid=dx4wPPmbFDxHVhiVGnZt1g&_nc_ss=7b289&oh=00_Af_1Y3vqmTeuUeM1cWU9nM4rbdUQIlaZx5HoM7VGq451tA&oe=6A385F2E,,,,,,
891469110565624,https://www.facebook.com/61587015047714/,api.whatsapp.com,https://www.facebook.com/61587015047714/,,,,,+91 77093 19570,,,,957243350808375,https://api.whatsapp.com/send,Vivek Realtor ,https://www.facebook.com/ads/library/?id=891469110565624,"✨ Why are 2,000+ families already investing here in just 6 months?

Welcome to India’s First Dubai-Inspired Resort Lifestyle Township 🌴

🏝️ Spread across 105+ Acres of Luxury Living
A place where nature, luxury & connectivity come together.

💎 50+ World-Class Amenities
🚁 Private Helipad
🏫 School & 🏥 Hospital
🏇 Grand Race Course
🌊 Scenic Water Bodies
🛕 1.5 Acre ISKCON Temple
✨ Plus many more lifestyle amenities

📍 Prime Location Advantage
Just 5 minutes from Hinjewadi IT Park — yet surrounded by peaceful greenery 🌿

🏡 Premium 2, 3 & 4 BHK Homes
Designed for those who want resort-style living every single day.

📞 Call 8788371776 or Comment “Details” to know more! 

[ luxury property, pune, pune real estate , home, dream home, 2bhk, 3BHK, 4BHK, villa, villa plot, duplex , amenities, racecourse, private helipad, best project , reputed builder , trust, most demanding, most loving ] 
#luxuryproperty #dreamhome #newlaunch #punerealestae punekars",8,Send WhatsApp message,api.whatsapp.com,"FACEBOOK; INSTAGRAM",2026-04-25,2026-06-16,HD: https://video.fjai6-1.fna.fbcdn.net/o1/v/t2/f2/m367/AQPX_VgK78stE4Wp3ZhdkPiKvxPzqTDRGzacVMo9nK-ozzKSFZINswMI2bvaxbW0DcaRRLqE40DzcSXC9TjiP_7KsJzef0UFBMFWNN_apg.mp4?_nc_cat=105&_nc_oc=Adr01jJuWGw9tBc9EBrBp5MAJos2dw_8wyx1AyLjZdlftob8E7c_GGE9kUylXX29Vwo-3swEiuPeo_FJ7bI6S23P&_nc_sid=ef5aa3&_nc_ht=video.fjai6-1.fna.fbcdn.net&_nc_ohc=0wh-IUakxGgQ7kNvwE3-JYi&efg=eyJ2ZW5jb2RlX3RhZyI6Inhwdl9wcm9ncmVzc2l2ZS5WSV9VU0VDQVNFX1BST0RVQ1RfVFlQRS4uQzMuNzIwLnByb2dyZXNzaXZlX2gyNjQtYmFzaWMtZ2VuMl83MjBwIiwieHB2X2Fzc2V0X2lkIjoxNzg2NTQwMjQwODY2ODk0NywiYXNzZXRfYWdlX2RheXMiOjY4LCJ2aV91c2VjYXNlX2lkIjoxMDA5OSwiZHVyYXRpb25fcyI6NTgsInVybGdlbl9zb3VyY2UiOiJ3d3cifQ%3D%3D&ccb=17-1&_nc_gid=dx4wPPmbFDxHVhiVGnZt1g&_nc_ss=7b289&_nc_zt=28&oh=00_Af9_ZzDG6RNBKqcGIUP7PTIhmklXNV_aK7M6GXjShWTbhQ&oe=6A3836FD | SD: https://video.fjai6-1.fna.fbcdn.net/o1/v/t2/f2/m367/AQP-rBvtlYslE4wAFGTeJJhQSDD7-tOguRxHMJHJ3UMKg7bZjag0x4JXjuPb3495tKHn_nBAv9lXgEw50U1Bvit9Y0XbwabXsKmITmpJig.mp4?_nc_cat=102&_nc_oc=AdoMAEODs3tuQ-rdh0iuucU9WKy65Z-jjN2tWLccO2DM-IxVUxQ12AEMfbTIuDKjgTyzc5Mc2PsZUpnHFFiZSZAN&_nc_sid=ef5aa3&_nc_ht=video.fjai6-1.fna.fbcdn.net&_nc_ohc=OQtm1Tt5k6UQ7kNvwEXOUAO&efg=eyJ2ZW5jb2RlX3RhZyI6Inhwdl9wcm9ncmVzc2l2ZS5WSV9VU0VDQVNFX1BST0RVQ1RfVFlQRS4uQzMuMzYwLnByb2dyZXNzaXZlX2gyNjQtYmFzaWMtZ2VuMl8zNjBwIiwieHB2X2Fzc2V0X2lkIjoxNzg2NTQwMjQwODY2ODk0NywiYXNzZXRfYWdlX2RheXMiOjY4LCJ2aV91c2VjYXNlX2lkIjoxMDA5OSwiZHVyYXRpb25fcyI6NTgsInVybGdlbl9zb3VyY2UiOiJ3d3cifQ%3D%3D&ccb=17-1&_nc_gid=dx4wPPmbFDxHVhiVGnZt1g&_nc_ss=7b289&_nc_zt=28&oh=00_Af-YITGZPpQh-KTXvKtHWQiK-JqzjqtKVoIoMOtvFT71aw&oe=6A38572C | Preview: https://scontent.fjai6-1.fna.fbcdn.net/v/t39.35426-6/669318146_978490421197355_9002232845353679291_n.jpg?_nc_cat=102&ccb=1-7&_nc_sid=c53f8f&_nc_ohc=34fgzoEYNWIQ7kNvwGIaGwS&_nc_oc=AdqO2tBYyCHTzZ4UXZvylSCZiCkZxwQnFnvhDIAgg9Uw69k0fXzobMIwQHI4rGmdLDZNEMLqYFi-cs8z2EHtMjFY&_nc_zt=14&_nc_ht=scontent.fjai6-1.fna&_nc_gid=dx4wPPmbFDxHVhiVGnZt1g&_nc_ss=7b289&oh=00_Af-kbOmVzDODlLvJhiWeIUyZKpYSl6oiS5gPJZgPi5rO0w&oe=6A3846C2,,,,,,,
1518013306683160,https://www.facebook.com/tdi.connaught.estate.ludhiana/,fb.me,https://www.facebook.com/tdi.connaught.estate.ludhiana/,,,,,,,,,1044460875426382,http://fb.me/,TDI Connaught Estate Ludhiana,https://www.facebook.com/ads/library/?id=1518013306683160,"Ludhiana’s newest premium address is now open for pre-launch bookings.
Introducing Connaught Estate by TDI Infratech & DC Group — luxury S+4 independent 3BHK floors inside a 150-acre integrated township on Sidhwan Canal Road.

✅ Approx. 1850–1900 sq.ft homes
✅ Gated township with clubhouse & amenities
✅ Prime highway-facing location
✅ Launch Price: ₹5̶,̶5̶0̶0 6,000/sq.ft

Early buyers get the best inventory + highest appreciation advantage.

📩 Fill the form now to get floor plans, pricing & priority booking details.",34,Book now,fb.me,"FACEBOOK; INSTAGRAM; AUDIENCE_NETWORK",2026-05-21,2026-06-16,,,"Ludhiana’s newest premium address is now open for pre-launch bookings.
Introducing Connaught Estate by TDI Infratech & DC Group — luxury S+4 independent 3BHK floors inside a 150-acre integrated township on Sidhwan Canal Road.

✅ Approx. 1850–1900 sq.ft homes
✅ Gated township with clubhouse & amenities
✅ Prime highway-facing location
✅ Launch Price: ₹5̶,̶5̶0̶0 6,000/sq.ft

Early buyers get the best inventory + highest appreciation advantage.

📩 Fill the form now to get floor plans, pricing & priority booking details. || Ludhiana’s newest premium address is now open for pre-launch bookings.
Introducing Connaught Estate by TDI Infratech & DC Group — luxury S+4 independent 3BHK floors inside a 150-acre integrated township on Sidhwan Canal Road.

✅ Approx. 1850–1900 sq.ft homes
✅ Gated township with clubhouse & amenities
✅ Prime highway-facing location
✅ Launch Price: ₹5̶,̶5̶0̶0 6,000/sq.ft

Early buyers get the best inventory + highest appreciation advantage.

📩 Fill the form now to get floor plans, pricing & priority booking details. || Looking for a premium property with strong appreciation potential in Ludhiana?
Connaught Estate by TDI Infratech brings thoughtfully planned 3BHK S+4 floors in one of the city’s fastest-growing residential corridors.
✔ Spacious layouts
✔ Premium township infrastructure
✔ Excellent connectivity
✔ Gated secure community
✔ Early-stage investment advantage

Limited pre-launch inventory now available with inaugural pricing benefits.

📩 Submit your details to receive brochure, floor plans & payment plan.",http://fb.me/ || http://fb.me/ || http://fb.me/,,Book Now || Book Now || Book Now,Original: https://scontent.fjai6-1.fna.fbcdn.net/v/t39.35426-6/702730329_989773676964757_6774802393602360277_n.jpg?_nc_cat=108&ccb=1-7&_nc_sid=c53f8f&_nc_ohc=_JhXfahmZcsQ7kNvwGhrD7Q&_nc_oc=AdoWYY3i6yCqWkj3em7Uyr9fGsIWqPWiw5VBbvBWh9IdrPOOUJYwBW0ThzYOp49BPgHwrijBq9ZywObDGNHL7K-F&_nc_zt=14&_nc_ht=scontent.fjai6-1.fna&_nc_gid=dx4wPPmbFDxHVhiVGnZt1g&_nc_ss=7b289&oh=00_Af_ueY3uPJqG0Pid9fdv-LCFIQAkEahAU9si7zmU8pITCQ&oe=6A384B1D | Resized: https://scontent.fjai6-1.fna.fbcdn.net/v/t39.35426-6/702866372_1560000808822757_8266225536096831330_n.jpg?stp=dst-jpg_s600x600_tt6&_nc_cat=101&ccb=1-7&_nc_sid=c53f8f&_nc_ohc=oJhcnsBldf4Q7kNvwG8UnsR&_nc_oc=AdpWklyO7RLQAMY-5D3Y6KaxScxh6amq9wcRXh5CBXDEDPdPc0b85H7gM5r4xHZM8EL3Nh75KIgrYnD4LuvGqKtT&_nc_zt=14&_nc_ht=scontent.fjai6-1.fna&_nc_gid=dx4wPPmbFDxHVhiVGnZt1g&_nc_ss=7b289&oh=00_Af9voBznRnvHRWEhxZqvX1DgbTzltgUnFvQ1fAKYHVMf4A&oe=6A384A19 || Original: https://scontent.fjai6-1.fna.fbcdn.net/v/t39.35426-6/701789017_937924042561844_2054458821958725736_n.jpg?_nc_cat=107&ccb=1-7&_nc_sid=c53f8f&_nc_ohc=u_iU9u0m6CoQ7kNvwGYT5k5&_nc_oc=AdoNeL1pgOpH5c69cId1Q2HBktMGz4Wbf_E7s8qOZAVtNiJW3BLb_zKMgJxHox0jbuOcQ7CwvDbA6a6XQqWPpBun&_nc_zt=14&_nc_ht=scontent.fjai6-1.fna&_nc_gid=dx4wPPmbFDxHVhiVGnZt1g&_nc_ss=7b289&oh=00_Af9AKNAE3qyUMNFSAkFM1o-7y0RlYHd45nDGfKF4zQA0WA&oe=6A385986 | Resized: https://scontent.fjai6-1.fna.fbcdn.net/v/t39.35426-6/705122344_993617383215333_368988042972437839_n.jpg?stp=dst-jpg_s600x600_tt6&_nc_cat=100&ccb=1-7&_nc_sid=c53f8f&_nc_ohc=NOYtjDXOqkQQ7kNvwHiHr7o&_nc_oc=AdowCWx5xcZfT4sBDaUHeT3GDLIRNamGrxD-QeE6hPmw1Yu7CzWQw4G5WijDKaguTWrbzMLOxWmVO-D1YgW4xOQL&_nc_zt=14&_nc_ht=scontent.fjai6-1.fna&_nc_gid=dx4wPPmbFDxHVhiVGnZt1g&_nc_ss=7b289&oh=00_Af_Z-hoV2L0DEbvcahfT1MU51qoxB_FxcQlsLQnHUHAGrA&oe=6A383E0E || Original: https://scontent.fjai6-1.fna.fbcdn.net/v/t39.35426-6/701789017_937924042561844_2054458821958725736_n.jpg?_nc_cat=107&ccb=1-7&_nc_sid=c53f8f&_nc_ohc=u_iU9u0m6CoQ7kNvwGYT5k5&_nc_oc=AdoNeL1pgOpH5c69cId1Q2HBktMGz4Wbf_E7s8qOZAVtNiJW3BLb_zKMgJxHox0jbuOcQ7CwvDbA6a6XQqWPpBun&_nc_zt=14&_nc_ht=scontent.fjai6-1.fna&_nc_gid=dx4wPPmbFDxHVhiVGnZt1g&_nc_ss=7b289&oh=00_Af9AKNAE3qyUMNFSAkFM1o-7y0RlYHd45nDGfKF4zQA0WA&oe=6A385986 | Resized: https://scontent.fjai6-1.fna.fbcdn.net/v/t39.35426-6/705122344_993617383215333_368988042972437839_n.jpg?stp=dst-jpg_s600x600_tt6&_nc_cat=100&ccb=1-7&_nc_sid=c53f8f&_nc_ohc=NOYtjDXOqkQQ7kNvwHiHr7o&_nc_oc=AdowCWx5xcZfT4sBDaUHeT3GDLIRNamGrxD-QeE6hPmw1Yu7CzWQw4G5WijDKaguTWrbzMLOxWmVO-D1YgW4xOQL&_nc_zt=14&_nc_ht=scontent.fjai6-1.fna&_nc_gid=dx4wPPmbFDxHVhiVGnZt1g&_nc_ss=7b289&oh=00_Af_Z-hoV2L0DEbvcahfT1MU51qoxB_FxcQlsLQnHUHAGrA&oe=6A383E0E,
906035795520383,https://www.facebook.com/wearecultofficial/,business.cult.fit,https://www.facebook.com/wearecultofficial/,,,,"corporate-support@cult.fit, franchise@cult.fit, cultpasspartnerships@cult.fit",,,,,392046674300717,https://business.cult.fit/franchise/fb1,cult,https://www.facebook.com/ads/library/?id=906035795520383,"Own a Cult Gym | Join India's Leading Fitness Network
Start your entrepreneurial journey with Cult, trusted by over 580+ gym owners across 50+ cities.
With tech-powered operations and a starting investment of ₹1.5 Cr, this is your chance to build a high-growth fitness business backed by a leading national brand.
✅ Proven model
✅ Strong support ecosystem
✅ Impact-driven growth",419661,Learn more,business.cult.fit,"FACEBOOK; INSTAGRAM",2026-03-05,2026-06-17,,,"Own a Cult Gym | Join India's Leading Fitness Network
Start your entrepreneurial journey with Cult, trusted by over 580+ gym owners across 50+ cities.
With tech-powered operations and a starting investment of ₹1.5 Cr, this is your chance to build a high-growth fitness business backed by a leading national brand.
✅ Proven model
✅ Strong support ecosystem
✅ Impact-driven growth || Launch a Cult Franchise in Jaipur
💰 Franchise investment: ₹1.8 Cr

With Cult, you get:
✔️ Tech-enabled systems for smoother operations
✔️ A fitness ecosystem trusted by 1M+ users

📌 Invest today to lead the premium fitness wave in Your Locality.",https://business.cult.fit/franchise/fb1 || https://business.cult.fit/franchise/fb1,business.cult.fit || business.cult.fit,Learn More || Learn More,Original: https://scontent.fjai6-1.fna.fbcdn.net/v/t39.35426-6/637881299_2715904732103612_7676728017258687313_n.jpg?_nc_cat=105&ccb=1-7&_nc_sid=c53f8f&_nc_ohc=0eyiuBP8BWcQ7kNvwE1sxcV&_nc_oc=AdqU2bwE-o2_eH19h1cPxL0U9TwQNLvVgHoHcIq7LHbylOIyl9ui7S3slUHlEryi0YWnL66dmiLxfwZZCOCXZ8pO&_nc_zt=14&_nc_ht=scontent.fjai6-1.fna&_nc_gid=GFQs8YwwBtY56fn2HLx4UA&_nc_ss=7b289&oh=00_Af9QNr7qsmds5AqI9wkIYD16KMhzwhAAjIDUuu-fWKODow&oe=6A383431 | Resized: https://scontent.fjai6-1.fna.fbcdn.net/v/t39.35426-6/637245280_2012249746320474_4735846544814711758_n.jpg?stp=dst-jpg_s600x600_tt6&_nc_cat=106&ccb=1-7&_nc_sid=c53f8f&_nc_ohc=cxVgZNtlIIEQ7kNvwGZ2J-D&_nc_oc=Adp_QVWPjAvHnVWtDXO54yDc1G3G-sdn26MlyesH7A8C_XARY2wf5qMbkHpBLXoByYCVy0I4KOp0bEhI12wGR0s_&_nc_zt=14&_nc_ht=scontent.fjai6-1.fna&_nc_gid=GFQs8YwwBtY56fn2HLx4UA&_nc_ss=7b289&oh=00_Af9N5VHGaxIpEjah-ZnGZSwyA7FqN55PY3O_3EV0MyzO6g&oe=6A383C4F || Original: https://scontent.fjai6-1.fna.fbcdn.net/v/t39.35426-6/635278278_2369285573539348_3066896257839416402_n.jpg?_nc_cat=101&ccb=1-7&_nc_sid=c53f8f&_nc_ohc=ZqY_-yKps7kQ7kNvwFkOe7h&_nc_oc=Adr71TpCDTwjdmCKNYERJmZpRzE3NukL7Ggail6Prw96nmdm6VLGcxxP0nmr7RfmYw_9bDevATFCFi0DwUfLKs9f&_nc_zt=14&_nc_ht=scontent.fjai6-1.fna&_nc_gid=GFQs8YwwBtY56fn2HLx4UA&_nc_ss=7b289&oh=00_Af-j3pLGXfkB9KawlXddp9U9EBC1grJ_xK10eXRN6fw2xg&oe=6A3841EE | Resized: https://scontent.fjai6-1.fna.fbcdn.net/v/t39.35426-6/636917343_1255302063413183_2502152057483547286_n.jpg?stp=dst-jpg_s600x600_tt6&_nc_cat=107&ccb=1-7&_nc_sid=c53f8f&_nc_ohc=vKcwzjy3FR8Q7kNvwGOua2z&_nc_oc=AdpSjpLL-1G77TyDQcMiMDMAHyPv0AC_SDRqxdWKYJ00gLaWQZhaOisbJ-g8MDmDM0pxnXIqBSLxnDq5fDBy4Gt2&_nc_zt=14&_nc_ht=scontent.fjai6-1.fna&_nc_gid=GFQs8YwwBtY56fn2HLx4UA&_nc_ss=7b289&oh=00_Af_fRGyvUjCnfMDxNO_dWT4qaGnnoTmPh8nzo7Ck1fiLRQ&oe=6A382D9C,
1295056962201407,https://www.facebook.com/tdi.connaught.estate.ludhiana/,fb.me,https://www.facebook.com/tdi.connaught.estate.ludhiana/,,,,,,,,,1044460875426382,http://fb.me/,TDI Connaught Estate Ludhiana,https://www.facebook.com/ads/library/?id=1295056962201407,"Looking for a premium property with strong appreciation potential in Ludhiana?
Connaught Estate by TDI Infratech brings thoughtfully planned 3BHK S+4 floors in one of the city’s fastest-growing residential corridors.

✔ Spacious layouts
✔ Premium township infrastructure
✔ Excellent connectivity
✔ Gated secure community
✔ Early-stage investment advantage

Limited pre-launch inventory now available with inaugural pricing benefits.

📩 Submit your details to receive brochure, floor plans & payment plan.",34,Book now,fb.me,"FACEBOOK; INSTAGRAM; AUDIENCE_NETWORK",2026-05-21,2026-06-16,,,"Looking for a premium property with strong appreciation potential in Ludhiana?
Connaught Estate by TDI Infratech brings thoughtfully planned 3BHK S+4 floors in one of the city’s fastest-growing residential corridors.

✔ Spacious layouts
✔ Premium township infrastructure
✔ Excellent connectivity
✔ Gated secure community
✔ Early-stage investment advantage

Limited pre-launch inventory now available with inaugural pricing benefits.

📩 Submit your details to receive brochure, floor plans & payment plan. || Looking for a premium property with strong appreciation potential in Ludhiana?
Connaught Estate by TDI Infratech brings thoughtfully planned 3BHK S+4 floors in one of the city’s fastest-growing residential corridors.

✔ Spacious layouts
✔ Premium township infrastructure
✔ Excellent connectivity
✔ Gated secure community
✔ Early-stage investment advantage

Limited pre-launch inventory now available with inaugural pricing benefits.

📩 Submit your details to receive brochure, floor plans & payment plan. || Looking for a premium property with strong appreciation potential in Ludhiana?
Connaught Estate by TDI Infratech brings thoughtfully planned 3BHK S+4 floors in one of the city’s fastest-growing residential corridors.

✔ Spacious layouts
✔ Premium township infrastructure
✔ Excellent connectivity
✔ Gated secure community
✔ Early-stage investment advantage

Limited pre-launch inventory now available with inaugural pricing benefits.

📩 Submit your details to receive brochure, floor plans & payment plan.",http://fb.me/ || http://fb.me/ || http://fb.me/,,Book Now || Book Now || Book Now,Original: https://scontent.fjai6-1.fna.fbcdn.net/v/t39.35426-6/705298746_2106132366835988_8433647916465013122_n.jpg?_nc_cat=111&ccb=1-7&_nc_sid=c53f8f&_nc_ohc=M8CKFGoxvNUQ7kNvwHOHt3s&_nc_oc=AdqoRtvhMKP1-GyES9F3Zhpxnw9PPZYUdEHfCRFbe7qRBVi_Mk37CpTrSjqYjJ6o08OYc0ceQGmzFL3xoGCmhUJj&_nc_zt=14&_nc_ht=scontent.fjai6-1.fna&_nc_gid=GFQs8YwwBtY56fn2HLx4UA&_nc_ss=7b289&oh=00_Af8yQVyCZFHKzRuSjdmjkJP8iFATyB5Co394zny9yPzSUA&oe=6A384FF7 | Resized: https://scontent.fjai6-1.fna.fbcdn.net/v/t39.35426-6/704688780_1371526228368153_1772938180166498660_n.jpg?stp=dst-jpg_s600x600_tt6&_nc_cat=108&ccb=1-7&_nc_sid=c53f8f&_nc_ohc=mQcIo2XUgDsQ7kNvwGBqkHh&_nc_oc=AdqB1jQ_Xa5oM_DqINxdcRNaKaYHjOBdtXeTKvNM7QmZGZx-sI5USk5iK7zIUX0frhZ6korSLEMH66_WO2rEP1K0&_nc_zt=14&_nc_ht=scontent.fjai6-1.fna&_nc_gid=GFQs8YwwBtY56fn2HLx4UA&_nc_ss=7b289&oh=00_Af-0XfQMYLdvcuX4hrKcCpjaFZIgghOqUR25ezayWZFwUw&oe=6A38637F || Original: https://scontent.fjai6-1.fna.fbcdn.net/v/t39.35426-6/703811980_988944814078387_7197643144460558150_n.jpg?_nc_cat=105&ccb=1-7&_nc_sid=c53f8f&_nc_ohc=3vaCyB_UTuQQ7kNvwGnU2xn&_nc_oc=AdpG5woT2XoOBmxvuS-mJOQz1hxkHH-RM4kM99_28WCb2UQJCVlWoSuq4WlGKZ_cMXdHj9nijv8hUTQYpytVMN3n&_nc_zt=14&_nc_ht=scontent.fjai6-1.fna&_nc_gid=GFQs8YwwBtY56fn2HLx4UA&_nc_ss=7b289&oh=00_Af-j7rA3-dNlRuBeOy6WDJ_d8WMGNrBR6WuhfO74mLOa4A&oe=6A3849F3 | Resized: https://scontent.fjai6-1.fna.fbcdn.net/v/t39.35426-6/705259035_1506312127751745_4622979741256584319_n.jpg?stp=dst-jpg_s600x600_tt6&_nc_cat=110&ccb=1-7&_nc_sid=c53f8f&_nc_ohc=_5Ki6znPXjwQ7kNvwElq77w&_nc_oc=AdpoLHcruh0rwlIw0H2MQfnWzkqU9y35ewBkTrcwGiBNcbuMs78rE72vuvh2DyDMJ1ZsP9u9-vDJLpQ-Q7IV5r7U&_nc_zt=14&_nc_ht=scontent.fjai6-1.fna&_nc_gid=GFQs8YwwBtY56fn2HLx4UA&_nc_ss=7b289&oh=00_Af83iBDohGbGCVSiWFjfWM019iGTJGSeAvidJPHRX0J1mA&oe=6A384A21 || Original: https://scontent.fjai6-1.fna.fbcdn.net/v/t39.35426-6/703811980_988944814078387_7197643144460558150_n.jpg?_nc_cat=105&ccb=1-7&_nc_sid=c53f8f&_nc_ohc=3vaCyB_UTuQQ7kNvwGnU2xn&_nc_oc=AdpG5woT2XoOBmxvuS-mJOQz1hxkHH-RM4kM99_28WCb2UQJCVlWoSuq4WlGKZ_cMXdHj9nijv8hUTQYpytVMN3n&_nc_zt=14&_nc_ht=scontent.fjai6-1.fna&_nc_gid=GFQs8YwwBtY56fn2HLx4UA&_nc_ss=7b289&oh=00_Af-j7rA3-dNlRuBeOy6WDJ_d8WMGNrBR6WuhfO74mLOa4A&oe=6A3849F3 | Resized: https://scontent.fjai6-1.fna.fbcdn.net/v/t39.35426-6/705259035_1506312127751745_4622979741256584319_n.jpg?stp=dst-jpg_s600x600_tt6&_nc_cat=110&ccb=1-7&_nc_sid=c53f8f&_nc_ohc=_5Ki6znPXjwQ7kNvwElq77w&_nc_oc=AdpoLHcruh0rwlIw0H2MQfnWzkqU9y35ewBkTrcwGiBNcbuMs78rE72vuvh2DyDMJ1ZsP9u9-vDJLpQ-Q7IV5r7U&_nc_zt=14&_nc_ht=scontent.fjai6-1.fna&_nc_gid=GFQs8YwwBtY56fn2HLx4UA&_nc_ss=7b289&oh=00_Af83iBDohGbGCVSiWFjfWM019iGTJGSeAvidJPHRX0J1mA&oe=6A384A21,
1493042888937713,https://www.facebook.com/shaligramgroup.in/,shaligramgroup.in,https://www.facebook.com/shaligramgroup.in/,,,,marketing@shaligramgroup.in,+919825574307,,,,106419116082905,https://shaligramgroup.in/,Shaligram Group,https://www.facebook.com/ads/library/?id=1493042888937713,"Enjoy exclusive pre-launch benefits on spacious 3 and 3.5-BHK homes at Shaligram’s latest project Vanam.

Step into your dream home at the perfect time. 🏡 

#ShaligramGroup #PreLaunchOffer #LuxuryLiving #3BHKHomes #RealEstateIndia #DreamHome

[Pre-Launch Property, Luxury Apartments, 3 BHK Flats, 3.5 BHK Homes, Real Estate Investment, Premium Residences, New Launch Project, Modern Living Homes, Property In India, Shaligram Group ]",8753,Sign up,shaligramgroup.in,"FACEBOOK; INSTAGRAM; AUDIENCE_NETWORK; MESSENGER; THREADS",2026-05-11,2026-06-16,,Original: https://scontent.fjai6-1.fna.fbcdn.net/v/t39.35426-6/693241641_732269249939292_2453271138839500218_n.jpg?_nc_cat=106&ccb=1-7&_nc_sid=c53f8f&_nc_ohc=wTf4nZOhMGIQ7kNvwGsEqm_&_nc_oc=AdpqJt82m1m1V0u6ML1ndpSMnJYGdFAVQLJHY1-BUXeQFUSrczj2tP13kJqBW2SPb3izNwOvokI7qlOp-TxEVjse&_nc_zt=14&_nc_ht=scontent.fjai6-1.fna&_nc_gid=GFQs8YwwBtY56fn2HLx4UA&_nc_ss=7b289&oh=00_Af-cdASq9oszBFRpGFSZJZriMvW3vtvNS4O9r1HViIBlpQ&oe=6A3849F7 | Resized: https://scontent.fjai6-1.fna.fbcdn.net/v/t39.35426-6/687974044_1650155139440216_5950804970854169792_n.jpg?stp=dst-jpg_s600x600_tt6&_nc_cat=110&ccb=1-7&_nc_sid=c53f8f&_nc_ohc=55Q19QPPpJsQ7kNvwHQra6i&_nc_oc=AdolqZw7QUaZ64I8XIt2Af3fyU0zziKZ_HU_hBGE6Up690CGnpd-NH2BEW0134tbHqtqRrWBY6eYHfyFc165NwVj&_nc_zt=14&_nc_ht=scontent.fjai6-1.fna&_nc_gid=GFQs8YwwBtY56fn2HLx4UA&_nc_ss=7b289&oh=00_Af__4pIIEnSFrbtWDVSxyFLwiKDhEFAHnG5Y1twrtkFTxQ&oe=6A3854EE,,,,,,
3377765125734790,https://www.facebook.com/100081104155834/,fb.me,https://www.facebook.com/100081104155834/,,,,,,,,,107143368633637,http://fb.me/,Newly Crafted Homes,https://www.facebook.com/ads/library/?id=3377765125734790,"🔑 𝟐 𝐁𝐇𝐊 ₹𝟗𝟎 𝐋𝐚𝐜𝐬 𝐎𝐧𝐰𝐚𝐫𝐝𝐬
🔑 𝟑 𝐁𝐇𝐊 ₹𝟏.𝟑𝟎 𝐂𝐫. 𝐎𝐧𝐰𝐚𝐫𝐝𝐬

📍 Location - Tathawade (Aundh-Ravet BRTS Road)

📲 For More Details WhatsApp Us : https://wa.link/04s8v5

✅ 𝐏𝐑𝐎𝐉𝐄𝐂𝐓 𝐇𝐈𝐆𝐇𝐋𝐈𝐆𝐇𝐓𝐒 ✅
🛋️ Spacious Balcony 17'2'' x 5'0''
📅 Possession in 3 Years
🌟 60+ World-Class Amenities
🍽 Biggest Kitchen in Vicinity 14'0'' x 8'6''
✨ Luxurious Premium Flooring & Tiling
🦋 Exclusive Butterfly Layout Homes
🔒 Secure Digital Door Lock with Fingerprint Access

💰 𝐁𝐨𝐨𝐤 𝐰𝐢𝐭𝐡 ₹𝟓𝟎,𝟎𝟎𝟎/- (✅ 𝟏𝟎𝟎% 𝐑𝐞𝐟𝐮𝐧𝐝𝐚𝐛𝐥𝐞)!",491,Get quote,fb.me,"FACEBOOK; INSTAGRAM",2026-04-27,2026-06-17,HD: https://video.fjai6-1.fna.fbcdn.net/o1/v/t2/f2/m366/AQP-mAZoheuheMdrNAes19dynX1Ka7rrBCFzYYgtVUzxHRjBihj9DGO4UunVWA9KGQoskVugB9wWaXOZvsrEuwwasA08Ao8Ma0MhX5YwwMiIMg.mp4?_nc_cat=105&_nc_oc=Adqu5rLJaaPsvATeO61E9HPSEUnklcJgVFXFZob1Q08Vvha6oS3rt4Hw6gNoYtmvYGgRctLfrHESnLceny-SWWIU&_nc_sid=b66105&_nc_ht=video.fjai6-1.fna.fbcdn.net&_nc_ohc=ZnOG-a0biJwQ7kNvwHMPTRr&efg=eyJ2ZW5jb2RlX3RhZyI6Inhwdl9wcm9ncmVzc2l2ZS5WSV9VU0VDQVNFX1BST0RVQ1RfVFlQRS4uQzMuNzIwLmRhc2hfaDI2NC1iYXNpYy1nZW4yXzcyMHAiLCJ4cHZfYXNzZXRfaWQiOjEyOTE5MDg2MTg5NDI5MTAsImFzc2V0X2FnZV9kYXlzIjo1MSwidmlfdXNlY2FzZV9pZCI6MTA3OTksImR1cmF0aW9uX3MiOjQ2LCJ1cmxnZW5fc291cmNlIjoid3d3In0%3D&ccb=17-1&vs=eb677a9ec512d91a&_nc_vs=HBksFQIYRWZiX2VwaGVtZXJhbC9BQzQzMjA1RTIzNjMyN0EwQTM4MzE2RjMwMEYxNkVBRV9tdF8xX3ZpZGVvX2Rhc2hpbml0Lm1wNBUAAsgBEgAVAhhAZmJfcGVybWFuZW50LzdCNDYxQzY1NzJFRTlGMkEwQkNCQTNDMzU5NDlGM0JDX2F1ZGlvX2Rhc2hpbml0Lm1wNBUCAsgBEgAoABgAGwKIB3VzZV9vaWwBMRJwcm9ncmVzc2l2ZV9yZWNpcGUBMRUAACb85oOl_b7LBBUCKAJDMywXQEdVP3ztkWgYGWRhc2hfaDI2NC1iYXNpYy1nZW4yXzcyMHARAHUAZd6oAQA&_nc_gid=euCu4TvxTOAw7oRaN4bUcg&_nc_ss=7b289&_nc_zt=28&oh=00_Af-5XTs0MnlWESMaNr0k7IpXVTHpqPzNhrj2Ke2GZuUn7g&oe=6A384363 | SD: https://video.fjai6-1.fna.fbcdn.net/o1/v/t2/f2/m412/AQOBKrWUHNlCXvauwytZCqK5Rsadx0mlP8kMIIp5dRkL6fp3uN2o4dQeQ4jlZ-_DAslJb5UJStz5MmeIJ6JfQvN53v13GAUl-2F5ymom0Q.mp4?_nc_cat=109&_nc_oc=AdoQRx2gDMy5LybdL8pXbGiUYKoQrMfBw-3Z19geEKlvfV4qCfQ1RVT84IOHqdgG_-0t53fSZscbu6L5XmekK3NF&_nc_sid=ef5aa3&_nc_ht=video.fjai6-1.fna.fbcdn.net&_nc_ohc=kWg4-fc3YioQ7kNvwGpaspX&efg=eyJ2ZW5jb2RlX3RhZyI6Inhwdl9wcm9ncmVzc2l2ZS5WSV9VU0VDQVNFX1BST0RVQ1RfVFlQRS4uQzMuMzYwLnN2ZV9zZCIsInhwdl9hc3NldF9pZCI6MTI5MTkwODYxODk0MjkxMCwiYXNzZXRfYWdlX2RheXMiOjUxLCJ2aV91c2VjYXNlX2lkIjoxMDc5OSwiZHVyYXRpb25fcyI6NDYsInVybGdlbl9zb3VyY2UiOiJ3d3cifQ%3D%3D&ccb=17-1&_nc_gid=euCu4TvxTOAw7oRaN4bUcg&_nc_ss=7b289&_nc_zt=28&oh=00_Af-IN9AWdvGMfSGe_sWfOV7SySOoXjNgwWfu0mxEgbyWrQ&oe=6A38391D | Preview: https://scontent.fjai6-1.fna.fbcdn.net/v/t39.35426-6/684058162_1314221927334271_6569868889366135036_n.jpg?_nc_cat=108&ccb=1-7&_nc_sid=c53f8f&_nc_ohc=mkhDyrt-h_cQ7kNvwGGOEf_&_nc_oc=AdpttwYoZlaNdEU5B9aBr8MYM5qmtHRtikN1OVRKgEwhcTfYJ8vqjSwV8LlJmwU3G7G9SPdgILdQ7F5hADUnSenZ&_nc_zt=14&_nc_ht=scontent.fjai6-1.fna&_nc_gid=euCu4TvxTOAw7oRaN4bUcg&_nc_ss=7b289&oh=00_Af8BvFwHppS3wRsr9xStmOrv6CUuAmfIQ2xjXIpx0-VsbA&oe=6A3834AD,,,,,,,
2176834293179713,https://www.facebook.com/aapkapropertydoctor/,api.whatsapp.com,https://www.facebook.com/aapkapropertydoctor/,,,,info@aapkapropertydoctor.com,+91 70661 14441,,,,257495467449124,https://api.whatsapp.com/send,Aapka Property Doctor,https://www.facebook.com/ads/library/?id=2176834293179713,"Looking to create monthly income from real estate but don’t want to buy a full property?

We’ve structured a model where you can:
✔ Participate in Mumbai real estate projects
✔ Earn monthly income during development phase
✔ Choose ownership or planned exit

This is a structured, asset-backed investment model — not rental income.
You can explore everything online:
• Plans & calculations
• Legal documents & agreements
• Complete process

👉 Start by exploring first. Invest only when you’re fully confident.",5206,Send WhatsApp message,api.whatsapp.com,"FACEBOOK; INSTAGRAM; AUDIENCE_NETWORK",2026-05-31,2026-06-16,,,"Looking to create monthly income from real estate but don’t want to buy a full property?

We’ve structured a model where you can:
✔ Participate in Mumbai real estate projects
✔ Earn monthly income during development phase
✔ Choose ownership or planned exit

This is a structured, asset-backed investment model — not rental income.
You can explore everything online:
• Plans & calculations
• Legal documents & agreements
• Complete process

👉 Start by exploring first. Invest only when you’re fully confident. || Looking to create monthly income from real estate but don’t want to buy a full property?

We’ve structured a model where you can:
✔ Participate in Mumbai real estate projects
✔ Earn monthly income during development phase
✔ Choose ownership or planned exit

This is a structured, asset-backed investment model — not rental income.
You can explore everything online:
• Plans & calculations
• Legal documents & agreements
• Complete process

👉 Start by exploring first. Invest only when you’re fully confident. || Looking to create monthly income from real estate but don’t want to buy a full property?

We’ve structured a model where you can:
✔ Participate in Mumbai real estate projects
✔ Earn monthly income during development phase
✔ Choose ownership or planned exit

This is a structured, asset-backed investment model — not rental income.
You can explore everything online:
• Plans & calculations
• Legal documents & agreements
• Complete process

👉 Start by exploring first. Invest only when you’re fully confident. || Looking to create monthly income from real estate but don’t want to buy a full property?

We’ve structured a model where you can:
✔ Participate in Mumbai real estate projects
✔ Earn monthly income during development phase
✔ Choose ownership or planned exit

This is a structured, asset-backed investment model — not rental income.
You can explore everything online:
• Plans & calculations
• Legal documents & agreements
• Complete process

👉 Start by exploring first. Invest only when you’re fully confident.",https://api.whatsapp.com/send || https://api.whatsapp.com/send || https://api.whatsapp.com/send || https://api.whatsapp.com/send,,,Original: https://scontent.fjai6-1.fna.fbcdn.net/v/t39.35426-6/709735348_4244727739082084_1362014470753505231_n.jpg?_nc_cat=100&ccb=1-7&_nc_sid=c53f8f&_nc_ohc=mpRLcghdaxwQ7kNvwHzftCR&_nc_oc=AdqecPizqc6vjrakBXpg_TRWMY8q26xYifWWDLjyy4oBBss14dsP43n_Auy-hzJOfKfzIaGA0THX1No_SMobao8s&_nc_zt=14&_nc_ht=scontent.fjai6-1.fna&_nc_gid=euCu4TvxTOAw7oRaN4bUcg&_nc_ss=7b289&oh=00_Af8fekh2q7iFPOqyNcvNvT4tXbeKiJ6xrMr3iHQtLv-gtA&oe=6A383EA9 | Resized: https://scontent.fjai6-1.fna.fbcdn.net/v/t39.35426-6/709729283_1023805616649055_9208701836646239970_n.jpg?stp=dst-jpg_s600x600_tt6&_nc_cat=107&ccb=1-7&_nc_sid=c53f8f&_nc_ohc=U9eVz9BKgkwQ7kNvwHiHwiH&_nc_oc=AdoKESr2ob27kOysgldEHeuFz27vuWUlMg1q1sScNNw0Fc4fyidAeFemZYveXg7oy_rwgC4zlONX9wGOprUd_smC&_nc_zt=14&_nc_ht=scontent.fjai6-1.fna&_nc_gid=euCu4TvxTOAw7oRaN4bUcg&_nc_ss=7b289&oh=00_Af9JO8NgGjlMUUbSCnldSJn_XbEM7wHhNfepRr_tyVjHcg&oe=6A386033 || Original: https://scontent.fjai6-1.fna.fbcdn.net/v/t39.35426-6/709735348_4244727739082084_1362014470753505231_n.jpg?_nc_cat=100&ccb=1-7&_nc_sid=c53f8f&_nc_ohc=mpRLcghdaxwQ7kNvwHzftCR&_nc_oc=AdqecPizqc6vjrakBXpg_TRWMY8q26xYifWWDLjyy4oBBss14dsP43n_Auy-hzJOfKfzIaGA0THX1No_SMobao8s&_nc_zt=14&_nc_ht=scontent.fjai6-1.fna&_nc_gid=euCu4TvxTOAw7oRaN4bUcg&_nc_ss=7b289&oh=00_Af8fekh2q7iFPOqyNcvNvT4tXbeKiJ6xrMr3iHQtLv-gtA&oe=6A383EA9 | Resized: https://scontent.fjai6-1.fna.fbcdn.net/v/t39.35426-6/709729283_1023805616649055_9208701836646239970_n.jpg?stp=dst-jpg_s600x600_tt6&_nc_cat=107&ccb=1-7&_nc_sid=c53f8f&_nc_ohc=U9eVz9BKgkwQ7kNvwHiHwiH&_nc_oc=AdoKESr2ob27kOysgldEHeuFz27vuWUlMg1q1sScNNw0Fc4fyidAeFemZYveXg7oy_rwgC4zlONX9wGOprUd_smC&_nc_zt=14&_nc_ht=scontent.fjai6-1.fna&_nc_gid=euCu4TvxTOAw7oRaN4bUcg&_nc_ss=7b289&oh=00_Af9JO8NgGjlMUUbSCnldSJn_XbEM7wHhNfepRr_tyVjHcg&oe=6A386033 || Original: https://scontent.fjai6-1.fna.fbcdn.net/v/t39.35426-6/709769393_1699445131509077_6009496738035237562_n.jpg?_nc_cat=101&ccb=1-7&_nc_sid=c53f8f&_nc_ohc=0W_2gNH50YkQ7kNvwGO9rB2&_nc_oc=Adoz_vZAx7dc5bWG55Od0vVDzp5qPFHV6jmefhU4FCCKs-m-lfd_MapkLbhW1eAh_RltWY5T7Jib5sg4ylSb02gs&_nc_zt=14&_nc_ht=scontent.fjai6-1.fna&_nc_gid=euCu4TvxTOAw7oRaN4bUcg&_nc_ss=7b289&oh=00_Af9FljWcEwj9BKAVTq3m3JP8fSDJJnRpL8axrppJHRzXRw&oe=6A3838BB | Resized: https://scontent.fjai6-1.fna.fbcdn.net/v/t39.35426-6/709737355_2014745759405658_3418312798823089221_n.jpg?stp=dst-jpg_s600x600_tt6&_nc_cat=102&ccb=1-7&_nc_sid=c53f8f&_nc_ohc=j6a-m1xsXQUQ7kNvwFRRm6g&_nc_oc=AdqJPKlw2QoaQLA0nic4nb6ucnBFHHZMCw_L43epK7xaGFk0YcLL49B9fpe_XFYkN8cDHuX4g3TGs1j2KF9KA5tl&_nc_zt=14&_nc_ht=scontent.fjai6-1.fna&_nc_gid=euCu4TvxTOAw7oRaN4bUcg&_nc_ss=7b289&oh=00_Af9orVka7ihK0kxOHmT6grlpNl5CtqfuP4Kw5epSGwlBWg&oe=6A3850EE,HD: https://video.fjai6-1.fna.fbcdn.net/o1/v/t2/f2/m366/AQOyZK5Czr2uFhbHEXRaj1Qo7Iug-cxloIDvfKynRmgicmKCalGPWkkM02umvL6D_bn0g5ik-OKn6qAXrtpSaiLp5OvQ4zGSKHHk9sMZMMy41Q.mp4?_nc_cat=100&_nc_oc=Adr6uWwl39V2ZYDSCKBZbqwJnmAD0oa_DKw217_QO8sp1cSq04ucrnV_-37_6eYVjb_z45GEr2m7TGXyWGntceWy&_nc_sid=b66105&_nc_ht=video.fjai6-1.fna.fbcdn.net&_nc_ohc=7en0xM821RwQ7kNvwHpCUr7&efg=eyJ2ZW5jb2RlX3RhZyI6Inhwdl9wcm9ncmVzc2l2ZS5WSV9VU0VDQVNFX1BST0RVQ1RfVFlQRS4uQzMuNzIwLmRhc2hfaDI2NC1iYXNpYy1nZW4yXzcyMHAiLCJ4cHZfYXNzZXRfaWQiOjk0MTM1MzIyMTk5NjIzMywiYXNzZXRfYWdlX2RheXMiOjMzLCJ2aV91c2VjYXNlX2lkIjoxMDEyMiwiZHVyYXRpb25fcyI6NDIsInVybGdlbl9zb3VyY2UiOiJ3d3cifQ%3D%3D&ccb=17-1&vs=cebd31588ff6cca0&_nc_vs=HBksFQIYRWZiX2VwaGVtZXJhbC9BQjQ1OTJFQjRFRTYwRDk3MEFCQ0IxMkM4MjQ5NTI5Ml9tdF8xX3ZpZGVvX2Rhc2hpbml0Lm1wNBUAAsgBEgAVAhhAZmJfcGVybWFuZW50Lzc2NDJBMUFBNUQ0RTA5RTEwOUYzMzQzNTcyQjkwOUE4X2F1ZGlvX2Rhc2hpbml0Lm1wNBUCAsgBEgAoABgAGwKIB3VzZV9vaWwBMRJwcm9ncmVzc2l2ZV9yZWNpcGUBMRUAACaS-72G_ImsAxUCKAJDMywXQEU7peNT988YGWRhc2hfaDI2NC1iYXNpYy1nZW4yXzcyMHARAHUAZZSeAQA&_nc_gid=euCu4TvxTOAw7oRaN4bUcg&_nc_ss=7b289&_nc_zt=28&oh=00_Af89wp10cIKH0LDZlHpHo5M0hYuOFiyKKf2FpJ-uayAW3Q&oe=6A38419C | SD: https://video.fjai6-1.fna.fbcdn.net/o1/v/t2/f2/m412/AQNavuK6RgTxPPqM7vRSUXNqKYlxQXqb_18Rbg1YOPy8Bsx0IvouqpZIwnX-kWYjyxMQ8fnbNNczoB-Qyu0NZFmq_VCTSFS_q_Guy3WM1Q.mp4?_nc_cat=110&_nc_oc=AdoH-VSFTQUQhhXaHa3wY1jkw5YYQME1Ui8MG2aXb9DDv3vWCwQUoO7uUFVHDv1AX2A6VdmC65HukJ8h1ZrNfkba&_nc_sid=ef5aa3&_nc_ht=video.fjai6-1.fna.fbcdn.net&_nc_ohc=Z9LhVSeMrnEQ7kNvwEYBwUB&efg=eyJ2ZW5jb2RlX3RhZyI6Inhwdl9wcm9ncmVzc2l2ZS5WSV9VU0VDQVNFX1BST0RVQ1RfVFlQRS4uQzMuMzYwLnN2ZV9zZCIsInhwdl9hc3NldF9pZCI6OTQxMzUzMjIxOTk2MjMzLCJhc3NldF9hZ2VfZGF5cyI6MzMsInZpX3VzZWNhc2VfaWQiOjEwMTIyLCJkdXJhdGlvbl9zIjo0MiwidXJsZ2VuX3NvdXJjZSI6Ind3dyJ9&ccb=17-1&_nc_gid=euCu4TvxTOAw7oRaN4bUcg&_nc_ss=7b289&_nc_zt=28&oh=00_Af-qiC9q91WqrygPkAQrWFQGRG_PEQtoCJxjyiZQZE05Ng&oe=6A382E9C | Preview: https://scontent.fjai6-1.fna.fbcdn.net/v/t39.35426-6/710058986_1473795284761064_8767933386233714466_n.jpg?_nc_cat=106&ccb=1-7&_nc_sid=c53f8f&_nc_ohc=r8Wa69niUoYQ7kNvwHLE14S&_nc_oc=AdqBufNqPAN_8u-3XzzJSlAp5u53iEUPrdG4qHs0xnm7_-k5tSbsngHdp_XapYKwRfvp2IfwzLhWrHHmJsJ2oSRt&_nc_zt=14&_nc_ht=scontent.fjai6-1.fna&_nc_gid=euCu4TvxTOAw7oRaN4bUcg&_nc_ss=7b289&oh=00_Af99wgw6ydDIJkRiX7pI3VkFg90PcY-eCAQCXGkbD5HcHQ&oe=6A385F2A || HD: https://video.fjai6-1.fna.fbcdn.net/o1/v/t2/f2/m366/AQOyZK5Czr2uFhbHEXRaj1Qo7Iug-cxloIDvfKynRmgicmKCalGPWkkM02umvL6D_bn0g5ik-OKn6qAXrtpSaiLp5OvQ4zGSKHHk9sMZMMy41Q.mp4?_nc_cat=100&_nc_oc=Adr6uWwl39V2ZYDSCKBZbqwJnmAD0oa_DKw217_QO8sp1cSq04ucrnV_-37_6eYVjb_z45GEr2m7TGXyWGntceWy&_nc_sid=b66105&_nc_ht=video.fjai6-1.fna.fbcdn.net&_nc_ohc=7en0xM821RwQ7kNvwHpCUr7&efg=eyJ2ZW5jb2RlX3RhZyI6Inhwdl9wcm9ncmVzc2l2ZS5WSV9VU0VDQVNFX1BST0RVQ1RfVFlQRS4uQzMuNzIwLmRhc2hfaDI2NC1iYXNpYy1nZW4yXzcyMHAiLCJ4cHZfYXNzZXRfaWQiOjk0MTM1MzIyMTk5NjIzMywiYXNzZXRfYWdlX2RheXMiOjMzLCJ2aV91c2VjYXNlX2lkIjoxMDEyMiwiZHVyYXRpb25fcyI6NDIsInVybGdlbl9zb3VyY2UiOiJ3d3cifQ%3D%3D&ccb=17-1&vs=cebd31588ff6cca0&_nc_vs=HBksFQIYRWZiX2VwaGVtZXJhbC9BQjQ1OTJFQjRFRTYwRDk3MEFCQ0IxMkM4MjQ5NTI5Ml9tdF8xX3ZpZGVvX2Rhc2hpbml0Lm1wNBUAAsgBEgAVAhhAZmJfcGVybWFuZW50Lzc2NDJBMUFBNUQ0RTA5RTEwOUYzMzQzNTcyQjkwOUE4X2F1ZGlvX2Rhc2hpbml0Lm1wNBUCAsgBEgAoABgAGwKIB3VzZV9vaWwBMRJwcm9ncmVzc2l2ZV9yZWNpcGUBMRUAACaS-72G_ImsAxUCKAJDMywXQEU7peNT988YGWRhc2hfaDI2NC1iYXNpYy1nZW4yXzcyMHARAHUAZZSeAQA&_nc_gid=euCu4TvxTOAw7oRaN4bUcg&_nc_ss=7b289&_nc_zt=28&oh=00_Af89wp10cIKH0LDZlHpHo5M0hYuOFiyKKf2FpJ-uayAW3Q&oe=6A38419C | SD: https://video.fjai6-1.fna.fbcdn.net/o1/v/t2/f2/m412/AQNavuK6RgTxPPqM7vRSUXNqKYlxQXqb_18Rbg1YOPy8Bsx0IvouqpZIwnX-kWYjyxMQ8fnbNNczoB-Qyu0NZFmq_VCTSFS_q_Guy3WM1Q.mp4?_nc_cat=110&_nc_oc=AdoH-VSFTQUQhhXaHa3wY1jkw5YYQME1Ui8MG2aXb9DDv3vWCwQUoO7uUFVHDv1AX2A6VdmC65HukJ8h1ZrNfkba&_nc_sid=ef5aa3&_nc_ht=video.fjai6-1.fna.fbcdn.net&_nc_ohc=Z9LhVSeMrnEQ7kNvwEYBwUB&efg=eyJ2ZW5jb2RlX3RhZyI6Inhwdl9wcm9ncmVzc2l2ZS5WSV9VU0VDQVNFX1BST0RVQ1RfVFlQRS4uQzMuMzYwLnN2ZV9zZCIsInhwdl9hc3NldF9pZCI6OTQxMzUzMjIxOTk2MjMzLCJhc3NldF9hZ2VfZGF5cyI6MzMsInZpX3VzZWNhc2VfaWQiOjEwMTIyLCJkdXJhdGlvbl9zIjo0MiwidXJsZ2VuX3NvdXJjZSI6Ind3dyJ9&ccb=17-1&_nc_gid=euCu4TvxTOAw7oRaN4bUcg&_nc_ss=7b289&_nc_zt=28&oh=00_Af-qiC9q91WqrygPkAQrWFQGRG_PEQtoCJxjyiZQZE05Ng&oe=6A382E9C | Preview: https://scontent.fjai6-1.fna.fbcdn.net/v/t39.35426-6/710058986_1473795284761064_8767933386233714466_n.jpg?_nc_cat=106&ccb=1-7&_nc_sid=c53f8f&_nc_ohc=r8Wa69niUoYQ7kNvwHLE14S&_nc_oc=AdqBufNqPAN_8u-3XzzJSlAp5u53iEUPrdG4qHs0xnm7_-k5tSbsngHdp_XapYKwRfvp2IfwzLhWrHHmJsJ2oSRt&_nc_zt=14&_nc_ht=scontent.fjai6-1.fna&_nc_gid=euCu4TvxTOAw7oRaN4bUcg&_nc_ss=7b289&oh=00_Af99wgw6ydDIJkRiX7pI3VkFg90PcY-eCAQCXGkbD5HcHQ&oe=6A385F2A
1486108663212154,https://www.facebook.com/hyderabadrealty12/,fb.me,https://www.facebook.com/hyderabadrealty12/,,,,oceanicshark56@gmail.com,+91 91547 63422,,,,542723612256681,http://fb.me/,Hyderabad Realty,https://www.facebook.com/ads/library/?id=1486108663212154,"You know this address better than anyone. 📍
Central Hyderabad's first luxury high-rise
is launching at RTC X Roads —
and pre-launch EOI is open right now.
Fill the form to get exclusive access.",399,Sign up,fb.me,"FACEBOOK; INSTAGRAM; AUDIENCE_NETWORK",2026-05-15,2026-06-16,,,"You know this address better than anyone. 📍
Central Hyderabad's first luxury high-rise
is launching at RTC X Roads —
and pre-launch EOI is open right now.
Fill the form to get exclusive access. || You know this address better than anyone. 📍
Central Hyderabad's first luxury high-rise
is launching at RTC X Roads —
and pre-launch EOI is open right now.
Fill the form to get exclusive access. || You know this address better than anyone. 📍
Central Hyderabad's first luxury high-rise
is launching at RTC X Roads —
and pre-launch EOI is open right now.
Fill the form to get exclusive access. || You know this address better than anyone. 📍
Central Hyderabad's first luxury high-rise
is launching at RTC X Roads —
and pre-launch EOI is open right now.
Fill the form to get exclusive access. || You know this address better than anyone. 📍
Central Hyderabad's first luxury high-rise
is launching at RTC X Roads —
and pre-launch EOI is open right now.
Fill the form to get exclusive access. || You know this address better than anyone. 📍
Central Hyderabad's first luxury high-rise
is launching at RTC X Roads —
and pre-launch EOI is open right now.
Fill the form to get exclusive access. || You know this address better than anyone. 📍
Central Hyderabad's first luxury high-rise
is launching at RTC X Roads —
and pre-launch EOI is open right now.
Fill the form to get exclusive access. || You know this address better than anyone. 📍
Central Hyderabad's first luxury high-rise
is launching at RTC X Roads —
and pre-launch EOI is open right now.
Fill the form to get exclusive access. || You know this address better than anyone. 📍
Central Hyderabad's first luxury high-rise
is launching at RTC X Roads —
and pre-launch EOI is open right now.
Fill the form to get exclusive access. || You know this address better than anyone. 📍
Central Hyderabad's first luxury high-rise
is launching at RTC X Roads —
and pre-launch EOI is open right now.
Fill the form to get exclusive access.",http://fb.me/ || http://fb.me/ || http://fb.me/ || http://fb.me/ || http://fb.me/ || http://fb.me/ || http://fb.me/ || http://fb.me/ || http://fb.me/ || http://fb.me/,,Sign Up || Sign Up || Sign Up || Sign Up || Sign Up || Sign Up || Sign Up || Sign Up || Sign Up || Sign Up,Original: https://scontent.fjai6-1.fna.fbcdn.net/v/t39.35426-6/699023036_1598842147853739_600408388421264009_n.jpg?_nc_cat=102&ccb=1-7&_nc_sid=c53f8f&_nc_ohc=KiHV5di64QEQ7kNvwFGPnP8&_nc_oc=AdoIPWHPftR7H0P-pU77QWBua7iJ0c-zYFicYdTrH4QSJLh2KClPfbZ6scg0VGay-l6dcs2o0gj5PsX6vFlLRhx6&_nc_zt=14&_nc_ht=scontent.fjai6-1.fna&_nc_gid=Biu4VmJ3WPeVEie2B1Xu_Q&_nc_ss=7b289&oh=00_Af9hpXSJdHW_ozdyDpew8zf5ZmcyQzy1jWzelfuLcMVchw&oe=6A382E4D | Resized: https://scontent.fjai6-1.fna.fbcdn.net/v/t39.35426-6/699355322_938392849013879_1483616954775635261_n.jpg?stp=dst-jpg_s600x600_tt6&_nc_cat=108&ccb=1-7&_nc_sid=c53f8f&_nc_ohc=yL8zMsW76wwQ7kNvwHO61RC&_nc_oc=AdoVjLNn4dLfxW2vDzXWoUtjdNWAgEZ70f1OHNK-naekUAo0lJS-frLxcf-MdDESjcDCJkQBlLOgK1q56QrPvFpW&_nc_zt=14&_nc_ht=scontent.fjai6-1.fna&_nc_gid=Biu4VmJ3WPeVEie2B1Xu_Q&_nc_ss=7b289&oh=00_Af8YQxTLjZNozjtxRAE4VUL4Ey1RrCf0iIpTRi8hDrIVEg&oe=6A383204 || Original: https://scontent.fjai6-1.fna.fbcdn.net/v/t39.35426-6/698876269_948592031307337_3280570616139041562_n.jpg?_nc_cat=106&ccb=1-7&_nc_sid=c53f8f&_nc_ohc=goo0-CZMOGgQ7kNvwGLtjYB&_nc_oc=Adru5laUJnvSX6NIJSZkn-culK-4Pu-mWcbxuX2NOtD7EG-cehscDfR23Qn7-DSXGlVv8Rk5--3akzdkjObsrZ4L&_nc_zt=14&_nc_ht=scontent.fjai6-1.fna&_nc_gid=Biu4VmJ3WPeVEie2B1Xu_Q&_nc_ss=7b289&oh=00_Af8i-T8-QZW6AgIsWpnhTj5CGHJJXvnWmLD4y1CclgWJMQ&oe=6A383D36 | Resized: https://scontent.fjai6-1.fna.fbcdn.net/v/t39.35426-6/699105861_1527805835583890_2407047908587458525_n.jpg?stp=dst-jpg_s600x600_tt6&_nc_cat=106&ccb=1-7&_nc_sid=c53f8f&_nc_ohc=VWzrppOuPi8Q7kNvwHvHFgH&_nc_oc=Adrjp9xkSR_zHtWJ0zHubRq97Q0_entzfdEwi43XVaWZL5llquhGNpWhIm0GbZGyczfGsh0hAnRCTHbpU8IE2n5a&_nc_zt=14&_nc_ht=scontent.fjai6-1.fna&_nc_gid=Biu4VmJ3WPeVEie2B1Xu_Q&_nc_ss=7b289&oh=00_Af-l_86HLK9kUoolQzXkvjnhqNA1ENMpp03X3hcCAu_aFQ&oe=6A38590E || Original: https://scontent.fjai6-1.fna.fbcdn.net/v/t39.35426-6/699355184_1510998900662513_6976983717358051925_n.jpg?_nc_cat=108&ccb=1-7&_nc_sid=c53f8f&_nc_ohc=4tJPtM33scIQ7kNvwHrIGj_&_nc_oc=Adres2beFeIcPBIUDQ_wfwWP7gHcrJE3X4uT-PGhxXlGupqsJgzJSJ7Y08iddouJ0fK0gCrWYjdCU2SohRMT2ArQ&_nc_zt=14&_nc_ht=scontent.fjai6-1.fna&_nc_gid=Biu4VmJ3WPeVEie2B1Xu_Q&_nc_ss=7b289&oh=00_Af_hoysXHWpqfegJPmt90DZqkaVKI8J9ZniLfL-yHLGdrQ&oe=6A383A67 | Resized: https://scontent.fjai6-1.fna.fbcdn.net/v/t39.35426-6/698388926_26931380736481408_6623967856111685100_n.jpg?stp=dst-jpg_s600x600_tt6&_nc_cat=101&ccb=1-7&_nc_sid=c53f8f&_nc_ohc=Ox131oiTMWMQ7kNvwE4cvfe&_nc_oc=AdpKKBYkweLVf1n7d-WPPjD0SYXMD910uyz23puYd1Wx77c87PxX7yUrGbSJkl33vGx8iBk61Rr9DlUExojtnDJI&_nc_zt=14&_nc_ht=scontent.fjai6-1.fna&_nc_gid=Biu4VmJ3WPeVEie2B1Xu_Q&_nc_ss=7b289&oh=00_Af_nt09WgRGf4c7cl_3wPnOsbSsbc24jVsx9MB4aH5MhkQ&oe=6A38343F || Original: https://scontent.fjai6-1.fna.fbcdn.net/v/t39.35426-6/699355184_1510998900662513_6976983717358051925_n.jpg?_nc_cat=108&ccb=1-7&_nc_sid=c53f8f&_nc_ohc=4tJPtM33scIQ7kNvwHrIGj_&_nc_oc=Adres2beFeIcPBIUDQ_wfwWP7gHcrJE3X4uT-PGhxXlGupqsJgzJSJ7Y08iddouJ0fK0gCrWYjdCU2SohRMT2ArQ&_nc_zt=14&_nc_ht=scontent.fjai6-1.fna&_nc_gid=Biu4VmJ3WPeVEie2B1Xu_Q&_nc_ss=7b289&oh=00_Af_hoysXHWpqfegJPmt90DZqkaVKI8J9ZniLfL-yHLGdrQ&oe=6A383A67 | Resized: https://scontent.fjai6-1.fna.fbcdn.net/v/t39.35426-6/698388926_26931380736481408_6623967856111685100_n.jpg?stp=dst-jpg_s600x600_tt6&_nc_cat=101&ccb=1-7&_nc_sid=c53f8f&_nc_ohc=Ox131oiTMWMQ7kNvwE4cvfe&_nc_oc=AdpKKBYkweLVf1n7d-WPPjD0SYXMD910uyz23puYd1Wx77c87PxX7yUrGbSJkl33vGx8iBk61Rr9DlUExojtnDJI&_nc_zt=14&_nc_ht=scontent.fjai6-1.fna&_nc_gid=Biu4VmJ3WPeVEie2B1Xu_Q&_nc_ss=7b289&oh=00_Af_nt09WgRGf4c7cl_3wPnOsbSsbc24jVsx9MB4aH5MhkQ&oe=6A38343F || Original: https://scontent.fjai6-1.fna.fbcdn.net/v/t39.35426-6/699355184_1510998900662513_6976983717358051925_n.jpg?_nc_cat=108&ccb=1-7&_nc_sid=c53f8f&_nc_ohc=4tJPtM33scIQ7kNvwHrIGj_&_nc_oc=Adres2beFeIcPBIUDQ_wfwWP7gHcrJE3X4uT-PGhxXlGupqsJgzJSJ7Y08iddouJ0fK0gCrWYjdCU2SohRMT2ArQ&_nc_zt=14&_nc_ht=scontent.fjai6-1.fna&_nc_gid=Biu4VmJ3WPeVEie2B1Xu_Q&_nc_ss=7b289&oh=00_Af_hoysXHWpqfegJPmt90DZqkaVKI8J9ZniLfL-yHLGdrQ&oe=6A383A67 | Resized: https://scontent.fjai6-1.fna.fbcdn.net/v/t39.35426-6/698388926_26931380736481408_6623967856111685100_n.jpg?stp=dst-jpg_s600x600_tt6&_nc_cat=101&ccb=1-7&_nc_sid=c53f8f&_nc_ohc=Ox131oiTMWMQ7kNvwE4cvfe&_nc_oc=AdpKKBYkweLVf1n7d-WPPjD0SYXMD910uyz23puYd1Wx77c87PxX7yUrGbSJkl33vGx8iBk61Rr9DlUExojtnDJI&_nc_zt=14&_nc_ht=scontent.fjai6-1.fna&_nc_gid=Biu4VmJ3WPeVEie2B1Xu_Q&_nc_ss=7b289&oh=00_Af_nt09WgRGf4c7cl_3wPnOsbSsbc24jVsx9MB4aH5MhkQ&oe=6A38343F || Original: https://scontent.fjai6-1.fna.fbcdn.net/v/t39.35426-6/699355184_1510998900662513_6976983717358051925_n.jpg?_nc_cat=108&ccb=1-7&_nc_sid=c53f8f&_nc_ohc=4tJPtM33scIQ7kNvwHrIGj_&_nc_oc=Adres2beFeIcPBIUDQ_wfwWP7gHcrJE3X4uT-PGhxXlGupqsJgzJSJ7Y08iddouJ0fK0gCrWYjdCU2SohRMT2ArQ&_nc_zt=14&_nc_ht=scontent.fjai6-1.fna&_nc_gid=Biu4VmJ3WPeVEie2B1Xu_Q&_nc_ss=7b289&oh=00_Af_hoysXHWpqfegJPmt90DZqkaVKI8J9ZniLfL-yHLGdrQ&oe=6A383A67 | Resized: https://scontent.fjai6-1.fna.fbcdn.net/v/t39.35426-6/698388926_26931380736481408_6623967856111685100_n.jpg?stp=dst-jpg_s600x600_tt6&_nc_cat=101&ccb=1-7&_nc_sid=c53f8f&_nc_ohc=Ox131oiTMWMQ7kNvwE4cvfe&_nc_oc=AdpKKBYkweLVf1n7d-WPPjD0SYXMD910uyz23puYd1Wx77c87PxX7yUrGbSJkl33vGx8iBk61Rr9DlUExojtnDJI&_nc_zt=14&_nc_ht=scontent.fjai6-1.fna&_nc_gid=Biu4VmJ3WPeVEie2B1Xu_Q&_nc_ss=7b289&oh=00_Af_nt09WgRGf4c7cl_3wPnOsbSsbc24jVsx9MB4aH5MhkQ&oe=6A38343F || Original: https://scontent.fjai6-1.fna.fbcdn.net/v/t39.35426-6/698948691_966242866329138_1681935873422524612_n.jpg?_nc_cat=106&ccb=1-7&_nc_sid=c53f8f&_nc_ohc=ib7kkFnOIiMQ7kNvwGW48JF&_nc_oc=Adq6mJleRJSaXPcweqUwPnSOm2qAxgP4G6eSErKAuNhmwyTQ9pRsXpDvrAHMgy4roJAQE5XXKKUrE8lMN-e3L438&_nc_zt=14&_nc_ht=scontent.fjai6-1.fna&_nc_gid=Biu4VmJ3WPeVEie2B1Xu_Q&_nc_ss=7b289&oh=00_Af8y-KN0bNbNAkwLdOzAXpVpGnUFEF9pxn0mkeVwBHtZFw&oe=6A3854AB | Resized: https://scontent.fjai6-1.fna.fbcdn.net/v/t39.35426-6/699096707_1666916941114443_2926156905937806757_n.jpg?stp=dst-jpg_s600x600_tt6&_nc_cat=107&ccb=1-7&_nc_sid=c53f8f&_nc_ohc=CkwrxL8dlnYQ7kNvwFGvz06&_nc_oc=Adqcd-5Cy4LLt_QDFPckae87aXgZE84b2EzZzKLdF2dloIzjP4n77JGSEF7RKoRvuN6EiMGBDpeviMtcnLCqB9ep&_nc_zt=14&_nc_ht=scontent.fjai6-1.fna&_nc_gid=Biu4VmJ3WPeVEie2B1Xu_Q&_nc_ss=7b289&oh=00_Af8HcvTt1eO0MksY-z0cDnrxLFPNV-2IS7_NwvnflSdrzw&oe=6A383BDB || Original: https://scontent.fjai6-1.fna.fbcdn.net/v/t39.35426-6/698948691_966242866329138_1681935873422524612_n.jpg?_nc_cat=106&ccb=1-7&_nc_sid=c53f8f&_nc_ohc=ib7kkFnOIiMQ7kNvwGW48JF&_nc_oc=Adq6mJleRJSaXPcweqUwPnSOm2qAxgP4G6eSErKAuNhmwyTQ9pRsXpDvrAHMgy4roJAQE5XXKKUrE8lMN-e3L438&_nc_zt=14&_nc_ht=scontent.fjai6-1.fna&_nc_gid=Biu4VmJ3WPeVEie2B1Xu_Q&_nc_ss=7b289&oh=00_Af8y-KN0bNbNAkwLdOzAXpVpGnUFEF9pxn0mkeVwBHtZFw&oe=6A3854AB | Resized: https://scontent.fjai6-1.fna.fbcdn.net/v/t39.35426-6/699096707_1666916941114443_2926156905937806757_n.jpg?stp=dst-jpg_s600x600_tt6&_nc_cat=107&ccb=1-7&_nc_sid=c53f8f&_nc_ohc=CkwrxL8dlnYQ7kNvwFGvz06&_nc_oc=Adqcd-5Cy4LLt_QDFPckae87aXgZE84b2EzZzKLdF2dloIzjP4n77JGSEF7RKoRvuN6EiMGBDpeviMtcnLCqB9ep&_nc_zt=14&_nc_ht=scontent.fjai6-1.fna&_nc_gid=Biu4VmJ3WPeVEie2B1Xu_Q&_nc_ss=7b289&oh=00_Af8HcvTt1eO0MksY-z0cDnrxLFPNV-2IS7_NwvnflSdrzw&oe=6A383BDB || Original: https://scontent.fjai6-1.fna.fbcdn.net/v/t39.35426-6/699022030_1455769299186986_6061672302958589623_n.jpg?_nc_cat=109&ccb=1-7&_nc_sid=c53f8f&_nc_ohc=Yt_s1ANyTlwQ7kNvwGdN3a3&_nc_oc=Adq59ny-TS_JiG6mgxnw2qaYJrtzjhzdpwjKwThg2pL1vp0u4M-gcfxbcrY5Wjm9MRElHysFKBtlw4wOey8hPPRL&_nc_zt=14&_nc_ht=scontent.fjai6-1.fna&_nc_gid=Biu4VmJ3WPeVEie2B1Xu_Q&_nc_ss=7b289&oh=00_Af9O_fp83EQxt8_cxTcvMp56c23mBDr9YpRZ73X3xI5GUQ&oe=6A384DB5 | Resized: https://scontent.fjai6-1.fna.fbcdn.net/v/t39.35426-6/699072156_1849416359789563_7550818768360471733_n.jpg?stp=dst-jpg_s600x600_tt6&_nc_cat=100&ccb=1-7&_nc_sid=c53f8f&_nc_ohc=oZW-T1r0WB4Q7kNvwG2EA8y&_nc_oc=Adpd7HheTQRggczH21592GjJNonVYrRZ5ROzhv2NHKKkz9qPeUnLPMYfkZt7nBFXT98iMrmf5NSdWBhPscWiJ_tz&_nc_zt=14&_nc_ht=scontent.fjai6-1.fna&_nc_gid=Biu4VmJ3WPeVEie2B1Xu_Q&_nc_ss=7b289&oh=00_Af9LVSw-kJvy7wnKbldbolm96HenZde7khjyWolucnK2qw&oe=6A384E60 || Original: https://scontent.fjai6-1.fna.fbcdn.net/v/t39.35426-6/698989744_3145312422321269_2932276100381606358_n.jpg?_nc_cat=104&ccb=1-7&_nc_sid=c53f8f&_nc_ohc=ozRxquWG66sQ7kNvwGGBGPc&_nc_oc=AdqusJahg17O5ai13dwPN8LB33PEjbt9kMtfE6QLdg4Sv71A1NMmHanuli9RfrC3LE7ThY9RaKMUV9LMaLaDkQEv&_nc_zt=14&_nc_ht=scontent.fjai6-1.fna&_nc_gid=Biu4VmJ3WPeVEie2B1Xu_Q&_nc_ss=7b289&oh=00_Af-edp-BsSYiYxgs7hxe-q_7Dl7SMGasNFVyXGxaNd4s5A&oe=6A383AA2 | Resized: https://scontent.fjai6-1.fna.fbcdn.net/v/t39.35426-6/699469647_1733857630919107_702282762077856661_n.jpg?stp=dst-jpg_s600x600_tt6&_nc_cat=102&ccb=1-7&_nc_sid=c53f8f&_nc_ohc=m3MhtS29cooQ7kNvwH-IasL&_nc_oc=AdqqVEgAhJGd_X3t-_3hRqLEhIUlRyOt9-ITPxARl9NDVf38X8OQ4F6Uv_4UfMJ762Zs9e99FEx_FcTCzifKD_3Y&_nc_zt=14&_nc_ht=scontent.fjai6-1.fna&_nc_gid=Biu4VmJ3WPeVEie2B1Xu_Q&_nc_ss=7b289&oh=00_Af9W94AkXzvoFeTtsx1VLXvBXIYfI-alhLSbWg6e-HyNAQ&oe=6A3836D9,
1531238412120694,https://www.facebook.com/acresbyaura/,,https://www.facebook.com/acresbyaura/,,,,info@1stkeys.in,+91 90712 03636,,,,1015155598357037,,Acres by Aura,https://www.facebook.com/ads/library/?id=1531238412120694,"अपना Industrial Plot लो — Pre-Launch में!

Panipat, Barsat Road पर DTCP Govt. Approved Plots
235 से 1700 Sq. Yd. तक | Orange / White / Green Zone

🏗️ ETP & STP Ready Infrastructure
🏗️ Manufacturing | Warehousing | Logistic industry 
✅ NH-44 के पास

📞 सीधे Team से बात करें — Limited Availability 👇
CALL: 9071203636",18,Call now,,"FACEBOOK; INSTAGRAM; AUDIENCE_NETWORK; THREADS",2026-06-05,2026-06-16,HD: https://video.fjai6-1.fna.fbcdn.net/o1/v/t2/f2/m366/AQMqhlohWLfbvWKSONR_JsM8yFR2oloQwW8UkNdDaNGHSvpKRIVwIS6goW8067Z5VF_WFcmoZzhGYH7difNLSb1mfdW0Wl9LqHTR_ZEaHU94BA.mp4?_nc_cat=107&_nc_oc=AdoM-oMaTZOSHuAfR4WgnPij4oxsTg1Q08dNZKn59P3ZLtifNA1R3sSlRPFwIeFfy4DPy7-AZF60iuVDNEV40l7O&_nc_sid=b66105&_nc_ht=video.fjai6-1.fna.fbcdn.net&_nc_ohc=dQ1FOkbTy-0Q7kNvwGcxFC0&efg=eyJ2ZW5jb2RlX3RhZyI6Inhwdl9wcm9ncmVzc2l2ZS5WSV9VU0VDQVNFX1BST0RVQ1RfVFlQRS4uQzMuNzIwLmRhc2hfaDI2NC1iYXNpYy1nZW4yXzcyMHAiLCJ4cHZfYXNzZXRfaWQiOjIwNjE4NjYyOTUyMDY4MDIsImFzc2V0X2FnZV9kYXlzIjoxMSwidmlfdXNlY2FzZV9pZCI6MTA3OTksImR1cmF0aW9uX3MiOjE1NSwidXJsZ2VuX3NvdXJjZSI6Ind3dyJ9&ccb=17-1&vs=f247279f2df1e49e&_nc_vs=HBksFQIYRWZiX2VwaGVtZXJhbC9EMjRBRjJEMTYyQjlGNURCNkU2RUZBRjMxQTU0NDBBMV9tdF8xX3ZpZGVvX2Rhc2hpbml0Lm1wNBUAAsgBEgAVAhhAZmJfcGVybWFuZW50Lzc3NDNFMkY0ODg4N0VBRTUzNDNBNjRERjY3QTU0MzlFX2F1ZGlvX2Rhc2hpbml0Lm1wNBUCAsgBEgAoABgAGwKIB3VzZV9vaWwBMRJwcm9ncmVzc2l2ZV9yZWNpcGUBMRUAACakjs2BtdCpBxUCKAJDMywXQGNjMzMzMzMYGWRhc2hfaDI2NC1iYXNpYy1nZW4yXzcyMHARAHUAZd6oAQA&_nc_gid=Biu4VmJ3WPeVEie2B1Xu_Q&_nc_ss=7b289&_nc_zt=28&oh=00_Af9Q-SbPoOPftI6rjMaBjVkj8wlYRopBlRdmtq7P9UJp7Q&oe=6A385DB1 | SD: https://video.fjai6-1.fna.fbcdn.net/o1/v/t2/f2/m412/AQO1yHLCl5BF6LyTTCT97tbPr8dPACwSrlCJS_i5WoS_UKrfpkCVUf-_2mOBUvZA1mZRaptjCa3OQy9cMQONqVoNUKKuQoN4HuzoSB50WQ.mp4?_nc_cat=106&_nc_oc=Adoq2d17TxD3mXsC0bR1dc97MnMk4MxjgSA44rzLBztX2sam3SDpRE5stW0Ha22BXwS_8Zdy6BXSYHgMEvItXp-d&_nc_sid=ef5aa3&_nc_ht=video.fjai6-1.fna.fbcdn.net&_nc_ohc=x8BBmGJa1HwQ7kNvwHuz9lT&efg=eyJ2ZW5jb2RlX3RhZyI6Inhwdl9wcm9ncmVzc2l2ZS5WSV9VU0VDQVNFX1BST0RVQ1RfVFlQRS4uQzMuMzYwLnN2ZV9zZCIsInhwdl9hc3NldF9pZCI6MjA2MTg2NjI5NTIwNjgwMiwiYXNzZXRfYWdlX2RheXMiOjExLCJ2aV91c2VjYXNlX2lkIjoxMDc5OSwiZHVyYXRpb25fcyI6MTU1LCJ1cmxnZW5fc291cmNlIjoid3d3In0%3D&ccb=17-1&_nc_gid=Biu4VmJ3WPeVEie2B1Xu_Q&_nc_ss=7b289&_nc_zt=28&oh=00_Af8Vm9KFMHEZ1hKqNTerxtRou2uxHnk2c6aFrQTbb5jADw&oe=6A384400 | Preview: https://scontent.fjai6-1.fna.fbcdn.net/v/t39.35426-6/715790541_1655487505675854_3872989056013989963_n.jpg?_nc_cat=107&ccb=1-7&_nc_sid=c53f8f&_nc_ohc=B8SXNErBZGAQ7kNvwHFBoDq&_nc_oc=AdoKzfY21f81ju4XtDnAjm9LPXWEzWaOLmKHZmjZOk7Rrt_FDjUz37Ddi37wf2J1fN-vX4ntOTdTPN4V-m0HqVU-&_nc_zt=14&_nc_ht=scontent.fjai6-1.fna&_nc_gid=Biu4VmJ3WPeVEie2B1Xu_Q&_nc_ss=7b289&oh=00_Af8cUdDkqYep4KZzuI7sSWLRmqXsNU_cv3YFuUOdso6V3w&oe=6A383360,,,,,,,
884324154695415,https://www.facebook.com/VGNProjectsEstates/,fb.me,https://www.facebook.com/VGNProjectsEstates/,,,,enquiry@vgn.in,,,,,142137848309,http://fb.me/,VGN Projects Estates,https://www.facebook.com/ads/library/?id=884324154695415,"Book an Apartment and get 10 GMS Gold Coin absolutely FREE!
Offer valid for the next 50 Bookings only

We’re thrilled to offer VGN Wincrest Towers 2 and 3BHK Homes at a special Pre-launch price of ₹11,999/- per sq.ft. for 2 BHK and Rs 14,999/- per sq.ft for 3 BHK. Apartments ranging from 1,029 sq.ft to 1,354 sq.ft. VGN Wincrest Towers is conveniently located in the heart of Guindy, opposite the Hilton Hotel and just 500m from Ekkattuthangal Metro Station.

Enjoy easy access to the airport, malls, schools, hospitals, IT offices, and more. A 40,000 sq.ft centrally air-conditioned clubhouse across 7 floors with a rooftop swimming pool, barbecue deck, badminton courts, banquet halls, and more...

Project Highlights:

✅ Centrally Air-Conditioned Clubhouse
✅ Exclusive Multi-level Car Parking Block
✅ Home Automation
✅ Rooftop Swimming Pool
✅ Indoor Forest Lounge
✅ Lobby Access Control
✅ Digital Video Doorbell
✅ Barbecue Deck & More

Don’t miss this exclusive pre-launch offer to book VGN Wincrest Towers at  ₹11,999/- per sq.ft. 

#LuxuryApartments #VGN #Chennai #Guindy #LuxuryHomes #Pre-launching #WincrestTowers",302031,Book now,fb.me,INSTAGRAM,2026-06-03,2026-06-17,,,  ||   ||   ||   ||   ||   ||   ||  ,http://fb.me/ || http://fb.me/ || http://fb.me/ || http://fb.me/ || http://fb.me/ || http://fb.me/ || http://fb.me/ || http://fb.me/,fb.me || fb.me || fb.me || fb.me || fb.me || fb.me || fb.me || fb.me,Book Now || Book Now || Book Now || Book Now || Book Now || Book Now || Book Now || Book Now,Original: https://scontent.fjai6-1.fna.fbcdn.net/v/t39.35426-6/716922598_1495244485420320_5242944358508311621_n.jpg?_nc_cat=103&ccb=1-7&_nc_sid=c53f8f&_nc_ohc=fBSlmv-jyp8Q7kNvwHesPUu&_nc_oc=AdryviIhr55l6XBfNqngn0qEp-lOlHUHuRC0yZzwNBpIV1ML8zMTXUhcv-3hqBoDVpO9DerOJXzTTH8gaCIP2oz2&_nc_zt=14&_nc_ht=scontent.fjai6-1.fna&_nc_gid=hX9wh13isL8lo2gPMDN_QQ&_nc_ss=7b289&oh=00_Af8j9CCUgJiIRvS6qnPOoelNC4QwRlO16J6PqaG-b2u6xQ&oe=6A384240 | Resized: https://scontent.fjai6-1.fna.fbcdn.net/v/t39.35426-6/712783340_1376306247887241_5646224612796643418_n.jpg?stp=dst-jpg_s600x600_tt6&_nc_cat=111&ccb=1-7&_nc_sid=c53f8f&_nc_ohc=1xmI2tPQElUQ7kNvwHJvVDH&_nc_oc=AdrttvHMegorzXp4WRj_xn9EiY0_m79bdSobypYv3wT8obPf2ljxewbn7Clw5UOwQnp7WXiRQAo6Pw4_zUGB1CYC&_nc_zt=14&_nc_ht=scontent.fjai6-1.fna&_nc_gid=hX9wh13isL8lo2gPMDN_QQ&_nc_ss=7b289&oh=00_Af9pE2-bkFnbLQ1m_ncQ6usLYEuvy5dlwLb721Ag4lVU_w&oe=6A3847CF || Original: https://scontent.fjai6-1.fna.fbcdn.net/v/t39.35426-6/713789333_2435134036982570_6662537893724090482_n.jpg?_nc_cat=104&ccb=1-7&_nc_sid=c53f8f&_nc_ohc=CRxtV0PzgMYQ7kNvwGTFfCO&_nc_oc=AdoWwBHgdV01LvSHKT-IsL-fZNSJEDXpE8ssh3Y4KIS2gsJZW3lND39o_rV4-8BS62xeHkp6YNAlvfTpLLpOWEdf&_nc_zt=14&_nc_ht=scontent.fjai6-1.fna&_nc_gid=hX9wh13isL8lo2gPMDN_QQ&_nc_ss=7b289&oh=00_Af-unZPRQHupvGfNPp8D-z5LT7sH2r1woN29zH8l9xEtZw&oe=6A3834F8 | Resized: https://scontent.fjai6-1.fna.fbcdn.net/v/t39.35426-6/710799729_1676906856961714_800032044660060567_n.jpg?stp=dst-jpg_s600x600_tt6&_nc_cat=102&ccb=1-7&_nc_sid=c53f8f&_nc_ohc=nhyeQ-c0X7EQ7kNvwEyNpW4&_nc_oc=AdqO-5Ssd5E3SkF7i87w8HBxwqpjC0GYhy877tz-3Tdqbz_7JlGcPJxCgGDLXJ1uclJcA4Yeja_JkvxDFVwOkx92&_nc_zt=14&_nc_ht=scontent.fjai6-1.fna&_nc_gid=hX9wh13isL8lo2gPMDN_QQ&_nc_ss=7b289&oh=00_Af8_90yAUziR9lcxxKML4mnLUnvLsX7VESmxu3m3oYmyQg&oe=6A3849D0 || Original: https://scontent.fjai6-1.fna.fbcdn.net/v/t39.35426-6/715530234_1503559094513124_75367608468084621_n.jpg?_nc_cat=101&ccb=1-7&_nc_sid=c53f8f&_nc_ohc=apYelPEd50MQ7kNvwGb70zr&_nc_oc=AdpH3SCEtFGrctvqC9Xdwv_RYJQrG7SL5O_TsYZ0w1vd91cPynjZKfPbODaIwTBLa49O4o6FkZxLZEghjys_rMjU&_nc_zt=14&_nc_ht=scontent.fjai6-1.fna&_nc_gid=hX9wh13isL8lo2gPMDN_QQ&_nc_ss=7b289&oh=00_Af99BKZoCWZJbzbHXnOevttWBoDyeIA6MRLrxAE2nSwWnw&oe=6A384825 | Resized: https://scontent.fjai6-1.fna.fbcdn.net/v/t39.35426-6/716722795_2478470686015715_7748739076500294420_n.jpg?stp=dst-jpg_s600x600_tt6&_nc_cat=100&ccb=1-7&_nc_sid=c53f8f&_nc_ohc=oeIdY-KjZcAQ7kNvwE_MWt0&_nc_oc=AdpzquCLhyCS_EurxHtDkQYN-mbfIsPUl6eO26qe9C-P8xFQBbNx-7IYvinRqbZo8_xkf9ApWihd5vaHENXizsP8&_nc_zt=14&_nc_ht=scontent.fjai6-1.fna&_nc_gid=hX9wh13isL8lo2gPMDN_QQ&_nc_ss=7b289&oh=00_Af_FrLbuQTNp_QHqxxwxAQlSFTzaT-wTUo5409iXzTqQMw&oe=6A383CF8 || Original: https://scontent.fjai6-1.fna.fbcdn.net/v/t39.35426-6/716722927_4561553517419344_245849879188214145_n.jpg?_nc_cat=110&ccb=1-7&_nc_sid=c53f8f&_nc_ohc=w0xe3tgK8aYQ7kNvwFH6kOF&_nc_oc=Adr6g2GkyYCHO3QAFZEMBhWM-FIpn5trw6RIwD_mY44aQ5e3E4630ZtWecofpk_r9mfCL4Cb-xfJMuHfZ9GtIT2-&_nc_zt=14&_nc_ht=scontent.fjai6-1.fna&_nc_gid=hX9wh13isL8lo2gPMDN_QQ&_nc_ss=7b289&oh=00_Af-DK6NM82KFHMaJ6mgh_HvgkXRj2ObBQtUEkVb1gb5dZA&oe=6A38427F | Resized: https://scontent.fjai6-1.fna.fbcdn.net/v/t39.35426-6/716390421_980703964682326_7372222778479978274_n.jpg?stp=dst-jpg_s600x600_tt6&_nc_cat=110&ccb=1-7&_nc_sid=c53f8f&_nc_ohc=EVxZzimSA6AQ7kNvwGvJuQO&_nc_oc=Adqpd8Zqw0LgLo5VpcyIrXv6LKcAGMAvJpRY0Wet6C9GlgIZNhK01RqldRerprBvz8gcEgIOOGDCNP89vvB6_eYy&_nc_zt=14&_nc_ht=scontent.fjai6-1.fna&_nc_gid=hX9wh13isL8lo2gPMDN_QQ&_nc_ss=7b289&oh=00_Af-W2ABihdGurC1j3lCsPNUwLPn6QgruXMe32DnzhfmmvA&oe=6A383CC2 || Original: https://scontent.fjai6-1.fna.fbcdn.net/v/t39.35426-6/715512014_1338974601670476_2253535774297875446_n.jpg?_nc_cat=105&ccb=1-7&_nc_sid=c53f8f&_nc_ohc=9rFWUe0ziYoQ7kNvwFbCYKQ&_nc_oc=AdoDRB6WorCnCZesAiWsoVT1jgKHqFmNnjLUJvmJlrauENCE9fZuRiwsvLiCKwmB5sa3yu83D8aLLkstL1ZP21EK&_nc_zt=14&_nc_ht=scontent.fjai6-1.fna&_nc_gid=hX9wh13isL8lo2gPMDN_QQ&_nc_ss=7b289&oh=00_Af_b2P4ITHt1fXpz2fzPjE-qY-J1jeM3THuLQL55M6NMVQ&oe=6A3847A2 | Resized: https://scontent.fjai6-1.fna.fbcdn.net/v/t39.35426-6/715656605_1537576117761665_7736521584090987591_n.jpg?stp=dst-jpg_s600x600_tt6&_nc_cat=104&ccb=1-7&_nc_sid=c53f8f&_nc_ohc=IRzECpEMBoYQ7kNvwF3W8e7&_nc_oc=Adr3lYGe8pxpPe-U3nnla2NupPCePw-NHPoe9rS2K5j2NVviaLcVn1ht59_FXCdk_bG9Ma-b-w1rb2fbhuLDdWsG&_nc_zt=14&_nc_ht=scontent.fjai6-1.fna&_nc_gid=hX9wh13isL8lo2gPMDN_QQ&_nc_ss=7b289&oh=00_Af8nuoo5yCXZhEQJiHHl-rZG2Pp6w0bZBsmAMiZVZykkAw&oe=6A385D56 || Original: https://scontent.fjai6-1.fna.fbcdn.net/v/t39.35426-6/716858428_967069086167196_4063822690199004204_n.jpg?_nc_cat=101&ccb=1-7&_nc_sid=c53f8f&_nc_ohc=N4zZ0PL2eakQ7kNvwG51K4N&_nc_oc=Adq5uz8e9kWqQewL4ykbigL6FHWziSCesl2vLoxt-EYr2mtogKju70PaqNtAaCTgLbc5TYkNbM4SMvIHy5fcLH9Q&_nc_zt=14&_nc_ht=scontent.fjai6-1.fna&_nc_gid=hX9wh13isL8lo2gPMDN_QQ&_nc_ss=7b289&oh=00_Af-R_TWAWaJYOmDi2Bm2xaEoAhcVCYBsX2FdqssG1k0xdg&oe=6A3837F2 | Resized: https://scontent.fjai6-1.fna.fbcdn.net/v/t39.35426-6/715498547_1259047006308748_7058763313959059177_n.jpg?stp=dst-jpg_s600x600_tt6&_nc_cat=101&ccb=1-7&_nc_sid=c53f8f&_nc_ohc=qTyBP6Bl9J4Q7kNvwGB6u4W&_nc_oc=AdpYRkeWEGCugRgb4oqlN6ZFjk25_mLBkzQSW_xussYsWj79kJeASTdsz7813H3vYJmF3ykHh-c1J8SCeTgOxeVR&_nc_zt=14&_nc_ht=scontent.fjai6-1.fna&_nc_gid=hX9wh13isL8lo2gPMDN_QQ&_nc_ss=7b289&oh=00_Af-AYYHD1nwbnLjo7zluwijmdWEZ50lW43ri3zvgzLnumw&oe=6A383A27 || Original: https://scontent.fjai6-1.fna.fbcdn.net/v/t39.35426-6/713205321_1285047896948348_1059156310357045641_n.jpg?_nc_cat=101&ccb=1-7&_nc_sid=c53f8f&_nc_ohc=5pvhiHMZNU0Q7kNvwEtkIZ3&_nc_oc=Adov3AkXPnaGGOSAeMAtRy7F8z8kiRUc5iLN8zyrcKKab7zW_kIkAq88GKY0zMEe8VpO2TnhOILOKROs0cwwRd8y&_nc_zt=14&_nc_ht=scontent.fjai6-1.fna&_nc_gid=hX9wh13isL8lo2gPMDN_QQ&_nc_ss=7b289&oh=00_Af8OIKe-cx_zw-qs57QcbqnyvhxKX4P48XEaSF8PVV8zSQ&oe=6A384786 | Resized: https://scontent.fjai6-1.fna.fbcdn.net/v/t39.35426-6/713754001_1009790501500517_2949125268837237640_n.jpg?stp=dst-jpg_s600x600_tt6&_nc_cat=102&ccb=1-7&_nc_sid=c53f8f&_nc_ohc=YEt-XDmxdrkQ7kNvwFvFhDt&_nc_oc=AdoJOPc32qGfKSRgmg9bl9KxL4viqbol8FFcxik31z2ZulXcZQ_1EUgBjIblnJffB4ghwFOUwUImXseIaYUePFB9&_nc_zt=14&_nc_ht=scontent.fjai6-1.fna&_nc_gid=hX9wh13isL8lo2gPMDN_QQ&_nc_ss=7b289&oh=00_Af9N8ulpKbUbLhBN1NaA2NDHN3Tu_Sdsy6c6nsXWOhSTMg&oe=6A3831A0 || Original: https://scontent.fjai6-1.fna.fbcdn.net/v/t39.35426-6/716510290_861946436386632_9121338901020338729_n.jpg?_nc_cat=103&ccb=1-7&_nc_sid=c53f8f&_nc_ohc=gCb9c2zHnrgQ7kNvwFRVNBo&_nc_oc=AdppVxbN1quUjirwvkH2u59HBuxT5UFDCqD2_pRS7tL_D_TWEhcXThUwFnaFv3YepTLHeNpwrrn25QCZ2qrfy0AR&_nc_zt=14&_nc_ht=scontent.fjai6-1.fna&_nc_gid=hX9wh13isL8lo2gPMDN_QQ&_nc_ss=7b289&oh=00_Af8X92GvylUoOkJnnHSyzBZChzeK6Bvwv9GBnTpUuYzI8A&oe=6A38526B | Resized: https://scontent.fjai6-1.fna.fbcdn.net/v/t39.35426-6/716289936_1532161675123027_5496014018182526632_n.jpg?stp=dst-jpg_s600x600_tt6&_nc_cat=107&ccb=1-7&_nc_sid=c53f8f&_nc_ohc=yCGjDt9rtRMQ7kNvwF5wA9Z&_nc_oc=AdqH5xYw5ZtWEP5nLg0YYKvcuAUBZfn3qNXzhXSwB4lk3OgRjR1w9tmBQ5UZ7xyAHvHwrF_g4jQtJ7J1roi6jTy_&_nc_zt=14&_nc_ht=scontent.fjai6-1.fna&_nc_gid=hX9wh13isL8lo2gPMDN_QQ&_nc_ss=7b289&oh=00_Af8MKrAZ2npTOTmXkvRF6iOcf21DzYUSZQ2ml1OCC7Sc1Q&oe=6A3842FC,
2550231232016915,https://www.facebook.com/housiey/,fb.me,https://www.facebook.com/housiey/,,,,sales@housiey.com,+91 80974 52839,,,,216444252147750,http://fb.me/,Housiey,https://www.facebook.com/ads/library/?id=2550231232016915,"Goyal & Co. New Launch ""Orchid Salisbury"" on Thanisandra Main Road, North Bengaluru
✅ 6.7 Acres - 7 Towers - 14 Floors
✅ 2/3 BHK - ₹1.08 Cr Onwards
✅ Mall- 2min | Metro Stn - 5min
✅ 50+ Luxurious Amenities
✅ Exclusive Pre-Launch Discounts
✅ Booking Window Open Now
✅ PRM/KA/RERA/1251/310/PR/271123/006440",31911,Download,fb.me,"FACEBOOK; INSTAGRAM; AUDIENCE_NETWORK",2025-10-29,2026-06-17,,Original: https://scontent.fjai6-1.fna.fbcdn.net/v/t39.35426-6/574520003_1483844139579537_3938136434900156573_n.jpg?_nc_cat=108&ccb=1-7&_nc_sid=c53f8f&_nc_ohc=W64VJAUSgJMQ7kNvwG05wY3&_nc_oc=AdocE1uRO7XFOVpc8r8HNRFSNS_8YCNOHOixDp3crr-sjvxgBjqNQhFMmO4ZRDIfgrwIm64wlz7fkVX84M0KyE6e&_nc_zt=14&_nc_ht=scontent.fjai6-1.fna&_nc_gid=hX9wh13isL8lo2gPMDN_QQ&_nc_ss=7b289&oh=00_Af8bJ6uZRq-WGrQOHab9tZd4GF3N2HlKwgWvVk3-5iRu_g&oe=6A385AFF | Resized: https://scontent.fjai6-1.fna.fbcdn.net/v/t39.35426-6/572197031_1157197869687345_7435984877914911829_n.jpg?stp=dst-jpg_s600x600_tt6&_nc_cat=105&ccb=1-7&_nc_sid=c53f8f&_nc_ohc=vc5HltgXSyUQ7kNvwHRdA_u&_nc_oc=AdqKURX1uu4lQ9tDgy8ENuyVHbl4K7b0jdfYvFLe5viXKzh0eOiJ53r_JZt-X15oMrBz7fioACSzkAkEUPvYdSlx&_nc_zt=14&_nc_ht=scontent.fjai6-1.fna&_nc_gid=hX9wh13isL8lo2gPMDN_QQ&_nc_ss=7b289&oh=00_Af-rcWYi4ibLeZuUbXSzqpGAGZRdvZhzBI1qSD4ZVs2GzQ&oe=6A385FBE,,,,,,
1635161104242584,https://www.facebook.com/havishaaproptech/,fb.me,https://www.facebook.com/havishaaproptech/,,,,havishaarealtors@gmail.com,+91 77600 66262,,,,1649087898473665,http://fb.me/,Havishaa Proptech,https://www.facebook.com/ads/library/?id=1635161104242584,"GT LANDMARK: One-of-a-Kind Plotted Development before Nelamangala. BMRDA & RERA Approved Premium Sites.

Discover future-ready Living at GT Landmark, a Premium plotted development located in the fast-growing Bengaluru–Tumkur Growth Corridor, backed by Metro & Business Corridor Road. 🌿✨

📱 Call +91 7760055051 for offer price*

GT Landmark Highlights
📍 Pillahalli, Off Tumkur Road
🌳 16+ Acres Layout
🏡 258 Vastu-Compliant Villa Sites
🔐 Secure, Well-Planned Community
📄 ""A"" Khata Sites with Legally Clear Titles
🏦 Bank Loan Available
⭐ Phase 1 Sold Out (2.5x Appreciation in Property Value)

Location Advantages
🏥 3 mins from BGS Medical College & Hospital
🚗 10 mins from Nelamangala Town
🚇 10 mins from Madavara Metro Station
🏢 Near KWIN City / Health City / Major Institutions

🔥 Act now – Limited Premium Plots Available! This is one of the last premium gated layouts in this growth belt.",589,Get offer,fb.me,"FACEBOOK; INSTAGRAM",2026-06-04,2026-06-17,,Original: https://scontent.fjai6-1.fna.fbcdn.net/v/t39.35426-6/699997195_1168719935371017_5084996724584289639_n.jpg?_nc_cat=101&ccb=1-7&_nc_sid=c53f8f&_nc_ohc=_ZofqJC6txUQ7kNvwHs4Suo&_nc_oc=AdqBpDBhe3W-N7uKfiKlOcdEqnsyVOOUkLqJK13b1xCdPXlIPi_V0Pe0eo10C1g3jp4TKk3-VCWzZ-zcwedm3SOh&_nc_zt=14&_nc_ht=scontent.fjai6-1.fna&_nc_gid=Ygw8b-0zElk9y1mI9uMfJw&_nc_ss=7b289&oh=00_Af89jGEsARDwzKxUYqfmDXQVHee-WV1xLx-cWZJFGqovrw&oe=6A383F93 | Resized: https://scontent.fjai6-1.fna.fbcdn.net/v/t39.35426-6/699737493_26683754604657261_7149079075686774987_n.jpg?stp=dst-jpg_s600x600_tt6&_nc_cat=100&ccb=1-7&_nc_sid=c53f8f&_nc_ohc=9xtzvWF1FpEQ7kNvwGZWl0i&_nc_oc=Adq2-sM4TIHv5dvyDaFgBVLuGIixWW0_bwIOnBxeso0u7gPgBgR2U6-uE0bYCtiQAui8Wr958_Ap5JTm09fZkQxr&_nc_zt=14&_nc_ht=scontent.fjai6-1.fna&_nc_gid=Ygw8b-0zElk9y1mI9uMfJw&_nc_ss=7b289&oh=00_Af8PSptpujOvo-7R4VnFokiTpEK8fJOFZ0lYtI6ZeKGBPA&oe=6A386315,,,,,,
993954713589133,https://www.facebook.com/mumbaicertifiedhome/,fb.me,https://www.facebook.com/mumbaicertifiedhome/,,,,clouds.kulkarni@gmail.com,+91 91563 76004,,,,971460779386363,http://fb.me/,Mumbai certified homes,https://www.facebook.com/ads/library/?id=993954713589133,"🏙️ Aditya Birla Airoli – A Grand Estate in the Making
An upcoming luxury residential development by Aditya Birla Real Estate.

✨ Project Highlights:
🌿 25+ Acres of thoughtfully planned estate living
🏢 Launching 14 Acres | Only 8 Exclusive Towers
🏡 Spacious 2 & 3 BHK Residences
📐 2 BHK: 750–800 sq.ft | 3 BHK: 1050–1175 sq.ft
🌳 Low-Density Living with Expansive Green Spaces
🏖️ Resort-Style Amenities & Grand Internal Roads
📍 Prime Airoli – Thane Junction Location
✈️ Upcoming Navi Mumbai International Airport Connectivity

🎯 Pre-Launch Benefits on First 300 Units
📞 Register now for pricing, floor plans & EOI details",56,Get quote,fb.me,"FACEBOOK; INSTAGRAM",2026-04-24,2026-06-16,,Original: https://scontent.fjai6-1.fna.fbcdn.net/v/t39.35426-6/679681060_1502646138083364_4622924333967394147_n.jpg?_nc_cat=109&ccb=1-7&_nc_sid=c53f8f&_nc_ohc=yyPddTVnztEQ7kNvwHDKW55&_nc_oc=AdqylZpu3hNDdMVqrpLBM76hs_Ynoo2EDANPX-cZztGE6hjjdlvSY_szsJGSKU-zrBdPUPkL-Pl90qnUZ9L0_-cX&_nc_zt=14&_nc_ht=scontent.fjai6-1.fna&_nc_gid=Ygw8b-0zElk9y1mI9uMfJw&_nc_ss=7b289&oh=00_Af8loUS2sIN8LBHaoB3aAilvj8y5WylUoSPWpC85cO_tZw&oe=6A38432E | Resized: https://scontent.fjai6-1.fna.fbcdn.net/v/t39.35426-6/680116118_1440155063981097_6359227485284971540_n.jpg?stp=dst-jpg_s600x600_tt6&_nc_cat=106&ccb=1-7&_nc_sid=c53f8f&_nc_ohc=SaRHfXPq7LYQ7kNvwGIa2Wq&_nc_oc=AdpM5ht5PR51J3s2-9dPtbbvm8wist00kk697-JmUPzm0YnxCunu9DmY4KnvE9EI3jivHJoBxzMSfk9vBfVeoH6j&_nc_zt=14&_nc_ht=scontent.fjai6-1.fna&_nc_gid=Ygw8b-0zElk9y1mI9uMfJw&_nc_ss=7b289&oh=00_Af_onxyR_DELbdBGEHr7iJSYm4xVBV7Y_BkrtONqOmedYw&oe=6A3848E1,,,,,,
1901189030562317,https://www.facebook.com/aurezzaliving/,api.whatsapp.com,https://www.facebook.com/aurezzaliving/,,,,sales@aurezzaliving.com,+91 98369 59555,,,,942250788971691,https://api.whatsapp.com/send,Aurezza Living ,https://www.facebook.com/ads/library/?id=1901189030562317,"New Town’s most awaited pre-launch is here 🏡
Premium 2, 2.5 & 3 BHK homes starting from just ₹72 Lakhs

💰 Lowest price phase
📈 Maximum future appreciation
🏆 First choice of best units

⚠️ Prices will increase after launch

👉 Book your site visit or get full price details now",72,Send WhatsApp message,WhatsApp,"FACEBOOK; INSTAGRAM; AUDIENCE_NETWORK; WHATSAPP",2026-05-08,2026-06-16,,Original: https://scontent.fjai6-1.fna.fbcdn.net/v/t39.35426-6/690662479_1619148362678536_3884797677847365224_n.jpg?_nc_cat=108&ccb=1-7&_nc_sid=c53f8f&_nc_ohc=BKCJufLeCnwQ7kNvwFmh1fB&_nc_oc=AdrA0qvb7_qSVCK2MfPuP0AwJTJwqTolIZvoYK4x0311muPsjtxXbIVi_a6gIuRdA23CHxPVYC4Jw8wgb_jCpYRf&_nc_zt=14&_nc_ht=scontent.fjai6-1.fna&_nc_gid=SmuaPojArFoD0XXTMt_LXg&_nc_ss=7b289&oh=00_Af_-RpmlbSUqAi9LpZuW1N5jny32Wf-9NkoGgcYFJQuTGw&oe=6A382E38 | Resized: https://scontent.fjai6-1.fna.fbcdn.net/v/t39.35426-6/690664631_2407810089646636_7497572189521596449_n.jpg?stp=dst-jpg_s600x600_tt6&_nc_cat=105&ccb=1-7&_nc_sid=c53f8f&_nc_ohc=WCCbQhLO7MYQ7kNvwFvwN9u&_nc_oc=AdqzJGUZsMmpeUIdMHV7Zy_-Zm2A09Ec-blXJxcpYWwp2zgtLW1kfpFitMyL9e8aGDhfN6UbuOwyjhtpA9dfuhNE&_nc_zt=14&_nc_ht=scontent.fjai6-1.fna&_nc_gid=SmuaPojArFoD0XXTMt_LXg&_nc_ss=7b289&oh=00_Af-wbOkpcuKr3zgiHcAt42l-ZpFzxB9W1gY7yU-h28jEVg&oe=6A384119,,,,,,
1294896332731379,https://www.facebook.com/61576355330220/,fb.me,https://www.facebook.com/61576355330220/,,,,,,,,,672470929280011,http://fb.me/,KAIG FARMS,https://www.facebook.com/ads/library/?id=1294896332731379,"Escape the city and invest in peaceful luxury farm living 🌿
Own a managed sandalwood farm plot near Isha Foundation, Chikkaballapur at ₹567/sq.ft.

Limited plots only.
Perfect for weekend living, long-term investment, and nature lovers.

👉 Enquire now to get brochure & site visit details.",306,Learn more,fb.me,"FACEBOOK; INSTAGRAM; AUDIENCE_NETWORK",2026-05-29,2026-06-16,,,"Escape the city and invest in peaceful luxury farm living 🌿
Own a managed sandalwood farm plot near Isha Foundation, Chikkaballapur at ₹567/sq.ft.

Limited plots only.
Perfect for weekend living, long-term investment, and nature lovers.

👉 Enquire now to get brochure & site visit details. || Escape the city and invest in peaceful luxury farm living 🌿
Own a managed sandalwood farm plot near Isha Foundation, Chikkaballapur at ₹567/sq.ft.

Limited plots only.
Perfect for weekend living, long-term investment, and nature lovers.

👉 Enquire now to get brochure & site visit details. || Escape the city and invest in peaceful luxury farm living 🌿
Own a managed sandalwood farm plot near Isha Foundation, Chikkaballapur at ₹567/sq.ft.

Limited plots only.
Perfect for weekend living, long-term investment, and nature lovers.

👉 Enquire now to get brochure & site visit details. || Escape the city and invest in peaceful luxury farm living 🌿
Own a managed sandalwood farm plot near Isha Foundation, Chikkaballapur at ₹567/sq.ft.

Limited plots only.
Perfect for weekend living, long-term investment, and nature lovers.

👉 Enquire now to get brochure & site visit details.",http://fb.me/ || http://fb.me/ || http://fb.me/ || http://fb.me/,,Learn More || Learn More || Learn More || Learn More,Original: https://scontent.fjai6-1.fna.fbcdn.net/v/t39.35426-6/680189405_1677968130039532_3487922252997438815_n.jpg?_nc_cat=107&ccb=1-7&_nc_sid=c53f8f&_nc_ohc=cvmbyVOAJBoQ7kNvwEVvUSt&_nc_oc=AdrCfirkQ173H36RhWfcYor6r4kCRIdd-cDvTrLzXlr_xiJiyiGT26mAI6qZm5uMlG-gKDna2IW9u5bzRocIdOcp&_nc_zt=14&_nc_ht=scontent.fjai6-1.fna&_nc_gid=SmuaPojArFoD0XXTMt_LXg&_nc_ss=7b289&oh=00_Af8CiQDqbPlgldZgzpjB2AOX1E8erVk3fEK1wS6ZolAvEQ&oe=6A383466 | Resized: https://scontent.fjai6-1.fna.fbcdn.net/v/t39.35426-6/682177476_1842947259716463_6423481161616208263_n.jpg?stp=dst-jpg_s600x600_tt6&_nc_cat=106&ccb=1-7&_nc_sid=c53f8f&_nc_ohc=0R4PtR1QcHYQ7kNvwEb2kCy&_nc_oc=Ado7dlBeOqSr0eC4Lm-AJ11wNy1VVc8HQafyE40ZmN8BOxX3nnJlmfZv58vsBr6mwSPsDUIhq842vQG6MM4ZxsBa&_nc_zt=14&_nc_ht=scontent.fjai6-1.fna&_nc_gid=SmuaPojArFoD0XXTMt_LXg&_nc_ss=7b289&oh=00_Af_Oc4fDMm4Tp0cBEEtwf_DCpUd35XEc_AcQEo6tLj_mHw&oe=6A383A2F || Original: https://scontent.fjai6-1.fna.fbcdn.net/v/t39.35426-6/680645556_898367996582438_3022891870859397738_n.jpg?_nc_cat=111&ccb=1-7&_nc_sid=c53f8f&_nc_ohc=G_qm73K8EBgQ7kNvwH5rTMD&_nc_oc=Adqu7DKanY3_JMpPWChU0rOIyb7svAg1-VfYMSV7HZmhgfjbzwbfT1KOs53YxpkJNio41vtWhYhkn_ji2jN-MgSG&_nc_zt=14&_nc_ht=scontent.fjai6-1.fna&_nc_gid=SmuaPojArFoD0XXTMt_LXg&_nc_ss=7b289&oh=00_Af-XBS-ZsDN2Wc2jzuM4eNQGIb34bKORCmRmYGsTUIRepg&oe=6A3845D3 | Resized: https://scontent.fjai6-1.fna.fbcdn.net/v/t39.35426-6/683662375_1457271555727129_2599896414723939806_n.jpg?stp=dst-jpg_s600x600_tt6&_nc_cat=101&ccb=1-7&_nc_sid=c53f8f&_nc_ohc=RJ-3XCxDASQQ7kNvwG_Tuai&_nc_oc=AdqtYFe3YwH9NppNJKzoqg3ScMY6ZtaS_ZEptvGfXI-SbVVNqdBDS01hzdXSn3mAf-6SQp7XNvmlPblR2e8mPe1V&_nc_zt=14&_nc_ht=scontent.fjai6-1.fna&_nc_gid=SmuaPojArFoD0XXTMt_LXg&_nc_ss=7b289&oh=00_Af-BxEePLqRpt8CIcpZnIqYZLUvqabaE4novsITqvtdZYw&oe=6A3836B5 || Original: https://scontent.fjai6-1.fna.fbcdn.net/v/t39.35426-6/682346186_1508088390755233_8198299393935964811_n.jpg?_nc_cat=102&ccb=1-7&_nc_sid=c53f8f&_nc_ohc=dF0Pe1U0CkwQ7kNvwGPQS2w&_nc_oc=AdphgzscqxQvQ7Q-23aHbW_Kd7nCMM3ysWAyq-zNvILzQA2vvfGnHa87cH3qXD-CyFwvxlYgFRUdCkB2FP4JIiBP&_nc_zt=14&_nc_ht=scontent.fjai6-1.fna&_nc_gid=SmuaPojArFoD0XXTMt_LXg&_nc_ss=7b289&oh=00_Af8OLDiGxJOKzcNLa0gkxCFWFKbKhR6Yh6Gv3PzxkDgHPQ&oe=6A3844BF | Resized: https://scontent.fjai6-1.fna.fbcdn.net/v/t39.35426-6/681241530_2893805620996573_2882436605933395960_n.jpg?stp=dst-jpg_s600x600_tt6&_nc_cat=102&ccb=1-7&_nc_sid=c53f8f&_nc_ohc=5riAs0nPDCgQ7kNvwG17l3a&_nc_oc=AdrmZd1DZutat-qX2u5MikzqUvuCwsZGreL9b80Qps_kkFw5a4hiRR8IKJWwgux-2UnfVB50DwYBm78FNQbOoibU&_nc_zt=14&_nc_ht=scontent.fjai6-1.fna&_nc_gid=SmuaPojArFoD0XXTMt_LXg&_nc_ss=7b289&oh=00_Af9BDZxAvKYZkb4ptO1JgVoQfL78ey_M7Q2V8eWf1R1hgA&oe=6A385B71 || Original: https://scontent.fjai6-1.fna.fbcdn.net/v/t39.35426-6/679137962_4407527212796069_1778767044545331910_n.jpg?_nc_cat=107&ccb=1-7&_nc_sid=c53f8f&_nc_ohc=D9d4RcUzq0QQ7kNvwFeOj-E&_nc_oc=AdoR83DK0ciYjlpWpnJAerxriBaO79ENY9XXaGNuMZXvkX28lQmb7tDX47JVeBbf_OjGReaKmnjZ1d1wzhHt0Vbh&_nc_zt=14&_nc_ht=scontent.fjai6-1.fna&_nc_gid=SmuaPojArFoD0XXTMt_LXg&_nc_ss=7b289&oh=00_Af-KYNoezKF1MedZmRHpTcgz1RbM03PiSlTIQj1kSLXm7w&oe=6A383F37 | Resized: https://scontent.fjai6-1.fna.fbcdn.net/v/t39.35426-6/680647210_2565800897149623_4693538999083600716_n.jpg?stp=dst-jpg_s600x600_tt6&_nc_cat=100&ccb=1-7&_nc_sid=c53f8f&_nc_ohc=5snuiPxdnM4Q7kNvwGGcO6O&_nc_oc=AdrSCmbGb3EjInxX0VjL4VHd-BGmvzhDwj-KzVB5BJ8t8Yr710vG-k5JELFBuiqPLhecutkPnnSITlwBERoNL2CI&_nc_zt=14&_nc_ht=scontent.fjai6-1.fna&_nc_gid=SmuaPojArFoD0XXTMt_LXg&_nc_ss=7b289&oh=00_Af_V4uC2MhOUr4acFNPbruqiOXzKX3A8fvCNjA0vh-tWvQ&oe=6A383CBD,
1546468916840109,https://www.facebook.com/61578635470011/,storytvnew.onelink.me,https://www.facebook.com/61578635470011/,,,,,,,,,756242447566108,https://storytvnew.onelink.me/gyHW,Trending Shows App,https://www.facebook.com/ads/library/?id=1546468916840109,"India’s Most Addictive Stories 😍
❤️ Romance • 😈 Revenge • 😱 Suspense • 🔥 Drama
🎬 1000+ Shows • Fresh Episodes Daily
💸 ₹1 Trial • 3 Days FREE
📲 Start Watching Now",25415,Download,storytvnew.onelink.me,"FACEBOOK; INSTAGRAM",2026-06-06,2026-06-16,HD: https://video.fjai6-1.fna.fbcdn.net/o1/v/t2/f2/m366/AQNUETyMbaQsqADcbka3OfaQ2pN_MUGPM7IFRaPYbdSJlP-x1pdF91ruX7_ktp5YN5tLKMRDsDDUIPRyVKypifxGcNfJpNn8_77qKO-hp38zDA.mp4?_nc_cat=101&_nc_oc=AdrfaklwejLzJXgw2SwMwYfPiC8iRhKMocOgIoWT6U_o4prW8ICshZE7MP2nkIkb7Q2LUMPYQACXMDBPgfUVeeOt&_nc_sid=b66105&_nc_ht=video.fjai6-1.fna.fbcdn.net&_nc_ohc=Mj_DFFo-bbMQ7kNvwHqw9XO&efg=eyJ2ZW5jb2RlX3RhZyI6Inhwdl9wcm9ncmVzc2l2ZS5WSV9VU0VDQVNFX1BST0RVQ1RfVFlQRS4uQzMuNzIwLmRhc2hfaDI2NC1iYXNpYy1nZW4yXzcyMHAiLCJ4cHZfYXNzZXRfaWQiOjg4MzU1Nzg4NzM2MzUyMiwiYXNzZXRfYWdlX2RheXMiOjEyLCJ2aV91c2VjYXNlX2lkIjoxMDEzOSwiZHVyYXRpb25fcyI6MTQ0NiwidXJsZ2VuX3NvdXJjZSI6Ind3dyJ9&ccb=17-1&vs=d503ea3a4b7276b1&_nc_vs=HBksFQIYRWZiX2VwaGVtZXJhbC9EQzQ2OTcyNDJFMkM0MzlFQTZFOUU5QzMzRENGRkU4RF9tdF8xX3ZpZGVvX2Rhc2hpbml0Lm1wNBUAAsgBEgAVAhhAZmJfcGVybWFuZW50LzJFNEQ1OEZDMjA4NjAwNzU5RkY0NUMxNTlENTU1QTg4X2F1ZGlvX2Rhc2hpbml0Lm1wNBUCAsgBEgAoABgAGwKIB3VzZV9vaWwBMRJwcm9ncmVzc2l2ZV9yZWNpcGUBMRUAACaEp56g6-WRAxUCKAJDMywXQJabCj1wo9cYGWRhc2hfaDI2NC1iYXNpYy1nZW4yXzcyMHARAHUAZbaeAQA&_nc_gid=dRtWasdlcCEvzm-uT-o19g&_nc_ss=7b289&_nc_zt=28&oh=00_Af8VsEcgf4Qr3CAF3lU3aonYTEQ4d6EYGFvTDDvq7PL8Ow&oe=6A3850B3 | SD: https://video.fjai6-1.fna.fbcdn.net/o1/v/t2/f2/m412/AQNahb055J17wR4eDmJmXxkNc4Iwo_tuRCnt2qiSV0UG5m2Ej-MW-h4ouZ9FUl1kXI5jZB30sXGowDUnGAx9aiD9P5zG_qQdiS0tcnDSfw.mp4?_nc_cat=106&_nc_oc=Adr9poz9i1YsnYE1rBevs1hhlvm5EeSAeJKTpkkFSnhbvc9k5cho0Akiwsg07JD9vvY5J_IHwtBMYC4aB9FrmDgo&_nc_sid=ef5aa3&_nc_ht=video.fjai6-1.fna.fbcdn.net&_nc_ohc=_KaU2z4WAcwQ7kNvwEQArtn&efg=eyJ2ZW5jb2RlX3RhZyI6Inhwdl9wcm9ncmVzc2l2ZS5WSV9VU0VDQVNFX1BST0RVQ1RfVFlQRS4uQzMuMzYwLnN2ZV9zZCIsInhwdl9hc3NldF9pZCI6ODgzNTU3ODg3MzYzNTIyLCJhc3NldF9hZ2VfZGF5cyI6MTIsInZpX3VzZWNhc2VfaWQiOjEwMTM5LCJkdXJhdGlvbl9zIjoxNDQ2LCJ1cmxnZW5fc291cmNlIjoid3d3In0%3D&ccb=17-1&_nc_gid=dRtWasdlcCEvzm-uT-o19g&_nc_ss=7b289&_nc_zt=28&oh=00_Af9ZPRr3llUCj4uWcSlr5CBip1PSUYTQepWvzvsgYflPXw&oe=6A383684 | Preview: https://scontent.fjai6-1.fna.fbcdn.net/v/t39.35426-6/718699344_1334472048625391_5067696500491775486_n.jpg?_nc_cat=101&ccb=1-7&_nc_sid=c53f8f&_nc_ohc=IxlHymvqnNcQ7kNvwGUadvK&_nc_oc=AdrDxrBuh-TTdT7x-nslsvDjkPc8-sg2xe05ouD_Xps3n1QLQEJrzkB9f3PvF2-eFRjGxJGpdoq2dFfCVJgEec_w&_nc_zt=14&_nc_ht=scontent.fjai6-1.fna&_nc_gid=dRtWasdlcCEvzm-uT-o19g&_nc_ss=7b289&oh=00_Af8Ro7XMOYY871LPysIpT8XWML_0ahr6dv0KCdfHCehnAA&oe=6A385100,,,,,,,
1769519860874203,https://www.facebook.com/Prelaunchpropertybangalore/,fb.me,https://www.facebook.com/Prelaunchpropertybangalore/,,,,,+91 8071 174 234,,,,628112107051706,http://fb.me/,Pre Launch Property Bangalore,https://www.facebook.com/ads/library/?id=1769519860874203,"The Last Township at This Price.
A 45-acre mega township is opening its doors — quietly.

3 acres of golf-side luxury.
Spacious 2, 2.5 & 3 BHK homes.
Pre-launch advantage now open.

Varthur–Sarjapur Main Road.
👉 Know why this won’t come again.",181,Learn more,fb.me,"FACEBOOK; INSTAGRAM",2026-06-02,2026-06-16,,,"The Last Township at This Price.
A 45-acre mega township is opening its doors — quietly.

3 acres of golf-side luxury.
Spacious 2, 2.5 & 3 BHK homes.
Pre-launch advantage now open.

Varthur–Sarjapur Main Road.
👉 Know why this won’t come again. || The Last Township at This Price.
A 45-acre mega township is opening its doors — quietly.

3 acres of golf-side luxury.
Spacious 2, 2.5 & 3 BHK homes.
Pre-launch advantage now open.

Varthur–Sarjapur Main Road.
👉 Know why this won’t come again. || The Last Township at This Price.
A 45-acre mega township is opening its doors — quietly.

3 acres of golf-side luxury.
Spacious 2, 2.5 & 3 BHK homes.
Pre-launch advantage now open.

Varthur–Sarjapur Main Road.
👉 Know why this won’t come again.",http://fb.me/ || http://fb.me/ || http://fb.me/,,Learn More || Learn More || Learn More,Original: https://scontent.fjai6-1.fna.fbcdn.net/v/t39.35426-6/695091659_1677898226963301_88059351262530039_n.jpg?_nc_cat=100&ccb=1-7&_nc_sid=c53f8f&_nc_ohc=etA2F5d4nWIQ7kNvwGmNbYP&_nc_oc=AdqHTlyr3xCAI-BN_IfQscFrD3j6SKmsNBRXZV9X0-rLsEfHF0uw-7GIMLfHX83tsogHYMWYBSY2ucriaBMxSkQ5&_nc_zt=14&_nc_ht=scontent.fjai6-1.fna&_nc_gid=dRtWasdlcCEvzm-uT-o19g&_nc_ss=7b289&oh=00_Af816hoIiqyMaf7S6fa9IsTn_m18GUljayuTQ9qkup1xow&oe=6A385710 | Resized: https://scontent.fjai6-1.fna.fbcdn.net/v/t39.35426-6/691965999_1700114677965261_7421598929907950164_n.jpg?stp=dst-jpg_s600x600_tt6&_nc_cat=105&ccb=1-7&_nc_sid=c53f8f&_nc_ohc=BBCzoM3BbDkQ7kNvwGvWJ9P&_nc_oc=AdrwGunD6sPwMz6jioB4eP8h7nBUjRlGaC_2vR4Y8mKVU1ECahc2eW9Lrzs1Si_tV4ZHfbn4W85LwEYlKi95Eq3Q&_nc_zt=14&_nc_ht=scontent.fjai6-1.fna&_nc_gid=dRtWasdlcCEvzm-uT-o19g&_nc_ss=7b289&oh=00_Af8zm5UaKuvWmwF8YNGeJZ2eCdrO9MTHtOAHP0Vl7RZfRg&oe=6A3846C5 || Original: https://scontent.fjai6-1.fna.fbcdn.net/v/t39.35426-6/690632624_1279250993838409_6007170465718006166_n.jpg?_nc_cat=105&ccb=1-7&_nc_sid=c53f8f&_nc_ohc=LCSrNij_PQAQ7kNvwFT0cX0&_nc_oc=AdprDyOQm2DcXPMgx00Q_Ofsee3nNVxki1oQF4Bk5IrUtSq73ysokKu65sKfktkPRdwXYKx0xVyA8nT7rczKCoDe&_nc_zt=14&_nc_ht=scontent.fjai6-1.fna&_nc_gid=dRtWasdlcCEvzm-uT-o19g&_nc_ss=7b289&oh=00_Af_2XWG3lXkQKVt56mnk5-KL1j2XkRO16WL-l5zkvP8hyg&oe=6A384B4B | Resized: https://scontent.fjai6-1.fna.fbcdn.net/v/t39.35426-6/692114591_4510004992560988_7806725565020858367_n.jpg?stp=dst-jpg_s600x600_tt6&_nc_cat=103&ccb=1-7&_nc_sid=c53f8f&_nc_ohc=WRNrJBDCy7wQ7kNvwGdI802&_nc_oc=AdropJ9TZTckhCgttGIW3THlsWXv1jSeppcQJpHuhMKYuywCCysGppBStzC0-asOU6k28XM5vSTMEfmTnGyczo0B&_nc_zt=14&_nc_ht=scontent.fjai6-1.fna&_nc_gid=dRtWasdlcCEvzm-uT-o19g&_nc_ss=7b289&oh=00_Af_jUBFkLEFt7CbL4vWx-DXXIn_thstpFNMHgyUdIp-gxQ&oe=6A386508 || Original: https://scontent.fjai6-1.fna.fbcdn.net/v/t39.35426-6/696174276_1339872741353892_875189711381720699_n.jpg?_nc_cat=104&ccb=1-7&_nc_sid=c53f8f&_nc_ohc=JzVs9uZTE9IQ7kNvwEQVnO9&_nc_oc=Adr1Bl3JeTuUZrwghPEiM1uAgU2WHpMiozA_OHZPLaDTDQO_dQdDIULKnqm8fAnblZkql148-YmTpzYUk5EBKNDk&_nc_zt=14&_nc_ht=scontent.fjai6-1.fna&_nc_gid=dRtWasdlcCEvzm-uT-o19g&_nc_ss=7b289&oh=00_Af_fiKj4_zzPp2wqr-6OYs3oZvUO7ML2YKuBzb85_bdTlQ&oe=6A38363D | Resized: https://scontent.fjai6-1.fna.fbcdn.net/v/t39.35426-6/691947409_1471644133958794_5519815656450457221_n.jpg?stp=dst-jpg_s600x600_tt6&_nc_cat=107&ccb=1-7&_nc_sid=c53f8f&_nc_ohc=nTQbc627l10Q7kNvwH4sMda&_nc_oc=AdrldCvums17SQGd2MuKAud245U0sc4dEUEl-S_STyMnXBzrMOnUIlchQysCsHzUdDy96Z1xjWmCjfYhBowxdXda&_nc_zt=14&_nc_ht=scontent.fjai6-1.fna&_nc_gid=dRtWasdlcCEvzm-uT-o19g&_nc_ss=7b289&oh=00_Af9AcmArXwEcWYrrHado7JavoLTu6vq9MyUHK-H6FQoa5g&oe=6A385A41,
1536594274775514,https://www.facebook.com/TheWildApe/,instagram.com,https://www.facebook.com/TheWildApe/,http://instagram.com/thewildape,,,,,,,,111772311414251,http://instagram.com/thewildape,The Wild Ape,https://www.facebook.com/ads/library/?id=1536594274775514,"There’s something about the open road that only riders understand.
  
The cold morning start. The empty highway. The sound of the engine echoing through the hills. The unplanned chai stop. The dust on your boots. The feeling of leaving the city behind and finding yourself somewhere between the road, the wind, and the wild. 

Some people see a road. Riders see freedom, stories, brotherhood, silence, adventure, and memories waiting to happen.

The Wild Ape is building a community for those riders.  If this feels like your kind of life, you belong here.

Be part of The Wild Ape community.  Follow @thewildape",5,Visit Instagram profile,instagram.com,"FACEBOOK; INSTAGRAM",2026-06-08,2026-06-16,,,"  || There’s something about the open road that only riders understand.  The cold morning start. The empty highway. The sound of the engine echoing through the hills. The unplanned chai stop. The dust on your boots. The feeling of leaving the city behind and finding yourself somewhere between the road, the wind, and the wild.  Some people see a road. Riders see freedom, stories, brotherhood, silence, adventure, and memories waiting to happen.  The Wild Ape is building a community for those riders.  If this feels like your kind of life, you belong here.  Be part of The Wild Ape community.  Follow @thewildape || There’s something about the open road that only riders understand.  The cold morning start. The empty highway. The sound of the engine echoing through the hills. The unplanned chai stop. The dust on your boots. The feeling of leaving the city behind and finding yourself somewhere between the road, the wind, and the wild.  Some people see a road. Riders see freedom, stories, brotherhood, silence, adventure, and memories waiting to happen.  The Wild Ape is building a community for those riders.  If this feels like your kind of life, you belong here.  Be part of The Wild Ape community.  Follow @thewildape || There’s something about the open road that only riders understand.  The cold morning start. The empty highway. The sound of the engine echoing through the hills. The unplanned chai stop. The dust on your boots. The feeling of leaving the city behind and finding yourself somewhere between the road, the wind, and the wild.  Some people see a road. Riders see freedom, stories, brotherhood, silence, adventure, and memories waiting to happen.  The Wild Ape is building a community for those riders.  If this feels like your kind of life, you belong here.  Be part of The Wild Ape community.  Follow @thewildape || There’s something about the open road that only riders understand.  The cold morning start. The empty highway. The sound of the engine echoing through the hills. The unplanned chai stop. The dust on your boots. The feeling of leaving the city behind and finding yourself somewhere between the road, the wind, and the wild.  Some people see a road. Riders see freedom, stories, brotherhood, silence, adventure, and memories waiting to happen.  The Wild Ape is building a community for those riders.  If this feels like your kind of life, you belong here.  Be part of The Wild Ape community.  Follow @thewildape || There’s something about the open road that only riders understand.  The cold morning start. The empty highway. The sound of the engine echoing through the hills. The unplanned chai stop. The dust on your boots. The feeling of leaving the city behind and finding yourself somewhere between the road, the wind, and the wild.  Some people see a road. Riders see freedom, stories, brotherhood, silence, adventure, and memories waiting to happen.  The Wild Ape is building a community for those riders.  If this feels like your kind of life, you belong here.  Be part of The Wild Ape community.  Follow @thewildape || There’s something about the open road that only riders understand.  The cold morning start. The empty highway. The sound of the engine echoing through the hills. The unplanned chai stop. The dust on your boots. The feeling of leaving the city behind and finding yourself somewhere between the road, the wind, and the wild.  Some people see a road. Riders see freedom, stories, brotherhood, silence, adventure, and memories waiting to happen.  The Wild Ape is building a community for those riders.  If this feels like your kind of life, you belong here.  Be part of The Wild Ape community.  Follow @thewildape || There’s something about the open road that only riders understand.  The cold morning start. The empty highway. The sound of the engine echoing through the hills. The unplanned chai stop. The dust on your boots. The feeling of leaving the city behind and finding yourself somewhere between the road, the wind, and the wild.  Some people see a road. Riders see freedom, stories, brotherhood, silence, adventure, and memories waiting to happen.  The Wild Ape is building a community for those riders.  If this feels like your kind of life, you belong here.  Be part of The Wild Ape community.  Follow @thewildape || There’s something about the open road that only riders understand.  The cold morning start. The empty highway. The sound of the engine echoing through the hills. The unplanned chai stop. The dust on your boots. The feeling of leaving the city behind and finding yourself somewhere between the road, the wind, and the wild.  Some people see a road. Riders see freedom, stories, brotherhood, silence, adventure, and memories waiting to happen.  The Wild Ape is building a community for those riders.  If this feels like your kind of life, you belong here.  Be part of The Wild Ape community.  Follow @thewildape || There’s something about the open road that only riders understand.  The cold morning start. The empty highway. The sound of the engine echoing through the hills. The unplanned chai stop. The dust on your boots. The feeling of leaving the city behind and finding yourself somewhere between the road, the wind, and the wild.  Some people see a road. Riders see freedom, stories, brotherhood, silence, adventure, and memories waiting to happen.  The Wild Ape is building a community for those riders.  If this feels like your kind of life, you belong here.  Be part of The Wild Ape community.  Follow @thewildape",http://instagram.com/thewildape || http://instagram.com/thewildape || http://instagram.com/thewildape || http://instagram.com/thewildape || http://instagram.com/thewildape || http://instagram.com/thewildape || http://instagram.com/thewildape || http://instagram.com/thewildape || http://instagram.com/thewildape || http://instagram.com/thewildape,instagram.com || instagram.com || instagram.com || instagram.com || instagram.com || instagram.com || instagram.com || instagram.com || instagram.com || instagram.com,Visit Instagram Profile || Visit Instagram Profile || Visit Instagram Profile || Visit Instagram Profile || Visit Instagram Profile || Visit Instagram Profile || Visit Instagram Profile || Visit Instagram Profile || Visit Instagram Profile || Visit Instagram Profile,Original: https://scontent.fjai6-1.fna.fbcdn.net/v/t39.35426-6/717994267_1454724486421763_6985328521008229232_n.jpg?_nc_cat=109&ccb=1-7&_nc_sid=c53f8f&_nc_ohc=6T0kcWnW7EUQ7kNvwFcXACw&_nc_oc=Adr8W7vwmWtwnlNiTSsq6vbC4RkE0O2eRtvSbb4ACD7b7fWHc43RWPVCm_4SgaQPGRqCS5HxMEnwvMRwuUgJhaXB&_nc_zt=14&_nc_ht=scontent.fjai6-1.fna&_nc_gid=wHq6CWrYcMNG_oISlnbCOA&_nc_ss=7b289&oh=00_Af_VvOO_oJ7o4EdBjcYdAZtKjnbEJbF8PeaIdohKNqbNSQ&oe=6A38474F | Resized: https://scontent.fjai6-1.fna.fbcdn.net/v/t39.35426-6/718043749_2867549503595488_1747695121182084850_n.jpg?stp=dst-jpg_s600x600_tt6&_nc_cat=101&ccb=1-7&_nc_sid=c53f8f&_nc_ohc=1uqKKKgkIZoQ7kNvwHaNqh9&_nc_oc=AdomKrPu2C11m51DqQvsaCOABHfnV72HB9VT_taPSEuq_yoK3W48POq4UIyLnByL4pFmm9ABs-SDTMSGUDF14LK_&_nc_zt=14&_nc_ht=scontent.fjai6-1.fna&_nc_gid=wHq6CWrYcMNG_oISlnbCOA&_nc_ss=7b289&oh=00_Af_9JdEVyI6LdlFa8zIHV7UQ17QhLQZLU81Xz_cNhS7RYw&oe=6A3852D7 || Original: https://scontent.fjai6-1.fna.fbcdn.net/v/t39.35426-6/711465805_1662026635033145_7920361227440454566_n.jpg?_nc_cat=108&ccb=1-7&_nc_sid=c53f8f&_nc_ohc=vvgSySBeCwUQ7kNvwFNw-FR&_nc_oc=Adq30bUwYp6P1JoGxZGuzh5M2Wx3RTNdEzN5mbYg5M5RJN5l_nQaPXF3Ap0E2upQ2cj4GM2ixCTIhnSWpqhv4Zac&_nc_zt=14&_nc_ht=scontent.fjai6-1.fna&_nc_gid=wHq6CWrYcMNG_oISlnbCOA&_nc_ss=7b289&oh=00_Af_Yy75YKszPQB9J7vxUhANt6hiN2CDB2_HCK-k1lddlow&oe=6A383A0D | Resized: https://scontent.fjai6-1.fna.fbcdn.net/v/t39.35426-6/720796494_1517869276541892_1624030205771620664_n.jpg?stp=dst-jpg_s600x600_tt6&_nc_cat=102&ccb=1-7&_nc_sid=c53f8f&_nc_ohc=8wRXR6O9I6MQ7kNvwHfL3V6&_nc_oc=Adq8ZkMhCJJuSC9-0EILcy107zogzSYWJsc8_SWnG_ZNcj7rj7KRQz1CSdbFItv1YxcJblQh9JRUiA3JT_KUUG--&_nc_zt=14&_nc_ht=scontent.fjai6-1.fna&_nc_gid=wHq6CWrYcMNG_oISlnbCOA&_nc_ss=7b289&oh=00_Af_FVwwIGMWiPATxq0RDCXM-QsMVMqspQJVVLhzMF2B4DA&oe=6A384DE6 || Original: https://scontent.fjai6-1.fna.fbcdn.net/v/t39.35426-6/718160871_2024907988117118_3450742032411346126_n.jpg?_nc_cat=105&ccb=1-7&_nc_sid=c53f8f&_nc_ohc=820W6_GqJIcQ7kNvwFdCzj1&_nc_oc=Ado1hRp4MVPmkSsfqBWc6YjYq6mgBiKTrPh83TnEMZ6cVDiTm-chXT3194ZFPGI2zxRWT_BqiiX5xy-ifCa3mxjl&_nc_zt=14&_nc_ht=scontent.fjai6-1.fna&_nc_gid=wHq6CWrYcMNG_oISlnbCOA&_nc_ss=7b289&oh=00_Af9iLyejsAaeU7s7XLW1I72EPURor-i0zluZV1bSPgoPhQ&oe=6A384B3B | Resized: https://scontent.fjai6-1.fna.fbcdn.net/v/t39.35426-6/721349032_818048094720788_8748495725311808070_n.jpg?stp=dst-jpg_s600x600_tt6&_nc_cat=105&ccb=1-7&_nc_sid=c53f8f&_nc_ohc=vVF37WqC1LEQ7kNvwHdKu-2&_nc_oc=AdqO6w1-sSpFid8leWHcZO8zdIQ6nnvbwX42F6y-uVU6yib4ktx5-hwSpDJQknNlW50jitCPCpnFxH3J8N_Oe3l-&_nc_zt=14&_nc_ht=scontent.fjai6-1.fna&_nc_gid=wHq6CWrYcMNG_oISlnbCOA&_nc_ss=7b289&oh=00_Af-SZI2yH-BWKvTitwPPBzk-tu3wjmtiOnmDSk66dpDRng&oe=6A3848F4 || Original: https://scontent.fjai6-1.fna.fbcdn.net/v/t39.35426-6/717860985_1314282436860673_2939744246135650473_n.jpg?_nc_cat=111&ccb=1-7&_nc_sid=c53f8f&_nc_ohc=BdG14N7OsNYQ7kNvwGg1uKo&_nc_oc=AdqtA36KZ2DEpy4Qb33Bp3qaZZtt5m3zYfwc7rekRMWKYue1hmO4M4E9G7RhdmeuCEjVy80Cj8Nzgo57nDOMbzX9&_nc_zt=14&_nc_ht=scontent.fjai6-1.fna&_nc_gid=wHq6CWrYcMNG_oISlnbCOA&_nc_ss=7b289&oh=00_Af8y4RUN3r1Ox7i9ytq66AFsL-P80w06U8wYi9PtOJp4SQ&oe=6A38349C | Resized: https://scontent.fjai6-1.fna.fbcdn.net/v/t39.35426-6/718588445_2239162830172741_5083320902145491030_n.jpg?stp=dst-jpg_s600x600_tt6&_nc_cat=104&ccb=1-7&_nc_sid=c53f8f&_nc_ohc=mFbHKXhAThcQ7kNvwGAuYbe&_nc_oc=AdodNErYUBNsHHcWjLQzegdq9XDyu_Wru3Ri4XJr2kKG6u6iYaCOVQeGygP1ZyS9RFFiQlfYyXeS3MVhNEFTMp5X&_nc_zt=14&_nc_ht=scontent.fjai6-1.fna&_nc_gid=wHq6CWrYcMNG_oISlnbCOA&_nc_ss=7b289&oh=00_Af8LIK0WZcEMjZfpw48WaC_kTJ20bQxptWpsi7qxR5Bnuw&oe=6A38646D || Original: https://scontent.fjai6-1.fna.fbcdn.net/v/t39.35426-6/720086372_1017262320824869_6115871750381573774_n.jpg?_nc_cat=105&ccb=1-7&_nc_sid=c53f8f&_nc_ohc=UdVLfwUzQOgQ7kNvwGWYlmX&_nc_oc=AdpcD41RrQkjGx_YDidp_Kme1QhUcNliD0RzmFB84t7gFKKj5wLjhMgm-a9z0WilILI6rxmHOgxt1aVOXNQ0Oe65&_nc_zt=14&_nc_ht=scontent.fjai6-1.fna&_nc_gid=wHq6CWrYcMNG_oISlnbCOA&_nc_ss=7b289&oh=00_Af8H5LQv_RUDxTGh-JpYStLCtmE2-NBRfz3a90xp5YIWOw&oe=6A384F2B | Resized: https://scontent.fjai6-1.fna.fbcdn.net/v/t39.35426-6/718119010_1569146914580070_1105566879164251185_n.jpg?stp=dst-jpg_s600x600_tt6&_nc_cat=109&ccb=1-7&_nc_sid=c53f8f&_nc_ohc=UpTwZDW-IQEQ7kNvwE92Rgp&_nc_oc=AdoEXmKm9I9oqr_WeNwFaQ5RZXMW1pDQ8HXNTkQgSldwa7rwVYnERg_FAbOF3ITkzi3dhDwluA--9YyGkGN07vY3&_nc_zt=14&_nc_ht=scontent.fjai6-1.fna&_nc_gid=wHq6CWrYcMNG_oISlnbCOA&_nc_ss=7b289&oh=00_Af_bns0rjB_0vyo-7SRku40DF1LYkXwPIsf9SuAIlH7XyQ&oe=6A3849AF || Original: https://scontent.fjai6-1.fna.fbcdn.net/v/t39.35426-6/712086642_1810311293262018_390335560296062605_n.jpg?_nc_cat=109&ccb=1-7&_nc_sid=c53f8f&_nc_ohc=fkZxJGQY_r8Q7kNvwHOuY3k&_nc_oc=AdrWQpcvYOysIGKSujOOtxsPqQptc1hlW-ZeLLEodq8zXPrXW4r-Bnpry3_YyY3hmfb3nlG9bGvG2G6Zo7gZRVqN&_nc_zt=14&_nc_ht=scontent.fjai6-1.fna&_nc_gid=wHq6CWrYcMNG_oISlnbCOA&_nc_ss=7b289&oh=00_Af-V00ppDOYFgi915cgHvMEYZ18oIemoh4vqoFNFY-9gpQ&oe=6A382ED0 | Resized: https://scontent.fjai6-1.fna.fbcdn.net/v/t39.35426-6/718554093_1691320299063164_8840272256948590898_n.jpg?stp=dst-jpg_s600x600_tt6&_nc_cat=106&ccb=1-7&_nc_sid=c53f8f&_nc_ohc=ltZ1cOf3rSYQ7kNvwHp-02G&_nc_oc=AdosWPlK64RSgb3v3oij7yKGr14Gs7BjvV0I7cNR4zu0sx644LRx9ORbNKTUuoR08Tecp5Fu-k1DtLrGk9w5cPfC&_nc_zt=14&_nc_ht=scontent.fjai6-1.fna&_nc_gid=wHq6CWrYcMNG_oISlnbCOA&_nc_ss=7b289&oh=00_Af97roaW12suGyvfmqrPGml5E6I55VVqcr6KX618bTUuRg&oe=6A385A2D || Original: https://scontent.fjai6-1.fna.fbcdn.net/v/t39.35426-6/718139113_1359433249420704_4443884200891815014_n.jpg?_nc_cat=101&ccb=1-7&_nc_sid=c53f8f&_nc_ohc=UUw9KHz2uyIQ7kNvwFeemG-&_nc_oc=AdrZkpqxX0CIAtFXI9JAOQt9ZXCop-pZBZCFazBq5amN4NRIDe1THWp2y7GVsvl_nFuoW1tvpofhtVAO2AutYWze&_nc_zt=14&_nc_ht=scontent.fjai6-1.fna&_nc_gid=wHq6CWrYcMNG_oISlnbCOA&_nc_ss=7b289&oh=00_Af8mFdS7QAgAUhN-3fcpITTsOLhC4vfWPW077YFNzZ-JQQ&oe=6A38382C | Resized: https://scontent.fjai6-1.fna.fbcdn.net/v/t39.35426-6/719609290_1512506667233049_3557805182109030309_n.jpg?stp=dst-jpg_s600x600_tt6&_nc_cat=102&ccb=1-7&_nc_sid=c53f8f&_nc_ohc=fps3oo0p7JIQ7kNvwFM7690&_nc_oc=AdqIPHBJVztZP0n15S733YqLkuwLn7E0EYoAhnjcXXgu3Q4d7p9cDOxy0dOSmjMYsczg3hZ8uzxQJuD0sRv27Uoo&_nc_zt=14&_nc_ht=scontent.fjai6-1.fna&_nc_gid=wHq6CWrYcMNG_oISlnbCOA&_nc_ss=7b289&oh=00_Af-LDVbC9OklJHlonpaJGlWQQSB0ngrsbn9LVszIyt_3aw&oe=6A384A1C || Original: https://scontent.fjai6-1.fna.fbcdn.net/v/t39.35426-6/715304247_1515993929900500_1826609923070138561_n.jpg?_nc_cat=103&ccb=1-7&_nc_sid=c53f8f&_nc_ohc=Uw3rCjFdRHUQ7kNvwF_nTfY&_nc_oc=AdoTCxe-8ea_CPeSHsAbVYgBWB_LUa0ni4Bxn3phja5dVBDzhlJ8g9RjaNgM5skZACTHRI_1qJLV2UAkNmNJuMN_&_nc_zt=14&_nc_ht=scontent.fjai6-1.fna&_nc_gid=wHq6CWrYcMNG_oISlnbCOA&_nc_ss=7b289&oh=00_Af8K6lqS3bV2wSAyiLgfp3oeWM_c3gA7_hRTMG-p_Lcegw&oe=6A382E4B | Resized: https://scontent.fjai6-1.fna.fbcdn.net/v/t39.35426-6/718206577_3446381532204452_8038755013953293151_n.jpg?stp=dst-jpg_s600x600_tt6&_nc_cat=105&ccb=1-7&_nc_sid=c53f8f&_nc_ohc=ahJSMfZeSxAQ7kNvwH5f2OS&_nc_oc=AdqrLA3kL6bRy3Ha9RoZLZAvFTA5_fIs3WacXMkN8NhI-iWHOynT9SAWOYWx8OUrSjJmGDx5Uy052aLqKB1OUf3N&_nc_zt=14&_nc_ht=scontent.fjai6-1.fna&_nc_gid=wHq6CWrYcMNG_oISlnbCOA&_nc_ss=7b289&oh=00_Af9dDe08rvyQ6XXxceNGCSZXA3TjVJ81_bv-ikAZ4tjr2Q&oe=6A383F5C || Original: https://scontent.fjai6-1.fna.fbcdn.net/v/t39.35426-6/712099259_1484393939470618_3540757056203142813_n.jpg?_nc_cat=110&ccb=1-7&_nc_sid=c53f8f&_nc_ohc=AH_26XHu-BEQ7kNvwHbRP2Y&_nc_oc=Ado2kL54AenmHzIKwbML6zLvlkl5d-DQwhBrnRUNPXNi4YSDJa5Kvm_QvNTE225poZvPx1TZZ-nUKWLC8k-jH3T9&_nc_zt=14&_nc_ht=scontent.fjai6-1.fna&_nc_gid=wHq6CWrYcMNG_oISlnbCOA&_nc_ss=7b289&oh=00_Af_P51cvEKgXkr5N8egSaFDdceeuNIIvrBHv5EGgENLTzQ&oe=6A3855E5 | Resized: https://scontent.fjai6-1.fna.fbcdn.net/v/t39.35426-6/717440385_1233313428770952_4214436690024448964_n.jpg?stp=dst-jpg_s600x600_tt6&_nc_cat=104&ccb=1-7&_nc_sid=c53f8f&_nc_ohc=b_ozwRMWHLIQ7kNvwEJZwSB&_nc_oc=AdrniNlAVY08rMVcTCUxtQYu-VXMymclwcnJgJV8_bikN4DbS2SiKWoqdsbc4DiLZzkL1VaCHcvxGyQbtK0M7lwx&_nc_zt=14&_nc_ht=scontent.fjai6-1.fna&_nc_gid=wHq6CWrYcMNG_oISlnbCOA&_nc_ss=7b289&oh=00_Af__tHqfyz1ZZarNKhbqtie2tY_FAm1z0CkYoNznSJIiZg&oe=6A386007 || Original: https://scontent.fjai6-1.fna.fbcdn.net/v/t39.35426-6/717129269_1498642508671767_8982941429320349118_n.jpg?_nc_cat=102&ccb=1-7&_nc_sid=c53f8f&_nc_ohc=nSAucQZWGhUQ7kNvwFZlNsO&_nc_oc=AdoWAF5FBsTOQr4ZM0b57RQ4pUnwmms27V8_zzocYwCZ5blwqiwPQiNnyIrEWCCJI5UB_E3kRitTF5TqhNB49UkM&_nc_zt=14&_nc_ht=scontent.fjai6-1.fna&_nc_gid=wHq6CWrYcMNG_oISlnbCOA&_nc_ss=7b289&oh=00_Af-oZV0MjFMVdU9pPkZGppGR21fJyiEb45_dXoZTMHsr_A&oe=6A385193 | Resized: https://scontent.fjai6-1.fna.fbcdn.net/v/t39.35426-6/715412518_1312216391125957_6523571917344229306_n.jpg?stp=dst-jpg_s600x600_tt6&_nc_cat=106&ccb=1-7&_nc_sid=c53f8f&_nc_ohc=uM875uXEJRUQ7kNvwGuoSoR&_nc_oc=Adr2gGFgVIq0YclSe7wUDfJ7pSedw80gtQJWTBhl0aMYFJhjGOaARLEInr5Z6MKm3Q1YTmMrl6DFjhXx8vV_HztK&_nc_zt=14&_nc_ht=scontent.fjai6-1.fna&_nc_gid=wHq6CWrYcMNG_oISlnbCOA&_nc_ss=7b289&oh=00_Af8bddkYussxS8jxnx9uyne5gM6LEIWxdzH6ZXkHLeT_Wg&oe=6A3835DA,
1736303374006900,https://www.facebook.com/VGNProjectsEstates/,fb.me,https://www.facebook.com/VGNProjectsEstates/,,,,enquiry@vgn.in,,,,,142137848309,http://fb.me/,VGN Projects Estates,https://www.facebook.com/ads/library/?id=1736303374006900,"Pre-launching 🚀

VGN Wincrest Towers – Signature Luxury Homes in Guindy!

Book an Apartment and get 10 GMS Gold Coin absolutely FREE!
Offer valid for the next 50 Bookings only

We’re thrilled to offer VGN Wincrest Towers 2 and 3BHK Homes at a special Pre-launch price of ₹11,999/- per sq.ft. for 2 BHK and Rs 14,999/- per sq.ft for 3 BHK. Apartments ranging from 1,029 sq.ft to 1,354 sq.ft. VGN Wincrest Towers is conveniently located in the heart of Guindy, opposite the Hilton Hotel and just 500m from Ekkattuthangal Metro Station.

Enjoy easy access to the airport, malls, schools, hospitals, IT offices, and more. A 40,000 sq.ft centrally air-conditioned clubhouse across 7 floors with a rooftop swimming pool, barbecue deck, badminton courts, banquet halls, and more...

Project Highlights:

✅ Centrally Air-Conditioned Clubhouse
✅ Exclusive Multi-level Car Parking Block
✅ Home Automation
✅ Rooftop Swimming Pool
✅ Indoor Forest Lounge
✅ Lobby Access Control
✅ Digital Video Doorbell
✅ Barbecue Deck & More

Don’t miss this exclusive pre-launch offer to book VGN Wincrest Towers at  ₹11,999/- per sq.ft. 

#LuxuryApartments #VGN #Chennai #Guindy #LuxuryHomes #Pre-launching #WincrestTowers",302031,Get quote,fb.me,"FACEBOOK; INSTAGRAM; AUDIENCE_NETWORK",2026-06-03,2026-06-17,,,  ||   ||   ||   ||   ||   ||  ,http://fb.me/ || http://fb.me/ || http://fb.me/ || http://fb.me/ || http://fb.me/ || http://fb.me/ || http://fb.me/,fb.me || fb.me || fb.me || fb.me || fb.me || fb.me || fb.me,Get Quote || Get Quote || Get Quote || Get Quote || Get Quote || Get Quote || Get Quote,Original: https://scontent.fjai6-1.fna.fbcdn.net/v/t39.35426-6/713923904_26978763685120065_8604138468518222252_n.jpg?_nc_cat=109&ccb=1-7&_nc_sid=c53f8f&_nc_ohc=MWl65aUeOZUQ7kNvwF8a-XV&_nc_oc=AdonVye-dftMOFJej-IR8WWVmdXRMITUVksyXZnL5v8-YBDnsGuPuGFQzb1XN7Z902V9Az038YL2EctzjWCthwZ5&_nc_zt=14&_nc_ht=scontent.fjai6-1.fna&_nc_gid=nkdKpHStU1OxSaebifyEow&_nc_ss=7b289&oh=00_Af_Ne8nLIaxVQw8CPx6RuP-J7m0Gk_h5TDZxoKtpNz1uKQ&oe=6A385ADB | Resized: https://scontent.fjai6-1.fna.fbcdn.net/v/t39.35426-6/713624489_972536032206129_5670318082890116223_n.jpg?stp=dst-jpg_s600x600_tt6&_nc_cat=108&ccb=1-7&_nc_sid=c53f8f&_nc_ohc=I9BnsSzmjwUQ7kNvwE7xs1c&_nc_oc=Adomnjv5j069Nshh8g2Dxl1l0P7C9p8cgYNTCFLts0i4f2a9S8Vw55D54EQlqFdYqbxXsLRME04RwHrvmPZdA6Az&_nc_zt=14&_nc_ht=scontent.fjai6-1.fna&_nc_gid=nkdKpHStU1OxSaebifyEow&_nc_ss=7b289&oh=00_Af-sd4XNP_sF3cZJldoVwYZRiAHrnumniVPIswDwYo1FbA&oe=6A3850D6 || Original: https://scontent.fjai6-1.fna.fbcdn.net/v/t39.35426-6/713204878_991454713853787_2296476577044443948_n.jpg?_nc_cat=105&ccb=1-7&_nc_sid=c53f8f&_nc_ohc=4xqeTkSAZdwQ7kNvwFs91Yt&_nc_oc=AdpLTwXjS7IUGiwFMAPLqsrU5QFd6uiLzX_ZjmeB-7vZroPkrmqV05gqEgkpnPJK5LnUrvSEmE9U4G7Avx3v_WPn&_nc_zt=14&_nc_ht=scontent.fjai6-1.fna&_nc_gid=nkdKpHStU1OxSaebifyEow&_nc_ss=7b289&oh=00_Af-uIi5r18W2X76DYYZ-LEeN21p25yISLaGfTD05aJuZ2Q&oe=6A385A95 | Resized: https://scontent.fjai6-1.fna.fbcdn.net/v/t39.35426-6/712704444_827987496780398_3313853537444958775_n.jpg?stp=dst-jpg_s600x600_tt6&_nc_cat=106&ccb=1-7&_nc_sid=c53f8f&_nc_ohc=_jbhqHT9OKoQ7kNvwHoWC5N&_nc_oc=AdrGTG0xBbuU-W7p5wtZVuqhy62tAYzektdtAEhGIjc1YVh_pjGO-O7BrFTYLcN7V10XveFRX_oeW3kAABV2HaLC&_nc_zt=14&_nc_ht=scontent.fjai6-1.fna&_nc_gid=nkdKpHStU1OxSaebifyEow&_nc_ss=7b289&oh=00_Af9fY-etLvEieSTuJVURixFOJsMDcQzDHg_6o_9z0rs5Dw&oe=6A383AF3 || Original: https://scontent.fjai6-1.fna.fbcdn.net/v/t39.35426-6/714144267_922132590842274_6270159879608048301_n.jpg?_nc_cat=103&ccb=1-7&_nc_sid=c53f8f&_nc_ohc=NOQFoKkltJYQ7kNvwHP05IV&_nc_oc=Adp80wV80ijODJZQ2GLT6elU0SChKA0s03sW-5s7S-dukbkcDZi8CR86y7qdfIDdmk4h041z8AzJqkhbF1nICMby&_nc_zt=14&_nc_ht=scontent.fjai6-1.fna&_nc_gid=nkdKpHStU1OxSaebifyEow&_nc_ss=7b289&oh=00_Af-wD7FldL6Uc-88MjNsspG5Jr53wYwi2uYbniSHlkNa-Q&oe=6A3839AD | Resized: https://scontent.fjai6-1.fna.fbcdn.net/v/t39.35426-6/714184472_2503412353442758_8353857784877263180_n.jpg?stp=dst-jpg_s600x600_tt6&_nc_cat=102&ccb=1-7&_nc_sid=c53f8f&_nc_ohc=Xj29hmnZiZgQ7kNvwGGfRw3&_nc_oc=Adrtz0XvH2AejnZ1LrrGd5f1EpM2uPYky1XVC-RimQUTzPqYK2cYmfiCDKNizTjG0EE88tBPXtXodc9N0SyId8N4&_nc_zt=14&_nc_ht=scontent.fjai6-1.fna&_nc_gid=nkdKpHStU1OxSaebifyEow&_nc_ss=7b289&oh=00_Af-_swshotITlHNGnvUcLRnhXOx5Y5bcwfCevy-XFD1UWA&oe=6A385672 || Original: https://scontent.fjai6-1.fna.fbcdn.net/v/t39.35426-6/713543978_1546610380415363_8057929141530838127_n.jpg?_nc_cat=110&ccb=1-7&_nc_sid=c53f8f&_nc_ohc=LBwGZUjTMbYQ7kNvwGrbSuh&_nc_oc=AdpB_XN05_Aohp8tuOKFL9kp6Ux8eCwFE-RgKXvG6v3JL7s-5gzh2abokp3JhXgIoib_W80o-0n6TWAHF3pt6R2t&_nc_zt=14&_nc_ht=scontent.fjai6-1.fna&_nc_gid=nkdKpHStU1OxSaebifyEow&_nc_ss=7b289&oh=00_Af8CQoUk4Mx5z6H1-MCCKb1E1o8-vq6tgqT_NVsPgJKGCA&oe=6A38546C | Resized: https://scontent.fjai6-1.fna.fbcdn.net/v/t39.35426-6/712723733_2538190643246007_2982271120737895143_n.jpg?stp=dst-jpg_s600x600_tt6&_nc_cat=106&ccb=1-7&_nc_sid=c53f8f&_nc_ohc=ts30OGmpfScQ7kNvwGX6RX7&_nc_oc=AdqsBz7e1vysT6l69ZKIdh2KIXT3GICIeE5v4kunFvDPsuPrWB05YrHhYmZO43zmeJCEqaY985K_hLzrlfIUkysn&_nc_zt=14&_nc_ht=scontent.fjai6-1.fna&_nc_gid=nkdKpHStU1OxSaebifyEow&_nc_ss=7b289&oh=00_Af_1dUVbLOPC-Cu1nOIAZ5gwdS4CdE0ZH27MpDL_G1Hryg&oe=6A384CE5 || Original: https://scontent.fjai6-1.fna.fbcdn.net/v/t39.35426-6/712153090_1775189093894321_3290131797697179777_n.jpg?_nc_cat=110&ccb=1-7&_nc_sid=c53f8f&_nc_ohc=yTwUlOAXRrUQ7kNvwEuIN0o&_nc_oc=AdoLKIilrKuzlUnpD657KxMClEvOpAHswU3c42baq61CocD8qvLkf7D-N5U8vhYWnwBJj4nMdlzosdj9EVliWEnJ&_nc_zt=14&_nc_ht=scontent.fjai6-1.fna&_nc_gid=nkdKpHStU1OxSaebifyEow&_nc_ss=7b289&oh=00_Af_wRwEHawwngWHxqgJPJLBPNWc94C_OsnAyVyadDaZB7g&oe=6A38520A | Resized: https://scontent.fjai6-1.fna.fbcdn.net/v/t39.35426-6/714805005_1644683830162026_8215557875735219229_n.jpg?stp=dst-jpg_s600x600_tt6&_nc_cat=109&ccb=1-7&_nc_sid=c53f8f&_nc_ohc=swuNQtWKJzgQ7kNvwEQcXbz&_nc_oc=AdqUf7bR0uZb4TdqIB44o3lT6_l2bVj2NO8QWSxWWV6mc6HjeW3glT3Vhkpz9YZSp9ik1yXeWHXeOpMBXXCyZklg&_nc_zt=14&_nc_ht=scontent.fjai6-1.fna&_nc_gid=nkdKpHStU1OxSaebifyEow&_nc_ss=7b289&oh=00_Af8KvPTnR60XLSC-vsXUVhg6KRyg1q2eeO7TTbd7_SzBvA&oe=6A3854B3 || Original: https://scontent.fjai6-1.fna.fbcdn.net/v/t39.35426-6/713784734_1331186372445497_6707848645999643737_n.jpg?_nc_cat=109&ccb=1-7&_nc_sid=c53f8f&_nc_ohc=5JEiXn9z2f4Q7kNvwFd4sDk&_nc_oc=Adq6MDriTJ4azujtvdz8vVZzU44QRlmYqPnHTchP35gIMGRvnwrbj8oyziame0XxyNLa46YYjV0DL8WGAMbv7Qst&_nc_zt=14&_nc_ht=scontent.fjai6-1.fna&_nc_gid=nkdKpHStU1OxSaebifyEow&_nc_ss=7b289&oh=00_Af8R-iOEjfxnQLKlDng8ibauIbu-RpJGJrDxhvizFTtsHw&oe=6A3863BB | Resized: https://scontent.fjai6-1.fna.fbcdn.net/v/t39.35426-6/712503926_983597011205299_3089664971954642277_n.jpg?stp=dst-jpg_s600x600_tt6&_nc_cat=104&ccb=1-7&_nc_sid=c53f8f&_nc_ohc=twEC2NLUFoUQ7kNvwFGFa6X&_nc_oc=AdpVip2RcwaLW7d94dGl9cdXaLwAc9pYC93-sMQ-TdUwKhcjGlWd5gzLalHRthlI9LpPCY_j-Ts_ZEZubAl7PUsL&_nc_zt=14&_nc_ht=scontent.fjai6-1.fna&_nc_gid=nkdKpHStU1OxSaebifyEow&_nc_ss=7b289&oh=00_Af-zDBU-bfFd2vYZgDaHbYRFDtcDn8K-pelNFfQqtyyjcw&oe=6A384608 || Original: https://scontent.fjai6-1.fna.fbcdn.net/v/t39.35426-6/713929167_1323181669938430_2385971637597252720_n.jpg?_nc_cat=101&ccb=1-7&_nc_sid=c53f8f&_nc_ohc=mIc_CatlF8QQ7kNvwEV4H-y&_nc_oc=AdoJFG_wfS249iYrkvhdlVH_ZiyUwvO0U6qWWCcp6fIOCJUrYah9veC6m8sICkj6DI5hpY_8eYfnS5JAFlZpHq-V&_nc_zt=14&_nc_ht=scontent.fjai6-1.fna&_nc_gid=nkdKpHStU1OxSaebifyEow&_nc_ss=7b289&oh=00_Af_8SlAgqcQ3qRjxLYnCXhKirfuyRcioy2FmXsyVJo6EMg&oe=6A383CEA | Resized: https://scontent.fjai6-1.fna.fbcdn.net/v/t39.35426-6/713083816_909547605475951_6814018892520540886_n.jpg?stp=dst-jpg_s600x600_tt6&_nc_cat=100&ccb=1-7&_nc_sid=c53f8f&_nc_ohc=NR-yY2qhxgAQ7kNvwGy-AOq&_nc_oc=AdoynPBEMs1ho0AcCzUxJg-cyD4Kj0tTNvmKkwI5_Sm6foRi9P1w7fZNo2ZvAKzWYdtgpbt9hQM0CukJpf9ptNlC&_nc_zt=14&_nc_ht=scontent.fjai6-1.fna&_nc_gid=nkdKpHStU1OxSaebifyEow&_nc_ss=7b289&oh=00_Af8lkpCOIBZ2masOWhT09M79a7mlpU9ZCGSf4WVl6q2ARQ&oe=6A3863EF,
1383170466905896,https://www.facebook.com/aarambhrealtycsn/,fb.me,https://www.facebook.com/aarambhrealtycsn/,,,,aarambhrealtyprojects@gmail.com,+91 98810 49881,,,,373268855871179,http://fb.me/,Aarambh Realty - Premium Plots,https://www.facebook.com/ads/library/?id=1383170466905896,"📍 बीड बायपास, गांधेली – तुमच्या भविष्याची स्मार्ट इन्व्हेस्टमेंट!

Aarambh Enclave सादर करत आहे
✨ प्रीमियम NA प्लॉट्स विथ 15+ मॉडर्न अॅमेनिटीज

💰 प्री-लॉन्च प्राइस – फक्त ₹24 लाखांपासून
🎉 अक्षय तृतीया स्पेशल – ₹5 लाखांपर्यंत फायदा

✔ Grand Entrance & Secure Gated Community
✔ Walking Track, Play Area, Open Spaces
✔ City Connectivity + Rapid Development Zone

👉 आज घेतलेली स्मार्ट इन्व्हेस्टमेंट उद्या देईल मोठा रिटर्न!",101,Get quote,fb.me,"FACEBOOK; INSTAGRAM; AUDIENCE_NETWORK",2026-04-18,2026-06-17,,,"📍 बीड बायपास, गांधेली – तुमच्या भविष्याची स्मार्ट इन्व्हेस्टमेंट!

Aarambh Enclave सादर करत आहे
✨ प्रीमियम NA प्लॉट्स विथ 15+ मॉडर्न अॅमेनिटीज

💰 प्री-लॉन्च प्राइस – फक्त ₹24 लाखांपासून
🎉 अक्षय तृतीया स्पेशल – ₹5 लाखांपर्यंत फायदा

✔ Grand Entrance & Secure Gated Community
✔ Walking Track, Play Area, Open Spaces
✔ City Connectivity + Rapid Development Zone

👉 आज घेतलेली स्मार्ट इन्व्हेस्टमेंट उद्या देईल मोठा रिटर्न! || 📍 बीड बायपास, गांधेली – तुमच्या ड्रीम होमची परफेक्ट लोकेशन!

Aarambh Enclave घेऊन आलंय
✨ प्रीमियम NA प्लॉट्स विथ 15+ अॅमेनिटीज

💰 स्पेशल प्री-लॉन्च ऑफर – ₹24 लाखांपासून
🎉 अक्षय तृतीया ऑफर – ₹5 लाखांपर्यंत बचत

✔ Grand Entrance & Gated Layout
✔ Garden, Jogging Track, Sports Zone
✔ Future Growth + High Returns

👉 आज घेतलेला निर्णय उद्याचा मोठा फायदा देऊ शकतो!",http://fb.me/ || http://fb.me/,,Get Quote || Learn More,Original: https://scontent.fjai6-1.fna.fbcdn.net/v/t39.35426-6/672682070_1478724483773973_5106039963033471066_n.jpg?_nc_cat=100&ccb=1-7&_nc_sid=c53f8f&_nc_ohc=_50Al5gt8jgQ7kNvwHD3SNB&_nc_oc=AdotC_TDYm12MehCXOo9e9mMWenAWnoesYtwu1n5rl-8KyaJooNd3OigmDlCOMq4yo_ocsCpyTBgYcxf5GUIBW5o&_nc_zt=14&_nc_ht=scontent.fjai6-1.fna&_nc_gid=BK7zJml8PZYUiqjxfIhfag&_nc_ss=7b289&oh=00_Af-z8PaENUWmH1vYzNIbZPF7VYrvZ7q9Nc6A5k47PU7lWw&oe=6A3833F4 | Resized: https://scontent.fjai6-1.fna.fbcdn.net/v/t39.35426-6/674083336_841616402313799_8257050629823074502_n.jpg?stp=dst-jpg_s600x600_tt6&_nc_cat=106&ccb=1-7&_nc_sid=c53f8f&_nc_ohc=iyYM-L_YN5gQ7kNvwErLJ5V&_nc_oc=AdqP8RFqcmWFCj2ief7f2DNTijiC70x4aWVXsSS-uV6XGHqaljswi7ubFUqEZlQJR_lgO6AHxn_OnwIH7bm6Cptx&_nc_zt=14&_nc_ht=scontent.fjai6-1.fna&_nc_gid=BK7zJml8PZYUiqjxfIhfag&_nc_ss=7b289&oh=00_Af_gtFuWkUb7B5tj-Ubq_3G8BHaxaxBmyx2AtxtGyP0ZlA&oe=6A384ECD || Original: https://scontent.fjai6-1.fna.fbcdn.net/v/t39.35426-6/672682070_1478724483773973_5106039963033471066_n.jpg?_nc_cat=100&ccb=1-7&_nc_sid=c53f8f&_nc_ohc=_50Al5gt8jgQ7kNvwHD3SNB&_nc_oc=AdotC_TDYm12MehCXOo9e9mMWenAWnoesYtwu1n5rl-8KyaJooNd3OigmDlCOMq4yo_ocsCpyTBgYcxf5GUIBW5o&_nc_zt=14&_nc_ht=scontent.fjai6-1.fna&_nc_gid=BK7zJml8PZYUiqjxfIhfag&_nc_ss=7b289&oh=00_Af-z8PaENUWmH1vYzNIbZPF7VYrvZ7q9Nc6A5k47PU7lWw&oe=6A3833F4 | Resized: https://scontent.fjai6-1.fna.fbcdn.net/v/t39.35426-6/674083336_841616402313799_8257050629823074502_n.jpg?stp=dst-jpg_s600x600_tt6&_nc_cat=106&ccb=1-7&_nc_sid=c53f8f&_nc_ohc=iyYM-L_YN5gQ7kNvwErLJ5V&_nc_oc=AdqP8RFqcmWFCj2ief7f2DNTijiC70x4aWVXsSS-uV6XGHqaljswi7ubFUqEZlQJR_lgO6AHxn_OnwIH7bm6Cptx&_nc_zt=14&_nc_ht=scontent.fjai6-1.fna&_nc_gid=BK7zJml8PZYUiqjxfIhfag&_nc_ss=7b289&oh=00_Af_gtFuWkUb7B5tj-Ubq_3G8BHaxaxBmyx2AtxtGyP0ZlA&oe=6A384ECD,HD: https://video.fjai6-1.fna.fbcdn.net/o1/v/t2/f2/m366/AQNul1uTw_hjiMxlv6sXR5d7nn_uCfFi8TXq4jjEfTkdq6T93HkjrMuqUf9Eoi3ACUSTfbTYHI19eZIqrjyflYTqnv_BlL67CMPsoYbJTpHgng.mp4?_nc_cat=109&_nc_oc=AdplyeC1X14HFbGJElRvqrUAIEl1MWk2yxEUrOT4ZFqZ3zJgCcCvZ7Fp2BtBZQMM8NjMdxj3iCKCL8vbM-wan3Vz&_nc_sid=b66105&_nc_ht=video.fjai6-1.fna.fbcdn.net&_nc_ohc=GWj-nsf6IbUQ7kNvwFnRmnk&efg=eyJ2ZW5jb2RlX3RhZyI6Inhwdl9wcm9ncmVzc2l2ZS5WSV9VU0VDQVNFX1BST0RVQ1RfVFlQRS4uQzMuNzIwLmRhc2hfaDI2NC1iYXNpYy1nZW4yXzcyMHAiLCJ4cHZfYXNzZXRfaWQiOjE0ODA4NzgzODAxMDk1NjMsImFzc2V0X2FnZV9kYXlzIjo1OSwidmlfdXNlY2FzZV9pZCI6MTA3OTksImR1cmF0aW9uX3MiOjg3LCJ1cmxnZW5fc291cmNlIjoid3d3In0%3D&ccb=17-1&vs=59072a1a23cd5c5d&_nc_vs=HBksFQIYRWZiX2VwaGVtZXJhbC9DQzRBODNEMUExN0QyMjBFRjM3NjY3RjA1NTI3NUE4Rl9tdF8xX3ZpZGVvX2Rhc2hpbml0Lm1wNBUAAsgBEgAVAhhAZmJfcGVybWFuZW50LzZFNDYyRERGMDMyRDRBNDE5QzFCNUU4RjdDRjYzMjhDX2F1ZGlvX2Rhc2hpbml0Lm1wNBUCAsgBEgAoABgAGwKIB3VzZV9vaWwBMRJwcm9ncmVzc2l2ZV9yZWNpcGUBMRUAACb2u-rcu7ahBRUCKAJDMywXQFXR64UeuFIYGWRhc2hfaDI2NC1iYXNpYy1nZW4yXzcyMHARAHUAZd6oAQA&_nc_gid=BK7zJml8PZYUiqjxfIhfag&_nc_ss=7b289&_nc_zt=28&oh=00_Af-KR5BK_NzIJoZEtVeaSeD4ij4OjCVXfIskgOMxJU4zZw&oe=6A385ED7 | SD: https://video.fjai6-1.fna.fbcdn.net/o1/v/t2/f2/m412/AQOwT_z0TCx1KWRvIlJm5lj-xaR30V4anIw9KHD-nZm2Lv3mA-boPNMm4xhw-t3HCLgM7UYKCJT498-fIQOUVlDcxu_9Ew8Gt47W_3RDWQ.mp4?_nc_cat=104&_nc_oc=AdrS2uzdPrJycB2qRQDjP7TFWNzc8kTrjeeTZVYXO0bFLPecD6HGtelZaVRp4sMg49716aviWVH45TT6RIwyuZ8G&_nc_sid=ef5aa3&_nc_ht=video.fjai6-1.fna.fbcdn.net&_nc_ohc=X2OeapmL03gQ7kNvwGTmzRe&efg=eyJ2ZW5jb2RlX3RhZyI6Inhwdl9wcm9ncmVzc2l2ZS5WSV9VU0VDQVNFX1BST0RVQ1RfVFlQRS4uQzMuMzYwLnN2ZV9zZCIsInhwdl9hc3NldF9pZCI6MTQ4MDg3ODM4MDEwOTU2MywiYXNzZXRfYWdlX2RheXMiOjU5LCJ2aV91c2VjYXNlX2lkIjoxMDc5OSwiZHVyYXRpb25fcyI6ODcsInVybGdlbl9zb3VyY2UiOiJ3d3cifQ%3D%3D&ccb=17-1&_nc_gid=BK7zJml8PZYUiqjxfIhfag&_nc_ss=7b289&_nc_zt=28&oh=00_Af_veN5A69vfLa1vuxUBTU8y9ANL9hCCqnuyoOFfGJsV5A&oe=6A384E36 | Preview: https://scontent.fjai6-1.fna.fbcdn.net/v/t39.35426-6/672383325_1316565497100788_5458948994023738521_n.jpg?_nc_cat=106&ccb=1-7&_nc_sid=c53f8f&_nc_ohc=Z91gCOtJdNwQ7kNvwGK5nqq&_nc_oc=AdporF_NUiAboCIfVpTBwrdvzYvi6pD-qh6iMFdqy1KrVn_gd7v0OsdzpKFdy_vecAaKjm4Z53aB3n52-NbFUD8q&_nc_zt=14&_nc_ht=scontent.fjai6-1.fna&_nc_gid=BK7zJml8PZYUiqjxfIhfag&_nc_ss=7b289&oh=00_Af8PX7ZJmyk8yGimMSyAZBrRAdIq4wGfma8K3ywWcm0Byg&oe=6A382FA8 || HD: https://video.fjai6-1.fna.fbcdn.net/o1/v/t2/f2/m366/AQNul1uTw_hjiMxlv6sXR5d7nn_uCfFi8TXq4jjEfTkdq6T93HkjrMuqUf9Eoi3ACUSTfbTYHI19eZIqrjyflYTqnv_BlL67CMPsoYbJTpHgng.mp4?_nc_cat=109&_nc_oc=AdplyeC1X14HFbGJElRvqrUAIEl1MWk2yxEUrOT4ZFqZ3zJgCcCvZ7Fp2BtBZQMM8NjMdxj3iCKCL8vbM-wan3Vz&_nc_sid=b66105&_nc_ht=video.fjai6-1.fna.fbcdn.net&_nc_ohc=GWj-nsf6IbUQ7kNvwFnRmnk&efg=eyJ2ZW5jb2RlX3RhZyI6Inhwdl9wcm9ncmVzc2l2ZS5WSV9VU0VDQVNFX1BST0RVQ1RfVFlQRS4uQzMuNzIwLmRhc2hfaDI2NC1iYXNpYy1nZW4yXzcyMHAiLCJ4cHZfYXNzZXRfaWQiOjE0ODA4NzgzODAxMDk1NjMsImFzc2V0X2FnZV9kYXlzIjo1OSwidmlfdXNlY2FzZV9pZCI6MTA3OTksImR1cmF0aW9uX3MiOjg3LCJ1cmxnZW5fc291cmNlIjoid3d3In0%3D&ccb=17-1&vs=59072a1a23cd5c5d&_nc_vs=HBksFQIYRWZiX2VwaGVtZXJhbC9DQzRBODNEMUExN0QyMjBFRjM3NjY3RjA1NTI3NUE4Rl9tdF8xX3ZpZGVvX2Rhc2hpbml0Lm1wNBUAAsgBEgAVAhhAZmJfcGVybWFuZW50LzZFNDYyRERGMDMyRDRBNDE5QzFCNUU4RjdDRjYzMjhDX2F1ZGlvX2Rhc2hpbml0Lm1wNBUCAsgBEgAoABgAGwKIB3VzZV9vaWwBMRJwcm9ncmVzc2l2ZV9yZWNpcGUBMRUAACb2u-rcu7ahBRUCKAJDMywXQFXR64UeuFIYGWRhc2hfaDI2NC1iYXNpYy1nZW4yXzcyMHARAHUAZd6oAQA&_nc_gid=BK7zJml8PZYUiqjxfIhfag&_nc_ss=7b289&_nc_zt=28&oh=00_Af-KR5BK_NzIJoZEtVeaSeD4ij4OjCVXfIskgOMxJU4zZw&oe=6A385ED7 | SD: https://video.fjai6-1.fna.fbcdn.net/o1/v/t2/f2/m412/AQOwT_z0TCx1KWRvIlJm5lj-xaR30V4anIw9KHD-nZm2Lv3mA-boPNMm4xhw-t3HCLgM7UYKCJT498-fIQOUVlDcxu_9Ew8Gt47W_3RDWQ.mp4?_nc_cat=104&_nc_oc=AdrS2uzdPrJycB2qRQDjP7TFWNzc8kTrjeeTZVYXO0bFLPecD6HGtelZaVRp4sMg49716aviWVH45TT6RIwyuZ8G&_nc_sid=ef5aa3&_nc_ht=video.fjai6-1.fna.fbcdn.net&_nc_ohc=X2OeapmL03gQ7kNvwGTmzRe&efg=eyJ2ZW5jb2RlX3RhZyI6Inhwdl9wcm9ncmVzc2l2ZS5WSV9VU0VDQVNFX1BST0RVQ1RfVFlQRS4uQzMuMzYwLnN2ZV9zZCIsInhwdl9hc3NldF9pZCI6MTQ4MDg3ODM4MDEwOTU2MywiYXNzZXRfYWdlX2RheXMiOjU5LCJ2aV91c2VjYXNlX2lkIjoxMDc5OSwiZHVyYXRpb25fcyI6ODcsInVybGdlbl9zb3VyY2UiOiJ3d3cifQ%3D%3D&ccb=17-1&_nc_gid=BK7zJml8PZYUiqjxfIhfag&_nc_ss=7b289&_nc_zt=28&oh=00_Af_veN5A69vfLa1vuxUBTU8y9ANL9hCCqnuyoOFfGJsV5A&oe=6A384E36 | Preview: https://scontent.fjai6-1.fna.fbcdn.net/v/t39.35426-6/672383325_1316565497100788_5458948994023738521_n.jpg?_nc_cat=106&ccb=1-7&_nc_sid=c53f8f&_nc_ohc=Z91gCOtJdNwQ7kNvwGK5nqq&_nc_oc=AdporF_NUiAboCIfVpTBwrdvzYvi6pD-qh6iMFdqy1KrVn_gd7v0OsdzpKFdy_vecAaKjm4Z53aB3n52-NbFUD8q&_nc_zt=14&_nc_ht=scontent.fjai6-1.fna&_nc_gid=BK7zJml8PZYUiqjxfIhfag&_nc_ss=7b289&oh=00_Af8PX7ZJmyk8yGimMSyAZBrRAdIq4wGfma8K3ywWcm0Byg&oe=6A382FA8
4141313176120772,https://www.facebook.com/61560047675496/,fb.me,https://www.facebook.com/61560047675496/,,,,,,,,,325269274005262,http://fb.me/,Siddhnath Realty,https://www.facebook.com/ads/library/?id=4141313176120772,"🏙️ New Launch at Jagatpur, Near Godrej Garden city, Book Now +91 7096350155.
🏡 Your Dream Home Awaits! 
✨ 2 BHK at ₹53 Lacs* Onwards
✨ 3 BHK at ₹78 Lacs* Onwards
📅 Possession: 3years",54,Get offer,fb.me,"FACEBOOK; INSTAGRAM; AUDIENCE_NETWORK",2026-03-04,2026-06-17,,Original: https://scontent.fjai6-1.fna.fbcdn.net/v/t39.35426-6/645169563_908118375294674_1723308869954735384_n.jpg?_nc_cat=102&ccb=1-7&_nc_sid=c53f8f&_nc_ohc=aVtRYhthHBQQ7kNvwFz6zrq&_nc_oc=Adr7I0xagYRXoc1V2Jhb766j-iiiW_lzpcwuX57c3C_kyEtiJt-UmtBfnc__eh56P7kjPxRqWG2YBRp18oGpdnni&_nc_zt=14&_nc_ht=scontent.fjai6-1.fna&_nc_gid=BmbzwZ8SiYdc-GMRef2A2A&_nc_ss=7b289&oh=00_Af9UiBH3tZ7nTQNJNtkDNLYwsE2PIWF5ln4yEs9vn-5uFQ&oe=6A38634D | Resized: https://scontent.fjai6-1.fna.fbcdn.net/v/t39.35426-6/642853193_1237990258526732_2314115050128849520_n.jpg?stp=dst-jpg_s600x600_tt6&_nc_cat=108&ccb=1-7&_nc_sid=c53f8f&_nc_ohc=JuGCP8U7aYUQ7kNvwGs1IZh&_nc_oc=AdoLQKCT1sDL4LjBoIPnyh1qjkU1n_LvIgdAcwRCgEswHF_80jNpXNuICAAhuoJfxM573Y06eOugVZ568EI1Bacu&_nc_zt=14&_nc_ht=scontent.fjai6-1.fna&_nc_gid=BmbzwZ8SiYdc-GMRef2A2A&_nc_ss=7b289&oh=00_Af-NiEUZPHFANLSHRgXfhPt0pL70Xv7SuyIudyXURlbamQ&oe=6A385B23,,,,,,
1258590526169782,https://www.facebook.com/100083149249872/,fb.me,https://www.facebook.com/100083149249872/,,,,,,,,,102270645838578,http://fb.me/,i5 Housing and Properties,https://www.facebook.com/ads/library/?id=1258590526169782,"🚀 Invest in Madhavaram’s Next Commercial Landmark!

CMDA-Approved Plots in a prime location – Perfect for Warehouses, Godowns & Small-Scale Industries.

💰 Pre-Launch Offer @ just ₹3,199/sq.ft (Market Price ₹5,500) – Limited Time Till March 2026!

Commercial Plot size ranging from 800 to 10,000 Sq.Ft

📍 Immediate Registration | High Rental Returns | Fast-Growing Commercial Hub",933,Sign up,fb.me,"FACEBOOK; INSTAGRAM; AUDIENCE_NETWORK",2026-02-17,2026-06-16,,,"🚀 Invest in Madhavaram’s Next Commercial Landmark!

CMDA-Approved Plots in a prime location – Perfect for Warehouses, Godowns & Small-Scale Industries.

💰 Pre-Launch Offer @ just ₹3,199/sq.ft (Market Price ₹5,500) – Limited Time Till March 2026!

Commercial Plot size ranging from 800 to 10,000 Sq.Ft

📍 Immediate Registration | High Rental Returns | Fast-Growing Commercial Hub || 🚀 Invest in Madhavaram’s Next Commercial Landmark!

CMDA-Approved Plots in a prime location – Perfect for Warehouses, Godowns & Small-Scale Industries.

💰 Pre-Launch Offer @ just ₹3,199/sq.ft (Market Price ₹5,500) – Limited Time Till March 2026!

Commercial Plot size ranging from 800 to 10,000 Sq.Ft

📍 Immediate Registration | High Rental Returns | Fast-Growing Commercial Hub || 🚀 Invest in Madhavaram’s Next Commercial Landmark!

CMDA-Approved Plots in a prime location – Perfect for Warehouses, Godowns & Small-Scale Industries.

💰 Pre-Launch Offer @ just ₹3,199/sq.ft (Market Price ₹5,500) – Limited Time Till March 2026!

Commercial Plot size ranging from 800 to 10,000 Sq.Ft

📍 Immediate Registration | High Rental Returns | Fast-Growing Commercial Hub",http://fb.me/ || http://fb.me/ || http://fb.me/,,Sign Up || Sign Up || Sign Up,Original: https://scontent.fjai6-1.fna.fbcdn.net/v/t39.35426-6/634082866_25514023278300535_2367758808087447275_n.jpg?_nc_cat=104&ccb=1-7&_nc_sid=c53f8f&_nc_ohc=_xTi1HTa4F8Q7kNvwEUeQS5&_nc_oc=AdqpZmRlePcvKBG3vGFMZVQvJsA7LhqYET2LVRAzQBQA14dTro7cGp_3p2kf3yI6udOXSg06ebzIR_aX33ltRT9z&_nc_zt=14&_nc_ht=scontent.fjai6-1.fna&_nc_gid=BmbzwZ8SiYdc-GMRef2A2A&_nc_ss=7b289&oh=00_Af_tGTL2Q3wRfrg1RNrI939ur8zA47MVD8S1qeWOACm-TQ&oe=6A3847EE | Resized: https://scontent.fjai6-1.fna.fbcdn.net/v/t39.35426-6/635107890_1135720195248465_8712419046330519048_n.jpg?stp=dst-jpg_s600x600_tt6&_nc_cat=103&ccb=1-7&_nc_sid=c53f8f&_nc_ohc=VcZ22WWUzKgQ7kNvwF5mu-8&_nc_oc=Adr7unmj1haxCSW2TirF8a0-SQKVlDN4OqfTTCKMG1GK2WuquCouZFHizCqsFE-fPWrDRrqriEUraE4VsPs18eKW&_nc_zt=14&_nc_ht=scontent.fjai6-1.fna&_nc_gid=BmbzwZ8SiYdc-GMRef2A2A&_nc_ss=7b289&oh=00_Af8g7H0wVZ8efiuV0KgsGg7MpRn_ghETEm-LW9rDXVWeJw&oe=6A383A6F || Original: https://scontent.fjai6-1.fna.fbcdn.net/v/t39.35426-6/635880754_1319992716532582_3231499461517474006_n.jpg?_nc_cat=100&ccb=1-7&_nc_sid=c53f8f&_nc_ohc=DNZOPqPd2H0Q7kNvwEUejrg&_nc_oc=AdoRSEnb8kj-mBUKksj31XNCQCirN1gRt5qiPyGZRYzPY0o_RndPe8JjAQV-0lZMBT925USiofm5P3FhsNUintLC&_nc_zt=14&_nc_ht=scontent.fjai6-1.fna&_nc_gid=BmbzwZ8SiYdc-GMRef2A2A&_nc_ss=7b289&oh=00_Af-tB12-yklVX8sNrimF15ynUirSoDBFxdBTZ_X3HXATeQ&oe=6A383E27 | Resized: https://scontent.fjai6-1.fna.fbcdn.net/v/t39.35426-6/634914742_844424231974118_6707030267906019076_n.jpg?stp=dst-jpg_s600x600_tt6&_nc_cat=100&ccb=1-7&_nc_sid=c53f8f&_nc_ohc=_L3U2Lu2ZasQ7kNvwEoQE-Q&_nc_oc=AdqgIHv2X6R7GWTR3cQrnjIchj2KpJMMCDvxkd9aMmfSCEE35zy63I_lJzFqiIT5b8RflX01rfIDxhkUhuW3jKp9&_nc_zt=14&_nc_ht=scontent.fjai6-1.fna&_nc_gid=BmbzwZ8SiYdc-GMRef2A2A&_nc_ss=7b289&oh=00_Af8Lo0Hf-mN2fuBL6N7_BVQ3TK01ceHGftMQZHxUqjV3rQ&oe=6A38371A || Original: https://scontent.fjai6-1.fna.fbcdn.net/v/t39.35426-6/633932976_682596011547797_2694733997057021100_n.jpg?_nc_cat=110&ccb=1-7&_nc_sid=c53f8f&_nc_ohc=hVBi_krCxe8Q7kNvwEoweH8&_nc_oc=AdomzIfjKl48YYX-JvYZGKtIFCpr_oC0W4a5aloLmHJF4J6x9La87WaCSlrSwohkd69_N6NBDLF9Xk3tpjsGglLA&_nc_zt=14&_nc_ht=scontent.fjai6-1.fna&_nc_gid=BmbzwZ8SiYdc-GMRef2A2A&_nc_ss=7b289&oh=00_Af-wXdSNmc0c-sTlrrQWqAaj8iNnPT1-wO-Bxdx0kukijw&oe=6A386130 | Resized: https://scontent.fjai6-1.fna.fbcdn.net/v/t39.35426-6/634338009_26845601991694634_762768211589638747_n.jpg?stp=dst-jpg_s600x600_tt6&_nc_cat=111&ccb=1-7&_nc_sid=c53f8f&_nc_ohc=IJK9BzN-RXMQ7kNvwGZjoyl&_nc_oc=AdoiRxHlR8RuQADf6kPdmMKstv-tMq1ed1vJGHiVNEKpZ9y61FOzgP5P_OzuL4Q1Rl0Uq7KubyYYG3biJOE1eihy&_nc_zt=14&_nc_ht=scontent.fjai6-1.fna&_nc_gid=BmbzwZ8SiYdc-GMRef2A2A&_nc_ss=7b289&oh=00_Af87YHv4w8Yo58sd7UaGYrmQ8JspwdAg6AwR8SAEDlCWkw&oe=6A386346,
1492220135945145,https://www.facebook.com/61584814204430/,api.whatsapp.com,https://www.facebook.com/61584814204430/,,,,puggomtinagarlucknow@gmail.com,+91 97958 00044,,,,913233025205744,https://api.whatsapp.com/send,"Pro Ultimate Gyms - Gomti Nagar, Lucknow",https://www.facebook.com/ads/library/?id=1492220135945145,"Pro Ultimate Gyms is coming to Gomti Nagar 💪
Grab our EXCLUSIVE Pre-Launch Offer and start your fitness journey early!

✨ FLAT 50% OFF on 6 & 12 Months Membership
⏳ Limited-time, pre-launch only!

📍 Location:
Rimaas Commercial Complex, 3rd Floor, Vinay Khand 3,
Near Husadiya Chauraha, Gomti Nagar, Lucknow

📞 Call Now: +91 97958 00044

🚀 Don’t wait for the launch—join before everyone else and save BIG!",21,Send WhatsApp message,api.whatsapp.com,"FACEBOOK; INSTAGRAM; AUDIENCE_NETWORK; MESSENGER; WHATSAPP",2026-03-03,2026-06-16,HD: https://video.fjai6-1.fna.fbcdn.net/o1/v/t2/f2/m366/AQO7eYr0mJLFoyRxpntvTS5KN2v4PqMbC8JXtjcLbd6-kbq73cgoUimrnfeh2V2_SfmiF_SZmFXJRkyH2_wKCWyP-tL91lZaeZ3t31sKcMMGjQ.mp4?_nc_cat=101&_nc_oc=AdpoW7N5VLJHbSS-s0owSONeh79VA1trQhNDqKERQB63vb-MNpJBx3cVx6FhcZL1pCBvfKqXj0umqjTOLADfdFU-&_nc_sid=b66105&_nc_ht=video.fjai6-1.fna.fbcdn.net&_nc_ohc=Gh2oDaNvhNgQ7kNvwHqSWFT&efg=eyJ2ZW5jb2RlX3RhZyI6Inhwdl9wcm9ncmVzc2l2ZS5WSV9VU0VDQVNFX1BST0RVQ1RfVFlQRS4uQzMuNzIwLmRhc2hfaDI2NC1iYXNpYy1nZW4yXzcyMHAiLCJ4cHZfYXNzZXRfaWQiOjE1NzU2MDY4NjAzOTA2MDcsImFzc2V0X2FnZV9kYXlzIjoxMDYsInZpX3VzZWNhc2VfaWQiOjEwNzk5LCJkdXJhdGlvbl9zIjozOSwidXJsZ2VuX3NvdXJjZSI6Ind3dyJ9&ccb=17-1&vs=4f683b9723be231&_nc_vs=HBksFQIYRWZiX2VwaGVtZXJhbC9EMDQzOTdDNEZDNTA3N0ZFQjAwOUJFRTZDMTU1MzNBOF9tdF8xX3ZpZGVvX2Rhc2hpbml0Lm1wNBUAAsgBEgAVAhhAZmJfcGVybWFuZW50Lzk4NDEyRkIxNDJFQjYyOTVGNENDMUQyNkEyMjkwNjlGX2F1ZGlvX2Rhc2hpbml0Lm1wNBUCAsgBEgAoABgAGwKIB3VzZV9vaWwBMRJwcm9ncmVzc2l2ZV9yZWNpcGUBMRUAACaeg8HzscDMBRUCKAJDMywXQEOeuFHrhR8YGWRhc2hfaDI2NC1iYXNpYy1nZW4yXzcyMHARAHUAZd6oAQA&_nc_gid=BmbzwZ8SiYdc-GMRef2A2A&_nc_ss=7b289&_nc_zt=28&oh=00_Af-kt0AC98i_3swhvdN3hRhFAyd4Row6qdw9YSTInoj9ZA&oe=6A386537 | SD: https://video.fjai6-1.fna.fbcdn.net/o1/v/t2/f2/m412/AQNwmI_HUB93CY0lhKWoxlWXYG45kKsH7Odjrf2RXQiiVPdjrXgVMK3aaCfeHuLqCSWHBeqF9zqX6MjZa2caRIL9xN0oaS2IlxYhkYOkdA.mp4?_nc_cat=101&_nc_oc=AdoOopN3KclPyeIIQYPT2qLj3ZSU8Is8jjOikA6LqPC-OEFldNghe669c66gAWNlmDvF-ql50CbRXt4MYOApoA4m&_nc_sid=ef5aa3&_nc_ht=video.fjai6-1.fna.fbcdn.net&_nc_ohc=tJ8jYlTCOvAQ7kNvwH-x76x&efg=eyJ2ZW5jb2RlX3RhZyI6Inhwdl9wcm9ncmVzc2l2ZS5WSV9VU0VDQVNFX1BST0RVQ1RfVFlQRS4uQzMuMzYwLnN2ZV9zZCIsInhwdl9hc3NldF9pZCI6MTU3NTYwNjg2MDM5MDYwNywiYXNzZXRfYWdlX2RheXMiOjEwNiwidmlfdXNlY2FzZV9pZCI6MTA3OTksImR1cmF0aW9uX3MiOjM5LCJ1cmxnZW5fc291cmNlIjoid3d3In0%3D&ccb=17-1&_nc_gid=BmbzwZ8SiYdc-GMRef2A2A&_nc_ss=7b289&_nc_zt=28&oh=00_Af9xv-QcQrBM-uz45dcyxRvcanOyaGfUOdB-4Q8dLtBb4A&oe=6A3858E1 | Preview: https://scontent.fjai6-1.fna.fbcdn.net/v/t39.35426-6/644712155_921395953811312_2046159050862483715_n.jpg?_nc_cat=110&ccb=1-7&_nc_sid=c53f8f&_nc_ohc=yls76hKUaQcQ7kNvwFcmI40&_nc_oc=Adqsn8762OAGYVEPrlrfdGRgYfAljBoOc5Kh-m0xf1VrzzwwREAkRwz_kFd_tWKEUJ4eJytq3UQYiFBT8i8Bj7Kc&_nc_zt=14&_nc_ht=scontent.fjai6-1.fna&_nc_gid=BmbzwZ8SiYdc-GMRef2A2A&_nc_ss=7b289&oh=00_Af_d4qbUcafRR6kHv6QIh3UzpG2WJ6lqGP-dD4oaBB6xGQ&oe=6A384886,,,,,,,
1080593711808399,https://www.facebook.com/sarkprojectsindia/,instagram.com,https://www.facebook.com/sarkprojectsindia/,http://instagram.com/sarkprojectsindia,,,sales@sarkprojects.in,+91 73530 36969,,,,101541302460240,http://instagram.com/sarkprojectsindia,Sark Projects India,https://www.facebook.com/ads/library/?id=1080593711808399,"Everything closer than you think ✨
From daily essentials to big destinations, life flows effortlessly around you.
.
.
.
.
| Sark prime North Meadows Extension | | Villas in mokila | Villas for sale in Hyderabad | Premium 4bhk Triplex villas | New villa projects in Hyderabad | Luxury villa projects in Hyderabad | Pre launch villa projects in Hyderabad |

#sarkprojects #sarkprimenorthmeadowsextensions #villasnearmokila #hyderabad #villasnearkollurexit",13805,Visit Instagram profile,instagram.com,"FACEBOOK; INSTAGRAM",2026-05-07,2026-06-17,HD: https://video.fjai6-1.fna.fbcdn.net/o1/v/t2/f2/m367/AQO8_gMSShxm9ov9QEg2L3FJiz1YMqXpw-mPMIFKVDtcCsXFXei4jTszMaLRvMvuO_2rjK5392Wc-eRwJs_oTqp3hREyGbGZuQhGe0847A.mp4?_nc_cat=101&_nc_oc=AdpiIRhnZjUHH0LBEnGzITka-_cZCQ_vDLXnwnJiCpPUwU_fBVYcb6A0T3dAJSuKcpHXptigb69n1MwqF9DHJ7AA&_nc_sid=ef5aa3&_nc_ht=video.fjai6-1.fna.fbcdn.net&_nc_ohc=kgsxj8aWFuYQ7kNvwEXwUN_&efg=eyJ2ZW5jb2RlX3RhZyI6Inhwdl9wcm9ncmVzc2l2ZS5WSV9VU0VDQVNFX1BST0RVQ1RfVFlQRS4uQzMuNzIwLnByb2dyZXNzaXZlX2gyNjQtYmFzaWMtZ2VuMl83MjBwIiwieHB2X2Fzc2V0X2lkIjoyMDQxNTI3NjU2Mzk2NzU4LCJhc3NldF9hZ2VfZGF5cyI6NDAsInZpX3VzZWNhc2VfaWQiOjEwMDk5LCJkdXJhdGlvbl9zIjoyMCwidXJsZ2VuX3NvdXJjZSI6Ind3dyJ9&ccb=17-1&_nc_gid=BmbzwZ8SiYdc-GMRef2A2A&_nc_ss=7b289&_nc_zt=28&oh=00_Af8U_9yl6hpthcm4CYekgP-83aNWlGJbAtKwlX1hllCzNA&oe=6A384F7D | SD: https://video.fjai6-1.fna.fbcdn.net/o1/v/t2/f2/m367/AQPhOpGxBh7CaA-tb0nBtJzBiHx2ijFFjPajwuE-mN8wqhHsuKz_6T0uNAVmhwyCjJtwoVgV32tMD3tDumtmaHaZHUFLcVNWfhkKEIua9Q.mp4?_nc_cat=110&_nc_oc=AdqZtrZ0jbE3KwzTxamfkkTHSOykKEDAICUVy-QbX-ZyW7HUhoiNBq7yRENIs9r5fZY5H6WS86gA7ibpDkXrPKuu&_nc_sid=ef5aa3&_nc_ht=video.fjai6-1.fna.fbcdn.net&_nc_ohc=Bc7AikLNMGUQ7kNvwFIUH2e&efg=eyJ2ZW5jb2RlX3RhZyI6Inhwdl9wcm9ncmVzc2l2ZS5WSV9VU0VDQVNFX1BST0RVQ1RfVFlQRS4uQzMuMzYwLnByb2dyZXNzaXZlX2gyNjQtYmFzaWMtZ2VuMl8zNjBwIiwieHB2X2Fzc2V0X2lkIjoyMDQxNTI3NjU2Mzk2NzU4LCJhc3NldF9hZ2VfZGF5cyI6NDAsInZpX3VzZWNhc2VfaWQiOjEwMDk5LCJkdXJhdGlvbl9zIjoyMCwidXJsZ2VuX3NvdXJjZSI6Ind3dyJ9&ccb=17-1&_nc_gid=BmbzwZ8SiYdc-GMRef2A2A&_nc_ss=7b289&_nc_zt=28&oh=00_Af_jFmrRgsZ1kcWnoaFejIr-iojvRpLQbjBSndtw8BNNhA&oe=6A386550 | Preview: https://scontent.fjai6-1.fna.fbcdn.net/v/t39.35426-6/690700237_2483788935388083_2069520946828405475_n.jpg?_nc_cat=105&ccb=1-7&_nc_sid=c53f8f&_nc_ohc=_MB4C1ULxfoQ7kNvwGXDLBC&_nc_oc=AdoJLiYMqtP_NmSEj2jJf0NjRO-F7-3lYCFRgj7kgsQVSL0qWi495QSWxgpsVuYbH6JzOKTOElKhTYku2JzzIlFH&_nc_zt=14&_nc_ht=scontent.fjai6-1.fna&_nc_gid=BmbzwZ8SiYdc-GMRef2A2A&_nc_ss=7b289&oh=00_Af9nQLKUzrhbNljK5uHNgvdsruUAiPGu-6BVbjWvFs3Ygg&oe=6A384296,,,,,,,
960631666303075,https://www.facebook.com/61583786463557/,fb.me,https://www.facebook.com/61583786463557/,,,,,,,,,882884981574654,http://fb.me/,Luxury Apartments in OMR,https://www.facebook.com/ads/library/?id=960631666303075,"First Time in Chennai — a Zero-Flooding Luxury Residential Community in OMR

Project Highlights

✅ Stand-alone Towers
✅ Zero-Flooding Community
✅ World-Class Luxury Amenities
✅ Prime Location and Loan Assistance
✅ Children’s Learning Hub

Reserve your spot today and access Early Bird Benefits.",102,Get offer,fb.me,"FACEBOOK; INSTAGRAM",2026-04-02,2026-05-18,,,"First Time in Chennai — a Zero-Flooding Luxury Residential Community in OMR

Project Highlights

✅ Stand-alone Towers
✅ Zero-Flooding Community
✅ World-Class Luxury Amenities
✅ Prime Location and Loan Assistance
✅ Children’s Learning Hub

Reserve your spot today and access Early Bird Benefits. || First Time in Chennai — a Zero-Flooding Luxury Residential Community in OMR

Project Highlights

✅ Stand-alone Towers
✅ Zero-Flooding Community
✅ World-Class Luxury Amenities
✅ Prime Location and Loan Assistance
✅ Children’s Learning Hub

Reserve your spot today and access Early Bird Benefits. || First Time in Chennai — a Zero-Flooding Luxury Residential Community in OMR

Project Highlights

✅ Stand-alone Towers
✅ Zero-Flooding Community
✅ World-Class Luxury Amenities
✅ Prime Location and Loan Assistance
✅ Children’s Learning Hub

Reserve your spot today and access Early Bird Benefits. || First Time in Chennai — a Zero-Flooding Luxury Residential Community in OMR

Project Highlights

✅ Stand-alone Towers
✅ Zero-Flooding Community
✅ World-Class Luxury Amenities
✅ Prime Location and Loan Assistance
✅ Children’s Learning Hub

Reserve your spot today and access Early Bird Benefits. || First Time in Chennai — a Zero-Flooding Luxury Residential Community in OMR

Project Highlights

✅ Stand-alone Towers
✅ Zero-Flooding Community
✅ World-Class Luxury Amenities
✅ Prime Location and Loan Assistance
✅ Children’s Learning Hub

Reserve your spot today and access Early Bird Benefits.",http://fb.me/ || http://fb.me/ || http://fb.me/ || http://fb.me/ || http://fb.me/,,Get Offer || Get Offer || Get Offer || Get Offer || Get Offer,Original: https://scontent.fjai6-1.fna.fbcdn.net/v/t39.35426-6/596302182_1560185871684897_3667613956832228957_n.jpg?_nc_cat=110&ccb=1-7&_nc_sid=c53f8f&_nc_ohc=UVQ4ric8y3cQ7kNvwHgm8Pa&_nc_oc=AdqrSIpu6VDN-OigVTibMqa2Z-mGuI8aRgc5O5FK7dARdlAype_quTLuqhwWP533V4WH_OpX2AqnPYJKVfs3q9ls&_nc_zt=14&_nc_ht=scontent.fjai6-1.fna&_nc_gid=BmbzwZ8SiYdc-GMRef2A2A&_nc_ss=7b289&oh=00_Af9WbGS9RtmduPfjnrF_D6KuxGvsTm0CD4aYCONPsQdSHQ&oe=6A384833 | Resized: https://scontent.fjai6-1.fna.fbcdn.net/v/t39.35426-6/597391631_2000144557496490_7841960631204381855_n.jpg?stp=dst-jpg_s600x600_tt6&_nc_cat=107&ccb=1-7&_nc_sid=c53f8f&_nc_ohc=qxSe9e6Cny4Q7kNvwHMVJel&_nc_oc=AdqMuS0GHr8m5qthbihrOl62HM6RRJkSIyH2TGDLxGwXoKfmCTkJCVYHKksWYfWlTPH0qEZ1jwKGOvXwjaVx7rLZ&_nc_zt=14&_nc_ht=scontent.fjai6-1.fna&_nc_gid=BmbzwZ8SiYdc-GMRef2A2A&_nc_ss=7b289&oh=00_Af9ktPVnuOtjYDcZfwGNhTVoMwtKJ0JxFIkXbmNSODtNWQ&oe=6A3832C4 || Original: https://scontent.fjai6-1.fna.fbcdn.net/v/t39.35426-6/596856996_1823361632387416_6417737791920802918_n.jpg?_nc_cat=105&ccb=1-7&_nc_sid=c53f8f&_nc_ohc=GcCJskjwkDsQ7kNvwE7PlaX&_nc_oc=AdpIXr9YRL-g4AdlRzx-wgFcRXm7r_SgZem5xINgV8EhoPbALsRD7X6JCioSAg-dXGOiwaHkR4ipC7CqcTHpUy0g&_nc_zt=14&_nc_ht=scontent.fjai6-1.fna&_nc_gid=BmbzwZ8SiYdc-GMRef2A2A&_nc_ss=7b289&oh=00_Af--ccGLB54uTKBGfJfyW0VmYlss-O7ziF0zT7jqY2l3Mg&oe=6A386404 | Resized: https://scontent.fjai6-1.fna.fbcdn.net/v/t39.35426-6/596810931_1587903178908326_4351375001429283007_n.jpg?stp=dst-jpg_s600x600_tt6&_nc_cat=103&ccb=1-7&_nc_sid=c53f8f&_nc_ohc=TJUqHpQ4NDsQ7kNvwH7HEwJ&_nc_oc=Adowxc3FhiKV5y3QBpFJQAQyD1QIWSGs0sq_ZQOOeudnJqrFSszFvMFDlSNlDKmFi88PmL_I4hH9hoHMxRVaVu3a&_nc_zt=14&_nc_ht=scontent.fjai6-1.fna&_nc_gid=BmbzwZ8SiYdc-GMRef2A2A&_nc_ss=7b289&oh=00_Af9YAHwutlo_VOvKH2eCXeyMxSmu1538CwByItiw3VOhJA&oe=6A38474E || Original: https://scontent.fjai6-1.fna.fbcdn.net/v/t39.35426-6/597757568_860667856368699_3695259343249992436_n.jpg?_nc_cat=104&ccb=1-7&_nc_sid=c53f8f&_nc_ohc=TojH_BYkRacQ7kNvwF-vNne&_nc_oc=AdqB2puKPq_S6AUg5xZAd85yVrW_tOkBlvFs_nhq8vHjL0YULOSk8vmmftP30wHOE0XKjf-pH9vNH_29Bfbg9jAq&_nc_zt=14&_nc_ht=scontent.fjai6-1.fna&_nc_gid=BmbzwZ8SiYdc-GMRef2A2A&_nc_ss=7b289&oh=00_Af-98BeBN562Zwa65gTNOosBPZb5FKcNhk1WYVuxy2oH5w&oe=6A38498F | Resized: https://scontent.fjai6-1.fna.fbcdn.net/v/t39.35426-6/598546353_1351245689482933_2590253599237987472_n.jpg?stp=dst-jpg_s600x600_tt6&_nc_cat=108&ccb=1-7&_nc_sid=c53f8f&_nc_ohc=SPZ54QXBJgIQ7kNvwFWkDMh&_nc_oc=AdqnLnGEtgaKAsR4JXTZ31E8ZVmJC6GW5Lrm_1jXCmRHXuIxBHiVNrwV6DgbRhm8zs2S5CoOpaldGpa-raxrlxyW&_nc_zt=14&_nc_ht=scontent.fjai6-1.fna&_nc_gid=BmbzwZ8SiYdc-GMRef2A2A&_nc_ss=7b289&oh=00_Af8PLutw1mlmfBTGZGXZXPmab0dy8JDi7waUizxjLNYGLg&oe=6A383AE4 || Original: https://scontent.fjai6-1.fna.fbcdn.net/v/t39.35426-6/597021603_1249894597197728_546496492675540623_n.jpg?_nc_cat=111&ccb=1-7&_nc_sid=c53f8f&_nc_ohc=Q3l4wuuwl44Q7kNvwGFqEzd&_nc_oc=Adq8v2KtjDHX-KQqUhfGrxP7XbNWJyfWX-9yu9GKjj9exfuvtq2LX4VJimzYLO-wWoOQCc5NwV1VuxKiBodvJgNl&_nc_zt=14&_nc_ht=scontent.fjai6-1.fna&_nc_gid=BmbzwZ8SiYdc-GMRef2A2A&_nc_ss=7b289&oh=00_Af9aR6rH3ZhEb5QjyaqiSiW6_uU0p5PdwCdHQZL_v9EHFA&oe=6A3842AC | Resized: https://scontent.fjai6-1.fna.fbcdn.net/v/t39.35426-6/596543524_1170822015201116_5812055619370342940_n.jpg?stp=dst-jpg_s600x600_tt6&_nc_cat=104&ccb=1-7&_nc_sid=c53f8f&_nc_ohc=SyqObS5DujAQ7kNvwHncZPR&_nc_oc=AdrjBCOeUAw0Cld-uDSKXfn32IgQzA_yrEF4Eeyt9spiMJADmOOQP2R8D1hqW9FXmvBSE-SGzxNYv7oWeKLI_RKX&_nc_zt=14&_nc_ht=scontent.fjai6-1.fna&_nc_gid=BmbzwZ8SiYdc-GMRef2A2A&_nc_ss=7b289&oh=00_Af83ZzHgj0z3KHqVMAhtlc_fEsMCXFHCR-myy9N6jil4rQ&oe=6A38319A || Original: https://scontent.fjai6-1.fna.fbcdn.net/v/t39.35426-6/596400738_855590766838913_4726011699266699775_n.jpg?_nc_cat=110&ccb=1-7&_nc_sid=c53f8f&_nc_ohc=AOZAMm5lhb4Q7kNvwF0D0hH&_nc_oc=AdqlofZVLJjewGiHAM-xAmDXPpBvTEVuEHCyaDCID5roUA3i3HH0XCDkNoCEaJGg_YxWXfIIdcWlgXnNtVIFWLKV&_nc_zt=14&_nc_ht=scontent.fjai6-1.fna&_nc_gid=BmbzwZ8SiYdc-GMRef2A2A&_nc_ss=7b289&oh=00_Af_GLRWE5gnocl_uf8ljrk8gQU5jhcw-WB6BsKkYPlFQ6Q&oe=6A385D1D | Resized: https://scontent.fjai6-1.fna.fbcdn.net/v/t39.35426-6/597870387_2430218254062374_8741094616318109385_n.jpg?stp=dst-jpg_s600x600_tt6&_nc_cat=103&ccb=1-7&_nc_sid=c53f8f&_nc_ohc=OGWSR-ebJBMQ7kNvwGV3uYM&_nc_oc=Adrt6LScWb_TGEu5PNn26SHOBrcASm4uzFoTDvCczhFCD39S2m1qZrPvHHVKtXvIsRq5yDHstc5WAl_tBiBiZEFh&_nc_zt=14&_nc_ht=scontent.fjai6-1.fna&_nc_gid=BmbzwZ8SiYdc-GMRef2A2A&_nc_ss=7b289&oh=00_Af-_j3kw4bTF_MZSwd_Yl1qjArS9q3jDkNsmGfEXF94s5g&oe=6A386239,
832343019497717,https://www.facebook.com/61565285005289/,fb.me,https://www.facebook.com/61565285005289/,,,,,+91 99711 07615,,,,347712018434923,http://fb.me/,Emaar Projects In Gurugram,https://www.facebook.com/ads/library/?id=832343019497717,"Gurgaon's Biggest Luxury Launch - Emaar Serenity Hills! Sector 86, New Gurugram —
A grand 26-acre community with 7 acres of green landscapes, iconic high-rise towers, and premium 3 & 4 BHK residences.

Enjoy unmatched connectivity, resort-style amenities, and assured appreciation in New Gurgaon’s fastest-growing zone.

𝐏𝐫𝐨𝐣𝐞𝐜𝐭 𝐇𝐢𝐠𝐡𝐥𝐢𝐠𝐡𝐭𝐬:
• Luxury High-Rise Apartment (G+39)
• Ultra-spacious 3 & 4 BHK luxury apartments
• Total Land: 26 Acres
• Phase 1: RERA Received

𝐒𝐢𝐳𝐞𝐬 (𝐓𝐞𝐧𝐭𝐚𝐭𝐢𝐯𝐞):
• 3 BHK – 1800 sq.ft
• 3 BHK (Large) – 2100–2200 sq.ft
• 4 BHK – 2900 sq.ft

𝐏𝐫𝐞-𝐋𝐚𝐮𝐧𝐜𝐡 𝐏𝐫𝐢𝐜𝐢𝐧𝐠: ₹𝟏𝟓,𝟎𝟎𝟎/- 𝐩𝐞𝐫 𝐬𝐪.𝐟𝐭
Starting @2.59 Cr* Onwards
Book with just ₹10 Lac!

𝐒𝐢𝐠𝐧𝐚𝐭𝐮𝐫𝐞 𝐄𝐱𝐩𝐞𝐫𝐢𝐞𝐧𝐜𝐞𝐬
• Grand double-height entrance lobbies
• Club Life: 1 Lakh sq.ft. Clubhous
• 7 acres of serene central greens
• Meditation decks & peaceful outdoor spaces
• Premium connectivity to Dwarka Expressway & NH-48

📞 𝐂𝐚𝐥𝐥 𝐨𝐫 𝐖𝐡𝐚𝐭𝐬𝐀𝐩𝐩: +𝟵𝟭-𝟕𝟔𝟔𝟗𝟔 𝟒𝟔𝟓𝟓𝟔 
for Exclusive Site Visits, Launch Prices & Limited-Time Offers!",82,Get quote,fb.me,"FACEBOOK; INSTAGRAM",2025-11-10,2026-06-17,,Original: https://scontent.fjai6-1.fna.fbcdn.net/v/t39.35426-6/581106758_25224928533862386_2099407462412831774_n.jpg?_nc_cat=102&ccb=1-7&_nc_sid=c53f8f&_nc_ohc=6HlVuPddhBcQ7kNvwHz1vfc&_nc_oc=AdpdT8-TGuFkk1TU9OZFxy0bk4ea0EJ314qzx6_Y27UamX59HovKzr-VRQ-_nRlyug38HmToQnUFqS_bN0KYNNDj&_nc_zt=14&_nc_ht=scontent.fjai6-1.fna&_nc_gid=BmbzwZ8SiYdc-GMRef2A2A&_nc_ss=7b289&oh=00_Af9whBaYf7rXgAJBtTJLL0eW8qkK9NU0rZ2u8VNaHNkg8w&oe=6A3841A5 | Resized: https://scontent.fjai6-1.fna.fbcdn.net/v/t39.35426-6/581223051_2052116535616690_9176101097374346728_n.jpg?stp=dst-jpg_s600x600_tt6&_nc_cat=103&ccb=1-7&_nc_sid=c53f8f&_nc_ohc=RXT_8Km65b8Q7kNvwGAlSiI&_nc_oc=Adq-EFbnQXQqyIiL-k_SgKoS9TfRZNORlxt07_hmSPnWOxKmdIIwYxgfOXK04MxR0bzDIz9EXTJv6wZ2cCFvE5sl&_nc_zt=14&_nc_ht=scontent.fjai6-1.fna&_nc_gid=BmbzwZ8SiYdc-GMRef2A2A&_nc_ss=7b289&oh=00_Af9_X-rDePIxDfwbnLqUTLD_qFtp1wBpZ7LVLoVfLtoSgg&oe=6A385A08,,,,,,
1373963337887965,https://www.facebook.com/VGNProjectsEstates/,fb.me,https://www.facebook.com/VGNProjectsEstates/,,,,enquiry@vgn.in,,,,,142137848309,http://fb.me/,VGN Projects Estates,https://www.facebook.com/ads/library/?id=1373963337887965,"Pre-launching 🚀

VGN Wincrest Towers – Signature Luxury Homes in Guindy!

Book an Apartment and get 10 GMS Gold Coin absolutely FREE!
Offer valid for the next 50 Bookings only

We’re thrilled to offer VGN Wincrest Towers 2 and 3BHK Homes at a special Pre-launch price of ₹11,999/- per sq.ft. for 2 BHK and Rs 14,999/- per sq.ft for 3 BHK. Apartments ranging from 1,029 sq.ft to 1,354 sq.ft. VGN Wincrest Towers is conveniently located in the heart of Guindy, opposite the Hilton Hotel and just 500m from Ekkattuthangal Metro Station.

Enjoy easy access to the airport, malls, schools, hospitals, IT offices, and more. A 40,000 sq.ft centrally air-conditioned clubhouse across 7 floors with a rooftop swimming pool, barbecue deck, badminton courts, banquet halls, and more...

Project Highlights:

✅ Centrally Air-Conditioned Clubhouse
✅ Exclusive Multi-level Car Parking Block
✅ Home Automation
✅ Rooftop Swimming Pool
✅ Indoor Forest Lounge
✅ Lobby Access Control
✅ Digital Video Doorbell
✅ Barbecue Deck & More

Don’t miss this exclusive pre-launch offer to book VGN Wincrest Towers at  ₹11,999/- per sq.ft. 

#LuxuryApartments #VGN #Chennai #Guindy #LuxuryHomes #Pre-launching #WincrestTowers",302031,Book now,fb.me,"FACEBOOK; INSTAGRAM; AUDIENCE_NETWORK",2026-06-03,2026-06-17,,Original: https://scontent.fjai6-1.fna.fbcdn.net/v/t39.35426-6/711135924_1295414739462770_5965721002409382547_n.jpg?_nc_cat=105&ccb=1-7&_nc_sid=c53f8f&_nc_ohc=b6P88_0aM0wQ7kNvwFNVJn2&_nc_oc=Adpe8ejX8B4B1ztOzg5MgsnQWodQcTsZ6-Tbg4HmZsUs5HFw3OVwF_-cyywl1la3NJXOClb1puT-9kAhZ-9-VPM-&_nc_zt=14&_nc_ht=scontent.fjai6-1.fna&_nc_gid=BmbzwZ8SiYdc-GMRef2A2A&_nc_ss=7b289&oh=00_Af9r-JiSPXfCDRSQKIs2-aQ9tC3uLluZ5hQIysrpQ3EHcw&oe=6A385540 | Resized: https://scontent.fjai6-1.fna.fbcdn.net/v/t39.35426-6/713929191_1678043136787665_8899358183418626689_n.jpg?stp=dst-jpg_s600x600_tt6&_nc_cat=111&ccb=1-7&_nc_sid=c53f8f&_nc_ohc=AHDgZDJj9goQ7kNvwEDoQ9y&_nc_oc=AdoDkgKU02p998mpuWF3IXBabbg-AXt05G0MZo4zsFNuxSnbjx0PvdXAd2ZIbk-DtExzebbECBPZNoBDBQ_-5SvK&_nc_zt=14&_nc_ht=scontent.fjai6-1.fna&_nc_gid=BmbzwZ8SiYdc-GMRef2A2A&_nc_ss=7b289&oh=00_Af97xxowX47pOW2mzqRcVnxaCPmG4eh7kHZsDW3NkvEOoA&oe=6A383F85,,,,,,
1712195636450384,https://www.facebook.com/proptimes.org/,fb.me,https://www.facebook.com/proptimes.org/,,,,marketing@proptimes.org,+91 95354 84441,,,,137382786135432,http://fb.me/,Prop Times,https://www.facebook.com/ads/library/?id=1712195636450384,"Introducing Godrej Bannerghatta Road — where luxury meets lifestyle in South Bangalore!
🏙️ Premium 2, 3 & 4 BHK Residences
Crafted for discerning homeowners who value quality, space, and elegance.
✨ Project Features:
🏡 35-Acre Master-Planned Township
🏊‍♂️ Swimming Pool & Leisure Decks
🛡️ Advanced Security Systems
🍳 Modular Kitchens
🏢 Luxury Clubhouse
🌳 Landscaped Gardens
🎾 Sports & Recreation Facilities
🚪 Grand Entrance
🎮 Indoor & Kids' Zones
🏋️ Fitness Center
🌿 Jogging Tracks
🚗 Prime Connectivity:
📍 Bannerghatta Road Location
🏢 15-20 mins* to Electronic City
🚇 Near Namma Metro (Gottigere)
🛣️ NICE Road & ORR Access
🚗 10 mins* to Main Road
🏥 Hospitals: Apollo, Fortis (5-10 mins*)
🏫 Schools: Greenwood, DPS, Inventure
🛍️ Malls: Royal Meenakshi, Central
✈️ 45 mins* to Airport
🏭 IT Parks: Infosys, Wipro, Biocon
🍽️ Restaurants & Cafés
🚴 HSR, Koramangala Access
🏞️ Near National Park
🎁 Pre-Launch Offers Available!
*T&C Apply
👉 Download Brochure Now!
📞 Book Today!",2546,Get quote,fb.me,"FACEBOOK; INSTAGRAM",2026-04-23,2026-06-16,,Original: https://scontent.fjai6-1.fna.fbcdn.net/v/t39.35426-6/677593985_2254807075351929_5567269767215724264_n.jpg?_nc_cat=107&ccb=1-7&_nc_sid=c53f8f&_nc_ohc=bPZCdMrdgQwQ7kNvwEgiLVO&_nc_oc=AdpGklciQnSM4PCGOlI_wDMGEtM0MiVdXcFigLunaPikbxoQMnunUmGxbWiNQ2VH9XUDmUHdU1FehgwsT9vDZwPb&_nc_zt=14&_nc_ht=scontent.fjai6-1.fna&_nc_gid=yoeSuxC8t2XJAot7_AbvJg&_nc_ss=7b289&oh=00_Af8uHTgCHUHpdw_rhPBbqTXOVKKyvSlDZ9AUDjnmoeDNjg&oe=6A3834B6 | Resized: https://scontent.fjai6-1.fna.fbcdn.net/v/t39.35426-6/677644825_1301293318626676_2161037030144446102_n.jpg?stp=dst-jpg_s600x600_tt6&_nc_cat=100&ccb=1-7&_nc_sid=c53f8f&_nc_ohc=Ocuf14qqJLEQ7kNvwEV85A8&_nc_oc=Ado-20MzfGtC6E0ctPQVeLk7gJW-RwoOaJQ7QENcToKxyNYE0wCYq77X0539wsUnaVikB3AoWmLzX-kFL45EwzIH&_nc_zt=14&_nc_ht=scontent.fjai6-1.fna&_nc_gid=yoeSuxC8t2XJAot7_AbvJg&_nc_ss=7b289&oh=00_Af8i21CNZsHqe7xfanI662Cs78vqWjaJGcHCkqT2yaIpzQ&oe=6A384580,,,,,,
1830712084291503,https://www.facebook.com/61566822665715/,fb.me,https://www.facebook.com/61566822665715/,,,,,,,,,425733257294938,http://fb.me/,Upcoming Property Bangalore,https://www.facebook.com/ads/library/?id=1830712084291503,"🚨 PRE-LAUNCH ALERT – Bannerghatta Road

Be among the FIRST to own at special pre-launch pricing.

Premium 2, 2.5 & 3 BHK with Private Deck
Starting at ₹1.16 Cr*

📍 Near Gottigere Police Station
🏢 5 Towers | G+17 Floors
🌿 75% Open Space
🏊 50+ Luxury Amenities

🎁 Early Bird Benefits Available Now
💰 Flexible Payment Plan

⚡ Limited Pre-Launch Inventory

👉 Fill the Form to Get:
✔ Pre-Launch Price Sheet
✔ Floor Plans
✔ Brochure
✔ Free Site Visit

Don’t wait for official launch price hike.",957,Get offer,fb.me,"FACEBOOK; INSTAGRAM; AUDIENCE_NETWORK",2026-04-15,2026-06-16,HD: https://video.fjai6-1.fna.fbcdn.net/o1/v/t2/f2/m366/AQNvVzb2p5mxBhjNjhn5UEQt5WG0RI91_1i3S7Gw2QkliNDtJkI7nOfdeS9llfC0H6xLFIxh15gQP2D6M9WiP8zXvtGER72bqrgJeowF2gEA4g.mp4?_nc_cat=107&_nc_oc=AdoRkGEsGrLcnqxd2yRrJG3wlasKjuoHGwIt1FFthDyoaAOBoab9i5GBrGVJsOViPHz_gWcXCryOSDaYYJuaDM7f&_nc_sid=b66105&_nc_ht=video.fjai6-1.fna.fbcdn.net&_nc_ohc=yL0UerEOhF4Q7kNvwEtf2-M&efg=eyJ2ZW5jb2RlX3RhZyI6Inhwdl9wcm9ncmVzc2l2ZS5WSV9VU0VDQVNFX1BST0RVQ1RfVFlQRS4uQzMuNzIwLmRhc2hfaDI2NC1iYXNpYy1nZW4yXzcyMHAiLCJ4cHZfYXNzZXRfaWQiOjIxNDIzMjk3Nzk5MjgzOTcsImFzc2V0X2FnZV9kYXlzIjoxMTYsInZpX3VzZWNhc2VfaWQiOjEwNzk5LCJkdXJhdGlvbl9zIjo0MywidXJsZ2VuX3NvdXJjZSI6Ind3dyJ9&ccb=17-1&vs=53044efeaacc6514&_nc_vs=HBksFQIYRWZiX2VwaGVtZXJhbC8wRjQ3Q0FBMjI0ODY1MUFDMTQ0NzQ4NzAxODc5QUU4OV9tdF8xX3ZpZGVvX2Rhc2hpbml0Lm1wNBUAAsgBEgAVAhhAZmJfcGVybWFuZW50LzMyNDI4ODBDQUUwQkVFQTAxRDVEMDFENThCOUJCM0ExX2F1ZGlvX2Rhc2hpbml0Lm1wNBUCAsgBEgAoABgAGwKIB3VzZV9vaWwBMRJwcm9ncmVzc2l2ZV9yZWNpcGUBMRUAACaa9bHYgJzOBxUCKAJDMywXQEWZmZmZmZoYGWRhc2hfaDI2NC1iYXNpYy1nZW4yXzcyMHARAHUAZd6oAQA&_nc_gid=yoeSuxC8t2XJAot7_AbvJg&_nc_ss=7b289&_nc_zt=28&oh=00_Af-aI9cds15a6XQFt-Vkgsmq8MjScJC2qVIWMwM9LT8wbw&oe=6A384419 | SD: https://video.fjai6-1.fna.fbcdn.net/o1/v/t2/f2/m412/AQO-NRx1TnWZs9JcwK3aesj3OW8HngsCncdI0LrVz_BYD93B8TuboRQCEHtH8Y-glWhbB6qv9eDCkhN0_9DuVaY0aRb2YSlgbE0K0qWuKg.mp4?_nc_cat=102&_nc_oc=AdpM7Rs5mVTMySekpZct-cIJ-RkSDtYtBUYPla00WgF9Ck6FHufv4IbHxv-AdbM5A_9Ho3jh5OUGry9skRpWWluT&_nc_sid=ef5aa3&_nc_ht=video.fjai6-1.fna.fbcdn.net&_nc_ohc=kOrB8d1Iqp8Q7kNvwFUtVoQ&efg=eyJ2ZW5jb2RlX3RhZyI6Inhwdl9wcm9ncmVzc2l2ZS5WSV9VU0VDQVNFX1BST0RVQ1RfVFlQRS4uQzMuMzYwLnN2ZV9zZCIsInhwdl9hc3NldF9pZCI6MjE0MjMyOTc3OTkyODM5NywiYXNzZXRfYWdlX2RheXMiOjExNiwidmlfdXNlY2FzZV9pZCI6MTA3OTksImR1cmF0aW9uX3MiOjQzLCJ1cmxnZW5fc291cmNlIjoid3d3In0%3D&ccb=17-1&_nc_gid=yoeSuxC8t2XJAot7_AbvJg&_nc_ss=7b289&_nc_zt=28&oh=00_Af_TAM_66RVrXPoSVurmqv62g99A4AiXT0Sy5lTOFPmSOQ&oe=6A383EB8 | Preview: https://scontent.fjai6-1.fna.fbcdn.net/v/t39.35426-6/651771061_911109621530430_7531646086557722702_n.jpg?_nc_cat=103&ccb=1-7&_nc_sid=c53f8f&_nc_ohc=0p5g-UHp7XYQ7kNvwF2zn8q&_nc_oc=AdqWgW89YWh8tWGLmI7wERApc8gKsJu-49UdbaBO6fF3lIA96oOwQnmF5eJTs_YNIhbDHMYYZu9VjtL3DuhAzCwR&_nc_zt=14&_nc_ht=scontent.fjai6-1.fna&_nc_gid=yoeSuxC8t2XJAot7_AbvJg&_nc_ss=7b289&oh=00_Af-OwW0Thq8yTqDJ42caKKP0WtLNnXFiP4ZGweJ6-Slh8g&oe=6A38626B,,,,,,,
985169703894142,https://www.facebook.com/newpuneproperties/,fb.me,https://www.facebook.com/newpuneproperties/,,,,surveproperties20@gmail.com,+91 95296 35512,,,,109875554952875,http://fb.me/,Pune Properties,https://www.facebook.com/ads/library/?id=985169703894142,"URGENT PRE-LAUNCH OPPORTUNITY | 
BALEWADI

A rare ultra-luxury launch near Balewadi High Street —
featuring expansive double-height living spaces in 4 Bed residences

✨ More light. More volume. More presence.

🏡 Experience villa-style living within a premium high-rise

🏛️ THE TRANQUIL COLLECTION

🔹 Grand 3 Bed
1300–1350 sq.ft carpet

🔹 Regal 4 Bed
1950–2000 sq.ft carpet

📍 Prime Balewadi High Street location
🚗 Just 2 mins from Wakad–Balewadi Bridge
Surrounded by premium lifestyle & commercial hubs

⚡ EOI PRIVILEGE ACCESS NOW LIVE
Only first 50 tokens will get:

✔ Pre-launch pricing (before public reveal)
✔ Priority unit selection
✔ Best floor & view advantage

🎯 Priority Token Options:
🔹 Platinum – ₹5.04L (1st preference)
🔹 Gold – ₹2.07L (2nd preference)
🚨 Once 50 EOIs are booked → Price revision expected

👉 Limited inventory. Serious buyers only
👉 DM / WhatsApp now to secure priority access

Call :  9529635512 - Ashwini Deshpande",108,See details,fb.me,"FACEBOOK; INSTAGRAM; AUDIENCE_NETWORK",2026-05-14,2026-06-16,,Original: https://scontent.fjai6-1.fna.fbcdn.net/v/t39.35426-6/689022078_1479462410289250_7495867278485033033_n.jpg?_nc_cat=110&ccb=1-7&_nc_sid=c53f8f&_nc_ohc=C0u3IbhuwngQ7kNvwGJBrMf&_nc_oc=Adow121VL6COoqnHpoEokoSWi-kxxvVEBs0djn4-oMeuGF-kyZ12cDPpaJe8H5_uAv_cmwUQMcNrxvh5GkW9nmkM&_nc_zt=14&_nc_ht=scontent.fjai6-1.fna&_nc_gid=yoeSuxC8t2XJAot7_AbvJg&_nc_ss=7b289&oh=00_Af_VxhpfpEmsbftdZ2i0YWLFsXqK5xJu0RB8Hpk4_8ovbw&oe=6A384E87 | Resized: https://scontent.fjai6-1.fna.fbcdn.net/v/t39.35426-6/688879450_4329801067263528_6943350410108699089_n.jpg?stp=dst-jpg_s600x600_tt6&_nc_cat=109&ccb=1-7&_nc_sid=c53f8f&_nc_ohc=A3c-3OPPBJEQ7kNvwF5q6WG&_nc_oc=AdpNZ-3d-99StZdTK9MuvIWM1LvyRbjsFSofS74LcLUvlTtFTCZqVZxTy5cYITJC7aKRSt8pCPgOU-vyWbJFQfbT&_nc_zt=14&_nc_ht=scontent.fjai6-1.fna&_nc_gid=yoeSuxC8t2XJAot7_AbvJg&_nc_ss=7b289&oh=00_Af88uHE1ob3yvStKXiI70QgXVtCl69uo6NQP6-_EB4N9iw&oe=6A3851E5,,,,,,
3948559318611021,https://www.facebook.com/61564186652975/,fb.me,https://www.facebook.com/61564186652975/,,,,,,,,,408145999042351,http://fb.me/,Pre launch Property,https://www.facebook.com/ads/library/?id=3948559318611021,"Luxury residences for serious homebuyers ✨

Welcome to Elara Celestia, starting at ₹3 Cr*  where rare elegance meets refined living, and your dream home is closer than ever.

✔ Expansive 3 & 4 BHK residences with timeless architecture
✔ Tranquil views overlooking the lush GKVK Greens
✔ Stunning rooftop infinity pool & curated lifestyle amenities
✔ Exclusive low-density community for unmatched privacy
✔ Excellent connectivity to the Airport, malls & key business hubs

Experience it firsthand. Visit our luxurious show flat today and unlock exclusive payment plans.

📍 Off Bellary Road
🚨Prices Revising Soon! 

 📞 Schedule Your Free Site Visit Today!",1873,Get quote,fb.me,"FACEBOOK; INSTAGRAM; AUDIENCE_NETWORK",2026-03-28,2026-06-15,,,"Luxury residences for serious homebuyers ✨

Welcome to Elara Celestia, starting at ₹3 Cr*  where rare elegance meets refined living, and your dream home is closer than ever.

✔ Expansive 3 & 4 BHK residences with timeless architecture
✔ Tranquil views overlooking the lush GKVK Greens
✔ Stunning rooftop infinity pool & curated lifestyle amenities
✔ Exclusive low-density community for unmatched privacy
✔ Excellent connectivity to the Airport, malls & key business hubs

Experience it firsthand. Visit our luxurious show flat today and unlock exclusive payment plans.

📍 Off Bellary Road
🚨Prices Revising Soon! 

 📞 Schedule Your Free Site Visit Today! || Luxury residences for serious homebuyers ✨

Welcome to Elara Celestia, starting at ₹3 Cr*  where rare elegance meets refined living, and your dream home is closer than ever.

✔ Expansive 3 & 4 BHK residences with timeless architecture
✔ Tranquil views overlooking the lush GKVK Greens
✔ Stunning rooftop infinity pool & curated lifestyle amenities
✔ Exclusive low-density community for unmatched privacy
✔ Excellent connectivity to the Airport, malls & key business hubs

Experience it firsthand. Visit our luxurious show flat today and unlock exclusive payment plans.

📍 Off Bellary Road
🚨Prices Revising Soon! 

 📞 Schedule Your Free Site Visit Today!",http://fb.me/ || http://fb.me/,,Get Quote || Get Quote,,HD: https://video.fjai6-1.fna.fbcdn.net/o1/v/t2/f2/m366/AQN0S9PQrrf69JLT0SFVC2EFOUClQXMs2EE4chy5IOOYugd1_61YkfQKZFHOCKdKY_bpZLMZEJTFzJSksrWvyxm0eOSC0JDS1XC9dfcVJeuT5Q.mp4?_nc_cat=106&_nc_oc=AdrOISnE4zhULyBUtjavpsNTSL3kUpSUWeYf6AgXlddKGFSch5jXWu4GwWQ4Hh5BOkvebsepp8niy5hEggQHRNSi&_nc_sid=b66105&_nc_ht=video.fjai6-1.fna.fbcdn.net&_nc_ohc=Tg5sNyaevxMQ7kNvwHJCgPX&efg=eyJ2ZW5jb2RlX3RhZyI6Inhwdl9wcm9ncmVzc2l2ZS5WSV9VU0VDQVNFX1BST0RVQ1RfVFlQRS4uQzMuMTA4MC5kYXNoX2gyNjQtYmFzaWMtZ2VuMl83MjBwIiwieHB2X2Fzc2V0X2lkIjoxNTE1NTcyMjYzNDU4NTQxLCJhc3NldF9hZ2VfZGF5cyI6ODEsInZpX3VzZWNhc2VfaWQiOjEwMTM5LCJkdXJhdGlvbl9zIjozNCwidXJsZ2VuX3NvdXJjZSI6Ind3dyJ9&ccb=17-1&vs=1c9abc2f138b8049&_nc_vs=HBksFQIYRWZiX2VwaGVtZXJhbC9EMDQxMDhGQTQxNjJFNDIxQkE4MjYyOTU2MzU4RTNBMl9tdF8xX3ZpZGVvX2Rhc2hpbml0Lm1wNBUAAsgBEgAVAhhAZmJfcGVybWFuZW50L0QzNDdBMDU2RTQzNTcyQUZFM0Q5NEMxMjVFRDQ4QkExX2F1ZGlvX2Rhc2hpbml0Lm1wNBUCAsgBEgAoABgAGwKIB3VzZV9vaWwBMRJwcm9ncmVzc2l2ZV9yZWNpcGUBMRUAACba26im9ZmxBRUCKAJDMywXQEEMzMzMzM0YGWRhc2hfaDI2NC1iYXNpYy1nZW4yXzcyMHARAHUAZbaeAQA&_nc_gid=yoeSuxC8t2XJAot7_AbvJg&_nc_ss=7b289&_nc_zt=28&oh=00_Af8jKvaqOKu9QtMWo-F3FchsqT3BgLFOVT6AocmGGOmGTg&oe=6A385436 | SD: https://video.fjai6-1.fna.fbcdn.net/o1/v/t2/f2/m412/AQMOGqPms1tJi8zfaFl5HwtTNNDvetNnlnXB-WuMo7rayePFYf4pJ3yZoXjO1ncglgun1Iul67TV1oCBvP3DHLyakBhuzwVXi0uPMGStTA.mp4?_nc_cat=110&_nc_oc=AdqPOYfZiuuzWpEl6MocQCpLNwqiFq7e4-_DBLEDLD1jvmaDqgg75H-VSurVmZqK4H7O1vAmwiNCS0dKF0M2w6g6&_nc_sid=ef5aa3&_nc_ht=video.fjai6-1.fna.fbcdn.net&_nc_ohc=21IVRIf-WNQQ7kNvwEHTGSc&efg=eyJ2ZW5jb2RlX3RhZyI6Inhwdl9wcm9ncmVzc2l2ZS5WSV9VU0VDQVNFX1BST0RVQ1RfVFlQRS4uQzMuNjM2LnN2ZV9zZCIsInhwdl9hc3NldF9pZCI6MTUxNTU3MjI2MzQ1ODU0MSwiYXNzZXRfYWdlX2RheXMiOjgxLCJ2aV91c2VjYXNlX2lkIjoxMDEzOSwiZHVyYXRpb25fcyI6MzQsInVybGdlbl9zb3VyY2UiOiJ3d3cifQ%3D%3D&ccb=17-1&_nc_gid=yoeSuxC8t2XJAot7_AbvJg&_nc_ss=7b289&_nc_zt=28&oh=00_Af_qRbl3jwSZC1v1eu-wPfXRwFP_ZMRinZQtXI0Xf-L3zA&oe=6A384BC8 | Preview: https://scontent.fjai6-1.fna.fbcdn.net/v/t39.35426-6/658335984_1202271885109678_6079521156343494539_n.jpg?_nc_cat=105&ccb=1-7&_nc_sid=c53f8f&_nc_ohc=qzrHKOqhKp0Q7kNvwECX-Kq&_nc_oc=AdoCgSm1HzX5RxxC8ZDh4nKMg9XtcHgiAxljr33F7B6ZH4FeoUK9sWIQdK2LfySRe--K_CF_oun4MlV3ncLbRnmf&_nc_zt=14&_nc_ht=scontent.fjai6-1.fna&_nc_gid=yoeSuxC8t2XJAot7_AbvJg&_nc_ss=7b289&oh=00_Af-L6qKf_F0xByHzbJ6CcynnBdSwhUZmTiDs4jAjFBzSBg&oe=6A385904 || HD: https://video.fjai6-1.fna.fbcdn.net/o1/v/t2/f2/m366/AQPyPheo5_Qal9Bt5fY4P78AriX7yDtPExDHjO5yAOiifk9NmHr3des-Kz3N1xzyUw8LFGATtyDpJeYB0V7FjQFMrDMlqB8AF9SRveZer4zOwA.mp4?_nc_cat=108&_nc_oc=AdqdmvgoHSnTa6vEgaj3T3ooAmVM8ijGctslEIx4fQgKMxB7VzQT4dD9li6f7s5ZwKet_aY1RljWW_nBHQhj6tkt&_nc_sid=b66105&_nc_ht=video.fjai6-1.fna.fbcdn.net&_nc_ohc=-nlkAkZReL8Q7kNvwHEySbh&efg=eyJ2ZW5jb2RlX3RhZyI6Inhwdl9wcm9ncmVzc2l2ZS5WSV9VU0VDQVNFX1BST0RVQ1RfVFlQRS4uQzMuNzIwLmRhc2hfaDI2NC1iYXNpYy1nZW4yXzcyMHAiLCJ4cHZfYXNzZXRfaWQiOjgxMDg0ODQyMTQ0OTY3NCwiYXNzZXRfYWdlX2RheXMiOjI1NywidmlfdXNlY2FzZV9pZCI6MTA3OTksImR1cmF0aW9uX3MiOjM0LCJ1cmxnZW5fc291cmNlIjoid3d3In0%3D&ccb=17-1&vs=be8fb652b4fb5e1a&_nc_vs=HBksFQIYRWZiX2VwaGVtZXJhbC8wMzQzMkZGOTUxQTczNTVGRjRENzFDRjI4MDdGOTk5MF9tdF8xX3ZpZGVvX2Rhc2hpbml0Lm1wNBUAAsgBEgAVAhhAZmJfcGVybWFuZW50L0VCNDk1NzgyNDk4M0JGM0YyNkQxRkY3NkI4OEFGNzlDX2F1ZGlvX2Rhc2hpbml0Lm1wNBUCAsgBEgAoABgAGwKIB3VzZV9vaWwBMRJwcm9ncmVzc2l2ZV9yZWNpcGUBMRUAACaUv4TCy93wAhUCKAJDMywXQEEMzMzMzM0YGWRhc2hfaDI2NC1iYXNpYy1nZW4yXzcyMHARAHUAZd6oAQA&_nc_gid=yoeSuxC8t2XJAot7_AbvJg&_nc_ss=7b289&_nc_zt=28&oh=00_Af9NcCMGDk2SEjQ1DtHliCoXj-fwrFa-rdyd4xPWsuR_-w&oe=6A386180 | SD: https://video.fjai6-1.fna.fbcdn.net/o1/v/t2/f2/m412/AQMdWLwdUPWa3AJkOGwbh14O5B8hEcAxQqVkkD_rbOX4YY5ppPkoPCAA_iVVv8b12a4eM4xZP61izYLoEo3VW7MWV5nqhQQq_MEpBl5ibA.mp4?_nc_cat=101&_nc_oc=Ado7ojFUw1ZsnWBFKUo5IugzSzXcDTinsGdTBmp1q_O-1i9gmftdC8o0_A_RVWIU-EH4-GkGYXqOfdS1-LbrzmBr&_nc_sid=ef5aa3&_nc_ht=video.fjai6-1.fna.fbcdn.net&_nc_ohc=BU1sbp17HLoQ7kNvwFDgmLv&efg=eyJ2ZW5jb2RlX3RhZyI6Inhwdl9wcm9ncmVzc2l2ZS5WSV9VU0VDQVNFX1BST0RVQ1RfVFlQRS4uQzMuMzYwLnN2ZV9zZCIsInhwdl9hc3NldF9pZCI6ODEwODQ4NDIxNDQ5Njc0LCJhc3NldF9hZ2VfZGF5cyI6MjU3LCJ2aV91c2VjYXNlX2lkIjoxMDc5OSwiZHVyYXRpb25fcyI6MzQsInVybGdlbl9zb3VyY2UiOiJ3d3cifQ%3D%3D&ccb=17-1&_nc_gid=yoeSuxC8t2XJAot7_AbvJg&_nc_ss=7b289&_nc_zt=28&oh=00_Af8fcr4x5-QE5hNyQKFrt_TgYm1uJnGXSo_GRyV_dpAY6w&oe=6A3858BD | Preview: https://scontent.fjai6-1.fna.fbcdn.net/v/t39.35426-6/656389947_26772454925693444_6828997664837225222_n.jpg?_nc_cat=101&ccb=1-7&_nc_sid=c53f8f&_nc_ohc=8VVF0wEK284Q7kNvwHavocn&_nc_oc=AdpV8SRGAiC1ntveG74CXQcMyzU1XKo-QxDlVCfGiAYfOt85i2RzSIyIakXJJeBmLJrv_qEAGAQwv-4gvvaFIjuz&_nc_zt=14&_nc_ht=scontent.fjai6-1.fna&_nc_gid=yoeSuxC8t2XJAot7_AbvJg&_nc_ss=7b289&oh=00_Af-6hW6dR5DnnMiCU6F9tY2Pr9aNTxqfRe2UIUT1HlNZFw&oe=6A384889
2081452025800650,https://www.facebook.com/61588776986973/,fb.me,https://www.facebook.com/61588776986973/,,,,,,,,,1195787463608680,http://fb.me/,Godrej New Properties,https://www.facebook.com/ads/library/?id=2081452025800650,"Coming Soon to Sarjapur Road, Bangalore – Luxury Living by Godrej Properties

Live at an address perfectly crafted for a connected and premium lifestyle.

✔ Spacious 2, 3 & 4 BHK Apartments @ 1.5 cr*
✔ 80% Open Open Space & Green Landscapes
✔ Grand Premium Clubhouse
✔ 50+ World-Class Amenities
✔ Exclusive Connectivity Near Major IT Park Corridors

Experience modern luxury with seamless access to Bangalore’s leading tech hubs, schools, and lifestyle destinations.

📍 Sarjapur Road, Bangalore
✨ Pre-Launch Opportunities Coming Soon
📞 Enquire Now for Priority Access & Best Offers",4,See details,fb.me,"FACEBOOK; INSTAGRAM",2026-05-12,2026-06-16,,,"Coming Soon to Sarjapur Road, Bangalore – Luxury Living by Godrej Properties

Live at an address perfectly crafted for a connected and premium lifestyle.

✔ Spacious 2, 3 & 4 BHK Apartments @ 1.5 cr*
✔ 80% Open Open Space & Green Landscapes
✔ Grand Premium Clubhouse
✔ 50+ World-Class Amenities
✔ Exclusive Connectivity Near Major IT Park Corridors

Experience modern luxury with seamless access to Bangalore’s leading tech hubs, schools, and lifestyle destinations.

📍 Sarjapur Road, Bangalore
✨ Pre-Launch Opportunities Coming Soon
📞 Enquire Now for Priority Access & Best Offers || Coming Soon to Sarjapur Road, Bangalore – Luxury Living by Godrej Properties

Live at an address perfectly crafted for a connected and premium lifestyle.

✔ Spacious 2, 3 & 4 BHK Apartments @ 1.5 cr*
✔ 80% Open Open Space & Green Landscapes
✔ Grand Premium Clubhouse
✔ 50+ World-Class Amenities
✔ Exclusive Connectivity Near Major IT Park Corridors

Experience modern luxury with seamless access to Bangalore’s leading tech hubs, schools, and lifestyle destinations.

📍 Sarjapur Road, Bangalore
✨ Pre-Launch Opportunities Coming Soon
📞 Enquire Now for Priority Access & Best Offers || Coming Soon to Sarjapur Road, Bangalore – Luxury Living by Godrej Properties

Live at an address perfectly crafted for a connected and premium lifestyle.

✔ Spacious 2, 3 & 4 BHK Apartments @ 1.5 cr*
✔ 80% Open Open Space & Green Landscapes
✔ Grand Premium Clubhouse
✔ 50+ World-Class Amenities
✔ Exclusive Connectivity Near Major IT Park Corridors

Experience modern luxury with seamless access to Bangalore’s leading tech hubs, schools, and lifestyle destinations.

📍 Sarjapur Road, Bangalore
✨ Pre-Launch Opportunities Coming Soon
📞 Enquire Now for Priority Access & Best Offers",http://fb.me/ || http://fb.me/ || http://fb.me/,,See Details || See Details || See Details,Original: https://scontent.fjai6-1.fna.fbcdn.net/v/t39.35426-6/696502644_2024581718131547_4488298682570320927_n.jpg?_nc_cat=109&ccb=1-7&_nc_sid=c53f8f&_nc_ohc=d2-D0FEbIhkQ7kNvwGUH57a&_nc_oc=AdpWmIGJscVOlE3bWFpqXtgUrqZt3pDo0Mtlj2O6ycVpsKlMQwAUISerLp5BFuuY0T1Ipx2t3ooC4b6-yeXHaP20&_nc_zt=14&_nc_ht=scontent.fjai6-1.fna&_nc_gid=yoeSuxC8t2XJAot7_AbvJg&_nc_ss=7b289&oh=00_Af8MJjQWhWiOZEwg1adRAhSwQBrN9VQXq2-Sk-ylZKyHNw&oe=6A383013 | Resized: https://scontent.fjai6-1.fna.fbcdn.net/v/t39.35426-6/695736913_2042152473386756_5128586516870225249_n.jpg?stp=dst-jpg_s600x600_tt6&_nc_cat=106&ccb=1-7&_nc_sid=c53f8f&_nc_ohc=oYAt0vSTLvcQ7kNvwHG7_iD&_nc_oc=AdpcKs4e_UsMB7iBMNSvrJitGVkrGs-Mm58KrSxnwf3AlggvNb6HwbJh5YwppNvZmnoG-JNinB1BsASVWO5xrEWn&_nc_zt=14&_nc_ht=scontent.fjai6-1.fna&_nc_gid=yoeSuxC8t2XJAot7_AbvJg&_nc_ss=7b289&oh=00_Af-mnobPzNPTRPnY3aqDQS1FuWPRVdd_MKO_rqc80w6pqg&oe=6A385864 || Original: https://scontent.fjai6-1.fna.fbcdn.net/v/t39.35426-6/696897980_1602424737514563_3970142160229670672_n.jpg?_nc_cat=111&ccb=1-7&_nc_sid=c53f8f&_nc_ohc=6ITSnPLWr2MQ7kNvwE1Milv&_nc_oc=Adq0QTk3d4afbXJ8cBgMaw85VM_Lic4OJY-7jG0MVTiuLvtNUsEE6rQ6iQYiRG6fANFTxBP9zKRvIz5JU0D6Uf9P&_nc_zt=14&_nc_ht=scontent.fjai6-1.fna&_nc_gid=yoeSuxC8t2XJAot7_AbvJg&_nc_ss=7b289&oh=00_Af8CFotmWi72GNcOPuD_yxTVq0qLb_vwqk9VMTCa9ra1Gg&oe=6A38346E | Resized: https://scontent.fjai6-1.fna.fbcdn.net/v/t39.35426-6/695510932_2220980145334018_531123180504468765_n.jpg?stp=dst-jpg_s600x600_tt6&_nc_cat=103&ccb=1-7&_nc_sid=c53f8f&_nc_ohc=r6W76uxdZmEQ7kNvwGHy0cH&_nc_oc=AdqkyatTpoxI2URNHOyPL5KBAyOKSJBJhFWAb3wqUEGw0RXzW8aX9yqrh4MjLOOIqqtPRy-K5tLPa_CLJFTNdLTc&_nc_zt=14&_nc_ht=scontent.fjai6-1.fna&_nc_gid=yoeSuxC8t2XJAot7_AbvJg&_nc_ss=7b289&oh=00_Af_VuS-DCm31gWk22MYaboyQf8Eu31ba-mcq4Xcox8v_CA&oe=6A384F73 || Original: https://scontent.fjai6-1.fna.fbcdn.net/v/t39.35426-6/695623758_1019327547445585_4573665826907900703_n.jpg?_nc_cat=103&ccb=1-7&_nc_sid=c53f8f&_nc_ohc=UXSj9TmrzmwQ7kNvwG1LKQP&_nc_oc=AdrJJi6tg4LxtNATxGJjuH0d-10-6gNcrxFkYGS0WNsQtH_akPYNaFDUxOCHxh8_52qXevfg_KyMpiNEHKn0tEgW&_nc_zt=14&_nc_ht=scontent.fjai6-1.fna&_nc_gid=yoeSuxC8t2XJAot7_AbvJg&_nc_ss=7b289&oh=00_Af-8GQpZimaK8169XpZ9AjjUGCkHvhu3uq9c18Vh1N_1Fg&oe=6A384B6C | Resized: https://scontent.fjai6-1.fna.fbcdn.net/v/t39.35426-6/696485066_954263020728502_3197985160908194142_n.jpg?stp=dst-jpg_s600x600_tt6&_nc_cat=101&ccb=1-7&_nc_sid=c53f8f&_nc_ohc=63Vqs4hRg_oQ7kNvwGM3EAj&_nc_oc=Adq4Y0DWNnc0QS9i_TzUdkOj6GUYRCqTNydTM2cZg7OnNeQDgCM-e3q1uzjWg04z4CKblOEjA6yaFFHH3gYU39DY&_nc_zt=14&_nc_ht=scontent.fjai6-1.fna&_nc_gid=yoeSuxC8t2XJAot7_AbvJg&_nc_ss=7b289&oh=00_Af-NGJ8muDNiAbWTNwPVhSFcTJUPSDQ4Cxy4fj1YS0QDFQ&oe=6A385050,
1457253229394318,https://www.facebook.com/brickandmilestones/,solcrest.bricksandmilestones.com,https://www.facebook.com/brickandmilestones/,,,,info@bricksandmilestones.in,"08025721185, 7557553131",,,,1427775020687902,https://solcrest.bricksandmilestones.com/,Bricks & Milestones,https://www.facebook.com/ads/library/?id=1457253229394318,"Solcrest rises above the everyday - a high‑rise community shaped by light, calm, and the quiet confidence of thoughtful design. From its low‑density planning to its seamless connectivity, this is a home that gives you more space, more clarity, and more room to simply live better.
Uninterrupted views, 90% Open Spaces and a community that welcomes you home with ease.

📍Off Hennur Road; RERA received

🏡 2, 3, 3.5 & 4 BHK premium homes 

✨ YOU ARE everywHERE

Visit our marketing office and experience it for yourself.

Call us on 755 755 3131 to know more!

(Solcrest, Bricks & Milestones, Apartments, Hennur, North East Bangalore, close to Hebbal, Indiranagar, Yelahanka, Airport,Apartments in North Bangalore,flats in Hennur,Pre-launch luxury apartment,Pre-launching RERA approved luxury 2BHK and 3BHK)",2805,Book now,solcrest.bricksandmilestones.com,"FACEBOOK; INSTAGRAM; AUDIENCE_NETWORK; THREADS",2026-03-07,2026-06-16,,Original: https://scontent.fjai6-1.fna.fbcdn.net/v/t39.35426-6/649220122_1638895783931221_8891967391923464827_n.jpg?_nc_cat=111&ccb=1-7&_nc_sid=c53f8f&_nc_ohc=D8I1r-rSwP0Q7kNvwEJ1q4K&_nc_oc=AdqndIjUrZd3NHxqbLsHsLvJoBqXkSizfls1LqGmmsaQ1qT4wX6ZXBBf4X3p587AE4wbc-Ve8MyfAR-f2T32WnS4&_nc_zt=14&_nc_ht=scontent.fjai6-1.fna&_nc_gid=yoeSuxC8t2XJAot7_AbvJg&_nc_ss=7b289&oh=00_Af-Y6rFN9Y8ChX-djx8RUMj9oA_SWLGqV8W6iBj-h5b6zA&oe=6A3851FC | Resized: https://scontent.fjai6-1.fna.fbcdn.net/v/t39.35426-6/648623288_1410828554116799_943928651288732178_n.jpg?stp=dst-jpg_s600x600_tt6&_nc_cat=111&ccb=1-7&_nc_sid=c53f8f&_nc_ohc=MV_hiOmlLlUQ7kNvwE69tmn&_nc_oc=Adrpyj4nwarhWSGWO_W1H_oLuaZNXnexvZkNILG_y_HcZvlXWqPsVoTiy8eYhUbriK_3sNHGShuvwWFODuK28EU-&_nc_zt=14&_nc_ht=scontent.fjai6-1.fna&_nc_gid=yoeSuxC8t2XJAot7_AbvJg&_nc_ss=7b289&oh=00_Af8Nxa-DLXI5B1j36kSwkarJzEbYBtutwFXlpYQI5jTo3Q&oe=6A386078,,,,,,
1492378372368153,https://www.facebook.com/skandaproperties/,,https://www.facebook.com/skandaproperties/,,,,skandhainnovations@gmail.com,+91 70192 38857,,,,459436201058412,,Skandha Properties,https://www.facebook.com/ads/library/?id=1492378372368153,"🏡✨ OWN YOUR DREAM HOME IN VIDYARANYAPURA – THIS WEEKEND SPECIAL OFFER! ✨🏡

🌸 **UrbanEarth Calista – Brand New BBMP Approved Flats** 🌸

🔥 **Book Your Flat with JUST ₹7.5 LAKHS Down Payment!**
✅ Up to **90% Bank Loan Assistance**
✅ Loan Approval Support Available
✅ Immediate Possession – Move Into Your New Home Next Week!

💰 **Earn Rental Income Up To ₹30,000/Month**
Perfect for both self-use and investment.

🎉 **SPECIAL PRE-LAUNCH BENEFIT**
🎁 **₹3 LAKHS DISCOUNT** (Valid Only Till **May 31st**)

This discount covers:
✅ Parking Charges
✅ Cauvery Water Charges
✅ Power Connection Charges

⚠️ **ONLY FEW FLATS LEFT**
⚠️ **Offer Applicable ONLY FOR FIRST 10 CUSTOMERS**
⚠️ Prices & Offers May Change After May 31st

📍 **Vidyaranyapura** (Near Sumadhura Sushantham Apartments)

🏠 Available Units:

✅ 975 Sq.Ft (2BHK) – ₹76 Lakhs
✅ 1052 Sq.Ft (2BHK) – ₹82 Lakhs
✅ 1061 Sq.Ft (2BHK) – ₹85 Lakhs
✅ 1128 Sq.Ft (2BHK) – ₹90 Lakhs
✅ 1342 Sq.Ft (3BHK) – ₹99 Lakhs
✅ 1394 Sq.Ft (3BHK) – ₹1.08 Cr

🌟 Project Highlights:
✔ BBMP Approved (Ground + 3 Floors)
✔ E-Khata Ready
✔ Cauvery Water
✔ East / West / North Facing Units
✔ 40 Flats Premium Community
✔ Major Bank Loans Available

🚨 **DON'T MISS OUT!**
Pay your **Token Advance THIS WEEKEND** and block your preferred flat before prices increase and inventory gets sold out.

📞 Call / WhatsApp Now:
📱 8073417539
📱 8105994359

🏃‍♂️ Book Today. Get Immediate Possession. Start Living in Your New Home Next Week!",152,Call now,,"FACEBOOK; INSTAGRAM",2026-05-25,2026-06-17,,Original: https://scontent.fjai6-1.fna.fbcdn.net/v/t39.35426-6/705137473_1625983146199800_3200203941624046835_n.jpg?_nc_cat=102&ccb=1-7&_nc_sid=c53f8f&_nc_ohc=jEAqLITII3cQ7kNvwG4KT2I&_nc_oc=AdqikNHeTAKOBRVlH_XtSawqO_NYiIbmTSI0Iu-M7AdBpnS_tTwwP58XlIgyGlwD495oYYuWZ3HBiO_lUorepric&_nc_zt=14&_nc_ht=scontent.fjai6-1.fna&_nc_gid=uX0l55mTCgrBIsY-stPMQw&_nc_ss=7b289&oh=00_Af8-5SEZhRmczVwyEHNnVDDs3hRyjTX1jldyVNItcG4IgQ&oe=6A383684 | Resized: https://scontent.fjai6-1.fna.fbcdn.net/v/t39.35426-6/705298397_980881648168683_5346606011906347255_n.jpg?stp=dst-jpg_s600x600_tt6&_nc_cat=105&ccb=1-7&_nc_sid=c53f8f&_nc_ohc=WtIlEARow_IQ7kNvwF_9xXa&_nc_oc=AdqrjOdzsJdAVsBiBMAPZPpmEZdQKVjHIEzr1lUJtjPFZcGZBw9Qp004Pl-EJqO-t704B4eV1LdHbEIbF5tTWLPz&_nc_zt=14&_nc_ht=scontent.fjai6-1.fna&_nc_gid=uX0l55mTCgrBIsY-stPMQw&_nc_ss=7b289&oh=00_Af83HRyiBvTmOQdc0GTbj8QTHKCIp8tmvVmy9zrVEzYLCQ&oe=6A384EF4,,,,,,
1210901924274179,https://www.facebook.com/61587632827691/,fb.me,https://www.facebook.com/61587632827691/,,,,,,,,,979459981916678,http://fb.me/,Jhamtani Properties,https://www.facebook.com/ads/library/?id=1210901924274179,"𝐋𝐚𝐮𝐧𝐜𝐡𝐢𝐧𝐠 𝐏𝐫𝐞𝐦𝐢𝐮𝐦 𝟐 & 𝟑 𝐁𝐞𝐝  𝐒𝐭𝐚𝐫𝐭𝐢𝐧𝐠 @ ₹𝟗𝟓 𝐋𝐚𝐜𝐬 𝐎𝐧𝐰𝐚𝐫𝐝𝐬!* 𝐍𝐞𝐚𝐫 𝐃𝐚𝐧𝐠𝐞 𝐂𝐡𝐨𝐰𝐤.

Introducing The Crown By Jhamtani
At Wakad, Pune

5 Acres | 5 Iconic Towers | 40+ Luxury Amenities

2 Mins. To D Mart, Wakad
5 Mins. To Phoenix Mall Of The Millennium
5 Mins. To Bhumkar Chowk
10 Mins. To Hinjewadi IT Park

The Divine Revolution Is About To Begin!

𝐀𝐯𝐚𝐢𝐥 𝐏𝐫𝐞 𝐋𝐚𝐮𝐧𝐜𝐡 𝐁𝐞𝐧𝐞𝐟𝐢𝐭𝐬 | 𝐄𝐨𝐢 𝐓𝐨𝐤𝐞𝐧 𝐒𝐭𝐚𝐫𝐭𝐞𝐝
Click ""𝐆𝐞𝐭 𝐐𝐮𝐨𝐭𝐞"" To Reserve Your Dream Home",12,Get quote,fb.me,"FACEBOOK; INSTAGRAM",2026-04-25,2026-06-16,HD: https://video.fjai6-1.fna.fbcdn.net/o1/v/t2/f2/m366/AQNyGsOSPEc5M4l8oLOouAFos9A_JcB3xR1QJOgPjcFKAqB6ozi3V1gXivUJ3raRIfeTQRTqnKwInCG6FDkIVTjnVCFFHwEu6nQf-4Cjd65R2Q.mp4?_nc_cat=108&_nc_oc=AdomNu0MwIcJhAE3Libjcwts984Vd9zpSlt2pgSMJ65Wt0_zmW-Yy0rF5Hzq8DFg4Uf8IHfhISnakcWyJ8ypFMaN&_nc_sid=b66105&_nc_ht=video.fjai6-1.fna.fbcdn.net&_nc_ohc=FA7faTNlgSMQ7kNvwF75pbv&efg=eyJ2ZW5jb2RlX3RhZyI6Inhwdl9wcm9ncmVzc2l2ZS5WSV9VU0VDQVNFX1BST0RVQ1RfVFlQRS4uQzMuNzIwLmRhc2hfaDI2NC1iYXNpYy1nZW4yXzcyMHAiLCJ4cHZfYXNzZXRfaWQiOjkyODc4MjQ2MDEwOTg3MywiYXNzZXRfYWdlX2RheXMiOjkxLCJ2aV91c2VjYXNlX2lkIjoxMDc5OSwiZHVyYXRpb25fcyI6MzEsInVybGdlbl9zb3VyY2UiOiJ3d3cifQ%3D%3D&ccb=17-1&vs=1e69069356f2d6aa&_nc_vs=HBksFQIYRWZiX2VwaGVtZXJhbC80RjQ3Q0E2RUVCM0U3MkM5NTcwRDVGMUE0MEQyMTRCRl9tdF8xX3ZpZGVvX2Rhc2hpbml0Lm1wNBUAAsgBEgAVAhhAZmJfcGVybWFuZW50L0MzNDZBRTZFRkZDNTNCNTI2QzgxQzA3OThBOTYyODlBX2F1ZGlvX2Rhc2hpbml0Lm1wNBUCAsgBEgAoABgAGwKIB3VzZV9vaWwBMRJwcm9ncmVzc2l2ZV9yZWNpcGUBMRUAACbikN7JoK6mAxUCKAJDMywXQD8qfvnbItEYGWRhc2hfaDI2NC1iYXNpYy1nZW4yXzcyMHARAHUAZd6oAQA&_nc_gid=uX0l55mTCgrBIsY-stPMQw&_nc_ss=7b289&_nc_zt=28&oh=00_Af9fbht4VWvDrw3qSFoW-29AZtJJgG0jsCx7T0L_2-qUBg&oe=6A3845AC | SD: https://video.fjai6-1.fna.fbcdn.net/o1/v/t2/f2/m412/AQN1d9bkPNEDVv49Ni4RDjH2hTCLmRfZ3hQ0rOnaZYBGGXB03pAPCV9AVpn3qayavzB_C5o5Pja75RhrSpnR3E7AzAyX9yAldVx4iVaFWg.mp4?_nc_cat=107&_nc_oc=AdoVQO30IGFYWLA3U8I_93rfwGr1ZiyxX2e4v1eQ5qhuaQPMvPAsuRm0JTHE7hY-7EWOMPvHOJB4oO-oL4CapFI7&_nc_sid=ef5aa3&_nc_ht=video.fjai6-1.fna.fbcdn.net&_nc_ohc=PgJ_eKKG16IQ7kNvwHL7FMI&efg=eyJ2ZW5jb2RlX3RhZyI6Inhwdl9wcm9ncmVzc2l2ZS5WSV9VU0VDQVNFX1BST0RVQ1RfVFlQRS4uQzMuMzYwLnN2ZV9zZCIsInhwdl9hc3NldF9pZCI6OTI4NzgyNDYwMTA5ODczLCJhc3NldF9hZ2VfZGF5cyI6OTEsInZpX3VzZWNhc2VfaWQiOjEwNzk5LCJkdXJhdGlvbl9zIjozMSwidXJsZ2VuX3NvdXJjZSI6Ind3dyJ9&ccb=17-1&_nc_gid=uX0l55mTCgrBIsY-stPMQw&_nc_ss=7b289&_nc_zt=28&oh=00_Af-RoBLHGAlfrpIR8nBHnr_bpEo9Vy2rF6wYn8wtrS3oIg&oe=6A38553B | Preview: https://scontent.fjai6-1.fna.fbcdn.net/v/t39.35426-6/659388873_1229048782726536_3190340106835884211_n.jpg?_nc_cat=104&ccb=1-7&_nc_sid=c53f8f&_nc_ohc=o3mhrgPa2fQQ7kNvwEXSqSm&_nc_oc=AdoVvpLR3Syx50dwqXcPEh0xIk3P0AMo4-VApoUSMScC9Z2XYz2v984KuF96mxsgoiuH74LOC_HUBejMa0NZ4fCH&_nc_zt=14&_nc_ht=scontent.fjai6-1.fna&_nc_gid=uX0l55mTCgrBIsY-stPMQw&_nc_ss=7b289&oh=00_Af-8EQpFxRTM5KKU3x1tJF0S-Xk6O062fYmrYsSQWkxA0Q&oe=6A38469F,,,,,,,
1675223153803235,https://www.facebook.com/proptimes.org/,fb.me,https://www.facebook.com/proptimes.org/,,,,marketing@proptimes.org,+91 95354 84441,,,,137382786135432,http://fb.me/,Prop Times,https://www.facebook.com/ads/library/?id=1675223153803235,"🏡 Upcoming Luxury Address – Godrej Kukatpally, Hyderabad

Discover premium living with 3 & 4 BHK luxury apartments in one of Hyderabad’s most sought-after locations.

✨ Project Highlights:
✅ Spacious homes 1600 – 3000 sq.ft.
✅ Starting Price ₹2.1 Cr*
✅ Premium 3 & 4 BHK Residences
✅ Spread across 7.8 Acres of Land
✅ Excellent ROI & Rental Potential
✅ 1456 Modern Apartments in a grand gated community

A perfect blend of luxury, connectivity & investment potential.

📩 Register your interest now to get launch updates, floor plans & best pre-launch pricing.",2546,Get quote,fb.me,"FACEBOOK; INSTAGRAM; AUDIENCE_NETWORK",2026-05-27,2026-06-15,,Original: https://scontent.fjai6-1.fna.fbcdn.net/v/t39.35426-6/691420630_1974838369793105_5491577454666467034_n.jpg?_nc_cat=106&ccb=1-7&_nc_sid=c53f8f&_nc_ohc=CUQFzzN5cVMQ7kNvwG_4SBZ&_nc_oc=Adp_yAe3GDtM6zjoxDNeFH0KXaQCjNdLFOmkt_s4BKpP6duBwQn842Zw2-vQIgtpIiI4GLd30cthH4TeFLG7pJJP&_nc_zt=14&_nc_ht=scontent.fjai6-1.fna&_nc_gid=uX0l55mTCgrBIsY-stPMQw&_nc_ss=7b289&oh=00_Af-BRseQNkTypjAPwbcT_x1LnDZxH5b46hh9ySUknV7b1Q&oe=6A385B06 | Resized: https://scontent.fjai6-1.fna.fbcdn.net/v/t39.35426-6/690863649_1304028338585012_3391222852359551773_n.jpg?stp=dst-jpg_s600x600_tt6&_nc_cat=104&ccb=1-7&_nc_sid=c53f8f&_nc_ohc=wqvMXbTjwTUQ7kNvwGFlu3C&_nc_oc=Adov7bnWOtSIdACfxwXhBwdVt6zm6HL607P1Tg-jWovBQddggUf4Yfn-COeoxm4XS-R075C8KreSZq2Fc697rDXM&_nc_zt=14&_nc_ht=scontent.fjai6-1.fna&_nc_gid=uX0l55mTCgrBIsY-stPMQw&_nc_ss=7b289&oh=00_Af-nxn3icw0xrpwHD9_hoOwC2CC2g7wGTRhZ7BWlMIFeMg&oe=6A38421C,,,,,,
958056733210906,https://www.facebook.com/61557585564664/,fb.me,https://www.facebook.com/61557585564664/,,,,nilkanthdevelopers72@gmail.com,+91 93723 20046,,,,205736842633732,http://fb.me/,Neelkanth Properties & Developers,https://www.facebook.com/ads/library/?id=958056733210906,"🌟 Elevate Your Lifestyle at Neelkanth Solitaire ! 🌟
🏣 1 BHK - ₹ 49 Lacs* 
🏣 2 BHK - ₹ 74.5 Lacs*

Discover the pinnacle of luxury living with our apartments, meticulously crafted with world-class amenities and unbeatable connectivity. Your dream home awaits!

✅ Navi Mumbai International Airport - 5 min.
✅ Mumbai Trans Harbor Link - 10 min.
✅ Panvel Station - 10 min.
✅ Pre-Launch Offers for limited period.

Book now and experience the Neelkanth difference. 🏠✨ #NeelkanthSolitaire #LuxuryLiving #DreamHome",55,Get offer,fb.me,"FACEBOOK; INSTAGRAM; AUDIENCE_NETWORK",2026-02-11,2026-06-16,HD: https://video.fjai6-1.fna.fbcdn.net/o1/v/t2/f2/m366/AQOya9Lh6TPwLmDk4PjomhdD992mVqmY7yoLeuHIIKxtOa5ea-TnCci4sIW8BNpPGJZoUPoIlEJbqT6VRuwY_Zft0cdvnqZeOJCUoHESE_DJMw.mp4?_nc_cat=102&_nc_oc=Adr50HKJ3hXXocm59KAJRZDnH8WLbj7phefleQrWp0fIqn9ZuZSmhsjROaKALllok-qhejy43ckEFnZYCxLpdIqs&_nc_sid=b66105&_nc_ht=video.fjai6-1.fna.fbcdn.net&_nc_ohc=hFfVG8OiL6AQ7kNvwHLf9Ti&efg=eyJ2ZW5jb2RlX3RhZyI6Inhwdl9wcm9ncmVzc2l2ZS5WSV9VU0VDQVNFX1BST0RVQ1RfVFlQRS4uQzMuNzIwLmRhc2hfaDI2NC1iYXNpYy1nZW4yXzcyMHAiLCJ4cHZfYXNzZXRfaWQiOjEzODUyMjkyNzk1ODAwMTQsImFzc2V0X2FnZV9kYXlzIjoxMjUsInZpX3VzZWNhc2VfaWQiOjEwNzk5LCJkdXJhdGlvbl9zIjoxMywidXJsZ2VuX3NvdXJjZSI6Ind3dyJ9&ccb=17-1&vs=b6700f56bd118572&_nc_vs=HBksFQIYRWZiX2VwaGVtZXJhbC9GQjRGQzZDMkM4MTJDNTU5Q0VEQzdBN0E5REVFRkU4OV9tdF8xX3ZpZGVvX2Rhc2hpbml0Lm1wNBUAAsgBEgAVAhhAZmJfcGVybWFuZW50L0VGNERCQTAyMTdDNjRFNjgwQTcxQUVERUZFQ0Y3MUEyX2F1ZGlvX2Rhc2hpbml0Lm1wNBUCAsgBEgAoABgAGwKIB3VzZV9vaWwBMRJwcm9ncmVzc2l2ZV9yZWNpcGUBMRUAACbcvaKy-vb1BBUCKAJDMywXQCoAAAAAAAAYGWRhc2hfaDI2NC1iYXNpYy1nZW4yXzcyMHARAHUAZd6oAQA&_nc_gid=uX0l55mTCgrBIsY-stPMQw&_nc_ss=7b289&_nc_zt=28&oh=00_Af9KC7qt6pFYdgY1Rw4g8iA3-dkH8-9P89KlgNCwwkta4Q&oe=6A383E7A | SD: https://video.fjai6-1.fna.fbcdn.net/o1/v/t2/f2/m412/AQOQOuar3tK_1JiCUlQT4GaoQ3KsAqOo7Hv008-N1jhfJRfU6joJOXktCXquF0lM2zlWFVVTZ1wYwn-ezqSVEoAidlZptTFCYl1iyyyKyw.mp4?_nc_cat=102&_nc_oc=AdrjRUI_ckePHcz74zp-L9l6MwXawvy6WmP35Ju_l8B87Q2Z_CEUJe4R6OvnI2ysCSPr74gs5R8mzt5oevdWFlXW&_nc_sid=ef5aa3&_nc_ht=video.fjai6-1.fna.fbcdn.net&_nc_ohc=KIM6Ujug4I0Q7kNvwGrfcfA&efg=eyJ2ZW5jb2RlX3RhZyI6Inhwdl9wcm9ncmVzc2l2ZS5WSV9VU0VDQVNFX1BST0RVQ1RfVFlQRS4uQzMuMzYwLnN2ZV9zZCIsInhwdl9hc3NldF9pZCI6MTM4NTIyOTI3OTU4MDAxNCwiYXNzZXRfYWdlX2RheXMiOjEyNSwidmlfdXNlY2FzZV9pZCI6MTA3OTksImR1cmF0aW9uX3MiOjEzLCJ1cmxnZW5fc291cmNlIjoid3d3In0%3D&ccb=17-1&_nc_gid=uX0l55mTCgrBIsY-stPMQw&_nc_ss=7b289&_nc_zt=28&oh=00_Af9SCztF5wmpSwsD7ukMNkcfofDSvU_6ADop0xmoyENhHA&oe=6A384094 | Preview: https://scontent.fjai6-1.fna.fbcdn.net/v/t39.35426-6/634267864_749156568265927_4386502770017718609_n.jpg?_nc_cat=102&ccb=1-7&_nc_sid=c53f8f&_nc_ohc=ClAh2MJviEwQ7kNvwGUAiDb&_nc_oc=Ado_qirg-pESHcB9jZekFW6sQe8xuMvIYKjKL8N1NfnalQyA5c1axlEWSSg2rw27piaOOV-hs-Ak7UxjUkpomBbM&_nc_zt=14&_nc_ht=scontent.fjai6-1.fna&_nc_gid=uX0l55mTCgrBIsY-stPMQw&_nc_ss=7b289&oh=00_Af_KZPc3THd9HxET5QX9n25ycxoLkeIYgzQWN2dfqwMuSw&oe=6A383A88,,,,,,,
2368437880345283,https://www.facebook.com/61586409782834/,api.whatsapp.com,https://www.facebook.com/61586409782834/,,,,,+91 98430 91234,,,,984329788105749,https://api.whatsapp.com/send,Skandha Grande,https://www.facebook.com/ads/library/?id=2368437880345283,"🏡 Cuddalore’s 1st Luxury Premium Plots Township

Welcome to Skandha Grande – Nellikuppam 🌿
A premium 25+ acre mega gated township designed for your dream home and smart investment.

💰 Pre-Launch Offer – Plots Starting From ₹12 Lakhs Onwards

✨ Project Highlights

✔ DTCP & RERA Approved Layout
✔ 400+ Premium Residential Plots
✔ 25+ Acre Township
✔ 20+ Lifestyle Amenities
✔ Solar Street Lights
✔ Bank Loan Available

📍 Prime Location

🚉 100 meters from Varakkalpattu Railway Station
🛣 1 KM from Villupuram – Nagapattinam National Highway
🏫 Velammal Bodhi Campus inside the township

👨‍👩‍👧‍👦 Perfect for Living | Investment | Future Growth

📞 Book Your Plot Today

📱 9843111234 | 98430 91234

📍 Skandha Grande, Panruti Road, Varakkalpattu, Nellikuppam, Tamil Nadu – 607105",224,Send WhatsApp message,api.whatsapp.com,"FACEBOOK; INSTAGRAM; AUDIENCE_NETWORK; MESSENGER",2026-05-16,2026-06-16,HD: https://video.fjai6-1.fna.fbcdn.net/o1/v/t2/f2/m366/AQOjLFoxsPyG9GZ8W7BUzSfJdmJF6DVFWRB0P-b5PIIYJOaWMcC85D7MNdpZDWkdZ5VEtDKza9I65Tpf9Ij5F0Yi2sYYJnG6QImuBoiQIqi6MA.mp4?_nc_cat=103&_nc_oc=AdoBn6aAEMLfcojzmUWo17ZtCxjuGZWFYaw4Rn9z5HkhNCsgDaubXSGOt3FosMUjYK0gjvcR4bPfBqx39DTkGiw_&_nc_sid=b66105&_nc_ht=video.fjai6-1.fna.fbcdn.net&_nc_ohc=DmtckhflvlUQ7kNvwHhaa8y&efg=eyJ2ZW5jb2RlX3RhZyI6Inhwdl9wcm9ncmVzc2l2ZS5WSV9VU0VDQVNFX1BST0RVQ1RfVFlQRS4uQzMuNzIwLmRhc2hfaDI2NC1iYXNpYy1nZW4yXzcyMHAiLCJ4cHZfYXNzZXRfaWQiOjg4NzU1MjEyNzYxMDgyNywiYXNzZXRfYWdlX2RheXMiOjk3LCJ2aV91c2VjYXNlX2lkIjoxMDc5OSwiZHVyYXRpb25fcyI6ODEsInVybGdlbl9zb3VyY2UiOiJ3d3cifQ%3D%3D&ccb=17-1&vs=ae25b8952dbab2ab&_nc_vs=HBksFQIYRWZiX2VwaGVtZXJhbC9EMjQ3QkNDQzY1NzIzMDhEQkQ2MUIxMThGMTBBNENBMF9tdF8xX3ZpZGVvX2Rhc2hpbml0Lm1wNBUAAsgBEgAVAhhAZmJfcGVybWFuZW50LzRFNDdERjQzRTE3MzkzNEYzRkYyODlGQTI1REIxM0I2X2F1ZGlvX2Rhc2hpbml0Lm1wNBUCAsgBEgAoABgAGwKIB3VzZV9vaWwBMRJwcm9ncmVzc2l2ZV9yZWNpcGUBMRUAACaWv8nUqs6TAxUCKAJDMywXQFRzMzMzMzMYGWRhc2hfaDI2NC1iYXNpYy1nZW4yXzcyMHARAHUAZd6oAQA&_nc_gid=uX0l55mTCgrBIsY-stPMQw&_nc_ss=7b289&_nc_zt=28&oh=00_Af88KuNM0m0uLu453k9xiHqHLwExkx5nWgpCUkqyHlDr_w&oe=6A383371 | SD: https://video.fjai6-1.fna.fbcdn.net/o1/v/t2/f2/m412/AQMFVaWJepRZxbrS2-4_E4lTe8CvcjmlKfAUfxw54D3kmQfYTdysAe5aF5hXqJvhKbDWd0Z0gtFdCkfnbFyj7fiB9SXNOe3LuxkWNZeUSQ.mp4?_nc_cat=106&_nc_oc=Ado37epSMWxHd3DVwa2L5DxWc6E58wesZiA5Djp3R_7VM5TYodK-nE40qqQlxgMCLjtSX1v5T4ElGcxq1CI-sBiB&_nc_sid=ef5aa3&_nc_ht=video.fjai6-1.fna.fbcdn.net&_nc_ohc=gX22cYAD9DIQ7kNvwF4kQV2&efg=eyJ2ZW5jb2RlX3RhZyI6Inhwdl9wcm9ncmVzc2l2ZS5WSV9VU0VDQVNFX1BST0RVQ1RfVFlQRS4uQzMuMzYwLnN2ZV9zZCIsInhwdl9hc3NldF9pZCI6ODg3NTUyMTI3NjEwODI3LCJhc3NldF9hZ2VfZGF5cyI6OTcsInZpX3VzZWNhc2VfaWQiOjEwNzk5LCJkdXJhdGlvbl9zIjo4MSwidXJsZ2VuX3NvdXJjZSI6Ind3dyJ9&ccb=17-1&_nc_gid=uX0l55mTCgrBIsY-stPMQw&_nc_ss=7b289&_nc_zt=28&oh=00_Af-4Dy-ZJr7xK3W5q7ztFlP0a2fbk9j-gXw8DdgJ42vQsQ&oe=6A38479C | Preview: https://scontent.fjai6-1.fna.fbcdn.net/v/t39.35426-6/649144222_1247058820715887_1364612302693164459_n.jpg?_nc_cat=110&ccb=1-7&_nc_sid=c53f8f&_nc_ohc=r1fsbMKogEQQ7kNvwEDR9UE&_nc_oc=AdowwE8nI28G0TSZzEy-8zHsC0ybMgTMxZl_ELH1sSuncotijmfL2Tb8OEWsndJKiw-ajp4JCNwLG4VO-FQZ5dnn&_nc_zt=14&_nc_ht=scontent.fjai6-1.fna&_nc_gid=uX0l55mTCgrBIsY-stPMQw&_nc_ss=7b289&oh=00_Af-vUA8c9hwT4cWKT6tASUzZYCVSt1fyaEiEV7CvqnzLeg&oe=6A385888,,,,,,,
2274913403047136,https://www.facebook.com/61577981609391/,fb.me,https://www.facebook.com/61577981609391/,,,,,,,,,628314210375019,http://fb.me/,Godrej's New Launched,https://www.facebook.com/ads/library/?id=2274913403047136,"Godrej Enters Kukatpally with a Game-Changer! 🚀🏙️

Godrej Kukatpally – Premium high-rise residences redefining luxury in Hyderabad
Breathtaking city skyline views
Strategic KPHB location – Close to HITEC City, metro, malls, schools & hospitals
Godrej's signature quality + future-ready amenities for ultimate comfort & ROI potential 💰
Pre-Launch window open – Don't miss the early advantage in Hyderabad's premium zone!
Submit details for exclusive details, brochure & priority registration FREE! 📲🔥👇",137,See details,fb.me,"FACEBOOK; INSTAGRAM; AUDIENCE_NETWORK",2026-05-29,2026-06-16,,Original: https://scontent.fjai6-1.fna.fbcdn.net/v/t39.35426-6/710710190_2047662726100402_741470777652110480_n.jpg?_nc_cat=111&ccb=1-7&_nc_sid=c53f8f&_nc_ohc=wtWPiI8S8RwQ7kNvwES-Do-&_nc_oc=AdoldHlPnAErlsL1NimaGpBjd3kd7ItGbqmVhwCZeYNLm67eNupc17P_7H0AVLMOtiCXC-JhAp2aNUKGAyA0466S&_nc_zt=14&_nc_ht=scontent.fjai6-1.fna&_nc_gid=uX0l55mTCgrBIsY-stPMQw&_nc_ss=7b289&oh=00_Af-sadF2AtPk3UYieaZiLLF-LPySEc4BMQ5fsTbvQe8vQA&oe=6A382FFD | Resized: https://scontent.fjai6-1.fna.fbcdn.net/v/t39.35426-6/709882831_1290657063248061_5911282492324187410_n.jpg?stp=dst-jpg_s600x600_tt6&_nc_cat=104&ccb=1-7&_nc_sid=c53f8f&_nc_ohc=D5-6hZ_DhXQQ7kNvwEzoS_n&_nc_oc=AdpYgjWD1zIEGvZzGDpMk6CJgj4gfzfqsUKpYRl0vjqrucEdwWymv2-6PWpb8775l7prkmVXtb-l3CrHyXD-Mxt0&_nc_zt=14&_nc_ht=scontent.fjai6-1.fna&_nc_gid=uX0l55mTCgrBIsY-stPMQw&_nc_ss=7b289&oh=00_Af96g1zcjaKz17oBK3HDsS3x5PvKwMtdtpgEH8DM5IfIpg&oe=6A384F97,,,,,,
1483266896612423,https://www.facebook.com/mrluxury89/,fb.me,https://www.facebook.com/mrluxury89/,,,,,,,,,108062547521250,http://fb.me/,Luxury Housing,https://www.facebook.com/ads/library/?id=1483266896612423,"🌴 Own Your Resort Studio in North Goa’s Most Promising Destination!
Experience luxury resort-style living with stunning coastal vibes, high rental potential & smart investment opportunities.

✨ Pay Just 2% Per Month Till Possession
✨ Premium Location – North Goa
✨ Ideal for Holiday Homes & Airbnb Income
✨ High Appreciation Potential
✨ Limited Inventory Launching Soon

📩 Enquire Now & Get Pre-Launch Benefits!",11046,Get quote,fb.me,"FACEBOOK; INSTAGRAM; AUDIENCE_NETWORK",2026-05-25,2026-06-17,,Original: https://scontent.fjai6-1.fna.fbcdn.net/v/t39.35426-6/707232356_1616917136047588_2695565535132583175_n.jpg?_nc_cat=107&ccb=1-7&_nc_sid=c53f8f&_nc_ohc=U1SoZIqSMt0Q7kNvwGfXipn&_nc_oc=Adp_QZUqL5lsAohCB9KB8DiYemnAVrlfeCJUF7qJtYHtmUmXE0aZlZ5QXmlN8OkHaBRDgUBQjkpdHoVn-BPbCP3q&_nc_zt=14&_nc_ht=scontent.fjai6-1.fna&_nc_gid=hYUcpBXuL84a7Q8rJpE1TQ&_nc_ss=7b289&oh=00_Af89-w29sMJEeB7-VEQcZ6aOrjxihUtgueYprCTg7eIbmg&oe=6A382EE4 | Resized: https://scontent.fjai6-1.fna.fbcdn.net/v/t39.35426-6/708124349_2719772851728432_5926302514420372492_n.jpg?stp=dst-jpg_s600x600_tt6&_nc_cat=106&ccb=1-7&_nc_sid=c53f8f&_nc_ohc=EiDkRGXx9YsQ7kNvwHIDiTu&_nc_oc=Adpbm80SWWfQEN3yh5JsdVYIzpdztwv4yo_GeGsk_M-ieFynYTo_96JxPVjIBpczL9UeLWkFr-0gO7jV8YHsd3q7&_nc_zt=14&_nc_ht=scontent.fjai6-1.fna&_nc_gid=hYUcpBXuL84a7Q8rJpE1TQ&_nc_ss=7b289&oh=00_Af8uhmZ-ebiws7g4SNr7da_Suv99BsHIdoqF4TI7WN11PQ&oe=6A383AC2,,,,,,
1522008846178475,https://www.facebook.com/100094935908748/,fb.me,https://www.facebook.com/100094935908748/,,,,,,,,,109506968883777,http://fb.me/,Raymond's Realty,https://www.facebook.com/ads/library/?id=1522008846178475,"Coming Soon by Raymond's 

📍Bandra 

2 BHK Wide Deck 2.5 Cr* 
3 BHK Wide Deck 3.5 Cr*

✅PROJECT HIGHLIGHT
▪ Avail Pre Launch Benefits Now 
▪ Only 5 Mins From BKC 
▪ Delivered Projects before Commitment 
▪ Most Reputed Developer of Mumbai
▪ Plethora of Luxury Amenities 
▪ Premium Residence with Spacious Deck
▪ 3 Mins from Bandra Station

Call us for More Details : 9321524897",114,Download,fb.me,"FACEBOOK; INSTAGRAM",2026-05-31,2026-06-17,,Original: https://scontent.fjai6-1.fna.fbcdn.net/v/t39.35426-6/680896559_1292801796138281_1550143654393287059_n.jpg?_nc_cat=107&ccb=1-7&_nc_sid=c53f8f&_nc_ohc=kMLd2K86Xj8Q7kNvwGCu3rh&_nc_oc=Adpm6piA2PmsvR53EuqKIVoijSNabj2CebLThcj_8fQnVC0xk5KLqV_B407ChhraDifJtYnqu847HLVnOGTBCoBB&_nc_zt=14&_nc_ht=scontent.fjai6-1.fna&_nc_gid=hYUcpBXuL84a7Q8rJpE1TQ&_nc_ss=7b289&oh=00_Af8_iCvDa3Q6iIPt_Ad-gFV1rtG8pO5uDXJmIZ5iUVvQwA&oe=6A383208 | Resized: https://scontent.fjai6-1.fna.fbcdn.net/v/t39.35426-6/679059392_1517524443053318_997388016912986705_n.jpg?stp=dst-jpg_s600x600_tt6&_nc_cat=108&ccb=1-7&_nc_sid=c53f8f&_nc_ohc=MHIl91TuhVIQ7kNvwFoVK5I&_nc_oc=Adp4Cnq_IvHl5vEyXKez2S-iRxABc5zOmYiFv7OnImoA7BhHXUKJC1pIE1ZbkUPqURvw0zXWbCKwrBPgFG6Zxrp_&_nc_zt=14&_nc_ht=scontent.fjai6-1.fna&_nc_gid=hYUcpBXuL84a7Q8rJpE1TQ&_nc_ss=7b289&oh=00_Af8FhAXu5SwPhVUNl4U4DPdZ2FnLuBB2ppMy9XCQy1fr7A&oe=6A383395,,,,,,
1508326997526197,https://www.facebook.com/proptimes.org/,fb.me,https://www.facebook.com/proptimes.org/,,,,marketing@proptimes.org,+91 95354 84441,,,,137382786135432,http://fb.me/,Prop Times,https://www.facebook.com/ads/library/?id=1508326997526197,"Introducing Godrej Bannerghatta Road — where luxury meets lifestyle in South Bangalore!
🏙️ Premium 2, 3 & 4 BHK Residences
From ₹1.29 Cr onwards*, crafted for discerning homeowners who value quality, space, and elegance.
✨ Project Features:
🏡 35-Acre Master-Planned Township
🏊‍♂️ Swimming Pool & Leisure Decks
🛡️ Advanced Security Systems
🍳 Modular Kitchens
🏢 Luxury Clubhouse
🌳 Landscaped Gardens
🎾 Sports & Recreation Facilities
🚪 Grand Entrance
🎮 Indoor & Kids' Zones
🏋️ Fitness Center
🌿 Jogging Tracks
🚗 Prime Connectivity:
📍 Bannerghatta Road Location
🏢 15-20 mins* to Electronic City
🚇 Near Namma Metro (Gottigere)
🛣️ NICE Road & ORR Access
🚗 10 mins* to Main Road
🏥 Hospitals: Apollo, Fortis (5-10 mins*)
🏫 Schools: Greenwood, DPS, Inventure
🛍️ Malls: Royal Meenakshi, Central
✈️ 45 mins* to Airport
🏭 IT Parks: Infosys, Wipro, Biocon
🍽️ Restaurants & Cafés
🚴 HSR, Koramangala Access
🏞️ Near National Park
🎁 Pre-Launch Offers Available!
*T&C Apply
👉 Download Brochure Now!
📞 Book Today!",2546,Get quote,fb.me,"FACEBOOK; INSTAGRAM",2026-04-11,2026-06-16,,Original: https://scontent.fjai6-1.fna.fbcdn.net/v/t39.35426-6/669594056_3077189149139968_248119223293776350_n.jpg?_nc_cat=106&ccb=1-7&_nc_sid=c53f8f&_nc_ohc=ZSBNrQLAYGEQ7kNvwEKPfA5&_nc_oc=AdrU8-ktkq5zNy2taMHUXDLZRHbwwsPgr_iz425xXtJA-DkTWpXtXtS0kL2Wy9Hl1sIN2OknUod8ZA4qeg1g51OJ&_nc_zt=14&_nc_ht=scontent.fjai6-1.fna&_nc_gid=hYUcpBXuL84a7Q8rJpE1TQ&_nc_ss=7b289&oh=00_Af9_X5EdYIHUl1YMCqwneZjww2CoJnCQV1pOlD9p51guCg&oe=6A384C78 | Resized: https://scontent.fjai6-1.fna.fbcdn.net/v/t39.35426-6/671723865_964096749410789_2930992661398650911_n.jpg?stp=dst-jpg_s600x600_tt6&_nc_cat=109&ccb=1-7&_nc_sid=c53f8f&_nc_ohc=R_VWDMEqpNMQ7kNvwE0yjKl&_nc_oc=Adpm51VGc6aOGH8Gcj-wO4RnG24uPcbOpZVeBZB-Qq93OFtrgMeXcg2Bnk-laRks0HLr9_YGV-grNKDjEAD1lUfR&_nc_zt=14&_nc_ht=scontent.fjai6-1.fna&_nc_gid=hYUcpBXuL84a7Q8rJpE1TQ&_nc_ss=7b289&oh=00_Af8Fxqig5wOkQMb6KBmioV0maCtXLIoBfp5jFfRcMwk6XA&oe=6A3851F7,,,,,,
1217597907009855,https://www.facebook.com/61578854150529/,fb.me,https://www.facebook.com/61578854150529/,,,,,,,,,721978380997805,http://fb.me/,High End Properties,https://www.facebook.com/ads/library/?id=1217597907009855,"🚨 Wakad’s Most Awaited New Launch | 📍 Near Shani Mandir Road

🏗️ Crafted by Pune’s Most Trusted Developer

✨ Why This Address Is Unmissable

🏆 50+ Curated Lifestyle Amenities
👗 Walk-In Wardrobes in Every Residence
🌿 Dual Balconies for Airy, Open Living
🛋️ Grand Living & Dining Areas
🛣️ Just 5 Minutes from Mumbai–Bangalore Highway
⏳ Assured Possession in 3 Years",21,Get offer,fb.me,"FACEBOOK; INSTAGRAM",2026-01-19,2026-06-17,HD: https://video.fjai6-1.fna.fbcdn.net/o1/v/t2/f2/m366/AQNYsDZ4FxOASGKmc17gxdupRSIZsvXfvde8wMQtqpZB8FBbFHqIkYRpXm9hRP4ZjJKcqqlgMt9dPyJuFW3Bs6EVhdcHdwD3YAUHw59dKffVvA.mp4?_nc_cat=106&_nc_oc=Adr4Bi2gP-hzxeayig49EgWB3KrA61TiJ8irA95SJsiLRfzRHUxT32mVeTkYOZewAN_UcHAJiF16wXmvwWsNcir0&_nc_sid=b66105&_nc_ht=video.fjai6-1.fna.fbcdn.net&_nc_ohc=uk1AwbQP9OUQ7kNvwErq7i5&efg=eyJ2ZW5jb2RlX3RhZyI6Inhwdl9wcm9ncmVzc2l2ZS5WSV9VU0VDQVNFX1BST0RVQ1RfVFlQRS4uQzMuNzIwLmRhc2hfaDI2NC1iYXNpYy1nZW4yXzcyMHAiLCJ4cHZfYXNzZXRfaWQiOjE0Mjc1NjAxNDIzMjc5NTksImFzc2V0X2FnZV9kYXlzIjoxNDgsInZpX3VzZWNhc2VfaWQiOjEwNzk5LCJkdXJhdGlvbl9zIjo2MSwidXJsZ2VuX3NvdXJjZSI6Ind3dyJ9&ccb=17-1&vs=1c34af13df82439&_nc_vs=HBksFQIYRWZiX2VwaGVtZXJhbC9DNjQyRTg2RUREOTM2QTEzNEFGRENGNEU1M0QxOTNCMV9tdF8xX3ZpZGVvX2Rhc2hpbml0Lm1wNBUAAsgBEgAVAhhAZmJfcGVybWFuZW50Lzc1NEQ4MTUxNjFERDREMDFDQkQzRkYwOTFEMEI3REI3X2F1ZGlvX2Rhc2hpbml0Lm1wNBUCAsgBEgAoABgAGwKIB3VzZV9vaWwBMRJwcm9ncmVzc2l2ZV9yZWNpcGUBMRUAACauwu7y95aJBRUCKAJDMywXQE6AAAAAAAAYGWRhc2hfaDI2NC1iYXNpYy1nZW4yXzcyMHARAHUAZd6oAQA&_nc_gid=hYUcpBXuL84a7Q8rJpE1TQ&_nc_ss=7b289&_nc_zt=28&oh=00_Af9cCG6rzrup2kwPYe_XaLUav7bl-2xjDqvV3y8xJhNy3Q&oe=6A384AEE | SD: https://video.fjai6-1.fna.fbcdn.net/o1/v/t2/f2/m412/AQMeSQ5NwlvEChQ4FogOzZVOuIpDT8kYnU0vf83GBKqxg_mDlHGuAO-neaBuydy_-NvHa8rn_OpF7qOXAti6m7IV__kKQkN78ypMh46Z_A.mp4?_nc_cat=109&_nc_oc=AdpIMcCpHA57Efytc6UZ45Js_ayhAcAeAc_8JRBVoyjB7FHHWkqg7NyNGW598UpIjehSjoOC75MyCKlcFvnIslwG&_nc_sid=ef5aa3&_nc_ht=video.fjai6-1.fna.fbcdn.net&_nc_ohc=vfEbcjosf2wQ7kNvwHvUhNf&efg=eyJ2ZW5jb2RlX3RhZyI6Inhwdl9wcm9ncmVzc2l2ZS5WSV9VU0VDQVNFX1BST0RVQ1RfVFlQRS4uQzMuMzYwLnN2ZV9zZCIsInhwdl9hc3NldF9pZCI6MTQyNzU2MDE0MjMyNzk1OSwiYXNzZXRfYWdlX2RheXMiOjE0OCwidmlfdXNlY2FzZV9pZCI6MTA3OTksImR1cmF0aW9uX3MiOjYxLCJ1cmxnZW5fc291cmNlIjoid3d3In0%3D&ccb=17-1&_nc_gid=hYUcpBXuL84a7Q8rJpE1TQ&_nc_ss=7b289&_nc_zt=28&oh=00_Af8zCdwr8QdB8WHnu4m9V0iZM5L4g5fbwBMGx5I8YXz7Ug&oe=6A384795 | Preview: https://scontent.fjai6-1.fna.fbcdn.net/v/t39.35426-6/615925867_1963798337680935_3341759660795444460_n.jpg?_nc_cat=107&ccb=1-7&_nc_sid=c53f8f&_nc_ohc=06I3mt73DJsQ7kNvwF1IYpP&_nc_oc=AdrYTCXvFt-uJACbtMGvLSqE7S2-_YABYrBkf5mGc6WQ1tVWzCF1x6H7lkMcHNoDpI6JkdSM1ffMds50-B6PsYZc&_nc_zt=14&_nc_ht=scontent.fjai6-1.fna&_nc_gid=hYUcpBXuL84a7Q8rJpE1TQ&_nc_ss=7b289&oh=00_Af9Ftl2NSNzZTU-8IL8C2kWOARiImCwcnbKKP1Q12tCCsg&oe=6A38656B,,,,,,,
1888258491888709,https://www.facebook.com/proptimes.org/,fb.me,https://www.facebook.com/proptimes.org/,,,,marketing@proptimes.org,+91 95354 84441,,,,137382786135432,http://fb.me/,Prop Times,https://www.facebook.com/ads/library/?id=1888258491888709,"🚨 Pre-Launch Alert on Bannerghatta Road!
Godrej brings a ~33 Acre master-planned luxury township in South Bangalore 🌿

✨ Premium 2, 3 & 4 BHK residences
🍃 ~80% open & green spaces
🏖️ Resort-style amenities & low-density living
📍 Bannerghatta Rd | JP Nagar | BTM | NICE Rd | Upcoming Pink Line Metro

💰 Register EOI to unlock:
✔ Lowest pre-launch pricing
✔ Priority unit selection
✔ Strong appreciation potential

⏳ Limited pre-launch window open now!
👉 Register your Expression of Interest today.",2546,Get quote,fb.me,"FACEBOOK; INSTAGRAM",2026-05-19,2026-06-16,,Original: https://scontent.fjai6-1.fna.fbcdn.net/v/t39.35426-6/700907726_970980832411971_2941291203037907687_n.jpg?_nc_cat=103&ccb=1-7&_nc_sid=c53f8f&_nc_ohc=i6UH3cMFNZUQ7kNvwFnK7FE&_nc_oc=AdpMrBW_CnegH_iybEuPN65GlcaO4s68cde10lBt5bcKQngc4A30M752M-kGTSzwX9UkQ8bz-g21AAvpL7wIwhCI&_nc_zt=14&_nc_ht=scontent.fjai6-1.fna&_nc_gid=ydBOn9KZAP2AnDnnZEjxbA&_nc_ss=7b289&oh=00_Af89litWOxuBFapc18zBfNAIXHXnRtVhGK3HEl-b5iTq0g&oe=6A3831ED | Resized: https://scontent.fjai6-1.fna.fbcdn.net/v/t39.35426-6/703776718_997497066064087_124182567297915143_n.jpg?stp=dst-jpg_s600x600_tt6&_nc_cat=101&ccb=1-7&_nc_sid=c53f8f&_nc_ohc=H47NjNGPBkwQ7kNvwFenTBW&_nc_oc=AdpTjCCgT-KxCtXK4d_dMwBdK9tsSi-Sg-SQa2jqE13CVBzIwPpc8cv7nTkDsDktzoRqoJvQ4eKs1Dj09_BMhg1V&_nc_zt=14&_nc_ht=scontent.fjai6-1.fna&_nc_gid=ydBOn9KZAP2AnDnnZEjxbA&_nc_ss=7b289&oh=00_Af_vkLPR_xiKbrnYIXGxZK-wTSCgm2LRSue_KT8nSfVjpQ&oe=6A384D84,,,,,,
3013920495485913,https://www.facebook.com/ClanDevelopers/,,https://www.facebook.com/ClanDevelopers/,,,,info@clandevelopers.com.pk,+92 330 8884445,,,,100114932870539,,Clan Developers,https://www.facebook.com/ads/library/?id=3013920495485913,"𝐈𝐧𝐭𝐫𝐨𝐝𝐮𝐜𝐢𝐧𝐠 𝐌𝐨𝐬𝐭 𝐒𝐩𝐚𝐜𝐢𝐨𝐮𝐬 𝐂𝐥𝐚𝐧 𝐇𝐨𝐦𝐞𝐬 𝐛𝐲 𝐂𝐥𝐚𝐧 𝐃𝐞𝐯𝐞𝐥𝐨𝐩𝐞𝐫𝐬!
Step into a world where modern design meets timeless comfort.
𝐂𝐥𝐚𝐧 𝐃𝐞𝐯𝐞𝐥𝐨𝐩𝐞𝐫𝐬 — renowned for their commitment to quality, innovation, and trust — proudly present Clan Homes, an exclusive collection of the most spacious Town Houses in Etihad Town Phase II, Lahore.
Each home is thoughtfully crafted with elegant architecture, smart layouts, and premium finishes, offering an elevated lifestyle for families who seek luxury, space, and community living — all in one perfect address.
📍 Located in the heart of Etihad Town Phase II
📞 For more details: +92 330 8884445
.
.
.
#ClanHomes #ClanDevelopers #EtihadTown #EtihadTownPhase2 #EtihadTownOfficial #LahoreRealEstate #LuxuryLiving #ModernTownhouses #PropertyInvestment #DreamHome #NewLaunch #LahoreHomes #RealEstatePakistan #SmartLiving #TownhouseDesign #ClanHomesEtihadTown #ContemporaryLiving #LahoreProperty #MostSpaciousTownhouses",24851,Send WhatsApp message,,"FACEBOOK; INSTAGRAM; AUDIENCE_NETWORK; MESSENGER; THREADS",2026-02-05,2026-06-17,HD: https://video.fjai6-1.fna.fbcdn.net/o1/v/t2/f2/m366/AQPnYpu6aa6D5s4_ezEFTb2Hj5uRapto7nst2S-K8of2TrzlQtI1sOMtXqOtbRL5RhkODXMxrA0iEn9Wzi9rxV9Rg5D-T619LvA3Iu4tTDA3xg.mp4?_nc_cat=100&_nc_oc=AdplmNoOlY9ZV7V6rqMnoSOIfAIsIoQr-57JoqTe1xT8UVvnfUw2nMn5M4BRVg3HRaT_GV2-55MEPaalXwqH1StJ&_nc_sid=b66105&_nc_ht=video.fjai6-1.fna.fbcdn.net&_nc_ohc=wV3Cw0GDt5QQ7kNvwEU5P9j&efg=eyJ2ZW5jb2RlX3RhZyI6Inhwdl9wcm9ncmVzc2l2ZS5WSV9VU0VDQVNFX1BST0RVQ1RfVFlQRS4uQzMuNzIwLmRhc2hfaDI2NC1iYXNpYy1nZW4yXzcyMHAiLCJ4cHZfYXNzZXRfaWQiOjIxOTY3MjUxMDA4MjM4MTUsImFzc2V0X2FnZV9kYXlzIjoyNDAsInZpX3VzZWNhc2VfaWQiOjEwMTIyLCJkdXJhdGlvbl9zIjo1NywidXJsZ2VuX3NvdXJjZSI6Ind3dyJ9&ccb=17-1&vs=f2cf3ffb2f487091&_nc_vs=HBksFQIYRWZiX2VwaGVtZXJhbC8wNTQzRjNFQkZGODYzOTU0NTRDNDlGNTREOTFDMzg4OF9tdF8xX3ZpZGVvX2Rhc2hpbml0Lm1wNBUAAsgBEgAVAhhAZmJfcGVybWFuZW50LzlFNEE0NEVDQzY1QzY4NkFBN0Q5REY5Q0E4RjJCQUJDX2F1ZGlvX2Rhc2hpbml0Lm1wNBUCAsgBEgAoABgAGwKIB3VzZV9vaWwBMRJwcm9ncmVzc2l2ZV9yZWNpcGUBMRUAACaOlO60nfrmBxUCKAJDMywXQEy3bItDlYEYGWRhc2hfaDI2NC1iYXNpYy1nZW4yXzcyMHARAHUAZZSeAQA&_nc_gid=ydBOn9KZAP2AnDnnZEjxbA&_nc_ss=7b289&_nc_zt=28&oh=00_Af_7tnPRzGEqcEQg5n9y5YZh-TM3uRTyLzI76Lq929cyvw&oe=6A385EA0 | SD: https://video.fjai6-1.fna.fbcdn.net/o1/v/t2/f2/m412/AQOP_boKkeQt7AbhOLf13HigQwZGJutjH5y9kKgeKYtQuEyT2SrWFMWcUuVmtRT-C1uutEK2n36oAT4jo5iZSHhHQ486KvmAsXfv2mqrHw.mp4?_nc_cat=102&_nc_oc=Adq5cQedYWiHdkH4s0S-_NGhZBOQbw77FamjGTfKSxEP-mCqjEdIakVb5S6aP1m0kxZzXA7FRpqoARLvsfRacam-&_nc_sid=ef5aa3&_nc_ht=video.fjai6-1.fna.fbcdn.net&_nc_ohc=Jtq4N1zn5d4Q7kNvwGhvVUg&efg=eyJ2ZW5jb2RlX3RhZyI6Inhwdl9wcm9ncmVzc2l2ZS5WSV9VU0VDQVNFX1BST0RVQ1RfVFlQRS4uQzMuMzYwLnN2ZV9zZCIsInhwdl9hc3NldF9pZCI6MjE5NjcyNTEwMDgyMzgxNSwiYXNzZXRfYWdlX2RheXMiOjI0MCwidmlfdXNlY2FzZV9pZCI6MTAxMjIsImR1cmF0aW9uX3MiOjU3LCJ1cmxnZW5fc291cmNlIjoid3d3In0%3D&ccb=17-1&_nc_gid=ydBOn9KZAP2AnDnnZEjxbA&_nc_ss=7b289&_nc_zt=28&oh=00_Af8qvLHKxeZMDv7orI0BzB6hqC1_QUAqt8n5e4n6iYDXeg&oe=6A382EFC | Preview: https://scontent.fjai6-1.fna.fbcdn.net/v/t39.35426-6/641648056_1855198791856532_289336718511372824_n.jpg?_nc_cat=104&ccb=1-7&_nc_sid=c53f8f&_nc_ohc=YM6FMXUOHsAQ7kNvwH3ww2w&_nc_oc=Adoy_tRMNh5Qn0x8D3zwxUkLltf3tQZ-CM_TIh_PS8utgCsXB__QFZdFnrQX_K0suDJFhli5y849HZy7O-b9eJFG&_nc_zt=14&_nc_ht=scontent.fjai6-1.fna&_nc_gid=ydBOn9KZAP2AnDnnZEjxbA&_nc_ss=7b289&oh=00_Af8N4utsvZ20C5cyjxwTmgqVcF9MrJN4g5wUIBDNE7a6vQ&oe=6A383E10,,,,,,,
1696384324764056,https://www.facebook.com/srioaMIG/,fb.me,https://www.facebook.com/srioaMIG/,,,,,+91 95019 24693,,,,100731202578415,http://fb.me/,SRIOA - A Unit of MIG Holding,https://www.facebook.com/ads/library/?id=1696384324764056,"⚠️ PRE-LAUNCH ALERT — SRIOA

Mohali Ka Sabse Bada Luxury Project Is Here.

📍 Sec 115 · NH205A & PR-6
🏢 29 Floors · 8.25 Acres
🛏️ 2 BHK @ ₹6,500/Sq Ft
🔖 Booking Starts at ₹20 Lakh Only

Once Launched — This Price Is Gone Forever.

Call Now: +91 78886 73320",574,Book now,fb.me,"FACEBOOK; INSTAGRAM; AUDIENCE_NETWORK",2026-03-31,2026-06-16,,Original: https://scontent.fjai6-1.fna.fbcdn.net/v/t39.35426-6/650566221_952728440435580_3123538652007790105_n.jpg?_nc_cat=103&ccb=1-7&_nc_sid=c53f8f&_nc_ohc=N-sfG9sbnfQQ7kNvwEh4XGs&_nc_oc=AdrS4t---pT9-JS8IEllf1-1RP-3jDDy-cvl92yWy_e-yGOAQqaxXzlFLdNYuqtp6UUZ8-i8M6mOB0aHqZlBqGMx&_nc_zt=14&_nc_ht=scontent.fjai6-1.fna&_nc_gid=ydBOn9KZAP2AnDnnZEjxbA&_nc_ss=7b289&oh=00_Af-IiWKLitWlstZBGPTjz5ZqsQ7lARSwLx_yUf58DUtP0A&oe=6A384B70 | Resized: https://scontent.fjai6-1.fna.fbcdn.net/v/t39.35426-6/651246292_1625549952112129_7371281234036234629_n.jpg?stp=dst-jpg_s600x600_tt6&_nc_cat=110&ccb=1-7&_nc_sid=c53f8f&_nc_ohc=JaZhSYHbZMwQ7kNvwHfKqFO&_nc_oc=AdpVi3S96PB_2juS6KrHD6EqZCWp_aXw6TCfdIJVavnIe2X82gp5-kPMF3G3dPDM1T9FbCNcYS3Rllo-u97sPhMO&_nc_zt=14&_nc_ht=scontent.fjai6-1.fna&_nc_gid=ydBOn9KZAP2AnDnnZEjxbA&_nc_ss=7b289&oh=00_Af9_-RGwgDIf-vj2AtdfFJ2p155kR6ryI4Dofqx9fP-XMQ&oe=6A385582,,,,,,
1384904900057972,https://www.facebook.com/amanoraparktown/,fb.me,https://www.facebook.com/amanoraparktown/,,,,info@amanora.com,+91 97670 12345,,,,177703722242330,http://fb.me/,Amanora Park Town,https://www.facebook.com/ads/library/?id=1384904900057972,"Discover a new standard of living at Amanora Gateway Towers, Hadapsar.
Homes starting from ₹2.26 Cr*, where iconic design, breathtaking views, and unmatched luxury come together.


✅ Premium Blue Orchid Club & rooftop access
✅ Designed for elite urban living
✅ Within a 400-acre integrated township
✅ Sunrise-to-sunset panoramic views

Your address of pride awaits. Enquire Today!",103915,Get quote,fb.me,"FACEBOOK; INSTAGRAM",2026-04-03,2026-06-15,,,"Discover a new standard of living at Amanora Gateway Towers, Hadapsar.
Homes starting from ₹2.26 Cr*, where iconic design, breathtaking views, and unmatched luxury come together.


✅ Premium Blue Orchid Club & rooftop access
✅ Designed for elite urban living
✅ Within a 400-acre integrated township
✅ Sunrise-to-sunset panoramic views

Your address of pride awaits. Enquire Today! || Discover a new standard of living at Amanora Gateway Towers, Hadapsar.
Homes starting from ₹2.26 Cr*, where iconic design, breathtaking views, and unmatched luxury come together.


✅ Premium Blue Orchid Club & rooftop access
✅ Designed for elite urban living
✅ Within a 400-acre integrated township
✅ Sunrise-to-sunset panoramic views

Your address of pride awaits. Enquire Today! || Discover a new standard of living at Amanora Gateway Towers, Hadapsar.
Homes starting from ₹2.26 Cr*, where iconic design, breathtaking views, and unmatched luxury come together.


✅ Premium Blue Orchid Club & rooftop access
✅ Designed for elite urban living
✅ Within a 400-acre integrated township
✅ Sunrise-to-sunset panoramic views

Your address of pride awaits. Enquire Today!",http://fb.me/ || http://fb.me/ || http://fb.me/,,Get Quote || Get Quote || Get Quote,,HD: https://video.fjai6-1.fna.fbcdn.net/o1/v/t2/f2/m366/AQPESwj8EXvr8f-GpcKEP-jOmKjyKUYr9ZrF31yCZhU_9niB3O55yIS2rP3TAvT5z_KEljkstbpbHcQiZ0fHo4t1sc-HyyirCiDNXIhBei31Yg.mp4?_nc_cat=101&_nc_oc=AdoVeEHsFLKly6SfB-IaC198BKZGAs4Fh00yrjaaq_Ldrm2Wf6OzCki5csoBhKwDSG-SyXMq6UNKhXm9YBgrdWxR&_nc_sid=b66105&_nc_ht=video.fjai6-1.fna.fbcdn.net&_nc_ohc=SbrfuoDrBSsQ7kNvwE9Gtlu&efg=eyJ2ZW5jb2RlX3RhZyI6Inhwdl9wcm9ncmVzc2l2ZS5WSV9VU0VDQVNFX1BST0RVQ1RfVFlQRS4uQzMuNzIwLmRhc2hfaDI2NC1iYXNpYy1nZW4yXzcyMHAiLCJ4cHZfYXNzZXRfaWQiOjIxNDAxNzgxMjY1MjI0NTMsImFzc2V0X2FnZV9kYXlzIjo3NiwidmlfdXNlY2FzZV9pZCI6MTA3OTksImR1cmF0aW9uX3MiOjI5LCJ1cmxnZW5fc291cmNlIjoid3d3In0%3D&ccb=17-1&vs=a3b7a4006ab3afcc&_nc_vs=HBksFQIYRWZiX2VwaGVtZXJhbC84ODRFMDk3QjUzMEQ3ODY0NUZEOUNBN0MxMkM1MEI5Q19tdF8xX3ZpZGVvX2Rhc2hpbml0Lm1wNBUAAsgBEgAVAhhAZmJfcGVybWFuZW50LzUzNEY5NENBOEI1MkI1MDk2MjYyMkE4RERERUVEQjhBX2F1ZGlvX2Rhc2hpbml0Lm1wNBUCAsgBEgAoABgAGwKIB3VzZV9vaWwBMRJwcm9ncmVzc2l2ZV9yZWNpcGUBMRUAACaqoebP4Z7NBxUCKAJDMywXQD3u2RaHKwIYGWRhc2hfaDI2NC1iYXNpYy1nZW4yXzcyMHARAHUAZd6oAQA&_nc_gid=ydBOn9KZAP2AnDnnZEjxbA&_nc_ss=7b289&_nc_zt=28&oh=00_Af-kQfPsy_8n2nYZqbqb6m_cKF5lKg59z23xRivxJfGzqA&oe=6A384993 | SD: https://video.fjai6-1.fna.fbcdn.net/o1/v/t2/f2/m412/AQMvvYqE49gsij__eaXjyzMFVC7igeJ4eLDe7BqcXcTTklIfnBwasnj0n_p7WW_gB4171kurTn4bP9hTJFLh38ea9DMdE_YPLJOtGNpWxA.mp4?_nc_cat=109&_nc_oc=AdoRagqV0bki2wut2XBqhp9DYKj3dbMXaf0DsuU2eTApzW5ZtyXQuimJW564HL4KMS9BTsw1pmrZp9s7aG1DeXIR&_nc_sid=ef5aa3&_nc_ht=video.fjai6-1.fna.fbcdn.net&_nc_ohc=29VqqDHINtwQ7kNvwE5uRA_&efg=eyJ2ZW5jb2RlX3RhZyI6Inhwdl9wcm9ncmVzc2l2ZS5WSV9VU0VDQVNFX1BST0RVQ1RfVFlQRS4uQzMuMzYwLnN2ZV9zZCIsInhwdl9hc3NldF9pZCI6MjE0MDE3ODEyNjUyMjQ1MywiYXNzZXRfYWdlX2RheXMiOjc2LCJ2aV91c2VjYXNlX2lkIjoxMDc5OSwiZHVyYXRpb25fcyI6MjksInVybGdlbl9zb3VyY2UiOiJ3d3cifQ%3D%3D&ccb=17-1&_nc_gid=ydBOn9KZAP2AnDnnZEjxbA&_nc_ss=7b289&_nc_zt=28&oh=00_Af_umcsQCkcROTEIUlw3ABIbPkGXdbF5sYDpAUqwyzPXzw&oe=6A383A4D | Preview: https://scontent.fjai6-1.fna.fbcdn.net/v/t39.35426-6/658935116_1108566754785124_7646363988084889321_n.jpg?_nc_cat=106&ccb=1-7&_nc_sid=c53f8f&_nc_ohc=4ypzSL8sbLMQ7kNvwHmgOFN&_nc_oc=AdoqM1KCWuKHt6nhK_xAyAieTTtbjKY9AB_JSI1OAW1haoqa9u9de64uBlc7tKwRa16QS6wrE1qr7KiJfNuiyiUM&_nc_zt=14&_nc_ht=scontent.fjai6-1.fna&_nc_gid=ydBOn9KZAP2AnDnnZEjxbA&_nc_ss=7b289&oh=00_Af-BdrO2SoZsSQDzryldV7NUHKKXRHI9aWVsWOBHt9z-ow&oe=6A384E08 || SD: https://video.fjai6-1.fna.fbcdn.net/o1/v/t2/f2/m412/AQMCSByR_t6nvjzdFDnzEd_qh0r9RIb1J-urqwnBpx3RMl2ayxY05uHDE5OBTNVASWOIdVjF1kuKBoakE9TN3NhwS_lkJkU4R_EsxSldOw.mp4?_nc_cat=103&_nc_oc=AdpXxC5yqZZVnZzRcSEugeQpqGvsOW9xUNALTxMzL48rpFVhEiwX9yQDVLLjRkMGsUyyNUfkWC0Q6TtlHq2zipd3&_nc_sid=ef5aa3&_nc_ht=video.fjai6-1.fna.fbcdn.net&_nc_ohc=MKOUkWf4d7gQ7kNvwEEW0Xk&efg=eyJ2ZW5jb2RlX3RhZyI6Inhwdl9wcm9ncmVzc2l2ZS5WSV9VU0VDQVNFX1BST0RVQ1RfVFlQRS4uQzMuNjQwLnN2ZV9zZCIsInhwdl9hc3NldF9pZCI6MTQzODE0NDQ4NDQ2OTUwNSwiYXNzZXRfYWdlX2RheXMiOjc2LCJ2aV91c2VjYXNlX2lkIjoxMDc5OSwiZHVyYXRpb25fcyI6MzAsInVybGdlbl9zb3VyY2UiOiJ3d3cifQ%3D%3D&ccb=17-1&_nc_gid=ydBOn9KZAP2AnDnnZEjxbA&_nc_ss=7b289&_nc_zt=28&oh=00_Af-aG703X0XA7HI7rFzDAyyo6U6euCs_FPUsZAJruUPfMA&oe=6A3836BF | Preview: https://scontent.fjai6-1.fna.fbcdn.net/v/t39.35426-6/659589839_1677027830324343_9129921258897378819_n.jpg?_nc_cat=100&ccb=1-7&_nc_sid=c53f8f&_nc_ohc=khcKnMf8mHAQ7kNvwGxSnwe&_nc_oc=AdpXlTnw2IzLPC5asT6dfMpbCEor9usbvk9qgoQ6_Hlencx8UynjgpoPTcQb2uaMVW30tCpHdQMY5Vr6wobHodr8&_nc_zt=14&_nc_ht=scontent.fjai6-1.fna&_nc_gid=ydBOn9KZAP2AnDnnZEjxbA&_nc_ss=7b289&oh=00_Af_b7ohLPqYGGIU6ohqsqocb-Tx0FXCFG84nN5U_cIupCw&oe=6A385D0B || HD: https://video.fjai6-1.fna.fbcdn.net/o1/v/t2/f2/m366/AQOg3U7GC91A324wA6HEstAW55EFd8C0fDHIy_dIOwKSna3iyPwxFYnGzCIz-Z-jnCzsdrLeYraQIB3gFUJgI34WXTzPc2N5H5i-440hRs2TbQ.mp4?_nc_cat=103&_nc_oc=AdoW02yVtFUyTk6dNIINKMG1uNMWvdmTjNfQQgAcoH8Njle1_goZn_mdkZC_vxfMRJSCxRHp3Ji338ZOk5ir7gnm&_nc_sid=b66105&_nc_ht=video.fjai6-1.fna.fbcdn.net&_nc_ohc=Xs-a7dkGs-kQ7kNvwGuFzvC&efg=eyJ2ZW5jb2RlX3RhZyI6Inhwdl9wcm9ncmVzc2l2ZS5WSV9VU0VDQVNFX1BST0RVQ1RfVFlQRS4uQzMuNzIwLmRhc2hfaDI2NC1iYXNpYy1nZW4yXzcyMHAiLCJ4cHZfYXNzZXRfaWQiOjEyNTU5MzgxMDY3NDMxNzIsImFzc2V0X2FnZV9kYXlzIjo3NiwidmlfdXNlY2FzZV9pZCI6MTA3OTksImR1cmF0aW9uX3MiOjMwLCJ1cmxnZW5fc291cmNlIjoid3d3In0%3D&ccb=17-1&vs=446cc68e963cd652&_nc_vs=HBksFQIYRWZiX2VwaGVtZXJhbC84RDQwNEUxQ0Q2NTI1QUJDRDEzQjgwMzBCMTREMEFBM19tdF8xX3ZpZGVvX2Rhc2hpbml0Lm1wNBUAAsgBEgAVAhhAZmJfcGVybWFuZW50LzhCNDc5MjJCMjE2RUExMTVCNERGNDc1RTVFN0I5RUI1X2F1ZGlvX2Rhc2hpbml0Lm1wNBUCAsgBEgAoABgAGwKIB3VzZV9vaWwBMRJwcm9ncmVzc2l2ZV9yZWNpcGUBMRUAACaI5rKLnJG7BBUCKAJDMywXQD4AAAAAAAAYGWRhc2hfaDI2NC1iYXNpYy1nZW4yXzcyMHARAHUAZd6oAQA&_nc_gid=ydBOn9KZAP2AnDnnZEjxbA&_nc_ss=7b289&_nc_zt=28&oh=00_Af8Pvvmb5NT5HeyiHDhA0Hg2A478acuOsul1GpI_L8Oagg&oe=6A386101 | SD: https://video.fjai6-1.fna.fbcdn.net/o1/v/t2/f2/m412/AQORxXmNb7sBa3SE3sfCbUnSUk4ieifDe4UyxWzpLTk14EXsmp53SdIIlhF1Lgij4ZW7fUaFyZWLqnzCrblV1WoA8IAh8el3U5OKF0wkGg.mp4?_nc_cat=110&_nc_oc=AdoMxbn0NbICZYMY3jgAdXmglI2do56pl8NELPg4sWArtTppyKYJ7kgV7EH29l6RMxt0PEPhvYhdxn6unFe0zXko&_nc_sid=ef5aa3&_nc_ht=video.fjai6-1.fna.fbcdn.net&_nc_ohc=FuDUE7uCSmMQ7kNvwFd35m1&efg=eyJ2ZW5jb2RlX3RhZyI6Inhwdl9wcm9ncmVzc2l2ZS5WSV9VU0VDQVNFX1BST0RVQ1RfVFlQRS4uQzMuMzYwLnN2ZV9zZCIsInhwdl9hc3NldF9pZCI6MTI1NTkzODEwNjc0MzE3MiwiYXNzZXRfYWdlX2RheXMiOjc2LCJ2aV91c2VjYXNlX2lkIjoxMDc5OSwiZHVyYXRpb25fcyI6MzAsInVybGdlbl9zb3VyY2UiOiJ3d3cifQ%3D%3D&ccb=17-1&_nc_gid=ydBOn9KZAP2AnDnnZEjxbA&_nc_ss=7b289&_nc_zt=28&oh=00_Af9iycCJ7pFdhnKuTx8sL96JaamKaGELgK9q1Uf5rcm2Vg&oe=6A3839AC | Preview: https://scontent.fjai6-1.fna.fbcdn.net/v/t39.35426-6/659154231_953942217573081_5718748909533816688_n.jpg?_nc_cat=101&ccb=1-7&_nc_sid=c53f8f&_nc_ohc=Bfeku1RiqrAQ7kNvwGqm6jZ&_nc_oc=Adpoi0WxGZjLqRrFoIQEy1W814vqa2-pKgUAlOmyApzZuO1HoWTwcRklAtlksaB2Zsoc-frnMcPJpLr2V-az4-U7&_nc_zt=14&_nc_ht=scontent.fjai6-1.fna&_nc_gid=ydBOn9KZAP2AnDnnZEjxbA&_nc_ss=7b289&oh=00_Af-Tt8KxvazTw0Y6rLW8L6M9urXCNrI3fgYPkUewzwtRGw&oe=6A385197
3352273674960493,https://www.facebook.com/suryaprojectskolkata/,fb.me,https://www.facebook.com/suryaprojectskolkata/,,,,,,,,,101398213047024,http://fb.me/,Surya Projects,https://www.facebook.com/ads/library/?id=3352273674960493,"Pre-book premium luxury residences near EM Bypass.

Spacious 2750–7000 sq.ft. homes crafted for modern elite living.

Starting ₹3.75 Cr.

Limited pre-launch inventory – enquire today.",259,Get quote,fb.me,"FACEBOOK; INSTAGRAM; AUDIENCE_NETWORK",2026-04-30,2026-06-17,HD: https://video.fjai6-1.fna.fbcdn.net/o1/v/t2/f2/m366/AQOCBilvJ0FXGnnKiju13M3x-uOGiUyFnC0ueYgWUikWQdJJFGfT51IfUQYVFFIooDBHGIMrNFJcGyVpwGeQyelQ-iZGqLmx2jOJ__dEQ-VIxQ.mp4?_nc_cat=103&_nc_oc=Ado9020seVdsN_lHM9GXbhNs3bnRiIE3ToTHYY6qzEEe1D3BaVhMd-68Nx__kFhEjRuhe-0Vaz8raq8eQqEynNIO&_nc_sid=b66105&_nc_ht=video.fjai6-1.fna.fbcdn.net&_nc_ohc=Ea7KFNUhw5gQ7kNvwFlkEK1&efg=eyJ2ZW5jb2RlX3RhZyI6Inhwdl9wcm9ncmVzc2l2ZS5WSV9VU0VDQVNFX1BST0RVQ1RfVFlQRS4uQzMuNzIwLmRhc2hfaDI2NC1iYXNpYy1nZW4yXzcyMHAiLCJ4cHZfYXNzZXRfaWQiOjM1MzMzODUwNjE5NTkzNzIxLCJhc3NldF9hZ2VfZGF5cyI6NDgsInZpX3VzZWNhc2VfaWQiOjEwNzk5LCJkdXJhdGlvbl9zIjo0MSwidXJsZ2VuX3NvdXJjZSI6Ind3dyJ9&ccb=17-1&vs=f2b5345a1fa792b9&_nc_vs=HBksFQIYRWZiX2VwaGVtZXJhbC85NTRGMzg4Mzc4OEMyOTUzMzhCRjkyQUY0OTI0NkVCMF9tdF8xX3ZpZGVvX2Rhc2hpbml0Lm1wNBUAAsgBEgAVAhhAZmJfcGVybWFuZW50LzRENEEzNjkyQjA1MDk1RDYzMkYyMTZCMUVCNzA3Q0E5X2F1ZGlvX2Rhc2hpbml0Lm1wNBUCAsgBEgAoABgAGwKIB3VzZV9vaWwBMRJwcm9ncmVzc2l2ZV9yZWNpcGUBMRUAACbyj9Lr5fzDfRUCKAJDMywXQETVP3ztkWgYGWRhc2hfaDI2NC1iYXNpYy1nZW4yXzcyMHARAHUAZd6oAQA&_nc_gid=RTRhzXVRZSmsNEcMkSFUAw&_nc_ss=7b289&_nc_zt=28&oh=00_Af9FoQD_fYsNQHIRjnQWTkTchUbB9F-jJL7xpxjDA5XS-Q&oe=6A3837C5 | SD: https://video.fjai6-1.fna.fbcdn.net/o1/v/t2/f2/m412/AQOqrWzcPXE5QkZBCAG8QE7daLl6LBKr_XnCSbMzUs030aWRZheGavH2UDJmT09nyvSn0orUzPwMej-cvksDF_xlqP37LQ4GYMUKvPCZnw.mp4?_nc_cat=100&_nc_oc=AdpamZjAIinJTxRANr3LG3XvueK4-pxE1b1-yYetMQaBslFdQYRAZgVWw5i8Ln2A2mCuQRpDDg9_SbLt83lHYcoK&_nc_sid=ef5aa3&_nc_ht=video.fjai6-1.fna.fbcdn.net&_nc_ohc=ccB6ErcrmRcQ7kNvwFp53X1&efg=eyJ2ZW5jb2RlX3RhZyI6Inhwdl9wcm9ncmVzc2l2ZS5WSV9VU0VDQVNFX1BST0RVQ1RfVFlQRS4uQzMuMzYwLnN2ZV9zZCIsInhwdl9hc3NldF9pZCI6MzUzMzM4NTA2MTk1OTM3MjEsImFzc2V0X2FnZV9kYXlzIjo0OCwidmlfdXNlY2FzZV9pZCI6MTA3OTksImR1cmF0aW9uX3MiOjQxLCJ1cmxnZW5fc291cmNlIjoid3d3In0%3D&ccb=17-1&_nc_gid=RTRhzXVRZSmsNEcMkSFUAw&_nc_ss=7b289&_nc_zt=28&oh=00_Af_WDklKpruWl72Dy4HEH2MiQdN6LehEflKF1PMuY1T0-A&oe=6A383E92 | Preview: https://scontent.fjai6-1.fna.fbcdn.net/v/t39.35426-6/687038309_962435813058158_8018005182955032329_n.jpg?_nc_cat=106&ccb=1-7&_nc_sid=c53f8f&_nc_ohc=UFAn123lfoYQ7kNvwFr2PsF&_nc_oc=Ado-zAU-Ccw4A9AXFstDBDuCRh6Qjbdu5pSIgyg6InkPCPNYsrWJWj3nvYLrsZykrXHxJIgYaD4Rr7XqLGvKlvic&_nc_zt=14&_nc_ht=scontent.fjai6-1.fna&_nc_gid=RTRhzXVRZSmsNEcMkSFUAw&_nc_ss=7b289&oh=00_Af9K9NSyRhq1aDa4JdGKzPMOB0FeXeMbWC5lkHdy0tXkzw&oe=6A384A46,,,,,,,
1548892483266991,https://www.facebook.com/housiey/,fb.me,https://www.facebook.com/housiey/,,,,sales@housiey.com,+91 80974 52839,,,,216444252147750,http://fb.me/,Housiey,https://www.facebook.com/ads/library/?id=1548892483266991,"Sattva Group New Launch ""Lago"", Next to Neopolis Circle, Hyderabad
✅7.76 Acres- 2 Towers- 45 Floors
✅3/4 BHK - ₹3.40 Cr Onwards
✅Metro Stn- 5min | Financial District- 5min
✅50+ Luxurious Amenities
✅Exclusive Pre-Launch Discounts
✅Booking Window Open Now
✅Housiey Rera No. A3930003703",31911,Download,fb.me,"FACEBOOK; INSTAGRAM",2026-06-06,2026-06-17,,Original: https://scontent.fjai6-1.fna.fbcdn.net/v/t39.35426-6/715550359_1504013291232990_5728245470117252210_n.jpg?_nc_cat=104&ccb=1-7&_nc_sid=c53f8f&_nc_ohc=l1-NS9UOKdgQ7kNvwHOIEuw&_nc_oc=AdpmhwhCk0xMgvnHrZYE21Qgve5Ol_du_duziYZbSl_zNoUbb7-3Pw5ezrE20dX1m85u7WzKIpkS55p7JNx2NDDU&_nc_zt=14&_nc_ht=scontent.fjai6-1.fna&_nc_gid=RTRhzXVRZSmsNEcMkSFUAw&_nc_ss=7b289&oh=00_Af-OQ-bOvN_U9YPd2VoMsUE1y7JXyog2Sp_INJQcrCjf6A&oe=6A384668 | Resized: https://scontent.fjai6-1.fna.fbcdn.net/v/t39.35426-6/714830671_27508023235482316_6580077337457242644_n.jpg?stp=dst-jpg_s600x600_tt6&_nc_cat=109&ccb=1-7&_nc_sid=c53f8f&_nc_ohc=w6l94jYUKcAQ7kNvwH8OEpA&_nc_oc=AdpXXvKG1clOxZxO4lyhkY-KUWz1QBTxKEjNAiDJ9IqtekjcTIVP3B3kqqs8KdARAO-lYJ2ARksn-kZH1065V5NG&_nc_zt=14&_nc_ht=scontent.fjai6-1.fna&_nc_gid=RTRhzXVRZSmsNEcMkSFUAw&_nc_ss=7b289&oh=00_Af-u_xb_76gYvMOQ1OtpkVmK7MDzQJGyGwnv4kosY5UxKA&oe=6A385438,,,,,,
1676255623534234,https://www.facebook.com/61578496714739/,fb.me,https://www.facebook.com/61578496714739/,,,,,,,,,1049132921616534,http://fb.me/,Gaur New Launch,https://www.facebook.com/ads/library/?id=1676255623534234,"🚨 Pre-Launch Alert on Yamuna Expressway!
Invest in fully furnished luxury studio apartments at BENTO by Gaurs, Sector 19.
Earn high rental income with strong appreciation potential.
Limited units starting from ₹85 Lakhs*.",13,Book now,fb.me,"FACEBOOK; INSTAGRAM",2026-03-21,2026-06-16,,Original: https://scontent.fjai6-1.fna.fbcdn.net/v/t39.35426-6/656203543_1623269255655099_7570424807087030923_n.jpg?_nc_cat=106&ccb=1-7&_nc_sid=c53f8f&_nc_ohc=7Sljnba9aQ4Q7kNvwGWhzkv&_nc_oc=AdrkV59OVLRFX5X-YQJigGjrurtsCJhpJWkYlGSSvU2-6o_-6o9CSB53BhkJdIlY7ns3WvemZiU4hSVpmsxiWzBt&_nc_zt=14&_nc_ht=scontent.fjai6-1.fna&_nc_gid=gm0up31XVt3E5yyjSL7HSA&_nc_ss=7b289&oh=00_Af9WFHsqUE5H14_EMQssGabSALc85kT6ZpBQf5k010RCuQ&oe=6A38584D | Resized: https://scontent.fjai6-1.fna.fbcdn.net/v/t39.35426-6/654436980_959035773353274_5394436906208258796_n.jpg?stp=dst-jpg_s600x600_tt6&_nc_cat=102&ccb=1-7&_nc_sid=c53f8f&_nc_ohc=qS6lzLC9yO8Q7kNvwF49umR&_nc_oc=AdoTYtKJaEUBZsBvul2Qpz2aw95-UiumzyWKWHfrcGO2e8xCUqK8PgyGGIIWB8cXmUcwn33L3K1VpPGbC5BMgyct&_nc_zt=14&_nc_ht=scontent.fjai6-1.fna&_nc_gid=gm0up31XVt3E5yyjSL7HSA&_nc_ss=7b289&oh=00_Af8sUGAdDa2Dr07gaYYpigWaHNrgx5iJ_-zpP_X5bedI5g&oe=6A3851CC,,,,,,
35878841801762590,https://www.facebook.com/61589300987536/,fb.me,https://www.facebook.com/61589300987536/,,,,,,,,,1169713976219333,http://fb.me/,Poulomi Florique,https://www.facebook.com/ads/library/?id=35878841801762590,"A Rare Address Where Luxury Blossoms Naturally 🌸

Imagine waking up to open greens, peaceful spaces, and a lifestyle designed around wellness and elegance.

Welcome to Poulomi Florique a landmark floral-themed community offering spacious 3 & 3.5 BED Residences crafted for modern families who seek more from life.

🌿 85% Open Spaces
🏡 No Common Walls for Enhanced Privacy
✨ 55+ Premium Lifestyle Amenities
🌎 Pre-Certified IGBC Platinum Community

Spacious Luxury Residences from 1585 to 2740 sq.ft.

📍 Thanisandra | Opp to Upcoming Manyata SEZ

Pre-Launch Priority Access is now open.
Own more than a beautiful home - own a lifestyle inspired by nature, space, and timeless luxury.

Click on ""Get Quote"" for more details.",1,Learn more,fb.me,"FACEBOOK; INSTAGRAM",2026-06-04,2026-06-17,,,"A Rare Address Where Luxury Blossoms Naturally 🌸

Imagine waking up to open greens, peaceful spaces, and a lifestyle designed around wellness and elegance.

Welcome to Poulomi Florique a landmark floral-themed community offering spacious 3 & 3.5 BED Residences crafted for modern families who seek more from life.

🌿 85% Open Spaces
🏡 No Common Walls for Enhanced Privacy
✨ 55+ Premium Lifestyle Amenities
🌎 Pre-Certified IGBC Platinum Community

Spacious Luxury Residences from 1585 to 2740 sq.ft.

📍 Thanisandra | Opp to Upcoming Manyata SEZ

Pre-Launch Priority Access is now open.
Own more than a beautiful home - own a lifestyle inspired by nature, space, and timeless luxury.

Click on ""Get Quote"" for more details. || A Rare Address Where Luxury Blossoms Naturally 🌸

Imagine waking up to open greens, peaceful spaces, and a lifestyle designed around wellness and elegance.

Welcome to Poulomi Florique a landmark floral-themed community offering spacious 3 & 3.5 BED Residences crafted for modern families who seek more from life.

🌿 85% Open Spaces
🏡 No Common Walls for Enhanced Privacy
✨ 55+ Premium Lifestyle Amenities
🌎 Pre-Certified IGBC Platinum Community

Spacious Luxury Residences from 1585 to 2740 sq.ft.

📍 Thanisandra | Opp to Upcoming Manyata SEZ

Pre-Launch Priority Access is now open.
Own more than a beautiful home - own a lifestyle inspired by nature, space, and timeless luxury.

Click on ""Get Quote"" for more details. || A Rare Address Where Luxury Blossoms Naturally 🌸

Imagine waking up to open greens, peaceful spaces, and a lifestyle designed around wellness and elegance.

Welcome to Poulomi Florique a landmark floral-themed community offering spacious 3 & 3.5 BED Residences crafted for modern families who seek more from life.

🌿 85% Open Spaces
🏡 No Common Walls for Enhanced Privacy
✨ 55+ Premium Lifestyle Amenities
🌎 Pre-Certified IGBC Platinum Community

Spacious Luxury Residences from 1585 to 2740 sq.ft.

📍 Thanisandra | Opp to Upcoming Manyata SEZ

Pre-Launch Priority Access is now open.
Own more than a beautiful home - own a lifestyle inspired by nature, space, and timeless luxury.

Click on ""Get Quote"" for more details. || A World That Blossoms Around You 🌸

Imagine waking up to wide-open greens, peaceful surroundings, and a lifestyle built on wellness and grace.

Welcome to Poulomi Florique — a landmark, floral-inspired community offering spacious 3 & 3.5 BHK residences crafted for modern families ready to embrace more from life.

🌿 85% open spaces
🏡 No common walls – for complete privacy
✨ 55+ premium lifestyle amenities
🌎 Pre-certified IGBC Platinum community

Spacious luxury residences: 1,585 – 2,740 sq. ft.

📍 Thanisandra | Opposite the upcoming Manyata SEZ

Pre-launch priority access is now open.
Own more than a beautiful home — own a lifestyle shaped by nature, space, and timeless luxury.

👉 Click on ""Get Quote"" for more details.",http://fb.me/ || http://fb.me/ || http://fb.me/ || http://fb.me/,,Learn More || Learn More || Learn More || Learn More,Original: https://scontent.fjai6-1.fna.fbcdn.net/v/t39.35426-6/714949217_1012529661697082_7752348030765798866_n.jpg?_nc_cat=107&ccb=1-7&_nc_sid=c53f8f&_nc_ohc=oxRmumZp1REQ7kNvwHcE20A&_nc_oc=Adq_d9E1aXNuUayf1-CdOl2Az-3WXCc1MJcvvA6Zf6vQh1hpSuNFr10XHHmEhUbADEu0iMEDf8FpEBRjstIm4fA9&_nc_zt=14&_nc_ht=scontent.fjai6-1.fna&_nc_gid=N3pOsjjm_ze6VF9IfdhdVg&_nc_ss=7b289&oh=00_Af8S-9hrSmRdmGbfAQJwuZIwBrerIFDvEhHeQiwzdwdomA&oe=6A383FD4 | Resized: https://scontent.fjai6-1.fna.fbcdn.net/v/t39.35426-6/716230782_1264423745591648_586494020664941489_n.jpg?stp=dst-jpg_s600x600_tt6&_nc_cat=100&ccb=1-7&_nc_sid=c53f8f&_nc_ohc=a62rpUFFGZoQ7kNvwE3htQy&_nc_oc=Adr_0Xq6KZYFZ8bWnUidEnyPkg_LHjl6fzeIdleLTny8RHB_iGELPdxq5qJB5i23eTfT8_qVLYzmgGQ17jk682Ql&_nc_zt=14&_nc_ht=scontent.fjai6-1.fna&_nc_gid=N3pOsjjm_ze6VF9IfdhdVg&_nc_ss=7b289&oh=00_Af8M3kqFSYTk1w0cRvBOydkR9XGzA6EvD-NQZUXe0ETk3A&oe=6A385B52 || Original: https://scontent.fjai6-1.fna.fbcdn.net/v/t39.35426-6/714949217_1012529661697082_7752348030765798866_n.jpg?_nc_cat=107&ccb=1-7&_nc_sid=c53f8f&_nc_ohc=oxRmumZp1REQ7kNvwHcE20A&_nc_oc=Adq_d9E1aXNuUayf1-CdOl2Az-3WXCc1MJcvvA6Zf6vQh1hpSuNFr10XHHmEhUbADEu0iMEDf8FpEBRjstIm4fA9&_nc_zt=14&_nc_ht=scontent.fjai6-1.fna&_nc_gid=N3pOsjjm_ze6VF9IfdhdVg&_nc_ss=7b289&oh=00_Af8S-9hrSmRdmGbfAQJwuZIwBrerIFDvEhHeQiwzdwdomA&oe=6A383FD4 | Resized: https://scontent.fjai6-1.fna.fbcdn.net/v/t39.35426-6/716230782_1264423745591648_586494020664941489_n.jpg?stp=dst-jpg_s600x600_tt6&_nc_cat=100&ccb=1-7&_nc_sid=c53f8f&_nc_ohc=a62rpUFFGZoQ7kNvwE3htQy&_nc_oc=Adr_0Xq6KZYFZ8bWnUidEnyPkg_LHjl6fzeIdleLTny8RHB_iGELPdxq5qJB5i23eTfT8_qVLYzmgGQ17jk682Ql&_nc_zt=14&_nc_ht=scontent.fjai6-1.fna&_nc_gid=N3pOsjjm_ze6VF9IfdhdVg&_nc_ss=7b289&oh=00_Af8M3kqFSYTk1w0cRvBOydkR9XGzA6EvD-NQZUXe0ETk3A&oe=6A385B52 || Original: https://scontent.fjai6-1.fna.fbcdn.net/v/t39.35426-6/714949213_1021024250260725_6801968113955713801_n.jpg?_nc_cat=104&ccb=1-7&_nc_sid=c53f8f&_nc_ohc=7xrN_PmVQrgQ7kNvwHo8ltf&_nc_oc=AdrQB-xhpEV4FzTE5UR5IbeGUNyiWlzdqro34QDusTuZcsRMunXNOI3ywaOuorMbf5qnchww_UG-lMovpK41tpwi&_nc_zt=14&_nc_ht=scontent.fjai6-1.fna&_nc_gid=N3pOsjjm_ze6VF9IfdhdVg&_nc_ss=7b289&oh=00_Af8bx49h_dUr4IwFU2bOERpUX2-HhtvVP63Spy_GemyPfA&oe=6A385E25 | Resized: https://scontent.fjai6-1.fna.fbcdn.net/v/t39.35426-6/717289081_1525146305901808_2192512015600191233_n.jpg?stp=dst-jpg_s600x600_tt6&_nc_cat=107&ccb=1-7&_nc_sid=c53f8f&_nc_ohc=PaYbk0IZozMQ7kNvwEDM6jX&_nc_oc=AdoJ6l2R62QSuj_9Rl0UUo3COu-gklFpMzywMICuc_bvkd_HGvHhN-J6v_u5amqFi3IbItoSEdKjDgrYCN978M6_&_nc_zt=14&_nc_ht=scontent.fjai6-1.fna&_nc_gid=N3pOsjjm_ze6VF9IfdhdVg&_nc_ss=7b289&oh=00_Af_ruVVu_i_pmBXPDgN8leH8sVBIB6GbwNq-0WWSxJDJsA&oe=6A3850E9 || Original: https://scontent.fjai6-1.fna.fbcdn.net/v/t39.35426-6/714949217_1012529661697082_7752348030765798866_n.jpg?_nc_cat=107&ccb=1-7&_nc_sid=c53f8f&_nc_ohc=oxRmumZp1REQ7kNvwHcE20A&_nc_oc=Adq_d9E1aXNuUayf1-CdOl2Az-3WXCc1MJcvvA6Zf6vQh1hpSuNFr10XHHmEhUbADEu0iMEDf8FpEBRjstIm4fA9&_nc_zt=14&_nc_ht=scontent.fjai6-1.fna&_nc_gid=N3pOsjjm_ze6VF9IfdhdVg&_nc_ss=7b289&oh=00_Af8S-9hrSmRdmGbfAQJwuZIwBrerIFDvEhHeQiwzdwdomA&oe=6A383FD4 | Resized: https://scontent.fjai6-1.fna.fbcdn.net/v/t39.35426-6/716230782_1264423745591648_586494020664941489_n.jpg?stp=dst-jpg_s600x600_tt6&_nc_cat=100&ccb=1-7&_nc_sid=c53f8f&_nc_ohc=a62rpUFFGZoQ7kNvwE3htQy&_nc_oc=Adr_0Xq6KZYFZ8bWnUidEnyPkg_LHjl6fzeIdleLTny8RHB_iGELPdxq5qJB5i23eTfT8_qVLYzmgGQ17jk682Ql&_nc_zt=14&_nc_ht=scontent.fjai6-1.fna&_nc_gid=N3pOsjjm_ze6VF9IfdhdVg&_nc_ss=7b289&oh=00_Af8M3kqFSYTk1w0cRvBOydkR9XGzA6EvD-NQZUXe0ETk3A&oe=6A385B52,
1626024131756283,https://www.facebook.com/61584782794679/,api.whatsapp.com,https://www.facebook.com/61584782794679/,,,,,+91 90326 11309,,,,934460153077728,https://api.whatsapp.com/send,Vajra West City,https://www.facebook.com/ads/library/?id=1626024131756283,"Hyderabad’s next landmark is rising in Tellapur — and this is your chance to own it.

2.5, 3 & 4 BHK luxury homes in 6 G+38 towers, spread across 12.95 acres with a 147,000 sq.ft clubhouse, rooftop infinity pool & skydeck.

Pre-launch bookings open now. Limited units.",2,Send WhatsApp message,api.whatsapp.com,"FACEBOOK; INSTAGRAM; AUDIENCE_NETWORK; MESSENGER; WHATSAPP",2026-01-29,2026-06-17,,Original: https://scontent.fjai6-1.fna.fbcdn.net/v/t39.35426-6/623244905_873832115539494_5710266162560391724_n.jpg?_nc_cat=107&ccb=1-7&_nc_sid=c53f8f&_nc_ohc=OT8cYLZlENcQ7kNvwFGSHm7&_nc_oc=Adr7kebT6y-zx2Gw3yncb4LRcBilIYVTlbAsPDDSOfKMLcb1j0sqw-uwQAKHaClxOEULWUo_t0sMzk_kmviLDx-o&_nc_zt=14&_nc_ht=scontent.fjai6-1.fna&_nc_gid=Za4nRB6E5rzciFDWfrCukA&_nc_ss=7b289&oh=00_Af-iLfzxdRQbZCu77nSaRBbE0vy7pMOh4z3-1E7L3SWW8Q&oe=6A383D5C | Resized: https://scontent.fjai6-1.fna.fbcdn.net/v/t39.35426-6/621902458_755987500439189_4934396462071418213_n.jpg?stp=dst-jpg_s600x600_tt6&_nc_cat=102&ccb=1-7&_nc_sid=c53f8f&_nc_ohc=ir41C64WzVIQ7kNvwFmVyN2&_nc_oc=Adr03BmgDKLBHZu-s26L_BSPJMjScDMkXNYJbzggceSVQLqfM_0Rdk01MyDUzpbKYjGW_QXyKI_qZlcZx1DJAjN9&_nc_zt=14&_nc_ht=scontent.fjai6-1.fna&_nc_gid=Za4nRB6E5rzciFDWfrCukA&_nc_ss=7b289&oh=00_Af91YP_Ij_05N2Kbc1GCVph9fPeJ-pSCvzIXQSUcEbBmhA&oe=6A384B3B,,,,,,
2235207337216463,https://www.facebook.com/Prelaunchpropertybangalore/,fb.me,https://www.facebook.com/Prelaunchpropertybangalore/,,,,,+91 8071 174 234,,,,628112107051706,http://fb.me/,Pre Launch Property Bangalore,https://www.facebook.com/ads/library/?id=2235207337216463,"🏙️ The Future of Luxury on Sarjapur Road

Own a premium 3 & 4 BHK residence at one of Bengaluru's most sought-after locations.

✅ Opp. Wipro Office, Sarjapur Main Road
✅ Seamless connectivity to Whitefield & Electronic City
✅ 440+ Exclusive Homes
✅ Priority Booking Now Open
✅ EOI Starts at ₹2 Lakhs",181,See details,fb.me,"FACEBOOK; INSTAGRAM",2026-06-11,2026-06-17,,,"🏙️ The Future of Luxury on Sarjapur Road

Own a premium 3 & 4 BHK residence at one of Bengaluru's most sought-after locations.

✅ Opp. Wipro Office, Sarjapur Main Road
✅ Seamless connectivity to Whitefield & Electronic City
✅ 440+ Exclusive Homes
✅ Priority Booking Now Open
✅ EOI Starts at ₹2 Lakhs || 🏙️ The Future of Luxury on Sarjapur Road

Own a premium 3 & 4 BHK residence at one of Bengaluru's most sought-after locations.

✅ Opp. Wipro Office, Sarjapur Main Road
✅ Seamless connectivity to Whitefield & Electronic City
✅ 440+ Exclusive Homes
✅ Priority Booking Now Open
✅ EOI Starts at ₹2 Lakhs || 🏙️ The Future of Luxury on Sarjapur Road

Own a premium 3 & 4 BHK residence at one of Bengaluru's most sought-after locations.

✅ Opp. Wipro Office, Sarjapur Main Road
✅ Seamless connectivity to Whitefield & Electronic City
✅ 440+ Exclusive Homes
✅ Priority Booking Now Open
✅ EOI Starts at ₹2 Lakhs",http://fb.me/ || http://fb.me/ || http://fb.me/,,See Details || See Details || See Details,Original: https://scontent.fjai6-1.fna.fbcdn.net/v/t39.35426-6/722042584_1532603811785641_2720121114778487210_n.jpg?_nc_cat=108&ccb=1-7&_nc_sid=c53f8f&_nc_ohc=nCd0Jdaxv6IQ7kNvwE6UiVY&_nc_oc=Adq3tn1E0_fbGmsYoadggFnCiSbTq5Fd5p_Z7VBq_-noe-NG1vrq86oYII8S6HZVb0dxZbqp7zxnjvnPT5ryjQTv&_nc_zt=14&_nc_ht=scontent.fjai6-1.fna&_nc_gid=15SWrqNgsOUMcAdMvmkLuA&_nc_ss=7b289&oh=00_Af8Bq_H7m4IQMLOkeWDFRdxmXD2GUfKB6xJVzfwYF4bnFQ&oe=6A383D56 | Resized: https://scontent.fjai6-1.fna.fbcdn.net/v/t39.35426-6/722521045_1542397084279627_4817510657947644950_n.jpg?stp=dst-jpg_s600x600_tt6&_nc_cat=110&ccb=1-7&_nc_sid=c53f8f&_nc_ohc=B7KyWrm2AqwQ7kNvwEvm1JE&_nc_oc=Adru3Bhb9QojjXVYWkl0mti8AGT7xTBsZ1t5_ZUf7xOSdFK95JyJcjfUyfx6wkdpgIML6f27vg4x6MTuhXW_VQ_T&_nc_zt=14&_nc_ht=scontent.fjai6-1.fna&_nc_gid=15SWrqNgsOUMcAdMvmkLuA&_nc_ss=7b289&oh=00_Af_ly4Umt84Yv-eNg7hCqRTSvqlVEfTWHIBBM7HtcGn8EQ&oe=6A384962 || Original: https://scontent.fjai6-1.fna.fbcdn.net/v/t39.35426-6/721036068_1021518730294089_7824668628665688610_n.jpg?_nc_cat=110&ccb=1-7&_nc_sid=c53f8f&_nc_ohc=5hbdGUAgwC0Q7kNvwHAV9dT&_nc_oc=Adov2tAEgnV4P7MQGrQyfKwlSHgh_4400k4uu0uTT7zPXusIrkpVP9oo8KY1C4W6H3jU_zMppVYclzUGTeELHntK&_nc_zt=14&_nc_ht=scontent.fjai6-1.fna&_nc_gid=15SWrqNgsOUMcAdMvmkLuA&_nc_ss=7b289&oh=00_Af_k_WpD-qeDabajVSCoaXDWA_qhnuLMhME-t1hobjPvIg&oe=6A383AFF | Resized: https://scontent.fjai6-1.fna.fbcdn.net/v/t39.35426-6/720696806_1904532673567473_4276086696180747501_n.jpg?stp=dst-jpg_s600x600_tt6&_nc_cat=103&ccb=1-7&_nc_sid=c53f8f&_nc_ohc=VgT7ZgiGRVcQ7kNvwEzLVqX&_nc_oc=AdqCJs2k6oIj6Xza5UC2BVC6_kguov7Jh2Wg7yIqa131H0RREelJnwaHvETBjDS2_sBWQswcOADFpHWfCbUC5giN&_nc_zt=14&_nc_ht=scontent.fjai6-1.fna&_nc_gid=15SWrqNgsOUMcAdMvmkLuA&_nc_ss=7b289&oh=00_Af8wmxtkKqF6tBVVsFDwgUFjYskTIyrpH_XTeHuUjJerig&oe=6A3832B3 || Original: https://scontent.fjai6-1.fna.fbcdn.net/v/t39.35426-6/720243865_973395915320138_229897669071563785_n.jpg?_nc_cat=107&ccb=1-7&_nc_sid=c53f8f&_nc_ohc=v9RJC4CoIIwQ7kNvwGjjqGL&_nc_oc=AdpL7rafepfc1fUD0LdTSvrGbTipjm9QFOxlrK5barGicmHU-6fWtPnnK1P4AFUdhD_kKT5BLcE5K_2NL2pOBuY4&_nc_zt=14&_nc_ht=scontent.fjai6-1.fna&_nc_gid=15SWrqNgsOUMcAdMvmkLuA&_nc_ss=7b289&oh=00_Af_GgHLZEvocDlJmNbwTeRl5q_MRcdgIBivxYEMMw00_qg&oe=6A3835D1 | Resized: https://scontent.fjai6-1.fna.fbcdn.net/v/t39.35426-6/720445150_1003348165818641_6815730973277012120_n.jpg?stp=dst-jpg_s600x600_tt6&_nc_cat=109&ccb=1-7&_nc_sid=c53f8f&_nc_ohc=-FtUHpWuO1UQ7kNvwFZ_jog&_nc_oc=AdrBF8zzzwEftO1UZdAjDOdECUI_qP8Neix9JUAicUfcKrPKa9GrwzqNLSD7C3SCY29MfcfPCuXkTg_33PSdtz0Q&_nc_zt=14&_nc_ht=scontent.fjai6-1.fna&_nc_gid=15SWrqNgsOUMcAdMvmkLuA&_nc_ss=7b289&oh=00_Af8BwI0sebe5Bfgt74NSZMZiO132RiEcckpWyZezoMoH9Q&oe=6A38306D,
1511273353881537,https://www.facebook.com/matsyaworld/,instagram.com,https://www.facebook.com/matsyaworld/,http://instagram.com/matsyaworld,,,info@matsyaworld.com,+91 95997 77781,,,,294783794034637,http://instagram.com/matsyaworld,Matsya,https://www.facebook.com/ads/library/?id=1511273353881537,"Vintage Bridal 2026/27
Royal Portraits 

Pre Launch Preview | 13th June onwards
Exclusively At:
South Extension, New Delhi

Over the last decade, the Matsya aesthetic has quietly evolved into a language of its own, one rooted in romance, artistry, and a reverence for craft. With Royal Portraits, the newest addition to our Vintage Bridal Line, we take this journey further, creating a collection for the culturally rooted bride who seeks timelessness, yet desires an elevated and contemporary expression of it.

Credits:
Art Direction - @gopalikavirmani 
Photography - @hormisantonytharakan 
Jewellery - @pctandsons
Muse - @manyamitra
MUA - @ashima.kapoor",172265,Visit Instagram profile,instagram.com,INSTAGRAM,2026-06-11,2026-06-17,,,  ||  ,http://instagram.com/matsyaworld || http://instagram.com/matsyaworld,instagram.com || instagram.com,Visit Instagram Profile || Visit Instagram Profile,Original: https://scontent.fjai6-1.fna.fbcdn.net/v/t39.35426-6/722097990_1329859569106259_1048116349375392908_n.jpg?_nc_cat=111&ccb=1-7&_nc_sid=c53f8f&_nc_ohc=t3CbZ76b33EQ7kNvwEKLiG8&_nc_oc=AdosptmHle12tzmVRGqQv1WtMruNMEGV1rLQEQHDSeFfiUiQ1CVWq5iau-F4_AnuGqudmOnN8kekDopHV2k-h_fo&_nc_zt=14&_nc_ht=scontent.fjai6-1.fna&_nc_gid=15SWrqNgsOUMcAdMvmkLuA&_nc_ss=7b289&oh=00_Af8tGIt7Gmi2qp6QUuu194RttiZLUE_3K-tMTnqiOWAEGQ&oe=6A385B53 | Resized: https://scontent.fjai6-1.fna.fbcdn.net/v/t39.35426-6/720540652_1522112029352717_2056548333502313427_n.jpg?stp=dst-jpg_s600x600_tt6&_nc_cat=101&ccb=1-7&_nc_sid=c53f8f&_nc_ohc=erYjOTnSIkUQ7kNvwEbC6u_&_nc_oc=Adrv4CUWupbOwGJR0GCvfOJUx-wv_Th-IbtxKF6hTXQ_MWTpdUd-8KB-YXo7MOAKUK5zW4qchkYcz12tUexBkbnL&_nc_zt=14&_nc_ht=scontent.fjai6-1.fna&_nc_gid=15SWrqNgsOUMcAdMvmkLuA&_nc_ss=7b289&oh=00_Af8YxMN_Q3_DGrTO4Z5XLEP5EtCz6trx8ZMB0wz4iQxbSw&oe=6A385B59 || Original: https://scontent.fjai6-1.fna.fbcdn.net/v/t39.35426-6/720101166_1479649053362563_2223570349744312132_n.jpg?_nc_cat=111&ccb=1-7&_nc_sid=c53f8f&_nc_ohc=IX5NJLZeWwkQ7kNvwEI4hSW&_nc_oc=AdoRK1GBt45-fER0FtCVpwzH3_0DspYU4W5E_H9cTCq2tyUp8amOmSRWrh_pxHuBs3YTcB8o0QnSnGpcHrfZc_xO&_nc_zt=14&_nc_ht=scontent.fjai6-1.fna&_nc_gid=15SWrqNgsOUMcAdMvmkLuA&_nc_ss=7b289&oh=00_Af9XSA4Jc8oo_yFuNntt5RAogIYnZ1YYOWjbC7Tp4vFwtw&oe=6A385935 | Resized: https://scontent.fjai6-1.fna.fbcdn.net/v/t39.35426-6/721169884_1423907549783468_4983193674048965794_n.jpg?stp=dst-jpg_s600x600_tt6&_nc_cat=103&ccb=1-7&_nc_sid=c53f8f&_nc_ohc=3EIro0f8IWMQ7kNvwH8rrS-&_nc_oc=AdoXWCPoiLK6Wcv5W37jzwVmdqUZ89MbWlEht6zYaytqQAASdO-XWTlD6KWFPhQnYObkf8IJExzvbNaG6Z_VTXvQ&_nc_zt=14&_nc_ht=scontent.fjai6-1.fna&_nc_gid=15SWrqNgsOUMcAdMvmkLuA&_nc_ss=7b289&oh=00_Af9JsNqTKBrAzPZned-ZyGa6JQTmXcjFmZPzJ1xyPJpAKw&oe=6A385882,
1968975433702675,https://www.facebook.com/61553857323080/,fb.me,https://www.facebook.com/61553857323080/,,,,,,,,,128985380308352,http://fb.me/,Pune New Launch,https://www.facebook.com/ads/library/?id=1968975433702675,"🏡Biggest Launch Near Baner Pashan Link Road, High Rise Towers.
Connected to Pune Mumbai, Bangalore Highway 

✨ Key Project Highlights:
✅ Floors: 4 Level Park + 27 Floors
✅ First high-rise tower in Kothrud
✅ 50+ Lifestyle Amenities on 3 levels
✅ Tech-enabled homes

📐 Configurations:
✅ 2 BHK: (780 Sq.ft - 900+ Sqft)
✅ 3 BHK: (1060 sqft - 1400+Sqft)
✅ 4 BHK: (1777 sqft - 2000+ Sqft)
✅ Simplex & Duplex Available

📍 Location Highlights:
✅ Located near Vanaz Metro Station 
✅ Hospital at walkable distance
✅ International Schools & Colleges Near by

🌟 Highlights
✅ Vastu - compliant designs offer mesmerising views
✅ Strategic Location, Seamless Connectivity 
✅A Part of an Integrated township
MahaRERA: A52100018143 | https://maharera.maharashtra.gov.in/

✅ Offers ✅
!Click to get Pre Launch Offer Now!. T&C Apply",192,Learn more,fb.me,"FACEBOOK; INSTAGRAM; AUDIENCE_NETWORK",2026-04-05,2026-06-17,HD: https://video.fjai6-1.fna.fbcdn.net/o1/v/t2/f2/m366/AQMOd52BodWvVFgefaVeysnDWnDUmP5vSGm_G2byrRpv72L1IlSjWY-VKZh0zPtbz6wWp3cDpI-3kwUreRywXcMTAPTiOe73dCv69S8X2WEHVA.mp4?_nc_cat=106&_nc_oc=AdrJ5Q5M72Whl5rk430PeNn6JIhnuXBkVb100Xhbs5XG6jp5XFUMRsEquCFtZHg7Q0zeWf0vYrUbgERDGfqHidCn&_nc_sid=b66105&_nc_ht=video.fjai6-1.fna.fbcdn.net&_nc_ohc=kUKcBALPRwgQ7kNvwF6X1YL&efg=eyJ2ZW5jb2RlX3RhZyI6Inhwdl9wcm9ncmVzc2l2ZS5WSV9VU0VDQVNFX1BST0RVQ1RfVFlQRS4uQzMuMTI4MC5kYXNoX2gyNjQtYmFzaWMtZ2VuMl83MjBwIiwieHB2X2Fzc2V0X2lkIjoxMzEwMTE1Mzk2ODYwNDY0LCJhc3NldF9hZ2VfZGF5cyI6NTA5LCJ2aV91c2VjYXNlX2lkIjoxMDc5OSwiZHVyYXRpb25fcyI6MzMsInVybGdlbl9zb3VyY2UiOiJ3d3cifQ%3D%3D&ccb=17-1&vs=4b8846c16bfc9233&_nc_vs=HBksFQIYRWZiX2VwaGVtZXJhbC9BRTRCMTUwOTNBODU0RjAwNjQwMzVGNDREMUQ2QUZCQV9tdF8xX3ZpZGVvX2Rhc2hpbml0Lm1wNBUAAsgBEgAVAhg6cGFzc3Rocm91Z2hfZXZlcnN0b3JlL0dFRFZTUndweWdRZDctRUZBSi1LRk8xNGpFNHVidjRHQUFBRhUCAsgBEgAoABgAGwKIB3VzZV9vaWwBMRJwcm9ncmVzc2l2ZV9yZWNpcGUBMRUAACbg6MGt4OLTBBUCKAJDMywXQEC9cKPXCj0YGWRhc2hfaDI2NC1iYXNpYy1nZW4yXzcyMHARAHUAZd6oAQA&_nc_gid=15SWrqNgsOUMcAdMvmkLuA&_nc_ss=7b289&_nc_zt=28&oh=00_Af8y9IIPW7lYxrN1hbJFZbziyzLDFsYU-9qWKH2SxJoe_w&oe=6A383A4E | SD: https://video.fjai6-1.fna.fbcdn.net/o1/v/t2/f2/m69/AQOLBSJGpXXsD-v22mtsdWWYe3_y9DiqbsYKG3fqWGiwF3cJmLYb6cr-atAg6IWWzvCUz03Sd66n6fN6Dkp9hkdd.mp4?strext=1&_nc_cat=100&_nc_oc=AdoirJ91KJoDFkEIKwAxk0_FSQSkb6kM_U8rhcyZP-EAFejsGJPEv3QfL_v8jIonSbTXhChgMc8NHx4sXYB-_alF&_nc_sid=ef5aa3&_nc_ht=video.fjai6-1.fna.fbcdn.net&_nc_ohc=rBww4PTxp8YQ7kNvwHiKtQE&efg=eyJ2ZW5jb2RlX3RhZyI6Inhwdl9wcm9ncmVzc2l2ZS5WSV9VU0VDQVNFX1BST0RVQ1RfVFlQRS4uQzMuNjQwLnN2ZV9zZCIsInhwdl9hc3NldF9pZCI6MTMxMDExNTM5Njg2MDQ2NCwiYXNzZXRfYWdlX2RheXMiOjUwOSwidmlfdXNlY2FzZV9pZCI6MTA3OTksImR1cmF0aW9uX3MiOjMzLCJ1cmxnZW5fc291cmNlIjoid3d3In0%3D&ccb=17-1&_nc_gid=15SWrqNgsOUMcAdMvmkLuA&_nc_ss=7b289&_nc_zt=28&oh=00_Af8QvcIFl-Jh0RkXcmOy8-ZjChjTUueuagpMVE6_Sk0zrw&oe=6A383996 | Preview: https://scontent.fjai6-1.fna.fbcdn.net/v/t39.35426-6/506445983_1046534017458083_9191571211197526535_n.jpg?_nc_cat=110&ccb=1-7&_nc_sid=c53f8f&_nc_ohc=k7qZgUa9rkMQ7kNvwE0ei-9&_nc_oc=AdpYO0p8Acm2NfcTabK1ZQHjNzSrC1fCyLVC65vbadhGKV02oc5y6kOxC5bRTWvuSQ8j6j-WKHehNNjd4YFiPVjq&_nc_zt=14&_nc_ht=scontent.fjai6-1.fna&_nc_gid=15SWrqNgsOUMcAdMvmkLuA&_nc_ss=7b289&oh=00_Af8EClbdd8gvhtGpXCFH6Wq8QX5ofuI4A4UyiiovDr5T4Q&oe=6A386246,,,,,,,
2785871781775388,https://www.facebook.com/proptiger/,fb.me,https://www.facebook.com/proptiger/,,,,customer.service@proptiger.com,+91 1800 103 1041,,,,197475423607904,http://fb.me/,PropTiger,https://www.facebook.com/ads/library/?id=2785871781775388,"Presenting Eldeco Echoes Of Eden At Pre-Launch Price Of ₹8,999/sq. ft. |  Flexible 30:40:30 Payment Plan |  EOI Now Open
Premium Living Opportunity Near Jewar Airport 
Ultra spacious 3 BHK residences 
Sector 22D, Yamuna Expressway, Greater Noida
Starting from ₹1.39 Cr*",184935,Get quote,fb.me,"FACEBOOK; INSTAGRAM",2026-05-22,2026-06-16,,,"Presenting Eldeco Echoes Of Eden At Pre-Launch Price Of ₹8,999/sq. ft. |  Flexible 30:40:30 Payment Plan |  EOI Now Open
Premium Living Opportunity Near Jewar Airport 
Ultra spacious 3 BHK residences 
Sector 22D, Yamuna Expressway, Greater Noida
Starting from ₹1.39 Cr* || Presenting Eldeco Echoes Of Eden At Pre-Launch Price Of ₹8,999/sq. ft. |  Flexible 30:40:30 Payment Plan |  EOI Now Open
Premium Living Opportunity Near Jewar Airport 
Ultra spacious 3 BHK residences 
Sector 22D, Yamuna Expressway, Greater Noida
Starting from ₹1.39 Cr* || Presenting Eldeco Echoes Of Eden At Pre-Launch Price Of ₹8,999/sq. ft. |  Flexible 30:40:30 Payment Plan |  EOI Now Open
Premium Living Opportunity Near Jewar Airport 
Ultra spacious 3 BHK residences 
Sector 22D, Yamuna Expressway, Greater Noida
Starting from ₹1.39 Cr*",http://fb.me/ || http://fb.me/ || http://fb.me/,,Get Quote || Get Quote || Get Quote,Original: https://scontent.fjai6-1.fna.fbcdn.net/v/t39.35426-6/705350609_1611241404340365_3517611208570561599_n.jpg?_nc_cat=111&ccb=1-7&_nc_sid=c53f8f&_nc_ohc=5I7mxO3zg3IQ7kNvwEIfZu6&_nc_oc=AdojRCmTloPcLROfW8uQ3CM6RIKBiS9lo6s29XlSiQkHYa-rSkeLG6_SgJa43XMR-TjeQ6cP-X2OH1LK9p4SNGeJ&_nc_zt=14&_nc_ht=scontent.fjai6-1.fna&_nc_gid=15SWrqNgsOUMcAdMvmkLuA&_nc_ss=7b289&oh=00_Af855RGloX4fX40YCSBoSbVB4L1fA-SJ2ejscsYmf3M7Ow&oe=6A384376 | Resized: https://scontent.fjai6-1.fna.fbcdn.net/v/t39.35426-6/705502396_1729038574762655_3346326217861816293_n.jpg?stp=dst-jpg_s600x600_tt6&_nc_cat=109&ccb=1-7&_nc_sid=c53f8f&_nc_ohc=40YwjctnbIkQ7kNvwH1pMay&_nc_oc=Adqg5VXWnx0AEhip6rdH2258q2pNbDvgAKD5E0y-FCkyrXmFfvIcGRzY6PDG--kkJo_xHY23Z2AriLDcXWwy_OlT&_nc_zt=14&_nc_ht=scontent.fjai6-1.fna&_nc_gid=15SWrqNgsOUMcAdMvmkLuA&_nc_ss=7b289&oh=00_Af89ubfD9oH2zCtwTFwLOUsYhAxTRwOFV2wFsLCR9Rsqfg&oe=6A385D15 || Original: https://scontent.fjai6-1.fna.fbcdn.net/v/t39.35426-6/704586808_4487864124870757_3191374586784470698_n.jpg?_nc_cat=105&ccb=1-7&_nc_sid=c53f8f&_nc_ohc=QUgRRa5kzrgQ7kNvwFQQGjI&_nc_oc=AdpTBKVIUxJwXk7k4YLEFXGJwl_yv6D8IvQJi5wQct-36ByOSjCQ3sGx72JneZf4Q8T8bgcbIevjsYYeZ6PG29iH&_nc_zt=14&_nc_ht=scontent.fjai6-1.fna&_nc_gid=15SWrqNgsOUMcAdMvmkLuA&_nc_ss=7b289&oh=00_Af--TJikRpkIcOSGSXx7o1eIsMun_4Hk4k96B0kI-Yejng&oe=6A383BC4 | Resized: https://scontent.fjai6-1.fna.fbcdn.net/v/t39.35426-6/704406754_989075630510458_6891688694560365707_n.jpg?stp=dst-jpg_s600x600_tt6&_nc_cat=105&ccb=1-7&_nc_sid=c53f8f&_nc_ohc=wJE7GXKwRS8Q7kNvwHxxtbV&_nc_oc=Adp4PfQ51Fq4uC6p5DULifv4gPyiFeyJ7CF5_WfnhQ-OGLO7msh2rchnn7xcp0TD6Z0G49eWzttMIS7NxnahwPaD&_nc_zt=14&_nc_ht=scontent.fjai6-1.fna&_nc_gid=15SWrqNgsOUMcAdMvmkLuA&_nc_ss=7b289&oh=00_Af8MK4GHH5TcRqsSoqAl5QFc8P4_lo1MDE96fgVqYHFy7g&oe=6A383A49 || Original: https://scontent.fjai6-1.fna.fbcdn.net/v/t39.35426-6/704367318_26915555218129483_6679845148309237689_n.jpg?_nc_cat=111&ccb=1-7&_nc_sid=c53f8f&_nc_ohc=RRu8uIje4hcQ7kNvwH0I6UI&_nc_oc=Adp8p1E50a89MtaLhj79H0v9d5AYXGWtwggRRnPGzITUsV9WY4xdjV9fFk1SuICE9PhWwqFFqzpCCU3ADujUUIIt&_nc_zt=14&_nc_ht=scontent.fjai6-1.fna&_nc_gid=15SWrqNgsOUMcAdMvmkLuA&_nc_ss=7b289&oh=00_Af-bPtwq4pXisuDyJqg0XmLO17NvWyVUTEpNFOP0MdNXVA&oe=6A384756 | Resized: https://scontent.fjai6-1.fna.fbcdn.net/v/t39.35426-6/704468018_1368063232039947_4827955489423540783_n.jpg?stp=dst-jpg_s600x600_tt6&_nc_cat=101&ccb=1-7&_nc_sid=c53f8f&_nc_ohc=GVzmZFR2nCoQ7kNvwGzILjy&_nc_oc=AdokCdtawep2pAdEvCjhb7hZYLZBtqV-UXwu1USTkmstBFgAqUkA22DYv1fEjybn9GBEZu8XcK2FVJVPleacMZot&_nc_zt=14&_nc_ht=scontent.fjai6-1.fna&_nc_gid=15SWrqNgsOUMcAdMvmkLuA&_nc_ss=7b289&oh=00_Af9JQRHMVeGXtt7xm-omFbUQa1TqK8F9JnSviXTENKNIBw&oe=6A3830CA,
1328452305686886,https://www.facebook.com/61565285005289/,fb.me,https://www.facebook.com/61565285005289/,,,,,+91 99711 07615,,,,347712018434923,http://fb.me/,Emaar Projects In Gurugram,https://www.facebook.com/ads/library/?id=1328452305686886,"Gurgaon's Biggest Luxury Launch - Emaar Serenity Hills! Sector 86, New Gurugram —
A grand 26-acre community with 7 acres of green landscapes, iconic high-rise towers, and premium 3 & 4 BHK residences.

Enjoy unmatched connectivity, resort-style amenities, and assured appreciation in New Gurgaon’s fastest-growing zone.

𝐏𝐫𝐨𝐣𝐞𝐜𝐭 𝐇𝐢𝐠𝐡𝐥𝐢𝐠𝐡𝐭𝐬:
• Luxury High-Rise Apartment (G+39)
• Ultra-spacious 3 & 4 BHK luxury apartments
• Total Land: 26 Acres
• Phase 1: RERA Received

𝐒𝐢𝐳𝐞𝐬 (𝐓𝐞𝐧𝐭𝐚𝐭𝐢𝐯𝐞):
• 3 BHK – 1800 sq.ft
• 3 BHK (Large) – 2100–2200 sq.ft
• 4 BHK – 2900 sq.ft

𝐏𝐫𝐞-𝐋𝐚𝐮𝐧𝐜𝐡 𝐏𝐫𝐢𝐜𝐢𝐧𝐠: ₹𝟏𝟓,𝟎𝟎𝟎/- 𝐩𝐞𝐫 𝐬𝐪.𝐟𝐭
Starting @2.59 Cr* Onwards
Book with just ₹10 Lac!

𝐒𝐢𝐠𝐧𝐚𝐭𝐮𝐫𝐞 𝐄𝐱𝐩𝐞𝐫𝐢𝐞𝐧𝐜𝐞𝐬
• Grand double-height entrance lobbies
• Club Life: 1 Lakh sq.ft. Clubhous
• 7 acres of serene central greens
• Meditation decks & peaceful outdoor spaces
• Premium connectivity to Dwarka Expressway & NH-48

📞 𝐂𝐚𝐥𝐥 𝐨𝐫 𝐖𝐡𝐚𝐭𝐬𝐀𝐩𝐩: +𝟵𝟭-𝟕𝟔𝟔𝟗𝟔 𝟒𝟔𝟓𝟓𝟔 
for Exclusive Site Visits, Launch Prices & Limited-Time Offers!",82,Get quote,fb.me,"FACEBOOK; INSTAGRAM",2025-10-27,2026-06-17,,Original: https://scontent.fjai6-1.fna.fbcdn.net/v/t39.35426-6/571202502_1149933950447660_1144157363940058268_n.jpg?_nc_cat=105&ccb=1-7&_nc_sid=c53f8f&_nc_ohc=vQwVPybxxKcQ7kNvwFleBlT&_nc_oc=AdpB6rIz43vDtfhv93PyiOCr4a8zVr61i-fQ3GzBIyM_oGHZoCDJuvSx1qoh52OVO5Ouw47cvU6lKbLUg8xorsYb&_nc_zt=14&_nc_ht=scontent.fjai6-1.fna&_nc_gid=15SWrqNgsOUMcAdMvmkLuA&_nc_ss=7b289&oh=00_Af99Zm1jeStsXlFb8qc95Ivdo8BjgQeb9dpC3kaHf5r9sw&oe=6A3843B1 | Resized: https://scontent.fjai6-1.fna.fbcdn.net/v/t39.35426-6/573465927_1584459486073721_8075378089071299450_n.jpg?stp=dst-jpg_s600x600_tt6&_nc_cat=109&ccb=1-7&_nc_sid=c53f8f&_nc_ohc=im52ysrXsQIQ7kNvwG7Cw4x&_nc_oc=AdoVEY-tiXWXoZGSR0vufIP50nDmD4A1f7B_qPZScy2cv6zyDwXONFIVWcDkbXZ62XDFtSflpkKkVsTRMHLAFJRY&_nc_zt=14&_nc_ht=scontent.fjai6-1.fna&_nc_gid=15SWrqNgsOUMcAdMvmkLuA&_nc_ss=7b289&oh=00_Af-PhoJmxSPFo61GUsMCrFKLl-P3gZaVSg9K3Rez7HGvQA&oe=6A38599A,,,,,,
1676882630133495,https://www.facebook.com/61566822665715/,fb.me,https://www.facebook.com/61566822665715/,,,,,,,,,425733257294938,http://fb.me/,Upcoming Property Bangalore,https://www.facebook.com/ads/library/?id=1676882630133495,"Step into premium living at Brigade Budigere Cross, East Bangalore. Spacious 1, 2 & 3 BHK homes crafted with modern design, lush landscapes & top-tier amenities.

✨ Get exclusive Pre-Launch Benefits
💰 Starting from ₹95 L Onwards*

Secure your preferred unit before official launch!.",957,Learn more,fb.me,"FACEBOOK; INSTAGRAM",2026-04-07,2026-06-16,HD: https://video.fjai6-1.fna.fbcdn.net/o1/v/t2/f2/m366/AQPQJwTVy1n0lJIDXSnM1X4d8r604pIN9TG3HCG5mcywkLf7adXE47Q1-KWTNKWvS-gUx3hnkNQzh_TwjMb7v5nSnFQGRCM96fD_EuRsqSDE7A.mp4?_nc_cat=108&_nc_oc=AdqcNHIyTG2oH8JudKZc2Z1ADIac5ZsB_8L9jZyqAhvDma4Kx8DoVJkzKYkW5Jjrrcl9zlDN86DXn657kgJy3d3S&_nc_sid=b66105&_nc_ht=video.fjai6-1.fna.fbcdn.net&_nc_ohc=nDfKjSjAI0kQ7kNvwF5G-B9&efg=eyJ2ZW5jb2RlX3RhZyI6Inhwdl9wcm9ncmVzc2l2ZS5WSV9VU0VDQVNFX1BST0RVQ1RfVFlQRS4uQzMuNzIwLmRhc2hfaDI2NC1iYXNpYy1nZW4yXzcyMHAiLCJ4cHZfYXNzZXRfaWQiOjE3MzA1Mzg1NTQ3NzY4MDUsImFzc2V0X2FnZV9kYXlzIjo4OSwidmlfdXNlY2FzZV9pZCI6MTA3OTksImR1cmF0aW9uX3MiOjM5LCJ1cmxnZW5fc291cmNlIjoid3d3In0%3D&ccb=17-1&vs=e855aaccbb9fa43f&_nc_vs=HBksFQIYRWZiX2VwaGVtZXJhbC84NTRCNzg5MURDQ0NBMEM0MkNGQzk4M0JGMTFEQTlCNF9tdF8xX3ZpZGVvX2Rhc2hpbml0Lm1wNBUAAsgBEgAVAhhAZmJfcGVybWFuZW50L0U1NDdFNjBGNjBENDQxNjM1MTFCNDg1RDA5RUZFQUEwX2F1ZGlvX2Rhc2hpbml0Lm1wNBUCAsgBEgAoABgAGwKIB3VzZV9vaWwBMRJwcm9ncmVzc2l2ZV9yZWNpcGUBMRUAACbK8579zPqSBhUCKAJDMywXQEOVP3ztkWgYGWRhc2hfaDI2NC1iYXNpYy1nZW4yXzcyMHARAHUAZd6oAQA&_nc_gid=15SWrqNgsOUMcAdMvmkLuA&_nc_ss=7b289&_nc_zt=28&oh=00_Af924l_wpLiLvfODf-4xH3IFw1BTJ8117cBmUf__7AkvfA&oe=6A385838 | SD: https://video.fjai6-1.fna.fbcdn.net/o1/v/t2/f2/m412/AQPoMy9fui6G5zGZ3O6LZ-FvrlhX6Ty1rgKkREQcsfTdQ94Y748hhRLPW9bvc7mfcihhQBBWOHJQ3Z2hokihC1HN_tX94IhcSMnjuTd7Ew.mp4?_nc_cat=105&_nc_oc=AdqZne-Ii17nZbMfIDNxcR5-S8PeXLxEfsGMRyAzAXkR-r1AS2L-Q39l4-KZOrZvR8-39QYxvEO6qpxpppnRb3BZ&_nc_sid=ef5aa3&_nc_ht=video.fjai6-1.fna.fbcdn.net&_nc_ohc=qbYWOL-WzKMQ7kNvwGVnsrw&efg=eyJ2ZW5jb2RlX3RhZyI6Inhwdl9wcm9ncmVzc2l2ZS5WSV9VU0VDQVNFX1BST0RVQ1RfVFlQRS4uQzMuMzYwLnN2ZV9zZCIsInhwdl9hc3NldF9pZCI6MTczMDUzODU1NDc3NjgwNSwiYXNzZXRfYWdlX2RheXMiOjg5LCJ2aV91c2VjYXNlX2lkIjoxMDc5OSwiZHVyYXRpb25fcyI6MzksInVybGdlbl9zb3VyY2UiOiJ3d3cifQ%3D%3D&ccb=17-1&_nc_gid=15SWrqNgsOUMcAdMvmkLuA&_nc_ss=7b289&_nc_zt=28&oh=00_Af9LuqJzCKZBfvwlrFe-PCEFPc22EhgP5XgZwySWCNPi3g&oe=6A383F5D | Preview: https://scontent.fjai6-1.fna.fbcdn.net/v/t39.35426-6/668828433_1640568260601324_1292332947674921902_n.jpg?_nc_cat=105&ccb=1-7&_nc_sid=c53f8f&_nc_ohc=zbVpqfa3SGwQ7kNvwEmDR-z&_nc_oc=Adpvb7pkgpAlmdf3DHW4D6rVcvP7V-HaqtuiHN8oX_7-1adnbDIt3sCV-fWfHF5-Lb5ENssXGNHax9I_R0o4if0T&_nc_zt=14&_nc_ht=scontent.fjai6-1.fna&_nc_gid=15SWrqNgsOUMcAdMvmkLuA&_nc_ss=7b289&oh=00_Af8TmizWzGNvFWO0XCNYa8yKfHF10rfmyTOe_nA1Ohk4Aw&oe=6A38460F,,,,,,,
1033103255726714,https://www.facebook.com/VGNProjectsEstates/,fb.me,https://www.facebook.com/VGNProjectsEstates/,,,,enquiry@vgn.in,,,,,142137848309,http://fb.me/,VGN Projects Estates,https://www.facebook.com/ads/library/?id=1033103255726714,"Pre-launching 🚀

VGN Wincrest Towers – Signature Luxury Homes in Guindy!

Book an Apartment and get 10 GMS Gold Coin absolutely FREE!
*Offer valid for the next 50 Bookings only*

We’re thrilled to offer VGN Wincrest Towers 2 and 3BHK Homes at a special Pre-launch price of ₹11,999/- per sq.ft. for 2 BHK and Rs 14,999/- per sq.ft for 3 BHK. Apartments ranging from 1,029 sq.ft to 1,354 sq.ft. VGN Wincrest Towers is conveniently located in the heart of Guindy, opposite the Hilton Hotel and just 500m from Ekkattuthangal Metro Station.

Enjoy easy access to the airport, malls, schools, hospitals, IT offices, and more. A 40,000 sq.ft centrally air-conditioned clubhouse across 7 floors with a rooftop swimming pool, barbecue deck, badminton courts, banquet halls, and more...

*Project Highlights:*

✅ Centrally Air-Conditioned Clubhouse
✅ Exclusive Multi-level Car Parking Block
✅ Home Automation
✅ Rooftop Swimming Pool
✅ Indoor Forest Lounge
✅ Lobby Access Control
✅ Digital Video Doorbell
✅ Barbecue Deck & More

Don’t miss this exclusive pre-launch offer to book VGN Wincrest Towers at  ₹11,999/- per sq.ft. 

#LuxuryApartments #VGN #Chennai #Guindy #LuxuryHomes #Launching #WincrestTowers",302031,Get quote,fb.me,"FACEBOOK; INSTAGRAM",2026-06-10,2026-06-16,,,  ||   ||   ||   ||   ||   ||  ,http://fb.me/ || http://fb.me/ || http://fb.me/ || http://fb.me/ || http://fb.me/ || http://fb.me/ || http://fb.me/,fb.me || fb.me || fb.me || fb.me || fb.me || fb.me || fb.me,Get Quote || Get Quote || Get Quote || Get Quote || Get Quote || Get Quote || Get Quote,Original: https://scontent.fjai6-1.fna.fbcdn.net/v/t39.35426-6/720848011_896548403465597_3095297748782683087_n.jpg?_nc_cat=103&ccb=1-7&_nc_sid=c53f8f&_nc_ohc=19UKoU2AqpMQ7kNvwGm46C4&_nc_oc=Adrha8SNDFiOo02oaDpUEkD_YwlzDWc4PTjRM8BR2WNCtI9YCtSx5N_aHC9FXu7wma-btHpEAzio1b7o4xzmRlKj&_nc_zt=14&_nc_ht=scontent.fjai6-1.fna&_nc_gid=15SWrqNgsOUMcAdMvmkLuA&_nc_ss=7b289&oh=00_Af8zF76azEaoq74eut5Y8ARfnBR-Hvijdm7m-yUgwWaTyg&oe=6A385715 | Resized: https://scontent.fjai6-1.fna.fbcdn.net/v/t39.35426-6/720814348_1703845194196505_8530926468064826692_n.jpg?stp=dst-jpg_s600x600_tt6&_nc_cat=107&ccb=1-7&_nc_sid=c53f8f&_nc_ohc=q7RbYhn-Fq0Q7kNvwFQHft_&_nc_oc=AdoOkeHkEywXAB29MLGc_L9rGgwNe3q1BbfAolyeTxpVnr4iJQzep2Odr7q3J8OqLnux7hFGp4_akEOC0Uul1HAk&_nc_zt=14&_nc_ht=scontent.fjai6-1.fna&_nc_gid=15SWrqNgsOUMcAdMvmkLuA&_nc_ss=7b289&oh=00_Af85OabsYHrPED_Kezm_jfm3oNhA3Tg-Cho_Z_WtNjQqrQ&oe=6A385FB9 || Original: https://scontent.fjai6-1.fna.fbcdn.net/v/t39.35426-6/720751366_27122107524118605_29082092340420517_n.jpg?_nc_cat=108&ccb=1-7&_nc_sid=c53f8f&_nc_ohc=P3ozbEvWHp4Q7kNvwEL0MSF&_nc_oc=Adp4y3tSMZIko3hJCCNVlc6lKvbs9gcJKkGBK4s4dV3zedMRWgb7j3FQWzOcWBB3to2TqdNZkjCy_H2C6n7nweZ3&_nc_zt=14&_nc_ht=scontent.fjai6-1.fna&_nc_gid=15SWrqNgsOUMcAdMvmkLuA&_nc_ss=7b289&oh=00_Af90iop5M1oBEe9YXtQEgxakHOhSesPERI9_Rj_fVHK0Yw&oe=6A385355 | Resized: https://scontent.fjai6-1.fna.fbcdn.net/v/t39.35426-6/720443739_2401206877070744_867758448020500986_n.jpg?stp=dst-jpg_s600x600_tt6&_nc_cat=105&ccb=1-7&_nc_sid=c53f8f&_nc_ohc=E8lDoF4eTngQ7kNvwF1RPV7&_nc_oc=AdrByX7iMHVNP4cmTuywmfcfd8_n6REDcvblmFBhjQcWMzNdifY1XSxtspWko7Sb39HOU3qcjavTrg7UBFL3Xn06&_nc_zt=14&_nc_ht=scontent.fjai6-1.fna&_nc_gid=15SWrqNgsOUMcAdMvmkLuA&_nc_ss=7b289&oh=00_Af9-J_Jc9dBAWycI_setm65634DCC4e_hUHwQmeb2S_3Qw&oe=6A385465 || Original: https://scontent.fjai6-1.fna.fbcdn.net/v/t39.35426-6/720588195_1355464693179088_5979587241164439309_n.jpg?_nc_cat=106&ccb=1-7&_nc_sid=c53f8f&_nc_ohc=BlH_cC26-lQQ7kNvwHw8sJb&_nc_oc=AdqMgu_mJgxgk-1h5-fjQgx-T8Fns-hxudXax_iHKxBHlzqCRXZ7gB-0H4adsWKDlt2UFLiO-cGn2oogKuvCPx6o&_nc_zt=14&_nc_ht=scontent.fjai6-1.fna&_nc_gid=15SWrqNgsOUMcAdMvmkLuA&_nc_ss=7b289&oh=00_Af8SljSEZnri8V7SfvtDjxxaS9ZZe3eBvcLW6TDHiMbssA&oe=6A384839 | Resized: https://scontent.fjai6-1.fna.fbcdn.net/v/t39.35426-6/720377889_1477930766944530_2550799024637136432_n.jpg?stp=dst-jpg_s600x600_tt6&_nc_cat=108&ccb=1-7&_nc_sid=c53f8f&_nc_ohc=-CzKhKYMH_AQ7kNvwFi1KBM&_nc_oc=AdqINe-eF-8nlwOPCZAFlKAGlmbYTnRaDU_74P9g3zGl1BT9mLonLlepOYIEoZfSW-JgWpXw4DFQVoTR5775N-Lw&_nc_zt=14&_nc_ht=scontent.fjai6-1.fna&_nc_gid=15SWrqNgsOUMcAdMvmkLuA&_nc_ss=7b289&oh=00_Af8WIAEaKw9t8f1FUC5FVnpw5IfS9f92CJiEPtLmNKhIRg&oe=6A3846C7 || Original: https://scontent.fjai6-1.fna.fbcdn.net/v/t39.35426-6/718264204_996347216371274_3716146227421984759_n.jpg?_nc_cat=106&ccb=1-7&_nc_sid=c53f8f&_nc_ohc=glNh33I5W8oQ7kNvwGTIrId&_nc_oc=Adrn_sC37VI5SkdeN0X5XzMPH9AKmZCrD7pujd4uKy2EANFi1Cxo7pEjN0DdMvsGZ177VLtlbhB7Ws2XZeVeZkFz&_nc_zt=14&_nc_ht=scontent.fjai6-1.fna&_nc_gid=15SWrqNgsOUMcAdMvmkLuA&_nc_ss=7b289&oh=00_Af9xNZT-RC9nCWCOpCsGAOAiXlbOyuW7hBWULBGx2iE_yg&oe=6A384B2D | Resized: https://scontent.fjai6-1.fna.fbcdn.net/v/t39.35426-6/718118122_2045790012679503_485790046825052692_n.jpg?stp=dst-jpg_s600x600_tt6&_nc_cat=109&ccb=1-7&_nc_sid=c53f8f&_nc_ohc=ic_3LvIEHqoQ7kNvwHcxYe6&_nc_oc=Adp-vrWsNvcsNhTm9ndGxCJxKS5-mbUl6phZx9uUtJYM9d5xvs2uZFXwRH8a8w6WrAcL7dQEGAqEX4Ue2RXjXOT0&_nc_zt=14&_nc_ht=scontent.fjai6-1.fna&_nc_gid=15SWrqNgsOUMcAdMvmkLuA&_nc_ss=7b289&oh=00_Af8rUhP7_1ZEemyeFjmJMIrJMGQPZYUf5uH-OGKesQeyDA&oe=6A383268 || Original: https://scontent.fjai6-1.fna.fbcdn.net/v/t39.35426-6/720125395_27777333471872328_3203305972612142206_n.jpg?_nc_cat=103&ccb=1-7&_nc_sid=c53f8f&_nc_ohc=dAA2db8jUTgQ7kNvwHWROCt&_nc_oc=AdqJkkmrs-U7RE7jWUUOIlzcWSO1tlmC2sxSHC4RChBcVlYfo74N6aCybmf5GjP4G2gZ5rLBvWlekt2vbqfSzzxA&_nc_zt=14&_nc_ht=scontent.fjai6-1.fna&_nc_gid=15SWrqNgsOUMcAdMvmkLuA&_nc_ss=7b289&oh=00_Af_V5padI5PN160YMwdBFqcxPDBouhoE1gEZUpwNMMubbg&oe=6A3834ED | Resized: https://scontent.fjai6-1.fna.fbcdn.net/v/t39.35426-6/719482922_1581051606778352_4434400568048520872_n.jpg?stp=dst-jpg_s600x600_tt6&_nc_cat=110&ccb=1-7&_nc_sid=c53f8f&_nc_ohc=GAv0RFKhPrcQ7kNvwHCk7_u&_nc_oc=AdoqQ5FnHgfT7S75t4Bm296buGHHHur7831HpAlEs2JHpiZATwaZY27qt48PTwpwPo8pu-VyWBj1G1BWkVMgdemu&_nc_zt=14&_nc_ht=scontent.fjai6-1.fna&_nc_gid=15SWrqNgsOUMcAdMvmkLuA&_nc_ss=7b289&oh=00_Af_b3s6hfHDWaKTi1yw2XLKAJExLVHf6fKNLLFUhtIb_NA&oe=6A384827 || Original: https://scontent.fjai6-1.fna.fbcdn.net/v/t39.35426-6/718061662_868391945707831_3052472394010329475_n.jpg?_nc_cat=107&ccb=1-7&_nc_sid=c53f8f&_nc_ohc=9c4CXPipneMQ7kNvwGFYRV2&_nc_oc=AdoVtH49VmdrcsrIoX-PS9CDuAYmQvs5M1VqMLmciU6NjZI1dpWN-HPFXUu2J5f5EHwclEnYyG-62rMqtWB_bCnq&_nc_zt=14&_nc_ht=scontent.fjai6-1.fna&_nc_gid=15SWrqNgsOUMcAdMvmkLuA&_nc_ss=7b289&oh=00_Af8ZOmTs7AWpXWJzivCjSMW2IQSGCUcK2v_6jxzn5zYbCw&oe=6A3839AE | Resized: https://scontent.fjai6-1.fna.fbcdn.net/v/t39.35426-6/720905827_1011632631327055_4733329429593404578_n.jpg?stp=dst-jpg_s600x600_tt6&_nc_cat=111&ccb=1-7&_nc_sid=c53f8f&_nc_ohc=AF8RJcBR9v8Q7kNvwEoG0Ht&_nc_oc=AdohmTor0Dih8CzFy8cFrjDaWFMLcbGAlRMUz1z6YkU3F8Yi7jMKIIpOd9BmwQQSo71Zt5By5cBbTN-qeXXOjFRj&_nc_zt=14&_nc_ht=scontent.fjai6-1.fna&_nc_gid=15SWrqNgsOUMcAdMvmkLuA&_nc_ss=7b289&oh=00_Af-Zw0d0rAyHCWn89ACZ_1mNeL1-DElWNJV4fYVdT0Zojw&oe=6A3834EE || Original: https://scontent.fjai6-1.fna.fbcdn.net/v/t39.35426-6/720019022_2844713562561785_3768925585914073169_n.jpg?_nc_cat=104&ccb=1-7&_nc_sid=c53f8f&_nc_ohc=_8ZouQHnBw8Q7kNvwH7We2P&_nc_oc=AdpoZgyPdcrl9QeHltsjnkDX2FNNuz3HVuZ0UlzXZQJdHekFN1Ih3Nk2GF7cA-zKsT0wMre_bZAeLvQccHZrTdJk&_nc_zt=14&_nc_ht=scontent.fjai6-1.fna&_nc_gid=15SWrqNgsOUMcAdMvmkLuA&_nc_ss=7b289&oh=00_Af8Wzjvz-biNesr5s4WShIvPFQpIhcktAIY9NuXVt2Lc0A&oe=6A3851A0 | Resized: https://scontent.fjai6-1.fna.fbcdn.net/v/t39.35426-6/720785119_1772217630414239_4770857657541805653_n.jpg?stp=dst-jpg_s600x600_tt6&_nc_cat=109&ccb=1-7&_nc_sid=c53f8f&_nc_ohc=MCyOLNKzAAkQ7kNvwEOf7GD&_nc_oc=Adqxn2YYSDuKeXCLGPHJIQ_hiBl6rLsBGbE3sYhc2oHLGua0xiKFqQOInaYaZVnw8nr1xY4CgNwYigJr_YXgfbpS&_nc_zt=14&_nc_ht=scontent.fjai6-1.fna&_nc_gid=15SWrqNgsOUMcAdMvmkLuA&_nc_ss=7b289&oh=00_Af-SQY_8QH3gYS1Utu0wSLNRblwmaqaKiuXjuOhHhTuI9Q&oe=6A38460C,
2000805653814020,https://www.facebook.com/61580095835529/,fb.me,https://www.facebook.com/61580095835529/,,,,,+91 75356 88752,,,,696260816915003,http://fb.me/,UrbanLuxe Residences,https://www.facebook.com/ads/library/?id=2000805653814020,"✨New Launch By India’s No.1 Developer✨

🏡 2 & 3 BHK Homes Starting at Just ₹71 Lacs Onwards

Location: Hadapsar, Pune

💥 PROJECT POINTS 💥

❖ Pre launch Offers for first 250 Booking
❖ Book your home at Just ₹1 Lakh Token
❖ 16.5 Acres of Grand Living  
❖ Resort-Style Amenities for All Age Groups
❖ 41000 sq. ft Lavish Clubhouse
❖ Vaastu-Compliant Homes
❖ Possession in 3 Years

🎁 Spot Booking Discounts – Extra Perks Await You!",198,Get quote,fb.me,"FACEBOOK; INSTAGRAM; AUDIENCE_NETWORK",2025-12-30,2026-06-16,,Original: https://scontent.fjai6-1.fna.fbcdn.net/v/t39.35426-6/578791375_1562857258067359_8081930220370714978_n.jpg?_nc_cat=100&ccb=1-7&_nc_sid=c53f8f&_nc_ohc=HzAZMlfRIo8Q7kNvwGC-N1N&_nc_oc=Adqpy6vED5Gu9ZutMzeDyQLmj0VEOlavpi0qFO1t_qxG7BsZc_pLZ5IxH1Oh4bXAh2Rpbq35QEOhukyuAqS0_qN3&_nc_zt=14&_nc_ht=scontent.fjai6-1.fna&_nc_gid=15SWrqNgsOUMcAdMvmkLuA&_nc_ss=7b289&oh=00_Af9EGEWI9c4BTA9_Necn8JsGinHh_6YDdR2TIRRUR4-6Rg&oe=6A384929 | Resized: https://scontent.fjai6-1.fna.fbcdn.net/v/t39.35426-6/579413295_842832638194550_1233710714703122623_n.jpg?stp=dst-jpg_s600x600_tt6&_nc_cat=110&ccb=1-7&_nc_sid=c53f8f&_nc_ohc=gMGb4WINEYsQ7kNvwHkIyM-&_nc_oc=Adq2aRPt4WS-_QhpfMwP0dkUV_Dh50b4cMA2TyLEf8lWmu0VWxRfCifEFMgFSYQEkKTdYOF7BXnii_mVq2irwVoc&_nc_zt=14&_nc_ht=scontent.fjai6-1.fna&_nc_gid=15SWrqNgsOUMcAdMvmkLuA&_nc_ss=7b289&oh=00_Af-MTZrlp94_hfLNZ52sWbv61W_I8l_F22U2QuVWo-LNsQ&oe=6A383C7D,,,,,,
1253580480311739,https://www.facebook.com/61571162201582/,fb.me,https://www.facebook.com/61571162201582/,,,,shripuviproperties@gmail.com,+91 90038 80477,,,,509004628967123,http://fb.me/,Dtcp Approved Plots  and Villas,https://www.facebook.com/ads/library/?id=1253580480311739,dtcp plots & villas sale periyanaickenpalayam,78,Sign up,fb.me,"FACEBOOK; INSTAGRAM; AUDIENCE_NETWORK",2026-03-13,2026-06-17,HD: https://video.fjai6-1.fna.fbcdn.net/o1/v/t2/f2/m366/AQPaPU2fI39auKeI8ecpKu3UfDBeK0PikmbMqiZ6SJou6UI-B0ZAvunAskZKqVRLnWQqHjQK4PQ5VPhZjrR9lMeueJzgL3Ex7QGis1n-3vtItA.mp4?_nc_cat=100&_nc_oc=AdogxPv-RhutVUSmg4YmzkwC9J4M_C8rKKDMYBCg7ecE4JyqJ0sbeuQf7TfdkOWQjZlI5z1f-HFbzYE1LzDooFtz&_nc_sid=b66105&_nc_ht=video.fjai6-1.fna.fbcdn.net&_nc_ohc=qAGDnfxJ-9AQ7kNvwGzBQr7&efg=eyJ2ZW5jb2RlX3RhZyI6Inhwdl9wcm9ncmVzc2l2ZS5WSV9VU0VDQVNFX1BST0RVQ1RfVFlQRS4uQzMuNzIwLmRhc2hfaDI2NC1iYXNpYy1nZW4yXzcyMHAiLCJ4cHZfYXNzZXRfaWQiOjE3MDc0Nzg1OTAyMzI4NzksImFzc2V0X2FnZV9kYXlzIjo5OCwidmlfdXNlY2FzZV9pZCI6MTA3OTksImR1cmF0aW9uX3MiOjcwLCJ1cmxnZW5fc291cmNlIjoid3d3In0%3D&ccb=17-1&vs=c7deaabd0a843712&_nc_vs=HBksFQIYRWZiX2VwaGVtZXJhbC9BNDQxNDkwMzE4Qzg2OEIwQjIxNUQyMDg5MkFGNzg5Nl9tdF8xX3ZpZGVvX2Rhc2hpbml0Lm1wNBUAAsgBEgAVAhhAZmJfcGVybWFuZW50L0MwNDNBRjk2NTVDQkY3Nzc5MkEwRTNBRjMwN0E1MkE1X2F1ZGlvX2Rhc2hpbml0Lm1wNBUCAsgBEgAoABgAGwKIB3VzZV9vaWwBMRJwcm9ncmVzc2l2ZV9yZWNpcGUBMRUAACbe5KjtqryIBhUCKAJDMywXQFGgAAAAAAAYGWRhc2hfaDI2NC1iYXNpYy1nZW4yXzcyMHARAHUAZd6oAQA&_nc_gid=15SWrqNgsOUMcAdMvmkLuA&_nc_ss=7b289&_nc_zt=28&oh=00_Af-R8a_iEfK2SWFcbwsBPRbvID3V7y6SyxkK__xfbeYqCg&oe=6A383B4C | SD: https://video.fjai6-1.fna.fbcdn.net/o1/v/t2/f2/m412/AQMPcQIZCAxy2Ztc7V906e8RNy2QBopDzkjjGbCnx88Rjs8xU4aF25euKjmPoJXppPMuNv58Sdp81X2r8GzpinBIhS5aqofb_PypjDApKQ.mp4?_nc_cat=101&_nc_oc=AdqGP77DhWBCVDPz2mfnfheOu1qI1mnXLE5cy9ae43wv4ll5GsXD3GfT7zVBA3YiYi6JzTBD-0Bl3IfPOZEcUT9q&_nc_sid=ef5aa3&_nc_ht=video.fjai6-1.fna.fbcdn.net&_nc_ohc=XIvEqpVyBBwQ7kNvwHUWo4E&efg=eyJ2ZW5jb2RlX3RhZyI6Inhwdl9wcm9ncmVzc2l2ZS5WSV9VU0VDQVNFX1BST0RVQ1RfVFlQRS4uQzMuMzYwLnN2ZV9zZCIsInhwdl9hc3NldF9pZCI6MTcwNzQ3ODU5MDIzMjg3OSwiYXNzZXRfYWdlX2RheXMiOjk4LCJ2aV91c2VjYXNlX2lkIjoxMDc5OSwiZHVyYXRpb25fcyI6NzAsInVybGdlbl9zb3VyY2UiOiJ3d3cifQ%3D%3D&ccb=17-1&_nc_gid=15SWrqNgsOUMcAdMvmkLuA&_nc_ss=7b289&_nc_zt=28&oh=00_Af-mM-bVLKmel2xtV9uVQLKTI-vI6cpxbX3E2qSNTWFhJw&oe=6A386061 | Preview: https://scontent.fjai6-1.fna.fbcdn.net/v/t39.35426-6/651286006_2161776617997188_925673724926834852_n.jpg?_nc_cat=101&ccb=1-7&_nc_sid=c53f8f&_nc_ohc=rnhRsfyY6YoQ7kNvwEKecEo&_nc_oc=Adp1BlQH6M_kXZTrQEABYQGRu6McbQYPKeDiT01dX7QjpvOygB_1z0IYf8qKWkSGcy1TgRMlLaGU3UJrJLUVVH3E&_nc_zt=14&_nc_ht=scontent.fjai6-1.fna&_nc_gid=15SWrqNgsOUMcAdMvmkLuA&_nc_ss=7b289&oh=00_Af8xAnExRzAy4iSH2Z0niHQbvVAK4UsdeoDIYjSLKFZydw&oe=6A385713,,,,,,,
35806502818995758,https://www.facebook.com/100093684724537/,fb.me,https://www.facebook.com/100093684724537/,,,,,+91 91080 34519,,,,100206019784137,http://fb.me/,Pre Launch Properties,https://www.facebook.com/ads/library/?id=35806502818995758,"Prestige  21+ Acres Chennai’s Most Awaited Premium Address By Top Builder! Live big on the 200ft Pallavaram - Thoraipakkam Radial Road.

🏠 21.84 acres | 2,069 stylish homes | 2, 3 & 4 BHK
🏢 65,000 sq. ft. clubhouse | 2B+G+14 floors

📍 Prime Connectivity:
✈️ Airport – 5.5 km | 🚗 GST Road – 2 km | 🌐 OMR – 9 km | 🛍️ Velachery – Nearby

👉Your lifestyle upgrade starts here.",86,Get offer,fb.me,"FACEBOOK; INSTAGRAM; AUDIENCE_NETWORK",2026-05-24,2026-06-16,,,"Prestige  21+ Acres Chennai’s Most Awaited Premium Address By Top Builder! Live big on the 200ft Pallavaram - Thoraipakkam Radial Road.

🏠 21.84 acres | 2,069 stylish homes | 2, 3 & 4 BHK
🏢 65,000 sq. ft. clubhouse | 2B+G+14 floors

📍 Prime Connectivity:
✈️ Airport – 5.5 km | 🚗 GST Road – 2 km | 🌐 OMR – 9 km | 🛍️ Velachery – Nearby

👉Your lifestyle upgrade starts here. || Prestige  21+ Acres Chennai’s Most Awaited Premium Address By Top Builder! Live big on the 200ft Pallavaram - Thoraipakkam Radial Road.

🏠 21.84 acres | 2,069 stylish homes | 2, 3 & 4 BHK
🏢 65,000 sq. ft. clubhouse | 2B+G+14 floors

📍 Prime Connectivity:
✈️ Airport – 5.5 km | 🚗 GST Road – 2 km | 🌐 OMR – 9 km | 🛍️ Velachery – Nearby

👉Your lifestyle upgrade starts here. || Prestige  21+ Acres Chennai’s Most Awaited Premium Address By Top Builder! Live big on the 200ft Pallavaram - Thoraipakkam Radial Road.

🏠 21.84 acres | 2,069 stylish homes | 2, 3 & 4 BHK
🏢 65,000 sq. ft. clubhouse | 2B+G+14 floors

📍 Prime Connectivity:
✈️ Airport – 5.5 km | 🚗 GST Road – 2 km | 🌐 OMR – 9 km | 🛍️ Velachery – Nearby

👉Your lifestyle upgrade starts here.",http://fb.me/ || http://fb.me/ || http://fb.me/,,Get Offer || Get Offer || Get Offer,Original: https://scontent.fjai6-1.fna.fbcdn.net/v/t39.35426-6/706517928_1559722302426335_7358452117622959197_n.jpg?_nc_cat=110&ccb=1-7&_nc_sid=c53f8f&_nc_ohc=SEKh66VNwgMQ7kNvwFv9lKc&_nc_oc=AdoU-y8mI2i5TLDSFfclnRFZwxY01IiURHNbU2Cm5zw4cDi-P11X5xyXC8xpIWGmtBLZsYahX5S2gbUuYEb_m4H8&_nc_zt=14&_nc_ht=scontent.fjai6-1.fna&_nc_gid=dAFPTdq38vI8qr0GDs2PRA&_nc_ss=7b289&oh=00_Af9V2mx1N8JzXvsplbOkXx3UeGT9k44tvYd1S81sccrTWg&oe=6A383D53 | Resized: https://scontent.fjai6-1.fna.fbcdn.net/v/t39.35426-6/703896661_2485280631915694_5499449850936043717_n.jpg?stp=dst-jpg_s600x600_tt6&_nc_cat=101&ccb=1-7&_nc_sid=c53f8f&_nc_ohc=NRwXFJytgvMQ7kNvwF7b6dg&_nc_oc=AdqExodOKYBFwBqnWKNB8mCv_JtIxE3sCKTQLN0XxeSi_BCZgqQPO_mqL4zwuJOF24R25bzgvrYTbSQ8eLmtdRPT&_nc_zt=14&_nc_ht=scontent.fjai6-1.fna&_nc_gid=dAFPTdq38vI8qr0GDs2PRA&_nc_ss=7b289&oh=00_Af9hV4NfOlsUmZHZfHBQoa8zPrgm6JxPjCX-TT98876K4g&oe=6A385E5D || Original: https://scontent.fjai6-1.fna.fbcdn.net/v/t39.35426-6/705268558_1511793930675025_670891140092631274_n.jpg?_nc_cat=101&ccb=1-7&_nc_sid=c53f8f&_nc_ohc=QEq5GV2s6PgQ7kNvwG8jmyl&_nc_oc=Adr7vvupQJzBqqI91SFgXY-KSjJBiERbCLN_y50sDAYOFHMnqdGnGuI4w4VNsoNez3hR7gEQjTgtOXrNNOzyvlE9&_nc_zt=14&_nc_ht=scontent.fjai6-1.fna&_nc_gid=dAFPTdq38vI8qr0GDs2PRA&_nc_ss=7b289&oh=00_Af-9Rc_OvidxXub1k22kiMab7-yc9PSYj8-N5y4o5p3z-A&oe=6A385462 | Resized: https://scontent.fjai6-1.fna.fbcdn.net/v/t39.35426-6/706317331_1872985790064727_4370763937833524450_n.jpg?stp=dst-jpg_s600x600_tt6&_nc_cat=101&ccb=1-7&_nc_sid=c53f8f&_nc_ohc=Q73cTElI38QQ7kNvwHBEsmx&_nc_oc=AdpuqIJ5EDwu3a6rPfTgcbxMBmKMWjKnLmtofQ8o3owQSfOBigoDeNyAgB81Cuz8P0Z75PtkrCBNXALv71XNzZvm&_nc_zt=14&_nc_ht=scontent.fjai6-1.fna&_nc_gid=dAFPTdq38vI8qr0GDs2PRA&_nc_ss=7b289&oh=00_Af8L3MH-MGG7P58vmR081m12XB89ub0rJJFnzfyG619ESw&oe=6A383555 || Original: https://scontent.fjai6-1.fna.fbcdn.net/v/t39.35426-6/704086613_1478110860677730_8674073346835689549_n.jpg?_nc_cat=110&ccb=1-7&_nc_sid=c53f8f&_nc_ohc=GPGQ3o6A_3YQ7kNvwGC0yFo&_nc_oc=AdoBpyesgujvoRfl5-DxtH9gpA-3WcxJT_SAbekQsA6xfhNnWf7tFVbhZFd1pOYS-WtL2w8mHdTCqIpUsMOf4LQh&_nc_zt=14&_nc_ht=scontent.fjai6-1.fna&_nc_gid=dAFPTdq38vI8qr0GDs2PRA&_nc_ss=7b289&oh=00_Af9eB29t-8jxeq1jOpv3uto04NV12TXAblPNjtfrNGmrSA&oe=6A386277 | Resized: https://scontent.fjai6-1.fna.fbcdn.net/v/t39.35426-6/705320270_1608683296868634_496257439798355273_n.jpg?stp=dst-jpg_s600x600_tt6&_nc_cat=105&ccb=1-7&_nc_sid=c53f8f&_nc_ohc=ZaA_d3uOnUsQ7kNvwH5SUjm&_nc_oc=AdozSCPNlvsEWpkWp9lq162VUxP08HVvpZRSjgKhx4puecE-iqXZDXug1P263BzAG27nF9uD1SiwtzLnHWsHk-V8&_nc_zt=14&_nc_ht=scontent.fjai6-1.fna&_nc_gid=dAFPTdq38vI8qr0GDs2PRA&_nc_ss=7b289&oh=00_Af_vUQLmmuA0Pp1xcHiFRKVZsHbBoK6GeJHfCFz0U5BVZQ&oe=6A3852A0,
1691313261997926,https://www.facebook.com/proptimes.org/,fb.me,https://www.facebook.com/proptimes.org/,,,,marketing@proptimes.org,+91 95354 84441,,,,137382786135432,http://fb.me/,Prop Times,https://www.facebook.com/ads/library/?id=1691313261997926,"Introducing Godrej Vanantara Road — where luxury meets lifestyle in South Bangalore!
🏙️ Premium 2, 3 & 4 BHK Residences
Crafted for discerning homeowners who value quality, space, and elegance.
✨ Project Features:
🏡 35-Acre Master-Planned Township
🏊‍♂️ Swimming Pool & Leisure Decks
🛡️ Advanced Security Systems
🍳 Modular Kitchens
🏢 Luxury Clubhouse
🌳 Landscaped Gardens
🎾 Sports & Recreation Facilities
🚪 Grand Entrance
🎮 Indoor & Kids' Zones
🏋️ Fitness Center
🌿 Jogging Tracks
🚗 Prime Connectivity:
📍 Bannerghatta Road Location
🏢 15-20 mins* to Electronic City
🚇 Near Namma Metro (Gottigere)
🛣️ NICE Road & ORR Access
🚗 10 mins* to Main Road
🏥 Hospitals: Apollo, Fortis (5-10 mins*)
🏫 Schools: Greenwood, DPS, Inventure
🛍️ Malls: Royal Meenakshi, Central
✈️ 45 mins* to Airport
🏭 IT Parks: Infosys, Wipro, Biocon
🍽️ Restaurants & Cafés
🚴 HSR, Koramangala Access
🏞️ Near National Park
🎁 Pre-Launch Offers Available!
*T&C Apply
👉 Download Brochure Now!
📞 Book Today!",2546,Get quote,fb.me,"FACEBOOK; INSTAGRAM",2026-05-17,2026-06-16,,Original: https://scontent.fjai6-1.fna.fbcdn.net/v/t39.35426-6/702305670_1302528931383138_529758589331715214_n.jpg?_nc_cat=109&ccb=1-7&_nc_sid=c53f8f&_nc_ohc=ZR1na8Lm5ckQ7kNvwGhJL_U&_nc_oc=AdrzA6C-raxw42A35D2_IWhoQYkDF3PCC0Y4LLc8X_lkONLANTmgGax22WeP2cfW4F4cNgEkznvXwT0xLYMJSWlI&_nc_zt=14&_nc_ht=scontent.fjai6-1.fna&_nc_gid=dAFPTdq38vI8qr0GDs2PRA&_nc_ss=7b289&oh=00_Af9U4XK9P12KU9zi-xQu53mHEuHXkts05Xm1YY6ypk2KUw&oe=6A385DCE | Resized: https://scontent.fjai6-1.fna.fbcdn.net/v/t39.35426-6/701274438_1663527544772796_6820923548769142931_n.jpg?stp=dst-jpg_s600x600_tt6&_nc_cat=107&ccb=1-7&_nc_sid=c53f8f&_nc_ohc=EHkAwNFnVSMQ7kNvwESPNuk&_nc_oc=Adow2d_kDunAlElq-tKJo36pYVesQhmchW_ISXFNLho1izp9cFOOFYo31ztpycXjTalFY4-bEH15jAoQFrcIvEp3&_nc_zt=14&_nc_ht=scontent.fjai6-1.fna&_nc_gid=dAFPTdq38vI8qr0GDs2PRA&_nc_ss=7b289&oh=00_Af8m_8maZS61HHpoO6PZAIsrH9UKrgj6FxUSn5kGiCWScA&oe=6A384B82,,,,,,
1321312649883878,https://www.facebook.com/61576602976602/,fb.me,https://www.facebook.com/61576602976602/,,,,,,,,,657698050768732,http://fb.me/,Bangalore luxury projects,https://www.facebook.com/ads/library/?id=1321312649883878,"🌟 Godrej Properties is Coming Soon to Bannerghatta! 🌟
Experience a lifestyle that blends luxury, connectivity and world-class living—right beside Greenwood High IGCSE Campus (just 180m) and only 1.1 km from the upcoming Metro Station. 💫
🏙️ Presenting premium 2, 3 & 4 BHK luxury residences starting at ₹1.57 Cr onwards*, designed for those who want more from every moment—more space, more comfort, more elegance.

✨ Project Highlights:

🏡 Sprawling 38 Acres of thoughtfully planned community
🏊‍♂️ Refreshing Swimming Pool & leisure decks
🛡️ 24×7 Security with advanced surveillance
🍳 Fully fitted Modular Kitchen
🏢 Grand Luxury Clubhouse with premium facilities
🌳 Lush Landscape Gardens for serene views
🌐 World-Class Amenities for all age groups
🎾 Multi-Purpose Court & outdoor sports zones
🚪 Majestic Grand Entrance Lobby
🎮 Indoor Games, Kids’ Play Area & more
Live where convenience meets class, where every detail elevates your lifestyle. Your next address is not just a home—it's a statement. ✨

📩 Register Your Interest Now!
Limited pre-launch window—secure priority access today! 🚀",404,Get offer,fb.me,"FACEBOOK; INSTAGRAM",2026-05-02,2026-06-17,,Original: https://scontent.fjai6-1.fna.fbcdn.net/v/t39.35426-6/686510056_894374170282719_1902728438860446230_n.jpg?_nc_cat=109&ccb=1-7&_nc_sid=c53f8f&_nc_ohc=35iEYHI5MqcQ7kNvwF95Aj9&_nc_oc=AdokrMVfqGeNF0mjefDRp3StU7A1wJTl1ohV8bkUXqnI1eMyPD9mBMzp9ntVyC-AI-VP1DgsX_Xk6VFHTUL48VFo&_nc_zt=14&_nc_ht=scontent.fjai6-1.fna&_nc_gid=dAFPTdq38vI8qr0GDs2PRA&_nc_ss=7b289&oh=00_Af_s1fz_YtCOIiln4t6oMEeCRnB9-ap7bAtZA63_QaO8hA&oe=6A385CAA | Resized: https://scontent.fjai6-1.fna.fbcdn.net/v/t39.35426-6/686932855_1558389362952820_5604113706957579186_n.jpg?stp=dst-jpg_s600x600_tt6&_nc_cat=102&ccb=1-7&_nc_sid=c53f8f&_nc_ohc=mbC7G0G76g4Q7kNvwEnB3GK&_nc_oc=Adr4vIXIndl0qrT0Uvqv2dsQkoOljuK_oUs1ZWv4FcH60WtwXyomRoNPCMysks2C3lU9V8XfH_F-kQPk-b2DbwUD&_nc_zt=14&_nc_ht=scontent.fjai6-1.fna&_nc_gid=dAFPTdq38vI8qr0GDs2PRA&_nc_ss=7b289&oh=00_Af9cRCKUEFiShx2TrNpuoP8eVEhy2-TaWra4qriTDZR-MA&oe=6A3842F4,,,,,,
928411193062248,https://www.facebook.com/saiveerrealtors/,api.whatsapp.com,https://www.facebook.com/saiveerrealtors/,,,,,+91 98786 11919,,,,111577758476606,https://api.whatsapp.com/send,Sai Veer Realtors & Builders,https://www.facebook.com/ads/library/?id=928411193062248,"Looking to invest near Chandigarh International Airport? ✈️
Own premium residential plots at The Medallion Republic, IT City Mohali, starting at just ₹13 Lakh*.
Strategically located near Airport Chowk, IT City Chowk, Amity & Plaksha University, this project offers high appreciation and future-ready infrastructure.
Perfect for investment & dream home buyers.
📞 Book your site visit today!",3512,Send WhatsApp message,api.whatsapp.com,"FACEBOOK; INSTAGRAM; AUDIENCE_NETWORK; MESSENGER; WHATSAPP",2026-03-10,2026-06-17,,,"Looking to invest near Chandigarh International Airport? ✈️
Own premium residential plots at The Medallion Republic, IT City Mohali, starting at just ₹13 Lakh*.
Strategically located near Airport Chowk, IT City Chowk, Amity & Plaksha University, this project offers high appreciation and future-ready infrastructure.
Perfect for investment & dream home buyers.
📞 Book your site visit today! || Looking to invest near Chandigarh International Airport? ✈️
Own premium residential plots at The Medallion Republic, IT City Mohali, starting at just ₹13 Lakh*.
Strategically located near Airport Chowk, IT City Chowk, Amity & Plaksha University, this project offers high appreciation and future-ready infrastructure.
Perfect for investment & dream home buyers.
📞 Book your site visit today! || Looking to invest near Chandigarh International Airport? ✈️
Own premium residential plots at The Medallion Republic, IT City Mohali, starting at just ₹13 Lakh*.
Strategically located near Airport Chowk, IT City Chowk, Amity & Plaksha University, this project offers high appreciation and future-ready infrastructure.
Perfect for investment & dream home buyers.
📞 Book your site visit today!",https://api.whatsapp.com/send || https://api.whatsapp.com/send || https://api.whatsapp.com/send,,Send WhatsApp Message || Send WhatsApp Message || Send WhatsApp Message,,SD: https://video.fjai6-1.fna.fbcdn.net/o1/v/t2/f2/m412/AQP20ScqIiO_H83KjWdPZj24jXmRAGF4KIQniUc6JXMonZGeQss4UUNrQSK8oTsegQtB0yU-pUNXsvjmUdL8WNZZuJOAiDl_WygjXrHUgQ.mp4?_nc_cat=103&_nc_oc=Adql96hMoKjIxfpoyBeh_zKuNcHqBVMkCR6SNiA35WYyAeRxLymGHYeY2LI8RoKjfeWyaQ6QaLMcyQ339yjiEk7f&_nc_sid=ef5aa3&_nc_ht=video.fjai6-1.fna.fbcdn.net&_nc_ohc=vI3OQ_Hc6RwQ7kNvwGaW0Zm&efg=eyJ2ZW5jb2RlX3RhZyI6Inhwdl9wcm9ncmVzc2l2ZS5WSV9VU0VDQVNFX1BST0RVQ1RfVFlQRS4uQzMuNjM2LnN2ZV9zZCIsInhwdl9hc3NldF9pZCI6MTI2MjA4NTI5NTgzMjIxNywiYXNzZXRfYWdlX2RheXMiOjExMywidmlfdXNlY2FzZV9pZCI6MTAxMzksImR1cmF0aW9uX3MiOjY5LCJ1cmxnZW5fc291cmNlIjoid3d3In0%3D&ccb=17-1&_nc_gid=dAFPTdq38vI8qr0GDs2PRA&_nc_ss=7b289&_nc_zt=28&oh=00_Af9uhL5-Q35AxcT5chTLKivBidkEY5GPrSmUMyGnuBnsYw&oe=6A3864B3 | Preview: https://scontent.fjai6-1.fna.fbcdn.net/v/t39.35426-6/639819864_1439941961177427_4889271439889402175_n.jpg?_nc_cat=109&ccb=1-7&_nc_sid=c53f8f&_nc_ohc=NzDwpat2J8IQ7kNvwGUk2jD&_nc_oc=Adp-4jItCm_wo9fOHIIZwjx9iX_ZpVOQgVh6-xh7vlyFINMgosvbBaYZADgbEBe_dJTk5E42ck-p3QZC9wcmEjqX&_nc_zt=14&_nc_ht=scontent.fjai6-1.fna&_nc_gid=dAFPTdq38vI8qr0GDs2PRA&_nc_ss=7b289&oh=00_Af-so6JPFbSUb3Xv7d1wAky-3XDvgFnfr4k0FkY3aK-Zsg&oe=6A3841E3 || HD: https://video.fjai6-1.fna.fbcdn.net/o1/v/t2/f2/m366/AQO8O_zXQ8N7v-6IgGX4fYqgQW_PDpON3X_WHcjGmaH-vq_jxEE0duNXvErrDXFl800-w-n9MYH8QmxD6PYO7hulJcBi19g2gkcF0bMh8QVeJA.mp4?_nc_cat=104&_nc_oc=AdonTKjcCmUkUoAyE-ptkQJkWwLeVItOfdYad5sz6r5hAXHX5EDg53JG27pUl6fh_8RA-ryCvyhKAkdOn6nx2x43&_nc_sid=b66105&_nc_ht=video.fjai6-1.fna.fbcdn.net&_nc_ohc=NxWc8ict1WAQ7kNvwFO2-HP&efg=eyJ2ZW5jb2RlX3RhZyI6Inhwdl9wcm9ncmVzc2l2ZS5WSV9VU0VDQVNFX1BST0RVQ1RfVFlQRS4uQzMuNzIwLmRhc2hfaDI2NC1iYXNpYy1nZW4yXzcyMHAiLCJ4cHZfYXNzZXRfaWQiOjMyMDc5MjI3MjI3MjMwNDksImFzc2V0X2FnZV9kYXlzIjoxMTMsInZpX3VzZWNhc2VfaWQiOjEwMTM5LCJkdXJhdGlvbl9zIjo2OSwidXJsZ2VuX3NvdXJjZSI6Ind3dyJ9&ccb=17-1&vs=538fa8c2d53dabdd&_nc_vs=HBksFQIYRWZiX2VwaGVtZXJhbC8yQzRGQkIzNjM3RkQ3MUNGMjQyRDAyRDgwRDE5RThBNl9tdF8xX3ZpZGVvX2Rhc2hpbml0Lm1wNBUAAsgBEgAVAhhAZmJfcGVybWFuZW50LzMyNEIyOTkyQkU5OUM0RDBCMjIwNjI1NjUxRjVGOEI4X2F1ZGlvX2Rhc2hpbml0Lm1wNBUCAsgBEgAoABgAGwKIB3VzZV9vaWwBMRJwcm9ncmVzc2l2ZV9yZWNpcGUBMRUAACbS09bl1uWyCxUCKAJDMywXQFFcKPXCj1wYGWRhc2hfaDI2NC1iYXNpYy1nZW4yXzcyMHARAHUAZbaeAQA&_nc_gid=dAFPTdq38vI8qr0GDs2PRA&_nc_ss=7b289&_nc_zt=28&oh=00_Af8-yeMZynVT1lMuiGjf1KRLWdwjU0ietkB_i_XE-bVINg&oe=6A382F3C | SD: https://video.fjai6-1.fna.fbcdn.net/o1/v/t2/f2/m412/AQPw1j7FMW0OD3lQlgeoIf8g8w5sENPnZdAPVCH78L2VNC3kpoEJurrTnGAxDDFaKNDHcjeNR7R4EbjCpNfqPTe-qEsmOZuBJmMfhOFBLw.mp4?_nc_cat=101&_nc_oc=AdqbEjRK35FtRgwbM-a_2VBe0Mu9pjaINh447Ty6yNTrvDCIeCEi5JgChuGsTkFi8zgpr927EJ-sv4rROGQ0mBmX&_nc_sid=ef5aa3&_nc_ht=video.fjai6-1.fna.fbcdn.net&_nc_ohc=ZIDQD5wEXJAQ7kNvwHBO2Bb&efg=eyJ2ZW5jb2RlX3RhZyI6Inhwdl9wcm9ncmVzc2l2ZS5WSV9VU0VDQVNFX1BST0RVQ1RfVFlQRS4uQzMuMzYwLnN2ZV9zZCIsInhwdl9hc3NldF9pZCI6MzIwNzkyMjcyMjcyMzA0OSwiYXNzZXRfYWdlX2RheXMiOjExMywidmlfdXNlY2FzZV9pZCI6MTAxMzksImR1cmF0aW9uX3MiOjY5LCJ1cmxnZW5fc291cmNlIjoid3d3In0%3D&ccb=17-1&_nc_gid=dAFPTdq38vI8qr0GDs2PRA&_nc_ss=7b289&_nc_zt=28&oh=00_Af-U99xq0HV0DKXv3H-r20V8nRYL0KVPPVTqNYxSKCciSw&oe=6A383F3D | Preview: https://scontent.fjai6-1.fna.fbcdn.net/v/t39.35426-6/641322163_26453863207550891_6738703139822834628_n.jpg?_nc_cat=101&ccb=1-7&_nc_sid=c53f8f&_nc_ohc=XCjxp8QhlZcQ7kNvwH9_0sQ&_nc_oc=Adr8LKMF4mlAGIU-AON0i7YHqHFzizdkc4nL1o0wQ2nrzfo6WA3ZekG3Ud9OCNHRWYl7xPfmrQZW9MgaJCJKyLaD&_nc_zt=14&_nc_ht=scontent.fjai6-1.fna&_nc_gid=dAFPTdq38vI8qr0GDs2PRA&_nc_ss=7b289&oh=00_Af_MbvUCc0S_BmA42YZXYGVK2aVErjU4szDdOFi79UkAdQ&oe=6A3850D6 || HD: https://video.fjai6-1.fna.fbcdn.net/o1/v/t2/f2/m366/AQM9THjjVaRe-GJcrKWAKn80-DMj1d4pJgJ7kGP3o554sQrEhTqM2rlFjY9q1vfNm7fybjpbq2t9QFodUF6QghxLUtkW6feBlezk0B0iahs8wA.mp4?_nc_cat=101&_nc_oc=AdpsJpTNDB-F-8xsQYxZBqK3vVlHvn_lRWjDq8FJ7w-SWySP5F1wy-6HqsW7RsmNuobyTE6SPZyd5CZh99EsDrHX&_nc_sid=b66105&_nc_ht=video.fjai6-1.fna.fbcdn.net&_nc_ohc=nanJeYqLdcIQ7kNvwHAGdec&efg=eyJ2ZW5jb2RlX3RhZyI6Inhwdl9wcm9ncmVzc2l2ZS5WSV9VU0VDQVNFX1BST0RVQ1RfVFlQRS4uQzMuNzIwLmRhc2hfaDI2NC1iYXNpYy1nZW4yXzcyMHAiLCJ4cHZfYXNzZXRfaWQiOjExODA2MjA2ODc0ODQ1NTIsImFzc2V0X2FnZV9kYXlzIjoxMjgsInZpX3VzZWNhc2VfaWQiOjEwNzk5LCJkdXJhdGlvbl9zIjo2OSwidXJsZ2VuX3NvdXJjZSI6Ind3dyJ9&ccb=17-1&vs=db7c5d9319c23f&_nc_vs=HBksFQIYRWZiX2VwaGVtZXJhbC9CMzRBQzYxNTM4QzhCMjk0MTVEOEE1MDMyODg5RjlCN19tdF8xX3ZpZGVvX2Rhc2hpbml0Lm1wNBUAAsgBEgAVAhhAZmJfcGVybWFuZW50L0NBNDcxQjQxNUEzODJDM0FGOTUwODczOENFREZEMzg3X2F1ZGlvX2Rhc2hpbml0Lm1wNBUCAsgBEgAoABgAGwKIB3VzZV9vaWwBMRJwcm9ncmVzc2l2ZV9yZWNpcGUBMRUAACaQmonLlfGYBBUCKAJDMywXQFFcWhysCDEYGWRhc2hfaDI2NC1iYXNpYy1nZW4yXzcyMHARAHUAZd6oAQA&_nc_gid=dAFPTdq38vI8qr0GDs2PRA&_nc_ss=7b289&_nc_zt=28&oh=00_Af9Jky7zlbCLrly3kOdg2Twwr-JzYTrHAx8ZCofvqPfgEA&oe=6A38485B | SD: https://video.fjai6-1.fna.fbcdn.net/o1/v/t2/f2/m412/AQMDPsFjH2b1mhSUFTXbZTlxQlGVk99iNhoscUYdces3pDLu70Yu4KX9dWHQIgKO59Yct19WC9jVC56w3fvLq-FpO6AX6PrcmXkLxAKaJg.mp4?_nc_cat=111&_nc_oc=Adp55hy6j38s7GMVzqgVCuAups2fTyWqu-LaVwXeovJ2WOu12mRFUyZ0Eqk_9twlN_wKDeGDrHN9fXRNVF0CK0iP&_nc_sid=ef5aa3&_nc_ht=video.fjai6-1.fna.fbcdn.net&_nc_ohc=PYyIkGmWVDUQ7kNvwHmZidP&efg=eyJ2ZW5jb2RlX3RhZyI6Inhwdl9wcm9ncmVzc2l2ZS5WSV9VU0VDQVNFX1BST0RVQ1RfVFlQRS4uQzMuMzYwLnN2ZV9zZCIsInhwdl9hc3NldF9pZCI6MTE4MDYyMDY4NzQ4NDU1MiwiYXNzZXRfYWdlX2RheXMiOjEyOCwidmlfdXNlY2FzZV9pZCI6MTA3OTksImR1cmF0aW9uX3MiOjY5LCJ1cmxnZW5fc291cmNlIjoid3d3In0%3D&ccb=17-1&_nc_gid=dAFPTdq38vI8qr0GDs2PRA&_nc_ss=7b289&_nc_zt=28&oh=00_Af-4xqI2FZX8yF_1wqpqGyWDPCz1Cpq40r4cI5ZKxDAnYg&oe=6A384817 | Preview: https://scontent.fjai6-1.fna.fbcdn.net/v/t39.35426-6/638796037_767446442689165_6915884299020470944_n.jpg?_nc_cat=111&ccb=1-7&_nc_sid=c53f8f&_nc_ohc=qqguRPDq4SEQ7kNvwEoHmIA&_nc_oc=Adrrd6kg0Ttj_aeATfndSInRFQlTFhfX0PckEkcADKJWhsVYPCCiaeddsP8VGfrjC5fWydafnllihFBKQNAvt50d&_nc_zt=14&_nc_ht=scontent.fjai6-1.fna&_nc_gid=dAFPTdq38vI8qr0GDs2PRA&_nc_ss=7b289&oh=00_Af8uQaNhmu-B3kOFCGEEKotAiS_z5whnoj8vhiPRVfCFBw&oe=6A384BFB
2505789926542986,https://www.facebook.com/Prelaunchpropertybangalore/,fb.me,https://www.facebook.com/Prelaunchpropertybangalore/,,,,,+91 8071 174 234,,,,628112107051706,http://fb.me/,Pre Launch Property Bangalore,https://www.facebook.com/ads/library/?id=2505789926542986,"Something extraordinary is rising on Old Madras Road.
A landmark township. A new way of life.
300 acres by Sobha — coming soon to Hoskote.",181,Learn more,fb.me,"FACEBOOK; INSTAGRAM; AUDIENCE_NETWORK",2026-05-08,2026-06-17,HD: https://video.fjai6-1.fna.fbcdn.net/o1/v/t2/f2/m366/AQO1FTPDceOTUBWymYIvwGwJ2t0V8gbGtAZ6OMfJlr9u2l-B55fq7nOUf-dylxsK0g3AFS1DkFRDotASQCk0aTvEEZsrWrCdLwMlYXLJ-fnrtw.mp4?_nc_cat=109&_nc_oc=Adq53p8fi6tdhTmnbtYzMsw6Ug9E6rPScIZf4Z8nUfGfDCocGhpU-3tcJoRPyK9JJcf6yi-KJd6Sy2A1CM79aYGE&_nc_sid=b66105&_nc_ht=video.fjai6-1.fna.fbcdn.net&_nc_ohc=jIVXea9CPb0Q7kNvwF12-WU&efg=eyJ2ZW5jb2RlX3RhZyI6Inhwdl9wcm9ncmVzc2l2ZS5WSV9VU0VDQVNFX1BST0RVQ1RfVFlQRS4uQzMuNzIwLmRhc2hfaDI2NC1iYXNpYy1nZW4yXzcyMHAiLCJ4cHZfYXNzZXRfaWQiOjk1ODc4Mzc5MzIzNTA2NywiYXNzZXRfYWdlX2RheXMiOjExOCwidmlfdXNlY2FzZV9pZCI6MTA3OTksImR1cmF0aW9uX3MiOjEwMywidXJsZ2VuX3NvdXJjZSI6Ind3dyJ9&ccb=17-1&vs=4afd9d087b31bd23&_nc_vs=HBksFQIYRWZiX2VwaGVtZXJhbC9FOTQ4QzcyMUU5RjhCMjIyODQ1N0ZBNzVFRDhDQzJBRF9tdF8xX3ZpZGVvX2Rhc2hpbml0Lm1wNBUAAsgBEgAVAhhAZmJfcGVybWFuZW50L0I0NEEzMThBM0ZDRjI0QTg4NDc4MEY3M0FBQ0MzNkE0X2F1ZGlvX2Rhc2hpbml0Lm1wNBUCAsgBEgAoABgAGwKIB3VzZV9vaWwBMRJwcm9ncmVzc2l2ZV9yZWNpcGUBMRUAACb2kcz2x4C0AxUCKAJDMywXQFnOl41P3zsYGWRhc2hfaDI2NC1iYXNpYy1nZW4yXzcyMHARAHUAZd6oAQA&_nc_gid=dAFPTdq38vI8qr0GDs2PRA&_nc_ss=7b289&_nc_zt=28&oh=00_Af8km7NuxZSbDOM1iJrPkt2QuhYbigJTCbWOvtgvmeylZg&oe=6A385A93 | SD: https://video.fjai6-1.fna.fbcdn.net/o1/v/t2/f2/m412/AQMAmvVrVQ0RXL9gINaIGlqGtTXb53vIJGV9qJNTaRVf0dUoYMWSmNKyHU49Vq0iu53RzDdDAsD-A625ST5K7n8Th_Hfy_MygdSl6Pk6_Q.mp4?_nc_cat=104&_nc_oc=AdrmhhzXn8F9_EDzvZdiJOwogq0Nj1L6XsrP81eQN_8I2b0f0p90L5xy3Jas4qfvzTikpANurRExIyB1CNhVN9S1&_nc_sid=ef5aa3&_nc_ht=video.fjai6-1.fna.fbcdn.net&_nc_ohc=FfaElYatfFAQ7kNvwGS8Iu_&efg=eyJ2ZW5jb2RlX3RhZyI6Inhwdl9wcm9ncmVzc2l2ZS5WSV9VU0VDQVNFX1BST0RVQ1RfVFlQRS4uQzMuMzYwLnN2ZV9zZCIsInhwdl9hc3NldF9pZCI6OTU4NzgzNzkzMjM1MDY3LCJhc3NldF9hZ2VfZGF5cyI6MTE4LCJ2aV91c2VjYXNlX2lkIjoxMDc5OSwiZHVyYXRpb25fcyI6MTAzLCJ1cmxnZW5fc291cmNlIjoid3d3In0%3D&ccb=17-1&_nc_gid=dAFPTdq38vI8qr0GDs2PRA&_nc_ss=7b289&_nc_zt=28&oh=00_Af8FpzzDt92K1tauMKjQlBMxIjY8T3wgwzrTYpL9jovlNQ&oe=6A3864B6 | Preview: https://scontent.fjai6-1.fna.fbcdn.net/v/t39.35426-6/690813668_957420657271831_6757894013608207501_n.jpg?_nc_cat=100&ccb=1-7&_nc_sid=c53f8f&_nc_ohc=gZBxCy57aHgQ7kNvwG7aoYX&_nc_oc=AdqIAPugNBemcS9Pmg1ZXbLFKFBdJCEfH1bi9elwzch08kpVzros7wmWhXW3rSY94Cc7pRmZR8zD5JabhnxDT6X0&_nc_zt=14&_nc_ht=scontent.fjai6-1.fna&_nc_gid=dAFPTdq38vI8qr0GDs2PRA&_nc_ss=7b289&oh=00_Af8gE1NN5ivB2pO_SCLL8wmrHunKDnRzSCcAu4stBI7pBA&oe=6A384D84,,,,,,,
1605721090502203,https://www.facebook.com/61581087383546/,fb.me,https://www.facebook.com/61581087383546/,,,,marketing@redbrik.com,,,,,784198441445711,http://fb.me/,RedBrik.com,https://www.facebook.com/ads/library/?id=1605721090502203,"🌿🏡 Own Land in the Land of Krishna — Where Every Square Yard Brings Blessings & Returns
Vrindavan Raal Road Township is NCR's smartest land investment right now. Divine surroundings. Premium township. Unbeatable price.
💰 Starting @ ₹51,000/sq. yd.
📏 Plots: 120 | 150 | 200 sq. yd.
✨ What makes it special:
🛕 In-house temple — daily darshan at your doorstep
🌿 Meditation & green zones for peaceful living
🏊 Premium clubhouse & luxury amenities
🌊 Scenic water features & landscapes
🔐 100% gated & secure township
📍 Near Radha Kund Railway Station
📍 7 km from Chatikara Flyover
📍 8 km from Govardhan
📍 On upcoming Ring Road corridor
🔑 EOI starts @ ₹3 Lakhs only
⚡ Limited plots — early investors gain the most
📞 Call now for free site visit
🙏 Invest where peace & prosperity walk together",563,Book now,fb.me,"FACEBOOK; INSTAGRAM",2026-04-28,2026-06-15,HD: https://video.fjai6-1.fna.fbcdn.net/o1/v/t2/f2/m366/AQOeBhvKLwxk965nPEAzIRaQbSKJ6u8xW-tBA2eB3BICoLm6wh4CowhPuP6vfEHvqJaiqUCehTeAfYaKPFbXfUwpTFdd-kQD0F12DmQ_yT-wBQ.mp4?_nc_cat=103&_nc_oc=AdqSE9usHHqKVzM4EPKRF-fwL8yWANBbVdzqrNP0A97K6Cg7zkAOGDQzH9RPuxf9kS1Yhw1S75nXBH1soDyqpWVg&_nc_sid=b66105&_nc_ht=video.fjai6-1.fna.fbcdn.net&_nc_ohc=cno1IlAB8hIQ7kNvwG5k6Uq&efg=eyJ2ZW5jb2RlX3RhZyI6Inhwdl9wcm9ncmVzc2l2ZS5WSV9VU0VDQVNFX1BST0RVQ1RfVFlQRS4uQzMuNzIwLmRhc2hfaDI2NC1iYXNpYy1nZW4yXzcyMHAiLCJ4cHZfYXNzZXRfaWQiOjE4OTEwMTE3NTUwMTEzMTYsImFzc2V0X2FnZV9kYXlzIjo0OSwidmlfdXNlY2FzZV9pZCI6MTA3OTksImR1cmF0aW9uX3MiOjgzLCJ1cmxnZW5fc291cmNlIjoid3d3In0%3D&ccb=17-1&vs=d7b75f35c02419cd&_nc_vs=HBksFQIYRWZiX2VwaGVtZXJhbC84RTQ4ODY1QTAwNzk0NTA2Qzg0ODBDMkMyMUNBODY5NF9tdF8xX3ZpZGVvX2Rhc2hpbml0Lm1wNBUAAsgBEgAVAhhAZmJfcGVybWFuZW50L0M0NDYyM0UyOTY0NDlFOUE0MjVCNUY5MzdCMUE2Q0EwX2F1ZGlvX2Rhc2hpbml0Lm1wNBUCAsgBEgAoABgAGwKIB3VzZV9vaWwBMRJwcm9ncmVzc2l2ZV9yZWNpcGUBMRUAACbos-O-r_fbBhUCKAJDMywXQFTwAAAAAAAYGWRhc2hfaDI2NC1iYXNpYy1nZW4yXzcyMHARAHUAZd6oAQA&_nc_gid=dAFPTdq38vI8qr0GDs2PRA&_nc_ss=7b289&_nc_zt=28&oh=00_Af-Jl5WzlRQTOPqzZXrMj_bYdWlMMePbvxghqB0_QqqkaQ&oe=6A383085 | SD: https://video.fjai6-1.fna.fbcdn.net/o1/v/t2/f2/m412/AQPpOfPt2Rmn78dLROCmjChzdrY6SyjhISq6ts372edNn3g74fDpSGtVjb87mQcHT0E6lPFfWJCTbPqzpyq5pHlzrzcT9Nv8PkiwXjFi2Q.mp4?_nc_cat=106&_nc_oc=AdrijXURpXhCmoqvAAgrfLUg1VC_m4KOqUOQwuHdH_--xYVuGumnMv-EeBCm7ccA2C_ap5i0CloKCFK1Q1nTblA7&_nc_sid=ef5aa3&_nc_ht=video.fjai6-1.fna.fbcdn.net&_nc_ohc=daF7RhmEtCMQ7kNvwETtnJb&efg=eyJ2ZW5jb2RlX3RhZyI6Inhwdl9wcm9ncmVzc2l2ZS5WSV9VU0VDQVNFX1BST0RVQ1RfVFlQRS4uQzMuMzYwLnN2ZV9zZCIsInhwdl9hc3NldF9pZCI6MTg5MTAxMTc1NTAxMTMxNiwiYXNzZXRfYWdlX2RheXMiOjQ5LCJ2aV91c2VjYXNlX2lkIjoxMDc5OSwiZHVyYXRpb25fcyI6ODMsInVybGdlbl9zb3VyY2UiOiJ3d3cifQ%3D%3D&ccb=17-1&_nc_gid=dAFPTdq38vI8qr0GDs2PRA&_nc_ss=7b289&_nc_zt=28&oh=00_Af8CblFVORQphR6z7NpONOvdV3VQy0Uidvw-Si_wg9admg&oe=6A382ECC | Preview: https://scontent.fjai6-1.fna.fbcdn.net/v/t39.35426-6/683499275_1403671358481321_5726215050501514992_n.jpg?_nc_cat=109&ccb=1-7&_nc_sid=c53f8f&_nc_ohc=lJ5WOsXFhq8Q7kNvwHf0QdZ&_nc_oc=AdrtMhszDVAe0IDp8NhFNhDeDVQ-Rod__mgaNp-vH108G0FfJ5L39hrVaPX51qeRYWaeyFlsjw_4fx4V91lFasba&_nc_zt=14&_nc_ht=scontent.fjai6-1.fna&_nc_gid=dAFPTdq38vI8qr0GDs2PRA&_nc_ss=7b289&oh=00_Af86-O3jD_KdEAIe3jVYdWVN_AfWrqjvXFO6BzlYPBuSxQ&oe=6A385EEB,,,,,,,
1353590623295984,https://www.facebook.com/hyderabadrealty12/,fb.me,https://www.facebook.com/hyderabadrealty12/,,,,oceanicshark56@gmail.com,+91 91547 63422,,,,542723612256681,http://fb.me/,Hyderabad Realty,https://www.facebook.com/ads/library/?id=1353590623295984,"You know this address better than anyone. 📍
Central Hyderabad's first luxury high-rise
is launching at RTC X Roads —
and pre-launch EOI is open right now.
Fill the form to get exclusive access.",399,Sign up,fb.me,"FACEBOOK; INSTAGRAM; AUDIENCE_NETWORK",2026-06-04,2026-06-17,,,"You know this address better than anyone. 📍
Central Hyderabad's first luxury high-rise
is launching at RTC X Roads —
and pre-launch EOI is open right now.
Fill the form to get exclusive access. || You know this address better than anyone. 📍
Central Hyderabad's first luxury high-rise
is launching at RTC X Roads —
and pre-launch EOI is open right now.
Fill the form to get exclusive access. || You know this address better than anyone. 📍
Central Hyderabad's first luxury high-rise
is launching at RTC X Roads —
and pre-launch EOI is open right now.
Fill the form to get exclusive access. || You know this address better than anyone. 📍
Central Hyderabad's first luxury high-rise
is launching at RTC X Roads —
and pre-launch EOI is open right now.
Fill the form to get exclusive access. || You know this address better than anyone. 📍
Central Hyderabad's first luxury high-rise
is launching at RTC X Roads —
and pre-launch EOI is open right now.
Fill the form to get exclusive access. || You know this address better than anyone. 📍
Central Hyderabad's first luxury high-rise
is launching at RTC X Roads —
and pre-launch EOI is open right now.
Fill the form to get exclusive access. || You know this address better than anyone. 📍
Central Hyderabad's first luxury high-rise
is launching at RTC X Roads —
and pre-launch EOI is open right now.
Fill the form to get exclusive access. || You know this address better than anyone. 📍
Central Hyderabad's first luxury high-rise
is launching at RTC X Roads —
and pre-launch EOI is open right now.
Fill the form to get exclusive access. || You know this address better than anyone. 📍
Central Hyderabad's first luxury high-rise
is launching at RTC X Roads —
and pre-launch EOI is open right now.
Fill the form to get exclusive access.",http://fb.me/ || http://fb.me/ || http://fb.me/ || http://fb.me/ || http://fb.me/ || http://fb.me/ || http://fb.me/ || http://fb.me/ || http://fb.me/,,Sign Up || Sign Up || Sign Up || Sign Up || Sign Up || Sign Up || Sign Up || Sign Up || Sign Up,Original: https://scontent.fjai6-1.fna.fbcdn.net/v/t39.35426-6/715441998_992420936872670_970924518083302523_n.jpg?_nc_cat=109&ccb=1-7&_nc_sid=c53f8f&_nc_ohc=-m3s3hQQENcQ7kNvwGssb1I&_nc_oc=Adp22DwqRQA_NU7DMDICWzDihZJnv8yNLhhy6RzKE1BffLrg1HVdu0GN1MLdyqW7Jq50iF9E7Pev0IC-tiirZYXb&_nc_zt=14&_nc_ht=scontent.fjai6-1.fna&_nc_gid=dAFPTdq38vI8qr0GDs2PRA&_nc_ss=7b289&oh=00_Af98uUXBJnx-QBFAeWJuF2Ov2CnRew4E7IVgXJUxRSj8lw&oe=6A384A15 | Resized: https://scontent.fjai6-1.fna.fbcdn.net/v/t39.35426-6/714912004_1922179618446696_1628099222870255199_n.jpg?stp=dst-jpg_s600x600_tt6&_nc_cat=106&ccb=1-7&_nc_sid=c53f8f&_nc_ohc=14ho-uxxAdQQ7kNvwElaZ-Z&_nc_oc=AdrF294g5_szagl3vDFEchKyzHeBUs5X7Qs4FncyugzkopOGIqvPB18Pw9scIpCP_xXwf1UZ7iVx593uaXqo26iu&_nc_zt=14&_nc_ht=scontent.fjai6-1.fna&_nc_gid=dAFPTdq38vI8qr0GDs2PRA&_nc_ss=7b289&oh=00_Af85zU_b-FEaPeG6VLwAj2vVDpqYlfkfXLrIJS70u_T79A&oe=6A38518B || Original: https://scontent.fjai6-1.fna.fbcdn.net/v/t39.35426-6/715494291_1658044085409988_5072737134174724197_n.jpg?_nc_cat=105&ccb=1-7&_nc_sid=c53f8f&_nc_ohc=y3Hw5BVUZnsQ7kNvwFQA2Ul&_nc_oc=AdqIng51NtdSFgEejZHKHoQJzxCmd_M64DIE-86_OkkyBAmp2s0BYiK01jlHYxVAJxXFv2UqbFm6ULmS88ZBgbLh&_nc_zt=14&_nc_ht=scontent.fjai6-1.fna&_nc_gid=dAFPTdq38vI8qr0GDs2PRA&_nc_ss=7b289&oh=00_Af-F9jLpBkucYTuHIkNUiSkpT1foQRFI9DEjAUmnELATuQ&oe=6A383A59 | Resized: https://scontent.fjai6-1.fna.fbcdn.net/v/t39.35426-6/714840251_26838577945813450_3996620957404272476_n.jpg?stp=dst-jpg_s600x600_tt6&_nc_cat=105&ccb=1-7&_nc_sid=c53f8f&_nc_ohc=SHe7DQWB9GcQ7kNvwFd618q&_nc_oc=AdqJsz9sfDx5FZ8vTpLaCEkZyDZKCgD2pks_gii71RIV-Z6BEegTWasj7HQI-GcSzrkKcSeWtogDL1vy9xOUPQeQ&_nc_zt=14&_nc_ht=scontent.fjai6-1.fna&_nc_gid=dAFPTdq38vI8qr0GDs2PRA&_nc_ss=7b289&oh=00_Af9HYcKZbg2VHTos-YrYAQetIQRRkotpB-_TfHWehBl39Q&oe=6A383669 || Original: https://scontent.fjai6-1.fna.fbcdn.net/v/t39.35426-6/712545086_2805618926482570_4964853402307448485_n.jpg?_nc_cat=109&ccb=1-7&_nc_sid=c53f8f&_nc_ohc=eoo1JWNY1vYQ7kNvwF8Ouco&_nc_oc=AdrKF4L_KURruOLgVAa8vB_5_-ff_9hVgC47q1ubcs8oghY9PxVINPHhyKZPcT6dY0qfnlZl1uYvFXJNzfcsgpQY&_nc_zt=14&_nc_ht=scontent.fjai6-1.fna&_nc_gid=dAFPTdq38vI8qr0GDs2PRA&_nc_ss=7b289&oh=00_Af_qKg6eE_4wLr66Y1buBmzZUqPvqGiTLf11RJ4Sf6tDCg&oe=6A385C92 | Resized: https://scontent.fjai6-1.fna.fbcdn.net/v/t39.35426-6/712267299_979779178262571_5082454875974611016_n.jpg?stp=dst-jpg_s600x600_tt6&_nc_cat=104&ccb=1-7&_nc_sid=c53f8f&_nc_ohc=tuwbnii0iDQQ7kNvwH0iwDe&_nc_oc=Adok9YXys4KNvP_M84kEOXb9WHRNYumFrTCo2n9b81xeMDGYP9t5h3RmFxHRQLaAMTmw9gfTxXAbjzaQ9JO0vLiO&_nc_zt=14&_nc_ht=scontent.fjai6-1.fna&_nc_gid=dAFPTdq38vI8qr0GDs2PRA&_nc_ss=7b289&oh=00_Af_sNisFFOx0E0MGT9F-F-BtIrWqzMJvitIOPal_WWLiMg&oe=6A385451 || Original: https://scontent.fjai6-1.fna.fbcdn.net/v/t39.35426-6/712545086_2805618926482570_4964853402307448485_n.jpg?_nc_cat=109&ccb=1-7&_nc_sid=c53f8f&_nc_ohc=eoo1JWNY1vYQ7kNvwF8Ouco&_nc_oc=AdrKF4L_KURruOLgVAa8vB_5_-ff_9hVgC47q1ubcs8oghY9PxVINPHhyKZPcT6dY0qfnlZl1uYvFXJNzfcsgpQY&_nc_zt=14&_nc_ht=scontent.fjai6-1.fna&_nc_gid=dAFPTdq38vI8qr0GDs2PRA&_nc_ss=7b289&oh=00_Af_qKg6eE_4wLr66Y1buBmzZUqPvqGiTLf11RJ4Sf6tDCg&oe=6A385C92 | Resized: https://scontent.fjai6-1.fna.fbcdn.net/v/t39.35426-6/712267299_979779178262571_5082454875974611016_n.jpg?stp=dst-jpg_s600x600_tt6&_nc_cat=104&ccb=1-7&_nc_sid=c53f8f&_nc_ohc=tuwbnii0iDQQ7kNvwH0iwDe&_nc_oc=Adok9YXys4KNvP_M84kEOXb9WHRNYumFrTCo2n9b81xeMDGYP9t5h3RmFxHRQLaAMTmw9gfTxXAbjzaQ9JO0vLiO&_nc_zt=14&_nc_ht=scontent.fjai6-1.fna&_nc_gid=dAFPTdq38vI8qr0GDs2PRA&_nc_ss=7b289&oh=00_Af_sNisFFOx0E0MGT9F-F-BtIrWqzMJvitIOPal_WWLiMg&oe=6A385451 || Original: https://scontent.fjai6-1.fna.fbcdn.net/v/t39.35426-6/712545086_2805618926482570_4964853402307448485_n.jpg?_nc_cat=109&ccb=1-7&_nc_sid=c53f8f&_nc_ohc=eoo1JWNY1vYQ7kNvwF8Ouco&_nc_oc=AdrKF4L_KURruOLgVAa8vB_5_-ff_9hVgC47q1ubcs8oghY9PxVINPHhyKZPcT6dY0qfnlZl1uYvFXJNzfcsgpQY&_nc_zt=14&_nc_ht=scontent.fjai6-1.fna&_nc_gid=dAFPTdq38vI8qr0GDs2PRA&_nc_ss=7b289&oh=00_Af_qKg6eE_4wLr66Y1buBmzZUqPvqGiTLf11RJ4Sf6tDCg&oe=6A385C92 | Resized: https://scontent.fjai6-1.fna.fbcdn.net/v/t39.35426-6/712267299_979779178262571_5082454875974611016_n.jpg?stp=dst-jpg_s600x600_tt6&_nc_cat=104&ccb=1-7&_nc_sid=c53f8f&_nc_ohc=tuwbnii0iDQQ7kNvwH0iwDe&_nc_oc=Adok9YXys4KNvP_M84kEOXb9WHRNYumFrTCo2n9b81xeMDGYP9t5h3RmFxHRQLaAMTmw9gfTxXAbjzaQ9JO0vLiO&_nc_zt=14&_nc_ht=scontent.fjai6-1.fna&_nc_gid=dAFPTdq38vI8qr0GDs2PRA&_nc_ss=7b289&oh=00_Af_sNisFFOx0E0MGT9F-F-BtIrWqzMJvitIOPal_WWLiMg&oe=6A385451 || Original: https://scontent.fjai6-1.fna.fbcdn.net/v/t39.35426-6/712545086_2805618926482570_4964853402307448485_n.jpg?_nc_cat=109&ccb=1-7&_nc_sid=c53f8f&_nc_ohc=eoo1JWNY1vYQ7kNvwF8Ouco&_nc_oc=AdrKF4L_KURruOLgVAa8vB_5_-ff_9hVgC47q1ubcs8oghY9PxVINPHhyKZPcT6dY0qfnlZl1uYvFXJNzfcsgpQY&_nc_zt=14&_nc_ht=scontent.fjai6-1.fna&_nc_gid=dAFPTdq38vI8qr0GDs2PRA&_nc_ss=7b289&oh=00_Af_qKg6eE_4wLr66Y1buBmzZUqPvqGiTLf11RJ4Sf6tDCg&oe=6A385C92 | Resized: https://scontent.fjai6-1.fna.fbcdn.net/v/t39.35426-6/712267299_979779178262571_5082454875974611016_n.jpg?stp=dst-jpg_s600x600_tt6&_nc_cat=104&ccb=1-7&_nc_sid=c53f8f&_nc_ohc=tuwbnii0iDQQ7kNvwH0iwDe&_nc_oc=Adok9YXys4KNvP_M84kEOXb9WHRNYumFrTCo2n9b81xeMDGYP9t5h3RmFxHRQLaAMTmw9gfTxXAbjzaQ9JO0vLiO&_nc_zt=14&_nc_ht=scontent.fjai6-1.fna&_nc_gid=dAFPTdq38vI8qr0GDs2PRA&_nc_ss=7b289&oh=00_Af_sNisFFOx0E0MGT9F-F-BtIrWqzMJvitIOPal_WWLiMg&oe=6A385451 || Original: https://scontent.fjai6-1.fna.fbcdn.net/v/t39.35426-6/714611808_2220421575398628_4326976053313089208_n.jpg?_nc_cat=107&ccb=1-7&_nc_sid=c53f8f&_nc_ohc=oE1wi7b4_Q0Q7kNvwET38x7&_nc_oc=AdpmWWfrVp-p2Las6pv7KtOjEnXzZnF1edcWgQM1EAdMU0mmmzsKN_q0ZRrSTuh5-rNofOd5tZIM77jkxaGtRtz4&_nc_zt=14&_nc_ht=scontent.fjai6-1.fna&_nc_gid=dAFPTdq38vI8qr0GDs2PRA&_nc_ss=7b289&oh=00_Af-KZOx1ds-i-K5ZdWEG4VaoNNGsrvWFwXkIPqoi98mg_w&oe=6A384D45 | Resized: https://scontent.fjai6-1.fna.fbcdn.net/v/t39.35426-6/712208218_1702931184165254_7668680124401431962_n.jpg?stp=dst-jpg_s600x600_tt6&_nc_cat=108&ccb=1-7&_nc_sid=c53f8f&_nc_ohc=1NdISPkhj7IQ7kNvwFreFoh&_nc_oc=AdpmgWVu6mRUwXe1E03pLArCnSP4_P06NXcEYgPP8YxoaiEZBIlet8CAH8kYDNtRIB_xSyZZoTc4WDpLPrvIYBV7&_nc_zt=14&_nc_ht=scontent.fjai6-1.fna&_nc_gid=dAFPTdq38vI8qr0GDs2PRA&_nc_ss=7b289&oh=00_Af_BEjd7_QwKE5b6bYXHHXpWVN-nEAtvw7Zy6EqGVbfT_A&oe=6A38368F || Original: https://scontent.fjai6-1.fna.fbcdn.net/v/t39.35426-6/714611808_2220421575398628_4326976053313089208_n.jpg?_nc_cat=107&ccb=1-7&_nc_sid=c53f8f&_nc_ohc=oE1wi7b4_Q0Q7kNvwET38x7&_nc_oc=AdpmWWfrVp-p2Las6pv7KtOjEnXzZnF1edcWgQM1EAdMU0mmmzsKN_q0ZRrSTuh5-rNofOd5tZIM77jkxaGtRtz4&_nc_zt=14&_nc_ht=scontent.fjai6-1.fna&_nc_gid=dAFPTdq38vI8qr0GDs2PRA&_nc_ss=7b289&oh=00_Af-KZOx1ds-i-K5ZdWEG4VaoNNGsrvWFwXkIPqoi98mg_w&oe=6A384D45 | Resized: https://scontent.fjai6-1.fna.fbcdn.net/v/t39.35426-6/712208218_1702931184165254_7668680124401431962_n.jpg?stp=dst-jpg_s600x600_tt6&_nc_cat=108&ccb=1-7&_nc_sid=c53f8f&_nc_ohc=1NdISPkhj7IQ7kNvwFreFoh&_nc_oc=AdpmgWVu6mRUwXe1E03pLArCnSP4_P06NXcEYgPP8YxoaiEZBIlet8CAH8kYDNtRIB_xSyZZoTc4WDpLPrvIYBV7&_nc_zt=14&_nc_ht=scontent.fjai6-1.fna&_nc_gid=dAFPTdq38vI8qr0GDs2PRA&_nc_ss=7b289&oh=00_Af_BEjd7_QwKE5b6bYXHHXpWVN-nEAtvw7Zy6EqGVbfT_A&oe=6A38368F || Original: https://scontent.fjai6-1.fna.fbcdn.net/v/t39.35426-6/714759724_881357971692714_4060177665993323555_n.jpg?_nc_cat=104&ccb=1-7&_nc_sid=c53f8f&_nc_ohc=uo7c2tXU1zgQ7kNvwHbvz2r&_nc_oc=AdrE9Vj87AdprtbCq4JBE6dM-NGKlfpO6D61sqB6lMtU8yPno5HQIRMDRRoQqwDSVWEWYCbx9kSHfZWfhycxPYvC&_nc_zt=14&_nc_ht=scontent.fjai6-1.fna&_nc_gid=dAFPTdq38vI8qr0GDs2PRA&_nc_ss=7b289&oh=00_Af_dY3xYVoNt-vAe6fu7n_V4GHu9bUedT1tbwQjlVaC2cw&oe=6A383098 | Resized: https://scontent.fjai6-1.fna.fbcdn.net/v/t39.35426-6/717047963_4051598514976600_4349966236851921115_n.jpg?stp=dst-jpg_s600x600_tt6&_nc_cat=102&ccb=1-7&_nc_sid=c53f8f&_nc_ohc=hCHr7HL6d44Q7kNvwGOWejO&_nc_oc=AdoA9996bZHaunF9nUTBz_tniWRc0yNd3S7663AQcpnjWuQDDuUW68nwI7JQXe_7U5WnrrGkKy1-SRx_hBABRmiq&_nc_zt=14&_nc_ht=scontent.fjai6-1.fna&_nc_gid=dAFPTdq38vI8qr0GDs2PRA&_nc_ss=7b289&oh=00_Af9SHvZ3YNclKsuGCIwz0UoK27yTX9Td-qwLtZuA9dbaYQ&oe=6A383E04,
1104357146100432,https://www.facebook.com/housiey/,fb.me,https://www.facebook.com/housiey/,,,,sales@housiey.com,+91 80974 52839,,,,216444252147750,http://fb.me/,Housiey,https://www.facebook.com/ads/library/?id=1104357146100432,"Godrej Properties New Launch ""Vanantara"", On Bannerghatta Road, Bengaluru
✅ 36 Acres- 14 Towers- 30 Floors
✅ 2/3/4.5 BHK - ₹1.28 Cr Onwards
✅ Metro Stn-7min | Mall-15min
✅ 50+ Luxurious Amenities
✅ Pay 10% Now & 14999/- Till Poss
✅ Exclusive Pre-Launch Discounts
✅ Booking Window Open Now
✅ PRM/KA/RERA/1251/310/AG/220203/002764",31911,Download,fb.me,"FACEBOOK; INSTAGRAM",2026-05-30,2026-06-17,,Original: https://scontent.fjai6-1.fna.fbcdn.net/v/t39.35426-6/708102208_1375853434389836_6440235144237012085_n.jpg?_nc_cat=110&ccb=1-7&_nc_sid=c53f8f&_nc_ohc=Ju0T-FR2_ogQ7kNvwG9W-9Z&_nc_oc=Adocc7ACD-fl4f24vG9RP1z5RlFsxfBcxm3PnBeI4uI1ROsUQ5dFhmz-hznP2Ox7i0V64wvgbgxtnQWz1N1sjTKZ&_nc_zt=14&_nc_ht=scontent.fjai6-1.fna&_nc_gid=JELlWz5y9aIP8CBi1X6V9Q&_nc_ss=7b289&oh=00_Af_YHiRaphYBfj8-rGNtMe446DuVPxKoR3rxmxOggodL0Q&oe=6A384225 | Resized: https://scontent.fjai6-1.fna.fbcdn.net/v/t39.35426-6/709035658_1571604781348662_5887928184136059232_n.jpg?stp=dst-jpg_s600x600_tt6&_nc_cat=110&ccb=1-7&_nc_sid=c53f8f&_nc_ohc=Dk927-vTX8kQ7kNvwE4GB9Z&_nc_oc=AdrpH4UchPEFyJOw5NBLOTq3FDA_KaWs_Qld8z4r_gs-3j-v5L8wLBKHNW75O_krDTFqEtc5pQZYn7YV88Or2IIk&_nc_zt=14&_nc_ht=scontent.fjai6-1.fna&_nc_gid=JELlWz5y9aIP8CBi1X6V9Q&_nc_ss=7b289&oh=00_Af-L5AV5LTm9Eo_QvapZ14FaNk44ybki1cKbgUBxLD8viA&oe=6A3847A9,,,,,,
2260644671363209,https://www.facebook.com/adissiadevelopers/,fb.me,https://www.facebook.com/adissiadevelopers/,,,,support@adissia.com,+91 91590 66666,,,,205300702664526,http://fb.me/,Adissia Developers,https://www.facebook.com/ads/library/?id=2260644671363209,"Just 10 mins from Peelamedu!
Live the British life in Neelambur! 
 GD Naidu Flyover proximity, perfect home with connectivity. Ready to know more? Call us now - 9751110468",2593,Sign up,fb.me,"FACEBOOK; INSTAGRAM",2026-06-12,2026-06-17,,Original: https://scontent.fjai6-1.fna.fbcdn.net/v/t39.35426-6/722077554_27253681594258774_5018408033842482443_n.jpg?_nc_cat=110&ccb=1-7&_nc_sid=c53f8f&_nc_ohc=ZRBQ6AS8MUwQ7kNvwFwU7R2&_nc_oc=AdpVXCRmWEbcrnIdhzEiGQgxmdQmcszaTHL_BIiBk5jPVI6MxbsRMgNhMpKXGOCGwJRyijJHeJPd2ThNh2-xE-Tc&_nc_zt=14&_nc_ht=scontent.fjai6-1.fna&_nc_gid=JELlWz5y9aIP8CBi1X6V9Q&_nc_ss=7b289&oh=00_Af8MhymZzePP7XIxLgGKdiSJhpcwZHf8zUUt0sgy1iiaWA&oe=6A3847CE | Resized: https://scontent.fjai6-1.fna.fbcdn.net/v/t39.35426-6/720919681_1396877659013663_749360732679574787_n.jpg?stp=dst-jpg_s600x600_tt6&_nc_cat=102&ccb=1-7&_nc_sid=c53f8f&_nc_ohc=ZATdcLSDmQoQ7kNvwFKCoh7&_nc_oc=AdpKAHiVHTyIJGOLQ7gX4R9N1SpLz2ekcHrD1dAXrFm0Xn1cKyFSUH8grn_4dGp0vJpvtATAc1727IV-xiJfLViI&_nc_zt=14&_nc_ht=scontent.fjai6-1.fna&_nc_gid=JELlWz5y9aIP8CBi1X6V9Q&_nc_ss=7b289&oh=00_Af88uykeKqZAVOp_MxwMq_C-lTFaSTu04OiLr_A8wYZ4Fw&oe=6A384B8B,,,,,,
948158674212398,https://www.facebook.com/getmyghar/,fb.me,https://www.facebook.com/getmyghar/,,,,info@getmyghar.com,+91 99037 50101,,,,112054477099019,http://fb.me/,Get My Ghar,https://www.facebook.com/ads/library/?id=948158674212398,"Homes on BT Road, Sodepur — Now Within Reach!

✅ Premium 2, 2.5 & 3 BHK Residences
✅ Prime Location on BT Road, Sodepur
✅ Elevation: G+20 & G+21 Towers
✅ Attractive Pre-Launch Pricing

Book Your Pre-Launch Access Now",32415,Get offer,fb.me,"FACEBOOK; INSTAGRAM",2026-02-17,2026-06-16,,,"Homes on BT Road, Sodepur — Now Within Reach!

✅ Premium 2, 2.5 & 3 BHK Residences
✅ Prime Location on BT Road, Sodepur
✅ Elevation: G+20 & G+21 Towers
✅ Attractive Pre-Launch Pricing

Book Your Pre-Launch Access Now || Homes on BT Road, Sodepur — Now Within Reach!

✅ Premium 2, 2.5 & 3 BHK Residences
✅ Prime Location on BT Road, Sodepur
✅ Elevation: G+20 & G+21 Towers
✅ Attractive Pre-Launch Pricing

Book Your Pre-Launch Access Now || Homes on BT Road, Sodepur — Now Within Reach!

✅ Premium 2, 2.5 & 3 BHK Residences
✅ Prime Location on BT Road, Sodepur
✅ Elevation: G+20 & G+21 Towers
✅ Attractive Pre-Launch Pricing

Book Your Pre-Launch Access Now",http://fb.me/ || http://fb.me/ || http://fb.me/,,Get Offer || Get Offer || Get Offer,Original: https://scontent.fjai6-1.fna.fbcdn.net/v/t39.35426-6/636667937_1321010370042345_7941287179967653942_n.jpg?_nc_cat=103&ccb=1-7&_nc_sid=c53f8f&_nc_ohc=bw1J2SV27l0Q7kNvwHSpFmj&_nc_oc=AdqhpjXXQMuCSnnyNQhvnj0KmGZqg1y8yS6RYqxTLSBPJJUkeD-zZ1HzDW_kt4Pf0BbhNnCxeW7mapsOjn30vnLe&_nc_zt=14&_nc_ht=scontent.fjai6-1.fna&_nc_gid=JELlWz5y9aIP8CBi1X6V9Q&_nc_ss=7b289&oh=00_Af9olEUqA6Wt0JKsbh3mgX3mFDD9gt5i9Lexzt0XwLO2cw&oe=6A38578A | Resized: https://scontent.fjai6-1.fna.fbcdn.net/v/t39.35426-6/637446472_1020159894511424_6532967137314978583_n.jpg?stp=dst-jpg_s600x600_tt6&_nc_cat=104&ccb=1-7&_nc_sid=c53f8f&_nc_ohc=t97UvPOAwkUQ7kNvwEBeoL2&_nc_oc=AdrdCf22Lk2om909SAS4qzet68IDQ9_p011-bTfJHrQ_H5z6AzSITcL_4Siwtrwqqg4BOWrkzYCtquxEXbXn0i0w&_nc_zt=14&_nc_ht=scontent.fjai6-1.fna&_nc_gid=JELlWz5y9aIP8CBi1X6V9Q&_nc_ss=7b289&oh=00_Af9Mm468V9OadMNG6SypKm2vC2Jh_fAu9dTYQdVEqpYe4g&oe=6A383FC0 || Original: https://scontent.fjai6-1.fna.fbcdn.net/v/t39.35426-6/636684451_914538634405020_2676557428403808072_n.jpg?_nc_cat=110&ccb=1-7&_nc_sid=c53f8f&_nc_ohc=3NVZrSNErh4Q7kNvwFk9RcJ&_nc_oc=AdrjCbd1zxtPPl_xL04al1wHQ2HqkGytM8R4TdxEr4oEz3Mi6RFQgzNAajUn769WFYg8ttoaIX5HabP-GeGY61D9&_nc_zt=14&_nc_ht=scontent.fjai6-1.fna&_nc_gid=JELlWz5y9aIP8CBi1X6V9Q&_nc_ss=7b289&oh=00_Af8tfY7gTXnZZpqH_7MbHYM8jr_-eEiETKa7X70t7_95BA&oe=6A3833CA | Resized: https://scontent.fjai6-1.fna.fbcdn.net/v/t39.35426-6/637470522_25761603220116663_6541717941328196646_n.jpg?stp=dst-jpg_s600x600_tt6&_nc_cat=103&ccb=1-7&_nc_sid=c53f8f&_nc_ohc=1sE2dGvSg58Q7kNvwE6L3h6&_nc_oc=AdrNJBnhV7610J0St6VrmqHyj4-y--2XeHcegUBOoIThnrTfBgJRGNArKsNnVhwMyRFbdmAYfE0BMZv3VkvOfZFV&_nc_zt=14&_nc_ht=scontent.fjai6-1.fna&_nc_gid=JELlWz5y9aIP8CBi1X6V9Q&_nc_ss=7b289&oh=00_Af9zheXiCcs8n_zQJzN1CwLBnWPJid1uVJwuC_S8PIY51Q&oe=6A385EA7 || Original: https://scontent.fjai6-1.fna.fbcdn.net/v/t39.35426-6/637406688_1833868697459033_5934825568067410979_n.jpg?_nc_cat=105&ccb=1-7&_nc_sid=c53f8f&_nc_ohc=-ROc6K6OxBUQ7kNvwHuft1H&_nc_oc=AdoStqk4Fenp-miIyistTpnyoni4TtgBM2OmEe4pXfwtMnxH9QIYPDuYVrL-QpuXTvFZwVypxgCnJWMSvgfiSugw&_nc_zt=14&_nc_ht=scontent.fjai6-1.fna&_nc_gid=JELlWz5y9aIP8CBi1X6V9Q&_nc_ss=7b289&oh=00_Af-E918hpjMpz-g7sJDVn9qi61JfO2gTJN0cKQOdFkrKPQ&oe=6A383127 | Resized: https://scontent.fjai6-1.fna.fbcdn.net/v/t39.35426-6/637681547_1421184026715306_473341930898913434_n.jpg?stp=dst-jpg_s600x600_tt6&_nc_cat=111&ccb=1-7&_nc_sid=c53f8f&_nc_ohc=tvF2mTzRoqIQ7kNvwELWsAa&_nc_oc=AdoUwBBCRoeuLdzTWs3uaCMVnsZvg83CDTS7YgqqKK07YGSFXGpoTUMKqN-hALruQes2cbGTWr3JxqcqIN8oGwe8&_nc_zt=14&_nc_ht=scontent.fjai6-1.fna&_nc_gid=JELlWz5y9aIP8CBi1X6V9Q&_nc_ss=7b289&oh=00_Af_c89DTtM0uSAr6yAvWA5zLNU6R-aig_Ibl0sTeoclR3A&oe=6A383E1C,
1004565135573404,https://www.facebook.com/Prelaunchpropertybangalore/,fb.me,https://www.facebook.com/Prelaunchpropertybangalore/,,,,,+91 8071 174 234,,,,628112107051706,http://fb.me/,Pre Launch Property Bangalore,https://www.facebook.com/ads/library/?id=1004565135573404,"Experience luxury that goes beyond expectations 🏙️

Spacious 2, 3, 3.5 & 4 BHK homes crafted for modern living with world-class amenities.

✔ Premium Residences
✔ 15+ Towers | 32 Floors
✔ Elite Lifestyle Community

💰 Starting at ₹1.59 Cr*",181,Learn more,fb.me,"FACEBOOK; INSTAGRAM",2026-05-07,2026-06-17,,,"Experience luxury that goes beyond expectations 🏙️

Spacious 2, 3, 3.5 & 4 BHK homes crafted for modern living with world-class amenities.

✔ Premium Residences
✔ 15+ Towers | 32 Floors
✔ Elite Lifestyle Community

💰 Starting at ₹1.59 Cr* || Experience luxury that goes beyond expectations 🏙️

Spacious 2, 3, 3.5 & 4 BHK homes crafted for modern living with world-class amenities.

✔ Premium Residences
✔ 15+ Towers | 32 Floors
✔ Elite Lifestyle Community

💰 Starting at ₹1.59 Cr* || Experience luxury that goes beyond expectations 🏙️

Spacious 2, 3, 3.5 & 4 BHK homes crafted for modern living with world-class amenities.

✔ Premium Residences
✔ 15+ Towers | 32 Floors
✔ Elite Lifestyle Community

💰 Starting at ₹1.59 Cr*",http://fb.me/ || http://fb.me/ || http://fb.me/,,Learn More || Learn More || Learn More,Original: https://scontent.fjai6-1.fna.fbcdn.net/v/t39.35426-6/687041960_28058231943767292_7375150263261362401_n.jpg?_nc_cat=102&ccb=1-7&_nc_sid=c53f8f&_nc_ohc=Z3QwyUuFL2EQ7kNvwH5psmv&_nc_oc=AdqULRy9G7O7n-SLgkkis1mPvIHwLHr7AdynF_Xo7CMxfzPyjBQWuq-_-KJ6mN9JP8jbFcSY44Ye_nxN9kcSQTbp&_nc_zt=14&_nc_ht=scontent.fjai6-1.fna&_nc_gid=JELlWz5y9aIP8CBi1X6V9Q&_nc_ss=7b289&oh=00_Af98IkAzf84JonwydUtqsqehQLU9o5RvgZDVx7h1ezB6iA&oe=6A384C93 | Resized: https://scontent.fjai6-1.fna.fbcdn.net/v/t39.35426-6/687027264_840364298531150_8644344041005445697_n.jpg?stp=dst-jpg_s600x600_tt6&_nc_cat=104&ccb=1-7&_nc_sid=c53f8f&_nc_ohc=ytDCNQuCv9QQ7kNvwEjTtsl&_nc_oc=AdqCbMHPZqLLyKLYDQlp_hIq1vhSXPwbFwFEbxr1Unlg-u0a6yPb8u0Rg91HtNiOLPsklOefiYPfsKb1hxlxf4f6&_nc_zt=14&_nc_ht=scontent.fjai6-1.fna&_nc_gid=JELlWz5y9aIP8CBi1X6V9Q&_nc_ss=7b289&oh=00_Af_XOI5A9bbMt6Q4QQ4CFn6zVmmSU7AAupanffRsUDknDg&oe=6A383213 || Original: https://scontent.fjai6-1.fna.fbcdn.net/v/t39.35426-6/687042182_2249233769154585_2842931466391957392_n.jpg?_nc_cat=103&ccb=1-7&_nc_sid=c53f8f&_nc_ohc=SZJE-7Hi500Q7kNvwHfB9Vc&_nc_oc=AdqNbUpuL5fIj04e1OPZDLcROesAr5qt_In03r4EePDotJTfESrldaWEbQ-WRFF3zU2O5RF_z14-k7lJ2c4sJ1_s&_nc_zt=14&_nc_ht=scontent.fjai6-1.fna&_nc_gid=JELlWz5y9aIP8CBi1X6V9Q&_nc_ss=7b289&oh=00_Af8UO7ccWQLOMfXAwQOvD_5nOKONR8WSr8KN0BQuPeY8SQ&oe=6A383F86 | Resized: https://scontent.fjai6-1.fna.fbcdn.net/v/t39.35426-6/689893742_1342398534480165_2590951279118987136_n.jpg?stp=dst-jpg_s600x600_tt6&_nc_cat=101&ccb=1-7&_nc_sid=c53f8f&_nc_ohc=Zw4hi0BP_d8Q7kNvwEN2AKv&_nc_oc=AdoKfW9yUost4eMn3X-wfE4XwPELuMfBlRpK6z7EL3laFRXtbq4aLd4PEm5epMaQ7M-o94uOUdZ-_HDcJa2w6WgW&_nc_zt=14&_nc_ht=scontent.fjai6-1.fna&_nc_gid=JELlWz5y9aIP8CBi1X6V9Q&_nc_ss=7b289&oh=00_Af-5x2NU-D3f5yZlmPo6G5z-nhFRvGSWhJdVKfH5xP0Lbg&oe=6A385080 || Original: https://scontent.fjai6-1.fna.fbcdn.net/v/t39.35426-6/687023803_1514495120307018_6721642977321604537_n.jpg?_nc_cat=108&ccb=1-7&_nc_sid=c53f8f&_nc_ohc=XGLFKJxYy3UQ7kNvwFejDar&_nc_oc=Adr5_q5SPABiMTjH6HyTZ0jYXVE-RNb4XWgCNDPiWF_vLaCnsHvi1u7z-d5E7UatSbWDXLXGud5hPx3tr-PBi4Ig&_nc_zt=14&_nc_ht=scontent.fjai6-1.fna&_nc_gid=JELlWz5y9aIP8CBi1X6V9Q&_nc_ss=7b289&oh=00_Af8k7BR_a7aEMFUDVE1kmP4I7n7t2syaZ7aMemiSJ2slfA&oe=6A383ED6 | Resized: https://scontent.fjai6-1.fna.fbcdn.net/v/t39.35426-6/689692545_1468097894804827_971651556757096484_n.jpg?stp=dst-jpg_s600x600_tt6&_nc_cat=101&ccb=1-7&_nc_sid=c53f8f&_nc_ohc=CD2su5JD40QQ7kNvwHYGdJ6&_nc_oc=AdoPzGFul6_s8CaZmQn2CRoSy3B7aE0qG20PTuPrj33CzZHn-vngCC7flC_6et7lFdoEJGo27aGOen9nKbmywcFJ&_nc_zt=14&_nc_ht=scontent.fjai6-1.fna&_nc_gid=JELlWz5y9aIP8CBi1X6V9Q&_nc_ss=7b289&oh=00_Af8LYrFeK8DCqyCeoo2hgW6Sli8OZGHdvLsP5e-ciyZcmg&oe=6A383975,
1209961451121761,https://www.facebook.com/61576826810410/,fb.me,https://www.facebook.com/61576826810410/,,,,,,,,,612270438643817,http://fb.me/,New Launches Pune,https://www.facebook.com/ads/library/?id=1209961451121761,"🏡 Discover Premium Living in Wakad! 🌇
Step into your dream lifestyle with modern, spacious homes in Pune’s most vibrant and well-connected neighborhood – Wakad.

✅ 2 BHK starting at ₹80 Lakhs
✅ 3 BHK from ₹1.10 Cr
✅ Strategic Location: 5 mins to Hinjewadi IT Park & Expressway
✅ World-Class Amenities: Infinity Pool, Clubhouse, Gym, Kids' Play Zone & more
✅ Near Top Schools, Malls & Entertainment Hubs

✨ Smart Investment, Elegant Living.
💥 Limited Inventory – Don’t Miss Out!
📞 Call Now: 77759 22202
Schedule your site visit today and unlock exclusive pre-launch offers!

📍 Your Dream Home is Waiting in Wakad.
⏳ Act Fast – Premium Units Selling Out Quickly!",13,Learn more,fb.me,"FACEBOOK; INSTAGRAM",2026-03-07,2026-05-10,HD: https://video.fjai6-1.fna.fbcdn.net/o1/v/t2/f2/m366/AQP6qiClVkjtin1wKf9Dq90bztJ45kazpU3oii47WdchtO7U64SXQE4JaVWnvRL1taBv8IqgKe0smmh-KKh37CZJHT16i5OpWX8BG2bQtruUUQ.mp4?_nc_cat=104&_nc_oc=AdrGcii8aJssZ_vQvczCD9eGxFZdG3FPxVD3ooeEfmW6P-hV_8Ugm8sOw1alOwymJRbcWrsDws-LWAIgHIZDm9I9&_nc_sid=b66105&_nc_ht=video.fjai6-1.fna.fbcdn.net&_nc_ohc=S92h6-goEBgQ7kNvwExEJBq&efg=eyJ2ZW5jb2RlX3RhZyI6Inhwdl9wcm9ncmVzc2l2ZS5WSV9VU0VDQVNFX1BST0RVQ1RfVFlQRS4uQzMuNzIwLmRhc2hfaDI2NC1iYXNpYy1nZW4yXzcyMHAiLCJ4cHZfYXNzZXRfaWQiOjEzNjcxODg1MTQ5MTYwNDUsImFzc2V0X2FnZV9kYXlzIjoxODgsInZpX3VzZWNhc2VfaWQiOjEwNzk5LCJkdXJhdGlvbl9zIjoyOSwidXJsZ2VuX3NvdXJjZSI6Ind3dyJ9&ccb=17-1&vs=a43726c6eb0dc54f&_nc_vs=HBksFQIYRWZiX2VwaGVtZXJhbC81RDQyOUQwRjdFMTMzODUyQ0Y2MzgxQzIwNkNGOUE4Ql9tdF8xX3ZpZGVvX2Rhc2hpbml0Lm1wNBUAAsgBEgAVAhhAZmJfcGVybWFuZW50LzlENDVDM0REQzQ4RkVBRUY5NzE3N0RCNEIyRkM5N0IzX2F1ZGlvX2Rhc2hpbml0Lm1wNBUCAsgBEgAoABgAGwKIB3VzZV9vaWwBMRJwcm9ncmVzc2l2ZV9yZWNpcGUBMRUAACaam66c7NztBBUCKAJDMywXQD3EGJN0vGoYGWRhc2hfaDI2NC1iYXNpYy1nZW4yXzcyMHARAHUAZd6oAQA&_nc_gid=JELlWz5y9aIP8CBi1X6V9Q&_nc_ss=7b289&_nc_zt=28&oh=00_Af_HPjE_CXp1dJXVkZAGCsEsX8YXJiuD3kpEHvqvfa_cHw&oe=6A385240 | SD: https://video.fjai6-1.fna.fbcdn.net/o1/v/t2/f2/m412/AQMOUoBRCvEEFGaRlmERuTL_qmemfmJlnvoWTnL8EX5eDhHXJI5llzZdaCFHUvjqhvT11Zy71BmxwEk6_0bTImn6x0hcGhrClGKpyIGkfg.mp4?_nc_cat=105&_nc_oc=AdoB8fAFzQnlOBgD_R3b6FtZhz2RBzt-4NJA1Nz8q2ls-gij6d_jG_c-a7vHyXPdsUpeDbOeL7pyVdNEAxOhFk7P&_nc_sid=ef5aa3&_nc_ht=video.fjai6-1.fna.fbcdn.net&_nc_ohc=h2T0r87fe5MQ7kNvwF--Zdp&efg=eyJ2ZW5jb2RlX3RhZyI6Inhwdl9wcm9ncmVzc2l2ZS5WSV9VU0VDQVNFX1BST0RVQ1RfVFlQRS4uQzMuMzYwLnN2ZV9zZCIsInhwdl9hc3NldF9pZCI6MTM2NzE4ODUxNDkxNjA0NSwiYXNzZXRfYWdlX2RheXMiOjE4OCwidmlfdXNlY2FzZV9pZCI6MTA3OTksImR1cmF0aW9uX3MiOjI5LCJ1cmxnZW5fc291cmNlIjoid3d3In0%3D&ccb=17-1&_nc_gid=JELlWz5y9aIP8CBi1X6V9Q&_nc_ss=7b289&_nc_zt=28&oh=00_Af-8O_AP9RK7V5AAKYBazddCpzNnD6RKVRO_xmDXokYjUA&oe=6A3853C9 | Preview: https://scontent.fjai6-1.fna.fbcdn.net/v/t39.35426-6/648989452_3108313319353602_2828236931286678771_n.jpg?_nc_cat=104&ccb=1-7&_nc_sid=c53f8f&_nc_ohc=Raa3RBMn-1gQ7kNvwHqaiYG&_nc_oc=AdroQVxd7Qr-6vikaDvaNM-Tav2_Nu_w_ELQpdFLNl1g9cMQx_X8aVpopvfxffsNyrrAAeOZu_px7Ke0YGfrRU3T&_nc_zt=14&_nc_ht=scontent.fjai6-1.fna&_nc_gid=JELlWz5y9aIP8CBi1X6V9Q&_nc_ss=7b289&oh=00_Af87KXgwd1-HrLRUxFhuoGMXIEDt2M90J0lOdeJYw3GYVQ&oe=6A385455,,,,,,,
4242893389263941,https://www.facebook.com/realestateindia2024/,fb.me,https://www.facebook.com/realestateindia2024/,,,,,,,,,106871422142115,http://fb.me/,Real Estate India,https://www.facebook.com/ads/library/?id=4242893389263941,"Introducing an upcoming premium residential project near IDL Lake, Kukatpally - a rare pre-launch opportunity in one of Hyderabad’s most in-demand locations, just 10 minutes from HITEC City.

Spread across a massive 27-acres township, this development is designed to offer the perfect balance of space, connectivity and future growth potential. With Phase 1 inventory limited and early pricing benefits available, this is the ideal time to enter before prices rise

🏡 Project Highlights:
✔️ 27 Acres Premium Township
✔️ 17 Iconic Towers
✔️ 25 Floors High-Rise
✔️ Smartly Planned Low-Density Living

🌿 Lifestyle & Amenities:
✨ 45+ World-Class Amenities
🏢 2 Grand Clubhouses – 2 Lakh Sq.Ft.
🌳 8 Acre Central Courtyard
🏊 Pool | Gym | Sports | Leisure Zones

📍 Prime Kukatpally Location:
• 10 mins to HITEC City
• 10 mins to Forum Sujana Mall

🏡 Spacious Premium 3 BHK Homes
📐 1552 – 2205 Sq.Ft.

💰 Starting from ₹1.16 Cr*

🔥 Pre-Launch Offer - Limited Time Only

Secure your home at today’s price in tomorrow’s prime location.

👉 Enquire now & get priority access to Phase 1 units.",857,Get offer,fb.me,"FACEBOOK; INSTAGRAM",2026-04-25,2026-06-17,,Original: https://scontent.fjai6-1.fna.fbcdn.net/v/t39.35426-6/679513783_955700930420751_5797698693073765266_n.jpg?_nc_cat=105&ccb=1-7&_nc_sid=c53f8f&_nc_ohc=-jZeLBNDDAkQ7kNvwF8oS02&_nc_oc=AdqS7XijBsUbCwBS1PiqYOAf4Bqo15cnhbl2mnJQS7DAoaI9-i6pJKMeUYl2Xt9eAF9n2ChRoYd-4B4DPshp0jpJ&_nc_zt=14&_nc_ht=scontent.fjai6-1.fna&_nc_gid=JELlWz5y9aIP8CBi1X6V9Q&_nc_ss=7b289&oh=00_Af9nA2FZg0ldojLsZ9b12_2ongntg5wQ2LSNXrcASy8obA&oe=6A386492 | Resized: https://scontent.fjai6-1.fna.fbcdn.net/v/t39.35426-6/682372788_2161521994646501_2740951226077423438_n.jpg?stp=dst-jpg_s600x600_tt6&_nc_cat=110&ccb=1-7&_nc_sid=c53f8f&_nc_ohc=n0OOd3MpaEEQ7kNvwHozHiO&_nc_oc=AdpYCXSkIX7FjiLMHHFxpqXbQS4PGIQt3RwaWQG_VtpToqcSE7PxgI70pqRT2c33n_9v3Rlfzi0EKYEyZvZdpzXh&_nc_zt=14&_nc_ht=scontent.fjai6-1.fna&_nc_gid=JELlWz5y9aIP8CBi1X6V9Q&_nc_ss=7b289&oh=00_Af_QgTA3g-VrXBuCUnNbbvpnei1tiXD6wuRMMJOvwHPNKg&oe=6A384914,,,,,,
1227099876052985,https://www.facebook.com/61576740421115/,play.google.com,https://www.facebook.com/61576740421115/,,,,,,,,,679258085265552,http://play.google.com/store/apps/details?id=story.tv.drama.reels,Story TV,https://www.facebook.com/ads/library/?id=1227099876052985,"After being fired 98 times for speaking the truth, reckless but honest Shaurya receives a divine blessing from Krishna: if he gets fired one more time, he will become the richest man in the world. Determined to trigger his 99th dismissal, he joins Kapoor Consumer Brands, where undercover CEO Shanaya Kapoor is trying to save her struggling company from sabotage. Every stunt Shaurya pulls to get fired accidentally saves the company, exposes corrupt insiders, wins employee loyalty, and brings him closer to Shanaya. When he finally gets fired and gains immense wealth, he realizes money means nothing without purpose and love. He returns to save Shanaya’s bankrupt company, defeat Vikram Rai, and stand by her as both partner and protector.",1267046,Use app,play.google.com,"FACEBOOK; INSTAGRAM; MESSENGER",2026-06-02,2026-06-16,HD: https://video.fjai6-1.fna.fbcdn.net/o1/v/t2/f2/m366/AQO00Bah82j6-U9jD6gh08Xg6KwYmKpj51m1jRMSilQgYHyRle_DthEza2C_qQGV7awqRobPFQIm-18-lb78P-cW5co_k9gE65YDa-FTeVttKw.mp4?_nc_cat=111&_nc_oc=AdrBO4KGAsgDaAgnupqMPOOCwwZGRiGmDUYZ3SZuio1yjbrUGKaTB6Yh9eQk-HAo0VqzT67EscamtFo8R6LMmdQv&_nc_sid=b66105&_nc_ht=video.fjai6-1.fna.fbcdn.net&_nc_ohc=BOMUExLEP-gQ7kNvwElUuIP&efg=eyJ2ZW5jb2RlX3RhZyI6Inhwdl9wcm9ncmVzc2l2ZS5WSV9VU0VDQVNFX1BST0RVQ1RfVFlQRS4uQzMuNzIwLmRhc2hfaDI2NC1iYXNpYy1nZW4yXzcyMHAiLCJ4cHZfYXNzZXRfaWQiOjgzMjQ2OTM2OTY1Njc1NCwiYXNzZXRfYWdlX2RheXMiOjE1LCJ2aV91c2VjYXNlX2lkIjoxMDEzOSwiZHVyYXRpb25fcyI6MTUzNiwidXJsZ2VuX3NvdXJjZSI6Ind3dyJ9&ccb=17-1&vs=30212e2b7020fec9&_nc_vs=HBksFQIYRWZiX2VwaGVtZXJhbC85RjRFOTc3MkJCQzc4RDNFNzZEN0IzQUE5MDE2NkZBQV9tdF8xX3ZpZGVvX2Rhc2hpbml0Lm1wNBUAAsgBEgAVAhhAZmJfcGVybWFuZW50L0U3NEY1NzZGMzA0RTU2NEY1QUFENjQ4MUQ3MUMxOEJBX2F1ZGlvX2Rhc2hpbml0Lm1wNBUCAsgBEgAoABgAGwKIB3VzZV9vaWwBMRJwcm9ncmVzc2l2ZV9yZWNpcGUBMRUAACbk1oSRjMj6AhUCKAJDMywXQJgBz987ZFoYGWRhc2hfaDI2NC1iYXNpYy1nZW4yXzcyMHARAHUAZbaeAQA&_nc_gid=GTsWNXTZ9NPEi-XamQny5g&_nc_ss=7b289&_nc_zt=28&oh=00_Af-eDEKOFFgT8fcCDynBLEnpOg5l9WkfN54xh3_szUOCiQ&oe=6A383D61 | SD: https://video.fjai6-1.fna.fbcdn.net/o1/v/t2/f2/m412/AQPqy42--_uO3DH13Y5jPb7ttVE6S9XQd1gr1udzT4IwI1Hvc7MLW0RfHOP0VlNX0rNJWM-ycvI0jaXDNQkaGKgJD-oBiaHaEjlcmhUY9g.mp4?_nc_cat=107&_nc_oc=Adq3rlOyPdjvpqzTeO8ZYNna1qX5mSEy1_dbSg5zwZ60O_HNczgzJsk1OcexWhITJRIT48HjDq3bmCA9c4oLIpjd&_nc_sid=ef5aa3&_nc_ht=video.fjai6-1.fna.fbcdn.net&_nc_ohc=8k1vOmLD9xAQ7kNvwEDh4jN&efg=eyJ2ZW5jb2RlX3RhZyI6Inhwdl9wcm9ncmVzc2l2ZS5WSV9VU0VDQVNFX1BST0RVQ1RfVFlQRS4uQzMuMzYwLnN2ZV9zZCIsInhwdl9hc3NldF9pZCI6ODMyNDY5MzY5NjU2NzU0LCJhc3NldF9hZ2VfZGF5cyI6MTUsInZpX3VzZWNhc2VfaWQiOjEwMTM5LCJkdXJhdGlvbl9zIjoxNTM2LCJ1cmxnZW5fc291cmNlIjoid3d3In0%3D&ccb=17-1&_nc_gid=GTsWNXTZ9NPEi-XamQny5g&_nc_ss=7b289&_nc_zt=28&oh=00_Af_XhmjSSpXO1tKPUudzPeIHqkQ4NcQF8rtQL5Y7FOD0pg&oe=6A38506F | Preview: https://scontent.fjai6-1.fna.fbcdn.net/v/t39.35426-6/711886320_918279071256741_2680848574695360083_n.jpg?_nc_cat=103&ccb=1-7&_nc_sid=c53f8f&_nc_ohc=bzNkOQvvxoAQ7kNvwFGpkCL&_nc_oc=AdrtIzKzk6DV9IY3z5ioJ9YKsyt1o3n8_QLpUDGbHqhohx3sXfliZKWHWyVx9y_9w7o-uU9n1OIi9FBXktFBTI1g&_nc_zt=14&_nc_ht=scontent.fjai6-1.fna&_nc_gid=GTsWNXTZ9NPEi-XamQny5g&_nc_ss=7b289&oh=00_Af9LQ4p2Nh2SpFRnI8ns1eB9eloUUbGeAWDSeqzox-T14A&oe=6A38601A,,,,,,,
959912353562488,https://www.facebook.com/hillcreast/,fb.me,https://www.facebook.com/hillcreast/,,,,,,,,,1073695795818553,http://fb.me/,Shree Siddheshwar Hillcreast,https://www.facebook.com/ads/library/?id=959912353562488,"રોકાઈ જાઓ… Vadodara માં તમારું સપનાનું ઘર હવે દૂર નથી! 🏡

Shree Siddheshwar Hillcrest – Nyalkaran Group દ્વારા વિકસિત, વિશ્વાસ અને ગુણવત્તાનું નામ.

શાંતિપૂર્ણ લોકેશન, આધુનિક સુવિધાઓ અને પ્રીમિયમ લાઈફસ્ટાઇલ — બધું એક સાથે!

આજે જ site visit બુક કરો… limited units available!",17,Get quote,fb.me,"FACEBOOK; INSTAGRAM; AUDIENCE_NETWORK",2026-05-10,2026-06-16,,Original: https://scontent.fjai6-1.fna.fbcdn.net/v/t39.35426-6/654249999_1243374051304761_4903171773335651940_n.jpg?_nc_cat=102&ccb=1-7&_nc_sid=c53f8f&_nc_ohc=kt8EEzKVoYYQ7kNvwHZ2g6D&_nc_oc=Adqza3TlpF-bngSeM-Wm1YKfJZuDmW5FKTRrh5BsN7erbHdrwmbF-V4p9tbpFmfqeofsjZIKI0KgDrL9wsPK5-OD&_nc_zt=14&_nc_ht=scontent.fjai6-1.fna&_nc_gid=GTsWNXTZ9NPEi-XamQny5g&_nc_ss=7b289&oh=00_Af-FyUA9WPHWPUwQ7-hEeHpy61W2_0oTRd7-iyW_z-AP-Q&oe=6A385F0F | Resized: https://scontent.fjai6-1.fna.fbcdn.net/v/t39.35426-6/656976000_848206467678702_8534003732954002228_n.jpg?stp=dst-jpg_s600x600_tt6&_nc_cat=109&ccb=1-7&_nc_sid=c53f8f&_nc_ohc=UKsl0guSHHUQ7kNvwFq-t1K&_nc_oc=AdoNUSQ4XhhoEvjKuok2kXFJjNDIIvlnUcUnLKv5sYiD0yvudvr74rc6qHuuOKYmhPD7w1t4duYB1O0P4Z8UaU9m&_nc_zt=14&_nc_ht=scontent.fjai6-1.fna&_nc_gid=GTsWNXTZ9NPEi-XamQny5g&_nc_ss=7b289&oh=00_Af-WbhBIbTa3rv1TBkCE_5vRhmwYJaQsRimTwgiJigAV8Q&oe=6A3847C8,,,,,,
829112546294961,https://www.facebook.com/61565285005289/,fb.me,https://www.facebook.com/61565285005289/,,,,,+91 99711 07615,,,,347712018434923,http://fb.me/,Emaar Projects In Gurugram,https://www.facebook.com/ads/library/?id=829112546294961,"Gurgaon's Biggest Luxury Launch - Emaar Serenity Hills! Sector 86, New Gurugram —
A grand 26-acre community with 7 acres of green landscapes, iconic high-rise towers, and premium 3 & 4 BHK residences.

Enjoy unmatched connectivity, resort-style amenities, and assured appreciation in New Gurgaon’s fastest-growing zone.

𝐏𝐫𝐨𝐣𝐞𝐜𝐭 𝐇𝐢𝐠𝐡𝐥𝐢𝐠𝐡𝐭𝐬:
• Luxury High-Rise Apartment (G+39)
• Ultra-spacious 3 & 4 BHK luxury apartments
• Total Land: 26 Acres
• Phase 1: RERA Received

𝐒𝐢𝐳𝐞𝐬 (𝐓𝐞𝐧𝐭𝐚𝐭𝐢𝐯𝐞):
• 3 BHK – 1800 sq.ft
• 3 BHK (Large) – 2100–2200 sq.ft
• 4 BHK – 2900 sq.ft

𝐏𝐫𝐞-𝐋𝐚𝐮𝐧𝐜𝐡 𝐏𝐫𝐢𝐜𝐢𝐧𝐠: ₹𝟏𝟓,𝟎𝟎𝟎/- 𝐩𝐞𝐫 𝐬𝐪.𝐟𝐭
Starting @2.59 Cr* Onwards
Book with just ₹10 Lac!

𝐒𝐢𝐠𝐧𝐚𝐭𝐮𝐫𝐞 𝐄𝐱𝐩𝐞𝐫𝐢𝐞𝐧𝐜𝐞𝐬
• Grand double-height entrance lobbies
• Club Life: 1 Lakh sq.ft. Clubhous
• 7 acres of serene central greens
• Meditation decks & peaceful outdoor spaces
• Premium connectivity to Dwarka Expressway & NH-48

📞 𝐂𝐚𝐥𝐥 𝐨𝐫 𝐖𝐡𝐚𝐭𝐬𝐀𝐩𝐩: +𝟵𝟭-𝟕𝟔𝟔𝟗𝟔 𝟒𝟔𝟓𝟓𝟔 
for Exclusive Site Visits, Launch Prices & Limited-Time Offers!",82,Get quote,fb.me,"FACEBOOK; INSTAGRAM",2025-10-27,2026-06-15,,Original: https://scontent.fjai6-1.fna.fbcdn.net/v/t39.35426-6/574333544_1164982632245718_5797481058626511943_n.jpg?_nc_cat=111&ccb=1-7&_nc_sid=c53f8f&_nc_ohc=qrwkbWtdAAoQ7kNvwEGtPWI&_nc_oc=AdodV25wAbY-T282puHMzhWGPouQlNQQ7PSs7gcxNfdghNcbveTizO3rBqAnLU7k4V7iGmYHDdKXDZk5WltiaJ08&_nc_zt=14&_nc_ht=scontent.fjai6-1.fna&_nc_gid=GTsWNXTZ9NPEi-XamQny5g&_nc_ss=7b289&oh=00_Af-iLnDqSTasDpejICTQu9jSY-nHOI1TceNj9uB8epR08A&oe=6A384AA9 | Resized: https://scontent.fjai6-1.fna.fbcdn.net/v/t39.35426-6/574339050_1717339965611433_595894646198352871_n.jpg?stp=dst-jpg_s600x600_tt6&_nc_cat=106&ccb=1-7&_nc_sid=c53f8f&_nc_ohc=bx8yJFI9bDUQ7kNvwEhAKWk&_nc_oc=AdrVXO3K7ENCqe1y5kNwkdcM0d20C6eT0_zJxEDoaoGPmZWSwbtjX6VNv-pVk47rahJmaICIn8M0dpj7EQmRS69E&_nc_zt=14&_nc_ht=scontent.fjai6-1.fna&_nc_gid=GTsWNXTZ9NPEi-XamQny5g&_nc_ss=7b289&oh=00_Af9C-KKszpr7-8Z7_jecQB8gNAy7s3VyMGNjSaYPB5czcA&oe=6A3843C8,,,,,,
902463959528234,https://www.facebook.com/KukatpallyProperties/,fb.me,https://www.facebook.com/KukatpallyProperties/,,,,,,,,,937119099492548,http://fb.me/,Kukatpally Properties,https://www.facebook.com/ads/library/?id=902463959528234,"Premium 3 BHK luxury homes with 1 Grand Clubhouse – 1,36,000 Sft and world-class amenities.
20 Acres | 13 Towers | 25 Floors | 80% Open Space

Secure your home now with Pre-Launch pricing",64,Get offer,fb.me,"FACEBOOK; INSTAGRAM; AUDIENCE_NETWORK",2026-06-08,2026-06-17,,Original: https://scontent.fjai6-1.fna.fbcdn.net/v/t39.35426-6/717201299_891658823955864_6564077930052343910_n.jpg?_nc_cat=110&ccb=1-7&_nc_sid=c53f8f&_nc_ohc=ZqAgQ0PFYOgQ7kNvwGlo8Hi&_nc_oc=AdpVQUHS9GhmFSmjznWhW0C0lV_Lf4hKQNzPRI_-FRuQNM-_ndi9yHH5Ln7zMuH5PU77JINF12vCttYpyk8MRTHD&_nc_zt=14&_nc_ht=scontent.fjai6-1.fna&_nc_gid=GTsWNXTZ9NPEi-XamQny5g&_nc_ss=7b289&oh=00_Af97Ll5JhVdyr0A-HwJPmQIP8dyMNt4uQi67cbEEACAjdA&oe=6A384DF5 | Resized: https://scontent.fjai6-1.fna.fbcdn.net/v/t39.35426-6/716190082_1217992167020308_7315130367823500237_n.jpg?stp=dst-jpg_s600x600_tt6&_nc_cat=101&ccb=1-7&_nc_sid=c53f8f&_nc_ohc=Kt9u4QykBW4Q7kNvwELtSTE&_nc_oc=Adpyq_5FrafheOwTxs-Yr4mql0uxVu1E_Xnpi3K8iaTB1n2gkIkoaTFib-QlY6hKK3XK2Wqqvjgnn5v_VjBY3rFA&_nc_zt=14&_nc_ht=scontent.fjai6-1.fna&_nc_gid=GTsWNXTZ9NPEi-XamQny5g&_nc_ss=7b289&oh=00_Af_V8pz8TCLXi8FCpuEiQbimKZqyeucPpJAuGO1QjurBfg&oe=6A385072,,,,,,
981732051496825,https://www.facebook.com/housiey/,fb.me,https://www.facebook.com/housiey/,,,,sales@housiey.com,+91 80974 52839,,,,216444252147750,http://fb.me/,Housiey,https://www.facebook.com/ads/library/?id=981732051496825,"Arvind Smartspaces Launching ""Aqua City"", At Kalyangadh, Ahmedabad
✅ 500 Acres Integrated Large Township
✅ Lakeside Villas & Plots- ₹45 Lacs Onwards
✅ 30 Acres Central Lake & Surrounding Spaces
✅ 38 Acres Premium Golf Course 
✅ Highway- 3min | Industrial Park- 10min
✅ 75+ Ultra Luxurious Amenities
✅ Exclusive Pre-Launch Discounts
✅ Booking Window Open Now
AG/GJ/GANDHINAGAR/GANDHINAGAR/Others/AA02165/111028R1",31911,Download,fb.me,"FACEBOOK; INSTAGRAM; AUDIENCE_NETWORK",2026-06-09,2026-06-17,,Original: https://scontent.fjai6-1.fna.fbcdn.net/v/t39.35426-6/710849092_2823874171332512_1955391873768500753_n.jpg?_nc_cat=100&ccb=1-7&_nc_sid=c53f8f&_nc_ohc=X2IwkhYV3iwQ7kNvwHcvRkL&_nc_oc=AdoS3JYXUfNTr2h4s5QrqOAahBIG5Wds41V6H8HswN1skhVAL0te1IWdF7U4MSc8YMYX1pSIudlTjge0pDcX5gJW&_nc_zt=14&_nc_ht=scontent.fjai6-1.fna&_nc_gid=GTsWNXTZ9NPEi-XamQny5g&_nc_ss=7b289&oh=00_Af91vZQtVcNxGpGf6D6H-JkGWsD6jXwv7NPEIHgUbIaQmQ&oe=6A383643 | Resized: https://scontent.fjai6-1.fna.fbcdn.net/v/t39.35426-6/710613709_1707999850380730_2091597096873088027_n.jpg?stp=dst-jpg_s600x600_tt6&_nc_cat=110&ccb=1-7&_nc_sid=c53f8f&_nc_ohc=KO2GIOgl0BwQ7kNvwHCg7GQ&_nc_oc=Adr53mpAvtlkTabAI4IzG-IYhQFZ7-ccWrvecM5QqhfzAlMe7X9I1qu5eW0KmERLqe-6gC7zS98_MphBIrSAfVWK&_nc_zt=14&_nc_ht=scontent.fjai6-1.fna&_nc_gid=GTsWNXTZ9NPEi-XamQny5g&_nc_ss=7b289&oh=00_Af8fk3n0D5zJr2f43Llxzek2FFvzwGR5pdDVtHxFPAtx4g&oe=6A385099,,,,,,
981678191023265,https://www.facebook.com/proptiger/,fb.me,https://www.facebook.com/proptiger/,,,,customer.service@proptiger.com,+91 1800 103 1041,,,,197475423607904,http://fb.me/,PropTiger,https://www.facebook.com/ads/library/?id=981678191023265,"Presenting Eldeco Echoes Of Eden At Pre-Launch Price Of ₹8,999/sq. ft. |  Flexible 30:40:30 Payment Plan |  EOI Now Open
Premium Living Opportunity Near Jewar Airport 
Ultra spacious 3 BHK residences 
Sector 22D, Yamuna Expressway, Greater Noida
Starting from ₹1.39 Cr*",184935,Get quote,fb.me,"FACEBOOK; INSTAGRAM",2026-05-02,2026-06-05,,,"Presenting Eldeco Echoes Of Eden At Pre-Launch Price Of ₹8,999/sq. ft. |  Flexible 30:40:30 Payment Plan |  EOI Now Open
Premium Living Opportunity Near Jewar Airport 
Ultra spacious 3 BHK residences 
Sector 22D, Yamuna Expressway, Greater Noida
Starting from ₹1.39 Cr* || Presenting Eldeco Echoes Of Eden At Pre-Launch Price Of ₹8,999/sq. ft. |  Flexible 30:40:30 Payment Plan |  EOI Now Open
Premium Living Opportunity Near Jewar Airport 
Ultra spacious 3 BHK residences 
Sector 22D, Yamuna Expressway, Greater Noida
Starting from ₹1.39 Cr* || Presenting Eldeco Echoes Of Eden At Pre-Launch Price Of ₹8,999/sq. ft. |  Flexible 30:40:30 Payment Plan |  EOI Now Open
Premium Living Opportunity Near Jewar Airport 
Ultra spacious 3 BHK residences 
Sector 22D, Yamuna Expressway, Greater Noida
Starting from ₹1.39 Cr*",http://fb.me/ || http://fb.me/ || http://fb.me/,,Get Quote || Get Quote || Get Quote,Original: https://scontent.fjai6-1.fna.fbcdn.net/v/t39.35426-6/688372809_1275959491366662_7220620782234118569_n.jpg?_nc_cat=108&ccb=1-7&_nc_sid=c53f8f&_nc_ohc=kWdpBJWr8-8Q7kNvwEs5IzW&_nc_oc=Adr0Eagh6y-Ob10drKwSaTidIjhCvLop_8X5uaAGReFd7kq37Uj2Dm3bjsOQapoB0WKhlTkCWvINg9gDsGVCh7tj&_nc_zt=14&_nc_ht=scontent.fjai6-1.fna&_nc_gid=GTsWNXTZ9NPEi-XamQny5g&_nc_ss=7b289&oh=00_Af_YYjB1tgaHXgqCXFZyDCQH-vj9rwwuTD6XivG_yCVEJw&oe=6A385390 | Resized: https://scontent.fjai6-1.fna.fbcdn.net/v/t39.35426-6/688765130_1981230739152282_5932604673072208670_n.jpg?stp=dst-jpg_s600x600_tt6&_nc_cat=105&ccb=1-7&_nc_sid=c53f8f&_nc_ohc=SxT3v5tjPkMQ7kNvwEFtbtS&_nc_oc=AdqSpxAKa5BDrcPwbQuj2krONdvuiYwRbH28x5eyb_ync1FeWFPJCV0MWpzDc3ek31R4vqb0VVVd9xaf4BSHBb_m&_nc_zt=14&_nc_ht=scontent.fjai6-1.fna&_nc_gid=GTsWNXTZ9NPEi-XamQny5g&_nc_ss=7b289&oh=00_Af9NlKI4r8cjX7-VsXxiK9CsCY9BtokMAIiDjkpXSQbdug&oe=6A3835F8 || Original: https://scontent.fjai6-1.fna.fbcdn.net/v/t39.35426-6/688513965_987621403953224_739928459489215898_n.jpg?_nc_cat=105&ccb=1-7&_nc_sid=c53f8f&_nc_ohc=-OO26_dOHdUQ7kNvwGRnZAU&_nc_oc=AdoBvFAexzejAg5d5wgk6nEl1LIytMYPa7o96OXlfD7nlfu_pqk_qWQQnqglB_iT8clD9X9C3hpKYrkXZ4Dsy6qF&_nc_zt=14&_nc_ht=scontent.fjai6-1.fna&_nc_gid=GTsWNXTZ9NPEi-XamQny5g&_nc_ss=7b289&oh=00_Af_X41WASdgj7vkZ8GGa3IcIvE-1iKcPIU9LBamltn9jAQ&oe=6A385966 | Resized: https://scontent.fjai6-1.fna.fbcdn.net/v/t39.35426-6/688754368_2449489828900856_2853116961899495836_n.jpg?stp=dst-jpg_s600x600_tt6&_nc_cat=104&ccb=1-7&_nc_sid=c53f8f&_nc_ohc=Ih2VcpB-1egQ7kNvwF-oC8Q&_nc_oc=AdrGAC_cKV4WooXgmyzn4Gt8qlYrZ5Z3M2XuOFOofdB8QGokfwmKE5KzUTcqk-KNIToeJM7kuMFEye9WSKMDiDHY&_nc_zt=14&_nc_ht=scontent.fjai6-1.fna&_nc_gid=GTsWNXTZ9NPEi-XamQny5g&_nc_ss=7b289&oh=00_Af81-QhFkcasjM3jromN_ixRKg77GlvbaSiRds-V7-jLqQ&oe=6A383E94 || Original: https://scontent.fjai6-1.fna.fbcdn.net/v/t39.35426-6/688366517_824679920695596_5270673463735743258_n.jpg?_nc_cat=102&ccb=1-7&_nc_sid=c53f8f&_nc_ohc=acj1PAMALEEQ7kNvwGCx0Dc&_nc_oc=Adox54AKLsogw6lEzp3y5zG9aV6isoishvWKhhamdEnID8HxLCTCtUtgZORywNJZS1N4ay-fbFRJVes01Qclyria&_nc_zt=14&_nc_ht=scontent.fjai6-1.fna&_nc_gid=GTsWNXTZ9NPEi-XamQny5g&_nc_ss=7b289&oh=00_Af_7thhGS6ZRoFsrwLnHjXNRL8-gOgH2_-ITFNz8OSvZ1A&oe=6A383655 | Resized: https://scontent.fjai6-1.fna.fbcdn.net/v/t39.35426-6/689095644_1859750474647281_8008078096875384493_n.jpg?stp=dst-jpg_s600x600_tt6&_nc_cat=108&ccb=1-7&_nc_sid=c53f8f&_nc_ohc=CClzIRgmKHAQ7kNvwHUbcf1&_nc_oc=AdputlhhI6gMelKo-vC_6Ps_ylYH_6Kj06-La68YpiTRuE6bts2qyUIP4jJhCeuYAJ6JrA8gHPAWn4VBFxnXcqDK&_nc_zt=14&_nc_ht=scontent.fjai6-1.fna&_nc_gid=GTsWNXTZ9NPEi-XamQny5g&_nc_ss=7b289&oh=00_Af9b_6xFtrw43VpcqCBTLoLXlrcN_hFkmY1a3LxSjh0IgA&oe=6A383972,
1650911706234637,https://www.facebook.com/100081104155834/,fb.me,https://www.facebook.com/100081104155834/,,,,,,,,,107143368633637,http://fb.me/,Newly Crafted Homes,https://www.facebook.com/ads/library/?id=1650911706234637,"🏡 𝐍𝐞𝐱𝐭-𝐆𝐞𝐧𝐞𝐫𝐚𝐭𝐢𝐨𝐧 𝐇𝐨𝐦𝐞𝐬

📍 Punawale

2 BHK 80 Lacs Onwards
3 BHK 1.15 Cr. Onwards

✅ 𝐏𝐑𝐎𝐉𝐄𝐂𝐓 𝐇𝐈𝐆𝐇𝐋𝐈𝐆𝐇𝐓𝐒 ✅

🛋️ Expansive Living Area: 22'0'' x 11'0''
✨ Luxurious Premium Flooring & Tiling
🏠 Sample Flat Ready for Viewing
💸 No Pre-EMI Till Possession
📅 Possession in Just 3 Years
🌳 Over 60% Open Green Spaces
🔒 Secure Digital Door Lock with Fingerprint Access

For More Details WhatsApp Us : https://wa.link/9pfd53",491,Get offer,fb.me,"FACEBOOK; INSTAGRAM",2026-04-16,2026-06-17,HD: https://video.fjai6-1.fna.fbcdn.net/o1/v/t2/f2/m366/AQOjSrc8_HWz22uFcwdEpw4esbw5GPBV2dCzV2X5WWhItyDaEw611QST2BI_lXtvRLtSUJ3iQhBniInBKN9VhliMa-9XBO4lu6ROo21I6huG2g.mp4?_nc_cat=103&_nc_oc=AdpGVCGWFAyJguwzdzjooOH5KJ4lh-p6Z8ihX8Z8ojjfgoEmY8cKRGT9gzJ4JrPCPllDi-p2gMAGqPcV0qUQh0m6&_nc_sid=b66105&_nc_ht=video.fjai6-1.fna.fbcdn.net&_nc_ohc=Cnfk966TBcsQ7kNvwGHjEF9&efg=eyJ2ZW5jb2RlX3RhZyI6Inhwdl9wcm9ncmVzc2l2ZS5WSV9VU0VDQVNFX1BST0RVQ1RfVFlQRS4uQzMuNzIwLmRhc2hfaDI2NC1iYXNpYy1nZW4yXzcyMHAiLCJ4cHZfYXNzZXRfaWQiOjE0MzM5OTc2ODQ3MjAxNjksImFzc2V0X2FnZV9kYXlzIjo2MiwidmlfdXNlY2FzZV9pZCI6MTA3OTksImR1cmF0aW9uX3MiOjU3LCJ1cmxnZW5fc291cmNlIjoid3d3In0%3D&ccb=17-1&vs=c76755672f1e2967&_nc_vs=HBksFQIYRWZiX2VwaGVtZXJhbC9CNzRDQzBFRkJBNEFDNTNBRUI0MjI2N0NFOTk5QkU5Rl9tdF8xX3ZpZGVvX2Rhc2hpbml0Lm1wNBUAAsgBEgAVAhhAZmJfcGVybWFuZW50LzMwNDkwOTlGOTc4ODAwOTg5NjhBRjU1RTJFM0NBRUJCX2F1ZGlvX2Rhc2hpbml0Lm1wNBUCAsgBEgAoABgAGwKIB3VzZV9vaWwBMRJwcm9ncmVzc2l2ZV9yZWNpcGUBMRUAACbSiNqp042MBRUCKAJDMywXQEynS8an754YGWRhc2hfaDI2NC1iYXNpYy1nZW4yXzcyMHARAHUAZd6oAQA&_nc_gid=trpUDqMU0-VqHSBgGVu_1Q&_nc_ss=7b289&_nc_zt=28&oh=00_Af9DLQumLJUXib2FPceCcAIE8xGhe5WNnO7artvhB3f1Tw&oe=6A383669 | SD: https://video.fjai6-1.fna.fbcdn.net/o1/v/t2/f2/m412/AQM_4Rhwjr0CuKcU2bun1-st5BEUWzhllibHNiwmYEQONdgh6ywaHwdrCZLuIBVuZuMnGGRQCNNkgbvR-HQEFOf-ywUNEr-lMvZUhsnIHw.mp4?_nc_cat=105&_nc_oc=AdoRtYFjoNOkdQ0CphbVy_gJUzJBiUEzs30O2V8MbRttQ3brOsPNJ9ylZANe_c6KLNRY8kE3p5cCdD8zjPb2oTCO&_nc_sid=ef5aa3&_nc_ht=video.fjai6-1.fna.fbcdn.net&_nc_ohc=jjhTn3FNnHIQ7kNvwHLuajj&efg=eyJ2ZW5jb2RlX3RhZyI6Inhwdl9wcm9ncmVzc2l2ZS5WSV9VU0VDQVNFX1BST0RVQ1RfVFlQRS4uQzMuMzYwLnN2ZV9zZCIsInhwdl9hc3NldF9pZCI6MTQzMzk5NzY4NDcyMDE2OSwiYXNzZXRfYWdlX2RheXMiOjYyLCJ2aV91c2VjYXNlX2lkIjoxMDc5OSwiZHVyYXRpb25fcyI6NTcsInVybGdlbl9zb3VyY2UiOiJ3d3cifQ%3D%3D&ccb=17-1&_nc_gid=trpUDqMU0-VqHSBgGVu_1Q&_nc_ss=7b289&_nc_zt=28&oh=00_Af-ZOkrlw0Hb-yxNXtdM3V6112JGwX1EnZL2YKwOtAJmjw&oe=6A384D69 | Preview: https://scontent.fjai6-1.fna.fbcdn.net/v/t39.35426-6/673655131_1255507976752779_1852260649158688482_n.jpg?_nc_cat=103&ccb=1-7&_nc_sid=c53f8f&_nc_ohc=KQofKLjSunUQ7kNvwGVBw_P&_nc_oc=Ado7_OFs-YduoMhyPDfbfKi-BfABlnKpzJVLuh4YqHWphdet6utQ8yfxY_4U9tA013nhY4xX_9C5N9_IOntabjie&_nc_zt=14&_nc_ht=scontent.fjai6-1.fna&_nc_gid=trpUDqMU0-VqHSBgGVu_1Q&_nc_ss=7b289&oh=00_Af9ogGPC_dDb9khT6byolmN3Z8fBTgDYsJ3xipz_YAGCWw&oe=6A38409F,,,,,,,
804805879206804,https://www.facebook.com/61574731045549/,fb.me,https://www.facebook.com/61574731045549/,,,,dm@whitetitle.in,+91 91642 94444,,,,665544033298729,http://fb.me/,WT Realty,https://www.facebook.com/ads/library/?id=804805879206804,"East Bangalore is growing faster than ever—making this the perfect time to own your premium 3 BHK at a price you won’t find again. Ideal for end-users & investors alike.
🟩 10+ Top Schools Nearby
🟩 70-Acre Integrated Township
🟩 5-Acre Sports City Inside
🟩 Prime East Bangalore Hub
🟩 Builder with 7M+ sq.ft. Delivered
🟩 Close to Metro & Major IT Corridors",23,Get quote,fb.me,"FACEBOOK; INSTAGRAM; AUDIENCE_NETWORK",2025-12-13,2026-06-16,HD: https://video.fjai6-1.fna.fbcdn.net/o1/v/t2/f2/m366/AQNX9c44qGwNhom8QtVnCvtpSKD59YrhJ3JWIZfJZXjIfgZhuhY7XIxQgG1IkdrmVfLslDGYwPxoKYDYpfJsv16JH6K5k30JnYHDGpb6BiIb-g.mp4?_nc_cat=103&_nc_oc=AdqmYh_l0rexs-N61PD_ISXbXA4ttPaIPKlaGf6iiqitrMj7TV61zdE-r0Bi9FBzMB7l8BnpSjLzfyWCXgbkNbbJ&_nc_sid=b66105&_nc_ht=video.fjai6-1.fna.fbcdn.net&_nc_ohc=UFTcIKM59asQ7kNvwHOSGFW&efg=eyJ2ZW5jb2RlX3RhZyI6Inhwdl9wcm9ncmVzc2l2ZS5WSV9VU0VDQVNFX1BST0RVQ1RfVFlQRS4uQzMuNzIwLmRhc2hfaDI2NC1iYXNpYy1nZW4yXzcyMHAiLCJ4cHZfYXNzZXRfaWQiOjE3NjYxMzM1MTA3NTY4NDMsImFzc2V0X2FnZV9kYXlzIjoxODUsInZpX3VzZWNhc2VfaWQiOjEwNzk5LCJkdXJhdGlvbl9zIjozMCwidXJsZ2VuX3NvdXJjZSI6Ind3dyJ9&ccb=17-1&vs=e76f1c6ee39949b2&_nc_vs=HBksFQIYRWZiX2VwaGVtZXJhbC9GNTQ2QjMzNUFCQzk2OUU0RjNCOTEzREVBQzFGM0Y4Nl9tdF8xX3ZpZGVvX2Rhc2hpbml0Lm1wNBUAAsgBEgAVAhhAZmJfcGVybWFuZW50L0YxNDA5MTk2QTY3MTMwNDIxOTZEQjRCRTZCMTg1Mzk1X2F1ZGlvX2Rhc2hpbml0Lm1wNBUCAsgBEgAoABgAGwKIB3VzZV9vaWwBMRJwcm9ncmVzc2l2ZV9yZWNpcGUBMRUAACbW58aIwJKjBhUCKAJDMywXQD49cKPXCj0YGWRhc2hfaDI2NC1iYXNpYy1nZW4yXzcyMHARAHUAZd6oAQA&_nc_gid=trpUDqMU0-VqHSBgGVu_1Q&_nc_ss=7b289&_nc_zt=28&oh=00_Af_XJgnEqm44VN0pH6u6DsS5lQVxCaueXQF6NAr9ied2WA&oe=6A383A4D | SD: https://video.fjai6-1.fna.fbcdn.net/o1/v/t2/f2/m412/AQORpC0vBRT7HGZ3llSZQgl66W5weHxWozxsz-X2QIMxKHzM3EmV-BhJ7YWAZGb5tM7z5pXgITwgKN5h6H6OldrhZZnCtGeR3Y7neOhIQA.mp4?_nc_cat=107&_nc_oc=Adqm_LB1QW-gTbUiHzi_8rBjqSinmQtIhdsf1MjhwOXnNo5WqFVbZV163N_SK9iTpQkTPPFpMqS8XczW9W_IgR6U&_nc_sid=ef5aa3&_nc_ht=video.fjai6-1.fna.fbcdn.net&_nc_ohc=WU4M-mpry4sQ7kNvwFuBrtb&efg=eyJ2ZW5jb2RlX3RhZyI6Inhwdl9wcm9ncmVzc2l2ZS5WSV9VU0VDQVNFX1BST0RVQ1RfVFlQRS4uQzMuMzYwLnN2ZV9zZCIsInhwdl9hc3NldF9pZCI6MTc2NjEzMzUxMDc1Njg0MywiYXNzZXRfYWdlX2RheXMiOjE4NSwidmlfdXNlY2FzZV9pZCI6MTA3OTksImR1cmF0aW9uX3MiOjMwLCJ1cmxnZW5fc291cmNlIjoid3d3In0%3D&ccb=17-1&_nc_gid=trpUDqMU0-VqHSBgGVu_1Q&_nc_ss=7b289&_nc_zt=28&oh=00_Af9a6rA3spc7Xo4wWZh7mG15WHdIs181zm4cBwNdl4Oz2g&oe=6A384EBB | Preview: https://scontent.fjai6-1.fna.fbcdn.net/v/t39.35426-6/598358922_1485988352487023_5046716564995597899_n.jpg?_nc_cat=101&ccb=1-7&_nc_sid=c53f8f&_nc_ohc=97PSFmIXrWEQ7kNvwHIVWzJ&_nc_oc=AdoWmD1CEgHeJM_r6NVO3fvs6629edYRS2BEKtDQ2Y_zWmVl15nvVAgJkKZzC9eZgGOtYwG9ustUzg83gExIUYDM&_nc_zt=14&_nc_ht=scontent.fjai6-1.fna&_nc_gid=trpUDqMU0-VqHSBgGVu_1Q&_nc_ss=7b289&oh=00_Af-4SgMNNfO_Pt9fAx3mR0y3AjY-V8yukAXV4tdtCbyJ5g&oe=6A384DA3,,,,,,,
1553942035784824,https://www.facebook.com/61555232949911/,fb.me,https://www.facebook.com/61555232949911/,,,,,+91 93117 22664,,,,196851200182788,http://fb.me/,Ultra Luxury Project In Gurgaon,https://www.facebook.com/ads/library/?id=1553942035784824,"🌟 New Launch on Dwarka Expressway – Ultra Luxury High-Rise by Indiabulls 🌟

🏢 2 BHK & 3 BHK starting ₹1.95 Cr Only
📍 Bang on Prime Dwarka Expressway

💰 Pre-Launch Price: ₹12,500/sq.ft
🎯 Book Early & Unlock Exclusive Benefits!

✅ Lowest BSP on Dwarka Expressway – Just ₹12,500/sq.ft
👉 Others Selling @ ₹18K–₹28K
✅ Attractive Payment Plan
✅ Limited Units (2 Towers already sold to AAI – Airports Authority of India)
✅ Assured High Returns in Just 2–3 Years
🔥 A Now or Never Opportunity – Don’t Miss Out!

Click on the button below to get a call back, Or
📞 Call us at +𝟵𝟭-𝟕𝟔𝟔𝟗𝟔 𝟒𝟔𝟓𝟓𝟔 and book your free site visit.",196,Get quote,fb.me,"FACEBOOK; INSTAGRAM; AUDIENCE_NETWORK",2025-10-14,2026-06-17,HD: https://video.fjai6-1.fna.fbcdn.net/o1/v/t2/f2/m366/AQNwWp-G9G4tmZxw7wem77HmUiqNICiasHIwpIwmyNTelcisRLrXiOSruLm63xEkBEpgn9zbNyD8KILtVIOQ5Vsc20XeW3LDXUxRoDLG6Nm9DA.mp4?_nc_cat=104&_nc_oc=Adr0-sCXLorwPOWZ7bccWMoN23YUawnIY96sL2KIbVHVwu_kusrBeFlAocv3qN0_kr_GWAMcsBwgHYdeLx4YZei0&_nc_sid=b66105&_nc_ht=video.fjai6-1.fna.fbcdn.net&_nc_ohc=uVqLsLA89OMQ7kNvwEaMQXm&efg=eyJ2ZW5jb2RlX3RhZyI6Inhwdl9wcm9ncmVzc2l2ZS5WSV9VU0VDQVNFX1BST0RVQ1RfVFlQRS4uQzMuNzIwLmRhc2hfaDI2NC1iYXNpYy1nZW4yXzcyMHAiLCJ4cHZfYXNzZXRfaWQiOjc4OTgzMTIwNzEzMDAzMiwiYXNzZXRfYWdlX2RheXMiOjI2MywidmlfdXNlY2FzZV9pZCI6MTA3OTksImR1cmF0aW9uX3MiOjQyLCJ1cmxnZW5fc291cmNlIjoid3d3In0%3D&ccb=17-1&vs=9fde080fcf427149&_nc_vs=HBksFQIYRWZiX2VwaGVtZXJhbC9FMzQzRDA5M0M5REZFODJCQjNGQTlGMjc0NDI0MTM4MV9tdF8xX3ZpZGVvX2Rhc2hpbml0Lm1wNBUAAsgBEgAVAhhAZmJfcGVybWFuZW50Lzc0NDc5MzJFODY3RjFBMjYyMTczNkZERTM1NzE2MDg4X2F1ZGlvX2Rhc2hpbml0Lm1wNBUCAsgBEgAoABgAGwKIB3VzZV9vaWwBMRJwcm9ncmVzc2l2ZV9yZWNpcGUBMRUAACbgzsSInZbnAhUCKAJDMywXQEURBiTdLxsYGWRhc2hfaDI2NC1iYXNpYy1nZW4yXzcyMHARAHUAZd6oAQA&_nc_gid=trpUDqMU0-VqHSBgGVu_1Q&_nc_ss=7b289&_nc_zt=28&oh=00_Af9l6aydqmDIccvPNc07rTKZqsYEPypAvQPVTxbrxcCBVg&oe=6A38446C | SD: https://video.fjai6-1.fna.fbcdn.net/o1/v/t2/f2/m412/AQOQPAHxsbj05Jhmh-n_uxXJ8fv1TXOo9s6FptBzJwAdjzLWnkAeSgK9aaOw2V_XRYzG3yGTTUczfp54CPbAwTRNBZRyBx7vpl7yDvY80A.mp4?_nc_cat=102&_nc_oc=Adp5iebAcqxAgPdhkSxx-VcR_C9eV8--cVBVLUfCc1uXDMB0K8IA7QbGprYOO7KSIt2Y4-s6OSwnR219ARRNgZri&_nc_sid=ef5aa3&_nc_ht=video.fjai6-1.fna.fbcdn.net&_nc_ohc=9DXKjSDz3YkQ7kNvwG4V-4G&efg=eyJ2ZW5jb2RlX3RhZyI6Inhwdl9wcm9ncmVzc2l2ZS5WSV9VU0VDQVNFX1BST0RVQ1RfVFlQRS4uQzMuMzYwLnN2ZV9zZCIsInhwdl9hc3NldF9pZCI6Nzg5ODMxMjA3MTMwMDMyLCJhc3NldF9hZ2VfZGF5cyI6MjYzLCJ2aV91c2VjYXNlX2lkIjoxMDc5OSwiZHVyYXRpb25fcyI6NDIsInVybGdlbl9zb3VyY2UiOiJ3d3cifQ%3D%3D&ccb=17-1&_nc_gid=trpUDqMU0-VqHSBgGVu_1Q&_nc_ss=7b289&_nc_zt=28&oh=00_Af8q_z0rOuj59X6H8GbSZmt7HhqTyqR6cesQKHoZyCMsEg&oe=6A3833EC | Preview: https://scontent.fjai6-1.fna.fbcdn.net/v/t39.35426-6/514252278_1332167991794949_2663422176247740750_n.jpg?_nc_cat=103&ccb=1-7&_nc_sid=c53f8f&_nc_ohc=ObtnHhhDkU4Q7kNvwF7v7tD&_nc_oc=Adr1RPWLdNNGjJBNt7N-GLiD0pkTIDJLAFweu3pxhctEFzHTcKZ_m1_O8GkHtP-ccyu3gZWiVvQBjSAhGG7HakYA&_nc_zt=14&_nc_ht=scontent.fjai6-1.fna&_nc_gid=trpUDqMU0-VqHSBgGVu_1Q&_nc_ss=7b289&oh=00_Af9OgckXhTfiMbLmJr4BkVG4XbPbojIU-hVaJLMjPj-Agw&oe=6A383543,,,,,,,
3121981408136486,https://www.facebook.com/61569067024964/,,https://www.facebook.com/61569067024964/,,,,,,,,,422388840968812,,Al Hayat,https://www.facebook.com/ads/library/?id=3121981408136486,"Don’t miss this exclusive pre-launch deal!
2BHK ,3BHK Flats and Shops @ Just ₹28 Lakhs* 

Prime Location: 
3 KM from Airport
1 KM from Highway

EASY PAYMENT PLAN 
 ✔ ₹5 Lakh Down Payment
 ✔ ₹5 Lakh in 3 Months
 ✔ ₹40,000 to ₹50,000 

MODERN AMENITIES
 ✔ Kids Play Area
 ✔ Multipurpose Common Hall
 ✔ Community Hall
 ✔ Jogging Track
 ✔ Garden Area

Offer limited for first 21 customers!

Ajwa Rd, Vadodara",7,Call now,,"FACEBOOK; INSTAGRAM; THREADS",2026-06-06,2026-06-17,HD: https://video.fjai6-1.fna.fbcdn.net/o1/v/t2/f2/m366/AQPl85pz8QN0yB4rMsWma6T6EPJpoYj6Xb1OFf-386XaAgGXL92y9WB1gdC78iXb0dRG_c_Rc7XvJk8MsuuVzyePO6BkjEk7dYVDT5aX2fnYcw.mp4?_nc_cat=107&_nc_oc=Adr9y8yOp4P8Rj6q4qKmeiyKBj6VwTlvVV40KpugIzZnzVilryPCxaRUP9q3VJ2nKNhAg5qkVQfpJifFjva5H6AD&_nc_sid=b66105&_nc_ht=video.fjai6-1.fna.fbcdn.net&_nc_ohc=AGnsk7JZe0MQ7kNvwG0V0U4&efg=eyJ2ZW5jb2RlX3RhZyI6Inhwdl9wcm9ncmVzc2l2ZS5WSV9VU0VDQVNFX1BST0RVQ1RfVFlQRS4uQzMuNzIwLmRhc2hfaDI2NC1iYXNpYy1nZW4yXzcyMHAiLCJ4cHZfYXNzZXRfaWQiOjE4NTk1MDY5MTQ3MjM4MjUsImFzc2V0X2FnZV9kYXlzIjoxMSwidmlfdXNlY2FzZV9pZCI6MTA3OTksImR1cmF0aW9uX3MiOjExMCwidXJsZ2VuX3NvdXJjZSI6Ind3dyJ9&ccb=17-1&vs=d3782cb573f8add8&_nc_vs=HBksFQIYRWZiX2VwaGVtZXJhbC82NDRGM0IwQUVCNUFFMEQ2NzBBNTgwNkU2M0FFRDY5NV9tdF8xX3ZpZGVvX2Rhc2hpbml0Lm1wNBUAAsgBEgAVAhhAZmJfcGVybWFuZW50LzVCNEVBN0NDNTZEREJBMDFCNTg3RTYzMzY5MTkxNkIwX2F1ZGlvX2Rhc2hpbml0Lm1wNBUCAsgBEgAoABgAGwKIB3VzZV9vaWwBMRJwcm9ncmVzc2l2ZV9yZWNpcGUBMRUAACbin-CRxs3NBhUCKAJDMywXQFuEOVgQYk4YGWRhc2hfaDI2NC1iYXNpYy1nZW4yXzcyMHARAHUAZd6oAQA&_nc_gid=trpUDqMU0-VqHSBgGVu_1Q&_nc_ss=7b289&_nc_zt=28&oh=00_Af-jOViDWvQ6nLLiCMQ3KQoStOeHyUx0RDA-kn8nPr6OhQ&oe=6A385EBD | SD: https://video.fjai6-1.fna.fbcdn.net/o1/v/t2/f2/m412/AQPLg_1Nm8vid8pBzEvDGBWvtvXDj9TiFJCeOvE0WkHGrmbngFEcwPWs2z-Tpvsfhc-vJ6HZeftwKNKPUYJ6jrsv_waizHMw4ycR18CRmg.mp4?_nc_cat=100&_nc_oc=Ado8s87-bg5JLuLFXWOgYxMr7DhaOl_0m3tcZ3rM7xgN5277aYSO-dBqumFhEamC_cOxaHOTPheS3MKmo72Op2pg&_nc_sid=ef5aa3&_nc_ht=video.fjai6-1.fna.fbcdn.net&_nc_ohc=FRtN8ncekA4Q7kNvwF_2j4M&efg=eyJ2ZW5jb2RlX3RhZyI6Inhwdl9wcm9ncmVzc2l2ZS5WSV9VU0VDQVNFX1BST0RVQ1RfVFlQRS4uQzMuMzYwLnN2ZV9zZCIsInhwdl9hc3NldF9pZCI6MTg1OTUwNjkxNDcyMzgyNSwiYXNzZXRfYWdlX2RheXMiOjExLCJ2aV91c2VjYXNlX2lkIjoxMDc5OSwiZHVyYXRpb25fcyI6MTEwLCJ1cmxnZW5fc291cmNlIjoid3d3In0%3D&ccb=17-1&_nc_gid=trpUDqMU0-VqHSBgGVu_1Q&_nc_ss=7b289&_nc_zt=28&oh=00_Af_SXcxFQJ4zCxD_s0KnncY9MLb7kI4l7PIIiBKJHNnY3Q&oe=6A38617E | Preview: https://scontent.fjai6-1.fna.fbcdn.net/v/t39.35426-6/717238175_1338595054295780_1263471722177163782_n.jpg?_nc_cat=100&ccb=1-7&_nc_sid=c53f8f&_nc_ohc=RpWGkwWY5qQQ7kNvwEtuPIa&_nc_oc=AdoFE4IfQfKFD3Sc73TAfWGaOYeNmeHotoLoxYvcoNT5HW4DIRtV4sCszYi4gOdOP5ULdfCuX0X5VNzqxeDCO1d4&_nc_zt=14&_nc_ht=scontent.fjai6-1.fna&_nc_gid=trpUDqMU0-VqHSBgGVu_1Q&_nc_ss=7b289&oh=00_Af8tyky2HFoe1mbmZWaI4m-1qg6iJuncqnyH0KAkvZMovA&oe=6A3856C8,,,,,,,
943359061932291,https://www.facebook.com/wearecultofficial/,business.cult.fit,https://www.facebook.com/wearecultofficial/,,,,"corporate-support@cult.fit, franchise@cult.fit, cultpasspartnerships@cult.fit",,,,,392046674300717,https://business.cult.fit/franchise/fb1,cult,https://www.facebook.com/ads/library/?id=943359061932291,"Own a Cult Gym | Join India's Leading Fitness Network
Start your entrepreneurial journey with Cult, trusted by over 580+ gym owners across 50+ cities.
With tech-powered operations and a starting investment of ₹1.5 Cr, this is your chance to build a high-growth fitness business backed by a leading national brand.
✅ Proven model
✅ Strong support ecosystem
✅ Impact-driven growth",419661,Learn more,business.cult.fit,"FACEBOOK; INSTAGRAM",2026-04-29,2026-06-17,,,"Own a Cult Gym | Join India's Leading Fitness Network
Start your entrepreneurial journey with Cult, trusted by over 580+ gym owners across 50+ cities.
With tech-powered operations and a starting investment of ₹1.5 Cr, this is your chance to build a high-growth fitness business backed by a leading national brand.
✅ Proven model
✅ Strong support ecosystem
✅ Impact-driven growth || Own a Cult Franchise in Your City
💰 Investment starts from ₹1.8 Cr

Why partner with Cult?
✔️ Tech-enabled operations & end-to-end support
✔️ 700+ centres nationwide, expanding every month
✔️ Projected ROI of 20–30%, built for serious investors

📈 Launch a profitable fitness business with India’s leading fitness brand.",https://business.cult.fit/franchise/fb1 || https://business.cult.fit/franchise/fb1,business.cult.fit || business.cult.fit,Learn More || Learn More,Original: https://scontent.fjai6-1.fna.fbcdn.net/v/t39.35426-6/637048566_1868239087160254_4339441699926625654_n.jpg?_nc_cat=101&ccb=1-7&_nc_sid=c53f8f&_nc_ohc=KrDESVlDkjgQ7kNvwFoHPQC&_nc_oc=AdpCQ51F_vRevlBbJpCM_ApXd-Ief_gr-GCqhs29yX7yt7J7ZhRKl6Gpn0vAEtrHKGoWfLfAM2JBit9d2z0EB8rk&_nc_zt=14&_nc_ht=scontent.fjai6-1.fna&_nc_gid=HOeHI5kKOIb0zsishjNKZg&_nc_ss=7b289&oh=00_Af8ZML1hPS84Ysui0EO_aD9fgE8AHAyeofrNq3P9T6TcJg&oe=6A38525D | Resized: https://scontent.fjai6-1.fna.fbcdn.net/v/t39.35426-6/637668960_933184472380966_3083491871766941312_n.jpg?stp=dst-jpg_s600x600_tt6&_nc_cat=109&ccb=1-7&_nc_sid=c53f8f&_nc_ohc=rTh4_YAdNK0Q7kNvwHdtTTb&_nc_oc=AdoL1qLiM6v60brrEG3pC70cg5XqAhN-5z8kyjAO0h2RFLq2i86yDmGDVfSbtDk6hq5A6q1EdZnRxFLxFtNIxAKq&_nc_zt=14&_nc_ht=scontent.fjai6-1.fna&_nc_gid=HOeHI5kKOIb0zsishjNKZg&_nc_ss=7b289&oh=00_Af8KgurYHA02nsjtKRmi7VCtkFDJ0W9_FU4KOjNbNymoOQ&oe=6A384973 || Original: https://scontent.fjai6-1.fna.fbcdn.net/v/t39.35426-6/637164505_2785481825131463_6206235324643477865_n.jpg?_nc_cat=104&ccb=1-7&_nc_sid=c53f8f&_nc_ohc=bOJibwTjHGUQ7kNvwFFT4fp&_nc_oc=AdpcEjsOudkvHfGEf16KUytZV2-aycioKDVK_PlvN5vt0lJInexeEN8BVUuskEuUEk2tdQq5hhqLQS2-qk011roN&_nc_zt=14&_nc_ht=scontent.fjai6-1.fna&_nc_gid=HOeHI5kKOIb0zsishjNKZg&_nc_ss=7b289&oh=00_Af85f6IFycWeAbikOmHbKN3SankgCx8Pl7xgkGpbctDpFg&oe=6A38601C | Resized: https://scontent.fjai6-1.fna.fbcdn.net/v/t39.35426-6/637120700_862750596587540_6705647278888020902_n.jpg?stp=dst-jpg_s600x600_tt6&_nc_cat=105&ccb=1-7&_nc_sid=c53f8f&_nc_ohc=3tAuLbxKNuIQ7kNvwEpnLKq&_nc_oc=AdropDunviL-8oAGwi8oR3xER2PShswa66pvFLlmAOXr3pq5Ubd1dULHMsJ5IJ4Dl7UfMQ5xzLr21UAfz8kpa3T5&_nc_zt=14&_nc_ht=scontent.fjai6-1.fna&_nc_gid=HOeHI5kKOIb0zsishjNKZg&_nc_ss=7b289&oh=00_Af8G-v-TvwzR3BnOvISdo_NX9BFfXmDQuPGSEcPSiw3RiA&oe=6A3845C1,
1482910643086135,https://www.facebook.com/61588630972710/,play.google.com,https://www.facebook.com/61588630972710/,,,,"mahjongmatch@gurugame.ai, contact@gurugame.ai","+85260641953, 08000201038",,,,1006854425843249,http://play.google.com/store/apps/details?id=story.tv.drama.reels,Story TV Originals,https://www.facebook.com/ads/library/?id=1482910643086135,"After being fired 98 times for speaking the truth, reckless but honest Shaurya receives a divine blessing from Krishna: if he gets fired one more time, he will become the richest man in the world. Determined to trigger his 99th dismissal, he joins Kapoor Consumer Brands, where undercover CEO Shanaya Kapoor is trying to save her struggling company from sabotage. Every stunt Shaurya pulls to get fired accidentally saves the company, exposes corrupt insiders, wins employee loyalty, and brings him closer to Shanaya. When he finally gets fired and gains immense wealth, he realizes money means nothing without purpose and love. He returns to save Shanaya’s bankrupt company, defeat Vikram Rai, and stand by her as both partner and protector.",27899,Use app,play.google.com,"FACEBOOK; INSTAGRAM; AUDIENCE_NETWORK; MESSENGER",2026-05-31,2026-06-16,HD: https://video.fjai6-1.fna.fbcdn.net/o1/v/t2/f2/m366/AQMTkt5MsIDAK6TcrKmwAWb7b9C6Wn6xTEWPzjk-K3PJY1j5MEmDRkPz2d6HsPa6_7I2sEf2RQLS7nG_A3QGXgNOwo9SivJA1mSUAtm4hph0xQ.mp4?_nc_cat=110&_nc_oc=Adqn6xwnVIYXeH0mCNwFM-dgjpJcSHq3YvCKlBj_uQnAFMklgmWwcc3sDcbto0LIGNG7jl3eAnVhxR99FFdMK8At&_nc_sid=b66105&_nc_ht=video.fjai6-1.fna.fbcdn.net&_nc_ohc=ZEHrvgwrqdQQ7kNvwHxpKhe&efg=eyJ2ZW5jb2RlX3RhZyI6Inhwdl9wcm9ncmVzc2l2ZS5WSV9VU0VDQVNFX1BST0RVQ1RfVFlQRS4uQzMuNzIwLmRhc2hfaDI2NC1iYXNpYy1nZW4yXzcyMHAiLCJ4cHZfYXNzZXRfaWQiOjE2MzgzNDAwMzA3Mjk5NDAsImFzc2V0X2FnZV9kYXlzIjoxNywidmlfdXNlY2FzZV9pZCI6MTAxMzksImR1cmF0aW9uX3MiOjExNDcsInVybGdlbl9zb3VyY2UiOiJ3d3cifQ%3D%3D&ccb=17-1&vs=b8c3fafe8071ef67&_nc_vs=HBksFQIYRWZiX2VwaGVtZXJhbC9EMjQxRUIyODEyQTE5NUEyOTYxRkY0ODI3OTc5MTBCNV9tdF8xX3ZpZGVvX2Rhc2hpbml0Lm1wNBUAAsgBEgAVAhhAZmJfcGVybWFuZW50LzM1NDlDMjM2MTlBNDYwNTRFODQ3OUZBMUMxMjJFQkE1X2F1ZGlvX2Rhc2hpbml0Lm1wNBUCAsgBEgAoABgAGwKIB3VzZV9vaWwBMRJwcm9ncmVzc2l2ZV9yZWNpcGUBMRUAACaou-y4-IPpBRUCKAJDMywXQJHu7ItDlYEYGWRhc2hfaDI2NC1iYXNpYy1nZW4yXzcyMHARAHUAZbaeAQA&_nc_gid=HOeHI5kKOIb0zsishjNKZg&_nc_ss=7b289&_nc_zt=28&oh=00_Af-Q1_NsMy6FemaY-RjUAEGhm9Z2VhSaY7yU_tLHmVmIkA&oe=6A385F92 | SD: https://video.fjai6-1.fna.fbcdn.net/o1/v/t2/f2/m412/AQPGuTM92-Chr5QwdJGjoCzig7Dzf8DpYNNV0sxI3o1BqT3gMoHIMDX5oiBZbBdcS1gWdHsahK6903kgZDo5PjD7stfHINsykwYhgLGU0A.mp4?_nc_cat=108&_nc_oc=AdrDkMsWg-v4SKL9HW9FtRwK3dlaC6aIsG_YlJfvIWBtCAXuXMukilF1T4ABB5wZwwtN695jBpGYg6rcRoOljFJ_&_nc_sid=ef5aa3&_nc_ht=video.fjai6-1.fna.fbcdn.net&_nc_ohc=QfDMJYiPLvMQ7kNvwFteZzR&efg=eyJ2ZW5jb2RlX3RhZyI6Inhwdl9wcm9ncmVzc2l2ZS5WSV9VU0VDQVNFX1BST0RVQ1RfVFlQRS4uQzMuMzYwLnN2ZV9zZCIsInhwdl9hc3NldF9pZCI6MTYzODM0MDAzMDcyOTk0MCwiYXNzZXRfYWdlX2RheXMiOjE3LCJ2aV91c2VjYXNlX2lkIjoxMDEzOSwiZHVyYXRpb25fcyI6MTE0NywidXJsZ2VuX3NvdXJjZSI6Ind3dyJ9&ccb=17-1&_nc_gid=HOeHI5kKOIb0zsishjNKZg&_nc_ss=7b289&_nc_zt=28&oh=00_Af-ZTY58iA2r8vDJuQKTjmnfjHRSb1KOwSfCZpbFYVnMQQ&oe=6A385D32 | Preview: https://scontent.fjai6-1.fna.fbcdn.net/v/t39.35426-6/712584408_1309275234035386_1576371817466765828_n.jpg?_nc_cat=104&ccb=1-7&_nc_sid=c53f8f&_nc_ohc=J8fTCCBz1JoQ7kNvwG8_Xey&_nc_oc=AdpJ-FNLIqJmV3RBFmHmOUe0pe4MW7RSdeRyvbFdqzMZDtgKg5--F73EPQBmLghjDtml4P8805YY6rPBgSIZZFdu&_nc_zt=14&_nc_ht=scontent.fjai6-1.fna&_nc_gid=HOeHI5kKOIb0zsishjNKZg&_nc_ss=7b289&oh=00_Af-sAQqOGnVzlYgonlbQPJWLxJZ7BZphdD3zQ8RUEtC45A&oe=6A384506,,,,,,,
954880124001139,https://www.facebook.com/61551923966480/,fb.me,https://www.facebook.com/61551923966480/,,,,,,,,,129151273617482,http://fb.me/,Premium Properties,https://www.facebook.com/ads/library/?id=954880124001139,"BIGGEST Pre-Launch!
@ Barasat, Star Mall 5 Mins
Global Living for North Kolkata - 200+ Premium Residences
Biggest Clubhouse | 2, 3 BHK | Early-Bird OFFFERS | Enquire Today!

✅ Zero Brokerage
✅ Best Deals & OFFERS (Ltd. Period)
✅ Zero Processing Fee on Home Loans
✅ Assisted Site Visits
✅ At-Home Consultation & Presentation",241,Get offer,fb.me,"FACEBOOK; INSTAGRAM",2026-05-18,2026-06-17,,,"BIGGEST Pre-Launch!
@ Barasat, Star Mall 5 Mins
Global Living for North Kolkata - 200+ Premium Residences
Biggest Clubhouse | 2, 3 BHK | Early-Bird OFFFERS | Enquire Today!

✅ Zero Brokerage
✅ Best Deals & OFFERS (Ltd. Period)
✅ Zero Processing Fee on Home Loans
✅ Assisted Site Visits
✅ At-Home Consultation & Presentation || BIGGEST Pre-Launch!
@ Barasat, Star Mall 5 Mins
Global Living for North Kolkata - 200+ Premium Residences
Biggest Clubhouse | 2, 3 BHK | Early-Bird OFFFERS | Enquire Today!

✅ Zero Brokerage
✅ Best Deals & OFFERS (Ltd. Period)
✅ Zero Processing Fee on Home Loans
✅ Assisted Site Visits
✅ At-Home Consultation & Presentation || BIGGEST Pre-Launch!
@ Barasat, Star Mall 5 Mins
Global Living for North Kolkata - 200+ Premium Residences
Biggest Clubhouse | 2, 3 BHK | Early-Bird OFFFERS | Enquire Today!

✅ Zero Brokerage
✅ Best Deals & OFFERS (Ltd. Period)
✅ Zero Processing Fee on Home Loans
✅ Assisted Site Visits
✅ At-Home Consultation & Presentation",http://fb.me/ || http://fb.me/ || http://fb.me/,,Get Offer || Get Offer || Get Offer,Original: https://scontent.fjai6-1.fna.fbcdn.net/v/t39.35426-6/701644765_2200101994066226_5199576485100261167_n.jpg?_nc_cat=108&ccb=1-7&_nc_sid=c53f8f&_nc_ohc=_JLwepcYrbMQ7kNvwGaymjx&_nc_oc=Adpis7Q5gD6oMDe4C81y4eRB2dqBuBk8CUij1PGbxLhPJUrS7iMSM7kMimdjyVnbsqmdg2R0vnX6ec-35ZzIwFhV&_nc_zt=14&_nc_ht=scontent.fjai6-1.fna&_nc_gid=HOeHI5kKOIb0zsishjNKZg&_nc_ss=7b289&oh=00_Af-aw_qFqzzjMejMKC_TdJgQXkbGupq5SdWrppU5n5dzxQ&oe=6A384264 | Resized: https://scontent.fjai6-1.fna.fbcdn.net/v/t39.35426-6/701705202_1557463029286673_5649109488212346105_n.jpg?stp=dst-jpg_s600x600_tt6&_nc_cat=103&ccb=1-7&_nc_sid=c53f8f&_nc_ohc=VnHcyLd1dXAQ7kNvwGqsQG8&_nc_oc=AdpOv4rvi7cMByDAySqxMXC4XlOBPOTg3nURXOzYdRuG-pjtxEBmq0ZWkp9Sqd_V_hw8Xv560bWpSIP09yy5htvZ&_nc_zt=14&_nc_ht=scontent.fjai6-1.fna&_nc_gid=HOeHI5kKOIb0zsishjNKZg&_nc_ss=7b289&oh=00_Af-1gKkaJ5Yk9mcb5ydvofXc83vxiK9qSUBRfhncxDFHew&oe=6A3859C0 || Original: https://scontent.fjai6-1.fna.fbcdn.net/v/t39.35426-6/702813025_2091414611782444_2767217714082719986_n.jpg?_nc_cat=103&ccb=1-7&_nc_sid=c53f8f&_nc_ohc=AD0dZfCdd24Q7kNvwFDvj6_&_nc_oc=Adrv1dhTjGnfvm6HztZAUKHrfmLgoebjMTc3A2JL5zpWJeVL-1p7_g4sFhP3wVAckdvKe4x7F2VaSmuoiYd81PvQ&_nc_zt=14&_nc_ht=scontent.fjai6-1.fna&_nc_gid=HOeHI5kKOIb0zsishjNKZg&_nc_ss=7b289&oh=00_Af88KkLloSeOElp_ttF1nyNCVEJgJ3Rcie44xTstQzV_WA&oe=6A3860E6 | Resized: https://scontent.fjai6-1.fna.fbcdn.net/v/t39.35426-6/699685648_1685111459866610_3506614629352274621_n.jpg?stp=dst-jpg_s600x600_tt6&_nc_cat=101&ccb=1-7&_nc_sid=c53f8f&_nc_ohc=ZQ4s-pOppSoQ7kNvwFzEEhi&_nc_oc=AdroxRAzkN3VLaP5lLJY1pAEJYCLkI-fU_dF7qLiiRlfNzuUrHKituxt1JadPYvQh5yWC9l73QAYME7q2GPsB5rn&_nc_zt=14&_nc_ht=scontent.fjai6-1.fna&_nc_gid=HOeHI5kKOIb0zsishjNKZg&_nc_ss=7b289&oh=00_Af-11ky3yIVJz3IabM2OkfxlcxBb3jzX47FV8yz27lybsA&oe=6A384154 || Original: https://scontent.fjai6-1.fna.fbcdn.net/v/t39.35426-6/700708281_995075482996528_7819767168946237418_n.jpg?_nc_cat=110&ccb=1-7&_nc_sid=c53f8f&_nc_ohc=G4dHVPe_bvMQ7kNvwFUeKDI&_nc_oc=AdojRiLRQwFbpvsHfRPREsBbHS8o0w_mdz66bhq2bqqQdZP1Fm2UfOOvPB1pgg1DN6kSp_yO5Asr3O8U9qv3UsBk&_nc_zt=14&_nc_ht=scontent.fjai6-1.fna&_nc_gid=HOeHI5kKOIb0zsishjNKZg&_nc_ss=7b289&oh=00_Af9a2ne1_c1pwGWrvlxIKHIXLV8zDRWLSWbkUhNE4He6MA&oe=6A384ED5 | Resized: https://scontent.fjai6-1.fna.fbcdn.net/v/t39.35426-6/701409477_1647279886485742_1343717906822482073_n.jpg?stp=dst-jpg_s600x600_tt6&_nc_cat=105&ccb=1-7&_nc_sid=c53f8f&_nc_ohc=2QnbBlZh17QQ7kNvwHdjhVH&_nc_oc=AdpGo9J0U30PsiNHXHZZM7v8IB3aqSWw3Ufh-e4B4nRmilzXliIC_afjHHWs-ICkn5ilC-hGhnkWE21QIW_uOxW2&_nc_zt=14&_nc_ht=scontent.fjai6-1.fna&_nc_gid=HOeHI5kKOIb0zsishjNKZg&_nc_ss=7b289&oh=00_Af-opFU_sHEApvqNetCpH9xgRebmJ1VCER8QAOr6KAuX0A&oe=6A38330C,
2045524926031811,https://www.facebook.com/61588422826067/,fb.me,https://www.facebook.com/61588422826067/,,,,,,,,,971134346086432,http://fb.me/,Godrej Projects Noida,https://www.facebook.com/ads/library/?id=2045524926031811,"Introducing Godrej Arden – Nature’s Finest Collective
in Sector Sigma-3, Greater Noida. #bloom
. MIP offer- Book your home at just ₹14,999 per month
• Pre-launch opportunity in Sigma-3
• Premium Godrej project on 9.5 acres
• Strong infra & airport-led growth zone",327,Book now,fb.me,"FACEBOOK; INSTAGRAM",2026-05-22,2026-06-17,,,"Introducing Godrej Arden – Nature’s Finest Collective
in Sector Sigma-3, Greater Noida. #bloom
. MIP offer- Book your home at just ₹14,999 per month
• Pre-launch opportunity in Sigma-3
• Premium Godrej project on 9.5 acres
• Strong infra & airport-led growth zone || Introducing Godrej Arden – Nature’s Finest Collective
in Sector Sigma-3, Greater Noida. #bloom
. MIP offer- Book your home at just ₹14,999 per month
• Pre-launch opportunity in Sigma-3
• Premium Godrej project on 9.5 acres
• Strong infra & airport-led growth zone || Introducing Godrej Arden – Nature’s Finest Collective
in Sector Sigma-3, Greater Noida. #bloom
. MIP offer- Book your home at just ₹14,999 per month
• Pre-launch opportunity in Sigma-3
• Premium Godrej project on 9.5 acres
• Strong infra & airport-led growth zone",http://fb.me/ || http://fb.me/ || http://fb.me/,,Book Now || Book Now || Book Now,Original: https://scontent.fjai6-1.fna.fbcdn.net/v/t39.35426-6/704947154_1730690101443550_1502487833432475084_n.jpg?_nc_cat=105&ccb=1-7&_nc_sid=c53f8f&_nc_ohc=DL0rckbPOEwQ7kNvwGnKGHo&_nc_oc=Adrq3HKRP6ql5bspntZo3dGvGxVGEliNgobrZKeN_vR4w_6-U9owau5Ikkwed9ZNQL8rzfeCHLiyeJbqBGW_KR8G&_nc_zt=14&_nc_ht=scontent.fjai6-1.fna&_nc_gid=HOeHI5kKOIb0zsishjNKZg&_nc_ss=7b289&oh=00_Af-Xfi-rOAY4TauVtqwKRCpky-gH7OfvMKsgAWzyGuoUdA&oe=6A385FDC | Resized: https://scontent.fjai6-1.fna.fbcdn.net/v/t39.35426-6/704653149_1348178750548395_7880682450819117973_n.jpg?stp=dst-jpg_s600x600_tt6&_nc_cat=108&ccb=1-7&_nc_sid=c53f8f&_nc_ohc=TXvgGwonkCYQ7kNvwGkwQCb&_nc_oc=AdoHhkiaSU5XnUiDRm7YTwAGO9OjPtC3FlyNouo92faJdw6bTeC7VlCQNe22FmhIjKXuS37CDbX0lLFHnX-i7cQ2&_nc_zt=14&_nc_ht=scontent.fjai6-1.fna&_nc_gid=HOeHI5kKOIb0zsishjNKZg&_nc_ss=7b289&oh=00_Af_82i2oSddltxaff98Ln7bwStUEdtg5CY8_N6YHTdAbQw&oe=6A383F37 || Original: https://scontent.fjai6-1.fna.fbcdn.net/v/t39.35426-6/705230038_1610387516712703_827942725831683407_n.jpg?_nc_cat=106&ccb=1-7&_nc_sid=c53f8f&_nc_ohc=TqKSATBuOpEQ7kNvwGTYJwU&_nc_oc=AdqjmeRtXfdNICATvOI-25JubHOu-H9U4MHfUBqyt9bwk4QvjS5in08FYC1MqVj1KTeqa_XdbHwNWN0p_BPmPf3T&_nc_zt=14&_nc_ht=scontent.fjai6-1.fna&_nc_gid=HOeHI5kKOIb0zsishjNKZg&_nc_ss=7b289&oh=00_Af-M5hLuysFfF1hrINmbhIwVTZl695yJ_7ZKnBISdi4_jQ&oe=6A38319C | Resized: https://scontent.fjai6-1.fna.fbcdn.net/v/t39.35426-6/705259035_954869450750708_1331034719177460628_n.jpg?stp=dst-jpg_s600x600_tt6&_nc_cat=110&ccb=1-7&_nc_sid=c53f8f&_nc_ohc=ho0YBmlVXHYQ7kNvwHlvNNv&_nc_oc=Adoe5WWKZd0KI7hOjw_pHTyF-XSoA2sCX88tr4eiSz3cxeS51CrGcwobGSROb9u_IdCLxDehP0kMrdG8iqpeecFB&_nc_zt=14&_nc_ht=scontent.fjai6-1.fna&_nc_gid=HOeHI5kKOIb0zsishjNKZg&_nc_ss=7b289&oh=00_Af-g5LZwmKZ43HzUovJTejSE0L78C8iFkka_LGkBXy-LQg&oe=6A38636F || Original: https://scontent.fjai6-1.fna.fbcdn.net/v/t39.35426-6/704206818_1927358651239226_1650120427732692600_n.jpg?_nc_cat=100&ccb=1-7&_nc_sid=c53f8f&_nc_ohc=Z-sZ0Ro1-LYQ7kNvwFkYFHO&_nc_oc=AdqlAPBXQu9UhOE5mXtwJ5LoMAZaMBtxOWkPvW1A7x0ioyj6IePpdGjh3tNsdqO-X4S1W55hMUd6D-FS9LBXLjPC&_nc_zt=14&_nc_ht=scontent.fjai6-1.fna&_nc_gid=HOeHI5kKOIb0zsishjNKZg&_nc_ss=7b289&oh=00_Af-_4LHqjwi06V_RGEpYzJmtppq_z_OReAflgucVsJfEyA&oe=6A3833B1 | Resized: https://scontent.fjai6-1.fna.fbcdn.net/v/t39.35426-6/705061589_3992531081042726_9036295005237233360_n.jpg?stp=dst-jpg_s600x600_tt6&_nc_cat=104&ccb=1-7&_nc_sid=c53f8f&_nc_ohc=oTtKhLzitAsQ7kNvwEI8AfQ&_nc_oc=AdofyXK-MZ-VI-u4xz7UFFcPV_U-fTuIcx_eNIAht_AwJox4w7w_ep4eG1FA8vRxhgKaaXvfwNqgQ8E4Q3zrBFmX&_nc_zt=14&_nc_ht=scontent.fjai6-1.fna&_nc_gid=HOeHI5kKOIb0zsishjNKZg&_nc_ss=7b289&oh=00_Af9ccNSYnRMOOBkpZrfAgRryheAqLhAbMedzZPOKmDTyWA&oe=6A383664,
1011731561348239,https://www.facebook.com/AbheeVenturesBengaluru/,fb.me,https://www.facebook.com/AbheeVenturesBengaluru/,,,,marketing@abheeventures.com,+91 96060 33922,,,,363671217672946,http://fb.me/,Abhee Ventures,https://www.facebook.com/ads/library/?id=1011731561348239,"🚨 𝗟𝗔𝗨𝗡𝗖𝗛𝗜𝗡𝗚 𝗦𝗢𝗢𝗡: The biggest pre-launch opportunity in East Bengaluru!

Secure your slot at Abhee Codename New Dimension before standard market pricing kicks in. Located strategically on the Whitefield–Sarjapur Road stretch, this 45-acre premium township perfectly bridges your daily work commute with unparalleled wellness amenities.

What waits for you inside:
🌸 Acres of vibrant flora, walking trails, and hidden yoga alcoves
🏌️‍♂️ A stunning 3-acre golf course & a peaceful natural lake
🏛️ 150,000 sq. ft. Clubhouse featuring 140+ world-class amenities
👨‍💻 Easy access to ORR, Whitefield, and Bengaluru's prime IT hubs

📢 EOI Is Open Now: Book early during this limited pre-launch window

Click below to share your preferences and request a call back from our team!",6339,Learn more,fb.me,"FACEBOOK; INSTAGRAM; AUDIENCE_NETWORK",2026-05-28,2026-06-16,HD: https://video.fjai6-1.fna.fbcdn.net/o1/v/t2/f2/m366/AQPOZRUisMFUJbiQysJmGLESn7Ca52L7bSbnCf3kfyFB9p8I-M1LgvwxpwXMt_aHb4YdvJsNhAMsXp2NuugQ5rQLQJH-5udg7gG0PEhnCbVcCw.mp4?_nc_cat=110&_nc_oc=Adrobxp7zA73WmhzDdGIo2kzBZFODnvT1Qav9YyHoWkwazBeXorU5Z1H6K2iDCUqXkN1EPntJkAMPzx2qNA5aHFT&_nc_sid=b66105&_nc_ht=video.fjai6-1.fna.fbcdn.net&_nc_ohc=wPvYp5BWC6QQ7kNvwGA4iCL&efg=eyJ2ZW5jb2RlX3RhZyI6Inhwdl9wcm9ncmVzc2l2ZS5WSV9VU0VDQVNFX1BST0RVQ1RfVFlQRS4uQzMuMTI4MC5kYXNoX2gyNjQtYmFzaWMtZ2VuMl83MjBwIiwieHB2X2Fzc2V0X2lkIjo0NTM4MjM4ODY5NzkzNjg2LCJhc3NldF9hZ2VfZGF5cyI6MjAsInZpX3VzZWNhc2VfaWQiOjEwNzk5LCJkdXJhdGlvbl9zIjoxOCwidXJsZ2VuX3NvdXJjZSI6Ind3dyJ9&ccb=17-1&vs=5edb581a90508651&_nc_vs=HBksFQIYRWZiX2VwaGVtZXJhbC9ENTREOUE5QzBDNTU2QUMwMEY1RjkwMDFGRDY1NkE4Nl9tdF8xX3ZpZGVvX2Rhc2hpbml0Lm1wNBUAAsgBEgAVAhhAZmJfcGVybWFuZW50L0Y3NDcyMjE2QUQxRkUxNjU5QjI3RDAxM0ZBOERBOEFGX2F1ZGlvX2Rhc2hpbml0Lm1wNBUCAsgBEgAoABgAGwKIB3VzZV9vaWwBMRJwcm9ncmVzc2l2ZV9yZWNpcGUBMRUAACasruu7ouCPEBUCKAJDMywXQDKuFHrhR64YGWRhc2hfaDI2NC1iYXNpYy1nZW4yXzcyMHARAHUAZd6oAQA&_nc_gid=76fl54uQlRP8aJ70_5x7CQ&_nc_ss=7b289&_nc_zt=28&oh=00_Af8J9Nr5wuMxd4kvM2oiwhcTyo10iBMDzqJd0ww_IsKBNQ&oe=6A383336 | SD: https://video.fjai6-1.fna.fbcdn.net/o1/v/t2/f2/m412/AQNZr-_s55BH9-Qbj0WBT5EOeoCPcITWtJbkDRKWz0DjPerAJ9S1R-ew80OD3mAvHYxU2h1fcv_i9JL3L-cu4B8VcLZzAmFn20N_xu08Mg.mp4?_nc_cat=102&_nc_oc=Ado9j5KbKs9sJ6YPLKnFTxPK2QWaIvH4584SqKpZs6pZ9XYzamfzcIeUwJaZ0o_qXJhkyzJqCVib11rgkubokeea&_nc_sid=ef5aa3&_nc_ht=video.fjai6-1.fna.fbcdn.net&_nc_ohc=wuF5Zp1rr_gQ7kNvwGT_vYn&efg=eyJ2ZW5jb2RlX3RhZyI6Inhwdl9wcm9ncmVzc2l2ZS5WSV9VU0VDQVNFX1BST0RVQ1RfVFlQRS4uQzMuNjQwLnN2ZV9zZCIsInhwdl9hc3NldF9pZCI6NDUzODIzODg2OTc5MzY4NiwiYXNzZXRfYWdlX2RheXMiOjIwLCJ2aV91c2VjYXNlX2lkIjoxMDc5OSwiZHVyYXRpb25fcyI6MTgsInVybGdlbl9zb3VyY2UiOiJ3d3cifQ%3D%3D&ccb=17-1&_nc_gid=76fl54uQlRP8aJ70_5x7CQ&_nc_ss=7b289&_nc_zt=28&oh=00_Af_crjJQpE7pPNIVNw17v867WVKsZOCov-TY4u0pjS8FUg&oe=6A384378 | Preview: https://scontent.fjai6-1.fna.fbcdn.net/v/t39.35426-6/708697862_27386356654289462_7543331204541972187_n.jpg?_nc_cat=107&ccb=1-7&_nc_sid=c53f8f&_nc_ohc=zHVzCJf3BlcQ7kNvwGePPSk&_nc_oc=AdrTFLFTfDGVKD5OSWLIOTt9SLlmpxDkE2SMdQ_ZxOHA4Pvj7BkfZc2xlrRO67RtnvBUS_Aj6i_ilNpnpMw383zP&_nc_zt=14&_nc_ht=scontent.fjai6-1.fna&_nc_gid=76fl54uQlRP8aJ70_5x7CQ&_nc_ss=7b289&oh=00_Af8HUpSoQmuf47nObMw8j2_vq9SZcJNxpGzm3FfxywXbjw&oe=6A3852DC,,,,,,,
1746440173214441,https://www.facebook.com/hyderabadrealty12/,fb.me,https://www.facebook.com/hyderabadrealty12/,,,,oceanicshark56@gmail.com,+91 91547 63422,,,,542723612256681,http://fb.me/,Hyderabad Realty,https://www.facebook.com/ads/library/?id=1746440173214441,"Central Hyderabad is about to change. 🤫
Something big is coming to RTC X Roads —
and families here will never have to look
for a better address again.
🎁 EOI open for early registrants only.",399,Get quote,fb.me,"FACEBOOK; INSTAGRAM; AUDIENCE_NETWORK",2026-06-08,2026-06-17,,,"Central Hyderabad is about to change. 🤫
Something big is coming to RTC X Roads —
and families here will never have to look
for a better address again.
🎁 EOI open for early registrants only. || Central Hyderabad is about to change. 🤫
Something big is coming to RTC X Roads —
and families here will never have to look
for a better address again.
🎁 EOI open for early registrants only. || Central Hyderabad is about to change. 🤫
Something big is coming to RTC X Roads —
and families here will never have to look
for a better address again.
🎁 EOI open for early registrants only. || Central Hyderabad is about to change. 🤫
Something big is coming to RTC X Roads —
and families here will never have to look
for a better address again.
🎁 EOI open for early registrants only. || Central Hyderabad is about to change. 🤫
Something big is coming to RTC X Roads —
and families here will never have to look
for a better address again.
🎁 EOI open for early registrants only. || Central Hyderabad is about to change. 🤫
Something big is coming to RTC X Roads —
and families here will never have to look
for a better address again.
🎁 EOI open for early registrants only. || Central Hyderabad is about to change. 🤫
Something big is coming to RTC X Roads —
and families here will never have to look
for a better address again.
🎁 EOI open for early registrants only. || Central Hyderabad is about to change. 🤫
Something big is coming to RTC X Roads —
and families here will never have to look
for a better address again.
🎁 EOI open for early registrants only.",http://fb.me/ || http://fb.me/ || http://fb.me/ || http://fb.me/ || http://fb.me/ || http://fb.me/ || http://fb.me/ || http://fb.me/,,Get Quote || Get Quote || Get Quote || Get Quote || Get Quote || Get Quote || Get Quote || Get Quote,,HD: https://video.fjai6-1.fna.fbcdn.net/o1/v/t2/f2/m366/AQNBE3bPH70RgkUd7F-MYnTXEajCyNoxQpXAhezoxT05PW__u3Khfz1JqU9Aruagyn0MOQXUYsNYRfFaROrMhNAYAOkVCP8nVAFebK1ync-EqA.mp4?_nc_cat=109&_nc_oc=AdpREMFdVgjKLprsIXdOhXdiyVP8Q5JdGH-tCQ1D1Q8BFUfU2oG-f-5F-BIZa-iBHwiioqJNqJxrJxrbBNA98lEv&_nc_sid=b66105&_nc_ht=video.fjai6-1.fna.fbcdn.net&_nc_ohc=gsVzdNjMYIgQ7kNvwFXM4-9&efg=eyJ2ZW5jb2RlX3RhZyI6Inhwdl9wcm9ncmVzc2l2ZS5WSV9VU0VDQVNFX1BST0RVQ1RfVFlQRS4uQzMuNzIwLmRhc2hfaDI2NC1iYXNpYy1nZW4yXzcyMHAiLCJ4cHZfYXNzZXRfaWQiOjEzMTE4Mjg4MzcyMDA5MjEsImFzc2V0X2FnZV9kYXlzIjo4LCJ2aV91c2VjYXNlX2lkIjoxMDc5OSwiZHVyYXRpb25fcyI6MjAsInVybGdlbl9zb3VyY2UiOiJ3d3cifQ%3D%3D&ccb=17-1&vs=5db49d77d9431d4b&_nc_vs=HBksFQIYRWZiX2VwaGVtZXJhbC80MDQzNjZBQkY4QTg5RDE0REQzRjQ5M0JCQjU0RDlCQV9tdF8xX3ZpZGVvX2Rhc2hpbml0Lm1wNBUAAsgBEgAVAhhAZmJfcGVybWFuZW50L0IyNEU2QkY5RjdBQTc2OTRFMTgwMzkyMzAzOTM5ODk5X2F1ZGlvX2Rhc2hpbml0Lm1wNBUCAsgBEgAoABgAGwKIB3VzZV9vaWwBMRJwcm9ncmVzc2l2ZV9yZWNpcGUBMRUAACay0Me9vsbUBBUCKAJDMywXQDQAAAAAAAAYGWRhc2hfaDI2NC1iYXNpYy1nZW4yXzcyMHARAHUAZd6oAQA&_nc_gid=76fl54uQlRP8aJ70_5x7CQ&_nc_ss=7b289&_nc_zt=28&oh=00_Af8xlZiffgKD5wodF5vqmjQWLCs8viDDFEMm7RaYktok1w&oe=6A382F7F | SD: https://video.fjai6-1.fna.fbcdn.net/o1/v/t2/f2/m412/AQPaQWy36F7cC5VpeYjEKxFisH-DhXT1sRorpsJRaXJieNUGgKArzFANF9nWwtUyUZ4ITunCMP4xjk2IkWaqA0N6NXYDlo_h3br9jE5o4g.mp4?_nc_cat=106&_nc_oc=Adr31h_Y7CZeuDuypJlW-KDZGjQLN1NOLCG1TlJLm5A7mooUgGKJj1vEXJOHv64y-k3ZDV7ocPb9w-LmlCGYVeyI&_nc_sid=ef5aa3&_nc_ht=video.fjai6-1.fna.fbcdn.net&_nc_ohc=LXngIYndEh0Q7kNvwGO3wlf&efg=eyJ2ZW5jb2RlX3RhZyI6Inhwdl9wcm9ncmVzc2l2ZS5WSV9VU0VDQVNFX1BST0RVQ1RfVFlQRS4uQzMuMzYwLnN2ZV9zZCIsInhwdl9hc3NldF9pZCI6MTMxMTgyODgzNzIwMDkyMSwiYXNzZXRfYWdlX2RheXMiOjgsInZpX3VzZWNhc2VfaWQiOjEwNzk5LCJkdXJhdGlvbl9zIjoyMCwidXJsZ2VuX3NvdXJjZSI6Ind3dyJ9&ccb=17-1&_nc_gid=76fl54uQlRP8aJ70_5x7CQ&_nc_ss=7b289&_nc_zt=28&oh=00_Af_dS0hJXx4IPKuLciZnrrrc7ZMZ8LmVE2WAr4aTLfjRTg&oe=6A386204 | Preview: https://scontent.fjai6-1.fna.fbcdn.net/v/t39.35426-6/720219214_26753423007664982_160630179123294727_n.jpg?_nc_cat=107&ccb=1-7&_nc_sid=c53f8f&_nc_ohc=FdUuzJR2Lz8Q7kNvwFnkJV7&_nc_oc=AdpIzRnUnXF-O2KVuiiTg6Oa34VXgqjvOzB111LnpR7kyDuV3w5upZ1BjsxoOg9Q6jLKHG-6n4-OtgQSZ5trmpF5&_nc_zt=14&_nc_ht=scontent.fjai6-1.fna&_nc_gid=76fl54uQlRP8aJ70_5x7CQ&_nc_ss=7b289&oh=00_Af8L9rKINg86ruyRJugKhVZob4KG8G8eWWw0gmLZi-Vemg&oe=6A385F3D || HD: https://video.fjai6-1.fna.fbcdn.net/o1/v/t2/f2/m366/AQON7mW77OaFWyYMUpqZcEhURl0JR3L4_pUuAFYoM01sMVqx1_3MBqKQj7MnWhmqeaC1aT5H_p1kz0nf2fAPNzJWNps4n_Pw7OJKSy3gwvwZ_g.mp4?_nc_cat=108&_nc_oc=AdrNR7uGw2XyUprcekHG-bTS54SEK-YgWzM_U0BzNdWE1mq3wXRzC6gV81VLY_-WRKpX6_Y6vjPBS2mgr_J8tIWE&_nc_sid=b66105&_nc_ht=video.fjai6-1.fna.fbcdn.net&_nc_ohc=iRYzFkNUoVMQ7kNvwGfs_rB&efg=eyJ2ZW5jb2RlX3RhZyI6Inhwdl9wcm9ncmVzc2l2ZS5WSV9VU0VDQVNFX1BST0RVQ1RfVFlQRS4uQzMuMTI4MC5kYXNoX2gyNjQtYmFzaWMtZ2VuMl83MjBwIiwieHB2X2Fzc2V0X2lkIjo5NDIyOTEyMjIxOTA4OTAsImFzc2V0X2FnZV9kYXlzIjo4LCJ2aV91c2VjYXNlX2lkIjoxMDc5OSwiZHVyYXRpb25fcyI6MTksInVybGdlbl9zb3VyY2UiOiJ3d3cifQ%3D%3D&ccb=17-1&vs=959a8edc5ba1e465&_nc_vs=HBksFQIYRWZiX2VwaGVtZXJhbC9ENzRBMjY1MzRDMTJCM0VDODAyMENENjZBQ0MxNjZCNF9tdF8xX3ZpZGVvX2Rhc2hpbml0Lm1wNBUAAsgBEgAVAhhAZmJfcGVybWFuZW50LzMzNDkyRTg5RTAzNDlDRTA1MzY3MjhGMDgzNEEwMkI3X2F1ZGlvX2Rhc2hpbml0Lm1wNBUCAsgBEgAoABgAGwKIB3VzZV9vaWwBMRJwcm9ncmVzc2l2ZV9yZWNpcGUBMRUAACbU7JbZyMCsAxUCKAJDMywXQDPKfvnbItEYGWRhc2hfaDI2NC1iYXNpYy1nZW4yXzcyMHARAHUAZd6oAQA&_nc_gid=76fl54uQlRP8aJ70_5x7CQ&_nc_ss=7b289&_nc_zt=28&oh=00_Af-_alfoCJPaW6KbmxVbDfxtXyYjxK6fTryXCdzpey2bvA&oe=6A3865E8 | SD: https://video.fjai6-1.fna.fbcdn.net/o1/v/t2/f2/m412/AQOcRjgYXwabRElcYkr06sMG1jfDWFETmzXc0fDUK4BXGbZo7w6hewm7CRDSRAuxG8jfiDi-0F9yjPWWl_iqhvOyyEMoKTb8AXuBwaorTQ.mp4?_nc_cat=100&_nc_oc=AdpaQAP6Cyl66X8tWKpXG6JanILUWTRU1wVFcGqaXJYRyhuQRF9fX00Kvf61Qi2rvpmS70_dpr2lQekRevn4Fukb&_nc_sid=ef5aa3&_nc_ht=video.fjai6-1.fna.fbcdn.net&_nc_ohc=TeJm6lncF9YQ7kNvwFHGmdu&efg=eyJ2ZW5jb2RlX3RhZyI6Inhwdl9wcm9ncmVzc2l2ZS5WSV9VU0VDQVNFX1BST0RVQ1RfVFlQRS4uQzMuNjQwLnN2ZV9zZCIsInhwdl9hc3NldF9pZCI6OTQyMjkxMjIyMTkwODkwLCJhc3NldF9hZ2VfZGF5cyI6OCwidmlfdXNlY2FzZV9pZCI6MTA3OTksImR1cmF0aW9uX3MiOjE5LCJ1cmxnZW5fc291cmNlIjoid3d3In0%3D&ccb=17-1&_nc_gid=76fl54uQlRP8aJ70_5x7CQ&_nc_ss=7b289&_nc_zt=28&oh=00_Af_qYvTI9cskrFpStKRNfOy_0qPrwl9gvaIOU1vSQVAvFQ&oe=6A3857DA | Preview: https://scontent.fjai6-1.fna.fbcdn.net/v/t39.35426-6/719099834_1526871235652207_9098325817957543596_n.jpg?_nc_cat=106&ccb=1-7&_nc_sid=c53f8f&_nc_ohc=alxh0cqqDlIQ7kNvwExjvDC&_nc_oc=AdqbiS9DHlIRkl3z1-XlHt6pkuyu-q5wFVRJ5hCPNr1Q3cJ_1-hySfJA418aoaieLa58Odul7sabEjjZdKWuXwdu&_nc_zt=14&_nc_ht=scontent.fjai6-1.fna&_nc_gid=76fl54uQlRP8aJ70_5x7CQ&_nc_ss=7b289&oh=00_Af9i6OLae6Iz2ZOA27e0cE0hxHtJSfae5SNtLA_23H4N8A&oe=6A383866 || HD: https://video.fjai6-1.fna.fbcdn.net/o1/v/t2/f2/m366/AQMSM29VvCHMjRG7bDo_zX8XVK7A8WmNXRYfw_AC9_ezgWcF-ea45op3aWWmS7cCy9-pa_JXdbNSDj5sRmaFST0ti88w2JM05IxWWTmnR2m8Zw.mp4?_nc_cat=106&_nc_oc=Ado-R2_IdasieZ4ljibEHAIsi190srQnLHUdhLqvLlja39L_dHEWuIc7CIJ1qYHAW16OveXV1Gz2_-MVssEs3ArJ&_nc_sid=b66105&_nc_ht=video.fjai6-1.fna.fbcdn.net&_nc_ohc=bL8e5Fx--W8Q7kNvwEPJoPS&efg=eyJ2ZW5jb2RlX3RhZyI6Inhwdl9wcm9ncmVzc2l2ZS5WSV9VU0VDQVNFX1BST0RVQ1RfVFlQRS4uQzMuNzIwLmRhc2hfaDI2NC1iYXNpYy1nZW4yXzcyMHAiLCJ4cHZfYXNzZXRfaWQiOjE3NjQ5MDk0ODE1NDY4MTcsImFzc2V0X2FnZV9kYXlzIjo4LCJ2aV91c2VjYXNlX2lkIjoxMDc5OSwiZHVyYXRpb25fcyI6MjAsInVybGdlbl9zb3VyY2UiOiJ3d3cifQ%3D%3D&ccb=17-1&vs=f0c2eb2bcce5bd9a&_nc_vs=HBksFQIYRWZiX2VwaGVtZXJhbC8wNjREOTUzMTMyNkYwMEMyOUY1NkE3QzRFOTlFNjhBOV9tdF8xX3ZpZGVvX2Rhc2hpbml0Lm1wNBUAAsgBEgAVAhhAZmJfcGVybWFuZW50L0VDNDJDNzI4ODIzNEQwNjkzMTU4Q0Q0NTIzNkRGNEIxX2F1ZGlvX2Rhc2hpbml0Lm1wNBUCAsgBEgAoABgAGwKIB3VzZV9vaWwBMRJwcm9ncmVzc2l2ZV9yZWNpcGUBMRUAACaC0aqroMuiBhUCKAJDMywXQDQAAAAAAAAYGWRhc2hfaDI2NC1iYXNpYy1nZW4yXzcyMHARAHUAZd6oAQA&_nc_gid=76fl54uQlRP8aJ70_5x7CQ&_nc_ss=7b289&_nc_zt=28&oh=00_Af-tKsYv-j1YqDBX_4vBCenUvPlUtwdn2oAl_ii2iqQLSA&oe=6A38428A | SD: https://video.fjai6-1.fna.fbcdn.net/o1/v/t2/f2/m412/AQPCohMoxtRNAyyU6JpUr-iFkaWJAn3PQtnq8h4HM-jqPLiCzxBEp1d3VVb49zm1L8TCENFZqDgt2XdjE1SGo1C50k8o-WGQIpbbRG_b5Q.mp4?_nc_cat=110&_nc_oc=Ado1vxbCae0aH6ImEblgcz9L5jVfYt11ieOlhWZph40DKgEF1bB4NF7SOLnBp_RqbidwJOKuLWZlxiC4p8hTPC4C&_nc_sid=ef5aa3&_nc_ht=video.fjai6-1.fna.fbcdn.net&_nc_ohc=LcXKDY_jPpAQ7kNvwHGExiD&efg=eyJ2ZW5jb2RlX3RhZyI6Inhwdl9wcm9ncmVzc2l2ZS5WSV9VU0VDQVNFX1BST0RVQ1RfVFlQRS4uQzMuMzYwLnN2ZV9zZCIsInhwdl9hc3NldF9pZCI6MTc2NDkwOTQ4MTU0NjgxNywiYXNzZXRfYWdlX2RheXMiOjgsInZpX3VzZWNhc2VfaWQiOjEwNzk5LCJkdXJhdGlvbl9zIjoyMCwidXJsZ2VuX3NvdXJjZSI6Ind3dyJ9&ccb=17-1&_nc_gid=76fl54uQlRP8aJ70_5x7CQ&_nc_ss=7b289&_nc_zt=28&oh=00_Af_4Sy8OyOrNc1WDt6Yu3o_-cUCKv8C8TaurqOaI8STE7w&oe=6A3839EC | Preview: https://scontent.fjai6-1.fna.fbcdn.net/v/t39.35426-6/719189956_1508777920726012_661756584593733723_n.jpg?_nc_cat=106&ccb=1-7&_nc_sid=c53f8f&_nc_ohc=vYm-6Vvvv7cQ7kNvwG_Pqwc&_nc_oc=AdqmV-B1Fm-XLO9rcrNfj6dWMsBqPrLJLB32tab1WQiEFuqb6vonSxBZQC1Q6kr2SPOapxStAldPxXn3THOylEan&_nc_zt=14&_nc_ht=scontent.fjai6-1.fna&_nc_gid=76fl54uQlRP8aJ70_5x7CQ&_nc_ss=7b289&oh=00_Af99NiRlwmIOMAAw1iv_m0f2UfcJi2oC568vlXqYlS9TRA&oe=6A38468B || HD: https://video.fjai6-1.fna.fbcdn.net/o1/v/t2/f2/m366/AQMSM29VvCHMjRG7bDo_zX8XVK7A8WmNXRYfw_AC9_ezgWcF-ea45op3aWWmS7cCy9-pa_JXdbNSDj5sRmaFST0ti88w2JM05IxWWTmnR2m8Zw.mp4?_nc_cat=106&_nc_oc=Ado-R2_IdasieZ4ljibEHAIsi190srQnLHUdhLqvLlja39L_dHEWuIc7CIJ1qYHAW16OveXV1Gz2_-MVssEs3ArJ&_nc_sid=b66105&_nc_ht=video.fjai6-1.fna.fbcdn.net&_nc_ohc=bL8e5Fx--W8Q7kNvwEPJoPS&efg=eyJ2ZW5jb2RlX3RhZyI6Inhwdl9wcm9ncmVzc2l2ZS5WSV9VU0VDQVNFX1BST0RVQ1RfVFlQRS4uQzMuNzIwLmRhc2hfaDI2NC1iYXNpYy1nZW4yXzcyMHAiLCJ4cHZfYXNzZXRfaWQiOjE3NjQ5MDk0ODE1NDY4MTcsImFzc2V0X2FnZV9kYXlzIjo4LCJ2aV91c2VjYXNlX2lkIjoxMDc5OSwiZHVyYXRpb25fcyI6MjAsInVybGdlbl9zb3VyY2UiOiJ3d3cifQ%3D%3D&ccb=17-1&vs=f0c2eb2bcce5bd9a&_nc_vs=HBksFQIYRWZiX2VwaGVtZXJhbC8wNjREOTUzMTMyNkYwMEMyOUY1NkE3QzRFOTlFNjhBOV9tdF8xX3ZpZGVvX2Rhc2hpbml0Lm1wNBUAAsgBEgAVAhhAZmJfcGVybWFuZW50L0VDNDJDNzI4ODIzNEQwNjkzMTU4Q0Q0NTIzNkRGNEIxX2F1ZGlvX2Rhc2hpbml0Lm1wNBUCAsgBEgAoABgAGwKIB3VzZV9vaWwBMRJwcm9ncmVzc2l2ZV9yZWNpcGUBMRUAACaC0aqroMuiBhUCKAJDMywXQDQAAAAAAAAYGWRhc2hfaDI2NC1iYXNpYy1nZW4yXzcyMHARAHUAZd6oAQA&_nc_gid=76fl54uQlRP8aJ70_5x7CQ&_nc_ss=7b289&_nc_zt=28&oh=00_Af-tKsYv-j1YqDBX_4vBCenUvPlUtwdn2oAl_ii2iqQLSA&oe=6A38428A | SD: https://video.fjai6-1.fna.fbcdn.net/o1/v/t2/f2/m412/AQPCohMoxtRNAyyU6JpUr-iFkaWJAn3PQtnq8h4HM-jqPLiCzxBEp1d3VVb49zm1L8TCENFZqDgt2XdjE1SGo1C50k8o-WGQIpbbRG_b5Q.mp4?_nc_cat=110&_nc_oc=Ado1vxbCae0aH6ImEblgcz9L5jVfYt11ieOlhWZph40DKgEF1bB4NF7SOLnBp_RqbidwJOKuLWZlxiC4p8hTPC4C&_nc_sid=ef5aa3&_nc_ht=video.fjai6-1.fna.fbcdn.net&_nc_ohc=LcXKDY_jPpAQ7kNvwHGExiD&efg=eyJ2ZW5jb2RlX3RhZyI6Inhwdl9wcm9ncmVzc2l2ZS5WSV9VU0VDQVNFX1BST0RVQ1RfVFlQRS4uQzMuMzYwLnN2ZV9zZCIsInhwdl9hc3NldF9pZCI6MTc2NDkwOTQ4MTU0NjgxNywiYXNzZXRfYWdlX2RheXMiOjgsInZpX3VzZWNhc2VfaWQiOjEwNzk5LCJkdXJhdGlvbl9zIjoyMCwidXJsZ2VuX3NvdXJjZSI6Ind3dyJ9&ccb=17-1&_nc_gid=76fl54uQlRP8aJ70_5x7CQ&_nc_ss=7b289&_nc_zt=28&oh=00_Af_4Sy8OyOrNc1WDt6Yu3o_-cUCKv8C8TaurqOaI8STE7w&oe=6A3839EC | Preview: https://scontent.fjai6-1.fna.fbcdn.net/v/t39.35426-6/719189956_1508777920726012_661756584593733723_n.jpg?_nc_cat=106&ccb=1-7&_nc_sid=c53f8f&_nc_ohc=vYm-6Vvvv7cQ7kNvwG_Pqwc&_nc_oc=AdqmV-B1Fm-XLO9rcrNfj6dWMsBqPrLJLB32tab1WQiEFuqb6vonSxBZQC1Q6kr2SPOapxStAldPxXn3THOylEan&_nc_zt=14&_nc_ht=scontent.fjai6-1.fna&_nc_gid=76fl54uQlRP8aJ70_5x7CQ&_nc_ss=7b289&oh=00_Af99NiRlwmIOMAAw1iv_m0f2UfcJi2oC568vlXqYlS9TRA&oe=6A38468B || HD: https://video.fjai6-1.fna.fbcdn.net/o1/v/t2/f2/m366/AQMu4XqhBMl-rUhtiROOJi0NgasB42Bndiv1_bN9bRqRPegijORktAFyi58d9nKDIHYnvQ9m-J_6BpW9BVJmW0iFkMkoyPafoYB1OkgGzBJwRQ.mp4?_nc_cat=108&_nc_oc=Adr_O63rV8PU1cb5MLnyoOT-p3b_yl_yUiFnvFoezbdId3ZqiVCaf0E5ym1vtTwVsrzia10McyKz5utGDtq5nnCG&_nc_sid=b66105&_nc_ht=video.fjai6-1.fna.fbcdn.net&_nc_ohc=cQD0FxmVf1gQ7kNvwEi4eAJ&efg=eyJ2ZW5jb2RlX3RhZyI6Inhwdl9wcm9ncmVzc2l2ZS5WSV9VU0VDQVNFX1BST0RVQ1RfVFlQRS4uQzMuNzIwLmRhc2hfaDI2NC1iYXNpYy1nZW4yXzcyMHAiLCJ4cHZfYXNzZXRfaWQiOjk2NzI4NDA0OTQzOTM2MSwiYXNzZXRfYWdlX2RheXMiOjgsInZpX3VzZWNhc2VfaWQiOjEwNzk5LCJkdXJhdGlvbl9zIjoyMCwidXJsZ2VuX3NvdXJjZSI6Ind3dyJ9&ccb=17-1&vs=e195e43418038d12&_nc_vs=HBksFQIYRWZiX2VwaGVtZXJhbC8yNDRFMzUzMkM1NTg2OUEzREMwOTUwN0Q4NTI2NzhCQl9tdF8xX3ZpZGVvX2Rhc2hpbml0Lm1wNBUAAsgBEgAVAhhAZmJfcGVybWFuZW50L0FBNEZBRjE1MUNGNjI0NEMwMTI0QjQxNTg5MTE3Mjg4X2F1ZGlvX2Rhc2hpbml0Lm1wNBUCAsgBEgAoABgAGwKIB3VzZV9vaWwBMRJwcm9ncmVzc2l2ZV9yZWNpcGUBMRUAACaCqs_iq--3AxUCKAJDMywXQDQAAAAAAAAYGWRhc2hfaDI2NC1iYXNpYy1nZW4yXzcyMHARAHUAZd6oAQA&_nc_gid=76fl54uQlRP8aJ70_5x7CQ&_nc_ss=7b289&_nc_zt=28&oh=00_Af_K0o9iIgQ5FtaZnls41B_RYHQb50U7uY3TIrP8Owrlag&oe=6A384CC4 | SD: https://video.fjai6-1.fna.fbcdn.net/o1/v/t2/f2/m412/AQNiCgAVHd0vo2MIrQA3lV65WpZUTQi1D_Px1O2lX5QQf1-khDfsWGAetxMP6nanzbh75s6CtdDfoFbIiGEIe_EJdurueEh3ud0dNcVI-g.mp4?_nc_cat=103&_nc_oc=AdrePfAKLL7uGyKaD8EzOdJM5LyAPe6hofGiVxgZP_ZQquIWWrFu_94ZjEyTIeEswXRIQAaxbbtK7QQpKWFMPlHT&_nc_sid=ef5aa3&_nc_ht=video.fjai6-1.fna.fbcdn.net&_nc_ohc=IgmJOt4czugQ7kNvwEcZ0ot&efg=eyJ2ZW5jb2RlX3RhZyI6Inhwdl9wcm9ncmVzc2l2ZS5WSV9VU0VDQVNFX1BST0RVQ1RfVFlQRS4uQzMuMzYwLnN2ZV9zZCIsInhwdl9hc3NldF9pZCI6OTY3Mjg0MDQ5NDM5MzYxLCJhc3NldF9hZ2VfZGF5cyI6OCwidmlfdXNlY2FzZV9pZCI6MTA3OTksImR1cmF0aW9uX3MiOjIwLCJ1cmxnZW5fc291cmNlIjoid3d3In0%3D&ccb=17-1&_nc_gid=76fl54uQlRP8aJ70_5x7CQ&_nc_ss=7b289&_nc_zt=28&oh=00_Af9RH8eVR1U_CiZ49CLPJ-umzhUtvtKuERQEm3mQfOINIQ&oe=6A384E9B | Preview: https://scontent.fjai6-1.fna.fbcdn.net/v/t39.35426-6/719533452_2361201631031739_5577197931444869944_n.jpg?_nc_cat=100&ccb=1-7&_nc_sid=c53f8f&_nc_ohc=uvr86PiHMX0Q7kNvwHRgOUA&_nc_oc=Ado_DuJdOOs8b1cy2EeLfRijEZtW5c_j0IIw-pZaJvCyKKOKjvt1wc1nVHA5829vSchl6V_CpY2z3ym5eEIqTbpG&_nc_zt=14&_nc_ht=scontent.fjai6-1.fna&_nc_gid=76fl54uQlRP8aJ70_5x7CQ&_nc_ss=7b289&oh=00_Af_am4rMSrSBB5RWDSq1rt0zxw6rtf3SMmQ2AoOc9t6CJg&oe=6A38401B || HD: https://video.fjai6-1.fna.fbcdn.net/o1/v/t2/f2/m366/AQMu4XqhBMl-rUhtiROOJi0NgasB42Bndiv1_bN9bRqRPegijORktAFyi58d9nKDIHYnvQ9m-J_6BpW9BVJmW0iFkMkoyPafoYB1OkgGzBJwRQ.mp4?_nc_cat=108&_nc_oc=Adr_O63rV8PU1cb5MLnyoOT-p3b_yl_yUiFnvFoezbdId3ZqiVCaf0E5ym1vtTwVsrzia10McyKz5utGDtq5nnCG&_nc_sid=b66105&_nc_ht=video.fjai6-1.fna.fbcdn.net&_nc_ohc=cQD0FxmVf1gQ7kNvwEi4eAJ&efg=eyJ2ZW5jb2RlX3RhZyI6Inhwdl9wcm9ncmVzc2l2ZS5WSV9VU0VDQVNFX1BST0RVQ1RfVFlQRS4uQzMuNzIwLmRhc2hfaDI2NC1iYXNpYy1nZW4yXzcyMHAiLCJ4cHZfYXNzZXRfaWQiOjk2NzI4NDA0OTQzOTM2MSwiYXNzZXRfYWdlX2RheXMiOjgsInZpX3VzZWNhc2VfaWQiOjEwNzk5LCJkdXJhdGlvbl9zIjoyMCwidXJsZ2VuX3NvdXJjZSI6Ind3dyJ9&ccb=17-1&vs=e195e43418038d12&_nc_vs=HBksFQIYRWZiX2VwaGVtZXJhbC8yNDRFMzUzMkM1NTg2OUEzREMwOTUwN0Q4NTI2NzhCQl9tdF8xX3ZpZGVvX2Rhc2hpbml0Lm1wNBUAAsgBEgAVAhhAZmJfcGVybWFuZW50L0FBNEZBRjE1MUNGNjI0NEMwMTI0QjQxNTg5MTE3Mjg4X2F1ZGlvX2Rhc2hpbml0Lm1wNBUCAsgBEgAoABgAGwKIB3VzZV9vaWwBMRJwcm9ncmVzc2l2ZV9yZWNpcGUBMRUAACaCqs_iq--3AxUCKAJDMywXQDQAAAAAAAAYGWRhc2hfaDI2NC1iYXNpYy1nZW4yXzcyMHARAHUAZd6oAQA&_nc_gid=76fl54uQlRP8aJ70_5x7CQ&_nc_ss=7b289&_nc_zt=28&oh=00_Af_K0o9iIgQ5FtaZnls41B_RYHQb50U7uY3TIrP8Owrlag&oe=6A384CC4 | SD: https://video.fjai6-1.fna.fbcdn.net/o1/v/t2/f2/m412/AQNiCgAVHd0vo2MIrQA3lV65WpZUTQi1D_Px1O2lX5QQf1-khDfsWGAetxMP6nanzbh75s6CtdDfoFbIiGEIe_EJdurueEh3ud0dNcVI-g.mp4?_nc_cat=103&_nc_oc=AdrePfAKLL7uGyKaD8EzOdJM5LyAPe6hofGiVxgZP_ZQquIWWrFu_94ZjEyTIeEswXRIQAaxbbtK7QQpKWFMPlHT&_nc_sid=ef5aa3&_nc_ht=video.fjai6-1.fna.fbcdn.net&_nc_ohc=IgmJOt4czugQ7kNvwEcZ0ot&efg=eyJ2ZW5jb2RlX3RhZyI6Inhwdl9wcm9ncmVzc2l2ZS5WSV9VU0VDQVNFX1BST0RVQ1RfVFlQRS4uQzMuMzYwLnN2ZV9zZCIsInhwdl9hc3NldF9pZCI6OTY3Mjg0MDQ5NDM5MzYxLCJhc3NldF9hZ2VfZGF5cyI6OCwidmlfdXNlY2FzZV9pZCI6MTA3OTksImR1cmF0aW9uX3MiOjIwLCJ1cmxnZW5fc291cmNlIjoid3d3In0%3D&ccb=17-1&_nc_gid=76fl54uQlRP8aJ70_5x7CQ&_nc_ss=7b289&_nc_zt=28&oh=00_Af9RH8eVR1U_CiZ49CLPJ-umzhUtvtKuERQEm3mQfOINIQ&oe=6A384E9B | Preview: https://scontent.fjai6-1.fna.fbcdn.net/v/t39.35426-6/719533452_2361201631031739_5577197931444869944_n.jpg?_nc_cat=100&ccb=1-7&_nc_sid=c53f8f&_nc_ohc=uvr86PiHMX0Q7kNvwHRgOUA&_nc_oc=Ado_DuJdOOs8b1cy2EeLfRijEZtW5c_j0IIw-pZaJvCyKKOKjvt1wc1nVHA5829vSchl6V_CpY2z3ym5eEIqTbpG&_nc_zt=14&_nc_ht=scontent.fjai6-1.fna&_nc_gid=76fl54uQlRP8aJ70_5x7CQ&_nc_ss=7b289&oh=00_Af_am4rMSrSBB5RWDSq1rt0zxw6rtf3SMmQ2AoOc9t6CJg&oe=6A38401B || HD: https://video.fjai6-1.fna.fbcdn.net/o1/v/t2/f2/m366/AQMu4XqhBMl-rUhtiROOJi0NgasB42Bndiv1_bN9bRqRPegijORktAFyi58d9nKDIHYnvQ9m-J_6BpW9BVJmW0iFkMkoyPafoYB1OkgGzBJwRQ.mp4?_nc_cat=108&_nc_oc=Adr_O63rV8PU1cb5MLnyoOT-p3b_yl_yUiFnvFoezbdId3ZqiVCaf0E5ym1vtTwVsrzia10McyKz5utGDtq5nnCG&_nc_sid=b66105&_nc_ht=video.fjai6-1.fna.fbcdn.net&_nc_ohc=cQD0FxmVf1gQ7kNvwEi4eAJ&efg=eyJ2ZW5jb2RlX3RhZyI6Inhwdl9wcm9ncmVzc2l2ZS5WSV9VU0VDQVNFX1BST0RVQ1RfVFlQRS4uQzMuNzIwLmRhc2hfaDI2NC1iYXNpYy1nZW4yXzcyMHAiLCJ4cHZfYXNzZXRfaWQiOjk2NzI4NDA0OTQzOTM2MSwiYXNzZXRfYWdlX2RheXMiOjgsInZpX3VzZWNhc2VfaWQiOjEwNzk5LCJkdXJhdGlvbl9zIjoyMCwidXJsZ2VuX3NvdXJjZSI6Ind3dyJ9&ccb=17-1&vs=e195e43418038d12&_nc_vs=HBksFQIYRWZiX2VwaGVtZXJhbC8yNDRFMzUzMkM1NTg2OUEzREMwOTUwN0Q4NTI2NzhCQl9tdF8xX3ZpZGVvX2Rhc2hpbml0Lm1wNBUAAsgBEgAVAhhAZmJfcGVybWFuZW50L0FBNEZBRjE1MUNGNjI0NEMwMTI0QjQxNTg5MTE3Mjg4X2F1ZGlvX2Rhc2hpbml0Lm1wNBUCAsgBEgAoABgAGwKIB3VzZV9vaWwBMRJwcm9ncmVzc2l2ZV9yZWNpcGUBMRUAACaCqs_iq--3AxUCKAJDMywXQDQAAAAAAAAYGWRhc2hfaDI2NC1iYXNpYy1nZW4yXzcyMHARAHUAZd6oAQA&_nc_gid=76fl54uQlRP8aJ70_5x7CQ&_nc_ss=7b289&_nc_zt=28&oh=00_Af_K0o9iIgQ5FtaZnls41B_RYHQb50U7uY3TIrP8Owrlag&oe=6A384CC4 | SD: https://video.fjai6-1.fna.fbcdn.net/o1/v/t2/f2/m412/AQNiCgAVHd0vo2MIrQA3lV65WpZUTQi1D_Px1O2lX5QQf1-khDfsWGAetxMP6nanzbh75s6CtdDfoFbIiGEIe_EJdurueEh3ud0dNcVI-g.mp4?_nc_cat=103&_nc_oc=AdrePfAKLL7uGyKaD8EzOdJM5LyAPe6hofGiVxgZP_ZQquIWWrFu_94ZjEyTIeEswXRIQAaxbbtK7QQpKWFMPlHT&_nc_sid=ef5aa3&_nc_ht=video.fjai6-1.fna.fbcdn.net&_nc_ohc=IgmJOt4czugQ7kNvwEcZ0ot&efg=eyJ2ZW5jb2RlX3RhZyI6Inhwdl9wcm9ncmVzc2l2ZS5WSV9VU0VDQVNFX1BST0RVQ1RfVFlQRS4uQzMuMzYwLnN2ZV9zZCIsInhwdl9hc3NldF9pZCI6OTY3Mjg0MDQ5NDM5MzYxLCJhc3NldF9hZ2VfZGF5cyI6OCwidmlfdXNlY2FzZV9pZCI6MTA3OTksImR1cmF0aW9uX3MiOjIwLCJ1cmxnZW5fc291cmNlIjoid3d3In0%3D&ccb=17-1&_nc_gid=76fl54uQlRP8aJ70_5x7CQ&_nc_ss=7b289&_nc_zt=28&oh=00_Af9RH8eVR1U_CiZ49CLPJ-umzhUtvtKuERQEm3mQfOINIQ&oe=6A384E9B | Preview: https://scontent.fjai6-1.fna.fbcdn.net/v/t39.35426-6/719533452_2361201631031739_5577197931444869944_n.jpg?_nc_cat=100&ccb=1-7&_nc_sid=c53f8f&_nc_ohc=uvr86PiHMX0Q7kNvwHRgOUA&_nc_oc=Ado_DuJdOOs8b1cy2EeLfRijEZtW5c_j0IIw-pZaJvCyKKOKjvt1wc1nVHA5829vSchl6V_CpY2z3ym5eEIqTbpG&_nc_zt=14&_nc_ht=scontent.fjai6-1.fna&_nc_gid=76fl54uQlRP8aJ70_5x7CQ&_nc_ss=7b289&oh=00_Af_am4rMSrSBB5RWDSq1rt0zxw6rtf3SMmQ2AoOc9t6CJg&oe=6A38401B || HD: https://video.fjai6-1.fna.fbcdn.net/o1/v/t2/f2/m366/AQOYFvkvVNw1yVMn4KPIsQQANxA7xmZTWd8uM4ZcDQuudbwaP0v2WPkdvMbT5eEoS2iyrJxHK1rTxs0n7D8rJtX5FcOl0dtZ2n6lBiaEnnNFMw.mp4?_nc_cat=103&_nc_oc=AdrjbbILq3z3hJhz-fB2tfGJJ_UF-KWtoy7iBNyumFG2jkbpj1WX_V3wkjYDMLm3WMrFW0Xt5c6xLacipMf3kO5q&_nc_sid=b66105&_nc_ht=video.fjai6-1.fna.fbcdn.net&_nc_ohc=2uEZRGqN9UMQ7kNvwHpuGR3&efg=eyJ2ZW5jb2RlX3RhZyI6Inhwdl9wcm9ncmVzc2l2ZS5WSV9VU0VDQVNFX1BST0RVQ1RfVFlQRS4uQzMuNzIwLmRhc2hfaDI2NC1iYXNpYy1nZW4yXzcyMHAiLCJ4cHZfYXNzZXRfaWQiOjg4MjQyMjk0ODIyNDE4MiwiYXNzZXRfYWdlX2RheXMiOjgsInZpX3VzZWNhc2VfaWQiOjEwNzk5LCJkdXJhdGlvbl9zIjoyMCwidXJsZ2VuX3NvdXJjZSI6Ind3dyJ9&ccb=17-1&vs=a203c234bd6f9cb2&_nc_vs=HBksFQIYRWZiX2VwaGVtZXJhbC9FODQzMDlCOUY4Njc3NjYwQjZFMTM1MEJGNDEzODc5Q19tdF8xX3ZpZGVvX2Rhc2hpbml0Lm1wNBUAAsgBEgAVAhhAZmJfcGVybWFuZW50Lzg0NDkwRTA0NDk1NUEzMTVFMzQ4RTFFOTQ0MDY4Rjg3X2F1ZGlvX2Rhc2hpbml0Lm1wNBUCAsgBEgAoABgAGwKIB3VzZV9vaWwBMRJwcm9ncmVzc2l2ZV9yZWNpcGUBMRUAACbs8val46ORAxUCKAJDMywXQDQAAAAAAAAYGWRhc2hfaDI2NC1iYXNpYy1nZW4yXzcyMHARAHUAZd6oAQA&_nc_gid=76fl54uQlRP8aJ70_5x7CQ&_nc_ss=7b289&_nc_zt=28&oh=00_Af9flzqszM5bWhSk3hyVJBN578wKEfNQfyH0P5S3UhTNJQ&oe=6A38330D | SD: https://video.fjai6-1.fna.fbcdn.net/o1/v/t2/f2/m412/AQM9xzUNaYTNlvRI25Bp0iKSrNuyWlyZIhX86RA87oT9NWU6tMTzux4Q6yNWkUwbhERqvkqyG55CnJOilE3p3mwCATx864JftRQjnpmJeA.mp4?_nc_cat=105&_nc_oc=Adp9AH09MiN1mSvVmyvm2vv0cqKt0sXxOC6USHp9Nh_cWwJcjgFjCTW_s3A5okwWNZSXfX25kstL6zleuxxCmTjE&_nc_sid=ef5aa3&_nc_ht=video.fjai6-1.fna.fbcdn.net&_nc_ohc=uaS6oP8F0scQ7kNvwHrR-OF&efg=eyJ2ZW5jb2RlX3RhZyI6Inhwdl9wcm9ncmVzc2l2ZS5WSV9VU0VDQVNFX1BST0RVQ1RfVFlQRS4uQzMuMzYwLnN2ZV9zZCIsInhwdl9hc3NldF9pZCI6ODgyNDIyOTQ4MjI0MTgyLCJhc3NldF9hZ2VfZGF5cyI6OCwidmlfdXNlY2FzZV9pZCI6MTA3OTksImR1cmF0aW9uX3MiOjIwLCJ1cmxnZW5fc291cmNlIjoid3d3In0%3D&ccb=17-1&_nc_gid=76fl54uQlRP8aJ70_5x7CQ&_nc_ss=7b289&_nc_zt=28&oh=00_Af-NkEyrJ8mAl7lETFC05UtVY_4W9cENoyK5nd4NpC0edQ&oe=6A3854BD | Preview: https://scontent.fjai6-1.fna.fbcdn.net/v/t39.35426-6/719874214_2116136398962279_3627269738550174855_n.jpg?_nc_cat=106&ccb=1-7&_nc_sid=c53f8f&_nc_ohc=VN4O4R-xM1gQ7kNvwGfm8iT&_nc_oc=AdrrOwtF9QD4dbeHeq9yWDmilz1Oqf_5uxxm4ZmRpPfiQXhnEDnanyNub3oXzXlKw0Gd82uDVk2-rmZnuKfBFFxl&_nc_zt=14&_nc_ht=scontent.fjai6-1.fna&_nc_gid=76fl54uQlRP8aJ70_5x7CQ&_nc_ss=7b289&oh=00_Af9JvwEUO3yvPc10bc6maNLA_L2jEK3SoQS9JfZFE_UphQ&oe=6A385108
855400407603635,https://www.facebook.com/proultimategyms/,fb.me,https://www.facebook.com/proultimategyms/,,,,info@proultimategyms.in,,,,,193089154123321,http://fb.me/,Pro Ultimate Gyms,https://www.facebook.com/ads/library/?id=855400407603635,"🔥 TURN YOUR INVESTMENT INTO A FITNESS EMPIRE 🔥

India’s fitness industry is booming — and Pro Ultimate Gyms is leading the charge.

🚀 150+ Gyms Across India
📍 Presence in 35+ Cities
💪 1 Lakh+ Active Members
📈 Up to 60% ROI Yearly*
🎯 1–1.5 Year ROI Potential

We don’t just give you a franchise —
We give you a complete 360° business ecosystem:

✔ Pre-Launch & Location Support
✔ Hiring, Training & HR Systems
✔ In-House Equipment Manufacturing
✔ AI-Powered Gym Software
✔ Marketing & Brand Building
✔ Layout, Interiors & Launch Strategy

This is your opportunity to partner with one of India’s fastest-growing gym chains.

🏆 Own. Operate. Scale.
📲 Please Call / WhatsApp: +91 90561 74269
📩 Enquire Now | Limited Territories Available

#ProUltimateGyms #GymFranchise #BusinessOpportunity #FranchiseIndia #FitnessBusiness #InvestSmart",11608,Learn more,fb.me,"FACEBOOK; INSTAGRAM; AUDIENCE_NETWORK",2026-05-18,2026-06-17,HD: https://video.fjai6-1.fna.fbcdn.net/o1/v/t2/f2/m366/AQMJ1RUpsWVyOIcrzdz1QNcjtQnFW0enqEvdZVCLbmnh5_VCIchG-W4YKHEtm5rS_ZJbhLkHIdJhzLTtCn_SL8uU41XR4yCTB1FV8jpD3DnJwg.mp4?_nc_cat=105&_nc_oc=AdrxkbQ7kZ7rDcA_hM5b0RQvvuKO7AZJIbBgHdrmWt_QuLVgXHZJlZu4LVeFK-hXUdnJzYOqmQOLGJ85Vj4p9bRo&_nc_sid=b66105&_nc_ht=video.fjai6-1.fna.fbcdn.net&_nc_ohc=X2rfaW83QYYQ7kNvwEkhh7k&efg=eyJ2ZW5jb2RlX3RhZyI6Inhwdl9wcm9ncmVzc2l2ZS5WSV9VU0VDQVNFX1BST0RVQ1RfVFlQRS4uQzMuNzIwLmRhc2hfaDI2NC1iYXNpYy1nZW4yXzcyMHAiLCJ4cHZfYXNzZXRfaWQiOjkyMDAyMjMwNDM1NTc1MSwiYXNzZXRfYWdlX2RheXMiOjYyLCJ2aV91c2VjYXNlX2lkIjoxMDc5OSwiZHVyYXRpb25fcyI6NTUsInVybGdlbl9zb3VyY2UiOiJ3d3cifQ%3D%3D&ccb=17-1&vs=3c3d604762ad0bfc&_nc_vs=HBksFQIYRWZiX2VwaGVtZXJhbC9CMzRCOTJCM0VDMkZBQTk5RDFENDJDMENCQkFEOUI5RV9tdF8xX3ZpZGVvX2Rhc2hpbml0Lm1wNBUAAsgBEgAVAhhAZmJfcGVybWFuZW50L0NGNDVGQTdFRjg1QjhCNDVGNDY0RTY0OTJGRjA1QTg3X2F1ZGlvX2Rhc2hpbml0Lm1wNBUCAsgBEgAoABgAGwKIB3VzZV9vaWwBMRJwcm9ncmVzc2l2ZV9yZWNpcGUBMRUAACbO1peqrLCiAxUCKAJDMywXQEvT1wo9cKQYGWRhc2hfaDI2NC1iYXNpYy1nZW4yXzcyMHARAHUAZd6oAQA&_nc_gid=76fl54uQlRP8aJ70_5x7CQ&_nc_ss=7b289&_nc_zt=28&oh=00_Af8pAhI2QF8zefWlJtTusSzFvDFOprRC_e1kr_oZaTCQ6g&oe=6A384F8F | SD: https://video.fjai6-1.fna.fbcdn.net/o1/v/t2/f2/m412/AQMVvZZ3hm6hxMrbDSxjQjhB2OsYOBaeiWY58dhHL4xx-2GfzFmQ1o5mjPjIWqvadU6ybt8b88tIy5wiAmXNUYt05V1PjQ-n-tHP3LTmzw.mp4?_nc_cat=100&_nc_oc=AdrxKl7dbqO1MtvXMNmMBXATF8cdFH1jWV6aiGrrIdVS0EuA4QEFiqXIeN2ckF9L52OzxvpglNdrlt0Lm0XzeqYl&_nc_sid=ef5aa3&_nc_ht=video.fjai6-1.fna.fbcdn.net&_nc_ohc=WCo0UD10TeUQ7kNvwFufZun&efg=eyJ2ZW5jb2RlX3RhZyI6Inhwdl9wcm9ncmVzc2l2ZS5WSV9VU0VDQVNFX1BST0RVQ1RfVFlQRS4uQzMuMzYwLnN2ZV9zZCIsInhwdl9hc3NldF9pZCI6OTIwMDIyMzA0MzU1NzUxLCJhc3NldF9hZ2VfZGF5cyI6NjIsInZpX3VzZWNhc2VfaWQiOjEwNzk5LCJkdXJhdGlvbl9zIjo1NSwidXJsZ2VuX3NvdXJjZSI6Ind3dyJ9&ccb=17-1&_nc_gid=76fl54uQlRP8aJ70_5x7CQ&_nc_ss=7b289&_nc_zt=28&oh=00_Af9aswIoIfF1rFnxK4-pIb-KbBZiHTXTYTUFgGkbHJi0EQ&oe=6A383E16 | Preview: https://scontent.fjai6-1.fna.fbcdn.net/v/t39.35426-6/698504319_992311039862448_6915595935300608525_n.jpg?_nc_cat=105&ccb=1-7&_nc_sid=c53f8f&_nc_ohc=DwBRyHcXT44Q7kNvwH5ujnI&_nc_oc=AdpBtzafZNiyHSFZQyQjLOQsuMMsRDF16Yu88ecLmduhZJDJcBxe5QLg_MQCkmnIKPlpVmP207n4NjzVrYn2ANLB&_nc_zt=14&_nc_ht=scontent.fjai6-1.fna&_nc_gid=76fl54uQlRP8aJ70_5x7CQ&_nc_ss=7b289&oh=00_Af_bCbir3Z-uvUabI0W3lvjGOzOR9z7XKExgmIa-dKpT5w&oe=6A383F88,,,,,,,
884109470628301,https://www.facebook.com/KukatpallyProperties/,fb.me,https://www.facebook.com/KukatpallyProperties/,,,,,,,,,937119099492548,http://fb.me/,Kukatpally Properties,https://www.facebook.com/ads/library/?id=884109470628301,"Premium 3 BHK luxury homes with 1 Grand Clubhouse – 1,36,000 Sft and world-class amenities.
20 Acres | 13 Towers | 25 Floors | 80% Open Space

Secure your home now with Pre-Launch pricing",64,Get offer,fb.me,"FACEBOOK; INSTAGRAM; AUDIENCE_NETWORK",2026-06-08,2026-06-17,,Original: https://scontent.fjai6-1.fna.fbcdn.net/v/t39.35426-6/720056833_1368102575183499_2852303323294374319_n.jpg?_nc_cat=110&ccb=1-7&_nc_sid=c53f8f&_nc_ohc=ANe326a8jGUQ7kNvwGJ5-_3&_nc_oc=AdphoAMD4Ta8NEIiLPlArjaG_BlKBB1lzI_FqWLg0ZcocO3MRL2e_jC-ll-Cbcg_Beu-bAgCSmNJhvgqKWitSMWW&_nc_zt=14&_nc_ht=scontent.fjai6-1.fna&_nc_gid=-40Q_YBAzFgCtD-_fQt3KA&_nc_ss=7b289&oh=00_Af_8SoYKyevKkMAXTMUildpM_pvXIF5p6DvjmHfS60bsRA&oe=6A3866BF | Resized: https://scontent.fjai6-1.fna.fbcdn.net/v/t39.35426-6/719690862_1356506263238823_8562689868856696677_n.jpg?stp=dst-jpg_s600x600_tt6&_nc_cat=107&ccb=1-7&_nc_sid=c53f8f&_nc_ohc=KrGzcJy7KxQQ7kNvwEyNr1N&_nc_oc=AdoBuTLoKGRpJ7AD2OXVC3VY4xUTNgNBXwf89qggVVK4yXWyHN7YIraFicCG0H2fcHRgxLR1ph9sNz7Ix67ZJ8Nw&_nc_zt=14&_nc_ht=scontent.fjai6-1.fna&_nc_gid=-40Q_YBAzFgCtD-_fQt3KA&_nc_ss=7b289&oh=00_Af_8CQPtd6C8mUptgdoqWXTpPMPnZib3Zrf5hN9_xrHL6g&oe=6A385D49,,,,,,
2049236782685613,https://www.facebook.com/61584813711866/,fb.me,https://www.facebook.com/61584813711866/,,,,,,,,,948952741623950,http://fb.me/,GaursSons Yamuna Expressway,https://www.facebook.com/ads/library/?id=2049236782685613,"Welcome to a landmark lifestyle at Gaur Chrysalis 2.0 — where luxury meets future-ready investment.
Located at Sector 22D, Yamuna Expressway, this premium residential destination offers elegant 3 & 4 BHK homes crafted for modern families. With Jewar International Airport just minutes away, enjoy unmatched connectivity, rising appreciation potential & a lifestyle filled with comfort.

💰 Pre-Launch Price Starting ₹8,499/sq.ft*
📍 Near Jewar Airport | Yamuna Expressway",19,Sign up,fb.me,"FACEBOOK; INSTAGRAM; AUDIENCE_NETWORK",2026-05-22,2026-06-16,,Original: https://scontent.fjai6-1.fna.fbcdn.net/v/t39.35426-6/701157519_1321929833336535_4592085569024412412_n.jpg?_nc_cat=108&ccb=1-7&_nc_sid=c53f8f&_nc_ohc=CzWe9D47AjQQ7kNvwFERcpI&_nc_oc=Adrx-Wpxu8iUsjnx-BIjk9ymV4y0pAyrswntOn9fkWaslhEmyYuXIjcb_WKsUpHWmhSagRZr4LRzgESYjHa3YJbh&_nc_zt=14&_nc_ht=scontent.fjai6-1.fna&_nc_gid=-40Q_YBAzFgCtD-_fQt3KA&_nc_ss=7b289&oh=00_Af_-cD44vDpyHWwGMPKOYnLeYGQ_THfzqKYvYGmVg2oipA&oe=6A383F86 | Resized: https://scontent.fjai6-1.fna.fbcdn.net/v/t39.35426-6/701292902_1689800392333846_3437642381266266818_n.jpg?stp=dst-jpg_s600x600_tt6&_nc_cat=104&ccb=1-7&_nc_sid=c53f8f&_nc_ohc=caAArXxdrkoQ7kNvwFIaYsJ&_nc_oc=AdplQpTsISUl0IP5SXUd3m8C1g_QyE1LbHGrLDQy5fSgsZNk0fY4jnHlKHqZ1xguXFkA9bCogLPvqfe23lBnWLdJ&_nc_zt=14&_nc_ht=scontent.fjai6-1.fna&_nc_gid=-40Q_YBAzFgCtD-_fQt3KA&_nc_ss=7b289&oh=00_Af9KWH6vTbiJ5rAKqtaDyhaKMQJVAFTlduYO1Dfc0VO3pQ&oe=6A385764,,,,,,
1784333869198463,https://www.facebook.com/regencygroup.official/,fb.me,https://www.facebook.com/regencygroup.official/,,,,info@regencygroup.co.in,+91 251 280 8080,,,,1677666892461687,http://fb.me/,Regency Group,https://www.facebook.com/ads/library/?id=1784333869198463,"AC Sundeck Homes at unbeatable pre-launch prices!

✔ 1 BHK from ₹44.99 Lacs
✔ 2 BHK from ₹64.99 Lacs
✔ 3 BHK from ₹88.99 Lacs

📍 Near Century Rayon Club, Kalyan-Murbad Road
Book now before prices increase!",20010,Get quote,fb.me,"FACEBOOK; INSTAGRAM",2026-05-02,2026-06-16,,Original: https://scontent.fjai6-1.fna.fbcdn.net/v/t39.35426-6/686025908_938094592465726_4856266244192281257_n.jpg?_nc_cat=106&ccb=1-7&_nc_sid=c53f8f&_nc_ohc=uIKUXp4qIyEQ7kNvwGMe4BX&_nc_oc=AdoGoywyqkDAQtNKtd0khAIxNPJvSJdb85lViPrOCg3DnC-oQZoM7QGrW2aPam8Z0GCOVTrTegQK-dCT-ImXqZfe&_nc_zt=14&_nc_ht=scontent.fjai6-1.fna&_nc_gid=-40Q_YBAzFgCtD-_fQt3KA&_nc_ss=7b289&oh=00_Af82zdkUIhyMZ_6keqR67GPVdu9JK3-F7SRKjKAInf-eeg&oe=6A3866AD | Resized: https://scontent.fjai6-1.fna.fbcdn.net/v/t39.35426-6/689929622_1387879013365408_8313355709264019029_n.jpg?stp=dst-jpg_s600x600_tt6&_nc_cat=101&ccb=1-7&_nc_sid=c53f8f&_nc_ohc=rJVTL0pKRtEQ7kNvwEDkImp&_nc_oc=Adop6mEsClPzZzX_yKUKIeYOSmNWMjKwZNR803WZe33SLSUMZyEE7T5oHu1Bp1fSR8AEnafJ9JsPGCSb-01u8wlC&_nc_zt=14&_nc_ht=scontent.fjai6-1.fna&_nc_gid=-40Q_YBAzFgCtD-_fQt3KA&_nc_ss=7b289&oh=00_Af8FBBLFrs3JYx6YgBytjF-UrRtRM-6SOzh2osXHxN5azQ&oe=6A386438,,,,,,
1311021017636747,https://www.facebook.com/Prelaunchpropertybangalore/,fb.me,https://www.facebook.com/Prelaunchpropertybangalore/,,,,,+91 8071 174 234,,,,628112107051706,http://fb.me/,Pre Launch Property Bangalore,https://www.facebook.com/ads/library/?id=1311021017636747,"Old Madras Road is set for a new landmark.
A 300-acre Sobha township with premium residences, expansive spaces, and city-level planning.",181,Learn more,fb.me,"FACEBOOK; INSTAGRAM; AUDIENCE_NETWORK",2026-05-07,2026-06-16,HD: https://video.fjai6-1.fna.fbcdn.net/o1/v/t2/f2/m366/AQO1FTPDceOTUBWymYIvwGwJ2t0V8gbGtAZ6OMfJlr9u2l-B55fq7nOUf-dylxsK0g3AFS1DkFRDotASQCk0aTvEEZsrWrCdLwMlYXLJ-fnrtw.mp4?_nc_cat=109&_nc_oc=Adq53p8fi6tdhTmnbtYzMsw6Ug9E6rPScIZf4Z8nUfGfDCocGhpU-3tcJoRPyK9JJcf6yi-KJd6Sy2A1CM79aYGE&_nc_sid=b66105&_nc_ht=video.fjai6-1.fna.fbcdn.net&_nc_ohc=jIVXea9CPb0Q7kNvwF12-WU&efg=eyJ2ZW5jb2RlX3RhZyI6Inhwdl9wcm9ncmVzc2l2ZS5WSV9VU0VDQVNFX1BST0RVQ1RfVFlQRS4uQzMuNzIwLmRhc2hfaDI2NC1iYXNpYy1nZW4yXzcyMHAiLCJ4cHZfYXNzZXRfaWQiOjk1ODc4Mzc5MzIzNTA2NywiYXNzZXRfYWdlX2RheXMiOjExOCwidmlfdXNlY2FzZV9pZCI6MTA3OTksImR1cmF0aW9uX3MiOjEwMywidXJsZ2VuX3NvdXJjZSI6Ind3dyJ9&ccb=17-1&vs=4afd9d087b31bd23&_nc_vs=HBksFQIYRWZiX2VwaGVtZXJhbC9FOTQ4QzcyMUU5RjhCMjIyODQ1N0ZBNzVFRDhDQzJBRF9tdF8xX3ZpZGVvX2Rhc2hpbml0Lm1wNBUAAsgBEgAVAhhAZmJfcGVybWFuZW50L0I0NEEzMThBM0ZDRjI0QTg4NDc4MEY3M0FBQ0MzNkE0X2F1ZGlvX2Rhc2hpbml0Lm1wNBUCAsgBEgAoABgAGwKIB3VzZV9vaWwBMRJwcm9ncmVzc2l2ZV9yZWNpcGUBMRUAACb2kcz2x4C0AxUCKAJDMywXQFnOl41P3zsYGWRhc2hfaDI2NC1iYXNpYy1nZW4yXzcyMHARAHUAZd6oAQA&_nc_gid=eSel2PW4VZ1hs08rTlapTg&_nc_ss=7b289&_nc_zt=28&oh=00_Af9546XRDefLpktRFgDedc725ETZKJKcy4xOkDCi0A1t2g&oe=6A385A93 | SD: https://video.fjai6-1.fna.fbcdn.net/o1/v/t2/f2/m412/AQMAmvVrVQ0RXL9gINaIGlqGtTXb53vIJGV9qJNTaRVf0dUoYMWSmNKyHU49Vq0iu53RzDdDAsD-A625ST5K7n8Th_Hfy_MygdSl6Pk6_Q.mp4?_nc_cat=104&_nc_oc=AdrmhhzXn8F9_EDzvZdiJOwogq0Nj1L6XsrP81eQN_8I2b0f0p90L5xy3Jas4qfvzTikpANurRExIyB1CNhVN9S1&_nc_sid=ef5aa3&_nc_ht=video.fjai6-1.fna.fbcdn.net&_nc_ohc=FfaElYatfFAQ7kNvwGS8Iu_&efg=eyJ2ZW5jb2RlX3RhZyI6Inhwdl9wcm9ncmVzc2l2ZS5WSV9VU0VDQVNFX1BST0RVQ1RfVFlQRS4uQzMuMzYwLnN2ZV9zZCIsInhwdl9hc3NldF9pZCI6OTU4NzgzNzkzMjM1MDY3LCJhc3NldF9hZ2VfZGF5cyI6MTE4LCJ2aV91c2VjYXNlX2lkIjoxMDc5OSwiZHVyYXRpb25fcyI6MTAzLCJ1cmxnZW5fc291cmNlIjoid3d3In0%3D&ccb=17-1&_nc_gid=eSel2PW4VZ1hs08rTlapTg&_nc_ss=7b289&_nc_zt=28&oh=00_Af8kDBnbc-zs_ZAakANYEUBjK8rInrNVX1fAujov-KgZLw&oe=6A3864B6 | Preview: https://scontent.fjai6-1.fna.fbcdn.net/v/t39.35426-6/634668021_3215293312175785_2073295570456999726_n.jpg?_nc_cat=106&ccb=1-7&_nc_sid=c53f8f&_nc_ohc=XdbaLZ5B_eUQ7kNvwFwb947&_nc_oc=AdozzvvleDDrLRQJNJOxwfMScTp8EFTwFt1KfzziYgtLTRAisKnKR_8bGgtCLyIzx9xcTWw_bj28i6UzWd5rwwSq&_nc_zt=14&_nc_ht=scontent.fjai6-1.fna&_nc_gid=eSel2PW4VZ1hs08rTlapTg&_nc_ss=7b289&oh=00_Af_DMHqeLsv15BTLYVfo1Eeu63wsy1nYDX9wSI6mWvLQfQ&oe=6A3843CD,,,,,,,
1041773398323410,https://www.facebook.com/61588630972710/,play.google.com,https://www.facebook.com/61588630972710/,,,,,,,,,1006854425843249,http://play.google.com/store/apps/details?id=story.tv.drama.reels,Story TV Originals,https://www.facebook.com/ads/library/?id=1041773398323410,"After being fired 98 times for speaking the truth, reckless but honest Shaurya receives a divine blessing from Krishna: if he gets fired one more time, he will become the richest man in the world. Determined to trigger his 99th dismissal, he joins Kapoor Consumer Brands, where undercover CEO Shanaya Kapoor is trying to save her struggling company from sabotage. Every stunt Shaurya pulls to get fired accidentally saves the company, exposes corrupt insiders, wins employee loyalty, and brings him closer to Shanaya. When he finally gets fired and gains immense wealth, he realizes money means nothing without purpose and love. He returns to save Shanaya’s bankrupt company, defeat Vikram Rai, and stand by her as both partner and protector.",27899,Use app,play.google.com,"FACEBOOK; INSTAGRAM; AUDIENCE_NETWORK; MESSENGER",2026-05-30,2026-06-15,HD: https://video.fjai6-1.fna.fbcdn.net/o1/v/t2/f2/m366/AQO-QSMOmVo2uqlyeOELgC4-eGoL-z1diQjvfA4BV6W5eBmSl3qKFJOaCSwvqfKl8sfR1FY3XhLqBmDvPFZDySQhL6tGj_QUUC-afR4fK_AnBQ.mp4?_nc_cat=108&_nc_oc=AdpE57oSMobKtqdvL8sVgki--vkPM_8G5PotsFDkq17e-AaebjCi8xNjOjnzQCkgVDevEFgjxw39x9V_QoPMNI4A&_nc_sid=b66105&_nc_ht=video.fjai6-1.fna.fbcdn.net&_nc_ohc=oHtQOilHBNwQ7kNvwGPRitF&efg=eyJ2ZW5jb2RlX3RhZyI6Inhwdl9wcm9ncmVzc2l2ZS5WSV9VU0VDQVNFX1BST0RVQ1RfVFlQRS4uQzMuNzIwLmRhc2hfaDI2NC1iYXNpYy1nZW4yXzcyMHAiLCJ4cHZfYXNzZXRfaWQiOjEwOTQ4MjI0NjcwNTIzMDAsImFzc2V0X2FnZV9kYXlzIjoxOCwidmlfdXNlY2FzZV9pZCI6MTAxMzksImR1cmF0aW9uX3MiOjI4NywidXJsZ2VuX3NvdXJjZSI6Ind3dyJ9&ccb=17-1&vs=8470b0e80bc5a4e3&_nc_vs=HBksFQIYRWZiX2VwaGVtZXJhbC8xRTQ1QjNBQkZEREQ3QTJEMjYyNkRBMTUwQjQ2OTM4Nl9tdF8xX3ZpZGVvX2Rhc2hpbml0Lm1wNBUAAsgBEgAVAhhAZmJfcGVybWFuZW50L0U1NDE2MjhDQzRCNzQyNkY1NkUyRjc0NUZCMTg1MUExX2F1ZGlvX2Rhc2hpbml0Lm1wNBUCAsgBEgAoABgAGwKIB3VzZV9vaWwBMRJwcm9ncmVzc2l2ZV9yZWNpcGUBMRUAACaYjO2Dh-_xAxUCKAJDMywXQHH1U_fO2RcYGWRhc2hfaDI2NC1iYXNpYy1nZW4yXzcyMHARAHUAZbaeAQA&_nc_gid=eSel2PW4VZ1hs08rTlapTg&_nc_ss=7b289&_nc_zt=28&oh=00_Af-FVlFY2jjvDO8yxBmMZecZfZt02adi9MTBUvQ7Y0XxOA&oe=6A386498 | SD: https://video.fjai6-1.fna.fbcdn.net/o1/v/t2/f2/m412/AQMxutRvp2ZG0Wsyf6RPbZsDwsgvVRJ29wCLWpq0f0m2WV5Lf48evYPL2D2z089dDmrDmJHTPfG8TL37yVzgk_Cuk32EiMxUSrA7LAi1SA.mp4?_nc_cat=109&_nc_oc=AdoqUk8FVdooHbWVCrq8TBoVgp4BZ27UvNgwJIBWkKFGUijPs0MJy_tOP1MMWsFGRLhvKJzP2b5MVuIcmT6gncn6&_nc_sid=ef5aa3&_nc_ht=video.fjai6-1.fna.fbcdn.net&_nc_ohc=F0183FaFGkQQ7kNvwFYk1bM&efg=eyJ2ZW5jb2RlX3RhZyI6Inhwdl9wcm9ncmVzc2l2ZS5WSV9VU0VDQVNFX1BST0RVQ1RfVFlQRS4uQzMuMzYwLnN2ZV9zZCIsInhwdl9hc3NldF9pZCI6MTA5NDgyMjQ2NzA1MjMwMCwiYXNzZXRfYWdlX2RheXMiOjE4LCJ2aV91c2VjYXNlX2lkIjoxMDEzOSwiZHVyYXRpb25fcyI6Mjg3LCJ1cmxnZW5fc291cmNlIjoid3d3In0%3D&ccb=17-1&_nc_gid=eSel2PW4VZ1hs08rTlapTg&_nc_ss=7b289&_nc_zt=28&oh=00_Af8rLnHauY_FTEGX9Hs3lWanpenssEf4OLD_YTVxohFusQ&oe=6A383E01 | Preview: https://scontent.fjai6-1.fna.fbcdn.net/v/t39.35426-6/710079030_957565603970919_5675859088235604312_n.jpg?_nc_cat=100&ccb=1-7&_nc_sid=c53f8f&_nc_ohc=cI6dL6sgl04Q7kNvwHqvMGI&_nc_oc=AdrO_YzbM8r5pP_YHohh2vair-Nk22BXgt2wXsL_hTt9FVzR1wGISWnvwmRyaII9JVUjdRnAKW-bWEOteVdLDQ0_&_nc_zt=14&_nc_ht=scontent.fjai6-1.fna&_nc_gid=eSel2PW4VZ1hs08rTlapTg&_nc_ss=7b289&oh=00_Af8LsqwuxYJ7x4BX09_u950Qg4FVyCFOGxRZJMqH25O8ww&oe=6A384A58,,,,,,,
802626139571848,https://www.facebook.com/61564186652975/,fb.me,https://www.facebook.com/61564186652975/,,,,,,,,,408145999042351,http://fb.me/,Pre launch Property,https://www.facebook.com/ads/library/?id=802626139571848,"Luxury residences priced from ₹3 Cr* for discerning buyers✨ 

Get Private site visits for qualified buyers

🔐 Limited Units – Secure Your Future Home Today!",1873,Download,fb.me,"FACEBOOK; INSTAGRAM; AUDIENCE_NETWORK",2026-04-09,2026-06-16,,,"Luxury residences priced from ₹3 Cr* for discerning buyers✨ 

Get Private site visits for qualified buyers

🔐 Limited Units – Secure Your Future Home Today! || Luxury residences priced from ₹3 Cr* for discerning buyers✨ 

Get Private site visits for qualified buyers

🔐 Limited Units – Secure Your Future Home Today! || Luxury residences priced from ₹3 Cr* for discerning buyers✨ 

Get Private site visits for qualified buyers

🔐 Limited Units – Secure Your Future Home Today!",http://fb.me/ || http://fb.me/ || http://fb.me/,,Download || Download || Download,,HD: https://video.fjai6-1.fna.fbcdn.net/o1/v/t2/f2/m366/AQNRMPDc8MQNyUGn-BQJUPB5VEoIctu8YLQj3HTLb_M20oLQbD6UgWOR1sW6Ym5xiUpWUm4NmNLgKUsBZxJ724UnpIM9hBdynkXYqX77qMUrnA.mp4?_nc_cat=111&_nc_oc=Adp0jH8Au-TH_aGJitRB0HayOXeA0NOzizHvgEkmWfIkoc9FF78BUaXyUU4FTsLtNEWVm2vCrtAnMAHrMX2LH1tD&_nc_sid=b66105&_nc_ht=video.fjai6-1.fna.fbcdn.net&_nc_ohc=CGtIMvCEmXEQ7kNvwGrhQBy&efg=eyJ2ZW5jb2RlX3RhZyI6Inhwdl9wcm9ncmVzc2l2ZS5WSV9VU0VDQVNFX1BST0RVQ1RfVFlQRS4uQzMuNzIwLmRhc2hfaDI2NC1iYXNpYy1nZW4yXzcyMHAiLCJ4cHZfYXNzZXRfaWQiOjEzMzMyNzUwMjE5MzA5MjUsImFzc2V0X2FnZV9kYXlzIjoyMDksInZpX3VzZWNhc2VfaWQiOjEwNzk5LCJkdXJhdGlvbl9zIjozMSwidXJsZ2VuX3NvdXJjZSI6Ind3dyJ9&ccb=17-1&vs=7d6dd8e953830f8&_nc_vs=HBksFQIYRWZiX2VwaGVtZXJhbC8zNDRFNTBGMUI1QkMyNzA1NjA0QUIyQkFBNTUxMTZBNl9tdF8xX3ZpZGVvX2Rhc2hpbml0Lm1wNBUAAsgBEgAVAhhAZmJfcGVybWFuZW50LzBENDRFMzRGQzlGMEYzQTgzOUVDQTY1MjJDOTQxRUFFX2F1ZGlvX2Rhc2hpbml0Lm1wNBUCAsgBEgAoABgAGwKIB3VzZV9vaWwBMRJwcm9ncmVzc2l2ZV9yZWNpcGUBMRUAACbaxo-B6abeBBUCKAJDMywXQD-7ItDlYEIYGWRhc2hfaDI2NC1iYXNpYy1nZW4yXzcyMHARAHUAZd6oAQA&_nc_gid=eSel2PW4VZ1hs08rTlapTg&_nc_ss=7b289&_nc_zt=28&oh=00_Af-7zhLrwljAeT9-VMon9zpHHcCdHbM-awz_qvxavTWIMg&oe=6A383C59 | SD: https://video.fjai6-1.fna.fbcdn.net/o1/v/t2/f2/m412/AQMwQsLLgqbECWpCL_2GLat8cVlNdEOKRlaIEI_gilgyMj4uiQj_HCgWlZy-51YXCoCPeVWEX-ezICvEALuSvSy3xmdHP5RTviWRaRN-zQ.mp4?_nc_cat=102&_nc_oc=AdohOP2-JxEgcZ8Bbf1azH4kqdFPVOSw_4af5h9UQgknap9w9AsRLo9lX3_uMhu8xqgEfPVlI3KyfSJYUwUx_V_f&_nc_sid=ef5aa3&_nc_ht=video.fjai6-1.fna.fbcdn.net&_nc_ohc=lk4nj3eafkUQ7kNvwGjOpqO&efg=eyJ2ZW5jb2RlX3RhZyI6Inhwdl9wcm9ncmVzc2l2ZS5WSV9VU0VDQVNFX1BST0RVQ1RfVFlQRS4uQzMuMzYwLnN2ZV9zZCIsInhwdl9hc3NldF9pZCI6MTMzMzI3NTAyMTkzMDkyNSwiYXNzZXRfYWdlX2RheXMiOjIwOSwidmlfdXNlY2FzZV9pZCI6MTA3OTksImR1cmF0aW9uX3MiOjMxLCJ1cmxnZW5fc291cmNlIjoid3d3In0%3D&ccb=17-1&_nc_gid=eSel2PW4VZ1hs08rTlapTg&_nc_ss=7b289&_nc_zt=28&oh=00_Af_qfCgzKihCvoNAdTapdDfrPh_vrgCstDmDPECl11cO1w&oe=6A384DA0 | Preview: https://scontent.fjai6-1.fna.fbcdn.net/v/t39.35426-6/658474510_1484953043220409_4492973820801652867_n.jpg?_nc_cat=107&ccb=1-7&_nc_sid=c53f8f&_nc_ohc=4TuCuuXRFloQ7kNvwES6Nau&_nc_oc=AdrgectfGJJO-mrEMlxxWB_BPGh2IT47ED0oB7jqYUsFsb8-JnWVlvZFYyyScT5uKaPq4dgIJXju10sciK8OzF6z&_nc_zt=14&_nc_ht=scontent.fjai6-1.fna&_nc_gid=eSel2PW4VZ1hs08rTlapTg&_nc_ss=7b289&oh=00_Af-Yj0tmXme8C7WCQVEyOok-ALoZGlLiCuN0u0XPW4HTqA&oe=6A38309A || HD: https://video.fjai6-1.fna.fbcdn.net/o1/v/t2/f2/m366/AQNRMPDc8MQNyUGn-BQJUPB5VEoIctu8YLQj3HTLb_M20oLQbD6UgWOR1sW6Ym5xiUpWUm4NmNLgKUsBZxJ724UnpIM9hBdynkXYqX77qMUrnA.mp4?_nc_cat=111&_nc_oc=Adp0jH8Au-TH_aGJitRB0HayOXeA0NOzizHvgEkmWfIkoc9FF78BUaXyUU4FTsLtNEWVm2vCrtAnMAHrMX2LH1tD&_nc_sid=b66105&_nc_ht=video.fjai6-1.fna.fbcdn.net&_nc_ohc=CGtIMvCEmXEQ7kNvwGrhQBy&efg=eyJ2ZW5jb2RlX3RhZyI6Inhwdl9wcm9ncmVzc2l2ZS5WSV9VU0VDQVNFX1BST0RVQ1RfVFlQRS4uQzMuNzIwLmRhc2hfaDI2NC1iYXNpYy1nZW4yXzcyMHAiLCJ4cHZfYXNzZXRfaWQiOjEzMzMyNzUwMjE5MzA5MjUsImFzc2V0X2FnZV9kYXlzIjoyMDksInZpX3VzZWNhc2VfaWQiOjEwNzk5LCJkdXJhdGlvbl9zIjozMSwidXJsZ2VuX3NvdXJjZSI6Ind3dyJ9&ccb=17-1&vs=7d6dd8e953830f8&_nc_vs=HBksFQIYRWZiX2VwaGVtZXJhbC8zNDRFNTBGMUI1QkMyNzA1NjA0QUIyQkFBNTUxMTZBNl9tdF8xX3ZpZGVvX2Rhc2hpbml0Lm1wNBUAAsgBEgAVAhhAZmJfcGVybWFuZW50LzBENDRFMzRGQzlGMEYzQTgzOUVDQTY1MjJDOTQxRUFFX2F1ZGlvX2Rhc2hpbml0Lm1wNBUCAsgBEgAoABgAGwKIB3VzZV9vaWwBMRJwcm9ncmVzc2l2ZV9yZWNpcGUBMRUAACbaxo-B6abeBBUCKAJDMywXQD-7ItDlYEIYGWRhc2hfaDI2NC1iYXNpYy1nZW4yXzcyMHARAHUAZd6oAQA&_nc_gid=eSel2PW4VZ1hs08rTlapTg&_nc_ss=7b289&_nc_zt=28&oh=00_Af-7zhLrwljAeT9-VMon9zpHHcCdHbM-awz_qvxavTWIMg&oe=6A383C59 | SD: https://video.fjai6-1.fna.fbcdn.net/o1/v/t2/f2/m412/AQMwQsLLgqbECWpCL_2GLat8cVlNdEOKRlaIEI_gilgyMj4uiQj_HCgWlZy-51YXCoCPeVWEX-ezICvEALuSvSy3xmdHP5RTviWRaRN-zQ.mp4?_nc_cat=102&_nc_oc=AdohOP2-JxEgcZ8Bbf1azH4kqdFPVOSw_4af5h9UQgknap9w9AsRLo9lX3_uMhu8xqgEfPVlI3KyfSJYUwUx_V_f&_nc_sid=ef5aa3&_nc_ht=video.fjai6-1.fna.fbcdn.net&_nc_ohc=lk4nj3eafkUQ7kNvwGjOpqO&efg=eyJ2ZW5jb2RlX3RhZyI6Inhwdl9wcm9ncmVzc2l2ZS5WSV9VU0VDQVNFX1BST0RVQ1RfVFlQRS4uQzMuMzYwLnN2ZV9zZCIsInhwdl9hc3NldF9pZCI6MTMzMzI3NTAyMTkzMDkyNSwiYXNzZXRfYWdlX2RheXMiOjIwOSwidmlfdXNlY2FzZV9pZCI6MTA3OTksImR1cmF0aW9uX3MiOjMxLCJ1cmxnZW5fc291cmNlIjoid3d3In0%3D&ccb=17-1&_nc_gid=eSel2PW4VZ1hs08rTlapTg&_nc_ss=7b289&_nc_zt=28&oh=00_Af_qfCgzKihCvoNAdTapdDfrPh_vrgCstDmDPECl11cO1w&oe=6A384DA0 | Preview: https://scontent.fjai6-1.fna.fbcdn.net/v/t39.35426-6/658474510_1484953043220409_4492973820801652867_n.jpg?_nc_cat=107&ccb=1-7&_nc_sid=c53f8f&_nc_ohc=4TuCuuXRFloQ7kNvwES6Nau&_nc_oc=AdrgectfGJJO-mrEMlxxWB_BPGh2IT47ED0oB7jqYUsFsb8-JnWVlvZFYyyScT5uKaPq4dgIJXju10sciK8OzF6z&_nc_zt=14&_nc_ht=scontent.fjai6-1.fna&_nc_gid=eSel2PW4VZ1hs08rTlapTg&_nc_ss=7b289&oh=00_Af-Yj0tmXme8C7WCQVEyOok-ALoZGlLiCuN0u0XPW4HTqA&oe=6A38309A || HD: https://video.fjai6-1.fna.fbcdn.net/o1/v/t2/f2/m366/AQP_BnZXPpslSQ0s5mGWywFNIdYncIJW1py0MBwtosN0UAuUG3LfYV4ryix8F-tIWLXASzuGOVnPzjRyAgpLVKi2XwJoojXIU1VaNnY9XwxhTw.mp4?_nc_cat=105&_nc_oc=AdoBnVmPr8xbRudWwwCKaFvvQpdIDtkxE6HfR6ugD_JC9jpglG-p0jYjz4qbT08JbMB7EB4XUp29Wk61Upx1wOIU&_nc_sid=b66105&_nc_ht=video.fjai6-1.fna.fbcdn.net&_nc_ohc=G8LsZFRUq-sQ7kNvwHBZ3ti&efg=eyJ2ZW5jb2RlX3RhZyI6Inhwdl9wcm9ncmVzc2l2ZS5WSV9VU0VDQVNFX1BST0RVQ1RfVFlQRS4uQzMuNzIwLmRhc2hfaDI2NC1iYXNpYy1nZW4yXzcyMHAiLCJ4cHZfYXNzZXRfaWQiOjE1MjIxNzM2MjU2ODg4ODEsImFzc2V0X2FnZV9kYXlzIjoyMDksInZpX3VzZWNhc2VfaWQiOjEwNzk5LCJkdXJhdGlvbl9zIjozMCwidXJsZ2VuX3NvdXJjZSI6Ind3dyJ9&ccb=17-1&vs=64470e73049b6f05&_nc_vs=HBksFQIYRWZiX2VwaGVtZXJhbC83RDRCNTBBNEU5NjA5ODZBRUE2QkU1ODQ3MDM3QjhBQV9tdF8xX3ZpZGVvX2Rhc2hpbml0Lm1wNBUAAsgBEgAVAhhAZmJfcGVybWFuZW50L0U5NDJGMUY2NTI2MzZCNzk5NDcxRTg5ODNEQTU0OEFDX2F1ZGlvX2Rhc2hpbml0Lm1wNBUCAsgBEgAoABgAGwKIB3VzZV9vaWwBMRJwcm9ncmVzc2l2ZV9yZWNpcGUBMRUAACbijPejlZq0BRUCKAJDMywXQD664UeuFHsYGWRhc2hfaDI2NC1iYXNpYy1nZW4yXzcyMHARAHUAZd6oAQA&_nc_gid=eSel2PW4VZ1hs08rTlapTg&_nc_ss=7b289&_nc_zt=28&oh=00_Af-FLS7GIWHE0JUG0WMfBCKDWr54qPOqLhkKBHnkF3pjiA&oe=6A383EEF | SD: https://video.fjai6-1.fna.fbcdn.net/o1/v/t2/f2/m412/AQMrTwld5RnN6pRCRjKjQrrR4b5-pWE3TTRN8B7or1ECG6AWWMUZ_bm0Zv8qI_XwcSEcFBu4LB4XQeAFUlRNl5YJRrQvQiUPiR93tr4L4A.mp4?_nc_cat=106&_nc_oc=AdreMWAmRFjDem23vAcFpF7Lrngnafkvp5mU-lp39eYGRLIJm3WEH2bVo8klvjtdn1JQoBY303kz0I_CCAg09xjn&_nc_sid=ef5aa3&_nc_ht=video.fjai6-1.fna.fbcdn.net&_nc_ohc=cDBtFHn92pMQ7kNvwGUG7Q-&efg=eyJ2ZW5jb2RlX3RhZyI6Inhwdl9wcm9ncmVzc2l2ZS5WSV9VU0VDQVNFX1BST0RVQ1RfVFlQRS4uQzMuMzYwLnN2ZV9zZCIsInhwdl9hc3NldF9pZCI6MTUyMjE3MzYyNTY4ODg4MSwiYXNzZXRfYWdlX2RheXMiOjIwOSwidmlfdXNlY2FzZV9pZCI6MTA3OTksImR1cmF0aW9uX3MiOjMwLCJ1cmxnZW5fc291cmNlIjoid3d3In0%3D&ccb=17-1&_nc_gid=eSel2PW4VZ1hs08rTlapTg&_nc_ss=7b289&_nc_zt=28&oh=00_Af8OjpRgVyr883Daj8xqzlqw8HB05ZNCvzcTUGsXyJeoCA&oe=6A38441C | Preview: https://scontent.fjai6-1.fna.fbcdn.net/v/t39.35426-6/658212454_1234285128734064_5177298951550679590_n.jpg?_nc_cat=110&ccb=1-7&_nc_sid=c53f8f&_nc_ohc=qGgFW3uokXAQ7kNvwHMehY8&_nc_oc=AdrO_MHNZSI4hdOcuIZCCFww404irx1NFm1nKqVz0wtrezaZ_6fH-Uv7UnLu5YaFYbeYjw3T-aIOJmqJDjxnuH2V&_nc_zt=14&_nc_ht=scontent.fjai6-1.fna&_nc_gid=eSel2PW4VZ1hs08rTlapTg&_nc_ss=7b289&oh=00_Af9xoyQXIrR9a7IRzk23Q1eDj-fHwS-bJe7aRFSmJ-6Eew&oe=6A386598
1722070142372890,https://www.facebook.com/adissiadevelopers/,fb.me,https://www.facebook.com/adissiadevelopers/,,,,support@adissia.com,+91 91590 66666,,,,205300702664526,http://fb.me/,Adissia Developers,https://www.facebook.com/ads/library/?id=1722070142372890,"Just 10 mins from Peelamedu!
Live the British life in Neelambur! 
 GD Naidu Flyover proximity, perfect home with connectivity. Ready to know more? Call us now - 9751110468",2593,Book now,fb.me,"FACEBOOK; INSTAGRAM",2026-06-10,2026-06-17,,Original: https://scontent.fjai6-1.fna.fbcdn.net/v/t39.35426-6/721323212_2003975570240621_6228606888319387147_n.jpg?_nc_cat=101&ccb=1-7&_nc_sid=c53f8f&_nc_ohc=WcNVTlVitokQ7kNvwHiUY94&_nc_oc=AdpLn5KksDNY7rO_OTIZdTp9WeGc1tVnnY3PHLK2-n2ynNs45ZqkbQ4s8ESM-CGb5WQE-LgQxd9OCUx9L-RJ-dSf&_nc_zt=14&_nc_ht=scontent.fjai6-1.fna&_nc_gid=eD5u7AYuYNqYZqQDX92Aug&_nc_ss=7b289&oh=00_Af8SJhh98NgU4vLOvEZ9ZlVRztY72aId_GNb-QRzOG_5YQ&oe=6A38313C | Resized: https://scontent.fjai6-1.fna.fbcdn.net/v/t39.35426-6/718160167_962708956583601_2879456991154853934_n.jpg?stp=dst-jpg_s600x600_tt6&_nc_cat=109&ccb=1-7&_nc_sid=c53f8f&_nc_ohc=XereXp2fsUQQ7kNvwG6-bI_&_nc_oc=AdoA3kAyjQp-oiW-IyLtKSiax2JIxZB4Gmf0y-XTppjd0wAmcKWLS7JXsgfJ7nOM9t4esoxO3Ou9z8-7IPsXqfIa&_nc_zt=14&_nc_ht=scontent.fjai6-1.fna&_nc_gid=eD5u7AYuYNqYZqQDX92Aug&_nc_ss=7b289&oh=00_Af-pSmM86I_-W9fSkufMNwyACgG8JFVs1NbD67YsrfZrhg&oe=6A383870,,,,,,
3857075317767894,https://www.facebook.com/61578858642517/,fb.me,https://www.facebook.com/61578858642517/,,,,,,,,,804566842729477,http://fb.me/,Hyderabad New Launch,https://www.facebook.com/ads/library/?id=3857075317767894,"🚨 New Launch Alert — Prestige Golden Grove, Kollur is OPEN for Booking!

Prestige Group's newest masterpiece has arrived at ORR Exit 2, Hyderabad — and the launch window is open RIGHT NOW.

✅ 28.6 Acres | 10 Towers | 52 Floors
✅ 2/3/4 BHK starting ₹99 Lacs onwards
✅ ORR Exit 2 — Just 1 minute away
✅ Financial District — Only 15 minutes
✅ 50+ Luxurious Amenities
✅ RERA Registered: P01100010708

⚡ Exclusive launch discounts available only during the booking window.
⏳ Pre-launch pricing ends soon — prices WILL go up after launch.

Register your interest today. Our property advisor will call you within 2 hours with all details + exclusive pricing sheet.

👇 Click below to secure your spot.",9,Get offer,fb.me,"FACEBOOK; INSTAGRAM",2026-05-21,2026-06-16,,Original: https://scontent.fjai6-1.fna.fbcdn.net/v/t39.35426-6/703811985_1611491244315528_3934069272807586196_n.jpg?_nc_cat=111&ccb=1-7&_nc_sid=c53f8f&_nc_ohc=iwxHckFhFlgQ7kNvwE3TvAA&_nc_oc=AdqMuqCPH0CVV_CB0y-8e3i426uFHWN_TUpn4el6ufPuqOZ1eor5tPGYqUZIeQ5KM_ukH7QUGcjmBmPPelYjfale&_nc_zt=14&_nc_ht=scontent.fjai6-1.fna&_nc_gid=eD5u7AYuYNqYZqQDX92Aug&_nc_ss=7b289&oh=00_Af-cMGlxIcB6NH4zfdHnhqIT_0NN1SAV6YsmEQHMI9n2Yg&oe=6A3850E7 | Resized: https://scontent.fjai6-1.fna.fbcdn.net/v/t39.35426-6/705270183_1282697690683121_1874621150305541223_n.jpg?stp=dst-jpg_s600x600_tt6&_nc_cat=110&ccb=1-7&_nc_sid=c53f8f&_nc_ohc=Buna1mcMXyEQ7kNvwHmiFMj&_nc_oc=AdqW0j5ObdwBlefuRbyOb_tuvf9eeVsvduozvnRAoWstxogQKlYKZ6gzo9hZfrpPTQ9TANaogVUB9_OXfCXs_JNJ&_nc_zt=14&_nc_ht=scontent.fjai6-1.fna&_nc_gid=eD5u7AYuYNqYZqQDX92Aug&_nc_ss=7b289&oh=00_Af_uYlPJkiFozZYElw0UZE9a6vILeCBsnRQSo_UsrCNDHg&oe=6A385375,,,,,,
1007424835124530,https://www.facebook.com/hyderabadrealty12/,fb.me,https://www.facebook.com/hyderabadrealty12/,,,,oceanicshark56@gmail.com,+91 91547 63422,,,,542723612256681,http://fb.me/,Hyderabad Realty,https://www.facebook.com/ads/library/?id=1007424835124530,"A Change is coming to RTC X ROADS!
Change of lifestyles | Change of Views.
🏢 G+50 Floors | 3 Towers
🏡 Limited 3 & 4 BHK Residences
📍 Central Hyderabad
🎁 Don't Miss the Pre-Launch Window",399,Get quote,fb.me,"FACEBOOK; INSTAGRAM; AUDIENCE_NETWORK",2026-06-01,2026-06-16,,,"A Change is coming to RTC X ROADS!
Change of lifestyles | Change of Views.
🏢 G+50 Floors | 3 Towers
🏡 Limited 3 & 4 BHK Residences
📍 Central Hyderabad
🎁 Don't Miss the Pre-Launch Window || A Change is coming to RTC X ROADS!
Change of lifestyles | Change of Views.
🏢 G+50 Floors | 3 Towers
🏡 Limited 3 & 4 BHK Residences
📍 Central Hyderabad
🎁 Don't Miss the Pre-Launch Window || A Change is coming to RTC X ROADS!
Change of lifestyles | Change of Views.
🏢 G+50 Floors | 3 Towers
🏡 Limited 3 & 4 BHK Residences
📍 Central Hyderabad
🎁 Don't Miss the Pre-Launch Window || A Change is coming to RTC X ROADS!
Change of lifestyles | Change of Views.
🏢 G+50 Floors | 3 Towers
🏡 Limited 3 & 4 BHK Residences
📍 Central Hyderabad
🎁 Don't Miss the Pre-Launch Window || A Change is coming to RTC X ROADS!
Change of lifestyles | Change of Views.
🏢 G+50 Floors | 3 Towers
🏡 Limited 3 & 4 BHK Residences
📍 Central Hyderabad
🎁 Don't Miss the Pre-Launch Window || A Change is coming to RTC X ROADS!
Change of lifestyles | Change of Views.
🏢 G+50 Floors | 3 Towers
🏡 Limited 3 & 4 BHK Residences
📍 Central Hyderabad
🎁 Don't Miss the Pre-Launch Window || A Change is coming to RTC X ROADS!
Change of lifestyles | Change of Views.
🏢 G+50 Floors | 3 Towers
🏡 Limited 3 & 4 BHK Residences
📍 Central Hyderabad
🎁 Don't Miss the Pre-Launch Window || A Change is coming to RTC X ROADS!
Change of lifestyles | Change of Views.
🏢 G+50 Floors | 3 Towers
🏡 Limited 3 & 4 BHK Residences
📍 Central Hyderabad
🎁 Don't Miss the Pre-Launch Window || A Change is coming to RTC X ROADS!
Change of lifestyles | Change of Views.
🏢 G+50 Floors | 3 Towers
🏡 Limited 3 & 4 BHK Residences
📍 Central Hyderabad
🎁 Don't Miss the Pre-Launch Window || A Change is coming to RTC X ROADS!
Change of lifestyles | Change of Views.
🏢 G+50 Floors | 3 Towers
🏡 Limited 3 & 4 BHK Residences
📍 Central Hyderabad
🎁 Don't Miss the Pre-Launch Window",http://fb.me/ || http://fb.me/ || http://fb.me/ || http://fb.me/ || http://fb.me/ || http://fb.me/ || http://fb.me/ || http://fb.me/ || http://fb.me/ || http://fb.me/,,Get Quote || Get Quote || Get Quote || Get Quote || Get Quote || Get Quote || Get Quote || Get Quote || Get Quote || Get Quote,Original: https://scontent.fjai6-1.fna.fbcdn.net/v/t39.35426-6/711618786_1668553464197501_4079459663524255180_n.jpg?_nc_cat=110&ccb=1-7&_nc_sid=c53f8f&_nc_ohc=HXVD-7CR9NUQ7kNvwEo-fbO&_nc_oc=Adp9y_dKo0KmJTLOaP1dJwk0Y7Cqpgy8bN8EfTDR2Zk710twDx3Hnb8GpM36qP5a3JBsc8ysZWMNXZA71tt82lXq&_nc_zt=14&_nc_ht=scontent.fjai6-1.fna&_nc_gid=eD5u7AYuYNqYZqQDX92Aug&_nc_ss=7b289&oh=00_Af_iFNnykliDtNY07zGZJlEQlpHQRKpqfDLBvpMsK1oDIA&oe=6A386622 | Resized: https://scontent.fjai6-1.fna.fbcdn.net/v/t39.35426-6/710331992_2832611493776360_3828970855086556593_n.jpg?stp=dst-jpg_s600x600_tt6&_nc_cat=108&ccb=1-7&_nc_sid=c53f8f&_nc_ohc=9pPYFMdqA8sQ7kNvwF4CNVX&_nc_oc=AdqCPP8LTDLk7zRzfaLnZ3KGH9MpRYtbCJuUsxST4UczL_TGqQmQGn_mkcs-18t0BB-aZ-m0LpJQn3uc6UazVEkI&_nc_zt=14&_nc_ht=scontent.fjai6-1.fna&_nc_gid=eD5u7AYuYNqYZqQDX92Aug&_nc_ss=7b289&oh=00_Af-WTPIAv-F77kewOujzAConPR2pwMDuqTXNiry63DZVSQ&oe=6A384AC2 || Original: https://scontent.fjai6-1.fna.fbcdn.net/v/t39.35426-6/711686447_1261107489180428_5064124945692916291_n.jpg?_nc_cat=110&ccb=1-7&_nc_sid=c53f8f&_nc_ohc=1TkKopKWkkoQ7kNvwEd177L&_nc_oc=AdoPUTTT-7LOb1WlZvjpFIACn7MtvH-R4MNPfQMbM1V0eUgXyCV1Oayy0-EFNv0W4nHMoknCmVMnXBqDKcUqCJGt&_nc_zt=14&_nc_ht=scontent.fjai6-1.fna&_nc_gid=eD5u7AYuYNqYZqQDX92Aug&_nc_ss=7b289&oh=00_Af_58JoB2CsUdtv0GG8UaBYCTkUh9Muo8plnmKv_tPfFRA&oe=6A3861DD | Resized: https://scontent.fjai6-1.fna.fbcdn.net/v/t39.35426-6/712161012_1028863159650000_2309142723920695371_n.jpg?stp=dst-jpg_s600x600_tt6&_nc_cat=100&ccb=1-7&_nc_sid=c53f8f&_nc_ohc=JQDQ1eSc4DMQ7kNvwHXcX_n&_nc_oc=AdrUuEr65gvj_rarYC1eZy0QBh9E_c_N7k4brcsPQ8lzqnL9v5r6JNITj3Hxm6AHAETiosPHwX5sgKKwF7SpJznp&_nc_zt=14&_nc_ht=scontent.fjai6-1.fna&_nc_gid=eD5u7AYuYNqYZqQDX92Aug&_nc_ss=7b289&oh=00_Af_kv2X_IG3j-Ai1Y3a1FJ6PovIXGzGrhg_ZHDvdd-5w2g&oe=6A3851DC || Original: https://scontent.fjai6-1.fna.fbcdn.net/v/t39.35426-6/711601704_2186827958763686_3983935453543988277_n.jpg?_nc_cat=106&ccb=1-7&_nc_sid=c53f8f&_nc_ohc=rOlPGsDuXdwQ7kNvwGPy4LA&_nc_oc=AdrhfZoFRn_hr0_zFPoXhj8G065wDN_TNVdFqnTDoiRgRN63VAFCw54DTUQBwMrXo1NttgEXx8BwIhzZ4ejmfcGb&_nc_zt=14&_nc_ht=scontent.fjai6-1.fna&_nc_gid=eD5u7AYuYNqYZqQDX92Aug&_nc_ss=7b289&oh=00_Af_9tV8cPzlUg3HDBUgVA8gI_tEMaDMVqIZN_gXE3nHMoQ&oe=6A383E50 | Resized: https://scontent.fjai6-1.fna.fbcdn.net/v/t39.35426-6/710279804_1004875052063717_3106282114652494660_n.jpg?stp=dst-jpg_s600x600_tt6&_nc_cat=106&ccb=1-7&_nc_sid=c53f8f&_nc_ohc=FIYQtaZd3T8Q7kNvwG4wyX2&_nc_oc=AdomDnXGUWBcNyJYnHK3LY4pKgwM9E-tqJBOAE3Fd8OPr8-p7EL0xU0IAMUKFuCxLk-1T386dQqpq26psiRSY6mr&_nc_zt=14&_nc_ht=scontent.fjai6-1.fna&_nc_gid=eD5u7AYuYNqYZqQDX92Aug&_nc_ss=7b289&oh=00_Af_FuE6iImGe9XUoVaW9PlACqdlFc3vh9JAbGy8GdsufjQ&oe=6A385D3C || Original: https://scontent.fjai6-1.fna.fbcdn.net/v/t39.35426-6/711601704_2186827958763686_3983935453543988277_n.jpg?_nc_cat=106&ccb=1-7&_nc_sid=c53f8f&_nc_ohc=rOlPGsDuXdwQ7kNvwGPy4LA&_nc_oc=AdrhfZoFRn_hr0_zFPoXhj8G065wDN_TNVdFqnTDoiRgRN63VAFCw54DTUQBwMrXo1NttgEXx8BwIhzZ4ejmfcGb&_nc_zt=14&_nc_ht=scontent.fjai6-1.fna&_nc_gid=eD5u7AYuYNqYZqQDX92Aug&_nc_ss=7b289&oh=00_Af_9tV8cPzlUg3HDBUgVA8gI_tEMaDMVqIZN_gXE3nHMoQ&oe=6A383E50 | Resized: https://scontent.fjai6-1.fna.fbcdn.net/v/t39.35426-6/710279804_1004875052063717_3106282114652494660_n.jpg?stp=dst-jpg_s600x600_tt6&_nc_cat=106&ccb=1-7&_nc_sid=c53f8f&_nc_ohc=FIYQtaZd3T8Q7kNvwG4wyX2&_nc_oc=AdomDnXGUWBcNyJYnHK3LY4pKgwM9E-tqJBOAE3Fd8OPr8-p7EL0xU0IAMUKFuCxLk-1T386dQqpq26psiRSY6mr&_nc_zt=14&_nc_ht=scontent.fjai6-1.fna&_nc_gid=eD5u7AYuYNqYZqQDX92Aug&_nc_ss=7b289&oh=00_Af_FuE6iImGe9XUoVaW9PlACqdlFc3vh9JAbGy8GdsufjQ&oe=6A385D3C || Original: https://scontent.fjai6-1.fna.fbcdn.net/v/t39.35426-6/711601704_2186827958763686_3983935453543988277_n.jpg?_nc_cat=106&ccb=1-7&_nc_sid=c53f8f&_nc_ohc=rOlPGsDuXdwQ7kNvwGPy4LA&_nc_oc=AdrhfZoFRn_hr0_zFPoXhj8G065wDN_TNVdFqnTDoiRgRN63VAFCw54DTUQBwMrXo1NttgEXx8BwIhzZ4ejmfcGb&_nc_zt=14&_nc_ht=scontent.fjai6-1.fna&_nc_gid=eD5u7AYuYNqYZqQDX92Aug&_nc_ss=7b289&oh=00_Af_9tV8cPzlUg3HDBUgVA8gI_tEMaDMVqIZN_gXE3nHMoQ&oe=6A383E50 | Resized: https://scontent.fjai6-1.fna.fbcdn.net/v/t39.35426-6/710279804_1004875052063717_3106282114652494660_n.jpg?stp=dst-jpg_s600x600_tt6&_nc_cat=106&ccb=1-7&_nc_sid=c53f8f&_nc_ohc=FIYQtaZd3T8Q7kNvwG4wyX2&_nc_oc=AdomDnXGUWBcNyJYnHK3LY4pKgwM9E-tqJBOAE3Fd8OPr8-p7EL0xU0IAMUKFuCxLk-1T386dQqpq26psiRSY6mr&_nc_zt=14&_nc_ht=scontent.fjai6-1.fna&_nc_gid=eD5u7AYuYNqYZqQDX92Aug&_nc_ss=7b289&oh=00_Af_FuE6iImGe9XUoVaW9PlACqdlFc3vh9JAbGy8GdsufjQ&oe=6A385D3C || Original: https://scontent.fjai6-1.fna.fbcdn.net/v/t39.35426-6/711601704_2186827958763686_3983935453543988277_n.jpg?_nc_cat=106&ccb=1-7&_nc_sid=c53f8f&_nc_ohc=rOlPGsDuXdwQ7kNvwGPy4LA&_nc_oc=AdrhfZoFRn_hr0_zFPoXhj8G065wDN_TNVdFqnTDoiRgRN63VAFCw54DTUQBwMrXo1NttgEXx8BwIhzZ4ejmfcGb&_nc_zt=14&_nc_ht=scontent.fjai6-1.fna&_nc_gid=eD5u7AYuYNqYZqQDX92Aug&_nc_ss=7b289&oh=00_Af_9tV8cPzlUg3HDBUgVA8gI_tEMaDMVqIZN_gXE3nHMoQ&oe=6A383E50 | Resized: https://scontent.fjai6-1.fna.fbcdn.net/v/t39.35426-6/710279804_1004875052063717_3106282114652494660_n.jpg?stp=dst-jpg_s600x600_tt6&_nc_cat=106&ccb=1-7&_nc_sid=c53f8f&_nc_ohc=FIYQtaZd3T8Q7kNvwG4wyX2&_nc_oc=AdomDnXGUWBcNyJYnHK3LY4pKgwM9E-tqJBOAE3Fd8OPr8-p7EL0xU0IAMUKFuCxLk-1T386dQqpq26psiRSY6mr&_nc_zt=14&_nc_ht=scontent.fjai6-1.fna&_nc_gid=eD5u7AYuYNqYZqQDX92Aug&_nc_ss=7b289&oh=00_Af_FuE6iImGe9XUoVaW9PlACqdlFc3vh9JAbGy8GdsufjQ&oe=6A385D3C || Original: https://scontent.fjai6-1.fna.fbcdn.net/v/t39.35426-6/711720905_1469798331568344_3639725065238911631_n.jpg?_nc_cat=110&ccb=1-7&_nc_sid=c53f8f&_nc_ohc=P7NaV7Emhp4Q7kNvwEyasAe&_nc_oc=Adq76wVbf1isasmpQyFwQQ9303AKI3byxyVyEDGTaOTqG02bbNcXqhn9MYtA5mkxrST6s3itEgzwQQDXLXneO9qV&_nc_zt=14&_nc_ht=scontent.fjai6-1.fna&_nc_gid=eD5u7AYuYNqYZqQDX92Aug&_nc_ss=7b289&oh=00_Af_kyXsMzQPedo6fepZIbbLHGY65T7sCAB41mJQDCYO5gw&oe=6A384B8B | Resized: https://scontent.fjai6-1.fna.fbcdn.net/v/t39.35426-6/710203334_876431504764898_5388367841742682781_n.jpg?stp=dst-jpg_s600x600_tt6&_nc_cat=108&ccb=1-7&_nc_sid=c53f8f&_nc_ohc=W51z-eUkPBQQ7kNvwGtWwVQ&_nc_oc=AdrBfOKl3isTgF8h0rgiDCcGVceON-rM3JfAdWrOHLbLgcCrU77sLdDthqUT4JExQsml0x8bh_6hFErX_Z6nsdqh&_nc_zt=14&_nc_ht=scontent.fjai6-1.fna&_nc_gid=eD5u7AYuYNqYZqQDX92Aug&_nc_ss=7b289&oh=00_Af9CZb3SvNz3T-VTrvITSXaCLt0lqphnAS6oKD3t0G3uZA&oe=6A383146 || Original: https://scontent.fjai6-1.fna.fbcdn.net/v/t39.35426-6/711720905_1469798331568344_3639725065238911631_n.jpg?_nc_cat=110&ccb=1-7&_nc_sid=c53f8f&_nc_ohc=P7NaV7Emhp4Q7kNvwEyasAe&_nc_oc=Adq76wVbf1isasmpQyFwQQ9303AKI3byxyVyEDGTaOTqG02bbNcXqhn9MYtA5mkxrST6s3itEgzwQQDXLXneO9qV&_nc_zt=14&_nc_ht=scontent.fjai6-1.fna&_nc_gid=eD5u7AYuYNqYZqQDX92Aug&_nc_ss=7b289&oh=00_Af_kyXsMzQPedo6fepZIbbLHGY65T7sCAB41mJQDCYO5gw&oe=6A384B8B | Resized: https://scontent.fjai6-1.fna.fbcdn.net/v/t39.35426-6/710203334_876431504764898_5388367841742682781_n.jpg?stp=dst-jpg_s600x600_tt6&_nc_cat=108&ccb=1-7&_nc_sid=c53f8f&_nc_ohc=W51z-eUkPBQQ7kNvwGtWwVQ&_nc_oc=AdrBfOKl3isTgF8h0rgiDCcGVceON-rM3JfAdWrOHLbLgcCrU77sLdDthqUT4JExQsml0x8bh_6hFErX_Z6nsdqh&_nc_zt=14&_nc_ht=scontent.fjai6-1.fna&_nc_gid=eD5u7AYuYNqYZqQDX92Aug&_nc_ss=7b289&oh=00_Af9CZb3SvNz3T-VTrvITSXaCLt0lqphnAS6oKD3t0G3uZA&oe=6A383146 || Original: https://scontent.fjai6-1.fna.fbcdn.net/v/t39.35426-6/711618844_1322761742520697_3151093556427944137_n.jpg?_nc_cat=101&ccb=1-7&_nc_sid=c53f8f&_nc_ohc=z6clPa0-r8IQ7kNvwEOii67&_nc_oc=Adog8Na6hNnRob8clS1HC6XZkvAf-i_Nv7XpJRzvE330BBR58-JE0mHQ-4HMbIN9Iz4ikAvZv2wnYZowGvInNUac&_nc_zt=14&_nc_ht=scontent.fjai6-1.fna&_nc_gid=eD5u7AYuYNqYZqQDX92Aug&_nc_ss=7b289&oh=00_Af-L2byLxHTMr8qNiN6YfhOTPzHNRsaNf92tY0uOLuX8Zg&oe=6A385CA9 | Resized: https://scontent.fjai6-1.fna.fbcdn.net/v/t39.35426-6/710098544_1030824722714136_1633402613010067698_n.jpg?stp=dst-jpg_s600x600_tt6&_nc_cat=109&ccb=1-7&_nc_sid=c53f8f&_nc_ohc=Univ1NWLjiwQ7kNvwFKcrPh&_nc_oc=Adr3YREjJ1YlvRixqDxjMxILIdOoxQIno7NchpPJg-p7GMGJgPI2P4TBr8jQzAtryD8zXLGvtELHfHVQGM3EAa1Z&_nc_zt=14&_nc_ht=scontent.fjai6-1.fna&_nc_gid=eD5u7AYuYNqYZqQDX92Aug&_nc_ss=7b289&oh=00_Af_WWBAy9tVlXcjxbPs1JkOpDCLVU3Ptva4pG1lRgYyqZw&oe=6A3837E0 || Original: https://scontent.fjai6-1.fna.fbcdn.net/v/t39.35426-6/711601818_992970503280858_6725701844277487683_n.jpg?_nc_cat=109&ccb=1-7&_nc_sid=c53f8f&_nc_ohc=I4CY-nr5T3cQ7kNvwHzhufw&_nc_oc=AdqZpa2Uf6epXy2FVPctLSxlNxoTwmN8YLF99wbCySguD4Qjzw2zW-vsZLffvnnSVKg1b5t7nCnmbUtge54m6FoA&_nc_zt=14&_nc_ht=scontent.fjai6-1.fna&_nc_gid=eD5u7AYuYNqYZqQDX92Aug&_nc_ss=7b289&oh=00_Af-13VaSY2eggi7Ipm7glfhBTBNh-O6iG2HnbY65an7R_w&oe=6A383F70 | Resized: https://scontent.fjai6-1.fna.fbcdn.net/v/t39.35426-6/712623586_1995296788026413_8542165657137245984_n.jpg?stp=dst-jpg_s600x600_tt6&_nc_cat=100&ccb=1-7&_nc_sid=c53f8f&_nc_ohc=J2c-ZHMqj58Q7kNvwG7-6_6&_nc_oc=AdqXi51UaOfMXUcJpbijs_8vz9KIXaTayKbWeOMEuWfi5ZIxsVMb4NSbjh_64Qrmg8UuEoD3UIBj9M14vXNMZMme&_nc_zt=14&_nc_ht=scontent.fjai6-1.fna&_nc_gid=eD5u7AYuYNqYZqQDX92Aug&_nc_ss=7b289&oh=00_Af-6cnTjfFR-oB0ElluBd3dOQ-nSBWYdehWgXStKBzhDJg&oe=6A3857A6,
1320024969990438,https://www.facebook.com/housiey/,fb.me,https://www.facebook.com/housiey/,,,,sales@housiey.com,+91 80974 52839,,,,216444252147750,http://fb.me/,Housiey,https://www.facebook.com/ads/library/?id=1320024969990438,"Godrej Properties Launching Luxurious Project On Sarjapur Main Rd, East Bengaluru
✅ 28 Acres- 2 Towers- 27 Floors
✅ 2/3 BHK - ₹1.25 Cr Onwards
✅ Metro Stn-5min | RGA Tech Park-7min
✅ Close to Major IT Hubs
✅ 50+ Luxurious Amenities
✅ Exclusive Pre-Launch Discounts
✅ Booking Window Open Now
PRM/KA/RERA/1251/310/AG/220203/002764",31911,Download,fb.me,"FACEBOOK; INSTAGRAM; AUDIENCE_NETWORK",2026-05-05,2026-06-16,,Original: https://scontent.fjai6-1.fna.fbcdn.net/v/t39.35426-6/686204348_1688457905677770_4277884149040733985_n.jpg?_nc_cat=102&ccb=1-7&_nc_sid=c53f8f&_nc_ohc=feBBgwBoWrcQ7kNvwEmyxV8&_nc_oc=AdqzMWpnrKgclr-aYXIS1g3DfES5mOsRJ-nSsQ1PXmGCRCuEwiaMptFFC9YkSMC9U4EvcpFFTqvX5-sXpz9YsUsl&_nc_zt=14&_nc_ht=scontent.fjai6-1.fna&_nc_gid=puGmcF8Suo5Gnt-Nsp4J5w&_nc_ss=7b289&oh=00_Af8trTHLueShcxKXdcyJh1qCvSQa56kqVFDn9D6v_bf-Uw&oe=6A386354 | Resized: https://scontent.fjai6-1.fna.fbcdn.net/v/t39.35426-6/686505744_1775613497155670_5711964854510037761_n.jpg?stp=dst-jpg_s600x600_tt6&_nc_cat=107&ccb=1-7&_nc_sid=c53f8f&_nc_ohc=XlTp69z1l5MQ7kNvwFzS9eQ&_nc_oc=AdpsLRl5HszYuE9EiQq28Mewsck4355z7YxEEFL95cYUXJ-kjS0gDGdWEdrGn2zMxFY2kB6rg9_DaVLzCIbBqab3&_nc_zt=14&_nc_ht=scontent.fjai6-1.fna&_nc_gid=puGmcF8Suo5Gnt-Nsp4J5w&_nc_ss=7b289&oh=00_Af9IORagyccYhOkATnqk009BA7jh59tY1xoV0nFjLeMQAg&oe=6A384196,,,,,,
3491716657651288,https://www.facebook.com/Silverskybuilders/,fb.me,https://www.facebook.com/Silverskybuilders/,,,,digital@silverskybuilders.com,+91 80560 08855,,,,116629838480026,http://fb.me/,Silversky Builders,https://www.facebook.com/ads/library/?id=3491716657651288,"Spacious 2 & 3 BHK homes, modern amenities, and excellent connectivity—all starting from ₹72 Lakhs. Discover a life designed for your family.",8157,Book now,fb.me,"FACEBOOK; INSTAGRAM; AUDIENCE_NETWORK",2026-05-30,2026-06-16,,Original: https://scontent.fjai6-1.fna.fbcdn.net/v/t39.35426-6/710890265_1774511667260091_3579394003783697138_n.jpg?_nc_cat=109&ccb=1-7&_nc_sid=c53f8f&_nc_ohc=4vD6-jpK_4AQ7kNvwG0yLaK&_nc_oc=Adqym_LMQxxFn4qzLHYiOKQF4vlwjj3ugcbNGIh8MsQ1V_r8XuYYiHPr6rFGw5F07W5DUgu8TXhadkos77FXRwTd&_nc_zt=14&_nc_ht=scontent.fjai6-1.fna&_nc_gid=puGmcF8Suo5Gnt-Nsp4J5w&_nc_ss=7b289&oh=00_Af_cJIefPs_j5S95eSvj5HgGM-l06rxoqC9fDnr_LDNJdQ&oe=6A383DD0 | Resized: https://scontent.fjai6-1.fna.fbcdn.net/v/t39.35426-6/711774913_931062446644954_1871578614263687879_n.jpg?stp=dst-jpg_s600x600_tt6&_nc_cat=106&ccb=1-7&_nc_sid=c53f8f&_nc_ohc=UPXtEd6pR8EQ7kNvwFo6jy9&_nc_oc=Adossb29LQPvmUPfVzOd5qr9N1RvPmxOd2cLWPh3j-voEMo2P6Ju-3M3QMaRDJj2jenC8ay7BCGgoLcJmLmdYBhV&_nc_zt=14&_nc_ht=scontent.fjai6-1.fna&_nc_gid=puGmcF8Suo5Gnt-Nsp4J5w&_nc_ss=7b289&oh=00_Af-WJ6TFhk60BhbJ8NM-Cw8o_oa5DixoauTX_NdoIUkFeg&oe=6A385B9C,,,,,,
1882590175733259,https://www.facebook.com/Mahua5BHKProvilla/,api.whatsapp.com,https://www.facebook.com/Mahua5BHKProvilla/,,,,,+91 72010 17001,,,,474681032390766,https://api.whatsapp.com/send,Mahua 5BHK ProVilla,https://www.facebook.com/ads/library/?id=1882590175733259,"🏝️ 𝟱𝗕𝗛𝗞 𝗣𝗿𝗼𝗩𝗶𝗹𝗹𝗮 𝗠𝗔𝗛𝗨𝗔 𝗯𝘆 𝗞𝗥𝗨𝗣𝗔𝗦𝗔𝗚𝗔𝗥 

📍 JUST 7 MINUTE FROM S.P. RING ROAD

🏠 Every amenities is designed for a truly 'Pro Lifestyle':

🏡 Double Height Living & Dining Room
👑 Two Suites rooms with Walking Closet
🛗 Private Lift for convenience
🚗 4-Car Parking Space
🎥 Personal Theatre
🛁 Jacuzzi bathroom

🗝️𝗕𝗼𝗼𝗸 𝘆𝗼𝘂𝗿 𝘃𝗶𝗹𝗹𝗮 𝘁𝗼𝗱𝗮𝘆!

𝗖𝗮𝗹𝗹: 72010 17001 ( Time 10am to 6.30pm )
𝗪𝗲𝗯𝘀𝗶𝘁𝗲: dayasagar.co.in/project/mahua-by-krupasagar-5-bhk-pro-villa
𝗔𝗱𝗱𝗿𝗲𝘀𝘀: Mahua by Krupasagar, Near Narmada Canal, Naroda-Dehgam Highway, Dehgam, Ahmedabad, Gujarat",82,Send WhatsApp message,WhatsApp,"INSTAGRAM; WHATSAPP",2026-04-15,2026-06-17,,Original: https://scontent.fjai6-1.fna.fbcdn.net/v/t39.35426-6/671805869_1590628405571127_7183721726573034047_n.jpg?_nc_cat=110&ccb=1-7&_nc_sid=c53f8f&_nc_ohc=OCJgjkGqaOIQ7kNvwHUMPxp&_nc_oc=AdqdrlXLaK9tfvWThi5SDHpTtanX00E7h3XaOgIU2UoEeUTOB3ElQ85x2F9NTY24PcgqHKzQ-VdM7rrg21cgco7v&_nc_zt=14&_nc_ht=scontent.fjai6-1.fna&_nc_gid=puGmcF8Suo5Gnt-Nsp4J5w&_nc_ss=7b289&oh=00_Af-_Hk5edfY2lVY6YaRF0sT7MyB3QBNnT1bx_NXHr85ZhA&oe=6A384A38 | Resized: https://scontent.fjai6-1.fna.fbcdn.net/v/t39.35426-6/672022388_1279345640348201_7250919051418218549_n.jpg?stp=dst-jpg_s600x600_tt6&_nc_cat=103&ccb=1-7&_nc_sid=c53f8f&_nc_ohc=lgJ1gurRSzUQ7kNvwEprjPm&_nc_oc=AdoyvSCb4hOoMSjoPoTv7hJl9bc1ZMWmcKsGJ8KEZ3c7a9c9lmE0fA7S9884KtgZi9KjuNm7qs4DOumf30Zl6ugz&_nc_zt=14&_nc_ht=scontent.fjai6-1.fna&_nc_gid=puGmcF8Suo5Gnt-Nsp4J5w&_nc_ss=7b289&oh=00_Af-VN6KXg5UH3dPjkXRlOG6AZ7EXgR42TPhxjrM-wSSm_Q&oe=6A3843E5,,,,,,
2816049158741860,https://www.facebook.com/finestproperties15/,fb.me,https://www.facebook.com/finestproperties15/,,,,,,,,,378183045710062,http://fb.me/,SAI Realty,https://www.facebook.com/ads/library/?id=2816049158741860,"1 bhk starts at 37 Lakhs +
2 bhk starts at 51 Lakhs +
Upper Kharghar 
Special Pre Launch Offers on Spot Booking 
First ever sports city with sports club 
36 storied towers with 75percent open space 
 RERA  P52000045699 
CALL :  +91 8108140430",5734,Get quote,fb.me,"FACEBOOK; INSTAGRAM; AUDIENCE_NETWORK",2026-05-19,2026-06-17,HD: https://video.fjai6-1.fna.fbcdn.net/o1/v/t2/f2/m366/AQN0GMm5VaH2tXQFG9WmcIohH6AZ0i-zxUgFtKJAz810xIzUgS3fb7Vw9JfSOrEUKB-b_xC-sYoiT9YNk0SjnB8Jzj5q-_1nejktiDyxKrft7A.mp4?_nc_cat=101&_nc_oc=AdqzOG3VDj_rv5E53Pl_-X-oye6JIM8ClZlDPM989lT3K3G90O1Qx8VurJ-K2aIbyaa1Eam0jJvRiJUYsfaybV8i&_nc_sid=b66105&_nc_ht=video.fjai6-1.fna.fbcdn.net&_nc_ohc=72X35P5DVDwQ7kNvwHWP1gg&efg=eyJ2ZW5jb2RlX3RhZyI6Inhwdl9wcm9ncmVzc2l2ZS5WSV9VU0VDQVNFX1BST0RVQ1RfVFlQRS4uQzMuNzIwLmRhc2hfaDI2NC1iYXNpYy1nZW4yXzcyMHAiLCJ4cHZfYXNzZXRfaWQiOjE0OTQ2Mzk2MjUzNTE1OTgsImFzc2V0X2FnZV9kYXlzIjo1NiwidmlfdXNlY2FzZV9pZCI6MTA3OTksImR1cmF0aW9uX3MiOjg5LCJ1cmxnZW5fc291cmNlIjoid3d3In0%3D&ccb=17-1&vs=62e0f5aaec7d43b9&_nc_vs=HBksFQIYRWZiX2VwaGVtZXJhbC85QTQ0RUY1NDAwQ0E5RkIxNEJCMjVDNDQ3RUYxNTZBQ19tdF8xX3ZpZGVvX2Rhc2hpbml0Lm1wNBUAAsgBEgAVAhhAZmJfcGVybWFuZW50L0IyNDRBRDEwNEY0NDk2QTdEM0RDRDdDNjUyN0E5ODk5X2F1ZGlvX2Rhc2hpbml0Lm1wNBUCAsgBEgAoABgAGwKIB3VzZV9vaWwBMRJwcm9ncmVzc2l2ZV9yZWNpcGUBMRUAACbcxv3-vNenBRUCKAJDMywXQFZhaHKwIMUYGWRhc2hfaDI2NC1iYXNpYy1nZW4yXzcyMHARAHUAZd6oAQA&_nc_gid=50Hg3hydJfJfcUL_wwDlEA&_nc_ss=7b289&_nc_zt=28&oh=00_Af9h3bk4mV35s-SuWqXB9O6Ud0YmJWcKLskLDuuUdtIV4A&oe=6A3850B7 | SD: https://video.fjai6-1.fna.fbcdn.net/o1/v/t2/f2/m412/AQOFT_TVbHnhWe0ys4xiLUVrpVLCWZleJidbPSqSyTh-W_LHNX35qA8iaeYWnY-7gZdqFEBaflOnw5s7aMcW0mPahpBXWj1yRYYaGhNORw.mp4?_nc_cat=105&_nc_oc=AdqYiBhWXi2ZO8rCI9eb6L1XiI31u_Agfv5NtlFbfrOnoFtH0DQTGiQY4IlqL7OsNCkRZ5rByXsiCBwPuhMm3Vcy&_nc_sid=ef5aa3&_nc_ht=video.fjai6-1.fna.fbcdn.net&_nc_ohc=nBxQ2Lg4DQIQ7kNvwE_Ld8m&efg=eyJ2ZW5jb2RlX3RhZyI6Inhwdl9wcm9ncmVzc2l2ZS5WSV9VU0VDQVNFX1BST0RVQ1RfVFlQRS4uQzMuMzYwLnN2ZV9zZCIsInhwdl9hc3NldF9pZCI6MTQ5NDYzOTYyNTM1MTU5OCwiYXNzZXRfYWdlX2RheXMiOjU2LCJ2aV91c2VjYXNlX2lkIjoxMDc5OSwiZHVyYXRpb25fcyI6ODksInVybGdlbl9zb3VyY2UiOiJ3d3cifQ%3D%3D&ccb=17-1&_nc_gid=50Hg3hydJfJfcUL_wwDlEA&_nc_ss=7b289&_nc_zt=28&oh=00_Af-PxLZUQb-9MEeo10bb74UsE7S3c_jKitaJ2ylIBBly3w&oe=6A385C0D | Preview: https://scontent.fjai6-1.fna.fbcdn.net/v/t39.35426-6/672688159_1947298219491733_8100419480260388434_n.jpg?_nc_cat=100&ccb=1-7&_nc_sid=c53f8f&_nc_ohc=Lz69a3UZI7EQ7kNvwGrk23k&_nc_oc=AdqFzLVbu0xZaW88uVgLVnm17gucQY5hWH0k9TvL5SlwnnuDzEPmxQJV5uXirt1k2G9DYOk2vPSxG7N5-pgbMP9b&_nc_zt=14&_nc_ht=scontent.fjai6-1.fna&_nc_gid=50Hg3hydJfJfcUL_wwDlEA&_nc_ss=7b289&oh=00_Af_QaZ8dpYshOynR6nArj2tdD_EB_0VpkAp1dogEdRwKew&oe=6A384E5E,,,,,,,
1458848939264573,https://www.facebook.com/61589381000901/,fb.me,https://www.facebook.com/61589381000901/,,,,,,,,,1081617001702510,http://fb.me/,Grand Living Pune,https://www.facebook.com/ads/library/?id=1458848939264573,"🏇 𝐇𝐢𝐫𝐚𝐧𝐚𝐧𝐝𝐚𝐧𝐢 𝐃𝐞𝐛𝐮𝐭𝐬 𝐢𝐧 𝐏𝐮𝐧𝐞’𝐬 𝐍𝐞𝐱𝐭 𝐈𝐜𝐨𝐧𝐢𝐜 𝐋𝐚𝐧𝐝𝐦𝐚𝐫𝐤 – 𝟏𝟎𝟓 𝐀𝐜𝐫𝐞 𝐏𝐫𝐞𝐦𝐢𝐮𝐦 𝐓𝐨𝐰𝐧𝐬𝐡𝐢𝐩 🌟

🏠 Pre-Launch Prices (All Inclusive)
✨ 2 BHK – ₹79.99 Lakh (+₹4 Lakh Discount with VIP Pass)
✨ 3 BHK – ₹1.15 Cr (+₹6 Lakh Discount with VIP Pass)

🎟 Exclusive Token Benefits
🔹 VIP Token Pass – ₹2,70,000
Enjoy massive flat discounts up to ₹6 Lakhs!
🔹 Regular Token – ₹90,000
Get ₹90,000 discount instantly!

🌿 Key Highlights
✅ 40-acre Della Resort with Race Course & Polo Club
✅ Natural water pond quarry & lush green landscapes
✅ 5-star Resort-Style Living & Premium Hospitality Zones
✅ Proposed Ring Road just 5 mins away
✅ IGBC Platinum Certification (Coming Soon)
✅ Collaboration with TERI for cleaner air & better AQI

🏢 A Legacy of Luxury – From Powai to Panvel & Thane, now in Pune!
📍 Location. Lifestyle. Legacy. Be part of Pune’s most awaited premium township.

📞 Book Your VIP Pass Today – Limited Slots Only!",25,Get offer,fb.me,"FACEBOOK; INSTAGRAM",2026-05-12,2026-06-16,HD: https://video.fjai6-1.fna.fbcdn.net/o1/v/t2/f2/m366/AQP8liccn1jmC8vZV61rV7DNPfSNeH8au7x6uH2uQhMuHjZNmg4MZdTvm4KPwY34R27O5JSIKx0hp1HPq4OKr4ggsR-ylgfTamkhsgk935JaDw.mp4?_nc_cat=111&_nc_oc=Adpwzj1C5i-tZiEdZyOXoFkkHaRkGJ3NBNX1aju0d-_4tQb4VZbCWV-k6XOdiJygO9tkKFHHsvaicSb1i3KpPffp&_nc_sid=b66105&_nc_ht=video.fjai6-1.fna.fbcdn.net&_nc_ohc=1l_cEGflcz4Q7kNvwH7YkNI&efg=eyJ2ZW5jb2RlX3RhZyI6Inhwdl9wcm9ncmVzc2l2ZS5WSV9VU0VDQVNFX1BST0RVQ1RfVFlQRS4uQzMuNzIwLmRhc2hfaDI2NC1iYXNpYy1nZW4yXzcyMHAiLCJ4cHZfYXNzZXRfaWQiOjk3MjIxNjcwODc3ODY1NCwiYXNzZXRfYWdlX2RheXMiOjM1LCJ2aV91c2VjYXNlX2lkIjoxMDc5OSwiZHVyYXRpb25fcyI6NDEsInVybGdlbl9zb3VyY2UiOiJ3d3cifQ%3D%3D&ccb=17-1&vs=46b11f886ea671ad&_nc_vs=HBksFQIYRWZiX2VwaGVtZXJhbC8zNjRDMDY3OURCQjYzM0QxRDkyNkU0M0VDNTUzMzg4MF9tdF8xX3ZpZGVvX2Rhc2hpbml0Lm1wNBUAAsgBEgAVAhhAZmJfcGVybWFuZW50LzM2NDE1RUVBNzUxMURGRUM2OEY2MTZDRkE2QzVDNkJEX2F1ZGlvX2Rhc2hpbml0Lm1wNBUCAsgBEgAoABgAGwKIB3VzZV9vaWwBMRJwcm9ncmVzc2l2ZV9yZWNpcGUBMRUAACa8qpL5uo66AxUCKAJDMywXQESzMzMzMzMYGWRhc2hfaDI2NC1iYXNpYy1nZW4yXzcyMHARAHUAZd6oAQA&_nc_gid=50Hg3hydJfJfcUL_wwDlEA&_nc_ss=7b289&_nc_zt=28&oh=00_Af-vVzr03Wfh2dWa7VNGPHtJT7QKww9yu1Zk7TwcTK1Fjw&oe=6A384D19 | SD: https://video.fjai6-1.fna.fbcdn.net/o1/v/t2/f2/m412/AQN-U_PsDYntkdgehy5_YjYUjAcTem5l52iyMMOoSLu2UKkwsJPmwk_uRIVqQRMsFhtuhMH30nH676cIt4PdOaziOBLt5CkwBO4a7gKfUA.mp4?_nc_cat=104&_nc_oc=Adp498sqH8QdqmBcMipj3fvTbW_BC2gSLL5y15o5tu7765I0IPlv2Mh8c8PCau-6wZkHCbFXv__M6L5dc7SfoUXC&_nc_sid=ef5aa3&_nc_ht=video.fjai6-1.fna.fbcdn.net&_nc_ohc=qAwqYQWtBrcQ7kNvwGJ1csy&efg=eyJ2ZW5jb2RlX3RhZyI6Inhwdl9wcm9ncmVzc2l2ZS5WSV9VU0VDQVNFX1BST0RVQ1RfVFlQRS4uQzMuMzYwLnN2ZV9zZCIsInhwdl9hc3NldF9pZCI6OTcyMjE2NzA4Nzc4NjU0LCJhc3NldF9hZ2VfZGF5cyI6MzUsInZpX3VzZWNhc2VfaWQiOjEwNzk5LCJkdXJhdGlvbl9zIjo0MSwidXJsZ2VuX3NvdXJjZSI6Ind3dyJ9&ccb=17-1&_nc_gid=50Hg3hydJfJfcUL_wwDlEA&_nc_ss=7b289&_nc_zt=28&oh=00_Af9a1NC1xS_Tq75nmBi8r0myfMS3qhUz0qz94lW5YSQnpA&oe=6A38566A | Preview: https://scontent.fjai6-1.fna.fbcdn.net/v/t39.35426-6/699761443_1522528632915561_2192624042118620090_n.jpg?_nc_cat=107&ccb=1-7&_nc_sid=c53f8f&_nc_ohc=hqYtD357HP4Q7kNvwGepAQY&_nc_oc=Adrf958mwl9N3imAOoYtOHuTXw0mTX4iLxrGjag4e-m3fDCCJjbSCB449vuEzxF4v9_FiN8R8-tutPX3HEiMYAwC&_nc_zt=14&_nc_ht=scontent.fjai6-1.fna&_nc_gid=50Hg3hydJfJfcUL_wwDlEA&_nc_ss=7b289&oh=00_Af9cXQp4tIdfRRJYyLxZgDmSlWnWqvmtc4MQxLpabTwHtg&oe=6A383ABA,,,,,,,
994381853063869,https://www.facebook.com/61559963993300/,fb.me,https://www.facebook.com/61559963993300/,,,,,,,,,304955166039797,http://fb.me/,Pune Premier Residences,https://www.facebook.com/ads/library/?id=994381853063869,"🏡 𝐋𝐮𝐱𝐮𝐫𝐲 𝟑 𝐁𝐇𝐊 & 𝐃𝐮𝐩𝐥𝐞𝐱 𝐇𝐨𝐦𝐞𝐬
📍 𝐁𝐚𝐧𝐞𝐫 𝐍𝐗, 𝐏𝐮𝐧𝐞 (𝟓 𝐦𝐢𝐧𝐬 𝐟𝐫𝐨𝐦 𝐎𝐫𝐜𝐡𝐢𝐝 𝐇𝐨𝐭𝐞𝐥)

🚉 Near Baner, Balewadi & Hinjewadi IT hubs
🛣️ Easy access to Mumbai–Bangalore Highway

✨ Scenic Hill & City Views
📐 Vaastu-Compliant Smart Layouts
🌿 Landscaped Greens & Open Spaces
🏊 Clubhouse with Pool & Amenities
🎯 50+ Lifestyle Features
🔐 Gated Community with 24×7 Security

⚡ Energy-Efficient Living
⏳ Timely Possession by Trusted Developer
💰 High Rental Demand Location
💳 Flexible Payment Options

👉 Enquire Now!
📲 WhatsApp: https://wa.link/qydmly",564,Get offer,fb.me,"FACEBOOK; INSTAGRAM",2026-04-29,2026-06-16,HD: https://video.fjai6-1.fna.fbcdn.net/o1/v/t2/f2/m366/AQNIPMy_qhM7MAXtxEJCWnG3RAWRLbqSOiJONuKHH7b75upRbxVyYtMoo82snn8niPLPLJbkyF3APEE_-MOKrplwXJYS5EUoh_xLYparbGkKpw.mp4?_nc_cat=102&_nc_oc=AdoDNQ1Fw-XJlWJala9Vb0ogCAuU-4AafanLzoTqtc_UiDO8Atr_thyMYAFVlzbydsOshaoOWR2sqZRYBiwQgsnK&_nc_sid=b66105&_nc_ht=video.fjai6-1.fna.fbcdn.net&_nc_ohc=4O_qIJOSKBYQ7kNvwEFVTob&efg=eyJ2ZW5jb2RlX3RhZyI6Inhwdl9wcm9ncmVzc2l2ZS5WSV9VU0VDQVNFX1BST0RVQ1RfVFlQRS4uQzMuNzIwLmRhc2hfaDI2NC1iYXNpYy1nZW4yXzcyMHAiLCJ4cHZfYXNzZXRfaWQiOjkzNzA1MzU4ODk0NjYzMywiYXNzZXRfYWdlX2RheXMiOjU5LCJ2aV91c2VjYXNlX2lkIjoxMDc5OSwiZHVyYXRpb25fcyI6NjEsInVybGdlbl9zb3VyY2UiOiJ3d3cifQ%3D%3D&ccb=17-1&vs=33ee2f99dd772fe1&_nc_vs=HBksFQIYRWZiX2VwaGVtZXJhbC9EODQ2MTVCNjI1RDJEMjhDQ0RBODY3NDIxQkExRDQ5MF9tdF8xX3ZpZGVvX2Rhc2hpbml0Lm1wNBUAAsgBEgAVAhhAZmJfcGVybWFuZW50L0QwNDRGMTMwM0VCNDcwNEI0QkNBNURBQzIwQTcxNjkyX2F1ZGlvX2Rhc2hpbml0Lm1wNBUCAsgBEgAoABgAGwKIB3VzZV9vaWwBMRJwcm9ncmVzc2l2ZV9yZWNpcGUBMRUAACaS---k2Y-qAxUCKAJDMywXQE6uFHrhR64YGWRhc2hfaDI2NC1iYXNpYy1nZW4yXzcyMHARAHUAZd6oAQA&_nc_gid=50Hg3hydJfJfcUL_wwDlEA&_nc_ss=7b289&_nc_zt=28&oh=00_Af-khfvrQw1nzE-JQlL52HMKIt6QLr2hAvZfJAq6l_PuXw&oe=6A384D3A | SD: https://video.fjai6-1.fna.fbcdn.net/o1/v/t2/f2/m412/AQNeg0y9dKrKeFXXbqDfcbr46XEI-hsaUqNKMjQkCCeOVbaDd8kqh7IJiFmpyNe3dv_LNqjf59yRWTAdMHWdXsoEoYULpDlvBbrIlxeQtA.mp4?_nc_cat=101&_nc_oc=AdqmYwmc8iRBs8oC1vyxIWAK5PFUz8zLB8hTOj60upb_BrOyE1ecyCfn0ujCwWoG5E0WJaKcXYrEexLQCw82PLpY&_nc_sid=ef5aa3&_nc_ht=video.fjai6-1.fna.fbcdn.net&_nc_ohc=QHAfQ-1pd10Q7kNvwGjyfzS&efg=eyJ2ZW5jb2RlX3RhZyI6Inhwdl9wcm9ncmVzc2l2ZS5WSV9VU0VDQVNFX1BST0RVQ1RfVFlQRS4uQzMuMzYwLnN2ZV9zZCIsInhwdl9hc3NldF9pZCI6OTM3MDUzNTg4OTQ2NjMzLCJhc3NldF9hZ2VfZGF5cyI6NTksInZpX3VzZWNhc2VfaWQiOjEwNzk5LCJkdXJhdGlvbl9zIjo2MSwidXJsZ2VuX3NvdXJjZSI6Ind3dyJ9&ccb=17-1&_nc_gid=50Hg3hydJfJfcUL_wwDlEA&_nc_ss=7b289&_nc_zt=28&oh=00_Af9dY1GIaX8yZDyzC3FBTbi3X5g5TSq9Qkoqcky97bB4jA&oe=6A3832B5 | Preview: https://scontent.fjai6-1.fna.fbcdn.net/v/t39.35426-6/684539380_3988077711324801_8411827771947246065_n.jpg?_nc_cat=101&ccb=1-7&_nc_sid=c53f8f&_nc_ohc=A2TV4m6YZTQQ7kNvwG8OKS7&_nc_oc=Adq0Jn3OidZyK4iwGQQ5RnTIy1pg2a-UY4N0uxq53qvFE7Iy3pfgyf1YxMwkfdnAvsPz1W7AkjZRYtKPMXuysd4v&_nc_zt=14&_nc_ht=scontent.fjai6-1.fna&_nc_gid=50Hg3hydJfJfcUL_wwDlEA&_nc_ss=7b289&oh=00_Af_OivJZBn38IaOKnSR5nDvdEjD9z3CBLyUFPbVPGVdqSA&oe=6A385D4C,,,,,,,
1981520189153800,https://www.facebook.com/wearecultofficial/,business.cult.fit,https://www.facebook.com/wearecultofficial/,,,,"corporate-support@cult.fit, franchise@cult.fit, cultpasspartnerships@cult.fit",,,,,392046674300717,https://business.cult.fit/franchise/fb1,cult,https://www.facebook.com/ads/library/?id=1981520189153800,"Turn your capital into a lasting legacy 🌟
💰 Own a Cult Gym Franchise in Lucknow with ₹1.5 Cr investment

✔ 20–30% ROI
✔ Hassle-free management with expert backing

The future of fitness can be yours 🏆",419661,Learn more,business.cult.fit,"FACEBOOK; INSTAGRAM",2026-03-06,2026-06-16,,,"Turn your capital into a lasting legacy 🌟
💰 Own a Cult Gym Franchise in Lucknow with ₹1.5 Cr investment

✔ 20–30% ROI
✔ Hassle-free management with expert backing

The future of fitness can be yours 🏆 || Passive income isn’t luck - it’s a Smart investment. ⚡

Own a Cult Franchise in Lucknow
💰 Invest ₹1.8 Cr → Earn 20–30% ROI

🚀 Take the first step towards lasting success today",https://business.cult.fit/franchise/fb1 || https://business.cult.fit/franchise/fb1,business.cult.fit || business.cult.fit,Learn More || Learn More,Original: https://scontent.fjai6-1.fna.fbcdn.net/v/t39.35426-6/637111170_2050464532186622_6920901570858110184_n.jpg?_nc_cat=108&ccb=1-7&_nc_sid=c53f8f&_nc_ohc=7W91eo4AFagQ7kNvwHeMX_d&_nc_oc=Ado7bhor0vLtTV3yeSnWbncfOLbL6SrM8tdLKVW1cXFXd119bpUJiqzv-qZRNzLyquav-JPmZ4ZbEcHwQDA2Qerv&_nc_zt=14&_nc_ht=scontent.fjai6-1.fna&_nc_gid=XrjMZe6b_a21TByE2dTDUA&_nc_ss=7b289&oh=00_Af9qNh9JBgqNhRGPvbRDRR83TSC00Ld4f-19NVd2lQaJOA&oe=6A384469 | Resized: https://scontent.fjai6-1.fna.fbcdn.net/v/t39.35426-6/637547310_2129629601183266_6174531461658545679_n.jpg?stp=dst-jpg_s600x600_tt6&_nc_cat=108&ccb=1-7&_nc_sid=c53f8f&_nc_ohc=IgyUeInZNWAQ7kNvwFmxIMY&_nc_oc=Adre6iLsWLOO1OCK8uYZ0aI6iypL_D4FwuRPs-7sf6YC4C8RhG6dqnTPr-ynnnX4xU4InxHzyfSda2aOC1vM1oSJ&_nc_zt=14&_nc_ht=scontent.fjai6-1.fna&_nc_gid=XrjMZe6b_a21TByE2dTDUA&_nc_ss=7b289&oh=00_Af-LJTcX7CfT5Mk0has9KMXYah555Da0eqqRn-IwJOEl4g&oe=6A385221 || Original: https://scontent.fjai6-1.fna.fbcdn.net/v/t39.35426-6/636857493_1234261991520575_3246693373798917940_n.jpg?_nc_cat=109&ccb=1-7&_nc_sid=c53f8f&_nc_ohc=Fpdaik_LORsQ7kNvwELOVST&_nc_oc=AdqKmFH9y201-oQpjpDpbtxCSWYsUZZQTh2GQ7UcD2QAPTzhnHrnMpgsk5dyKCyqVWMrjR2qbZZDjzjs0N1qO67V&_nc_zt=14&_nc_ht=scontent.fjai6-1.fna&_nc_gid=XrjMZe6b_a21TByE2dTDUA&_nc_ss=7b289&oh=00_Af_zFrLtR1DU6buhB38dcxnCXoEWIeC9x4lDU1Gj4ZmBsw&oe=6A385A2E | Resized: https://scontent.fjai6-1.fna.fbcdn.net/v/t39.35426-6/637071953_4410414572615169_6702516341626116613_n.jpg?stp=dst-jpg_s600x600_tt6&_nc_cat=103&ccb=1-7&_nc_sid=c53f8f&_nc_ohc=YKBc3vFTKc8Q7kNvwHgAc3m&_nc_oc=AdrXkqo5qBITQLKhhifJBg2DhOzI485eRQlmkM-Pl5sY6etXAJO7tau8ml4gYWcUw2mKHpY3C-SPyy0-uLzixYfz&_nc_zt=14&_nc_ht=scontent.fjai6-1.fna&_nc_gid=XrjMZe6b_a21TByE2dTDUA&_nc_ss=7b289&oh=00_Af9ynG6BC2pfJRVLRz0BjH5FIS44PVWuMvVldKGuOEFv2w&oe=6A384D44,
3957958301166070,https://www.facebook.com/DACdevelopersChennai/,,https://www.facebook.com/DACdevelopersChennai/,,,,marketing@dacdevelopers.com,+91 93003 93003,,,,1842057002781791,,DAC Developers,https://www.facebook.com/ads/library/?id=3957958301166070,"The strongest endorsement isn't what we say—it's what our homeowners experience every day.

Listen to the voices of families who found more than a residence at Cambridge by DAC: they found comfort, convenience, and a community designed to grow with them.

Cambridge by DAC — Chosen by Families. Trusted for Generations.

🏡 Premium 2 & 3 BHK Residences
✨ Curated Lifestyle Amenities
📍 Prime Connectivity

Step into a world where every detail reflects sophistication.",16476,,,"FACEBOOK; INSTAGRAM; AUDIENCE_NETWORK; WHATSAPP; THREADS",2026-06-07,2026-06-15,HD: https://video.fjai6-1.fna.fbcdn.net/o1/v/t2/f2/m366/AQMMHC8TOmlSRxZj99MWbRPitidsh14zSGruCjSzsHbWUghwW-9xbrbJ9Ep-OESsJXIa9jO7AX5oresilzZ41pmHa4_iE-T18qICww0UTB9IBQ.mp4?_nc_cat=104&_nc_oc=Adpv_Jmm1eVJLVHXv-YUuBq8xH_vgRTF9fLfH1-WbsI8McFWC_LKY54GeZTjhQcl35KJbF7MkbJ3GxUSNNld2m_G&_nc_sid=b66105&_nc_ht=video.fjai6-1.fna.fbcdn.net&_nc_ohc=ymrAfikehlMQ7kNvwG-SqJB&efg=eyJ2ZW5jb2RlX3RhZyI6Inhwdl9wcm9ncmVzc2l2ZS5WSV9VU0VDQVNFX1BST0RVQ1RfVFlQRS4uQzMuNzIwLmRhc2hfaDI2NC1iYXNpYy1nZW4yXzcyMHAiLCJ4cHZfYXNzZXRfaWQiOjEzNTU3NTM5OTk5NDY4NTksImFzc2V0X2FnZV9kYXlzIjoxMCwidmlfdXNlY2FzZV9pZCI6MTA3OTksImR1cmF0aW9uX3MiOjgwLCJ1cmxnZW5fc291cmNlIjoid3d3In0%3D&ccb=17-1&vs=af812c0397dc9c21&_nc_vs=HBksFQIYRWZiX2VwaGVtZXJhbC8yQTQ4RUQzMTQ0QTkxRTBCMTM0NzVGRTlCRTEwQTNCOV9tdF8xX3ZpZGVvX2Rhc2hpbml0Lm1wNBUAAsgBEgAVAhhAZmJfcGVybWFuZW50LzkyNEExMjBGRUVDQjYyODVCOTY5QkFERUM1RENEMjkzX2F1ZGlvX2Rhc2hpbml0Lm1wNBUCAsgBEgAoABgAGwKIB3VzZV9vaWwBMRJwcm9ncmVzc2l2ZV9yZWNpcGUBMRUAACbW0Y65osPoBBUCKAJDMywXQFQEOVgQYk4YGWRhc2hfaDI2NC1iYXNpYy1nZW4yXzcyMHARAHUAZd6oAQA&_nc_gid=XrjMZe6b_a21TByE2dTDUA&_nc_ss=7b289&_nc_zt=28&oh=00_Af-Nz4K-VUdMGmK0AJQyJV0FsR5503sEdrA58ecmpMhLjA&oe=6A38324C | SD: https://video.fjai6-1.fna.fbcdn.net/o1/v/t2/f2/m412/AQP4aok2YWJrA_wMpURhpVWImCxUuXHTiTnHxq9v9mRYBWp5pVDfgph6b7d5H2vYQYEPthXyq15WDGgzNnNhVhWkBRdJ-sdJ40QwahqXOQ.mp4?_nc_cat=108&_nc_oc=AdoAUaHLNKvJOEUFS_LVtQGbhbHyu1ztksODYg4iB4yNOwr4UIgh34XxKkzENqql9FopLbydqRXiOl5GDdwMVPhr&_nc_sid=ef5aa3&_nc_ht=video.fjai6-1.fna.fbcdn.net&_nc_ohc=nvLe2u115JYQ7kNvwFowg7O&efg=eyJ2ZW5jb2RlX3RhZyI6Inhwdl9wcm9ncmVzc2l2ZS5WSV9VU0VDQVNFX1BST0RVQ1RfVFlQRS4uQzMuMzYwLnN2ZV9zZCIsInhwdl9hc3NldF9pZCI6MTM1NTc1Mzk5OTk0Njg1OSwiYXNzZXRfYWdlX2RheXMiOjEwLCJ2aV91c2VjYXNlX2lkIjoxMDc5OSwiZHVyYXRpb25fcyI6ODAsInVybGdlbl9zb3VyY2UiOiJ3d3cifQ%3D%3D&ccb=17-1&_nc_gid=XrjMZe6b_a21TByE2dTDUA&_nc_ss=7b289&_nc_zt=28&oh=00_Af8u25XHK3sKKaxSrVZec7Fnuc1OY6Hw0InqkKVVCJZu_A&oe=6A38618A | Preview: https://scontent.fjai6-1.fna.fbcdn.net/v/t39.35426-6/719427138_1316902173300030_3508463267701425962_n.jpg?_nc_cat=108&ccb=1-7&_nc_sid=c53f8f&_nc_ohc=ATLBRkg9x00Q7kNvwHGuuiZ&_nc_oc=AdpwycLGnewGRLj6RnL5mQiCs_0NTqxd4oH4GMl6wDm3eIpxGfXmsFQrYkStdPzhMefcaTUfKtespIXRuJJzO5Wt&_nc_zt=14&_nc_ht=scontent.fjai6-1.fna&_nc_gid=XrjMZe6b_a21TByE2dTDUA&_nc_ss=7b289&oh=00_Af8kQBYugNzYSo80baEcihFryu5thHhU9AqGpsnx7nWc4g&oe=6A385BB1,,,,,,,
1278467981089648,https://www.facebook.com/61566822665715/,fb.me,https://www.facebook.com/61566822665715/,,,,,,,,,425733257294938,http://fb.me/,Upcoming Property Bangalore,https://www.facebook.com/ads/library/?id=1278467981089648,"Arvind ITPL | Whitefield, Bangalore
✨ Luxury Living Near IT Hubs
Upgrade to premium lifestyle in the heart of Whitefield with unmatched connectivity and modern comforts.

• Spacious 3 & 4 BHK Apartments
• Prime location – ITPL Main Road
• Close to Metro, Phoenix Marketcity, top IT parks
• Ideal for working professionals & families
• High appreciation & rental demand area

💰 Price: ₹2.7 Cr onwards*
🎁 Save up to ₹10 Lakhs (Limited Offer)*

📍 Whitefield, Bangalore",957,Get offer,fb.me,"FACEBOOK; INSTAGRAM; AUDIENCE_NETWORK",2026-05-01,2026-06-17,,Original: https://scontent.fjai6-1.fna.fbcdn.net/v/t39.35426-6/682650797_967611022418523_4700284083323276003_n.jpg?_nc_cat=111&ccb=1-7&_nc_sid=c53f8f&_nc_ohc=8s0vGoyNx2UQ7kNvwE2S-xS&_nc_oc=Ado7DYpn6H4cmr3zS3eNgqhTRZEid1kvV2zqGCfqNjbtZRavwdJOKXHqz_91CF2gc-_Bu04Jx8FppPJ2ihjohhy_&_nc_zt=14&_nc_ht=scontent.fjai6-1.fna&_nc_gid=CZ77mUdlsxXNgn0dkdHfIA&_nc_ss=7b289&oh=00_Af_3_bchXCkKtvcvbhprXDGELSK12MKyMK7Ukwu0eYlYng&oe=6A385F6F | Resized: https://scontent.fjai6-1.fna.fbcdn.net/v/t39.35426-6/682677745_845982511208010_7425785357703277603_n.jpg?stp=dst-jpg_s600x600_tt6&_nc_cat=106&ccb=1-7&_nc_sid=c53f8f&_nc_ohc=j9TVQEbjlRoQ7kNvwEoK6jD&_nc_oc=Adr9Wmrm28lTHpsSpRSVHsCEl6pM8LsdDlwMlQDG78YAWBg4eS-AsSiUMcget9EtKQonxG8rlNkfoouUeoltKlAR&_nc_zt=14&_nc_ht=scontent.fjai6-1.fna&_nc_gid=CZ77mUdlsxXNgn0dkdHfIA&_nc_ss=7b289&oh=00_Af-R7lKcFFsw7sp-AN1dv6KOHmafBwLBzkdv_f3DwwMr5A&oe=6A382FB1,,,,,,
1651529215965693,https://www.facebook.com/hyderabadrealty12/,asblrtcxroads.com,https://www.facebook.com/hyderabadrealty12/,,,,,02400006640,,,,542723612256681,https://asblrtcxroads.com/?utm_source=FIM&utm_medium=CPM&utm_campaign=Awareness04&utm_content=Video,Hyderabad Realty,https://www.facebook.com/ads/library/?id=1651529215965693,"The wait is over. Hyderabad's most talked-about new launch has arrived at RTC X Roads.
🏙️ High-Rise Gated Community in the heart of the city
🔗 Unmatched Central Connectivity
🏛️ 3 Iconic Towers | G+50 Floors
✨ Modern living, redefined — right in Central Hyderabad.
Be among the first to know.",399,Sign up,asblrtcxroads.com,"FACEBOOK; INSTAGRAM; MESSENGER; WHATSAPP; THREADS",2026-06-09,2026-06-17,,,"The wait is over. Hyderabad's most talked-about new launch has arrived at RTC X Roads.
🏙️ High-Rise Gated Community in the heart of the city
🔗 Unmatched Central Connectivity
🏛️ 3 Iconic Towers | G+50 Floors
✨ Modern living, redefined — right in Central Hyderabad.
Be among the first to know. || The wait is over. Hyderabad's most talked-about new launch has arrived at RTC X Roads.
🏙️ High-Rise Gated Community in the heart of the city
🔗 Unmatched Central Connectivity
🏛️ 3 Iconic Towers | G+50 Floors
✨ Modern living, redefined — right in Central Hyderabad.
Be among the first to know. || The wait is over. Hyderabad's most talked-about new launch has arrived at RTC X Roads.
🏙️ High-Rise Gated Community in the heart of the city
🔗 Unmatched Central Connectivity
🏛️ 3 Iconic Towers | G+50 Floors
✨ Modern living, redefined — right in Central Hyderabad.
Be among the first to know. || The wait is over. Hyderabad's most talked-about new launch has arrived at RTC X Roads.
🏙️ High-Rise Gated Community in the heart of the city
🔗 Unmatched Central Connectivity
🏛️ 3 Iconic Towers | G+50 Floors
✨ Modern living, redefined — right in Central Hyderabad.
Be among the first to know. || The wait is over. Hyderabad's most talked-about new launch has arrived at RTC X Roads.
🏙️ High-Rise Gated Community in the heart of the city
🔗 Unmatched Central Connectivity
🏛️ 3 Iconic Towers | G+50 Floors
✨ Modern living, redefined — right in Central Hyderabad.
Be among the first to know. || The wait is over. Hyderabad's most talked-about new launch has arrived at RTC X Roads.
🏙️ High-Rise Gated Community in the heart of the city
🔗 Unmatched Central Connectivity
🏛️ 3 Iconic Towers | G+50 Floors
✨ Modern living, redefined — right in Central Hyderabad.
Be among the first to know. || The wait is over. Hyderabad's most talked-about new launch has arrived at RTC X Roads.
🏙️ High-Rise Gated Community in the heart of the city
🔗 Unmatched Central Connectivity
🏛️ 3 Iconic Towers | G+50 Floors
✨ Modern living, redefined — right in Central Hyderabad.
Be among the first to know.",https://asblrtcxroads.com/?utm_source=FIM&utm_medium=CPM&utm_campaign=Awareness04&utm_content=Video || https://asblrtcxroads.com/?utm_source=FIM&utm_medium=CPM&utm_campaign=Awareness04&utm_content=Video || https://asblrtcxroads.com/?utm_source=FIM&utm_medium=CPM&utm_campaign=Awareness04&utm_content=Video || https://asblrtcxroads.com/?utm_source=FIM&utm_medium=CPM&utm_campaign=Awareness04&utm_content=Video || https://asblrtcxroads.com/?utm_source=FIM&utm_medium=CPM&utm_campaign=Awareness04&utm_content=Video || https://asblrtcxroads.com/?utm_source=FIM&utm_medium=CPM&utm_campaign=Awareness04&utm_content=Video || https://asblrtcxroads.com/?utm_source=FIM&utm_medium=CPM&utm_campaign=Awareness04&utm_content=Video,asblrtcxroads.com || asblrtcxroads.com || asblrtcxroads.com || asblrtcxroads.com || asblrtcxroads.com || asblrtcxroads.com || asblrtcxroads.com,Sign Up || Sign Up || Sign Up || Sign Up || Sign Up || Sign Up || Sign Up,,HD: https://video.fjai6-1.fna.fbcdn.net/o1/v/t2/f2/m366/AQMipXQcTkgtZuw9ULqvA3_63rPObARrRQFT-l2EtcYj8B3cGUjQojCu2kWebB4iuufVEEH_3gw_Wb6RM8dPQ-X2ZEC-tagZv6hbWT436FfKOA.mp4?_nc_cat=101&_nc_oc=AdqLaRAKA8rB_koVuuKZPFhS5hIUn1rWqWw8NLlm2_QgZYHnatdjZOqtIMMmcgcuIiqg85x5-j2SyDnJ6wu5kYEh&_nc_sid=b66105&_nc_ht=video.fjai6-1.fna.fbcdn.net&_nc_ohc=ps_Adlv-vvMQ7kNvwHOWrjF&efg=eyJ2ZW5jb2RlX3RhZyI6Inhwdl9wcm9ncmVzc2l2ZS5WSV9VU0VDQVNFX1BST0RVQ1RfVFlQRS4uQzMuNzIwLmRhc2hfaDI2NC1iYXNpYy1nZW4yXzcyMHAiLCJ4cHZfYXNzZXRfaWQiOjE5OTAwODgzNzE5MDEwNDIsImFzc2V0X2FnZV9kYXlzIjoyNywidmlfdXNlY2FzZV9pZCI6MTA3OTksImR1cmF0aW9uX3MiOjIyLCJ1cmxnZW5fc291cmNlIjoid3d3In0%3D&ccb=17-1&vs=1cea22ae1999127c&_nc_vs=HBksFQIYRWZiX2VwaGVtZXJhbC8xMDQzNjUzNzY0NTgzNEZCNzQ2M0FENjg4MUNDNUFBRl9tdF8xX3ZpZGVvX2Rhc2hpbml0Lm1wNBUAAsgBEgAVAhhAZmJfcGVybWFuZW50LzM2NEFDMzNCMDkwRUM4NTM5NjU2MzcxQjUxOTI1NUI0X2F1ZGlvX2Rhc2hpbml0Lm1wNBUCAsgBEgAoABgAGwKIB3VzZV9vaWwBMRJwcm9ncmVzc2l2ZV9yZWNpcGUBMRUAACbkydTnsf6IBxUCKAJDMywXQDaj1wo9cKQYGWRhc2hfaDI2NC1iYXNpYy1nZW4yXzcyMHARAHUAZd6oAQA&_nc_gid=CZ77mUdlsxXNgn0dkdHfIA&_nc_ss=7b289&_nc_zt=28&oh=00_Af_IgpwAuv95BLa_Ok5p1x-DcNlwombjdDVCHKXH3TgFPg&oe=6A38497F | SD: https://video.fjai6-1.fna.fbcdn.net/o1/v/t2/f2/m412/AQMyuNtrU3TxALGGzYyuDod687d6Az8oNpxLegtNeqeHMLkg6f8utb6zfzv2gYEUBbfo-jwA47WrF7qSDkdM0_FLnzgOb7CzQX62qHFrAw.mp4?_nc_cat=105&_nc_oc=AdrMFltiWxGuaeN5nrrMCsnz3SzHBV_DMy8FkkmaBSIoLDoY7KhkMVgb1olXj8aDe31tMS8NbuU_Fehjtqt2Y8nV&_nc_sid=ef5aa3&_nc_ht=video.fjai6-1.fna.fbcdn.net&_nc_ohc=Wkcvs5ZDW-QQ7kNvwEtQ07L&efg=eyJ2ZW5jb2RlX3RhZyI6Inhwdl9wcm9ncmVzc2l2ZS5WSV9VU0VDQVNFX1BST0RVQ1RfVFlQRS4uQzMuMzYwLnN2ZV9zZCIsInhwdl9hc3NldF9pZCI6MTk5MDA4ODM3MTkwMTA0MiwiYXNzZXRfYWdlX2RheXMiOjI3LCJ2aV91c2VjYXNlX2lkIjoxMDc5OSwiZHVyYXRpb25fcyI6MjIsInVybGdlbl9zb3VyY2UiOiJ3d3cifQ%3D%3D&ccb=17-1&_nc_gid=CZ77mUdlsxXNgn0dkdHfIA&_nc_ss=7b289&_nc_zt=28&oh=00_Af-B180NBqOgejgZP0xBgjPOBI2Rq6pwGHxcHBXXLxlCew&oe=6A3830FD | Preview: https://scontent.fjai6-1.fna.fbcdn.net/v/t39.35426-6/710755908_863393490134136_3150837047055824083_n.jpg?_nc_cat=111&ccb=1-7&_nc_sid=c53f8f&_nc_ohc=nS4uCgSPoi8Q7kNvwFQc74n&_nc_oc=AdrsrqWNIzUtTy21XBAkj-cgKeYX0Ma04XbuydsPF2-ok-0W4IjrczjoSVNmEiCkgyaiElfY1LUJaMYHAK6evRgM&_nc_zt=14&_nc_ht=scontent.fjai6-1.fna&_nc_gid=CZ77mUdlsxXNgn0dkdHfIA&_nc_ss=7b289&oh=00_Af-azyTOvYBuRkE6H1dDUHjeEG0KVD28puhlXZNf3NWtzw&oe=6A3843C3 || HD: https://video.fjai6-1.fna.fbcdn.net/o1/v/t2/f2/m366/AQMipXQcTkgtZuw9ULqvA3_63rPObARrRQFT-l2EtcYj8B3cGUjQojCu2kWebB4iuufVEEH_3gw_Wb6RM8dPQ-X2ZEC-tagZv6hbWT436FfKOA.mp4?_nc_cat=101&_nc_oc=AdqLaRAKA8rB_koVuuKZPFhS5hIUn1rWqWw8NLlm2_QgZYHnatdjZOqtIMMmcgcuIiqg85x5-j2SyDnJ6wu5kYEh&_nc_sid=b66105&_nc_ht=video.fjai6-1.fna.fbcdn.net&_nc_ohc=ps_Adlv-vvMQ7kNvwHOWrjF&efg=eyJ2ZW5jb2RlX3RhZyI6Inhwdl9wcm9ncmVzc2l2ZS5WSV9VU0VDQVNFX1BST0RVQ1RfVFlQRS4uQzMuNzIwLmRhc2hfaDI2NC1iYXNpYy1nZW4yXzcyMHAiLCJ4cHZfYXNzZXRfaWQiOjE5OTAwODgzNzE5MDEwNDIsImFzc2V0X2FnZV9kYXlzIjoyNywidmlfdXNlY2FzZV9pZCI6MTA3OTksImR1cmF0aW9uX3MiOjIyLCJ1cmxnZW5fc291cmNlIjoid3d3In0%3D&ccb=17-1&vs=1cea22ae1999127c&_nc_vs=HBksFQIYRWZiX2VwaGVtZXJhbC8xMDQzNjUzNzY0NTgzNEZCNzQ2M0FENjg4MUNDNUFBRl9tdF8xX3ZpZGVvX2Rhc2hpbml0Lm1wNBUAAsgBEgAVAhhAZmJfcGVybWFuZW50LzM2NEFDMzNCMDkwRUM4NTM5NjU2MzcxQjUxOTI1NUI0X2F1ZGlvX2Rhc2hpbml0Lm1wNBUCAsgBEgAoABgAGwKIB3VzZV9vaWwBMRJwcm9ncmVzc2l2ZV9yZWNpcGUBMRUAACbkydTnsf6IBxUCKAJDMywXQDaj1wo9cKQYGWRhc2hfaDI2NC1iYXNpYy1nZW4yXzcyMHARAHUAZd6oAQA&_nc_gid=CZ77mUdlsxXNgn0dkdHfIA&_nc_ss=7b289&_nc_zt=28&oh=00_Af_IgpwAuv95BLa_Ok5p1x-DcNlwombjdDVCHKXH3TgFPg&oe=6A38497F | SD: https://video.fjai6-1.fna.fbcdn.net/o1/v/t2/f2/m412/AQMyuNtrU3TxALGGzYyuDod687d6Az8oNpxLegtNeqeHMLkg6f8utb6zfzv2gYEUBbfo-jwA47WrF7qSDkdM0_FLnzgOb7CzQX62qHFrAw.mp4?_nc_cat=105&_nc_oc=AdrMFltiWxGuaeN5nrrMCsnz3SzHBV_DMy8FkkmaBSIoLDoY7KhkMVgb1olXj8aDe31tMS8NbuU_Fehjtqt2Y8nV&_nc_sid=ef5aa3&_nc_ht=video.fjai6-1.fna.fbcdn.net&_nc_ohc=Wkcvs5ZDW-QQ7kNvwEtQ07L&efg=eyJ2ZW5jb2RlX3RhZyI6Inhwdl9wcm9ncmVzc2l2ZS5WSV9VU0VDQVNFX1BST0RVQ1RfVFlQRS4uQzMuMzYwLnN2ZV9zZCIsInhwdl9hc3NldF9pZCI6MTk5MDA4ODM3MTkwMTA0MiwiYXNzZXRfYWdlX2RheXMiOjI3LCJ2aV91c2VjYXNlX2lkIjoxMDc5OSwiZHVyYXRpb25fcyI6MjIsInVybGdlbl9zb3VyY2UiOiJ3d3cifQ%3D%3D&ccb=17-1&_nc_gid=CZ77mUdlsxXNgn0dkdHfIA&_nc_ss=7b289&_nc_zt=28&oh=00_Af-B180NBqOgejgZP0xBgjPOBI2Rq6pwGHxcHBXXLxlCew&oe=6A3830FD | Preview: https://scontent.fjai6-1.fna.fbcdn.net/v/t39.35426-6/710755908_863393490134136_3150837047055824083_n.jpg?_nc_cat=111&ccb=1-7&_nc_sid=c53f8f&_nc_ohc=nS4uCgSPoi8Q7kNvwFQc74n&_nc_oc=AdrsrqWNIzUtTy21XBAkj-cgKeYX0Ma04XbuydsPF2-ok-0W4IjrczjoSVNmEiCkgyaiElfY1LUJaMYHAK6evRgM&_nc_zt=14&_nc_ht=scontent.fjai6-1.fna&_nc_gid=CZ77mUdlsxXNgn0dkdHfIA&_nc_ss=7b289&oh=00_Af-azyTOvYBuRkE6H1dDUHjeEG0KVD28puhlXZNf3NWtzw&oe=6A3843C3 || HD: https://video.fjai6-1.fna.fbcdn.net/o1/v/t2/f2/m366/AQMB4JtT_kKqoyOsnDgA5LgU4n9xzzYElZD4VbArKzv5o_N-l__1c2awPHTqIwYpse4HSwRnfCXpkC6XKUe46PgDScyiRIrlqrAm9huG8_fOOg.mp4?_nc_cat=106&_nc_oc=Adoh_ujPahQFp1RlOa_aEVbOwXvFL2M-IgYopfLEil-k7ex3d6YqYMOgQ59YJkXxg13WN8ptwK14duLr2Tjsz4dA&_nc_sid=b66105&_nc_ht=video.fjai6-1.fna.fbcdn.net&_nc_ohc=SYAGG0ogCGwQ7kNvwHB3t_a&efg=eyJ2ZW5jb2RlX3RhZyI6Inhwdl9wcm9ncmVzc2l2ZS5WSV9VU0VDQVNFX1BST0RVQ1RfVFlQRS4uQzMuNzIwLmRhc2hfaDI2NC1iYXNpYy1nZW4yXzcyMHAiLCJ4cHZfYXNzZXRfaWQiOjE1MzQ0MjU0MDE3MzIxMjYsImFzc2V0X2FnZV9kYXlzIjoyNywidmlfdXNlY2FzZV9pZCI6MTA3OTksImR1cmF0aW9uX3MiOjIyLCJ1cmxnZW5fc291cmNlIjoid3d3In0%3D&ccb=17-1&vs=12dbf9eb45a0b060&_nc_vs=HBksFQIYRWZiX2VwaGVtZXJhbC84MjQ3NzMyRjNEMjFCNEUyMkMxM0YwMjEzNjZEODlCQ19tdF8xX3ZpZGVvX2Rhc2hpbml0Lm1wNBUAAsgBEgAVAhhAZmJfcGVybWFuZW50LzExNEFGRDEwMDA5OEU1RTczN0UxNUE1Q0UzNTkyOUE4X2F1ZGlvX2Rhc2hpbml0Lm1wNBUCAsgBEgAoABgAGwKIB3VzZV9vaWwBMRJwcm9ncmVzc2l2ZV9yZWNpcGUBMRUAACa8sImQqOO5BRUCKAJDMywXQDaj1wo9cKQYGWRhc2hfaDI2NC1iYXNpYy1nZW4yXzcyMHARAHUAZd6oAQA&_nc_gid=CZ77mUdlsxXNgn0dkdHfIA&_nc_ss=7b289&_nc_zt=28&oh=00_Af8koRCxCtdpt4frDbWdWUNB3hlMEo7Kj-SsiNGW35IIog&oe=6A38541E | SD: https://video.fjai6-1.fna.fbcdn.net/o1/v/t2/f2/m412/AQOI8KVFNYSZWszUsnhwLX39ewWOme0VVWVz2S8eWJnZ7n1yjVuY_8bhYN89Qe8fsPCoTYIkCPLPYrvWJJ83XlCtWgprOS8ZTdVqkdtq1A.mp4?_nc_cat=108&_nc_oc=AdoJHi8a9s6bglXFIQ7bWm58jrNpzlryvhjQKG4ZI3MxZlwOwwTHlUtql4PI_RbpjuwZljCew14mbi5qSJ2qXDuG&_nc_sid=ef5aa3&_nc_ht=video.fjai6-1.fna.fbcdn.net&_nc_ohc=MZ4rOFP2ChcQ7kNvwGZOzBN&efg=eyJ2ZW5jb2RlX3RhZyI6Inhwdl9wcm9ncmVzc2l2ZS5WSV9VU0VDQVNFX1BST0RVQ1RfVFlQRS4uQzMuMzYwLnN2ZV9zZCIsInhwdl9hc3NldF9pZCI6MTUzNDQyNTQwMTczMjEyNiwiYXNzZXRfYWdlX2RheXMiOjI3LCJ2aV91c2VjYXNlX2lkIjoxMDc5OSwiZHVyYXRpb25fcyI6MjIsInVybGdlbl9zb3VyY2UiOiJ3d3cifQ%3D%3D&ccb=17-1&_nc_gid=CZ77mUdlsxXNgn0dkdHfIA&_nc_ss=7b289&_nc_zt=28&oh=00_Af_EHGsnlbVbwcnAntSnqB6zYllA_UnaGLQzq8rcNOHbzQ&oe=6A385ACE | Preview: https://scontent.fjai6-1.fna.fbcdn.net/v/t39.35426-6/710745890_4366913986957363_7471470271320257494_n.jpg?_nc_cat=102&ccb=1-7&_nc_sid=c53f8f&_nc_ohc=U-qoMO8dbbYQ7kNvwHF9hPE&_nc_oc=AdpgmXKe-mEdpfZGdg8BNB14hL0SSxemT5vxajtPrgiDaoOb3eDZ6P2p_4x-_T5zaDDAOnrJCGfdffDWmiq1j0iy&_nc_zt=14&_nc_ht=scontent.fjai6-1.fna&_nc_gid=CZ77mUdlsxXNgn0dkdHfIA&_nc_ss=7b289&oh=00_Af-kxIMQUf_CE42pWwP88Q1bKhNFP-DiTTvi0xcfNe8Htw&oe=6A38445B || HD: https://video.fjai6-1.fna.fbcdn.net/o1/v/t2/f2/m366/AQPtis1hSL0BKjJzzPvJgVN34izYXnnrZt1HPc0HzGe0mOLPDtbMdA3UuJW3VF4_G0Mfff5-IdAkBesstTrDA5KEBM5N8AYfcefqs1mhnCoIHg.mp4?_nc_cat=100&_nc_oc=AdpOs8KGxMERyAGjBduYTNmYyxF9vjSsujabPYXfd2Yz3P0cPXp1hGiy4_BbV_zP_fLWFUHgbQFYVxAJATvHtjvk&_nc_sid=b66105&_nc_ht=video.fjai6-1.fna.fbcdn.net&_nc_ohc=9S9wx6L-I3AQ7kNvwF--EtX&efg=eyJ2ZW5jb2RlX3RhZyI6Inhwdl9wcm9ncmVzc2l2ZS5WSV9VU0VDQVNFX1BST0RVQ1RfVFlQRS4uQzMuNzIwLmRhc2hfaDI2NC1iYXNpYy1nZW4yXzcyMHAiLCJ4cHZfYXNzZXRfaWQiOjE5NzIyMTU4MTAwODkwNDUsImFzc2V0X2FnZV9kYXlzIjoyNywidmlfdXNlY2FzZV9pZCI6MTA3OTksImR1cmF0aW9uX3MiOjIyLCJ1cmxnZW5fc291cmNlIjoid3d3In0%3D&ccb=17-1&vs=6c45eabea7019c94&_nc_vs=HBksFQIYRWZiX2VwaGVtZXJhbC9GQjRFQ0IyMzRFMkFBRTg3QjFCNTQ4NjA1OTIzODk5M19tdF8xX3ZpZGVvX2Rhc2hpbml0Lm1wNBUAAsgBEgAVAhhAZmJfcGVybWFuZW50LzNFNEM2Q0E0MDkzREVGQzFFNDhBNTIyQUQxRDY4RUE3X2F1ZGlvX2Rhc2hpbml0Lm1wNBUCAsgBEgAoABgAGwKIB3VzZV9vaWwBMRJwcm9ncmVzc2l2ZV9yZWNpcGUBMRUAACaqgb_siO6ABxUCKAJDMywXQDaj1wo9cKQYGWRhc2hfaDI2NC1iYXNpYy1nZW4yXzcyMHARAHUAZd6oAQA&_nc_gid=CZ77mUdlsxXNgn0dkdHfIA&_nc_ss=7b289&_nc_zt=28&oh=00_Af8RqhV72sV9qOOtd9bE5Q0NIt6c454qtSG01WefnvkP_g&oe=6A3866B0 | SD: https://video.fjai6-1.fna.fbcdn.net/o1/v/t2/f2/m412/AQNGWYd0rxPGTPU2RCwuzItp2Ls7HkRcTKi7_7J9SxFQjakpLrLqy1JkNPlfgEzHQHaIzVTHEvuyMOFW9oHdzbaQISqP6Mg5c3J_yCakiQ.mp4?_nc_cat=100&_nc_oc=AdqM0pQwGxzdH1fhjoWJ1pl-_t5R0zU1e0YqHu_qq__scsMnel7gMMrtQVTD2-M7jQWRdyRBHp2yvVk7IAlNIAPQ&_nc_sid=ef5aa3&_nc_ht=video.fjai6-1.fna.fbcdn.net&_nc_ohc=4ucx0BLZaq0Q7kNvwGKZeaO&efg=eyJ2ZW5jb2RlX3RhZyI6Inhwdl9wcm9ncmVzc2l2ZS5WSV9VU0VDQVNFX1BST0RVQ1RfVFlQRS4uQzMuMzYwLnN2ZV9zZCIsInhwdl9hc3NldF9pZCI6MTk3MjIxNTgxMDA4OTA0NSwiYXNzZXRfYWdlX2RheXMiOjI3LCJ2aV91c2VjYXNlX2lkIjoxMDc5OSwiZHVyYXRpb25fcyI6MjIsInVybGdlbl9zb3VyY2UiOiJ3d3cifQ%3D%3D&ccb=17-1&_nc_gid=CZ77mUdlsxXNgn0dkdHfIA&_nc_ss=7b289&_nc_zt=28&oh=00_Af933rC2WoKm0d83WESvnZE58HxDK1dbBlc_cb0OWC4F7A&oe=6A384832 | Preview: https://scontent.fjai6-1.fna.fbcdn.net/v/t39.35426-6/710755172_1966711457286790_6468840449435176322_n.jpg?_nc_cat=105&ccb=1-7&_nc_sid=c53f8f&_nc_ohc=pLGjp4kMXF8Q7kNvwF4yaUb&_nc_oc=Adq7ApTOaC8yA6sclq3w9k6xV2WbpF0Jatzxl2_FESH7judzHy6W24zLFlJ37e2__PIlIu8ZF9ZCe8DufCv60cpM&_nc_zt=14&_nc_ht=scontent.fjai6-1.fna&_nc_gid=CZ77mUdlsxXNgn0dkdHfIA&_nc_ss=7b289&oh=00_Af8Dlia-UL1JTiNhIWKRujwTldgskWP7EfOwAOkUZuEKPA&oe=6A38447E || HD: https://video.fjai6-1.fna.fbcdn.net/o1/v/t2/f2/m366/AQPtis1hSL0BKjJzzPvJgVN34izYXnnrZt1HPc0HzGe0mOLPDtbMdA3UuJW3VF4_G0Mfff5-IdAkBesstTrDA5KEBM5N8AYfcefqs1mhnCoIHg.mp4?_nc_cat=100&_nc_oc=AdpOs8KGxMERyAGjBduYTNmYyxF9vjSsujabPYXfd2Yz3P0cPXp1hGiy4_BbV_zP_fLWFUHgbQFYVxAJATvHtjvk&_nc_sid=b66105&_nc_ht=video.fjai6-1.fna.fbcdn.net&_nc_ohc=9S9wx6L-I3AQ7kNvwF--EtX&efg=eyJ2ZW5jb2RlX3RhZyI6Inhwdl9wcm9ncmVzc2l2ZS5WSV9VU0VDQVNFX1BST0RVQ1RfVFlQRS4uQzMuNzIwLmRhc2hfaDI2NC1iYXNpYy1nZW4yXzcyMHAiLCJ4cHZfYXNzZXRfaWQiOjE5NzIyMTU4MTAwODkwNDUsImFzc2V0X2FnZV9kYXlzIjoyNywidmlfdXNlY2FzZV9pZCI6MTA3OTksImR1cmF0aW9uX3MiOjIyLCJ1cmxnZW5fc291cmNlIjoid3d3In0%3D&ccb=17-1&vs=6c45eabea7019c94&_nc_vs=HBksFQIYRWZiX2VwaGVtZXJhbC9GQjRFQ0IyMzRFMkFBRTg3QjFCNTQ4NjA1OTIzODk5M19tdF8xX3ZpZGVvX2Rhc2hpbml0Lm1wNBUAAsgBEgAVAhhAZmJfcGVybWFuZW50LzNFNEM2Q0E0MDkzREVGQzFFNDhBNTIyQUQxRDY4RUE3X2F1ZGlvX2Rhc2hpbml0Lm1wNBUCAsgBEgAoABgAGwKIB3VzZV9vaWwBMRJwcm9ncmVzc2l2ZV9yZWNpcGUBMRUAACaqgb_siO6ABxUCKAJDMywXQDaj1wo9cKQYGWRhc2hfaDI2NC1iYXNpYy1nZW4yXzcyMHARAHUAZd6oAQA&_nc_gid=CZ77mUdlsxXNgn0dkdHfIA&_nc_ss=7b289&_nc_zt=28&oh=00_Af8RqhV72sV9qOOtd9bE5Q0NIt6c454qtSG01WefnvkP_g&oe=6A3866B0 | SD: https://video.fjai6-1.fna.fbcdn.net/o1/v/t2/f2/m412/AQNGWYd0rxPGTPU2RCwuzItp2Ls7HkRcTKi7_7J9SxFQjakpLrLqy1JkNPlfgEzHQHaIzVTHEvuyMOFW9oHdzbaQISqP6Mg5c3J_yCakiQ.mp4?_nc_cat=100&_nc_oc=AdqM0pQwGxzdH1fhjoWJ1pl-_t5R0zU1e0YqHu_qq__scsMnel7gMMrtQVTD2-M7jQWRdyRBHp2yvVk7IAlNIAPQ&_nc_sid=ef5aa3&_nc_ht=video.fjai6-1.fna.fbcdn.net&_nc_ohc=4ucx0BLZaq0Q7kNvwGKZeaO&efg=eyJ2ZW5jb2RlX3RhZyI6Inhwdl9wcm9ncmVzc2l2ZS5WSV9VU0VDQVNFX1BST0RVQ1RfVFlQRS4uQzMuMzYwLnN2ZV9zZCIsInhwdl9hc3NldF9pZCI6MTk3MjIxNTgxMDA4OTA0NSwiYXNzZXRfYWdlX2RheXMiOjI3LCJ2aV91c2VjYXNlX2lkIjoxMDc5OSwiZHVyYXRpb25fcyI6MjIsInVybGdlbl9zb3VyY2UiOiJ3d3cifQ%3D%3D&ccb=17-1&_nc_gid=CZ77mUdlsxXNgn0dkdHfIA&_nc_ss=7b289&_nc_zt=28&oh=00_Af933rC2WoKm0d83WESvnZE58HxDK1dbBlc_cb0OWC4F7A&oe=6A384832 | Preview: https://scontent.fjai6-1.fna.fbcdn.net/v/t39.35426-6/710755172_1966711457286790_6468840449435176322_n.jpg?_nc_cat=105&ccb=1-7&_nc_sid=c53f8f&_nc_ohc=pLGjp4kMXF8Q7kNvwF4yaUb&_nc_oc=Adq7ApTOaC8yA6sclq3w9k6xV2WbpF0Jatzxl2_FESH7judzHy6W24zLFlJ37e2__PIlIu8ZF9ZCe8DufCv60cpM&_nc_zt=14&_nc_ht=scontent.fjai6-1.fna&_nc_gid=CZ77mUdlsxXNgn0dkdHfIA&_nc_ss=7b289&oh=00_Af8Dlia-UL1JTiNhIWKRujwTldgskWP7EfOwAOkUZuEKPA&oe=6A38447E || HD: https://video.fjai6-1.fna.fbcdn.net/o1/v/t2/f2/m366/AQOCCnk0KnXmIRDE4PkbFl5i5cFsbi5weuAlB9Xoc4oluQzCAgK4G5p8CiKk6YG-D40CvGjBZtZwoIH1fju3lajtc3oqEXd_-NF9FjHesLB36A.mp4?_nc_cat=105&_nc_oc=AdoU2OOXywPaKae_SxHrj_yYKF3gDqKJY_BuFuiuM0-CkAz8K7pSfQiz9o-Vvu81RvM5b8meHQXka7dyHiDZFWdC&_nc_sid=b66105&_nc_ht=video.fjai6-1.fna.fbcdn.net&_nc_ohc=2EzINC1Tg9YQ7kNvwGJf7c4&efg=eyJ2ZW5jb2RlX3RhZyI6Inhwdl9wcm9ncmVzc2l2ZS5WSV9VU0VDQVNFX1BST0RVQ1RfVFlQRS4uQzMuNzIwLmRhc2hfaDI2NC1iYXNpYy1nZW4yXzcyMHAiLCJ4cHZfYXNzZXRfaWQiOjIxMjExODgwNTUxMDY0NzgsImFzc2V0X2FnZV9kYXlzIjoxOCwidmlfdXNlY2FzZV9pZCI6MTA3OTksImR1cmF0aW9uX3MiOjIyLCJ1cmxnZW5fc291cmNlIjoid3d3In0%3D&ccb=17-1&vs=dec44d950996a8d1&_nc_vs=HBksFQIYRWZiX2VwaGVtZXJhbC9EMDQ1NzM1QUMzMEUxN0VEQjA1OTYxQjM5QTQxNEVBOF9tdF8xX3ZpZGVvX2Rhc2hpbml0Lm1wNBUAAsgBEgAVAhhAZmJfcGVybWFuZW50LzExNDY3NTgzRjUzNUY5OUQ1MjYyQ0Q4NEFFQkQ3MkIwX2F1ZGlvX2Rhc2hpbml0Lm1wNBUCAsgBEgAoABgAGwKIB3VzZV9vaWwBMRJwcm9ncmVzc2l2ZV9yZWNpcGUBMRUAACbcjrbIss3EBxUCKAJDMywXQDaj1wo9cKQYGWRhc2hfaDI2NC1iYXNpYy1nZW4yXzcyMHARAHUAZd6oAQA&_nc_gid=CZ77mUdlsxXNgn0dkdHfIA&_nc_ss=7b289&_nc_zt=28&oh=00_Af_1V4sxrxrCcdYqMtmm6fIIRXitvyXpRR8TD_kLzbWbuw&oe=6A3847EF | SD: https://video.fjai6-1.fna.fbcdn.net/o1/v/t2/f2/m412/AQNy0CxjwAcf77iflq2IBbAkEk7iw6vnQ6t8bjZshBS6lJhCjPkYGMsEpU57ucVCIpR3OPxhp1L9DhE7zlnyfh7mYSNt8nSwZLP0paOFVQ.mp4?_nc_cat=100&_nc_oc=Adq_g8TH-ohdhVcAT_MjAMPYM0oN1tLOkCjdgU6o-NfnINGr1QWnoN4pwyXileE8u79E881lCX11JrMFQuEA4n9G&_nc_sid=ef5aa3&_nc_ht=video.fjai6-1.fna.fbcdn.net&_nc_ohc=eGjopRPgtSQQ7kNvwGJCa-l&efg=eyJ2ZW5jb2RlX3RhZyI6Inhwdl9wcm9ncmVzc2l2ZS5WSV9VU0VDQVNFX1BST0RVQ1RfVFlQRS4uQzMuMzYwLnN2ZV9zZCIsInhwdl9hc3NldF9pZCI6MjEyMTE4ODA1NTEwNjQ3OCwiYXNzZXRfYWdlX2RheXMiOjE4LCJ2aV91c2VjYXNlX2lkIjoxMDc5OSwiZHVyYXRpb25fcyI6MjIsInVybGdlbl9zb3VyY2UiOiJ3d3cifQ%3D%3D&ccb=17-1&_nc_gid=CZ77mUdlsxXNgn0dkdHfIA&_nc_ss=7b289&_nc_zt=28&oh=00_Af8LCHT-LTz2mxEsPmF7TTtc_D-pXoC-xhY_cr_FURV6UA&oe=6A3835F2 | Preview: https://scontent.fjai6-1.fna.fbcdn.net/v/t39.35426-6/710755321_940374795721764_5453627114745212001_n.jpg?_nc_cat=110&ccb=1-7&_nc_sid=c53f8f&_nc_ohc=JBAOTi3Ww1QQ7kNvwF9s4Ii&_nc_oc=AdqgiZQFkCv4wDI4n4ILDSwsExiFE_I8cIYaVd8CJjMo8sVBxVtPOfjy4c1xIdewLg60JX3sfi0V8YUZ6MkNJ77i&_nc_zt=14&_nc_ht=scontent.fjai6-1.fna&_nc_gid=CZ77mUdlsxXNgn0dkdHfIA&_nc_ss=7b289&oh=00_Af-xAOTlYI3P5vyF1nGr6pYa2Ua1Qza3u4dgBuYEikgbew&oe=6A384129 || HD: https://video.fjai6-1.fna.fbcdn.net/o1/v/t2/f2/m366/AQP0Vs44FdwWFtNUgo79i4tnBHy2ARKG8tIjd9XA6bk_K-6MVtw1AEGmdZ3EPbk8KMc3z3kYf-oscEvpW5fQRENMPx8uOsb_mrgXK8BAqmNa6w.mp4?_nc_cat=110&_nc_oc=AdqsRkcVJyIaw7-VfohGmd0Tw3FcGsOiie_2wVsfl821TZxGQMhXxnPCk8Dwyyjad3XvmrefTENu8c1ZBmXytPYN&_nc_sid=b66105&_nc_ht=video.fjai6-1.fna.fbcdn.net&_nc_ohc=6XaK5TwW9AIQ7kNvwFZ9mW7&efg=eyJ2ZW5jb2RlX3RhZyI6Inhwdl9wcm9ncmVzc2l2ZS5WSV9VU0VDQVNFX1BST0RVQ1RfVFlQRS4uQzMuNzIwLmRhc2hfaDI2NC1iYXNpYy1nZW4yXzcyMHAiLCJ4cHZfYXNzZXRfaWQiOjE1NTU2OTYyMjI4NjM3ODgsImFzc2V0X2FnZV9kYXlzIjoyNywidmlfdXNlY2FzZV9pZCI6MTA3OTksImR1cmF0aW9uX3MiOjIyLCJ1cmxnZW5fc291cmNlIjoid3d3In0%3D&ccb=17-1&vs=69c866b6ccc3e676&_nc_vs=HBksFQIYRWZiX2VwaGVtZXJhbC85RjRCRTBFOTFGNzY1MUQwNTlFMDg0QkIyRDg4RTFCM19tdF8xX3ZpZGVvX2Rhc2hpbml0Lm1wNBUAAsgBEgAVAhhAZmJfcGVybWFuZW50L0M5NEFEOEJEQjlCOTM3Qzk0MEYzQUE3REEwMDRBNEEzX2F1ZGlvX2Rhc2hpbml0Lm1wNBUCAsgBEgAoABgAGwKIB3VzZV9vaWwBMRJwcm9ncmVzc2l2ZV9yZWNpcGUBMRUAACbYhvCLuLnDBRUCKAJDMywXQDaj1wo9cKQYGWRhc2hfaDI2NC1iYXNpYy1nZW4yXzcyMHARAHUAZd6oAQA&_nc_gid=CZ77mUdlsxXNgn0dkdHfIA&_nc_ss=7b289&_nc_zt=28&oh=00_Af82fJi1eJP1lyTYDpw75QzCwtBoiXaMqbtOvfmJMciOZQ&oe=6A385B7A | SD: https://video.fjai6-1.fna.fbcdn.net/o1/v/t2/f2/m412/AQOqKnIwJnsk2esSgK2SCe7kwNlM9MB-d9QVJ6ar2hHV4ouyB_vEPIZupZiv47PqkQo09rWlXn1vLIn_2mVFd6W_NS5dsaXfoGp0GA9rGA.mp4?_nc_cat=101&_nc_oc=AdpyV0xTmdhxTARt5cuPAQ3TE2hzabJlYvYfZNT23nNgRZQYDfQf5UH6EKhgk7mZkPsOEaKa4-bRVgp160LQXnpY&_nc_sid=ef5aa3&_nc_ht=video.fjai6-1.fna.fbcdn.net&_nc_ohc=U3IsS89cqF4Q7kNvwEBSx-y&efg=eyJ2ZW5jb2RlX3RhZyI6Inhwdl9wcm9ncmVzc2l2ZS5WSV9VU0VDQVNFX1BST0RVQ1RfVFlQRS4uQzMuMzYwLnN2ZV9zZCIsInhwdl9hc3NldF9pZCI6MTU1NTY5NjIyMjg2Mzc4OCwiYXNzZXRfYWdlX2RheXMiOjI3LCJ2aV91c2VjYXNlX2lkIjoxMDc5OSwiZHVyYXRpb25fcyI6MjIsInVybGdlbl9zb3VyY2UiOiJ3d3cifQ%3D%3D&ccb=17-1&_nc_gid=CZ77mUdlsxXNgn0dkdHfIA&_nc_ss=7b289&_nc_zt=28&oh=00_Af9K63KQvTAFj3gT3GmRHBlhLmFMIM7GFKhKbk2pARyLZw&oe=6A3865F1 | Preview: https://scontent.fjai6-1.fna.fbcdn.net/v/t39.35426-6/710756151_1518144503253343_7622318120384828063_n.jpg?_nc_cat=101&ccb=1-7&_nc_sid=c53f8f&_nc_ohc=EjoUsfZixUcQ7kNvwGMDc8J&_nc_oc=Adqu85yFoOzLKKFvzP6Jdk86iqLgk4pH3_4La_IHG2XftMnujk-1-LfRNkOTsVl716YoV0gy23DO-8fCXw2b4LoN&_nc_zt=14&_nc_ht=scontent.fjai6-1.fna&_nc_gid=CZ77mUdlsxXNgn0dkdHfIA&_nc_ss=7b289&oh=00_Af8WVMYnRTRLUI6i1WFOftQ4-QINeByY9kOqNzuIT4Ioew&oe=6A38645A
4352160734996526,https://www.facebook.com/61589998691090/,fb.me,https://www.facebook.com/61589998691090/,,,,,,,,,1089188564283165,http://fb.me/,Bangaloreluxuryhomes,https://www.facebook.com/ads/library/?id=4352160734996526,"The smartest capital is moving to North Bengaluru. Sattva City represents the pinnacle of micro-market engineering: a massive 50-acre master-planned city located in Chikkajala, just 10 minutes from KIAB and immediate to the upcoming Doddajala Metro.

With entry for these premium 2, 3 & 4 BHK residences starting at ₹1.6 Crore, this pre-launch phase represents the absolute mathematical optimum for capital appreciation.

Enjoy unprecedented access to 250+ world-class amenities and 4 standalone clubhouses. Secure the best inventory before the public launch drives prices upward.

Apply for priority inventory access today!",1,Get offer,fb.me,"FACEBOOK; INSTAGRAM; AUDIENCE_NETWORK",2026-05-22,2026-06-16,,,Pre-Launch Allocation: Secure the Best Inventory Now. || 50-Acre Urban Forest Living in North Bengaluru. || 10 Mins from KIAB. 4 Clubhouses. 250+ Amenities. || Reserved for Serious Buyers. Capitalize on Best Inventory. || Unlock Priority Pre-Launch Offers Today.,http://fb.me/ || http://fb.me/ || http://fb.me/ || http://fb.me/ || http://fb.me/,fb.me || fb.me || fb.me || fb.me || fb.me,Get Offer || Get Offer || Get Offer || Get Offer || Get Offer,Original: https://scontent.fjai6-1.fna.fbcdn.net/v/t39.35426-6/705286703_1526539902438541_6256216575436506590_n.jpg?_nc_cat=104&ccb=1-7&_nc_sid=c53f8f&_nc_ohc=PCjqMMV3FxkQ7kNvwF7BL1J&_nc_oc=AdrT4l736DNx6VzLhwQDE2twxPWkDbHB_8gx9mTkfH-c3JZoEIaNpD_vMKDjqeOA-G6BPSjJndlLwnpAh4Fyj36B&_nc_zt=14&_nc_ht=scontent.fjai6-1.fna&_nc_gid=QtsMcBfnJnQUkWY30aCrrA&_nc_ss=7b289&oh=00_Af8Oi7AeW97X49vAeg4tgf9aMSkgf-ZRgLTPSDeL3_wDMA&oe=6A38384C | Resized: https://scontent.fjai6-1.fna.fbcdn.net/v/t39.35426-6/704306833_976401488119142_8659916391496394596_n.jpg?stp=dst-jpg_s600x600_tt6&_nc_cat=105&ccb=1-7&_nc_sid=c53f8f&_nc_ohc=JKAVNpZ6KaEQ7kNvwGPNIUm&_nc_oc=AdqNU3T3XbZ4NGQxIl6xG1sq2YwFKgCvEUVgM8AQtPgr1f3RiBtouw7lWy5HSJ7GEjJJOwnI03XwxzHMTT1iK11h&_nc_zt=14&_nc_ht=scontent.fjai6-1.fna&_nc_gid=QtsMcBfnJnQUkWY30aCrrA&_nc_ss=7b289&oh=00_Af9r--uBnYrJM1LlCq48OQYMYAYokr6KCwL39U-4albM_g&oe=6A3864BB || Original: https://scontent.fjai6-1.fna.fbcdn.net/v/t39.35426-6/704206831_812894644989801_7170637822947695396_n.jpg?_nc_cat=100&ccb=1-7&_nc_sid=c53f8f&_nc_ohc=3atZ__jwZ-wQ7kNvwFrEd03&_nc_oc=Ado8BK6ITKr7D4R39BHSuRlfBcQ9bL1ZYxRj3_yRMJAU8kegVkNIv72WL_NEKJw700E8dciSsRVJpFM-33yAF1-W&_nc_zt=14&_nc_ht=scontent.fjai6-1.fna&_nc_gid=QtsMcBfnJnQUkWY30aCrrA&_nc_ss=7b289&oh=00_Af8EnuStW9aHRx3JKqwmAyuBlCBm3hwG0AA5Zqv43HJicw&oe=6A383121 | Resized: https://scontent.fjai6-1.fna.fbcdn.net/v/t39.35426-6/704637019_961383946770954_8937602370734998109_n.jpg?stp=dst-jpg_s600x600_tt6&_nc_cat=105&ccb=1-7&_nc_sid=c53f8f&_nc_ohc=wp9wUfouBhkQ7kNvwGQaI7Y&_nc_oc=Adq5jJg5j7Ph4zrjOt8ZkNnZ2-DwD2Uui0MYx9iNciNiTqmTa4tt5RLsRxPIv_pF-jOafSNA2pbh_sD5sabXPUtl&_nc_zt=14&_nc_ht=scontent.fjai6-1.fna&_nc_gid=QtsMcBfnJnQUkWY30aCrrA&_nc_ss=7b289&oh=00_Af8ueIYHMJW8Fj4zu8f4XSz9iaQsY6BkL-rmZgTbZl12gg&oe=6A3847B0 || Original: https://scontent.fjai6-1.fna.fbcdn.net/v/t39.35426-6/705365471_2855268511501224_4543348889937191561_n.jpg?_nc_cat=109&ccb=1-7&_nc_sid=c53f8f&_nc_ohc=AI-chPxsPysQ7kNvwGJrLj4&_nc_oc=Adp_RivflmYtKL0de3DJeRs-X3XHo2u3D7x1OFkK0E7QKdqWoPw4vSkZz32Of_17GEB4iuWqNJxDxpgbI6HnpcYa&_nc_zt=14&_nc_ht=scontent.fjai6-1.fna&_nc_gid=QtsMcBfnJnQUkWY30aCrrA&_nc_ss=7b289&oh=00_Af8gd4SWiWRJW7jbi0ezpcLB5ZqCGEjnI4LBkjYuEZ1sew&oe=6A38538B | Resized: https://scontent.fjai6-1.fna.fbcdn.net/v/t39.35426-6/705706001_1473361810655462_9220686554521147305_n.jpg?stp=dst-jpg_s600x600_tt6&_nc_cat=101&ccb=1-7&_nc_sid=c53f8f&_nc_ohc=09D9petFa1IQ7kNvwHs9hIX&_nc_oc=AdpJfkYbCmGv5-PziHFNPZA6WExxG2TYRdfvro_unKFTuWMKDKaZfzwa7YGAQ0k6cTvzkmHim0NByXJNCeLZuXDB&_nc_zt=14&_nc_ht=scontent.fjai6-1.fna&_nc_gid=QtsMcBfnJnQUkWY30aCrrA&_nc_ss=7b289&oh=00_Af8PwpafGWTGjQunPNhth6Ki0ZV8Ttck1G0Je8felepleQ&oe=6A38334C || Original: https://scontent.fjai6-1.fna.fbcdn.net/v/t39.35426-6/704801766_1686424169356702_5428832075686257490_n.jpg?_nc_cat=104&ccb=1-7&_nc_sid=c53f8f&_nc_ohc=5c5ECqhqI48Q7kNvwFt-8h-&_nc_oc=Adoa0JRe1flEL0cHtrPHZLkPgwi7kxb5mXEZZuaQEpaK4E2FtQIQcr9RbdTZPYme0Cmok0fd8EMesUKTIFmVZAUq&_nc_zt=14&_nc_ht=scontent.fjai6-1.fna&_nc_gid=QtsMcBfnJnQUkWY30aCrrA&_nc_ss=7b289&oh=00_Af_iquKHiB0GSjNetEigOvSUaJ5zjkr50zJAl2JVDJoLAA&oe=6A383979 | Resized: https://scontent.fjai6-1.fna.fbcdn.net/v/t39.35426-6/704206831_978191957954755_5600009160475391965_n.jpg?stp=dst-jpg_s600x600_tt6&_nc_cat=101&ccb=1-7&_nc_sid=c53f8f&_nc_ohc=e20sB_R9NXYQ7kNvwHdtIHU&_nc_oc=AdoP5UwvHt1xAxIg4QWZHlXm5Cwlds5WZHM48DNjY9FBYbKn-btakcToAl6bGCGYBeJGpkAMxwIb2uN6EuVq7jiz&_nc_zt=14&_nc_ht=scontent.fjai6-1.fna&_nc_gid=QtsMcBfnJnQUkWY30aCrrA&_nc_ss=7b289&oh=00_Af-WbETk69Wpm5ijSstlQ_1ZeygpB14LIRCw515igUR-rA&oe=6A383FE3 || Original: https://scontent.fjai6-1.fna.fbcdn.net/v/t39.35426-6/705662287_1605884768207009_443870705894858539_n.jpg?_nc_cat=107&ccb=1-7&_nc_sid=c53f8f&_nc_ohc=1_OzCXiErIYQ7kNvwEUczFb&_nc_oc=AdpV7Jz779L5wJaMn6pqZx1EDKnecrl3AzaVtVAXv2BwovIK8uiWm50vREQyvluIjtb1AAy-Sm3sQ-ZovKl7k9Iy&_nc_zt=14&_nc_ht=scontent.fjai6-1.fna&_nc_gid=QtsMcBfnJnQUkWY30aCrrA&_nc_ss=7b289&oh=00_Af9BJJoD-rsImGjnkfRU47hqM_W8owtvMsNN8ldPRd2a9w&oe=6A38657C | Resized: https://scontent.fjai6-1.fna.fbcdn.net/v/t39.35426-6/704447139_1368445695331877_6888212297018860568_n.jpg?stp=dst-jpg_s600x600_tt6&_nc_cat=104&ccb=1-7&_nc_sid=c53f8f&_nc_ohc=zK8GltD9ZzMQ7kNvwHM6lS-&_nc_oc=Adpkh3yvlNK2sr0hs2JCAP-2woOwRWJ_e-8toFDdAtOsimqlStrpbk4oJHaRGGlsaRUCyhrWvKsOfzmfjehh_wY5&_nc_zt=14&_nc_ht=scontent.fjai6-1.fna&_nc_gid=QtsMcBfnJnQUkWY30aCrrA&_nc_ss=7b289&oh=00_Af8IEKoUZFIary6ThFQLFC5EboqTYlUER0j3EAfnS2n8bg&oe=6A384D19,
2144010606496298,https://www.facebook.com/housiey/,fb.me,https://www.facebook.com/housiey/,,,,sales@housiey.com,+91 80974 52839,,,,216444252147750,http://fb.me/,Housiey,https://www.facebook.com/ads/library/?id=2144010606496298,"Shapoorji Pallonji Group New Launch ""Codename Joy 3.O"", At Hinjewadi Phase I
✅ 24 Acres- 14 Towers- 21 Floors
✅ 2/3 BHK - ₹84.99 Lacs (All Inc)
✅ Infosys Cicle- 5min | Highway- 10min
✅ 50+ Luxurious Amenities
✅ Exclusive Pre-Launch Discounts
✅ Booking Window Open Now
✅ Housiey Rera No. A51900001761",31911,Download,fb.me,"FACEBOOK; INSTAGRAM; AUDIENCE_NETWORK",2026-06-09,2026-06-17,,Original: https://scontent.fjai6-1.fna.fbcdn.net/v/t39.35426-6/703546034_1444994440997729_3035533380654335901_n.jpg?_nc_cat=103&ccb=1-7&_nc_sid=c53f8f&_nc_ohc=HEb9YlFag8wQ7kNvwGxhGYf&_nc_oc=AdqgVpy3uSfC_CBDTz77AEx1_HSgjO9C_LtlmDh7aTMH8MfW7PAJX7XwtGOIjyHKI5u_VebtKvxinpStTf2FcA2r&_nc_zt=14&_nc_ht=scontent.fjai6-1.fna&_nc_gid=QtsMcBfnJnQUkWY30aCrrA&_nc_ss=7b289&oh=00_Af-WzrGjoKOvV1Hzi7L153LAr27vtpThjFcIsAb-niSv-w&oe=6A3839E3 | Resized: https://scontent.fjai6-1.fna.fbcdn.net/v/t39.35426-6/705842430_1679419566636930_9093723694014007331_n.jpg?stp=dst-jpg_s600x600_tt6&_nc_cat=101&ccb=1-7&_nc_sid=c53f8f&_nc_ohc=pPRTR8rL_3UQ7kNvwEdogok&_nc_oc=AdpaUqnFU_-s8qPaHN9geOvZS7to5qT9P9kjXFMNLfZKjrHAe4c9WvpheaVgq3PiajzVocw_mJGorX367kVLO5_E&_nc_zt=14&_nc_ht=scontent.fjai6-1.fna&_nc_gid=QtsMcBfnJnQUkWY30aCrrA&_nc_ss=7b289&oh=00_Af8QFdv7g5vWds47fwrmnnXG6nRWB2RbUuOYwF22B6vuHg&oe=6A383511,,,,,,
1320518746715789,https://www.facebook.com/61585753813071/,,https://www.facebook.com/61585753813071/,,,,india@ridewithdriver.com,,,,,1011241365394425,,Ridewithdriverr,https://www.facebook.com/ads/library/?id=1320518746715789,"👉 Join Link:
https://wa.me/919910632772?text=FREE%20SUBSCRIPTION

নমস্কার 🙏
RidewithDriverr প্ল্যাটফর্মে আপনাকে স্বাগতম 🚖

এখন আপনার গাড়িও পুরো ভারতের মোবাইলে দেখা যাবে 🇮🇳

✅ গ্রাহক আপনাকে সরাসরি কল করবে
✅ Direct Customer Contact
❌ কোনো কমিশন নেই
💰 আপনার আয় সরাসরি আপনার কাছেই

🎁 এখনই যুক্ত হন এবং পান
৩ মাস FREE Subscription*

যোগ দিতে WhatsApp-এ পাঠান 👇
📱 আপনার মোবাইল নম্বর
🚗 আপনার গাড়ির পরিষ্কার ছবি

👉 আমাদের টিম আপনার Driver Profile তৈরি করে দেবে

⚠️ সীমিত অফার:
প্রথম ১০০ Drivers-এর জন্য

🎥 ভিডিও দেখুন 👇
https://youtube.com/shorts/aMGDA5dV3iU?feature=share

🙏 আপনার কোনো Driver ভাইয়ের কাজে লাগতে পারে,
তাহলে এই মেসেজটি অবশ্যই Forward করুন ❤️

👉 Join Link:
https://wa.me/919910632772?text=FREE%20SUBSCRIPTION

#DriverApp #TaxiDriver #AutoDriver #KolkataDrivers #BuntiBhai #RidewithDriverr",225,No button,,FACEBOOK,2026-05-21,2026-06-16,,Original: https://scontent.fjai6-1.fna.fbcdn.net/v/t39.35426-6/703997943_1680854026301114_5811918289864543174_n.jpg?_nc_cat=108&ccb=1-7&_nc_sid=c53f8f&_nc_ohc=o6UUJNHYDlkQ7kNvwHH6sWs&_nc_oc=AdoC7ewlXmMZtq3diLPQPsmzTAcf8R7kIj1pwcBU6sQ39aKcoyGnVnVrZIE66sDkkJBtt-CqaRpVzTn7ePKkHfW7&_nc_zt=14&_nc_ht=scontent.fjai6-1.fna&_nc_gid=I4CVFpJ6dAwNMfdeBoMJng&_nc_ss=7b289&oh=00_Af9-lAIyJq0rJmfUri8nAoGpO2gn8SDJtB6ojGHc6ae7Ww&oe=6A383A15 | Resized: https://scontent.fjai6-1.fna.fbcdn.net/v/t39.35426-6/702076961_1725662388869585_708420820026267775_n.jpg?stp=dst-jpg_s600x600_tt6&_nc_cat=109&ccb=1-7&_nc_sid=c53f8f&_nc_ohc=G4IXJWrXlJ8Q7kNvwEgwiWx&_nc_oc=Ado6_CwsZfO7kwEsJ2OmXnh1ENsQ1yBEFTv_3bHahMFc4NaJJgLU51chO6WMd1AZRPeS1RpPv2LFhWQnkq_VokFD&_nc_zt=14&_nc_ht=scontent.fjai6-1.fna&_nc_gid=I4CVFpJ6dAwNMfdeBoMJng&_nc_ss=7b289&oh=00_Af_xOpk86EYOeBm_TJgprrsOdccvSjmtp7dw5_u7zmczyA&oe=6A383BC2,,,,,,
875630821593148,https://www.facebook.com/aditigroupahm/,fb.me,https://www.facebook.com/aditigroupahm/,,,,,+91 93282 44138,,,,431955006675238,http://fb.me/,Aditi Group,https://www.facebook.com/ads/library/?id=875630821593148,"Where modern design meets peaceful living — ADITI SAPPHIRE is more than a home, it’s a lifestyle.

🏠 2 BHK Residency and Commercial
📁 Pre Launch Offer | Starting from 49 Lakhs*
📱 96 013467 48
📍 Near Godrej Garden City, Jagatpur
*T&C Apply",55,Book now,fb.me,"FACEBOOK; INSTAGRAM; AUDIENCE_NETWORK",2025-12-02,2026-06-17,,Original: https://scontent.fjai6-1.fna.fbcdn.net/v/t39.35426-6/587803318_25537441162508257_3572206497079988773_n.jpg?_nc_cat=103&ccb=1-7&_nc_sid=c53f8f&_nc_ohc=mS311pkvCloQ7kNvwGrNrH0&_nc_oc=Adof7WJX9MSBoR5stk189RDa7oa8TRchFL8jhk_AxN8Bep4LrACbgYEHj7HAYqc2tdpOSPf_oRnRjmw6mi4mnZ6A&_nc_zt=14&_nc_ht=scontent.fjai6-1.fna&_nc_gid=I4CVFpJ6dAwNMfdeBoMJng&_nc_ss=7b289&oh=00_Af_Mfdy-mcM29LJemqdovfMuSB7RSvLkv_Ky1uZz3q_mdA&oe=6A384DCD | Resized: https://scontent.fjai6-1.fna.fbcdn.net/v/t39.35426-6/587775157_1354929389715565_9046044180881347969_n.jpg?stp=dst-jpg_s600x600_tt6&_nc_cat=111&ccb=1-7&_nc_sid=c53f8f&_nc_ohc=931emZlLC7kQ7kNvwHZEjJi&_nc_oc=Adrfuj79iyZs-DHvvzXtlrMQ4rvNZcGCuVGUzg_ftxZnhxu9nE9zMv3s_r3BOJhN75lEewEw0OxtB2Y_AOxwL3Lf&_nc_zt=14&_nc_ht=scontent.fjai6-1.fna&_nc_gid=I4CVFpJ6dAwNMfdeBoMJng&_nc_ss=7b289&oh=00_Af_obtSvmJW_pT0-zO4vB9C2gczQYz_JFDaLovrpJWqb1w&oe=6A384B22,,,,,,
940800885400263,https://www.facebook.com/61579436045164/,auriaarthouse.com,https://www.facebook.com/61579436045164/,,,,admin@auriaarthouse.com,+916360928477,,,,1095140750339987,https://auriaarthouse.com/,Auria Art House,https://www.facebook.com/ads/library/?id=940800885400263,AnnouncementAuria Art House is currently in its exclusive pre-launch phase — the platform opens to the public in June 2026. Artist registrations are now being accepted.,86,Apply now,auriaarthouse.com,"FACEBOOK; INSTAGRAM; AUDIENCE_NETWORK; MESSENGER",2026-04-18,2026-06-16,,,  ||   ||  ,https://auriaarthouse.com/ || https://auriaarthouse.com/ || https://auriaarthouse.com/ || https://auriaarthouse.com/,auriaarthouse.com || auriaarthouse.com || auriaarthouse.com || auriaarthouse.com,Apply Now || Apply Now || Apply Now || Apply Now,Original: https://scontent.fjai6-1.fna.fbcdn.net/v/t39.35426-6/675134680_2304823563259520_1399046574923692383_n.jpg?_nc_cat=101&ccb=1-7&_nc_sid=c53f8f&_nc_ohc=ZhdKB8qRWVcQ7kNvwH9XmEp&_nc_oc=AdqfqLTTWeDl01_sJ-MRx6H73l-3ISN3MsycZzyJ6tDMJ7K5j6T6_rqYWHJLe96ZubVq2sN9OdNVhQbhB4jiP5Wy&_nc_zt=14&_nc_ht=scontent.fjai6-1.fna&_nc_gid=bKISQPSLZfMUND1oF8eZWw&_nc_ss=7b289&oh=00_Af_w93865YcOJKr1DtGk33qF9hHvwET8JYcF7QllXvSLPQ&oe=6A3857C4 | Resized: https://scontent.fjai6-1.fna.fbcdn.net/v/t39.35426-6/676576870_1395125532377659_4214456060319677789_n.jpg?stp=dst-jpg_s600x600_tt6&_nc_cat=100&ccb=1-7&_nc_sid=c53f8f&_nc_ohc=VjLVu9MFQ1IQ7kNvwF_FDgg&_nc_oc=AdoGCtx3bCTptpx1v4QklZ4NwWgA6QSz281aMpSuGxFVZh0EqK9c4FYXXOmZI0zvbnP2sTwKRtfIYVUVewJiXLUN&_nc_zt=14&_nc_ht=scontent.fjai6-1.fna&_nc_gid=bKISQPSLZfMUND1oF8eZWw&_nc_ss=7b289&oh=00_Af_AXNwGZ6I9ChYn3U4D-BqrXRPbRQ2UxN-wTvpw9Mq16A&oe=6A385EF0 || Original: https://scontent.fjai6-1.fna.fbcdn.net/v/t39.35426-6/672672220_981116424255188_8355647914515091995_n.jpg?_nc_cat=108&ccb=1-7&_nc_sid=c53f8f&_nc_ohc=mSrk2aeyOdIQ7kNvwHcSPgi&_nc_oc=AdpclCmhhcytMaQrtsQgfOwMK4y23r0oBW_acQ_X2V5g-E3S2R_az3BbARGVLJQmW0rkI_-wVlMrqgCirTd5fbAo&_nc_zt=14&_nc_ht=scontent.fjai6-1.fna&_nc_gid=bKISQPSLZfMUND1oF8eZWw&_nc_ss=7b289&oh=00_Af-qdtYtxtYb5Rh_80tZjPpzUfeK_t1-jiuzUEf6MZd6ZQ&oe=6A384D4B | Resized: https://scontent.fjai6-1.fna.fbcdn.net/v/t39.35426-6/672685745_26376586995295026_8856108166470618202_n.jpg?stp=dst-jpg_s600x600_tt6&_nc_cat=108&ccb=1-7&_nc_sid=c53f8f&_nc_ohc=ky5pVIyHcUEQ7kNvwHk_xnc&_nc_oc=AdpKL2hpnpUKSlB0iPfr2AgQhnStHRyO5ms4UuX0dVfone3JElszGi0JWrua_wymmeacUNmW4mLeyHnGz86JqvnX&_nc_zt=14&_nc_ht=scontent.fjai6-1.fna&_nc_gid=bKISQPSLZfMUND1oF8eZWw&_nc_ss=7b289&oh=00_Af_-V-44kuiJP-nMzSICjvztKo8YGaL76iRk7Li5cWFZNg&oe=6A3841F0 || Original: https://scontent.fjai6-1.fna.fbcdn.net/v/t39.35426-6/675479398_1638867250483600_8621209577115666543_n.jpg?_nc_cat=107&ccb=1-7&_nc_sid=c53f8f&_nc_ohc=b6SetE_bOz8Q7kNvwGpIpRx&_nc_oc=Adqcbk3XxGBiR7riD7OE7SePj6zwRYQJcOERwzQDrPM9CJFPthVsDQTjE0FsZyPnHGEQlViKsNNdm0U6iU1_ks78&_nc_zt=14&_nc_ht=scontent.fjai6-1.fna&_nc_gid=bKISQPSLZfMUND1oF8eZWw&_nc_ss=7b289&oh=00_Af_Fgh3UpnqgFTHaElxWy-DiaDkJcz1mxMxndMQx_u7Dcw&oe=6A384348 | Resized: https://scontent.fjai6-1.fna.fbcdn.net/v/t39.35426-6/672601364_936711532505709_564444866984727493_n.jpg?stp=dst-jpg_s600x600_tt6&_nc_cat=104&ccb=1-7&_nc_sid=c53f8f&_nc_ohc=YT0yiNqqWU0Q7kNvwEVItpT&_nc_oc=AdpC9wxI9-LMuWw0Xd3_O80cNXmX-qO9URsEL7dwtxMw2JSCiQicrrq0q0y-zVuFcu8DUNkPVlIdtLDo578JDwsN&_nc_zt=14&_nc_ht=scontent.fjai6-1.fna&_nc_gid=bKISQPSLZfMUND1oF8eZWw&_nc_ss=7b289&oh=00_Af9hpYpg120FWACdC4EN8RsD9JfV2xWfFpX_GB3YLBKOVQ&oe=6A383DB4,HD: https://video.fjai6-1.fna.fbcdn.net/o1/v/t2/f2/m366/AQO4Z5o2BFXzVXmmzTwEVnLowmd6N0W9opSeXsvB7yXInUkgZuUwYqwrf80PgYs8_5zLU_EtjG5xKqLynoC6mJY_KQOPYU-HUV_7O61TqrIo5Q.mp4?_nc_cat=109&_nc_oc=AdrYzOAFVIYoOPyZq6P16kvL-LGbrhToWUDRtBAn5cn9TSAbinUeRaIeD2JANDn3YrdhVyDaUkZLcn4aKxEQtMDj&_nc_sid=b66105&_nc_ht=video.fjai6-1.fna.fbcdn.net&_nc_ohc=SBMkho9fy7wQ7kNvwG2Hi5-&efg=eyJ2ZW5jb2RlX3RhZyI6Inhwdl9wcm9ncmVzc2l2ZS5WSV9VU0VDQVNFX1BST0RVQ1RfVFlQRS4uQzMuNzIwLmRhc2hfaDI2NC1iYXNpYy1nZW4yXzcyMHAiLCJ4cHZfYXNzZXRfaWQiOjQ0MTQyMTQ4MTIxOTY2NzcsImFzc2V0X2FnZV9kYXlzIjo1OSwidmlfdXNlY2FzZV9pZCI6MTA3OTksImR1cmF0aW9uX3MiOjM4LCJ1cmxnZW5fc291cmNlIjoid3d3In0%3D&ccb=17-1&vs=257d69a91fc3c090&_nc_vs=HBksFQIYRWZiX2VwaGVtZXJhbC9GRDQ1NTQ3OEYwODM3QTMyNEU2MDE4QkYzMzdEQ0NCOV9tdF8xX3ZpZGVvX2Rhc2hpbml0Lm1wNBUAAsgBEgAVAhhAZmJfcGVybWFuZW50L0E5NEYwNEJGODc4NDk3NzcwRjVFMTA3RDIzMkU4NEJEX2F1ZGlvX2Rhc2hpbml0Lm1wNBUCAsgBEgAoABgAGwKIB3VzZV9vaWwBMRJwcm9ncmVzc2l2ZV9yZWNpcGUBMRUAACaK_b6dj63XDxUCKAJDMywXQEMuFHrhR64YGWRhc2hfaDI2NC1iYXNpYy1nZW4yXzcyMHARAHUAZd6oAQA&_nc_gid=bKISQPSLZfMUND1oF8eZWw&_nc_ss=7b289&_nc_zt=28&oh=00_Af_UrtappPfx_aXIuJ3j0yuwoK7zdwnkp2grZ8zo6KAWdw&oe=6A38323B | SD: https://video.fjai6-1.fna.fbcdn.net/o1/v/t2/f2/m412/AQMDCjB5g58nm7NozENcvJSRriySNMQGx6z-9PRQLqudncv9_YcVFg69seSGHRGDv2OhD2seITkT-kDahj9ygmudVLIFzqr9h0J8xs2dug.mp4?_nc_cat=105&_nc_oc=AdrBcyQo30yuvtQ9EKPPbeoT9xVaiL2X2xtFAFi59VQ_lVrS2DGPp7s12hAYJx9fKBrRGQuIiwpjNacOldWboGHU&_nc_sid=ef5aa3&_nc_ht=video.fjai6-1.fna.fbcdn.net&_nc_ohc=ii8GguotjzoQ7kNvwHfvSLq&efg=eyJ2ZW5jb2RlX3RhZyI6Inhwdl9wcm9ncmVzc2l2ZS5WSV9VU0VDQVNFX1BST0RVQ1RfVFlQRS4uQzMuMzYwLnN2ZV9zZCIsInhwdl9hc3NldF9pZCI6NDQxNDIxNDgxMjE5NjY3NywiYXNzZXRfYWdlX2RheXMiOjU5LCJ2aV91c2VjYXNlX2lkIjoxMDc5OSwiZHVyYXRpb25fcyI6MzgsInVybGdlbl9zb3VyY2UiOiJ3d3cifQ%3D%3D&ccb=17-1&_nc_gid=bKISQPSLZfMUND1oF8eZWw&_nc_ss=7b289&_nc_zt=28&oh=00_Af8rBvn2adzn1cIWLMyhf_rRudRr0PpUKVQjd7qgm_R1jQ&oe=6A383EF1 | Preview: https://scontent.fjai6-1.fna.fbcdn.net/v/t39.35426-6/672683441_1495198701992039_1443706994905129060_n.jpg?_nc_cat=105&ccb=1-7&_nc_sid=c53f8f&_nc_ohc=8TKXfgkRcPAQ7kNvwESpaaH&_nc_oc=AdrkwAOvgsdoStFjsNL4Y0_zyMBvKhlGq6qFrKwBq56WrS3gXXEgiMVxfSoBOsEKyp1rzDNp6YVrzjMPv1cCkJW3&_nc_zt=14&_nc_ht=scontent.fjai6-1.fna&_nc_gid=bKISQPSLZfMUND1oF8eZWw&_nc_ss=7b289&oh=00_Af-ix6o-ACvF-1mjiDfMmY9DpvFlO1PpBMCUc27RUWW-XQ&oe=6A38460E
2000739110522629,https://www.facebook.com/housivity/,fb.me,https://www.facebook.com/housivity/,,,,,,,,,106770719127568,http://fb.me/,Housivity.com,https://www.facebook.com/ads/library/?id=2000739110522629,"📢 Limited Pre-Launch Opportunity!
Own 2 & 3 BHK premium flats by 𝐒𝐡𝐢𝐯𝐚𝐚𝐲 𝐆𝐫𝐨𝐮𝐩 in 𝐒𝐚𝐫𝐠𝐚𝐬𝐚𝐧, 𝐆𝐚𝐧𝐝𝐡𝐢𝐧𝐚𝐠𝐚𝐫. starting at ₹46 Lakh.

✨ Project Highlights:
 ✅ Prime 2-Side Road Corner Project  
 ✅ All Flats with Balcony Views (Garden / Road Facing) 
 ✅ Exclusive 3 BHK – Just 2 Flats per Floor 
 ✅ 3 BHK with Personal Lift
 ✅ 2 BHK with Huge Personal Foyer 

📍 Prime Location Advantages:
 ✅ SG Highway – 2 Min
 ✅ BAPS Temple – 4 Min
 ✅ Govt. Sports Complex – 2 Min
 ✅ Swagat Holiday Mall – 2 Min
 ✅ Schools & branded showrooms within 5 Min

💰 Secure your home at pre-launch pricing with the best unit choices available.

👉 Book your dream home today with Housivity.",2201,Get quote,fb.me,"FACEBOOK; INSTAGRAM; AUDIENCE_NETWORK",2026-03-25,2026-06-16,,Original: https://scontent.fjai6-1.fna.fbcdn.net/v/t39.35426-6/656908402_809364415544681_8241736651617221936_n.jpg?_nc_cat=104&ccb=1-7&_nc_sid=c53f8f&_nc_ohc=CppEoV_zPM0Q7kNvwHCtUsE&_nc_oc=AdoZzDfTyDpwHUPCANSZU_Hn7FpQ9qzvdsKFXFz-4OBZb0wr_r9l2rgGhx92Oe8xQ4_mj-2ysMzjcRrviGY_sziu&_nc_zt=14&_nc_ht=scontent.fjai6-1.fna&_nc_gid=E771k1lRFHZdsl977R0y6A&_nc_ss=7b289&oh=00_Af9v42B71JcsHv2au3h4r548qkqSIjyW09fUUvB6XCcaDw&oe=6A385752 | Resized: https://scontent.fjai6-1.fna.fbcdn.net/v/t39.35426-6/656811317_722183597554717_1980212725043816111_n.jpg?stp=dst-jpg_s600x600_tt6&_nc_cat=109&ccb=1-7&_nc_sid=c53f8f&_nc_ohc=-hgAEFNMboEQ7kNvwH6NTBm&_nc_oc=AdpqfqE-YS5dTXr9qIc4lTOeMfFrTSzF7DpSaJ97sT6ZEURW0qSlpqkX_79IzMwnqggBi03RtZ4FpJXk2N_CgYfd&_nc_zt=14&_nc_ht=scontent.fjai6-1.fna&_nc_gid=E771k1lRFHZdsl977R0y6A&_nc_ss=7b289&oh=00_Af86IIPwSjFAv9Q-cjPPG_GA7cG7X2NFBschb_1PPd-Ycg&oe=6A385BEA,,,,,,
1325438515891515,https://www.facebook.com/61566640152714/,fb.me,https://www.facebook.com/61566640152714/,,,,,+91 95406 10680,,,,429349880265404,http://fb.me/,Realitycheck.vb,https://www.facebook.com/ads/library/?id=1325438515891515,Value for money property in Mohali,272,Get offer,fb.me,"FACEBOOK; INSTAGRAM; AUDIENCE_NETWORK",2025-09-08,2026-06-16,,,Value for money property in Mohali || Value for money property in Mohali,http://fb.me/ || http://fb.me/,,Get Offer || Get Offer,,HD: https://video.fjai6-1.fna.fbcdn.net/o1/v/t2/f2/m366/AQM14PtJ9JpoacIb8P0RYmlWHNI_2OH4gl-mkOXPWPq7fL9g2o5bfJOQuZHyDPxgqNqMITAr4rsOFq3byKDu04IYvUqwKuhyXO2iE0O8I6Oapg.mp4?_nc_cat=106&_nc_oc=AdpQeTD1ImncLN6Y2MWbX7aHThmhK-TYmxru3xxxPRtFFfT3uS1-xe2XC9GTDFQ43ZvsfNKrEaITkXi7foi6Vj92&_nc_sid=b66105&_nc_ht=video.fjai6-1.fna.fbcdn.net&_nc_ohc=0yHqZQZC2-0Q7kNvwHva5JR&efg=eyJ2ZW5jb2RlX3RhZyI6Inhwdl9wcm9ncmVzc2l2ZS5WSV9VU0VDQVNFX1BST0RVQ1RfVFlQRS4uQzMuNzIwLmRhc2hfaDI2NC1iYXNpYy1nZW4yXzcyMHAiLCJ4cHZfYXNzZXRfaWQiOjU4Nzk1NDAwMDk1MjUxNCwiYXNzZXRfYWdlX2RheXMiOjI4OSwidmlfdXNlY2FzZV9pZCI6MTA3OTksImR1cmF0aW9uX3MiOjQyLCJ3YXRjaF90aW1lX3MiOjE2MTAxMiwidXJsZ2VuX3NvdXJjZSI6Ind3dyJ9&ccb=17-1&vs=6bd52a9839ace046&_nc_vs=HBksFQIYRWZiX2VwaGVtZXJhbC9DNzRGMzAwM0I0MDFEQUI0NEVEM0Y5QzUzNkE1OUJBOV9tdF8xX3ZpZGVvX2Rhc2hpbml0Lm1wNBUAAsgBEgAVAhhAZmJfcGVybWFuZW50Lzg0NEU4MEJEREYyMDFCQTMwMDM1RTdFOTE2OTNDQTg1X2F1ZGlvX2Rhc2hpbml0Lm1wNBUCAsgBEgAoABgAGwKIB3VzZV9vaWwBMRJwcm9ncmVzc2l2ZV9yZWNpcGUBMRUAACaE8_fVtq-LAhUCKAJDMywXQEUu2RaHKwIYGWRhc2hfaDI2NC1iYXNpYy1nZW4yXzcyMHARAHUAZd6oAQA&_nc_gid=LAbZTzMxyOwky6Guzsmp0A&_nc_ss=7b289&_nc_zt=28&oh=00_Af9_BRU5r4EcgaFv5PCnYrBg_Ig5vynSG8PaKM_k4rvHYg&oe=6A3834AE | SD: https://video.fjai6-1.fna.fbcdn.net/o1/v/t2/f2/m366/AQP35JQwwEeFGb4kLiE9kTGQ2GaBbY0-YXh4LXKqlwxC2JnMxVhWG3NXEBWT1mYXbfe6qDa5TI6tZKFMshBQ6JQ1VpB7XmXWnIvhRzEBgg.mp4?_nc_cat=102&_nc_oc=Adpqf7UUtljI39z6iNqxTzB6hUM92AyUMo5ACwydl_TroDwHj0ACajV3481oKXXfqFPa0fD0KV7a8324Q8rSxgm6&_nc_sid=ef5aa3&_nc_ht=video.fjai6-1.fna.fbcdn.net&_nc_ohc=GAR2PRaHJ7MQ7kNvwEbLaqm&efg=eyJ2ZW5jb2RlX3RhZyI6Inhwdl9wcm9ncmVzc2l2ZS5WSV9VU0VDQVNFX1BST0RVQ1RfVFlQRS4uQzMuMzYwLnN2ZV9zZCIsInhwdl9hc3NldF9pZCI6NTg3OTU0MDAwOTUyNTE0LCJhc3NldF9hZ2VfZGF5cyI6Mjg5LCJ2aV91c2VjYXNlX2lkIjoxMDc5OSwiZHVyYXRpb25fcyI6NDIsIndhdGNoX3RpbWVfcyI6MTYxMDEyLCJ1cmxnZW5fc291cmNlIjoid3d3In0%3D&ccb=17-1&_nc_gid=LAbZTzMxyOwky6Guzsmp0A&_nc_ss=7b289&_nc_zt=28&oh=00_Af93j3P_7n-xN0MZ0SxcOgJkn7HR72BCxo2kgfCdc-JM2g&oe=6A3850C0 | Preview: https://scontent.fjai6-1.fna.fbcdn.net/v/t39.35426-6/540680459_1992182818213193_2039003263106476454_n.jpg?_nc_cat=108&ccb=1-7&_nc_sid=c53f8f&_nc_ohc=WJWU5u8WABUQ7kNvwEzQLhM&_nc_oc=Adq3wXMNvPXq3HwF8_7ktXPnc42sxT01s_o21kmkyryIfWo8ui7IxLh8npHymiQ6UDOcod7vMxpfkcIKlXqiBVpw&_nc_zt=14&_nc_ht=scontent.fjai6-1.fna&_nc_gid=LAbZTzMxyOwky6Guzsmp0A&_nc_ss=7b289&oh=00_Af-CC03VYHKPFUpcrKNHFIPfsuj540tFoUoBn89C8fR6gA&oe=6A3858C4 || HD: https://video.fjai6-1.fna.fbcdn.net/o1/v/t2/f2/m366/AQNHwnkYbyZXnOIM2AHIfbDhsXCvzd9SCpyRECxAF5-V8zk10C8EQyRZzOM7QdLYH_SY_ZNU3Sqt6OaJ4iFgBLtoJEg-7Opu6JMWOuYZOKc21A.mp4?_nc_cat=110&_nc_oc=AdqkxvuJ7cMQtlk9fUpeMfaqB2a563bjH7bYhDPOhCYJ4dNPVHvovb7Gc1j4W5dnSwcnn65B0dNXxUmPAqnrEkx-&_nc_sid=b66105&_nc_ht=video.fjai6-1.fna.fbcdn.net&_nc_ohc=OCtOE11QUiUQ7kNvwG2O0PE&efg=eyJ2ZW5jb2RlX3RhZyI6Inhwdl9wcm9ncmVzc2l2ZS5WSV9VU0VDQVNFX1BST0RVQ1RfVFlQRS4uQzMuMTI4MC5kYXNoX2gyNjQtYmFzaWMtZ2VuMl83MjBwIiwieHB2X2Fzc2V0X2lkIjoyMjQ3MDI4Njk1Nzc4MjY5LCJhc3NldF9hZ2VfZGF5cyI6Mjg5LCJ2aV91c2VjYXNlX2lkIjoxMDc5OSwiZHVyYXRpb25fcyI6NDIsIndhdGNoX3RpbWVfcyI6NjEyNDksInVybGdlbl9zb3VyY2UiOiJ3d3cifQ%3D%3D&ccb=17-1&vs=7ef0e6d8c494bcba&_nc_vs=HBksFQIYRWZiX2VwaGVtZXJhbC9EQzQxRURFMUQ2ODgwQzUyMkQ1NzlFMDE1MzcxRUM5OF9tdF8xX3ZpZGVvX2Rhc2hpbml0Lm1wNBUAAsgBEgAVAhhAZmJfcGVybWFuZW50LzcyNDY0OEIwNjZEQzI5Njc5RUZDMUIwNjM5NThDMEJGX2F1ZGlvX2Rhc2hpbml0Lm1wNBUCAsgBEgAoABgAGwKIB3VzZV9vaWwBMRJwcm9ncmVzc2l2ZV9yZWNpcGUBMRUAACa6j7KzpOr9BxUCKAJDMywXQEUu2RaHKwIYGWRhc2hfaDI2NC1iYXNpYy1nZW4yXzcyMHARAHUAZd6oAQA&_nc_gid=LAbZTzMxyOwky6Guzsmp0A&_nc_ss=7b289&_nc_zt=28&oh=00_Af8MDHMRJHE0o8UitKMC-nUIr7I3BzreNI-RAzmflmjOug&oe=6A383116 | SD: https://video.fjai6-1.fna.fbcdn.net/o1/v/t2/f2/m366/AQNa7aN9SJ5JpDFtqbXSBUJMY_RFaMCwieAvYF14b7qbVU64M7buqw-q9iLPuEGTuPHFFPC5-JX1Sv20QeaOa8grb8_AU0SiJCWuy382og.mp4?_nc_cat=105&_nc_oc=AdpPd4lT49YA6fBO0gYvh_ew-B7L_k_GeDc6sR7ZDyhPcatGFUS5-dRO5xMxeRGT8t2TYYuAqsYSIGJZh_OMpUgQ&_nc_sid=ef5aa3&_nc_ht=video.fjai6-1.fna.fbcdn.net&_nc_ohc=ejAlrD1VoaAQ7kNvwGE8K0g&efg=eyJ2ZW5jb2RlX3RhZyI6Inhwdl9wcm9ncmVzc2l2ZS5WSV9VU0VDQVNFX1BST0RVQ1RfVFlQRS4uQzMuNjQwLnN2ZV9zZCIsInhwdl9hc3NldF9pZCI6MjI0NzAyODY5NTc3ODI2OSwiYXNzZXRfYWdlX2RheXMiOjI4OSwidmlfdXNlY2FzZV9pZCI6MTA3OTksImR1cmF0aW9uX3MiOjQyLCJ3YXRjaF90aW1lX3MiOjYxMjQ5LCJ1cmxnZW5fc291cmNlIjoid3d3In0%3D&ccb=17-1&_nc_gid=LAbZTzMxyOwky6Guzsmp0A&_nc_ss=7b289&_nc_zt=28&oh=00_Af85DYv0XZAWkj3E15p7cmHsP8dLTcI-1pK98CsvYxleZw&oe=6A3851B1 | Preview: https://scontent.fjai6-1.fna.fbcdn.net/v/t39.35426-6/541494831_772180198738066_5923438892699274891_n.jpg?_nc_cat=101&ccb=1-7&_nc_sid=c53f8f&_nc_ohc=9OLKpbzB5SQQ7kNvwF8aNAB&_nc_oc=AdoI-IQG8HJpuBAgw-o-pVIPCe1nLL-YWF9IdE3mTYiSWqI9eh4YBRDXrn7YiVmMacfXd_njTZFm37IoV4ZvYgyJ&_nc_zt=14&_nc_ht=scontent.fjai6-1.fna&_nc_gid=LAbZTzMxyOwky6Guzsmp0A&_nc_ss=7b289&oh=00_Af86OHk_ih6dnmGO4a93P_u4rsPbxU-186zy1-g4v3ftKw&oe=6A385C96
956375443617659,https://www.facebook.com/61583786463557/,fb.me,https://www.facebook.com/61583786463557/,,,,,,,,,882884981574654,http://fb.me/,Luxury Apartments in OMR,https://www.facebook.com/ads/library/?id=956375443617659,"First Time in Chennai — a Zero-Flooding Luxury Residential Community in OMR

Project Highlights

✅ Stand-alone Towers
✅ Zero-Flooding Community
✅ World-Class Luxury Amenities
✅ Prime Location and Loan Assistance
✅ Children’s Learning Hub

Reserve your spot today and access Early Bird Benefits.",102,Get offer,fb.me,"FACEBOOK; INSTAGRAM",2026-04-03,2026-05-18,,,"First Time in Chennai — a Zero-Flooding Luxury Residential Community in OMR

Project Highlights

✅ Stand-alone Towers
✅ Zero-Flooding Community
✅ World-Class Luxury Amenities
✅ Prime Location and Loan Assistance
✅ Children’s Learning Hub

Reserve your spot today and access Early Bird Benefits. || First Time in Chennai — a Zero-Flooding Luxury Residential Community in OMR

Project Highlights

✅ Stand-alone Towers
✅ Zero-Flooding Community
✅ World-Class Luxury Amenities
✅ Prime Location and Loan Assistance
✅ Children’s Learning Hub

Reserve your spot today and access Early Bird Benefits. || First Time in Chennai — a Zero-Flooding Luxury Residential Community in OMR

Project Highlights

✅ Stand-alone Towers
✅ Zero-Flooding Community
✅ World-Class Luxury Amenities
✅ Prime Location and Loan Assistance
✅ Children’s Learning Hub

Reserve your spot today and access Early Bird Benefits. || First Time in Chennai — a Zero-Flooding Luxury Residential Community in OMR

Project Highlights

✅ Stand-alone Towers
✅ Zero-Flooding Community
✅ World-Class Luxury Amenities
✅ Prime Location and Loan Assistance
✅ Children’s Learning Hub

Reserve your spot today and access Early Bird Benefits. || First Time in Chennai — a Zero-Flooding Luxury Residential Community in OMR

Project Highlights

✅ Stand-alone Towers
✅ Zero-Flooding Community
✅ World-Class Luxury Amenities
✅ Prime Location and Loan Assistance
✅ Children’s Learning Hub

Reserve your spot today and access Early Bird Benefits.",http://fb.me/ || http://fb.me/ || http://fb.me/ || http://fb.me/ || http://fb.me/,,Get Offer || Get Offer || Get Offer || Get Offer || Get Offer,Original: https://scontent.fjai6-1.fna.fbcdn.net/v/t39.35426-6/596508476_834759066037880_6156927773343145918_n.jpg?_nc_cat=101&ccb=1-7&_nc_sid=c53f8f&_nc_ohc=Lxe5wCNFnUsQ7kNvwEWCPaQ&_nc_oc=AdqIRavbfU6zxfvTrl__ixAJUnKZ0nDQEDiTlzTzZvQahi6kgrsZtGqkptOIZntR6NnyUSh-h1K_LOEGiWp_WGqZ&_nc_zt=14&_nc_ht=scontent.fjai6-1.fna&_nc_gid=5vuYEHOz2oCqTYIPwAYgFQ&_nc_ss=7b289&oh=00_Af_M-IsoO96nfHwSTC8GkYs-LsqumiDtKjAXX9fhLOe4yA&oe=6A38538A | Resized: https://scontent.fjai6-1.fna.fbcdn.net/v/t39.35426-6/596809529_1814101182608564_1894766997278968095_n.jpg?stp=dst-jpg_s600x600_tt6&_nc_cat=106&ccb=1-7&_nc_sid=c53f8f&_nc_ohc=kbufQcGutZAQ7kNvwGgIDuN&_nc_oc=AdoWXKPbbpfLqoBa6N9TESEBvhjoTdO6D2DOQS2uek-7AzIr_5G2eJyKL00eH_-QbFRL2wjU3lw93NJh3Bw7rzr9&_nc_zt=14&_nc_ht=scontent.fjai6-1.fna&_nc_gid=5vuYEHOz2oCqTYIPwAYgFQ&_nc_ss=7b289&oh=00_Af9JP9cxGBJZp6kqNxaW_GoRw2-IrwUJB6XyAGT9Yz2uAw&oe=6A383A53 || Original: https://scontent.fjai6-1.fna.fbcdn.net/v/t39.35426-6/596129602_4390032511320559_7659090953271205738_n.jpg?_nc_cat=100&ccb=1-7&_nc_sid=c53f8f&_nc_ohc=cSLMeoi1O4UQ7kNvwGXuQE_&_nc_oc=AdqIgfbgDHwtyG02Y_ViAzLCOgQOv1ZRyoaPf_drlfxAFA8hjGA7o6bURJBYeCrc7sa31AbUWHPiXHksSIE06ZGs&_nc_zt=14&_nc_ht=scontent.fjai6-1.fna&_nc_gid=5vuYEHOz2oCqTYIPwAYgFQ&_nc_ss=7b289&oh=00_Af8HZE0fe3dKPH1KRU0FZdBTUEs5ngeh2HYaATE6gSs8Ug&oe=6A383C4F | Resized: https://scontent.fjai6-1.fna.fbcdn.net/v/t39.35426-6/596812539_2110190049386269_7266038940807013754_n.jpg?stp=dst-jpg_s600x600_tt6&_nc_cat=108&ccb=1-7&_nc_sid=c53f8f&_nc_ohc=ZrWaxdSiHewQ7kNvwGOfwpK&_nc_oc=AdoXdgEcQMBL11E15X3RxAJcwbSDoKlBIp1iaQnRW7qFjBiOWOtCDNU2T5z-VrNQ1ubqkLyzRDjKDvGrgh4ZnlPl&_nc_zt=14&_nc_ht=scontent.fjai6-1.fna&_nc_gid=5vuYEHOz2oCqTYIPwAYgFQ&_nc_ss=7b289&oh=00_Af-Gbg-AXX5Hpy_Vh7SxsRWloqm4xN-LDxpH_dplWGnVAg&oe=6A384FF3 || Original: https://scontent.fjai6-1.fna.fbcdn.net/v/t39.35426-6/596802743_1343627056974516_6114379081809561130_n.jpg?_nc_cat=107&ccb=1-7&_nc_sid=c53f8f&_nc_ohc=II28jxHn2KwQ7kNvwF2Uh-g&_nc_oc=Adr1GZ5rLF5_kgH75-dfUY6r6pbZ96XBKXfhDZ1Y8POXCDlUA4t2r1O-Gc6XiXXFFMjZYeaJAoI5g3T7Zjct9uxk&_nc_zt=14&_nc_ht=scontent.fjai6-1.fna&_nc_gid=5vuYEHOz2oCqTYIPwAYgFQ&_nc_ss=7b289&oh=00_Af-XDkOWrU8NScEMN1cjpCKwjmwVHogOKkMMRFia2WGpMQ&oe=6A38334F | Resized: https://scontent.fjai6-1.fna.fbcdn.net/v/t39.35426-6/597825909_885588437470457_1106199049174827844_n.jpg?stp=dst-jpg_s600x600_tt6&_nc_cat=109&ccb=1-7&_nc_sid=c53f8f&_nc_ohc=Ec2LwWMqaFcQ7kNvwFxuIH_&_nc_oc=Adoz3AS51umhCFAExVy0YXdqP2TfbxNraEcAasWdgnqBl8UHTXIuuvJpwt6e2qcI98G8dMLRzZV9R0q4y46Y0FvU&_nc_zt=14&_nc_ht=scontent.fjai6-1.fna&_nc_gid=5vuYEHOz2oCqTYIPwAYgFQ&_nc_ss=7b289&oh=00_Af9n4FGiDRbu203Vy9_gReAP2brr27U6DjH3c4yGosV3iw&oe=6A38474D || Original: https://scontent.fjai6-1.fna.fbcdn.net/v/t39.35426-6/596808069_2011172019733248_3764393830698093573_n.jpg?_nc_cat=109&ccb=1-7&_nc_sid=c53f8f&_nc_ohc=6CVfiQtCM_MQ7kNvwF7LtbD&_nc_oc=AdoQEuzO3oHdgMFd4fZrDkUi3TSEfTAOs3mBj2OIWgMTXc8-9xH0CMvXqOJSobxgdrzyzhfOUeDqfRdc6GZwWgRF&_nc_zt=14&_nc_ht=scontent.fjai6-1.fna&_nc_gid=5vuYEHOz2oCqTYIPwAYgFQ&_nc_ss=7b289&oh=00_Af9slfpoHAVw4ph3V0G3tXBe1ZwbV7HNIQSYQe18GgbFiQ&oe=6A384EF7 | Resized: https://scontent.fjai6-1.fna.fbcdn.net/v/t39.35426-6/596725733_1191741993051660_1829179048904931876_n.jpg?stp=dst-jpg_s600x600_tt6&_nc_cat=103&ccb=1-7&_nc_sid=c53f8f&_nc_ohc=_NYZ5GZ0xwsQ7kNvwHJFRo7&_nc_oc=AdquKfXRyIMMwvx87WfA2fVh5xHMlRLFhluTWNGDid5-dZntru5XycYjiTRrlt0m6hzuCuA9hDqTw4pVov3GbkP3&_nc_zt=14&_nc_ht=scontent.fjai6-1.fna&_nc_gid=5vuYEHOz2oCqTYIPwAYgFQ&_nc_ss=7b289&oh=00_Af9z5Lq1I78ZXiV2pgcKZ17deLyXkfXLm7zzhTR7IOKhWA&oe=6A384901 || Original: https://scontent.fjai6-1.fna.fbcdn.net/v/t39.35426-6/596574587_838729245442045_6558648142089673100_n.jpg?_nc_cat=109&ccb=1-7&_nc_sid=c53f8f&_nc_ohc=oSc8LqldsS4Q7kNvwF1e4oT&_nc_oc=AdpMw9hiGyloibX-KNcRxks9RoP2_6it-EJNGJkORg_vT3E2w6VRacEax24NO5DBo_Y--b1ityQXu43kk0S0ZoNt&_nc_zt=14&_nc_ht=scontent.fjai6-1.fna&_nc_gid=5vuYEHOz2oCqTYIPwAYgFQ&_nc_ss=7b289&oh=00_Af8vNf3Bnsrt1oJ5PZT5bYHK6mdnJ4qoGEMGclZ8btEvaA&oe=6A38375B | Resized: https://scontent.fjai6-1.fna.fbcdn.net/v/t39.35426-6/597493795_2001205503773303_7192798600194829264_n.jpg?stp=dst-jpg_s600x600_tt6&_nc_cat=105&ccb=1-7&_nc_sid=c53f8f&_nc_ohc=GjqLBIBm47YQ7kNvwEruAiA&_nc_oc=Adr3vc7JRJ6yYYVLQUCPOqRkJFOL1GkHzzp175WNPptWP5WbY_YKqNmDmNOXAfcoLmC9WR5aBLEeCjX9TjJy9o6n&_nc_zt=14&_nc_ht=scontent.fjai6-1.fna&_nc_gid=5vuYEHOz2oCqTYIPwAYgFQ&_nc_ss=7b289&oh=00_Af9kz3il_WxQq4rfRhfzDSqgOpKqeWEV_8iH22IPkAPQmA&oe=6A383C55,
1927107434664590,https://www.facebook.com/godrejhomeshyderabad/,fb.me,https://www.facebook.com/godrejhomeshyderabad/,,,,,,,,,460755517117377,http://fb.me/,Godrej Homes Hyderabad,https://www.facebook.com/ads/library/?id=1927107434664590,"✨ New Launch in Kukatpally! ✨

🏡 3 & 4 BHK Starting from 2.02 Cr*

📍 Prime Location in Kukatpally

🚇 KPHB Metro – 5 Mins
🚉 Hitech City Railway Station – 15 Mins
🛍️ Nexus Hyderabad Mall – 5 Mins

🌟 Project Highlights:
✔ Premium development spread across 7.8 acres
✔ 150+ world-class amenities
✔ Modern high-rise living
✔ Green Open Spaces with Luxurious Amenities
✔ 100 % Vaastu Complaint Home
✔ Biggest Master Bedroom

📈 Why Invest Here?
🔷 Close to HITEC City, Financial District & Mindspace
🔷 Strong appreciation potential
🔷 Early pre-launch advantage
🔷 Strong Rental & Growth Potential Area

📩 WhatsApp Link: https://wa.link/8e5g1j

👉Tap “Get quote” for full details!",10,Get quote,fb.me,"FACEBOOK; INSTAGRAM; AUDIENCE_NETWORK",2026-05-13,2026-06-17,HD: https://video.fjai6-1.fna.fbcdn.net/o1/v/t2/f2/m366/AQM5by4lnQ659hnC1AbvAi2bZPqfHH0A3UplIolVPtMNlXOa7kdG0uZPFOWFXU3KrJ0TYD8xtUWAo_wlbW1VXS6mAs8fbZTnDOuGkyXMKvcZOA.mp4?_nc_cat=109&_nc_oc=AdqzgSHXciL6IRTWAKDoBAHUDD0L2_MzavWA965yIA4AR0xYTd9WQPjBMRQd5RvW026PCzGI_DVxN0bMZhS0_Gb4&_nc_sid=b66105&_nc_ht=video.fjai6-1.fna.fbcdn.net&_nc_ohc=W6I0z8svsc0Q7kNvwES-hKX&efg=eyJ2ZW5jb2RlX3RhZyI6Inhwdl9wcm9ncmVzc2l2ZS5WSV9VU0VDQVNFX1BST0RVQ1RfVFlQRS4uQzMuNzIwLmRhc2hfaDI2NC1iYXNpYy1nZW4yXzcyMHAiLCJ4cHZfYXNzZXRfaWQiOjEyOTc0OTg0NDg1ODc0MTksImFzc2V0X2FnZV9kYXlzIjozNSwidmlfdXNlY2FzZV9pZCI6MTA3OTksImR1cmF0aW9uX3MiOjMxLCJ1cmxnZW5fc291cmNlIjoid3d3In0%3D&ccb=17-1&vs=17e285362c69827a&_nc_vs=HBksFQIYRWZiX2VwaGVtZXJhbC8yQjQ3RDREMDY2NUQ4Nzg3MkRDQzZENjlFRDczRTRCMF9tdF8xX3ZpZGVvX2Rhc2hpbml0Lm1wNBUAAsgBEgAVAhhAZmJfcGVybWFuZW50LzI2NDJEQ0E4ODE4RjcxMTdDMjAxM0UzNkQ4REMxQUJCX2F1ZGlvX2Rhc2hpbml0Lm1wNBUCAsgBEgAoABgAGwKIB3VzZV9vaWwBMRJwcm9ncmVzc2l2ZV9yZWNpcGUBMRUAACa2qv_hrITOBBUCKAJDMywXQD8H752yLQ4YGWRhc2hfaDI2NC1iYXNpYy1nZW4yXzcyMHARAHUAZd6oAQA&_nc_gid=Kx8-eHqWKx6mUXYrK5GcUA&_nc_ss=7b289&_nc_zt=28&oh=00_Af-wOcrH8mbEb7sW_lmYzhZi9pQOfbPQ8vPxUlxgOEmKhA&oe=6A38386F | SD: https://video.fjai6-1.fna.fbcdn.net/o1/v/t2/f2/m412/AQO5T0vczWdczAXiQQRI_A2BlGoDv0TT0ZLWuBEdI0NjEHvhShoTWg_3Y_23A4a9nCcEo2jb6J7pl4OVgSInYcQg2hur73UCDTCPPqmgsg.mp4?_nc_cat=100&_nc_oc=AdpwuQ0hGZF3Qve0046-1sj97vUlzFQox7bsbsbqwy_OVOEKeIcbyZSp6cTjaC8TALPD_t95woAWZ8vziKbpQKWn&_nc_sid=ef5aa3&_nc_ht=video.fjai6-1.fna.fbcdn.net&_nc_ohc=2rv4a7yf6XEQ7kNvwEk1VKd&efg=eyJ2ZW5jb2RlX3RhZyI6Inhwdl9wcm9ncmVzc2l2ZS5WSV9VU0VDQVNFX1BST0RVQ1RfVFlQRS4uQzMuMzYwLnN2ZV9zZCIsInhwdl9hc3NldF9pZCI6MTI5NzQ5ODQ0ODU4NzQxOSwiYXNzZXRfYWdlX2RheXMiOjM1LCJ2aV91c2VjYXNlX2lkIjoxMDc5OSwiZHVyYXRpb25fcyI6MzEsInVybGdlbl9zb3VyY2UiOiJ3d3cifQ%3D%3D&ccb=17-1&_nc_gid=Kx8-eHqWKx6mUXYrK5GcUA&_nc_ss=7b289&_nc_zt=28&oh=00_Af8gD1PiLPxTyazJczgn0vbuJ4c0b_EcrPoA7ochiAAfBA&oe=6A38481A | Preview: https://scontent.fjai6-1.fna.fbcdn.net/v/t39.35426-6/699310561_4485206058432992_6486988338251348331_n.jpg?_nc_cat=109&ccb=1-7&_nc_sid=c53f8f&_nc_ohc=Aegbh8KvUDkQ7kNvwH2bGIS&_nc_oc=AdrocnSIT88YU8f3F9gKFc05Jc88lMLxOrGuiA81N7hg4FVRDXTmaVP2HScdc-mLCgsj7C7e0F221IHEsP1jIKRV&_nc_zt=14&_nc_ht=scontent.fjai6-1.fna&_nc_gid=Kx8-eHqWKx6mUXYrK5GcUA&_nc_ss=7b289&oh=00_Af-UaFG1Tt8AjW4O5qFFoEPbcnCwXd0JXYhPMf_OUKFBfQ&oe=6A383B5F,,,,,,,