Ad Archive ID,Page Profile URI,Website URL,Facebook,Instagram,TikTok,YouTube,Email,Phone,Twitter,LinkedIn,Pinterest,Page ID,Link URL,Page Name,Facebook AD URL,Body Text,Page Like Count,CTA Text,Content (Caption),Publisher Platform,Start Date,End Date,Videos,Images,Cards Body,Cards Link URL,Cards Caption,Cards CTA Text,Cards Images,Cards Videos
2906695593013038,https://www.facebook.com/windlassdevelopers/,fb.me,https://www.facebook.com/windlassdevelopers/,,,,social@windlassdeveloper.com,+91 1800 180 4203,,,,800533566704397,http://fb.me/,Windlass River Valley,https://www.facebook.com/ads/library/?id=2906695593013038,"Imagine waking up to mist rolling off the Doon valley. 

Welcome to Kaveri Towers at River Valley — Dehradun's ONLY township project, on NH-72.

✔ Lake Forest & Mountain Views
✔ Dedicated Sports Grounds
✔ 15 mins from Jolly Grant Airport
✔ Starting ₹1.11 Cr

River Valley Township is Dehradun's only smart township — built on NH-72, surrounded by greenery, just 15 minutes away from the airport.",36590,See details,fb.me,"FACEBOOK; INSTAGRAM",2026-05-26,2026-06-17,,Original: https://scontent.fjai6-1.fna.fbcdn.net/v/t39.35426-6/707153841_1294036319026687_5366732534492284486_n.jpg?_nc_cat=109&ccb=1-7&_nc_sid=c53f8f&_nc_ohc=BKpSv1OD8dsQ7kNvwF0lH_e&_nc_oc=AdoerTK6OWgSkv63ah1RWrU2C2dzjq4P-Yphvqs2wqVD8krxTM4kxQfUH7r_GcdV7z1VEx_fDGBsVWEyscUniKgQ&_nc_zt=14&_nc_ht=scontent.fjai6-1.fna&_nc_gid=ySd8cj_g69mtYM8OGZvaeg&_nc_ss=7b289&oh=00_Af9R3U_FePgFzKG4o7HdihBUZdBoK_zaYtVgK-h-Ez2h5A&oe=6A386F0A | Resized: https://scontent.fjai6-1.fna.fbcdn.net/v/t39.35426-6/707097067_1330779382267951_1220427201321925715_n.jpg?stp=dst-jpg_s600x600_tt6&_nc_cat=108&ccb=1-7&_nc_sid=c53f8f&_nc_ohc=60vsOiiRTJYQ7kNvwEW77fa&_nc_oc=AdplBweZMxu4VK8nr4XtcOdNjfm1s7b5rjSaDRz3Vi-N_bN3RlocOSONnfn7zqoNom6f-8N95vrE4tcA-DenBl3K&_nc_zt=14&_nc_ht=scontent.fjai6-1.fna&_nc_gid=ySd8cj_g69mtYM8OGZvaeg&_nc_ss=7b289&oh=00_Af_RHOCCxMAAaqxd3Z-m9vGiAjHSh38r-IrJJzO-RWEs0Q&oe=6A3845E3,,,,,,
1384904900057972,https://www.facebook.com/amanoraparktown/,fb.me,https://www.facebook.com/amanoraparktown/,,,,info@amanora.com,+91 97670 12345,,,,177703722242330,http://fb.me/,Amanora Park Town,https://www.facebook.com/ads/library/?id=1384904900057972,"Discover a new standard of living at Amanora Gateway Towers, Hadapsar.
Homes starting from ₹2.26 Cr*, where iconic design, breathtaking views, and unmatched luxury come together.


✅ Premium Blue Orchid Club & rooftop access
✅ Designed for elite urban living
✅ Within a 400-acre integrated township
✅ Sunrise-to-sunset panoramic views

Your address of pride awaits. Enquire Today!",103916,Get quote,fb.me,"FACEBOOK; INSTAGRAM",2026-04-03,2026-06-16,,,"Discover a new standard of living at Amanora Gateway Towers, Hadapsar.
Homes starting from ₹2.26 Cr*, where iconic design, breathtaking views, and unmatched luxury come together.


✅ Premium Blue Orchid Club & rooftop access
✅ Designed for elite urban living
✅ Within a 400-acre integrated township
✅ Sunrise-to-sunset panoramic views

Your address of pride awaits. Enquire Today! || Discover a new standard of living at Amanora Gateway Towers, Hadapsar.
Homes starting from ₹2.26 Cr*, where iconic design, breathtaking views, and unmatched luxury come together.


✅ Premium Blue Orchid Club & rooftop access
✅ Designed for elite urban living
✅ Within a 400-acre integrated township
✅ Sunrise-to-sunset panoramic views

Your address of pride awaits. Enquire Today! || Discover a new standard of living at Amanora Gateway Towers, Hadapsar.
Homes starting from ₹2.26 Cr*, where iconic design, breathtaking views, and unmatched luxury come together.


✅ Premium Blue Orchid Club & rooftop access
✅ Designed for elite urban living
✅ Within a 400-acre integrated township
✅ Sunrise-to-sunset panoramic views

Your address of pride awaits. Enquire Today!",http://fb.me/ || http://fb.me/ || http://fb.me/,,Get Quote || Get Quote || Get Quote,,HD: https://video.fjai6-1.fna.fbcdn.net/o1/v/t2/f2/m366/AQPESwj8EXvr8f-GpcKEP-jOmKjyKUYr9ZrF31yCZhU_9niB3O55yIS2rP3TAvT5z_KEljkstbpbHcQiZ0fHo4t1sc-HyyirCiDNXIhBei31Yg.mp4?_nc_cat=101&_nc_oc=AdoVeEHsFLKly6SfB-IaC198BKZGAs4Fh00yrjaaq_Ldrm2Wf6OzCki5csoBhKwDSG-SyXMq6UNKhXm9YBgrdWxR&_nc_sid=b66105&_nc_ht=video.fjai6-1.fna.fbcdn.net&_nc_ohc=SbrfuoDrBSsQ7kNvwE9Gtlu&efg=eyJ2ZW5jb2RlX3RhZyI6Inhwdl9wcm9ncmVzc2l2ZS5WSV9VU0VDQVNFX1BST0RVQ1RfVFlQRS4uQzMuNzIwLmRhc2hfaDI2NC1iYXNpYy1nZW4yXzcyMHAiLCJ4cHZfYXNzZXRfaWQiOjIxNDAxNzgxMjY1MjI0NTMsImFzc2V0X2FnZV9kYXlzIjo3NiwidmlfdXNlY2FzZV9pZCI6MTA3OTksImR1cmF0aW9uX3MiOjI5LCJ1cmxnZW5fc291cmNlIjoid3d3In0%3D&ccb=17-1&vs=a3b7a4006ab3afcc&_nc_vs=HBksFQIYRWZiX2VwaGVtZXJhbC84ODRFMDk3QjUzMEQ3ODY0NUZEOUNBN0MxMkM1MEI5Q19tdF8xX3ZpZGVvX2Rhc2hpbml0Lm1wNBUAAsgBEgAVAhhAZmJfcGVybWFuZW50LzUzNEY5NENBOEI1MkI1MDk2MjYyMkE4RERERUVEQjhBX2F1ZGlvX2Rhc2hpbml0Lm1wNBUCAsgBEgAoABgAGwKIB3VzZV9vaWwBMRJwcm9ncmVzc2l2ZV9yZWNpcGUBMRUAACaqoebP4Z7NBxUCKAJDMywXQD3u2RaHKwIYGWRhc2hfaDI2NC1iYXNpYy1nZW4yXzcyMHARAHUAZd6oAQA&_nc_gid=ySd8cj_g69mtYM8OGZvaeg&_nc_ss=7b289&_nc_zt=28&oh=00_Af9c--NHpOozt90p2BqXtNsUlXOa1sOuXAHJd0KW0NgijQ&oe=6A384993 | SD: https://video.fjai6-1.fna.fbcdn.net/o1/v/t2/f2/m412/AQMvvYqE49gsij__eaXjyzMFVC7igeJ4eLDe7BqcXcTTklIfnBwasnj0n_p7WW_gB4171kurTn4bP9hTJFLh38ea9DMdE_YPLJOtGNpWxA.mp4?_nc_cat=109&_nc_oc=AdoRagqV0bki2wut2XBqhp9DYKj3dbMXaf0DsuU2eTApzW5ZtyXQuimJW564HL4KMS9BTsw1pmrZp9s7aG1DeXIR&_nc_sid=ef5aa3&_nc_ht=video.fjai6-1.fna.fbcdn.net&_nc_ohc=29VqqDHINtwQ7kNvwE5uRA_&efg=eyJ2ZW5jb2RlX3RhZyI6Inhwdl9wcm9ncmVzc2l2ZS5WSV9VU0VDQVNFX1BST0RVQ1RfVFlQRS4uQzMuMzYwLnN2ZV9zZCIsInhwdl9hc3NldF9pZCI6MjE0MDE3ODEyNjUyMjQ1MywiYXNzZXRfYWdlX2RheXMiOjc2LCJ2aV91c2VjYXNlX2lkIjoxMDc5OSwiZHVyYXRpb25fcyI6MjksInVybGdlbl9zb3VyY2UiOiJ3d3cifQ%3D%3D&ccb=17-1&_nc_gid=ySd8cj_g69mtYM8OGZvaeg&_nc_ss=7b289&_nc_zt=28&oh=00_Af9VPGgYlBWW-zNHXa-sOARTl8t8UpXO8lKx6LLFTzFHsA&oe=6A38728D | Preview: https://scontent.fjai6-1.fna.fbcdn.net/v/t39.35426-6/658935116_1108566754785124_7646363988084889321_n.jpg?_nc_cat=106&ccb=1-7&_nc_sid=c53f8f&_nc_ohc=4ypzSL8sbLMQ7kNvwHmgOFN&_nc_oc=AdoqM1KCWuKHt6nhK_xAyAieTTtbjKY9AB_JSI1OAW1haoqa9u9de64uBlc7tKwRa16QS6wrE1qr7KiJfNuiyiUM&_nc_zt=14&_nc_ht=scontent.fjai6-1.fna&_nc_gid=ySd8cj_g69mtYM8OGZvaeg&_nc_ss=7b289&oh=00_Af-gQC9lEq-jN7qL3i9AdwQ7x2-Y1W1EnpOmDxesGxtoSw&oe=6A384E08 || SD: https://video.fjai6-1.fna.fbcdn.net/o1/v/t2/f2/m412/AQMCSByR_t6nvjzdFDnzEd_qh0r9RIb1J-urqwnBpx3RMl2ayxY05uHDE5OBTNVASWOIdVjF1kuKBoakE9TN3NhwS_lkJkU4R_EsxSldOw.mp4?_nc_cat=103&_nc_oc=AdpXxC5yqZZVnZzRcSEugeQpqGvsOW9xUNALTxMzL48rpFVhEiwX9yQDVLLjRkMGsUyyNUfkWC0Q6TtlHq2zipd3&_nc_sid=ef5aa3&_nc_ht=video.fjai6-1.fna.fbcdn.net&_nc_ohc=MKOUkWf4d7gQ7kNvwEEW0Xk&efg=eyJ2ZW5jb2RlX3RhZyI6Inhwdl9wcm9ncmVzc2l2ZS5WSV9VU0VDQVNFX1BST0RVQ1RfVFlQRS4uQzMuNjQwLnN2ZV9zZCIsInhwdl9hc3NldF9pZCI6MTQzODE0NDQ4NDQ2OTUwNSwiYXNzZXRfYWdlX2RheXMiOjc2LCJ2aV91c2VjYXNlX2lkIjoxMDc5OSwiZHVyYXRpb25fcyI6MzAsInVybGdlbl9zb3VyY2UiOiJ3d3cifQ%3D%3D&ccb=17-1&_nc_gid=ySd8cj_g69mtYM8OGZvaeg&_nc_ss=7b289&_nc_zt=28&oh=00_Af9oaCDtIWMuer0KC2hNeO2O6ou0nCKdkuYmNMUgq6th8w&oe=6A386EFF | Preview: https://scontent.fjai6-1.fna.fbcdn.net/v/t39.35426-6/659589839_1677027830324343_9129921258897378819_n.jpg?_nc_cat=100&ccb=1-7&_nc_sid=c53f8f&_nc_ohc=khcKnMf8mHAQ7kNvwGxSnwe&_nc_oc=AdpXlTnw2IzLPC5asT6dfMpbCEor9usbvk9qgoQ6_Hlencx8UynjgpoPTcQb2uaMVW30tCpHdQMY5Vr6wobHodr8&_nc_zt=14&_nc_ht=scontent.fjai6-1.fna&_nc_gid=ySd8cj_g69mtYM8OGZvaeg&_nc_ss=7b289&oh=00_Af-EZK-la5V036OUBCBia8-3UrMYtZdvCNgc0-rTnv3X9A&oe=6A385D0B || HD: https://video.fjai6-1.fna.fbcdn.net/o1/v/t2/f2/m366/AQOg3U7GC91A324wA6HEstAW55EFd8C0fDHIy_dIOwKSna3iyPwxFYnGzCIz-Z-jnCzsdrLeYraQIB3gFUJgI34WXTzPc2N5H5i-440hRs2TbQ.mp4?_nc_cat=103&_nc_oc=AdoW02yVtFUyTk6dNIINKMG1uNMWvdmTjNfQQgAcoH8Njle1_goZn_mdkZC_vxfMRJSCxRHp3Ji338ZOk5ir7gnm&_nc_sid=b66105&_nc_ht=video.fjai6-1.fna.fbcdn.net&_nc_ohc=Xs-a7dkGs-kQ7kNvwGuFzvC&efg=eyJ2ZW5jb2RlX3RhZyI6Inhwdl9wcm9ncmVzc2l2ZS5WSV9VU0VDQVNFX1BST0RVQ1RfVFlQRS4uQzMuNzIwLmRhc2hfaDI2NC1iYXNpYy1nZW4yXzcyMHAiLCJ4cHZfYXNzZXRfaWQiOjEyNTU5MzgxMDY3NDMxNzIsImFzc2V0X2FnZV9kYXlzIjo3NiwidmlfdXNlY2FzZV9pZCI6MTA3OTksImR1cmF0aW9uX3MiOjMwLCJ1cmxnZW5fc291cmNlIjoid3d3In0%3D&ccb=17-1&vs=446cc68e963cd652&_nc_vs=HBksFQIYRWZiX2VwaGVtZXJhbC84RDQwNEUxQ0Q2NTI1QUJDRDEzQjgwMzBCMTREMEFBM19tdF8xX3ZpZGVvX2Rhc2hpbml0Lm1wNBUAAsgBEgAVAhhAZmJfcGVybWFuZW50LzhCNDc5MjJCMjE2RUExMTVCNERGNDc1RTVFN0I5RUI1X2F1ZGlvX2Rhc2hpbml0Lm1wNBUCAsgBEgAoABgAGwKIB3VzZV9vaWwBMRJwcm9ncmVzc2l2ZV9yZWNpcGUBMRUAACaI5rKLnJG7BBUCKAJDMywXQD4AAAAAAAAYGWRhc2hfaDI2NC1iYXNpYy1nZW4yXzcyMHARAHUAZd6oAQA&_nc_gid=ySd8cj_g69mtYM8OGZvaeg&_nc_ss=7b289&_nc_zt=28&oh=00_Af8wMCtaDltwUV6XcGnk2UcBHNIDeN8Fx2aaalrNFbORlA&oe=6A386101 | SD: https://video.fjai6-1.fna.fbcdn.net/o1/v/t2/f2/m412/AQORxXmNb7sBa3SE3sfCbUnSUk4ieifDe4UyxWzpLTk14EXsmp53SdIIlhF1Lgij4ZW7fUaFyZWLqnzCrblV1WoA8IAh8el3U5OKF0wkGg.mp4?_nc_cat=110&_nc_oc=AdoMxbn0NbICZYMY3jgAdXmglI2do56pl8NELPg4sWArtTppyKYJ7kgV7EH29l6RMxt0PEPhvYhdxn6unFe0zXko&_nc_sid=ef5aa3&_nc_ht=video.fjai6-1.fna.fbcdn.net&_nc_ohc=FuDUE7uCSmMQ7kNvwFd35m1&efg=eyJ2ZW5jb2RlX3RhZyI6Inhwdl9wcm9ncmVzc2l2ZS5WSV9VU0VDQVNFX1BST0RVQ1RfVFlQRS4uQzMuMzYwLnN2ZV9zZCIsInhwdl9hc3NldF9pZCI6MTI1NTkzODEwNjc0MzE3MiwiYXNzZXRfYWdlX2RheXMiOjc2LCJ2aV91c2VjYXNlX2lkIjoxMDc5OSwiZHVyYXRpb25fcyI6MzAsInVybGdlbl9zb3VyY2UiOiJ3d3cifQ%3D%3D&ccb=17-1&_nc_gid=ySd8cj_g69mtYM8OGZvaeg&_nc_ss=7b289&_nc_zt=28&oh=00_Af8_gHiRv_K68IOvoDKXFlMDqNS5Sn7jFNXI1d03q-WhEQ&oe=6A3871EC | Preview: https://scontent.fjai6-1.fna.fbcdn.net/v/t39.35426-6/659154231_953942217573081_5718748909533816688_n.jpg?_nc_cat=101&ccb=1-7&_nc_sid=c53f8f&_nc_ohc=Bfeku1RiqrAQ7kNvwGqm6jZ&_nc_oc=Adpoi0WxGZjLqRrFoIQEy1W814vqa2-pKgUAlOmyApzZuO1HoWTwcRklAtlksaB2Zsoc-frnMcPJpLr2V-az4-U7&_nc_zt=14&_nc_ht=scontent.fjai6-1.fna&_nc_gid=ySd8cj_g69mtYM8OGZvaeg&_nc_ss=7b289&oh=00_Af8kyrVYBlvQk-2ckNq3rK8Agd9-zAOTTC_iRf5tEJvPMw&oe=6A385197
1696489358217306,https://www.facebook.com/BrigadeGroup/,brigadegroup.com,https://www.facebook.com/BrigadeGroup/,,,,,,,,,382990208485386,https://www.brigadegroup.com/residential/projects/bengaluru/laurel-maple-at-brigade-orchards/lp?utm_campaign=LAUREL_MAPLE_DIGITAL_META_LA,Brigade Group,https://www.facebook.com/ads/library/?id=1696489358217306,"Launching Laurel & Mapel at Brigade Orchards. 1, 2 & 3 Bed Homes 97 Lakhs Onwards*, Near Aerospace park, Devanahalli. Multi generational living. Part of 135-acre smart township. Just 15 Minutes to Airport.",109951,Get offer,www.brigadeorchards.com,"FACEBOOK; INSTAGRAM",2026-05-25,2026-06-17,,,"Launching Laurel & Mapel at Brigade Orchards. 1, 2 & 3 Bed Homes 97 Lakhs Onwards*, Near Aerospace park, Devanahalli. Multi generational living. Part of 135-acre smart township. Just 15 Minutes to Airport. || Launching Laurel & Mapel at Brigade Orchards. 1, 2 & 3 Bed Homes 97 Lakhs Onwards*, Near Aerospace park, Devanahalli. Multi generational living. Part of 135-acre smart township. Just 15 Minutes to Airport. || Launching Laurel & Mapel at Brigade Orchards. 1, 2 & 3 Bed Homes 97 Lakhs Onwards*, Near Aerospace park, Devanahalli. Multi generational living. Part of 135-acre smart township. Just 15 Minutes to Airport.",https://www.brigadegroup.com/residential/projects/bengaluru/laurel-maple-at-brigade-orchards/lp?utm_campaign=LAUREL_MAPLE_DIGITAL_META_LA || https://www.brigadegroup.com/residential/projects/bengaluru/laurel-maple-at-brigade-orchards/lp?utm_campaign=LAUREL_MAPLE_DIGITAL_META_LA || https://www.brigadegroup.com/residential/projects/bengaluru/laurel-maple-at-brigade-orchards/lp?utm_campaign=LAUREL_MAPLE_DIGITAL_META_LA,www.brigadeorchards.com || www.brigadeorchards.com || www.brigadeorchards.com,Get Offer || Get Offer || Get Offer,Original: https://scontent.fjai6-1.fna.fbcdn.net/v/t39.35426-6/708136272_2925074734539091_5158669696578820863_n.jpg?_nc_cat=107&ccb=1-7&_nc_sid=c53f8f&_nc_ohc=_ccqoBA3ARIQ7kNvwEVyz2f&_nc_oc=AdqCWj6DyxGpXY_g2pg_suLJdjBG-UE0rH6fqQi6jfdsFhLxatwJtHULuGEkmogW3leZJDdmaci4zKMrc041Ep3W&_nc_zt=14&_nc_ht=scontent.fjai6-1.fna&_nc_gid=ySd8cj_g69mtYM8OGZvaeg&_nc_ss=7b289&oh=00_Af8j3PU93aosEmAu-rWMG_pHgv8Z6YhFBP9uuw3kSdeJaQ&oe=6A3876E7 | Resized: https://scontent.fjai6-1.fna.fbcdn.net/v/t39.35426-6/708121995_2137686977021786_1243201920850125373_n.jpg?stp=dst-jpg_s600x600_tt6&_nc_cat=105&ccb=1-7&_nc_sid=c53f8f&_nc_ohc=x-9kk4lPMiYQ7kNvwHZTFq8&_nc_oc=AdpnWE713CGPISUJDIc8fENY-KwtwVxJnwjrb78fNIklEMxJurJ8LEAOsX6J6kJKDm-Lj-6v6D5H2yJ1Y6D0v6pO&_nc_zt=14&_nc_ht=scontent.fjai6-1.fna&_nc_gid=ySd8cj_g69mtYM8OGZvaeg&_nc_ss=7b289&oh=00_Af_zsQzoqnmM30dWw-0xwGPF0ZA0nCFfBlnCnv9NYbSHnw&oe=6A384DFD || Original: https://scontent.fjai6-1.fna.fbcdn.net/v/t39.35426-6/707048796_2395797137597224_3494778601246284098_n.jpg?_nc_cat=103&ccb=1-7&_nc_sid=c53f8f&_nc_ohc=eLEw1ME0Q3UQ7kNvwE1Fzfy&_nc_oc=Adp-rAyVvioQnD_RnBvAnN1hQVEhB6W13FmtjpEmjR-QRIK-LXwk2tltB3s7KwsjiYENjmF_UAMOsdYDtBPcgz8a&_nc_zt=14&_nc_ht=scontent.fjai6-1.fna&_nc_gid=ySd8cj_g69mtYM8OGZvaeg&_nc_ss=7b289&oh=00_Af8x86qJEO_oTO1Y-ENXN6R_0lPLwtM511hfj6_HHQQfBw&oe=6A38615E | Resized: https://scontent.fjai6-1.fna.fbcdn.net/v/t39.35426-6/707152909_928209116937550_7992258623309921873_n.jpg?stp=dst-jpg_s600x600_tt6&_nc_cat=107&ccb=1-7&_nc_sid=c53f8f&_nc_ohc=fKOupCu-918Q7kNvwGJEYIP&_nc_oc=Adp5lb-RXXA9pb8VaEczW0XMR_cWlHPjZp0cI57GXw_i4FZKyKszl4papZQNQVxd4xeK9MEChqFBF-CJ2gv1Vsvv&_nc_zt=14&_nc_ht=scontent.fjai6-1.fna&_nc_gid=ySd8cj_g69mtYM8OGZvaeg&_nc_ss=7b289&oh=00_Af8vRpt5dHWLXoYWOIswKWf1xRfCpb3skZCn67CCccmogw&oe=6A384B75 || Original: https://scontent.fjai6-1.fna.fbcdn.net/v/t39.35426-6/706965485_2024915115077482_243108270030617994_n.jpg?_nc_cat=102&ccb=1-7&_nc_sid=c53f8f&_nc_ohc=_Sxf7HcGrjAQ7kNvwHEb3YZ&_nc_oc=Adq3YzJAcwyVHjzwwkwqa7RICobfDBaG6CYrJxLFxVHX9oUkZuSX8hgk6mpEm-ejJnZUJlamccSn50dPhibDz2iE&_nc_zt=14&_nc_ht=scontent.fjai6-1.fna&_nc_gid=ySd8cj_g69mtYM8OGZvaeg&_nc_ss=7b289&oh=00_Af-BjUwiLzzgR1lCJlnjp2JEh0PP3b-CPHJJp6nzoiYerA&oe=6A38483B | Resized: https://scontent.fjai6-1.fna.fbcdn.net/v/t39.35426-6/707347883_2010459896513062_5336894871532780265_n.jpg?stp=dst-jpg_s600x600_tt6&_nc_cat=106&ccb=1-7&_nc_sid=c53f8f&_nc_ohc=5pZ2YHxoAZsQ7kNvwEIZezu&_nc_oc=AdrnZqACu52EzrbEj8sDpUKhMaPFFsBPV06Q3v3EtX4285LAhah8COha0HCJIOjj31im-373E0ldbzZNR2OZ61Ez&_nc_zt=14&_nc_ht=scontent.fjai6-1.fna&_nc_gid=ySd8cj_g69mtYM8OGZvaeg&_nc_ss=7b289&oh=00_Af_3t4Wr05iTZpiFH-j05v2ulPMpvE34S-vXR7EIXyjC3w&oe=6A384357,
2832928793725703,https://www.facebook.com/BrigadeGroup/,brigadegroup.com,https://www.facebook.com/BrigadeGroup/,,,,infosec@brigadegroup.com,"18001029977, 8041379200, 8041379381, +918041379200, +918041379381",,,,382990208485386,https://www.brigadegroup.com/residential/projects/bengaluru/laurel-maple-at-brigade-orchards/lp?utm_campaign=LAUREL_MAPLE_DIGITAL_META,Brigade Group,https://www.facebook.com/ads/library/?id=2832928793725703,"Launching Laurel & Mapel at Brigade Orchards. 1, 2 & 3 Bed Homes 97 Lakhs Onwards*, Near Aerospace park, Devanahalli. Multi generational living. Part of 135-acre smart township. Just 15 Minutes to Airport.",109951,Get offer,www.brigadeorchards.com,"FACEBOOK; INSTAGRAM",2026-05-25,2026-06-16,,,"Launching Laurel & Mapel at Brigade Orchards. 1, 2 & 3 Bed Homes 97 Lakhs Onwards*, Near Aerospace park, Devanahalli. Multi generational living. Part of 135-acre smart township. Just 15 Minutes to Airport. || Launching Laurel & Mapel at Brigade Orchards. 1, 2 & 3 Bed Homes 97 Lakhs Onwards*, Near Aerospace park, Devanahalli. Multi generational living. Part of 135-acre smart township. Just 15 Minutes to Airport. || Launching Laurel & Mapel at Brigade Orchards. 1, 2 & 3 Bed Homes 97 Lakhs Onwards*, Near Aerospace park, Devanahalli. Multi generational living. Part of 135-acre smart township. Just 15 Minutes to Airport.",https://www.brigadegroup.com/residential/projects/bengaluru/laurel-maple-at-brigade-orchards/lp?utm_campaign=LAUREL_MAPLE_DIGITAL_META || https://www.brigadegroup.com/residential/projects/bengaluru/laurel-maple-at-brigade-orchards/lp?utm_campaign=LAUREL_MAPLE_DIGITAL_META || https://www.brigadegroup.com/residential/projects/bengaluru/laurel-maple-at-brigade-orchards/lp?utm_campaign=LAUREL_MAPLE_DIGITAL_META,www.brigadeorchards.com || www.brigadeorchards.com || www.brigadeorchards.com,Get Offer || Get Offer || Get Offer,Original: https://scontent.fjai6-1.fna.fbcdn.net/v/t39.35426-6/706197826_849804658165896_2094719275442665555_n.jpg?_nc_cat=100&ccb=1-7&_nc_sid=c53f8f&_nc_ohc=55-ro35NAloQ7kNvwFhgr-f&_nc_oc=AdoZxkJaS3PUEn3ZMvBYJKU4LQvLqVDK-6eC3Wx00Rqo96HgDfxrkXabjsm1PVmUkZeDXufJIYLggD1F-YbWOXv9&_nc_zt=14&_nc_ht=scontent.fjai6-1.fna&_nc_gid=ySd8cj_g69mtYM8OGZvaeg&_nc_ss=7b289&oh=00_Af9MSFhV7iiSX7ze42ZfHhSi5El_YJKFJSr5gn8d5Phmvw&oe=6A386A83 | Resized: https://scontent.fjai6-1.fna.fbcdn.net/v/t39.35426-6/706337003_1674588140227228_7156828816004291440_n.jpg?stp=dst-jpg_s600x600_tt6&_nc_cat=105&ccb=1-7&_nc_sid=c53f8f&_nc_ohc=Qcz5Je-It7sQ7kNvwH1oTTJ&_nc_oc=AdrrWhcJmL9CIFR7ALj3UDxKCYUbJ9cjq-fDfgD5ZIhLl2W6iKs9HSkXFt2I_0BBfwf6-p5ufdaMm0AyA0M7QS51&_nc_zt=14&_nc_ht=scontent.fjai6-1.fna&_nc_gid=ySd8cj_g69mtYM8OGZvaeg&_nc_ss=7b289&oh=00_Af9FNtTKItGWpO5c-gj077lHgxDu1QAgLAD86YuLCerEpQ&oe=6A3849D8 || Original: https://scontent.fjai6-1.fna.fbcdn.net/v/t39.35426-6/703173104_957751113557709_33217282488763925_n.jpg?_nc_cat=110&ccb=1-7&_nc_sid=c53f8f&_nc_ohc=itlRkeg_NiMQ7kNvwF8-o_A&_nc_oc=AdqClelsPxV8WTb8fjzUD0WlFjq2NO9WU2JwIK0bvE94iFInEyu_xBnnEMVQCAveuYTu4C8ukcfiHljmdpKTwmGz&_nc_zt=14&_nc_ht=scontent.fjai6-1.fna&_nc_gid=ySd8cj_g69mtYM8OGZvaeg&_nc_ss=7b289&oh=00_Af8E2LY12s29Mm8Ujtr27MFJed1V_Cc-a_bkcvNVmJNrdQ&oe=6A385F21 | Resized: https://scontent.fjai6-1.fna.fbcdn.net/v/t39.35426-6/706711470_1416223096932792_1566531035839714452_n.jpg?stp=dst-jpg_s600x600_tt6&_nc_cat=109&ccb=1-7&_nc_sid=c53f8f&_nc_ohc=JTdukxbnf6IQ7kNvwGmpoz3&_nc_oc=AdrgQczboRQk4faweMH5AnTBp5d99qULAx-gTL8gJBqkiO-gH5Bt-hX3XAgvpO9Hl1sL9HWdDIlUgg7Zzj_hTPyR&_nc_zt=14&_nc_ht=scontent.fjai6-1.fna&_nc_gid=ySd8cj_g69mtYM8OGZvaeg&_nc_ss=7b289&oh=00_Af8qEsCfCfcDbeyffUS-SMJd_j4y_YHs13EkGhazD8V9Dg&oe=6A3845A3 || Original: https://scontent.fjai6-1.fna.fbcdn.net/v/t39.35426-6/707992914_1529302782240781_9111052258434714690_n.jpg?_nc_cat=103&ccb=1-7&_nc_sid=c53f8f&_nc_ohc=0U1Yi_KI1ugQ7kNvwEOZc5h&_nc_oc=Adq6aS4GCv9J8ePgxZreddcbg17cVMMOEEXMzhbrp6pZU5eX5SYIsRqrdBnmU10mDW92SMqAHPdQw2AqZCaFiA6O&_nc_zt=14&_nc_ht=scontent.fjai6-1.fna&_nc_gid=ySd8cj_g69mtYM8OGZvaeg&_nc_ss=7b289&oh=00_Af-n1wwMT8---g2ujegUWUmCMqiIjFboQdfTxVK7MZvM-g&oe=6A3857DE | Resized: https://scontent.fjai6-1.fna.fbcdn.net/v/t39.35426-6/707693743_2995298947345032_2181696358339153357_n.jpg?stp=dst-jpg_s600x600_tt6&_nc_cat=105&ccb=1-7&_nc_sid=c53f8f&_nc_ohc=D0TJVkJCIgEQ7kNvwEruai4&_nc_oc=AdpDCstDHU3G__x5yz6pMMkAfG-QFD4vZJu3vq_QadZ3V4ZRhzmHRYwrBAW9AvM4QpiqV4f_QXOZPCxnyZIcWSYT&_nc_zt=14&_nc_ht=scontent.fjai6-1.fna&_nc_gid=ySd8cj_g69mtYM8OGZvaeg&_nc_ss=7b289&oh=00_Af80R40FOwl8PVtfUl2dkCGzAPonQOuf522-336OjG1hDg&oe=6A387242,
950661334372135,https://www.facebook.com/amanoraparktown/,fb.me,https://www.facebook.com/amanoraparktown/,,,,info@amanora.com,+91 97670 12345,,,,177703722242330,http://fb.me/,Amanora Park Town,https://www.facebook.com/ads/library/?id=950661334372135,"A Timeless Legacy Crafted for the Elite at Amanora Gateway Towers
Indulge in unparalleled luxury with homes starting at ₹2.26 Cr* in Hadapsar, Pune.

✅ A part of 400 Acres Township
✅ Exclusive 2.5-5 BHK Residences
✅ State-of-the-Art Smart Home Features
✅ Spacious Living with Stunning City Views

Book your dream home in Pune's most iconic address.",103916,Get quote,fb.me,"FACEBOOK; INSTAGRAM",2026-04-02,2026-06-16,,,"A Timeless Legacy Crafted for the Elite at Amanora Gateway Towers
Indulge in unparalleled luxury with homes starting at ₹2.26 Cr* in Hadapsar, Pune.

✅ A part of 400 Acres Township
✅ Exclusive 2.5-5 BHK Residences
✅ State-of-the-Art Smart Home Features
✅ Spacious Living with Stunning City Views

Book your dream home in Pune's most iconic address. || A Timeless Legacy Crafted for the Elite at Amanora Gateway Towers
Indulge in unparalleled luxury with homes starting at ₹2.26 Cr* in Hadapsar, Pune.

✅ A part of 400 Acres Township
✅ Exclusive 2.5-5 BHK Residences
✅ State-of-the-Art Smart Home Features
✅ Spacious Living with Stunning City Views

Book your dream home in Pune's most iconic address. || A Timeless Legacy Crafted for the Elite at Amanora Gateway Towers
Indulge in unparalleled luxury with homes starting at ₹2.26 Cr* in Hadapsar, Pune.

✅ A part of 400 Acres Township
✅ Exclusive 2.5-5 BHK Residences
✅ State-of-the-Art Smart Home Features
✅ Spacious Living with Stunning City Views

Book your dream home in Pune's most iconic address.",http://fb.me/ || http://fb.me/ || http://fb.me/,,Get Quote || Get Quote || Get Quote,Original: https://scontent.fjai6-1.fna.fbcdn.net/v/t39.35426-6/658924960_1537875504520859_5775719313575180151_n.jpg?_nc_cat=110&ccb=1-7&_nc_sid=c53f8f&_nc_ohc=1sR6ZzM5yxcQ7kNvwE7NlOX&_nc_oc=AdowhEW_P9KZuqRUG7j7MtzJAlEDrMppgzDvnV1k0gXX12ewfNKiui2Egp2l7eIO5PZ7khzjOdA7WxDuXXf7oNrg&_nc_zt=14&_nc_ht=scontent.fjai6-1.fna&_nc_gid=ySd8cj_g69mtYM8OGZvaeg&_nc_ss=7b289&oh=00_Af_fQxkQU7oVw8X5A6LdjoObCn1_8VllxsvxGRUk6HTC6g&oe=6A3860F1 | Resized: https://scontent.fjai6-1.fna.fbcdn.net/v/t39.35426-6/661314680_4592430344321501_8472076091809604799_n.jpg?stp=dst-jpg_s600x600_tt6&_nc_cat=107&ccb=1-7&_nc_sid=c53f8f&_nc_ohc=AOxGPKFO54UQ7kNvwGkshN2&_nc_oc=AdomfRsZfQNazLs3XppkC0SV-w2r7cqKB4NZj817IRewTOLTOa6ZSXKFCYBCbJ7yd_HF_OXxHdhFe9uyjGNTKsmB&_nc_zt=14&_nc_ht=scontent.fjai6-1.fna&_nc_gid=ySd8cj_g69mtYM8OGZvaeg&_nc_ss=7b289&oh=00_Af-4pExD-nHdxXOHlM4a3EAVUKsEdB1KNi3A3jvEqQofQw&oe=6A385EFC || Original: https://scontent.fjai6-1.fna.fbcdn.net/v/t39.35426-6/658728514_1242114388108441_5079290215298637392_n.jpg?_nc_cat=108&ccb=1-7&_nc_sid=c53f8f&_nc_ohc=eqb5miIrnj4Q7kNvwHzTERW&_nc_oc=AdpDqIRyANB96uY7PkMPGZcPdumQ6QebqKwU_nAijDNs9C-PQTQ3YyatIJmfG9SyQs0-_9ViD5mA3tJjpfmiWwf-&_nc_zt=14&_nc_ht=scontent.fjai6-1.fna&_nc_gid=ySd8cj_g69mtYM8OGZvaeg&_nc_ss=7b289&oh=00_Af-d4pd4iQoZsDq6PhTpLnQFFmt7fSNMIK2r2iNNGzBapQ&oe=6A38471F | Resized: https://scontent.fjai6-1.fna.fbcdn.net/v/t39.35426-6/658195174_1264273121861627_5284015533980828482_n.jpg?stp=dst-jpg_s600x600_tt6&_nc_cat=105&ccb=1-7&_nc_sid=c53f8f&_nc_ohc=HrwvqD3UUigQ7kNvwFord70&_nc_oc=AdqzPOlIIwDs_6_63a6RZYCBXvgSwR-57MV7OiIKpRKrIg83zH9CR4c8bOHpcoHmSoewuXeM8MM8oFBpTVTh9F-8&_nc_zt=14&_nc_ht=scontent.fjai6-1.fna&_nc_gid=ySd8cj_g69mtYM8OGZvaeg&_nc_ss=7b289&oh=00_Af92N7h8-Rpkd3gdECMN-7VdU0KISSgAF-l4uG0VASA-DA&oe=6A3855DB || Original: https://scontent.fjai6-1.fna.fbcdn.net/v/t39.35426-6/657923630_806264439201870_9161096382188939485_n.jpg?_nc_cat=107&ccb=1-7&_nc_sid=c53f8f&_nc_ohc=4KuFt86MuH0Q7kNvwGV0Ahx&_nc_oc=Adq41Yccm6ZVOaL6c-ERzf0DbMhWwwd2pqHIIu--AreUgoP5AqxHNMS-mDFM_WMV9Oij0YlgptSgfUP3MG-qRo9l&_nc_zt=14&_nc_ht=scontent.fjai6-1.fna&_nc_gid=ySd8cj_g69mtYM8OGZvaeg&_nc_ss=7b289&oh=00_Af_Dg4gAJRiEcky75E1okeLRk4JDZDzCbVBv8JxfmGuCVg&oe=6A384300 | Resized: https://scontent.fjai6-1.fna.fbcdn.net/v/t39.35426-6/658931302_1309788801004375_8598594181663702390_n.jpg?stp=dst-jpg_s600x600_tt6&_nc_cat=102&ccb=1-7&_nc_sid=c53f8f&_nc_ohc=J9jg4LJ6cqoQ7kNvwEEUYvy&_nc_oc=AdrIocV61HZLhDMfdwJw0hkeWsaeN8YyuR-JLoaowmD0HtT-w2MhuLDZYenvhk6gc2MgvSn3wf5mOyMjlsra_cB0&_nc_zt=14&_nc_ht=scontent.fjai6-1.fna&_nc_gid=ySd8cj_g69mtYM8OGZvaeg&_nc_ss=7b289&oh=00_Af_C4gDHgkDE3XjFWKnRfe2r8DIvK5OysQ5S3nxxmcR2Lg&oe=6A38474B,
1328415382148672,https://www.facebook.com/61561253424885/,fb.me,https://www.facebook.com/61561253424885/,,,,realpropertyhyd5@gmail.com,+91 90002 55488,,,,358215660706639,http://fb.me/,Penukonda Township Plots KIA,https://www.facebook.com/ads/library/?id=1328415382148672,"Own premium residential plots, villas, apartments  integrated township. near the rapidly growing Kia Motors Industrial Corridor at penukonda.

Sunshine Smart City offers investment-focused Gated community township development with high appreciation potential driven by industries, employment growth, and upcoming infrastructure developments.

✔️ AHUDA & RERA Approved
✔️ Strategic Highway & Industrial Connectivity
✔️ Bank Loans available 
✔️ Future-Ready Smart Township
✔️ Excellent ROI Potential

Invest today in the next big growth destination of Penukonda KIA Factory Anantapur - Andhra Pradesh.

“Where Industrial Growth Creates Wealth.”",,Get offer,fb.me,"FACEBOOK; INSTAGRAM",2026-06-06,2026-06-17,,Original: https://scontent.fjai6-1.fna.fbcdn.net/v/t39.35426-6/713805139_1477188604145101_5874204379039449894_n.jpg?_nc_cat=110&ccb=1-7&_nc_sid=c53f8f&_nc_ohc=FVehZr22HiUQ7kNvwFn28iB&_nc_oc=AdpnNYwqFAjzW8-0iDwF6XaeEoxoHfWwr2-6bsOTWF9k7AuBQq3RlyAFCu1JgTMvE_K6xLMquJNXLZk0CKbyh2Xd&_nc_zt=14&_nc_ht=scontent.fjai6-1.fna&_nc_gid=ySd8cj_g69mtYM8OGZvaeg&_nc_ss=7b289&oh=00_Af-HqQYUvMjdYQT1jj69_BoQbxg_DjKz2E32JMM6s5SvdA&oe=6A38735D | Resized: https://scontent.fjai6-1.fna.fbcdn.net/v/t39.35426-6/714403293_1283971103783260_6368586729829122709_n.jpg?stp=dst-jpg_s600x600_tt6&_nc_cat=109&ccb=1-7&_nc_sid=c53f8f&_nc_ohc=9JVJCepoFAAQ7kNvwEz4oby&_nc_oc=AdosZYzwtO0ulnlo109LbqGZ5k_87eVWn2m3hwd2p-R6jwiqAVkCzFP_OJABtCD6ASG-i1hUIupODhC2OrkUaGik&_nc_zt=14&_nc_ht=scontent.fjai6-1.fna&_nc_gid=ySd8cj_g69mtYM8OGZvaeg&_nc_ss=7b289&oh=00_Af8JaOdmITASrRXjYTh1wQfR3quiSCEY7SorsHCJ4jOvIw&oe=6A386031,,,,,,
3426806914161930,https://www.facebook.com/amanoraparktown/,fb.me,https://www.facebook.com/amanoraparktown/,,,,info@amanora.com,+91 97670 12345,,,,177703722242330,http://fb.me/,Amanora Park Town,https://www.facebook.com/ads/library/?id=3426806914161930,"Live the Aesthetics crafted by Amanora Park Town!
Homes starting at ₹2.26 Cr, in Hadapsar.


✅ Exclusive 2.5-5 BHK Residences
✅ State-of-the-Art Smart Home Features
✅ Spacious Living with Stunning City Views
✅400 Acres of Township Living 

Live where luxury meets innovation.",103916,Get quote,fb.me,"FACEBOOK; INSTAGRAM",2026-04-02,2026-06-16,,,"Live the Aesthetics crafted by Amanora Park Town!
Homes starting at ₹2.26 Cr, in Hadapsar.


✅ Exclusive 2.5-5 BHK Residences
✅ State-of-the-Art Smart Home Features
✅ Spacious Living with Stunning City Views
✅400 Acres of Township Living 

Live where luxury meets innovation. || Live the Aesthetics crafted by Amanora Park Town!
Homes starting at ₹2.26 Cr, in Hadapsar.


✅ Exclusive 2.5-5 BHK Residences
✅ State-of-the-Art Smart Home Features
✅ Spacious Living with Stunning City Views
✅400 Acres of Township Living 

Live where luxury meets innovation. || Live the Aesthetics crafted by Amanora Park Town!
Homes starting at ₹2.26 Cr, in Hadapsar.


✅ Exclusive 2.5-5 BHK Residences
✅ State-of-the-Art Smart Home Features
✅ Spacious Living with Stunning City Views
✅400 Acres of Township Living 

Live where luxury meets innovation.",http://fb.me/ || http://fb.me/ || http://fb.me/,,Get Quote || Get Quote || Get Quote,Original: https://scontent.fjai6-1.fna.fbcdn.net/v/t39.35426-6/659140979_1960543744542137_4105747271275859464_n.jpg?_nc_cat=111&ccb=1-7&_nc_sid=c53f8f&_nc_ohc=0xJThYTUhU4Q7kNvwHhIxqE&_nc_oc=AdqbqRE-XZy-0lsphOaYJZ7NsBvKnHKiyoiFHjYrMElEa-OfNonsiWrtbIpIfDEpmS1egafb_4LywFvA2cfqXoeC&_nc_zt=14&_nc_ht=scontent.fjai6-1.fna&_nc_gid=ySd8cj_g69mtYM8OGZvaeg&_nc_ss=7b289&oh=00_Af8X8PpFkZHAQg63bWFw6SjYPRPYzpK0Z2wZt3esgBi88w&oe=6A384AD7 | Resized: https://scontent.fjai6-1.fna.fbcdn.net/v/t39.35426-6/659222223_1528035865376189_3365409501159558368_n.jpg?stp=dst-jpg_s600x600_tt6&_nc_cat=102&ccb=1-7&_nc_sid=c53f8f&_nc_ohc=gJpyYWcrGRoQ7kNvwFHQ0xl&_nc_oc=AdpG4R-UhJSzt2PizOyVPe5B8So-bffz00lOvwI1UrZpE4k0hOVGp2VihfKJRCNb_DNkGroRL_APUQDtrbSOU_zw&_nc_zt=14&_nc_ht=scontent.fjai6-1.fna&_nc_gid=ySd8cj_g69mtYM8OGZvaeg&_nc_ss=7b289&oh=00_Af855eqMQ8nXON7I4Z1K8-xu3yd4e7XT61e7usVEBIGc0g&oe=6A384FA3 || Original: https://scontent.fjai6-1.fna.fbcdn.net/v/t39.35426-6/659733688_975616848256374_4298776529086127754_n.jpg?_nc_cat=101&ccb=1-7&_nc_sid=c53f8f&_nc_ohc=jNRAvhesrccQ7kNvwG3k9CK&_nc_oc=AdqtjEisforDxbPovnI35pNc3AdB42KBKYqewZfhP-4Np1XD7WbPT7oz6_A6BlTt1UJEzMYVFx07oOYbiBsMx17h&_nc_zt=14&_nc_ht=scontent.fjai6-1.fna&_nc_gid=ySd8cj_g69mtYM8OGZvaeg&_nc_ss=7b289&oh=00_Af_N7veKoXTGTlqNQMhII2pYDJjzdiYYPw9rK9xfokuiwg&oe=6A386D63 | Resized: https://scontent.fjai6-1.fna.fbcdn.net/v/t39.35426-6/661233104_1915348252519555_1023677265194833344_n.jpg?stp=dst-jpg_s600x600_tt6&_nc_cat=110&ccb=1-7&_nc_sid=c53f8f&_nc_ohc=D9pKYiSxXHAQ7kNvwEYyiMU&_nc_oc=AdoyFwwHnZKv_CCsdxEyoa9_dUhjdbxRUBK0Zafzm3KDMgQ_vAAAaeGWHo5zC5syAMGKAuop4XpQKXSC6pMtrRSM&_nc_zt=14&_nc_ht=scontent.fjai6-1.fna&_nc_gid=ySd8cj_g69mtYM8OGZvaeg&_nc_ss=7b289&oh=00_Af8ViLwvV7v4D7F1N4XG6eneId7-tvo5q_PhVuJiLHNMvQ&oe=6A387130 || Original: https://scontent.fjai6-1.fna.fbcdn.net/v/t39.35426-6/660307161_1453471322543359_2940176596210096983_n.jpg?_nc_cat=102&ccb=1-7&_nc_sid=c53f8f&_nc_ohc=Nf8Exj6th6QQ7kNvwEyx__8&_nc_oc=AdrMaxfpToE0cUnAAdIbM7IIYnnn3T5samXSiAoZFgh5FBunkK14y5WbwZuWgFvPZkXQaXPGIOo3_TOggydWcFtm&_nc_zt=14&_nc_ht=scontent.fjai6-1.fna&_nc_gid=ySd8cj_g69mtYM8OGZvaeg&_nc_ss=7b289&oh=00_Af9HuJzAOnJ3T5cs95hm7CEbq0briWc67aoSyQIRxM3Qqw&oe=6A38771C | Resized: https://scontent.fjai6-1.fna.fbcdn.net/v/t39.35426-6/661958398_1845407166155579_5641937167598934322_n.jpg?stp=dst-jpg_s600x600_tt6&_nc_cat=102&ccb=1-7&_nc_sid=c53f8f&_nc_ohc=XUkO1dZPXx8Q7kNvwFZVBNQ&_nc_oc=AdoKnYI2WhtKavMU7J5KrZ66PCmcAu8bWBAFxts3qOB0QpNonUiGlXBzyOyau5iivPgG5Uy9RXcQjPWlJfMlBa1K&_nc_zt=14&_nc_ht=scontent.fjai6-1.fna&_nc_gid=ySd8cj_g69mtYM8OGZvaeg&_nc_ss=7b289&oh=00_Af8ocrOTroYzLFwbMnVtomdt7Z4lw_0fZV7Kku5alnCdlw&oe=6A385051,
988608964130773,https://www.facebook.com/amanoraparktown/,fb.me,https://www.facebook.com/amanoraparktown/,,,,info@amanora.com,+91 97670 12345,,,,177703722242330,http://fb.me/,Amanora Park Town,https://www.facebook.com/ads/library/?id=988608964130773,"Live the Aesthetics crafted by Amanora Park Town!
Homes starting at ₹2.26 Cr, in Hadapsar.


✅ Exclusive 2.5-5 BHK Residences
✅ State-of-the-Art Smart Home Features
✅ Spacious Living with Stunning City Views
✅400 Acres of Township Living 

Live where luxury meets innovation.",103916,Get quote,fb.me,"FACEBOOK; INSTAGRAM",2026-05-18,2026-06-15,,,"Live the Aesthetics crafted by Amanora Park Town!
Homes starting at ₹2.26 Cr, in Hadapsar.


✅ Exclusive 2.5-5 BHK Residences
✅ State-of-the-Art Smart Home Features
✅ Spacious Living with Stunning City Views
✅400 Acres of Township Living 

Live where luxury meets innovation. || Live the Aesthetics crafted by Amanora Park Town!
Homes starting at ₹2.26 Cr, in Hadapsar.


✅ Exclusive 2.5-5 BHK Residences
✅ State-of-the-Art Smart Home Features
✅ Spacious Living with Stunning City Views
✅400 Acres of Township Living 

Live where luxury meets innovation. || Live the Aesthetics crafted by Amanora Park Town!
Homes starting at ₹2.26 Cr, in Hadapsar.


✅ Exclusive 2.5-5 BHK Residences
✅ State-of-the-Art Smart Home Features
✅ Spacious Living with Stunning City Views
✅400 Acres of Township Living 

Live where luxury meets innovation.",http://fb.me/ || http://fb.me/ || http://fb.me/,,Get Quote || Get Quote || Get Quote,Original: https://scontent.fjai6-1.fna.fbcdn.net/v/t39.35426-6/702487508_1632344981782375_2387476926629126040_n.jpg?_nc_cat=108&ccb=1-7&_nc_sid=c53f8f&_nc_ohc=pJGOLwMXmH8Q7kNvwFU5auO&_nc_oc=AdpzP3MCmS0D4k89mqsoeIaK9Pg5K4cXMIKFcF5yFf_GWlohicylbTP8cuTzqGljEeDGzUS4MyxEk6Nn_b2L4zcw&_nc_zt=14&_nc_ht=scontent.fjai6-1.fna&_nc_gid=ySd8cj_g69mtYM8OGZvaeg&_nc_ss=7b289&oh=00_Af-7drH47gipGRfkmmZsHtZ7lv-0mC6cmlpQJr2GFLmu-A&oe=6A386ADE | Resized: https://scontent.fjai6-1.fna.fbcdn.net/v/t39.35426-6/702621277_989715710119843_2848203564851573829_n.jpg?stp=dst-jpg_s600x600_tt6&_nc_cat=108&ccb=1-7&_nc_sid=c53f8f&_nc_ohc=u015XSFE3MUQ7kNvwHUmS4R&_nc_oc=Adpq_KKozZ_stzavCJbujHk2sHcP6bwumeaGPzdLojn6QqqyGYWUfrvhUVZ1h3TEr3VFqRZDaTrgZcF8IaraaH-N&_nc_zt=14&_nc_ht=scontent.fjai6-1.fna&_nc_gid=ySd8cj_g69mtYM8OGZvaeg&_nc_ss=7b289&oh=00_Af_pDYUdv88fPvZbbOezXt20rafzLXH7bvfg3GQeF9KcKA&oe=6A385A5D || Original: https://scontent.fjai6-1.fna.fbcdn.net/v/t39.35426-6/702590773_982342507611678_8376159415911774170_n.jpg?_nc_cat=100&ccb=1-7&_nc_sid=c53f8f&_nc_ohc=MkViHUyptmUQ7kNvwEevpMX&_nc_oc=AdoMrkWUz58Vznpsz1EL_9KmzeIBMROokSc0NdXaBQcTVODEh37aMBk1f8D_6j4NMRLdYvFYS4NxIKoqJKVwK5Ks&_nc_zt=14&_nc_ht=scontent.fjai6-1.fna&_nc_gid=ySd8cj_g69mtYM8OGZvaeg&_nc_ss=7b289&oh=00_Af_69_VUoAbprGltbDHa4Js6h72GSfk10p9c4EHnYhi5eQ&oe=6A38617B | Resized: https://scontent.fjai6-1.fna.fbcdn.net/v/t39.35426-6/702361133_1846009353419622_5621774820845590485_n.jpg?stp=dst-jpg_s600x600_tt6&_nc_cat=105&ccb=1-7&_nc_sid=c53f8f&_nc_ohc=tEmHJzmS1R0Q7kNvwFpnXPW&_nc_oc=AdoqhuQE8r9CDJN_Rtcq4pftB_vxmuxVDQFVUahq8gyTgMVK8gYoPNpSj0VxAQDbWR6qXlvrx2wyavVHIasoMSc5&_nc_zt=14&_nc_ht=scontent.fjai6-1.fna&_nc_gid=ySd8cj_g69mtYM8OGZvaeg&_nc_ss=7b289&oh=00_Af947Cn0NQikZzC2dpuqVd_NsB4micTGwJ6Cwe2wVCTIxg&oe=6A384CD1 || Original: https://scontent.fjai6-1.fna.fbcdn.net/v/t39.35426-6/701889553_1230205332354535_1824925625880965176_n.jpg?_nc_cat=106&ccb=1-7&_nc_sid=c53f8f&_nc_ohc=8KSjtEoK0tYQ7kNvwHWWcwh&_nc_oc=Adr_LpNPwfjS-1e99Hbgw7i9vkSO_hz3sfkA_o_IFYj0aTHIu-GV6EB7RwH7COOfcCFh7K_YzxLRKJBk2sFqUsBq&_nc_zt=14&_nc_ht=scontent.fjai6-1.fna&_nc_gid=ySd8cj_g69mtYM8OGZvaeg&_nc_ss=7b289&oh=00_Af_rGMeZV5nOzABYJ03ExOIkRHduK3-yK10oXxKtl3_-ug&oe=6A3867EA | Resized: https://scontent.fjai6-1.fna.fbcdn.net/v/t39.35426-6/702829823_989955973550085_7112295840119779275_n.jpg?stp=dst-jpg_s600x600_tt6&_nc_cat=101&ccb=1-7&_nc_sid=c53f8f&_nc_ohc=pPfXBcByPK0Q7kNvwEoZ82V&_nc_oc=AdoPqKaX7_ywcyBcpB9BWrBpcnJD-k-CvfB-GWTyYn1ffFiA95to6VRQJH1JMsqng27nogvYmV4-Xnza3bShkloD&_nc_zt=14&_nc_ht=scontent.fjai6-1.fna&_nc_gid=ySd8cj_g69mtYM8OGZvaeg&_nc_ss=7b289&oh=00_Af8AAZLVOcpzgm7JObyWubsrEO4G_yiL9TUUo_ir96cjdg&oe=6A3865DF,
937569089335762,https://www.facebook.com/amanoraparktown/,fb.me,https://www.facebook.com/amanoraparktown/,,,,info@amanora.com,+91 97670 12345,,,,177703722242330,http://fb.me/,Amanora Park Town,https://www.facebook.com/ads/library/?id=937569089335762,"Witness the Pinnacle of Luxury Living at Gateway Towers
Starting from ₹2.26 Cr*, Gateway Towers offers a lifestyle like no other, with sweeping balconies and iconic rooftop experiences that redefine what it means to live in the lap of luxury..

✅ Within a 400-acre integrated township
✅ Elegant living & dining spaces
✅ Podium leisure zones
✅ Located in Amanora’s award-winning township

See the future of luxury living. Get details today!",103916,Get quote,fb.me,"FACEBOOK; INSTAGRAM",2026-05-18,2026-06-16,,,"Witness the Pinnacle of Luxury Living at Gateway Towers
Starting from ₹2.26 Cr*, Gateway Towers offers a lifestyle like no other, with sweeping balconies and iconic rooftop experiences that redefine what it means to live in the lap of luxury..

✅ Within a 400-acre integrated township
✅ Elegant living & dining spaces
✅ Podium leisure zones
✅ Located in Amanora’s award-winning township

See the future of luxury living. Get details today! || Witness the Pinnacle of Luxury Living at Gateway Towers
Starting from ₹2.26 Cr*, Gateway Towers offers a lifestyle like no other, with sweeping balconies and iconic rooftop experiences that redefine what it means to live in the lap of luxury..

✅ Within a 400-acre integrated township
✅ Elegant living & dining spaces
✅ Podium leisure zones
✅ Located in Amanora’s award-winning township

See the future of luxury living. Get details today!",http://fb.me/ || http://fb.me/,,Get Quote || Get Quote,,HD: https://video.fjai6-1.fna.fbcdn.net/o1/v/t2/f2/m366/AQO3fzrBHEHowxLlL5KUc4Yv_lJ1UJ3p4Nu1FTkgWH2-eOTAF5i1xIsg7BjSO2pcOYL6W9LMyhMMhKTFyYEwt9YlbKoABQyJoU0dXNbuRq01zQ.mp4?_nc_cat=110&_nc_oc=AdqM1LQD4c7NQvSvZk5uHiITOoR9nfNQbrYDOryovIPVIAKdXESfs6V2Be3wcZfdp8D3kIy-VIBcok5OgmsZrFue&_nc_sid=b66105&_nc_ht=video.fjai6-1.fna.fbcdn.net&_nc_ohc=NMIexnddbcEQ7kNvwHnzjeJ&efg=eyJ2ZW5jb2RlX3RhZyI6Inhwdl9wcm9ncmVzc2l2ZS5WSV9VU0VDQVNFX1BST0RVQ1RfVFlQRS4uQzMuNzIwLmRhc2hfaDI2NC1iYXNpYy1nZW4yXzcyMHAiLCJ4cHZfYXNzZXRfaWQiOjEyNTQ0NzQyMDAxNjk4NDIsImFzc2V0X2FnZV9kYXlzIjo3NiwidmlfdXNlY2FzZV9pZCI6MTA3OTksImR1cmF0aW9uX3MiOjI5LCJ1cmxnZW5fc291cmNlIjoid3d3In0%3D&ccb=17-1&vs=6476aa6ea9572118&_nc_vs=HBksFQIYRWZiX2VwaGVtZXJhbC9BMjQyQ0VFNTkwNjM5OTRGNTRBMjU2MUM5QzU5ODc4M19tdF8xX3ZpZGVvX2Rhc2hpbml0Lm1wNBUAAsgBEgAVAhhAZmJfcGVybWFuZW50L0UxNEFBOTM0RjIwMDUxQ0NENDhBQjA3NjIwQTQ5ODlCX2F1ZGlvX2Rhc2hpbml0Lm1wNBUCAsgBEgAoABgAGwKIB3VzZV9vaWwBMRJwcm9ncmVzc2l2ZV9yZWNpcGUBMRUAACbk9aWRgby6BBUCKAJDMywXQD33S8an754YGWRhc2hfaDI2NC1iYXNpYy1nZW4yXzcyMHARAHUAZd6oAQA&_nc_gid=ySd8cj_g69mtYM8OGZvaeg&_nc_ss=7b289&_nc_zt=28&oh=00_Af9leE5D6HKUpGKNcoPDdO6XdYqU4uDGptsIqhljP3SBww&oe=6A3859EA | SD: https://video.fjai6-1.fna.fbcdn.net/o1/v/t2/f2/m412/AQPdxJPSwIz5TnCdtvmDdrlEmed-fcGFX6r7LWyoDLnOgQVUuOEZXCbkuHsZLGMfLL2wg_qkoEiXjsRkRSmTY0a68ubNW3vIY6SwmnFEMw.mp4?_nc_cat=105&_nc_oc=AdoQ9-O1lc8ouobkz5abjNdaa9tNSQnLonMLc8nJsVk91pn0t1E29HrhvaS39igdosy1co1FA9iamhq42Q5Wu_S9&_nc_sid=ef5aa3&_nc_ht=video.fjai6-1.fna.fbcdn.net&_nc_ohc=skXGkANJgy0Q7kNvwHY_TSx&efg=eyJ2ZW5jb2RlX3RhZyI6Inhwdl9wcm9ncmVzc2l2ZS5WSV9VU0VDQVNFX1BST0RVQ1RfVFlQRS4uQzMuMzYwLnN2ZV9zZCIsInhwdl9hc3NldF9pZCI6MTI1NDQ3NDIwMDE2OTg0MiwiYXNzZXRfYWdlX2RheXMiOjc2LCJ2aV91c2VjYXNlX2lkIjoxMDc5OSwiZHVyYXRpb25fcyI6MjksInVybGdlbl9zb3VyY2UiOiJ3d3cifQ%3D%3D&ccb=17-1&_nc_gid=ySd8cj_g69mtYM8OGZvaeg&_nc_ss=7b289&_nc_zt=28&oh=00_Af-RZg6c7cn6SrIClskKhQmxPigBMh3YIn6pKNRXP87V7w&oe=6A3858E5 | Preview: https://scontent.fjai6-1.fna.fbcdn.net/v/t39.35426-6/700871527_1327375312652879_138629247303430275_n.jpg?_nc_cat=105&ccb=1-7&_nc_sid=c53f8f&_nc_ohc=d34fIH_gEioQ7kNvwGQu57v&_nc_oc=AdoP0lCQB_ZEtEP7u4QHqFPJ7juuR_N_Te8-O60Wwxq1j0ms_DavT5rt4MBN6IhuGGDQbEldVdtMBUR1F_B7LZ9G&_nc_zt=14&_nc_ht=scontent.fjai6-1.fna&_nc_gid=ySd8cj_g69mtYM8OGZvaeg&_nc_ss=7b289&oh=00_Af9r6kQAEhn-wr4UyK0USGgaT3qfow1GruBiPHXjAvrHLw&oe=6A38707D || HD: https://video.fjai6-1.fna.fbcdn.net/o1/v/t2/f2/m366/AQMF9aSuUqwVOfedmgkk8r340g8uPN4FXAx4Prrd1HopcmuUzjj_1UJE-U-3JIKXeKRz4H0tJveCKgGz_2frNUYwa7XWnJd9D2AVJdwA9q7PEw.mp4?_nc_cat=105&_nc_oc=AdrXXhlN1OK8_c0c1hvgvLng7Y6u4hQb9qDo8OJoUffpbe6up0aUQwmooFNumlJme7XBzI80NYFJbUgY8-f0J497&_nc_sid=b66105&_nc_ht=video.fjai6-1.fna.fbcdn.net&_nc_ohc=DfohX6gD584Q7kNvwF9IS4X&efg=eyJ2ZW5jb2RlX3RhZyI6Inhwdl9wcm9ncmVzc2l2ZS5WSV9VU0VDQVNFX1BST0RVQ1RfVFlQRS4uQzMuNzIwLmRhc2hfaDI2NC1iYXNpYy1nZW4yXzcyMHAiLCJ4cHZfYXNzZXRfaWQiOjE2NDQ4MTk1ODM0MzI2ODksImFzc2V0X2FnZV9kYXlzIjo3NiwidmlfdXNlY2FzZV9pZCI6MTA3OTksImR1cmF0aW9uX3MiOjMwLCJ1cmxnZW5fc291cmNlIjoid3d3In0%3D&ccb=17-1&vs=e901a3f3beac9662&_nc_vs=HBksFQIYRWZiX2VwaGVtZXJhbC8yRTQyNERGN0YxNEUxQUREMzM4ODgzMUJCQ0FENTM4MF9tdF8xX3ZpZGVvX2Rhc2hpbml0Lm1wNBUAAsgBEgAVAhhAZmJfcGVybWFuZW50L0M3NDg0MEZERThGRDIxMzU3NDUzNDY0ODI0MzQ0QTk3X2F1ZGlvX2Rhc2hpbml0Lm1wNBUCAsgBEgAoABgAGwKIB3VzZV9vaWwBMRJwcm9ncmVzc2l2ZV9yZWNpcGUBMRUAACbi3-vvjP3rBRUCKAJDMywXQD4IcrAgxJwYGWRhc2hfaDI2NC1iYXNpYy1nZW4yXzcyMHARAHUAZd6oAQA&_nc_gid=ySd8cj_g69mtYM8OGZvaeg&_nc_ss=7b289&_nc_zt=28&oh=00_Af8pNOcIb-Vysi9maLOxFqL89aQ1wr_S60SvQOuOetizgw&oe=6A385F3F | SD: https://video.fjai6-1.fna.fbcdn.net/o1/v/t2/f2/m412/AQP9b7YPaJv1dmSB9UqQcIx4r03_3nSN-YHuytk7fW_GFkUS84qXKTB0rOY5rBJzsA5Tn0CBGsJwC6Leye9c0QbUOVlZ-EvDpl-XV9CHsg.mp4?_nc_cat=107&_nc_oc=AdqCBE2Hi_Ebmew7lonFcrteXdSZJHoZWgCFqY35ujmR862oVA6puuoGZBdYg8KKiQXQCPAtPF93z5rcQ_Sz0S43&_nc_sid=ef5aa3&_nc_ht=video.fjai6-1.fna.fbcdn.net&_nc_ohc=o43Unt38wdoQ7kNvwFRFczu&efg=eyJ2ZW5jb2RlX3RhZyI6Inhwdl9wcm9ncmVzc2l2ZS5WSV9VU0VDQVNFX1BST0RVQ1RfVFlQRS4uQzMuMzYwLnN2ZV9zZCIsInhwdl9hc3NldF9pZCI6MTY0NDgxOTU4MzQzMjY4OSwiYXNzZXRfYWdlX2RheXMiOjc2LCJ2aV91c2VjYXNlX2lkIjoxMDc5OSwiZHVyYXRpb25fcyI6MzAsInVybGdlbl9zb3VyY2UiOiJ3d3cifQ%3D%3D&ccb=17-1&_nc_gid=ySd8cj_g69mtYM8OGZvaeg&_nc_ss=7b289&_nc_zt=28&oh=00_Af_fgCvOjgfI5M3k2ez-9RIum2rBF-AsOd3gHq2r4yVkGg&oe=6A38571F | Preview: https://scontent.fjai6-1.fna.fbcdn.net/v/t39.35426-6/701906303_1885728912139229_8303869248222066821_n.jpg?_nc_cat=111&ccb=1-7&_nc_sid=c53f8f&_nc_ohc=-u5gee2vPlUQ7kNvwHCYsXs&_nc_oc=AdqEJ2pWJWF1UkO14UToZ9PO6B_F4YiGDrGzb0axpySx9pwyZklHZNZB5nmXGcNyVr-lJWXMpQUZdGHw8LW-PNNK&_nc_zt=14&_nc_ht=scontent.fjai6-1.fna&_nc_gid=ySd8cj_g69mtYM8OGZvaeg&_nc_ss=7b289&oh=00_Af8ENTwyAcctAdCeBJpKiCu-GSSEu8NnjmwGbqfkolHuDQ&oe=6A3869C9
1495582495533416,https://www.facebook.com/61555424985557/,fb.me,https://www.facebook.com/61555424985557/,,,,,,,,,229322833591491,http://fb.me/,pragya universal ,https://www.facebook.com/ads/library/?id=1495582495533416,"🏡 Apne Sapno Ka Plot Ab Sirf Sapna Nahi!

Welcome to ORION PARK — ek premium township jahan aapko milte hain Ready to Possession Plots, wide roads, grand entrance, green gardens aur modern lifestyle ka perfect combination ✨

📈 Smart Investment + Secure Future
🌳 Peaceful Environment
🛣️ Prime Connectivity
🏠 Perfect For Home & Investment

⏳ Limited Plots Available!
📞 Aaj hi enquiry karein aur apne future ki best beginning karein.",38,Get quote,fb.me,"FACEBOOK; INSTAGRAM; AUDIENCE_NETWORK",2026-05-23,2026-06-16,HD: https://video.fjai6-1.fna.fbcdn.net/o1/v/t2/f2/m366/AQNI62ttNhmdhbrQHGvW83rXB4Eln4xVMr4OHEfrnIyweYXM33DcpiIzWJLKtgYhrMglGx2r1ck7RoTQO6zDQOsZp_yQv0N9peRpDObqfUlerQ.mp4?_nc_cat=106&_nc_oc=AdqEyyHDlLkIb3degLAwFw2oKca7JnfLtO71byXScr9HqwyokZAJtNc3Rx66ML1gA_KGavIQ3viF5HhBa_6t5Kv3&_nc_sid=b66105&_nc_ht=video.fjai6-1.fna.fbcdn.net&_nc_ohc=aIslupBq9EQQ7kNvwEYZL2o&efg=eyJ2ZW5jb2RlX3RhZyI6Inhwdl9wcm9ncmVzc2l2ZS5WSV9VU0VDQVNFX1BST0RVQ1RfVFlQRS4uQzMuNzIwLmRhc2hfaDI2NC1iYXNpYy1nZW4yXzcyMHAiLCJ4cHZfYXNzZXRfaWQiOjEzMzI4MTU5NDUzNjU1MDcsImFzc2V0X2FnZV9kYXlzIjoyNSwidmlfdXNlY2FzZV9pZCI6MTA3OTksImR1cmF0aW9uX3MiOjI1LCJ1cmxnZW5fc291cmNlIjoid3d3In0%3D&ccb=17-1&vs=4af079bd6b0bfcc4&_nc_vs=HBksFQIYRWZiX2VwaGVtZXJhbC81QzRGMEQyOTBBQTcyMTJBM0RCOEEyRkQzOTEwNUZCOF9tdF8xX3ZpZGVvX2Rhc2hpbml0Lm1wNBUAAsgBEgAVAhhAZmJfcGVybWFuZW50L0VCNDMwMUJFN0M4MDRGMDI5NjM3NTIxQzg2MTJFMDk5X2F1ZGlvX2Rhc2hpbml0Lm1wNBUCAsgBEgAoABgAGwKIB3VzZV9vaWwBMRJwcm9ncmVzc2l2ZV9yZWNpcGUBMRUAACaG4MvPjIzeBBUCKAJDMywXQDk7peNT988YGWRhc2hfaDI2NC1iYXNpYy1nZW4yXzcyMHARAHUAZd6oAQA&_nc_gid=ySd8cj_g69mtYM8OGZvaeg&_nc_ss=7b289&_nc_zt=28&oh=00_Af9qdoa-L72w08kWbAFahpnhLIHA8kOX1ZxO1QO3zBiIDg&oe=6A387702 | SD: https://video.fjai6-1.fna.fbcdn.net/o1/v/t2/f2/m412/AQO5wTLMS8FHt4FvZ0Cm8BN7XOstH1mImqb_4u6pNGartvCjJN2V0Bdk0wLlsygcXw_hhJilAbaxOC0AAmCKl_hGGeeTKNoM9tjzVPPGdQ.mp4?_nc_cat=106&_nc_oc=AdpXnAFx0Ed6RTtxtTxTD7WnhJYs1Yve_qhXDx_doXTAZDrw_4WxPa9lalrc7OXryzwlBDqyZrzaeXPNJMyxLgsy&_nc_sid=ef5aa3&_nc_ht=video.fjai6-1.fna.fbcdn.net&_nc_ohc=eUlDh2S1rdkQ7kNvwFXFx1p&efg=eyJ2ZW5jb2RlX3RhZyI6Inhwdl9wcm9ncmVzc2l2ZS5WSV9VU0VDQVNFX1BST0RVQ1RfVFlQRS4uQzMuMzYwLnN2ZV9zZCIsInhwdl9hc3NldF9pZCI6MTMzMjgxNTk0NTM2NTUwNywiYXNzZXRfYWdlX2RheXMiOjI1LCJ2aV91c2VjYXNlX2lkIjoxMDc5OSwiZHVyYXRpb25fcyI6MjUsInVybGdlbl9zb3VyY2UiOiJ3d3cifQ%3D%3D&ccb=17-1&_nc_gid=ySd8cj_g69mtYM8OGZvaeg&_nc_ss=7b289&_nc_zt=28&oh=00_Af8Dv6PNw8mUmg5-2QU3Vxc6LOZeZGl8AQGNANnCn6DRDw&oe=6A38456C | Preview: https://scontent.fjai6-1.fna.fbcdn.net/v/t39.35426-6/704688781_1307572677541851_2393134525912071814_n.jpg?_nc_cat=100&ccb=1-7&_nc_sid=c53f8f&_nc_ohc=z3tE3R-fX2MQ7kNvwHuVdJ7&_nc_oc=AdqrYOV6Eb19Sm8vCzARrOHf3WiStW5Id6Vt-ft0PS5deVWXgCfbg1okdPnpV5Qt9ryUX_HcdscaO7WMMSZUwgmY&_nc_zt=14&_nc_ht=scontent.fjai6-1.fna&_nc_gid=ySd8cj_g69mtYM8OGZvaeg&_nc_ss=7b289&oh=00_Af_Ni-UxsZNER2shKMgn3mtlFGNS6unAxzEJo4eM9m51Iw&oe=6A385BA6,,,,,,,
973860835599339,https://www.facebook.com/61586475007970/,fb.me,https://www.facebook.com/61586475007970/,,,,,,,,,957891800740578,http://fb.me/,Luxury Properties,https://www.facebook.com/ads/library/?id=973860835599339,"Balcony homes. Township living. Close to the station.
Starting at ₹36.99 Lakhs* only.
Limited homes available.",3,Learn more,fb.me,"FACEBOOK; INSTAGRAM; AUDIENCE_NETWORK",2026-04-22,2026-06-16,HD: https://video.fjai6-1.fna.fbcdn.net/o1/v/t2/f2/m366/AQPFxmBI59MJ98_TYEH_rvZSoMaKmv-oQYTdopm93jgi6-Fd4mPUOhDloUdQxf2GceN7aPadKbAcE4ihHb8JYJogxJUWiXpHjMEEHLGQdQ2TAQ.mp4?_nc_cat=109&_nc_oc=AdoKY_479kwG8FkUxXwjl3qqueTjkI4UzabEYtzZFBjOVWClQufxjYC3wchgtceP9_T4oFiq3VS1jHOFqW3x4K50&_nc_sid=b66105&_nc_ht=video.fjai6-1.fna.fbcdn.net&_nc_ohc=SF1SfcJrq-4Q7kNvwHPkUYC&efg=eyJ2ZW5jb2RlX3RhZyI6Inhwdl9wcm9ncmVzc2l2ZS5WSV9VU0VDQVNFX1BST0RVQ1RfVFlQRS4uQzMuNzIwLmRhc2hfaDI2NC1iYXNpYy1nZW4yXzcyMHAiLCJ4cHZfYXNzZXRfaWQiOjkxMDUzNTQ3MTY2NzM0MCwiYXNzZXRfYWdlX2RheXMiOjE1MCwidmlfdXNlY2FzZV9pZCI6MTA3OTksImR1cmF0aW9uX3MiOjM2LCJ1cmxnZW5fc291cmNlIjoid3d3In0%3D&ccb=17-1&vs=baeefed818bca73d&_nc_vs=HBksFQIYRWZiX2VwaGVtZXJhbC82QTQyNjA3Rjg3REQxREJFQUFEQzVFMDFDNzg3NDRBOF9tdF8xX3ZpZGVvX2Rhc2hpbml0Lm1wNBUAAsgBEgAVAhhAZmJfcGVybWFuZW50LzIyNDMwRTBDMkQ4NzBDNTVDMjY4RjU5MTUwRjlGRkI0X2F1ZGlvX2Rhc2hpbml0Lm1wNBUCAsgBEgAoABgAGwKIB3VzZV9vaWwBMRJwcm9ncmVzc2l2ZV9yZWNpcGUBMRUAACaY4sD1kYieAxUCKAJDMywXQEImZmZmZmYYGWRhc2hfaDI2NC1iYXNpYy1nZW4yXzcyMHARAHUAZd6oAQA&_nc_gid=ySd8cj_g69mtYM8OGZvaeg&_nc_ss=7b289&_nc_zt=28&oh=00_Af8fb_bE06M2607cqd9Mbfsk8dEtQHQ3ZZhqZbAa4Jzgww&oe=6A385CDF | SD: https://video.fjai6-1.fna.fbcdn.net/o1/v/t2/f2/m412/AQO2cOlyfyoS-33O_yLhoZB0sBvIb8r8fHhRj-3unMH4O8XSM0Y2dS08ifsg36Iah724KiCmGPxDD8UEB-LF5rsJZIdMuH02cematzYyRA.mp4?_nc_cat=100&_nc_oc=AdqJwz3KifdoLCH3cVlnCaVOAjrO-TL9pLXQpChLM6MQSM7DDSXvTJS8_nrZPGEH_rp-A82x1rPvi6CS0TAqiN3n&_nc_sid=ef5aa3&_nc_ht=video.fjai6-1.fna.fbcdn.net&_nc_ohc=PemlgFwCVvkQ7kNvwHymblM&efg=eyJ2ZW5jb2RlX3RhZyI6Inhwdl9wcm9ncmVzc2l2ZS5WSV9VU0VDQVNFX1BST0RVQ1RfVFlQRS4uQzMuMzYwLnN2ZV9zZCIsInhwdl9hc3NldF9pZCI6OTEwNTM1NDcxNjY3MzQwLCJhc3NldF9hZ2VfZGF5cyI6MTUwLCJ2aV91c2VjYXNlX2lkIjoxMDc5OSwiZHVyYXRpb25fcyI6MzYsInVybGdlbl9zb3VyY2UiOiJ3d3cifQ%3D%3D&ccb=17-1&_nc_gid=ySd8cj_g69mtYM8OGZvaeg&_nc_ss=7b289&_nc_zt=28&oh=00_Af_uOBiUvfUVfnw-Dvw9jp0VxNqskDia9vu-JYDFrnJIUw&oe=6A385716 | Preview: https://scontent.fjai6-1.fna.fbcdn.net/v/t39.35426-6/662994419_2128148787752881_8793612828406914984_n.jpg?_nc_cat=107&ccb=1-7&_nc_sid=c53f8f&_nc_ohc=jVia6kJV5CYQ7kNvwGTC_Ml&_nc_oc=AdpRMT3wCcAoQH9rHq7w35_IAigl4j-rn4btyi4uy6x-PF0AufPUxgkSZi9nfRTzc67Qp7FCl5B30hlIyFm5lxJE&_nc_zt=14&_nc_ht=scontent.fjai6-1.fna&_nc_gid=ySd8cj_g69mtYM8OGZvaeg&_nc_ss=7b289&oh=00_Af8mKZp8IxZCNr2kbw86M9vHUxu2-qeSMjcwnP6IiaF5ww&oe=6A384D5D,,,,,,,
26933180406318575,https://www.facebook.com/100081522225746/,fb.me,https://www.facebook.com/100081522225746/,,,,,,,,,102254845790049,http://fb.me/,Future Homes Infra,https://www.facebook.com/ads/library/?id=26933180406318575,"Bhandara se Nagpur shift hone ka plan hai? 🏡

Ab lo apna 2 BHK flat premium township me – Hingna Road, Wanadongri 📍

Jaha mile:
🌳 Open Green Space
🛝 Kids Play Area
🔐 24x7 Security
🚗 Parking Facility
🏋️ Well Equipped Gym
🏢 Multipurpose Hall
🚶 Walking Track
🌇 Rooftop Sit-Out
🚪 Grand & Largest Entry Gate

📍 Narmada Residency, Hingna Road – Wanadongri
💰 ₹38 Lakh se shuruaat
🏦 100% Bank Loan Available
🔑 Ready Possession

👉 Bhandara se easy connectivity
👉 Limited flats – Abhi enquiry karein / Site visit book karein",181,Sign up,fb.me,"FACEBOOK; INSTAGRAM; AUDIENCE_NETWORK",2026-05-03,2026-06-16,HD: https://video.fjai6-1.fna.fbcdn.net/o1/v/t2/f2/m366/AQN_4BxNF0T2GbksmD-kdSt2iHKoJHf8slKbP3Ov5syxwCzdZjL67VCdNFVuZAC85XEzJKHyUfI3jISSXoDBhTPp-5ZE9TyL8sgR1s1KfTswdQ.mp4?_nc_cat=100&_nc_oc=AdpQyDgKtDEh3XcLK66kgMZtyfyTUr26JOd6YhMxpX32S1T3FagFCti3ToVtyJ68vTxzZZn1I55Qdb3iXaIK3QuU&_nc_sid=b66105&_nc_ht=video.fjai6-1.fna.fbcdn.net&_nc_ohc=w9n7rzpiHrsQ7kNvwE2MZJg&efg=eyJ2ZW5jb2RlX3RhZyI6Inhwdl9wcm9ncmVzc2l2ZS5WSV9VU0VDQVNFX1BST0RVQ1RfVFlQRS4uQzMuNzIwLmRhc2hfaDI2NC1iYXNpYy1nZW4yXzcyMHAiLCJ4cHZfYXNzZXRfaWQiOjQxNzMxMTcxMzk2MTQ2NTEsImFzc2V0X2FnZV9kYXlzIjoxNDQsInZpX3VzZWNhc2VfaWQiOjEwNzk5LCJkdXJhdGlvbl9zIjo3MSwidXJsZ2VuX3NvdXJjZSI6Ind3dyJ9&ccb=17-1&vs=829b4eff92404700&_nc_vs=HBksFQIYRWZiX2VwaGVtZXJhbC83NjQ3Mzg1MTlBOTZDNzQ5MkJFOEVCMTcyQjBEMUNCQV9tdF8xX3ZpZGVvX2Rhc2hpbml0Lm1wNBUAAsgBEgAVAhhAZmJfcGVybWFuZW50L0NBNEExRURCNEFBRTkxRTVBRTk5MzRDNTFBQzA1NkIyX2F1ZGlvX2Rhc2hpbml0Lm1wNBUCAsgBEgAoABgAGwKIB3VzZV9vaWwBMRJwcm9ncmVzc2l2ZV9yZWNpcGUBMRUAACb27rPLsdvpDhUCKAJDMywXQFHNT987ZFoYGWRhc2hfaDI2NC1iYXNpYy1nZW4yXzcyMHARAHUAZd6oAQA&_nc_gid=ySd8cj_g69mtYM8OGZvaeg&_nc_ss=7b289&_nc_zt=28&oh=00_Af85vPcZDVEXHO06UqGG78e4szQ0dg6PPUR_urRHmOZHFA&oe=6A386A84 | SD: https://video.fjai6-1.fna.fbcdn.net/o1/v/t2/f2/m412/AQMCBn5EUxGl258GcTdCurxyu9bqUhWek2fPnbqLTw1p-Zx0DhThyp_03Sam3pykxgSPGDkOauEV5KcTzrMZhIdRAZjWPZWgroQCU6Pcgw.mp4?_nc_cat=105&_nc_oc=AdoRk72ohrom8sHfPc_WAnWi3rrfBlYYlxj4ONT3_EMIdLP_QX-i-oEKvbPuOWAct5G07PwxDcTBa8GZkEOaC_-B&_nc_sid=ef5aa3&_nc_ht=video.fjai6-1.fna.fbcdn.net&_nc_ohc=KxPlPepa-UEQ7kNvwFYDWnA&efg=eyJ2ZW5jb2RlX3RhZyI6Inhwdl9wcm9ncmVzc2l2ZS5WSV9VU0VDQVNFX1BST0RVQ1RfVFlQRS4uQzMuMzYwLnN2ZV9zZCIsInhwdl9hc3NldF9pZCI6NDE3MzExNzEzOTYxNDY1MSwiYXNzZXRfYWdlX2RheXMiOjE0NCwidmlfdXNlY2FzZV9pZCI6MTA3OTksImR1cmF0aW9uX3MiOjcxLCJ1cmxnZW5fc291cmNlIjoid3d3In0%3D&ccb=17-1&_nc_gid=ySd8cj_g69mtYM8OGZvaeg&_nc_ss=7b289&_nc_zt=28&oh=00_Af-QJtmA6lQJJh10HFGASBHbwiKwAVYAJAm5oaIxmdlF0g&oe=6A3870F9 | Preview: https://scontent.fjai6-1.fna.fbcdn.net/v/t39.35426-6/687795547_1527461858807185_3405045409877069635_n.jpg?_nc_cat=102&ccb=1-7&_nc_sid=c53f8f&_nc_ohc=h4Z3wYIWKSAQ7kNvwHRxFjx&_nc_oc=AdojOdPAS2v2tjOnilWn_ljRmhwrOoBuQySonL-VAnvG14r2j2r00iJi7AUeaRqGQhftImcf97OiFgwb0af_5KZN&_nc_zt=14&_nc_ht=scontent.fjai6-1.fna&_nc_gid=ySd8cj_g69mtYM8OGZvaeg&_nc_ss=7b289&oh=00_Af_WcsL3595yQFAHo2znBrgdltulctBDsK2ROChVBUY0Sw&oe=6A384FB0,,,,,,,
1871550160229216,https://www.facebook.com/100081522225746/,fb.me,https://www.facebook.com/100081522225746/,,,,,,,,,102254845790049,http://fb.me/,Future Homes Infra,https://www.facebook.com/ads/library/?id=1871550160229216,"“Sirf Nagpur ke buyers ke liye exclusive township offer
Higna Road Wanadongri me Flats",181,Learn more,fb.me,"FACEBOOK; INSTAGRAM; AUDIENCE_NETWORK",2026-04-28,2026-06-16,HD: https://video.fjai6-1.fna.fbcdn.net/o1/v/t2/f2/m366/AQN_4BxNF0T2GbksmD-kdSt2iHKoJHf8slKbP3Ov5syxwCzdZjL67VCdNFVuZAC85XEzJKHyUfI3jISSXoDBhTPp-5ZE9TyL8sgR1s1KfTswdQ.mp4?_nc_cat=100&_nc_oc=AdpQyDgKtDEh3XcLK66kgMZtyfyTUr26JOd6YhMxpX32S1T3FagFCti3ToVtyJ68vTxzZZn1I55Qdb3iXaIK3QuU&_nc_sid=b66105&_nc_ht=video.fjai6-1.fna.fbcdn.net&_nc_ohc=w9n7rzpiHrsQ7kNvwE2MZJg&efg=eyJ2ZW5jb2RlX3RhZyI6Inhwdl9wcm9ncmVzc2l2ZS5WSV9VU0VDQVNFX1BST0RVQ1RfVFlQRS4uQzMuNzIwLmRhc2hfaDI2NC1iYXNpYy1nZW4yXzcyMHAiLCJ4cHZfYXNzZXRfaWQiOjQxNzMxMTcxMzk2MTQ2NTEsImFzc2V0X2FnZV9kYXlzIjoxNDQsInZpX3VzZWNhc2VfaWQiOjEwNzk5LCJkdXJhdGlvbl9zIjo3MSwidXJsZ2VuX3NvdXJjZSI6Ind3dyJ9&ccb=17-1&vs=829b4eff92404700&_nc_vs=HBksFQIYRWZiX2VwaGVtZXJhbC83NjQ3Mzg1MTlBOTZDNzQ5MkJFOEVCMTcyQjBEMUNCQV9tdF8xX3ZpZGVvX2Rhc2hpbml0Lm1wNBUAAsgBEgAVAhhAZmJfcGVybWFuZW50L0NBNEExRURCNEFBRTkxRTVBRTk5MzRDNTFBQzA1NkIyX2F1ZGlvX2Rhc2hpbml0Lm1wNBUCAsgBEgAoABgAGwKIB3VzZV9vaWwBMRJwcm9ncmVzc2l2ZV9yZWNpcGUBMRUAACb27rPLsdvpDhUCKAJDMywXQFHNT987ZFoYGWRhc2hfaDI2NC1iYXNpYy1nZW4yXzcyMHARAHUAZd6oAQA&_nc_gid=ySd8cj_g69mtYM8OGZvaeg&_nc_ss=7b289&_nc_zt=28&oh=00_Af85vPcZDVEXHO06UqGG78e4szQ0dg6PPUR_urRHmOZHFA&oe=6A386A84 | SD: https://video.fjai6-1.fna.fbcdn.net/o1/v/t2/f2/m412/AQMCBn5EUxGl258GcTdCurxyu9bqUhWek2fPnbqLTw1p-Zx0DhThyp_03Sam3pykxgSPGDkOauEV5KcTzrMZhIdRAZjWPZWgroQCU6Pcgw.mp4?_nc_cat=105&_nc_oc=AdoRk72ohrom8sHfPc_WAnWi3rrfBlYYlxj4ONT3_EMIdLP_QX-i-oEKvbPuOWAct5G07PwxDcTBa8GZkEOaC_-B&_nc_sid=ef5aa3&_nc_ht=video.fjai6-1.fna.fbcdn.net&_nc_ohc=KxPlPepa-UEQ7kNvwFYDWnA&efg=eyJ2ZW5jb2RlX3RhZyI6Inhwdl9wcm9ncmVzc2l2ZS5WSV9VU0VDQVNFX1BST0RVQ1RfVFlQRS4uQzMuMzYwLnN2ZV9zZCIsInhwdl9hc3NldF9pZCI6NDE3MzExNzEzOTYxNDY1MSwiYXNzZXRfYWdlX2RheXMiOjE0NCwidmlfdXNlY2FzZV9pZCI6MTA3OTksImR1cmF0aW9uX3MiOjcxLCJ1cmxnZW5fc291cmNlIjoid3d3In0%3D&ccb=17-1&_nc_gid=ySd8cj_g69mtYM8OGZvaeg&_nc_ss=7b289&_nc_zt=28&oh=00_Af-QJtmA6lQJJh10HFGASBHbwiKwAVYAJAm5oaIxmdlF0g&oe=6A3870F9 | Preview: https://scontent.fjai6-1.fna.fbcdn.net/v/t39.35426-6/658913928_1233041439039091_1544175555495037326_n.jpg?_nc_cat=101&ccb=1-7&_nc_sid=c53f8f&_nc_ohc=lyP-PcC_GsAQ7kNvwEx8ab6&_nc_oc=AdoMo1bZb6ExB4_puQdz5oBTI_tSZm72-_rA6bSPLqeQxc-ey9Y07rIh7DTOcltSsLdFKx7tXvE35ehhQ8FwJjKU&_nc_zt=14&_nc_ht=scontent.fjai6-1.fna&_nc_gid=ySd8cj_g69mtYM8OGZvaeg&_nc_ss=7b289&oh=00_Af9q-v-7Wm8D2cWheWkrHcU-S5qQWLbpX4X5259H7h2YZw&oe=6A386DCD,,,,,,,
1819534559020684,https://www.facebook.com/fenwayprojects/,fb.me,https://www.facebook.com/fenwayprojects/,,,,,,,,,108496535656033,http://fb.me/,Fenway Projects,https://www.facebook.com/ads/library/?id=1819534559020684,"Own an Ultra-Luxurious 5 BHK Villa at Global City, Gwalior 
Starting at just ₹155.95 Lacs* onwards!

✅ Private Elevator | 2 Car Parking | Lavish Living Spaces
✅ Temple Within the Premises | Clubhouse & Modern Amenities
✅ Located in Gwalior’s New City Centre – the most premium address

Live where luxury meets peace. Book your visit today!",1158,Learn more,fb.me,"FACEBOOK; INSTAGRAM",2026-06-08,2026-06-16,,,"Own an Ultra-Luxurious 5 BHK Villa at Global City, Gwalior 
Starting at just ₹155.95 Lacs* onwards!

✅ Private Elevator | 2 Car Parking | Lavish Living Spaces
✅ Temple Within the Premises | Clubhouse & Modern Amenities
✅ Located in Gwalior’s New City Centre – the most premium address

Live where luxury meets peace. Book your visit today! || Own an Ultra-Luxurious 5 BHK Villa at Global City, Gwalior 
Starting at just ₹155.95 Lacs* onwards!

✅ Private Elevator | 2 Car Parking | Lavish Living Spaces
✅ Temple Within the Premises | Clubhouse & Modern Amenities
✅ Located in Gwalior’s New City Centre – the most premium address

Live where luxury meets peace. Book your visit today!",http://fb.me/ || http://fb.me/,,Learn More || Learn More,Original: https://scontent.fjai6-1.fna.fbcdn.net/v/t39.35426-6/720571681_858439590144450_3140503737478397934_n.jpg?_nc_cat=108&ccb=1-7&_nc_sid=c53f8f&_nc_ohc=7MEKFNohsqYQ7kNvwEmrOp2&_nc_oc=AdrVcBDOCRiEwcWmp9bs2KQaqhlvl2HwlzK3wsmgCbs_QNLNyZZ7Hc4ePWwI_vAPXqYy7yU9CR0tJQUXSBQ8fTCV&_nc_zt=14&_nc_ht=scontent.fjai6-1.fna&_nc_gid=ySd8cj_g69mtYM8OGZvaeg&_nc_ss=7b289&oh=00_Af_1SiipuH9l7SNH8VwrsT5FWOQoA1jptPcu758aih2L8w&oe=6A386BB7 | Resized: https://scontent.fjai6-1.fna.fbcdn.net/v/t39.35426-6/715651421_1013448721509455_3016938748109661043_n.jpg?stp=dst-jpg_s600x600_tt6&_nc_cat=108&ccb=1-7&_nc_sid=c53f8f&_nc_ohc=EMK6FVNBA6kQ7kNvwFHJAUk&_nc_oc=AdoIfRi2dhU0jdDa7d-y0abTXIt9VwGv0Ies_F_S1ogqptORLc4n4i6L-Tng-wrhQJG3QOIw8wZwSYdV8dGSMrP2&_nc_zt=14&_nc_ht=scontent.fjai6-1.fna&_nc_gid=ySd8cj_g69mtYM8OGZvaeg&_nc_ss=7b289&oh=00_Af__ElGjq-vXHUch-lklNQABURzbv5awoXsArvD-F0EfIw&oe=6A386636 || Original: https://scontent.fjai6-1.fna.fbcdn.net/v/t39.35426-6/720435687_1981979519093178_1371296764154393451_n.jpg?_nc_cat=100&ccb=1-7&_nc_sid=c53f8f&_nc_ohc=AkzsMvEVYZgQ7kNvwFKNi24&_nc_oc=AdpAGs3M8vEI6ZytyFe0PVFoc9Vwvd9DR9LR2t7VJMdONowV5FMpKdduV5uY6ceJCNjOfngsA9G_oZc91rcHuj0x&_nc_zt=14&_nc_ht=scontent.fjai6-1.fna&_nc_gid=ySd8cj_g69mtYM8OGZvaeg&_nc_ss=7b289&oh=00_Af8GkfcD6ol9eu4mOpJ0yKdpJDEKSKoNY4lODhOv9ac2aQ&oe=6A385632 | Resized: https://scontent.fjai6-1.fna.fbcdn.net/v/t39.35426-6/720031942_984483137543710_1483838833269993260_n.jpg?stp=dst-jpg_s600x600_tt6&_nc_cat=109&ccb=1-7&_nc_sid=c53f8f&_nc_ohc=dSBdBQZy5AwQ7kNvwG-zqxP&_nc_oc=Adp7wybmq4_IrlPppQxHfCS1hqQR7e61_Z0uqGXyz9KVz2KNp1JTGPC8PtTrKkq1eTNQfYuAOg6RxYruymbC5xCj&_nc_zt=14&_nc_ht=scontent.fjai6-1.fna&_nc_gid=ySd8cj_g69mtYM8OGZvaeg&_nc_ss=7b289&oh=00_Af_OZHpWbWFaFDgSgTXQ0h458ZoZW-6YBoFQhTsO_NFB1Q&oe=6A386AC0,
2154737315293112,https://www.facebook.com/100081522225746/,fb.me,https://www.facebook.com/100081522225746/,,,,,,,,,102254845790049,http://fb.me/,Future Homes Infra,https://www.facebook.com/ads/library/?id=2154737315293112,"Wardha se Nagpur shift hone ka plan hai? 🏡

Ab lo apna 2 BHK flat premium township me – Hingna Road, Wanadongri 📍

Jaha mile:
🌳 Open Green Space
🛝 Kids Play Area
🔐 24x7 Security
🚗 Parking Facility
🏋️ Well Equipped Gym
🏢 Multipurpose Hall
🚶 Walking Track
🌇 Rooftop Sit-Out
🚪 Grand & Largest Entry Gate

📍 Narmada Residency, Hingna Road – Wanadongri
💰 ₹38 Lakh se shuruaat
🏦 100% Bank Loan Available
🔑 Ready Possession

👉 Wardha se fast & easy connectivity (daily travel bhi possible)
👉 Limited flats – Abhi enquiry karein / Site visit book karein",181,Apply now,fb.me,"FACEBOOK; INSTAGRAM; AUDIENCE_NETWORK",2026-05-03,2026-06-16,HD: https://video.fjai6-1.fna.fbcdn.net/o1/v/t2/f2/m366/AQN_4BxNF0T2GbksmD-kdSt2iHKoJHf8slKbP3Ov5syxwCzdZjL67VCdNFVuZAC85XEzJKHyUfI3jISSXoDBhTPp-5ZE9TyL8sgR1s1KfTswdQ.mp4?_nc_cat=100&_nc_oc=AdpQyDgKtDEh3XcLK66kgMZtyfyTUr26JOd6YhMxpX32S1T3FagFCti3ToVtyJ68vTxzZZn1I55Qdb3iXaIK3QuU&_nc_sid=b66105&_nc_ht=video.fjai6-1.fna.fbcdn.net&_nc_ohc=w9n7rzpiHrsQ7kNvwE2MZJg&efg=eyJ2ZW5jb2RlX3RhZyI6Inhwdl9wcm9ncmVzc2l2ZS5WSV9VU0VDQVNFX1BST0RVQ1RfVFlQRS4uQzMuNzIwLmRhc2hfaDI2NC1iYXNpYy1nZW4yXzcyMHAiLCJ4cHZfYXNzZXRfaWQiOjQxNzMxMTcxMzk2MTQ2NTEsImFzc2V0X2FnZV9kYXlzIjoxNDQsInZpX3VzZWNhc2VfaWQiOjEwNzk5LCJkdXJhdGlvbl9zIjo3MSwidXJsZ2VuX3NvdXJjZSI6Ind3dyJ9&ccb=17-1&vs=829b4eff92404700&_nc_vs=HBksFQIYRWZiX2VwaGVtZXJhbC83NjQ3Mzg1MTlBOTZDNzQ5MkJFOEVCMTcyQjBEMUNCQV9tdF8xX3ZpZGVvX2Rhc2hpbml0Lm1wNBUAAsgBEgAVAhhAZmJfcGVybWFuZW50L0NBNEExRURCNEFBRTkxRTVBRTk5MzRDNTFBQzA1NkIyX2F1ZGlvX2Rhc2hpbml0Lm1wNBUCAsgBEgAoABgAGwKIB3VzZV9vaWwBMRJwcm9ncmVzc2l2ZV9yZWNpcGUBMRUAACb27rPLsdvpDhUCKAJDMywXQFHNT987ZFoYGWRhc2hfaDI2NC1iYXNpYy1nZW4yXzcyMHARAHUAZd6oAQA&_nc_gid=ySd8cj_g69mtYM8OGZvaeg&_nc_ss=7b289&_nc_zt=28&oh=00_Af85vPcZDVEXHO06UqGG78e4szQ0dg6PPUR_urRHmOZHFA&oe=6A386A84 | SD: https://video.fjai6-1.fna.fbcdn.net/o1/v/t2/f2/m412/AQMCBn5EUxGl258GcTdCurxyu9bqUhWek2fPnbqLTw1p-Zx0DhThyp_03Sam3pykxgSPGDkOauEV5KcTzrMZhIdRAZjWPZWgroQCU6Pcgw.mp4?_nc_cat=105&_nc_oc=AdoRk72ohrom8sHfPc_WAnWi3rrfBlYYlxj4ONT3_EMIdLP_QX-i-oEKvbPuOWAct5G07PwxDcTBa8GZkEOaC_-B&_nc_sid=ef5aa3&_nc_ht=video.fjai6-1.fna.fbcdn.net&_nc_ohc=KxPlPepa-UEQ7kNvwFYDWnA&efg=eyJ2ZW5jb2RlX3RhZyI6Inhwdl9wcm9ncmVzc2l2ZS5WSV9VU0VDQVNFX1BST0RVQ1RfVFlQRS4uQzMuMzYwLnN2ZV9zZCIsInhwdl9hc3NldF9pZCI6NDE3MzExNzEzOTYxNDY1MSwiYXNzZXRfYWdlX2RheXMiOjE0NCwidmlfdXNlY2FzZV9pZCI6MTA3OTksImR1cmF0aW9uX3MiOjcxLCJ1cmxnZW5fc291cmNlIjoid3d3In0%3D&ccb=17-1&_nc_gid=ySd8cj_g69mtYM8OGZvaeg&_nc_ss=7b289&_nc_zt=28&oh=00_Af-QJtmA6lQJJh10HFGASBHbwiKwAVYAJAm5oaIxmdlF0g&oe=6A3870F9 | Preview: https://scontent.fjai6-1.fna.fbcdn.net/v/t39.35426-6/686311674_4427454894195594_1485458476772591280_n.jpg?_nc_cat=102&ccb=1-7&_nc_sid=c53f8f&_nc_ohc=Hz6mmL4e4gEQ7kNvwH1mMJk&_nc_oc=AdrNGe6irUB7D07UhzDUT0jEiK5Bb_lja4s7HmTonjAv8kDYWtROZBS5tz9wx6GQG7_ekJlrjheDssXxC-HtusNZ&_nc_zt=14&_nc_ht=scontent.fjai6-1.fna&_nc_gid=ySd8cj_g69mtYM8OGZvaeg&_nc_ss=7b289&oh=00_Af8TjcsQkLh5DFYeufCSUGY5w6xSRX0iTbGl_O5XtNvgAQ&oe=6A38512B,,,,,,,
978216688250369,https://www.facebook.com/windlassdevelopers/,windlassdeveloper.com,https://www.facebook.com/windlassdevelopers/,,,,,,,,,800533566704397,https://www.windlassdeveloper.com/,Windlass River Valley,https://www.facebook.com/ads/library/?id=978216688250369,"🎙️Welcome to the first episode of TRP – The River Valley Podcast with senior architect Sunil Madad discussing Dehradun’s geography, topography, and the right construction methods shaping the future of the city. 

#TRP #TheRiverValleyPodcast #Dehradun #Architecture #Construction #RiverValleyTownship #WindlassRiverValley #LuxuryLiving #FlatsInDehradun #SmartConstruction",36590,Learn more,www.windlassdeveloper.com,"FACEBOOK; INSTAGRAM; MESSENGER; WHATSAPP; THREADS",2026-06-02,2026-06-17,HD: https://video.fjai6-1.fna.fbcdn.net/o1/v/t2/f2/m366/AQPPMfhvGhASRystDmro7COYf0VPyDmcUp2dXjJiRdvCcYysjPOpyGU50suIBlleoY8vbEsWN5k7hMpupV5rapojcTRiO-6-N6WKnPvWFcfpjg.mp4?_nc_cat=104&_nc_oc=Adrcg9Rf7-h1t8psYSLEyE8oLVCr6DbdhwqlfunxfcFChAb9cU1fMZgBOeVRfkV_DmLcnVDMO2Th4WRUZNWM3yn_&_nc_sid=b66105&_nc_ht=video.fjai6-1.fna.fbcdn.net&_nc_ohc=TXX9SaqLorUQ7kNvwECnSkZ&efg=eyJ2ZW5jb2RlX3RhZyI6Inhwdl9wcm9ncmVzc2l2ZS5WSV9VU0VDQVNFX1BST0RVQ1RfVFlQRS4uQzMuMTI4MC5kYXNoX2gyNjQtYmFzaWMtZ2VuMl83MjBwIiwieHB2X2Fzc2V0X2lkIjoyMDI4MzA2MzI0NzI2NzUzLCJhc3NldF9hZ2VfZGF5cyI6MjUsInZpX3VzZWNhc2VfaWQiOjEwMTIyLCJkdXJhdGlvbl9zIjo5NTIsInVybGdlbl9zb3VyY2UiOiJ3d3cifQ%3D%3D&ccb=17-1&vs=9d89f170abd7080c&_nc_vs=HBksFQIYRWZiX2VwaGVtZXJhbC8zNjQxNUVEMDgxQTI5NEQ4MDhGQThFM0RERThENDZCQV9tdF8xX3ZpZGVvX2Rhc2hpbml0Lm1wNBUAAsgBEgAVAhhAZmJfcGVybWFuZW50LzMyNDc0NkRCRjEyQjM4Qjc3NkRCODJFRkZCMUQyRDkxX2F1ZGlvX2Rhc2hpbml0Lm1wNBUCAsgBEgAoABgAGwKIB3VzZV9vaWwBMRJwcm9ncmVzc2l2ZV9yZWNpcGUBMRUAACbCj9nf-66aBxUCKAJDMywXQI3GuFHrhR8YGWRhc2hfaDI2NC1iYXNpYy1nZW4yXzcyMHARAHUAZZSeAQA&_nc_gid=ySd8cj_g69mtYM8OGZvaeg&_nc_ss=7b289&_nc_zt=28&oh=00_Af_BmyKJNt8_WOeUIs9ngEtUi5cI9tY8m2Zb49OfZu5twA&oe=6A385AF0 | SD: https://video.fjai6-1.fna.fbcdn.net/o1/v/t2/f2/m412/AQNN0-3TZmA8PmLTBDUr0UyweWsg6LsPROkVZ5Eplk7GHxi_MhYf8roLcy8cIm6oHe5w9XrmmYfGWz84ciF8HHdNypJsNNam1JLeDP5ztQ.mp4?_nc_cat=101&_nc_oc=AdoNmunaQ-Ane30NQ6_H7nxthzp1CswIAXubXOqQV16rjpKjpXbvmYEt4qnfI2ptOBn84fqH8NopUyHMLOwvKTb6&_nc_sid=ef5aa3&_nc_ht=video.fjai6-1.fna.fbcdn.net&_nc_ohc=-R7SXTJ26c0Q7kNvwF-Uczz&efg=eyJ2ZW5jb2RlX3RhZyI6Inhwdl9wcm9ncmVzc2l2ZS5WSV9VU0VDQVNFX1BST0RVQ1RfVFlQRS4uQzMuNjQwLnN2ZV9zZCIsInhwdl9hc3NldF9pZCI6MjAyODMwNjMyNDcyNjc1MywiYXNzZXRfYWdlX2RheXMiOjI1LCJ2aV91c2VjYXNlX2lkIjoxMDEyMiwiZHVyYXRpb25fcyI6OTUyLCJ1cmxnZW5fc291cmNlIjoid3d3In0%3D&ccb=17-1&_nc_gid=ySd8cj_g69mtYM8OGZvaeg&_nc_ss=7b289&_nc_zt=28&oh=00_Af_TfHFEDUyhOBRUuu_yulpq7TK0wiLmfSFxYZTrJ0Lagg&oe=6A38634D | Preview: https://scontent.fjai6-1.fna.fbcdn.net/v/t39.35426-6/712447513_1711246233553697_4158307264925402732_n.jpg?_nc_cat=109&ccb=1-7&_nc_sid=c53f8f&_nc_ohc=4joRWdSaEAsQ7kNvwF8XduJ&_nc_oc=Adofa7pHRvx0Uwek1xochZlyyJF_zhvDXVche7gqLP9l-qk6Sjc1NyNmy06HA3AkBDGqgAe4ghVI_AU1OA65Win6&_nc_zt=14&_nc_ht=scontent.fjai6-1.fna&_nc_gid=ySd8cj_g69mtYM8OGZvaeg&_nc_ss=7b289&oh=00_Af9drUHAe3z__FbjW6Kxy2m12ucCtu_HhbEDwxY_tjTY_w&oe=6A386416,,,,,,,
27284208771263806,https://www.facebook.com/fenwayprojects/,fb.me,https://www.facebook.com/fenwayprojects/,,,,,,,,,108496535656033,http://fb.me/,Fenway Projects,https://www.facebook.com/ads/library/?id=27284208771263806,"Own an Ultra-Luxurious 5 BHK Villa at Global City, Gwalior 
Starting at just ₹155.95 Lacs* onwards!

✅ Private Elevator | 2 Car Parking | Lavish Living Spaces
✅ Temple Within the Premises | Clubhouse & Modern Amenities
✅ Located in Gwalior’s New City Centre – the most premium address

Live where luxury meets peace. Book your visit today!",1158,Learn more,fb.me,"FACEBOOK; INSTAGRAM; AUDIENCE_NETWORK",2026-06-08,2026-06-16,,,"Own an Ultra-Luxurious 5 BHK Villa at Global City, Gwalior 
Starting at just ₹155.95 Lacs* onwards!

✅ Private Elevator | 2 Car Parking | Lavish Living Spaces
✅ Temple Within the Premises | Clubhouse & Modern Amenities
✅ Located in Gwalior’s New City Centre – the most premium address

Live where luxury meets peace. Book your visit today! || Own an Ultra-Luxurious 5 BHK Villa at Global City, Gwalior 
Starting at just ₹155.95 Lacs* onwards!

✅ Private Elevator | 2 Car Parking | Lavish Living Spaces
✅ Temple Within the Premises | Clubhouse & Modern Amenities
✅ Located in Gwalior’s New City Centre – the most premium address

Live where luxury meets peace. Book your visit today! || Own an Ultra-Luxurious 5 BHK Villa at Global City, Gwalior 
Starting at just ₹155.95 Lacs* onwards!

✅ Private Elevator | 2 Car Parking | Lavish Living Spaces
✅ Temple Within the Premises | Clubhouse & Modern Amenities
✅ Located in Gwalior’s New City Centre – the most premium address

Live where luxury meets peace. Book your visit today!",http://fb.me/ || http://fb.me/ || http://fb.me/,,Learn More || Learn More || Learn More,Original: https://scontent.fjai6-1.fna.fbcdn.net/v/t39.35426-6/720408294_1815730266067184_3956191813589125048_n.jpg?_nc_cat=103&ccb=1-7&_nc_sid=c53f8f&_nc_ohc=cwIZ2PthMR4Q7kNvwFpCwai&_nc_oc=AdqOHYIUK4jDyWieDxZaRi3XgmGqkVvZd7ZG0Wx_Zu7Mq3jfo1O8CnCTsasva-g-zjBeSbX-lvIwCRACWZAzJSKr&_nc_zt=14&_nc_ht=scontent.fjai6-1.fna&_nc_gid=ySd8cj_g69mtYM8OGZvaeg&_nc_ss=7b289&oh=00_Af9Ag719r-raq_V00swbV7y98YmsrnPTf1HDYNxnS4ID_Q&oe=6A38523B | Resized: https://scontent.fjai6-1.fna.fbcdn.net/v/t39.35426-6/720057726_3316447798541901_2797635012814933645_n.jpg?stp=dst-jpg_s600x600_tt6&_nc_cat=106&ccb=1-7&_nc_sid=c53f8f&_nc_ohc=iKb0lhMxMzgQ7kNvwFWRNuB&_nc_oc=AdrDnPTWmXrOEH0wRRcViRXPeVarbGTJFnJshc6JgbjCyrhx6HdwgDYRNM62yVLmLR86PdizaxDnhJNQjN21zdn5&_nc_zt=14&_nc_ht=scontent.fjai6-1.fna&_nc_gid=ySd8cj_g69mtYM8OGZvaeg&_nc_ss=7b289&oh=00_Af_SxeJBcqdyb7rnmERHj9PqSqEjB93EHApoSMnLViEsPw&oe=6A3856C4 || Original: https://scontent.fjai6-1.fna.fbcdn.net/v/t39.35426-6/720019073_1425762052927277_4571045106739525009_n.jpg?_nc_cat=101&ccb=1-7&_nc_sid=c53f8f&_nc_ohc=VKjXyswgve0Q7kNvwG2MEWF&_nc_oc=Adp2QtqeesFpUdUyOEZWYerrPg6JeXYKsMDqX6qvkAQu2F4yYvGNJYvmRGuEM8RR_Krqfc9iUNdiYadNMYkSKey8&_nc_zt=14&_nc_ht=scontent.fjai6-1.fna&_nc_gid=ySd8cj_g69mtYM8OGZvaeg&_nc_ss=7b289&oh=00_Af9hLl3v6BVLMNx2gww-HO2Ue9IK9SACDpotJmz-ru4Htw&oe=6A384AAE | Resized: https://scontent.fjai6-1.fna.fbcdn.net/v/t39.35426-6/720065300_2102094623675486_7825707488420699897_n.jpg?stp=dst-jpg_s600x600_tt6&_nc_cat=107&ccb=1-7&_nc_sid=c53f8f&_nc_ohc=s9b0uH2oTgQQ7kNvwGK4w0u&_nc_oc=AdpykrQbl5ojfQuHqdCTyDEAusdhBfxwlH43NtemlzHUzYWEqfFrfMONk1LPD6k6w2rIMHbBkNErN7mzlfOLGLNL&_nc_zt=14&_nc_ht=scontent.fjai6-1.fna&_nc_gid=ySd8cj_g69mtYM8OGZvaeg&_nc_ss=7b289&oh=00_Af-83naJvDdFe_rFbhWwQkJOaraZ22k0WCwraKRELO4e3A&oe=6A3874E2 || Original: https://scontent.fjai6-1.fna.fbcdn.net/v/t39.35426-6/720019073_1425762052927277_4571045106739525009_n.jpg?_nc_cat=101&ccb=1-7&_nc_sid=c53f8f&_nc_ohc=VKjXyswgve0Q7kNvwG2MEWF&_nc_oc=Adp2QtqeesFpUdUyOEZWYerrPg6JeXYKsMDqX6qvkAQu2F4yYvGNJYvmRGuEM8RR_Krqfc9iUNdiYadNMYkSKey8&_nc_zt=14&_nc_ht=scontent.fjai6-1.fna&_nc_gid=ySd8cj_g69mtYM8OGZvaeg&_nc_ss=7b289&oh=00_Af9hLl3v6BVLMNx2gww-HO2Ue9IK9SACDpotJmz-ru4Htw&oe=6A384AAE | Resized: https://scontent.fjai6-1.fna.fbcdn.net/v/t39.35426-6/720065300_2102094623675486_7825707488420699897_n.jpg?stp=dst-jpg_s600x600_tt6&_nc_cat=107&ccb=1-7&_nc_sid=c53f8f&_nc_ohc=s9b0uH2oTgQQ7kNvwGK4w0u&_nc_oc=AdpykrQbl5ojfQuHqdCTyDEAusdhBfxwlH43NtemlzHUzYWEqfFrfMONk1LPD6k6w2rIMHbBkNErN7mzlfOLGLNL&_nc_zt=14&_nc_ht=scontent.fjai6-1.fna&_nc_gid=ySd8cj_g69mtYM8OGZvaeg&_nc_ss=7b289&oh=00_Af-83naJvDdFe_rFbhWwQkJOaraZ22k0WCwraKRELO4e3A&oe=6A3874E2,
1319427996735373,https://www.facebook.com/61574280067976/,fb.me,https://www.facebook.com/61574280067976/,,,,,,,,,1067725319757842,http://fb.me/,Lodhá Bangalore,https://www.facebook.com/ads/library/?id=1319427996735373,"A premium address designed for high-net-worth buyers. Lodha | 3, 4, 5 BHK & Penthouses | ₹3.50 Cr+ | North Bangalore

Project Highlights
• 70 Acres Premium Smart Township
• 5 Min to Metro Station
• 15 Min to Bangalore Airport
• High-End Residences & Penthouses
• Private, Low-Density Living

📍 North Bangalore",3,Get quote,fb.me,"FACEBOOK; INSTAGRAM",2026-05-10,2026-06-16,,,"A premium address designed for high-net-worth buyers. Lodha | 3, 4, 5 BHK & Penthouses | ₹3.50 Cr+ | North Bangalore

Project Highlights
• 70 Acres Premium Smart Township
• 5 Min to Metro Station
• 15 Min to Bangalore Airport
• High-End Residences & Penthouses
• Private, Low-Density Living

📍 North Bangalore || A premium address designed for high-net-worth buyers. Lodha | 3, 4, 5 BHK & Penthouses | ₹3.50 Cr+ | North Bangalore

Project Highlights
• 70 Acres Premium Smart Township
• 5 Min to Metro Station
• 15 Min to Bangalore Airport
• High-End Residences & Penthouses
• Private, Low-Density Living

📍 North Bangalore || A premium address designed for high-net-worth buyers. Lodha | 3, 4, 5 BHK & Penthouses | ₹3.50 Cr+ | North Bangalore

Project Highlights
• 70 Acres Premium Smart Township
• 5 Min to Metro Station
• 15 Min to Bangalore Airport
• High-End Residences & Penthouses
• Private, Low-Density Living

📍 North Bangalore",http://fb.me/ || http://fb.me/ || http://fb.me/,,Get Quote || Get Quote || Get Quote,Original: https://scontent.fjai6-1.fna.fbcdn.net/v/t39.35426-6/690826538_1004874891983174_5513796555453362505_n.jpg?_nc_cat=110&ccb=1-7&_nc_sid=c53f8f&_nc_ohc=bLONEb3oilEQ7kNvwFFH0j4&_nc_oc=AdodLKjKPNb8CZihE0nbthmL9K6Dggq83PBeYsgt-IOBxgG4CCxoqkWv97QD-Y21ovmQdSUz6_DR2OirRwIWUB1T&_nc_zt=14&_nc_ht=scontent.fjai6-1.fna&_nc_gid=ySd8cj_g69mtYM8OGZvaeg&_nc_ss=7b289&oh=00_Af-eBhsVYGCEWWysKGSqSjfZgMN-7MF2808moUOv2a3Dfw&oe=6A384546 | Resized: https://scontent.fjai6-1.fna.fbcdn.net/v/t39.35426-6/690782317_1235972495278147_499584929019099300_n.jpg?stp=dst-jpg_s600x600_tt6&_nc_cat=100&ccb=1-7&_nc_sid=c53f8f&_nc_ohc=d0QnjYSEf1AQ7kNvwE8fJv_&_nc_oc=Ado-8AHcmGxgAlmESrNWs1pF7WG0ag7OoZkAlo9z7pE_U4qsj3QNKvMPiuDHN2hC12f7IuHzypwweasYrYGjNIOv&_nc_zt=14&_nc_ht=scontent.fjai6-1.fna&_nc_gid=ySd8cj_g69mtYM8OGZvaeg&_nc_ss=7b289&oh=00_Af8fofjwJYx1-CxUG0ehTyz3Fg7Zfx0Thr-plBBnD1ME6g&oe=6A384E2C || Original: https://scontent.fjai6-1.fna.fbcdn.net/v/t39.35426-6/690684180_913004655104464_5838419118620376235_n.jpg?_nc_cat=107&ccb=1-7&_nc_sid=c53f8f&_nc_ohc=Kg0iCX353UIQ7kNvwGTMbbm&_nc_oc=AdoQTZFwjpwMai7xNklyNSZzY_HAkdU1py0fU5uHntBtzciLHtGsACP0D4p6tLQrzlXOYn9aQhe19AnAM-CtAo2E&_nc_zt=14&_nc_ht=scontent.fjai6-1.fna&_nc_gid=ySd8cj_g69mtYM8OGZvaeg&_nc_ss=7b289&oh=00_Af9nXsXxkBkJ6O2CXB8LihhYOQ6MsL5wSsb-GSjySPy6qA&oe=6A38702C | Resized: https://scontent.fjai6-1.fna.fbcdn.net/v/t39.35426-6/690638528_2170242183814290_1921799878646154130_n.jpg?stp=dst-jpg_s600x600_tt6&_nc_cat=103&ccb=1-7&_nc_sid=c53f8f&_nc_ohc=R-0aMJr_q5MQ7kNvwEUxKrR&_nc_oc=Adp_jFo0ALEGO9P0PQOMfFfYZ0WJ84gjOCixJ3kuX2pp5Wy1XBN5UHnMGXrjEEyO2tZ_qHPA5EsQjO3UXPEx_Ytz&_nc_zt=14&_nc_ht=scontent.fjai6-1.fna&_nc_gid=ySd8cj_g69mtYM8OGZvaeg&_nc_ss=7b289&oh=00_Af9y3_T2EEeKEYY5aUSmDBHol_wLfCPfGcDnuOnwI20Dxg&oe=6A386CDA || Original: https://scontent.fjai6-1.fna.fbcdn.net/v/t39.35426-6/691038945_4258050214459565_4165640912987701105_n.jpg?_nc_cat=110&ccb=1-7&_nc_sid=c53f8f&_nc_ohc=WF6QJWWcmGAQ7kNvwHR_9zW&_nc_oc=Adqz7mtvv8flyDdgRsiHMTzyZBQ7gP9fLWvrrviZWv9qQ_Ix1nCLlZKph-sScDrw5jGi5iVxREdpT7HiEsCrY2Y4&_nc_zt=14&_nc_ht=scontent.fjai6-1.fna&_nc_gid=ySd8cj_g69mtYM8OGZvaeg&_nc_ss=7b289&oh=00_Af-v0oYXxEQoIcO_Tw5Li9EAKBFyiBqV74pM7Kj_dXSM7A&oe=6A386C06 | Resized: https://scontent.fjai6-1.fna.fbcdn.net/v/t39.35426-6/690510837_1702927404217466_4508563294469047625_n.jpg?stp=dst-jpg_s600x600_tt6&_nc_cat=101&ccb=1-7&_nc_sid=c53f8f&_nc_ohc=Lvw5YNimv4QQ7kNvwHg81ZF&_nc_oc=AdoY6mHm9zJCZPQEePGq_DQEcADiSOEPxvC8VP0l8qXA6OLxxobXJUCm9kb7_IWEDmCKsHrHzSH6ukVK_LF51jCl&_nc_zt=14&_nc_ht=scontent.fjai6-1.fna&_nc_gid=ySd8cj_g69mtYM8OGZvaeg&_nc_ss=7b289&oh=00_Af8obkNW2y1J68t9aJkiC4pdwQ9H32lJ7k2IlazsOOl5Yg&oe=6A3877A8,
1861150037884896,https://www.facebook.com/the.new.launches/,fb.me,https://www.facebook.com/the.new.launches/,,,,,,,,,142941792230798,http://fb.me/,The New Launches,https://www.facebook.com/ads/library/?id=1861150037884896,"Live elevated at Lodha Casa Magnolia, Palava City – Dombivli ✨

🏢 G+24 Storey Tower
🏡 2, 3 & 4 Bed Residences with Private Decks
🌿 Modern Lifestyle Amenities
📍 Excellent Connectivity to Metro, Airoli-Katai Tunnel & Jupiter Hospital

💰 Starting ₹89 Lacs*
📅 Possession: June 2027

Book now and secure your home in one of the most sought-after townships.

👉 Register for Floor Plan & Costing Details Today.",150,Learn more,fb.me,"FACEBOOK; INSTAGRAM",2026-06-09,2026-06-17,,,"Live elevated at Lodha Casa Magnolia, Palava City – Dombivli ✨

🏢 G+24 Storey Tower
🏡 2, 3 & 4 Bed Residences with Private Decks
🌿 Modern Lifestyle Amenities
📍 Excellent Connectivity to Metro, Airoli-Katai Tunnel & Jupiter Hospital

💰 Starting ₹89 Lacs*
📅 Possession: June 2027

Book now and secure your home in one of the most sought-after townships.

👉 Register for Floor Plan & Costing Details Today. || Live elevated at Lodha Casa Magnolia, Palava City – Dombivli ✨

🏢 G+24 Storey Tower
🏡 2, 3 & 4 Bed Residences with Private Decks
🌿 Modern Lifestyle Amenities
📍 Excellent Connectivity to Metro, Airoli-Katai Tunnel & Jupiter Hospital

💰 Starting ₹89 Lacs*
📅 Possession: June 2027

Book now and secure your home in one of the most sought-after townships.

👉 Register for Floor Plan & Costing Details Today.",http://fb.me/ || http://fb.me/,,Learn More || Learn More,Original: https://scontent.fjai6-1.fna.fbcdn.net/v/t39.35426-6/672681262_26507580562185291_3169245464266984616_n.jpg?_nc_cat=108&ccb=1-7&_nc_sid=c53f8f&_nc_ohc=4C9uf5R1-gAQ7kNvwEeIJr_&_nc_oc=Adr_6AAJMIBsst71eZaXa9nu2ENWXVOyG8ADN-LlYGqlThrJbq3l-Dom68U0xanaSH2bobJYvDXQDlFL9pzXko_5&_nc_zt=14&_nc_ht=scontent.fjai6-1.fna&_nc_gid=ySd8cj_g69mtYM8OGZvaeg&_nc_ss=7b289&oh=00_Af8PFh8_brudQ5lDEW7LFTlkXRLF1o2oCdc-OnTouItuJA&oe=6A38412A | Resized: https://scontent.fjai6-1.fna.fbcdn.net/v/t39.35426-6/674603226_1334304638533629_8455977480570476299_n.jpg?stp=dst-jpg_s600x600_tt6&_nc_cat=109&ccb=1-7&_nc_sid=c53f8f&_nc_ohc=xZhKocuJPl8Q7kNvwFeoOTd&_nc_oc=AdoOYFTMpIB3UvsRzFIbQI_pvVWs56Oic2ML2bJKmiN04L-VXT2BojgItinIFsSd1u_sceFvJZ6trsOGe7CkQqNj&_nc_zt=14&_nc_ht=scontent.fjai6-1.fna&_nc_gid=ySd8cj_g69mtYM8OGZvaeg&_nc_ss=7b289&oh=00_Af8VWRVBRHY_Sjm0KZT0gcyuS5B2HPhHLrMBBXExNdAzvw&oe=6A386E90 || Original: https://scontent.fjai6-1.fna.fbcdn.net/v/t39.35426-6/672683237_1486958499468088_2605661789568240841_n.jpg?_nc_cat=101&ccb=1-7&_nc_sid=c53f8f&_nc_ohc=ELE9PQ-VKAcQ7kNvwHl7MtD&_nc_oc=AdogW31LU5d87fLOe_H3bfePMAWII27LZpsdz6yDcAaCDapjyZtNV9zuhSdQDHPPKQb4yaevrbWM2utqNxznU4sz&_nc_zt=14&_nc_ht=scontent.fjai6-1.fna&_nc_gid=ySd8cj_g69mtYM8OGZvaeg&_nc_ss=7b289&oh=00_Af_zioozmwHB_vd4wFfrruM9hWoFRd27q5OvvvsTXoNWSQ&oe=6A386C4D | Resized: https://scontent.fjai6-1.fna.fbcdn.net/v/t39.35426-6/672682186_822746177552263_4844290742109609361_n.jpg?stp=dst-jpg_s600x600_tt6&_nc_cat=104&ccb=1-7&_nc_sid=c53f8f&_nc_ohc=ZwDI1ItEmyMQ7kNvwH_eUBt&_nc_oc=AdoM4-bf5gT1JTLrroQXF8thIHCh788dgMDhSYw7pzdEys_I6itgzaBcutXJD3-YfQaFgodp31CWT-w90wQ5GRaw&_nc_zt=14&_nc_ht=scontent.fjai6-1.fna&_nc_gid=ySd8cj_g69mtYM8OGZvaeg&_nc_ss=7b289&oh=00_Af8kM-ysMCv6lI581AAq14Cm2e5WndiSfpcVymukZUrFZw&oe=6A387557,
1950133839200933,https://www.facebook.com/vbhcgroup/,fb.me,https://www.facebook.com/vbhcgroup/,,,,,+91 73537 20720,,,,502130716314126,http://fb.me/,VBHC,https://www.facebook.com/ads/library/?id=1950133839200933,"Early investors are already picking Palghar.
The growth drivers are clear: bullet train, megaport, smart township.
VBHC Springwater places you right there with affordable 1 & 2 BHKs priced from ₹21.45L onwards, water-view options, the biggest clubhouse and 2027 possession from a trusted developer.
Secure your position today!",339,Get quote,fb.me,"FACEBOOK; INSTAGRAM; AUDIENCE_NETWORK",2026-05-01,2026-06-17,HD: https://video.fjai6-1.fna.fbcdn.net/o1/v/t2/f2/m366/AQPW5IqNfwOW0VAveob3d9BXttXx82D30uEdz9GW-j8BG5DTL3lpS9jdiBkdk81VHSC-3ENk3byeIZ0NERuQIbzNtw9v_MHtycEPyCr4Qabdxg.mp4?_nc_cat=105&_nc_oc=Adr2LzlOyDW1hFe72jndMGUqPyonRdNPcpaeWEnre8zYkeZbNMkcrkaJy39ctY7r_xQUnWJ1r5GxWOjYTbPl1qMB&_nc_sid=b66105&_nc_ht=video.fjai6-1.fna.fbcdn.net&_nc_ohc=tytXrSHkZ-QQ7kNvwGwZzWW&efg=eyJ2ZW5jb2RlX3RhZyI6Inhwdl9wcm9ncmVzc2l2ZS5WSV9VU0VDQVNFX1BST0RVQ1RfVFlQRS4uQzMuNzIwLmRhc2hfaDI2NC1iYXNpYy1nZW4yXzcyMHAiLCJ4cHZfYXNzZXRfaWQiOjExNTMyMjg5MDM0ODc2NzgsImFzc2V0X2FnZV9kYXlzIjo4OSwidmlfdXNlY2FzZV9pZCI6MTA3OTksImR1cmF0aW9uX3MiOjU3LCJ1cmxnZW5fc291cmNlIjoid3d3In0%3D&ccb=17-1&vs=4026a9b060011a80&_nc_vs=HBksFQIYRWZiX2VwaGVtZXJhbC9FNzQxNTVGN0M2NDAyM0JGRkU4QTQ3NDhBQjlFNzRBMF9tdF8xX3ZpZGVvX2Rhc2hpbml0Lm1wNBUAAsgBEgAVAhhAZmJfcGVybWFuZW50L0RGNDZDRTY3MDU3RDk0MjU5MUZBRjUzNUE0RjJGRThFX2F1ZGlvX2Rhc2hpbml0Lm1wNBUCAsgBEgAoABgAGwKIB3VzZV9vaWwBMRJwcm9ncmVzc2l2ZV9yZWNpcGUBMRUAACb84pjy4LaMBBUCKAJDMywXQEz1wo9cKPYYGWRhc2hfaDI2NC1iYXNpYy1nZW4yXzcyMHARAHUAZd6oAQA&_nc_gid=ySd8cj_g69mtYM8OGZvaeg&_nc_ss=7b289&_nc_zt=28&oh=00_Af914NH5bUZNz-uIBHlqLNCGRu3z40sionNBtRCHvW3tUg&oe=6A384DCF | SD: https://video.fjai6-1.fna.fbcdn.net/o1/v/t2/f2/m412/AQMfHuK3Y1BpvNuCK_FcHM0LaiRsXwhCNwmQchxQar2GNubltuV4SM598DSRUKIRinhAg8kfk8GAQ971XeIVdkqOPRJlRJGVHmru5FT1VQ.mp4?_nc_cat=105&_nc_oc=Adpe5nYcSKbc4R71eEbWY3Dd6lNInQCIXAW8Y-mS2_Yr0bn9C-AKvNN1_C9JSm6pqVTIGI-1_RvsPx2elVk1giRm&_nc_sid=ef5aa3&_nc_ht=video.fjai6-1.fna.fbcdn.net&_nc_ohc=9eOoP5I0OpEQ7kNvwHbDkhG&efg=eyJ2ZW5jb2RlX3RhZyI6Inhwdl9wcm9ncmVzc2l2ZS5WSV9VU0VDQVNFX1BST0RVQ1RfVFlQRS4uQzMuMzYwLnN2ZV9zZCIsInhwdl9hc3NldF9pZCI6MTE1MzIyODkwMzQ4NzY3OCwiYXNzZXRfYWdlX2RheXMiOjg5LCJ2aV91c2VjYXNlX2lkIjoxMDc5OSwiZHVyYXRpb25fcyI6NTcsInVybGdlbl9zb3VyY2UiOiJ3d3cifQ%3D%3D&ccb=17-1&_nc_gid=ySd8cj_g69mtYM8OGZvaeg&_nc_ss=7b289&_nc_zt=28&oh=00_Af_Dam4l63Q6pXlF-2tU5GBCkJiN1HHAMiW4zyhmhzk9ag&oe=6A3857D1 | Preview: https://scontent.fjai6-1.fna.fbcdn.net/v/t39.35426-6/652742521_1260603155440458_5424767341559415270_n.jpg?_nc_cat=104&ccb=1-7&_nc_sid=c53f8f&_nc_ohc=z_6tguMmTQQQ7kNvwHWoR0n&_nc_oc=Adrc7xDqEqKeliUPBf5wa6Ybq8OBQuxuj_u7Dv2Cah-hzc7d2Q2dXrIX1WhFXw0G8l4P3e7DBVaG-E3MucaQU_ab&_nc_zt=14&_nc_ht=scontent.fjai6-1.fna&_nc_gid=ySd8cj_g69mtYM8OGZvaeg&_nc_ss=7b289&oh=00_Af-efXmCFxE7wiSlZIqKozlOtmUGLh3BY9ispUF5d3eG9A&oe=6A3848ED,,,,,,,
1699364214595445,https://www.facebook.com/61590420724041/,fb.me,https://www.facebook.com/61590420724041/,,,,,,,,,1194462677075029,http://fb.me/,Penukonda PLOTS NEAR KIA,https://www.facebook.com/ads/library/?id=1699364214595445,"Own premium residential plots, villas, apartments  integrated township. near the rapidly growing Kia Motors Industrial Corridor at penukonda.

Sunshine Smart City offers investment-focused Gated community township development with high appreciation potential driven by industries, employment growth, and upcoming infrastructure developments.

✔️ AHUDA & RERA Approved
✔️ Strategic Highway & Industrial Connectivity
✔️ Bank Loans available 
✔️ Future-Ready Smart Township
✔️ Excellent ROI Potential

Invest today in the next big growth destination of Penukonda KIA Factory Anantapur - Andhra Pradesh.


“Where Industrial Growth Creates Wealth.”",4,Get quote,fb.me,"FACEBOOK; INSTAGRAM",2026-06-06,2026-06-17,,,"Own premium residential plots, villas, apartments  integrated township. near the rapidly growing Kia Motors Industrial Corridor at penukonda.

Sunshine Smart City offers investment-focused Gated community township development with high appreciation potential driven by industries, employment growth, and upcoming infrastructure developments.

✔️ AHUDA & RERA Approved
✔️ Strategic Highway & Industrial Connectivity
✔️ Bank Loans available 
✔️ Future-Ready Smart Township
✔️ Excellent ROI Potential

Invest today in the next big growth destination of Penukonda KIA Factory Anantapur - Andhra Pradesh.


“Where Industrial Growth Creates Wealth.”",http://fb.me/,,Get Quote,Original: https://scontent.fjai6-1.fna.fbcdn.net/v/t39.35426-6/712503593_1770910637621556_7968858388178996553_n.jpg?_nc_cat=102&ccb=1-7&_nc_sid=c53f8f&_nc_ohc=WfziNfA-0NwQ7kNvwFEmiHc&_nc_oc=AdpeSsU_p22SDY-ZZ6RMynqVCex_dhboGWM-NsKtV5rMNrYdFyS8a81vqXUL6j-NiBRjDrd-TNHwJYQ6SH_pX8T6&_nc_zt=14&_nc_ht=scontent.fjai6-1.fna&_nc_gid=ySd8cj_g69mtYM8OGZvaeg&_nc_ss=7b289&oh=00_Af8t5xKtO6k4EhXOFHtfTtzgu2dr0JBoc9Lc8ILQm8ri_g&oe=6A385C0D | Resized: https://scontent.fjai6-1.fna.fbcdn.net/v/t39.35426-6/712944840_971452065497657_5458437532705843693_n.jpg?stp=dst-jpg_s600x600_tt6&_nc_cat=105&ccb=1-7&_nc_sid=c53f8f&_nc_ohc=so-CgmiIKuQQ7kNvwEeWCCI&_nc_oc=AdoDLMO3P4ImtXUpH1z4w3jzfMb3d9r9YeRV6F-IRxijYo3Pi9PpUkKb6d7JFpOsLKrDhejqz7oGn8XI8gKEqgcC&_nc_zt=14&_nc_ht=scontent.fjai6-1.fna&_nc_gid=ySd8cj_g69mtYM8OGZvaeg&_nc_ss=7b289&oh=00_Af88InvQGX5glp9moHtUX91xf3kF492GSY8qbIz_locGeg&oe=6A385378,
4369217450009474,https://www.facebook.com/CrystalDreamRealitis/,fb.me,https://www.facebook.com/CrystalDreamRealitis/,,,,,+91 70385 88265,,,,109139145623126,http://fb.me/,Crystal Dream Realitis,https://www.facebook.com/ads/library/?id=4369217450009474,"✨ Own Your Dream Home at Wanadongri!

Premium 2 BHK flats in a secure gated township at Narmada Residency.

✔ Modern Design
✔ Peaceful Location
✔ Excellent Connectivity
✔ Affordable Pricing

Book your site visit today!",683,Sign up,fb.me,"FACEBOOK; INSTAGRAM; AUDIENCE_NETWORK",2026-06-06,2026-06-16,,,"✨ Own Your Dream Home at Wanadongri!

Premium 2 BHK flats in a secure gated township at Narmada Residency.

✔ Modern Design
✔ Peaceful Location
✔ Excellent Connectivity
✔ Affordable Pricing

Book your site visit today!",http://fb.me/,,Sign Up,,HD: https://video.fjai6-1.fna.fbcdn.net/o1/v/t2/f2/m366/AQOISegwrJQaDE3pWzW0VZZEuVwv-mCrhbdJciDr_cGGQTfBIepoYmFDp9cuVp3PpDg7uZMGlbXkjZLAL7BPjr7EIZnuo5uOiPudb2uGfo16YQ.mp4?_nc_cat=107&_nc_oc=AdpNcCZlZGjeRPg0bBO-YAnVdUlnC75mNUyf3su6SRrncakjyHAZsIwTOj0hM2iMkzDR3T8z8T6pEC6fxZZ8wgaA&_nc_sid=b66105&_nc_ht=video.fjai6-1.fna.fbcdn.net&_nc_ohc=XcNpaqi9HwYQ7kNvwEQ-4po&efg=eyJ2ZW5jb2RlX3RhZyI6Inhwdl9wcm9ncmVzc2l2ZS5WSV9VU0VDQVNFX1BST0RVQ1RfVFlQRS4uQzMuNzIwLmRhc2hfaDI2NC1iYXNpYy1nZW4yXzcyMHAiLCJ4cHZfYXNzZXRfaWQiOjk3ODYxNzM5ODIxNDU1MSwiYXNzZXRfYWdlX2RheXMiOjQ0LCJ2aV91c2VjYXNlX2lkIjoxMDc5OSwiZHVyYXRpb25fcyI6NzEsInVybGdlbl9zb3VyY2UiOiJ3d3cifQ%3D%3D&ccb=17-1&vs=5fa207a89115029e&_nc_vs=HBksFQIYRWZiX2VwaGVtZXJhbC9BOTRBNzcwNkRGMkZBQkM2MDlFM0FGMjFCMDIyOEQ5OV9tdF8xX3ZpZGVvX2Rhc2hpbml0Lm1wNBUAAsgBEgAVAhhAZmJfcGVybWFuZW50Lzc3NDQ4MzJDNkY4NjI0OTMzNUNBRUZEODNBREMxMUJCX2F1ZGlvX2Rhc2hpbml0Lm1wNBUCAsgBEgAoABgAGwKIB3VzZV9vaWwBMRJwcm9ncmVzc2l2ZV9yZWNpcGUBMRUAACau_qHmg4O9AxUCKAJDMywXQFHSn752yLQYGWRhc2hfaDI2NC1iYXNpYy1nZW4yXzcyMHARAHUAZd6oAQA&_nc_gid=ySd8cj_g69mtYM8OGZvaeg&_nc_ss=7b289&_nc_zt=28&oh=00_Af-Q7wn2neUtmwc1ijMPqZMVwdER5qmWe9Flb3Yt0o-9FA&oe=6A386E3D | SD: https://video.fjai6-1.fna.fbcdn.net/o1/v/t2/f2/m412/AQOQqIcbpBj1hH-atZyj446ZSnf5TUv3uWPhI1ul2Yju2rfN_mbidpKpvmOe4o3BEa4J3OWYnqAW0ekBOJu6EhEq-ZUurg36TLZv1LqR0w.mp4?_nc_cat=111&_nc_oc=AdrLhoR8VoGpcygCfFoGLO4CLvs2mUwjvW7iCwF0eVZIS8HP2_FLS1wOSyZPh6JEo2Nc2E_hMbBX69U3WWUhkR6S&_nc_sid=ef5aa3&_nc_ht=video.fjai6-1.fna.fbcdn.net&_nc_ohc=PRWqz4yHT_MQ7kNvwEtdmoy&efg=eyJ2ZW5jb2RlX3RhZyI6Inhwdl9wcm9ncmVzc2l2ZS5WSV9VU0VDQVNFX1BST0RVQ1RfVFlQRS4uQzMuMzYwLnN2ZV9zZCIsInhwdl9hc3NldF9pZCI6OTc4NjE3Mzk4MjE0NTUxLCJhc3NldF9hZ2VfZGF5cyI6NDQsInZpX3VzZWNhc2VfaWQiOjEwNzk5LCJkdXJhdGlvbl9zIjo3MSwidXJsZ2VuX3NvdXJjZSI6Ind3dyJ9&ccb=17-1&_nc_gid=ySd8cj_g69mtYM8OGZvaeg&_nc_ss=7b289&_nc_zt=28&oh=00_Af-4s8neL2bL2slJFT__3fZgB57zZ62QyOt6CagK9eLnJg&oe=6A386D73 | Preview: https://scontent.fjai6-1.fna.fbcdn.net/v/t39.35426-6/698680701_1959755051312962_7590304972422509808_n.jpg?_nc_cat=100&ccb=1-7&_nc_sid=c53f8f&_nc_ohc=CLhDpOUYtnoQ7kNvwGrzbPa&_nc_oc=AdrjiovahpdCHJTox17YHIQJQr2fuCzRH0JRYPA6gDdlnuVIemOrycG8WRz-eJZcKQtiaVWNDTElojJw4OdtBClT&_nc_zt=14&_nc_ht=scontent.fjai6-1.fna&_nc_gid=ySd8cj_g69mtYM8OGZvaeg&_nc_ss=7b289&oh=00_Af_xOI5azj7eueEQh6M39JZNlmCnMtl2AfB0q81TUF_iFg&oe=6A386CE7
1720436235758732,https://www.facebook.com/61575106175359/,api.whatsapp.com,https://www.facebook.com/61575106175359/,,,,dipakprassd1334@gmail.com,+91 86378 29898,,,,622518337613360,https://api.whatsapp.com/send,Eco Village Smart Township Project in Burdwan,https://www.facebook.com/ads/library/?id=1720436235758732,"🏡 বর্ধমানে নিজের বাড়ি বা প্লটের স্বপ্ন এখন বাস্তব!

🌿 Eco Village – Biggest Township Project In Burdwan

✅ 2BHK Starting From 28 Lac
✅ 3BHK Starting From 40 Lac
✅ Plot Starting From 1100/SQFT
✅ Free Hold Property
✅ শান্ত পরিবেশ + Premium Location
✅ স্কুল, বাজার, স্টেশন খুব কাছেই

📍 Location: Burdwan – Katwa Highway, Bajepratappur

📞 আজই Site Visit বুক করুন

📱 Call / WhatsApp: 8637829898",161,Send WhatsApp message,WhatsApp,"FACEBOOK; INSTAGRAM; AUDIENCE_NETWORK; MESSENGER",2026-06-14,2026-06-17,,Original: https://scontent.fjai6-1.fna.fbcdn.net/v/t39.35426-6/723839201_1731982111587040_7560510750835066264_n.jpg?_nc_cat=107&ccb=1-7&_nc_sid=c53f8f&_nc_ohc=K1XiFipAou4Q7kNvwFm0MNL&_nc_oc=Adoox_VUmSuV6n8Pm_5nPe8lKMgXXiMaHxmqtlkH2ICvQnHoltZkLKSNkKF1iumjRLIt5ZwG5wLLd-r8fboIvHAE&_nc_zt=14&_nc_ht=scontent.fjai6-1.fna&_nc_gid=ySd8cj_g69mtYM8OGZvaeg&_nc_ss=7b289&oh=00_Af_ju7BRCrswGmDAeIhs_6H7Py2OApp-Mgh8HRUnKuRKZw&oe=6A3840A0 | Resized: https://scontent.fjai6-1.fna.fbcdn.net/v/t39.35426-6/722565785_1553040316210600_7375816901453017223_n.jpg?stp=dst-jpg_s600x600_tt6&_nc_cat=111&ccb=1-7&_nc_sid=c53f8f&_nc_ohc=1Ma2vQl0Og8Q7kNvwHEWuKo&_nc_oc=AdphqJK-qRQyEglKSu38y2ITv5dotCgOQRUrbpEUK5n6Opg9PVS137lXDp4siYksT7boDm5x3GIc54igrWJ08NPZ&_nc_zt=14&_nc_ht=scontent.fjai6-1.fna&_nc_gid=ySd8cj_g69mtYM8OGZvaeg&_nc_ss=7b289&oh=00_Af-9ioudsnmBpGoYKTgU75azi5137ubz03nibOAA7r3_5w&oe=6A3854D7,,,,,,
4353582718230876,https://www.facebook.com/akatvaSmartcity/,,https://www.facebook.com/akatvaSmartcity/,,,,akatva.smartcity@gmail.com,+91 90450 53000,,,,116330808068272,,Akatva Smart City,https://www.facebook.com/ads/library/?id=4353582718230876,"A New ***ADA APPROVED*** Integrated Township spread over an area of above 100 Acres at GT Road Aligarh it includes all modern amenities like parks & green areas, underground electricity, water  & sewerage, Hospital, club house, community centre, School, temple, CCTV surveillance, convenience shops, shopping complex, paver roads, police station & Many more.

*PLOT BOOKING START* *PLOT BOOKING START* *PLOT BOOKING START*
An new upcoming Township is waiting of You near Your City 
Dear Investor/Buyer if you have a any query regarding this project and buying property.
 
any query please fill this Purchase Enquiry Form Link :- https://docs.google.com/.../1FAIpQLSfwkR5yOaI.../viewform...
or Contact us :- 9045053000

Powered By
#devmotorpvtlimited & #ITM_Group_of_Inst.
#newtownship #newproject #openplots #plotsale #realestate #commercialrealestate #upcomingproject #bookplot #buyplot #investmentproperty #commercialproperty #reidentialproperty #residentialplot #realestate #offer #houses #realtor #home #property #forsale #openplots #investment #luxury #newhome #homesweethome
#newtownship #newproject #openplots #plotsale #realestate #commercialrealestate #upcomingproject #bookplot #buyplot #investmentproperty #commercialproperty #reidentialproperty #residentialplot #realestate #offer #houses #realtor #home #property #forsale #openplots #investment #luxury #newhome #homesweethome",248,Call now,,"FACEBOOK; INSTAGRAM",2026-06-05,2026-06-16,,,  ||  ,,,Call Now || Call Now,Original: https://scontent.fjai6-1.fna.fbcdn.net/v/t39.35426-6/716190239_1709838026702499_7125695340086297459_n.jpg?_nc_cat=111&ccb=1-7&_nc_sid=c53f8f&_nc_ohc=jWkoRwHyVQQQ7kNvwHOkEkW&_nc_oc=AdrsVfD51kHumD21nPuv9Z7bqQvmD0-tfY_n5AwvLogRWMiBwJpzta_4HDFgTr1CmRAXkziJL6hf83hE6aIbt8nk&_nc_zt=14&_nc_ht=scontent.fjai6-1.fna&_nc_gid=ySd8cj_g69mtYM8OGZvaeg&_nc_ss=7b289&oh=00_Af_bmfCq3STnAb4FtG1oFz7wypKS03RMqoTRX2AgN3SO7Q&oe=6A386B96 | Resized: https://scontent.fjai6-1.fna.fbcdn.net/v/t39.35426-6/714955186_1322376322589296_3277728279967298146_n.jpg?stp=dst-jpg_s600x600_tt6&_nc_cat=106&ccb=1-7&_nc_sid=c53f8f&_nc_ohc=29PqukLG5LsQ7kNvwFrOetQ&_nc_oc=AdpPnQmLVCIkIppewW7iULEjdvL5zfyutNZ3YEBNx2hCQiYxQfepWQAzSqyxkKwtiI06TK36QMfXGFLRiWqhYWAs&_nc_zt=14&_nc_ht=scontent.fjai6-1.fna&_nc_gid=ySd8cj_g69mtYM8OGZvaeg&_nc_ss=7b289&oh=00_Af_xxvlpQH4kgpvRKW8aJLpcn36yRweiovzQ4D_4lSJQRQ&oe=6A38527A || Original: https://scontent.fjai6-1.fna.fbcdn.net/v/t39.35426-6/714830424_1329390305252631_1172370335342193494_n.jpg?_nc_cat=101&ccb=1-7&_nc_sid=c53f8f&_nc_ohc=WEa1kznVv_UQ7kNvwE0mU7T&_nc_oc=AdqPlnShlFgp_gvoNU-GiR7FlbDgKJ-zcxht67l3d5VpZt3dZd-S087xn3jMrmM_t5x2BsAbLs0ffW3g289o_SiK&_nc_zt=14&_nc_ht=scontent.fjai6-1.fna&_nc_gid=ySd8cj_g69mtYM8OGZvaeg&_nc_ss=7b289&oh=00_Af8fVssJGeep6h0g1dVxlu7xVhAIX2Np9jChj12XIv0hPA&oe=6A384F90 | Resized: https://scontent.fjai6-1.fna.fbcdn.net/v/t39.35426-6/717400539_1489286092407685_517251935512708532_n.jpg?stp=dst-jpg_s600x600_tt6&_nc_cat=106&ccb=1-7&_nc_sid=c53f8f&_nc_ohc=Vt98cpNdBiMQ7kNvwGLkBPz&_nc_oc=AdrSlFwpBTR60_AiOpRUiQAOBuhkL-gFyCgImnkTRmT0azam_sIActoQueSN_qORAvXxAfrLn-ghezLxIQ1yhIrU&_nc_zt=14&_nc_ht=scontent.fjai6-1.fna&_nc_gid=ySd8cj_g69mtYM8OGZvaeg&_nc_ss=7b289&oh=00_Af-dJEmOZQdBUigfZxzfuOMcP1mqDlwfP7ok-af4oVGNnA&oe=6A38636C,
1795781028441341,https://www.facebook.com/61570699588406/,fb.me,https://www.facebook.com/61570699588406/,,,,,,,,,968481576359396,http://fb.me/,Lódhá Bangalóre,https://www.facebook.com/ads/library/?id=1795781028441341,"Lodha’s new landmark development 3/4/5 BHK & Penthouses Starting ₹3.39 Cr*  in North Bengaluru.
📍 Prime North Bengaluru Location
🏢 3, 4, 5 BHK & Penthouses
💰 Starting ₹3.39 Cr*
📏 70 Acres Premium Township

✔ Elevated living with skyline views
✔ Seamless connectivity to metro & airport
✔ Designed for luxury & comfort

👉 Register now for private preview access",,Get quote,fb.me,"FACEBOOK; INSTAGRAM",2026-06-16,2026-06-17,,,"Lodha’s new landmark development 3/4/5 BHK & Penthouses Starting ₹3.39 Cr*  in North Bengaluru.
📍 Prime North Bengaluru Location
🏢 3, 4, 5 BHK & Penthouses
💰 Starting ₹3.39 Cr*
📏 70 Acres Premium Township

✔ Elevated living with skyline views
✔ Seamless connectivity to metro & airport
✔ Designed for luxury & comfort

👉 Register now for private preview access || Lodha’s new landmark development 3/4/5 BHK & Penthouses Starting ₹3.39 Cr*  in North Bengaluru.
📍 Prime North Bengaluru Location
🏢 3, 4, 5 BHK & Penthouses
💰 Starting ₹3.39 Cr*
📏 70 Acres Premium Township

✔ Elevated living with skyline views
✔ Seamless connectivity to metro & airport
✔ Designed for luxury & comfort

👉 Register now for private preview access || Lodha’s new landmark development 3/4/5 BHK & Penthouses Starting ₹3.39 Cr*  in North Bengaluru.
📍 Prime North Bengaluru Location
🏢 3, 4, 5 BHK & Penthouses
💰 Starting ₹3.39 Cr*
📏 70 Acres Premium Township

✔ Elevated living with skyline views
✔ Seamless connectivity to metro & airport
✔ Designed for luxury & comfort

👉 Register now for private preview access",http://fb.me/ || http://fb.me/ || http://fb.me/,,Get Quote || Get Quote || Get Quote,Original: https://scontent.fjai6-1.fna.fbcdn.net/v/t39.35426-6/672674662_765492256500458_7294520534184390784_n.jpg?_nc_cat=107&ccb=1-7&_nc_sid=c53f8f&_nc_ohc=GHH1t9tssmAQ7kNvwF7_Jwo&_nc_oc=Adq3lLbV6LxwDtBizg6xk_zoGBU4hZ0S3oB7LjC2CFigDSe2pbTYCZRqNZgrFnJOG6pGPQPlVphX1GLkzA-HRX2t&_nc_zt=14&_nc_ht=scontent.fjai6-1.fna&_nc_gid=z44povLbk25yx-kPnxu6Eg&_nc_ss=7b289&oh=00_Af_IcyfO79s1x_OpbXfKCdnujENHcMBCHjLtd8tobeAesA&oe=6A38484A | Resized: https://scontent.fjai6-1.fna.fbcdn.net/v/t39.35426-6/672253627_3339541936254481_5205216559522454348_n.jpg?stp=dst-jpg_s600x600_tt6&_nc_cat=107&ccb=1-7&_nc_sid=c53f8f&_nc_ohc=3IvjD2Sjb4sQ7kNvwGG7189&_nc_oc=AdqqJrXu_1Z2LYwE3LBwyzWSdCXA7_a9QRd0ZBaxOmkn6iAmcwpiREt8rm_kPcHYFi9WIzQTXD5oAyGpIO3rMIH5&_nc_zt=14&_nc_ht=scontent.fjai6-1.fna&_nc_gid=z44povLbk25yx-kPnxu6Eg&_nc_ss=7b289&oh=00_Af9jgh40VNbkgBszYwNb7LFINLYHLsuNHAMsBfLu8ggKvw&oe=6A385DC5 || Original: https://scontent.fjai6-1.fna.fbcdn.net/v/t39.35426-6/670952507_2425484134541855_592554812612750167_n.jpg?_nc_cat=102&ccb=1-7&_nc_sid=c53f8f&_nc_ohc=ZJzUpZsm16kQ7kNvwF3U7Ep&_nc_oc=AdoPFDVcrFMu6z2SdEIgOn9i-oK_D_TaFTJI2vr7qqvxbe7Z20SoRdbRi5_k89xKPruj6yZfhJCGFrJwjLpY3tZ-&_nc_zt=14&_nc_ht=scontent.fjai6-1.fna&_nc_gid=z44povLbk25yx-kPnxu6Eg&_nc_ss=7b289&oh=00_Af_f9KOmKdtR2khXlC4PxwCzawG_q1ie00iy3o-gXuw3sw&oe=6A386A8D | Resized: https://scontent.fjai6-1.fna.fbcdn.net/v/t39.35426-6/672144954_2172999096784301_4779277644229412933_n.jpg?stp=dst-jpg_s600x600_tt6&_nc_cat=107&ccb=1-7&_nc_sid=c53f8f&_nc_ohc=t2XJ1qAB3qYQ7kNvwGT6A_U&_nc_oc=Adq3MQfakWZ1XQKF__b3uFXLOubjc5sJFCJSeycn8_sRt4aouppBAu5_cMFy6Ao_naJcKylhVCbms19K1SKF9lbd&_nc_zt=14&_nc_ht=scontent.fjai6-1.fna&_nc_gid=z44povLbk25yx-kPnxu6Eg&_nc_ss=7b289&oh=00_Af-KP8DxCZXuRNAyy2nQ4qFC272O01L8YGyfA0yEsXumEw&oe=6A387370 || Original: https://scontent.fjai6-1.fna.fbcdn.net/v/t39.35426-6/671278155_1483522053445434_7263048511954106063_n.jpg?_nc_cat=110&ccb=1-7&_nc_sid=c53f8f&_nc_ohc=w2O863WS9OoQ7kNvwGDQWCe&_nc_oc=AdqIVLr88Dwmee6zqT4iSJKkOvOnSzZQj3jfFy2FsLCZV82LoQDM4mM7ndAPZKr_sVbobKOdxK41uOrsaB82P9tq&_nc_zt=14&_nc_ht=scontent.fjai6-1.fna&_nc_gid=z44povLbk25yx-kPnxu6Eg&_nc_ss=7b289&oh=00_Af8I5o2sNA0UREWmmVAcOj1AwcNrZNAn4mLQ7Puq2RRnWg&oe=6A386A75 | Resized: https://scontent.fjai6-1.fna.fbcdn.net/v/t39.35426-6/674189590_1272701151715168_6906939954984923325_n.jpg?stp=dst-jpg_s600x600_tt6&_nc_cat=107&ccb=1-7&_nc_sid=c53f8f&_nc_ohc=lMJ2EgVtgbIQ7kNvwGQNzLK&_nc_oc=Ado5D-6F3dWhGwDo1bO-sSnp-AwEUGbwoF_23ZXMnqQDrTyKDm0ae-aaxvoe5IiWlfUgzKxAwJzRx4B3QmYTh9n2&_nc_zt=14&_nc_ht=scontent.fjai6-1.fna&_nc_gid=z44povLbk25yx-kPnxu6Eg&_nc_ss=7b289&oh=00_Af9AHtePTupTRij76wFRox-GqaWr6GD-gnG4_tOpklSlqA&oe=6A386376,
27519014131039216,https://www.facebook.com/BrigadeGroup/,brigadegroup.com,https://www.facebook.com/BrigadeGroup/,,,,,,,,,382990208485386,https://www.brigadegroup.com/residential/projects/bengaluru/laurel-maple-at-brigade-orchards/lp?utm_campaign=LAUREL_MAPLE_DIGITAL_META_LA,Brigade Group,https://www.facebook.com/ads/library/?id=27519014131039216,"Launching Laurel & Mapel at Brigade Orchards. 1, 2 & 3 Bed Homes 97 Lakhs Onwards*, Near Aerospace park, Devanahalli. Multi generational living. Part of 135-acre smart township. Just 15 Minutes to Airport.",109951,Learn more,www.brigadeorchards.com,"FACEBOOK; INSTAGRAM",2026-05-25,2026-06-17,,,"Launching Laurel & Mapel at Brigade Orchards. 1, 2 & 3 Bed Homes 97 Lakhs Onwards*, Near Aerospace park, Devanahalli. Multi generational living. Part of 135-acre smart township. Just 15 Minutes to Airport. || Launching Laurel & Mapel at Brigade Orchards. 1, 2 & 3 Bed Homes 97 Lakhs Onwards*, Near Aerospace park, Devanahalli. Multi generational living. Part of 135-acre smart township. Just 15 Minutes to Airport. || Launching Laurel & Mapel at Brigade Orchards. 1, 2 & 3 Bed Homes 97 Lakhs Onwards*, Near Aerospace park, Devanahalli. Multi generational living. Part of 135-acre smart township. Just 15 Minutes to Airport.",https://www.brigadegroup.com/residential/projects/bengaluru/laurel-maple-at-brigade-orchards/lp?utm_campaign=LAUREL_MAPLE_DIGITAL_META_LA || https://www.brigadegroup.com/residential/projects/bengaluru/laurel-maple-at-brigade-orchards/lp?utm_campaign=LAUREL_MAPLE_DIGITAL_META_LA || https://www.brigadegroup.com/residential/projects/bengaluru/laurel-maple-at-brigade-orchards/lp?utm_campaign=LAUREL_MAPLE_DIGITAL_META_LA,www.brigadeorchards.com || www.brigadeorchards.com || www.brigadeorchards.com,Learn More || Learn More || Learn More,Original: https://scontent.fjai6-1.fna.fbcdn.net/v/t39.35426-6/708345522_35833808249567556_5613454951909262734_n.jpg?_nc_cat=102&ccb=1-7&_nc_sid=c53f8f&_nc_ohc=HXdTdAHpdOwQ7kNvwHpHnh0&_nc_oc=AdqO9wmTDKC6JnZ12NQBtSXOODPaHcC66xjutpsmtyzvFUW924nNyjXLSejTbFmkULOIaL9L0gT46uCo1hQbYW0b&_nc_zt=14&_nc_ht=scontent.fjai6-1.fna&_nc_gid=z44povLbk25yx-kPnxu6Eg&_nc_ss=7b289&oh=00_Af9S-ooXhftQ_2LZJljFNX0XyBZg97bud8W9qzhprdy7Qg&oe=6A385EE3 | Resized: https://scontent.fjai6-1.fna.fbcdn.net/v/t39.35426-6/708363010_1649013252877389_4627984017934310660_n.jpg?stp=dst-jpg_s600x600_tt6&_nc_cat=100&ccb=1-7&_nc_sid=c53f8f&_nc_ohc=aia8E6qgLcwQ7kNvwHGFL6I&_nc_oc=AdrKbCQvv-XYRfTTlu4Wd58MO3w30id19RStnINl6m4ez6pI7J532pxRx_F3lKe3RZh8kuf2w6reXhqHXQXUa2DI&_nc_zt=14&_nc_ht=scontent.fjai6-1.fna&_nc_gid=z44povLbk25yx-kPnxu6Eg&_nc_ss=7b289&oh=00_Af95kLqcCmyisgc9DAp4mjCMZFtuRIMv3Siq7pWy2NBMXQ&oe=6A3840D9 || Original: https://scontent.fjai6-1.fna.fbcdn.net/v/t39.35426-6/708376646_970291805828622_6866139000474998617_n.jpg?_nc_cat=111&ccb=1-7&_nc_sid=c53f8f&_nc_ohc=i8m0UQ0wzqIQ7kNvwFYFfNd&_nc_oc=Adqx5AvLL1BhX0naX5hSOtg_UmNVomWUowISfRbK83z9DOUIwHSj1IyHWvkW6RYBAArK9WTA8EeLY1DmuZ0kk0vB&_nc_zt=14&_nc_ht=scontent.fjai6-1.fna&_nc_gid=z44povLbk25yx-kPnxu6Eg&_nc_ss=7b289&oh=00_Af_YazRZKYgqz_RXIjAZwfMAp47JQH0XxDevg0V9pBpQtw&oe=6A384B83 | Resized: https://scontent.fjai6-1.fna.fbcdn.net/v/t39.35426-6/708345702_997390999898050_4759549005594840819_n.jpg?stp=dst-jpg_s600x600_tt6&_nc_cat=110&ccb=1-7&_nc_sid=c53f8f&_nc_ohc=2aKbTh3Jy_wQ7kNvwGTh_uK&_nc_oc=Adr10Xg3T2cayqXh1I9hdf7R61XKadWv42pGRqcmahvX4AZN5rW50nJa_ak_ogWOD0BSKOJXzR8NyGIWYVBzUldU&_nc_zt=14&_nc_ht=scontent.fjai6-1.fna&_nc_gid=z44povLbk25yx-kPnxu6Eg&_nc_ss=7b289&oh=00_Af-Xau9NUJtjwYWWD1CT4EIaFCdFhfCrAW7Tjpb6q1bwxg&oe=6A3867B3 || Original: https://scontent.fjai6-1.fna.fbcdn.net/v/t39.35426-6/708312693_2198194120940628_4322683831595250004_n.jpg?_nc_cat=106&ccb=1-7&_nc_sid=c53f8f&_nc_ohc=-Tn3bkwITygQ7kNvwHDcZQG&_nc_oc=AdrR_H3eJpXb0FpaL5EqOxM9MyNRHrjt7q4WurOHUc8RE4_tSrTyb4lqZfb52QrN6AeTK9sf1E2lkoFEw9qG37Td&_nc_zt=14&_nc_ht=scontent.fjai6-1.fna&_nc_gid=z44povLbk25yx-kPnxu6Eg&_nc_ss=7b289&oh=00_Af-IlDjb-4LlTMVmB_tiZRx4SkAy8t2Bpq7TYwl0Isuthw&oe=6A3858EF | Resized: https://scontent.fjai6-1.fna.fbcdn.net/v/t39.35426-6/708345359_1677676270188872_3548036983205878525_n.jpg?stp=dst-jpg_s600x600_tt6&_nc_cat=106&ccb=1-7&_nc_sid=c53f8f&_nc_ohc=M-Gf0rT7Vc0Q7kNvwFNPDlc&_nc_oc=AdolwLEPVkBIQ-I1xg-iZz57jmAb-GQb7hQ3kMTrl4B4EQV1SSkjMVy_Bb-K1kUNt2dl2E7na-gOU5G98abpFAqY&_nc_zt=14&_nc_ht=scontent.fjai6-1.fna&_nc_gid=z44povLbk25yx-kPnxu6Eg&_nc_ss=7b289&oh=00_Af8Mv6qEQmX3LsnhkzKQK0fObh7R-A1cIrsQMFfKzHUQYw&oe=6A386F92,
976337905387879,https://www.facebook.com/BrigadeGroup/,brigadegroup.com,https://www.facebook.com/BrigadeGroup/,,,,,,,,,382990208485386,https://www.brigadegroup.com/residential/projects/bengaluru/laurel-maple-at-brigade-orchards/lp?utm_campaign=LAUREL_MAPLE_DIGITAL_META,Brigade Group,https://www.facebook.com/ads/library/?id=976337905387879,"Launching Laurel & Mapel at Brigade Orchards. 1, 2 & 3 Bed Homes 97 Lakhs Onwards*, Near Aerospace park, Devanahalli. Multi generational living. Part of 135-acre smart township. Just 15 Minutes to Airport.",109951,Learn more,www.brigadeorchards.com,"FACEBOOK; INSTAGRAM",2026-05-25,2026-06-16,,,"Launching Laurel & Mapel at Brigade Orchards. 1, 2 & 3 Bed Homes 97 Lakhs Onwards*, Near Aerospace park, Devanahalli. Multi generational living. Part of 135-acre smart township. Just 15 Minutes to Airport. || Launching Laurel & Mapel at Brigade Orchards. 1, 2 & 3 Bed Homes 97 Lakhs Onwards*, Near Aerospace park, Devanahalli. Multi generational living. Part of 135-acre smart township. Just 15 Minutes to Airport. || Launching Laurel & Mapel at Brigade Orchards. 1, 2 & 3 Bed Homes 97 Lakhs Onwards*, Near Aerospace park, Devanahalli. Multi generational living. Part of 135-acre smart township. Just 15 Minutes to Airport.",https://www.brigadegroup.com/residential/projects/bengaluru/laurel-maple-at-brigade-orchards/lp?utm_campaign=LAUREL_MAPLE_DIGITAL_META || https://www.brigadegroup.com/residential/projects/bengaluru/laurel-maple-at-brigade-orchards/lp?utm_campaign=LAUREL_MAPLE_DIGITAL_META || https://www.brigadegroup.com/residential/projects/bengaluru/laurel-maple-at-brigade-orchards/lp?utm_campaign=LAUREL_MAPLE_DIGITAL_META,www.brigadeorchards.com || www.brigadeorchards.com || www.brigadeorchards.com,Learn More || Learn More || Learn More,Original: https://scontent.fjai6-1.fna.fbcdn.net/v/t39.35426-6/707230040_1314639034090876_2769073233513389863_n.jpg?_nc_cat=103&ccb=1-7&_nc_sid=c53f8f&_nc_ohc=BcXFySqOO0sQ7kNvwHATBjR&_nc_oc=AdrqaN96v3E0mo818re9y6C0LCvyMSOCD4cfqtAu2_AapHIrSO_Utu2y6_IUUYOBxAsZ_xX8UJf-ShX-pa4Sbh6k&_nc_zt=14&_nc_ht=scontent.fjai6-1.fna&_nc_gid=z44povLbk25yx-kPnxu6Eg&_nc_ss=7b289&oh=00_Af-QarvUWXGRftjVJF7CwJcfEU2V-DFDWrnpEFKUe8DLag&oe=6A386257 | Resized: https://scontent.fjai6-1.fna.fbcdn.net/v/t39.35426-6/706891858_960468190150674_6216808879688426767_n.jpg?stp=dst-jpg_s600x600_tt6&_nc_cat=107&ccb=1-7&_nc_sid=c53f8f&_nc_ohc=9_rzPZlFgzUQ7kNvwF6BTOE&_nc_oc=AdqAw0D5XiVvMzJMcmCBGPnfO4VYn7Rt-N_dvKJAf7Fny0nwjeb0wjjZ3lrXJ8pLlY-uJ3JqGEZWRCMCM0aGk_VH&_nc_zt=14&_nc_ht=scontent.fjai6-1.fna&_nc_gid=z44povLbk25yx-kPnxu6Eg&_nc_ss=7b289&oh=00_Af94EiH3OZ5wwWFHm_rG_Gh7Oee2rLqra6FjIUEbqpagCw&oe=6A3874F1 || Original: https://scontent.fjai6-1.fna.fbcdn.net/v/t39.35426-6/706912738_2355147888330564_7116071769425339264_n.jpg?_nc_cat=109&ccb=1-7&_nc_sid=c53f8f&_nc_ohc=wAVEczQbOREQ7kNvwFUeMhQ&_nc_oc=AdrpP6d_ix7D04MZYwfAkZH6GFABiEh2N7o3unyU-ff4rnUsfQR6fvEhzHH6iM11R-tjUXDflgUBIwUHVOu8GAG0&_nc_zt=14&_nc_ht=scontent.fjai6-1.fna&_nc_gid=z44povLbk25yx-kPnxu6Eg&_nc_ss=7b289&oh=00_Af-oeuWGG1-TbSQCKHhtqe3bL-4v9hrbs0gWJlWWyuxL8g&oe=6A385436 | Resized: https://scontent.fjai6-1.fna.fbcdn.net/v/t39.35426-6/707341574_2304696160066297_2153160544203746343_n.jpg?stp=dst-jpg_s600x600_tt6&_nc_cat=102&ccb=1-7&_nc_sid=c53f8f&_nc_ohc=ARRpIXlwdMAQ7kNvwFCa5wf&_nc_oc=Ado7jSs-KUL6ITgBJ-UG2owFsJbrgSu8ngKmSvihuICgtDBvoYcEvTj8NrOMQdO1qpFTQ69dPgyWUf_kIAdXhu1e&_nc_zt=14&_nc_ht=scontent.fjai6-1.fna&_nc_gid=z44povLbk25yx-kPnxu6Eg&_nc_ss=7b289&oh=00_Af8VIZO4cjQctS-Y0YZZYesxauKVIcZ-jMXtZXlGwRxztQ&oe=6A386793 || Original: https://scontent.fjai6-1.fna.fbcdn.net/v/t39.35426-6/706803665_1302979242013734_7553686859505558097_n.jpg?_nc_cat=110&ccb=1-7&_nc_sid=c53f8f&_nc_ohc=ZWrJFCXMbFcQ7kNvwEs-6qs&_nc_oc=AdpJyEUWXbOhJ94B0Xi66vIwQFC2DZGm3lFOGrViLkZYlkOP0L62aXc666m7Zr01sbD52FR_eXF6mHZNbs7CDKdC&_nc_zt=14&_nc_ht=scontent.fjai6-1.fna&_nc_gid=z44povLbk25yx-kPnxu6Eg&_nc_ss=7b289&oh=00_Af-pYzxPyW7QiN3lXHewf8KJHM6p3omhCxM_LuzWM9HTKw&oe=6A38535D | Resized: https://scontent.fjai6-1.fna.fbcdn.net/v/t39.35426-6/706833483_866348195949682_733278609049107374_n.jpg?stp=dst-jpg_s600x600_tt6&_nc_cat=104&ccb=1-7&_nc_sid=c53f8f&_nc_ohc=srBcPJTaXk0Q7kNvwEUfl2m&_nc_oc=Adq9vFKspNe9RHk3Shu1N8lbM_n4fsR2YqKCqx1DDcgpS6_tTHwLISVSthZBZtzArQ6y-LPHP_sgeOgPgOhE0B1U&_nc_zt=14&_nc_ht=scontent.fjai6-1.fna&_nc_gid=z44povLbk25yx-kPnxu6Eg&_nc_ss=7b289&oh=00_Af-l_hrgsvMklp9Yn7o8zUucHeC7pDv-AtRN6f4qISU8zA&oe=6A385184,
1362734465694605,https://www.facebook.com/BrigadeGroup/,brigadegroup.com,https://www.facebook.com/BrigadeGroup/,,,,,,,,,382990208485386,https://www.brigadegroup.com/residential/projects/bengaluru/laurel-maple-at-brigade-orchards/lp?utm_campaign=LAUREL_MAPLE_DIGITAL_META,Brigade Group,https://www.facebook.com/ads/library/?id=1362734465694605,"Launching Laurel & Mapel at Brigade Orchards. 1, 2 & 3 Bed Homes 97 Lakhs Onwards*, Near Aerospace park, Devanahalli. Multi generational living. Part of 135-acre smart township. Just 15 Minutes to Airport.",109951,Contact us,www.brigadeorchards.com,"FACEBOOK; INSTAGRAM",2026-05-25,2026-06-17,,,"Launching Laurel & Mapel at Brigade Orchards. 1, 2 & 3 Bed Homes 97 Lakhs Onwards*, Near Aerospace park, Devanahalli. Multi generational living. Part of 135-acre smart township. Just 15 Minutes to Airport. || Launching Laurel & Mapel at Brigade Orchards. 1, 2 & 3 Bed Homes 97 Lakhs Onwards*, Near Aerospace park, Devanahalli. Multi generational living. Part of 135-acre smart township. Just 15 Minutes to Airport. || Launching Laurel & Mapel at Brigade Orchards. 1, 2 & 3 Bed Homes 97 Lakhs Onwards*, Near Aerospace park, Devanahalli. Multi generational living. Part of 135-acre smart township. Just 15 Minutes to Airport.",https://www.brigadegroup.com/residential/projects/bengaluru/laurel-maple-at-brigade-orchards/lp?utm_campaign=LAUREL_MAPLE_DIGITAL_META || https://www.brigadegroup.com/residential/projects/bengaluru/laurel-maple-at-brigade-orchards/lp?utm_campaign=LAUREL_MAPLE_DIGITAL_META || https://www.brigadegroup.com/residential/projects/bengaluru/laurel-maple-at-brigade-orchards/lp?utm_campaign=LAUREL_MAPLE_DIGITAL_META,www.brigadeorchards.com || www.brigadeorchards.com || www.brigadeorchards.com,Contact Us || Contact Us || Contact Us,Original: https://scontent.fjai6-1.fna.fbcdn.net/v/t39.35426-6/706650302_2169884143762444_745174355027072459_n.jpg?_nc_cat=108&ccb=1-7&_nc_sid=c53f8f&_nc_ohc=_Zxv4TZIBmoQ7kNvwE6Glkz&_nc_oc=AdqvV1gvdP9nts3s4ykvTjJfDwHQUHLDw3kBel3e65jv4D0d2lchOgtVsTOESsEn1eQL3PCH44ChkkuRLT_rBMzE&_nc_zt=14&_nc_ht=scontent.fjai6-1.fna&_nc_gid=z44povLbk25yx-kPnxu6Eg&_nc_ss=7b289&oh=00_Af8bbvnfy_KReJJdiTenk6woIxydzNtG0173S7bBi9rY7Q&oe=6A385382 | Resized: https://scontent.fjai6-1.fna.fbcdn.net/v/t39.35426-6/707153842_1517845600010987_6508135298804656097_n.jpg?stp=dst-jpg_s600x600_tt6&_nc_cat=108&ccb=1-7&_nc_sid=c53f8f&_nc_ohc=tmviaXQHA_YQ7kNvwF2KFKi&_nc_oc=Adq1uekFLAzL4k_nHGdtaTZKxOxJ1W-7s7eTBQUfyF_yhVq7V5kLfGwTqSTuOZw0FwtyE5NUYLZdcvLAUmNiOc83&_nc_zt=14&_nc_ht=scontent.fjai6-1.fna&_nc_gid=z44povLbk25yx-kPnxu6Eg&_nc_ss=7b289&oh=00_Af8chX0dso2d2kinEkT47lxFw7BEGwo35wxwBAtPz2MbZQ&oe=6A386D0A || Original: https://scontent.fjai6-1.fna.fbcdn.net/v/t39.35426-6/707763732_4197874760503183_8724112711810724751_n.jpg?_nc_cat=108&ccb=1-7&_nc_sid=c53f8f&_nc_ohc=PbhD7tQmBPkQ7kNvwFma897&_nc_oc=AdoMHiVx6OuRL2a6F_tsL9vuy1_2o0k2BrhXik8yfI3WyHk0ZtDjKw0MicuFOVqLrOVEUCEivYsTFxY2ui28lYZe&_nc_zt=14&_nc_ht=scontent.fjai6-1.fna&_nc_gid=z44povLbk25yx-kPnxu6Eg&_nc_ss=7b289&oh=00_Af9Ostu-i9AtX9EkaV58gV57krp7l4ddc-owTJhWa2QkBg&oe=6A387551 | Resized: https://scontent.fjai6-1.fna.fbcdn.net/v/t39.35426-6/706919021_965876996227382_3821916252666378722_n.jpg?stp=dst-jpg_s600x600_tt6&_nc_cat=109&ccb=1-7&_nc_sid=c53f8f&_nc_ohc=xaxwv0nslcYQ7kNvwHEPDHh&_nc_oc=Adr45mYJHgfe8_K9uRmSwO2-PPI9vh-Cdol15Pz7GZ6nEXjznNl9pnqCLaDQML1bXjcx-FUGxSe6NAxqTMcI4bHH&_nc_zt=14&_nc_ht=scontent.fjai6-1.fna&_nc_gid=z44povLbk25yx-kPnxu6Eg&_nc_ss=7b289&oh=00_Af8Dx1nCuOUH-p-ywDoawSrGCnazpr8DlVUnNDzC87QQgQ&oe=6A38732F || Original: https://scontent.fjai6-1.fna.fbcdn.net/v/t39.35426-6/705855053_963773496654491_7877114161006039578_n.jpg?_nc_cat=111&ccb=1-7&_nc_sid=c53f8f&_nc_ohc=3aik3ob_KPwQ7kNvwEX4-nr&_nc_oc=AdqM5qhTHt64a4xBw5aP_3J5Pu05j2bYR3AZhnFHkgoxOQOoEToKUfyuunXDuJtM4EUjfY1GemaT-_DN0_G2kvhY&_nc_zt=14&_nc_ht=scontent.fjai6-1.fna&_nc_gid=z44povLbk25yx-kPnxu6Eg&_nc_ss=7b289&oh=00_Af_qHDFyg96Db-pAqdWkfDeFPJNGiWKWYihwAMZhjN-BUA&oe=6A386412 | Resized: https://scontent.fjai6-1.fna.fbcdn.net/v/t39.35426-6/706111761_1630484961509062_3124057962755976736_n.jpg?stp=dst-jpg_s600x600_tt6&_nc_cat=109&ccb=1-7&_nc_sid=c53f8f&_nc_ohc=T45QGMYdRIsQ7kNvwFWiy3j&_nc_oc=AdqXD4MlOJkrZnyIDkaUh9ZljeO8jQxeWhjIIwQh3zsLS6ArQy53yn1uPOD8eXOu-gWAXLG7OjAAmKwBQ1weHarl&_nc_zt=14&_nc_ht=scontent.fjai6-1.fna&_nc_gid=z44povLbk25yx-kPnxu6Eg&_nc_ss=7b289&oh=00_Af8uA9sp7CT3BQdowmr36E49OxIAo9WaoTECVwcR8PKkLQ&oe=6A384BBF,
1589774248790292,https://www.facebook.com/amanoraparktown/,fb.me,https://www.facebook.com/amanoraparktown/,,,,info@amanora.com,+91 97670 12345,,,,177703722242330,http://fb.me/,Amanora Park Town,https://www.facebook.com/ads/library/?id=1589774248790292,"Discover a new standard of living at Amanora Gateway Towers, Hadapsar.
Homes starting from ₹2.26 Cr*, where iconic design, breathtaking views, and unmatched luxury come together.


✅ Premium Blue Orchid Club & rooftop access
✅ Designed for elite urban living
✅ Within a 400-acre integrated township
✅ Sunrise-to-sunset panoramic views

Your address of pride awaits. Enquire Today!",103916,Get quote,fb.me,"FACEBOOK; INSTAGRAM",2026-05-18,2026-06-15,,,"Discover a new standard of living at Amanora Gateway Towers, Hadapsar.
Homes starting from ₹2.26 Cr*, where iconic design, breathtaking views, and unmatched luxury come together.


✅ Premium Blue Orchid Club & rooftop access
✅ Designed for elite urban living
✅ Within a 400-acre integrated township
✅ Sunrise-to-sunset panoramic views

Your address of pride awaits. Enquire Today! || Discover a new standard of living at Amanora Gateway Towers, Hadapsar.
Homes starting from ₹2.26 Cr*, where iconic design, breathtaking views, and unmatched luxury come together.


✅ Premium Blue Orchid Club & rooftop access
✅ Designed for elite urban living
✅ Within a 400-acre integrated township
✅ Sunrise-to-sunset panoramic views

Your address of pride awaits. Enquire Today! || Discover a new standard of living at Amanora Gateway Towers, Hadapsar.
Homes starting from ₹2.26 Cr*, where iconic design, breathtaking views, and unmatched luxury come together.


✅ Premium Blue Orchid Club & rooftop access
✅ Designed for elite urban living
✅ Within a 400-acre integrated township
✅ Sunrise-to-sunset panoramic views

Your address of pride awaits. Enquire Today!",http://fb.me/ || http://fb.me/ || http://fb.me/,,Get Quote || Get Quote || Get Quote,,HD: https://video.fjai6-1.fna.fbcdn.net/o1/v/t2/f2/m366/AQPESwj8EXvr8f-GpcKEP-jOmKjyKUYr9ZrF31yCZhU_9niB3O55yIS2rP3TAvT5z_KEljkstbpbHcQiZ0fHo4t1sc-HyyirCiDNXIhBei31Yg.mp4?_nc_cat=101&_nc_oc=AdoVeEHsFLKly6SfB-IaC198BKZGAs4Fh00yrjaaq_Ldrm2Wf6OzCki5csoBhKwDSG-SyXMq6UNKhXm9YBgrdWxR&_nc_sid=b66105&_nc_ht=video.fjai6-1.fna.fbcdn.net&_nc_ohc=SbrfuoDrBSsQ7kNvwE9Gtlu&efg=eyJ2ZW5jb2RlX3RhZyI6Inhwdl9wcm9ncmVzc2l2ZS5WSV9VU0VDQVNFX1BST0RVQ1RfVFlQRS4uQzMuNzIwLmRhc2hfaDI2NC1iYXNpYy1nZW4yXzcyMHAiLCJ4cHZfYXNzZXRfaWQiOjIxNDAxNzgxMjY1MjI0NTMsImFzc2V0X2FnZV9kYXlzIjo3NiwidmlfdXNlY2FzZV9pZCI6MTA3OTksImR1cmF0aW9uX3MiOjI5LCJ1cmxnZW5fc291cmNlIjoid3d3In0%3D&ccb=17-1&vs=a3b7a4006ab3afcc&_nc_vs=HBksFQIYRWZiX2VwaGVtZXJhbC84ODRFMDk3QjUzMEQ3ODY0NUZEOUNBN0MxMkM1MEI5Q19tdF8xX3ZpZGVvX2Rhc2hpbml0Lm1wNBUAAsgBEgAVAhhAZmJfcGVybWFuZW50LzUzNEY5NENBOEI1MkI1MDk2MjYyMkE4RERERUVEQjhBX2F1ZGlvX2Rhc2hpbml0Lm1wNBUCAsgBEgAoABgAGwKIB3VzZV9vaWwBMRJwcm9ncmVzc2l2ZV9yZWNpcGUBMRUAACaqoebP4Z7NBxUCKAJDMywXQD3u2RaHKwIYGWRhc2hfaDI2NC1iYXNpYy1nZW4yXzcyMHARAHUAZd6oAQA&_nc_gid=z44povLbk25yx-kPnxu6Eg&_nc_ss=7b289&_nc_zt=28&oh=00_Af8m3jA_XOIWhrGrKKCq3CJLW-r1YDpesOf9YlLGidcfaQ&oe=6A384993 | SD: https://video.fjai6-1.fna.fbcdn.net/o1/v/t2/f2/m412/AQMvvYqE49gsij__eaXjyzMFVC7igeJ4eLDe7BqcXcTTklIfnBwasnj0n_p7WW_gB4171kurTn4bP9hTJFLh38ea9DMdE_YPLJOtGNpWxA.mp4?_nc_cat=109&_nc_oc=AdoRagqV0bki2wut2XBqhp9DYKj3dbMXaf0DsuU2eTApzW5ZtyXQuimJW564HL4KMS9BTsw1pmrZp9s7aG1DeXIR&_nc_sid=ef5aa3&_nc_ht=video.fjai6-1.fna.fbcdn.net&_nc_ohc=29VqqDHINtwQ7kNvwE5uRA_&efg=eyJ2ZW5jb2RlX3RhZyI6Inhwdl9wcm9ncmVzc2l2ZS5WSV9VU0VDQVNFX1BST0RVQ1RfVFlQRS4uQzMuMzYwLnN2ZV9zZCIsInhwdl9hc3NldF9pZCI6MjE0MDE3ODEyNjUyMjQ1MywiYXNzZXRfYWdlX2RheXMiOjc2LCJ2aV91c2VjYXNlX2lkIjoxMDc5OSwiZHVyYXRpb25fcyI6MjksInVybGdlbl9zb3VyY2UiOiJ3d3cifQ%3D%3D&ccb=17-1&_nc_gid=z44povLbk25yx-kPnxu6Eg&_nc_ss=7b289&_nc_zt=28&oh=00_Af9oNlCwTDON_4Ax0RMUhLpmnHEP5gE49ltXArKIHe0-CQ&oe=6A38728D | Preview: https://scontent.fjai6-1.fna.fbcdn.net/v/t39.35426-6/701212949_1502163488245639_6141192299738861489_n.jpg?_nc_cat=100&ccb=1-7&_nc_sid=c53f8f&_nc_ohc=gZYJzLWwKUsQ7kNvwHVswgf&_nc_oc=AdqwiEGfJ7WJ_xrBvS1uWsvykhmQUsoCItZ9Ogc13Rp39WixsL0o5ty1lOpXBlx4Wgas3-n2rNal5jYOka9mmP7Y&_nc_zt=14&_nc_ht=scontent.fjai6-1.fna&_nc_gid=z44povLbk25yx-kPnxu6Eg&_nc_ss=7b289&oh=00_Af902jcdfzZCoAzWolP1MNkeVzsc2Rr6eBRRIddS3LkxqA&oe=6A386465 || SD: https://video.fjai6-1.fna.fbcdn.net/o1/v/t2/f2/m412/AQMCSByR_t6nvjzdFDnzEd_qh0r9RIb1J-urqwnBpx3RMl2ayxY05uHDE5OBTNVASWOIdVjF1kuKBoakE9TN3NhwS_lkJkU4R_EsxSldOw.mp4?_nc_cat=103&_nc_oc=AdpXxC5yqZZVnZzRcSEugeQpqGvsOW9xUNALTxMzL48rpFVhEiwX9yQDVLLjRkMGsUyyNUfkWC0Q6TtlHq2zipd3&_nc_sid=ef5aa3&_nc_ht=video.fjai6-1.fna.fbcdn.net&_nc_ohc=MKOUkWf4d7gQ7kNvwEEW0Xk&efg=eyJ2ZW5jb2RlX3RhZyI6Inhwdl9wcm9ncmVzc2l2ZS5WSV9VU0VDQVNFX1BST0RVQ1RfVFlQRS4uQzMuNjQwLnN2ZV9zZCIsInhwdl9hc3NldF9pZCI6MTQzODE0NDQ4NDQ2OTUwNSwiYXNzZXRfYWdlX2RheXMiOjc2LCJ2aV91c2VjYXNlX2lkIjoxMDc5OSwiZHVyYXRpb25fcyI6MzAsInVybGdlbl9zb3VyY2UiOiJ3d3cifQ%3D%3D&ccb=17-1&_nc_gid=z44povLbk25yx-kPnxu6Eg&_nc_ss=7b289&_nc_zt=28&oh=00_Af8c6E6Us97MMwh0Fr-aMGoH0OSUI3KruIRR-h0GwqXp5Q&oe=6A386EFF | Preview: https://scontent.fjai6-1.fna.fbcdn.net/v/t39.35426-6/702620958_1373645654858636_4457848185974366607_n.jpg?_nc_cat=106&ccb=1-7&_nc_sid=c53f8f&_nc_ohc=m6-4WAPAc_cQ7kNvwEAvG64&_nc_oc=AdqPlBdAG2lA5jXoNzFfXxKfiIisUO6R7trajqNo4v4ev0-meezpiIqTZLzdrgd2Ll6wU7UqseIxTiJA_zAWitUt&_nc_zt=14&_nc_ht=scontent.fjai6-1.fna&_nc_gid=z44povLbk25yx-kPnxu6Eg&_nc_ss=7b289&oh=00_Af-Vt6qG7UgoOlld7Rg9DYGAK5gVhnFxRmx3h6Mji_BvZg&oe=6A3844E7 || HD: https://video.fjai6-1.fna.fbcdn.net/o1/v/t2/f2/m366/AQOg3U7GC91A324wA6HEstAW55EFd8C0fDHIy_dIOwKSna3iyPwxFYnGzCIz-Z-jnCzsdrLeYraQIB3gFUJgI34WXTzPc2N5H5i-440hRs2TbQ.mp4?_nc_cat=103&_nc_oc=AdoW02yVtFUyTk6dNIINKMG1uNMWvdmTjNfQQgAcoH8Njle1_goZn_mdkZC_vxfMRJSCxRHp3Ji338ZOk5ir7gnm&_nc_sid=b66105&_nc_ht=video.fjai6-1.fna.fbcdn.net&_nc_ohc=Xs-a7dkGs-kQ7kNvwGuFzvC&efg=eyJ2ZW5jb2RlX3RhZyI6Inhwdl9wcm9ncmVzc2l2ZS5WSV9VU0VDQVNFX1BST0RVQ1RfVFlQRS4uQzMuNzIwLmRhc2hfaDI2NC1iYXNpYy1nZW4yXzcyMHAiLCJ4cHZfYXNzZXRfaWQiOjEyNTU5MzgxMDY3NDMxNzIsImFzc2V0X2FnZV9kYXlzIjo3NiwidmlfdXNlY2FzZV9pZCI6MTA3OTksImR1cmF0aW9uX3MiOjMwLCJ1cmxnZW5fc291cmNlIjoid3d3In0%3D&ccb=17-1&vs=446cc68e963cd652&_nc_vs=HBksFQIYRWZiX2VwaGVtZXJhbC84RDQwNEUxQ0Q2NTI1QUJDRDEzQjgwMzBCMTREMEFBM19tdF8xX3ZpZGVvX2Rhc2hpbml0Lm1wNBUAAsgBEgAVAhhAZmJfcGVybWFuZW50LzhCNDc5MjJCMjE2RUExMTVCNERGNDc1RTVFN0I5RUI1X2F1ZGlvX2Rhc2hpbml0Lm1wNBUCAsgBEgAoABgAGwKIB3VzZV9vaWwBMRJwcm9ncmVzc2l2ZV9yZWNpcGUBMRUAACaI5rKLnJG7BBUCKAJDMywXQD4AAAAAAAAYGWRhc2hfaDI2NC1iYXNpYy1nZW4yXzcyMHARAHUAZd6oAQA&_nc_gid=z44povLbk25yx-kPnxu6Eg&_nc_ss=7b289&_nc_zt=28&oh=00_Af_AZuyjKi_S-7zDT_MiIqkA_qD6pebiRnOHB9PuocuPhg&oe=6A386101 | SD: https://video.fjai6-1.fna.fbcdn.net/o1/v/t2/f2/m412/AQORxXmNb7sBa3SE3sfCbUnSUk4ieifDe4UyxWzpLTk14EXsmp53SdIIlhF1Lgij4ZW7fUaFyZWLqnzCrblV1WoA8IAh8el3U5OKF0wkGg.mp4?_nc_cat=110&_nc_oc=AdoMxbn0NbICZYMY3jgAdXmglI2do56pl8NELPg4sWArtTppyKYJ7kgV7EH29l6RMxt0PEPhvYhdxn6unFe0zXko&_nc_sid=ef5aa3&_nc_ht=video.fjai6-1.fna.fbcdn.net&_nc_ohc=FuDUE7uCSmMQ7kNvwFd35m1&efg=eyJ2ZW5jb2RlX3RhZyI6Inhwdl9wcm9ncmVzc2l2ZS5WSV9VU0VDQVNFX1BST0RVQ1RfVFlQRS4uQzMuMzYwLnN2ZV9zZCIsInhwdl9hc3NldF9pZCI6MTI1NTkzODEwNjc0MzE3MiwiYXNzZXRfYWdlX2RheXMiOjc2LCJ2aV91c2VjYXNlX2lkIjoxMDc5OSwiZHVyYXRpb25fcyI6MzAsInVybGdlbl9zb3VyY2UiOiJ3d3cifQ%3D%3D&ccb=17-1&_nc_gid=z44povLbk25yx-kPnxu6Eg&_nc_ss=7b289&_nc_zt=28&oh=00_Af8QD8DWzh75ma51_NyXP0AaEoZUgupY2QwBoELhEBrY-w&oe=6A3871EC | Preview: https://scontent.fjai6-1.fna.fbcdn.net/v/t39.35426-6/702191207_762861256821308_5560062383010680247_n.jpg?_nc_cat=110&ccb=1-7&_nc_sid=c53f8f&_nc_ohc=Bv-XKqJn7jgQ7kNvwE6K0f-&_nc_oc=AdpB8FcRInQwTy9GW8XEImAUA7m2Fsc1BLSwbct-r9zYSsdLW1mZigbsF_trS48uVvUZBgje2mr9TL8L2L9JESdh&_nc_zt=14&_nc_ht=scontent.fjai6-1.fna&_nc_gid=z44povLbk25yx-kPnxu6Eg&_nc_ss=7b289&oh=00_Af9yG_pFVpz3tvbvwhGKsew8vs7QRzcDBNpcfHA7YJzA0Q&oe=6A384A1A
1683184419592560,https://www.facebook.com/prestates12/,api.whatsapp.com,https://www.facebook.com/prestates12/,,,,,+91 81033 87360,,,,114732508317250,https://api.whatsapp.com/send,PR Estates,https://www.facebook.com/ads/library/?id=1683184419592560,"🏡 𝐔𝐬𝐡𝐚  𝐕𝐚𝐥𝐥𝐞𝐲  𝐀𝐰𝐚𝐬  𝐌𝐞𝐥𝐚  𝟐𝟎𝟐𝟔 – सपनों का घर, परिवार का बेहतर कल!
उषा वैली प्रस्तुत करते हैं ""आवास मेला 2026""। स्मार्ट टाउनशिप में अपना पसंदीदा प्लॉट बुक करने का सबसे शानदार मौका।
📅 तारीख: 26, 27 और 28 जून 2026
🎁 ऑन-स्पॉट बुकिंग के लाभ:
✅ लकी ड्रॉ कूपन और निश्चित उपहार (Assured Gifts)
✅ EV स्कूटी, फ्रिज, वाशिंग मशीन, स्मार्ट TV और गोल्ड कॉइन जीतने का मौका
🏡 टाउनशिप की मुख्य बातें:
✅ प्लॉट्स डेवलपमेंट के साथ एक बेहतरीन स्मार्ट टाउनशिप
✅ भव्य एंट्रेंस गेट, कवर्ड कैंपस और खूबसूरत पार्क
✅ पूर्णतः RERA रजिस्टर्ड प्रोजेक्ट
📞 संपर्क करें: 7898060197, 7354160455
#UshaValley #AwasMela2026 #SmartTownship #BilaspurRealEstate",475,Send WhatsApp message,api.whatsapp.com,"FACEBOOK; INSTAGRAM; WHATSAPP",2026-06-16,2026-06-17,HD: https://video.fjai6-1.fna.fbcdn.net/o1/v/t2/f2/m366/AQNina68nLdzoI9rH8aPIpH9JnYNfu22Ib-tKMm7LhNYcBkj8rG9a6n9AdMbC8IslxSr4TUWfDezJ8XooSgVVehgEJPwZDy-yCJzQWZ6AkgmKw.mp4?_nc_cat=110&_nc_oc=AdrJ_RKa4WDKAreFv67mcSL8Lj277yVL1erkofWS2PnxypAiId8F1f4nKmHEZovBah_x-KfjnRgfeDY-ADmavV-z&_nc_sid=b66105&_nc_ht=video.fjai6-1.fna.fbcdn.net&_nc_ohc=615Ma_80YokQ7kNvwEC0-O7&efg=eyJ2ZW5jb2RlX3RhZyI6Inhwdl9wcm9ncmVzc2l2ZS5WSV9VU0VDQVNFX1BST0RVQ1RfVFlQRS4uQzMuNzIwLmRhc2hfaDI2NC1iYXNpYy1nZW4yXzcyMHAiLCJ4cHZfYXNzZXRfaWQiOjI2OTE3NDc0MDM3OTQ4ODQ4LCJhc3NldF9hZ2VfZGF5cyI6MCwidmlfdXNlY2FzZV9pZCI6MTAxMjIsImR1cmF0aW9uX3MiOjY3LCJ1cmxnZW5fc291cmNlIjoid3d3In0%3D&ccb=17-1&vs=cdb80bf734e55076&_nc_vs=HBksFQIYRWZiX2VwaGVtZXJhbC9CQTQxOTczODZDREE0NzEyRDY3RkU3RjhDQzJDQjY4OV9tdF8xX3ZpZGVvX2Rhc2hpbml0Lm1wNBUAAsgBEgAVAhhAZmJfcGVybWFuZW50LzZENDJCMkY4MTBCNzFGMTUyQkZGNkREMjcxNDkxM0IxX2F1ZGlvX2Rhc2hpbml0Lm1wNBUCAsgBEgAoABgAGwKIB3VzZV9vaWwBMRJwcm9ncmVzc2l2ZV9yZWNpcGUBMRUAACbghsPkmdPQXxUCKAJDMywXQFDCHKwIMScYGWRhc2hfaDI2NC1iYXNpYy1nZW4yXzcyMHARAHUAZZSeAQA&_nc_gid=z44povLbk25yx-kPnxu6Eg&_nc_ss=7b289&_nc_zt=28&oh=00_Af8jJHNVRELX6tFEyLFEv5J822VGQFnHXJrhe3GogWz_Gw&oe=6A386B7E | SD: https://video.fjai6-1.fna.fbcdn.net/o1/v/t2/f2/m412/AQNU3rnT5FuxhAWOoGfzaQxuj0AoNS0uDveqIYFsNcLY9P9h06-aFaLllmUerF5_stDcqs3JzUjtu_LbYAnjw5iYm95InzMiY7mmakH5rA.mp4?_nc_cat=108&_nc_oc=Ado_rPev9Mh83rk55cJNIUk-Pvq7t9KLzi21NVUZluCBXz4vkHAF9qJuee7TpsVbWa9pjLrTHGrHfnVqp2FReLIW&_nc_sid=ef5aa3&_nc_ht=video.fjai6-1.fna.fbcdn.net&_nc_ohc=q6Ig1K9w14EQ7kNvwFniKD7&efg=eyJ2ZW5jb2RlX3RhZyI6Inhwdl9wcm9ncmVzc2l2ZS5WSV9VU0VDQVNFX1BST0RVQ1RfVFlQRS4uQzMuMzYwLnN2ZV9zZCIsInhwdl9hc3NldF9pZCI6MjY5MTc0NzQwMzc5NDg4NDgsImFzc2V0X2FnZV9kYXlzIjowLCJ2aV91c2VjYXNlX2lkIjoxMDEyMiwiZHVyYXRpb25fcyI6NjcsInVybGdlbl9zb3VyY2UiOiJ3d3cifQ%3D%3D&ccb=17-1&_nc_gid=z44povLbk25yx-kPnxu6Eg&_nc_ss=7b289&_nc_zt=28&oh=00_Af8TfFKjMcuKFn2PJ8WNt8V5XRoLhVGHw6l3E4sygj6jqQ&oe=6A3874E2 | Preview: https://scontent.fjai6-1.fna.fbcdn.net/v/t39.35426-6/725621132_1568388848130592_3756868939317258848_n.jpg?_nc_cat=107&ccb=1-7&_nc_sid=c53f8f&_nc_ohc=fr7SQsSwJoUQ7kNvwGA-rxL&_nc_oc=Adr5TYpUtrLQundENwNxlp3ovsMzyW-zT7jliUOxiTn6ZkbU6e2RlSt_9gylV_WvezklwAtPJpFmnaoEVCbmAYAj&_nc_zt=14&_nc_ht=scontent.fjai6-1.fna&_nc_gid=z44povLbk25yx-kPnxu6Eg&_nc_ss=7b289&oh=00_Af89ekPTcaGdUQeSYksseaH0zOsWUUlNSOCOkuOug3ye4g&oe=6A387676,,,,,,,
1533759075147347,https://www.facebook.com/prestates12/,facebook.com,https://www.facebook.com/prestates12/,,,,,+91 81033 87360,,,,114732508317250,https://facebook.com/prestates12,PR Estates,https://www.facebook.com/ads/library/?id=1533759075147347,"🏡 𝐔𝐬𝐡𝐚  𝐕𝐚𝐥𝐥𝐞𝐲  𝐀𝐰𝐚𝐬  𝐌𝐞𝐥𝐚  𝟐𝟎𝟐𝟔 – सपनों का घर, परिवार का बेहतर कल!

उषा वैली प्रस्तुत करते हैं ""आवास मेला 2026""। स्मार्ट टाउनशिप में अपना पसंदीदा प्लॉट बुक करने का सबसे शानदार मौका।

📅 तारीख: 26, 27 और 28 जून 2026

🎁 ऑन-स्पॉट बुकिंग के लाभ:
✅ लकी ड्रॉ कूपन और निश्चित उपहार (Assured Gifts)
✅ EV स्कूटी, फ्रिज, वाशिंग मशीन, स्मार्ट TV और गोल्ड कॉइन जीतने का मौका

🏡 टाउनशिप की मुख्य बातें:
✅ प्लॉट्स डेवलपमेंट के साथ एक बेहतरीन स्मार्ट टाउनशिप
✅ भव्य एंट्रेंस गेट, कवर्ड कैंपस और खूबसूरत पार्क
✅ पूर्णतः RERA रजिस्टर्ड प्रोजेक्ट

📞 संपर्क करें: 7898060197, 7354160455

#UshaValley #AwasMela2026 #SmartTownship #BilaspurRealEstate",475,Send WhatsApp message,api.whatsapp.com,"FACEBOOK; INSTAGRAM; WHATSAPP",2026-06-16,2026-06-17,,,  ||  ,https://api.whatsapp.com/send?phone=918103387360&token=eyJhbGciOiJFUzI1NiIsInR5cCI6IkpXVCIsImtpZCI6IjEyNSJ9.eyJleHAiOjE3ODE2ODMzMDgsInBob25lIjoiOTE4MTAzMzg3MzYwIn0.xddbiJr0A8WmgxjhMk8hf2q0kOHjaFqNl9Wk-utLHqqSMS8Ybk7_KxX5iUGeg0qT4r9MfuH_gRgsNMV3qq1lDA || https://api.whatsapp.com/send?phone=918103387360&token=eyJhbGciOiJFUzI1NiIsInR5cCI6IkpXVCIsImtpZCI6IjEyNSJ9.eyJleHAiOjE3ODE2ODMzMDgsInBob25lIjoiOTE4MTAzMzg3MzYwIn0.zGRb89QqsmCgiVEaC91QSxF8o0xxAKfl6BmuSEzwZoWK2RNb4CDHxArbB6T9hGS8hrLhbJLoBuG4U-uJxxxS9Q,api.whatsapp.com || api.whatsapp.com,Send WhatsApp Message || Send WhatsApp Message,Original: https://scontent.fjai6-1.fna.fbcdn.net/v/t39.35426-6/719873619_2184457629015504_5071091674366978058_n.jpg?_nc_cat=101&ccb=1-7&_nc_sid=c53f8f&_nc_ohc=6qFCv0-LzasQ7kNvwF8KrQX&_nc_oc=AdoZEWNA49CfmFEhXxZ-sJ8uSbYuXZQ_-p9NkzZVe3utPOaWRfXLmKQBwBiCTgXMRm5C71LjVGbAETWpc3NO-5r_&_nc_zt=14&_nc_ht=scontent.fjai6-1.fna&_nc_gid=z44povLbk25yx-kPnxu6Eg&_nc_ss=7b289&oh=00_Af-KslLZIkySDdVPGMp8Uw7vqSqRFy0FWYUywmFmP0gZDA&oe=6A38626D | Resized: https://scontent.fjai6-1.fna.fbcdn.net/v/t39.35426-6/724236232_956678724074451_5620333440856223493_n.jpg?stp=dst-jpg_s600x600_tt6&_nc_cat=108&ccb=1-7&_nc_sid=c53f8f&_nc_ohc=j-xolQ96iUsQ7kNvwGXFiWQ&_nc_oc=AdoUAD2CzNCZ1eDqRf9x4x0VSdJMk_O88iRi1lWPDrlXJLA_fF95rhaXRbhoWvqNRTjBcQFaNo0SVnzeKZ0U3guK&_nc_zt=14&_nc_ht=scontent.fjai6-1.fna&_nc_gid=z44povLbk25yx-kPnxu6Eg&_nc_ss=7b289&oh=00_Af8KFSz83mWtL_6UFNJs3nNXmvd62rB9j9jxJKHecJOrGg&oe=6A384B58 || Original: https://scontent.fjai6-1.fna.fbcdn.net/v/t39.35426-6/724818161_2153787812136651_1958598782362435744_n.jpg?_nc_cat=105&ccb=1-7&_nc_sid=c53f8f&_nc_ohc=YEtbGI-b6bgQ7kNvwEvsmv_&_nc_oc=AdqQCXC4vRnMb2IoDNn155loDen0GS8empoufTfgBaxDoREaj8QfsoTZfopiQEl0BXrW1vDXvITkN9TY_iXOTfJC&_nc_zt=14&_nc_ht=scontent.fjai6-1.fna&_nc_gid=z44povLbk25yx-kPnxu6Eg&_nc_ss=7b289&oh=00_Af9-ilTpy1n6T3g2WWn4cyhlWGmOzmA5EgBxw3u9Iajb_A&oe=6A38691A | Resized: https://scontent.fjai6-1.fna.fbcdn.net/v/t39.35426-6/719797650_1797222594776137_4670746417812042596_n.jpg?stp=dst-jpg_s600x600_tt6&_nc_cat=103&ccb=1-7&_nc_sid=c53f8f&_nc_ohc=BPVJVPJS1TQQ7kNvwHF1VtR&_nc_oc=AdqhgiWC9IERXzwj6tDM1SHDQXq9jtK8w60UUXz3nZEYvLVbb90GcZrz5x_QfOwieec5Jlh5FH76FIY4MC6UapG_&_nc_zt=14&_nc_ht=scontent.fjai6-1.fna&_nc_gid=z44povLbk25yx-kPnxu6Eg&_nc_ss=7b289&oh=00_Af8QcBrmivKYOCTfbB_5wyQFyotjLIEH_TNmfqyDkjR9yA&oe=6A384294,
1254595499833265,https://www.facebook.com/BrigadeGroup/,brigadegroup.com,https://www.facebook.com/BrigadeGroup/,,,,,,,,,382990208485386,https://www.brigadegroup.com/residential/projects/bengaluru/laurel-maple-at-brigade-orchards/lp?utm_campaign=LAUREL_MAPLE_DIGITAL_META,Brigade Group,https://www.facebook.com/ads/library/?id=1254595499833265,"Launching Laurel & Mapel at Brigade Orchards. 1, 2 & 3 Bed Homes 97 Lakhs Onwards*, Near Aerospace park, Devanahalli. Multi generational living. Part of 135-acre smart township. Just 15 Minutes to Airport.",109951,Get quote,www.brigadeorchards.com,"FACEBOOK; INSTAGRAM",2026-05-25,2026-06-15,,,"Launching Laurel & Mapel at Brigade Orchards. 1, 2 & 3 Bed Homes 97 Lakhs Onwards*, Near Aerospace park, Devanahalli. Multi generational living. Part of 135-acre smart township. Just 15 Minutes to Airport. || Launching Laurel & Mapel at Brigade Orchards. 1, 2 & 3 Bed Homes 97 Lakhs Onwards*, Near Aerospace park, Devanahalli. Multi generational living. Part of 135-acre smart township. Just 15 Minutes to Airport. || Launching Laurel & Mapel at Brigade Orchards. 1, 2 & 3 Bed Homes 97 Lakhs Onwards*, Near Aerospace park, Devanahalli. Multi generational living. Part of 135-acre smart township. Just 15 Minutes to Airport.",https://www.brigadegroup.com/residential/projects/bengaluru/laurel-maple-at-brigade-orchards/lp?utm_campaign=LAUREL_MAPLE_DIGITAL_META || https://www.brigadegroup.com/residential/projects/bengaluru/laurel-maple-at-brigade-orchards/lp?utm_campaign=LAUREL_MAPLE_DIGITAL_META || https://www.brigadegroup.com/residential/projects/bengaluru/laurel-maple-at-brigade-orchards/lp?utm_campaign=LAUREL_MAPLE_DIGITAL_META,www.brigadeorchards.com || www.brigadeorchards.com || www.brigadeorchards.com,Get Quote || Get Quote || Get Quote,Original: https://scontent.fjai6-1.fna.fbcdn.net/v/t39.35426-6/706831997_1339331718388505_3220754629139111799_n.jpg?_nc_cat=109&ccb=1-7&_nc_sid=c53f8f&_nc_ohc=hTbCdhLsHM0Q7kNvwHxCMD9&_nc_oc=AdqzVpt0RbCUJ3xyrqCT932FerehsI9TXtNJ2m3rBTxV3Fcc9eDP3gY6KqDa01VTu7RP205vIWET6tfISQBk_KPv&_nc_zt=14&_nc_ht=scontent.fjai6-1.fna&_nc_gid=z44povLbk25yx-kPnxu6Eg&_nc_ss=7b289&oh=00_Af_tX9eE-7XoKeyue5D4qNhcpw6Dkdsf9NjsNExLJVJRYg&oe=6A386688 | Resized: https://scontent.fjai6-1.fna.fbcdn.net/v/t39.35426-6/706803613_1564455541805919_6105636681132591928_n.jpg?stp=dst-jpg_s600x600_tt6&_nc_cat=104&ccb=1-7&_nc_sid=c53f8f&_nc_ohc=NpUlzkxRgLMQ7kNvwGEZEeQ&_nc_oc=AdrIz9BSd_-L6qCmmKzREMbr7vOOD4ieo4zmtDtigOeC43zdKfL_IytqkAV8kcsmisnABZs76f-_oDUtPReI-qGS&_nc_zt=14&_nc_ht=scontent.fjai6-1.fna&_nc_gid=z44povLbk25yx-kPnxu6Eg&_nc_ss=7b289&oh=00_Af_CnhIuaK4pCsrDEBe553b8RhVWk8zMOkxyWtX0nc03tw&oe=6A38740B || Original: https://scontent.fjai6-1.fna.fbcdn.net/v/t39.35426-6/706830111_797029356675317_4762784427850537403_n.jpg?_nc_cat=106&ccb=1-7&_nc_sid=c53f8f&_nc_ohc=ccpoKgPAYdIQ7kNvwEA-83M&_nc_oc=AdrbgDqr00e0eocWRP1H0bKA-EekCiB-2mmHhqZWFiyeGzBp2fZV8x2b7V86jfCeS0eCL7lcd3JXQRQCJMevYu03&_nc_zt=14&_nc_ht=scontent.fjai6-1.fna&_nc_gid=z44povLbk25yx-kPnxu6Eg&_nc_ss=7b289&oh=00_Af_0yKy6BzUc9J92dmRUDlSvYP43F9OzpEG1SP-b9zsI8Q&oe=6A3847F6 | Resized: https://scontent.fjai6-1.fna.fbcdn.net/v/t39.35426-6/707210582_1338196705074182_4437534625696481988_n.jpg?stp=dst-jpg_s600x600_tt6&_nc_cat=105&ccb=1-7&_nc_sid=c53f8f&_nc_ohc=F8P6FwQJL-UQ7kNvwFGwnDl&_nc_oc=Ado8MeU0Vd6-1lKQHpbUn90qXltV0KOUBpKHDbCB_1s6BkARp3vSaaP_5PhYcwJIEydVG2mD7cmiBxArXZQLiKaw&_nc_zt=14&_nc_ht=scontent.fjai6-1.fna&_nc_gid=z44povLbk25yx-kPnxu6Eg&_nc_ss=7b289&oh=00_Af-jTEYXE75NOoNIEKWYKH4jv-CHNtTT9pKMUvirXvmeDw&oe=6A38777D || Original: https://scontent.fjai6-1.fna.fbcdn.net/v/t39.35426-6/706946633_1005023275330482_6882932221159136471_n.jpg?_nc_cat=109&ccb=1-7&_nc_sid=c53f8f&_nc_ohc=h9KfGK3-XS8Q7kNvwEOe58t&_nc_oc=AdouV1frLBppLs5JnSuutQ4Y-aMlxEUFY7AXDsg-_n49fKGd3m8-S2kM39lEPPiXUKhQs3c3DKVcYgBnBvoKOh0L&_nc_zt=14&_nc_ht=scontent.fjai6-1.fna&_nc_gid=z44povLbk25yx-kPnxu6Eg&_nc_ss=7b289&oh=00_Af_qk766dKvkqmt_WsCkOC-Ju3dOIIK8aOS2mBuGi9pT8w&oe=6A385B9C | Resized: https://scontent.fjai6-1.fna.fbcdn.net/v/t39.35426-6/706982296_1672293580762377_4559826552227114461_n.jpg?stp=dst-jpg_s600x600_tt6&_nc_cat=102&ccb=1-7&_nc_sid=c53f8f&_nc_ohc=a4ERIeSOR8wQ7kNvwEzw0b5&_nc_oc=AdocYzAvGpUe8dlzhrSvVfcjr947RE2p3vMfoPrfjVBTjSMO3HOq03F5eccMccXQle12OI0s63SRZNh89RdchOED&_nc_zt=14&_nc_ht=scontent.fjai6-1.fna&_nc_gid=z44povLbk25yx-kPnxu6Eg&_nc_ss=7b289&oh=00_Af8cN2vBZd3EcPZiryDHKjwm_otVtPTE0tCk2rzUp8sV2Q&oe=6A3872FE,
1677347113381029,https://www.facebook.com/Mabelestate/,fb.me,https://www.facebook.com/Mabelestate/,,,,mabelestatesindia@gmail.com,+91 95014 23613,,,,113985768303539,http://fb.me/,Mabel Estates,https://www.facebook.com/ads/library/?id=1677347113381029,"Looking to invest in a gated smart township with excellent connectivity?
🏡 Amayra Vista by Mabel Estates offers premium residential plots with iconic highway entry, wide roads & planned infrastructure.

📐 Plot Sizes: 100 – 150 Sq. Yards
🔥 Limited inventory available – high demand

👉 Enquire now before prices increase!",1135,Book now,fb.me,"FACEBOOK; INSTAGRAM; AUDIENCE_NETWORK",2026-06-12,2026-06-17,,Original: https://scontent.fjai6-1.fna.fbcdn.net/v/t39.35426-6/724087235_2028056104473967_7056778129409068217_n.jpg?_nc_cat=106&ccb=1-7&_nc_sid=c53f8f&_nc_ohc=frfvdhAA-lIQ7kNvwGXxxz_&_nc_oc=AdpFYJB2r9YEMnfr1wKVC4paOG6H6b7vbd2QZyHdql4wCVH9nUxxr9l6x85nMjQ6AGOwURfQt1KTDPZI-KB7BCyM&_nc_zt=14&_nc_ht=scontent.fjai6-1.fna&_nc_gid=pjPmu-C8cuNgJJ9zjT2dOA&_nc_ss=7b289&oh=00_Af-qXcimI351m1WO0zhkC70o7-vZfw5as1mkR-5qLh2qzg&oe=6A3858FC | Resized: https://scontent.fjai6-1.fna.fbcdn.net/v/t39.35426-6/724087252_4539268869730515_219256432858904080_n.jpg?stp=dst-jpg_s600x600_tt6&_nc_cat=109&ccb=1-7&_nc_sid=c53f8f&_nc_ohc=fUflJ208FFoQ7kNvwFGgKuW&_nc_oc=Adqvin6IIRxsx01eJuH2flwzTXQYfDVQFN07waIkxoDojtATwXpl8ouGYJmh5rDdRqf2AEjLXMgcPsD86Jd4h7YR&_nc_zt=14&_nc_ht=scontent.fjai6-1.fna&_nc_gid=pjPmu-C8cuNgJJ9zjT2dOA&_nc_ss=7b289&oh=00_Af-DNpJzHsHYehcYgMK93bXXiZArvet0x3Gxlf7_n9zSlA&oe=6A385BB5,,,,,,
1303909914602749,https://www.facebook.com/BrigadeGroup/,brigadegroup.com,https://www.facebook.com/BrigadeGroup/,,,,,,,,,382990208485386,https://www.brigadegroup.com/residential/projects/bengaluru/laurel-maple-at-brigade-orchards/lp?utm_campaign=LAUREL_MAPLE_DIGITAL_META_LA,Brigade Group,https://www.facebook.com/ads/library/?id=1303909914602749,"Launching Laurel & Mapel at Brigade Orchards. 1, 2 & 3 Bed Homes 97 Lakhs Onwards*, Near Aerospace park, Devanahalli. Multi generational living. Part of 135-acre smart township. Just 15 Minutes to Airport.",109951,Get quote,www.brigadeorchards.com,"FACEBOOK; INSTAGRAM",2026-05-25,2026-06-16,,,"Launching Laurel & Mapel at Brigade Orchards. 1, 2 & 3 Bed Homes 97 Lakhs Onwards*, Near Aerospace park, Devanahalli. Multi generational living. Part of 135-acre smart township. Just 15 Minutes to Airport. || Launching Laurel & Mapel at Brigade Orchards. 1, 2 & 3 Bed Homes 97 Lakhs Onwards*, Near Aerospace park, Devanahalli. Multi generational living. Part of 135-acre smart township. Just 15 Minutes to Airport. || Launching Laurel & Mapel at Brigade Orchards. 1, 2 & 3 Bed Homes 97 Lakhs Onwards*, Near Aerospace park, Devanahalli. Multi generational living. Part of 135-acre smart township. Just 15 Minutes to Airport.",https://www.brigadegroup.com/residential/projects/bengaluru/laurel-maple-at-brigade-orchards/lp?utm_campaign=LAUREL_MAPLE_DIGITAL_META_LA || https://www.brigadegroup.com/residential/projects/bengaluru/laurel-maple-at-brigade-orchards/lp?utm_campaign=LAUREL_MAPLE_DIGITAL_META_LA || https://www.brigadegroup.com/residential/projects/bengaluru/laurel-maple-at-brigade-orchards/lp?utm_campaign=LAUREL_MAPLE_DIGITAL_META_LA,www.brigadeorchards.com || www.brigadeorchards.com || www.brigadeorchards.com,Get Quote || Get Quote || Get Quote,Original: https://scontent.fjai6-1.fna.fbcdn.net/v/t39.35426-6/706965966_1793093855175055_8192755858504066484_n.jpg?_nc_cat=105&ccb=1-7&_nc_sid=c53f8f&_nc_ohc=MUg4kSCt1roQ7kNvwGqzCQL&_nc_oc=AdpVXLDGJb9PRgVvqqRxEPsw8_eLQt2Ep_zt4LmP0rnKOIKB0yv1kN7pSoi017OC04Gketvkg0NFxaqvtcqjTm2D&_nc_zt=14&_nc_ht=scontent.fjai6-1.fna&_nc_gid=pjPmu-C8cuNgJJ9zjT2dOA&_nc_ss=7b289&oh=00_Af-YyubRpqY5taooUVvMoCbw0fqhN6GjwgYko2CGDxFaRg&oe=6A384A68 | Resized: https://scontent.fjai6-1.fna.fbcdn.net/v/t39.35426-6/706698072_1486704666579375_5681144909911374034_n.jpg?stp=dst-jpg_s600x600_tt6&_nc_cat=106&ccb=1-7&_nc_sid=c53f8f&_nc_ohc=FRL-YFbCK14Q7kNvwFP_HT1&_nc_oc=AdreVMRrgdANV8X69aOzwE4O9d_rZDB8FAjs1VKEk8pJ_wYznxN2GoGU_2hqAkAaHs2molfawfYrAYRs1eXBY25y&_nc_zt=14&_nc_ht=scontent.fjai6-1.fna&_nc_gid=pjPmu-C8cuNgJJ9zjT2dOA&_nc_ss=7b289&oh=00_Af8jk7iHqy7jhSz5miqCHQiXPPjzj7QfQubReEq1XXEU-A&oe=6A384E9B || Original: https://scontent.fjai6-1.fna.fbcdn.net/v/t39.35426-6/707188949_2198612544233545_8882956985680140630_n.jpg?_nc_cat=104&ccb=1-7&_nc_sid=c53f8f&_nc_ohc=On3G5QSOjEgQ7kNvwFvZuGW&_nc_oc=Adp2EDScjPMiq9Uda6RPBC7yZKKUPRFTezuIOACUZ50yGNbnsxQLtLeUKArrpwDosMCU1vVHspCCxfOat7mxGsKw&_nc_zt=14&_nc_ht=scontent.fjai6-1.fna&_nc_gid=pjPmu-C8cuNgJJ9zjT2dOA&_nc_ss=7b289&oh=00_Af_V1lMyzpMdExyIiur7JYH_OGu7ID3u1WCLOElwZ4Zy7Q&oe=6A384DFB | Resized: https://scontent.fjai6-1.fna.fbcdn.net/v/t39.35426-6/707668346_1301353012135174_3185961266163031729_n.jpg?stp=dst-jpg_s600x600_tt6&_nc_cat=104&ccb=1-7&_nc_sid=c53f8f&_nc_ohc=iWJF43PbplsQ7kNvwHoTmSY&_nc_oc=AdoZecArVqOaiThrhu15TIYfRwrWQP2waoyIUQy6CbHXWNi8KgufowPavEDQil8sDy2G68jlUaq3_JeWr4KOR5Gm&_nc_zt=14&_nc_ht=scontent.fjai6-1.fna&_nc_gid=pjPmu-C8cuNgJJ9zjT2dOA&_nc_ss=7b289&oh=00_Af-gCOvg5uWmM3ZAWyTLaFnQarGRbNZjTK0rlEI6Kj1ocg&oe=6A386D6B || Original: https://scontent.fjai6-1.fna.fbcdn.net/v/t39.35426-6/707781378_1009835194730612_6439459978308944770_n.jpg?_nc_cat=100&ccb=1-7&_nc_sid=c53f8f&_nc_ohc=QGyF9TL3Su0Q7kNvwHA9ePm&_nc_oc=Adrt12HIRriAXq9QnhyFOv5GnQLh74FsQC3hUfhSoHSTU_rYtjHD26jvSX_HK9qRvaxL2Ih9AQYYj9elLjfpuTiH&_nc_zt=14&_nc_ht=scontent.fjai6-1.fna&_nc_gid=pjPmu-C8cuNgJJ9zjT2dOA&_nc_ss=7b289&oh=00_Af_Uyp3em_yfxIQIZEcZqm7duglczaJWxmk6NJM21SfLGw&oe=6A385DAB | Resized: https://scontent.fjai6-1.fna.fbcdn.net/v/t39.35426-6/706831986_958277243694056_7670117056183815239_n.jpg?stp=dst-jpg_s600x600_tt6&_nc_cat=110&ccb=1-7&_nc_sid=c53f8f&_nc_ohc=kc7NOBEHBRMQ7kNvwHTUEaC&_nc_oc=AdpgPbrgFhVcii57FJcTX7K9IzOTPvU7UMGrc-YbkRNYSEIhaII1QR7uTaf1-qLW7tJd9LZTizBmHoIlEQJwFGyE&_nc_zt=14&_nc_ht=scontent.fjai6-1.fna&_nc_gid=pjPmu-C8cuNgJJ9zjT2dOA&_nc_ss=7b289&oh=00_Af8NdD-oiZoiEXAHb5otpI0AjaITGJW8IiislKYbdy1uBw&oe=6A386250,
1719087089110358,https://www.facebook.com/BrigadeGroup/,brigadegroup.com,https://www.facebook.com/BrigadeGroup/,,,,infosec@brigadegroup.com,"18001029977, 8041379200, 8041379381, +918041379200, +918041379381",,,,382990208485386,https://www.brigadegroup.com/residential/projects/bengaluru/laurel-maple-at-brigade-orchards/lp?utm_campaign=LAUREL_MAPLE_DIGITAL_META_LA,Brigade Group,https://www.facebook.com/ads/library/?id=1719087089110358,"Launching Laurel & Mapel at Brigade Orchards. 1, 2 & 3 Bed Homes 97 Lakhs Onwards*, Near Aerospace park, Devanahalli. Multi generational living. Part of 135-acre smart township. Just 15 Minutes to Airport.",109951,Contact us,www.brigadeorchards.com,"FACEBOOK; INSTAGRAM",2026-05-25,2026-06-16,,,"Launching Laurel & Mapel at Brigade Orchards. 1, 2 & 3 Bed Homes 97 Lakhs Onwards*, Near Aerospace park, Devanahalli. Multi generational living. Part of 135-acre smart township. Just 15 Minutes to Airport. || Launching Laurel & Mapel at Brigade Orchards. 1, 2 & 3 Bed Homes 97 Lakhs Onwards*, Near Aerospace park, Devanahalli. Multi generational living. Part of 135-acre smart township. Just 15 Minutes to Airport. || Launching Laurel & Mapel at Brigade Orchards. 1, 2 & 3 Bed Homes 97 Lakhs Onwards*, Near Aerospace park, Devanahalli. Multi generational living. Part of 135-acre smart township. Just 15 Minutes to Airport.",https://www.brigadegroup.com/residential/projects/bengaluru/laurel-maple-at-brigade-orchards/lp?utm_campaign=LAUREL_MAPLE_DIGITAL_META_LA || https://www.brigadegroup.com/residential/projects/bengaluru/laurel-maple-at-brigade-orchards/lp?utm_campaign=LAUREL_MAPLE_DIGITAL_META_LA || https://www.brigadegroup.com/residential/projects/bengaluru/laurel-maple-at-brigade-orchards/lp?utm_campaign=LAUREL_MAPLE_DIGITAL_META_LA,www.brigadeorchards.com || www.brigadeorchards.com || www.brigadeorchards.com,Contact Us || Contact Us || Contact Us,Original: https://scontent.fjai6-1.fna.fbcdn.net/v/t39.35426-6/706812134_3212246672310061_643315629902362197_n.jpg?_nc_cat=100&ccb=1-7&_nc_sid=c53f8f&_nc_ohc=htU-2vmtCDUQ7kNvwE_6vxk&_nc_oc=AdoAAxkQ8NI8umtsjCmuOA2xwaiJAA3LO3fdFV1-3AECvA0gQutRyqNohINsqJu1FcEEbC436kZjD2P5Xak9xBsQ&_nc_zt=14&_nc_ht=scontent.fjai6-1.fna&_nc_gid=pjPmu-C8cuNgJJ9zjT2dOA&_nc_ss=7b289&oh=00_Af_S6-BLIwXlqJhmLyScB1wsa3U2z_wNuRyi6fqwR7vn2w&oe=6A3858AA | Resized: https://scontent.fjai6-1.fna.fbcdn.net/v/t39.35426-6/706841228_2206684143451444_3514806424188895361_n.jpg?stp=dst-jpg_s600x600_tt6&_nc_cat=111&ccb=1-7&_nc_sid=c53f8f&_nc_ohc=W8Sd-AZkK0kQ7kNvwFbtPTg&_nc_oc=AdrAUWZ2uIkuAWnopcu2HjGx91RkKdfshxFg7NFLealoIyRmrCuYhiYQ4KTsut8rumvc--DqOJYjeXMWy3gjhq8Y&_nc_zt=14&_nc_ht=scontent.fjai6-1.fna&_nc_gid=pjPmu-C8cuNgJJ9zjT2dOA&_nc_ss=7b289&oh=00_Af-prXaiyudrotK5p5A3euq2cN9Y8LLVms80AOkXHR_dmQ&oe=6A3852DC || Original: https://scontent.fjai6-1.fna.fbcdn.net/v/t39.35426-6/706947614_2218514932294408_7743854923574796254_n.jpg?_nc_cat=101&ccb=1-7&_nc_sid=c53f8f&_nc_ohc=r3j9IRRM5DMQ7kNvwHZ5tvH&_nc_oc=Adp5kSSfTn7n9-UsgrEoL6bh148fUugzErl6tQV3I0q8-ja1Nk_S-9lM-1KYm_ISkFS6OFwIOErc6p9XL6xEb0iH&_nc_zt=14&_nc_ht=scontent.fjai6-1.fna&_nc_gid=pjPmu-C8cuNgJJ9zjT2dOA&_nc_ss=7b289&oh=00_Af9jOQZmvZ-v8G9QSq_i7Qc1x3PikquwWfoX17id8S6MVg&oe=6A384EE8 | Resized: https://scontent.fjai6-1.fna.fbcdn.net/v/t39.35426-6/706900446_969525639255668_5510167628454347818_n.jpg?stp=dst-jpg_s600x600_tt6&_nc_cat=101&ccb=1-7&_nc_sid=c53f8f&_nc_ohc=N0tOpTp9EksQ7kNvwEEqfRM&_nc_oc=AdprkdcEJqlaw0x49yKKv6YWSSYz_bGZoGMY8gYHah-DuChuNcl8atzfUFXJUWLbPmtVzOc-l5RFh8PwVgZgR1xY&_nc_zt=14&_nc_ht=scontent.fjai6-1.fna&_nc_gid=pjPmu-C8cuNgJJ9zjT2dOA&_nc_ss=7b289&oh=00_Af8zZvarp-k51tL0hq5QRUc6lSU9Hha18ylqZs0wC4ko-A&oe=6A384CFE || Original: https://scontent.fjai6-1.fna.fbcdn.net/v/t39.35426-6/707338766_2151739418701491_3032709104819814576_n.jpg?_nc_cat=106&ccb=1-7&_nc_sid=c53f8f&_nc_ohc=xbkLu2HO3KIQ7kNvwFNOs-L&_nc_oc=AdqW-c_4cnShmhfvA26x2u6TPTWAy_f1wYIu3FeZrff6LqrnPmZyHeTp8NPHw7AhbJQf3-wja8pnYCw7F1ntm3pb&_nc_zt=14&_nc_ht=scontent.fjai6-1.fna&_nc_gid=pjPmu-C8cuNgJJ9zjT2dOA&_nc_ss=7b289&oh=00_Af_wC8KXotkxjH7farXlq41fHq45ZohF2wRuUYgy4yOLow&oe=6A385CE3 | Resized: https://scontent.fjai6-1.fna.fbcdn.net/v/t39.35426-6/706874168_1668069281004593_6742360433645991292_n.jpg?stp=dst-jpg_s600x600_tt6&_nc_cat=111&ccb=1-7&_nc_sid=c53f8f&_nc_ohc=yRuMc1_xQXIQ7kNvwG_F8w7&_nc_oc=Adp79Q9KWIug7C_aE1Ag57qyO3MvmU8XdD050_VpdyqojuNNAufAK9EaSxAh0LWfbpQx4oBOtQOduJi6mvdjVVLS&_nc_zt=14&_nc_ht=scontent.fjai6-1.fna&_nc_gid=pjPmu-C8cuNgJJ9zjT2dOA&_nc_ss=7b289&oh=00_Af90zOzQl9eSzp_W8HLcqC6mvAg_7W8hsahoYvAJiTrEbA&oe=6A386119,
1792214141749868,https://www.facebook.com/61566519011206/,fb.me,https://www.facebook.com/61566519011206/,,,,jagdish22mankar@gmail.com,+91 83297 56072,,,,392230250649555,http://fb.me/,Narmada Residency ,https://www.facebook.com/ads/library/?id=1792214141749868,"🏡 Narmada Residency – आपके सपनों का शानदार घर!

क्या आप एक सुरक्षित, आधुनिक और सुविधाजनक लोकेशन पर अपना घर ढूंढ रहे हैं?

✨ Spacious Flats / Plots
✨ Prime Location
✨ 24×7 Security
✨ Parking Facility
✨ Water & Electricity Available
✨ परिवार के लिए बेहतरीन वातावरण

आज ही Narmada Residency में अपना घर बुक करें और बेहतर जीवन की शुरुआत करें।

📞 अधिक जानकारी के लिए अभी संपर्क करें।
      083297 56072",13,Apply now,fb.me,"FACEBOOK; INSTAGRAM; AUDIENCE_NETWORK",2026-06-16,2026-06-17,HD: https://video.fjai6-1.fna.fbcdn.net/o1/v/t2/f2/m366/AQNYAXcoh__AmiHGGDVTpojhsTxP75Vnc9YiRBcBzGDnpfHfrQliYH_LfR1fA5FxQBTvbB8eDYSv7C2yCRtED9lZVdIaTPQVBv6SWfmprDGNpQ.mp4?_nc_cat=107&_nc_oc=AdppFxQW7JttXEJlXQhUDsvmZDsAv4hUazsoaU187Bqq0oINatlpw3BgpW1u9tYfeYhnBFy5Xo1dvWnZ9G_4vG7V&_nc_sid=b66105&_nc_ht=video.fjai6-1.fna.fbcdn.net&_nc_ohc=DcTsGYUuD2QQ7kNvwGNVBDI&efg=eyJ2ZW5jb2RlX3RhZyI6Inhwdl9wcm9ncmVzc2l2ZS5WSV9VU0VDQVNFX1BST0RVQ1RfVFlQRS4uQzMuNzIwLmRhc2hfaDI2NC1iYXNpYy1nZW4yXzcyMHAiLCJ4cHZfYXNzZXRfaWQiOjc2NjMyOTYwOTgzNjczMywiYXNzZXRfYWdlX2RheXMiOjcsInZpX3VzZWNhc2VfaWQiOjEwNzk5LCJkdXJhdGlvbl9zIjo3MSwidXJsZ2VuX3NvdXJjZSI6Ind3dyJ9&ccb=17-1&vs=cbe25e9bc7e160c6&_nc_vs=HBksFQIYRWZiX2VwaGVtZXJhbC9ENzQ0NTAyMURFRTYzMDNDQzUyNzQzRUFFRTkxOUU5Ql9tdF8xX3ZpZGVvX2Rhc2hpbml0Lm1wNBUAAsgBEgAVAhhAZmJfcGVybWFuZW50LzdFNEE1M0E1NkI1NUQ3MkZFNTgwRTQ3Q0I2OEVBQTlFX2F1ZGlvX2Rhc2hpbml0Lm1wNBUCAsgBEgAoABgAGwKIB3VzZV9vaWwBMRJwcm9ncmVzc2l2ZV9yZWNpcGUBMRUAACb64ubCoL7cAhUCKAJDMywXQFHSn752yLQYGWRhc2hfaDI2NC1iYXNpYy1nZW4yXzcyMHARAHUAZd6oAQA&_nc_gid=pjPmu-C8cuNgJJ9zjT2dOA&_nc_ss=7b289&_nc_zt=28&oh=00_Af8mFBrRDfst8a1yDYAxNUWrFPb3sSxX4qjQEvrMnMhSWQ&oe=6A385659 | SD: https://video.fjai6-1.fna.fbcdn.net/o1/v/t2/f2/m412/AQOV_CSKWNkvreyHxYmlgusaCQfg4kg2tty7zriRcayBPfbnvWI09eSzq5ELnMifxH_t6zP4Lp-ULzJ1O9XXXt6Ll7A3I4XyMLaL1K-oqg.mp4?_nc_cat=1&_nc_oc=Adqsmzhysd6j83bl0D9e_96jUDdnf5k9Yx1CFtlxHZu1EI6PTBTtbOwAcZjVrdA2nj6bWYlN3AWWgacQ0oP8J_S_&_nc_sid=ef5aa3&_nc_ht=video.fjai6-1.fna.fbcdn.net&_nc_ohc=6gOohsnNP2IQ7kNvwF9czwZ&efg=eyJ2ZW5jb2RlX3RhZyI6Inhwdl9wcm9ncmVzc2l2ZS5WSV9VU0VDQVNFX1BST0RVQ1RfVFlQRS4uQzMuMzYwLnN2ZV9zZCIsInhwdl9hc3NldF9pZCI6NzY2MzI5NjA5ODM2NzMzLCJhc3NldF9hZ2VfZGF5cyI6NywidmlfdXNlY2FzZV9pZCI6MTA3OTksImR1cmF0aW9uX3MiOjcxLCJ1cmxnZW5fc291cmNlIjoid3d3In0%3D&ccb=17-1&_nc_gid=pjPmu-C8cuNgJJ9zjT2dOA&_nc_ss=7b289&_nc_zt=28&oh=00_Af8KdWlviGsetH_SjMeJvtYy8x-UviAg-R674UMdwkLLEw&oe=6A384D67 | Preview: https://scontent.fjai6-1.fna.fbcdn.net/v/t39.35426-6/723873122_27493955110198776_6411298758939598538_n.jpg?_nc_cat=101&ccb=1-7&_nc_sid=c53f8f&_nc_ohc=uQRQnHxbPVAQ7kNvwG8r9t4&_nc_oc=Adp2DYG5_QY8fcQpEioLJ18lFZGnNbSbc7hl9AvE91e_GwBKFrAF-WlJqMWKCxzBqhuqNULDFxKlhn3QNvIPtIzn&_nc_zt=14&_nc_ht=scontent.fjai6-1.fna&_nc_gid=pjPmu-C8cuNgJJ9zjT2dOA&_nc_ss=7b289&oh=00_Af_-DrRVFjV2W6sKImyh86zaF2hxhtoq4q5Ovrs5f2n6_Q&oe=6A3874BE,,,,,,,
904836769307191,https://www.facebook.com/61567613841560/,fb.me,https://www.facebook.com/61567613841560/,,,,,,,,,424311737439379,http://fb.me/,RA Realty,https://www.facebook.com/ads/library/?id=904836769307191,"Looking for a place to call home near Lucknow?

Located on Sultanpur Road, this property offers luxury segment Apartments. Hurry up before you miss this opportunity.

⭐ Features :
✅ Pool
✅ Clubhouse 
✅ Open Green Parks 

⬇ Click ‘Get Quote’ to receive a free eBrochure with pricing and full details!",180,Get quote,fb.me,"FACEBOOK; INSTAGRAM; AUDIENCE_NETWORK",2026-06-15,2026-06-17,HD: https://video.fjai6-1.fna.fbcdn.net/o1/v/t2/f2/m366/AQOKJhc8PwSnlmUsndKiiXlykuGtRqtdMDJ_sO5lHpNbKvMxOcS9t-oeHAOZ2lQn1w274sGyipGUvCdTOvHhBbMBssxGWDh-wx8wy5rT7EaAqA.mp4?_nc_cat=108&_nc_oc=AdplhUzC-WBnDaCJ3fJq7GMKeu7c6I0kK0kKme8ux_RSj7iRecV4Aj5oePMLXeoLRoqk_ls-pv2XgHbP1oZRHiZt&_nc_sid=b66105&_nc_ht=video.fjai6-1.fna.fbcdn.net&_nc_ohc=qfrlkJANNM4Q7kNvwG-2zGA&efg=eyJ2ZW5jb2RlX3RhZyI6Inhwdl9wcm9ncmVzc2l2ZS5WSV9VU0VDQVNFX1BST0RVQ1RfVFlQRS4uQzMuNzIwLmRhc2hfaDI2NC1iYXNpYy1nZW4yXzcyMHAiLCJ4cHZfYXNzZXRfaWQiOjIxOTc0MDExMzc3NjgzMzUsImFzc2V0X2FnZV9kYXlzIjoxLCJ2aV91c2VjYXNlX2lkIjoxMDc5OSwiZHVyYXRpb25fcyI6NTMsInVybGdlbl9zb3VyY2UiOiJ3d3cifQ%3D%3D&ccb=17-1&vs=1ff9cdccfdad45a7&_nc_vs=HBksFQIYRWZiX2VwaGVtZXJhbC9DNTRCODg0RjQ0OUFFRTE0QTU5RjEyNjFFMUExNkU5NV9tdF8xX3ZpZGVvX2Rhc2hpbml0Lm1wNBUAAsgBEgAVAhhAZmJfcGVybWFuZW50L0Q5NDI4NEJDRDkzMTg0NDM5NUI3M0UyQzgyQUVCNTgwX2F1ZGlvX2Rhc2hpbml0Lm1wNBUCAsgBEgAoABgAGwKIB3VzZV9vaWwBMRJwcm9ncmVzc2l2ZV9yZWNpcGUBMRUAACaenvejyqHnBxUCKAJDMywXQEqVP3ztkWgYGWRhc2hfaDI2NC1iYXNpYy1nZW4yXzcyMHARAHUAZd6oAQA&_nc_gid=pjPmu-C8cuNgJJ9zjT2dOA&_nc_ss=7b289&_nc_zt=28&oh=00_Af-CV5pPU0pb9oRUbfE1hSFJNl3BcfB5pnh2ajk5uRkJkw&oe=6A385A10 | SD: https://video.fjai6-1.fna.fbcdn.net/o1/v/t2/f2/m412/AQOO8rN9_fw7r4Vzv4DW7dXtP5VGvo1n-nPMmo-RojoKeMyBnj_IYbZZk-HAZOztlPlhr2xOOlx5ubKW_F8vB82xxMTZ-ST8Mqv0_JbAMQ.mp4?_nc_cat=106&_nc_oc=Adri2wHd_84DuJbGSOTSh_qcai-s9unRMEIhkWfvQfCeZe2_QVxndJl3GxC-YnEXputs3N6sN-7kn1PgpUPCzptG&_nc_sid=ef5aa3&_nc_ht=video.fjai6-1.fna.fbcdn.net&_nc_ohc=m4SPdlXDn4YQ7kNvwFGr-Pb&efg=eyJ2ZW5jb2RlX3RhZyI6Inhwdl9wcm9ncmVzc2l2ZS5WSV9VU0VDQVNFX1BST0RVQ1RfVFlQRS4uQzMuMzYwLnN2ZV9zZCIsInhwdl9hc3NldF9pZCI6MjE5NzQwMTEzNzc2ODMzNSwiYXNzZXRfYWdlX2RheXMiOjEsInZpX3VzZWNhc2VfaWQiOjEwNzk5LCJkdXJhdGlvbl9zIjo1MywidXJsZ2VuX3NvdXJjZSI6Ind3dyJ9&ccb=17-1&_nc_gid=pjPmu-C8cuNgJJ9zjT2dOA&_nc_ss=7b289&_nc_zt=28&oh=00_Af8JW1ZU0y2XcgPtWU_CjwGZ7ixWy7H1mgZl8HOxE6v-_Q&oe=6A3851E8 | Preview: https://scontent.fjai6-1.fna.fbcdn.net/v/t39.35426-6/725588731_1314624007533298_6670779510504463906_n.jpg?_nc_cat=100&ccb=1-7&_nc_sid=c53f8f&_nc_ohc=VNl7sIbG_XgQ7kNvwFrxXt_&_nc_oc=AdorBO31aJcFDyYXX7n-sXNZEj7jNhgAG7cVqkVdv8TCf3egvHBTmfWvdhUqlX7BZ9OFIiMtvF8VPNtHDGFKHXYj&_nc_zt=14&_nc_ht=scontent.fjai6-1.fna&_nc_gid=pjPmu-C8cuNgJJ9zjT2dOA&_nc_ss=7b289&oh=00_Af9mwxHAnKIgmJ0a5pwrmlB-b9AZKv-PhTep8ebvLWCv9w&oe=6A38758E,,,,,,,
1009769821598227,https://www.facebook.com/61567613841560/,fb.me,https://www.facebook.com/61567613841560/,,,,,,,,,424311737439379,http://fb.me/,RA Realty,https://www.facebook.com/ads/library/?id=1009769821598227,"Looking for a place to call home near Lucknow?

Located on Sultanpur Road, this property offers luxury segment Apartments. Hurry up before you miss this opportunity.

⭐ Features :
✅ Pool
✅ Clubhouse 
✅ Open Green Parks 

⬇ Click ‘Get Quote’ to receive a free eBrochure with pricing and full details!",180,Get quote,fb.me,"FACEBOOK; INSTAGRAM; AUDIENCE_NETWORK",2026-06-15,2026-06-17,HD: https://video.fjai6-1.fna.fbcdn.net/o1/v/t2/f2/m366/AQOKJhc8PwSnlmUsndKiiXlykuGtRqtdMDJ_sO5lHpNbKvMxOcS9t-oeHAOZ2lQn1w274sGyipGUvCdTOvHhBbMBssxGWDh-wx8wy5rT7EaAqA.mp4?_nc_cat=108&_nc_oc=AdplhUzC-WBnDaCJ3fJq7GMKeu7c6I0kK0kKme8ux_RSj7iRecV4Aj5oePMLXeoLRoqk_ls-pv2XgHbP1oZRHiZt&_nc_sid=b66105&_nc_ht=video.fjai6-1.fna.fbcdn.net&_nc_ohc=qfrlkJANNM4Q7kNvwG-2zGA&efg=eyJ2ZW5jb2RlX3RhZyI6Inhwdl9wcm9ncmVzc2l2ZS5WSV9VU0VDQVNFX1BST0RVQ1RfVFlQRS4uQzMuNzIwLmRhc2hfaDI2NC1iYXNpYy1nZW4yXzcyMHAiLCJ4cHZfYXNzZXRfaWQiOjIxOTc0MDExMzc3NjgzMzUsImFzc2V0X2FnZV9kYXlzIjoxLCJ2aV91c2VjYXNlX2lkIjoxMDc5OSwiZHVyYXRpb25fcyI6NTMsInVybGdlbl9zb3VyY2UiOiJ3d3cifQ%3D%3D&ccb=17-1&vs=1ff9cdccfdad45a7&_nc_vs=HBksFQIYRWZiX2VwaGVtZXJhbC9DNTRCODg0RjQ0OUFFRTE0QTU5RjEyNjFFMUExNkU5NV9tdF8xX3ZpZGVvX2Rhc2hpbml0Lm1wNBUAAsgBEgAVAhhAZmJfcGVybWFuZW50L0Q5NDI4NEJDRDkzMTg0NDM5NUI3M0UyQzgyQUVCNTgwX2F1ZGlvX2Rhc2hpbml0Lm1wNBUCAsgBEgAoABgAGwKIB3VzZV9vaWwBMRJwcm9ncmVzc2l2ZV9yZWNpcGUBMRUAACaenvejyqHnBxUCKAJDMywXQEqVP3ztkWgYGWRhc2hfaDI2NC1iYXNpYy1nZW4yXzcyMHARAHUAZd6oAQA&_nc_gid=pjPmu-C8cuNgJJ9zjT2dOA&_nc_ss=7b289&_nc_zt=28&oh=00_Af-CV5pPU0pb9oRUbfE1hSFJNl3BcfB5pnh2ajk5uRkJkw&oe=6A385A10 | SD: https://video.fjai6-1.fna.fbcdn.net/o1/v/t2/f2/m412/AQOO8rN9_fw7r4Vzv4DW7dXtP5VGvo1n-nPMmo-RojoKeMyBnj_IYbZZk-HAZOztlPlhr2xOOlx5ubKW_F8vB82xxMTZ-ST8Mqv0_JbAMQ.mp4?_nc_cat=106&_nc_oc=Adri2wHd_84DuJbGSOTSh_qcai-s9unRMEIhkWfvQfCeZe2_QVxndJl3GxC-YnEXputs3N6sN-7kn1PgpUPCzptG&_nc_sid=ef5aa3&_nc_ht=video.fjai6-1.fna.fbcdn.net&_nc_ohc=m4SPdlXDn4YQ7kNvwFGr-Pb&efg=eyJ2ZW5jb2RlX3RhZyI6Inhwdl9wcm9ncmVzc2l2ZS5WSV9VU0VDQVNFX1BST0RVQ1RfVFlQRS4uQzMuMzYwLnN2ZV9zZCIsInhwdl9hc3NldF9pZCI6MjE5NzQwMTEzNzc2ODMzNSwiYXNzZXRfYWdlX2RheXMiOjEsInZpX3VzZWNhc2VfaWQiOjEwNzk5LCJkdXJhdGlvbl9zIjo1MywidXJsZ2VuX3NvdXJjZSI6Ind3dyJ9&ccb=17-1&_nc_gid=pjPmu-C8cuNgJJ9zjT2dOA&_nc_ss=7b289&_nc_zt=28&oh=00_Af8JW1ZU0y2XcgPtWU_CjwGZ7ixWy7H1mgZl8HOxE6v-_Q&oe=6A3851E8 | Preview: https://scontent.fjai6-1.fna.fbcdn.net/v/t39.35426-6/724306262_1276057217665593_3229541477559970974_n.jpg?_nc_cat=106&ccb=1-7&_nc_sid=c53f8f&_nc_ohc=rO2O0HFFix8Q7kNvwE87dhh&_nc_oc=Ado0iZQMDKeSRPrFCCDnt2qaSpPyGc8htWlrBTNZp6VpZfBuGUvISx59gkMI5wymK6kvhNM8j-LvYPkDju15_Z8g&_nc_zt=14&_nc_ht=scontent.fjai6-1.fna&_nc_gid=pjPmu-C8cuNgJJ9zjT2dOA&_nc_ss=7b289&oh=00_Af_IBpcwYHFZcxhMta37fRakGEO7hW-G6ZYiJAKtC0XFZQ&oe=6A387110,,,,,,,
1001431545587366,https://www.facebook.com/61573930979407/,fb.me,https://www.facebook.com/61573930979407/,,,,,,,,,621911507662376,http://fb.me/,Golden Investment,https://www.facebook.com/ads/library/?id=1001431545587366,"⚠️ Limited 115 Premium Plots Available

Dholera Smart City Airport Zone mein premium plots ab ₹12,000/Sq.Yard. se shuru.

✔ Near Tata Group 5-Star Hotel Development
✔ NA & NOC Approved
✔ 46+ Amenities

Aaj ki entry price kal available ho, zaroori nahi.

📲 Form fill karke Price List & Master Plan turant prapt karein.",108,See details,fb.me,"FACEBOOK; INSTAGRAM; AUDIENCE_NETWORK",2026-06-12,2026-06-14,,,"46 Amenities | Luxury Plot Life || Gujarat mein Plot | NRI Welcome || Ananta Vilasa — Plot Aaj, 3X Return Kal || Ananta Vilasa — Dholera Plots || 46 Amenities | Luxury Plot Life",http://fb.me/ || http://fb.me/ || http://fb.me/ || http://fb.me/ || http://fb.me/,fb.me || fb.me || fb.me || fb.me || fb.me,See Details || See Details || See Details || See Details || See Details,Original: https://scontent.fjai6-1.fna.fbcdn.net/v/t39.35426-6/720950322_831966139708481_657744387798081551_n.jpg?_nc_cat=100&ccb=1-7&_nc_sid=c53f8f&_nc_ohc=wGSCh6T9PJUQ7kNvwEGKKzs&_nc_oc=AdpS58qrs4U9oL6Pr6PU6p8F71zIp1aHv8Of4u4fD0jbGfhAue5txtsU6TxJHGgRijRXO-Od-KONZxtwLNd9u6Yt&_nc_zt=14&_nc_ht=scontent.fjai6-1.fna&_nc_gid=pjPmu-C8cuNgJJ9zjT2dOA&_nc_ss=7b289&oh=00_Af-neWlVnAtYYfIQyEnPgbH4hI6pakeWw02oU7Vl2o4uWQ&oe=6A386AB2 | Resized: https://scontent.fjai6-1.fna.fbcdn.net/v/t39.35426-6/719798453_910666164766920_8761824741174727170_n.jpg?stp=dst-jpg_s600x600_tt6&_nc_cat=105&ccb=1-7&_nc_sid=c53f8f&_nc_ohc=Ho9C_i79DJsQ7kNvwFWBLgu&_nc_oc=AdpuG1veF4Ir7zSSajQ6tEFisRPgJ3qMsTK_NCxdymH4h11twMO_B4gOG0g1cJtLa1mkE3epAb5iYQK9LlmzYHet&_nc_zt=14&_nc_ht=scontent.fjai6-1.fna&_nc_gid=pjPmu-C8cuNgJJ9zjT2dOA&_nc_ss=7b289&oh=00_Af-yp7OYm0nb78bwYCC_N-3xjSgY_aqmBUNUYMeK-jXNKw&oe=6A3845A7 || Original: https://scontent.fjai6-1.fna.fbcdn.net/v/t39.35426-6/720445549_4330865763897003_5237262366531875975_n.jpg?_nc_cat=101&ccb=1-7&_nc_sid=c53f8f&_nc_ohc=29Oq3dif6iMQ7kNvwHkqTAR&_nc_oc=AdoHT4kGOsQQbnaKVNcZzPG69GGWtiKbb7FtDgLUcOBJZiIW8ymzPlEIrnoWf3Y7sZPpvQDz0IfTswPlu6R3Qq40&_nc_zt=14&_nc_ht=scontent.fjai6-1.fna&_nc_gid=pjPmu-C8cuNgJJ9zjT2dOA&_nc_ss=7b289&oh=00_Af9mjxM4cZrb-8EjU2HDC2epSeyogEtocAkA2FIO8l8oAQ&oe=6A384167 | Resized: https://scontent.fjai6-1.fna.fbcdn.net/v/t39.35426-6/719051554_1006646352060920_9092998971545349012_n.jpg?stp=dst-jpg_s600x600_tt6&_nc_cat=100&ccb=1-7&_nc_sid=c53f8f&_nc_ohc=4fY3iwqlXy0Q7kNvwHMjbWU&_nc_oc=Adq-i53EYZPuLjCHxvf-lk6f6CO3JntSIqm_RHZs34atpzCVc3saLvB02FcLyF9Rb9YdV4gJ3hImSzdQtBQ_GrT6&_nc_zt=14&_nc_ht=scontent.fjai6-1.fna&_nc_gid=pjPmu-C8cuNgJJ9zjT2dOA&_nc_ss=7b289&oh=00_Af-EJOcHvitEM8GgYmY28HUFBPa9PFaKChgrb-RWrN0XlA&oe=6A38415B || Original: https://scontent.fjai6-1.fna.fbcdn.net/v/t39.35426-6/720065245_1388739439983192_1168094557151851487_n.jpg?_nc_cat=111&ccb=1-7&_nc_sid=c53f8f&_nc_ohc=t_fODYF_RzUQ7kNvwGJmQT_&_nc_oc=AdpdbQ8ABWYgXBiXEKyzfxSnus36RNB2ReSGJgtG-4faeYCfVUCq1mgpvkrdxcmSISZDEoUda1rmfJ9YhTyynBeG&_nc_zt=14&_nc_ht=scontent.fjai6-1.fna&_nc_gid=pjPmu-C8cuNgJJ9zjT2dOA&_nc_ss=7b289&oh=00_Af_l-6UuJCmS-ZuWyQV12-Ha9KsxmhSU-wZHP9WEp3SmYQ&oe=6A38628F | Resized: https://scontent.fjai6-1.fna.fbcdn.net/v/t39.35426-6/720228015_1018932281097347_6933388850880817713_n.jpg?stp=dst-jpg_s600x600_tt6&_nc_cat=106&ccb=1-7&_nc_sid=c53f8f&_nc_ohc=q8y2MASq4nsQ7kNvwFPS4-q&_nc_oc=Adq-7ORMNozxeOOALsswgPSHha6TLtZpo7fCe91Nt2nqN9-JZNcoL73HulNoo-sCKAHrlFdj9nwlzPGspLbfVG72&_nc_zt=14&_nc_ht=scontent.fjai6-1.fna&_nc_gid=pjPmu-C8cuNgJJ9zjT2dOA&_nc_ss=7b289&oh=00_Af8l-f5tD_6UoYPA8Qo4z8zxceTG1bBbog1gUbQ08McTrw&oe=6A386050 || Original: https://scontent.fjai6-1.fna.fbcdn.net/v/t39.35426-6/719585933_1299826122338796_1377173472847781192_n.jpg?_nc_cat=102&ccb=1-7&_nc_sid=c53f8f&_nc_ohc=kPjYXkyipI0Q7kNvwHBNpVz&_nc_oc=AdoqMJwWavJz28o3kZQGqr8R_eAi80P67XTk4h9S_TAr8xIPcCWCoTkIJdTHhCedFYhv9j3hBE_2D2nK3F4PvK4T&_nc_zt=14&_nc_ht=scontent.fjai6-1.fna&_nc_gid=pjPmu-C8cuNgJJ9zjT2dOA&_nc_ss=7b289&oh=00_Af-A39IVXWAa5gEDPatM3pTOsTzA-DRv5fJbstNNKnazcQ&oe=6A385BAB | Resized: https://scontent.fjai6-1.fna.fbcdn.net/v/t39.35426-6/718965403_3951601908479625_2465806676221129109_n.jpg?stp=dst-jpg_s600x600_tt6&_nc_cat=109&ccb=1-7&_nc_sid=c53f8f&_nc_ohc=tC8aRFMIM1wQ7kNvwHarXw0&_nc_oc=Ado5sZF8Jf6SV9rPgLSZklJd4JZROqO3X2slebZh0TjvLgTR7UuFisquazsoHp7inSztf8zDnc_uvb_PHtEq2_sP&_nc_zt=14&_nc_ht=scontent.fjai6-1.fna&_nc_gid=pjPmu-C8cuNgJJ9zjT2dOA&_nc_ss=7b289&oh=00_Af8u4_Wk_tVesKF4tnagfLlw5H7Bgq-Pob-Xfl1PhJXO-Q&oe=6A38610B || Original: https://scontent.fjai6-1.fna.fbcdn.net/v/t39.35426-6/719715851_1332824855614860_2685321144555415443_n.jpg?_nc_cat=106&ccb=1-7&_nc_sid=c53f8f&_nc_ohc=Vmo2SYGepPEQ7kNvwFfHZfg&_nc_oc=Adq59iRKUFyPapiivRqxa9jn8KQekSO28M96d0A3neT__tVbRzG_cu7qPLnMG2iIb8mQAHDgHbRKbTsA6YR7Cg8E&_nc_zt=14&_nc_ht=scontent.fjai6-1.fna&_nc_gid=pjPmu-C8cuNgJJ9zjT2dOA&_nc_ss=7b289&oh=00_Af_RkxcoxaJ_tj7oaoZvvXkJJGf3ELYdsBVVu6tj7f2xzA&oe=6A3854D3 | Resized: https://scontent.fjai6-1.fna.fbcdn.net/v/t39.35426-6/719970539_1713309083346487_2185235849797440945_n.jpg?stp=dst-jpg_s600x600_tt6&_nc_cat=103&ccb=1-7&_nc_sid=c53f8f&_nc_ohc=CqKqhaEC70QQ7kNvwFDniO8&_nc_oc=Ado8aUuy0yq1p70hwDL_uxZNOXAC79X39hVMIC0OSWZAmhy8jI0leYvQ4tK0nevMC225kZwzoEkMIcFIKmn3Jk97&_nc_zt=14&_nc_ht=scontent.fjai6-1.fna&_nc_gid=pjPmu-C8cuNgJJ9zjT2dOA&_nc_ss=7b289&oh=00_Af_PU02u3sK7lZGy7Bz4qxTxU-rP9S9PaJBf_jEBHf04iw&oe=6A386BA3,
1038693038513813,https://www.facebook.com/61589272353049/,fb.me,https://www.facebook.com/61589272353049/,,,,mschouhan24@gmail.com,+91 72220 08203,,,,1131000790090829,http://fb.me/,The Golden Estate Dholera,https://www.facebook.com/ads/library/?id=1038693038513813,"Imagine waking up in your own luxury villa, surrounded by green landscapes, a world-class clubhouse, and 46+ premium amenities. ✨

Welcome to Ananta Vilasa, Dholera—where luxury meets India’s most advanced infrastructure. Designed by renowned Architect Devansh Patel, this gated community offers the perfect blend of modern living and peaceful surroundings.

🏊‍♂️ Resort-Style Living Every Day:
• Refreshing Swimming Pool & Jacuzzi 🌊
• Yoga Deck, Jogging Track & Outdoor Gym 🧘‍♂️
• Theater, Disco Lounge & Café Corner for weekends ☕
• 24/7 High-Security Gated Community 🛡️

Whether you want to build a weekend villa or secure a high-growth asset for your family, Ananta Vilasa is the ultimate choice.

📈 Plots are selling fast. Secure your piece of Dholera today at just ₹12,000 per Sq. Yard.

👇 Tap 'Book Now' to schedule a free site visit or talk to our property experts.",49,See details,fb.me,"FACEBOOK; INSTAGRAM; AUDIENCE_NETWORK",2026-06-12,2026-06-13,,,"Near Dholera International Airport ✈️ || 46+ World-Class Amenities: Luxury Clubhouse, Swimming Pool, Spa, Tennis Court & Co-working Space. || Gated Community by Golden Dream Infratech. || 46+ World-Class Amenities: Luxury Clubhouse, Swimming Pool, Spa, Tennis Court & Co-working Space. || Resort-Style Living Every Day: • Refreshing Swimming Pool & Jacuzzi 🌊 • Yoga Deck, Jogging Track & Outdoor Gym 🧘‍♂️ • Theater, Disco Lounge & Café Corner for weekends ☕ • 24/7 High-Security Gated Community 🛡️ || Build Your Dream Villa in Dholera",http://fb.me/ || http://fb.me/ || http://fb.me/ || http://fb.me/ || http://fb.me/ || http://fb.me/,fb.me || fb.me || fb.me || fb.me || fb.me || fb.me,Learn More || Learn More || Learn More || Learn More || Learn More || Learn More,Original: https://scontent.fjai6-1.fna.fbcdn.net/v/t39.35426-6/723209125_949409540891950_4316654006562863420_n.jpg?_nc_cat=105&ccb=1-7&_nc_sid=c53f8f&_nc_ohc=t_Pj8cUmKZQQ7kNvwH_iujZ&_nc_oc=AdoA-2tjz2c9hYKhvIToIerY8oiYvEfzcEJw2KC2KOMEsAXMwCa7_cpVq3-OmzCY6m1F4174NoxmPpN2LO3XNtqt&_nc_zt=14&_nc_ht=scontent.fjai6-1.fna&_nc_gid=HAQyy-nI1JFKwMuIYy4tDw&_nc_ss=7b289&oh=00_Af9t3xwPvG87Zz4NfJdWohARsK8aDH2QiASjKVs4Ks7Bhg&oe=6A3861B3 | Resized: https://scontent.fjai6-1.fna.fbcdn.net/v/t39.35426-6/723042561_1287596030199849_2668285483178138678_n.jpg?stp=dst-jpg_s600x600_tt6&_nc_cat=102&ccb=1-7&_nc_sid=c53f8f&_nc_ohc=xX9oLxEwnmsQ7kNvwGT7Oyz&_nc_oc=AdqMw4SkLCIok3DkvWTzhiDEzLgZhsGYDwGGYxUxX1xqH_d0YLINzfMBFgAXh41Gj97A-7dJq5sFlkuk0Q7INK3o&_nc_zt=14&_nc_ht=scontent.fjai6-1.fna&_nc_gid=HAQyy-nI1JFKwMuIYy4tDw&_nc_ss=7b289&oh=00_Af8jaegYnCKtaV9BM7ijC7vjY8djZw3feFHwpBAQXA4eiQ&oe=6A386F80 || Original: https://scontent.fjai6-1.fna.fbcdn.net/v/t39.35426-6/720972519_1652019019362570_4123012083999643515_n.jpg?_nc_cat=110&ccb=1-7&_nc_sid=c53f8f&_nc_ohc=itxWKkBglckQ7kNvwEaKI4r&_nc_oc=Adosx3wA45WM8JtPo_3lzFKT1Z3KlEpDsc3Jkevnevu68VTZHMPgBA2iBqLX9gdDzbLJR9upeDnUGsy8w9C4muB4&_nc_zt=14&_nc_ht=scontent.fjai6-1.fna&_nc_gid=HAQyy-nI1JFKwMuIYy4tDw&_nc_ss=7b289&oh=00_Af-TcSXWmVE5UmMRBu6UH3-bsSVzhD6nY__FWsmoqjIZYA&oe=6A386EFE | Resized: https://scontent.fjai6-1.fna.fbcdn.net/v/t39.35426-6/722147766_989585687327704_6014038340494955443_n.jpg?stp=dst-jpg_s600x600_tt6&_nc_cat=109&ccb=1-7&_nc_sid=c53f8f&_nc_ohc=789EATXlI5IQ7kNvwGW2Q1p&_nc_oc=AdrL7EjC4GoJyOIqE9ubcoukkhYkw-WYhmU_f94MdmHoMfaKyHU7-G4NC8aPzDmnrbKTNcDz77nmVEhQm3zY4tt5&_nc_zt=14&_nc_ht=scontent.fjai6-1.fna&_nc_gid=HAQyy-nI1JFKwMuIYy4tDw&_nc_ss=7b289&oh=00_Af8Ek40hpAREHchL0JEBtwimTm3L8kgcY7vWiZQImvGWFA&oe=6A384D6E || Original: https://scontent.fjai6-1.fna.fbcdn.net/v/t39.35426-6/722521111_1811977400186613_7449508853145941588_n.jpg?_nc_cat=105&ccb=1-7&_nc_sid=c53f8f&_nc_ohc=GEfmDhQ-GxAQ7kNvwHGMEBP&_nc_oc=Ado1osNKoJ3zwWAqpDrFgQ1RexI_4MwoSLe7GKhV0MY_s-NP3RTtFvYrzOkF24hW1mWWiVyB4TKP61jYqivjraB9&_nc_zt=14&_nc_ht=scontent.fjai6-1.fna&_nc_gid=HAQyy-nI1JFKwMuIYy4tDw&_nc_ss=7b289&oh=00_Af9V7uh2NLbZlYtqPu8RRECsUsjrLN1cOAPd-Qpcw1g1aA&oe=6A3872C8 | Resized: https://scontent.fjai6-1.fna.fbcdn.net/v/t39.35426-6/722986672_1524751029150095_3787393812823392084_n.jpg?stp=dst-jpg_s600x600_tt6&_nc_cat=100&ccb=1-7&_nc_sid=c53f8f&_nc_ohc=vcnKUic0W3QQ7kNvwFaac_4&_nc_oc=Adr7QHb-OtLW-brwb53RYDj_rQp22sQ_w9Yx8hl5zQbQQxIM9_KBkycYP057k83MKl0-vEOIYz8_golwUq2D-IXJ&_nc_zt=14&_nc_ht=scontent.fjai6-1.fna&_nc_gid=HAQyy-nI1JFKwMuIYy4tDw&_nc_ss=7b289&oh=00_Af8IBOw7VKsn6dWrVgRtgZF-AR5NXjLRdWh8dMOt9hV8Qg&oe=6A3851B7 || Original: https://scontent.fjai6-1.fna.fbcdn.net/v/t39.35426-6/724092617_1334743468587035_2374084146467076994_n.jpg?_nc_cat=103&ccb=1-7&_nc_sid=c53f8f&_nc_ohc=XmX7f6t62gcQ7kNvwEzS-gp&_nc_oc=Adooj53HlZl88g7L071xUhWyWfQOTV1k3FNJAAkCQ6CjINN9Cm-rb7V0OfZzNEhXmx9ZqqYbij-RtFInguM_GG0s&_nc_zt=14&_nc_ht=scontent.fjai6-1.fna&_nc_gid=HAQyy-nI1JFKwMuIYy4tDw&_nc_ss=7b289&oh=00_Af9xIPDZpr98W1HqiJaJy6tzbaIAsutGWEx-VBJyMRFMNQ&oe=6A384E46 | Resized: https://scontent.fjai6-1.fna.fbcdn.net/v/t39.35426-6/722268440_1580342310505981_5578112644566570912_n.jpg?stp=dst-jpg_s600x600_tt6&_nc_cat=102&ccb=1-7&_nc_sid=c53f8f&_nc_ohc=yzfAxciT4FcQ7kNvwEZw5tx&_nc_oc=AdqCJsO1JX0J-m-d8-S2h_S2YUNPFH9-I-o3gJE6UVm8ySaOn7US53Fipjw_3Rb0PClvbUTp67DwaB4QfbqEShuK&_nc_zt=14&_nc_ht=scontent.fjai6-1.fna&_nc_gid=HAQyy-nI1JFKwMuIYy4tDw&_nc_ss=7b289&oh=00_Af_Eq7rorUAuhQnu9-nCYtN3MEeTPLxZ-eDG3v9mxFeg7w&oe=6A38566B || Original: https://scontent.fjai6-1.fna.fbcdn.net/v/t39.35426-6/722755268_1028690243051720_8398480177961367193_n.jpg?_nc_cat=106&ccb=1-7&_nc_sid=c53f8f&_nc_ohc=-a2rwPnY7DoQ7kNvwFSKYop&_nc_oc=Adp6cyWAS7dNqO64bfWCb8zFDdn9rDVVdcA0lfM_MMlM5KGHsMgKo6cLUbk_bgMIz3KRLwnMZw7TNURIlsLTRgvd&_nc_zt=14&_nc_ht=scontent.fjai6-1.fna&_nc_gid=HAQyy-nI1JFKwMuIYy4tDw&_nc_ss=7b289&oh=00_Af_q3BIRdLiVAkjUv0x0leAv4Ag7BPRxhgOmBy8JAlF8Xg&oe=6A387786 | Resized: https://scontent.fjai6-1.fna.fbcdn.net/v/t39.35426-6/722384710_1520862022878001_4588013653905589780_n.jpg?stp=dst-jpg_s600x600_tt6&_nc_cat=109&ccb=1-7&_nc_sid=c53f8f&_nc_ohc=ZRNWKlmO8qUQ7kNvwGWO_cr&_nc_oc=AdrANkRRtmC6SYXkmpxLmVzfxi5CzRO_QbMoG6PA1xrl_u2odzBv6s2pofxmBAfnVbfx58x1pM_H2-U56lBAbpY0&_nc_zt=14&_nc_ht=scontent.fjai6-1.fna&_nc_gid=HAQyy-nI1JFKwMuIYy4tDw&_nc_ss=7b289&oh=00_Af8lMlhAIzf0A6o4wAR-D6HVRQUulw0zdLg3gJDC1gkSrA&oe=6A384F2D || Original: https://scontent.fjai6-1.fna.fbcdn.net/v/t39.35426-6/724148301_2207493620080517_1039651773701111688_n.jpg?_nc_cat=101&ccb=1-7&_nc_sid=c53f8f&_nc_ohc=BSAB4oQXlZwQ7kNvwGY8oLB&_nc_oc=AdrFK3ZboQHMmW4axR3bhV-C2pGd4hjsn3nTZD9b7N5kCRhurHElOyNEBoiTTUFXk2LeZtTyVSBGQ3eykLy6wvHk&_nc_zt=14&_nc_ht=scontent.fjai6-1.fna&_nc_gid=HAQyy-nI1JFKwMuIYy4tDw&_nc_ss=7b289&oh=00_Af976c94DOWzFiQ_QinmnjECy1wQ6J6yqcx3nqA360__WQ&oe=6A38710B | Resized: https://scontent.fjai6-1.fna.fbcdn.net/v/t39.35426-6/721881114_1550918986383903_5496841373502667724_n.jpg?stp=dst-jpg_s600x600_tt6&_nc_cat=107&ccb=1-7&_nc_sid=c53f8f&_nc_ohc=ScjhNKbI3iwQ7kNvwE-rwr7&_nc_oc=AdoNxUxB72P5zKBYpbvMNjjAzwy6xOhhq96A95FfDzATL_Ay-74NG94eERHjJw-8WurDbMPIFEU1as32g3p-9QIM&_nc_zt=14&_nc_ht=scontent.fjai6-1.fna&_nc_gid=HAQyy-nI1JFKwMuIYy4tDw&_nc_ss=7b289&oh=00_Af8DJHMNLk3MwBvmuEWE9KIE8HXoQSPl76IhF-qPwN4Dvg&oe=6A384DDB,